timestamp,is_bot,loc_x,loc_y,loc_z,s_x,s_y,s_z,d_a,d_p,d_e,tar
0,0.0,-1136.947266,-668.739868,191.277023,0.9707323967,-0.1954137508,0.1396140395,,,,
1,0.0,-1136.947266,-668.739868,191.277023,0.9707323967,-0.1954137508,0.1396140395,,,,
2,0.0,-1136.947266,-668.739868,191.277023,0.9707323967,-0.1954137508,0.1396140395,,,,
3,0.0,-1136.947266,-668.739868,191.277023,0.9707323967,-0.1954137508,0.1396140395,,,,
4,0.0,-1136.947266,-668.739868,191.277023,0.9707323967,-0.1954137508,0.1396140395,,,,
5,0.0,-1136.947266,-668.739868,191.277023,0.9707323967,-0.1954137508,0.1396140395,,,,
6,0.0,-1136.947266,-668.739868,191.277023,0.9707323967,-0.1954137508,0.1396140395,,,,
7,0.0,-1136.947266,-668.739868,191.277023,0.9707323967,-0.1954137508,0.1396140395,,,,
8,0.0,-1136.947266,-668.739868,191.277023,0.9707323967,-0.1954137508,0.1396140395,,,,
9,0.0,-1136.947266,-668.739868,191.277023,0.9707323967,-0.1954137508,0.1396140395,,,,
10,0.0,-1136.947266,-668.739868,191.277023,0.9707323967,-0.1954137508,0.1396140395,,,,
11,0.0,-1136.947266,-668.739868,191.277023,0.9707323967,-0.1954137508,0.1396140395,,,,
12,0.0,-1136.947266,-668.739868,191.277023,0.9707323967,-0.1954137508,0.1396140395,,,,
13,0.0,-1136.947266,-668.739868,191.277023,0.9707323967,-0.1954137508,0.1396140395,,,,
14,0.0,-1136.947266,-668.739868,191.277023,0.9707323967,-0.1954137508,0.1396140395,,,,
15,0.0,-1136.947266,-668.739868,191.277023,0.9707323967,-0.1954137508,0.1396140395,,,,
16,0.0,-1136.947266,-668.739868,191.277023,0.9707323967,-0.1954137508,0.1396140395,,,,
17,0.0,-1136.947266,-668.739868,191.277023,0.9707323967,-0.1954137508,0.1396140395,,,,
18,0.0,-1136.947266,-668.739868,191.277023,0.9707323967,-0.1954137508,0.1396140395,,,,
19,0.0,-1136.947266,-668.739868,191.277023,0.9707323967,-0.1954137508,0.1396140395,,,,
20,0.0,-1136.947266,-668.739868,191.277023,0.9707323967,-0.1954137508,0.1396140395,,,,
21,0.0,-1136.947266,-668.739868,191.277023,0.9707323967,-0.1954137508,0.1396140395,,,,
22,0.0,-1136.947266,-668.739868,191.277023,0.9707323967,-0.1954137508,0.1396140395,,,,
23,0.0,-1136.947266,-668.739868,191.277023,0.9707323967,-0.1954137508,0.1396140395,,,,
24,0.0,-1136.947266,-668.739868,191.277023,0.9707323967,-0.1954137508,0.1396140395,,,,
25,0.0,-1136.947266,-668.739868,191.277023,0.9707323967,-0.1954137508,0.1396140395,,,,
26,0.0,-1136.947266,-668.739868,191.277023,0.9707323967,-0.1954137508,0.1396140395,,,,
27,0.0,-1136.947266,-668.739868,191.277023,0.9707323967,-0.1954137508,0.1396140395,,,,
28,0.0,-1136.947266,-668.739868,191.277023,0.9707323967,-0.1954137508,0.1396140395,,,,
29,0.0,-1136.947266,-668.739868,191.277023,0.9707323967,-0.1954137508,0.1396140395,,,,
30,0.0,-1136.947266,-668.739868,191.277023,0.9707323967,-0.1954137508,0.1396140395,,,,
31,0.0,-1136.947266,-668.739868,191.277023,0.9707323967,-0.1954137508,0.1396140395,,,,
32,0.0,-1136.947266,-668.739868,191.277023,0.9707323967,-0.1954137508,0.1396140395,,,,
33,0.0,-1136.947266,-668.739868,191.277023,0.9707323967,-0.1954137508,0.1396140395,,,,
34,0.0,-1136.947266,-668.739868,191.277023,0.9707323967,-0.1954137508,0.1396140395,,,,
35,0.0,-1136.947266,-668.739868,191.277023,0.9707323967,-0.1954137508,0.1396140395,,,,
36,0.0,-1136.947266,-668.739868,191.277023,0.9707323967,-0.1954137508,0.1396140395,,,,
37,0.0,-1136.947266,-668.739868,191.277023,0.9707323967,-0.1954137508,0.1396140395,,,,
38,0.0,-1136.947266,-668.739868,191.277023,0.9707323967,-0.1954137508,0.1396140395,,,,
39,0.0,-1136.947266,-668.739868,191.277023,0.9707323967,-0.1954137508,0.1396140395,,,,
40,0.0,-1136.947266,-668.739868,191.277023,0.9707323967,-0.1954137508,0.1396140395,,,,
41,0.0,-1136.947266,-668.739868,191.277023,0.9707323967,-0.1954137508,0.1396140395,,,,
42,0.0,-1136.947266,-668.739868,191.277023,0.9707323967,-0.1954137508,0.1396140395,,,,
43,0.0,-1136.947266,-668.739868,191.277023,0.9707323967,-0.1954137508,0.1396140395,,,,
44,0.0,-1136.947266,-668.739868,191.277023,0.9707323967,-0.1954137508,0.1396140395,,,,
45,0.0,-1136.947266,-668.739868,191.277023,0.9707323967,-0.1954137508,0.1396140395,,,,
46,0.0,-1136.947266,-668.739868,191.277023,0.9707323967,-0.1954137508,0.1396140395,,,,
47,0.0,-1136.947266,-668.739868,191.277023,0.9707323967,-0.1954137508,0.1396140395,,,,
48,0.0,-1136.947266,-668.739868,191.277023,0.9707323967,-0.1954137508,0.1396140395,,,,
49,0.0,-1136.947266,-668.739868,191.277023,0.9707323967,-0.1954137508,0.1396140395,,,,
50,0.0,-1136.947266,-668.739868,191.277023,0.9707323967,-0.1954137508,0.1396140395,,,,
51,0.0,-1136.947266,-668.739868,191.277023,0.9707323967,-0.1954137508,0.1396140395,,,,
52,0.0,-1136.947266,-668.739868,191.277023,0.9707323967,-0.1954137508,0.1396140395,,,,
53,0.0,-1136.947266,-668.739868,191.277023,0.9707323967,-0.1954137508,0.1396140395,,,,
54,0.0,-1136.947266,-668.739868,191.277023,0.9707323967,-0.1954137508,0.1396140395,,,,
55,0.0,-1136.947266,-668.739868,191.277023,0.9707323967,-0.1954137508,0.1396140395,,,,
56,0.0,-1136.947266,-668.739868,191.277023,0.9707323967,-0.1954137508,0.1396140395,,,,
57,0.0,-1136.947266,-668.739868,191.277023,0.9707323967,-0.1954137508,0.1396140395,,,,
58,0.0,-1136.947266,-668.739868,191.277023,0.9707323967,-0.1954137508,0.1396140395,,,,
59,0.0,-1136.947266,-668.739868,191.277023,0.9707323967,-0.1954137508,0.1396140395,,,,
60,0.0,-1136.947266,-668.739868,191.277023,0.9707323967,-0.1954137508,0.1396140395,,,,
61,0.0,-1136.947266,-668.739868,191.277023,0.9707323967,-0.1954137508,0.1396140395,,,,
62,0.0,-1136.947266,-668.739868,191.277023,0.9707323967,-0.1954137508,0.1396140395,,,,
63,0.0,-1136.947266,-668.739868,191.277023,0.9707323967,-0.1954137508,0.1396140395,,,,
64,0.0,-1136.947266,-668.739868,191.277023,0.9707323967,-0.1954137508,0.1396140395,,,,
65,0.0,-1136.947266,-668.739868,191.277023,0.9707323967,-0.1954137508,0.1396140395,,,,
66,0.0,-1136.947266,-668.739868,191.277023,0.9707323967,-0.1954137508,0.1396140395,,,,
67,0.0,-1136.947266,-668.739868,191.277023,0.9707323967,-0.1954137508,0.1396140395,,,,
68,0.0,-1136.947266,-668.739868,191.277023,0.9707323967,-0.1954137508,0.1396140395,,,,
69,0.0,-1136.947266,-668.739868,191.277023,0.9707323967,-0.1954137508,0.1396140395,,,,
70,0.0,-1136.947266,-668.739868,191.277023,0.9707323967,-0.1954137508,0.1396140395,,,,
71,0.0,-1136.947266,-668.739868,191.277023,0.9707323967,-0.1954137508,0.1396140395,,,,
72,0.0,-1136.947266,-668.739868,191.277023,0.9707323967,-0.1954137508,0.1396140395,,,,
73,0.0,-1136.947266,-668.739868,191.277023,0.9707323967,-0.1954137508,0.1396140395,,,,
74,0.0,-1136.947266,-668.739868,191.277023,0.9707323967,-0.1954137508,0.1396140395,,,,
75,0.0,-1136.947266,-668.739868,191.277023,0.9707323967,-0.1954137508,0.1396140395,,,,
76,0.0,-1136.947266,-668.739868,191.277023,0.9707323967,-0.1954137508,0.1396140395,,,,
77,0.0,-1136.947266,-668.739868,191.277023,0.9707323967,-0.1954137508,0.1396140395,,,,
78,0.0,-1136.947266,-668.739868,191.277023,0.9707323967,-0.1954137508,0.1396140395,,,,
79,0.0,-1136.947266,-668.739868,191.277023,0.9707323967,-0.1954137508,0.1396140395,,,,
80,0.0,-1136.947266,-668.739868,191.277023,0.9707323967,-0.1954137508,0.1396140395,,,,
81,0.0,-1136.947266,-668.739868,191.277023,0.9707323967,-0.1954137508,0.1396140395,,,,
82,0.0,-1136.947266,-668.739868,191.277023,0.9707323967,-0.1954137508,0.1396140395,,,,
83,0.0,-1136.947266,-668.739868,191.277023,0.9707323967,-0.1954137508,0.1396140395,,,,
84,0.0,-1136.947266,-668.739868,191.277023,0.9707323967,-0.1954137508,0.1396140395,,,,
85,0.0,-1136.947266,-668.739868,191.277023,0.9707323967,-0.1954137508,0.1396140395,,,,
86,0.0,-1136.947266,-668.739868,191.277023,0.9707323967,-0.1954137508,0.1396140395,,,,
87,0.0,-1136.947266,-668.739868,191.277023,0.9707323967,-0.1954137508,0.1396140395,,,,
88,0.0,-1136.947266,-668.739868,191.277023,0.9707323967,-0.1954137508,0.1396140395,,,,
89,0.0,-1136.947266,-668.739868,191.277023,0.9707323967,-0.1954137508,0.1396140395,,,,
90,0.0,-1136.947266,-668.739868,191.277023,0.9707323967,-0.1954137508,0.1396140395,,,,
91,0.0,-1136.947266,-668.739868,191.277023,0.9707323967,-0.1954137508,0.1396140395,,,,
92,0.0,-1136.947266,-668.739868,191.277023,0.9707323967,-0.1954137508,0.1396140395,,,,
93,0.0,-1136.947266,-668.739868,191.277023,0.9707323967,-0.1954137508,0.1396140395,,,,
94,0.0,-1136.947266,-668.739868,191.277023,0.9707323967,-0.1954137508,0.1396140395,,,,
95,0.0,-1136.947266,-668.739868,191.277023,0.9707323967,-0.1954137508,0.1396140395,,,,
96,0.0,-1136.947266,-668.739868,191.277023,0.9707323967,-0.1954137508,0.1396140395,,,,
97,0.0,-1136.947266,-668.739868,191.277023,0.9707323967,-0.1954137508,0.1396140395,,,,
98,0.0,-1136.947266,-668.739868,191.277023,0.9707323967,-0.1954137508,0.1396140395,,,,
99,0.0,-1136.947266,-668.739868,191.277023,0.9707323967,-0.1954137508,0.1396140395,,,,
100,0.0,-1136.947266,-668.739868,191.277023,0.9707323967,-0.1954137508,0.1396140395,,,,
101,0.0,-1136.947266,-668.739868,191.277023,0.9707323967,-0.1954137508,0.1396140395,,,,
102,0.0,-1136.947266,-668.739868,191.277023,0.9707323967,-0.1954137508,0.1396140395,,,,
103,0.0,-1136.947266,-668.739868,191.277023,0.9707323967,-0.1954137508,0.1396140395,,,,
104,0.0,-1136.947266,-668.739868,191.277023,0.9707323967,-0.1954137508,0.1396140395,,,,
105,0.0,-1136.947266,-668.739868,191.277023,0.9707323967,-0.1954137508,0.1396140395,,,,
106,0.0,-1136.947266,-668.739868,191.277023,0.9707323967,-0.1954137508,0.1396140395,,,,
107,0.0,-1136.947266,-668.739868,191.277023,0.9707323967,-0.1954137508,0.1396140395,,,,
108,0.0,-1136.947266,-668.739868,191.277023,0.9707323967,-0.1954137508,0.1396140395,,,,
109,0.0,-1136.947266,-668.739868,191.277023,0.9707323967,-0.1954137508,0.1396140395,,,,
110,0.0,-1136.947266,-668.739868,191.277023,0.9707323967,-0.1954137508,0.1396140395,,,,
111,0.0,-1136.947266,-668.739868,191.277023,0.9707323967,-0.1954137508,0.1396140395,,,,
112,0.0,-1136.947266,-668.739868,191.277023,0.9707323967,-0.1954137508,0.1396140395,,,,
113,0.0,-1136.947266,-668.739868,191.277023,0.9707323967,-0.1954137508,0.1396140395,,,,
114,0.0,-1136.947266,-668.739868,191.277023,0.9707323967,-0.1954137508,0.1396140395,,,,
115,0.0,-1136.947266,-668.739868,191.277023,0.9707323967,-0.1954137508,0.1396140395,,,,
116,0.0,-1136.947266,-668.739868,191.277023,0.9707323967,-0.1954137508,0.1396140395,,,,
117,0.0,-1136.947266,-668.739868,191.277023,0.9707323967,-0.1954137508,0.1396140395,,,,
118,0.0,-1136.947266,-668.739868,191.277023,0.9707323967,-0.1954137508,0.1396140395,,,,
119,0.0,-1136.947266,-668.739868,191.277023,0.9707323967,-0.1954137508,0.1396140395,,,,
120,0.0,-1136.947266,-668.739868,191.277023,0.9707323967,-0.1954137508,0.1396140395,,,,
121,0.0,-1136.947266,-668.739868,191.277023,0.9707323967,-0.1954137508,0.1396140395,,,,
122,0.0,-1136.947266,-668.739868,191.277023,0.9707323967,-0.1954137508,0.1396140395,,,,
123,0.0,-1136.947266,-668.739868,191.277023,0.9707323967,-0.1954137508,0.1396140395,,,,
124,0.0,-1136.947266,-668.739868,191.277023,0.9707323967,-0.1954137508,0.1396140395,,,,
125,0.0,-1136.947266,-668.739868,191.277023,0.9707323967,-0.1954137508,0.1396140395,,,,
126,0.0,-1136.947266,-668.739868,191.277023,0.9707323967,-0.1954137508,0.1396140395,,,,
127,0.0,-1136.947266,-668.739868,191.277023,0.9707323967,-0.1954137508,0.1396140395,,,,
128,0.0,-1136.947266,-668.739868,191.277023,0.9707323967,-0.1954137508,0.1396140395,,,,
129,0.0,-1136.947266,-668.739868,191.277023,0.9707323967,-0.1954137508,0.1396140395,,,,
130,0.0,-1136.947266,-668.739868,191.277023,0.9707323967,-0.1954137508,0.1396140395,,,,
131,0.0,-1136.947266,-668.739868,191.277023,0.9707323967,-0.1954137508,0.1396140395,,,,
132,0.0,-1136.947266,-668.739868,191.277023,0.9707323967,-0.1954137508,0.1396140395,,,,
133,0.0,-1136.947266,-668.739868,191.277023,0.9707323967,-0.1954137508,0.1396140395,,,,
134,0.0,-1136.947266,-668.739868,191.277023,0.9707323967,-0.1954137508,0.1396140395,,,,
135,0.0,-1136.947266,-668.739868,191.277023,0.9707323967,-0.1954137508,0.1396140395,,,,
136,0.0,-1136.947266,-668.739868,191.277023,0.9707323967,-0.1954137508,0.1396140395,,,,
137,0.0,-1136.947266,-668.739868,191.277023,0.9707323967,-0.1954137508,0.1396140395,,,,
138,0.0,-1136.947266,-668.739868,191.277023,0.9707323967,-0.1954137508,0.1396140395,,,,
139,0.0,-1136.947266,-668.739868,191.277023,0.9707323967,-0.1954137508,0.1396140395,,,,
140,0.0,-1136.947266,-668.739868,191.277023,0.9707323967,-0.1954137508,0.1396140395,,,,
141,0.0,-1136.947266,-668.739868,191.277023,0.9707323967,-0.1954137508,0.1396140395,,,,
142,0.0,-1136.947266,-668.739868,191.277023,0.9707323967,-0.1954137508,0.1396140395,,,,
143,0.0,-1136.947266,-668.739868,191.277023,0.9707323967,-0.1954137508,0.1396140395,,,,
144,0.0,-1136.947266,-668.739868,191.277023,0.9707323967,-0.1954137508,0.1396140395,,,,
145,0.0,-1136.947266,-668.739868,191.277023,0.9707323967,-0.1954137508,0.1396140395,,,,
146,0.0,-1136.947266,-668.739868,191.277023,0.9707323967,-0.1954137508,0.1396140395,,,,
147,0.0,-1136.947266,-668.739868,191.277023,0.9707323967,-0.1954137508,0.1396140395,,,,
148,0.0,-1136.947266,-668.739868,191.277023,0.9707323967,-0.1954137508,0.1396140395,,,,
149,0.0,-1136.947266,-668.739868,191.277023,0.9707323967,-0.1954137508,0.1396140395,,,,
150,0.0,-1136.947266,-668.739868,191.277023,0.9707323967,-0.1954137508,0.1396140395,,,,
151,0.0,-1136.947266,-668.739868,191.277023,0.9707323967,-0.1954137508,0.1396140395,,,,
152,0.0,-1136.947266,-668.739868,191.277023,0.9707323967,-0.1954137508,0.1396140395,,,,
153,0.0,-1136.947266,-668.739868,191.277023,0.9707323967,-0.1954137508,0.1396140395,,,,
154,0.0,-1136.947266,-668.739868,191.277023,0.9707323967,-0.1954137508,0.1396140395,,,,
155,0.0,-1136.947266,-668.739868,191.277023,0.9707323967,-0.1954137508,0.1396140395,,,,
156,0.0,-1136.947266,-668.739868,191.277023,0.9707323967,-0.1954137508,0.1396140395,,,,
157,0.0,-1136.947266,-668.739868,191.277023,0.9707323967,-0.1954137508,0.1396140395,,,,
158,0.0,-1136.947266,-668.739868,191.277023,0.9707323967,-0.1954137508,0.1396140395,,,,
159,0.0,-1136.947266,-668.739868,191.277023,0.9707323967,-0.1954137508,0.1396140395,,,,
160,0.0,-1136.947266,-668.739868,191.277023,0.9707323967,-0.1954137508,0.1396140395,,,,
161,0.0,-1136.947266,-668.739868,191.277023,0.9707323967,-0.1954137508,0.1396140395,,,,
162,0.0,-1136.947266,-668.739868,191.277023,0.9707323967,-0.1954137508,0.1396140395,,,,
163,0.0,-1136.947266,-668.739868,191.277023,0.9707323967,-0.1954137508,0.1396140395,,,,
164,0.0,-1136.947266,-668.739868,191.277023,0.9707323967,-0.1954137508,0.1396140395,,,,
165,0.0,-1136.947266,-668.739868,191.277023,0.9707323967,-0.1954137508,0.1396140395,,,,
166,0.0,-1136.947266,-668.739868,191.277023,0.9707323967,-0.1954137508,0.1396140395,,,,
167,0.0,-1136.947266,-668.739868,191.277023,0.9707323967,-0.1954137508,0.1396140395,,,,
168,0.0,-1136.947266,-668.739868,191.277023,0.9707323967,-0.1954137508,0.1396140395,,,,
169,0.0,-1136.947266,-668.739868,191.277023,0.9707323967,-0.1954137508,0.1396140395,,,,
170,0.0,-1136.947266,-668.739868,191.277023,0.9707323967,-0.1954137508,0.1396140395,,,,
171,0.0,-1136.947266,-668.739868,191.277023,0.9707323967,-0.1954137508,0.1396140395,,,,
172,0.0,-1136.947266,-668.739868,191.277023,0.9707323967,-0.1954137508,0.1396140395,,,,
173,0.0,-1136.947266,-668.739868,191.277023,0.9707323967,-0.1954137508,0.1396140395,,,,
174,0.0,-1136.947266,-668.739868,191.277023,0.9707323967,-0.1954137508,0.1396140395,,,,
175,0.0,-1136.947266,-668.739868,191.277023,0.9707323967,-0.1954137508,0.1396140395,,,,
176,0.0,-1136.947266,-668.739868,191.277023,0.9707323967,-0.1954137508,0.1396140395,,,,
177,0.0,-1136.947266,-668.739868,191.277023,0.9707323967,-0.1954137508,0.1396140395,,,,
178,0.0,-1136.947266,-668.739868,191.277023,0.9707323967,-0.1954137508,0.1396140395,,,,
179,0.0,-1136.947266,-668.739868,191.277023,0.9707323967,-0.1954137508,0.1396140395,,,,
180,0.0,-1136.947266,-668.739868,191.277023,0.9707323967,-0.1954137508,0.1396140395,,,,
181,0.0,-1136.947266,-668.739868,191.277023,0.9707323967,-0.1954137508,0.1396140395,,,,
182,0.0,-1136.947266,-668.739868,191.277023,0.9707323967,-0.1954137508,0.1396140395,,,,
183,0.0,-1136.947266,-668.739868,191.277023,0.9707323967,-0.1954137508,0.1396140395,,,,
184,0.0,-1136.947266,-668.739868,191.277023,0.9707323967,-0.1954137508,0.1396140395,,,,
185,0.0,-1136.947266,-668.739868,191.277023,0.9707323967,-0.1954137508,0.1396140395,,,,
186,0.0,-1136.947266,-668.739868,191.277023,0.9707323967,-0.1954137508,0.1396140395,,,,
187,0.0,-1136.947266,-668.739868,191.277023,0.9707323967,-0.1954137508,0.1396140395,,,,
188,0.0,-1136.947266,-668.739868,191.277023,0.9707323967,-0.1954137508,0.1396140395,,,,
189,0.0,-1136.947266,-668.739868,191.277023,0.9707323967,-0.1954137508,0.1396140395,,,,
190,0.0,-1136.947266,-668.739868,191.277023,0.9707323967,-0.1954137508,0.1396140395,,,,
191,0.0,-1136.947266,-668.739868,191.277023,0.9707323967,-0.1954137508,0.1396140395,,,,
192,0.0,-1136.947266,-668.739868,191.277023,0.9707323967,-0.1954137508,0.1396140395,,,,
193,0.0,-1136.947266,-668.739868,191.277023,0.9707323967,-0.1954137508,0.1396140395,,,,
194,0.0,-1136.947266,-668.739868,191.277023,0.9707323967,-0.1954137508,0.1396140395,,,,
195,0.0,-1136.947266,-668.739868,191.277023,0.9707323967,-0.1954137508,0.1396140395,,,,
196,0.0,-1136.947266,-668.739868,191.277023,0.9707323967,-0.1954137508,0.1396140395,,,,
197,0.0,-1136.947266,-668.739868,191.277023,0.9707323967,-0.1954137508,0.1396140395,,,,
198,0.0,-1136.947266,-668.739868,191.277023,0.9707323967,-0.1954137508,0.1396140395,,,,
199,0.0,-1136.947266,-668.739868,191.277023,0.9707323967,-0.1954137508,0.1396140395,,,,
200,0.0,-1136.947266,-668.739868,191.277023,0.9707323967,-0.1954137508,0.1396140395,,,,
201,0.0,-1136.947266,-668.739868,191.277023,0.9707323967,-0.1954137508,0.1396140395,,,,
202,0.0,-1136.947266,-668.739868,191.277023,0.9707323967,-0.1954137508,0.1396140395,,,,
203,0.0,-1136.947266,-668.739868,191.277023,0.9707323967,-0.1954137508,0.1396140395,,,,
204,0.0,-1136.947266,-668.739868,191.277023,0.9707323967,-0.1954137508,0.1396140395,,,,
205,0.0,-1136.947266,-668.739868,191.277023,0.9707323967,-0.1954137508,0.1396140395,,,,
206,0.0,-1136.947266,-668.739868,191.277023,0.9707323967,-0.1954137508,0.1396140395,,,,
207,0.0,-1136.947266,-668.739868,191.277023,0.9707323967,-0.1954137508,0.1396140395,,,,
208,0.0,-1136.947266,-668.739868,191.277023,0.9707323967,-0.1954137508,0.1396140395,,,,
209,0.0,-1136.947266,-668.739868,191.277023,0.9707323967,-0.1954137508,0.1396140395,,,,
210,0.0,-1136.947266,-668.739868,191.277023,0.9707323967,-0.1954137508,0.1396140395,,,,
211,0.0,-1136.947266,-668.739868,191.277023,0.9707323967,-0.1954137508,0.1396140395,,,,
212,0.0,-1136.947266,-668.739868,191.277023,0.9707323967,-0.1954137508,0.1396140395,,,,
213,0.0,-1136.947266,-668.739868,191.277023,0.9707323967,-0.1954137508,0.1396140395,,,,
214,0.0,-1136.947266,-668.739868,191.277023,0.9707323967,-0.1954137508,0.1396140395,,,,
215,0.0,-1136.947266,-668.739868,191.277023,0.9707323967,-0.1954137508,0.1396140395,,,,
216,0.0,-1136.947266,-668.739868,191.277023,0.9707323967,-0.1954137508,0.1396140395,,,,
217,0.0,-1136.947266,-668.739868,191.277023,0.9707323967,-0.1954137508,0.1396140395,,,,
218,0.0,-1136.947266,-668.739868,191.277023,0.9707323967,-0.1954137508,0.1396140395,,,,
219,0.0,-1136.947266,-668.739868,191.277023,0.9707323967,-0.1954137508,0.1396140395,,,,
220,0.0,-1136.947266,-668.739868,191.277023,0.9707323967,-0.1954137508,0.1396140395,,,,
221,0.0,-1136.947266,-668.739868,191.277023,0.9707323967,-0.1954137508,0.1396140395,,,,
222,0.0,-1136.947266,-668.739868,191.277023,0.9707323967,-0.1954137508,0.1396140395,,,,
223,0.0,-1136.947266,-668.739868,191.277023,0.9707323967,-0.1954137508,0.1396140395,,,,
224,0.0,-1136.947266,-668.739868,191.277023,0.9707323967,-0.1954137508,0.1396140395,,,,
225,0.0,-1136.947266,-668.739868,191.277023,0.9707323967,-0.1954137508,0.1396140395,,,,
226,0.0,-1136.947266,-668.739868,191.277023,0.9707323967,-0.1954137508,0.1396140395,,,,
227,0.0,-1136.947266,-668.739868,191.277023,0.9707323967,-0.1954137508,0.1396140395,,,,
228,0.0,-1136.947266,-668.739868,191.277023,0.9707323967,-0.1954137508,0.1396140395,,,,
229,0.0,-1136.947266,-668.739868,191.277023,0.9707323967,-0.1954137508,0.1396140395,,,,
230,0.0,-1136.947266,-668.739868,191.277023,0.9707323967,-0.1954137508,0.1396140395,,,,
231,0.0,-1136.947266,-668.739868,191.277023,0.9707323967,-0.1954137508,0.1396140395,,,,
232,0.0,-1136.947266,-668.739868,191.277023,0.9707323967,-0.1954137508,0.1396140395,,,,
233,0.0,-1136.947266,-668.739868,191.277023,0.9707323967,-0.1954137508,0.1396140395,,,,
234,0.0,-1136.947266,-668.739868,191.277023,0.9707323967,-0.1954137508,0.1396140395,,,,
235,0.0,-1136.947266,-668.739868,191.277023,0.9707323967,-0.1954137508,0.1396140395,,,,
236,0.0,-1136.947266,-668.739868,191.277023,0.9707323967,-0.1954137508,0.1396140395,,,,
237,0.0,-1136.947266,-668.739868,191.277023,0.9707323967,-0.1954137508,0.1396140395,,,,
238,0.0,-1136.947266,-668.739868,191.277023,0.9707323967,-0.1954137508,0.1396140395,,,,
239,0.0,-1136.947266,-668.739868,191.277023,0.9707323967,-0.1954137508,0.1396140395,,,,
240,0.0,-1136.947266,-668.739868,191.277023,0.9707323967,-0.1954137508,0.1396140395,,,,
241,0.0,-1136.947266,-668.739868,191.277023,0.9707323967,-0.1954137508,0.1396140395,,,,
242,0.0,-1136.947266,-668.739868,191.277023,0.9707323967,-0.1954137508,0.1396140395,,,,
243,0.0,-1136.947266,-668.739868,191.277023,0.9707323967,-0.1954137508,0.1396140395,,,,
244,0.0,-1136.947266,-668.739868,191.277023,0.9707323967,-0.1954137508,0.1396140395,,,,
245,0.0,-1136.947266,-668.739868,191.277023,0.9707323967,-0.1954137508,0.1396140395,,,,
246,0.0,-1136.947266,-668.739868,191.277023,0.9707323967,-0.1954137508,0.1396140395,,,,
247,0.0,-1136.947266,-668.739868,191.277023,0.9707323967,-0.1954137508,0.1396140395,,,,
248,0.0,-1136.947266,-668.739868,191.277023,0.9707323967,-0.1954137508,0.1396140395,,,,
249,0.0,-1136.947266,-668.739868,191.277023,0.9707323967,-0.1954137508,0.1396140395,,,,
250,0.0,-1136.947266,-668.739868,191.277023,0.9707323967,-0.1954137508,0.1396140395,,,,
251,0.0,-1136.947266,-668.739868,191.277023,0.9707323967,-0.1954137508,0.1396140395,,,,
252,0.0,-1136.947266,-668.739868,191.277023,0.9707323967,-0.1954137508,0.1396140395,,,,
253,0.0,-1136.947266,-668.739868,191.277023,0.9707323967,-0.1954137508,0.1396140395,,,,
254,0.0,-1136.947266,-668.739868,191.277023,0.9707323967,-0.1954137508,0.1396140395,,,,
255,0.0,-1136.947266,-668.739868,191.277023,0.9707323967,-0.1954137508,0.1396140395,,,,
256,0.0,-1136.947266,-668.739868,191.277023,0.9707323967,-0.1954137508,0.1396140395,,,,
257,0.0,-1136.947266,-668.739868,191.277023,0.9707323967,-0.1954137508,0.1396140395,,,,
258,0.0,-1136.947266,-668.739868,191.277023,0.9707323967,-0.1954137508,0.1396140395,,,,
259,0.0,-1136.947266,-668.739868,191.277023,0.9707323967,-0.1954137508,0.1396140395,,,,
260,0.0,-1136.947266,-668.739868,191.277023,0.9707323967,-0.1954137508,0.1396140395,,,,
261,0.0,-1136.947266,-668.739868,191.277023,0.9707323967,-0.1954137508,0.1396140395,,,,
262,0.0,-1136.947266,-668.739868,191.277023,0.9707323967,-0.1954137508,0.1396140395,,,,
263,0.0,-1136.947266,-668.739868,191.277023,0.9707323967,-0.1954137508,0.1396140395,,,,
264,0.0,-1136.947266,-668.739868,191.277023,0.9707323967,-0.1954137508,0.1396140395,,,,
265,0.0,-1136.947266,-668.739868,191.277023,0.9707323967,-0.1954137508,0.1396140395,,,,
266,0.0,-1136.947266,-668.739868,191.277023,0.9707323967,-0.1954137508,0.1396140395,,,,
267,0.0,-1136.947266,-668.739868,191.277023,0.9707323967,-0.1954137508,0.1396140395,,,,
268,0.0,-1136.947266,-668.739868,191.277023,0.9707323967,-0.1954137508,0.1396140395,,,,
269,0.0,-1136.947266,-668.739868,191.277023,0.9707323967,-0.1954137508,0.1396140395,,,,
270,0.0,-1136.947266,-668.739868,191.277023,0.9707323967,-0.1954137508,0.1396140395,,,,
271,0.0,-1136.947266,-668.739868,191.277023,0.9707323967,-0.1954137508,0.1396140395,,,,
272,0.0,-1136.947266,-668.739868,191.277023,0.9707323967,-0.1954137508,0.1396140395,,,,
273,0.0,-1136.947266,-668.739868,191.277023,0.9707323967,-0.1954137508,0.1396140395,,,,
274,0.0,-1136.947266,-668.739868,191.277023,0.9707323967,-0.1954137508,0.1396140395,,,,
275,0.0,-1136.947266,-668.739868,191.277023,0.9707323967,-0.1954137508,0.1396140395,,,,
276,0.0,-1136.947266,-668.739868,191.277023,0.9707323967,-0.1954137508,0.1396140395,,,,
277,0.0,-1136.947266,-668.739868,191.277023,0.9707323967,-0.1954137508,0.1396140395,,,,
278,0.0,-1136.947266,-668.739868,191.277023,0.9707323967,-0.1954137508,0.1396140395,,,,
279,0.0,-1136.947266,-668.739868,191.277023,0.9707323967,-0.1954137508,0.1396140395,,,,
280,0.0,-1136.947266,-668.739868,191.277023,0.9707323967,-0.1954137508,0.1396140395,,,,
281,0.0,-1136.947266,-668.739868,191.277023,0.9707323967,-0.1954137508,0.1396140395,,,,
282,0.0,-1136.947266,-668.739868,191.277023,0.9707323967,-0.1954137508,0.1396140395,,,,
283,0.0,-1136.947266,-668.739868,187.6205215,0.9707323967,-0.1954137508,0.1396140395,,,,
284,0.0,-1136.947266,-668.739868,183.96402,0.9707323967,-0.1954137508,0.1396140395,,,,
285,0.0,-1136.947266,-668.739868,191.277023,0.9707323967,-0.1954137508,0.1396140395,,,,
286,0.0,-1136.947266,-668.739868,191.277023,0.9707323967,-0.1954137508,0.1396140395,,,,
287,0.0,-1136.947266,-668.739868,191.277023,0.9707323967,-0.1954137508,0.1396140395,,,,
288,0.0,-1136.947266,-668.739868,191.277023,0.9707323967,-0.1954137508,0.1396140395,,,,
289,0.0,-1136.947266,-668.739868,191.277023,0.9707323967,-0.1954137508,0.1396140395,,,,
290,0.0,-1136.947266,-668.739868,191.277023,0.9707323967,-0.1954137508,0.1396140395,,,,
291,0.0,-1136.947266,-668.739868,191.277023,0.7737422634,0.2937839582,0.1863152695,,,,
292,0.0,21.731291,-551.197754,104.114784,0.5767521301,0.7829816673,0.2330164995,,,,
293,0.0,25.62151,-546.972961,98.245728,0.5767521301,0.7829816673,0.2330164995,,,,
294,0.0,30.591805,-542.198792,90.786453,0.5767521301,0.7829816673,0.2330164995,,,,
295,0.0,33.858356,-539.067871,85.457542,0.5767521301,0.7829816673,0.2330164995,,,,
296,0.0,35.955177,-537.047058,81.806343,0.5768655117,0.7831352474,0.2322183577,,,,
297,0.0,38.6049,-534.50293,77.067207,0.5769890266,0.7833034714,0.2313424623,,,,
298,0.0,41.176449,-532.031433,72.254234,0.5758489316,0.7855221385,0.2266119544,,,,
299,0.0,48.712566,-526.2771,57.885307,0.5749804738,0.7868781003,0.2240988845,,,,
300,0.0,51.209759,-523.50708,56.561127,0.5750495056,0.7869726877,0.2235890314,,,,
301,0.0,53.676441,-521.317932,55.938446,0.5750495056,0.7869726877,0.2235890314,,,,
302,0.0,56.400291,-518.982056,54.474018,0.5750495056,0.7869726877,0.2235890314,,,,
303,0.0,59.394569,-516.452393,51.956871,0.5750495056,0.7869726877,0.2235890314,,,,
304,0.0,61.627731,-514.497131,50.426193,0.5750495056,0.7869726877,0.2235890314,,,,
305,0.0,63.780514,-512.196594,50.15519,0.5745388641,0.7884083596,0.2198120835,,,,
306,0.0,65.295387,-510.124969,50.651398,0.5708361482,0.7927566461,0.2137357993,,,,
307,0.0,66.887825,-508.076202,51.166534,0.5701124235,0.7934849892,0.2129633688,,,,
308,0.0,68.297806,-506.153961,51.965599,0.5689889794,0.7947282897,0.2113255471,,,,
309,0.0,70.505257,-503.320312,52.392071,0.5671022845,0.7960495683,0.211423943,,,,
310,0.0,71.908516,-501.375427,52.868618,0.5660967023,0.7973138995,0.2093443798,,,,
311,0.0,73.834656,-498.654236,53.397858,0.5643542026,0.7984944398,0.2095494299,,,,
312,0.0,75.012207,-496.71048,54.161697,0.563164436,0.7993340202,0.2095493787,,,,
313,0.0,76.839554,-493.854218,54.921215,0.5591317319,0.8027061015,0.2074478753,,,,
314,0.0,77.7117465,-492.481003,55.3218365,0.5588951474,0.8028415542,0.2075609938,,,,
315,0.0,78.583939,-491.107788,55.722458,0.5586585628,0.8029770068,0.2076741122,,,,
316,0.0,82.858078,-484.297302,57.331676,0.5549114042,0.8062914057,0.2048597146,,,,
317,0.0,82.927414,-483.85968,57.7265315,0.5546725241,0.806455703,0.2048597232,,,,
318,0.0,82.99675,-483.422058,58.121387,0.554433644,0.8066200002,0.2048597317,,,,
319,0.0,86.317299,-478.316254,59.037678,0.553733396,0.807100867,0.2048597488,,,,
320,0.0,88.228714,-475.365906,59.517372,0.553733396,0.807100867,0.2048597488,,,,
321,0.0,89.080727,-472.940247,61.896713,0.553733396,0.807100867,0.2048597488,,,,
322,0.0,90.985405,-470.472778,60.936069,0.553733396,0.807100867,0.2048597488,,,,
323,0.0,93.103218,-467.244781,61.363533,0.553733396,0.807100867,0.2048597488,,,,
324,0.0,94.827248,-464.268341,62.109192,0.553733396,0.807100867,0.2048597488,,,,
325,0.0,96.149895,-462.222351,62.421196,0.553733396,0.807100867,0.2048597488,,,,
326,0.0,98.236275,-459.033722,62.86784,0.553733396,0.807100867,0.2048597488,,,,
327,0.0,100.280182,-455.779449,63.629745,0.5514744252,0.8086460546,0.2048597488,,,,
328,0.0,101.733017,-453.487427,63.96933,0.5454151256,0.8127452394,0.2048597488,,,,
329,0.0,103.695595,-450.456848,64.414925,0.5345992814,0.820094698,0.2040791383,,,,
330,0.0,105.670692,-447.385254,64.999832,0.523649553,0.8275822457,0.2022344485,,,,
331,0.0,107.622536,-444.484833,65.230347,0.5110031472,0.8354963379,0.2020436906,,,,
332,0.0,109.766922,-441.35614,65.762428,0.4956342752,0.8447040934,0.2020437077,,,,
333,0.0,111.188766,-439.266357,65.985558,0.4866674784,0.849743906,0.2027068318,,,,
334,0.0,113.453064,-435.927368,66.344368,0.4724313761,0.857675159,0.2029825521,,,,
335,0.0,115.437569,-433.02832,66.638184,0.4583614176,0.8652761834,0.2029826034,,,,
336,0.0,117.577026,-430.070465,66.998322,0.4443200965,0.8727717205,0.20211179,,,,
337,0.0,119.141785,-427.790314,67.124855,0.436122313,0.8770690733,0.2013632755,,,,
338,0.0,121.044746,-424.845795,67.167694,0.4228590284,0.8840738078,0.1990068955,,,,
339,0.0,123.189163,-421.437042,67.12487,0.4090988817,0.8906854759,0.198286379,,,,
340,0.0,125.070007,-418.230133,67.049339,0.4006056749,0.8945376602,0.1982863276,,,,
341,0.0,126.582329,-415.666565,67.014915,0.3947768002,0.8971252998,0.1982863448,,,,
342,0.0,128.306595,-412.925812,66.938873,0.390282383,0.8989373319,0.1989757145,,,,
343,0.0,129.292534,-411.2799685,66.859409,0.3878450796,0.8999600243,0.1991008464,,,,
344,0.0,132.09407,-406.565674,66.069466,0.3789949081,0.903309832,0.2009831013,,,,
345,0.0,133.699615,-403.470947,65.673866,0.3742869847,0.9048411219,0.202908347,,,,
346,0.0,134.883133,-401.089233,65.749146,0.3703282971,0.9064518824,0.2029826034,,,,
347,0.0,136.65567,-397.548218,65.324745,0.3641675049,0.9087568404,0.2038210817,,,,
348,0.0,137.833252,-395.087616,65.01088,0.3593661176,0.9107910774,0.203262409,,,,
349,0.0,139.482758,-391.454193,64.69191,0.354442411,0.9127807223,0.2029825863,,,,
350,0.0,141.027618,-388.169403,64.598969,0.3524558302,0.9137490347,0.2020831248,,,,
351,0.0,142.125839,-385.864258,64.552544,0.3523851408,0.9137850183,0.2020436906,,,,
352,0.0,143.782394,-382.280426,64.45652,0.3523851408,0.9137850183,0.2020436906,,,,
353,0.0,145.269562,-378.848083,64.417221,0.3523851408,0.9137850183,0.2020436906,,,,
354,0.0,146.351425,-376.215942,64.459457,0.3523851408,0.9137850183,0.2020436906,,,,
355,0.0,147.425369,-373.5159,64.717606,0.3523851408,0.9137850183,0.2020436906,,,,
356,0.0,148.946503,-369.582764,65.082352,0.3516231865,0.914078484,0.2020437077,,,,
357,0.0,149.929565,-367.110504,65.213104,0.3515088928,0.9141224455,0.2020436906,,,,
358,0.0,151.479309,-363.06189,65.507744,0.3515088928,0.9141224455,0.2020436906,,,,
359,0.0,152.56131,-360.055206,65.651779,0.3515088928,0.9141224455,0.2020436906,,,,
360,0.0,153.935928,-356.235748,65.776993,0.3515088928,0.9141224455,0.2020436906,,,,
361,0.0,154.898148,-353.69458,65.736855,0.3515088928,0.9141224455,0.2020436906,,,,
362,0.0,156.299194,-349.73819,65.697388,0.3515088928,0.9141224455,0.2020436906,,,,
363,0.0,157.29364,-347.105011,65.637535,0.3515088928,0.9141224455,0.2020436906,,,,
364,0.0,158.591919,-343.58847,65.577332,0.3515088928,0.9141224455,0.2020436906,,,,
365,0.0,159.86998,-340.126038,65.426926,0.3515088928,0.9141224455,0.2020436906,,,,
366,0.0,160.859482,-337.369843,65.230629,0.3515088928,0.9141224455,0.2020436906,,,,
367,0.0,162.295212,-333.641449,64.831436,0.3515088928,0.9141224455,0.2020436906,,,,
368,0.0,163.257477,-331.217407,64.648064,0.3515088928,0.9141224455,0.2020436906,,,,
369,0.0,164.654968,-327.711823,64.447899,0.3515088928,0.9141224455,0.2020436906,,,,
370,0.0,165.992249,-324.413116,64.253204,0.3515088928,0.9141224455,0.2020436906,,,,
371,0.0,167.473007,-320.755249,64.281906,0.3515088928,0.9141224455,0.2020436906,,,,
372,0.0,168.631973,-317.964447,64.388535,0.3515088928,0.9141224455,0.2020436906,,,,
373,0.0,170.137222,-314.401703,64.584679,0.3515088928,0.9141224455,0.2020436906,,,,
374,0.0,171.552002,-311.02829,64.801926,0.3515088928,0.9141224455,0.2020436906,,,,
375,0.0,173.01619,-307.620575,65.049744,0.3515088928,0.9141224455,0.2020436906,,,,
376,0.0,174.156998,-305.179382,65.434235,0.3515088928,0.9141224455,0.2020436906,,,,
377,0.0,175.641281,-301.630676,65.844589,0.3437191824,0.9165384192,0.2044858182,,,,
378,0.0,177.151367,-298.169708,66.309074,0.333028738,0.9195898624,0.2084378678,,,,
379,0.0,178.170746,-295.675018,66.581528,0.3247496973,0.9225067663,0.2086118413,,,,
380,0.0,179.546204,-292.343872,66.880753,0.3102432478,0.927162325,0.2100455909,,,,
381,0.0,181.031113,-288.834473,67.15329,0.29693543,0.9314100468,0.2104867576,,,,
382,0.0,182.39296,-285.171997,67.273979,0.2847661655,0.9352024144,0.2104867576,,,,
383,0.0,183.74292,-281.814392,67.414452,0.2747053647,0.9382069535,0.2104867576,,,,
384,0.0,184.828979,-279.031097,67.451622,0.2699444007,0.9395878593,0.2104867576,,,,
385,0.0,186.117249,-275.656433,67.50795,0.2658838223,0.9407449764,0.2104867747,,,,
386,0.0,188.420456,-269.617859,70.008774,0.2622902177,0.9417532446,0.2104867405,,,,
387,0.0,189.0146025,-267.8767855,71.031288,0.261302413,0.9419422922,0.2108663359,,,,
388,0.0,189.608749,-266.135712,72.053802,0.2603146082,0.9421313397,0.2112459314,,,,
389,0.0,190.724457,-262.620087,73.04921,0.2567714481,0.9430632822,0.2114239089,,,,
390,0.0,191.806442,-259.142914,72.90876,0.2536928403,0.9438961137,0.2114239089,,,,
391,0.0,193.317719,-254.038071,72.137863,0.2472565105,0.9457411496,0.2108029789,,,,
392,0.0,194.491211,-250.140549,71.67807,0.2415022736,0.9474488158,0.2098032253,,,,
393,0.0,195.560226,-246.443878,71.480721,0.2341971949,0.9496725226,0.2080234933,,,,
394,0.0,196.0137935,-244.8698195,71.345509,0.2316968247,0.9504877256,0.2070793496,,,,
395,0.0,196.467361,-243.295761,71.210297,0.2291964545,0.9513029287,0.206135206,,,,
396,0.0,198.148941,-237.053497,71.136688,0.2215858338,0.9531772525,0.205798065,,,,
397,0.0,199.06189,-233.426315,71.214638,0.2195328299,0.9534836586,0.2065774658,,,,
398,0.0,199.5108185,-231.714523,71.252243,0.2193743616,0.9535029188,0.2066568204,,,,
399,0.0,200.553558,-226.970291,71.86657,0.2192158934,0.9535221791,0.2067361751,,,,
400,0.0,201.353729,-223.496414,72.313385,0.2192158934,0.9535221791,0.2067361751,,,,
401,0.0,202.360703,-219.836365,72.284653,0.2192158934,0.9535221791,0.2067361751,,,,
402,0.0,202.71769,-218.123398,72.4165,0.2192158934,0.9535221791,0.2067361751,,,,
403,0.0,203.598953,-213.09758,72.66433,0.2192158934,0.9535221791,0.2067361751,,,,
404,0.0,203.9894635,-211.3110505,72.7624285,0.2192158934,0.9535221791,0.2067361751,,,,
405,0.0,204.880463,-206.929886,73.057198,0.2192158934,0.9535221791,0.2067361751,,,,
406,0.0,205.637024,-203.270889,73.260384,0.2192158934,0.9535221791,0.2067361751,,,,
407,0.0,206.492981,-199.783096,73.845764,0.2192158934,0.9535221791,0.2067361751,,,,
408,0.0,207.016968,-197.288788,74.172485,0.2192158934,0.9535221791,0.2067361751,,,,
409,0.0,207.766296,-193.452972,74.270226,0.2192158934,0.9535221791,0.2067361751,,,,
410,0.0,208.60022,-189.780563,74.182495,0.2192158934,0.9535221791,0.2067361751,,,,
411,0.0,209.158295,-186.712234,73.752716,0.2192158934,0.9535221791,0.2067361751,,,,
412,0.0,209.974304,-183.255661,73.442436,0.2199918586,0.9533434513,0.2067361751,,,,
413,0.0,210.930481,-179.604584,73.565529,0.2263233045,0.952436198,0.2040662897,,,,
414,0.0,211.6147,-177.064423,73.103859,0.233441545,0.9513303865,0.2011853392,,,,
415,0.0,212.638977,-173.548233,72.874557,0.2487869626,0.9481082764,0.1979791493,,,,
416,0.0,213.596268,-171.657654,73.031914,0.267630712,0.9433897938,0.1959323838,,,,
417,0.0,214.7854,-171.167511,72.877045,0.2912954359,0.9366195861,0.1946553875,,,,
418,0.0,215.854355,-171.312256,72.619217,0.319574284,0.9275585619,0.1936682507,,,,
419,0.0,216.728195,-171.220184,72.21595,0.3439010953,0.9186855948,0.1942905417,,,,
420,0.0,217.961182,-171.17247,71.769829,0.3760215693,0.9052740238,0.1977036199,,,,
421,0.0,219.750427,-170.909866,70.787987,0.4034355188,0.8927037575,0.2007978671,,,,
422,0.0,221.47673,-170.936417,70.909767,0.427821946,0.8805660473,0.2038916843,,,,
423,0.0,222.676682,-170.998734,71.006981,0.4394452732,0.8746297463,0.2047209292,,,,
424,0.0,224.114624,-170.838715,71.02626,0.4470480527,0.8707356251,0.2048597317,,,,
425,0.0,225.137054,-170.713013,71.079933,0.4472692016,0.8706220447,0.2048597488,,,,
426,0.0,226.221222,-170.546631,71.12323,0.4472692016,0.8706220447,0.2048597488,,,,
427,0.0,227.91983,-170.334335,71.146484,0.4472692016,0.8706220447,0.2048597488,,,,
428,0.0,229.003204,-170.168137,71.242126,0.4472692016,0.8706220447,0.2048597488,,,,
429,0.0,230.54332,-169.464661,71.330406,0.4472692016,0.8706220447,0.2048597488,,,,
430,0.0,231.42305,-168.893372,71.548286,0.4472692016,0.8706220447,0.2048597488,,,,
431,0.0,233.131134,-168.149826,71.852829,0.4472692016,0.8706220447,0.2048597488,,,,
432,0.0,235.442978,-166.97699,72.015038,0.4472692016,0.8706220447,0.2048597488,,,,
433,0.0,237.212677,-166.055847,72.132454,0.4472692016,0.8706220447,0.2048597488,,,,
434,0.0,239.510056,-164.493546,72.045364,0.4472692016,0.8706220447,0.2048597488,,,,
435,0.0,241.057175,-163.316025,71.914566,0.4472692016,0.8706220447,0.2048597488,,,,
436,0.0,242.644318,-161.950348,71.863564,0.4484811993,0.8701503316,0.2042131588,,,,
437,0.0,244.549942,-159.982803,71.931648,0.4535054449,0.8679910459,0.2022976909,,,,
438,0.0,246.321762,-158.187653,71.953217,0.4573586507,0.8665992883,0.1995713864,,,,
439,0.0,249.26828,-154.406311,71.551064,0.4612970275,0.8650198763,0.1973465633,,,,
440,0.0,249.5229415,-154.067108,71.551064,0.4612970275,0.8650198763,0.1973465633,,,,
441,0.0,249.777603,-153.727905,71.551064,0.4612970275,0.8650198763,0.1973465633,,,,
442,0.0,252.711945,-149.505875,70.913712,0.4612970275,0.8650198763,0.1973465633,,,,
443,0.0,255.684265,-145.236771,70.075089,0.4612970275,0.8650198763,0.1973465633,,,,
444,0.0,257.335297,-142.665833,68.881325,0.4612970275,0.8650198763,0.1973465633,,,,
445,0.0,259.001373,-140.179367,67.792473,0.4612970275,0.8650198763,0.1973465633,,,,
446,0.0,260.594696,-137.54454,66.781288,0.4612970275,0.8650198763,0.1973465633,,,,
447,0.0,262.238556,-134.869492,65.766106,0.4612970275,0.8650198763,0.1973465633,,,,
448,0.0,263.358246,-132.99675,65.15435,0.4612970275,0.8650198763,0.1973465633,,,,
449,0.0,265.060059,-130.118301,64.358017,0.4612970275,0.8650198763,0.1973465633,,,,
450,0.0,266.720337,-127.368118,63.889248,0.4612970275,0.8650198763,0.1973465633,,,,
451,0.0,268.313477,-124.655685,64.366379,0.4612970275,0.8650198763,0.1973465633,,,,
452,0.0,269.944916,-121.870407,64.623558,0.4619827006,0.8646538759,0.1973465462,,,,
453,0.0,271.480469,-118.950897,65.111465,0.4621261482,0.8645772129,0.1973465633,,,,
454,0.0,273.100922,-115.923973,65.216736,0.4621261482,0.8645772129,0.1973465633,,,,
455,0.0,274.234802,-113.616905,65.453934,0.4621261482,0.8645772129,0.1973465633,,,,
456,0.0,276.091309,-110.042366,65.493332,0.4621261482,0.8645772129,0.1973465633,,,,
457,0.0,277.556213,-106.882881,65.506096,0.4621261482,0.8645772129,0.1973465633,,,,
458,0.0,279.0979,-103.864868,65.360893,0.4621261482,0.8645772129,0.1973465633,,,,
459,0.0,280.783905,-100.581955,65.094719,0.4621261482,0.8645772129,0.1973465633,,,,
460,0.0,281.931458,-98.293007,64.855934,0.4621261482,0.8645772129,0.1973465633,,,,
461,0.0,283.598969,-95.147285,64.444893,0.4621261482,0.8645772129,0.1973465633,,,,
462,0.0,285.336548,-92.008934,64.239235,0.4621261482,0.8645772129,0.1973465633,,,,
463,0.0,287.047607,-88.826843,63.761124,0.4621261482,0.8645772129,0.1973465633,,,,
464,0.0,288.825256,-85.573578,63.136074,0.4621261482,0.8645772129,0.1973465633,,,,
465,0.0,290.04129,-83.388359,62.848324,0.4621261482,0.8645772129,0.1973465633,,,,
466,0.0,291.975464,-79.975937,62.648655,0.4621261482,0.8645772129,0.1973465633,,,,
467,0.0,293.500732,-77.336342,62.567936,0.4621261482,0.8645772129,0.1973465633,,,,
468,0.0,295.489594,-73.915581,62.569416,0.4621261482,0.8645772129,0.1973465633,,,,
469,0.0,297.266907,-70.671722,62.587383,0.4621261482,0.8645772129,0.1973465633,,,,
682,0.0,637.347473,506.32843,62.242142,-0.1607272312,0.9727368035,0.1671821409,0.0044231431,114.963070792,1223.6539961837,5.0
683,0.0,637.335449,506.401489,62.258354,-0.1607272312,0.9727368035,0.1671821409,0.0047894782,119.7597214032,1225.1021883867,5.0
684,0.0,637.383789,506.108734,62.365856,-0.1607272312,0.9727368035,0.1671821409,0.0051085118,123.8204864629,1226.5511636904,5.0
685,0.0,636.658325,509.387604,62.907635,-0.1607272312,0.9727368035,0.1671821409,0.0055027718,128.2168408808,1223.876522656,5.0
686,0.0,636.016357,512.481567,62.205254,-0.1607272312,0.9727368035,0.1671821409,0.0059023511,132.5088589959,1221.4035640835,5.0
687,0.0,635.170471,516.496643,61.841415,-0.1607272312,0.9727368035,0.1671821409,0.0071233844,144.9959831097,1216.9495543199,5.0
688,0.0,634.651672,518.960754,61.687744,-0.1607272312,0.9727368035,0.1671821409,0.0075064685,148.4997335368,1214.2535481594,5.0
689,0.0,633.947205,522.374573,61.718529,-0.1607272312,0.9727368035,0.1671821409,0.0080819388,153.5302199624,1210.0417599284,5.0
690,0.0,633.171753,526.212952,61.77401,-0.1607272312,0.9727368035,0.1671821409,0.0084612301,156.4212107195,1204.9929507695,5.0
691,0.0,632.616272,529.015564,61.842972,-0.1607272312,0.9727368035,0.1671821409,0.0086034055,157.2121235814,1201.0800596055,5.0
692,0.0,631.843384,532.960266,61.962719,-0.1607272312,0.9727368035,0.1671821409,0.0087443467,157.8880663531,1196.5259180018,5.0
693,0.0,631.256592,536.002991,62.167477,-0.1607272312,0.9727368035,0.1671821409,0.0089278637,159.074676099,1193.1190372846,5.0
694,0.0,630.456055,540.204895,62.364342,-0.1607272312,0.9727368035,0.1671821409,0.0091205965,160.1198529583,1188.2589240961,5.0
695,0.0,629.958069,542.850403,62.499161,-0.1607272312,0.9727368035,0.1671821409,0.0091351567,159.8015044953,1184.9553185887,5.0
696,0.0,629.237366,546.72522,62.625469,-0.1607272312,0.9727368035,0.1671821409,0.0091510793,159.3070926975,1180.2657372548,5.0
697,0.0,628.509705,550.666443,62.845337,-0.1607272312,0.9727368035,0.1671821409,0.0092570093,159.6256049957,1175.8708097996,5.0
698,0.0,627.957947,553.393005,63.554173,-0.1607272312,0.9727368035,0.1671821409,0.009361899,160.162586144,1173.2294107414,5.0
699,0.0,627.210388,557.536682,63.684795,-0.1607272312,0.9727368035,0.1671821409,0.0092853521,159.0420514062,1169.7909992556,5.0
700,0.0,626.887268,559.3412475,63.741552,-0.1607272312,0.9727368035,0.1671821409,0.0092435515,158.5075438924,1168.4804845494,5.0
701,0.0,626.564148,561.145813,63.798309,-0.1607272312,0.9727368035,0.1671821409,0.0092017509,157.9730363786,1167.1699698432,5.0
702,0.0,625.399231,567.710938,64.003036,-0.1607272312,0.9727368035,0.1671821409,0.0089420563,155.2321857837,1163.3787389286,5.0
703,0.0,624.785889,571.194763,64.111488,-0.1607272312,0.9727368035,0.1671821409,0.0088260565,153.9641822939,1161.3998008577,5.0
704,0.0,624.146484,574.846497,64.22506,-0.1607272312,0.9727368035,0.1671821409,0.0086906019,152.5403998773,1159.5529388426,5.0
705,0.0,623.500061,578.555603,64.333839,-0.1607272312,0.9727368035,0.1671821409,0.0085054437,150.6963986318,1157.8833916106,5.0
706,0.0,622.864563,582.217773,64.414543,-0.1607272312,0.9727368035,0.1671821409,0.0082874389,148.5698578306,1156.3976643474,5.0
707,0.0,622.23999,585.832275,64.491623,-0.1607272312,0.9727368035,0.1671821409,0.0080692147,146.4436966096,1155.0955886923,5.0
708,0.0,621.805908,588.352539,64.533272,-0.1607272312,0.9727368035,0.1671821409,0.0078995733,144.7999933387,1154.2798412226,5.0
709,0.0,621.146301,592.192993,64.566864,-0.1607272312,0.9727368035,0.1671821409,0.0076767726,142.6016534239,1153.069072197,5.0
710,0.0,620.575989,595.524719,64.586967,-0.1607272312,0.9727368035,0.1671821409,0.0074790356,140.6525220766,1152.1878062702,5.0
711,0.0,619.99292,598.939575,64.608482,-0.1607272312,0.9727368035,0.1671821409,0.0072399983,138.286711355,1151.287306655,5.0
712,0.0,619.41925,602.518311,64.630821,-0.1556894681,0.9738070621,0.1657123875,0.0071645424,137.4741546391,1150.5118805793,5.0
713,0.0,618.864624,606.115967,64.653191,-0.1483110786,0.9751569002,0.1645382753,0.0072751486,138.4131278528,1149.5627422246,5.0
714,0.0,618.378906,609.651855,64.674965,-0.1342845245,0.9773445013,0.163601321,0.0080340288,145.3375030031,1148.8677698683,5.0
715,0.0,617.902405,613.454041,64.69828,-0.1157039425,0.9797515235,0.1633999688,0.0094380703,157.335753005,1147.8839229283,5.0
716,0.0,617.427795,617.501526,64.723137,-0.0954862621,0.981773821,0.1643244904,0.0115310829,173.7341787114,1147.3365142454,5.0
717,0.0,617.078247,621.145325,64.745407,-0.0717689971,0.9834742465,0.1662155756,0.0146485224,195.6050579446,1147.0027761439,5.0
718,0.0,616.869568,623.775879,64.761505,-0.0525306691,0.9843399877,0.1682715585,0.0176578107,214.5797956668,1146.9146149429,5.0
719,0.0,616.634094,627.49884,64.784294,-0.0230235828,0.9849675829,0.1711980584,0.0229867831,244.4915367414,1146.8851902481,5.0
720,0.0,616.472839,631.082336,64.806328,0.0068815796,0.9847178247,0.1740214056,0.0292681076,275.4409767493,1146.8786179008,5.0
721,0.0,616.38562,634.664795,64.829185,0.0403795489,0.9837864286,0.1747391051,0.0371381658,309.7359597784,1147.1931316397,5.0
722,0.0,616.316772,638.034363,64.834961,0.0679382549,0.9822681032,0.1747391395,0.0443751345,338.008758851,1147.4013004304,5.0
723,0.0,616.220703,641.489746,64.834053,0.0873989725,0.9808604809,0.1739946454,0.0499084255,358.0594599591,1147.7325931949,5.0
724,0.0,616.105835,644.855896,64.833046,0.0983943043,0.9801161655,0.1723103683,,,,
725,0.0,615.984619,648.207031,64.831337,0.1033627472,0.9798049383,0.1711678284,,,,
726,0.0,615.864807,651.722839,64.82988,0.1042001766,0.9798885018,0.1701788684,0.0540963295,372.757498708,1148.8989191028,5.0
727,0.0,615.791443,655.117065,64.829025,0.104202991,0.9799162693,0.170017181,0.0539041403,371.9173075799,1148.2943095864,5.0
728,0.0,615.763123,658.715393,64.828606,0.1050217491,0.9798288547,0.1700171982,0.0538304302,371.9635752735,1149.2014076675,5.0
729,0.0,615.811035,662.275879,64.828568,0.110374587,0.9792403222,0.170017181,0.0552314896,377.0238523287,1150.3804472381,5.0
730,0.0,615.921387,665.570801,64.828575,0.1191147647,0.9779244434,0.171684175,0.0579347132,385.9397445756,1150.5835529805,5.0
731,0.0,616.060181,668.869629,64.828033,0.1273802523,0.9767011547,0.1727111051,0.0606055539,394.5547491991,1150.8480574209,5.0
732,0.0,616.223999,672.454895,64.819016,0.1336553791,0.9755338226,0.1745565827,0.0627311019,401.3202878076,1151.210398595,5.0
733,0.0,616.412659,675.788391,64.785614,0.1399623825,0.974616214,0.1747391395,0.0648320277,407.9129636977,1151.6310649108,5.0
734,0.0,616.638977,679.324036,64.748505,0.145886202,0.9737471208,0.1747391223,0.0668372265,414.0619139366,1151.9187929224,5.0
735,0.0,616.885559,682.703918,64.714081,0.1514402236,0.9728988117,0.1747391223,0.0687746429,419.9488686832,1152.3005413951,5.0
736,0.0,617.155945,685.858093,64.682259,0.1582212659,0.9719611993,0.1739467104,0.0711914733,427.1275034254,1152.6540702715,5.0
737,0.0,617.504395,689.189514,64.648872,0.1694415766,0.9702346606,0.1730151887,0.0753858425,439.2215998252,1153.0999544814,5.0
738,0.0,618.41687,695.831604,64.583618,0.2052034107,0.963503888,0.1719064221,0.0898860953,478.1573545831,1153.9711454961,5.0
739,0.0,618.883972,699.005005,64.553108,0.2199319516,0.9601227832,0.1726099007,0.096349724,494.3852012484,1154.3742794344,5.0
740,0.0,619.2049865,701.027405,64.5348165,0.2291269628,0.9579016454,0.1727303577,0.1005515607,504.5001964209,1154.6654605731,5.0
741,0.0,619.526001,703.049805,64.516525,0.2383219741,0.9556805076,0.1728508147,0.1047533974,514.6151915935,1154.9566417119,5.0
742,0.0,620.240051,706.28479,64.492493,0.2495644535,0.9528064753,0.1728508147,0.1101729305,527.2966839325,1155.5974015399,5.0
743,0.0,622.0802,712.30011,64.460266,0.2555112485,0.9515569125,0.1710363828,0.1134869939,535.4170087806,1157.1488164104,5.0
744,0.0,622.693878,713.829651,64.4552115,0.2555488477,0.9515535084,0.1709991358,0.1137019878,536.110842726,1157.6185308291,5.0
745,0.0,624.558899,718.019104,64.444824,0.2555864469,0.9515501042,0.1709618888,0.1143321409,538.159547547,1159.0289459673,5.0
746,0.0,625.735107,720.252441,64.442711,0.2555864469,0.9515501042,0.1709618888,0.1147239869,539.4255208788,1159.8902641334,5.0
747,0.0,627.841187,723.795715,64.442368,0.2555864469,0.9515501042,0.1709618888,0.1154428381,541.717865839,1161.4085096841,5.0
748,0.0,629.607727,726.434998,64.442368,0.2555864469,0.9515501042,0.1709618888,0.1160553865,543.6487363038,1162.6571488383,5.0
1623,0.0,419.051971,-361.077332,72.613976,-0.9324245905,-0.3552668778,-0.0661046787,,,,
1624,0.0,418.794586,-361.175415,72.613976,-0.9324245905,-0.3552668778,-0.0661046787,,,,
1625,0.0,421.517456,-361.209351,72.628601,-0.9326461694,-0.3545431578,-0.0668600926,,,,
1626,0.0,424.727386,-361.382263,72.633003,-0.9327050975,-0.3543500866,-0.0670612953,,,,
1627,0.0,428.053375,-361.590088,72.6325,-0.9327050975,-0.3543500866,-0.0670612953,,,,
1628,0.0,430.617828,-361.733582,72.6325,-0.9327050975,-0.3543500866,-0.0670612953,,,,
1629,0.0,433.463531,-361.760925,72.6325,-0.9327050975,-0.3543500866,-0.0670612953,,,,
1630,0.0,436.302094,-361.793457,72.6325,-0.932175679,-0.3557404496,-0.0670614346,,,,
1631,0.0,439.165192,-361.841217,72.6325,-0.9306188123,-0.359793535,-0.0670614521,,,,
1632,0.0,442.074158,-361.920044,72.6325,-0.9259304035,-0.372025031,-0.0651940496,,,,
1633,0.0,444.183105,-361.980042,72.632492,-0.9226773534,-0.3803204523,-0.0634259813,,,,
1634,0.0,446.3125,-362.036469,72.6325,-0.9203652899,-0.3860550395,-0.0623637693,,,,
1635,0.0,448.114716,-361.82135,72.626518,-0.9185985981,-0.3905237914,-0.0605622324,,,,
1636,0.0,449.575653,-361.353851,72.686684,-0.9184152644,-0.3909854443,-0.0603637682,,,,
1637,0.0,450.855957,-360.631866,72.703522,-0.9184152644,-0.3909854443,-0.0603637682,,,,
1638,0.0,452.072418,-359.512024,72.701271,-0.9184152644,-0.3909854443,-0.0603637682,,,,
1639,0.0,452.844238,-358.407715,72.701271,-0.9177701178,-0.3924974489,-0.060363594,,,,
1640,0.0,453.59021,-356.888306,72.701271,-0.9151583438,-0.3985491716,-0.060363594,,,,
1641,0.0,454.035126,-355.491547,72.701271,-0.9124636713,-0.4046804729,-0.060363594,,,,
1642,0.0,454.381378,-353.642944,72.701271,-0.9102278882,-0.4098090889,-0.0595122026,,,,
1643,0.0,454.526062,-351.573486,72.701271,-0.9092427084,-0.4120054871,-0.0594068667,,,,
1644,0.0,454.488647,-349.711273,72.701271,-0.9092287777,-0.4120362441,-0.0594067621,,,,
1645,0.0,454.311798,-347.377014,72.701271,-0.9088418925,-0.4128888939,-0.0594068667,,,,
1646,0.0,454.046539,-345.371918,72.701271,-0.9088333225,-0.4129077725,-0.0594067621,,,,
1647,0.0,453.629852,-342.840881,72.701271,-0.9077305695,-0.4153264201,-0.0594068841,,,,
1648,0.0,453.236816,-340.754425,72.701279,-0.9051288431,-0.4208615171,-0.0601445002,,,,
1649,0.0,452.582062,-337.723938,72.701271,-0.9004077509,-0.4307093877,-0.0612805473,,,,
1650,0.0,451.954559,-335.228271,72.701271,-0.896796646,-0.4380510966,-0.0621853074,,,,
1651,0.0,451.284943,-332.826141,72.701271,-0.8953059852,-0.4409612987,-0.0630898248,,,,
1652,0.0,450.593842,-330.478821,72.701271,-0.89441713,-0.442740794,-0.0632343805,,,,
1653,0.0,449.823517,-328.004974,72.701271,-0.8942581239,-0.4430618554,-0.063234485,,,,
1654,0.0,448.97702,-325.619354,72.701271,-0.8942581239,-0.4430618554,-0.063234485,,,,
1655,0.0,448.089325,-323.478485,72.701271,-0.8933695072,-0.4447164633,-0.0641731325,,,,
1656,0.0,447.460693,-322.002289,72.701271,-0.8925918743,-0.4460626481,-0.065634289,,,,
1657,0.0,446.787323,-320.176025,72.701271,-0.8920194981,-0.4471368843,-0.0661046264,,,,
1658,0.0,446.120819,-318.274902,72.701271,-0.8919147954,-0.4473456932,-0.0661046787,,,,
1659,0.0,445.633362,-316.900665,72.701271,-0.8919147954,-0.4473456932,-0.0661046787,,,,
1660,0.0,444.990723,-315.280334,72.701271,-0.8919147954,-0.4473456932,-0.0661046787,,,,
1661,0.0,444.427429,-313.979401,72.701271,-0.8919147954,-0.4473456932,-0.0661046787,,,,
1662,0.0,443.601105,-311.952148,72.701271,-0.8919147954,-0.4473456932,-0.0661046787,,,,
1663,0.0,443.3787385,-311.3804775,72.0831145,-0.892297642,-0.4465122874,-0.0665630828,,,,
1664,0.0,443.156372,-310.808807,71.464958,-0.8926804887,-0.4456788815,-0.0670214869,,,,
1665,0.0,442.527771,-309.214294,68.800774,-0.8931253001,-0.4446355505,-0.0680178329,,,,
1666,0.0,442.2388,-308.503387,67.374954,-0.8931253001,-0.4446355505,-0.0680178329,,,,
1667,0.0,442.029144,-308.038208,66.053848,-0.8931253001,-0.4446355505,-0.0680178329,,,,
1668,0.0,441.785492,-307.45816,64.697037,-0.8931253001,-0.4446355505,-0.0680178329,,,,
1669,0.0,441.574768,-306.997894,63.300888,-0.8931253001,-0.4446355505,-0.0680178329,,,,
1670,0.0,441.40094,-306.682373,61.623795,-0.8931253001,-0.4446355505,-0.0680178329,,,,
1671,0.0,441.263916,-306.466736,60.062859,-0.8931253001,-0.4446355505,-0.0680178329,,,,
1672,0.0,441.155212,-306.34552,58.548073,-0.8931253001,-0.4446355505,-0.0680178329,,,,
1673,0.0,441.073242,-306.318634,58.506687,-0.8931253001,-0.4446355505,-0.0680178329,,,,
1674,0.0,441.007599,-306.344299,58.502571,-0.8931253001,-0.4446355505,-0.0680178329,,,,
1675,0.0,440.796112,-306.451202,58.503502,-0.8931253001,-0.4446355505,-0.0680178329,,,,
1676,0.0,440.572601,-306.5625,58.503502,-0.8931253001,-0.4446355505,-0.0680178329,,,,
1677,0.0,440.388458,-306.654175,58.503502,-0.8931253001,-0.4446355505,-0.0680178329,,,,
1678,0.0,440.167297,-306.764252,58.503502,-0.8931253001,-0.4446355505,-0.0680178329,,,,
1679,0.0,439.968903,-306.863037,58.503502,-0.8931253001,-0.4446355505,-0.0680178329,,,,
1680,0.0,439.783173,-306.955505,58.503502,-0.8931253001,-0.4446355505,-0.0680178329,,,,
1681,0.0,439.608185,-307.042633,58.503502,-0.8931253001,-0.4446355505,-0.0680178329,,,,
1682,0.0,439.431427,-307.130585,58.503502,-0.8931770584,-0.444661318,-0.0671643859,,,,
1683,0.0,439.243835,-307.223969,58.503502,-0.893183266,-0.4446644084,-0.0670612953,,,,
1684,0.0,439.065033,-307.304718,58.503502,-0.8936660821,-0.4438367353,-0.066105114,,,,
1685,0.0,438.913483,-307.372375,58.503502,-0.8941957022,-0.4431442363,-0.0635392163,,,,
1686,0.0,438.767517,-307.443817,58.503502,-0.8943884868,-0.4431264439,-0.0608949053,,,,
1687,0.0,438.607758,-307.50882,58.503502,-0.8951777003,-0.4418093804,-0.0588332918,,,,
1688,0.0,438.542969,-307.53717,58.503502,-0.8953676265,-0.4414753083,-0.058449684,,,,
1689,0.0,438.438812,-307.588593,58.503502,-0.8953676265,-0.4414753083,-0.058449684,,,,
1690,0.0,438.438812,-307.588593,58.503502,-0.8953676265,-0.4414753083,-0.058449684,,,,
1691,0.0,438.438812,-307.588593,58.503502,-0.8953676265,-0.4414753083,-0.058449684,,,,
1692,0.0,438.438812,-307.588593,58.503502,-0.8953676265,-0.4414753083,-0.058449684,,,,
1693,0.0,438.438812,-307.588593,58.503502,-0.8953676265,-0.4414753083,-0.058449684,,,,
1694,0.0,438.438812,-307.588593,58.503502,-0.8953676265,-0.4414753083,-0.058449684,,,,
1695,0.0,438.438812,-307.588593,58.503502,-0.8953676265,-0.4414753083,-0.058449684,,,,
1696,0.0,438.438812,-307.588593,58.503502,-0.8953676265,-0.4414753083,-0.058449684,,,,
1697,0.0,438.438812,-307.588593,58.503502,-0.8953676265,-0.4414753083,-0.058449684,,,,
1698,0.0,438.438812,-307.588593,58.503502,-0.8953676265,-0.4414753083,-0.058449684,,,,
1699,0.0,438.438812,-307.588593,58.503502,-0.8953676265,-0.4414753083,-0.058449684,,,,
1700,0.0,438.438812,-307.588593,58.503502,-0.8953676265,-0.4414753083,-0.058449684,,,,
1701,0.0,438.438812,-307.588593,58.503502,-0.8953676265,-0.4414753083,-0.058449684,,,,
1702,0.0,438.438812,-307.588593,58.503502,-0.8953676265,-0.4414753083,-0.058449684,,,,
1703,0.0,438.438812,-307.588593,58.503502,-0.8953676265,-0.4414753083,-0.058449684,,,,
1704,0.0,438.438812,-307.588593,58.503502,-0.8953676265,-0.4414753083,-0.058449684,,,,
1705,0.0,438.438812,-307.588593,58.503502,-0.8953676265,-0.4414753083,-0.058449684,,,,
1706,0.0,438.438812,-307.588593,58.503502,-0.8953676265,-0.4414753083,-0.058449684,,,,
1707,0.0,438.438812,-307.588593,58.503502,-0.8953676265,-0.4414753083,-0.058449684,,,,
1708,0.0,438.438812,-307.588593,58.503502,-0.8953676265,-0.4414753083,-0.058449684,,,,
1709,0.0,438.438812,-307.588593,58.503502,-0.8953676265,-0.4414753083,-0.058449684,,,,
1710,0.0,438.438812,-307.588593,58.503502,-0.8953676265,-0.4414753083,-0.058449684,,,,
1711,0.0,438.438812,-307.588593,58.503502,-0.8953676265,-0.4414753083,-0.058449684,,,,
1712,0.0,438.438812,-307.588593,58.503502,-0.8953676265,-0.4414753083,-0.058449684,,,,
1713,0.0,438.438812,-307.588562,58.503502,-0.8953249713,-0.4414542765,-0.0592563707,,,,
1714,0.0,438.443298,-307.593079,58.503502,-0.894963421,-0.4420703284,-0.0601190471,,,,
1715,0.0,438.46875,-307.618439,58.503502,-0.8930365566,-0.4456100724,-0.0625889125,,,,
1716,0.0,438.490265,-307.639587,58.503502,-0.8913099287,-0.4485242625,-0.0662766694,,,,
1717,0.0,438.50415,-307.653046,58.503502,-0.8901851779,-0.4503968891,-0.0686512298,,,,
1718,0.0,438.511566,-307.660248,58.503502,-0.8894361479,-0.4513071781,-0.0722853363,,,,
1719,0.0,438.518036,-307.666412,58.503502,-0.8888321726,-0.4521276124,-0.0745519351,,,,
1720,0.0,438.518555,-307.666931,58.503502,-0.8887286012,-0.4521646091,-0.0755555405,,,,
1721,0.0,438.518555,-307.666901,58.503502,-0.8887210065,-0.4521607451,-0.0756679138,,,,
1722,0.0,438.518555,-307.666901,58.503502,-0.8887210065,-0.4521607451,-0.0756679138,,,,
1723,0.0,438.518555,-307.666901,58.503502,-0.8887210065,-0.4521607451,-0.0756679138,,,,
1724,0.0,438.518555,-307.666901,58.503502,-0.8887210065,-0.4521607451,-0.0756679138,,,,
1725,0.0,438.518555,-307.666901,58.503502,-0.8887210065,-0.4521607451,-0.0756679138,,,,
1726,0.0,438.518555,-307.666901,58.503502,-0.8887210065,-0.4521607451,-0.0756679138,,,,
1727,0.0,438.518555,-307.666901,58.503502,-0.8887210065,-0.4521607451,-0.0756679138,,,,
1728,0.0,438.518555,-307.666901,58.503502,-0.8887210065,-0.4521607451,-0.0756679138,,,,
1729,0.0,438.518555,-307.666901,58.503502,-0.8887210065,-0.4521607451,-0.0756679138,,,,
1730,0.0,438.518555,-307.666901,58.503502,-0.8887210065,-0.4521607451,-0.0756679138,,,,
1731,0.0,438.518555,-307.666901,58.503502,-0.8887210065,-0.4521607451,-0.0756679138,,,,
1732,0.0,438.513092,-307.661713,58.503502,-0.8891048234,-0.4514055836,-0.0756677745,,,,
1733,0.0,438.507233,-307.656067,58.503502,-0.8895158374,-0.4505951179,-0.0756677919,,,,
1734,0.0,438.501495,-307.650543,58.503502,-0.8899214362,-0.4497935363,-0.0756677745,,,,
1735,0.0,438.500122,-307.6492,58.503502,-0.8900178404,-0.4496027253,-0.0756679138,,,,
1736,0.0,438.49469,-307.64389,58.503502,-0.8904004394,-0.4488445671,-0.0756677745,,,,
1737,0.0,438.493988,-307.64325,58.503502,-0.8904484775,-0.4487492349,-0.0756679138,,,,
1738,0.0,438.493988,-307.64328,58.503502,-0.8904484775,-0.4487492349,-0.0756679138,,,,
1739,0.0,438.493988,-307.64325,58.503502,-0.8904484775,-0.4487492349,-0.0756679138,,,,
1740,0.0,438.493988,-307.64325,58.503502,-0.8904484775,-0.4487492349,-0.0756679138,,,,
1741,0.0,438.493988,-307.64325,58.503502,-0.8904484775,-0.4487492349,-0.0756679138,,,,
1742,0.0,438.493988,-307.64325,58.503502,-0.8904484775,-0.4487492349,-0.0756679138,,,,
1743,0.0,438.493988,-307.64325,58.503502,-0.8904484775,-0.4487492349,-0.0756679138,,,,
1744,0.0,438.493988,-307.64325,58.503502,-0.8904484775,-0.4487492349,-0.0756679138,,,,
1745,0.0,438.493988,-307.64325,58.503502,-0.8904484775,-0.4487492349,-0.0756679138,,,,
1746,0.0,438.493988,-307.64325,58.503502,-0.8904484775,-0.4487492349,-0.0756679138,,,,
1747,0.0,438.493988,-307.64325,58.503502,-0.8904484775,-0.4487492349,-0.0756679138,,,,
1748,0.0,438.493988,-307.64325,58.503502,-0.8904484775,-0.4487492349,-0.0756679138,,,,
1749,0.0,438.493988,-307.64325,58.503502,-0.8904484775,-0.4487492349,-0.0756679138,,,,
1750,0.0,438.493988,-307.64325,58.503502,-0.8904484775,-0.4487492349,-0.0756679138,,,,
1751,0.0,438.500122,-307.6491855,58.503502,-0.890017672,-0.4496020553,-0.0756678442,,,,
1752,0.0,438.506256,-307.655121,58.503502,-0.8895863774,-0.4504558181,-0.0756679138,,,,
1753,0.0,438.506256,-307.655121,58.503502,-0.8895863774,-0.4504558181,-0.0756679138,,,,
1754,0.0,438.506256,-307.655121,58.503502,-0.8895863774,-0.4504558181,-0.0756679138,,,,
1755,0.0,438.506256,-307.655121,58.503502,-0.8895863774,-0.4504558181,-0.0756679138,,,,
1756,0.0,438.506256,-307.655121,58.503502,-0.8895863774,-0.4504558181,-0.0756679138,,,,
1757,0.0,438.506256,-307.655121,58.503502,-0.8895863774,-0.4504558181,-0.0756679138,,,,
1758,0.0,438.506256,-307.655121,58.503502,-0.8895863774,-0.4504558181,-0.0756679138,,,,
1759,0.0,438.506256,-307.655121,58.503502,-0.8895863774,-0.4504558181,-0.0756679138,,,,
1760,0.0,438.506256,-307.655121,58.503502,-0.8895863774,-0.4504558181,-0.0756679138,,,,
1761,0.0,438.506256,-307.655121,58.503502,-0.8895863774,-0.4504558181,-0.0756679138,,,,
1762,0.0,438.506256,-307.655121,58.503502,-0.8895863774,-0.4504558181,-0.0756679138,,,,
1763,0.0,438.506256,-307.655121,58.503502,-0.8895863774,-0.4504558181,-0.0756679138,,,,
1764,0.0,438.506256,-307.655121,58.503502,-0.8895863774,-0.4504558181,-0.0756679138,,,,
1765,0.0,438.506256,-307.655121,58.503502,-0.8895863774,-0.4504558181,-0.0756679138,,,,
1766,0.0,438.506256,-307.655121,58.503502,-0.8895863774,-0.4504558181,-0.0756679138,,,,
1767,0.0,438.506256,-307.655121,58.503502,-0.8895863774,-0.4504558181,-0.0756679138,,,,
1768,0.0,438.506256,-307.655121,58.503502,-0.8895863774,-0.4504558181,-0.0756679138,,,,
1769,0.0,438.506256,-307.655121,58.503502,-0.8895863774,-0.4504558181,-0.0756679138,,,,
1770,0.0,438.506256,-307.655121,58.503502,-0.8895863774,-0.4504558181,-0.0756679138,,,,
1771,0.0,438.506256,-307.655121,58.503502,-0.8895863774,-0.4504558181,-0.0756679138,,,,
1772,0.0,438.506256,-307.655121,58.503502,-0.8895863774,-0.4504558181,-0.0756679138,,,,
1773,0.0,438.506256,-307.655121,58.503502,-0.8895863774,-0.4504558181,-0.0756679138,,,,
1774,0.0,438.506256,-307.655121,58.503502,-0.8895863774,-0.4504558181,-0.0756679138,,,,
1775,0.0,438.506256,-307.655121,58.503502,-0.8895863774,-0.4504558181,-0.0756679138,,,,
1776,0.0,438.506256,-307.655121,58.503502,-0.8895863774,-0.4504558181,-0.0756679138,,,,
1777,0.0,438.506256,-307.655121,58.503502,-0.8895863774,-0.4504558181,-0.0756679138,,,,
1778,0.0,438.506256,-307.655121,58.503502,-0.8895863774,-0.4504558181,-0.0756679138,,,,
1779,0.0,438.506256,-307.655121,58.503502,-0.8895863774,-0.4504558181,-0.0756679138,,,,
1780,0.0,438.506256,-307.655121,58.503502,-0.8895863774,-0.4504558181,-0.0756679138,,,,
1781,0.0,438.506256,-307.655121,58.503502,-0.8895863774,-0.4504558181,-0.0756679138,,,,
1782,0.0,438.506256,-307.655121,58.503502,-0.8895863774,-0.4504558181,-0.0756679138,,,,
1783,0.0,438.506256,-307.655121,58.503502,-0.8895863774,-0.4504558181,-0.0756679138,,,,
1784,0.0,438.506256,-307.655121,58.503502,-0.8895863774,-0.4504558181,-0.0756679138,,,,
1785,0.0,438.506256,-307.655121,58.503502,-0.8895863774,-0.4504558181,-0.0756679138,,,,
1786,0.0,438.506256,-307.655121,58.503502,-0.8895863774,-0.4504558181,-0.0756679138,,,,
1787,0.0,438.506256,-307.655121,58.503502,-0.8895863774,-0.4504558181,-0.0756679138,,,,
1788,0.0,438.506256,-307.655121,58.503502,-0.8895863774,-0.4504558181,-0.0756679138,,,,
1789,0.0,438.506256,-307.655121,58.503502,-0.8895863774,-0.4504558181,-0.0756679138,,,,
1790,0.0,438.506256,-307.655121,58.503502,-0.8895863774,-0.4504558181,-0.0756679138,,,,
1791,0.0,438.506256,-307.655121,58.503502,-0.8895863774,-0.4504558181,-0.0756679138,,,,
1792,0.0,438.506256,-307.655121,58.503502,-0.8895863774,-0.4504558181,-0.0756679138,,,,
1793,0.0,438.506256,-307.655121,58.503502,-0.8895863774,-0.4504558181,-0.0756679138,,,,
1794,0.0,438.506256,-307.655121,58.503502,-0.8895863774,-0.4504558181,-0.0756679138,,,,
1795,0.0,438.506256,-307.655121,58.503502,-0.8895863774,-0.4504558181,-0.0756679138,,,,
1796,0.0,438.506256,-307.655121,58.503502,-0.8895863774,-0.4504558181,-0.0756679138,,,,
1797,0.0,438.506256,-307.655121,58.503502,-0.8895863774,-0.4504558181,-0.0756679138,,,,
1798,0.0,438.506256,-307.655121,58.503502,-0.8895863774,-0.4504558181,-0.0756679138,,,,
1799,0.0,438.506256,-307.655121,58.503502,-0.8895863774,-0.4504558181,-0.0756679138,,,,
1800,0.0,438.506256,-307.655121,58.503502,-0.8895863774,-0.4504558181,-0.0756679138,,,,
1801,0.0,438.506256,-307.655121,58.503502,-0.8895863774,-0.4504558181,-0.0756679138,,,,
1802,0.0,438.506256,-307.655121,58.503502,-0.8895863774,-0.4504558181,-0.0756679138,,,,
1803,0.0,438.506256,-307.655121,58.503502,-0.8895863774,-0.4504558181,-0.0756679138,,,,
1804,0.0,438.506256,-307.655121,58.503502,-0.8895863774,-0.4504558181,-0.0756679138,,,,
1805,0.0,438.506256,-307.655121,58.503502,-0.8895863774,-0.4504558181,-0.0756679138,,,,
1806,0.0,438.506256,-307.655121,58.503502,-0.8895863774,-0.4504558181,-0.0756679138,,,,
1807,0.0,438.506256,-307.655121,58.503502,-0.8895863774,-0.4504558181,-0.0756679138,,,,
1808,0.0,438.506256,-307.655121,58.503502,-0.8895863774,-0.4504558181,-0.0756679138,,,,
1809,0.0,438.506256,-307.655121,58.503502,-0.8895863774,-0.4504558181,-0.0756679138,,,,
1810,0.0,438.506256,-307.655121,58.503502,-0.8895863774,-0.4504558181,-0.0756679138,,,,
1811,0.0,438.506256,-307.655121,58.503502,-0.8895863774,-0.4504558181,-0.0756679138,,,,
1812,0.0,438.506256,-307.655121,58.503502,-0.8895863774,-0.4504558181,-0.0756679138,,,,
1813,0.0,438.506256,-307.655121,58.503502,-0.8895863774,-0.4504558181,-0.0756679138,,,,
1814,0.0,438.506256,-307.655121,58.503502,-0.8895863774,-0.4504558181,-0.0756679138,,,,
1815,0.0,438.506256,-307.655121,58.503502,-0.8895863774,-0.4504558181,-0.0756679138,,,,
1816,0.0,438.506256,-307.655121,58.503502,-0.8895863774,-0.4504558181,-0.0756679138,,,,
1817,0.0,438.506256,-307.655121,58.503502,-0.8895863774,-0.4504558181,-0.0756679138,,,,
1818,0.0,438.495026,-307.644226,58.503502,-0.8903782059,-0.4488886703,-0.0756677745,,,,
1819,0.0,438.449982,-307.599762,58.503502,-0.8935460211,-0.4425493148,-0.0756677745,,,,
1820,0.0,438.370209,-307.517731,58.503502,-0.899291619,-0.4311417665,-0.0734258893,,,,
1821,0.0,438.241058,-307.374878,58.503502,-0.9085842821,-0.4118760166,-0.0695179789,,,,
1822,0.0,438.088409,-307.188019,58.503502,-0.9194970161,-0.3876057711,-0.0654752136,,,,
1823,0.0,437.805054,-306.773682,58.503502,-0.9397125827,-0.3368712703,-0.05880484,,,,
1824,0.0,437.383057,-305.86026,58.503502,-0.9710345145,-0.2347866941,-0.0443529018,,,,
1825,0.0,438.876373,-307.038177,56.054642,-0.9950412233,-0.0962282765,-0.025161135,,,,
1826,0.0,436.887512,-307.415436,55.598125,-0.9892859029,0.1459890922,0.0007663565,,,,
1827,0.0,436.28302,-306.466461,55.329826,-0.9617620534,0.2736975371,0.0101691078,,,,
2021,0.0,1683.318848,434.382538,118.994781,-0.851771031,0.515428314,0.0939135979,0.0531356852,354.1673440909,1101.1526532815,0.0
2022,0.0,1683.318848,434.382538,118.994781,-0.851771031,0.515428314,0.0939135979,0.0537277505,356.2045332268,1101.5350438985,0.0
2023,0.0,1683.318848,434.382538,118.994781,-0.851771031,0.515428314,0.0939135979,0.0546016218,359.12320628,1101.8853879253,0.0
2024,0.0,1683.318848,434.382538,118.994781,-0.851771031,0.515428314,0.0939135979,0.0551852209,361.0220853912,1102.0042126044,0.0
2025,0.0,1683.318848,434.382538,118.994781,-0.851771031,0.515428314,0.0939135979,0.0560314857,363.7017959254,1102.0080400377,0.0
2026,0.0,1683.318848,434.382538,118.994781,-0.851771031,0.515428314,0.0939135979,0.0567005162,365.7816878671,1101.9416178079,0.0
2027,0.0,1681.836792,431.933472,92.907288,-0.851771031,0.515428314,0.0939135979,0.0538341719,356.0231486099,1099.9154364253,0.0
2028,0.0,1681.836792,431.933472,98.396576,-0.851771031,0.515428314,0.0939135979,0.0552926527,360.6323459518,1099.7749837007,0.0
2029,0.0,1681.836792,431.933472,102.813263,-0.851771031,0.515428314,0.0939135979,0.0565158196,364.4311578551,1099.6132913339,0.0
2030,0.0,1681.836792,431.933472,108.547783,-0.851771031,0.515428314,0.0939135979,0.0581471592,369.413658406,1099.3615419995,0.0
2031,0.0,1681.836792,431.933472,111.2230645,-0.851771031,0.515428314,0.0939135979,0.0589208773,371.7420415362,1099.2479954139,0.0
2032,0.0,1681.836792,431.933472,118.994781,-0.851771031,0.515428314,0.0939135979,0.0611986864,378.5374165673,1098.932736578,0.0
2033,0.0,1681.836792,431.933472,118.994781,-0.851771031,0.515428314,0.0939135979,0.0619992381,380.7725932879,1098.4885483592,0.0
2034,0.0,1681.836792,431.933472,118.994781,-0.851771031,0.515428314,0.0939135979,0.0627676089,382.8968589304,1098.0526141904,0.0
2035,0.0,1681.836792,431.933472,118.994781,-0.851771031,0.515428314,0.0939135979,0.0637151969,385.4523055827,1097.3988844538,0.0
2036,0.0,1691.6073,433.948303,119.031189,0.6739863327,0.7383194278,0.0250368893,,,,
2037,0.0,1696.911621,428.0,118.994781,1.0,0.0,0.0,,,,
2038,0.0,1696.911133,428.0,118.994781,1.0,0.0,0.0,,,,
2039,0.0,1696.906372,428.0,118.994781,1.0,0.0,0.0,,,,
2040,0.0,1696.907471,428.0,118.994781,1.0,0.0,0.0,,,,
2041,0.0,1696.909058,428.0,118.994781,1.0,0.0,0.0,,,,
2042,0.0,1696.886475,428.0,118.994781,1.0,0.0,0.0,,,,
2043,0.0,1696.911133,428.0,118.994781,1.0,0.0,0.0,,,,
2044,0.0,1696.909058,428.0,118.994781,1.0,0.0,0.0,,,,
2045,0.0,1696.913086,428.0,118.994781,1.0,0.0,0.0,,,,
2046,0.0,1696.910156,428.0,118.994781,1.0,0.0,0.0,,,,
2047,0.0,1696.88855,428.0,118.994781,1.0,0.0,0.0,,,,
2048,0.0,1696.901001,428.0,118.994781,1.0,0.0,0.0,,,,
2049,0.0,1696.907715,428.0,118.994781,1.0,0.0,0.0,,,,
2050,0.0,1696.888672,428.0,118.994781,1.0,0.0,0.0,,,,
2051,0.0,1696.911377,428.0,118.994774,1.0,0.0,0.0,,,,
2052,0.0,1696.907349,428.0,118.994781,1.0,0.0,0.0,,,,
2053,0.0,1696.907104,428.0,118.994781,1.0,0.0,0.0,,,,
2054,0.0,1696.882568,428.0,118.994781,1.0,0.0,0.0,,,,
2055,0.0,1696.902832,428.0,118.994781,1.0,0.0,0.0,,,,
2056,0.0,1696.886841,428.0,118.994781,1.0,0.0,0.0,,,,
2057,0.0,1696.911743,428.0,118.994781,1.0,0.0,0.0,,,,
2058,0.0,1696.905762,428.0,118.994781,1.0,0.0,0.0,,,,
2059,0.0,1696.883301,428.0,118.994774,1.0,0.0,0.0,,,,
2060,0.0,1696.907349,428.0,118.994781,1.0,0.0,0.0,,,,
2061,0.0,1696.906982,428.0,118.994781,1.0,0.0,0.0,,,,
2062,0.0,1696.907959,428.0,118.994781,1.0,0.0,0.0,,,,
2063,0.0,1696.892822,428.0,118.994781,1.0,0.0,0.0,,,,
2064,0.0,1696.906616,428.0,118.994781,1.0,0.0,0.0,,,,
2065,0.0,1696.903809,428.0,118.994781,1.0,0.0,0.0,,,,
2066,0.0,1696.907104,428.0,118.994781,1.0,0.0,0.0,,,,
2067,0.0,1696.910034,428.0,118.994781,1.0,0.0,0.0,,,,
2068,0.0,1696.886841,428.0,118.994781,1.0,0.0,0.0,,,,
2069,0.0,1696.910645,428.0,118.994781,1.0,0.0,0.0,,,,
2070,0.0,1696.907715,428.0,118.994781,1.0,0.0,0.0,,,,
2071,0.0,1696.909058,428.0,118.994781,1.0,0.0,0.0,,,,
2072,0.0,1696.903442,428.0,118.994781,1.0,0.0,0.0,,,,
2073,0.0,1696.88855,428.0,118.994781,1.0,0.0,0.0,,,,
2074,0.0,1696.908691,428.0,118.994781,1.0,0.0,0.0,,,,
2075,0.0,1696.901978,428.0,118.994781,1.0,0.0,0.0,,,,
2076,0.0,1696.887939,428.0,118.994781,1.0,0.0,0.0,,,,
2077,0.0,1696.90979,428.0,118.994781,1.0,0.0,0.0,,,,
2078,0.0,1696.883667,428.0,118.994781,1.0,0.0,0.0,,,,
2079,0.0,1696.900146,428.0,118.994781,1.0,0.0,0.0,,,,
2080,0.0,1696.886963,428.0,118.994781,1.0,0.0,0.0,,,,
2081,0.0,1696.907471,428.0,118.994781,1.0,0.0,0.0,,,,
2082,0.0,1696.888916,428.0,118.994781,1.0,0.0,0.0,,,,
2083,0.0,1696.907593,428.0,118.994781,1.0,0.0,0.0,,,,
2084,0.0,1696.911133,428.0,118.994781,1.0,0.0,0.0,,,,
2085,0.0,1696.906372,428.0,118.994781,1.0,0.0,0.0,,,,
2086,0.0,1696.9069825,428.0,118.994781,1.0,0.0,0.0,,,,
2087,0.0,1696.884277,428.0,118.994774,1.0,0.0,0.0,,,,
2088,0.0,1696.910645,428.0,118.994781,1.0,0.0,0.0,,,,
2089,0.0,1696.88147,428.0,118.994781,1.0,0.0,0.0,,,,
2090,0.0,1697.068481,428.0,118.994781,1.0,0.0,0.0,,,,
2091,0.0,1697.149414,428.0,118.994781,1.0,0.0,0.0,,,,
2092,0.0,1697.247192,428.0,118.994781,1.0,0.0,0.0,,,,
2093,0.0,1697.339844,427.948242,118.994781,1.0,0.0,0.0,,,,
2094,0.0,1697.42395,427.65097,118.994781,1.0,0.0,0.0,,,,
2095,0.0,1697.443726,427.576202,118.994781,1.0,0.0,0.0,,,,
2096,0.0,1697.547485,427.135651,118.994781,1.0,0.0,0.0,,,,
2097,0.0,1697.607788,426.829376,118.994781,1.0,0.0,0.0,,,,
2098,0.0,1697.651245,426.571564,118.994781,1.0,0.0,0.0,,,,
2099,0.0,1697.68335,426.346405,118.994781,1.0,0.0,0.0,,,,
2100,0.0,1697.721191,426.019348,118.994781,1.0,0.0,0.0,,,,
2101,0.0,1697.739624,425.81369,118.994781,1.0,0.0,0.0,,,,
2102,0.0,1697.76123,425.473785,118.994781,1.0,0.0,0.0,,,,
2103,0.0,1697.770752,425.160614,118.994781,1.0,0.0,0.0,,,,
2104,0.0,1697.771851,424.93927,118.994781,1.0,0.0,0.0,,,,
2105,0.0,1697.765137,424.624451,118.994781,1.0,0.0,0.0,,,,
2106,0.0,1692.899292,426.756958,120.105202,1.0,0.0,0.0,,,,
2107,0.0,1692.404053,428.0,120.669861,1.0,0.0,0.0,,,,
2108,0.0,1692.361938,427.995819,120.685966,1.0,0.0,0.0,,,,
2109,0.0,1692.252686,427.824219,120.718826,1.0,0.0,0.0,,,,
2110,0.0,1692.210449,427.7229,120.716377,1.0,0.0,0.0,,,,
2111,0.0,1692.117798,427.598114,120.716843,1.0,0.0,0.0,,,,
2112,0.0,1692.104248,427.483093,120.727119,1.0,0.0,0.0,,,,
2113,0.0,1692.11499,427.41626,120.730614,1.0,0.0,0.0,,,,
2114,0.0,1692.119507,427.319977,120.749519,1.0,0.0,0.0,,,,
2115,0.0,1692.148071,427.230011,120.773361,1.0,0.0,0.0,,,,
2116,0.0,1692.165894,427.135712,120.809555,1.0,0.0,0.0,,,,
2117,0.0,1692.174194,427.027649,120.869019,1.0,0.0,0.0,,,,
2118,0.0,1692.182251,426.896118,120.93808,1.0,0.0,0.0,,,,
2119,0.0,1692.193848,426.780701,120.983078,1.0,0.0,0.0,,,,
2120,0.0,1692.198364,426.659637,121.036331,1.0,0.0,0.0,,,,
2121,0.0,1692.210083,426.550629,121.074692,1.0,0.0,0.0,,,,
2122,0.0,1692.221924,426.431,121.114815,1.0,0.0,0.0,,,,
2123,0.0,1692.236938,426.323822,121.137642,1.0,0.0,0.0,,,,
2124,0.0,1692.27771,426.153015,121.158104,1.0,0.0,0.0,,,,
2125,0.0,1692.328857,426.074005,121.150169,1.0,0.0,0.0,,,,
2126,0.0,1692.361816,426.101227,121.135101,1.0,0.0,0.0,,,,
2127,0.0,1692.4005125,426.1314395,121.1161805,1.0,0.0,0.0,,,,
2128,0.0,1692.49707,426.215179,121.078079,1.0,0.0,0.0,,,,
2129,0.0,1692.589722,426.307678,121.057472,1.0,0.0,0.0,,,,
2130,0.0,1692.706177,426.425568,121.038757,1.0,0.0,0.0,,,,
2131,0.0,1692.819946,426.538757,121.037384,1.0,0.0,0.0,,,,
2132,0.0,1692.952148,426.675598,121.032684,1.0,0.0,0.0,,,,
2133,0.0,1693.055054,426.804443,121.03109,1.0,0.0,0.0,,,,
2134,0.0,1693.199829,426.995209,121.03154,1.0,0.0,0.0,,,,
2135,0.0,1693.281494,427.117401,121.033409,1.0,0.0,0.0,,,,
2136,0.0,1693.340332,427.204773,121.034401,1.0,0.0,0.0,,,,
2137,0.0,1693.444824,427.365601,121.037621,1.0,0.0,0.0,,,,
2138,0.0,1693.51062,427.471069,121.042061,1.0,0.0,0.0,,,,
2139,0.0,1693.550781,427.545319,121.052231,1.0,0.0,0.0,,,,
2140,0.0,1693.595947,427.628815,121.062256,1.0,0.0,0.0,,,,
2141,0.0,1693.615723,427.684967,121.065826,1.0,0.0,0.0,,,,
2142,0.0,1693.629272,427.752136,121.069199,1.0,0.0,0.0,,,,
2143,0.0,1693.616821,427.77594,121.051476,1.0,0.0,0.0,,,,
2144,0.0,1693.606201,427.789734,121.037369,1.0,0.0,0.0,,,,
2145,0.0,1693.567505,427.798218,121.011208,1.0,0.0,0.0,,,,
2146,0.0,1693.494751,427.776093,120.981415,1.0,0.0,0.0,,,,
2147,0.0,1693.426147,427.752686,120.952888,1.0,0.0,0.0,,,,
2148,0.0,1693.3479,427.710419,120.928062,1.0,0.0,0.0,,,,
2149,0.0,1693.253906,427.652344,120.902191,1.0,0.0,0.0,,,,
2150,0.0,1693.121704,427.561676,120.873337,1.0,0.0,0.0,,,,
2151,0.0,1693.04126,427.496948,120.869255,1.0,0.0,0.0,,,,
2152,0.0,1692.946655,427.418213,120.864288,1.0,0.0,0.0,,,,
2153,0.0,1692.823486,427.30954,120.865837,1.0,0.0,0.0,,,,
2154,0.0,1692.734619,427.228485,120.88224,1.0,0.0,0.0,,,,
2155,0.0,1692.632202,427.132294,120.906883,1.0,0.0,0.0,,,,
2156,0.0,1692.572021,427.083282,120.94136,1.0,0.0,0.0,,,,
2157,0.0,1692.442993,426.974762,121.019249,1.0,0.0,0.0,,,,
2158,0.0,1692.389526,426.921967,121.066208,1.0,0.0,0.0,,,,
2159,0.0,1692.318359,426.839996,121.144264,1.0,0.0,0.0,,,,
2160,0.0,1692.276855,426.769073,121.219444,1.0,0.0,0.0,,,,
2161,0.0,1692.255737,426.691376,121.308418,1.0,0.0,0.0,,,,
2162,0.0,1692.258057,426.664612,121.339882,1.0,0.0,0.0,,,,
2163,0.0,1692.274902,426.625427,121.388412,1.0,0.0,0.0,,,,
2164,0.0,1692.32251,426.574127,121.453491,1.0,0.0,0.0,,,,
2165,0.0,1692.356689,426.549683,121.483582,1.0,0.0,0.0,,,,
2166,0.0,1692.367432,426.542389,121.491554,1.0,0.0,0.0,,,,
2167,0.0,1692.38147,426.527649,121.498825,1.0,0.0,0.0,,,,
2168,0.0,1692.381348,426.520996,121.497498,1.0,0.0,0.0,,,,
2169,0.0,1692.380615,426.509705,121.49617,1.0,0.0,0.0,,,,
2170,0.0,1692.381348,426.503754,121.496376,1.0,0.0,0.0,,,,
2171,0.0,1692.382568,426.492188,121.497833,1.0,0.0,0.0,,,,
2172,0.0,1692.383667,426.48291,121.500366,1.0,0.0,0.0,,,,
2173,0.0,1692.384399,426.476837,121.502075,1.0,0.0,0.0,,,,
2174,0.0,1692.384521,426.464752,121.506409,1.0,0.0,0.0,,,,
2175,0.0,1692.384766,426.456116,121.509804,1.0,0.0,0.0,,,,
2176,0.0,1692.384155,426.449158,121.513618,1.0,0.0,0.0,,,,
2177,0.0,1692.383667,426.444824,121.515945,1.0,0.0,0.0,,,,
2178,0.0,1692.385498,426.435913,121.518066,1.0,0.0,0.0,,,,
2179,0.0,1692.387817,426.426666,121.519371,1.0,0.0,0.0,,,,
2180,0.0,1692.388306,426.423187,121.51667,1.0,0.0,0.0,,,,
2181,0.0,1692.388428,426.421021,121.514977,1.0,0.0,0.0,,,,
2182,0.0,1692.391724,426.416687,121.513786,1.0,0.0,0.0,,,,
2183,0.0,1692.392944,426.415649,121.513832,1.0,0.0,0.0,,,,
2184,0.0,1692.394531,426.414215,121.513893,1.0,0.0,0.0,,,,
2185,0.0,1692.393921,426.408539,121.508568,1.0,0.0,0.0,,,,
2186,0.0,1692.393677,426.407867,121.507805,1.0,0.0,0.0,,,,
2187,0.0,1692.396362,426.402893,121.505447,1.0,0.0,0.0,,,,
2188,0.0,1692.39917,426.398254,121.503555,1.0,0.0,0.0,,,,
2189,0.0,1692.39978,426.393066,121.501785,1.0,0.0,0.0,,,,
2190,0.0,1692.395752,426.387299,121.500648,1.0,0.0,0.0,,,,
2191,0.0,1692.394287,426.384369,121.500053,1.0,0.0,0.0,,,,
2192,0.0,1692.393188,426.378265,121.498741,1.0,0.0,0.0,,,,
2193,0.0,1692.391968,426.372223,121.497421,1.0,0.0,0.0,,,,
2194,0.0,1692.389038,426.366974,121.49337,1.0,0.0,0.0,,,,
2195,0.0,1692.383179,426.358551,121.484871,1.0,0.0,0.0,,,,
2196,0.0,1692.38147,426.355682,121.483871,1.0,0.0,0.0,,,,
2197,0.0,1692.376831,426.347168,121.484573,1.0,0.0,0.0,,,,
2198,0.0,1692.374512,426.342804,121.484879,1.0,0.0,0.0,,,,
2199,0.0,1692.371826,426.332397,121.480042,1.0,0.0,0.0,,,,
2200,0.0,1692.368896,426.32135,121.474869,1.0,0.0,0.0,,,,
2201,0.0,1692.366455,426.315033,121.470825,1.0,0.0,0.0,,,,
2202,0.0,1692.364502,426.310364,121.467827,1.0,0.0,0.0,,,,
2203,0.0,1692.359741,426.298035,121.462433,1.0,0.0,0.0,,,,
2204,0.0,1692.356934,426.290314,121.46048,1.0,0.0,0.0,,,,
2205,0.0,1692.350464,426.270142,121.452965,1.0,0.0,0.0,,,,
2206,0.0,1692.349243,426.264481,121.4494095,1.0,0.0,0.0,,,,
2207,0.0,1692.348022,426.25882,121.445854,1.0,0.0,0.0,,,,
2208,0.0,1692.344482,426.247925,121.444916,1.0,0.0,0.0,,,,
2209,0.0,1692.338501,426.230225,121.444847,1.0,0.0,0.0,,,,
2210,0.0,1692.331299,426.213104,121.435776,1.0,0.0,0.0,,,,
2211,0.0,1692.326538,426.201721,121.429718,1.0,0.0,0.0,,,,
2212,0.0,1692.3240965,426.1957395,121.427292,1.0,0.0,0.0,,,,
2213,0.0,1692.321655,426.189758,121.424866,1.0,0.0,0.0,,,,
2214,0.0,1695.934692,422.0,118.994781,1.0,0.0,0.0,,,,
2215,0.0,1695.934692,422.0,118.994774,1.0,0.0,0.0,,,,
2216,0.0,1695.934692,422.0,118.994781,1.0,0.0,0.0,,,,
2217,0.0,1695.934692,422.0,118.994781,1.0,0.0,0.0,,,,
2218,0.0,1695.934692,422.0,118.994781,1.0,0.0,0.0,,,,
2219,0.0,1695.934692,422.0,118.994781,1.0,0.0,0.0,,,,
2220,0.0,1695.934692,422.0,118.994781,1.0,0.0,0.0,,,,
2221,0.0,1695.934692,422.0,118.994781,1.0,0.0,0.0,,,,
2222,0.0,1695.934692,422.0,118.994781,1.0,0.0,0.0,,,,
2223,0.0,1695.934692,422.0,118.994781,1.0,0.0,0.0,,,,
2224,0.0,1695.934692,422.0,118.994781,1.0,0.0,0.0,,,,
2225,0.0,1695.934692,422.0,118.994781,1.0,0.0,0.0,,,,
2226,0.0,1695.934692,422.0,118.994781,1.0,0.0,0.0,,,,
2227,0.0,1695.934692,422.0,118.994781,1.0,0.0,0.0,,,,
2228,0.0,1695.934692,422.0,118.994781,1.0,0.0,0.0,,,,
2229,0.0,1695.934692,422.0,118.994781,1.0,0.0,0.0,,,,
2230,0.0,1695.934692,422.0,118.994781,1.0,0.0,0.0,,,,
2231,0.0,1692.155273,425.932831,121.400887,1.0,0.0,0.0,,,,
2232,0.0,1692.139282,425.912964,121.401451,1.0,0.0,0.0,,,,
2233,0.0,1692.126953,425.898193,121.404831,1.0,0.0,0.0,,,,
2234,0.0,1692.119263,425.889008,121.407623,1.0,0.0,0.0,,,,
2235,0.0,1692.10437,425.871979,121.410423,1.0,0.0,0.0,,,,
2236,0.0,1692.096191,425.863373,121.409561,1.0,0.0,0.0,,,,
2237,0.0,1692.082764,425.849335,121.408119,1.0,0.0,0.0,,,,
2238,0.0,1692.072266,425.839844,121.408058,1.0,0.0,0.0,,,,
2239,0.0,1692.061401,425.83017,121.408012,1.0,0.0,0.0,,,,
2240,0.0,1692.053467,425.821594,121.406601,1.0,0.0,0.0,,,,
2241,0.0,1692.046631,425.812592,121.404129,1.0,0.0,0.0,,,,
2242,0.0,1692.040039,425.803497,121.401619,1.0,0.0,0.0,,,,
2243,0.0,1692.035889,425.796265,121.399567,1.0,0.0,0.0,,,,
2244,0.0,1692.029053,425.784607,121.396278,1.0,0.0,0.0,,,,
2245,0.0,1692.022583,425.77121,121.39003,1.0,0.0,0.0,,,,
2246,0.0,1692.019775,425.766113,121.38839,1.0,0.0,0.0,,,,
2247,0.0,1692.0189815,425.7651365,121.3886265,1.0,0.0,0.0,,,,
2248,0.0,1692.01709,425.762695,121.389206,1.0,0.0,0.0,,,,
2249,0.0,1692.016724,425.757996,121.383354,1.0,0.0,0.0,,,,
2250,0.0,1692.016846,425.755493,121.379913,1.0,0.0,0.0,,,,
2251,0.0,1692.019287,425.752014,121.37085,1.0,0.0,0.0,,,,
2252,0.0,1692.022095,425.750397,121.363693,1.0,0.0,0.0,,,,
2253,0.0,1692.027344,425.748383,121.352669,1.0,0.0,0.0,,,,
2254,0.0,1692.031128,425.747711,121.346748,1.0,0.0,0.0,,,,
2255,0.0,1692.038208,425.746552,121.336075,1.0,0.0,0.0,,,,
2256,0.0,1692.041992,425.749023,121.334549,1.0,0.0,0.0,,,,
2257,0.0,1692.047974,425.752777,121.332176,1.0,0.0,0.0,,,,
2258,0.0,1692.050537,425.757385,121.332245,1.0,0.0,0.0,,,,
2259,0.0,1692.054199,425.770355,121.334656,1.0,0.0,0.0,,,,
2260,0.0,1692.05603,425.777802,121.336075,1.0,0.0,0.0,,,,
2261,0.0,1692.058228,425.793671,121.339561,1.0,0.0,0.0,,,,
2262,0.0,1692.061157,425.814758,121.344193,1.0,0.0,0.0,,,,
2263,0.0,1692.062744,425.828217,121.347221,1.0,0.0,0.0,,,,
2264,0.0,1692.065308,425.849945,121.352135,1.0,0.0,0.0,,,,
2265,0.0,1692.065552,425.867981,121.357025,1.0,0.0,0.0,,,,
2266,0.0,1692.064087,425.896515,121.36602,1.0,0.0,0.0,,,,
2267,0.0,1692.0636393333,425.903707,121.368314,1.0,0.0,0.0,,,,
2268,0.0,1692.0631916667,425.910899,121.370608,1.0,0.0,0.0,,,,
2269,0.0,1692.062744,425.918091,121.372902,1.0,0.0,0.0,,,,
2270,0.0,1692.032715,426.042175,121.439148,1.0,0.0,0.0,,,,
2271,0.0,1692.043335,426.014771,121.42318,1.0,0.0,0.0,,,,
2272,0.0,1692.036133,426.035767,121.43531,1.0,0.0,0.0,,,,
2273,0.0,1692.02832,426.049377,121.443466,1.0,0.0,0.0,,,,
2274,0.0,1692.02002,426.063782,121.451981,1.0,0.0,0.0,,,,
2275,0.0,1692.007324,426.076508,121.459419,1.0,0.0,0.0,,,,
2276,0.0,1691.991211,426.091003,121.46788,1.0,0.0,0.0,,,,
2277,0.0,1691.985107,426.098816,121.471985,1.0,0.0,0.0,,,,
2278,0.0,1691.978027,426.10788,121.476601,1.0,0.0,0.0,,,,
2279,0.0,1691.966919,426.117981,121.479675,1.0,0.0,0.0,,,,
2280,0.0,1691.958984,426.120056,121.477104,1.0,0.0,0.0,,,,
2281,0.0,1691.951538,426.121979,121.474701,1.0,0.0,0.0,,,,
2282,0.0,1691.945435,426.11792,121.466515,1.0,0.0,0.0,,,,
2283,0.0,1691.942261,426.11438,121.460617,1.0,0.0,0.0,,,,
2284,0.0,1691.936279,426.105621,121.451591,1.0,0.0,0.0,,,,
2285,0.0,1691.926392,426.088013,121.439041,1.0,0.0,0.0,,,,
2286,0.0,1691.920288,426.074371,121.43222,1.0,0.0,0.0,,,,
2287,0.0,1691.915283,426.063263,121.426659,1.0,0.0,0.0,,,,
2288,0.0,1691.909424,426.050629,121.42514,1.0,0.0,0.0,,,,
2289,0.0,1691.901489,426.034119,121.424095,1.0,0.0,0.0,,,,
2290,0.0,1691.895508,426.017242,121.42173,1.0,0.0,0.0,,,,
2291,0.0,1691.891846,426.003601,121.418945,1.0,0.0,0.0,,,,
2292,0.0,1691.887695,425.984161,121.415901,1.0,0.0,0.0,,,,
2293,0.0,1691.893555,425.963806,121.42041,1.0,0.0,0.0,,,,
2294,0.0,1691.897705,425.949432,121.423576,1.0,0.0,0.0,,,,
2295,0.0,1691.9021,425.929871,121.425743,1.0,0.0,0.0,,,,
2296,0.0,1691.905518,425.911652,121.426682,1.0,0.0,0.0,,,,
2297,0.0,1691.908081,425.896698,121.428009,1.0,0.0,0.0,,,,
2298,0.0,1691.911255,425.875,121.43145,1.0,0.0,0.0,,,,
2299,0.0,1691.914673,425.856537,121.434258,1.0,0.0,0.0,,,,
2300,0.0,1691.922729,425.842957,121.4356,1.0,0.0,0.0,,,,
2301,0.0,1691.934082,425.823578,121.437462,1.0,0.0,0.0,,,,
2302,0.0,1691.943481,425.807373,121.436935,1.0,0.0,0.0,,,,
2303,0.0,1691.950073,425.795868,121.435875,1.0,0.0,0.0,,,,
2304,0.0,1691.960938,425.778961,121.433899,1.0,0.0,0.0,,,,
2305,0.0,1691.97229,425.766205,121.430931,1.0,0.0,0.0,,,,
2306,0.0,1691.980713,425.756836,121.428757,1.0,0.0,0.0,,,,
2307,0.0,1691.992065,425.7453,121.424973,1.0,0.0,0.0,,,,
2308,0.0,1692.003662,425.733826,121.420837,1.0,0.0,0.0,,,,
2309,0.0,1692.008667,425.729828,121.418297,1.0,0.0,0.0,,,,
2310,0.0,1692.019287,425.723114,121.411598,1.0,0.0,0.0,,,,
2311,0.0,1692.028442,425.717926,121.407074,1.0,0.0,0.0,,,,
2312,0.0,1692.036255,425.71524,121.406532,1.0,0.0,0.0,,,,
2313,0.0,1692.046753,425.71167,121.405746,1.0,0.0,0.0,,,,
2314,0.0,1692.05835,425.715851,121.407021,1.0,0.0,0.0,,,,
2315,0.0,1692.070801,425.721344,121.408607,1.0,0.0,0.0,,,,
2316,0.0,1692.081421,425.726837,121.410858,1.0,0.0,0.0,,,,
2389,0.0,1692.55481,426.635406,121.39595,1.0,0.0,0.0,,,,
2390,0.0,1692.556519,426.637207,121.394775,1.0,0.0,0.0,,,,
2391,0.0,1692.557617,426.64035,121.392715,1.0,0.0,0.0,,,,
2392,0.0,1692.55835,426.641418,121.391685,1.0,0.0,0.0,,,,
2393,0.0,1692.55957,426.642365,121.389877,1.0,0.0,0.0,,,,
2394,0.0,1692.560791,426.643341,121.388016,1.0,0.0,0.0,,,,
2395,0.0,1692.560913,426.643219,121.387726,1.0,0.0,0.0,,,,
2396,0.0,1692.560913,426.643097,121.387619,1.0,0.0,0.0,,,,
2397,0.0,1692.560059,426.643005,121.387527,1.0,0.0,0.0,,,,
2398,0.0,1692.557739,426.642944,121.387451,1.0,0.0,0.0,,,,
2399,0.0,1692.557007,426.642639,121.387619,1.0,0.0,0.0,,,,
2400,0.0,1692.556274,426.637756,121.390251,1.0,0.0,0.0,,,,
2401,0.0,1692.556152,426.636444,121.390999,1.0,0.0,0.0,,,,
2402,0.0,1692.55603,426.636169,121.391129,1.0,0.0,0.0,,,,
2403,0.0,1692.55249,426.634094,121.391342,1.0,0.0,0.0,,,,
2404,0.0,1692.546631,426.630768,121.390686,1.0,0.0,0.0,,,,
2405,0.0,1692.541382,426.627167,121.389198,1.0,0.0,0.0,,,,
2406,0.0,1692.538574,426.625275,121.388657,1.0,0.0,0.0,,,,
2407,0.0,1692.535156,426.624359,121.390274,1.0,0.0,0.0,,,,
2408,0.0,1692.531616,426.623291,121.392044,1.0,0.0,0.0,,,,
2409,0.0,1692.523682,426.620239,121.389687,1.0,0.0,0.0,,,,
2410,0.0,1692.519287,426.618561,121.387863,1.0,0.0,0.0,,,,
2411,0.0,1692.538208,426.585541,121.37661,1.0,0.0,0.0,,,,
2412,0.0,1692.58252,426.520721,121.348755,1.0,0.0,0.0,,,,
2413,0.0,1692.768555,426.223602,121.23645,1.0,0.0,0.0,,,,
2414,0.0,1692.827759,426.123535,121.205536,1.0,0.0,0.0,,,,
2415,0.0,1692.969849,425.880371,121.137405,1.0,0.0,0.0,,,,
2416,0.0,1693.02356,425.776947,121.13327,1.0,0.0,0.0,,,,
2417,0.0,1693.086304,425.641754,121.147461,1.0,0.0,0.0,,,,
2418,0.0,1693.077881,425.606476,121.210114,1.0,0.0,0.0,,,,
2419,0.0,1693.0438845,425.6035155,121.2865185,1.0,0.0,0.0,,,,
2420,0.0,1692.984375,425.568451,121.435448,1.0,0.0,0.0,,,,
2421,0.0,1692.9051515,425.5899505,121.5442085,1.0,0.0,0.0,,,,
2422,0.0,1692.743652,425.594666,121.770103,1.0,0.0,0.0,,,,
2423,0.0,1692.617676,425.59903,121.926544,1.0,0.0,0.0,,,,
2424,0.0,1692.431519,425.614868,122.131531,1.0,0.0,0.0,,,,
2425,0.0,1692.356934,425.597321,122.207848,1.0,0.0,0.0,,,,
2426,0.0,1692.293701,425.575378,122.250175,1.0,0.0,0.0,,,,
2427,0.0,1692.265015,425.53775,122.26181,1.0,0.0,0.0,,,,
2428,0.0,1692.236572,425.463287,122.215439,1.0,0.0,0.0,,,,
2429,0.0,1692.228149,425.428101,122.180679,1.0,0.0,0.0,,,,
2430,0.0,1692.231689,425.317596,121.946434,1.0,0.0,0.0,,,,
2431,0.0,1692.242554,425.234314,121.729553,1.0,0.0,0.0,,,,
2432,0.0,1692.256592,425.164459,121.53466,1.0,0.0,0.0,,,,
2433,0.0,1692.298096,425.022675,121.110283,1.0,0.0,0.0,,,,
2434,0.0,1692.326416,424.942261,120.882584,1.0,0.0,0.0,,,,
2435,0.0,1692.384399,424.802521,120.522133,1.0,0.0,0.0,,,,
2436,0.0,1692.414795,424.732391,120.344826,1.0,0.0,0.0,,,,
2437,0.0,1692.475952,424.616913,120.184097,1.0,0.0,0.0,,,,
2438,0.0,1692.569092,424.475952,120.015366,1.0,0.0,0.0,,,,
2439,0.0,1692.667847,424.378235,119.983681,1.0,0.0,0.0,,,,
2440,0.0,1692.807739,424.244843,119.934456,1.0,0.0,0.0,,,,
2441,0.0,1692.866577,424.204285,119.922157,1.0,0.0,0.0,,,,
2442,0.0,1693.008911,424.135925,119.915215,1.0,0.0,0.0,,,,
2443,0.0,1693.220947,424.035889,119.906448,1.0,0.0,0.0,,,,
2444,0.0,1693.59436,423.957428,119.981438,1.0,0.0,0.0,,,,
2445,0.0,1693.648682,423.921112,120.006363,0.9998882037,-0.0149390757,0.0006357012,,,,
2446,0.0,1693.646484,423.878571,120.010719,0.9991773496,-0.0405172758,0.0017246288,,,,
2447,0.0,1693.628174,423.72757,120.030594,0.9923474722,-0.1233240466,0.0061379179,,,,
2448,0.0,1693.393433,423.425446,120.039909,0.9541668348,-0.2989348777,0.0142685075,,,,
2449,0.0,1693.029907,423.023102,120.046211,0.8823100925,-0.4702320143,0.0202670511,,,,
2450,0.0,1692.505127,422.611145,120.057251,0.7236064879,-0.689653469,0.0277802696,,,,
2451,0.0,1691.503296,422.243256,120.088516,0.5531472603,-0.8325619104,0.0294749699,,,,
2452,0.0,1690.738647,421.934418,120.113586,0.3964702505,-0.9175442126,0.0303966838,,,,
2453,0.0,1689.883545,421.500214,120.134811,0.2156133709,-0.9759707913,0.0314942667,,,,
2454,0.0,1689.355225,421.342957,120.153419,0.1069571089,-0.9938439035,0.0288872363,,,,
2455,0.0,1689.391968,421.023468,120.112724,0.1014133502,-0.9942025539,0.0357297378,,,,
2456,0.0,1689.4709475,420.817337,120.0914075,0.1035866756,-0.9939274178,0.0370349324,,,,
2457,0.0,1689.629883,420.334534,120.042992,0.1057600009,-0.9936522817,0.0383401269,,,,
2458,0.0,1689.695679,419.853424,119.978737,0.1057600009,-0.9936522817,0.0383401269,,,,
2459,0.0,1689.6396485,419.730667,119.9620325,0.1057600009,-0.9936522817,0.0383401269,,,,
2460,0.0,1689.274536,419.8862,119.978485,0.1057600009,-0.9936522817,0.0383401269,,,,
2461,0.0,1689.297485,419.629639,119.978203,0.1057600009,-0.9936522817,0.0383401269,,,,
2462,0.0,1689.3937375,419.4730835,119.976803,0.1057600009,-0.9936522817,0.0383401269,,,,
2463,0.0,1689.764771,418.987427,119.964058,0.1057600009,-0.9936522817,0.0383401269,,,,
2464,0.0,1690.482178,418.266418,119.858444,0.1057600009,-0.9936522817,0.0383401269,,,,
2465,0.0,1691.043091,417.647888,119.763268,0.1057600009,-0.9936522817,0.0383401269,,,,
2466,0.0,1691.781006,416.887634,119.641594,0.1057600009,-0.9936522817,0.0383401269,,,,
2467,0.0,1692.775146,415.812103,119.515198,0.0560547016,-0.9977071457,0.0379252151,,,,
2468,0.0,1693.677979,414.817657,119.404503,0.0080928841,-0.9992628874,0.0375258192,,,,
2469,0.0,1694.443115,413.162079,119.140144,-0.1871864599,-0.981549564,0.0390087506,,,,
2470,0.0,1694.61438,411.823212,118.891548,-0.3714868929,-0.927550922,0.0405804825,,,,
2471,0.0,1694.393921,409.791992,118.531754,-0.6348990688,-0.7713954994,0.043036681,,,,
2472,0.0,1693.77063,408.640442,118.290504,-0.7909720082,-0.6102212673,0.0446462452,,,,
2473,0.0,1692.828247,407.657349,118.06958,-0.9180337569,-0.3934943131,0.0487467612,,,,
2474,0.0,1692.404419,407.175964,118.132263,-0.9783624092,-0.1976435816,0.0611883229,,,,
2475,0.0,1692.229614,405.897949,118.117874,-0.996556427,0.0031311847,0.0828582133,,,,
2476,0.0,1692.243164,404.555511,118.126732,-0.9937268434,0.0681096442,0.0887019565,,,,
2477,0.0,1691.768799,402.545563,117.962334,-0.9922771583,0.085258131,0.0900949063,,,,
2478,0.0,1692.015869,400.405579,117.944099,-0.9922771583,0.085258131,0.0900949063,,,,
2479,0.0,1692.283325,397.399292,117.883034,-0.9922771583,0.085258131,0.0900949063,,,,
2480,0.0,1690.800903,396.930664,119.177719,-0.9922771583,0.085258131,0.0900949063,,,,
2481,0.0,1691.145752,393.888702,119.254471,-0.9922771583,0.085258131,0.0900949063,,,,
2482,0.0,1691.387573,391.186859,119.322128,-0.9922771583,0.085258131,0.0900949063,,,,
2483,0.0,1691.529419,389.213562,119.371765,-0.9922771583,0.085258131,0.0900949063,,,,
2484,0.0,1691.714111,385.981445,119.453445,-0.9922771583,0.085258131,0.0900949063,,,,
2485,0.0,1691.831299,383.150055,119.525345,-0.9922771583,0.085258131,0.0900949063,,,,
2486,0.0,1691.914185,380.251801,119.599205,-0.9922771583,0.085258131,0.0900949063,,,,
2487,0.0,1691.953369,378.08252,119.654694,-0.9922771583,0.085258131,0.0900949063,,,,
2488,0.0,1691.981323,375.108246,119.733788,-0.9920530384,0.0973472395,0.0797137627,,,,
2489,0.0,1691.981201,372.310547,119.812592,-0.9894638416,0.1232919733,0.0758972692,0.1372180306,1555.4258815819,3076.5410729849,1.0
2490,0.0,1692.10376,370.362,119.871933,-0.9842714762,0.1602541214,0.0743523884,0.1197028105,1459.1041114351,3075.5363129402,1.0
2491,0.0,1692.550171,368.266327,119.950989,-0.962593945,0.2607162849,0.0737557846,0.0775589552,1187.0090076443,3074.0542276494,1.0
2492,0.0,1693.685303,367.548676,120.024574,-0.8766877624,0.4741387543,0.0813081118,0.0195925616,605.223573057,3072.5074868403,1.0
2493,0.0,1694.788696,365.865234,120.096863,-0.8020162878,0.5913463868,0.0841387245,0.009640448,425.4879700586,3071.658341544,1.0
2494,0.0,1696.286743,363.898468,120.17791,-0.6928672784,0.715919798,0.0859870762,0.0226430963,649.8195671756,3071.0178857588,1.0
2495,0.0,1697.73877,361.595215,120.258789,-0.5832296648,0.8075242677,0.0880211068,0.0555223909,1008.9432086128,3070.6560170913,1.0
2496,0.0,1698.846313,356.631836,120.395294,-0.5105174853,0.8553334366,0.0881850861,,,,
2497,0.0,1698.999512,353.25885,120.481346,-0.5053150903,0.8584171772,0.0881850861,,,,
2498,0.0,1699.030884,349.869659,120.56781,-0.507202299,0.8573034594,0.0881850687,,,,
2499,0.0,1699.276489,346.911438,120.642014,-0.5118081952,0.8548053778,0.0857912436,,,,
2500,0.0,1699.545715,345.465271,120.6772235,-0.5129340935,0.8541528716,0.0855554708,,,,
2501,0.0,1700.60083,341.336731,120.775482,-0.5142750049,0.853370827,0.085319698,,,,
2502,0.0,1701.647949,338.743378,120.834145,-0.5150397756,0.8529094786,0.085319698,,,,
2503,0.0,1702.288208,337.510712,120.860882,-0.5150663542,0.8528934276,0.085319698,,,,
2504,0.0,1703.950562,334.656586,120.921341,-0.5150929328,0.8528773767,0.085319698,,,,
2505,0.0,1705.550171,332.587463,120.962158,-0.5150929328,0.8528773767,0.085319698,,,,
2506,0.0,1707.161133,330.983612,120.991028,-0.5150929328,0.8528773767,0.085319698,,,,
2507,0.0,1708.928101,329.621124,121.012604,-0.5150929328,0.8528773767,0.085319698,,,,
2508,0.0,1711.269043,328.277069,121.017082,-0.5150929328,0.8528773767,0.085319698,,,,
2509,0.0,1712.917114,327.600861,121.032455,-0.5151275448,0.8529346862,0.0845342158,,,,
2510,0.0,1714.987549,326.964813,121.036896,-0.5077952208,0.8574899303,0.0827951277,,,,
2511,0.0,1716.978271,326.549866,121.036392,-0.5013367988,0.8614497133,0.0810296588,,,,
2512,0.0,1719.628174,326.236237,121.051285,-0.4927369304,0.8664428551,0.0805425118,,,,
2513,0.0,1721.820557,326.152252,121.052704,-0.4892985103,0.8683892381,0.0805425292,,,,
2514,0.0,1724.167114,326.203094,121.041428,-0.4881678945,0.8690253205,0.0805425292,,,,
2515,0.0,1726.599976,326.387726,121.018684,-0.4880506768,0.8690911563,0.0805425292,,,,
2516,0.0,1729.357544,326.73175,120.988724,-0.4880506768,0.8690911563,0.0805425292,0.0729773778,673.9847675345,1797.2667819344,5.0
2517,0.0,1731.281372,327.049744,120.966331,-0.4868817456,0.8697465532,0.0805425292,0.0737419433,677.8946669773,1798.6542743099,5.0
2518,0.0,1734.146851,327.618286,120.931,-0.4843819738,0.8711412097,0.0805425118,0.0752087958,685.1485499673,1800.7715170905,5.0
2519,0.0,1736.799927,328.226685,120.896133,-0.4825011087,0.8721128918,0.0813128782,0.076468107,691.4054144935,1802.7807456557,5.0
2520,0.0,1739.381714,329.016724,120.925171,-0.4821695281,0.8722789705,0.0814981215,0.0767903676,693.8936135754,1805.619367229,5.0
2521,0.0,1741.619873,329.887665,120.970901,-0.4821695281,0.8722789705,0.0814981215,0.076867027,695.3269715484,1808.4827757696,5.0
2522,0.0,1743.269775,330.685089,121.00145,-0.4821695281,0.8722789705,0.0814981215,0.0769154535,696.4513666613,1810.859698558,5.0
2523,0.0,1745.054688,331.76059,121.029861,-0.4821695281,0.8722789705,0.0814981215,0.0769863386,697.7337753194,1813.392140056,5.0
2524,0.0,1746.689209,333.015106,121.050186,-0.4821695281,0.8722789705,0.0814981215,0.0769971077,698.8384456551,1816.1412162967,5.0
2525,0.0,1747.921509,334.006714,121.0532,-0.4821695281,0.8722789705,0.0814981215,0.0769447204,699.5706371778,1818.6380598553,5.0
2526,0.0,1749.264526,335.067413,121.075577,-0.4751448135,0.875610528,0.0868539547,0.0803284252,715.3393919538,1821.6462645874,5.0
2527,0.0,1750.697876,336.18689,121.081924,-0.4626731427,0.8816487669,0.0928924911,0.0861608219,741.1562532806,1825.1650343002,5.0
2528,0.0,1751.502319,336.815613,121.09893,-0.459359254,0.8832612511,0.0940140316,0.0875849321,747.9357673491,1827.5047947466,5.0
2529,0.0,1752.717285,337.759186,121.106758,-0.4545403289,0.8856617171,0.0948494186,0.0895473539,757.4245448339,1831.2382762945,5.0
2530,0.0,1753.463745,338.33551,121.12291,-0.4533484083,0.886229241,0.09525205,0.0899213177,759.9436372136,1833.683693958,5.0
2531,0.0,1754.414673,339.063416,121.127625,-0.4530953318,0.8863486362,0.0953452434,0.089755056,760.5969319819,1836.8791249909,5.0
2532,0.0,1754.985962,339.494751,121.140617,-0.4530953318,0.8863486362,0.0953452434,0.0895481032,760.6015568927,1838.9120602572,5.0
2533,0.0,1755.664307,339.999481,121.145187,-0.4545441745,0.8856065029,0.0953452434,0.0886043875,757.8947549471,1841.6453262498,5.0
2534,0.0,1756.577271,340.64563,121.148712,-0.4547940456,0.8854782101,0.0953452434,0.0878949625,756.9481462219,1846.4105132796,5.0
2535,0.0,1756.8392945,340.829651,121.155197,-0.4547940456,0.8854782101,0.0953452434,0.0985500518,1063.7514000653,2431.2791248362,3.0
2536,0.0,1757.101318,341.013672,121.161682,-0.4547940456,0.8854782101,0.0953452434,0.109205141,1370.5546539088,3016.1477363929,1.0
2537,0.0,1757.487183,341.265839,121.164108,-0.4547940456,0.8854782101,0.0953452434,0.1091268679,1368.978036987,3013.6959882244,1.0
2538,0.0,1757.749512,341.414215,121.163826,-0.4547940456,0.8854782101,0.0953452434,0.1089782563,1366.6724629953,3010.5528478901,1.0
2539,0.0,1757.968506,341.461548,121.163818,-0.4615606476,0.881789666,0.0969987301,0.1056269694,1344.3466564265,3005.3226921633,1.0
2540,0.0,1757.9415895,341.3954925,121.163822,-0.4677545314,0.878385197,0.0979504148,0.1027225104,1325.9784113208,3003.887614618,1.0
2541,0.0,1757.914673,341.329437,121.163826,-0.4739484153,0.874980728,0.0989020995,0.0998180513,1307.610166215,3002.4525370727,1.0
2542,0.0,1757.936035,341.123749,121.163826,-0.4818845624,0.8704525136,0.1004972144,0.0961402925,1283.3390222821,2999.6543172483,1.0
2543,0.0,1757.991455,340.965485,121.163826,-0.4847800568,0.868721216,0.1015467642,0.0945901556,1271.120968219,2994.1235050209,1.0
2544,0.0,1757.991455,340.965485,121.163826,-0.4847800568,0.868721216,0.1015467642,0.0943902157,1268.3561050666,2990.6165153166,1.0
2545,0.0,1757.991455,340.965485,121.163826,-0.4847800568,0.868721216,0.1015467642,0.0942257498,1265.959723536,2987.4411614988,1.0
2546,0.0,1757.991455,340.965485,121.163826,-0.4847800568,0.868721216,0.1015467642,0.0941371009,1264.4282973631,2985.1624420247,1.0
2547,0.0,1757.991455,340.965485,121.163826,-0.4847800568,0.868721216,0.1015467642,0.0940237033,1262.5450394622,2982.4244832241,1.0
2548,0.0,1757.991455,340.965485,121.163826,-0.4847800568,0.868721216,0.1015467642,0.0939484858,1261.0256630749,2979.9687888857,1.0
2549,0.0,1757.991455,340.965485,121.163826,-0.4847800568,0.868721216,0.1015467642,0.0939242181,1260.000154236,2977.9110582002,1.0
2550,0.0,1757.991455,340.965485,121.163826,-0.4847800568,0.868721216,0.1015467642,0.0939597259,1259.3624302659,2975.8691152407,1.0
2551,0.0,1757.991455,340.965485,121.163826,-0.4847800568,0.868721216,0.1015467642,0.093972642,1258.6416416904,2973.9715706163,1.0
2552,0.0,1757.993652,340.968018,121.163826,-0.4844695527,0.8688944166,0.1015467642,0.094210286,1259.6010296671,2972.6676467947,1.0
2553,0.0,1758.003052,340.979034,121.163826,-0.483034323,0.8696931053,0.1015467642,0.094972007,1263.761415271,2971.0954387909,1.0
2554,0.0,1758.007446,340.984253,121.163826,-0.4823507999,0.8700723881,0.1015467642,0.0952726654,1265.2137257301,2970.0470538294,1.0
2555,0.0,1758.007935,340.984772,121.163826,-0.4822794258,0.8701119526,0.1015467642,0.0951975503,1264.1859365785,2968.7463821033,1.0
2556,0.0,1758.007935,340.984833,121.163826,-0.4822794258,0.8701119526,0.1015467642,0.0951347491,1263.4492834498,2967.9466848304,1.0
2557,0.0,1758.01062,340.987885,121.163826,-0.4818875252,0.8703290592,0.1015467468,0.0952215245,1263.5154533129,2966.8169756828,1.0
2558,0.0,1758.01062,340.988007,121.163826,-0.481862263,0.870343044,0.1015467642,0.0951754572,1262.9257796455,2966.1141006803,1.0
2559,0.0,1758.010864,340.988068,121.163826,-0.4818773428,0.8703705323,0.1012391378,0.0950579419,1261.8594506403,2965.3495588511,1.0
2560,0.0,1758.010864,340.988068,121.163826,-0.4818857859,0.8703855313,0.1010698584,0.0949301803,1260.6144614764,2964.3172653981,1.0
2561,0.0,1758.010864,340.988068,121.163826,-0.4818857859,0.8703855313,0.1010698584,0.0948306906,1259.7701157921,2963.8079375543,1.0
2562,0.0,1758.010864,340.988068,121.163818,-0.4818857859,0.8703855313,0.1010698584,0.0947564945,1259.0479921996,2963.2107944319,1.0
2563,0.0,1758.010864,340.988068,121.163826,-0.4818857859,0.8703855313,0.1010698584,0.0804195822,732.3486387145,1863.9481055102,5.0
2564,0.0,1758.010864,340.988068,121.163826,-0.4818857859,0.8703855313,0.1010698584,0.0805433693,733.0221981827,1864.288317591,5.0
2565,0.0,1758.010864,340.988068,121.163826,-0.4818857859,0.8703855313,0.1010698584,0.0806032734,733.218531629,1864.1236584346,5.0
2566,0.0,1758.010864,340.988068,121.163826,-0.4818857859,0.8703855313,0.1010698584,0.0810034905,734.4989917396,1862.9544869908,5.0
2567,0.0,1758.010864,340.988068,121.163826,-0.4818857859,0.8703855313,0.1010698584,0.0816663254,737.2401456467,1862.62485387,5.0
2568,0.0,1758.010864,340.988068,121.163826,-0.4818857859,0.8703855313,0.1010698584,0.0820546541,738.5662772908,1861.7430907167,5.0
2569,0.0,1758.010864,340.988068,121.163826,-0.4818857859,0.8703855313,0.1010698584,0.0827289149,741.2474826843,1861.1989811986,5.0
2570,0.0,1758.010864,340.988068,121.163826,-0.4818857859,0.8703855313,0.1010698584,0.0828992433,741.944859735,1861.1178644803,5.0
2571,0.0,1758.010864,340.988068,121.163826,-0.4818857859,0.8703855313,0.1010698584,0.0839574983,746.4216668327,1861.0237843179,5.0
2572,0.0,1758.010864,340.988068,121.163826,-0.4818857859,0.8703855313,0.1010698584,0.0845447018,748.9384266614,1861.087984394,5.0
2573,0.0,1758.010864,340.988068,121.163826,-0.4818857859,0.8703855313,0.1010698584,0.0853677001,752.4709076275,1861.2308079912,5.0
2574,0.0,1758.010864,340.988068,121.163826,-0.4818857859,0.8703855313,0.1010698584,0.0859652935,755.0906663406,1861.4982087869,5.0
2575,0.0,1758.010864,340.988068,121.163826,-0.4818857859,0.8703855313,0.1010698584,0.0866106889,757.9314367919,1861.8406259179,5.0
2576,0.0,1758.010864,340.988068,121.163826,-0.4818857859,0.8703855313,0.1010698584,0.0871199438,760.1684084956,1862.1178107588,5.0
2577,0.0,1758.010864,340.988068,121.163826,-0.4818857859,0.8703855313,0.1010698584,0.0879262965,763.7551908225,1862.6980933282,5.0
2578,0.0,1758.010742,340.988007,121.163826,-0.4818663438,0.8703501281,0.1014666507,0.0884885746,766.2686543151,1863.1551077672,5.0
2579,0.0,1758.010864,340.988068,121.163826,-0.481862263,0.870343044,0.1015467642,0.0890512448,768.8215609178,1863.7215906809,5.0
2580,0.0,1758.010864,340.988068,121.163826,-0.481862263,0.870343044,0.1015467642,0.0898546487,772.4990776017,1864.637810336,5.0
2581,0.0,1758.010864,340.988068,121.163826,-0.481862263,0.870343044,0.1015467642,0.0904592453,775.2786408656,1865.3780977965,5.0
2582,0.0,1758.000366,340.975983,121.163826,-0.4833922405,0.8694102677,0.102263034,0.0911910759,778.8975903583,1866.9081948888,5.0
2583,0.0,1757.922241,340.882111,121.163788,-0.4951751022,0.8622378397,0.1065247665,0.0869833851,761.8400731579,1867.6104253947,5.0
2584,0.0,1757.784058,340.701294,121.163719,-0.5168143165,0.8481283709,0.1165385289,0.0793123617,729.2641424844,1868.4696515944,5.0
2585,0.0,1757.654663,340.510956,121.163795,-0.538368007,0.8330373222,0.1273134274,0.0746040896,1123.2095182752,2963.5989693934,1.0
2586,0.0,1757.560669,340.35614,121.163719,-0.5551035866,0.8206213724,0.1357960654,0.0695312057,1085.7915796844,2963.6382849456,1.0
2587,0.0,1757.4228515,340.307251,121.163738,-0.5693387403,0.809455231,0.1423561414,0.0655516231,1054.799589794,2963.5582633495,1.0
2588,0.0,1757.006958,340.248413,121.16375,-0.6060170975,0.7799405072,0.1563204491,0.0555597416,973.9743179664,2963.2622916866,1.0
2589,0.0,1756.580811,340.162506,121.156212,-0.6445625829,0.7469906265,0.1629235422,0.0456893632,885.3917944175,2962.9965274334,1.0
2590,0.0,1755.967041,340.228363,121.134766,-0.6865273585,0.7070034971,0.1697829232,0.0374716012,803.3679342306,2962.4797630511,1.0
2591,0.0,1755.383423,340.482788,121.110168,-0.7117871929,0.6804216173,0.1743141267,0.0340946599,766.8085185294,2961.845810724,1.0
2592,0.0,1754.436768,341.246002,121.067734,-0.7253075922,0.6653856553,0.1766092478,0.0327805859,751.8164527108,2960.5818276978,1.0
2593,0.0,1753.739746,341.913147,121.035812,-0.726406306,0.6641813431,0.1766267874,0.0326578182,750.1803378984,2959.5940237024,1.0
2594,0.0,1752.831055,342.787964,120.994095,-0.7266979083,0.6638622854,0.1766267702,0.0326250476,749.4835310481,2958.3050037818,1.0
2595,0.0,1751.421997,344.13559,120.929268,-0.7266979083,0.6638622854,0.1766267702,0.0326369576,749.1236491157,2956.3538851184,1.0
2596,0.0,1750.327271,345.176361,120.878883,-0.7266979083,0.6638622854,0.1766267702,0.0326491837,748.8629677861,2954.780922606,1.0
2597,0.0,1749.235962,346.210602,120.828712,-0.7266979083,0.6638622854,0.1766267702,0.0326569324,748.5778622641,2953.3113603935,1.0
2598,0.0,1747.78186,347.584229,120.761887,-0.7266979083,0.6638622854,0.1766267702,0.0326646168,748.1809813399,2951.4041177321,1.0
2599,0.0,1747.396973,348.007111,120.743225,-0.7258518834,0.6647872092,0.1766267531,0.0327691513,749.1865597141,2950.7316678756,1.0
2600,0.0,1745.859253,350.176483,120.659752,-0.7201154298,0.670779198,0.177451501,0.0337186169,759.1479231671,2948.2798093387,1.0
2601,0.0,1745.169189,351.40567,120.617683,-0.715622244,0.6755394713,0.1775703425,0.0343869169,766.1743997938,2947.0126524853,1.0
2602,0.0,1744.277832,353.295441,120.557503,-0.7097446668,0.6815033426,0.1783695656,0.0354835712,777.5585371447,2945.0427302608,1.0
2603,0.0,1743.712646,354.705414,120.515236,-0.7059373689,0.684702458,0.181204236,0.0367568675,790.7822267766,2943.7478694666,1.0
2604,0.0,1742.96106,356.829895,120.45372,-0.7045819449,0.6857855296,0.1823800709,0.0372902911,795.8960240721,2941.9169816378,1.0
2605,0.0,1742.515137,358.271515,120.413681,-0.7045819449,0.6857855296,0.1823800709,0.0373295098,795.9175487663,2940.4800742636,1.0
2606,0.0,1741.998291,360.136597,120.363541,-0.7045819449,0.6857855296,0.1823800709,0.0373784992,796.013741324,2938.9443254396,1.0
2607,0.0,1741.607056,361.7117,120.322456,-0.7045819449,0.6857855296,0.1823800709,0.0374214083,796.114409585,2937.6624513641,1.0
2608,0.0,1741.126465,363.858368,120.267937,-0.7045819449,0.6857855296,0.1823800709,0.0374807332,796.265280302,2935.9372974329,1.0
2609,0.0,1740.797119,365.496704,120.227348,-0.7045819449,0.6857855296,0.1823800709,0.0375275134,796.4100540767,2934.6752625575,1.0
2610,0.0,1740.501587,367.086517,120.188637,-0.7045819449,0.6857855296,0.1823800709,0.037568024,796.4501920537,2933.2706647468,1.0
2611,0.0,1740.127686,369.287933,120.135994,-0.7045819449,0.6857855296,0.1823800709,0.0376325013,796.6528783196,2931.5507431072,1.0
2612,0.0,1739.862549,370.996643,120.095825,-0.7045819449,0.6857855296,0.1823800709,0.0376818701,796.8157816992,2930.2656564246,1.0
2613,0.0,1739.693848,372.380402,120.064987,-0.7001497318,0.6919186742,0.1761786062,0.0371000166,790.4902080841,2929.2764297015,1.0
2614,0.0,1739.386475,375.121338,120.004562,-0.6935063624,0.7007074507,0.1675052057,0.0365390802,784.1025056304,2927.4056417979,1.0
2615,0.0,1739.18103,376.896027,119.964752,-0.6932003488,0.7010873043,0.1671821409,0.0365779909,784.1765779079,2926.1535726913,1.0
2616,0.0,1738.981567,378.754639,119.923431,-0.6932003488,0.7010873043,0.1671821409,0.0366338878,784.42500331,2924.8882483143,1.0
2617,0.0,1738.746216,381.178131,119.870209,-0.6932003488,0.7010873043,0.1671821409,0.0367125872,784.7976103452,2923.198017732,1.0
2618,0.0,1738.588257,383.003601,119.830681,-0.6926891408,0.701592393,0.1671821409,0.0368694164,786.1239644969,2922.0208440192,1.0
2619,0.0,1738.461182,384.771484,119.793243,-0.6898686063,0.70395531,0.1689030122,0.0378492336,795.9900100505,2920.8744185762,1.0
2620,0.0,1738.397461,387.476074,119.730591,-0.6783428026,0.7133879455,0.1758655209,0.0418459497,835.6266554709,2919.1885248799,1.0
2621,0.0,1738.366211,389.415619,119.676414,-0.6729655854,0.7178973978,0.17815905,0.0436235701,852.4502657944,2917.9795046487,1.0
2622,0.0,1738.376709,393.496552,119.561829,-0.6563782243,0.7303125796,0.1892383753,0.0502351776,912.4603674708,2915.5394601465,1.0
2623,0.0,1738.3982545,394.7668765,119.526417,-0.6510835484,0.7342552181,0.1921136192,0.052326242,930.3225870878,2914.8035363865,1.0
2624,0.0,1738.461914,397.850708,119.440308,-0.6392172386,0.7428633013,0.1988854884,0.0571902294,971.0109034179,2913.0507304806,1.0
2625,0.0,1738.518433,400.000641,119.379837,-0.6333209393,0.7471811608,0.2015561976,0.0595807638,990.0342065604,2911.7184701158,1.0
2626,0.0,1738.5581665,401.3335115,119.34206,-0.6310836789,0.7487568187,0.202701301,0.0605753274,997.7093665158,2910.9595527468,1.0
2627,0.0,1738.5979,402.666382,119.304283,-0.6288464184,0.7503324766,0.2038464045,0.061569891,1005.3845264712,2910.2006353777,1.0
2628,0.0,1738.762817,406.606903,119.193054,-0.6219555739,0.7546111758,0.2091249326,0.065098091,1032.0684710184,2908.0033856867,1.0
2629,0.0,1738.80249,407.442291,119.169922,-0.6200834986,0.7556670872,0.2108641937,0.0661271854,1039.7490526029,2907.5323811147,1.0
2630,0.0,1738.987671,411.004456,119.135567,-0.6127083782,0.7595945988,0.2181845291,0.0703825773,1070.7550476871,2905.5071036117,1.0
2631,0.0,1739.133667,413.321533,119.138649,-0.6072898651,0.7622305502,0.2240616168,0.0736899083,1094.2062992672,2904.2373256094,1.0
2632,0.0,1739.347778,416.333069,119.138641,-0.6003562298,0.765706607,0.2307938244,0.0778227441,1122.6352291205,2902.6099469197,1.0
2633,0.0,1739.510132,418.423248,119.138634,-0.5959306441,0.7681300984,0.2341854379,0.0803053154,1139.2413950315,2901.5331033546,1.0
2634,0.0,1739.678101,420.383759,119.138641,-0.5911542378,0.7704991954,0.2384694049,0.0831335886,1157.8547935654,2900.480235288,1.0
2635,0.0,1739.915527,423.053955,119.138634,-0.5857480865,0.7731107915,0.2433082063,0.0864467051,1179.1049212349,2899.0649699738,1.0
2636,0.0,1740.111206,425.281555,119.138641,-0.5828013084,0.7742414145,0.246764801,0.0885511979,1192.2321722707,2897.8925721105,1.0
2637,0.0,1740.413574,428.220825,119.138641,-0.5761672627,0.776627368,0.254717916,0.093223574,1221.1491634618,2896.3827664472,1.0
2638,0.0,1740.610229,430.230438,119.150055,-0.5736156511,0.7764822778,0.2608454658,0.0959443135,1237.5242540887,2895.3713768592,1.0
2639,0.0,1740.868164,433.0578,119.155632,-0.5731392959,0.7739076286,0.269403656,0.0986508709,1253.3238605967,2893.8892789883,1.0
2640,0.0,1741.072144,435.129395,119.155457,-0.5731673123,0.7736014413,0.2702222089,0.0990521258,1255.2752086105,2892.8235699988,1.0
2641,0.0,1741.399536,438.275818,119.155075,-0.5731673123,0.7736014413,0.2702222089,0.0993401159,1256.2986177139,2891.201406958,1.0
2642,0.0,1741.653076,440.609497,119.151634,-0.5731673123,0.7736014413,0.2702222089,0.0995445333,1257.014431255,2890.0323740424,1.0
2643,0.0,1741.897705,442.79892,119.148506,-0.5731673123,0.7736014413,0.2702222089,0.0997518458,1257.7744521159,2888.9308006975,1.0
2644,0.0,1742.000732,443.711121,119.147224,-0.5731673123,0.7736014413,0.2702222089,0.0998387051,1258.0840589867,2888.4506769302,1.0
2645,0.0,1742.51123,448.070526,119.141487,-0.5731673123,0.7736014413,0.2702222089,0.1002154371,1259.3719570792,2886.2538730082,1.0
2646,0.0,1742.771973,450.234528,119.138794,-0.5731673123,0.7736014413,0.2702222089,0.1004091205,1260.0717367833,2885.2181208868,1.0
2647,0.0,1743.174805,453.505463,119.134888,-0.5731673123,0.7736014413,0.2702222089,0.1007144211,1261.1765442682,2883.5993525779,1.0
2648,0.0,1743.439941,455.617126,119.132477,-0.5731673123,0.7736014413,0.2702222089,0.1009138196,1261.9039035159,2882.5617850881,1.0
2649,0.0,1743.744873,458.01474,119.129822,-0.5731673123,0.7736014413,0.2702222089,0.1011413357,1262.7375162732,2881.3924973529,1.0
2650,0.0,1744.159058,461.217407,119.126404,-0.5739670971,0.7746809074,0.2653888904,0.0998165331,1254.201020359,2879.838553042,1.0
2651,0.0,1744.433838,463.545502,119.123993,-0.5777385847,0.7739822082,0.2591711195,0.0969817079,1236.6937304566,2878.6957311058,1.0
2652,0.0,1744.825317,466.702057,119.120758,-0.5802122924,0.772480286,0.2581238143,0.0960883534,1230.6249566813,2877.1794336095,1.0
2653,0.0,1745.150757,469.165863,119.118301,-0.5803242655,0.7723701661,0.258201614,0.0962978821,1231.3930437598,2875.9996669196,1.0
2654,0.0,1745.509644,471.855499,119.115662,-0.5803242655,0.7723701661,0.258201614,0.0965492973,1232.3696930677,2874.7205529494,1.0
2655,0.0,1745.866089,474.511658,119.113083,-0.5800959715,0.7720665476,0.2596187782,0.0972271684,1235.9253304856,2873.4585941236,1.0
2656,0.0,1746.297852,477.767944,119.109985,-0.5801533609,0.7706999502,0.2635216585,0.0985380308,1243.1376829588,2871.9274859626,1.0
2657,0.0,1746.621704,480.166534,119.107727,-0.579554332,0.7698075328,0.267419406,0.1000242433,1251.4932203704,2870.7927068525,1.0
2658,0.0,1746.934082,482.538361,119.105492,-0.5799360749,0.7683638625,0.2707233346,0.1010015536,1256.7695850103,2869.6526379171,1.0
2659,0.0,1747.317261,485.523346,119.102684,-0.5814387509,0.7660715697,0.273976877,0.1016086869,1259.7179830639,2868.2370452454,1.0
2660,0.0,1747.748657,488.967743,119.099442,-0.5837345123,0.7622122546,0.2797972444,0.1026628639,1265.1545247396,2866.5837321907,1.0
2661,0.0,1748.402466,494.140045,119.094475,-0.5863381829,0.75733187,0.28749952,0.1043529396,1273.8792733488,2864.1594165039,1.0
2662,0.0,1748.6204835,495.851242,119.0928,-0.5870490751,0.7562604693,0.2888597971,0.1046386931,1275.166406291,2863.3557711554,1.0
2663,0.0,1749.150024,499.966766,119.088715,-0.5881690658,0.7542919386,0.2917204506,0.1054258245,1278.82356964,2861.4181150147,1.0
2664,0.0,1749.383606,501.7495725,119.0882265,-0.5882293538,0.7541322364,0.2920114442,0.1056369734,1279.6578999435,2860.5837294072,1.0
2665,0.0,1749.946167,506.043854,119.099457,-0.5882896418,0.7539725341,0.2923024377,0.1060743846,1281.2723242674,2858.6087975361,1.0
2666,0.0,1750.186096,507.884491,119.102318,-0.5882896418,0.7539725341,0.2923024377,0.1062438761,1281.8505954372,2857.7463828413,1.0
2667,0.0,1750.426025,509.725128,119.105179,-0.5882896418,0.7539725341,0.2923024377,0.1064133676,1282.428866607,2856.8839681466,1.0
2668,0.0,1751.132324,515.182129,119.125832,-0.5882896418,0.7539725341,0.2923024377,0.1069165841,1284.1502689661,2854.3579454158,1.0
2669,0.0,1751.499146,518.029053,119.136948,-0.5882896418,0.7539725341,0.2923024377,0.1071563181,1284.9104480886,2853.0316815041,1.0
2670,0.0,1751.960083,521.625549,119.145195,-0.5882896418,0.7539725341,0.2923024377,0.1074899731,1286.0477679463,2851.3729698971,1.0
2671,0.0,1752.3125,524.38147,119.155975,-0.5882896418,0.7539725341,0.2923024377,0.10774912,1286.929320778,2850.0893278523,1.0
2672,0.0,1752.786743,528.104858,119.161469,-0.5882896418,0.7539725341,0.2923024377,0.1081013188,1288.1301391191,2848.3628214826,1.0
2673,0.0,1752.9939575,529.735443,119.1614155,-0.5882896418,0.7539725341,0.2923024377,0.1082558657,1288.6529580697,2847.6018083267,1.0
2674,0.0,1753.527832,534.213684,119.180489,-0.5909266987,0.7509899297,0.2946519342,0.1083655358,1288.3118370395,2845.4882515616,1.0
2675,0.0,1753.699219,537.082764,119.185158,-0.5940152797,0.7469898177,0.2985834216,0.1086031554,1288.9642474519,2843.991666249,1.0
2676,0.0,1753.689941,540.530579,119.184235,-0.5974760465,0.7428205621,0.3020595742,0.1086566375,1288.3794114536,2842.0417644539,1.0
2677,0.0,1753.519775,543.424866,119.184242,-0.599288028,0.7406110099,0.3038900979,0.1087828443,1288.2747165633,2840.2566094079,1.0
2678,0.0,1753.222168,546.161255,119.180008,-0.6008737737,0.7386462871,0.3055362019,0.1089289781,1288.274223161,2838.459373743,1.0
2679,0.0,1752.617554,549.96637,119.168671,-0.602047972,0.7374870385,0.3060246846,0.1089210669,1287.0225553005,2835.798617392,1.0
2680,0.0,1752.047852,552.634216,119.154465,-0.6026805685,0.7369701655,0.3060246846,0.1088870461,1285.9490103047,2833.8503058961,1.0
2681,0.0,1751.392822,555.232666,119.13707,-0.6031573162,0.736287848,0.3067270071,0.1091169352,1286.3128825221,2831.8366839956,1.0
2682,0.0,1750.355469,558.753235,119.111412,-0.6037791132,0.7353211449,0.3078207211,0.1094707905,1286.9829582111,2828.9936536805,1.0
2683,0.0,1749.564087,561.101196,119.093536,-0.6043410879,0.7348472246,0.3078496483,0.1094394803,1285.9102838784,2827.0166500133,1.0
2684,0.0,1748.616455,563.687378,119.073166,-0.6049692653,0.7343301588,0.3078496483,0.1093813287,1284.5741187673,2824.786305279,1.0
2685,0.0,1747.243286,567.091248,119.045242,-0.6058011983,0.7336440026,0.3078496151,0.1092824402,1282.6094882657,2821.6680945598,1.0
2686,0.0,1745.893921,570.184326,119.018936,-0.6059078594,0.7335559011,0.3078496483,0.1094414932,1282.1915856836,2818.8168346283,1.0
2687,0.0,1744.885864,572.355957,118.999939,-0.6059078594,0.7335559011,0.3078496483,0.1095786444,1282.0110929756,2816.7578546331,1.0
2688,0.0,1743.411011,575.369812,118.972893,-0.6059078594,0.7335559011,0.3078496483,0.1097615815,1281.6899630498,2813.8407348117,1.0
2689,0.0,1741.7854,578.51178,118.943932,-0.6059078594,0.7335559011,0.3078496483,0.1099526958,1281.3238182485,2810.733186742,1.0
2690,0.0,1740.069702,581.598022,118.914658,-0.6086984718,0.7312419888,0.3078495155,0.109123333,1275.3283377686,2807.5764912339,1.0
2691,0.0,1738.76355,583.860291,118.892754,-0.6102790036,0.729622647,0.308561713,0.1088801212,1272.914402274,2805.2099619084,1.0
2692,0.0,1736.929199,586.934143,118.862473,-0.6125572958,0.7276261466,0.3087616398,0.1082998293,1268.2365021591,2801.9489041866,1.0
2693,0.0,1735.481445,589.280579,118.838943,-0.6143302922,0.7261298241,0.308761673,0.107801032,1264.3377386348,2799.4211617817,1.0
2694,0.0,1733.538452,592.365601,118.828674,-0.6154754965,0.7251594052,0.3087616398,0.1075676804,1261.5376385391,2796.0770338664,1.0
2695,0.0,1731.634155,595.278809,118.82869,-0.6173065706,0.7232449279,0.3095954977,0.107308961,1258.6488619316,2792.8443314323,1.0
2696,0.0,1729.664429,598.238647,118.828712,-0.6179660611,0.7222578257,0.3105826469,0.1075402075,1258.4547952682,2789.5802162784,1.0
2697,0.0,1728.180298,600.406921,118.845367,-0.6190708652,0.721310122,0.3105848866,0.1072706369,1255.8665123084,2787.1400421856,1.0
2698,0.0,1726.188721,603.275757,118.850845,-0.6197783925,0.7203637245,0.3113693124,0.1074172474,1255.2075173831,2783.8836663342,1.0
2699,0.0,1724.266602,606.004639,118.850487,-0.6198475949,0.72024937,0.3114960739,0.1075762446,1254.6797388049,2780.7727544227,1.0
2700,0.0,1722.250854,608.817688,118.850487,-0.6198475949,0.72024937,0.3114960739,0.1076973212,1253.8730462565,2777.5111690455,1.0
2701,0.0,1718.475708,613.964539,118.850487,-0.6198475949,0.72024937,0.3114960739,0.1079614891,1252.6224552653,2771.537593668,1.0
2702,0.0,1716.563232,616.521606,118.864075,-0.6198475949,0.72024937,0.3114960739,0.1080933277,1251.9837518503,2768.5310258018,1.0
2703,0.0,1715.521362,617.8981015,118.864468,-0.6198475949,0.72024937,0.3114960739,0.1081628191,1251.6273990404,2766.9052454447,1.0
2704,0.0,1712.392578,622.000977,118.862297,-0.6198475949,0.72024937,0.3114960739,0.1083647096,1250.5245176202,2762.0375037795,1.0
2705,0.0,1710.514771,624.429504,118.860184,-0.6189797673,0.7192409732,0.3155257044,0.1100253518,1258.1999585496,2759.1498916238,1.0
2706,0.0,1708.57019,626.923767,118.85804,-0.6180221754,0.7181282724,0.3199068225,0.1118564041,1266.6414768603,2756.1685211514,1.0
2707,0.0,1706.307617,629.80188,118.855591,-0.6170930844,0.7170486889,0.3240945895,0.1136267989,1274.4242519191,2752.7060189478,1.0
2708,0.0,1704.227661,632.426208,118.853378,-0.616240984,0.7160581877,0.3278837011,0.1152719685,1281.5729943983,2749.521674192,1.0
2709,0.0,1702.351074,634.778076,118.851425,-0.6156712216,0.7153965154,0.3303888204,0.1163807367,1285.9794831094,2746.609559006,1.0
2710,0.0,1700.346436,637.263733,118.849365,-0.6158472182,0.7143884005,0.3322369893,0.1170279378,1287.8952099588,2743.5559017501,1.0
2711,0.0,1698.018188,640.118958,118.847015,-0.6168274235,0.7125950611,0.3342636811,0.1174808718,1288.5540925331,2739.9925085361,1.0
2712,0.0,1696.080933,642.477783,118.845093,-0.6177039222,0.7110451214,0.3359415125,0.1178365302,1288.9901835809,2737.0388818387,1.0
2713,0.0,1694.109985,645.124451,118.84259,-0.6207811881,0.7078911483,0.3369285365,0.1172733926,1284.4703349381,2733.5731748947,1.0
2714,0.0,1692.416016,647.63031,118.838562,-0.6257827605,0.7022947128,0.3393789521,0.1165141022,1279.1536294581,2730.5634614173,1.0
2715,0.0,1690.71582,650.38385,118.831451,-0.6328584636,0.6941760437,0.3429428309,0.115472964,1272.4797821116,2727.781299363,1.0
2716,0.0,1689.296509,652.852173,118.824585,-0.6453690483,0.681743793,0.3445637709,0.1121732265,1253.9217928125,2724.8636405924,1.0
2717,0.0,1687.614136,656.037048,118.81588,-0.6579321898,0.6689173877,0.3459404025,0.1090206895,1235.7406046393,2721.632400155,1.0
2718,0.0,1686.202759,658.799866,118.807999,-0.6792443835,0.6481768755,0.3442292921,0.102594745,1199.5878945167,2718.8764108113,1.0
2719,0.0,1685.09436,661.011902,118.801521,-0.7033726362,0.624735536,0.3390758686,0.094928898,1155.3052592983,2716.70158476,1.0
2720,0.0,1683.814819,663.793152,119.296967,-0.7304006335,0.5969894363,0.3318411178,0.0870126318,1107.2985622496,2714.0480523663,1.0
2721,0.0,1682.610229,666.619568,119.666306,-0.7552975053,0.5690553183,0.3251180143,0.080966782,1068.8003037037,2711.4517641734,1.0
2722,0.0,1681.509155,669.464355,119.706642,-0.7734897146,0.5482475572,0.318022448,0.0765379598,1039.4271743471,2709.030010022,1.0
2723,0.0,1680.472046,672.335266,119.701317,-0.7866232488,0.5325407106,0.3124488052,0.0736313043,1019.3733137567,2706.6512882708,1.0
2724,0.0,1679.362427,675.66687,119.701286,-0.7927078244,0.5254700668,0.3090234846,0.0720039445,1007.4680895378,2703.9588898727,1.0
2725,0.0,1678.406128,678.693481,119.701279,-0.7941927081,0.5238394853,0.3079774926,0.0714230051,1002.6884089561,2701.6460102303,1.0
2726,0.0,1677.320923,682.246155,119.701279,-0.7943679857,0.5236488302,0.3078496483,0.0711872286,1000.0545276237,2698.8428761984,1.0
2727,0.0,1676.511719,684.961914,119.701279,-0.7943679857,0.5236488302,0.3078496483,0.0710473616,998.2920590627,2696.6392837173,1.0
2728,0.0,1675.568726,688.191772,119.701279,-0.7943679857,0.5236488302,0.3078496483,0.0708853246,996.0553863426,2693.5578030519,1.0
2729,0.0,1674.60144,691.546936,119.701279,-0.7952390153,0.5223250438,0.3078497314,0.0707077631,993.640265956,2690.2746851372,1.0
2730,0.0,1673.692871,694.689514,119.701279,-0.7992222992,0.5180707499,0.3047070964,0.0694703713,984.1273088262,2687.2819662646,1.0
2731,0.0,1672.756226,697.907776,119.701279,-0.8053479772,0.5102472432,0.3017654493,0.0684347423,975.9464565303,2684.3119256277,1.0
2732,0.0,1671.860229,701.026062,119.701286,-0.8103093809,0.503476479,0.2998501998,0.0678636081,970.9336152209,2681.3417710244,1.0
2733,0.0,1670.97583,704.002563,119.701294,-0.8193857584,0.4905898559,0.2965275236,0.0670503722,964.2310866423,2678.3681016972,1.0
2734,0.0,1669.929688,707.527527,119.701279,-0.8296668425,0.4756023218,0.2923274908,0.0662868834,957.6206666605,2674.7530318829,1.0
2735,0.0,1669.049316,710.371826,118.409042,-0.8415781114,0.456413359,0.2888479326,0.0662518027,956.2567764048,2671.6263303812,1.0
2736,0.0,1668.076904,713.486572,116.277008,-0.8535110049,0.4356142098,0.2859357003,0.0670205913,960.2840358173,2667.9763012086,1.0
2737,0.0,1667.193115,716.267639,114.338982,-0.8634535431,0.4167402191,0.2842104303,0.0684768915,969.0392625484,2664.5225543579,1.0
2738,0.0,1666.229492,719.137207,112.270599,-0.8778216452,0.3862901044,0.2832121368,0.0724761785,994.5260533928,2660.8392896089,1.0
2739,0.0,1665.272705,721.994263,110.276123,-0.8866614854,0.3656147828,0.2831205413,0.0758858694,1015.3602677991,2657.2003043094,1.0
2740,0.0,1664.226196,724.980164,108.154274,-0.8976489823,0.3377411754,0.2831204744,0.0812755666,1047.6073539966,2652.8471790497,1.0
2924,0.0,1410.380249,1177.605347,53.700581,0.1206871882,0.9870732158,0.1054564808,,,,
2925,0.0,1410.394897,1177.725464,53.700581,0.1206871882,0.9870732158,0.1054564808,,,,
2926,0.0,1410.514648,1178.764648,53.695053,0.1206871882,0.9870732158,0.1054564808,,,,
2927,0.0,1411.228394,1184.272217,53.66637,0.1206871882,0.9870732158,0.1054564808,,,,
2928,0.0,1411.586914,1185.501587,53.657803,0.1206871882,0.9870732158,0.1054564808,,,,
2929,0.0,1412.896606,1190.571045,53.57235,0.1206871882,0.9870732158,0.1054564808,,,,
2930,0.0,1413.291992,1193.335449,53.507698,0.1206871882,0.9870732158,0.1054564808,,,,
2931,0.0,1413.851807,1197.224609,53.417904,0.1206871882,0.9870732158,0.1054564808,,,,
2932,0.0,1414.265747,1200.087769,53.351753,0.1206871882,0.9870732158,0.1054564808,,,,
2933,0.0,1414.688477,1203.0,53.284454,0.1206871882,0.9870732158,0.1054564808,,,,
2934,0.0,1415.323975,1207.336548,53.184174,0.1206871882,0.9870732158,0.1054564808,,,,
2935,0.0,1415.75769,1210.271118,53.117764,0.1215498635,0.9871469581,0.1037618129,,,,
2936,0.0,1416.185669,1213.153564,53.055565,0.1216579932,0.9871559309,0.103549509,,,,
2937,0.0,1416.74231,1216.885254,52.982162,0.1216579932,0.9871559309,0.103549509,,,,
2938,0.0,1417.198364,1219.921875,52.927521,0.1216579932,0.9871559309,0.103549509,,,,
2939,0.0,1417.614746,1222.680786,52.883148,0.1216579932,0.9871559309,0.103549509,,,,
2940,0.0,1418.235352,1226.765869,52.828751,0.1216579932,0.9871559309,0.103549509,,,,
2941,0.0,1418.393311,1227.805542,52.815498,0.1216579932,0.9871559309,0.103549509,,,,
2942,0.0,1419.138306,1232.671509,52.75333,0.1216579932,0.9871559309,0.103549509,,,,
2943,0.0,1419.729492,1236.501465,52.704361,0.1216579932,0.9871559309,0.103549509,,,,
2944,0.0,1420.205688,1239.569336,52.670547,0.1216579932,0.9871559309,0.103549509,,,,
2945,0.0,1420.672852,1242.566284,52.660122,0.1216579932,0.9871559309,0.103549509,,,,
2946,0.0,1421.100342,1245.300659,52.654987,0.1216579932,0.9871559309,0.103549509,,,,
2947,0.0,1421.764771,1249.528198,52.64576,0.1216579932,0.9871559309,0.103549509,,,,
2948,0.0,1422.198242,1252.270508,52.639767,0.1216579932,0.9871559309,0.103549509,,,,
2949,0.0,1422.646729,1255.103882,52.633568,0.1216579932,0.9871559309,0.103549509,,,,
2950,0.0,1423.269287,1259.018677,52.624985,0.1216579932,0.9871559309,0.103549509,,,,
2951,0.0,1423.707764,1261.764771,52.618961,0.1216579932,0.9871559309,0.103549509,,,,
2952,0.0,1424.354004,1265.789062,52.610115,0.1216579932,0.9871559309,0.103549509,,,,
2953,0.0,1424.826172,1268.717163,52.595985,0.1216579932,0.9871559309,0.103549509,,,,
2954,0.0,1425.254272,1271.374268,52.577995,0.1157044511,0.9878014734,0.1042148221,,,,
2955,0.0,1425.829102,1274.96936,52.551533,0.0962294519,0.989776278,0.1052749356,,,,
2956,0.0,1426.359497,1278.383301,52.527084,0.064231682,0.9927009874,0.1020737018,,,,
2957,0.0,1427.197876,1284.272583,52.481964,-0.0319424696,0.9953163554,0.0912416096,,,,
2958,0.0,1427.2001345,1286.305298,52.466877,-0.0646719873,0.9934415232,0.0883655234,,,,
2959,0.0,1427.202393,1288.338013,52.45179,-0.0974015051,0.9915666911,0.0854894372,,,,
2960,0.0,1426.674927,1294.144775,52.387268,-0.1865595193,0.9789775003,0.0824536215,,,,
2961,0.0,1426.479004,1297.091553,52.3442,-0.2163231888,0.9727074456,0.0839315389,,,,
2962,0.0,1426.354614,1299.765991,52.306919,-0.2317138896,0.9684675616,0.0915382732,,,,
2963,0.0,1426.213623,1303.545776,52.268436,-0.2395720399,0.9648144745,0.1083432849,,,,
2964,0.0,1426.094727,1306.478516,52.251404,-0.2401797576,0.9643411172,0.1111750591,,,,
2965,0.0,1425.870361,1310.420532,52.232391,-0.2401797576,0.9643411172,0.1111750591,,,,
2966,0.0,1425.835938,1313.269653,52.216881,-0.2401797576,0.9643411172,0.1111750591,,,,
2967,0.0,1425.901123,1315.920044,52.183369,-0.2401797576,0.9643411172,0.1111750591,,,,
2968,0.0,1426.163696,1319.90564,52.115383,-0.2401797576,0.9643411172,0.1111750591,,,,
2969,0.0,1426.466919,1322.662964,52.067039,-0.2401797576,0.9643411172,0.1111750591,,,,
2970,0.0,1426.978882,1326.183594,52.003994,-0.2401797576,0.9643411172,0.1111750591,,,,
2971,0.0,1427.503662,1329.072266,51.954102,-0.2401797576,0.9643411172,0.1111750591,,,,
2972,0.0,1428.112305,1331.960938,51.904625,-0.2401797576,0.9643411172,0.1111750591,,,,
2973,0.0,1429.051147,1335.83252,51.837135,-0.2401797576,0.9643411172,0.1111750591,,,,
2974,0.0,1429.760742,1338.428833,51.81311,-0.2401797576,0.9643411172,0.1111750591,,,,
2975,0.0,1430.852051,1342.104858,51.808792,-0.2402306131,0.9645453061,0.109277651,,,,
2976,0.0,1431.709473,1344.831909,51.826584,-0.2428587807,0.9647195468,0.1016651796,,,,
2977,0.0,1432.545288,1347.55127,51.830368,-0.2524728079,0.9630866229,0.0933897112,,,,
2978,0.0,1433.734619,1351.370361,51.846142,-0.2731202317,0.9584379358,0.0824746158,,,,
2979,0.0,1434.618042,1354.124512,51.846344,-0.2915150439,0.9535095302,0.0764104374,,,,
2980,0.0,1435.493774,1356.797852,51.904007,-0.3108329708,0.947559548,0.0742547461,,,,
2981,0.0,1436.514893,1359.840698,51.965549,-0.3328447509,0.9400852852,0.0738513941,,,,
2982,0.0,1437.594604,1362.963623,52.017323,-0.352878325,0.9325565422,0.0762573487,,,,
2983,0.0,1438.651367,1365.890503,52.065277,-0.3643684605,0.9278971013,0.0790100908,,,,
2984,0.0,1439.773804,1368.995728,52.120472,-0.3773840118,0.922354769,0.0827223536,,,,
2985,0.0,1440.271362,1370.355591,52.146973,-0.3818342767,0.9203670291,0.0844222532,,,,
2986,0.0,1442.047852,1375.156616,52.258301,-0.3933030359,0.9150324309,0.0896011854,,,,
2987,0.0,1443.249146,1378.427002,52.34013,-0.402195915,0.9107656987,0.0935108979,,,,
2988,0.0,1444.297241,1381.287964,52.444931,-0.409553509,0.9073573371,0.0947026195,,,,
2989,0.0,1445.252319,1383.924805,52.547569,-0.4174454445,0.9036671622,0.0955246608,,,,
2990,0.0,1446.60144,1387.722168,52.694836,-0.4316777455,0.8969238472,0.0958224206,,,,
2991,0.0,1447.571655,1390.469727,52.805325,-0.440375663,0.8928541204,0.094237971,,,,
2992,0.0,1448.516724,1393.186157,52.925018,-0.449420275,0.8884422888,0.0932293723,,,,
2993,0.0,1449.857178,1397.082397,53.101517,-0.4607265556,0.8827588701,0.092020749,,,,
2994,0.0,1450.871948,1399.993286,53.231903,-0.4648429573,0.8807820529,0.090244115,,,,
2995,0.0,1451.919067,1402.990112,53.364094,-0.4697144887,0.8782090889,0.0900949236,,,,
2996,0.0,1452.934204,1405.945679,53.490112,-0.4745895623,0.8756678946,0.089277577,,,,
2997,0.0,1453.933105,1408.879883,53.614449,-0.4787015179,0.8734408455,0.0891400372,,,,
2998,0.0,1455.770142,1414.634033,53.817192,-0.4942876323,0.8647817727,0.0884998425,,,,
2999,0.0,1456.339539,1416.5118405,53.871546,-0.500422999,0.8612761662,0.0879199597,,,,
3000,0.0,1456.908936,1418.389648,53.9259,-0.5065583657,0.8577705597,0.0873400769,,,,
3001,0.0,1458.564209,1424.207764,54.135036,-0.5305009876,0.8436211606,0.0828977655,,,,
3002,0.0,1459.287354,1426.886475,54.246178,-0.5431204792,0.835715697,0.0812368075,,,,
3003,0.0,1460.072998,1429.845825,54.363483,-0.5538601036,0.8288132062,0.0794207463,,,,
3004,0.0,1461.15271,1434.019531,54.47979,-0.5647133423,0.821532703,0.0786311581,,,,
3005,0.0,1461.848511,1436.723267,54.533592,-0.5702524679,0.8176975398,0.0786311407,,,,
3006,0.0,1462.751465,1440.253174,54.602661,-0.5751624197,0.8142513969,0.0786311233,,,,
3007,0.0,1463.539917,1443.437012,54.665947,-0.5791138782,0.8113622092,0.0794888773,,,,
3008,0.0,1464.287476,1446.589844,54.729202,-0.5836326393,0.8080237414,0.0804398888,,,,
3009,0.0,1465.006226,1449.764526,54.790813,-0.5888775268,0.8040262188,0.0822502159,,,,
3010,0.0,1465.72168,1453.04541,54.827255,-0.5944257104,0.7999121671,0.0824536215,,,,
3011,0.0,1466.384277,1456.277344,54.860374,-0.6013105093,0.7947496894,0.0824536389,0.1488616009,881.9396627159,1680.0727456326,1.0
3012,0.0,1467.001831,1459.348389,54.892464,-0.6065220744,0.7907795986,0.0824536215,0.1462005317,873.1486865668,1677.1903399715,1.0
3013,0.0,1467.63269,1462.607788,54.932449,-0.6119263575,0.7866050682,0.0824536215,0.1435235967,864.0435587957,1673.8990603139,1.0
3014,0.0,1468.238525,1465.795898,54.974319,-0.6157820818,0.7835903445,0.0824536215,0.1417721414,857.4820599884,1670.6293604649,1.0
3015,0.0,1468.854736,1469.160645,55.018883,-0.6197156697,0.7804831126,0.0824536215,0.1399613775,850.6437948524,1667.1806198846,1.0
3016,0.0,1469.407837,1472.267944,55.055901,-0.6226256742,0.7781636525,0.0824536215,0.1388716804,846.0416638824,1664.1663895793,1.0
3017,0.0,1469.929688,1475.350952,55.058548,-0.6261512031,0.7753296514,0.0824536389,0.1372659376,839.6935074191,1660.5959584605,1.0
3018,0.0,1470.449707,1478.553345,55.095669,-0.6297979224,0.7722787464,0.0833073514,0.1356996392,833.4768911156,1657.0906805846,1.0
3019,0.0,1470.941772,1481.752075,55.129513,-0.6341180868,0.7687243851,0.0834090631,0.1336963241,826.2366828941,1654.0688521747,1.0
3020,0.0,1471.411743,1484.943726,55.161934,-0.6384886494,0.7650981439,0.0834090805,0.1315423031,818.1388412069,1650.2610742625,1.0
3021,0.0,1471.847412,1488.145752,55.195065,-0.6441926693,0.76030174,0.0834090457,0.128610998,807.882317956,1646.7474984443,1.0
3022,0.0,1472.27356,1491.502686,55.230301,-0.6510201701,0.7546551904,0.0816595482,0.1248552218,795.0390607095,1643.1140475217,1.0
3023,0.0,1472.626709,1494.634888,55.263748,-0.6594528741,0.7476786182,0.078093475,0.1198852215,778.398569377,1639.5588979229,1.0
3024,0.0,1472.959961,1497.744629,55.2943,-0.6672254866,0.7409646838,0.0760360919,0.1155442247,763.4383937887,1636.0889099224,1.0
3025,0.0,1473.304443,1501.129028,55.316795,-0.674898709,0.7342747109,0.0731599724,0.1112658587,748.2810389285,1632.2939210411,1.0
3026,0.0,1473.590576,1504.324463,55.336899,-0.6832522483,0.7267892146,0.0703121801,0.1065750346,731.6312255402,1628.6975452157,1.0
3027,0.0,1473.881104,1507.734863,55.358994,-0.6907785658,0.7197559983,0.0691106064,0.1026552071,717.1125162226,1624.8889341678,1.0
3028,0.0,1474.111206,1511.036621,55.381065,-0.6998608148,0.7108399033,0.0700105121,0.0980504869,700.0824954932,1621.1561544207,1.0
3029,0.0,1474.316162,1514.17334,55.40255,-0.707038679,0.7035150557,0.0718531328,0.0946356508,686.8920361242,1617.6034970545,1.0
3030,0.0,1474.46228,1517.384155,55.39959,-0.7186445058,0.691050288,0.0774569152,0.0892231428,666.3657924694,1613.8714916231,1.0
3031,0.0,1474.5802,1520.598633,55.393349,-0.7295090702,0.6787745747,0.0841522029,0.0844748921,647.700116485,1610.1495975621,1.0
3032,0.0,1474.665527,1523.724854,55.388103,-0.7391242878,0.6673144092,0.0915792899,0.0805748462,631.7876989829,1606.5188746849,1.0
3033,0.0,1474.717041,1527.036133,55.383541,-0.7497423415,0.654208047,0.0994899622,0.0763591251,614.1645865215,1602.4788289684,1.0
3034,0.0,1474.770386,1530.194336,55.380226,-0.7521526019,0.6511363471,0.1014293891,0.0757524486,610.4097009292,1598.7943984349,1.0
3035,0.0,1474.857178,1533.592041,55.377476,-0.752296992,0.6509512197,0.1015467642,0.0761500726,610.5664958832,1595.1892443405,1.0
3036,0.0,1474.927612,1536.93335,55.375584,-0.752296992,0.6509512197,0.1015467642,0.0764591039,673.8032206113,1756.9838454391,5.0
3037,0.0,1474.987549,1543.029297,55.37397,-0.752296992,0.6509512197,0.1015467642,0.0769714781,672.9903378551,1749.2466583424,5.0
3838,0.0,463.792877,2393.993652,160.733093,0.0183956208,-0.9838509136,0.1780420761,,,,
3839,0.0,463.794067,2393.929688,160.73056,0.0183956208,-0.9838509136,0.1780420761,,,,
3840,0.0,463.13327,2390.588379,160.647308,0.0249105799,-0.9837075186,0.1780420761,,,,
3841,0.0,462.568329,2387.879883,160.255508,0.02579762,-0.983684662,0.1780420418,,,,
3842,0.0,462.042297,2385.853027,158.728699,0.0259410455,-0.9836808839,0.1780420761,,,,
3843,0.0,461.416046,2382.129639,158.304077,0.0259410455,-0.9836808839,0.1780420761,,,,
3844,0.0,460.887756,2378.529297,158.382767,0.0259410455,-0.9836808839,0.1780420761,,,,
3845,0.0,460.418274,2374.98584,158.405777,0.0259410455,-0.9836808839,0.1780420761,,,,
3846,0.0,460.008179,2371.522461,158.452667,0.0259410455,-0.9836808839,0.1780420761,,,,
3847,0.0,459.750183,2369.178223,158.486313,0.0252787832,-0.9836981287,0.1780420589,,,,
3848,0.0,459.321564,2365.486572,158.541107,0.0166400834,-0.9842924051,0.1757599753,,,,
3849,0.0,458.925323,2362.059326,158.621262,0.0051965516,-0.9849341484,0.1728517258,,,,
3850,0.0,458.531311,2358.502197,158.702133,-0.0076371587,-0.985294264,0.1706953049,,,,
3851,0.0,458.096161,2354.75,158.829117,-0.0257397929,-0.9851839913,0.1695581506,,,,
3852,0.0,457.734039,2351.398193,158.918137,-0.0391072413,-0.9847462563,0.1695447857,,,,
3853,0.0,457.488434,2348.901855,159.055984,-0.0467599958,-0.9846452253,0.1681882369,,,,
3854,0.0,457.125671,2345.052734,159.28447,-0.0568606341,-0.9844744118,0.1660632434,,,,
3855,0.0,456.850189,2341.435303,159.38765,-0.0590872041,-0.9843937029,0.1657641093,,,,
4025,0.0,374.82077,2029.687256,160.071701,0.3039697652,0.9263874591,0.2222805828,,,,
4026,0.0,373.434784,2027.983154,160.106415,0.3039697652,0.9263874591,0.2222805828,,,,
4027,0.0,371.679504,2025.582153,160.149597,0.3047361709,0.926471309,0.2208772956,,,,
4028,0.0,369.993744,2023.428833,160.131866,0.3127350474,0.9248358195,0.2165074991,,,,
4035,0.0,361.533142,2004.222412,159.314194,0.8149132294,0.5404165509,0.2094430234,,,,
4036,0.0,360.533081,2001.096069,158.838028,0.8660007956,0.4541806023,0.2091951302,,,,
4037,0.0,360.401642,1994.247925,157.894348,0.9751748122,0.0726647008,0.2091743936,,,,
4038,0.0,359.734253,1990.859558,157.870941,0.9464154378,-0.1329968496,0.2085316979,,,,
4039,0.0,359.066864,1987.471191,157.847534,0.9176560635,-0.3386584,0.2078890022,,,,
4040,0.0,357.383759,1978.310669,158.436661,0.6506474008,-0.7331375188,0.1979073985,,,,
4041,0.0,356.190613,1975.168945,158.565201,0.5898571962,-0.785717639,0.1863230522,,,,
4042,0.0,354.96579,1972.369629,158.70105,0.5697821137,-0.8007790049,0.1846654494,,,,
4043,0.0,353.549622,1969.515869,158.913162,0.5659337556,-0.8030734636,0.1865261279,,,,
4044,0.0,352.02301,1966.795654,159.172119,0.5659337556,-0.8030734636,0.1865261279,,,,
4045,0.0,350.6138,1964.31665,159.45343,0.5659337556,-0.8030734636,0.1865261279,,,,
4046,0.0,349.6966705,1962.6090695,159.6687085,0.5659337556,-0.8030734636,0.1865261279,,,,
4047,0.0,347.742706,1958.420044,160.075195,0.5659337556,-0.8030734636,0.1865261279,,,,
4048,0.0,346.939178,1955.971313,160.331436,0.5659337556,-0.8030734636,0.1865261279,,,,
4049,0.0,346.381439,1953.266724,160.524338,0.5659337556,-0.8030734636,0.1865261279,,,,
4050,0.0,346.194,1951.69043,160.5798645,0.5659337556,-0.8030734636,0.1865261279,,,,
4051,0.0,345.899139,1948.180054,160.631546,0.5659337556,-0.8030734636,0.1865261279,,,,
4052,0.0,345.965637,1944.242065,160.465927,0.5659337556,-0.8030734636,0.1865261279,,,,
4053,0.0,346.189728,1941.315552,160.338486,0.5659337556,-0.8030734636,0.1865261279,,,,
4054,0.0,346.526581,1938.537598,160.107712,0.5659337556,-0.8030734636,0.1865261279,,,,
4055,0.0,346.987915,1935.738281,159.82048,0.5659337556,-0.8030734636,0.1865261279,,,,
4056,0.0,347.259583,1932.42627,159.400284,0.5001075206,-0.8473302387,0.1786727021,,,,
4111,0.0,371.596832,1745.878052,166.284271,-0.0610186231,-0.9264275626,0.3714952206,,,,
4112,0.0,371.552277,1745.962036,166.287796,-0.0610186231,-0.9264275626,0.3714952206,,,,
4113,0.0,371.593353,1742.972412,166.223587,-0.0618710962,-0.9267044169,0.3706627728,,,,
4114,0.0,371.75882,1740.009155,166.042831,-0.0642422161,-0.9268719761,0.3698395296,,,,
4115,0.0,371.802094,1736.996826,164.106537,-0.0667986651,-0.9273099771,0.368285412,,,,
4116,0.0,371.753815,1734.020996,161.705673,-0.0699704724,-0.9277315688,0.3666309716,,,,
4117,0.0,371.691315,1730.18457,158.878067,-0.0734724714,-0.9283030023,0.3644932536,,,,
4118,0.0,371.607025,1727.492065,156.919662,-0.0758278015,-0.9292468414,0.36159432,,,,
4119,0.0,371.360535,1721.481812,152.67865,-0.0820833599,-0.9312597538,0.3549895675,,,,
4120,0.0,371.2427675,1719.396912,151.2252885,-0.0858601187,-0.9317884846,0.3526731499,,,,
4121,0.0,371.125,1717.312012,149.771927,-0.0896368775,-0.9323172155,0.3503567323,,,,
4122,0.0,370.899963,1714.262451,147.642807,-0.099086114,-0.9332594182,0.3452662746,,,,
4123,0.0,370.599487,1710.960205,145.333694,-0.1131393208,-0.9340525513,0.338740794,,,,
4124,0.0,370.285095,1708.145508,143.368362,-0.1292318936,-0.9340361271,0.3329799257,,,,
4125,0.0,369.545532,1702.384521,139.20845,-0.1669818147,-0.931884711,0.3220372011,,,,
4126,0.0,369.200104,1699.579956,137.19635,-0.1929666648,-0.9294628797,0.3144242699,,,,
4127,0.0,369.0405885,1697.595947,135.7858655,-0.2164855637,-0.926376087,0.3071577394,,,,
4128,0.0,368.767059,1692.957886,132.551392,-0.2800762515,-0.9159184441,0.2874903426,,,,
4129,0.0,368.698639,1690.341064,130.677322,-0.3234253268,-0.9049087869,0.276651668,,,,
4130,0.0,368.702957,1688.429504,129.3854595,-0.3539720242,-0.8944250898,0.2713605727,,,,
4131,0.0,368.829498,1683.732788,126.147568,-0.4226668778,-0.8674073838,0.2625969174,,,,
4132,0.0,368.945129,1680.759155,124.230606,-0.4484634343,-0.8539746357,0.2638330336,,,,
4133,0.0,369.249207,1677.800537,122.216415,-0.4563599494,-0.8488738427,0.2667373161,,,,
4134,0.0,369.88974,1673.460571,119.381935,-0.457500272,-0.8478889778,0.2679137591,,,,
4135,0.0,370.388885,1670.459717,117.326172,-0.457500272,-0.8478889778,0.2679137591,,,,
4136,0.0,370.938202,1667.219849,115.22831,-0.457500272,-0.8478889778,0.2679137591,,,,
4137,0.0,371.450623,1664.318359,113.336044,-0.457500272,-0.8478889778,0.2679137591,,,,
4138,0.0,372.0448,1660.971313,111.182739,-0.457500272,-0.8478889778,0.2679137591,,,,
4139,0.0,372.587128,1658.065063,109.295364,-0.457500272,-0.8478889778,0.2679137591,,,,
4140,0.0,373.280792,1654.510498,106.989189,-0.457500272,-0.8478889778,0.2679137591,,,,
4141,0.0,374.158173,1650.218994,104.182678,-0.457500272,-0.8478889778,0.2679137591,,,,
4142,0.0,374.382324,1649.05249,103.35186,-0.4633873288,-0.8463344464,0.262659834,,,,
4143,0.0,375.041534,1644.06189,99.866013,-0.5011483583,-0.8318614996,0.2384465735,,,,
4144,0.0,375.286621,1641.179565,97.697556,-0.537417432,-0.8130319193,0.2239678591,,,,
4145,0.0,375.481842,1638.311279,95.53598,-0.573290463,-0.7908333203,0.2142911676,,,,
4146,0.0,375.566406,1635.46814,93.205948,-0.6171143897,-0.7592923945,0.2065063914,,,,
4147,0.0,375.462433,1631.49646,89.852951,-0.6856621807,-0.7010812228,0.1958379252,,,,
4148,0.0,375.053741,1628.797607,87.397987,-0.7462097845,-0.6392608238,0.1857863198,,,,
4149,0.0,374.710663,1626.143311,84.950935,-0.7913446568,-0.5847952436,0.1782923363,,,,
4150,0.0,374.418213,1623.493896,82.445641,-0.8273689264,-0.5350356896,0.1708726735,,,,
4151,0.0,373.973907,1619.498535,78.639565,-0.8712011,-0.4640895653,0.1600922193,,,,
4152,0.0,373.666779,1616.843872,76.21489,-0.8927516685,-0.4250502083,0.1494214804,,,,
4153,0.0,373.411499,1614.499268,73.9076,-0.904193014,-0.4023086822,0.143466782,,,,
4154,0.0,373.136047,1611.922974,71.332695,-0.9155197348,-0.3784302585,0.1364337002,,,,
4155,0.0,372.860504,1609.249268,68.76178,-0.9250148988,-0.3568595003,0.1303791935,,,,
4185,0.0,334.433441,1519.051636,65.272903,-0.9922521823,-0.0514211832,0.1130993746,0.0614744065,652.9168962428,1891.363334678,0.0
4186,0.0,332.70108,1515.797974,65.271591,-0.9927873786,-0.0411189721,0.1126163886,0.058676978,638.1830486417,1890.8735748166,0.0
4187,0.0,330.350586,1512.916748,65.285843,-0.9932545352,-0.0345159858,0.1106981255,0.0569311193,628.4938259285,1889.6529777884,0.0
4188,0.0,328.958649,1511.161133,65.579704,-0.9935445335,-0.0282766446,0.1098621468,0.0552361226,619.1257379113,1889.0081271219,0.0
4189,0.0,327.252533,1509.098145,65.737068,-0.9938551603,-0.0226660677,0.1083428338,0.0537413429,610.6605086295,1888.1882862599,0.0
4190,0.0,324.963318,1506.532593,65.826645,-0.9941827135,-0.0132139711,0.1068930455,0.0512222404,596.1465631261,1886.8727057999,0.0
4191,0.0,323.167694,1504.898804,65.789566,-0.9942590233,-0.0066817357,0.1067911464,0.0495905817,586.4752584057,1885.7633953356,0.0
4192,0.0,320.420197,1502.768433,65.618408,-0.994458339,0.0052756664,0.1049989489,0.0463706757,567.0083395875,1883.8514405491,0.0
4193,0.0,318.324463,1501.310669,65.415771,-0.9943567913,0.0159319935,0.1048844279,0.0436659415,550.1499249429,1882.2969377381,0.0
4194,0.0,316.226837,1500.072021,65.155586,-0.9940869188,0.0281150893,0.1048844105,0.0406256957,530.6027715472,1880.6605068267,0.0
4195,0.0,314.037567,1498.947998,64.856697,-0.9929890052,0.0520748277,0.1061180844,0.0349228604,492.1145653391,1878.5446132446,0.0
4196,0.0,310.940857,1497.623413,64.610252,-0.9858272339,0.1272455422,0.1093308595,0.0200152813,373.4504639836,1875.9498967521,0.0
4197,0.0,308.555237,1497.696533,64.222054,-0.9649821009,0.2379515293,0.1104020587,0.0075050451,229.1198170228,1873.6453332663,0.0
4198,0.0,305.271942,1499.149902,63.577709,-0.8993177697,0.4233160631,0.1096861879,0.015871024,331.8487857053,1870.0482341526,0.0
4199,0.0,303.300598,1501.105591,62.967922,-0.7977838126,0.5942263836,0.1021567098,0.0575895207,246.4067607098,736.7334376594,1.0
4200,0.0,301.94873,1504.048218,61.843914,-0.5244857496,0.8476586454,0.0799344686,0.0448637352,218.1446138261,736.560227443,1.0
4201,0.0,300.875137,1504.2871705,61.822756,-0.4226200796,0.8963647208,0.0714227544,0.0742568549,272.4605443243,736.8135843248,1.0
4202,0.0,297.991333,1504.851318,61.720024,-0.1940775697,0.9797110386,0.0500017783,,,,
4203,0.0,296.92572,1505.217712,61.59984,-0.1314270194,0.9884031834,0.0413616952,,,,
4204,0.0,294.81308,1506.16272,61.413723,-0.0377994114,0.9990087558,0.0235097924,,,,
4205,0.0,294.2642365,1506.450745,61.4323255,-0.0347670095,0.9992020627,0.0188578856,,,,
4206,0.0,293.715393,1506.73877,61.450928,-0.0317346076,0.9993953696,0.0142059787,,,,
4207,0.0,292.200958,1506.815796,62.141079,-0.0318216435,0.9993968872,0.0139012568,,,,
4208,0.0,291.957733,1507.069397,62.3538075,-0.0318216435,0.9993968872,0.0139012568,,,,
4209,0.0,291.714508,1507.322998,62.566536,-0.0318216435,0.9993968872,0.0139012568,,,,
4210,0.0,292.443298,1509.47937,63.233536,-0.0318216435,0.9993968872,0.0139012568,,,,
4211,0.0,292.695129,1510.427185,63.3829955,-0.0318216435,0.9993968872,0.0139012568,,,,
4212,0.0,293.362335,1512.815552,63.722195,-0.0318216435,0.9993968872,0.0139012568,,,,
4213,0.0,293.838257,1514.524048,63.870472,-0.0318216435,0.9993968872,0.0139012568,,,,
4214,0.0,294.408722,1516.969971,64.105507,-0.0318216435,0.9993968872,0.0139012568,,,,
4215,0.0,294.619629,1518.994751,64.391998,-0.0318216435,0.9993968872,0.0139012568,,,,
4216,0.0,294.909607,1521.311523,64.590134,-0.0318216435,0.9993968872,0.0139012568,,,,
4217,0.0,295.244873,1523.548584,64.851067,-0.0197236982,0.999771798,0.0082053465,,,,
4218,0.0,295.531067,1525.860718,65.076004,-0.0092477712,0.9999512184,0.0034697949,,,,
4219,0.0,295.780426,1528.048828,65.16552,-0.002687924,0.9999956434,0.0012199499,,,,
4251,0.0,308.811554,1630.99585,73.478973,0.0827599981,0.9965368814,0.0080639097,,,,
4252,0.0,309.056396,1633.952515,74.962395,0.087783866,0.9960747898,0.0113580793,,,,
4253,0.0,309.2506255,1636.057312,76.4281045,0.0939662404,0.995468614,0.013078093,,,,
4254,0.0,309.444855,1638.162109,77.893814,0.1001486149,0.9948624382,0.0147981066,,,,
4255,0.0,309.975372,1644.30188,84.167374,0.1151991616,0.9932164556,0.0158185159,,,,
4256,0.0,310.266785,1647.096191,87.931915,0.117083328,0.9929734747,0.0171805947,,,,
4257,0.0,310.602051,1650.15332,91.771217,0.1188562442,0.9927057562,0.0202107583,,,,
4258,0.0,311.144867,1654.252686,96.646736,0.1212418589,0.992237086,0.0276762879,,,,
4259,0.0,311.667053,1657.046509,99.719658,0.1229198649,0.9918687372,0.0329714259,,,,
4260,0.0,312.093292,1659.656982,102.632431,0.1251876755,0.9914056982,0.0379840426,,,,
4261,0.0,312.847321,1663.075562,106.508049,0.128687494,0.9906981602,0.0442344231,,,,
4262,0.0,313.205933,1665.799194,109.394661,0.1312956233,0.9901079608,0.0494740862,,,,
4263,0.0,313.240448,1668.656006,112.294334,0.133152415,0.9896627759,0.0532731105,,,,
4264,0.0,313.263702,1671.501953,115.132675,0.1348729299,0.9892706403,0.0561506283,,,,
4265,0.0,313.321838,1674.380981,117.876587,0.1366328987,0.9889408465,0.0576840803,,,,
4266,0.0,313.485626,1678.426636,121.368645,0.1391622611,0.9884631665,0.0597865676,,,,
4267,0.0,313.549103,1681.146362,123.677536,0.1400900665,0.9882284958,0.0614753072,,,,
4268,0.0,313.669769,1683.925781,125.81076,0.1409111325,0.9880052532,0.0631638534,,,,
4269,0.0,313.823822,1687.859131,128.76535,0.1420820157,0.9876804642,0.0655743965,,,,
4270,0.0,314.019073,1691.127686,130.728683,0.1439262762,0.9872815421,0.0675306127,,,,
4271,0.0,314.163361,1694.13562,132.45784,0.1440285885,0.9872594598,0.0676352323,,,,
4272,0.0,314.349152,1697.609619,134.289429,0.1449522778,0.9870592027,0.0685781858,,,,
4273,0.0,314.554962,1700.725098,135.635254,0.1449655626,0.9870563104,0.0685917325,,,,
4274,0.0,314.766449,1703.641113,136.73793,0.1449655626,0.9870563104,0.0685917325,,,,
4275,0.0,314.954895,1706.009155,137.223389,0.1449655626,0.9870563104,0.0685917325,,,,
4276,0.0,315.267731,1709.35498,137.726532,0.1449655626,0.9870563104,0.0685917325,,,,
4277,0.0,315.635376,1712.845215,138.111588,0.1455851168,0.9869651199,0.0685917325,,,,
4278,0.0,316.07074,1716.778687,138.156433,0.1477097341,0.9866493849,0.0685917325,,,,
4279,0.0,317.649719,1721.00293,137.007339,0.1486482583,0.9865084222,0.0685917499,,,,
4280,0.0,318.569427,1725.20752,134.07695,0.1503152814,0.9862557936,0.0685917325,,,,
4281,0.0,319.230835,1729.003174,132.536026,0.1546356986,0.9855876293,0.0685917325,,,,
4282,0.0,319.820557,1732.363037,132.334122,0.1597004184,0.9846762774,0.07006001,,,,
4283,0.0,320.479309,1735.74646,132.133041,0.1685191158,0.9830220512,0.0725875644,,,,
4284,0.0,320.963654,1739.193359,132.053391,0.1775664112,0.9811545419,0.0761966836,,,,
4285,0.0,321.033905,1742.439941,135.030319,0.1843322651,0.9796678255,0.0791995441,,,,
4286,0.0,321.461273,1746.668335,138.060699,0.1954772251,0.9771996555,0.0828823725,,,,
4287,0.0,321.661072,1749.657471,140.304962,0.2054721903,0.9749986484,0.0846097787,,,,
4288,0.0,322.482208,1755.203857,144.332001,0.2249983425,0.9703824882,0.0879407331,,,,
4289,0.0,322.8929745,1757.3244625,145.7788925,0.2331248252,0.968311036,0.0891889285,,,,
4290,0.0,323.303741,1759.445068,147.225784,0.2412513079,0.9662395837,0.0904371239,,,,
4291,0.0,324.2995,1765.062134,151.610306,0.254629905,0.9624026848,0.0945763384,,,,
4292,0.0,324.804932,1767.970337,153.813171,0.2604645542,0.9606379558,0.0966071109,,,,
4341,0.0,343.40802,1931.353149,160.443359,0.8052337998,0.586146085,0.0896174907,,,,
4342,0.0,343.578949,1931.126343,160.443359,0.8052337998,0.586146085,0.0896174907,,,,
4343,0.0,343.891022,1934.230103,160.503418,0.8119536373,0.5772282292,0.0868266218,,,,
4344,0.0,344.198975,1937.151611,160.609467,0.8176788843,0.5694825613,0.0842072117,,,,
4345,0.0,344.548492,1940.229736,160.722168,0.8249880859,0.5592508011,0.081444457,,,,
4346,0.0,344.946625,1943.494385,160.768738,0.8313358007,0.549955646,0.0801846239,,,,
4347,0.0,345.330109,1946.410767,160.762756,0.8378942256,0.5400398994,0.0793106154,,,,
4348,0.0,345.803711,1949.769409,160.745056,0.8450411049,0.5288168814,0.0791090196,,,,
4349,0.0,346.402008,1953.285767,160.719299,0.8533147932,0.5152157967,0.0800409057,,,,
4350,0.0,346.970856,1956.001099,160.685425,0.8628030803,0.4988866846,0.0817491321,,,,
4351,0.0,347.567169,1958.790283,160.647644,0.8712367285,0.4838380433,0.0827484786,,,,
4352,0.0,348.23288,1961.761597,160.604462,0.8798131514,0.468029066,0.0829313692,,,,
4353,0.0,348.993256,1965.031372,160.553314,0.8881407575,0.4520269746,0.0829313518,,,,
4354,0.0,349.61911,1967.720947,160.509918,0.8946468479,0.4393002195,0.0813777285,,,,
4355,0.0,350.357239,1970.942749,160.456909,0.9016283983,0.4250315719,0.0800899138,,,,
4356,0.0,350.94989,1973.248169,160.415894,0.9076380889,0.4123730969,0.0783679047,,,,
4357,0.0,351.522797,1975.479492,160.375031,0.9129849219,0.4008883736,0.0758092622,,,,
4358,0.0,352.194672,1977.998779,160.327026,0.9202391623,0.3845700402,0.0725656138,,,,
4359,0.0,352.706268,1979.737427,160.291718,0.924503741,0.3743816906,0.0716322735,,,,
4360,0.0,353.30835,1981.838501,160.248779,0.9300838445,0.3606808998,0.0696658504,,,,
4361,0.0,353.803833,1983.467285,160.213959,0.9335573234,0.3517873771,0.0686757983,,,,
4362,0.0,354.205963,1984.918213,160.184021,0.935846284,0.345822911,0.0678103745,,,,
4363,0.0,354.564972,1986.140747,160.15799,0.9366290585,0.343910116,0.0667221015,,,,
4364,0.0,354.805847,1986.967163,160.140411,0.9366452357,0.3438744825,0.0666786525,,,,
4365,0.0,355.03476,1987.663696,160.124542,0.9366452357,0.3438744825,0.0666786525,,,,
4366,0.0,355.235565,1988.311768,160.109985,0.9371179236,0.3426996278,0.0660829968,,,,
4367,0.0,355.489258,1989.057861,160.091339,0.9394542447,0.3368952568,0.0626682387,,,,
4368,0.0,355.727234,1989.699219,159.02182,0.9420467965,0.3303216664,0.0586125402,,,,
4369,0.0,355.975891,1990.326538,157.683243,0.9431416008,0.3275103339,0.0567529916,,,,
4370,0.0,356.269928,1991.028687,156.173981,0.9444542571,0.3239724929,0.0552085148,,,,
4371,0.0,356.557465,1991.684937,154.755157,0.9457373255,0.3203820545,0.0541871784,,,,
4372,0.0,356.898224,1992.430908,153.128235,0.9468572381,0.3171614901,0.053572007,,,,
4373,0.0,357.198364,1993.06665,151.735016,0.9474959212,0.3154043166,0.0526459526,,,,
4374,0.0,357.50589,1993.700317,150.33638,0.9478026084,0.3144874556,0.0526104146,,,,
4375,0.0,357.808044,1994.309448,148.984375,0.9479743537,0.314039122,0.0521924771,,,,
4376,0.0,358.486816,1995.637817,146.189804,0.9487375495,0.3118156999,0.0516529915,,,,
4377,0.0,358.795746,1996.226318,146.165421,0.9493121369,0.3101954145,0.0508455651,,,,
4378,0.0,359.136047,1996.864624,146.138504,0.9501973761,0.3076294011,0.0498908616,,,,
4379,0.0,359.489319,1997.518188,146.110474,0.9511458827,0.3048431215,0.0489099291,,,,
4380,0.0,359.849579,1998.176514,146.081833,0.9523343548,0.3012001906,0.0483499926,,,,
4381,0.0,357.697235,1997.426758,141.988632,0.9532492573,0.2982998672,0.0483015815,,,,
4382,0.0,357.995697,1998.030518,141.90506,0.9541606498,0.2954469385,0.0478389066,,,,
4383,0.0,358.219177,1998.449951,141.872391,0.9545029002,0.2943963604,0.0474868031,,,,
4384,0.0,358.519348,1999.149902,141.789963,0.9550095108,0.2927718985,0.0473439516,,,,
4385,0.0,358.732056,1999.684448,141.759232,0.9551525486,0.2923049078,0.0473439516,,,,
4386,0.0,358.957367,2000.323608,141.696594,0.9554969158,0.291226777,0.0470383712,,,,
4387,0.0,359.304504,2001.192627,141.687897,0.9560940538,0.2894314587,0.0459738088,,,,
4388,0.0,359.480652,2001.712158,141.703598,0.9566296195,0.2876669633,0.0459073994,,,,
4389,0.0,359.746368,2002.466431,141.701431,0.9578014716,0.2837408151,0.0459074168,,,,
4390,0.0,359.995636,2003.075684,141.706696,0.9589290529,0.279906381,0.0459073994,,,,
4391,0.0,360.236725,2003.657593,141.728882,0.960004482,0.2761954113,0.0459073994,,,,
4392,0.0,360.476624,2004.243774,141.74498,0.9609891551,0.2727496188,0.0459073994,,,,
4393,0.0,360.847015,2005.096191,141.768234,0.962573125,0.2670272027,0.0463621838,,,,
4394,0.0,361.124634,2005.654663,141.779312,0.9635440413,0.2634979987,0.0463862608,,,,
4395,0.0,361.438232,2006.272705,141.805923,0.9646764629,0.2592586815,0.0467360465,,,,
4396,0.0,361.760925,2006.902344,141.829391,0.9658492747,0.2548310025,0.0468651116,,,,
4397,0.0,362.141876,2007.600952,141.882095,0.9673133047,0.2492160347,0.0468651116,,,,
4398,0.0,362.492828,2008.233276,141.926865,0.9685064788,0.244538058,0.0468651116,,,,
4399,0.0,362.89856,2008.97522,141.97934,0.9695166229,0.2405019317,0.0468651116,,,,
4400,0.0,363.246979,2009.605347,142.021637,0.9702921351,0.2374262288,0.0464968651,,,,
4401,0.0,363.640533,2010.27356,142.080383,0.9710130936,0.2345539813,0.0460217546,,,,
4402,0.0,364.031708,2010.93689,142.111298,0.9718529296,0.2310722666,0.0459074168,,,,
4403,0.0,364.430176,2011.593018,142.14299,0.9730938834,0.2259354583,0.0451825492,,,,
4404,0.0,364.89566,2012.305054,142.212067,0.974323546,0.2207006485,0.0445516727,,,,
4405,0.0,365.40799,2013.05481,142.259415,0.976075823,0.212931876,0.0440000444,,,,
4406,0.0,365.600555,2013.353516,142.273743,0.9765017369,0.2109717328,0.0439918841,,,,
4413,0.0,370.540466,2019.004761,142.429413,0.9784271902,0.1989720511,0.0555909739,,,,
4414,0.0,370.929016,2019.5078125,142.4195555,0.9784568561,0.198585251,0.0564376776,,,,
4415,0.0,371.317566,2020.010864,142.409698,0.978486522,0.198198451,0.0572843813,,,,
4416,0.0,371.834808,2020.770142,142.373749,0.9784903326,0.1981470966,0.0573968395,,,,
4417,0.0,372.708496,2021.919678,142.277405,0.9784903326,0.1981470966,0.0573968395,,,,
4418,0.0,373.018158,2022.348633,142.242943,0.9784439666,0.1983757841,0.0573968482,,,,
4419,0.0,373.256744,2023.371704,141.72142,0.9749193524,0.2149264843,0.0577828929,,,,
4420,0.0,373.4048155,2023.8494875,141.8143005,0.9721302522,0.2266244702,0.0588085724,,,,
4421,0.0,373.501678,2024.999878,142.146942,0.9649139517,0.2552615334,0.0615029706,,,,
4422,0.0,374.032257,2025.891846,141.986435,0.9600268516,0.2727489842,0.0629002057,,,,
4423,0.0,374.531982,2027.021851,141.807251,0.9537849977,0.2932636886,0.0655025738,,,,
4424,0.0,374.773621,2027.871338,141.696304,0.9483652042,0.3097259481,0.0683613675,,,,
4425,0.0,374.797577,2029.246094,141.562866,0.9434437092,0.3240405957,0.0700832355,,,,
4426,0.0,375.000702,2030.009888,141.664444,0.9371914,0.341357219,0.071746281,,,,
4427,0.0,375.330109,2030.43042,142.046021,0.9295511919,0.3612577403,0.0736710705,,,,
4428,0.0,375.516418,2030.78064,143.060913,0.9262128355,0.369635837,0.0741561284,,,,
4429,0.0,375.468262,2030.837769,144.192566,0.9245979786,0.3736414252,0.0742338426,,,,
4430,0.0,375.416718,2030.750488,144.665543,0.9241944261,0.3746384915,0.0742338426,,,,
4431,0.0,375.504242,2030.632446,144.667114,0.9241944261,0.3746384915,0.0742338426,,,,
4432,0.0,375.544342,2030.511597,144.669159,0.9241944261,0.3746384915,0.0742338426,,,,
4433,0.0,375.607239,2030.402466,144.658432,0.9241944261,0.3746384915,0.0742338426,,,,
4434,0.0,375.736328,2030.298462,144.622299,0.9241944261,0.3746384915,0.0742338426,,,,
4435,0.0,375.86911,2030.223755,144.561478,0.9241944261,0.3746384915,0.0742338426,,,,
4436,0.0,376.019073,2030.156372,144.477859,0.9241944261,0.3746384915,0.0742338426,,,,
4437,0.0,376.175354,2030.0979,144.37413,0.9241944261,0.3746384915,0.0742338426,,,,
4438,0.0,376.336151,2030.046753,144.253036,0.9241944261,0.3746384915,0.0742338426,,,,
4439,0.0,376.500885,2029.996338,144.127289,0.9240696693,0.3749461066,0.0742338426,,,,
4440,0.0,376.735474,2029.906616,143.962463,0.922621754,0.3785871372,0.0737623117,,,,
4441,0.0,376.903473,2029.856323,143.805237,0.921469275,0.3815569139,0.0728608033,,,,
4442,0.0,377.067352,2029.796753,143.677353,0.9185415264,0.3887860855,0.0716019827,,,,
4443,0.0,377.230927,2029.753296,143.54158,0.9152554169,0.3967021984,0.070248755,,,,
4444,0.0,377.389587,2029.709961,143.40683,0.9112607179,0.4062165056,0.0677646998,,,,
4445,0.0,377.543457,2029.637817,143.286255,0.9072948084,0.4154858565,0.0647119278,,,,
4446,0.0,377.790649,2029.668823,143.068451,0.9036641817,0.4238171865,0.0614006437,,,,
4447,0.0,377.89682,2029.45813,143.03566,0.8998748942,0.4323009308,0.0578020768,,,,
4448,0.0,378.058258,2029.14502,142.989212,0.8923939564,0.4483381691,0.0512436612,,,,
4449,0.0,378.180115,2028.907715,142.968185,0.8873801439,0.4585919398,0.047433247,,,,
4450,0.0,378.296509,2028.679199,142.958405,0.8795235707,0.4740042819,0.041931246,,,,
4451,0.0,378.438629,2028.397583,142.95546,0.8715532272,0.4889347986,0.0365750586,,,,
4452,0.0,378.613312,2028.106079,142.922379,0.8635604569,0.5031972795,0.032493619,,,,
4453,0.0,378.795959,2027.772461,142.899628,0.8590610285,0.5109860472,0.0301232287,,,,
4454,0.0,379.033875,2027.319214,142.87616,0.8561012832,0.5160633389,0.0277348736,,,,
4455,0.0,379.242859,2026.831421,142.827515,0.8553394429,0.5173267122,0.0277039757,,,,
4456,0.0,379.418823,2026.387939,142.787308,0.8553333073,0.5173597435,0.0272732342,,,,
4457,0.0,379.754211,2025.49707,142.700699,0.8553419132,0.5173650304,0.0269004989,,,,
4458,0.0,379.948608,2024.977539,142.654007,0.8551917,0.517621318,0.0267456043,,,,
4459,0.0,380.083633,2024.630127,142.6019515,0.8550399943,0.5178942203,0.0263038398,,,,
4460,0.0,380.402374,2023.87207,142.468658,0.8542586118,0.5192279358,0.0253884788,,,,
4461,0.0,380.553528,2023.451782,142.376633,0.8532541242,0.5209138858,0.0246195701,,,,
4462,0.0,380.710052,2023.013062,142.282669,0.8512928729,0.5241540513,0.0237270951,,,,
4463,0.0,380.889465,2022.53064,142.191177,0.8479912162,0.5295226265,0.0227307113,,,,
4464,0.0,381.084198,2022.095093,142.097061,0.8444094117,0.535279466,0.0211810931,,,,
4465,0.0,381.280273,2021.639648,142.00087,0.8411897258,0.5403727885,0.0199272343,,,,
4466,0.0,381.506287,2021.122559,141.896118,0.8377125849,0.545783901,0.0189092187,,,,
4467,0.0,381.716217,2020.666382,141.8078,0.8342029128,0.5511537092,0.0183054393,,,,
4468,0.0,381.935822,2020.19873,141.704468,0.8299433834,0.5575707487,0.0175738627,,,,
4469,0.0,382.183167,2019.69519,141.585205,0.8240179826,0.5663125574,0.0168656957,,,,
4470,0.0,382.505646,2019.039551,141.436356,0.8139536938,0.5807036436,0.0162068716,,,,
4471,0.0,382.766541,2018.567505,141.359192,0.8077190353,0.5893449382,0.0162019679,,,,
4472,0.0,383.020508,2018.103271,141.275162,0.8025286237,0.5963935817,0.0162019679,,,,
4473,0.0,383.330719,2017.568115,141.209412,0.7990473483,0.6010712369,0.0153851685,,,,
4474,0.0,383.641541,2017.064087,141.139359,0.7968153282,0.6040397499,0.0148766029,,,,
4475,0.0,383.995514,2016.493408,141.066986,0.7947032746,0.6068274423,0.0143930763,,,,
4476,0.0,384.342773,2015.967407,141.004791,0.7925933089,0.6095911637,0.0139448858,,,,
4477,0.0,384.690094,2015.422607,140.93988,0.7899916659,0.612969144,0.0134906019,,,,
4478,0.0,385.048004,2014.876587,140.86998,0.7868307392,0.6170249621,0.0133260671,,,,
4479,0.0,385.592377,2014.135254,140.850906,0.7818274121,0.6233524795,0.0133260671,,,,
4480,0.0,385.99942,2013.584473,140.841492,0.7783469033,0.6277019756,0.0128968228,,,,
4481,0.0,386.405182,2013.056519,140.845337,0.7749581951,0.6318819171,0.012846736,,,,
4482,0.0,386.841095,2012.546265,140.854156,0.7704101098,0.6374263253,0.0124876982,,,,
4483,0.0,387.327972,2012.04834,140.948822,0.7644780894,0.6445310684,0.0123674019,,,,
4484,0.0,387.840271,2011.553345,141.062317,0.7607879102,0.6488827344,0.0123674019,,,,
4485,0.0,388.395599,2011.065308,141.19368,0.7566384661,0.6537106448,0.0126737705,,,,
4486,0.0,388.994049,2010.560425,141.313263,0.7527255832,0.65821522,0.0125267905,,,,
4487,0.0,389.5578,2010.06543,141.41748,0.7502670227,0.6610248931,0.0120617303,,,,
4488,0.0,390.178131,2009.512573,141.519547,0.7490251538,0.6624348971,0.0118880651,,,,
4489,0.0,390.734741,2008.960571,141.576675,0.7483978341,0.6631493339,0.011560402,,,,
4490,0.0,391.27771,2008.425903,141.621246,0.7481979097,0.6633775158,0.0114087429,,,,
4491,0.0,391.824799,2007.912598,141.660782,0.7470616885,0.6646616533,0.0111229634,,,,
4492,0.0,392.436127,2007.338379,141.693604,0.7449991866,0.6669861478,0.0102805936,,,,
4493,0.0,393.003601,2006.803101,141.718628,0.7426177126,0.6696508507,0.009309731,,,,
4494,0.0,393.559937,2006.2948,141.732407,0.7400952173,0.6724417098,0.0090120078,,,,
4495,0.0,394.095703,2005.790894,141.712296,0.7386506983,0.6740281371,0.0090120078,,,,
4496,0.0,394.607269,2005.305908,141.657181,0.7376565457,0.6751200196,0.008705156,,,,
4497,0.0,395.418457,2004.58252,141.554642,0.7349789685,0.6780420783,0.0080533159,,,,
4498,0.0,395.826385,2004.223267,141.507721,0.732699831,0.6805042996,0.0080533159,,,,
4499,0.0,396.0986785,2003.9886475,141.471863,0.7309364974,0.6823958006,0.0078143352,,,,
4500,0.0,396.370972,2003.754028,141.436005,0.7291731638,0.6842873016,0.0075753546,,,,
4501,0.0,397.008759,2003.180176,141.395081,0.72677691,0.6868369455,0.0070945992,,,,
4502,0.0,397.344452,2002.9448855,141.348793,0.726460038,0.6871719342,0.0070945992,,,,
4503,0.0,398.165253,2002.260864,141.287033,0.7261431661,0.6875069229,0.0070945992,,,,
4504,0.0,398.440262,2002.0447995,141.26194,0.7261431661,0.6875069229,0.0070945992,,,,
4505,0.0,398.715271,2001.828735,141.236847,0.7261431661,0.6875069229,0.0070945992,,,,
4506,0.0,399.810089,2000.943359,141.108444,0.7261431661,0.6875069229,0.0070945992,,,,
4507,0.0,400.088043,2000.731079,141.0913695,0.7261431661,0.6875069229,0.0070945992,,,,
4508,0.0,400.909119,2000.116577,141.057144,0.7261431661,0.6875069229,0.0070945992,,,,
4509,0.0,401.470032,1999.710693,141.037933,0.7261431661,0.6875069229,0.0070945992,,,,
4510,0.0,401.761032,1999.4869995,141.0315855,0.7261431661,0.6875069229,0.0070945992,,,,
4511,0.0,402.367035,1999.083984,141.223221,0.7261431661,0.6875069229,0.0070945992,,,,
4512,0.0,403.103699,1998.680176,141.663788,0.7261431661,0.6875069229,0.0070945992,,,,
4513,0.0,403.527374,1998.256958,142.066681,0.7261431661,0.6875069229,0.0070945992,,,,
4514,0.0,403.879822,1997.891846,142.280319,0.7261431661,0.6875069229,0.0070945992,,,,
4515,0.0,404.116699,1997.595947,142.464035,0.7258735949,0.6877915316,0.0070945992,,,,
4516,0.0,404.239563,1997.381592,142.640152,0.7250809066,0.6886271455,0.0070945992,,,,
4517,0.0,404.32019,1997.26001,142.806183,0.7238619554,0.6899083535,0.0070945992,,,,
4518,0.0,404.397552,1997.337036,142.814514,0.7230506754,0.6907585594,0.0070945992,,,,
4519,0.0,404.470673,1997.386108,142.836258,0.722381058,0.6914621337,0.0067619998,,,,
4520,0.0,404.513489,1997.34729,142.936966,0.7221787109,0.6916748861,0.0066152383,,,,
4521,0.0,404.549957,1997.289551,143.049606,0.7219445934,0.6919192457,0.0066152383,,,,
4522,0.0,404.583344,1997.205811,143.174286,0.7218470583,0.692020999,0.0066152383,,,,
4523,0.0,404.607483,1997.120728,143.282928,0.721074496,0.6928259593,0.0066152383,,,,
4524,0.0,404.624512,1996.987793,143.412262,0.720337127,0.693596024,0.0062433163,,,,
4525,0.0,404.642029,1996.893066,143.494949,0.7196480699,0.6943118942,0.0061358759,,,,
4526,0.0,404.650452,1996.729858,143.619522,0.7188802321,0.6951068716,0.0061358759,,,,
4527,0.0,404.634949,1996.526978,143.762024,0.7181973448,0.6958124208,0.0061358759,,,,
4528,0.0,404.567902,1996.208984,143.989304,0.7180520478,0.6959623608,0.0061358759,,,,
4529,0.0,404.524567,1995.901978,144.205063,0.7171223212,0.6969203164,0.0061358759,,,,
4530,0.0,404.591675,1996.206543,144.010284,0.7155545031,0.6985299593,0.0061358759,,,,
4531,0.0,404.614288,1996.25769,143.972931,0.7137508955,0.700372765,0.0061358934,,,,
4532,0.0,404.645691,1996.298584,143.933395,0.7122284551,0.701917917,0.0064703616,,,,
4533,0.0,404.687958,1996.350464,143.873108,0.7109562218,0.7032051545,0.0066152383,,,,
4534,0.0,404.745941,1996.388306,143.810043,0.7100710648,0.7040962136,0.0068996332,,,,
4535,0.0,404.927246,1996.235229,143.802704,0.7094635167,0.7047064532,0.0070945992,,,,
4536,0.0,405.044281,1996.226685,143.736496,0.709457699,0.7047123101,0.0070945992,,,,
4537,0.0,405.224762,1996.058472,143.736252,0.708972289,0.7052006523,0.0070945992,,,,
4538,0.0,405.480804,1995.484253,143.960114,0.7081051178,0.7060713907,0.0070945992,,,,
4539,0.0,405.347565,1994.194092,144.764221,0.7081051178,0.7060713907,0.0070945992,,,,
4540,0.0,405.292511,1993.591675,144.945114,0.7081051178,0.7060713907,0.0070945992,,,,
4541,0.0,405.3330995,1993.625183,144.852852,0.7081051178,0.7060713907,0.0070945992,,,,
4542,0.0,405.373688,1993.658691,144.76059,0.7081051178,0.7060713907,0.0070945992,,,,
4543,0.0,405.436218,1993.746094,144.670654,0.7081051178,0.7060713907,0.0070945992,,,,
4544,0.0,405.542053,1993.884155,144.582504,0.7081051178,0.7060713907,0.0070945992,,,,
4545,0.0,405.585052,1993.932251,144.562225,0.7081051178,0.7060713907,0.0070945992,,,,
4546,0.0,405.632446,1993.966187,144.544968,0.7081051178,0.7060713907,0.0070945992,,,,
4547,0.0,405.667816,1993.976807,144.535141,0.7081051178,0.7060713907,0.0070945992,,,,
4548,0.0,405.692322,1993.984131,144.529922,0.7081051178,0.7060713907,0.0070945992,,,,
4549,0.0,405.691132,1993.977783,144.541077,0.7081051178,0.7060713907,0.0070945992,,,,
4550,0.0,405.685486,1993.975952,144.549057,0.7081051178,0.7060713907,0.0070945992,,,,
4551,0.0,405.619965,1993.973145,144.601349,0.7081051178,0.7060713907,0.0070945992,,,,
4552,0.0,405.553558,1993.968018,144.649994,0.7081051178,0.7060713907,0.0070945992,,,,
4553,0.0,405.4758,1993.973511,144.69368,0.7081051178,0.7060713907,0.0070945992,,,,
4554,0.0,405.387848,1993.981934,144.748093,0.7081051178,0.7060713907,0.0070945992,,,,
4555,0.0,405.27243,1994.04248,144.790344,0.7081051178,0.7060713907,0.0070945992,,,,
4556,0.0,405.647797,1994.594238,144.347916,0.7081051178,0.7060713907,0.0070945992,,,,
4557,0.0,405.90094,1994.881836,144.069641,0.7081051178,0.7060713907,0.0070945992,,,,
4558,0.0,406.062958,1995.003174,143.913422,0.7081051178,0.7060713907,0.0070945992,,,,
4559,0.0,406.187317,1995.044922,143.823273,0.7081051178,0.7060713907,0.0070945992,,,,
4560,0.0,406.317169,1995.074341,143.736359,0.7081051178,0.7060713907,0.0070945992,,,,
4561,0.0,406.45575,1995.098022,143.652832,0.7081051178,0.7060713907,0.0070945992,,,,
4562,0.0,406.676819,1995.106812,143.544128,0.7078107766,0.7063664567,0.0070945992,,,,
4563,0.0,406.860138,1994.898071,143.562424,0.7076366162,0.7065409302,0.0070945992,,,,
4564,0.0,407.05957,1994.73584,143.545242,0.7074875747,0.7066901714,0.0070945992,,,,
4565,0.0,407.372803,1994.62207,143.456558,0.7074278629,0.7067499455,0.0070945992,,,,
4566,0.0,407.604584,1994.459106,143.391769,0.7074278629,0.7067499455,0.0070945992,,,,
4567,0.0,407.825867,1994.305054,143.349716,0.7074278629,0.7067499455,0.0070945992,,,,
4568,0.0,407.719208,1993.784424,143.754684,0.7074278629,0.7067499455,0.0070945992,,,,
4569,0.0,407.23587,1992.538086,144.655792,0.7074278629,0.7067499455,0.0070945992,,,,
4570,0.0,406.704193,1991.927612,144.990875,0.7074278629,0.7067499455,0.0070945992,,,,
4571,0.0,406.759766,1992.002319,144.875854,0.7074278629,0.7067499455,0.0070945992,,,,
4572,0.0,406.822113,1992.07605,144.796402,0.7074278629,0.7067499455,0.0070945992,,,,
4573,0.0,406.881805,1992.141113,144.752335,0.7074278629,0.7067499455,0.0070945992,,,,
4574,0.0,406.932739,1992.191284,144.72467,0.7074278629,0.7067499455,0.0070945992,,,,
4575,0.0,406.97934,1992.228394,144.710571,0.7074278629,0.7067499455,0.0070945992,,,,
4576,0.0,407.405609,1992.769531,144.327164,0.7074278629,0.7067499455,0.0070945992,,,,
4577,0.0,407.788605,1993.13855,144.003616,0.7074278629,0.7067499455,0.0070945992,,,,
4578,0.0,407.996124,1993.256348,143.842804,0.7074278629,0.7067499455,0.0070945992,,,,
4579,0.0,408.116455,1993.334351,143.733963,0.7074278629,0.7067499455,0.0070945992,,,,
4580,0.0,408.297028,1993.241821,143.688889,0.7074278629,0.7067499455,0.0070945992,,,,
4581,0.0,408.470947,1993.236084,143.592346,0.7074278629,0.7067499455,0.0070945992,,,,
4582,0.0,408.612427,1993.202026,143.537842,0.7074278629,0.7067499455,0.0070945992,,,,
4583,0.0,408.772369,1993.056519,143.544067,0.7074278629,0.7067499455,0.0070945992,,,,
4584,0.0,408.962036,1992.954224,143.503357,0.7074278629,0.7067499455,0.0070945992,,,,
4585,0.0,409.381866,1992.729004,143.406052,0.7074278629,0.7067499455,0.0070945992,,,,
4586,0.0,409.596283,1992.612061,143.352203,0.7074278629,0.7067499455,0.0070945992,,,,
4587,0.0,409.807312,1992.491089,143.304565,0.7074278629,0.7067499455,0.0070945992,,,,
4588,0.0,409.9679415,1992.3945925,143.271919,0.7074278629,0.7067499455,0.0070945992,,,,
4589,0.0,410.332336,1992.144531,143.177155,0.7074278629,0.7067499455,0.0070945992,,,,
4590,0.0,410.520844,1991.955811,143.132324,0.7074278629,0.7067499455,0.0070945992,,,,
4591,0.0,410.725891,1991.751587,143.07959,0.7074278629,0.7067499455,0.0070945992,,,,
4592,0.0,410.922791,1991.553223,143.033783,0.7074278629,0.7067499455,0.0070945992,,,,
4593,0.0,411.214142,1991.261597,142.958023,0.7074278629,0.7067499455,0.0070945992,,,,
4594,0.0,411.407806,1991.077515,142.874344,0.7074278629,0.7067499455,0.0070945992,,,,
4595,0.0,411.628204,1990.863281,142.791931,0.7074278629,0.7067499455,0.0070945992,,,,
4596,0.0,411.863739,1990.629883,142.710846,0.7074278629,0.7067499455,0.0070945992,,,,
4597,0.0,412.187042,1990.310791,142.605331,0.7074278629,0.7067499455,0.0070945992,,,,
4598,0.0,412.454926,1990.038452,142.544571,0.7074278629,0.7067499455,0.0070945992,,,,
4599,0.0,412.723785,1989.767944,142.485123,0.7074278629,0.7067499455,0.0070945992,,,,
4600,0.0,413.008453,1989.485229,142.420151,0.7074278629,0.7067499455,0.0070945992,,,,
4601,0.0,413.294739,1989.195923,142.366516,0.7074278629,0.7067499455,0.0070945992,,,,
4602,0.0,413.637512,1988.847412,142.311005,0.7074278629,0.7067499455,0.0070945992,,,,
4603,0.0,413.937866,1988.54126,142.264557,0.7074278629,0.7067499455,0.0070945992,,,,
4604,0.0,414.285095,1988.180786,142.214325,0.7074278629,0.7067499455,0.0070945992,,,,
4605,0.0,414.61615,1987.837524,142.170181,0.7074278629,0.7067499455,0.0070945992,,,,
4606,0.0,415.120392,1987.309937,142.11377,0.7074278629,0.7067499455,0.0070945992,,,,
4607,0.0,415.462067,1986.959473,142.065735,0.7074278629,0.7067499455,0.0070945992,,,,
4608,0.0,415.851166,1986.548584,142.034012,0.7074278629,0.7067499455,0.0070945992,,,,
4609,0.0,416.269531,1986.095947,141.990204,0.7074278629,0.7067499455,0.0070945992,,,,
4610,0.0,416.649292,1985.684326,141.949997,0.7074278629,0.7067499455,0.0070945992,,,,
4611,0.0,417.200928,1985.080933,141.893738,0.7074278629,0.7067499455,0.0070945992,,,,
4612,0.0,417.570953,1984.69873,141.856796,0.7074278629,0.7067499455,0.0070945992,,,,
4613,0.0,417.951599,1984.311646,141.824738,0.7074278629,0.7067499455,0.0070945992,,,,
4614,0.0,418.50293,1983.749878,141.749435,0.7074278629,0.7067499455,0.0070945992,,,,
4615,0.0,418.888428,1983.359131,141.689957,0.7074278629,0.7067499455,0.0070945992,,,,
4616,0.0,419.276672,1982.96167,141.633682,0.7074278629,0.7067499455,0.0070945992,,,,
4617,0.0,419.841217,1982.387085,141.569992,0.7074278629,0.7067499455,0.0070945992,,,,
4618,0.0,420.251129,1981.968994,141.467255,0.7074278629,0.7067499455,0.0070945992,,,,
4619,0.0,421.116028,1981.086792,141.260895,0.7074278629,0.7067499455,0.0070945992,,,,
4620,0.0,421.481354,1980.561035,141.206467,0.7074278629,0.7067499455,0.0070945992,,,,
4621,0.0,420.323456,1981.052124,141.770981,0.7074278629,0.7067499455,0.0070945992,,,,
4622,0.0,419.51297,1981.254944,141.5980075,0.7074278629,0.7067499455,0.0070945992,,,,
4623,0.0,418.702484,1981.457764,141.425034,0.7074278629,0.7067499455,0.0070945992,,,,
4624,0.0,418.330261,1980.865723,141.553864,0.7074278629,0.7067499455,0.0070945992,,,,
4625,0.0,418.443726,1980.352661,141.918762,0.7070013217,0.7071766383,0.0070945992,,,,
4626,0.0,418.6464695,1979.855713,142.4243165,0.7068756336,0.7073022506,0.0070945992,,,,
4627,0.0,418.849213,1979.358765,142.929871,0.7067499455,0.7074278629,0.0070945992,,,,
4628,0.0,419.151733,1978.534058,143.662552,0.7064702196,0.7077072103,0.0070945992,,,,
4629,0.0,419.362488,1978.192871,143.827438,0.7064107431,0.7077665779,0.0070945992,,,,
4630,0.0,419.623779,1977.620117,144.135941,0.7057914792,0.7083879884,0.006696691,,,,
4631,0.0,419.711761,1977.246948,144.361511,0.7054656077,0.7087132812,0.0066152383,,,,
4632,0.0,419.742676,1977.363159,144.291809,0.7053944926,0.7087840633,0.0066152383,,,,
4633,0.0,419.7145235,1977.7315065,144.0584335,0.7053944926,0.7087840633,0.0066152383,,,,
4634,0.0,419.704773,1978.046265,143.814911,0.7053944926,0.7087840633,0.0066152383,,,,
4635,0.0,419.739044,1977.971069,143.799744,0.7053944926,0.7087840633,0.0066152383,,,,
4636,0.0,419.759857,1977.891724,143.791367,0.7053944926,0.7087840633,0.0066152383,,,,
4637,0.0,419.758087,1977.775879,143.795319,0.7053944926,0.7087840633,0.0066152383,,,,
4638,0.0,419.755463,1977.702637,143.797943,0.7053944926,0.7087840633,0.0066152383,,,,
4639,0.0,419.699799,1977.636841,143.831528,0.7039037992,0.7102645141,0.0066152383,,,,
6320,0.0,-577.239685,-694.50769,193.119232,0.6092219854,0.6597375301,0.4399942772,,,,
6321,0.0,-573.017395,-695.197937,193.011169,0.6065209119,0.6593445834,0.4442939385,,,,
6322,0.0,-573.020813,-695.193176,193.023193,0.6065209119,0.6593445834,0.4442939385,,,,
6323,0.0,-576.733887,-694.82782,192.854385,0.6033384751,0.6599400069,0.447729686,,,,
6324,0.0,-573.853638,-694.613586,192.230042,0.5998893502,0.6605886253,0.4513927732,,,,
6325,0.0,-569.410889,-693.996826,191.151306,0.5939521796,0.661689486,0.4575891525,,,,
6326,0.0,-563.127136,-693.06189,189.770126,0.5830854207,0.6635538767,0.4687298208,,,,
6327,0.0,-560.840576,-692.6819155,189.5104445,0.5790314964,0.6656058211,0.4708146407,,,,
6328,0.0,-558.554016,-692.301941,189.250763,0.5749775721,0.6676577655,0.4728994606,,,,
6329,0.0,-551.732971,-691.112244,189.671448,0.5586555861,0.6763737153,0.4800234717,,,,
6330,0.0,-548.416748,-690.544983,189.818924,0.5437624357,0.6862883745,0.4830431456,,,,
6331,0.0,-546.00943,-690.11734,189.5543135,0.531521131,0.6941384706,0.4852224727,,,,
6332,0.0,-540.482849,-689.147278,188.982956,0.5033550873,0.7119706707,0.4896237537,,,,
6333,0.0,-537.164612,-688.46759,188.614761,0.4880664447,0.7214228996,0.4912638247,,,,
6334,0.0,-534.171997,-687.396698,188.065033,0.4753618074,0.7287592785,0.492670131,,,,
6335,0.0,-528.275269,-685.915527,187.446442,0.4479734319,0.7449642791,0.4943157161,,,,
6336,0.0,-525.649902,-685.46582,187.438828,0.427717252,0.7563940732,0.4948999478,,,,
6337,0.0,-522.329712,-684.657715,187.406097,0.4003903976,0.7701953033,0.4964742937,,,,
6338,0.0,-518.324158,-685.218384,187.844391,0.3779381991,0.7802345011,0.4983942625,,,,
6339,0.0,-516.463745,-684.25531,187.699188,0.3663471441,0.7842643025,0.5007187572,,,,
6340,0.0,-513.727173,-682.790466,190.789642,0.3496577654,0.7891888256,0.5048964692,,,,
6341,0.0,-510.794159,-681.274414,195.884949,0.340860342,0.7914527753,0.507362525,,,,
6342,0.0,-508.207184,-679.936829,199.968887,0.3330266104,0.792850568,0.5103736412,,,,
6343,0.0,-505.565735,-678.571411,203.940781,0.3253010483,0.7939278367,0.5136709239,,,,
6344,0.0,-503.017181,-677.256042,207.576401,0.3188979981,0.7953316868,0.5155109842,,,,
6345,0.0,-500.350403,-675.877502,211.195068,0.3118872132,0.7974679125,0.5164990752,,,,
6346,0.0,-497.942352,-674.632996,214.286484,0.305882197,0.7989215858,0.5178420428,,,,
6347,0.0,-494.610199,-672.9104,218.302246,0.2978884834,0.8011239426,0.519098141,,,,
6348,0.0,-492.177155,-671.656738,221.013245,0.293424088,0.8022851326,0.5198469684,,,,
6349,0.0,-489.673126,-670.365417,223.636078,0.2890547027,0.8038163851,0.5199294163,,,,
6350,0.0,-487.243042,-669.115967,226.006683,0.2860060135,0.8049062208,0.5199293566,,,,
6351,0.0,-484.088837,-667.494812,228.844635,0.2820626817,0.8053172469,0.5214448921,,,,
6352,0.0,-481.694885,-666.260925,230.817169,0.2786319772,0.8064320998,0.5215663809,,,,
6353,0.0,-479.131042,-664.936279,232.764526,0.2742987398,0.807916316,0.5215663214,,,,
6354,0.0,-476.383972,-663.519958,234.642853,0.2707802062,0.809102336,0.5215663809,,,,
6355,0.0,-473.497253,-662.0271,236.403229,0.2660211718,0.8106795351,0.5215663214,,,,
6356,0.0,-471.153046,-660.815247,237.658264,0.2625229092,0.8118191268,0.5215663214,,,,
6357,0.0,-468.131775,-659.259277,239.05188,0.2595400625,0.8127776623,0.5215663214,,,,
6358,0.0,-465.654938,-657.984375,240.00415,0.2573818458,0.8134636986,0.5215662916,,,,
6373,0.0,-424.093445,-636.977173,228.43277,0.1126644059,0.8577108601,0.5016361352,,,,
6374,0.0,-421.515533,-635.637207,227.587128,0.1035898979,0.8595780225,0.5003946006,,,,
6375,0.0,-418.417755,-634.025269,224.98175,0.0962193191,0.8615174367,0.4985273804,,,,
6376,0.0,-416.090637,-632.813293,222.58786,0.0919027264,0.8632583346,0.4963254342,,,,
6377,0.0,-413.490387,-631.460571,219.767929,0.0872029881,0.8655535414,0.4931660023,,,,
6378,0.0,-410.831635,-630.076843,216.673752,0.0809315314,0.8680738897,0.4897936395,,,,
6379,0.0,-408.408051,-628.577026,214.771805,0.0733293807,0.8707264011,0.4862698184,,,,
6380,0.0,-406.262329,-626.953979,214.430344,0.0673995025,0.8735333461,0.482075513,,,,
6381,0.0,-404.188843,-625.087097,214.223663,0.0613030272,0.8759800716,0.47843584,,,,
6382,0.0,-402.836792,-623.681091,214.085831,0.0588876216,0.8775331494,0.4758863517,,,,
6383,0.0,-400.691437,-621.151733,213.868408,0.0564503646,0.8795328248,0.4724779004,,,,
6384,0.0,-399.372375,-619.359558,213.735504,0.0557793775,0.880336464,0.4710587768,,,,
6385,0.0,-397.723999,-616.845032,213.568726,0.0541386636,0.8814399145,0.4691829945,,,,
6386,0.0,-396.252258,-614.317688,213.421082,0.0540414824,0.8823999705,0.4673861467,,,,
6387,0.0,-394.947021,-611.778503,213.288727,0.0523875252,0.8829735287,0.4664904016,,,,
6388,0.0,-394.035858,-609.838562,213.197418,0.0524175257,0.8836463851,0.4652112092,,,,
6389,0.0,-392.911102,-607.227783,213.084167,0.0517991198,0.8839052884,0.4647884383,,,,
6390,0.0,-391.777466,-604.31189,212.969727,0.050927066,0.884690612,0.4633885572,,,,
6391,0.0,-390.711426,-601.352173,212.862518,0.0508330938,0.8856623138,0.4615390151,,,,
6392,0.0,-389.743103,-598.391357,212.764343,0.0500519757,0.8866536703,0.4597173791,,,,
6393,0.0,-389.098602,-596.240845,212.698883,0.0494417877,0.8873594357,0.458419831,,,,
6394,0.0,-388.206299,-593.032349,212.608246,0.0485643225,0.8887678514,0.4557775915,,,,
6395,0.0,-391.056274,-588.027161,208.123901,0.0468417532,0.8903324526,0.4528951026,,,,
6396,0.0,-390.486511,-585.588684,207.811829,0.0454925479,0.8911125224,0.4514962906,,,,
6397,0.0,-389.585419,-581.991455,207.894241,0.0435324173,0.892663747,0.4486160536,,,,
6398,0.0,-388.895935,-579.372864,208.328217,0.0428018074,0.8934643543,0.4470899829,,,,
6399,0.0,-388.176178,-576.584045,208.872726,0.0391643317,0.8951478247,0.4440456362,,,,
6400,0.0,-387.4953,-574.156677,209.231354,0.0367573556,0.8966650085,0.4411810958,,,,
6401,0.0,-386.39743,-570.71582,209.277756,0.030679082,0.8996882676,0.4354535739,,,,
6402,0.0,-385.631958,-568.273682,208.730942,0.0247731767,0.9023793379,0.4302299621,,,,
6403,0.0,-384.285004,-565.41333,207.805176,0.0151142609,0.9063261481,0.4223085037,,,,
6404,0.0,-383.527557,-562.983276,206.687561,0.0093432887,0.9086886923,0.4173698161,,,,
6405,0.0,-382.977234,-560.398682,205.421677,0.0050488679,0.9106318297,0.4131878262,,,,
6406,0.0,-382.41629,-557.7453,203.939758,0.0008983173,0.9125199121,0.4090312985,0.1498463505,1546.381994261,2936.904338027,1.0
6407,0.0,-381.693787,-554.233887,201.711487,-0.0054496987,0.9149786651,0.4034654176,0.1449118142,1521.5726656492,2934.6649235753,1.0
6408,0.0,-381.194763,-551.789551,199.969971,-0.0099537589,0.916901227,0.3989900532,0.141219608,1502.7083202615,2933.0073344164,1.0
6409,0.0,-380.544312,-548.529785,197.43692,-0.0160789922,0.918696723,0.3946362846,0.1370536922,1480.8807806779,2930.721550082,1.0
6410,0.0,-380.075317,-546.157288,195.42421,-0.0212031528,0.9204503103,0.3902840665,0.1333413215,1461.274305356,2928.983421195,1.0
6411,0.0,-379.442688,-542.847839,192.404678,-0.0294393492,0.9231789965,0.3832412624,0.1275182245,1430.0192978937,2926.4894980172,1.0
6412,0.0,-378.990021,-540.507141,190.111511,-0.0352205282,0.9247528787,0.3789348595,0.1237889419,1409.4779551724,2924.6676179108,1.0
6413,0.0,-378.327515,-537.063354,186.518616,-0.0420696153,0.9270529209,0.3725627858,0.118807048,1381.3593879502,2921.9239595385,1.0
6414,0.0,-377.848877,-534.601135,183.780777,-0.0481336309,0.928844769,0.3673289381,0.1147271963,1357.9656785006,2919.9035230674,1.0
6415,0.0,-376.718872,-528.840637,176.859024,-0.0599393344,0.9325934771,0.3559166794,0.1066617683,1310.0592733943,2915.2275101875,1.0
6416,0.0,-376.3652955,-527.099762,174.5971375,-0.0623988606,0.933499404,0.3530869117,0.1047852432,1298.4566422379,2913.8407804074,1.0
6417,0.0,-375.494019,-522.867065,168.927063,-0.0687317108,0.9360712783,0.345031178,0.0997107491,1266.8841736131,2910.422676516,1.0
6418,0.0,-374.952911,-520.28241,165.263138,-0.0727382796,0.9373222504,0.3407875315,0.0968877515,1248.8329463126,2908.28997895,1.0
6419,0.0,-374.20993,-516.762817,160.042511,-0.0774625557,0.9394339474,0.3338613648,0.0928110638,1222.3662810284,2905.391266621,1.0
6420,0.0,-373.654694,-514.139832,155.950424,-0.0822151234,0.9417075723,0.3262323127,0.0886386329,1194.983351959,2903.2131914416,1.0
6421,0.0,-372.904755,-510.621094,150.239197,-0.0872689394,0.9446288517,0.3163233546,0.0835625807,1160.6630134957,2900.36664522,1.0
6422,0.0,-372.5629885,-509.016861,147.522934,-0.0893710154,0.9460324779,0.3114567378,,,,
6423,0.0,-371.68808,-504.905334,140.358963,-0.0963734263,0.949672405,0.2980511465,,,,
6424,0.0,-371.153107,-502.408813,135.815887,-0.0999885436,0.9519213298,0.2895653173,,,,
6425,0.0,-370.382751,-498.783356,128.986633,-0.1058013528,0.9554421065,0.2755656997,,,,
6426,0.0,-369.861267,-496.401855,124.310623,-0.1084211944,0.9571526696,0.2685211568,,,,
6427,0.0,-369.157867,-493.126495,117.717842,-0.112587642,0.960028379,0.2562606765,,,,
6428,0.0,-368.401733,-489.706665,110.540131,-0.1154627282,0.9630924505,0.2431486998,,,,
6429,0.0,-367.89386,-487.355743,105.46138,-0.1185927948,0.9647318745,0.2350067218,,,,
6430,0.0,-367.143555,-483.779755,97.54129,-0.1260748165,0.9664967781,0.2235824649,,,,
6431,0.0,-366.637756,-481.414337,92.103722,-0.1307848707,0.9675759054,0.216083745,,,,
6432,0.0,-365.933624,-478.046478,84.196358,-0.1391127947,0.968732265,0.2054395997,,,,
6433,0.0,-365.426453,-474.469299,77.36364,-0.1465988898,0.9691918281,0.1979291941,,,,
6434,0.0,-365.486176,-469.228302,68.987717,-0.1660904813,0.9692905888,0.1813551944,,,,
6435,0.0,-365.517212,-467.167267,67.756302,-0.1773038873,0.9688718084,0.1727736972,,,,
6436,0.0,-365.61322,-465.192841,66.096344,-0.1856915912,0.9685577449,0.1655733303,,,,
6437,0.0,-365.887512,-462.002258,62.986576,-0.1960910578,0.9678680832,0.1574155982,,,,
6438,0.0,-365.98056,-460.159973,61.733913,-0.1994304398,0.9678358577,0.1533663985,,,,
6439,0.0,-366.152618,-458.554047,60.771305,-0.2018743133,0.9677324116,0.1508003353,,,,
6440,0.0,-366.519684,-456.225677,59.151398,-0.2044222082,0.9674749804,0.1490091374,,,,
6441,0.0,-366.884003,-454.711548,57.866074,-0.2048249074,0.9675169397,0.148181405,,,,
6442,0.0,-367.56665,-452.389984,58.445377,-0.2048346099,0.9675627709,0.147868411,,,,
6443,0.0,-368.295563,-450.636414,59.185383,-0.2048346099,0.9675627709,0.147868411,,,,
6444,0.0,-369.10553,-449.030914,59.682236,-0.2048346099,0.9675627709,0.147868411,,,,
6445,0.0,-370.428314,-446.784729,60.360123,-0.2040499896,0.9678546779,0.1470405529,,,,
6446,0.0,-371.397827,-445.172211,60.753098,-0.2007341929,0.9689691933,0.1442376036,,,,
6447,0.0,-372.97171,-442.804016,61.286201,-0.1944190735,0.970924527,0.1396666986,,,,
6448,0.0,-374.129059,-441.129089,62.01857,-0.1904788035,0.9720591629,0.1371816652,,,,
6449,0.0,-375.459351,-439.334991,62.711052,-0.1870251233,0.9729958245,0.1352801861,,,,
6450,0.0,-377.602448,-436.621796,63.815311,-0.1821772519,0.974132162,0.1337085634,,,,
6451,0.0,-379.137054,-434.808228,64.331078,-0.1781923218,0.9750852949,0.1321217779,,,,
6452,0.0,-381.362091,-432.344025,64.972229,-0.1681183206,0.977422423,0.1279907703,,,,
6453,0.0,-382.165558,-431.491882,65.712402,-0.1648394847,0.9781276093,0.126863408,0.0167232715,515.1149972289,2828.4722130125,1.0
6454,0.0,-386.775208,-426.795959,65.960434,-0.1462361468,0.9816298244,0.1225474488,0.0185950559,541.9130662971,2823.2169809652,1.0
6455,0.0,-388.206299,-425.4275815,65.3064345,-0.1417664758,0.9824090236,0.1214619834,0.0190444881,548.0132570413,2821.6471217023,1.0
6456,0.0,-389.63739,-424.059204,64.652435,-0.1372968047,0.9831882227,0.1203765181,0.0194939203,554.1134477856,2820.0772624393,1.0
6457,0.0,-391.58374,-422.237396,63.615486,-0.1306740863,0.9840976017,0.1203170538,0.0203898802,566.1505816544,2817.9597664379,1.0
6458,0.0,-396.178711,-418.236389,61.407566,-0.1195401176,0.9857163215,0.1186317575,0.0216842937,582.6714877983,2813.2176065354,1.0
6459,0.0,-399.033051,-415.785522,60.196873,-0.1111878995,0.986931747,0.1166318046,0.0226957926,595.3363590141,2810.3019510929,1.0
6460,0.0,-400.881317,-414.170197,60.171791,-0.1046612575,0.9878949081,0.1144974744,0.0244832225,618.2091558433,2810.9995883869,1.0
6461,0.0,-403.325134,-411.946228,60.750362,-0.097777955,0.9888642758,0.1121914234,0.0253611319,628.4530738356,2808.3077434209,1.0
6462,0.0,-405.525482,-409.599915,61.241859,-0.0884203039,0.9900753081,0.1092370548,0.0267276149,644.3023185521,2805.5374622938,1.0
6463,0.0,-407.562378,-407.095154,61.706264,-0.0824559744,0.9908380161,0.1069627881,0.0275238705,653.0421588489,2802.7256483395,1.0
6464,0.0,-409.234833,-404.728851,62.019772,-0.0777164217,0.9914251171,0.1050542475,0.0281640049,659.8540948586,2800.0469618791,1.0
6465,0.0,-410.747406,-402.172668,62.362629,-0.0737916516,0.9919303508,0.1030969022,0.0286542136,664.817174691,2797.2197032377,1.0
6466,0.0,-411.787384,-400.177795,62.612347,-0.070136341,0.9924220101,0.1008932484,0.029119761,669.5951837101,2795.0417562448,1.0
6467,0.0,-412.98819,-397.50827,62.997223,-0.0646318167,0.9931567673,0.0972746819,0.0298548534,677.1586084932,2792.1183368249,1.0
6468,0.0,-414.319397,-394.223297,63.385906,-0.0558694017,0.994129899,0.0926517881,0.0312653745,691.8454555127,2788.5837058761,1.0
6469,0.0,-415.274353,-391.699738,63.591583,-0.0480274203,0.9948599688,0.0891459998,0.0326803243,706.4034834495,2785.9427368311,1.0
6470,0.0,-416.185883,-389.009918,63.830292,-0.0422197973,0.9955179195,0.0846260042,0.0335762816,715.1360527683,2783.1321100409,1.0
6471,0.0,-417.015015,-386.238068,64.019432,-0.0359129156,0.9960823462,0.0808097901,0.0347070089,726.123310718,2780.2774212551,1.0
6472,0.0,-417.909271,-382.940521,64.179008,-0.0292374182,0.9965689824,0.0774302049,0.0360060238,738.4518854693,2776.9275293303,1.0
6473,0.0,-418.152374,-382.156067,64.184212,-0.0279248006,0.9966812212,0.0764640363,0.0362365731,740.5567129077,2776.1324293401,1.0
6474,0.0,-417.385681,-377.954926,63.838123,-0.0186366736,0.997389466,0.0697633684,0.0381313509,758.2971665103,2772.4477738756,1.0
6475,0.0,-417.86499,-376.152191,63.851006,-0.0156888613,0.997643001,0.0668004661,0.0386219416,762.5567278828,2770.6039526976,1.0
6476,0.0,-418.541504,-373.436584,63.870945,-0.0119743943,0.9979901,0.0622284032,0.0391906615,767.2889062606,2767.8970874554,1.0
6477,0.0,-418.989899,-371.478027,63.885811,-0.0104503086,0.9981506967,0.0598830333,0.0393758398,768.5170733183,2765.9315631182,1.0
6478,0.0,-419.546204,-368.803864,63.906666,-0.0076747811,0.998396799,0.0560796705,0.039783299,771.7278179593,2763.5142963461,1.0
6479,0.0,-419.963226,-366.586761,63.924442,-0.0055449829,0.9985286112,0.0539431723,0.0401239867,774.5107699494,2761.9201806522,1.0
6480,0.0,-420.319702,-364.475555,63.941742,-0.0026807453,0.9986607613,0.0516671795,0.0406754135,779.3701415285,2760.7341088077,1.0
6481,0.0,-420.690094,-362.147888,63.961147,-0.0009380065,0.998769676,0.0495807867,0.0409741163,781.7009440859,2759.0892663968,1.0
6482,0.0,-421.013885,-359.995697,63.97937,-0.0007660501,0.9987810086,0.0493549387,0.0409161752,780.7990634333,2757.8158247953,1.0
6483,0.0,-421.324738,-357.758179,63.998604,-0.0007660501,0.9987810086,0.0493549387,0.0408471178,779.7608545193,2756.4273860711,1.0
6484,0.0,-421.629211,-355.313904,64.019981,-0.0007660501,0.9987810086,0.0493549387,0.0407032541,778.0776522678,2755.2325967087,1.0
6485,0.0,-421.917114,-352.859222,64.041641,-0.0007660501,0.9987810086,0.0493549387,0.0406093376,776.7752714333,2753.7335875526,1.0
6486,0.0,-422.149506,-350.694916,64.060966,-0.0007660501,0.9987810086,0.0493549387,0.0405773978,776.0456539789,2752.2071443312,1.0
6487,0.0,-422.389221,-348.195648,64.083595,-0.0007660501,0.9987810086,0.0493549387,0.0405158033,775.0608929341,2750.7600899223,1.0
6488,0.0,-422.436646,-347.692047,64.088158,-0.0007660501,0.9987810086,0.0493549387,0.0404994665,774.8318488162,2750.4903128472,1.0
6489,0.0,-422.784637,-343.518005,64.122162,-0.0007660501,0.9987810086,0.0493549387,0.0404434003,773.5745518965,2747.8905921994,1.0
6490,0.0,-422.947723,-341.319916,64.124352,-0.0007660501,0.9987810086,0.0493549387,0.0404005198,772.8183980013,2746.6310065725,1.0
6491,0.0,-423.119446,-338.801208,64.123955,-0.0007660501,0.9987810086,0.0493549387,0.0403678033,772.0927501254,2745.1408511183,1.0
6492,0.0,-423.258545,-336.569366,64.123955,-0.0007660501,0.9987810086,0.0493549387,0.0403386584,771.46121024,2743.8657369858,1.0
6493,0.0,-423.381836,-334.428284,64.123955,-0.0007660501,0.9987810086,0.0493549387,0.0402969741,770.7575688173,2742.7514189277,1.0
6494,0.0,-423.531555,-331.591797,64.123955,-0.0007660501,0.9987810086,0.0493549387,0.0402293922,769.7231197361,2741.3227855914,1.0
6495,0.0,-423.630035,-329.462708,64.123955,-0.0003364729,0.9987812457,0.0493549387,0.0403036157,770.1012977794,2740.194908751,1.0
6496,0.0,-423.736176,-326.964844,64.123955,0.000174756,0.9987812871,0.0493549387,0.0404076572,770.5255081048,2738.2450928079,1.0
6497,0.0,-423.832794,-324.570374,64.123955,0.0001912599,0.9988503536,0.0479367769,0.040309438,769.0419117811,2736.2318060757,1.0
6498,0.0,-423.930511,-322.25177,64.123955,-0.0012098415,0.9988728146,0.0474514128,0.0398465308,764.224393914,2734.5168300686,1.0
6499,0.0,-424.05191,-318.322601,64.133453,-0.0001395214,0.9988740932,0.0474397148,0.0400267174,765.0844460049,2731.5509781045,1.0
6500,0.0,-424.125061,-315.627655,64.140945,0.0005772627,0.9988739361,0.0474397148,0.0401127276,765.365775118,2729.6841296425,1.0
6501,0.0,-424.17395,-313.43924,64.140442,0.0017357097,0.9989225955,0.0463749458,0.0402894157,766.5796528177,2728.1348544861,1.0
6502,0.0,-424.234375,-310.668213,64.140442,0.0025500082,0.9990180448,0.0442317031,0.04028899,766.0581258203,2726.2929305593,1.0
6503,0.0,-424.282867,-308.439301,64.140442,0.0025860652,0.99902432,0.0440876446,0.0401697967,764.5398729775,2724.8405898288,1.0
6504,0.0,-424.334015,-306.060638,64.156731,0.0021595914,0.9990253321,0.0440876621,0.0399023286,761.6045205515,2723.275233242,1.0
6505,0.0,-424.374359,-303.873016,64.159431,0.0021071504,0.9989545196,0.0456664827,0.0398028577,760.2437041919,2721.7349451434,1.0
6506,0.0,-424.41507,-301.423737,64.173485,0.0021069958,0.9989390709,0.0460031865,0.0396544126,758.4389979303,2720.2484765652,1.0
6507,0.0,-424.446503,-299.343445,64.176727,0.0021069958,0.9989390709,0.0460031865,0.039503439,756.6274569142,2718.8271754099,1.0
6508,0.0,-424.48526,-296.519318,64.192345,0.0021069958,0.9989390709,0.0460031865,0.039318032,754.3172193778,2716.7805432067,1.0
6509,0.0,-424.514893,-294.102478,64.193016,0.0021069958,0.9989390709,0.0460031865,0.0390962715,751.8013708464,2715.2342690165,1.0
6510,0.0,-424.540619,-291.779541,64.209839,0.0021069958,0.9989390709,0.0460031865,0.0389064053,749.5649843461,2713.6234070223,1.0
6511,0.0,-424.561798,-289.669342,64.210312,0.0021069958,0.9989390709,0.0460031865,0.0387137279,747.3546932038,2712.2128885163,1.0
6512,0.0,-424.583588,-287.282196,64.225449,0.0021069958,0.9989390709,0.0460031865,0.0384982233,744.8631524117,2710.5772829355,1.0
6513,0.0,-424.600922,-285.178833,64.227791,0.0021068189,0.9989213385,0.0463866444,0.038311673,742.7002659046,2709.1497820325,1.0
6514,0.0,-424.621521,-282.866577,64.240143,0.0017300915,0.9989000183,0.0468589399,0.038017359,739.4432767506,2707.4865783268,1.0
6515,0.0,-424.641998,-280.45462,64.244888,0.001237776,0.9988775291,0.0473513435,0.0376803296,735.7428238268,2705.7259666926,1.0
6516,0.0,-424.660553,-278.265564,64.257332,0.0007601416,0.9988738137,0.0474397148,0.037339747,732.0366604106,2704.1114186604,1.0
6517,0.0,-424.676056,-276.051727,64.260994,0.0006702081,0.9988317851,0.0483178638,0.0371008891,729.3089023308,2702.529024941,1.0
6518,0.0,-424.68808,-274.248962,64.260895,0.0006703275,0.9988279363,0.0483973577,0.0368723472,726.7728073643,2701.3073922194,1.0
6519,0.0,-424.698517,-272.679779,64.277069,0.0006703275,0.9988279363,0.0483973577,0.0366618827,724.4418362391,2700.2165303408,1.0
6520,0.0,-424.707916,-271.267487,64.281967,0.0006703275,0.9988279363,0.0483973577,0.0364247488,721.9266885091,2699.4235962424,1.0
6521,0.0,-424.71991,-269.467041,64.28093,0.0006703275,0.9988279363,0.0483973577,0.0361004781,718.4580846812,2698.2695170839,1.0
6522,0.0,-424.728424,-268.196442,64.28093,0.0006703275,0.9988279363,0.0483973577,0.0358596291,715.8756655857,2697.4191844117,1.0
6523,0.0,-424.736237,-267.02005,64.299995,0.0006703275,0.9988279363,0.0483973577,0.0356617973,713.6680483304,2696.4135974566,1.0
6524,0.0,-424.743225,-265.976074,64.300957,0.0006703275,0.9988279363,0.0483973577,0.0353935008,710.840788967,2695.7076519974,1.0
6525,0.0,-424.75,-264.951263,64.300827,0.0006703275,0.9988279363,0.0483973577,0.0351398652,708.1169449934,2694.8780733861,1.0
6526,0.0,-424.755615,-264.106476,64.300827,0.0006703275,0.9988279363,0.0483973577,0.0349036685,705.5905238232,2694.171758424,1.0
6527,0.0,-424.761383,-263.244141,64.300827,0.0006703275,0.9988279363,0.0483973577,0.0346320502,702.6800814854,2693.3736499888,1.0
6528,0.0,-424.765717,-262.595032,64.300827,0.0006703275,0.9988279363,0.0483973577,0.034393783,700.1327607131,2692.7260257761,1.0
6529,0.0,-424.76886,-262.119629,64.300827,0.0006703275,0.9988279363,0.0483973577,0.0341975818,698.0267536418,2692.1821292378,1.0
6530,0.0,-424.772278,-261.606873,64.300827,0.0006703275,0.9988279363,0.0483973577,0.033939877,695.318974244,2691.72415337,1.0
6531,0.0,-424.774963,-261.202484,64.300827,0.0006703275,0.9988279363,0.0483973577,0.0336888596,692.6473867323,2691.1811067181,1.0
6532,0.0,-424.773743,-260.877075,64.300827,0.0010742637,0.9988275836,0.0483973577,0.0335155202,690.7688501576,2690.6951834868,1.0
6533,0.0,-424.770599,-260.669739,64.300827,0.0016094005,0.9988710288,0.0474771274,0.0333640827,689.1387176203,2690.3270160401,1.0
6534,0.0,-424.767883,-260.605499,64.300827,0.0019822212,0.9988721361,0.0474397148,0.0332293942,687.7289261057,2690.166902337,1.0
6535,0.0,-424.766968,-260.588837,64.300827,0.0021068541,0.998871881,0.0474397148,0.0329887763,685.227626599,2689.97560832,1.0
6536,0.0,-424.763458,-260.590698,64.300827,0.002516819,0.9988903246,0.0470296193,0.0328151406,683.4041704415,2689.7870804605,1.0
6537,0.0,-424.75943,-260.589325,64.300827,0.0029978534,0.9989115137,0.0465489067,0.0326657689,681.8291739775,2689.6146576332,1.0
6538,0.0,-424.752075,-260.586884,64.300827,0.0038691083,0.9989116324,0.0464820458,0.0326434878,681.5467859878,2689.4028660542,1.0
6539,0.0,-424.747345,-260.585297,64.300827,0.0044232636,0.9989463074,0.045680518,0.0324867684,679.9150408467,2689.3204963261,1.0
6540,0.0,-424.735168,-260.581268,61.813782,0.0058656833,0.9990250865,0.0437546607,0.0322091848,677.0086783145,2689.1492397333,1.0
6541,0.0,-424.731201,-260.580017,60.455597,0.0063282072,0.9990623516,0.0428295619,0.0320243724,675.1042969181,2689.1851254966,1.0
6542,0.0,-424.730438,-260.579742,59.064453,0.0064180038,0.9991019518,0.0418819663,0.0317283091,671.9953862356,2689.0588343966,1.0
6543,0.0,-424.727356,-260.578735,57.714508,0.0067835803,0.9991376595,0.0409624266,0.0315142385,669.7352490457,2688.9554670862,1.0
6544,0.0,-424.723297,-260.577423,56.306889,0.007263129,0.9991435828,0.0407350954,0.0313432429,667.9103947003,2688.8169489511,1.0
6545,0.0,-424.722321,-260.577118,54.886906,0.0073760945,0.9991427552,0.0407350954,0.031088892,665.2076621319,2688.6951649524,1.0
6546,0.0,-424.722321,-260.577118,53.402378,0.0073760945,0.9991427552,0.0407350954,0.0307936686,662.0549301701,2688.5473930034,1.0
6547,0.0,-424.722321,-260.577118,52.020847,0.0073760945,0.9991427552,0.0407350954,0.0305183788,659.0940894512,2688.3804049514,1.0
6548,0.0,-424.722321,-260.577118,50.64893,0.0073760945,0.9991427552,0.0407350954,0.0302500276,656.2000579121,2688.2386783963,1.0
6549,0.0,-424.722321,-260.577118,50.630802,0.0073760945,0.9991427552,0.0407350954,0.0299960833,653.4369041909,2688.0530667357,1.0
6550,0.0,-424.722565,-260.60791,50.630802,0.0073760945,0.9991427552,0.0407350954,0.0296628528,649.7941437003,2687.8130733283,1.0
6551,0.0,-424.721771,-260.495453,50.630802,0.0073760945,0.9991427552,0.0407350954,0.0294068579,646.9476049004,2687.4866431641,1.0
6552,0.0,-424.720917,-260.380188,50.630802,0.0073760945,0.9991427552,0.0407350954,0.0291776015,644.3869501123,2687.1889041344,1.0
6553,0.0,-424.720032,-260.251068,50.630802,0.0073762143,0.9991589792,0.040335168,0.0289113356,641.4016055568,2686.8466811882,1.0
6554,0.0,-424.71875,-260.080994,50.630802,0.0073762378,0.9991621671,0.0402561165,0.0286261072,638.1917824105,2686.4920554874,1.0
6555,0.0,-424.717712,-259.935974,50.630802,0.0073762378,0.9991621671,0.0402561165,0.0284399427,636.0857067508,2686.249034885,1.0
6556,0.0,-424.716553,-259.772797,50.630802,0.0073762378,0.9991621671,0.0402561165,0.0281751252,633.0869919518,2685.9399089435,1.0
6557,0.0,-424.71524,-259.594604,50.630802,0.0073762378,0.9991621671,0.0402561165,0.027925392,630.2391006005,2685.6167323683,1.0
6558,0.0,-424.71347,-259.345947,50.630802,0.0073762378,0.9991621671,0.0402561165,0.0276387161,626.9363564847,2685.1669239698,1.0
6559,0.0,-424.711914,-259.136017,51.984867,0.0073762378,0.9991621671,0.0402561165,0.0274285547,624.4952091215,2684.7959127228,1.0
6560,0.0,-424.71405,-258.913574,53.358158,0.0069262671,0.9991653877,0.0402561165,0.0271200895,620.9369714342,2684.4272229497,1.0
6561,0.0,-424.713928,-258.856995,53.700108,0.0068972665,0.9991655883,0.0402561165,0.0270642067,620.2849991361,2684.3377057801,1.0
6562,0.0,-424.711212,-258.461395,55.955051,0.0068972665,0.9991655883,0.0402561165,0.0267364126,616.4380361451,2683.7700986464,1.0
6563,0.0,-424.709076,-258.152588,57.605747,0.0068972665,0.9991655883,0.0402561165,0.0265022498,613.650714405,2683.2525765002,1.0
6564,0.0,-424.707428,-257.909393,58.841705,0.0068972665,0.9991655883,0.0402561165,0.0263161817,611.4997039232,2683.1566152578,1.0
6565,0.0,-424.705597,-257.647369,60.122986,0.0068972665,0.9991655883,0.0402561165,0.0261332886,609.3356486522,2682.8762642939,1.0
6566,0.0,-424.703064,-257.276794,61.858826,0.0068972567,0.9991464804,0.0407276142,0.0259391615,607.0287255221,2682.5696719573,1.0
6567,0.0,-424.704803,-256.987488,63.142853,0.006467022,0.9991314354,0.0411649408,0.0256702528,603.8415412876,2682.2426840602,1.0
6568,0.0,-424.706421,-256.555298,64.300827,0.0059582516,0.9991325738,0.041214065,0.0253609927,600.133732034,2681.7670965924,1.0
6569,0.0,-424.703339,-256.029602,64.300827,0.0059388484,0.9991130713,0.0416869391,0.0251739046,597.8132175239,2681.1789037843,1.0
6570,0.0,-424.699707,-255.429291,64.300827,0.0059387315,0.9990934074,0.0421556015,0.0250000473,595.6207510012,2680.5003008333,1.0
6571,0.0,-424.699432,-254.712158,64.300827,0.005472986,0.9990756048,0.0426378034,0.0247215057,592.1518656451,2679.6709895651,1.0
6572,0.0,-424.699036,-254.100769,64.300827,0.0051093685,0.9990468156,0.0433515235,0.0245300882,589.7263474303,2678.9571478831,1.0
6573,0.0,-424.694916,-253.154251,64.300827,0.0049805994,0.9990196221,0.0439885015,0.0243270139,587.0677710069,2677.8503736621,1.0
6574,0.0,-424.689484,-252.132156,64.300827,0.0049804908,0.9989978378,0.044480499,0.024156796,584.7610070455,2676.5940023243,1.0
6575,0.0,-424.683838,-251.071671,64.300827,0.0049804717,0.9989940029,0.0445665456,0.0239749374,582.3147444101,2675.3636462885,1.0
6576,0.0,-424.67749,-249.86116,64.300827,0.004980421,0.9989593649,0.0453363295,0.0238267376,580.2272586,2673.9502802369,1.0
6577,0.0,-424.670807,-248.572922,64.300827,0.0049802564,0.9989508164,0.0455243166,0.0236459006,577.7498840365,2672.5728865939,1.0
6578,0.0,-424.663605,-247.15387,64.300827,0.0049801668,0.9989328591,0.0459166748,0.0234795937,575.4132115237,2671.061507752,1.0
6579,0.0,-424.656067,-245.6754,64.300827,0.004980147,0.9989288788,0.0460031865,0.0232875106,572.7432551962,2669.4801623036,1.0
6580,0.0,-424.647491,-243.996094,64.300827,0.004980147,0.9989288788,0.0460031865,0.0230788212,569.8151385899,2667.6723975494,1.0
6581,0.0,-424.635773,-240.81546,64.300827,0.0045012878,0.9989311514,0.0460031865,0.0226278712,563.570390075,2664.2937980708,1.0
6582,0.0,-424.627075,-239.035812,64.300827,0.0045012878,0.9989311514,0.0460031865,0.022446374,560.9186020385,2662.3344458201,1.0
6583,0.0,-424.622528,-238.092186,64.300827,0.0045012878,0.9989311514,0.0460031865,0.022357084,559.6046147178,2661.3398321795,1.0
6584,0.0,-424.617981,-237.14856,64.300827,0.0045012878,0.9989311514,0.0460031865,0.022267794,558.290627397,2660.3452185389,1.0
6585,0.0,-424.608124,-235.082443,64.300827,0.0045012878,0.9989311514,0.0460031865,0.0221071689,555.8250240739,2658.0928846265,1.0
6586,0.0,-424.598297,-233.025131,64.280922,0.0045012878,0.9989311514,0.0460031865,0.021895439,552.7278537621,2655.8888730768,1.0
6587,0.0,-424.58197,-229.542206,64.17598,0.0045012878,0.9989311514,0.0460031865,0.021598869,548.2330233069,2652.1159742177,1.0
6588,0.0,-424.576233,-228.3093265,64.138821,0.0045012878,0.9989311514,0.0460031865,0.0214945093,546.648547923,2650.7977314985,1.0
6589,0.0,-424.562836,-225.425323,64.051895,0.0045012878,0.9989311514,0.0460031865,0.0212910975,543.4446074208,2647.6788428046,1.0
6590,0.0,-424.551849,-223.050003,63.980301,0.0045012878,0.9989311514,0.0460031865,0.0210752926,540.1859236526,2645.0983317472,1.0
6591,0.0,-424.54892,-222.413666,63.961121,0.0045012878,0.9989311514,0.0460031865,0.0210308233,539.4839744364,2644.4228220281,1.0
6592,0.0,-424.531952,-218.7099,63.849483,0.0045012878,0.9989311514,0.0460031865,0.0208256125,536.1672027142,2640.9447860402,1.0
6593,0.0,-424.522552,-216.656723,63.78759,0.0045012878,0.9989311514,0.0460031865,0.0207431366,534.7574109036,2639.1770051008,1.0
6594,0.0,-424.513397,-214.638397,63.726753,0.0045012878,0.9989311514,0.0460031865,0.0206436638,533.0983437198,2637.2539497011,1.0
6595,0.0,-424.501862,-212.101288,63.650276,0.0045012878,0.9989311514,0.0460031865,0.0205738437,531.802588078,2635.2576105094,1.0
6596,0.0,-424.490448,-209.586761,63.574478,0.0045012878,0.9989311514,0.0460031865,0.0204986807,530.3631130897,2632.8884438928,1.0
6597,0.0,-424.479736,-207.204865,63.502678,0.0045012878,0.9989311514,0.0460031865,0.0204840865,529.765140883,2630.8469223583,1.0
6598,0.0,-424.471985,-205.488663,63.450947,0.0045012878,0.9989311514,0.0460031865,0.0204731343,529.2977244546,2629.221402465,1.0
6599,0.0,-424.460846,-203.025452,63.376694,0.0045012878,0.9989311514,0.0460031865,0.0204256385,528.2050504689,2626.8109563098,1.0
6600,0.0,-424.452606,-200.279877,63.293957,0.0040265421,0.9989331778,0.0460031865,,,,
6601,0.0,-424.448151,-198.568665,63.244999,0.0036763354,0.9989024159,0.0466952678,,,,
6602,0.0,-424.437744,-195.895309,63.183495,0.0035432692,0.9988512346,0.0477876177,,,,
6603,0.0,-424.295471,-193.326279,63.136616,0.0026060925,0.9988478471,0.0479185418,,,,
6604,0.0,-424.084381,-191.570953,63.1101,0.0025855179,0.9988128677,0.0486432987,,,,
6605,0.0,-423.686005,-189.226578,63.080795,0.0025854884,0.9988014998,0.0488761625,,,,
6606,0.0,-423.170197,-186.951996,63.059181,0.0025853142,0.9987813273,0.0492866747,,,,
6607,0.0,-423.015686,-186.319534,63.053825,0.0024421978,0.9987747788,0.0494264796,,,,
6608,0.0,-421.891052,-182.709122,63.03606,0.0016278325,0.9987562017,0.0498337209,,,,
6609,0.0,-421.141602,-180.702454,63.032497,0.0016279227,0.9987366688,0.0502236621,,,,
6610,0.0,-420.235809,-178.530029,63.03207,0.0016277934,0.9987321981,0.0503124917,,,,
6611,0.0,-419.306976,-176.508118,63.032112,0.0016277934,0.9987321981,0.0503124917,,,,
6612,0.0,-418.236145,-174.360245,63.049023,0.0016277934,0.9987321981,0.0503124917,,,,
6613,0.0,-417.365784,-172.730957,63.051025,0.0016277934,0.9987321981,0.0503124917,,,,
6614,0.0,-416.280396,-170.558578,63.047535,0.0016277934,0.9987321981,0.0503124917,,,,
6615,0.0,-415.328674,-168.418839,63.029823,0.0016277934,0.9987321981,0.0503124917,,,,
6616,0.0,-414.466278,-166.266586,63.006741,0.0016277934,0.9987321981,0.0503124917,,,,
6617,0.0,-413.679962,-164.093521,62.981186,0.0016277934,0.9987321981,0.0503124917,,,,
6618,0.0,-412.485901,-160.50914,62.936081,0.0016277934,0.9987321981,0.0503124917,,,,
6619,0.0,-411.849335,-158.432053,62.908356,0.0016277934,0.9987321981,0.0503124917,,,,
6620,0.0,-411.32312,-156.602325,62.882935,0.0016277934,0.9987321981,0.0503124917,,,,
6621,0.0,-411.0623625,-155.63797,62.8690625,0.0016277934,0.9987321981,0.0503124917,,,,
6622,0.0,-410.415863,-153.173111,62.833031,0.0016277934,0.9987321981,0.0503124917,,,,
6623,0.0,-410.05368,-151.710846,62.811039,0.0016277934,0.9987321981,0.0503124917,,,,
6624,0.0,-409.707825,-150.271118,62.789082,0.0016277934,0.9987321981,0.0503124917,,,,
6625,0.0,-409.487305,-149.336868,62.774723,0.0016277934,0.9987321981,0.0503124917,,,,
6626,0.0,-409.155975,-147.917725,62.7528,0.0016277934,0.9987321981,0.0503124917,,,,
6627,0.0,-408.924988,-146.92569,62.737461,0.0016277934,0.9987321981,0.0503124917,,,,
6628,0.0,-408.71405,-146.01947,62.727383,0.0016277934,0.9987321981,0.0503124917,,,,
6629,0.0,-408.6170655,-145.584709,62.726902,0.0016277934,0.9987321981,0.0503124917,,,,
6630,0.0,-408.395966,-144.502609,62.726421,0.0016277934,0.9987321981,0.0503124917,,,,
6631,0.0,-408.259674,-143.689865,61.642883,0.0016277934,0.9987321981,0.0503124917,,,,
6632,0.0,-408.143188,-142.371826,43.339146,0.0016277934,0.9987321981,0.0503124917,,,,
6633,0.0,-408.048859,-141.697754,43.365788,0.0016277934,0.9987321981,0.0503124917,,,,
6634,0.0,-407.957947,-140.943497,43.429871,0.0006777071,0.9987332947,0.0503124917,,,,
6635,0.0,-407.90979,-140.394257,43.457844,-0.0004544396,0.99875224,0.0499375258,,,,
6636,0.0,-407.85025,-139.597641,43.51989,-0.0020901179,0.9987553412,0.0498337209,,,,
6637,0.0,-407.808014,-138.961929,43.547478,-0.002985077,0.998772517,0.0494423775,,,,
6638,0.0,-407.76532,-138.331741,43.59388,-0.0031600206,0.9987932031,0.0490117515,,,,
6639,0.0,-407.724304,-137.675705,43.686157,-0.0031600416,0.9987998473,0.0488761625,,,,
6640,0.0,-407.680542,-136.807053,43.760555,-0.0031600416,0.9987998473,0.0488761625,,,,
6641,0.0,-407.654846,-136.255005,43.84449,-0.0031600416,0.9987998473,0.0488761625,,,,
6642,0.0,-407.622131,-135.382782,43.9716,-0.0031600416,0.9987998473,0.0488761625,,,,
6643,0.0,-407.601868,-134.726456,44.030899,-0.0031600416,0.9987998473,0.0488761625,,,,
6644,0.0,-407.577637,-133.802963,44.146034,-0.0031600416,0.9987998473,0.0488761625,,,,
6645,0.0,-407.563477,-133.153259,44.201817,-0.0031600416,0.9987998473,0.0488761625,,,,
6646,0.0,-407.55072,-132.489594,44.285435,-0.0031600416,0.9987998473,0.0488761625,,,,
6647,0.0,-407.536499,-131.523209,44.381805,-0.0031600416,0.9987998473,0.0488761625,,,,
6648,0.0,-407.527039,-130.763779,44.433125,-0.0031600416,0.9987998473,0.0488761625,,,,
6649,0.0,-407.519226,-130.011429,44.49577,-0.0031600416,0.9987998473,0.0488761625,,,,
6650,0.0,-407.51062,-129.010956,44.553753,-0.0031600416,0.9987998473,0.0488761625,,,,
6651,0.0,-407.505676,-128.291107,44.593861,-0.0031600416,0.9987998473,0.0488761625,,,,
6652,0.0,-407.501038,-127.455215,44.635918,-0.0031600416,0.9987998473,0.0488761625,,,,
6653,0.0,-407.496338,-126.367882,44.683037,-0.0031600416,0.9987998473,0.0488761625,,,,
6654,0.0,-407.49353,-125.551033,44.707745,-0.0031600416,0.9987998473,0.0488761625,,,,
6655,0.0,-407.491333,-124.716682,44.65403,-0.0031600416,0.9987998473,0.0488761625,,,,
6656,0.0,-407.489807,-123.954308,44.605202,-0.0031600416,0.9987998473,0.0488761625,,,,
6657,0.0,-407.488831,-123.152557,44.548794,-0.0031600416,0.9987998473,0.0488761625,,,,
6658,0.0,-407.537689,-122.098839,44.495468,-0.0031600416,0.9987998473,0.0488761625,,,,
6659,0.0,-407.596008,-121.366745,44.390877,-0.0031600416,0.9987998473,0.0488761625,,,,
6660,0.0,-407.655945,-120.654549,44.279278,-0.0031600416,0.9987998473,0.0488761625,,,,
6661,0.0,-407.744202,-119.653633,44.121807,-0.0031600416,0.9987998473,0.0488761625,,,,
6662,0.0,-407.860779,-118.196625,43.911732,-0.0031600416,0.9987998473,0.0488761625,,,,
6663,0.0,-407.9065095,-117.707718,43.827551,-0.0031600416,0.9987998473,0.0488761625,,,,
6664,0.0,-408.004333,-116.524361,43.653519,-0.0031600416,0.9987998473,0.0488761625,,,,
6665,0.0,-408.090302,-115.731636,43.513176,-0.0031600416,0.9987998473,0.0488761625,,,,
6666,0.0,-408.11673,-115.2215235,43.4545575,-0.0031600416,0.9987998473,0.0488761625,,,,
6667,0.0,-408.194489,-113.972252,43.265926,-0.0031600416,0.9987998473,0.0488761625,,,,
6668,0.0,-408.242798,-113.288429,43.146606,-0.0031600416,0.9987998473,0.0488761625,,,,
6669,0.0,-408.2773135,-112.7584305,43.064905,-0.0031600416,0.9987998473,0.0488761625,,,,
6670,0.0,-408.316803,-111.661316,42.90451,-0.0031600416,0.9987998473,0.0488761625,,,,
6671,0.0,-408.3130495,-111.097992,42.852806,-0.0031600416,0.9987998473,0.0488761625,,,,
6672,0.0,-408.303558,-109.861252,42.709873,-0.0031600416,0.9987998473,0.0488761625,,,,
6673,0.0,-408.299561,-109.205231,42.611027,-0.0031600416,0.9987998473,0.0488761625,,,,
6674,0.0,-408.261932,-108.230583,42.50761,-0.0031600416,0.9987998473,0.0488761625,,,,
6675,0.0,-408.236267,-107.567505,42.46846,-0.0031600416,0.9987998473,0.0488761625,,,,
6676,0.0,-408.189941,-106.593437,42.402912,-0.0031600416,0.9987998473,0.0488761625,,,,
6677,0.0,-408.142731,-105.872025,42.340946,-0.0031600416,0.9987998473,0.0488761625,,,,
6678,0.0,-408.084869,-105.191025,42.334549,-0.0031600416,0.9987998473,0.0488761625,,,,
6679,0.0,-407.976074,-104.187157,42.417599,-0.0031600416,0.9987998473,0.0488761625,,,,
6680,0.0,-407.925293,-103.464584,42.455406,-0.0031600416,0.9987998473,0.0488761625,,,,
6681,0.0,-407.846344,-102.752831,42.512951,-0.0031600416,0.9987998473,0.0488761625,,,,
6682,0.0,-407.762085,-102.014671,42.599384,-0.0031600416,0.9987998473,0.0488761625,,,,
6683,0.0,-407.672668,-101.209862,42.732189,-0.0031600416,0.9987998473,0.0488761625,0.0464431945,887.7248708812,2947.1641323414,1.0
6684,0.0,-407.585266,-100.371307,42.856178,-0.0031600416,0.9987998473,0.0488761625,0.046443932,887.4662103825,2946.2825688739,1.0
6685,0.0,-407.539429,-99.643707,42.954815,-0.0031600416,0.9987998473,0.0488761625,0.0464470307,887.2670994411,2945.5256194418,1.0
6686,0.0,-407.542603,-98.635582,43.094395,-0.0031600416,0.9987998473,0.0488761625,0.046518693,887.3290443077,2943.5154184265,1.0
6687,0.0,-407.544861,-97.911346,43.153873,-0.0031600416,0.9987998473,0.0488761625,0.0465783395,886.8737731314,2940.1657311843,1.0
6688,0.0,-407.547241,-97.164215,43.24741,-0.0031600416,0.9987998473,0.0488761625,0.0465907888,886.7032997085,2939.2171783877,1.0
6689,0.0,-407.549744,-96.397072,43.33807,-0.0031600416,0.9987998473,0.0488761625,0.0466029692,886.5238630575,2938.247495076,1.0
6690,0.0,-407.553101,-95.352615,43.435963,-0.0031600416,0.9987998473,0.0488761625,0.046618528,886.2718130758,2936.9335934056,1.0
6691,0.0,-407.555481,-94.617371,43.468307,-0.0031600416,0.9987998473,0.0488761625,0.0466288599,886.0906831567,2936.0158000464,1.0
6692,0.0,-407.557922,-93.847084,43.716644,-0.0031600416,0.9987998473,0.0488761625,0.0466406805,885.9122475552,2935.0614415294,1.0
6693,0.0,-407.561035,-92.865173,44.297226,-0.0031600416,0.9987998473,0.0488761625,0.0466540756,885.6587062194,2933.8102505099,1.0
6694,0.0,-407.562805,-92.339104,44.660042,-0.0031600416,0.9987998473,0.0488761625,0.046657137,885.4683027462,2933.0855889933,1.0
6695,0.0,-407.59726,-91.925186,44.89975,-0.0031600416,0.9987998473,0.0488761625,0.0464645745,883.4465442156,2932.3016761777,1.0
6696,0.0,-407.636902,-91.662514,45.078136,-0.0031600416,0.9987998473,0.0488761625,0.0464771712,883.4894109514,2932.0559940547,1.0
6697,0.0,-407.691376,-91.449287,45.362312,-0.0031600416,0.9987998473,0.0488761625,0.0464901392,883.5499878165,2931.8577690067,1.0
6698,0.0,-407.743774,-91.349152,45.439545,-0.0031600416,0.9987998473,0.0488761625,0.0464987537,883.6078673411,2931.7846805877,1.0
6699,0.0,-407.908783,-91.158661,45.476036,-0.0031600416,0.9987998473,0.0488761625,0.0465211882,883.7844614556,2931.6803064935,1.0
6700,0.0,-407.988159,-91.068024,45.495842,-0.0031600416,0.9987998473,0.0488761625,0.0462794088,882.6459217,2935.3601284059,1.0
6701,0.0,-408.057007,-91.005699,45.595585,-0.0031600416,0.9987998473,0.0488761625,0.0461952475,881.9372204043,2935.6105628189,1.0
6702,0.0,-408.13858,-90.945648,45.775215,-0.0031600416,0.9987998473,0.0488761625,0.046201511,881.9832201274,2935.5693739533,1.0
6703,0.0,-408.204254,-90.924271,45.991577,-0.0031600416,0.9987998473,0.0488761625,0.0462336567,882.3037897168,2935.6394197626,1.0
6704,0.0,-408.215561,-90.9255295,46.049839,-0.0031600416,0.9987998473,0.0488761625,0.0462507682,882.4792139258,2935.69278598,1.0
6705,0.0,-408.230896,-90.958229,46.236103,-0.0031600416,0.9987998473,0.0488761625,0.0462903798,882.8938992048,2935.8450896431,1.0
6706,0.0,-408.232239,-90.997265,46.3370455,-0.0031600416,0.9987998473,0.0488761625,0.0462897152,882.9325449494,2935.9941752989,1.0
6707,0.0,-408.233582,-91.036301,46.437988,-0.0031600416,0.9987998473,0.0488761625,0.0462890506,882.9711906939,2936.1432609548,1.0
6708,0.0,-408.235901,-91.086029,46.538933,-0.0031600416,0.9987998473,0.0488761625,0.0462821254,882.9738860697,2936.3666777041,1.0
6709,0.0,-408.276886,-91.30484,46.896862,-0.0031600416,0.9987998473,0.0488761625,0.0462741066,883.0742964869,2936.9490106976,1.0
6710,0.0,-408.313782,-91.432388,47.086044,-0.0031600416,0.9987998473,0.0488761625,0.046272954,883.1574455957,2937.2612631841,1.0
6711,0.0,-408.403595,-91.635262,47.365376,-0.0031600416,0.9987998473,0.0488761625,0.0462784628,883.3393113722,2937.695404559,1.0
6712,0.0,-408.443848,-91.715767,47.472916,-0.0031600416,0.9987998473,0.0488761625,0.0462825043,883.4462970411,2937.9259604369,1.0
6713,0.0,-408.550171,-91.863541,47.669674,-0.0031600416,0.9987998473,0.0488761625,0.0462937999,883.6647783112,2938.3024852647,1.0
6714,0.0,-408.641663,-91.932266,47.760429,-0.0031600416,0.9987998473,0.0488761625,0.046305419,883.8432807574,2938.5360264397,1.0
6715,0.0,-408.720245,-91.943718,47.781532,-0.0031600416,0.9987998473,0.0488761625,0.0463184283,884.0187700773,2938.7164848814,1.0
6716,0.0,-408.799164,-91.944946,47.795715,-0.0031600416,0.9987998473,0.0488761625,0.0463330786,884.2088455005,2938.8946242474,1.0
6717,0.0,-408.852264,-91.934967,47.810963,-0.0031600416,0.9987998473,0.0488761625,0.0463483182,884.407913372,2939.0844295246,1.0
6718,0.0,-408.903137,-91.916634,47.825783,-0.0031600416,0.9987998473,0.0488761625,0.0463626705,884.5752381541,2939.1962439994,1.0
6719,0.0,-408.951569,-91.886703,47.843803,-0.0031600416,0.9987998473,0.0488761625,0.046378885,884.755283233,2939.2927447598,1.0
6720,0.0,-409.002563,-91.825974,47.865349,-0.0031600416,0.9987998473,0.0488761625,0.0464012983,884.9931596275,2939.3897051269,1.0
6721,0.0,-409.017365,-91.794319,47.875607,-0.0031600416,0.9987998473,0.0488761625,0.0464127887,885.1198607377,2939.4552459548,1.0
6722,0.0,-409.02359,-91.7313,47.896141,-0.0031600416,0.9987998473,0.0488761625,0.0464425796,885.4286253769,2939.5598092826,1.0
6723,0.0,-409.033295,-91.67025,47.921387,-0.0031600416,0.9987998473,0.0488761625,0.046470242,885.7041018549,2939.6198646537,1.0
6724,0.0,-409.036316,-91.637299,47.944805,-0.0031600416,0.9987998473,0.0488761625,0.0464945723,885.9561528299,2939.7052560945,1.0
6725,0.0,-409.03952,-91.593094,47.977432,-0.0031600416,0.9987998473,0.0488761625,0.0465273369,886.2899939107,2939.8019882781,1.0
6726,0.0,-409.042603,-91.578407,47.995457,-0.0031600416,0.9987998473,0.0488761625,0.0465501417,886.5217121941,2939.8673768783,1.0
6727,0.0,-409.051727,-91.553123,48.023487,-0.0031600416,0.9987998473,0.0488761625,0.0465816445,886.8419841498,2939.9585314732,1.0
6728,0.0,-409.049194,-91.545517,48.050621,-0.0031600416,0.9987998473,0.0488761625,0.0466025297,887.049911538,2940.0045348546,1.0
6729,0.0,-409.044373,-91.533623,48.073811,-0.0031600416,0.9987998473,0.0488761625,0.0466244524,887.2623676984,2940.0337522794,1.0
6730,0.0,-409.032104,-91.534142,48.072186,-0.0031600416,0.9987998473,0.0488761625,0.046646231,887.4715491992,2940.0567102799,1.0
6731,0.0,-409.020477,-91.539635,48.061806,-0.0031600416,0.9987998473,0.0488761625,0.0466754947,887.7497038887,2940.0781327623,1.0
6732,0.0,-409.009064,-91.546127,48.043583,-0.0031600416,0.9987998473,0.0488761625,0.0466997168,887.9632527724,2940.0408417889,1.0
6733,0.0,-408.998566,-91.549606,48.027794,-0.0031600416,0.9987998473,0.0488761625,0.0467489758,888.4067238467,2939.9961112141,1.0
6734,0.0,-408.983337,-91.55912,48.008545,-0.0031600416,0.9987998473,0.0488761625,0.0468179005,888.9947024204,2939.8274335288,1.0
6735,0.0,-408.966431,-91.567276,47.997208,-0.0031600416,0.9987998473,0.0488761625,0.04692292,889.7939742572,2939.2549166922,1.0
6736,0.0,-408.946991,-91.572868,47.991577,-0.0031600416,0.9987998473,0.0488761625,0.0469883574,890.1748069217,2938.5139110401,1.0
6737,0.0,-408.926819,-91.58754,47.990425,-0.0031600416,0.9987998473,0.0488761625,0.0470436117,890.3506740616,2937.4094716483,1.0
6738,0.0,-408.912903,-91.609276,47.982124,-0.0031600416,0.9987998473,0.0488761625,0.0470865942,890.3902069332,2936.2311518706,1.0
6739,0.0,-408.907104,-91.619728,47.987099,-0.0031600416,0.9987998473,0.0488761625,0.0471226928,890.7018673234,2936.1607821693,1.0
6740,0.0,-408.89975,-91.634598,47.993889,-0.0031600416,0.9987998473,0.0488761625,0.0471740553,891.1494594103,2936.0751934627,1.0
6741,0.0,-408.889465,-91.641647,47.993088,-0.0031600416,0.9987998473,0.0488761625,0.0472475913,891.7718792464,2935.89382814,1.0
6742,0.0,-408.886322,-91.640678,47.989983,-0.0031600416,0.9987998473,0.0488761625,0.047313211,892.2737620671,2935.5576715124,1.0
6743,0.0,-408.889557,-91.633995,47.983772,-0.0031600416,0.9987998473,0.0488761625,0.0473240261,892.1816138778,2934.9272130984,1.0
6744,0.0,-408.897919,-91.615234,47.976021,-0.0031600416,0.9987998473,0.0488761625,0.0473695985,892.2827124041,2933.8817372582,1.0
6745,0.0,-408.902466,-91.613548,47.978508,-0.0031600416,0.9987998473,0.0488761625,0.0474270947,892.7332960277,2933.626655405,1.0
6746,0.0,-408.907532,-91.613197,47.981766,-0.0031600416,0.9987998473,0.0488761625,0.04751786,893.4539357245,2933.2575310443,1.0
6747,0.0,-408.908112,-91.612534,47.96595,-0.0031600416,0.9987998473,0.0488761625,0.0475918108,894.0547296668,2933.0041664409,1.0
6775,0.0,-407.903992,-92.55407,48.137829,-0.0031600416,0.9987998473,0.0488761625,0.0501169142,901.069232148,2882.4495399708,1.0
6776,0.0,-407.902039,-92.554649,48.138924,-0.0031600416,0.9987998473,0.0488761625,0.0501895881,900.9771166478,2880.1211234398,1.0
6777,0.0,-407.895416,-92.555771,48.137833,-0.0031600416,0.9987998473,0.0488761625,0.0502849963,900.8763804208,2877.1362080683,1.0
6778,0.0,-407.886627,-92.555016,48.1376,-0.0031600416,0.9987998473,0.0488761625,0.0503812823,900.755285422,2874.0701752855,1.0
6779,0.0,-407.879578,-92.55278,48.138401,-0.0031600416,0.9987998473,0.0488761625,0.0504669885,900.6027719676,2871.2055696614,1.0
6780,0.0,-407.877808,-92.552551,48.136818,-0.0031600416,0.9987998473,0.0488761625,0.050579447,900.4091950733,2867.4781193554,1.0
6781,0.0,-407.881287,-92.549042,48.139614,-0.0031600416,0.9987998473,0.0488761625,0.0506700402,900.2444948423,2864.4561026005,1.0
6782,0.0,-407.887878,-92.548218,48.149189,-0.0031600416,0.9987998473,0.0488761625,0.0507661998,900.0363919205,2861.1509824427,1.0
6783,0.0,-407.892822,-92.547661,48.156704,-0.0031600416,0.9987998473,0.0488761625,0.0508667914,899.8458857456,2857.7892801909,1.0
6784,0.0,-407.899811,-92.546471,48.165375,-0.0031600416,0.9987998473,0.0488761625,0.0509523746,899.6670323254,2854.8833395116,1.0
6785,0.0,-407.911163,-92.544113,48.170013,-0.0031600416,0.9987998473,0.0488761625,0.0510637425,899.40550589,2851.0209168051,1.0
6786,0.0,-407.931061,-92.548531,48.194965,-0.0031600416,0.9987998473,0.0488761625,0.0512212956,899.0205956057,2845.5295420772,1.0
6787,0.0,-407.9395905,-92.550217,48.203651,-0.0031600416,0.9987998473,0.0488761625,0.0512771051,898.8694248736,2843.5445941075,1.0
6788,0.0,-407.956696,-92.554115,48.220543,-0.0031600416,0.9987998473,0.0488761625,0.0513683943,898.1499990945,2838.8079134089,1.0
6789,0.0,-407.9649965,-92.557617,48.2244475,-0.0031600416,0.9987998473,0.0488761625,0.0513922948,897.8111125702,2837.0947196532,1.0
6790,0.0,-407.988617,-92.567253,48.24107,-0.0031600416,0.9987998473,0.0488761625,0.0514731912,896.976662142,2832.2879440013,1.0
6791,0.0,-408.001877,-92.5672645,48.2487375,-0.0031600416,0.9987998473,0.0488761625,0.0515047529,896.6128808557,2830.2953450148,1.0
6792,0.0,-408.028564,-92.566093,48.26506,-0.0031600416,0.9987998473,0.0488761625,0.0515835041,895.7472088212,2825.4598765694,1.0
6793,0.0,-408.047363,-92.565292,48.278843,-0.0031600416,0.9987998473,0.0488761625,0.0516381134,895.3614776548,2822.7889527519,1.0
6794,0.0,-407.973511,-92.401009,47.844051,-0.0031600416,0.9987998473,0.0488761625,0.0517049259,894.6538935303,2818.7835609977,1.0
6795,0.0,-407.95282,-92.24929,47.632473,-0.0031600416,0.9987998473,0.0488761625,0.0517548594,894.1541407871,2815.8857143037,1.0
6796,0.0,-407.919556,-92.037895,47.39856,-0.0031600416,0.9987998473,0.0488761625,0.051820144,893.4165229724,2811.8370432512,1.0
6797,0.0,-407.904053,-91.868019,47.308357,-0.0031600416,0.9987998473,0.0488761625,0.051880709,892.6886810269,2807.9495679392,1.0
6798,0.0,-407.892578,-91.732521,47.255287,-0.0031600416,0.9987998473,0.0488761625,0.0519229548,892.1353784211,2805.0977372329,1.0
6799,0.0,-407.878662,-91.586189,47.1936,-0.0031600416,0.9987998473,0.0488761625,0.0519650452,891.5434100537,2802.1312074642,1.0
6800,0.0,-407.866089,-91.367508,47.124008,-0.0031600416,0.9987998473,0.0488761625,0.0520224553,890.6975104712,2797.9686389876,1.0
6801,0.0,-407.846558,-91.188644,47.032516,-0.0031600416,0.9987998473,0.0488761625,0.052052415,890.1559203451,2795.4839909937,1.0
6802,0.0,-407.822662,-90.929764,46.951168,-0.0031600416,0.9987998473,0.0488761625,0.0521134734,889.1677286519,2790.7880520312,1.0
6803,0.0,-407.808868,-90.743286,46.886257,-0.0031600416,0.9987998473,0.0488761625,0.0521521629,888.4993472082,2787.6833240157,1.0
6804,0.0,-407.786346,-90.461693,46.793797,-0.0031600416,0.9987998473,0.0488761625,0.0522010579,887.5569557863,2783.457001993,1.0
6805,0.0,-407.773682,-90.263817,46.73542,-0.0031600416,0.9987998473,0.0488761625,0.0522262981,887.01550057,2781.1046979759,1.0
6806,0.0,-407.757111,-90.056419,46.68082,-0.0031600416,0.9987998473,0.0488761625,0.0522749313,886.3515330628,2777.7645936075,1.0
6807,0.0,-407.735413,-89.756607,46.595825,-0.0031600416,0.9987998473,0.0488761625,0.052342809,885.5235828751,2773.4181896481,1.0
6808,0.0,-407.723633,-89.531136,46.546413,-0.0031600416,0.9987998473,0.0488761625,0.0523850343,885.1256384839,2771.0843949743,1.0
6809,0.0,-407.703979,-89.136414,46.472958,-0.0031600416,0.9987998473,0.0488761625,0.0524761206,884.1783274694,2765.7798543888,1.0
6810,0.0,-407.69458,-88.88385,46.411713,-0.0031600416,0.9987998473,0.0488761625,0.0525224737,883.5744518912,2762.7038724738,1.0
6811,0.0,-407.684448,-88.639824,46.350174,-0.0031600416,0.9987998473,0.0488761625,0.0525584028,883.1169005284,2760.3547254055,1.0
6812,0.0,-407.668457,-88.224854,46.270802,-0.0031600416,0.9987998473,0.0488761625,0.0526340308,882.1057323055,2755.2660514704,1.0
6813,0.0,-407.661316,-87.938103,46.225868,-0.0031600416,0.9987998473,0.0488761625,0.0526813733,881.4886091155,2752.1344829052,1.0
6814,0.0,-407.649658,-87.515572,46.153717,-0.0031600416,0.9987998473,0.0488761625,0.0527461782,880.642868217,2747.8501219074,1.0
6815,0.0,-407.64563,-87.222977,46.115112,-0.0031600416,0.9987998473,0.0488761625,0.052791473,880.0570081467,2744.8757117307,1.0
6816,0.0,-407.641144,-86.872856,46.080112,-0.0031600416,0.9987998473,0.0488761625,0.0528430695,879.3963662669,2741.5121246189,1.0
6817,0.0,-407.648926,-86.4198,46.012779,-0.0031600416,0.9987998473,0.0488761625,0.0529088728,878.5870286023,2737.3314901387,1.0
6818,0.0,-407.658936,-86.077278,45.950306,-0.0031600416,0.9987998473,0.0488761625,0.0529584675,877.9853768186,2734.2106489023,1.0
6819,0.0,-407.674713,-85.691109,45.88858,-0.0031600416,0.9987998473,0.0488761625,0.0530129176,877.3424456638,2730.8431259036,1.0
6820,0.0,-407.690399,-85.170334,45.838177,-0.0031600416,0.9987998473,0.0488761625,0.053085041,876.4792709883,2726.3529581303,1.0
6821,0.0,-407.706726,-84.814461,45.763149,-0.0031600416,0.9987998473,0.0488761625,0.0531276248,876.0158901271,2723.8490897832,1.0
6822,0.0,-407.730469,-84.287079,45.691116,-0.0031600416,0.9987998473,0.0488761625,0.0532036918,875.1066190002,2719.1290979757,1.0
6823,0.0,-407.743958,-83.8927,45.635387,-0.0031600416,0.9987998473,0.0488761625,0.0532557162,874.4381164442,2715.7607746598,1.0
6824,0.0,-407.766968,-83.447624,45.558624,-0.0031600416,0.9987998473,0.0488761625,0.0533085148,873.7888309368,2712.4368308061,1.0
6825,0.0,-407.787659,-82.83744,45.513771,-0.0031600416,0.9987998473,0.0488761625,0.0533833009,872.9019663085,2707.8371188745,1.0
6826,0.0,-407.808472,-82.240341,45.694103,-0.0031600416,0.9987998473,0.0488761625,0.0534497421,872.1935437459,2704.0035042238,1.0
6827,0.0,-407.829926,-81.697807,45.813007,-0.0031600416,0.9987998473,0.0488761625,0.053513608,871.489121462,2700.2512018341,1.0
6828,0.0,-407.871674,-80.731117,46.04377,-0.0031600416,0.9987998473,0.0488761625,0.0536284358,870.2159317376,2693.4975796558,1.0
6829,0.0,-407.8832705,-80.3585395,46.004286,-0.0031600416,0.9987998473,0.0488761625,0.0536707644,869.7344805163,2690.9760722863,1.0
6830,0.0,-407.894867,-79.985962,45.964802,-0.0031600416,0.9987998473,0.0488761625,0.0537130931,869.253029295,2688.4545649167,1.0
6831,0.0,-407.921906,-78.918732,45.831009,-0.0031600416,0.9987998473,0.0488761625,0.053831386,867.903607347,2681.4115798609,1.0
6832,0.0,-407.939514,-78.339493,45.77737,-0.0031600416,0.9987998473,0.0488761625,0.0538879238,867.3214570395,2678.2458547477,1.0
6833,0.0,-407.94899,-77.949688,45.735931,-0.0031600416,0.9987998473,0.0488761625,0.0539324531,866.8030582956,2675.5717739193,1.0
6834,0.0,-407.958466,-77.559883,45.694492,-0.0031600416,0.9987998473,0.0488761625,0.0539769825,866.2846595516,2672.897693091,1.0
6835,0.0,-408.017273,-76.322502,45.555969,-0.0031600416,0.9987998473,0.0488761625,0.0541089288,864.9039357319,2665.4721089176,1.0
6836,0.0,-408.054199,-75.716438,45.483795,-0.0031600416,0.9987998473,0.0488761625,0.0541679756,864.3569329189,2662.3744939389,1.0
6837,0.0,-408.094116,-75.10733,45.415066,-0.0031600416,0.9987998473,0.0488761625,0.0542373528,863.6325775807,2658.4888494916,1.0
6838,0.0,-408.152832,-74.221748,45.300541,-0.0031600416,0.9987998473,0.0488761625,,,,
6839,0.0,-408.188293,-73.5867,45.239681,-0.0031600416,0.9987998473,0.0488761625,,,,
6840,0.0,-408.241333,-72.938744,45.184254,-0.0031600416,0.9987998473,0.0488761625,,,,
6841,0.0,-408.299072,-72.211243,45.128029,-0.0031600416,0.9987998473,0.0488761625,,,,
6842,0.0,-408.352234,-71.507408,45.086266,-0.0031600416,0.9987998473,0.0488761625,,,,
6843,0.0,-408.422546,-70.586823,45.050404,-0.0048161885,0.9985819199,0.0530184259,,,,
6844,0.0,-408.590942,-69.858208,46.465191,-0.0073159003,0.9983725214,0.0565578113,,,,
6845,0.0,-408.741119,-69.123459,48.179893,-0.0106847063,0.99809271,0.0608011458,0.0574725893,878.0238332983,2627.8002205155,1.0
6846,0.0,-408.870758,-68.384422,50.075802,-0.0136733618,0.9978115929,0.0646920728,0.0586554944,885.1758228521,2623.1546045953,1.0
6847,0.0,-408.9953,-67.399078,51.845001,-0.0172591505,0.997314798,0.0711710288,0.0601606195,894.0485512661,2617.1105501211,1.0
6848,0.0,-409.12619,-66.71434,53.085247,-0.019775557,0.9968949982,0.0762186978,0.0612714742,900.6582263568,2613.1982281664,1.0
6849,0.0,-409.223267,-66.080032,54.252659,-0.0227060459,0.9964580613,0.0809676945,0.0625674869,907.8417477738,2607.4891064336,1.0
6850,0.0,-409.378845,-65.08284,56.123131,-0.0268928301,0.9958602172,0.0868285866,0.0643765982,919.5094246071,2604.844130742,1.0
6851,0.0,-409.501404,-64.399979,57.408752,-0.0294824225,0.9954062845,0.0910885038,0.0655967103,926.4241199551,2600.7302701507,1.0
6852,0.0,-409.589905,-63.769791,58.638718,-0.0312985683,0.9950189114,0.0946454735,0.0665227327,931.3694175449,2596.9727799651,1.0
6853,0.0,-409.687469,-62.861515,60.369339,-0.0327482027,0.9946874701,0.0975929917,0.0673395021,935.1459148622,2592.1888925897,1.0
6854,0.0,-409.816986,-62.077694,61.568504,-0.0335452299,0.9944279344,0.0999389854,0.0678739729,937.4302953224,2588.6278775676,1.0
6855,0.0,-409.911407,-61.147087,62.696938,-0.0344348972,0.9943315847,0.1005929294,0.0683546928,939.1686012133,2584.6140757091,1.0
6856,0.0,-409.971466,-60.129997,62.67823,-0.034714006,0.9943218796,0.1005929294,0.0685499921,938.9794602281,2580.5403371433,1.0
6857,0.0,-410.035492,-58.970585,62.655449,-0.034714006,0.9943218796,0.1005929294,0.0686540078,938.0847360877,2576.1970615685,1.0
6858,0.0,-410.089569,-57.213505,62.675018,-0.034714006,0.9943218796,0.1005929294,0.0687988627,936.8796332204,2570.2739480506,1.0
6859,0.0,-410.131134,-55.697388,62.63076,-0.034714006,0.9943218796,0.1005929294,0.0689143812,935.9809135018,2565.7320402378,1.0
6860,0.0,-410.141968,-54.042633,62.560631,-0.034714006,0.9943218796,0.1005929294,0.06902969,935.0755014895,2561.1848196989,1.0
6861,0.0,-410.165436,-52.369301,62.442101,-0.034714006,0.9943218796,0.1005929294,0.0691454784,934.2057468918,2556.7358729806,1.0
6862,0.0,-410.23468,-49.729973,62.220367,-0.034714006,0.9943218796,0.1005929294,0.0693276219,932.9642601282,2550.102071623,1.0
6863,0.0,-410.346466,-47.603615,62.117798,-0.034714006,0.9943218796,0.1005929294,0.0694785837,932.1400414318,2545.1792487005,1.0
6864,0.0,-410.404572,-45.331356,61.960915,-0.034714006,0.9943218796,0.1005929294,0.0696296572,931.2298659625,2540.0335265454,1.0
6865,0.0,-410.439697,-42.854408,61.827068,-0.034714006,0.9943218796,0.1005929294,,,,
6866,0.0,-410.44516,-40.491215,61.751266,-0.034714006,0.9943218796,0.1005929294,,,,
6867,0.0,-410.459045,-36.860943,61.72266,-0.034714006,0.9943218796,0.1005929294,,,,
6868,0.0,-410.495972,-34.264812,61.982193,-0.034714006,0.9943218796,0.1005929294,,,,
6869,0.0,-410.542023,-31.80971,62.074619,-0.034714006,0.9943218796,0.1005929294,,,,
6870,0.0,-410.862457,-26.020626,62.029591,-0.034714006,0.9943218796,0.1005929294,,,,
6871,0.0,-411.019531,-24.0368365,62.020781,-0.034714006,0.9943218796,0.1005929294,,,,
6872,0.0,-411.176605,-22.053047,62.011971,-0.034714006,0.9943218796,0.1005929294,,,,
6873,0.0,-411.547607,-16.633003,61.970886,-0.034714006,0.9943218796,0.1005929294,,,,
6874,0.0,-411.630554,-14.8621815,61.986166,-0.034714006,0.9943218796,0.1005929294,,,,
6875,0.0,-412.001465,-10.612217,62.141788,-0.034714006,0.9943218796,0.1005929294,,,,
6876,0.0,-412.305206,-8.077682,62.246216,-0.034714006,0.9943218796,0.1005929294,,,,
6877,0.0,-412.515396,-6.196053,62.361437,-0.034714006,0.9943218796,0.1005929294,,,,
6878,0.0,-412.917297,-1.679076,62.703373,-0.034714006,0.9943218796,0.1005929294,,,,
6879,0.0,-413.167938,1.015665,63.085892,-0.034714006,0.9943218796,0.1005929294,,,,
6880,0.0,-413.3644715,2.9596575,63.403149,-0.034714006,0.9943218796,0.1005929294,,,,
6881,0.0,-413.817535,7.871073,64.015755,-0.034714006,0.9943218796,0.1005929294,,,,
6882,0.0,-414.112305,10.614052,64.371666,-0.034714006,0.9943218796,0.1005929294,,,,
6883,0.0,-414.392365,13.25946,64.630348,-0.034714006,0.9943218796,0.1005929294,,,,
6884,0.0,-414.786469,17.254919,64.89856,-0.034714006,0.9943218796,0.1005929294,,,,
6885,0.0,-414.976105,20.024019,65.023514,-0.034714006,0.9943218796,0.1005929294,,,,
6886,0.0,-415.277313,23.787691,65.072166,-0.034714006,0.9943218796,0.1005929294,,,,
6887,0.0,-415.450745,26.57482,65.102203,-0.034714006,0.9943218796,0.1005929294,,,,
6888,0.0,-415.598846,29.369621,64.974335,-0.0339973037,0.9943466427,0.1005929294,,,,
6889,0.0,-415.690704,32.233517,64.769829,-0.0306669211,0.9945173945,0.0999734567,,,,
6890,0.0,-415.764771,35.959427,64.567001,-0.0258974169,0.9946865786,0.0996390195,,,,
6891,0.0,-415.814941,38.926579,64.434723,-0.0223761577,0.9949117431,0.0982340626,,,,
6892,0.0,-415.893097,42.965462,64.324356,-0.0195173183,0.9950214791,0.0977309084,,,,
6893,0.0,-415.923157,45.825527,64.333969,-0.018659152,0.9951167801,0.0969248683,,,,
6894,0.0,-415.958313,48.724415,64.356133,-0.0178387694,0.9952115371,0.0961029383,,,,
6895,0.0,-415.909363,52.889584,64.490906,-0.01755869,0.9952435662,0.0958224206,,,,
6896,0.0,-415.913483,55.620239,64.572281,-0.0168169397,0.9952563761,0.0958224206,,,,
6897,0.0,-415.808075,58.582821,64.859535,-0.0159531332,0.995270597,0.0958224206,,,,
6898,0.0,-415.680695,62.601906,65.236671,-0.0156503082,0.9952754049,0.0958224206,,,,
6899,0.0,-415.610352,65.416893,65.450897,-0.0156503082,0.9952754049,0.0958224206,,,,
6900,0.0,-415.44397,68.497742,65.776497,-0.0156503082,0.9952754049,0.0958224206,,,,
6901,0.0,-415.278992,71.604027,66.035339,-0.0156503082,0.9952754049,0.0958224206,,,,
6902,0.0,-415.03537,75.836243,66.318375,-0.0138659102,0.9953874173,0.0949295848,,,,
6903,0.0,-414.949219,78.84182,66.435753,-0.0129371443,0.995490011,0.0939801484,,,,
6904,0.0,-414.797455,82.195099,66.572945,-0.0119696623,0.9955173941,0.0938181503,,,,
6905,0.0,-414.692841,85.513115,66.691025,-0.011835631,0.9955189966,0.0938181503,,,,
6906,0.0,-414.632843,88.871208,66.714195,-0.011835631,0.9955189966,0.0938181503,,,,
6907,0.0,-414.574707,92.294792,66.741585,-0.011835631,0.9955189966,0.0938181503,,,,
6908,0.0,-414.570312,95.361748,66.664162,-0.011835631,0.9955189966,0.0938181503,,,,
6909,0.0,-414.594391,96.678513,66.68293,-0.011835631,0.9955189966,0.0938181503,,,,
6910,0.0,-414.631866,101.582336,66.404358,-0.011835631,0.9955189966,0.0938181503,,,,
6911,0.0,-414.676941,105.080887,66.213135,-0.011835631,0.9955189966,0.0938181503,,,,
6912,0.0,-414.471924,109.992096,65.237221,-0.011835631,0.9955189966,0.0938181503,,,,
6913,0.0,-413.963226,113.652588,64.539932,-0.011835631,0.9955189966,0.0938181503,,,,
6914,0.0,-413.5235745,115.568558,64.3937375,-0.011835631,0.9955189966,0.0938181503,,,,
6915,0.0,-413.083923,117.484528,64.247543,-0.011835631,0.9955189966,0.0938181503,,,,
6916,0.0,-412.314575,120.3489,63.963142,-0.011835631,0.9955189966,0.0938181503,,,,
6917,0.0,-411.418793,123.021973,63.82579,-0.011835631,0.9955189966,0.0938181503,0.0736309339,827.3700891782,2196.8475198174,1.0
6918,0.0,-409.450195,128.309006,63.888302,-0.011835631,0.9955189966,0.0938181503,0.0736553821,825.2575585266,2190.8884986325,1.0
6919,0.0,-408.299133,130.882233,63.954025,-0.011835631,0.9955189966,0.0938181503,0.0736371268,824.042974697,2187.9248152802,1.0
6920,0.0,-407.225861,133.476883,64.295792,-0.011835631,0.9955189966,0.0938181503,,,,
6921,0.0,-406.4130405,135.374489,64.514988,-0.011835631,0.9955189966,0.0938181503,,,,
6922,0.0,-405.60022,137.272095,64.734184,-0.011835631,0.9955189966,0.0938181503,,,,
6923,0.0,-405.099609,139.96402,65.315598,-0.011835631,0.9955189966,0.0938181503,,,,
6924,0.0,-404.916077,145.599472,66.194016,-0.011835631,0.9955189966,0.0938181503,,,,
6925,0.0,-405.017639,148.255173,66.522438,-0.011835631,0.9955189966,0.0938181503,,,,
6926,0.0,-405.264923,151.372482,66.653412,-0.011835631,0.9955189966,0.0938181503,,,,
6927,0.0,-405.447906,154.089523,66.128113,-0.011835631,0.9955189966,0.0938181503,,,,
6928,0.0,-405.605286,156.820297,64.970863,-0.011835631,0.9955189966,0.0938181503,,,,
6929,0.0,-405.680237,159.27388,63.235817,-0.011835631,0.9955189966,0.0938181503,,,,
6930,0.0,-405.68631,162.231033,60.673973,-0.011835631,0.9955189966,0.0938181503,,,,
6931,0.0,-405.610748,164.115234,58.497982,-0.0126101912,0.9955094882,0.0938181329,,,,
6932,0.0,-405.458588,165.827637,56.238075,-0.0134429914,0.9956806268,0.0918660727,,,,
6933,0.0,-405.19812,167.709183,53.921825,-0.0169479777,0.9961403292,0.0861232286,,,,
6934,0.0,-404.829529,168.971848,51.70644,-0.0188651886,0.9964076939,0.082557932,,,,
6935,0.0,-404.395508,170.412354,49.374203,-0.0210312793,0.996641307,0.0791441125,,,,
6936,0.0,-403.873535,171.284286,47.048183,-0.0225136511,0.996785558,0.0768874944,,,,
6937,0.0,-403.457275,171.977264,45.361832,-0.0227538593,0.9970114568,0.0738269391,,,,
6938,0.0,-403.399963,172.817398,45.273998,-0.0237869199,0.9971180922,0.0720395209,,,,
6939,0.0,-403.363983,173.529861,45.535751,-0.0240014961,0.9972018437,0.0707983835,,,,
6940,0.0,-403.341614,174.23764,45.975807,-0.0243635009,0.9972712189,0.0696888501,,,,
6941,0.0,-403.328156,174.684235,46.069748,-0.0247869905,0.9973194282,0.0688444856,,,,
6942,0.0,-403.313538,175.079895,46.194534,-0.0249622151,0.9973600406,0.0681897144,,,,
6943,0.0,-403.29715,175.438538,46.311085,-0.0249634079,0.9974028254,0.0675605812,,,,
6944,0.0,-403.266907,175.549362,46.454399,-0.0249639707,0.9974357528,0.0670724925,,,,
6945,0.0,-403.279572,175.619568,46.547871,-0.0249641288,0.9974365017,0.0670612953,,,,
6946,0.0,-403.359711,175.749893,46.543671,-0.0249649703,0.9974652487,0.066632034,,,,
6947,0.0,-403.449738,175.914719,46.568329,-0.0249653533,0.9974958665,0.0661719531,,,,
6948,0.0,-403.494385,176.000076,46.665108,-0.024965726,0.9975003178,0.0661046787,,,,
6949,0.0,-403.537445,176.085297,46.794949,-0.024965726,0.9975003178,0.0661046787,,,,
6950,0.0,-403.569519,176.146652,46.924065,-0.0249661105,0.9975212453,0.0657879814,,,,
6951,0.0,-403.59906,176.204483,47.105633,-0.024966516,0.997531882,0.0656263475,,,,
6952,0.0,-403.6026,176.218857,47.203121,-0.024966516,0.997531882,0.0656263475,,,,
6953,0.0,-403.589874,176.224365,47.391201,-0.024966516,0.997531882,0.0656263475,,,,
6954,0.0,-403.575684,176.21666,47.526028,-0.024966516,0.997531882,0.0656263475,,,,
6955,0.0,-403.524261,176.133743,47.886959,-0.024966516,0.997531882,0.0656263475,,,,
6956,0.0,-403.520874,176.093689,47.984907,-0.024966516,0.997531882,0.0656263475,,,,
6957,0.0,-403.517487,176.053635,48.082855,-0.024966516,0.997531882,0.0656263475,,,,
6958,0.0,-403.506805,175.964996,48.297832,-0.024966516,0.997531882,0.0656263475,,,,
6959,0.0,-403.522797,175.752121,48.743271,-0.024966516,0.997531882,0.0656263475,,,,
6960,0.0,-403.554535,175.662781,48.935078,-0.024966516,0.997531882,0.0656263475,,,,
6961,0.0,-403.597137,175.561752,49.149422,-0.024966516,0.997531882,0.0656263475,,,,
6962,0.0,-403.659302,175.447647,49.416828,-0.024966516,0.997531882,0.0656263475,,,,
6963,0.0,-403.683136,175.407852,49.512676,-0.024966516,0.997531882,0.0656263475,,,,
6964,0.0,-403.730713,175.327393,49.723595,-0.024966516,0.997531882,0.0656263475,,,,
6965,0.0,-403.7577365,175.282448,49.854992,-0.024966516,0.997531882,0.0656263475,,,,
6966,0.0,-403.812042,175.223785,50.081989,-0.024966516,0.997531882,0.0656263475,,,,
6967,0.0,-403.862457,175.275742,50.086502,-0.024966516,0.997531882,0.0656263475,,,,
6968,0.0,-403.899658,175.331604,50.093636,-0.024966516,0.997531882,0.0656263475,,,,
6969,0.0,-403.916138,175.397552,50.106205,-0.024966516,0.997531882,0.0656263475,,,,
6970,0.0,-403.934875,175.459427,50.120651,-0.024966516,0.997531882,0.0656263475,,,,
6971,0.0,-403.948608,175.501205,50.144329,-0.024966516,0.997531882,0.0656263475,0.089313271,813.2134274066,1968.5742491041,1.0
6972,0.0,-403.960602,175.539703,50.166473,-0.024966516,0.997531882,0.0656263475,0.0893188988,813.2246607002,1968.5423205069,1.0
6973,0.0,-403.976013,175.563583,50.194515,-0.024966516,0.997531882,0.0656263475,0.0893240405,813.2397485705,1968.5248339065,1.0
6974,0.0,-403.992798,175.588043,50.223854,-0.024966516,0.997531882,0.0656263475,0.0893295053,813.2562096341,1968.5072792837,1.0
6975,0.0,-404.000366,175.595078,50.249203,-0.024966516,0.997531882,0.0656263475,0.0895321403,812.8649565984,1965.4366484915,1.0
6976,0.0,-404.00708,175.599838,50.273396,-0.024966516,0.997531882,0.0656263475,0.0897147436,812.5136271469,1962.6806079146,1.0
6977,0.0,-404.006592,175.591843,50.286808,-0.024966516,0.997531882,0.0656263475,0.0899186302,812.1104830678,1959.5860586618,1.0
6978,0.0,-404.002838,175.580017,50.28849,-0.024966516,0.997531882,0.0656263475,0.0901034817,811.7398617606,1956.7762482995,1.0
6979,0.0,-403.995972,175.560532,50.280144,-0.024966516,0.997531882,0.0656263475,0.0902995684,811.3429466834,1953.7950480295,1.0
6980,0.0,-403.989227,175.53981,50.272297,-0.024276746,0.9975715582,0.0652811302,0.0902173625,809.6986246283,1950.6815131127,1.0
6981,0.0,-403.979889,175.513458,50.270878,-0.0230557198,0.9976299815,0.0648294205,0.0899020493,807.1376057685,1947.7578669818,1.0
6982,0.0,-403.964142,175.486359,50.275612,-0.0222776312,0.9976580289,0.0646696574,0.0897746196,805.360437186,1944.7832221221,1.0
6983,0.0,-403.939697,175.444351,50.285984,-0.0212337099,0.9976807931,0.0646696574,0.0896030168,802.9876038539,1940.8220298325,1.0
6984,0.0,-403.926361,175.423172,50.291866,-0.0207717979,0.9976905171,0.0646696574,0.0895912108,801.8192117264,1938.1197229748,1.0
6985,0.0,-403.901428,175.379242,50.303955,-0.0203238598,0.9977217595,0.0643290864,0.0895636094,800.6941081014,1935.6843916726,1.0
6986,0.0,-403.884979,175.337967,50.328884,-0.0201865349,0.9977528828,0.0638880955,0.0897206112,800.0286900425,1932.4621885159,1.0
6987,0.0,-403.865143,175.298279,50.359295,-0.0198879491,0.9977700823,0.0637128905,0.0898256272,799.055951083,1929.0369835524,1.0
6988,0.0,-403.850372,175.2677,50.38018,-0.0197085982,0.997773641,0.0637128905,0.0899325801,798.3915179027,1926.3404288959,1.0
6989,0.0,-403.835236,175.236664,50.402565,-0.0197085982,0.997773641,0.0637128905,0.0902188581,797.855448546,1922.1344031699,1.0
6990,0.0,-403.826843,175.225754,50.421833,-0.0197085982,0.997773641,0.0637128905,0.0904139437,797.496112256,1919.2928731508,1.0
6991,0.0,-403.818298,175.214294,50.442535,-0.0197085982,0.997773641,0.0637128905,,,,
6992,0.0,-403.813995,175.194962,50.468044,-0.0197085982,0.997773641,0.0637128905,,,,
6993,0.0,-403.808746,175.17189,50.498936,-0.0197085982,0.997773641,0.0637128905,,,,
6994,0.0,-403.795624,175.151169,50.508083,-0.0197085982,0.997773641,0.0637128905,,,,
6995,0.0,-403.776855,175.130219,50.505886,-0.0197085982,0.997773641,0.0637128905,,,,
6996,0.0,-403.721741,175.093597,50.478195,-0.0190966338,0.9977855401,0.0637129079,,,,
6997,0.0,-403.6983185,175.0759275,50.4578075,-0.0180544954,0.9978043968,0.0637129079,,,,
6998,0.0,-403.674896,175.058258,50.43742,-0.017012357,0.9978232534,0.0637129079,,,,
6999,0.0,-403.647614,175.038559,50.410351,-0.0160914462,0.9978385305,0.0637128905,,,,
7000,0.0,-403.545319,174.975922,50.294781,-0.0137883707,0.9978730111,0.0637129079,,,,
7001,0.0,-403.5075075,174.9615405,50.250435,-0.0134042268,0.9978479732,0.0641824001,,,,
7002,0.0,-403.441956,174.940079,50.169537,-0.0122126644,0.9977799633,0.0654675158,,,,
7003,0.0,-403.38678,174.921097,50.102192,-0.0113271284,0.9977319656,0.0663522499,,,,
7004,0.0,-403.325317,174.876404,50.0611,-0.0104468713,0.9976826588,0.0672322476,,,,
7005,0.0,-403.281616,174.8451615,50.0393485,-0.0100629908,0.9976448268,0.0678454926,,,,
7006,0.0,-403.237915,174.813919,50.017597,-0.0096791102,0.9976069948,0.0684587376,,,,
7007,0.0,-402.900299,175.045074,51.062252,-0.0091815344,0.9975430031,0.069452548,,,,
7008,0.0,-402.90271,175.177429,52.414066,-0.0091815344,0.9975430031,0.069452548,,,,
7009,0.0,-402.9309695,175.254097,53.301605,-0.0091815344,0.9975430031,0.069452548,,,,
7010,0.0,-403.051697,175.445358,55.440582,-0.0091815344,0.9975430031,0.069452548,,,,
7011,0.0,-403.168457,175.532272,56.677769,-0.0091815344,0.9975430031,0.069452548,,,,
7012,0.0,-403.310394,175.621536,57.91164,-0.0091815344,0.9975430031,0.069452548,,,,
7013,0.0,-403.553711,175.82048,59.806458,-0.0091815344,0.9975430031,0.069452548,,,,
7014,0.0,-403.712891,175.996628,61.112549,-0.0091815344,0.9975430031,0.069452548,,,,
7015,0.0,-403.855225,176.188339,62.457458,-0.0091815344,0.9975430031,0.069452548,,,,
7016,0.0,-403.993317,176.578659,63.786362,-0.0091815344,0.9975430031,0.069452548,,,,
7017,0.0,-404.157745,177.257828,65.087105,-0.0091815344,0.9975430031,0.069452548,,,,
7018,0.0,-404.319672,177.99826,65.315735,-0.0091815344,0.9975430031,0.069452548,,,,
7019,0.0,-404.464691,178.791458,65.171005,-0.0091815344,0.9975430031,0.069452548,,,,
7020,0.0,-404.620392,179.887894,64.955444,-0.0091815344,0.9975430031,0.069452548,,,,
7021,0.0,-404.702057,180.821289,64.748253,-0.0091815344,0.9975430031,0.069452548,,,,
7022,0.0,-404.765228,181.750122,64.534409,-0.0091815344,0.9975430031,0.069452548,,,,
7023,0.0,-404.813873,182.754333,64.292763,-0.0091815344,0.9975430031,0.069452548,,,,
7024,0.0,-404.81601,183.742554,64.024216,-0.0091815344,0.9975430031,0.069452548,,,,
7025,0.0,-404.908356,185.268631,63.645416,-0.0091815344,0.9975430031,0.069452548,,,,
7026,0.0,-404.934204,186.339111,63.404953,-0.0091815344,0.9975430031,0.069452548,,,,
7027,0.0,-404.862915,187.346451,63.216301,-0.0091815344,0.9975430031,0.069452548,,,,
7028,0.0,-404.835754,188.539383,62.978386,-0.0091815344,0.9975430031,0.069452548,,,,
7029,0.0,-404.85672,190.466599,62.594826,-0.0091815344,0.9975430031,0.069452548,,,,
7030,0.0,-404.824249,191.787659,62.462696,-0.0091809943,0.9974843251,0.0702903304,,,,
7031,0.0,-404.847839,193.320038,62.300743,-0.0091790392,0.9972719044,0.0732427054,,,,
7032,0.0,-404.904449,195.07637,62.095615,-0.0087507353,0.997045512,0.0763129843,,,,
7033,0.0,-404.966217,196.817062,61.86134,-0.008275285,0.9968546893,0.0788178159,,,,
7034,0.0,-405.027222,198.570908,61.753124,-0.0082179848,0.9967002288,0.0807534436,,,,
7035,0.0,-405.079498,200.246826,61.723274,-0.0082176949,0.9966481958,0.0813931408,,,,
7036,0.0,-405.086761,201.8965,61.723328,-0.0082169711,0.9965604087,0.0824611008,,,,
7037,0.0,-405.084778,204.305389,61.757343,-0.0082149069,0.9962931886,0.085629421,,,,
7038,0.0,-405.07785,206.056412,61.824955,-0.0094442518,0.9959425071,0.0894948525,,,,
7039,0.0,-405.322021,209.954102,61.829987,-0.0121667941,0.9953425491,0.09563043,,,,
7040,0.0,-405.4407195,211.2819065,61.8461155,-0.0123335884,0.9952877097,0.0961765482,,,,
7041,0.0,-405.758331,214.425644,62.036961,-0.0125001779,0.9952276193,0.096776709,,,,
7042,0.0,-405.700134,215.721039,62.263931,-0.0125001779,0.9952276193,0.096776709,,,,
8331,0.0,-899.00293,-963.333008,193.463089,0.7831150106,0.6082547807,0.129448839,,,,
8332,0.0,-896.392517,-961.344971,193.463089,0.7831150106,0.6082547807,0.129448839,,,,
8333,0.0,-899.020691,-963.328613,193.437622,0.7841403226,0.6068525009,0.1298229431,,,,
8334,0.0,-895.544617,-960.610779,193.326004,0.7859186973,0.6044235129,0.1303994568,,,,
8335,0.0,-892.561096,-958.350952,193.221436,0.7875906825,0.6019652592,0.1316766628,,,,
8336,0.0,-889.589783,-956.049255,193.082901,0.7892714908,0.5996225022,0.1323002975,,,,
8337,0.0,-886.607544,-953.722839,192.920746,0.7902034788,0.5983937535,0.1323003321,,,,
8338,0.0,-883.300293,-951.141113,192.717682,0.791248317,0.597011497,0.1323003148,,,,
8339,0.0,-880.075012,-948.658386,192.48111,0.7916160792,0.5966867256,0.1315634248,,,,
8340,0.0,-877.481018,-946.603821,192.321091,0.7916386447,0.5967038211,0.1313499375,,,,
8341,0.0,-873.497009,-943.545959,192.094467,0.7916386447,0.5967038211,0.1313499375,,,,
8342,0.0,-869.942444,-940.817078,191.898483,0.7916386447,0.5967038211,0.1313499375,,,,
8343,0.0,-866.669128,-938.319275,191.019943,0.7916386447,0.5967038211,0.1313499375,,,,
8344,0.0,-862.450256,-935.049377,189.804016,0.7916386447,0.5967038211,0.1313499375,,,,
8345,0.0,-858.867188,-932.315308,188.863724,0.7916386447,0.5967038211,0.1313499375,,,,
8346,0.0,-856.137512,-930.268188,188.176147,0.7916386447,0.5967038211,0.1313499375,,,,
8347,0.0,-855.101196,-929.452393,187.916885,0.7916386447,0.5967038211,0.1313499375,,,,
8348,0.0,-851.551331,-926.715942,186.890945,0.7916386447,0.5967038211,0.1313499375,,,,
8349,0.0,-849.062683,-924.755615,186.2005,0.7916386447,0.5967038211,0.1313499375,,,,
8350,0.0,-845.58313,-921.993347,185.11673,0.7916386447,0.5967038211,0.1313499375,,,,
8351,0.0,-842.995361,-919.858154,184.278214,0.7916386447,0.5967038211,0.1313499375,,,,
8352,0.0,-840.494324,-917.840576,183.485382,0.7916386447,0.5967038211,0.1313499375,,,,
8353,0.0,-839.292175,-916.898071,183.344757,0.7916386447,0.5967038211,0.1313499375,,,,
8354,0.0,-836.33374,-914.479736,183.138412,0.7916386447,0.5967038211,0.1313499375,,,,
8355,0.0,-832.968689,-911.742249,183.005615,0.7916386447,0.5967038211,0.1313499375,,,,
8356,0.0,-830.639587,-909.909485,182.913315,0.7916386447,0.5967038211,0.1313499375,,,,
8357,0.0,-828.193909,-908.012939,182.78154,0.7916386447,0.5967038211,0.1313499375,,,,
8358,0.0,-825.586914,-906.041992,182.630585,0.7916386447,0.5967038211,0.1313499375,,,,
8359,0.0,-823.084595,-904.09436,182.526382,0.7916386447,0.5967038211,0.1313499375,,,,
8360,0.0,-820.486145,-902.003967,182.467194,0.7916386447,0.5967038211,0.1313499375,,,,
8361,0.0,-817.924683,-899.972412,182.442398,0.7916386447,0.5967038211,0.1313499375,,,,
8362,0.0,-816.685791,-899.015747,182.468704,0.7916386447,0.5967038211,0.1313499375,,,,
8363,0.0,-813.753662,-896.628906,182.883102,0.7919916079,0.5962352615,0.1313499375,,,,
8364,0.0,-810.485657,-894.051025,183.163971,0.7922103567,0.5959445818,0.1313499375,,,,
8365,0.0,-808.124817,-892.221619,183.291992,0.7922103567,0.5959445818,0.1313499375,,,,
8366,0.0,-805.811279,-890.350708,183.535217,0.7922103567,0.5959445818,0.1313499375,,,,
8367,0.0,-803.400391,-888.392761,183.718216,0.7922103567,0.5959445818,0.1313499375,,,,
8368,0.0,-800.884705,-886.335022,183.850693,0.7922103567,0.5959445818,0.1313499375,,,,
8369,0.0,-798.352112,-884.240234,183.830368,0.7922103567,0.5959445818,0.1313499375,,,,
8370,0.0,-795.739502,-882.075195,183.803299,0.7922103567,0.5959445818,0.1313499375,,,,
8371,0.0,-792.862061,-879.708069,183.567444,0.7922103567,0.5959445818,0.1313499375,,,,
8372,0.0,-790.41217,-877.713806,183.373779,0.7922103567,0.5959445818,0.1313499375,,,,
8373,0.0,-785.675049,-873.850891,182.807556,0.7922103567,0.5959445818,0.1313499375,,,,
8374,0.0,-783.12439,-871.824463,182.388046,0.7922103567,0.5959445818,0.1313499375,,,,
8375,0.0,-780.734253,-869.973694,181.961517,0.7922103567,0.5959445818,0.1313499375,,,,
8376,0.0,-778.171509,-868.003479,181.546906,0.7922103567,0.5959445818,0.1313499375,,,,
8377,0.0,-775.583252,-866.054077,181.22493,0.7922103567,0.5959445818,0.1313499375,,,,
8378,0.0,-773.744812,-864.681854,181.058754,0.7922103567,0.5959445818,0.1313499375,,,,
8379,0.0,-771.906372,-863.309631,180.892578,0.7922103567,0.5959445818,0.1313499375,,,,
8380,0.0,-766.928833,-859.647217,180.789474,0.7922103567,0.5959445818,0.1313499375,,,,
8381,0.0,-765.428711,-858.5977785,180.8097915,0.7922103567,0.5959445818,0.1313499375,,,,
8382,0.0,-762.708923,-856.683533,180.843231,0.7922103567,0.5959445818,0.1313499375,,,,
8383,0.0,-759.26532,-854.415527,181.090881,0.7922103567,0.5959445818,0.1313499375,,,,
8384,0.0,-756.544006,-852.534546,181.23819,0.7922103567,0.5959445818,0.1313499375,,,,
8385,0.0,-752.826599,-850.078613,181.526474,0.7922103567,0.5959445818,0.1313499375,,,,
8386,0.0,-750.281555,-848.329712,181.641144,0.7922103567,0.5959445818,0.1313499375,,,,
8387,0.0,-747.443726,-846.502808,181.856628,0.7922103567,0.5959445818,0.1313499375,,,,
8388,0.0,-744.595642,-844.670044,181.987122,0.7922103567,0.5959445818,0.1313499375,,,,
8389,0.0,-741.78772,-842.856934,182.097321,0.7922103567,0.5959445818,0.1313499375,,,,
8390,0.0,-738.953674,-840.976624,182.122482,0.7922103567,0.5959445818,0.1313499375,,,,
8391,0.0,-736.20282,-839.14032,182.138702,0.7922103567,0.5959445818,0.1313499375,,,,
8392,0.0,-733.584778,-837.342529,182.083817,0.7922103567,0.5959445818,0.1313499375,,,,
8393,0.0,-730.751648,-835.378174,181.995544,0.7922103567,0.5959445818,0.1313499375,,,,
8394,0.0,-728.413208,-833.716309,181.882996,0.7922103567,0.5959445818,0.1313499375,,,,
8395,0.0,-725.895508,-831.909363,181.690216,0.7922103567,0.5959445818,0.1313499375,,,,
8396,0.0,-723.51825,-830.167969,181.483643,0.7922103567,0.5959445818,0.1313499375,,,,
8397,0.0,-721.026917,-828.218628,181.116379,0.7922103567,0.5959445818,0.1313499375,,,,
8398,0.0,-717.856506,-825.73584,180.679993,0.7922103567,0.5959445818,0.1313499375,,,,
8399,0.0,-715.722595,-824.074097,180.453934,0.7922103567,0.5959445818,0.1313499375,,,,
8400,0.0,-713.487061,-822.289734,180.065033,0.7922103567,0.5959445818,0.1313499375,,,,
8401,0.0,-710.325073,-819.86084,179.551331,0.7922103567,0.5959445818,0.1313499375,,,,
8402,0.0,-708.008606,-818.103333,179.282379,0.7922103567,0.5959445818,0.1313499375,,,,
8403,0.0,-705.000854,-815.820007,178.968887,0.7922103567,0.5959445818,0.1313499375,,,,
8404,0.0,-702.574219,-813.976379,178.714966,0.7922103567,0.5959445818,0.1313499375,,,,
8405,0.0,-699.818848,-811.872986,178.553375,0.7922103567,0.5959445818,0.1313499375,,,,
8406,0.0,-697.563416,-810.115234,178.540298,0.7922103567,0.5959445818,0.1313499375,,,,
8407,0.0,-695.049194,-808.136719,178.518234,0.7922103567,0.5959445818,0.1313499375,,,,
8408,0.0,-692.180725,-805.856384,178.601501,0.7922103567,0.5959445818,0.1313499375,,,,
8409,0.0,-689.893433,-804.04834,178.641602,0.7922103567,0.5959445818,0.1313499375,,,,
8410,0.0,-684.932739,-800.022949,179.337875,0.7922103567,0.5959445818,0.1313499375,,,,
8411,0.0,-683.496643,-798.832916,179.633667,0.7922103567,0.5959445818,0.1313499375,,,,
8412,0.0,-682.060547,-797.642883,179.929459,0.7922103567,0.5959445818,0.1313499375,,,,
8413,0.0,-677.160217,-793.66095,180.669373,0.7922103567,0.5959445818,0.1313499375,,,,
8414,0.0,-675.7088925,-792.418915,180.8890995,0.7922103567,0.5959445818,0.1313499375,,,,
8415,0.0,-671.759216,-789.15686,181.314301,0.7922103567,0.5959445818,0.1313499375,,,,
8416,0.0,-669.478333,-787.277771,181.456619,0.7922103567,0.5959445818,0.1313499375,,,,
8417,0.0,-666.967285,-785.172668,181.634033,0.7922103567,0.5959445818,0.1313499375,,,,
8418,0.0,-664.076538,-782.790649,181.726425,0.7922103567,0.5959445818,0.1313499375,,,,
8419,0.0,-661.855957,-780.989929,181.828735,0.7922103567,0.5959445818,0.1313499375,,,,
8420,0.0,-657.023682,-782.479126,180.970856,0.7922103567,0.5959445818,0.1313499375,,,,
8421,0.0,-654.393982,-780.50061,181.103516,0.7922103567,0.5959445818,0.1313499375,,,,
8422,0.0,-651.679749,-778.458374,181.195709,0.7922103567,0.5959445818,0.1313499375,,,,
8423,0.0,-649.07312,-776.497314,181.280029,0.7922103567,0.5959445818,0.1313499375,,,,
8424,0.0,-646.540649,-774.591858,181.362183,0.7922103567,0.5959445818,0.1313499375,,,,
8425,0.0,-643.870056,-772.582642,181.448792,0.7922103567,0.5959445818,0.1313499375,,,,
8426,0.0,-641.260803,-770.619385,181.533386,0.7922103567,0.5959445818,0.1313499375,,,,
8427,0.0,-638.656799,-768.660095,181.617828,0.7922103567,0.5959445818,0.1313499375,,,,
8428,0.0,-636.055176,-766.702698,181.702209,0.7922103567,0.5959445818,0.1313499375,,,,
8429,0.0,-633.366577,-764.679871,181.838867,0.7922103567,0.5959445818,0.1313499375,,,,
8430,0.0,-630.701111,-762.674316,182.114288,0.7922103567,0.5959445818,0.1313499375,,,,
8431,0.0,-627.968994,-760.618713,182.410034,0.7922103567,0.5959445818,0.1313499375,,,,
8432,0.0,-625.303406,-758.61322,182.697968,0.7922103567,0.5959445818,0.1313499375,,,,
8433,0.0,-622.753113,-756.694336,182.97345,0.7922103567,0.5959445818,0.1313499375,,,,
8434,0.0,-620.4021,-754.907593,183.227966,0.791050935,0.5971204829,0.1329870187,,,,
8435,0.0,-617.766052,-752.911255,183.513275,0.7903663497,0.5979676608,0.1332505531,,,,
8436,0.0,-615.183533,-750.95575,183.697174,0.789800538,0.5987147943,0.1332505358,,,,
8437,0.0,-612.532654,-748.956055,183.77179,0.7897169825,0.5988249937,0.1332505704,,,,
8438,0.0,-609.912781,-746.962097,183.828278,0.7886305442,0.6000713652,0.1340754318,,,,
8439,0.0,-607.090088,-744.828308,183.890961,0.7883680527,0.6001865495,0.1350996638,,,,
8440,0.0,-604.589539,-742.92981,183.946594,0.7878429858,0.6008641397,0.1351507134,,,,
8441,0.0,-601.829712,-740.831787,184.008057,0.7872345028,0.6016611396,0.1351506961,,,,
8442,0.0,-599.234375,-738.836731,184.04776,0.7855578341,0.6038486349,0.1351507134,,,,
8443,0.0,-596.567322,-736.78125,184.594055,0.7835185362,0.6060759917,0.1370058238,,,,
8444,0.0,-594.05481,-734.841614,185.316132,0.7817295025,0.6081696728,0.1379443145,,,,
8445,0.0,-591.549438,-732.912598,186.042694,0.7803766129,0.6095014256,0.1397152615,,,,
8446,0.0,-588.804688,-730.805176,186.838989,0.7795819943,0.6102665178,0.1408072844,,,,
8447,0.0,-586.293213,-728.86377,187.57016,0.7782739948,0.6115185145,0.1425997737,,,,
8448,0.0,-583.733276,-726.879456,188.31723,0.7768943736,0.6128121775,0.1445557585,,,,
8449,0.0,-581.15564,-724.876465,189.071625,0.775507763,0.6141176877,0.1464485411,,,,
8450,0.0,-578.583557,-722.872375,189.82666,0.7741185497,0.6154174236,0.1483302589,,,,
8451,0.0,-575.967834,-720.828735,190.561493,0.7728009502,0.6168158374,0.149388467,,,,
8452,0.0,-571.064575,-716.970154,191.329315,0.7695400666,0.6200255625,0.1528933872,,,,
8453,0.0,-569.5390625,-715.756653,191.2439575,0.7679966291,0.6214205814,0.1549486572,,,,
8454,0.0,-565.78418,-712.777344,191.016663,0.7651950416,0.6239394243,0.158669919,,,,
9303,0.0,-416.678131,93.875092,64.129616,-0.0463711157,0.994481807,0.0941044906,,,,
9304,0.0,-416.686798,94.060585,64.238838,-0.0463711157,0.994481807,0.0941044906,,,,
9305,0.0,-416.864044,98.164848,64.730461,-0.0463711157,0.994481807,0.0941044906,,,,
9306,0.0,-416.979736,100.937286,63.508247,-0.0463711157,0.994481807,0.0941044906,,,,
9307,0.0,-417.118164,104.210518,62.282269,-0.0463711157,0.994481807,0.0941044906,,,,
9308,0.0,-417.25946,107.492783,62.298462,-0.0463711157,0.994481807,0.0941044906,,,,
9309,0.0,-417.407257,110.910622,62.401909,-0.0463674845,0.9944039299,0.0949256581,,,,
9310,0.0,-417.544128,114.05864,62.522411,-0.0463668921,0.9943912257,0.0950589369,,,,
9311,0.0,-417.69101,117.416306,62.592354,-0.0463597692,0.9942384673,0.0966469962,,,,
9312,0.0,-417.835449,120.700363,62.664539,-0.0463441054,0.9938999295,0.1000757411,,,,
9313,0.0,-417.975922,123.877037,62.738239,-0.046337184,0.9937541007,0.1015167608,,,,
9314,0.0,-418.163025,128.084335,62.859756,-0.0463272493,0.99353545,0.103639257,,,,
9315,0.0,-418.264343,130.356415,62.96254,-0.046326962,0.9935348785,0.1036448641,,,,
9316,0.0,-418.435944,134.184555,63.117905,-0.046326962,0.9935348785,0.1036448641,,,,
9317,0.0,-418.591003,137.63916,63.208454,-0.046326962,0.9935348785,0.1036448641,,,,
9318,0.0,-418.746124,141.080902,63.418827,-0.046326962,0.9935348785,0.1036448641,,,,
9319,0.0,-418.893097,144.333862,63.510315,-0.046326962,0.9935348785,0.1036448641,,,,
9320,0.0,-419.041779,147.617523,63.705559,-0.046326962,0.9935348785,0.1036448641,,,,
9321,0.0,-419.207245,151.259399,63.76852,-0.046326962,0.9935348785,0.1036448641,,,,
9322,0.0,-419.365906,154.74501,63.852333,-0.046326962,0.9935348785,0.1036448641,,,,
9323,0.0,-419.519501,158.11348,63.877037,-0.046326962,0.9935348785,0.1036448641,,,,
9324,0.0,-419.671356,161.435684,63.830414,-0.046326962,0.9935348785,0.1036448641,,,,
9325,0.0,-419.82309,164.749207,63.776062,-0.046326962,0.9935348785,0.1036448641,,,,
9326,0.0,-419.96991,168.132599,63.603504,-0.0454199156,0.9935767577,0.1036448641,,,,
9327,0.0,-420.185669,174.347885,63.331902,-0.038369206,0.9938740092,0.1036448641,,,,
9328,0.0,-420.306152,177.68309,63.143539,-0.0355440764,0.9939790545,0.1036448641,,,,
9329,0.0,-420.432495,181.072083,63.084591,-0.0333684225,0.9939747576,0.1044065595,,,,
9330,0.0,-420.572144,184.443634,63.011253,-0.0329843231,0.9939674106,0.1045983798,,,,
9331,0.0,-420.703064,187.585052,62.99192,-0.0329816827,0.9938878431,0.10535257,,,,
9332,0.0,-420.828247,190.797714,63.030384,-0.0322235833,0.9938915709,0.1055518166,,,,
9333,0.0,-420.954071,194.150513,63.048103,-0.0312463253,0.9939227742,0.1055518166,,,,
9334,0.0,-421.068542,197.466797,63.223541,-0.0294266056,0.9936248955,0.1088284976,,,,
9335,0.0,-421.17157,200.852936,63.282799,-0.0265077411,0.9934588694,0.1110712134,,,,
9336,0.0,-421.274292,204.084183,63.553444,-0.024441256,0.9932916985,0.1130231246,,,,
9337,0.0,-421.352417,207.106583,63.660091,-0.0210444814,0.9931661489,0.1147960384,,,,
9338,0.0,-421.406616,210.273209,63.932068,-0.0147824135,0.9930564649,0.1167062026,,,,
9339,0.0,-421.422058,213.350235,64.01902,-0.0054281066,0.9928379358,0.1193455859,,,,
9340,0.0,-421.294189,216.576233,64.345856,0.0085168352,0.9924558688,0.1223062226,,,,
9341,0.0,-420.917633,219.770645,64.569382,0.0279475614,0.9918370261,0.1244116051,,,,
9342,0.0,-420.294586,223.096054,64.802467,0.0477236792,0.9904467042,0.1293745594,,,,
9343,0.0,-419.598785,226.031647,64.837601,0.0600676101,0.9892739091,0.1331503471,,,,
9344,0.0,-418.796204,228.887665,64.754906,0.0688761288,0.9882990356,0.1360922302,,,,
9345,0.0,-418.409088,230.928543,64.643761,0.0743855554,0.9875138157,0.1388641527,,,,
9346,0.0,-417.577606,234.437363,64.1091,0.0782577955,0.9869378972,0.1408165635,,,,
9347,0.0,-416.918457,236.446976,63.779644,0.0783203992,0.9869284337,0.140848081,,,,
9348,0.0,-415.575714,239.94751,63.213799,0.0783203992,0.9869284337,0.140848081,,,,
9349,0.0,-414.701691,242.041443,62.857361,0.0783203992,0.9869284337,0.140848081,,,,
9350,0.0,-413.24115,245.040253,62.5891,0.0783203992,0.9869284337,0.140848081,,,,
9351,0.0,-411.887421,247.766052,62.51561,0.0783203992,0.9869284337,0.140848081,,,,
9352,0.0,-410.391693,250.440399,62.527279,0.0783203992,0.9869284337,0.140848081,,,,
9353,0.0,-408.828217,253.151749,62.705696,0.0783203992,0.9869284337,0.140848081,,,,
9354,0.0,-407.635315,255.040939,62.870945,0.0783203992,0.9869284337,0.140848081,,,,
9355,0.0,-405.666504,257.888092,63.328331,0.0783203992,0.9869284337,0.140848081,,,,
9433,0.0,-187.162415,389.213928,60.832676,0.023289301,0.9913125675,0.129448839,0.0486219173,527.5022619566,1712.5275802412,1.0
9434,0.0,-187.389511,389.234955,60.970325,0.023289301,0.9913125675,0.129448839,0.0487652395,527.2162753219,1709.1448310956,1.0
9435,0.0,-185.901566,390.844635,61.172188,0.023289301,0.9913125675,0.129448839,0.0486740033,525.5335728574,1705.2459096744,1.0
9436,0.0,-183.718613,393.13855,61.284573,0.023289301,0.9913125675,0.129448839,0.0485566059,522.9003375926,1698.7003724794,1.0
9437,0.0,-181.585648,395.585693,61.359207,0.023289301,0.9913125675,0.129448839,0.0484484002,520.3287131435,1692.185822431,1.0
9438,0.0,-179.254379,397.913055,61.426003,0.023289301,0.9913125675,0.129448839,0.0482936836,517.5982362621,1685.9332960682,1.0
9439,0.0,-177.513916,399.718384,61.446655,0.023289301,0.9913125675,0.129448839,0.0481911567,515.5131295824,1680.8827291641,1.0
9440,0.0,-175.117935,402.13443,61.492638,0.023289301,0.9913125675,0.129448839,0.0480302954,512.7591173016,1674.6313831872,1.0
9441,0.0,-172.720764,404.428284,61.523636,0.023289301,0.9913125675,0.129448839,0.0478605198,509.9873577824,1668.4580142908,1.0
9442,0.0,-170.371735,406.560486,61.593468,0.023289301,0.9913125675,0.129448839,0.047690893,507.2839586093,1662.4902680588,1.0
9443,0.0,-168.058502,408.568665,61.633801,0.023289301,0.9913125675,0.129448839,0.0475166908,504.6504445068,1656.8145566118,1.0
9444,0.0,-165.590088,410.669708,61.717449,0.023289301,0.9913125675,0.129448839,0.0473274255,501.838271652,1650.7930251045,1.0
9445,0.0,-163.200165,412.767914,61.776623,0.023289301,0.9913125675,0.129448839,0.0471460096,499.1296899822,1644.9626722316,1.0
9446,0.0,-160.563675,415.030731,61.771221,0.023289301,0.9913125675,0.129448839,0.0469332428,496.1236606954,1638.6685330266,1.0
9447,0.0,-158.085983,417.189972,61.789639,0.023289301,0.9913125675,0.129448839,0.0467343305,493.2878864437,1632.6826570638,1.0
9448,0.0,-155.536606,419.328064,61.736931,0.0249230478,0.9912728382,0.129448839,0.0460411273,487.9044451343,1626.6873568392,1.0
9449,0.0,-152.839951,421.565125,61.744068,0.0519057251,0.9901100937,0.1303372477,0.0383214648,444.3832973868,1620.7751026225,1.0
9450,0.0,-150.383621,423.491577,61.786232,0.1227622548,0.9833727751,0.133818586,0.0219487094,336.4533164956,1614.7360649068,1.0
9451,0.0,-147.480759,425.633545,61.780769,0.281701496,0.9500707568,0.1342006863,0.0032416437,129.4013503729,1608.3975914633,1.0
9452,0.0,-145.176346,426.636475,61.766052,0.3963003899,0.908259972,0.1342006863,0.0068267582,187.1655379235,1604.5235803325,1.0
9453,0.0,-140.751663,427.379364,61.654636,0.6203917535,0.7727252086,0.1342006863,0.0655327011,569.2687059014,1598.849477952,1.0
9454,0.0,-136.782883,428.401001,61.643913,0.7705480429,0.6242179388,0.1288707818,,,,
9494,0.0,-0.927275,409.260193,63.052094,0.9492973787,-0.2971346444,0.1026912358,,,,
9495,0.0,-0.864064,409.2404175,63.0029755,0.9492973787,-0.2971346444,0.1026912358,,,,
9496,0.0,0.406723,408.889648,62.774677,0.9492973787,-0.2971346444,0.1026912358,,,,
9497,0.0,2.5616855,408.29631,62.580923,0.9492973787,-0.2971346444,0.1026912358,,,,
9498,0.0,4.716648,407.702972,62.387169,0.9492973787,-0.2971346444,0.1026912358,,,,
9499,0.0,8.557579,406.625427,61.875797,0.9492973787,-0.2971346444,0.1026912358,,,,
9500,0.0,12.073287,405.632782,61.586304,0.9492973787,-0.2971346444,0.1026912358,,,,
9501,0.0,17.193995,404.181366,61.557323,0.9492973787,-0.2971346444,0.1026912358,,,,
9502,0.0,19.156173,403.6201935,61.5840585,0.9492973787,-0.2971346444,0.1026912358,,,,
9503,0.0,21.118351,403.059021,61.610794,0.9492973787,-0.2971346444,0.1026912358,,,,
9504,0.0,24.162672,402.178497,61.701111,0.9492973787,-0.2971346444,0.1026912358,,,,
9505,0.0,27.317623,401.260101,61.824059,0.9492973787,-0.2971346444,0.1026912358,,,,
9506,0.0,30.620295,400.292236,61.945194,0.9492973787,-0.2971346444,0.1026912358,,,,
9507,0.0,33.72459,399.376678,62.062241,0.9492973787,-0.2971346444,0.1026912358,,,,
9508,0.0,38.223507,398.041199,62.199703,0.9492973787,-0.2971346444,0.1026912358,,,,
9509,0.0,42.232544,396.843292,62.536182,0.9492973787,-0.2971346444,0.1026912358,,,,
9510,0.0,45.535233,395.851532,62.643112,0.9492973787,-0.2971346444,0.1026912358,,,,
9511,0.0,48.847198,394.853149,62.809132,0.9492973787,-0.2971346444,0.1026912358,,,,
9513,0.0,54.738144,392.782043,63.124352,0.9488499699,-0.2982781113,0.103507985,,,,
9514,0.0,58.25209,391.517609,63.277966,0.9483362613,-0.2995837276,0.1044410149,,,,
9515,0.0,61.372505,390.359222,63.431892,0.9475732619,-0.3019339144,0.1045983971,,,,
9516,0.0,64.242729,389.267059,63.610813,0.9469613331,-0.3038476859,0.1045983624,,,,
9517,0.0,67.337738,388.079529,63.717999,0.946593328,-0.3049922137,0.1045983798,,,,
9518,0.0,70.25956,386.959991,63.799774,0.9465090588,-0.3052536331,0.1045983798,,,,
9519,0.0,73.151787,385.832947,63.838184,0.9465090588,-0.3052536331,0.1045983798,,,,
9520,0.0,77.201004,384.196899,63.793861,0.9438856794,-0.3132714412,0.1045984145,,,,
9521,0.0,80.11187,383.005951,63.79258,0.9338540607,-0.3407642889,0.1086107397,,,,
9522,0.0,83.210236,381.702118,63.600349,0.9174835603,-0.3809863737,0.1143385308,,,,
9523,0.0,85.920189,380.447357,63.39753,0.8929633416,-0.4339321175,0.1196636453,,,,
9524,0.0,88.834091,378.819824,63.094616,0.844122463,-0.5217984962,0.1232217385,,,,
9525,0.0,91.341682,376.723083,63.064522,0.7864104417,-0.6051829124,0.1237427157,,,,
9526,0.0,93.712433,374.31842,62.981075,0.6979787509,-0.7053463035,0.1237426984,,,,
9527,0.0,96.322594,371.963013,62.5411,0.6026635867,-0.7883427817,0.1237427157,,,,
9528,0.0,98.646278,369.947113,62.157234,0.5311951136,-0.8385722925,0.1209473503,,,,
9529,0.0,100.992981,367.817352,61.857353,0.4676559666,-0.8761342863,0.1169897825,,,,
9530,0.0,103.407127,365.787842,61.741657,0.4317415588,-0.894700701,0.1144983933,,,,
9531,0.0,105.523918,364.125336,61.825333,0.4192988236,-0.9007309817,0.1134556965,,,,
9532,0.0,107.72007,362.33606,61.920853,0.4151845051,-0.9027462839,0.1125654195,,,,
9533,0.0,110.646828,359.809875,62.170849,0.4145783628,-0.9030674208,0.1122230572,,,,
9534,0.0,112.701454,358.017548,62.112682,0.4145783628,-0.9030674208,0.1122230572,,,,
9535,0.0,115.038322,356.093842,62.318382,0.4145783628,-0.9030674208,0.1122230572,,,,
9536,0.0,119.799759,352.416138,62.818985,0.4145783628,-0.9030674208,0.1122230572,,,,
9537,0.0,121.6103515,351.123154,63.0118525,0.4145783628,-0.9030674208,0.1122230572,,,,
9538,0.0,123.420944,349.83017,63.20472,0.4145783628,-0.9030674208,0.1122230572,,,,
9539,0.0,128.332062,346.526154,63.483253,0.4145783628,-0.9030674208,0.1122230572,,,,
9540,0.0,130.0616685,345.437714,63.591627,0.4145783628,-0.9030674208,0.1122230572,,,,
9541,0.0,134.267639,342.818359,63.793114,0.4145783628,-0.9030674208,0.1122230572,,,,
9542,0.0,137.040222,341.237061,63.89949,0.4145783628,-0.9030674208,0.1122230572,,,,
9543,0.0,138.85688,340.224396,63.9461745,0.4145783628,-0.9030674208,0.1122230572,,,,
9544,0.0,140.673538,339.211731,63.992859,0.4145783628,-0.9030674208,0.1122230572,,,,
9545,0.0,143.51268,337.659576,63.987808,0.4137621735,-0.903441669,0.1122230572,,,,
9546,0.0,149.019867,334.660614,63.819611,0.4000560084,-0.9097109995,0.1112703352,,,,
9547,0.0,150.7237625,333.7331695,63.7295765,0.394743981,-0.9120101962,0.1112703352,,,,
9548,0.0,154.866516,331.469788,63.388107,0.3813344678,-0.9178112573,0.110483119,,,,
9549,0.0,157.600647,330.018066,63.112865,0.3730411294,-0.921318593,0.1096009395,,,,
9550,0.0,160.267273,328.634216,62.889137,0.366233034,-0.9240739993,0.1093645679,,,,
9551,0.0,163.855774,326.811249,62.674595,0.3607184967,-0.9263380846,0.1085353361,,,,
9552,0.0,166.428131,325.473145,62.419926,0.3596374069,-0.9268544409,0.1077115641,,,,
9553,0.0,169.754303,323.783325,62.194771,0.3594113307,-0.9269715161,0.1074583811,,,,
9554,0.0,172.448471,322.316345,62.029472,0.3594113307,-0.9269715161,0.1074583811,,,,
9555,0.0,175.789551,320.502899,61.880402,0.3594113307,-0.9269715161,0.1074583811,,,,
9953,0.0,-1555.283203,-401.722656,198.860168,1.0,0.0,0.0,,,,
9954,0.0,-1555.767944,-402.053741,199.038742,1.0,0.0,0.0,,,,
9955,0.0,-1555.779175,-402.011414,199.070175,1.0,0.0,0.0,,,,
9956,0.0,-1555.7838745,-402.0040135,199.0760115,1.0,0.0,0.0,,,,
9957,0.0,-1555.796265,-401.988007,199.08876,1.0,0.0,0.0,,,,
9958,0.0,-1555.8027955,-401.979996,199.095039,1.0,0.0,0.0,,,,
9959,0.0,-1555.814087,-401.964294,199.106888,1.0,0.0,0.0,,,,
9960,0.0,-1555.819397,-401.9589995,199.109665,1.0,0.0,0.0,,,,
9961,0.0,-1555.8302,-401.952423,199.110931,1.0,0.0,0.0,,,,
9962,0.0,-1555.835449,-401.953476,199.1074215,1.0,0.0,0.0,,,,
9963,0.0,-1555.843872,-401.95993,199.097244,1.0,0.0,0.0,,,,
9964,0.0,-1555.849365,-401.968536,199.087402,1.0,0.0,0.0,,,,
9965,0.0,-1555.859619,-401.984589,199.076523,1.0,0.0,0.0,,,,
9966,0.0,-1555.866333,-401.995575,199.069519,1.0,0.0,0.0,,,,
9967,0.0,-1555.877197,-402.014496,199.060028,1.0,0.0,0.0,,,,
9968,0.0,-1555.884766,-402.027802,199.054291,1.0,0.0,0.0,,,,
9969,0.0,-1555.899536,-402.050079,199.052231,1.0,0.0,0.0,,,,
9970,0.0,-1555.909302,-402.065857,199.050446,1.0,0.0,0.0,,,,
9971,0.0,-1555.919922,-402.088898,199.044617,1.0,0.0,0.0,,,,
9972,0.0,-1555.927246,-402.115967,199.041046,1.0,0.0,0.0,,,,
9973,0.0,-1555.926025,-402.130402,199.042969,1.0,0.0,0.0,,,,
9974,0.0,-1555.924316,-402.16217,199.045837,1.0,0.0,0.0,,,,
9975,0.0,-1555.924561,-402.174713,199.045517,1.0,0.0,0.0,,,,
9976,0.0,-1555.925293,-402.19635,199.044968,1.0,0.0,0.0,,,,
9977,0.0,-1555.926514,-402.218445,199.047394,1.0,0.0,0.0,,,,
9978,0.0,-1555.926514,-402.2453,199.050003,1.0,0.0,0.0,,,,
9979,0.0,-1555.922119,-402.259613,199.050705,1.0,0.0,0.0,,,,
9980,0.0,-1555.916016,-402.280884,199.051651,1.0,0.0,0.0,,,,
9981,0.0,-1555.910645,-402.304962,199.049728,1.0,0.0,0.0,,,,
9982,0.0,-1555.907715,-402.318634,199.048401,1.0,0.0,0.0,,,,
9983,0.0,-1555.901611,-402.333984,199.04509,1.0,0.0,0.0,,,,
9984,0.0,-1555.895264,-402.348511,199.041565,1.0,0.0,0.0,,,,
9985,0.0,-1555.887573,-402.363708,199.037003,1.0,0.0,0.0,,,,
9986,0.0,-1555.883423,-402.371368,199.034546,1.0,0.0,0.0,,,,
9987,0.0,-1555.876465,-402.381104,199.028137,1.0,0.0,0.0,,,,
9988,0.0,-1555.872803,-402.385437,199.024414,1.0,0.0,0.0,,,,
9989,0.0,-1555.86377,-402.392303,199.023239,1.0,0.0,0.0,,,,
9990,0.0,-1555.858032,-402.396301,199.0233,1.0,0.0,0.0,,,,
9991,0.0,-1555.849487,-402.393646,199.024689,1.0,0.0,0.0,,,,
9992,0.0,-1555.834106,-402.388611,199.027206,1.0,0.0,0.0,,,,
9993,0.0,-1555.822266,-402.383118,199.031219,1.0,0.0,0.0,,,,
9994,0.0,-1555.80603,-402.375397,199.036987,1.0,0.0,0.0,,,,
9995,0.0,-1555.790894,-402.36673,199.040863,1.0,0.0,0.0,,,,
9996,0.0,-1555.764282,-402.34256,199.046951,1.0,0.0,0.0,,,,
9997,0.0,-1555.755127,-402.327209,199.049393,1.0,0.0,0.0,,,,
9998,0.0,-1555.7492675,-402.315887,199.0493775,1.0,0.0,0.0,,,,
9999,0.0,-1555.743408,-402.304565,199.049362,1.0,0.0,0.0,,,,
10000,0.0,-1555.724731,-402.26889,199.047195,1.0,0.0,0.0,,,,
10001,0.0,-1555.7164915,-402.255127,199.0459285,1.0,0.0,0.0,,,,
10002,0.0,-1554.065308,-403.0,197.88858,1.0,0.0,0.0,,,,
10003,0.0,-1554.065308,-403.0,197.88858,1.0,0.0,0.0,,,,
10004,0.0,-1554.065308,-403.0,197.88858,1.0,0.0,0.0,,,,
10005,0.0,-1554.065308,-403.0,197.88858,1.0,0.0,0.0,,,,
10006,0.0,-1554.065308,-403.0,197.88858,1.0,0.0,0.0,,,,
10007,0.0,-1554.065308,-403.0,197.88858,1.0,0.0,0.0,,,,
10008,0.0,-1554.065308,-403.0,197.88858,1.0,0.0,0.0,,,,
10009,0.0,-1554.065308,-403.0,197.88858,1.0,0.0,0.0,,,,
10010,0.0,-1554.065308,-403.0,197.88858,1.0,0.0,0.0,,,,
10011,0.0,-1554.065308,-403.0,197.88858,1.0,0.0,0.0,,,,
10012,0.0,-1554.065308,-403.0,197.88858,1.0,0.0,0.0,,,,
10013,0.0,-1554.065308,-403.0,197.88858,1.0,0.0,0.0,,,,
10014,0.0,-1554.065308,-403.0,197.88858,1.0,0.0,0.0,,,,
10015,0.0,-1554.065308,-403.0,197.88858,1.0,0.0,0.0,,,,
10016,0.0,-1554.065308,-403.0,197.88858,1.0,0.0,0.0,,,,
10017,0.0,-1554.065308,-403.0,197.88858,1.0,0.0,0.0,,,,
10018,0.0,-1554.065308,-403.0,197.88858,1.0,0.0,0.0,,,,
10019,0.0,-1554.065308,-403.0,197.88858,1.0,0.0,0.0,,,,
10020,0.0,-1554.065308,-403.0,197.88858,1.0,0.0,0.0,,,,
10021,0.0,-1554.065308,-403.0,197.88858,1.0,0.0,0.0,,,,
10022,0.0,-1554.065308,-403.0,197.88858,1.0,0.0,0.0,,,,
10023,0.0,-1555.489258,-401.843689,199.036469,1.0,0.0,0.0,,,,
10024,0.0,-1555.483521,-401.828674,199.035217,1.0,0.0,0.0,,,,
10025,0.0,-1555.47937,-401.819244,199.034836,1.0,0.0,0.0,,,,
10026,0.0,-1555.474854,-401.806915,199.034134,1.0,0.0,0.0,,,,
10027,0.0,-1555.472168,-401.794159,199.03299,1.0,0.0,0.0,,,,
10028,0.0,-1555.470825,-401.786591,199.032532,1.0,0.0,0.0,,,,
10029,0.0,-1555.467041,-401.768799,199.032593,1.0,0.0,0.0,,,,
10030,0.0,-1555.464966,-401.76059,199.032455,1.0,0.0,0.0,,,,
10031,0.0,-1555.459839,-401.748291,199.03154,1.0,0.0,0.0,,,,
10032,0.0,-1555.457153,-401.740997,199.03096,1.0,0.0,0.0,,,,
10033,0.0,-1555.454224,-401.729004,199.029648,1.0,0.0,0.0,,,,
10034,0.0,-1555.452515,-401.719513,199.02916,1.0,0.0,0.0,,,,
10035,0.0,-1555.451294,-401.711426,199.029541,1.0,0.0,0.0,,,,
10036,0.0,-1555.445068,-401.692963,199.028824,1.0,0.0,0.0,,,,
10037,0.0,-1555.439209,-401.681885,199.028381,1.0,0.0,0.0,,,,
10038,0.0,-1555.437378,-401.677582,199.0291745,1.0,0.0,0.0,,,,
10039,0.0,-1555.435547,-401.673279,199.029968,1.0,0.0,0.0,,,,
10040,0.0,-1555.434082,-401.670044,199.030334,1.0,0.0,0.0,,,,
10041,0.0,-1555.428467,-401.660461,199.025406,1.0,0.0,0.0,,,,
10042,0.0,-1555.425171,-401.655151,199.02272,1.0,0.0,0.0,,,,
10043,0.0,-1555.417847,-401.640137,199.015884,1.0,0.0,0.0,,,,
10044,0.0,-1555.414673,-401.635559,199.0147475,1.0,0.0,0.0,,,,
10045,0.0,-1555.407959,-401.626282,199.012421,1.0,0.0,0.0,,,,
10046,0.0,-1555.401611,-401.621124,199.012222,1.0,0.0,0.0,,,,
10047,0.0,-1555.395386,-401.616272,199.012024,1.0,0.0,0.0,,,,
10048,0.0,-1555.392944,-401.610962,199.010681,1.0,0.0,0.0,,,,
10049,0.0,-1555.390747,-401.605743,199.009369,1.0,0.0,0.0,,,,
10050,0.0,-1555.385132,-401.600403,199.00795,1.0,0.0,0.0,,,,
10051,0.0,-1555.383057,-401.598511,199.007446,1.0,0.0,0.0,,,,
10052,0.0,-1555.379883,-401.591553,199.003754,1.0,0.0,0.0,,,,
10053,0.0,-1555.378662,-401.588623,199.002197,1.0,0.0,0.0,,,,
10054,0.0,-1555.37439,-401.587128,199.00119,1.0,0.0,0.0,,,,
10055,0.0,-1555.370117,-401.585541,199.000153,1.0,0.0,0.0,,,,
10056,0.0,-1555.369385,-401.582153,198.998337,1.0,0.0,0.0,,,,
10057,0.0,-1555.368164,-401.578308,198.995697,1.0,0.0,0.0,,,,
10058,0.0,-1555.367676,-401.577423,198.994446,1.0,0.0,0.0,,,,
10059,0.0,-1555.366577,-401.575684,198.991928,1.0,0.0,0.0,,,,
10060,0.0,-1555.366821,-401.575104,198.991348,1.0,0.0,0.0,,,,
10061,0.0,-1555.366821,-401.574768,198.991074,1.0,0.0,0.0,,,,
10062,0.0,-1555.368286,-401.57254,198.991364,1.0,0.0,0.0,,,,
10063,0.0,-1555.369141,-401.572388,198.992157,1.0,0.0,0.0,,,,
10064,0.0,-1555.369263,-401.573639,198.992981,1.0,0.0,0.0,,,,
10065,0.0,-1555.369263,-401.576508,198.994812,1.0,0.0,0.0,,,,
10066,0.0,-1555.372437,-401.576355,198.994949,1.0,0.0,0.0,,,,
10067,0.0,-1555.373535,-401.576233,198.994934,1.0,0.0,0.0,,,,
10068,0.0,-1555.378052,-401.577698,198.993423,1.0,0.0,0.0,,,,
10069,0.0,-1555.380005,-401.578461,198.99263,1.0,0.0,0.0,,,,
10070,0.0,-1555.383057,-401.578033,198.994385,1.0,0.0,0.0,,,,
10071,0.0,-1554.065308,-403.0,197.88858,1.0,0.0,0.0,,,,
10072,0.0,-1554.065308,-403.0,197.88858,1.0,0.0,0.0,,,,
10073,0.0,-1554.065308,-403.0,197.88858,1.0,0.0,0.0,,,,
10074,0.0,-1554.065308,-403.0,197.88858,1.0,0.0,0.0,,,,
10075,0.0,-1554.065308,-403.0,197.88858,1.0,0.0,0.0,,,,
10076,0.0,-1554.065308,-403.0,197.88858,1.0,0.0,0.0,,,,
10077,0.0,-1554.065308,-403.0,197.88858,1.0,0.0,0.0,,,,
10078,0.0,-1554.065308,-403.0,197.88858,1.0,0.0,0.0,,,,
10079,0.0,-1554.065308,-403.0,197.88858,1.0,0.0,0.0,,,,
10080,0.0,-1555.440796,-401.57486,198.996445,1.0,0.0,0.0,,,,
10081,0.0,-1555.455078,-401.575745,198.995956,1.0,0.0,0.0,,,,
10082,0.0,-1555.4594725,-401.574936,198.995697,1.0,0.0,0.0,,,,
10083,0.0,-1555.463867,-401.574127,198.995438,1.0,0.0,0.0,,,,
10084,0.0,-1555.488281,-401.576843,198.99057,1.0,0.0,0.0,,,,
10085,0.0,-1555.496948,-401.580688,198.993546,1.0,0.0,0.0,,,,
10086,0.0,-1555.507812,-401.586365,198.998978,1.0,0.0,0.0,,,,
10087,0.0,-1555.518188,-401.588837,199.002029,1.0,0.0,0.0,,,,
10088,0.0,-1555.531616,-401.590149,199.004547,1.0,0.0,0.0,,,,
10089,0.0,-1555.549561,-401.595551,199.011734,1.0,0.0,0.0,,,,
10090,0.0,-1555.555542,-401.598236,199.015015,1.0,0.0,0.0,,,,
10091,0.0,-1555.566772,-401.603821,199.021484,1.0,0.0,0.0,,,,
10092,0.0,-1555.573853,-401.607941,199.026108,1.0,0.0,0.0,,,,
10093,0.0,-1555.58313,-401.612854,199.032364,1.0,0.0,0.0,,,,
10094,0.0,-1555.595947,-401.619415,199.041046,1.0,0.0,0.0,,,,
10095,0.0,-1555.600098,-401.622406,199.043564,1.0,0.0,0.0,,,,
10096,0.0,-1555.610596,-401.630829,199.049789,1.0,0.0,0.0,,,,
10097,0.0,-1555.613892,-401.634125,199.052032,1.0,0.0,0.0,,,,
10098,0.0,-1555.622803,-401.644379,199.058502,1.0,0.0,0.0,,,,
10099,0.0,-1555.626221,-401.646698,199.06076,1.0,0.0,0.0,,,,
10100,0.0,-1555.634888,-401.651978,199.066589,1.0,0.0,0.0,,,,
10101,0.0,-1555.640991,-401.656311,199.066544,1.0,0.0,0.0,,,,
10102,0.0,-1555.645508,-401.659637,199.065491,1.0,0.0,0.0,,,,
10103,0.0,-1555.654175,-401.667786,199.065063,1.0,0.0,0.0,,,,
10104,0.0,-1555.659058,-401.67337,199.065689,1.0,0.0,0.0,,,,
10105,0.0,-1555.66333,-401.678101,199.065964,1.0,0.0,0.0,,,,
10106,0.0,-1555.666016,-401.680756,199.065903,1.0,0.0,0.0,,,,
10107,0.0,-1555.671753,-401.686737,199.066437,1.0,0.0,0.0,,,,
10108,0.0,-1555.677368,-401.6922,199.067261,1.0,0.0,0.0,,,,
10109,0.0,-1555.679688,-401.699493,199.066574,1.0,0.0,0.0,,,,
10110,0.0,-1555.679443,-401.704712,199.06543,1.0,0.0,0.0,,,,
10111,0.0,-1555.679688,-401.713531,199.060287,1.0,0.0,0.0,,,,
10112,0.0,-1555.67981,-401.718109,199.055191,1.0,0.0,0.0,,,,
10113,0.0,-1555.679199,-401.72171,199.051193,1.0,0.0,0.0,,,,
10114,0.0,-1555.675171,-401.727112,199.045883,1.0,0.0,0.0,,,,
10115,0.0,-1555.672974,-401.729767,199.044586,1.0,0.0,0.0,,,,
10116,0.0,-1555.666016,-401.735931,199.045273,1.0,0.0,0.0,,,,
10117,0.0,-1555.662109,-401.739655,199.043213,1.0,0.0,0.0,,,,
10118,0.0,-1555.65564,-401.747406,199.030792,1.0,0.0,0.0,,,,
10119,0.0,-1555.648193,-401.753174,199.024918,1.0,0.0,0.0,,,,
10120,0.0,-1555.6427,-401.756378,199.0233,1.0,0.0,0.0,,,,
10121,0.0,-1555.629639,-401.761169,199.019104,1.0,0.0,0.0,,,,
10122,0.0,-1555.623901,-401.760956,199.016922,1.0,0.0,0.0,,,,
10123,0.0,-1555.612671,-401.759521,199.009125,1.0,0.0,0.0,,,,
10124,0.0,-1555.599731,-401.756378,198.994736,1.0,0.0,0.0,,,,
10125,0.0,-1555.5913695,-401.7566525,198.9912795,1.0,0.0,0.0,,,,
10126,0.0,-1555.583008,-401.756927,198.987823,1.0,0.0,0.0,,,,
10127,0.0,-1555.583008,-401.756927,198.987823,1.0,0.0,0.0,,,,
10128,0.0,-1555.529785,-401.74585,198.964294,1.0,0.0,0.0,,,,
10129,0.0,-1555.539917,-401.748169,198.968491,1.0,0.0,0.0,,,,
10130,0.0,-1555.522217,-401.74353,198.959564,1.0,0.0,0.0,,,,
10131,0.0,-1555.512451,-401.740265,198.952759,1.0,0.0,0.0,,,,
10132,0.0,-1555.494263,-401.734009,198.942017,1.0,0.0,0.0,,,,
10133,0.0,-1555.484009,-401.730499,198.938812,1.0,0.0,0.0,,,,
10134,0.0,-1555.467773,-401.725037,198.933777,1.0,0.0,0.0,,,,
10135,0.0,-1555.44751,-401.722565,198.924759,1.0,0.0,0.0,,,,
10136,0.0,-1555.437744,-401.721375,198.920288,1.0,0.0,0.0,,,,
10137,0.0,-1555.419922,-401.715393,198.912308,1.0,0.0,0.0,,,,
10138,0.0,-1555.420288,-401.715454,198.912384,1.0,0.0,0.0,,,,
10139,0.0,-1555.397095,-401.710663,198.903503,1.0,0.0,0.0,,,,
10140,0.0,-1555.378662,-401.709686,198.897064,1.0,0.0,0.0,,,,
10154,0.0,-1555.285767,-401.72168,198.860062,1.0,0.0,0.0,,,,
10155,0.0,-1555.286743,-401.722992,198.861816,1.0,0.0,0.0,,,,
10156,0.0,-1555.288452,-401.725586,198.86499,1.0,0.0,0.0,,,,
10157,0.0,-1555.294189,-401.727692,198.867569,1.0,0.0,0.0,,,,
10158,0.0,-1555.301636,-401.730225,198.870529,1.0,0.0,0.0,,,,
10159,0.0,-1555.309204,-401.733704,198.872864,1.0,0.0,0.0,,,,
10160,0.0,-1555.317017,-401.73761,198.875076,1.0,0.0,0.0,,,,
10161,0.0,-1555.335205,-401.740295,198.879272,1.0,0.0,0.0,,,,
10162,0.0,-1555.340271,-401.7423095,198.880516,1.0,0.0,0.0,,,,
10163,0.0,-1555.354248,-401.748993,198.884048,1.0,0.0,0.0,,,,
10164,0.0,-1555.365967,-401.75473,198.88588,1.0,0.0,0.0,,,,
10165,0.0,-1555.374512,-401.7587735,198.8868715,1.0,0.0,0.0,,,,
10166,0.0,-1555.388672,-401.767822,198.889664,1.0,0.0,0.0,,,,
10167,0.0,-1555.401245,-401.779358,198.893906,1.0,0.0,0.0,,,,
10168,0.0,-1555.4019775,-401.783478,198.8942035,1.0,0.0,0.0,,,,
10169,0.0,-1555.404175,-401.794525,198.894897,1.0,0.0,0.0,,,,
10170,0.0,-1555.407104,-401.805725,198.895554,1.0,0.0,0.0,,,,
10171,0.0,-1555.411255,-401.820007,198.896317,1.0,0.0,0.0,,,,
10172,0.0,-1555.408447,-401.824615,198.895981,1.0,0.0,0.0,,,,
10173,0.0,-1555.401245,-401.83432,198.895035,1.0,0.0,0.0,,,,
10174,0.0,-1555.398682,-401.838135,198.893738,1.0,0.0,0.0,,,,
10175,0.0,-1555.394653,-401.844421,198.891083,1.0,0.0,0.0,,,,
10176,0.0,-1555.393921,-401.850067,198.887344,1.0,0.0,0.0,,,,
10177,0.0,-1555.39624,-401.859009,198.879929,1.0,0.0,0.0,,,,
10178,0.0,-1555.39624,-401.861633,198.878494,1.0,0.0,0.0,,,,
10179,0.0,-1555.395142,-401.866699,198.876663,1.0,0.0,0.0,,,,
10180,0.0,-1555.393799,-401.868225,198.87616,1.0,0.0,0.0,,,,
10181,0.0,-1555.389893,-401.870087,198.875626,1.0,0.0,0.0,,,,
10182,0.0,-1555.387939,-401.868347,198.875153,1.0,0.0,0.0,,,,
10183,0.0,-1555.387207,-401.866669,198.874863,1.0,0.0,0.0,,,,
10184,0.0,-1555.386597,-401.864868,198.875412,1.0,0.0,0.0,,,,
10185,0.0,-1555.386963,-401.865234,198.877396,1.0,0.0,0.0,,,,
10186,0.0,-1555.387085,-401.866425,198.878525,1.0,0.0,0.0,,,,
10187,0.0,-1555.387085,-401.869507,198.878067,1.0,0.0,0.0,,,,
10188,0.0,-1555.385376,-401.872681,198.879929,1.0,0.0,0.0,,,,
10189,0.0,-1555.383667,-401.874115,198.882126,1.0,0.0,0.0,,,,
10190,0.0,-1555.38147,-401.875183,198.884277,1.0,0.0,0.0,,,,
10191,0.0,-1555.379883,-401.874084,198.884171,1.0,0.0,0.0,,,,
10192,0.0,-1555.378296,-401.872284,198.884781,1.0,0.0,0.0,,,,
10193,0.0,-1555.374756,-401.867676,198.887024,1.0,0.0,0.0,,,,
10194,0.0,-1555.372803,-401.863434,198.889786,1.0,0.0,0.0,,,,
10195,0.0,-1555.372437,-401.855469,198.897156,1.0,0.0,0.0,,,,
10196,0.0,-1555.371826,-401.849915,198.90271,1.0,0.0,0.0,,,,
10197,0.0,-1555.370972,-401.84549,198.907364,1.0,0.0,0.0,,,,
10198,0.0,-1555.368652,-401.835693,198.913544,1.0,0.0,0.0,,,,
10199,0.0,-1555.365845,-401.826935,198.915802,1.0,0.0,0.0,,,,
10200,0.0,-1555.364868,-401.82016,198.919174,1.0,0.0,0.0,,,,
10201,0.0,-1555.366333,-401.81076,198.927963,1.0,0.0,0.0,,,,
10202,0.0,-1555.367676,-401.801575,198.935913,1.0,0.0,0.0,,,,
10203,0.0,-1555.368896,-401.79184,198.941284,1.0,0.0,0.0,,,,
10204,0.0,-1555.370728,-401.778564,198.949753,1.0,0.0,0.0,,,,
10205,0.0,-1555.374023,-401.760742,198.961212,1.0,0.0,0.0,,,,
10206,0.0,-1555.3761595,-401.7525175,198.963234,1.0,0.0,0.0,,,,
10207,0.0,-1555.378296,-401.744293,198.965256,1.0,0.0,0.0,,,,
10208,0.0,-1555.384155,-401.725372,198.974243,1.0,0.0,0.0,,,,
10209,0.0,-1555.385437,-401.7198485,198.9771345,1.0,0.0,0.0,,,,
10210,0.0,-1555.386719,-401.714325,198.980026,1.0,0.0,0.0,,,,
10211,0.0,-1555.384766,-401.699036,198.985367,1.0,0.0,0.0,,,,
10212,0.0,-1555.38269,-401.672211,198.998459,1.0,0.0,0.0,,,,
10213,0.0,-1555.382568,-401.659271,199.005463,1.0,0.0,0.0,,,,
10214,0.0,-1555.385498,-401.648224,199.009262,1.0,0.0,0.0,,,,
10215,0.0,-1555.390991,-401.637024,199.014664,1.0,0.0,0.0,,,,
10216,0.0,-1555.395752,-401.633545,199.018036,1.0,0.0,0.0,,,,
10217,0.0,-1555.40271,-401.62912,199.022903,1.0,0.0,0.0,,,,
10218,0.0,-1555.412842,-401.627136,199.029938,1.0,0.0,0.0,,,,
10219,0.0,-1555.426025,-401.624786,199.040802,1.0,0.0,0.0,,,,
10220,0.0,-1555.429932,-401.624237,199.046143,1.0,0.0,0.0,,,,
10221,0.0,-1555.436401,-401.623657,199.054565,1.0,0.0,0.0,,,,
10222,0.0,-1555.443237,-401.626495,199.057571,1.0,0.0,0.0,,,,
10223,0.0,-1555.445923,-401.627594,199.058777,1.0,0.0,0.0,,,,
10224,0.0,-1555.447998,-401.629333,199.06192,1.0,0.0,0.0,,,,
10225,0.0,-1555.449707,-401.63092,199.064926,1.0,0.0,0.0,,,,
10226,0.0,-1555.451538,-401.636383,199.069016,1.0,0.0,0.0,,,,
10227,0.0,-1555.453613,-401.642151,199.073273,1.0,0.0,0.0,,,,
10228,0.0,-1555.457764,-401.648529,199.07753,1.0,0.0,0.0,,,,
10229,0.0,-1555.459717,-401.651917,199.079803,1.0,0.0,0.0,,,,
10230,0.0,-1555.463501,-401.655457,199.081726,1.0,0.0,0.0,,,,
10231,0.0,-1555.468994,-401.661011,199.085114,1.0,0.0,0.0,,,,
10232,0.0,-1555.471191,-401.664581,199.088089,1.0,0.0,0.0,,,,
10233,0.0,-1555.474609,-401.670776,199.093231,1.0,0.0,0.0,,,,
10234,0.0,-1555.480469,-401.675995,199.094238,1.0,0.0,0.0,,,,
10235,0.0,-1555.488403,-401.683594,199.095764,1.0,0.0,0.0,,,,
10236,0.0,-1555.491211,-401.687653,199.09671,1.0,0.0,0.0,,,,
10237,0.0,-1555.497803,-401.696747,199.098907,1.0,0.0,0.0,,,,
10238,0.0,-1555.49939,-401.700439,199.100464,1.0,0.0,0.0,,,,
10239,0.0,-1555.502441,-401.706512,199.103027,1.0,0.0,0.0,,,,
10240,0.0,-1555.507568,-401.712982,199.101685,1.0,0.0,0.0,,,,
10241,0.0,-1555.515503,-401.722809,199.098541,1.0,0.0,0.0,,,,
10242,0.0,-1555.515869,-401.727814,199.098618,1.0,0.0,0.0,,,,
10243,0.0,-1555.516602,-401.736633,199.098724,1.0,0.0,0.0,,,,
10244,0.0,-1555.517456,-401.746735,199.101089,1.0,0.0,0.0,,,,
10245,0.0,-1555.517944,-401.752716,199.102768,1.0,0.0,0.0,,,,
10246,0.0,-1555.519409,-401.763031,199.107285,1.0,0.0,0.0,,,,
10247,0.0,-1555.521729,-401.773926,199.113922,1.0,0.0,0.0,,,,
10248,0.0,-1555.523193,-401.778503,199.117905,1.0,0.0,0.0,,,,
10249,0.0,-1555.522949,-401.782486,199.119339,1.0,0.0,0.0,,,,
10250,0.0,-1555.522217,-401.789886,199.121521,1.0,0.0,0.0,,,,
10251,0.0,-1555.522095,-401.793152,199.119507,1.0,0.0,0.0,,,,
10252,0.0,-1555.521973,-401.793854,199.117813,1.0,0.0,0.0,,,,
10253,0.0,-1555.520813,-401.7948,199.1171035,1.0,0.0,0.0,,,,
10254,0.0,-1555.517578,-401.797089,199.116074,1.0,0.0,0.0,,,,
10255,0.0,-1555.516235,-401.798706,199.11409,1.0,0.0,0.0,,,,
10256,0.0,-1555.517334,-401.800079,199.109833,1.0,0.0,0.0,,,,
10257,0.0,-1555.516846,-401.801849,199.107452,1.0,0.0,0.0,,,,
10258,0.0,-1555.513672,-401.806396,199.104401,1.0,0.0,0.0,,,,
10259,0.0,-1555.510742,-401.811249,199.101288,1.0,0.0,0.0,,,,
10260,0.0,-1555.513916,-401.814301,199.099686,1.0,0.0,0.0,,,,
10261,0.0,-1555.515503,-401.815979,199.098816,1.0,0.0,0.0,,,,
10262,0.0,-1555.516113,-401.821228,199.096802,1.0,0.0,0.0,,,,
10263,0.0,-1555.516602,-401.826263,199.094894,1.0,0.0,0.0,,,,
10264,0.0,-1555.519043,-401.830444,199.090103,1.0,0.0,0.0,,,,
10265,0.0,-1555.523804,-401.835693,199.08136,1.0,0.0,0.0,,,,
10266,0.0,-1555.525635,-401.83902,199.080566,1.0,0.0,0.0,,,,
10267,0.0,-1555.528809,-401.845642,199.080551,1.0,0.0,0.0,,,,
10268,0.0,-1555.529907,-401.849701,199.078918,1.0,0.0,0.0,,,,
10269,0.0,-1555.531738,-401.858124,199.073502,1.0,0.0,0.0,,,,
10270,0.0,-1555.533447,-401.865265,199.068604,1.0,0.0,0.0,,,,
10271,0.0,-1555.535645,-401.873016,199.061035,1.0,0.0,0.0,,,,
10272,0.0,-1555.536987,-401.87674,199.057602,1.0,0.0,0.0,,,,
10273,0.0,-1555.540894,-401.887695,199.053741,1.0,0.0,0.0,,,,
10274,0.0,-1555.544922,-401.899109,199.049698,1.0,0.0,0.0,,,,
10275,0.0,-1555.546387,-401.906128,199.04422,1.0,0.0,0.0,,,,
10276,0.0,-1555.547852,-401.913452,199.037964,1.0,0.0,0.0,,,,
10277,0.0,-1555.551392,-401.925873,199.035385,1.0,0.0,0.0,,,,
10278,0.0,-1555.553467,-401.933167,199.035095,1.0,0.0,0.0,,,,
10279,0.0,-1555.557739,-401.944,199.031189,1.0,0.0,0.0,,,,
10280,0.0,-1555.562744,-401.954437,199.024185,1.0,0.0,0.0,,,,
10281,0.0,-1555.567749,-401.965057,199.017563,1.0,0.0,0.0,,,,
10282,0.0,-1555.57373,-401.979065,199.010254,1.0,0.0,0.0,,,,
10283,0.0,-1555.576538,-401.986725,199.0065,1.0,0.0,0.0,,,,
10284,0.0,-1555.580078,-401.999359,199.001358,1.0,0.0,0.0,,,,
10285,0.0,-1555.585083,-402.014313,198.996033,1.0,0.0,0.0,,,,
10286,0.0,-1555.59082,-402.023499,198.994873,1.0,0.0,0.0,,,,
10287,0.0,-1555.600342,-402.038544,198.992935,1.0,0.0,0.0,,,,
10288,0.0,-1555.607544,-402.047974,198.991501,1.0,0.0,0.0,,,,
10289,0.0,-1555.62085,-402.06543,198.988815,1.0,0.0,0.0,,,,
10290,0.0,-1555.636719,-402.089569,198.989761,1.0,0.0,0.0,,,,
10291,0.0,-1555.6444705,-402.1001435,198.990036,1.0,0.0,0.0,,,,
10292,0.0,-1555.658081,-402.118134,198.990402,1.0,0.0,0.0,,,,
10293,0.0,-1555.669434,-402.132904,198.990356,1.0,0.0,0.0,,,,
10294,0.0,-1555.67981,-402.147095,198.989685,1.0,0.0,0.0,,,,
10295,0.0,-1555.689331,-402.160248,198.989075,1.0,0.0,0.0,,,,
10296,0.0,-1555.707031,-402.179657,198.988785,1.0,0.0,0.0,,,,
10297,0.0,-1555.713745,-402.187103,198.988663,1.0,0.0,0.0,,,,
10298,0.0,-1555.72998,-402.205231,198.990143,1.0,0.0,0.0,,,,
10299,0.0,-1555.737549,-402.213806,198.990936,1.0,0.0,0.0,,,,
10300,0.0,-1555.748535,-402.225891,198.995117,1.0,0.0,0.0,,,,
10301,0.0,-1555.758057,-402.236023,198.999969,1.0,0.0,0.0,,,,
10302,0.0,-1555.773804,-402.251465,199.00206,1.0,0.0,0.0,,,,
10303,0.0,-1555.780273,-402.257568,199.001694,1.0,0.0,0.0,,,,
10304,0.0,-1555.79126,-402.267151,199.001465,1.0,0.0,0.0,,,,
10305,0.0,-1555.80188,-402.275177,199.001862,1.0,0.0,0.0,,,,
10306,0.0,-1555.813232,-402.285614,199.000443,1.0,0.0,0.0,,,,
10307,0.0,-1555.816528,-402.289307,198.999146,1.0,0.0,0.0,,,,
10308,0.0,-1555.82251,-402.296478,198.996597,1.0,0.0,0.0,,,,
10309,0.0,-1555.828979,-402.30542,198.993454,1.0,0.0,0.0,,,,
10310,0.0,-1555.83374,-402.312073,198.991089,1.0,0.0,0.0,,,,
10311,0.0,-1555.837036,-402.317505,198.987396,1.0,0.0,0.0,,,,
10312,0.0,-1555.839966,-402.322571,198.983398,1.0,0.0,0.0,,,,
10313,0.0,-1555.840942,-402.324005,198.982361,1.0,0.0,0.0,,,,
10314,0.0,-1555.841187,-402.324158,198.982422,1.0,0.0,0.0,,,,
10315,0.0,-1555.841187,-402.325256,198.979294,1.0,0.0,0.0,,,,
10316,0.0,-1555.840698,-402.327087,198.973572,1.0,0.0,0.0,,,,
10317,0.0,-1555.839355,-402.328247,198.966522,1.0,0.0,0.0,,,,
10318,0.0,-1555.834473,-402.327881,198.952637,1.0,0.0,0.0,,,,
10319,0.0,-1555.831299,-402.327545,198.945465,1.0,0.0,0.0,,,,
10320,0.0,-1555.827148,-402.32663,198.936829,1.0,0.0,0.0,,,,
10321,0.0,-1555.821289,-402.325104,198.926666,1.0,0.0,0.0,,,,
10322,0.0,-1555.816772,-402.321136,198.924713,1.0,0.0,0.0,,,,
10323,0.0,-1555.811157,-402.316528,198.922379,1.0,0.0,0.0,,,,
10324,0.0,-1555.805908,-402.306519,198.92395,1.0,0.0,0.0,,,,
10325,0.0,-1555.80127,-402.296539,198.926102,1.0,0.0,0.0,,,,
10326,0.0,-1555.793701,-402.274261,198.932236,1.0,0.0,0.0,,,,
10327,0.0,-1555.783936,-402.242432,198.941681,1.0,0.0,0.0,,,,
10328,0.0,-1555.7814335,-402.233612,198.9444885,1.0,0.0,0.0,,,,
10329,0.0,-1555.778931,-402.224792,198.947296,1.0,0.0,0.0,,,,
10330,0.0,-1555.770264,-402.175415,198.96608,1.0,0.0,0.0,,,,
10331,0.0,-1555.767212,-402.147156,198.978485,1.0,0.0,0.0,,,,
10332,0.0,-1555.7667845,-402.1345065,198.986122,1.0,0.0,0.0,,,,
10333,0.0,-1555.765259,-402.096283,199.009216,1.0,0.0,0.0,,,,
10334,0.0,-1555.7664795,-402.078354,199.021629,1.0,0.0,0.0,,,,
10335,0.0,-1555.7677,-402.060425,199.034042,1.0,0.0,0.0,,,,
10336,0.0,-1555.777344,-402.016876,199.065994,1.0,0.0,0.0,,,,
10337,0.0,-1555.779541,-402.010345,199.070969,1.0,0.0,0.0,,,,
10338,0.0,-1555.787842,-401.99762,199.081009,1.0,0.0,0.0,,,,
10339,0.0,-1555.798706,-401.985229,199.091034,1.0,0.0,0.0,,,,
10340,0.0,-1555.808228,-401.97348,199.10025,1.0,0.0,0.0,,,,
10341,0.0,-1555.815674,-401.961639,199.108826,1.0,0.0,0.0,,,,
10342,0.0,-1555.821289,-401.954407,199.113358,1.0,0.0,0.0,,,,
10343,0.0,-1555.830078,-401.952515,199.111008,1.0,0.0,0.0,,,,
10344,0.0,-1555.838989,-401.951843,199.107239,1.0,0.0,0.0,,,,
10345,0.0,-1555.842773,-401.958099,199.099533,1.0,0.0,0.0,,,,
10346,0.0,-1555.84729,-401.965637,199.090134,1.0,0.0,0.0,,,,
10347,0.0,-1555.857788,-401.981659,199.078522,1.0,0.0,0.0,,,,
10348,0.0,-1555.862183,-401.9888,199.073639,1.0,0.0,0.0,,,,
10349,0.0,-1555.870483,-402.002686,199.065979,1.0,0.0,0.0,,,,
10350,0.0,-1555.882202,-402.023102,199.05574,1.0,0.0,0.0,,,,
10351,0.0,-1555.889526,-402.034973,199.053635,1.0,0.0,0.0,,,,
10352,0.0,-1555.900635,-402.051636,199.052063,1.0,0.0,0.0,,,,
10353,0.0,-1555.911865,-402.071167,199.049103,1.0,0.0,0.0,,,,
10354,0.0,-1555.920532,-402.090637,199.044174,1.0,0.0,0.0,,,,
10355,0.0,-1555.927246,-402.116302,199.041077,1.0,0.0,0.0,,,,
10356,0.0,-1555.926025,-402.130859,199.043015,1.0,0.0,0.0,,,,
10357,0.0,-1555.924072,-402.15448,199.046036,1.0,0.0,0.0,,,,
10358,0.0,-1555.924438,-402.172089,199.045578,1.0,0.0,0.0,,,,
10359,0.0,-1555.925171,-402.191406,199.04509,1.0,0.0,0.0,,,,
10360,0.0,-1555.926392,-402.218109,199.047363,1.0,0.0,0.0,,,,
10361,0.0,-1555.927246,-402.232666,199.048889,1.0,0.0,0.0,,,,
10362,0.0,-1555.924316,-402.252106,199.050323,1.0,0.0,0.0,,,,
10363,0.0,-1555.918701,-402.272125,199.05127,1.0,0.0,0.0,,,,
10364,0.0,-1555.912354,-402.296448,199.050537,1.0,0.0,0.0,,,,
10365,0.0,-1555.909668,-402.31012,199.049225,1.0,0.0,0.0,,,,
10366,0.0,-1555.90625,-402.323547,199.047562,1.0,0.0,0.0,,,,
10367,0.0,-1555.900024,-402.337341,199.044296,1.0,0.0,0.0,,,,
10368,0.0,-1555.893799,-402.35144,199.040878,1.0,0.0,0.0,,,,
10369,0.0,-1555.88855,-402.361847,199.037582,1.0,0.0,0.0,,,,
10370,0.0,-1555.880615,-402.376068,199.032425,1.0,0.0,0.0,,,,
10371,0.0,-1555.877563,-402.379822,199.029236,1.0,0.0,0.0,,,,
10372,0.0,-1555.872437,-402.385773,199.024155,1.0,0.0,0.0,,,,
10373,0.0,-1555.861206,-402.394012,199.023285,1.0,0.0,0.0,,,,
10374,0.0,-1555.854553,-402.3935545,199.024124,1.0,0.0,0.0,,,,
10375,0.0,-1555.840576,-402.390808,199.026138,1.0,0.0,0.0,,,,
10376,0.0,-1555.828491,-402.386139,199.029007,1.0,0.0,0.0,,,,
10377,0.0,-1555.813232,-402.378784,199.03447,1.0,0.0,0.0,,,,
10378,0.0,-1555.798706,-402.371521,199.0392,1.0,0.0,0.0,,,,
10379,0.0,-1555.783447,-402.362457,199.042404,1.0,0.0,0.0,,,,
10380,0.0,-1555.769043,-402.350494,199.045654,1.0,0.0,0.0,,,,
10381,0.0,-1555.762329,-402.339264,199.04747,1.0,0.0,0.0,,,,
10382,0.0,-1555.75354,-402.324554,199.04982,1.0,0.0,0.0,,,,
10383,0.0,-1555.741577,-402.30072,199.049194,1.0,0.0,0.0,,,,
10384,0.0,-1555.735229,-402.288055,199.04863,1.0,0.0,0.0,,,,
10385,0.0,-1555.720581,-402.262024,199.04657,1.0,0.0,0.0,,,,
10386,0.0,-1555.713867,-402.250946,199.045593,1.0,0.0,0.0,,,,
10387,0.0,-1555.703979,-402.231354,199.040802,1.0,0.0,0.0,,,,
10388,0.0,-1555.69519,-402.208984,199.030807,1.0,0.0,0.0,,,,
10389,0.0,-1555.690308,-402.196198,199.026016,1.0,0.0,0.0,,,,
10390,0.0,-1555.680298,-402.168762,199.01767,1.0,0.0,0.0,,,,
10391,0.0,-1555.674683,-402.154297,199.014038,1.0,0.0,0.0,,,,
10392,0.0,-1555.66626,-402.134247,199.013763,1.0,0.0,0.0,,,,
10393,0.0,-1555.654663,-402.109497,199.014328,1.0,0.0,0.0,,,,
10394,0.0,-1555.645142,-402.097443,199.016907,1.0,0.0,0.0,,,,
10395,0.0,-1555.63562,-402.085632,199.019409,1.0,0.0,0.0,,,,
10396,0.0,-1555.621338,-402.067963,199.021225,1.0,0.0,0.0,,,,
10397,0.0,-1555.608276,-402.051239,199.022293,1.0,0.0,0.0,,,,
10398,0.0,-1555.593872,-402.034241,199.024643,1.0,0.0,0.0,,,,
10399,0.0,-1555.574829,-402.012146,199.028854,1.0,0.0,0.0,,,,
10400,0.0,-1555.567871,-402.002686,199.030243,1.0,0.0,0.0,,,,
10401,0.0,-1555.556763,-401.986023,199.03241,1.0,0.0,0.0,,,,
10402,0.0,-1555.543823,-401.964569,199.035004,1.0,0.0,0.0,,,,
10403,0.0,-1555.539185,-401.955658,199.036011,1.0,0.0,0.0,,,,
10404,0.0,-1555.529907,-401.938416,199.037949,1.0,0.0,0.0,,,,
10405,0.0,-1555.521606,-401.921844,199.039948,1.0,0.0,0.0,,,,
10406,0.0,-1555.51416,-401.907471,199.041702,1.0,0.0,0.0,,,,
10407,0.0,-1555.504761,-401.886017,199.040558,1.0,0.0,0.0,,,,
10408,0.0,-1555.499512,-401.874176,199.039734,1.0,0.0,0.0,,,,
10409,0.0,-1555.493042,-401.855927,199.037888,1.0,0.0,0.0,,,,
10410,0.0,-1555.488281,-401.840607,199.036118,1.0,0.0,0.0,,,,
10411,0.0,-1555.481689,-401.824402,199.035019,1.0,0.0,0.0,,,,
10412,0.0,-1555.479004,-401.818176,199.03479,1.0,0.0,0.0,,,,
10413,0.0,-1555.4729,-401.796539,199.033203,1.0,0.0,0.0,,,,
10414,0.0,-1555.4713135,-401.7892455,199.0328825,1.0,0.0,0.0,,,,
10415,0.0,-1555.469727,-401.781952,199.032562,1.0,0.0,0.0,,,,
10416,0.0,-1555.46814,-401.773865,199.032578,1.0,0.0,0.0,,,,
10417,0.0,-1555.461792,-401.753235,199.031891,1.0,0.0,0.0,,,,
10418,0.0,-1555.457397,-401.742676,199.031128,1.0,0.0,0.0,,,,
10419,0.0,-1555.455566,-401.734222,199.030228,1.0,0.0,0.0,,,,
10420,0.0,-1555.453125,-401.724548,199.029175,1.0,0.0,0.0,,,,
10421,0.0,-1555.451782,-401.715332,199.029373,1.0,0.0,0.0,,,,
10422,0.0,-1555.450562,-401.706299,199.02977,1.0,0.0,0.0,,,,
10423,0.0,-1555.447266,-401.696899,199.029327,1.0,0.0,0.0,,,,
10424,0.0,-1555.443481,-401.690002,199.028442,1.0,0.0,0.0,,,,
10425,0.0,-1555.438477,-401.680054,199.028732,1.0,0.0,0.0,,,,
10426,0.0,-1555.43689,-401.676331,199.029419,1.0,0.0,0.0,,,,
10427,0.0,-1555.434082,-401.669861,199.030243,1.0,0.0,0.0,,,,
10428,0.0,-1555.428101,-401.660004,199.025192,1.0,0.0,0.0,,,,
10429,0.0,-1555.425903,-401.65625,199.023239,1.0,0.0,0.0,,,,
11176,0.0,-192.813492,1394.47998,63.895916,-0.1451699581,-0.987131433,0.0670612953,0.0027030976,56.5709456046,769.9123115073,1.0
11177,0.0,-192.87764,1394.578369,63.498631,-0.1451699581,-0.987131433,0.0670612953,0.0026856653,56.7470453711,774.808010473,1.0
11178,0.0,-195.016479,1394.384521,61.402939,-0.1430300888,-0.9876856632,0.0633989309,0.0023698706,53.5574988891,778.3957076386,1.0
11179,0.0,-195.940018,1393.66333,59.34137,-0.1400311109,-0.9884783993,0.0574607874,0.0018897795,48.0251970158,781.5447758037,1.0
11180,0.0,-198.116211,1393.241333,58.500484,-0.1378651075,-0.9891723611,0.0503115504,0.0016054128,44.4602061393,784.9418470442,1.0
11181,0.0,-199.252319,1393.296631,57.899769,-0.1373856372,-0.9893532028,0.0480148602,0.0015577372,43.8856493935,786.5559789343,1.0
11182,0.0,-202.450195,1393.346436,55.590927,-0.1355475097,-0.9899979578,0.0391269239,0.0013787198,41.5341039973,791.2278869519,1.0
11183,0.0,-203.813583,1393.113281,54.37825,-0.1349711955,-0.9902160712,0.0354246904,0.0013573912,41.2863746149,792.6594911891,1.0
11184,0.0,-207.09552,1393.02356,51.75161,-0.1350183837,-0.9905603298,0.023670004,0.0015277434,44.1306928731,798.6683441348,1.0
11185,0.0,-208.949753,1392.831909,49.734123,-0.1331822761,-0.9909702029,0.0155092989,0.0016529328,46.1014126921,802.1418609492,1.0
11186,0.0,-209.671173,1392.679077,48.699707,-0.1324143821,-0.9911222985,0.0119591298,0.0017202311,47.0805032601,803.0074001585,1.0
11187,0.0,-211.20311,1392.138672,45.403988,-0.130698915,-0.9914183406,0.0027326761,0.0020125068,51.1922080318,807.3071588883,1.0
11188,0.0,-212.377487,1391.928711,43.761448,-0.1303985273,-0.9914535337,-0.0040142989,0.0023475887,55.5349339325,810.9522625384,1.0
11189,0.0,-213.029099,1391.944946,43.696377,-0.1303936829,-0.991416701,-0.0095085501,0.0025799982,58.4481514894,814.1911542459,1.0
11190,0.0,-213.300507,1391.840942,44.188206,-0.1310177473,-0.9912738613,-0.0145079942,0.0027772256,60.8887606056,817.5574873593,1.0
11191,0.0,-214.616898,1391.962036,44.816509,-0.1319146574,-0.9910634591,-0.019792504,0.0031178802,64.7329737015,820.3886294074,1.0
11192,0.0,-216.022797,1392.107788,45.373661,-0.1332707084,-0.9908266157,-0.0223949954,0.0033690444,67.6011607595,824.2365877563,1.0
11193,0.0,-216.097504,1392.123779,45.470047,-0.1337852593,-0.9907295735,-0.023588485,0.0034394922,68.4687500081,826.2357820668,1.0
11194,0.0,-215.980148,1392.173096,45.711143,-0.1349357444,-0.9905059269,-0.0262745833,0.0035916528,70.3839695465,831.1930361646,1.0
11195,0.0,-215.945557,1392.21228,45.808601,-0.1358823183,-0.9903395636,-0.027632305,0.0036900577,71.5433844701,833.5639410421,1.0
11196,0.0,-215.915817,1395.380127,49.231632,-0.1371993855,-0.9901292934,-0.0286410722,0.0036233151,71.5044786331,840.7346566954,1.0
11197,0.0,-215.571808,1395.240601,48.935966,-0.1389393296,-0.9898584709,-0.0295984853,0.0037535086,73.104953489,844.5415425025,1.0
11198,0.0,-215.359039,1394.85437,48.594963,-0.1399192806,-0.9897111131,-0.0299083185,0.0038333755,74.1780921194,847.9819042358,1.0
11199,0.0,-215.341644,1394.369751,48.284714,-0.1400260321,-0.9896960201,-0.0299081615,0.0038652223,74.7657998381,851.1788289973,1.0
11200,0.0,-215.378738,1394.075317,47.950974,-0.1400260321,-0.9896960201,-0.0299081615,0.0039180292,75.5637381486,854.4573977794,1.0
11201,0.0,-215.439163,1393.928345,47.658878,-0.1400260321,-0.9896960201,-0.0299081615,0.0040054474,76.6794920148,857.5788008835,1.0
11202,0.0,-215.496841,1393.841309,47.373314,-0.1404308576,-0.9896386546,-0.0299083185,0.0041260253,78.138152097,861.0544923479,1.0
11203,0.0,-215.526642,1393.786011,47.132912,-0.1405004314,-0.9896287843,-0.0299081615,0.0042227165,79.3036996621,863.8561865916,1.0
11204,0.0,-215.300049,1393.521851,47.19775,-0.1405004314,-0.9896287843,-0.0299081615,0.0042969193,80.3190416361,867.345154866,1.0
11205,0.0,-215.173798,1393.361084,47.156345,-0.1405004314,-0.9896287843,-0.0299081615,0.004398505,81.5409262358,870.3344745774,1.0
11206,0.0,-215.064941,1393.171387,47.132969,-0.1405020892,-0.9896413301,-0.0294822098,0.0044774233,82.5328695994,873.1413286593,1.0
11207,0.0,-214.915695,1392.666626,47.141811,-0.1405024305,-0.9896428654,-0.0294290004,0.0047136183,85.156107613,878.0838252438,1.0
11208,0.0,-214.824936,1392.377441,47.138901,-0.1405024305,-0.9896428654,-0.0294290004,0.0048295135,86.3962121552,880.142526863,1.0
11209,0.0,-214.736832,1392.072632,47.127655,-0.1405024305,-0.9896428654,-0.0294290004,0.0050262675,88.4293489382,883.0901424364,1.0
11210,0.0,-214.633484,1391.719727,47.106468,-0.1405024305,-0.9896428654,-0.0294290004,0.0052267116,90.4757145569,886.0760130873,1.0
11211,0.0,-214.546722,1391.397461,47.076164,-0.1405024305,-0.9896428654,-0.0294290004,0.0053954707,92.1686396488,888.4645551879,1.0
11212,0.0,-214.489395,1391.095703,47.000721,-0.1405024305,-0.9896428654,-0.0294290004,0.0055852683,94.0162560667,890.7856153472,1.0
11213,0.0,-214.43454,1390.780518,46.905266,-0.1405024305,-0.9896428654,-0.0294290004,0.0057776506,95.8586758683,893.0360647262,1.0
11214,0.0,-214.889679,1390.526611,47.351948,-0.1405024305,-0.9896428654,-0.0294290004,0.0059764068,97.7163892973,895.1219101208,1.0
11215,0.0,-214.818619,1390.234497,47.470692,-0.1405024305,-0.9896428654,-0.0294290004,0.006176592,99.6527716657,897.9901641532,1.0
11216,0.0,-214.770691,1389.876465,47.440029,-0.1405024305,-0.9896428654,-0.0294290004,0.0064121313,101.8845480994,901.1341116859,1.0
11217,0.0,-214.736176,1389.380249,47.355244,-0.1405024305,-0.9896428654,-0.0294290004,0.0066705106,104.2949069988,904.469685339,1.0
11218,0.0,-214.694687,1388.991699,47.242195,-0.1405024305,-0.9896428654,-0.0294290004,0.0069062554,106.4809074813,907.583441759,1.0
11219,0.0,-214.664154,1388.59314,47.15633,-0.1396671824,-0.9897859175,-0.0285817379,0.0069984922,107.5455059951,910.6179633084,1.0
11220,0.0,-214.646545,1388.415527,47.08271,-0.1379887597,-0.9900788942,-0.0265119876,0.0067844847,105.9857314792,911.4059073718,1.0
11221,0.0,-214.562653,1387.852905,46.964859,-0.1312882799,-0.9911595377,-0.0191352677,,,,
11222,0.0,-214.462173,1387.38501,46.868843,-0.1228569252,-0.9923254852,-0.014010975,,,,
11223,0.0,-214.340164,1386.745728,46.769432,-0.1090700118,-0.9940044051,-0.0076795303,,,,
11466,0.0,-209.185425,664.616821,51.988934,0.0670735297,-0.982444856,0.1740782771,,,,
11467,0.0,-209.010437,664.571899,54.110161,0.0670735297,-0.982444856,0.1740782771,,,,
11468,0.0,-208.762802,662.412537,56.729736,0.0799296872,-0.9808757523,0.1774654997,,,,
11469,0.0,-208.359039,659.372498,60.295792,0.1019976031,-0.9780992003,0.1814344051,,,,
11470,0.0,-207.96286,656.729919,64.095467,0.1253199152,-0.9747379793,0.1848804765,,,,
11471,0.0,-207.165085,652.616028,70.435883,0.1701091474,-0.9674561432,0.1873272245,,,,
11472,0.0,-206.619324,649.385681,75.822403,0.1979470109,-0.9619573224,0.1882952221,,,,
11473,0.0,-206.039154,646.381348,81.377113,0.2258508998,-0.9557869305,0.1883154657,,,,
11474,0.0,-205.470123,643.409729,87.281662,0.2537161892,-0.9487704607,0.1883154485,,,,
11475,0.0,-204.987137,640.686584,92.955879,0.2804620142,-0.9410525567,0.1891061716,,,,
11476,0.0,-204.540359,637.792603,99.217178,0.3102173403,-0.9316367289,0.1892569871,0.1388830918,306.8259479755,603.5045785379,1.0
11477,0.0,-204.094986,634.791748,105.928131,0.3394521618,-0.9209300047,0.1914684213,0.1290934968,297.5569638256,605.4689745463,1.0
11478,0.0,-203.674042,631.769165,109.968987,0.3679365794,-0.9094885829,0.1935282694,0.1190273588,287.2650349564,607.1110401417,1.0
11479,0.0,-203.285828,628.707764,112.369209,0.3952752945,-0.8975438224,0.195377912,0.1095164879,276.8053112295,608.3425838332,1.0
11480,0.0,-202.852737,625.298889,114.882919,0.4266022203,-0.8828037153,0.1966421771,0.0990673671,264.599765503,609.7345173816,1.0
11481,0.0,-202.54129,622.074036,116.945488,0.4357041516,-0.8773793624,0.200916268,0.0981940238,264.3426822648,611.7044782988,1.0
11482,0.0,-202.25351,618.610352,118.972038,0.4363600369,-0.876923951,0.2014802777,0.0995942949,267.1324438213,614.0252687272,1.0
11483,0.0,-202.045166,615.686951,120.447922,0.4363600369,-0.876923951,0.2014802777,0.1009101957,269.5034762046,615.6361251097,1.0
11484,0.0,-201.828506,612.590576,121.890068,0.4371251159,-0.8765428288,0.2014802777,0.1023921067,271.9289291935,616.9059146673,1.0
11485,0.0,-201.653275,609.371033,123.124298,0.437200582,-0.8765051904,0.2014802777,0.1042943093,275.3468047943,619.2475231191,1.0
11486,0.0,-201.547958,606.123657,122.531021,0.437200582,-0.8765051904,0.2014802777,0.1056372811,277.7979002623,620.9959706133,1.0
11487,0.0,-201.526932,602.935608,122.408592,0.437200582,-0.8765051904,0.2014802777,0.1070270813,280.1251443584,622.3476468397,1.0
11488,0.0,-201.574677,599.509216,121.984962,0.437200582,-0.8765051904,0.2014802777,0.1085623975,282.7958169774,624.0756804113,1.0
11489,0.0,-201.626129,596.208618,121.356255,0.4385223119,-0.8754842071,0.2030408456,0.1096015473,284.9483176089,626.0097220986,1.0
11490,0.0,-201.674911,592.678772,120.648689,0.44209497,-0.873056702,0.2057280548,0.109744686,285.8521718908,627.609505275,1.0
11491,0.0,-201.711548,589.331848,119.873123,0.4451780172,-0.870846585,0.2084292645,0.1098540919,286.2929781426,628.2824259095,1.0
11492,0.0,-201.733917,585.968079,118.94368,0.4487951146,-0.8683280604,0.2111618448,0.1097472557,287.0901044433,630.3205261348,1.0
11493,0.0,-201.740707,582.628845,117.822128,0.4519527969,-0.8660160938,0.2139037043,0.109521313,287.4819852185,631.7938899297,1.0
11494,0.0,-201.730011,579.340149,116.470901,0.4549753746,-0.8639195763,0.2159638261,0.1091114193,287.2214020236,632.3371911251,1.0
11495,0.0,-201.71521,576.296143,114.952423,0.4563054819,-0.8629375604,0.2170808007,0.1088053728,287.5208156211,633.8346956273,1.0
11496,0.0,-201.661636,572.83667,112.842606,0.4594687427,-0.8611726144,0.2174171171,0.1072748187,286.3222266376,635.4222060526,1.0
11497,0.0,-201.564056,569.245605,110.169136,0.4656482676,-0.8584247914,0.2151245418,0.1040395764,282.6035062677,636.3024924823,1.0
11498,0.0,-201.513168,566.024902,107.34153,0.46592796,-0.8580189487,0.2161356514,0.1039498193,282.6352363835,636.633549931,1.0
11499,0.0,-201.473862,562.783203,105.444031,0.4657395958,-0.8580340994,0.2164812074,0.1044611272,283.8356424994,637.856858102,1.0
11500,0.0,-201.431458,559.314636,103.19709,0.4657395958,-0.8580340994,0.2164812074,0.1052377154,285.0910755642,638.4406793623,1.0
11501,0.0,-201.830505,554.169861,99.518272,0.4657395958,-0.8580340994,0.2164812074,0.1061539503,286.4931121891,638.9601435729,1.0
11502,0.0,-201.669159,548.019958,96.48526,0.4657395958,-0.8580340994,0.2164812074,0.1081906577,288.3548821665,637.3731222201,1.0
11503,0.0,-201.192673,545.215271,94.358002,0.4657395958,-0.8580340994,0.2164812074,0.1093411814,289.2929327586,636.2669438263,1.0
11504,0.0,-201.113464,544.401062,91.101158,0.4657395958,-0.8580340994,0.2164812074,0.1090881764,289.0463883677,636.4188986348,1.0
11505,0.0,-201.124695,543.705688,89.133888,0.4657395958,-0.8580340994,0.2164812074,0.1090065666,289.038898686,636.6268525476,1.0
11506,0.0,-201.018066,542.880188,88.696709,0.4657395958,-0.8580340994,0.2164812074,0.1098107846,290.0757767112,636.7021641882,1.0
11507,0.0,-200.954407,542.236023,88.561974,0.4657395958,-0.8580340994,0.2164812074,0.1088829377,289.5675391823,638.132338718,1.0
11508,0.0,-200.812012,541.577698,89.023285,0.4675355963,-0.8588356035,0.2093128577,0.106043496,286.3079600147,638.8610393048,1.0
11509,0.0,-200.6831515,541.3704835,89.05101,0.477727871,-0.8544029128,0.2040100306,0.1002921189,279.0597862428,639.635936861,1.0
11510,0.0,-200.049805,541.169006,89.106514,0.5323969326,-0.8245765278,0.1913819635,0.07562271,244.7885014289,641.6818917909,1.0
11511,0.0,-199.814865,541.213257,89.151176,0.5525725565,-0.8112516859,0.1911394044,0.0682749466,233.2519605367,642.2763962812,1.0
11512,0.0,-199.182785,541.488892,89.270981,0.60767989,-0.7712793454,0.1893497364,0.0505249222,202.1593252626,644.1427287118,1.0
11513,0.0,-198.738327,541.754395,89.381447,0.6458588626,-0.7406507898,0.1852099812,0.0400251196,180.8441858187,645.6735242436,1.0
11514,0.0,-198.422516,541.892822,89.536339,0.6693642066,-0.720074696,0.1828769833,0.0345497495,168.6632414221,647.2424053908,1.0
11515,0.0,-198.509979,542.149963,90.708344,0.6773511253,-0.7126458837,0.1825686107,0.0329426023,165.2787263536,649.2762087113,1.0
11516,0.0,-199.050797,542.735291,92.015434,0.6782245503,-0.7118147006,0.1825685936,0.0326472178,165.2218870845,651.9336050029,1.0
11517,0.0,-199.016571,542.699402,92.555473,0.6782245503,-0.7118147006,0.1825685936,0.032559488,165.3712891586,653.3870511668,1.0
11518,0.0,-198.95787,542.637817,93.597633,0.6782245503,-0.7118147006,0.1825685936,0.0328553168,166.4172503404,654.6020496875,1.0
11519,0.0,-198.940628,542.61969,94.197464,0.6782245503,-0.7118147006,0.1825685936,0.032903931,166.6960869273,655.2223865538,1.0
11520,0.0,-198.849716,542.524231,96.320045,0.6782245503,-0.7118147006,0.1825685936,0.0332147967,167.9500179228,657.1065393288,1.0
11521,0.0,-198.801392,542.473572,97.936325,0.6782245503,-0.7118147006,0.1825685936,0.0337355149,169.5661102952,658.376648553,1.0
11522,0.0,-198.721207,542.389343,99.313736,0.6782245503,-0.7118147006,0.1825685936,0.0341324394,170.8014259782,659.3723026696,1.0
11523,0.0,-198.56955,542.352844,100.80101,0.6782245503,-0.7118147006,0.1825685936,0.0345769239,172.2932826778,660.9173354021,1.0
11524,0.0,-198.223938,542.508484,102.208633,0.6782245503,-0.7118147006,0.1825685936,0.0349556893,173.6254958526,662.4733158844,1.0
11525,0.0,-197.865021,542.649963,103.687668,0.6782245503,-0.7118147006,0.1825685936,0.0353484568,175.0523451946,664.2628082048,1.0
11526,0.0,-197.745255,542.709351,104.310112,0.6782245503,-0.7118147006,0.1825685936,0.0355440389,175.7740422336,665.1968799795,1.0
11527,0.0,-197.228027,542.822571,105.117058,0.6787221324,-0.7113402671,0.1825685936,0.0355889767,176.5065535844,667.5547696786,1.0
11528,0.0,-196.719238,542.608337,105.35984,0.6817382,-0.7082762554,0.1832423878,0.035312097,176.2072419274,668.9832026239,1.0
11529,0.0,-195.972641,542.210999,105.755424,0.6849114733,-0.704943578,0.184257498,0.0351894804,176.2140088963,670.1525386169,1.0
11530,0.0,-195.1604,541.613647,106.048805,0.6871672397,-0.7024767764,0.185276991,0.0351531214,176.6019932164,671.96909298,1.0
11531,0.0,-194.270401,540.839478,106.268227,0.6885755084,-0.70082748,0.1862917405,0.0353892328,177.613392849,673.5996871312,1.0
11532,0.0,-193.918335,540.500549,106.313721,0.6893110354,-0.6999923325,0.1867110892,0.0354794291,177.9769018727,674.1352562387,1.0
11533,0.0,-192.639603,539.206482,106.569664,0.6912832373,-0.6977053924,0.1879751878,0.035776009,179.0118045491,675.2898455789,1.0
11534,0.0,-191.386032,537.839294,106.559456,0.6930939938,-0.6954123423,0.1897956533,0.0359150201,179.7427566525,676.7576973585,1.0
11535,0.0,-189.37236,535.628601,106.508499,0.6969621942,-0.6910655377,0.191499667,0.0362030999,180.6947061574,677.6793699627,1.0
11536,0.0,-188.390968,534.628845,106.5611345,0.6981908712,-0.6897410688,0.1917900342,0.0363640966,181.0870898254,677.6753918518,1.0
11537,0.0,-187.409576,533.629089,106.61377,0.6994195483,-0.6884165998,0.1920804013,0.0365250933,181.4794734934,677.6714137409,1.0
11538,0.0,-185.766022,532.062866,106.625809,0.7005885415,-0.6868500823,0.1934235249,0.0370340266,182.5815148755,677.1734982044,1.0
11539,0.0,-183.9944,530.440186,106.689209,0.7014135563,-0.6858555567,0.1939617962,0.0373383625,183.3018070714,677.1211759131,1.0
11540,0.0,-182.292618,528.929382,106.724022,0.7026018144,-0.6846382392,0.193961779,0.0372269302,183.0276105043,677.1002154079,1.0
11541,0.0,-180.285583,527.171509,106.683243,0.7034650835,-0.6837511959,0.1939617962,0.0374491088,183.3234734309,676.2182229772,1.0
11542,0.0,-178.476349,525.511292,106.560944,0.7035163821,-0.6836984095,0.1939618133,0.038121781,184.5516835925,674.8315792342,1.0
11543,0.0,-175.591827,523.129089,106.368301,0.7035163821,-0.6836984095,0.1939618133,0.0391112499,186.341301947,672.8709833141,1.0
11544,0.0,-173.300842,521.02301,106.392151,0.7035163821,-0.6836984095,0.1939618133,0.0399260636,187.808883354,671.354117231,1.0
11545,0.0,-171.427368,519.170227,106.236931,0.7035163821,-0.6836984095,0.1939618133,0.0403480736,188.3962764763,669.9948174639,1.0
11546,0.0,-170.4579085,518.189392,106.060463,0.7035163821,-0.6836984095,0.1939618133,0.0402851306,188.0888324392,669.4128240939,1.0
11547,0.0,-169.488449,517.208557,105.883995,0.7035163821,-0.6836984095,0.1939618133,0.0402221875,187.781388402,668.8308307239,1.0
11548,0.0,-166.913788,514.516296,104.969955,0.7035163821,-0.6836984095,0.1939618133,0.0402263658,187.1371759322,666.5023986776,1.0
11549,0.0,-165.285065,512.341187,104.091949,0.7035163821,-0.6836984095,0.1939618133,0.0400865922,186.2790759318,664.5781579572,1.0
11550,0.0,-163.920044,510.49115,102.93663,0.7035163821,-0.6836984095,0.1939618133,0.0396725037,184.9750671032,663.2909524356,1.0
11551,0.0,-161.977997,508.656128,101.440628,0.7035163821,-0.6836984095,0.1939618133,0.0390896639,183.2422143522,661.8593301239,1.0
11552,0.0,-161.161728,507.895081,100.755569,0.7042609521,-0.6829314214,0.1939618133,0.0387522587,182.3477130376,661.4325788059,1.0
11553,0.0,-158.854462,505.858063,98.615479,0.7083025064,-0.6783843428,0.1951979584,0.0381103534,180.2922950863,659.3536153322,1.0
11554,0.0,-156.827621,504.007599,96.455193,0.7126884723,-0.6735880382,0.1958425292,0.0372674135,177.8766576081,657.6938297822,1.0
11555,0.0,-155.954285,503.223236,95.479073,0.715354385,-0.6707561562,0.195842495,0.0368346008,176.6515581244,656.9178200591,1.0
11556,0.0,-153.031509,500.701385,91.868698,0.724864488,-0.6604673934,0.1958425292,0.0352454889,172.2747951599,654.6600285112,1.0
11557,0.0,-151.050171,498.884583,89.114761,0.7311105477,-0.6535465484,0.1958424779,0.0341595524,169.2291069839,653.0476086133,1.0
11558,0.0,-149.187775,497.230988,86.351486,0.7373342112,-0.646516799,0.1958425121,0.0332901464,166.6983628958,651.4833721704,1.0
11559,0.0,-147.052902,495.309143,82.932289,0.7425679099,-0.6404987299,0.1958424779,0.0321350181,163.3813858359,649.7041672808,1.0
11560,0.0,-145.200851,493.606964,79.732315,0.7462186224,-0.6362416768,0.1958425292,0.0310992324,160.4421631192,648.3832089941,1.0
11561,0.0,-144.362457,492.835052,78.225388,0.7476667328,-0.6346599319,0.1954513431,0.0305777891,158.9352240568,647.6609344884,1.0
11562,0.0,-141.852325,490.540558,73.463257,0.7523719227,-0.6294647195,0.1941923192,0.0288405157,154.0011596171,645.894517983,1.0
11563,0.0,-139.180695,487.593353,68.511795,0.7571672345,-0.6237600506,0.1939617962,0.0275030788,149.7862608264,643.0920722092,1.0
11564,0.0,-136.329803,485.114319,63.163235,0.7607857859,-0.6195951351,0.1931498294,0.0259471508,144.9156986091,640.3113631638,1.0
11565,0.0,-134.106064,483.007812,61.346779,0.7633514901,-0.6167219388,0.1922200635,0.0255189895,143.3491240349,638.6116344315,1.0
11566,0.0,-131.820541,480.9888,61.319382,0.7642469333,-0.6156555404,0.1920804013,0.0257270558,143.536322973,636.8881599182,1.0
11567,0.0,-129.68103,479.077911,61.771358,0.7643143227,-0.6155718768,0.1920804013,0.0260196173,143.9623729731,635.2243367085,1.0
11568,0.0,-127.744659,477.35965,62.747795,0.7643143227,-0.6155718768,0.1920804013,0.026426518,144.7506225828,633.8314985456,1.0
11569,0.0,-125.73156,475.417877,63.660934,0.7643143227,-0.6155718768,0.1920804013,0.0269856651,145.9536595057,632.5331701028,1.0
11570,0.0,-125.126106,474.76712,64.188751,0.7643143227,-0.6155718768,0.1920804013,0.0272032834,146.4354880718,632.1126878071,1.0
11571,0.0,-122.490135,472.183777,64.17321,0.7647146559,-0.6150744788,0.1920804013,0.0274346138,146.5419767116,629.9367071952,1.0
11572,0.0,-120.437263,470.262939,64.280205,0.7650026214,-0.6149180546,0.1914334752,0.0274328981,146.1882889799,628.4356953928,1.0
11573,0.0,-118.438103,468.524872,64.160126,0.7650473194,-0.6149539174,0.1911394215,0.0274367651,145.8873917435,627.0986126306,1.0
11574,0.0,-116.214996,466.62616,63.89645,0.7650473194,-0.6149539174,0.1911394215,0.0274271874,145.4379817915,625.2744471965,1.0
11575,0.0,-113.981255,464.769226,63.51799,0.7651301652,-0.6150205757,0.1905925543,0.0272718241,144.5766844672,623.3149508435,1.0
11576,0.0,-110.666542,462.02356,63.00703,0.7653292026,-0.6151808282,0.1892716571,0.0269355099,143.1287092554,620.8597616494,1.0
11577,0.0,-108.414902,460.067749,62.714382,0.7637842966,-0.6173754856,0.1883641631,0.0264719422,141.5799977521,619.423025616,1.0
11578,0.0,-106.015175,458.004395,62.395664,0.7622494739,-0.6198677212,0.186386018,0.0257241018,139.15056579,617.4630085612,1.0
11579,0.0,-103.737144,456.092926,62.238735,0.7606569347,-0.6221012852,0.1854481563,0.025290954,137.6289743041,615.8510834123,1.0
11580,0.0,-101.240417,454.029694,62.014763,0.758483242,-0.6253116603,0.1835442701,0.0246154645,135.3589013379,613.8425344156,1.0
11581,0.0,-98.915726,452.083374,61.817684,0.757014114,-0.6276120163,0.1817492453,0.0239813808,133.2038796887,611.9053711609,1.0
11582,0.0,-95.19606,448.756805,61.691448,0.7526542737,-0.6336458105,0.1788981029,0.0227098926,128.9145783517,608.3581011054,1.0
11583,0.0,-92.206421,446.440704,61.631084,0.7478542043,-0.6401029843,0.1760177792,0.0216502157,125.3402221235,605.6305950614,1.0
11584,0.0,-89.615875,444.625946,61.503975,0.7434287169,-0.6455082729,0.1750223201,0.0210845362,123.183170387,603.0533443678,1.0
11585,0.0,-87.083374,443.036804,61.564915,0.738949186,-0.6509467638,0.1738459409,0.0205890133,121.3852299486,601.2846130586,1.0
11586,0.0,-84.382034,441.502747,61.604076,0.7344733356,-0.6564995346,0.1719223089,0.0199996078,119.3168465703,599.5955332364,1.0
11587,0.0,-81.725098,440.191528,61.679737,0.7307981632,-0.6610637037,0.1700847563,0.0195036543,117.4739487551,597.7182954442,1.0
11588,0.0,-78.832695,438.9263,61.762325,0.7274184281,-0.6651241082,0.1687375214,0.0191611465,116.0879835366,595.8705870098,1.0
11589,0.0,-75.88784,437.829895,61.838184,0.7234323308,-0.6696986678,0.1677777017,0.0189343053,115.0416503552,593.9925213227,1.0
11590,0.0,-73.097382,436.885529,61.921818,0.7185441743,-0.6753065673,0.1662988566,0.0185843847,113.6741826618,592.3794117998,1.0
11591,0.0,-69.830345,435.778656,61.783005,0.7128012339,-0.6820473138,0.1634804657,0.0178834387,111.1593198109,590.4128086895,1.0
11592,0.0,-67.153091,435.25827,62.217712,0.7062101372,-0.6893669704,0.1613704502,0.0175455771,109.9259433392,589.4062910095,1.0
11593,0.0,-63.873558,434.545868,62.317036,0.6992809584,-0.6968018856,0.1596034879,0.0172697265,108.7431360847,587.6615890171,1.0
11594,0.0,-60.5126,433.850983,62.392044,0.6931516576,-0.7033066399,0.1577990805,0.0169575726,107.4175431496,585.7703284108,1.0
11595,0.0,-57.484043,433.328857,62.479164,0.686956374,-0.7097964394,0.1558202646,0.0163990292,105.3866673213,584.3182423576,1.0
11596,0.0,-54.223438,432.833801,62.589111,0.6812645848,-0.7155416915,0.1545271924,0.0161704119,104.4487813869,583.1639312104,1.0
11597,0.0,-51.02021,432.31192,62.533985,0.6745722177,-0.7223286222,0.1522947298,0.0154948847,102.0769269496,582.1130043875,1.0
11598,0.0,-47.892353,431.807098,62.415886,0.6673348139,-0.7294668596,0.1501410897,0.0147176382,99.2578940333,580.677305105,1.0
11599,0.0,-44.820942,431.360016,62.246494,0.6605472813,-0.7358687848,0.1489107809,0.0141513059,96.8590718298,577.7885964866,1.0
11600,0.0,-41.276264,430.885529,62.01461,0.6524822917,-0.7433662613,0.1472190905,0.0135482041,94.0137008903,573.0747424926,1.0
11601,0.0,-37.678669,430.439148,61.746853,0.6456836705,-0.7495391651,0.1458891279,0.0130817743,91.7127337946,568.8612039612,1.0
11602,0.0,-34.021748,430.012512,61.429634,0.639405031,-0.7551042517,0.1448405171,0.0126100678,89.6495180758,566.3014929988,1.0
11603,0.0,-30.399826,429.590698,61.089966,0.6345861256,-0.7593555929,0.1438037994,0.01229528,88.1355076093,563.7749350457,1.0
11604,0.0,-28.763391,429.387238,60.938637,0.6317471032,-0.7618947095,0.1428707429,0.0121960878,87.5840722794,562.5072093493,1.0
11605,0.0,-24.794371,428.908386,60.384159,0.6246921946,-0.7679947951,0.1412220124,0.0120099314,86.4381859644,559.4074874709,1.0
11606,0.0,-21.534801,428.466553,60.152023,0.6186001502,-0.7729611477,0.140942961,0.0120740749,86.2681882353,556.8313086604,1.0
11607,0.0,-18.36165,428.085388,59.99144,0.6108888507,-0.779332781,0.1394820011,0.0120967353,85.9695912093,554.387141625,1.0
11608,0.0,-15.06012,427.658569,59.874695,0.6040736063,-0.7848452539,0.1382497939,0.0121380462,85.6966628857,551.6916447009,1.0
11609,0.0,-12.014214,427.230988,59.889275,0.5963196004,-0.7910541629,0.1365146347,0.0123142378,85.9073888568,549.1018254561,1.0
11610,0.0,-9.196967,426.799103,60.020962,0.5892759367,-0.7964914865,0.1354812992,0.0126623963,86.7299603702,546.7331054247,1.0
11611,0.0,-6.196564,426.283539,60.204388,0.5817484032,-0.8021646462,0.1345387519,0.0131512647,87.9317749039,543.9759231163,1.0
11612,0.0,-2.997053,425.680664,60.465527,0.5734723411,-0.808271226,0.1335181602,0.013740764,89.2674470351,540.343223462,1.0
11613,0.0,-0.061287,425.133301,60.708855,0.5652999504,-0.814159865,0.1325883866,0.014398747,90.7201938577,536.531964599,1.0
11614,0.0,2.707168,424.607452,61.002766,0.5580540783,-0.8193936954,0.1310328875,0.0149471476,91.7442084472,532.615080734,1.0
11615,0.0,5.687054,424.045471,61.281124,0.5504226095,-0.824729312,0.1298326342,0.0156018034,92.9399886802,528.2029254538,1.0
11616,0.0,9.655973,423.358154,61.53347,0.5411788739,-0.8310123835,0.1286228788,0.0164088079,94.2496543299,522.4144310477,1.0
11617,0.0,12.545791,422.84726,61.547535,0.5353567847,-0.8349088529,0.1277510092,0.0169004754,94.7576023118,517.5977115501,1.0
11618,0.0,15.321444,422.363647,61.510677,0.5297299731,-0.8386181097,0.1269087141,0.0173701439,95.1722501184,512.846986699,1.0
11619,0.0,18.133568,421.859955,61.481449,0.5244994617,-0.8419320673,0.1266913913,0.0178512564,95.5801819934,508.1188873991,1.0
11620,0.0,22.088848,421.146576,61.369106,0.5167363938,-0.8468490051,0.1258183689,0.0185384362,96.066554343,501.2366735986,1.0
11621,0.0,24.970957,420.595947,61.294647,0.5100683934,-0.8510105356,0.1249451972,0.0191916377,96.8006888034,496.4793608548,1.0
11622,0.0,30.790379,419.446747,60.625759,0.4972707515,-0.8585740914,0.1247891391,0.0204767999,98.0156938842,486.8377844212,1.0
11623,0.0,34.505299,418.669189,60.168728,0.4891924854,-0.8632023973,0.1247891565,0.0212791774,98.6146800475,480.5868577209,1.0
11624,0.0,37.739704,417.958008,59.779636,0.4815534169,-0.8674871627,0.1247891391,0.0220845515,99.2961957406,475.0993727164,1.0
11625,0.0,40.766636,417.2677,59.489048,0.4749747956,-0.8711065434,0.1247891565,0.0227225809,99.5970482326,469.8766186394,1.0
11626,0.0,43.995037,416.503571,59.213795,0.4672109141,-0.8752951663,0.1247891565,0.0235644673,100.1615235708,464.1205329303,1.0
11627,0.0,47.041245,415.765472,58.887466,0.4612985814,-0.878425458,0.1247891565,0.0240255181,99.9261671397,458.6191477726,1.0
11628,0.0,50.10479,415.074066,58.733501,0.4546285606,-0.8818959931,0.1247891391,0.0246841185,100.0051652875,452.8927230021,1.0
11629,0.0,53.144203,414.393066,58.729614,0.447877776,-0.8853435289,0.1247891565,0.0254266128,100.1202846802,446.828824224,1.0
11630,0.0,56.188644,413.694458,58.658066,0.4425667631,-0.8880103214,0.1247891391,0.0258850036,99.6346565868,440.7578844097,1.0
11631,0.0,59.297722,412.916992,58.640865,0.436614867,-0.8909518105,0.1247891391,0.0265018891,99.4784857322,434.9831083973,1.0
11632,0.0,62.413441,412.089905,58.74482,0.4314124621,-0.893603117,0.1239223825,0.0269188271,98.70895908,428.3078453975,1.0
11633,0.0,65.615776,411.147186,59.092686,0.4285835987,-0.8949750222,0.1238378319,0.0269344594,97.2484182431,421.849616913,1.0
11634,0.0,68.775337,410.206177,59.496513,0.4260495775,-0.8963053735,0.1229570456,0.026783586,95.5324389606,415.5556043193,1.0
11635,0.0,71.847061,409.269989,59.860813,0.4235368064,-0.8975051528,0.1228864281,0.0266519822,93.9087126691,409.4862164607,1.0
11636,0.0,74.960426,408.2836,60.355114,0.4210309363,-0.8987986383,0.1220408066,0.0265752709,92.3402308602,403.2197750379,1.0
11637,0.0,78.06469,407.310669,60.779457,0.4185152933,-0.9001001781,0.1210975582,0.0263901908,90.6087447314,397.0253173451,1.0
11638,0.0,81.576462,406.382172,61.099079,0.4158510937,-0.9014675738,0.1201002964,0.0259459667,88.465419329,390.8940811114,1.0
11639,0.0,84.860641,405.576172,61.433262,0.4118017381,-0.9033336979,0.1200314907,0.0259068865,86.9268130498,384.3813697274,1.0
11640,0.0,88.236374,404.67514,61.542686,0.4090199844,-0.9045966469,0.1200314907,0.0254833485,84.7690946327,377.9017453257,1.0
11641,0.0,91.449654,403.746704,61.508465,0.4049207139,-0.9064389978,0.1200314907,0.025103502,82.7450238022,371.6229782796,1.0
11642,0.0,94.759827,402.837769,61.436386,0.4006409248,-0.9084481779,0.1192004927,0.0246229144,80.5462506499,365.216672905,1.0
11643,0.0,98.489395,401.793579,61.320408,0.3966749785,-0.9103259157,0.1181341971,0.0236610435,77.5052322324,358.4126748589,1.0
11644,0.0,100.743439,401.12616,61.280937,0.3926680208,-0.9120623205,0.1181276806,0.023333526,75.797398134,352.9371826857,1.0
11645,0.0,104.74929,400.031281,60.921535,0.3877498869,-0.9141640314,0.1181276806,0.0224905926,73.079143825,346.5243217004,1.0
11646,0.0,108.1418,399.012634,60.638935,0.3818986789,-0.9166238324,0.1181276806,0.0221101423,71.0902975218,339.9487987335,1.0
11647,0.0,111.920509,397.870758,60.365669,0.3755240687,-0.9192537892,0.1181276633,0.0215355046,68.6013843248,332.3465869976,1.0
11648,0.0,114.631516,396.989868,60.248856,0.370296067,-0.9213721713,0.1181276633,0.0211646901,66.9218390944,327.0070269519,1.0
11649,0.0,117.871773,395.90625,60.179813,0.3638504946,-0.9239365068,0.1181276806,0.0208081058,65.0913844783,320.7475026586,1.0
11650,0.0,120.935844,394.814514,60.095787,0.3584905439,-0.9260293651,0.1181276633,0.0203730991,63.2796837523,315.0968618167,1.0
11651,0.0,124.185043,393.617126,60.031517,0.350322242,-0.929150245,0.1181276806,0.0201734607,61.5409369731,307.9359051344,1.0
11652,0.0,127.243828,392.411194,60.072929,0.3403677614,-0.9328427724,0.1181276806,0.0204308362,60.6556948173,301.6082180898,1.0
11653,0.0,130.154739,391.20108,60.254379,0.3323010393,-0.9357466913,0.1181276806,0.0205762617,59.6558056153,295.5970462571,1.0
11654,0.0,133.073669,389.935486,60.596382,0.3222741753,-0.9392471512,0.1181276633,0.0208479848,58.7595272565,289.2721846418,1.0
11655,0.0,135.936523,388.646637,60.886696,0.3149971276,-0.9417126211,0.1181276806,0.0207061513,57.4056310571,283.5630680555,1.0
11656,0.0,138.794525,387.337738,61.129498,0.307800665,-0.9440892975,0.1181276806,0.0202498451,55.4444424945,276.9121269201,1.0
11657,0.0,141.630081,386.029785,61.534431,0.3013900031,-0.9462701464,0.1172044198,0.0195907935,53.3203035834,270.7005463071,1.0
11658,0.0,144.472641,384.739288,61.858742,0.2977771531,-0.9475282883,0.1162708473,0.01837513,50.4915975414,264.6020346922,1.0
11659,0.0,146.996094,383.613983,62.096901,0.2939316708,-0.948734048,0.1162234016,0.0174204117,48.1830677741,259.2686011834,1.0
11660,0.0,150.247192,382.073059,62.229259,0.2889267848,-0.95027019,0.1162234016,0.0160935765,45.095778776,252.3765589218,1.0
11661,0.0,153.450623,380.486816,62.197735,0.2821840046,-0.9525245379,0.1143205678,0.0147850884,42.0700957715,245.5600838831,1.0
11662,0.0,158.978027,377.60788,62.009106,0.2718223461,-0.955636266,0.1134545694,0.0119774129,36.0464563754,233.5986935325,1.0
11663,0.0,160.440567,376.8038635,61.8965895,0.2684555073,-0.9566403366,0.1129526949,0.0111041161,34.232168393,230.4045085514,1.0
11664,0.0,161.903107,375.999847,61.784073,0.2650886685,-0.9576444073,0.1124508204,0.0102308192,32.4178804105,227.2103235702,1.0
11665,0.0,164.638,374.499756,61.506252,0.2585812875,-0.9594263408,0.1124135858,0.0088720089,29.4639695422,221.6821295184,1.0
11666,0.0,167.355392,373.012634,61.196655,0.253995862,-0.9607574581,0.1114953305,0.0070165249,25.4781650043,215.4543469224,1.0
11721,0.0,339.579315,295.108917,62.9174,0.3362034414,-0.9308940197,0.1428410656,,,,
11722,0.0,339.911804,295.178375,62.770664,0.3362034414,-0.9308940197,0.1428410656,,,,
11723,0.0,342.154175,294.401733,62.705276,0.3496175535,-0.9255652756,0.1452462977,,,,
11724,0.0,345.682617,293.062256,62.680477,0.3645284502,-0.9192594618,0.1485969412,,,,
11725,0.0,348.850555,291.796295,62.766819,0.3700894641,-0.9166792896,0.1507742304,,,,
11726,0.0,351.689606,290.646851,62.527382,0.3714486649,-0.9159771903,0.1516959992,,,,
11727,0.0,354.95462,289.222717,62.734959,0.3718356077,-0.9157462605,0.1521416023,,,,
11728,0.0,358.308807,287.74353,62.996101,0.3719935665,-0.9156518761,0.1523234332,,,,
11729,0.0,361.220673,286.432007,63.24094,0.3719935665,-0.9156518761,0.1523234332,,,,
11730,0.0,364.4263,284.985962,63.403629,0.3695142938,-0.9167678171,0.1516441761,,,,
11731,0.0,367.314972,283.670197,63.546913,0.3661711053,-0.9182588135,0.1507298018,,,,
11732,0.0,370.020294,282.416779,63.681118,0.3603786394,-0.9207816194,0.1492931535,,,,
11733,0.0,373.574249,280.726532,63.796814,0.3419120939,-0.9279921613,0.1480765633,,,,
11734,0.0,376.777039,279.171295,63.834332,0.3262324902,-0.9336930638,0.1476130922,,,,
11735,0.0,378.467407,278.362,63.851814,0.3140463292,-0.9378666669,0.1475839365,,,,
11736,0.0,381.664246,276.672455,63.877117,0.2616704924,-0.953806862,0.1475839538,,,,
11737,0.0,384.440491,275.159393,63.855282,0.2067438456,-0.9672000615,0.1475839538,,,,
11738,0.0,387.074402,273.55658,63.787773,0.1345454571,-0.9799624883,0.1468708324,,,,
11739,0.0,389.717377,271.821808,63.77993,0.0604061305,-0.9873444603,0.1466356578,,,,
11740,0.0,392.045868,270.257935,63.820938,-0.0124771099,-0.9892157118,0.1459335374,,,,
11741,0.0,394.428253,268.526917,63.97105,-0.0829875659,-0.9860531955,0.1442642005,,,,
11742,0.0,396.851746,266.677765,64.134491,-0.1362046587,-0.9805122448,0.1415769357,,,,
11743,0.0,399.261566,264.78775,64.349304,-0.1684054364,-0.9759137869,0.1386790884,,,,
11744,0.0,401.612427,262.844513,64.561203,-0.1813897897,-0.9737730373,0.1373456081,,,,
11745,0.0,403.957031,260.860474,64.703201,-0.184800047,-0.973159857,0.1371453078,,,,
11746,0.0,406.361328,258.732605,64.766464,-0.1852301196,-0.9730780915,0.1371452905,,,,
11747,0.0,408.898438,256.367584,64.669228,-0.1852301196,-0.9730780915,0.1371452905,,,,
11748,0.0,411.23172,254.091812,64.527451,-0.1852301196,-0.9730780915,0.1371452905,,,,
11749,0.0,413.432404,251.822845,64.340546,-0.1860336602,-0.9729247873,0.1371453078,,,,
11750,0.0,417.447571,247.393829,63.825382,-0.2048167042,-0.9694115362,0.1352456695,,,,
11751,0.0,419.269379,245.269531,63.462528,-0.2158031956,-0.9672035766,0.1339635104,,,,
11752,0.0,421.216614,242.867432,63.007164,-0.2326015238,-0.9635679642,0.1320352587,,,,
11753,0.0,423.076935,240.455368,62.558891,-0.2506511278,-0.9593826061,0.1294566615,,,,
11754,0.0,424.841095,238.031372,62.131035,-0.2714590144,-0.9539997001,0.12725791,,,,
11755,0.0,426.494904,235.559723,61.717175,-0.2960138431,-0.9470195924,0.1246182025,,,,
11756,0.0,427.916138,233.041946,61.155903,-0.3287308097,-0.9364688866,0.1223195781,,,,
11757,0.0,429.158539,230.683411,60.665386,-0.3651459076,-0.9230324945,0.1211589052,,,,
11758,0.0,429.309265,230.009415,64.516068,-0.4056409295,-0.9060842593,0.1202778092,,,,
11759,0.0,430.663116,227.700104,64.413116,-0.4558096475,-0.8820403134,0.119341739,,,,
11760,0.0,431.812347,225.590698,64.334404,-0.5081293856,-0.8530091247,0.1190796404,,,,
11761,0.0,433.336273,222.513489,64.216614,-0.5942960345,-0.7953818345,0.1190796404,,,,
11762,0.0,434.320068,220.324265,64.131691,-0.653098725,-0.7478516556,0.1190796231,,,,
11763,0.0,434.701721,219.443695,64.091141,-0.6787706512,-0.7246885932,0.1187301396,,,,
11764,0.0,436.327301,215.843903,63.79929,-0.7616675425,-0.6376127663,0.1153798727,,,,
11765,0.0,437.517761,213.578201,63.648006,-0.7909080621,-0.6016279153,0.1118404614,,,,
11766,0.0,438.770721,211.265106,63.530354,-0.805861196,-0.581814488,0.1099073893,,,,
11767,0.0,440.102539,208.847305,63.418823,-0.8092556489,-0.5771688081,0.1094598633,,,,
11768,0.0,441.561707,206.262512,63.300945,-0.8092556489,-0.5771688081,0.1094598633,,,,
11769,0.0,443.142944,203.528076,63.178745,-0.8092556489,-0.5771688081,0.1094598633,,,,
11770,0.0,444.763885,200.786865,63.058651,-0.8092556489,-0.5771688081,0.1094598633,,,,
11771,0.0,446.364197,198.134003,62.944458,-0.8092556489,-0.5771688081,0.1094598633,,,,
11772,0.0,447.979553,195.503342,62.833115,-0.8092556489,-0.5771688081,0.1094598633,,,,
11773,0.0,450.419769,191.624969,62.677544,-0.8092556489,-0.5771688081,0.1094598633,,,,
11774,0.0,452.065186,189.055176,62.57671,-0.8092556489,-0.5771688081,0.1094598633,,,,
11775,0.0,453.586487,186.706177,62.485619,-0.8092556489,-0.5771688081,0.1094598633,,,,
11776,0.0,455.199005,184.240723,62.391026,-0.8092556489,-0.5771688081,0.1094598633,,,,
11777,0.0,457.518036,180.737198,62.258316,-0.8092556489,-0.5771688081,0.1094598633,,,,
11778,0.0,459.157013,178.288895,62.166698,-0.8092556489,-0.5771688081,0.1094598633,,,,
11779,0.0,461.210999,175.247269,62.053963,-0.8092556489,-0.5771688081,0.1094598633,,,,
11780,0.0,462.874054,172.786865,61.990044,-0.8144362746,-0.5714107041,0.1009126442,,,,
11781,0.0,464.457245,170.447815,62.035065,-0.8204013,-0.5635133035,0.096925042,,,,
11782,0.0,466.12381,167.994919,62.10717,-0.8252983876,-0.5564581608,0.0961087234,,,,
11783,0.0,468.164307,164.999268,62.188721,-0.8299161898,-0.5498262026,0.094500079,,,,
11784,0.0,469.981628,162.333603,62.260941,-0.8332975478,-0.5450156942,0.0925909815,,,,
11785,0.0,471.668121,159.860413,62.260815,-0.8338133089,-0.544277292,0.092290819,,,,
11786,0.0,473.413269,157.304016,62.126026,-0.8334482878,-0.5448360849,0.0922908017,,,,
11787,0.0,475.290161,154.572113,61.920589,-0.8303293861,-0.5494660182,0.0929527051,,,,
11788,0.0,479.105072,149.106339,61.536926,-0.8169168904,-0.5684770407,0.0973686212,,,,
11789,0.0,480.3948515,147.274529,61.406786,-0.8140480303,-0.5723371618,0.0986469091,,,,
11790,0.0,481.684631,145.442719,61.276646,-0.8111791703,-0.5761972828,0.0999251969,,,,
11791,0.0,483.403961,142.994293,61.099998,-0.8111076221,-0.5761464606,0.1007952442,,,,
11792,0.0,486.236267,138.638733,60.743073,-0.8602253382,-0.4986531612,0.1065710669,,,,
11793,0.0,487.199677,137.167053,60.546814,-0.9160983664,-0.3854518279,0.1104113738,,,,
11794,0.0,488.47995,135.377655,60.328129,-0.9645978179,-0.2387603333,0.1120024683,,,,
11795,0.0,490.264648,134.469086,60.083794,-0.9929164651,-0.0384717955,0.1124135858,,,,
11796,0.0,491.5598295,133.512413,59.9131165,-0.9848659219,0.0730370065,0.1104621163,,,,
11797,0.0,493.610413,131.932785,59.692322,-0.9642098544,0.2441109751,0.1034852093,,,,
11798,0.0,495.680725,129.652039,59.669559,-0.9171188229,0.3881684286,0.090655037,,,,
11799,0.0,498.450653,125.098587,58.726608,-0.8910057125,0.4460670882,0.0844569307,,,,
11800,0.0,499.367249,121.977074,58.74902,-0.8751886482,0.4767760666,0.0820329957,,,,
11801,0.0,499.967712,118.978752,58.786755,-0.871261542,0.483957199,0.0817848089,,,,
11802,0.0,500.348969,115.845299,58.866936,-0.8710073832,0.4844144808,0.0817847741,,,,
11803,0.0,500.451599,113.105232,58.998989,-0.8710073832,0.4844144808,0.0817847741,,,,
11804,0.0,500.369751,109.141983,59.153564,-0.8710073832,0.4844144808,0.0817847741,,,,
11805,0.0,500.19989,106.682205,59.24313,-0.8710073832,0.4844144808,0.0817847741,,,,
11806,0.0,499.698029,102.757164,59.379398,-0.8710073832,0.4844144808,0.0817847741,,,,
11807,0.0,499.317963,100.283005,59.338642,-0.8710073832,0.4844144808,0.0817847741,,,,
11808,0.0,498.52298,96.443214,59.261105,-0.8710073832,0.4844144808,0.0817847741,,,,
11809,0.0,497.945465,93.897339,59.175289,-0.8710073832,0.4844144808,0.0817847741,,,,
11810,0.0,497.036804,90.515625,59.033802,-0.8710073832,0.4844144808,0.0817847741,,,,
11811,0.0,496.119843,87.227097,58.889885,-0.8710073832,0.4844144808,0.0817847741,,,,
11812,0.0,495.287994,84.647148,58.621033,-0.8710073832,0.4844144808,0.0817847741,,,,
11813,0.0,494.098511,81.204796,58.3223,-0.8710073832,0.4844144808,0.0817847741,,,,
11814,0.0,493.283325,78.840462,58.211277,-0.8719584705,0.4824611733,0.083184385,,,,
11815,0.0,492.049164,75.395004,58.0266,-0.8733775665,0.4795072546,0.0853488082,,,,
11816,0.0,491.082825,72.778091,57.864315,-0.8742018199,0.4779568429,0.0856062759,,,,
11817,0.0,489.830383,69.488075,57.684093,-0.875188974,0.4761468527,0.0856062759,,,,
11818,0.0,488.542053,66.23204,57.5895,-0.8753112817,0.4757696956,0.0864485792,,,,
11819,0.0,487.186096,62.877228,57.512039,-0.8757535983,0.4749344707,0.0865614438,,,,
11820,0.0,486.224884,60.529331,57.592426,-0.875758406,0.4749256055,0.0865614438,,,,
11821,0.0,484.854889,57.289642,57.647793,-0.875758406,0.4749256055,0.0865614438,,,,
11822,0.0,483.442596,54.086193,57.787529,-0.8773692885,0.4717801907,0.0874447438,,,,
11823,0.0,482.401062,51.770905,57.878765,-0.8832620511,0.4601206559,0.0902060482,,,,
11824,0.0,480.988525,48.607002,58.06905,-0.8934586465,0.4392708508,0.0936630482,,,,
11825,0.0,479.610291,45.425354,58.341354,-0.9095650499,0.4037576016,0.0983423569,,,,
11826,0.0,478.47641,42.810375,58.564976,-0.934294023,0.3417065408,0.1016430941,,,,
11827,0.0,476.968597,39.29734,58.802357,-0.9654156277,0.2378849869,0.1066930119,,,,
11828,0.0,474.302399,32.593124,59.227249,-0.9913988796,-0.0611186309,0.115727155,,,,
11829,0.0,473.58844,30.381867,59.2399215,-0.9804158459,-0.1383949153,0.1163570734,,,,
11830,0.0,472.874481,28.17061,59.252594,-0.9694328122,-0.2156711997,0.1169869918,,,,
11831,0.0,471.580566,23.527391,59.317356,-0.9200381329,-0.3738979994,0.1171755949,,,,
11832,0.0,470.882233,18.974659,59.350838,-0.8588637477,-0.4992390679,0.1145138246,,,,
11833,0.0,470.664001,11.728976,59.542286,-0.7547233044,-0.648027318,0.1022415227,,,,
11834,0.0,470.847351,9.9946205,59.545351,-0.7407449033,-0.6641006052,0.099011072,,,,
11835,0.0,471.587067,6.032894,59.449081,-0.7179992927,-0.6897853648,0.0931298348,,,,
11836,0.0,472.372314,3.12965,59.273346,-0.7142928291,-0.6937349343,0.092290819,,,,
11837,0.0,473.203979,0.273822,59.126366,-0.7140082441,-0.6940278324,0.092290819,,,,
11838,0.0,474.435089,-2.580735,58.873066,-0.7140692186,-0.6940871006,0.0913687472,,,,
11839,0.0,475.290863,-4.575904,58.800507,-0.7140713634,-0.6940891854,0.0913361417,,,,
11840,0.0,476.57901,-7.44535,58.680965,-0.7146182888,-0.6935260706,0.0913361417,,,,
11841,0.0,477.762726,-9.579597,58.624741,-0.7147364891,-0.6934042546,0.0913361417,,,,
11842,0.0,479.418182,-12.528396,58.585419,-0.7147364891,-0.6934042546,0.0913361417,,,,
11843,0.0,481.10675,-15.551289,58.60952,-0.7147364891,-0.6934042546,0.0913361417,,,,
11844,0.0,482.828583,-18.273302,58.752224,-0.7147364891,-0.6934042546,0.0913361417,,,,
11845,0.0,484.070343,-20.351452,58.839073,-0.7147805799,-0.6934470295,0.0906638842,,,,
11846,0.0,485.384552,-23.647812,58.908821,-0.7147990114,-0.6934649108,0.0903813631,,,,
11847,0.0,485.942291,-26.196629,58.849224,-0.7147990114,-0.6934649108,0.0903813631,,,,
11848,0.0,486.871124,-29.859333,58.853474,-0.7147990114,-0.6934649108,0.0903813631,,,,
11849,0.0,487.461914,-32.442196,58.818787,-0.7147990114,-0.6934649108,0.0903813631,,,,
11850,0.0,488.26535,-36.178612,58.911995,-0.7147990114,-0.6934649108,0.0903813631,,,,
11851,0.0,488.854553,-40.177132,58.951496,-0.7148610593,-0.6935247435,0.0894264839,,,,
11852,0.0,489.263031,-42.838764,58.958664,-0.7150541487,-0.6937124332,0.0863749062,,,,
11853,0.0,489.857849,-46.623791,59.049702,-0.7152666948,-0.6939182721,0.082891417,,,,
11854,0.0,490.159821,-49.729946,59.060452,-0.7160793619,-0.69357183,0.0786667917,,,,
11855,0.0,490.491669,-52.716366,59.05899,-0.717360213,-0.6926403709,0.0751241726,,,,
11856,0.0,490.913116,-56.92931,58.950218,-0.7199898971,-0.6905096072,0.0693615919,,,,
11857,0.0,492.00592,-59.453793,58.899246,-0.7228173351,-0.688007584,0.0646580579,,,,
11858,0.0,492.381561,-62.740261,58.898987,-0.7249968927,-0.6860647323,0.0607839512,,,,
11859,0.0,492.52243,-64.147339,58.898235,-0.7264360513,-0.6846150323,0.0599409787,,,,
11860,0.0,492.892456,-68.223816,58.894745,-0.7292988674,-0.6817690145,0.0575688535,,,,
11861,0.0,493.251678,-72.596367,58.891029,-0.7297704594,-0.6813188602,0.0569182511,,,,
11862,0.0,493.4599,-75.462997,58.88818,-0.7297704594,-0.6813188602,0.0569182511,,,,
11863,0.0,493.71051,-78.580345,58.884724,-0.7297704594,-0.6813188602,0.0569182511,,,,
11864,0.0,493.919464,-81.508095,58.881187,-0.7297704594,-0.6813188602,0.0569182511,,,,
11865,0.0,494.125305,-84.919128,58.876701,-0.7312429494,-0.6797969572,0.0562125071,,,,
11866,0.0,494.258575,-87.700699,58.872738,-0.734998397,-0.6759872071,0.0530909817,,,,
11867,0.0,494.386047,-91.075356,58.867599,-0.7406063259,-0.6702178956,0.0480649805,,,,
11868,0.0,494.504608,-95.377617,58.860565,-0.747688727,-0.6628001801,0.040712268,,,,
11869,0.0,494.561005,-98.283661,58.855503,-0.7512819274,-0.6589298499,0.037241355,,,,
11870,0.0,494.598999,-101.229439,58.850151,-0.7543201523,-0.6556422217,0.0336806303,,,,
11871,0.0,494.619873,-107.281654,58.828373,-0.7592571823,-0.6502103807,0.0274771169,,,,
11872,0.0,494.598602,-110.419624,58.814564,-0.7616990025,-0.6474262321,0.0255715393,,,,
11873,0.0,494.565643,-112.544937,58.8253425,-0.763645201,-0.6451949016,0.023598437,,,,
11874,0.0,494.532684,-114.67025,58.836121,-0.7655913996,-0.6429635711,0.0216253346,,,,
11875,0.0,494.378143,-120.769669,58.880417,-0.7703208542,-0.6374515921,0.0161632092,,,,
11876,0.0,494.275574,-123.719406,58.884411,-0.7730185691,-0.6342531975,0.0128519715,,,,
11877,0.0,494.194809,-125.704807,58.893713,-0.7746050972,-0.632348735,0.0105058222,,,,
11878,0.0,493.973633,-130.567276,58.904621,-0.7793652058,-0.6265519676,0.0047442409,,,,
11879,0.0,493.829651,-133.275146,58.916668,-0.7819762403,-0.6233044198,0.0021816947,,,,
11880,0.0,493.786285,-137.291397,58.924999,-0.7845983483,-0.620002971,-0.0013220342,,,,
11881,0.0,493.947845,-140.245483,58.941891,-0.7862556052,-0.6178969018,-0.0023541328,,,,
11882,0.0,494.216064,-142.94249,58.946354,-0.7882033711,-0.6154027068,-0.0038670815,,,,
11883,0.0,494.809479,-146.897171,58.983795,-0.7906118624,-0.6122850891,-0.0063129012,,,,
11884,0.0,495.335876,-149.509293,59.030224,-0.7920999434,-0.6103396979,-0.0079456151,,,,
11885,0.0,495.965546,-152.18895,59.079491,-0.7944733732,-0.6071987222,-0.0110349867,,,,
11886,0.0,496.722656,-154.993805,59.131584,-0.7975392887,-0.6031049091,-0.0139839774,,,,
11887,0.0,497.928345,-158.879501,59.204971,-0.8020574672,-0.5969832907,-0.0177417547,,,,
11888,0.0,498.823151,-161.455109,59.234341,-0.8049921621,-0.5929117066,-0.0210553352,,,,
11889,0.0,499.877716,-164.276535,59.255177,-0.8082155653,-0.588429532,-0.0232009883,,,,
11890,0.0,500.988892,-167.052582,59.276405,-0.8126216527,-0.5821562779,-0.0272051044,,,,
11891,0.0,502.133667,-169.759766,59.309441,-0.8160583864,-0.5771721256,-0.0303487617,,,,
11892,0.0,503.832458,-173.556046,59.37048,-0.8213298389,-0.5693142242,-0.0360362295,,,,
11893,0.0,505.12265,-176.281235,59.430805,-0.8278704422,-0.559309115,-0.0424716939,,,,
11894,0.0,506.473511,-179.053146,59.474091,-0.8329192275,-0.5513709063,-0.0472830207,,,,
11895,0.0,507.753967,-181.612625,59.506577,-0.8369708029,-0.5447373572,-0.05235539,,,,
11896,0.0,509.124939,-184.305511,59.54446,-0.8400239465,-0.5396974513,-0.0555556508,,,,
11897,0.0,510.520844,-187.042786,59.591061,-0.8416687177,-0.5368659958,-0.0580402628,,,,
11898,0.0,511.471497,-188.874008,59.623409,-0.8424958283,-0.5353805958,-0.059736061,,,,
11899,0.0,512.394165,-190.626007,59.654324,-0.8432867222,-0.534036255,-0.0606034859,,,,
11900,0.0,513.431885,-192.567917,59.694778,-0.8440949124,-0.5326646829,-0.0614175414,,,,
11901,0.0,514.801453,-195.088882,59.75779,-0.8453925654,-0.5304990087,-0.0623074003,,,,
11902,0.0,515.793823,-196.887314,59.802917,-0.8467145329,-0.5283162122,-0.062900554,,,,
11903,0.0,516.796936,-198.690613,59.852924,-0.8478598829,-0.5263812582,-0.0636897944,,,,
11904,0.0,517.829163,-200.527924,59.909374,-0.8492821602,-0.5240456138,-0.0640000556,,,,
11905,0.0,519.39209,-203.284698,59.996811,-0.8514147821,-0.5205174048,-0.0644554124,,,,
11906,0.0,520.535645,-205.286758,60.060001,-0.8528982907,-0.5180801646,-0.0644782809,,,,
11907,0.0,521.649597,-207.219086,60.121426,-0.8550084392,-0.5144800103,-0.0653520308,,,,
11908,0.0,522.749023,-209.122284,60.181839,-0.8568536537,-0.5112838739,-0.0662617274,,,,
11909,0.0,523.846802,-211.01535,60.24205,-0.8588528668,-0.5077992618,-0.0671689135,,,,
11910,0.0,524.963623,-212.94043,60.30312,-0.8605244032,-0.504838203,-0.0680892081,,,,
11911,0.0,526.125244,-214.938766,60.366661,-0.8625534094,-0.5012836126,-0.0686757287,,,,
11912,0.0,527.235779,-216.84819,60.427353,-0.8644118723,-0.4980088077,-0.0691327887,,,,
11913,0.0,529.490845,-220.722717,60.551064,-0.8688551881,-0.4901296083,-0.0697397246,,,,
11914,0.0,530.643372,-222.703094,60.614822,-0.8715015314,-0.4854085384,-0.069739742,,,,
11915,0.0,531.779175,-224.659241,60.677887,-0.8742390692,-0.4804606313,-0.069739742,,,,
11916,0.0,532.873352,-226.557434,60.744892,-0.8762956657,-0.4766993572,-0.0697397246,,,,
11917,0.0,534.040527,-228.591339,60.820545,-0.8784314038,-0.4727521942,-0.069739742,,,,
11918,0.0,534.823242,-229.9649885,60.874092,-0.879750358,-0.470284859,-0.069739742,,,,
11919,0.0,535.605957,-231.338638,60.927639,-0.8810693122,-0.4678175238,-0.069739742,,,,
11920,0.0,536.732605,-233.328827,61.010494,-0.8827790887,-0.4644408416,-0.0706808689,,,,
11921,0.0,540.355469,-237.365082,60.498913,-0.8849174337,-0.4602063619,-0.0716326739,,,,
11922,0.0,542.42804,-240.891922,60.917984,-0.8879945369,-0.4540953912,-0.072547075,,,,
11923,0.0,543.454468,-242.634018,61.129215,-0.8897196092,-0.450570322,-0.073385298,,,,
11924,0.0,544.349854,-244.18103,61.288738,-0.8910560082,-0.4478922164,-0.0735646158,,,,
11925,0.0,545.773682,-246.612961,61.573765,-0.8930865867,-0.4438294672,-0.0735646158,,,,
11926,0.0,546.658386,-248.207077,61.640335,-0.8942984373,-0.4413825493,-0.0735645984,,,,
11927,0.0,547.588562,-249.763199,61.756367,-0.895544504,-0.438848828,-0.073564581,,,,
11928,0.0,548.913452,-252.058212,61.91267,-0.8974899558,-0.4348563345,-0.073564581,,,,
11929,0.0,549.90625,-253.705643,62.034145,-0.8989130644,-0.4318483091,-0.0739076489,,,,
11930,0.0,551.217224,-255.900085,62.18615,-0.9009768168,-0.4275026055,-0.0740425414,,,,
11931,0.0,551.945862,-257.526123,62.230656,-0.9023330204,-0.4245745274,-0.0743746668,,,,
11932,0.0,553.027527,-259.695862,61.953766,-0.9040165567,-0.4208788179,-0.0749338762,,,,
11933,0.0,553.868713,-261.838165,61.23988,-0.9059421317,-0.4166215787,-0.0754673049,,,,
11934,0.0,554.503357,-263.529968,60.16721,-0.9070066061,-0.4142198539,-0.0759007846,,,,
11944,0.0,559.604126,-275.261444,58.741894,-0.9150771832,-0.395388044,-0.0793854106,,,,
11945,0.0,559.875854,-275.912445,57.025085,-0.9157183481,-0.3938431866,-0.0796708945,,,,
11946,0.0,560.253357,-276.542053,55.359371,-0.9165310004,-0.3917622525,-0.0805807842,,,,
11947,0.0,560.154968,-276.091278,52.687504,-0.9171712393,-0.3902293715,-0.0807338554,,,,
11948,0.0,560.15155,-276.275543,50.916512,-0.9178463071,-0.3886389048,-0.0807338728,,,,
11949,0.0,560.154419,-276.485565,47.925461,-0.917948343,-0.3883978861,-0.0807336466,,,,
11950,0.0,560.184937,-276.716705,46.159725,-0.917948343,-0.3883978861,-0.0807336466,,,,
11951,0.0,560.221863,-276.781189,45.595016,-0.917948343,-0.3883978861,-0.0807336466,,,,
11952,0.0,560.064148,-276.853882,45.610802,-0.917948343,-0.3883978861,-0.0807336466,,,,
11953,0.0,559.844299,-276.944519,45.634407,-0.917948343,-0.3883978861,-0.0807336466,,,,
11954,0.0,559.669189,-277.018585,45.771347,-0.917948343,-0.3883978861,-0.0807336466,,,,
11955,0.0,559.643524,-277.029434,46.3954885,-0.917948343,-0.3883978861,-0.0807336466,,,,
11956,0.0,559.624146,-277.128723,48.408409,-0.917948343,-0.3883978861,-0.0807336466,,,,
11957,0.0,559.662659,-277.2381135,49.2076055,-0.9181861289,-0.3877641255,-0.0810718391,,,,
11958,0.0,559.692139,-277.32016,50.00647,-0.9228085445,-0.3765401068,-0.0814980867,,,,
11959,0.0,559.652832,-277.204895,50.046806,-0.938443356,-0.3360454246,-0.0799846253,,,,
11960,0.0,559.631042,-277.096893,50.142838,-0.9588951352,-0.2730241096,-0.0773172378,,,,
11961,0.0,559.629395,-276.894958,50.450733,-0.9855703732,-0.1534904838,-0.0713562248,,,,
11962,0.0,559.70282,-276.672333,50.831371,-0.9980718847,0.0040941785,-0.0619334367,,,,
11963,0.0,560.01886,-276.245209,51.585869,-0.9684977163,0.2435998027,-0.0516847141,,,,
11964,0.0,560.638123,-275.76886,52.455151,-0.8878202046,0.4576673861,-0.0481232593,,,,
11965,0.0,561.1338505,-275.4934235,53.1413235,-0.8343106895,0.540353185,-0.0473637252,,,,
11966,0.0,562.308105,-274.82959,55.165535,-0.7143421224,0.6982448103,-0.0465780744,,,,
11967,0.0,562.48761,-274.672943,56.574677,-0.6849386956,0.7271103546,-0.046578057,,,,
11968,0.0,562.885986,-274.396149,57.775665,-0.6770515204,0.7347731835,-0.0413473991,,,,
11969,0.0,563.530518,-273.922516,58.437363,-0.6796881137,0.732689899,-0.034490289,,,,
11970,0.0,564.730591,-273.093201,59.47382,-0.6806885399,0.7319041089,-0.0312967579,,,,
11971,0.0,565.71051,-272.470551,59.985046,-0.6806897329,0.7319050075,-0.0312497617,,,,
11972,0.0,567.27948,-271.365021,60.716381,-0.6806897329,0.7319050075,-0.0312497617,,,,
11973,0.0,568.533447,-270.603668,61.046696,-0.6806897329,0.7319050075,-0.0312497617,,,,
11974,0.0,569.810425,-269.620453,61.173965,-0.6806897329,0.7319050075,-0.0312497617,,,,
11975,0.0,570.705688,-268.714081,61.114922,-0.6806897329,0.7319050075,-0.0312497617,,,,
11976,0.0,571.9328,-267.136993,61.007328,-0.6806897329,0.7319050075,-0.0312497617,,,,
11977,0.0,572.741272,-265.738922,60.906246,-0.6806897329,0.7319050075,-0.0312497617,,,,
11978,0.0,573.723572,-263.378998,60.736637,-0.6806897329,0.7319050075,-0.0312497617,,,,
11979,0.0,574.391479,-261.099274,60.538326,-0.6806897329,0.7319050075,-0.0312497617,,,,
11980,0.0,574.865845,-259.112488,60.523205,-0.6806897329,0.7319050075,-0.0312497617,,,,
11981,0.0,575.485046,-256.114105,60.531357,-0.6806897329,0.7319050075,-0.0312497617,,,,
11982,0.0,576.163208,-253.904083,60.579628,-0.6495796679,0.7593467503,-0.0379310926,,,,
11983,0.0,576.925964,-250.664032,60.610683,-0.5898361076,0.8064520605,-0.0415745153,,,,
11984,0.0,577.904358,-247.20401,60.703884,-0.4936275964,0.8687868907,-0.039257287,,,,
11985,0.0,578.814331,-244.644318,60.73642,-0.3819077851,0.9234102797,-0.0382086255,0.1266621195,506.559762704,1039.918386169,0.0
11986,0.0,580.639648,-240.360703,60.802971,-0.2130156473,0.9763449388,-0.0370795701,0.0550252084,338.2982428629,1034.0984939046,0.0
11987,0.0,582.113464,-237.579239,60.868385,-0.083881304,0.9958632674,-0.0349324982,0.0207717443,208.8528785965,1030.044626518,0.0
11988,0.0,584.4375,-234.09642,61.027317,0.1042644244,0.9939640001,-0.0341247182,0.0007280689,39.0951177366,1024.7085027897,0.0
11989,0.0,586.215393,-231.601044,61.118698,0.2063644773,0.9778799549,-0.0341247182,0.0048870811,100.7198988868,1020.0154909754,0.0
11990,0.0,588.349609,-228.611588,61.17289,0.2789636727,0.9597257651,-0.0332524443,0.0146311949,172.9181334245,1014.5653922809,0.0
11991,0.0,589.783264,-226.622726,61.241753,0.3004970768,0.9532059067,-0.0331663424,0.0187741009,195.0706603522,1011.4522427953,0.0
11992,0.0,591.889771,-223.790298,61.189659,0.3064036508,0.9513237106,-0.0331662551,0.0203167006,202.1454514224,1007.9512406127,0.0
11993,0.0,593.210083,-222.190399,61.169785,0.3064036508,0.9513237106,-0.0331662551,0.0205353754,202.8326577851,1006.0340632959,0.0
11994,0.0,595.141052,-219.966049,61.104126,0.3027910544,0.9525315207,-0.0316429993,0.0201252578,200.4347814649,1004.1151122499,0.0
11995,0.0,597.301758,-217.229523,61.023979,0.2965337716,0.9545702321,-0.0293835717,0.0191890267,195.3212012111,1001.8469870387,0.0
11996,0.0,598.803223,-215.17099,60.859657,0.2956502998,0.9548457852,-0.0293330313,0.0192987248,195.5575451633,1000.2320800138,0.0
11997,0.0,600.418091,-212.878708,60.675438,0.295474209,0.9549002864,-0.0293331708,0.0195707116,196.5886855738,998.5631624892,0.0
11998,0.0,603.686768,-207.845032,60.347843,0.295474209,0.9549002864,-0.0293331708,0.0202220876,199.1541660861,995.3324544348,0.0
11999,0.0,604.619812,-206.287514,60.31098,0.295474209,0.9549002864,-0.0293331708,0.0204072605,199.8626924348,994.3925431906,0.0
12000,0.0,606.749451,-202.649261,60.226543,0.295474209,0.9549002864,-0.0293331708,0.0208387904,201.5876226159,992.6291506692,0.0
12001,0.0,607.6018375,-201.0877835,60.3247545,0.2950578496,0.9550289234,-0.029333101,0.0209211338,201.8471338477,991.9729865866,0.0
12002,0.0,609.644104,-197.160919,60.537224,0.2918743322,0.9560067717,-0.0293330313,0.0206571798,200.2753210321,990.4473895613,0.0
12003,0.0,611.270874,-193.751984,60.754368,0.2868843965,0.9575660261,-0.0276522814,0.0198659087,196.224148922,989.3522281614,0.0
12004,0.0,612.4505,-191.132111,60.946518,0.2816835008,0.9591541978,-0.0260313328,0.0189760572,191.6681000364,988.5576132086,0.0
12005,0.0,613.998108,-187.541428,61.139835,0.2724639703,0.9618716748,-0.0237963477,0.0173913681,183.3287780937,987.2912175544,0.0
12006,0.0,615.017029,-185.033371,61.172596,0.2622940339,0.96477755,-0.0201523889,0.0155983446,173.549168352,986.43504167,0.0
12007,0.0,616.422668,-181.392258,61.196285,0.2434324195,0.9697971741,-0.0153002682,0.0125083354,155.3022472179,984.9752622837,0.0
12008,0.0,617.489441,-178.425552,61.22261,0.2263619771,0.9739840581,-0.010738246,0.0099871838,138.6636976049,983.5882226623,0.0
12009,0.0,618.460388,-175.570847,61.232159,0.202011307,0.9793579181,-0.007035626,0.0068458315,114.7346348994,982.225011869,0.0
12010,0.0,619.404785,-172.70549,61.312687,0.1854264626,0.9826494941,-0.0041229447,0.00508048,98.7630759249,981.0238009705,0.0
12011,0.0,620.715088,-169.034546,61.322186,0.1694435475,0.9855396183,-0.0007382742,0.0036569529,83.6577457329,979.1041458576,0.0
12012,0.0,621.784058,-166.312271,64.913765,0.1640246174,0.9864557356,0.0010032849,0.0032915265,79.2439939001,977.4855460484,0.0
12013,0.0,623.100952,-163.232498,69.346497,0.1622313297,0.9867504266,0.0021427391,0.0032681053,78.8063798621,975.5588605506,0.0
12014,0.0,624.408325,-160.393005,73.007858,0.1620751873,0.9867757289,0.0023009702,0.0033898446,80.1042238028,973.6859018785,0.0
12015,0.0,625.724121,-157.659744,76.441696,0.1614595506,0.9868749975,0.0029245219,0.0034878667,81.0940288956,971.7911951756,0.0
12016,0.0,627.208252,-154.588547,80.216248,0.1586136976,0.9873303128,0.0045330234,0.0034594802,80.5812759351,969.5933967554,0.0
12017,0.0,628.845154,-151.25824,84.40715,0.1550390101,0.9878798364,0.0075056133,0.0034702206,80.4996621014,967.1138894936,0.0
12018,0.0,629.214539,-149.210831,87.628624,0.1525100788,0.9882506977,0.0100615312,0.003484009,80.5318994105,965.5881142216,0.0
12019,0.0,628.556946,-146.646805,91.571732,0.1499657607,0.9885992976,0.0134795899,0.0035255767,80.8474359612,963.6499209495,0.0
12020,0.0,627.861877,-144.568314,94.170708,0.1477393535,0.9889101504,0.0151590874,0.0035099606,80.5332969815,962.0348068103,0.0
12021,0.0,626.718384,-141.561539,98.003654,0.1451276648,0.9892880061,0.0157226569,0.0034651491,79.822751822,959.681853191,0.0
12022,0.0,626.046692,-139.492615,100.349243,0.1450052799,0.9893059521,0.0157226569,0.0035321616,80.4409824549,957.9126859058,0.0
12023,0.0,624.931763,-136.555328,103.843529,0.1450052799,0.9893059521,0.0157226569,0.003652674,81.5933145257,955.5008252831,0.0
12024,0.0,624.280579,-134.530914,105.869034,0.1450052799,0.9893059521,0.0157226569,0.0037184316,82.1967766779,954.0342990841,0.0
12025,0.0,623.532227,-132.363358,108.091759,0.1450052799,0.9893059521,0.0157226569,0.0038038463,82.9553566267,951.9877225098,0.0
12026,0.0,622.714722,-129.922089,110.431442,0.1450052799,0.9893059521,0.0157226569,0.00390207,83.8162413112,949.7071973034,0.0
12027,0.0,621.658264,-126.682381,113.142616,0.1450052799,0.9893059521,0.0157226569,0.0040167112,84.7435207799,946.4392675655,0.0
12028,0.0,621.039429,-124.756958,114.57135,0.1450036676,0.9892949518,0.0164144684,0.0041268416,85.7167000018,944.4741506008,0.0
12029,0.0,620.348267,-122.602631,116.066719,0.144317797,0.9893727868,0.0177161547,0.0042507071,86.7817028682,942.2032213148,0.0
12030,0.0,619.336792,-119.036835,117.930489,0.1431420205,0.9895102132,0.0194910216,0.004412116,88.0720580228,938.597203657,0.0
12031,0.0,618.681702,-116.810524,118.901009,0.1430983668,0.9895152253,0.019557,0.0044619428,88.358343111,936.3873868216,0.0
12032,0.0,617.897461,-114.0802,119.577423,0.1430983668,0.9895152253,0.019557,0.0044801496,88.2788464739,933.6462700753,0.0
12033,0.0,617.347656,-112.040306,119.945145,0.1430983668,0.9895152253,0.019557,0.0044864593,88.1485987834,931.6144275214,0.0
12034,0.0,616.540833,-108.850182,120.276131,0.1430983668,0.9895152253,0.019557,0.0044775109,87.7609828436,928.4421248527,0.0
12035,0.0,615.981384,-106.673607,120.32692,0.1430983668,0.9895152253,0.019557,0.0044536754,87.329311269,926.338781305,0.0
12036,0.0,615.36969,-104.221375,120.22184,0.1430983668,0.9895152253,0.019557,0.0043595837,86.2405569723,924.5872442,0.0
12037,0.0,614.561829,-101.005127,119.818848,0.1430983668,0.9895152253,0.019557,0.0042834002,85.203262081,921.5363345962,0.0
12038,0.0,614.359436,-100.253616,119.695267,0.1428689678,0.9895437761,0.0197882113,0.0042710425,85.0179121957,920.8580976013,0.0
12039,0.0,612.814148,-94.062874,117.896698,0.1411945554,0.9897426004,0.0217642476,0.0041353382,83.10797639,914.7904998211,0.0
12040,0.0,612.385956,-92.41634,117.2006225,0.1403170323,0.9898278314,0.0234195866,0.0041569405,83.1725639905,913.1318886198,0.0
12041,0.0,611.957764,-90.769806,116.504547,0.1394395093,0.9899130625,0.0250749255,0.0041785428,83.237151591,911.4732774184,0.0
12042,0.0,610.770508,-86.045097,113.938614,0.1371465813,0.9901701019,0.0274587804,0.0039830434,80.8756823087,907.0439405989,0.0
12043,0.0,610.140747,-83.558014,112.32756,0.1350738131,0.9904150173,0.0288644867,0.0038611932,79.4101024765,904.5230131676,0.0
12044,0.0,609.790497,-82.175701,111.327976,0.133686954,0.9905756264,0.0297488722,0.0037931405,78.5837788034,903.1130988886,0.0
12045,0.0,609.440247,-80.793388,110.328392,0.1323000948,0.9907362356,0.0306332577,0.0037250879,77.7574551303,901.7031846095,0.0
12046,0.0,608.279785,-76.329018,106.652588,0.1249683314,0.9915966687,0.0334508999,0.0034355326,74.3051092707,897.1808004482,0.0
12047,0.0,607.439819,-73.038765,103.500427,0.1207565285,0.9920493524,0.0354392896,0.0032453371,71.9503559686,893.8006963899,0.0
12048,0.0,606.73114,-70.383018,100.768921,0.1155018936,0.992573159,0.0381816275,0.0031888189,71.1184693184,891.2488321174,0.0
12049,0.0,606.077759,-67.893852,98.00528,0.1107091443,0.9930084336,0.040960177,0.0031739786,70.7691928356,888.9393461318,0.0
12050,0.0,605.392456,-65.340454,94.985504,0.0993816673,0.9939849059,0.0460140309,0.003411353,73.1702477829,886.5983020486,0.0
12051,0.0,604.711426,-62.922718,92.000114,0.081089387,0.9952087701,0.0546261408,0.00428905,81.8176798692,884.3369811725,0.0
12052,0.0,604.395935,-61.820572,90.601486,0.0712042081,0.9957188014,0.0589408963,0.0049182003,87.5002498825,883.3358032764,0.0
12053,0.0,603.078247,-57.395348,84.704193,0.0101950784,0.9971484619,0.0747730254,0.0104414667,126.6660781372,878.8225838065,0.0
12054,0.0,601.824097,-53.976025,79.936646,-0.0739195788,0.9939756932,0.0809210557,0.023264655,187.6536113243,875.0529933288,0.0
12055,0.0,600.992676,-51.619923,76.393997,-0.1253515125,0.9887380414,0.0817562466,0.0344581003,227.0631002501,872.4885669443,0.0
12056,0.0,601.099609,-47.16769,71.382187,-0.1903483659,0.9782364864,0.0825885971,0.052312858,277.0143795166,867.837657043,0.0
12057,0.0,600.754822,-43.058495,61.553837,-0.2481765781,0.9651666253,0.0828358107,0.0718112798,321.3099018464,863.4814401359,0.0
12058,0.0,599.467773,-39.709084,57.851917,-0.3105263247,0.9467903489,0.0846252738,0.0984273389,372.0553514235,859.9896436693,0.0
12059,0.0,598.499268,-37.172123,55.788418,-0.3349712432,0.9384094471,0.0847465384,0.1106457441,391.9062298262,857.1525316563,0.0
12060,0.0,597.438477,-34.52467,53.698769,-0.3609049662,0.9285410403,0.0869433253,0.1248154179,413.1504362655,853.988625518,0.0
12061,0.0,596.503845,-31.906942,54.062332,-0.3733381918,0.9234099899,0.0890650605,0.1329314317,423.8322102232,850.7461334972,0.0
12062,0.0,595.432007,-29.300167,54.925774,-0.3759295704,0.9223138125,0.0895220051,0.1360513396,426.7803921759,847.4929103521,0.0
12063,0.0,594.514526,-27.086395,55.036949,-0.3761126878,0.9222391554,0.0895219877,0.1376371532,427.5903009609,844.554840342,0.0
12064,0.0,593.118958,-23.770584,55.123837,-0.3761126878,0.9222391554,0.0895219877,0.1399306288,428.5741439375,840.0497418853,0.0
12065,0.0,592.070557,-21.205193,55.11013,-0.3761126878,0.9222391554,0.0895219877,0.1416636388,429.1558075851,836.4185100848,0.0
12066,0.0,590.939087,-18.542265,55.161964,-0.3761126878,0.9222391554,0.0895219877,0.1434213033,429.5611043439,832.4562848193,0.0
12067,0.0,589.835693,-15.999978,55.261711,-0.3761126878,0.9222391554,0.0895219877,0.1449682262,429.7698943787,828.7506856001,0.0
12068,0.0,588.838135,-13.642191,55.396492,-0.3668401108,0.9263825127,0.0851103595,0.1411425057,422.3100225185,824.4786775548,0.0
12069,0.0,587.653015,-10.789431,55.642216,-0.3575582165,0.9303962037,0.080715711,0.1370887569,414.5068362669,820.2282000582,0.0
12070,0.0,586.61908,-8.156149,55.95879,-0.3390952063,0.9378308775,0.0740789186,0.1272954921,398.7965146939,816.7896277023,0.0
12071,0.0,585.665222,-5.722956,56.297691,-0.3181560495,0.9454811928,0.069584785,0.1167693349,381.4893326977,813.5162581072,0.0
12072,0.0,584.382568,-2.286167,56.625114,-0.2778027478,0.9583833317,0.0657801096,0.0975871053,348.2923911345,808.3424355893,0.0
12073,0.0,583.533813,0.369574,57.134712,-0.2432188356,0.9679211818,0.0630331971,0.0826039184,320.0897779293,804.2953595846,0.0
12074,0.0,582.646179,3.548023,57.495678,-0.2060081147,0.9766560826,0.0608568232,0.0681752376,290.3761163188,800.1357919914,0.0
12075,0.0,581.967651,6.600196,57.792793,-0.1592470006,0.9855324736,0.0580184132,0.0520672016,253.4774966833,795.9216274083,0.0
12076,0.0,581.382629,9.74029,58.09977,-0.1071240316,0.9925597605,0.0578754147,0.0370110857,213.3927022564,791.6892121553,0.0
12077,0.0,580.908875,12.723179,58.395962,-0.0499980397,0.997173793,0.0560769346,0.0234424395,169.5138154496,787.497101069,0.0
12078,0.0,580.462097,15.774698,58.704468,0.0006804643,0.9984820495,0.0550738932,0.0141272909,131.245976513,783.5755048546,0.0
12079,0.0,580.029358,18.699501,58.962543,0.0369186129,0.9978490071,0.0541698728,0.0090188033,104.5467991064,780.1941766889,0.0
12080,0.0,579.174744,24.367849,59.384659,0.0613102855,0.9967899883,0.0514856105,0.006236417,86.2324114034,773.3322581636,0.0
12081,0.0,578.8947755,26.4584455,59.4684125,0.0620876266,0.9967495847,0.051329932,0.0062298762,85.9394511398,771.1071508038,0.0
12082,0.0,578.614807,28.549042,59.552166,0.0628649676,0.9967091811,0.0511742534,0.0062233353,85.6464908761,768.8820434439,0.0
12083,0.0,578.444885,29.618879,59.598999,0.0628649676,0.9967091811,0.0511742534,0.006260315,85.7758216593,767.772523798,0.0
12084,0.0,577.752686,34.340595,59.734299,0.0628649676,0.9967091811,0.0511742534,0.0064443884,86.4377123111,762.6025157744,0.0
12085,0.0,577.378418,38.155529,59.734776,0.0655913208,0.9965334788,0.0511742534,0.0062819672,84.9046825447,758.6683055624,0.0
12086,0.0,576.924011,44.315083,59.744541,0.0780218322,0.9956939481,0.0500615158,0.0051793506,76.48960598,752.5109827815,0.0
12087,0.0,576.799255,47.217602,59.731319,0.0825531731,0.9953206782,0.0502167419,0.0048496816,73.7306726646,749.5554610261,0.0
12088,0.0,576.731934,50.592564,59.701683,0.0852965996,0.9950893271,0.0502167419,0.0046905925,72.1804570769,746.1062054014,0.0
12089,0.0,576.758911,53.597588,59.718815,0.0883069623,0.9948266981,0.0502167419,0.0044974511,70.3886473315,743.0075895886,0.0
12090,0.0,576.837219,56.637348,59.752705,0.0941435958,0.9942913367,0.0502167419,0.0040806725,66.7706812716,739.8581212318,0.0
12091,0.0,576.892761,59.886139,59.932568,0.1063170634,0.9930343665,0.0507880785,0.0032652414,59.4842652109,736.6891396519,0.0
12092,0.0,577.030396,63.906162,60.095547,0.1261722542,0.9906875179,0.0511742534,0.0021975184,48.5575652435,732.8487738788,0.0
12093,0.0,577.160889,66.689552,60.220238,0.1388559053,0.9889895011,0.0511742534,0.001656717,42.0221181694,730.3293043469,0.0
12094,0.0,577.411438,70.646614,60.382706,0.1545254299,0.9866626014,0.0511742359,0.0012396814,36.1643881117,726.5168940714,0.0
12095,0.0,577.633484,73.841881,60.44207,0.1656264779,0.9848139582,0.0520512976,0.0011220778,34.259141804,723.3889236391,0.0
12096,0.0,577.961853,76.214088,60.936111,0.170387975,0.9839970649,0.0521317003,0.0011275572,34.2325018417,721.0689665289,0.0
12097,0.0,578.0290525,76.882408,61.1568565,0.1713275453,0.9838334455,0.0521317003,0.0011422562,34.4239277352,720.4421890095,0.0
12098,0.0,578.494202,82.50312,61.7421,0.1764899918,0.9829209371,0.0521317003,0.0011818658,34.7490910464,714.9451479109,0.0
12099,0.0,578.859619,86.633186,62.470161,0.1788325634,0.9824974301,0.0521317003,0.0012151828,35.0427092082,711.0396908901,0.0
12100,0.0,579.206787,89.225525,62.269165,0.1835274731,0.9816768693,0.0512658849,0.0011800213,34.4028302317,708.3736611132,0.0
12101,0.0,579.548035,92.575508,62.591572,0.1883210725,0.9808144526,0.050380386,0.00120516,34.6090310091,705.1523890396,0.0
12102,0.0,579.895447,95.893188,62.823681,0.197948525,0.9790061624,0.0486139422,0.0012917872,35.6618257451,701.8323553285,0.0
12103,0.0,580.2453,98.960861,62.92651,0.2071362169,0.9771932544,0.0467753257,0.0014491685,37.6127422102,698.9046805109,0.0
12104,0.0,580.604004,102.342407,62.910595,0.2128503897,0.9759831076,0.0463862608,0.0016076216,39.4254004453,695.5747667236,0.0
12105,0.0,580.856384,105.196877,62.957378,0.2156245539,0.9753739624,0.0463862608,0.0016968178,40.3391517909,692.7530720329,0.0
12106,0.0,581.263428,109.30648,62.906231,0.2165286806,0.9751736488,0.0463862608,0.0016955659,40.1001499832,688.902624655,0.0
12107,0.0,581.514343,112.04805,62.834682,0.2165286806,0.9751736488,0.0463862608,0.0016767562,39.7183737716,686.1571965115,0.0
12108,0.0,581.853577,115.040665,62.60091,0.2171594472,0.9750333786,0.0463862608,0.0016722559,39.4921842697,683.1662870341,0.0
12109,0.0,582.240295,118.092476,62.340923,0.2180384681,0.974837187,0.0463862608,0.0016911141,39.503156353,679.5384466925,0.0
12110,0.0,582.952759,122.594086,62.124294,0.2221309125,0.9739128157,0.0463862608,0.0018541185,41.082587235,674.9559826904,0.0
12111,0.0,583.467957,125.633469,61.910408,0.225611046,0.9731545073,0.0454968213,0.0019660022,42.1097978025,671.8769123686,0.0
12112,0.0,583.715881,126.980721,61.922798,0.2274902869,0.9727201122,0.0454285449,0.0020585724,43.0006438334,670.5026721856,0.0
12113,0.0,584.639832,131.597366,61.768047,0.233254628,0.9713862609,0.0447326573,0.0023334589,45.4476565894,665.6560973976,0.0
12114,0.0,585.265381,134.708435,61.835991,0.2355562699,0.9708427238,0.0444707697,0.0024631751,46.4675076331,662.4518868621,0.0
12115,0.0,586.205383,138.917267,61.994904,0.2361377086,0.9707014645,0.0444707697,0.0025211798,46.705067131,658.1441099326,0.0
12116,0.0,586.791016,141.679962,62.217236,0.2361377086,0.9707014645,0.0444707697,0.0025411775,46.6842189066,655.2600256062,0.0
12117,0.0,587.529541,144.460739,62.676754,0.236822968,0.9705345086,0.0444707697,0.0026465483,47.4534562508,652.6802620691,0.0
12118,0.0,588.548523,148.195465,63.2752,0.239641748,0.9698823085,0.0435905994,0.0028631298,49.0559506981,648.7348969952,0.0
12119,0.0,589.272827,150.906372,63.624763,0.2413159619,0.9694705915,0.0435129711,0.0030156399,50.127507024,645.9501979158,0.0
12120,0.0,591.085205,156.881195,64.434204,0.246712899,0.9681402795,0.0428619255,0.003509711,53.5380531308,639.5776722747,0.0
12121,0.0,591.967529,159.813477,64.777275,0.2473102734,0.9680013899,0.042555115,0.0036045359,53.9919973363,636.4751145328,0.0
12122,0.0,592.5871275,161.951035,64.9968835,0.2473102734,0.9680013899,0.042555115,0.0036514556,54.1544203463,634.3095086925,0.0
12123,0.0,593.885803,166.683182,65.408676,0.2480280321,0.9678177295,0.042555115,0.0037359768,54.3623858337,629.487964221,0.0
12124,0.0,594.764709,169.675827,65.655319,0.2495647872,0.967422596,0.042555115,0.0039388261,55.5345593172,626.3152775313,0.0
12125,0.0,595.608093,172.746002,65.813812,0.2507273384,0.9671219489,0.042555115,0.0040997408,56.3702430075,623.1639031222,0.0
12126,0.0,596.046143,174.345154,65.896912,0.2510206919,0.9670458492,0.042555115,0.004154664,56.595028974,621.5082380244,0.0
12127,0.0,597.23114,178.809921,65.942787,0.2510206919,0.9670458492,0.042555115,0.0042084415,56.5261530618,616.7812943458,0.0
12128,0.0,597.7431945,180.973114,65.986305,0.2510206919,0.9670458492,0.042555115,0.0042365556,56.5171758697,614.6485404486,0.0
12129,0.0,598.814941,185.669983,66.042091,0.2510206919,0.9670458492,0.042555115,0.0042864438,56.4100007127,609.8997196625,0.0
12130,0.0,599.453247,188.616318,65.747612,0.2510206919,0.9670458492,0.042555115,0.0042845724,56.1159390501,606.8525520795,0.0
12131,0.0,600.151611,191.840408,65.379929,0.2510206919,0.9670458492,0.042555115,0.0042765231,55.7547886843,603.5129338598,0.0
12132,0.0,600.804871,194.868088,65.075562,0.2510206919,0.9670458492,0.042555115,0.0042719017,55.4395260666,600.4242154126,0.0
12133,0.0,601.755432,198.965805,64.731659,0.2510206919,0.9670458492,0.042555115,0.0042712187,55.0311701638,596.0491660528,0.0
12134,0.0,602.428406,201.790146,64.400375,0.2510206919,0.9670458492,0.042555115,0.004284941,54.8631104872,593.2786739314,0.0
12135,0.0,603.06189,204.498245,64.096962,0.2510206919,0.9670458492,0.042555115,0.004286744,54.6091244166,590.4081801119,0.0
12136,0.0,603.683594,207.398117,63.899807,0.2510206919,0.9670458492,0.042555115,0.004286381,54.3233929814,587.3438043899,0.0
12137,0.0,604.678955,211.733185,63.717106,0.2510206919,0.9670458492,0.042555115,0.0043023131,54.011173533,582.8881569832,0.0
12138,0.0,605.439209,214.713348,63.760437,0.2510206919,0.9670458492,0.042555115,0.0043332932,53.9125403507,579.7446522465,0.0
12139,0.0,605.748169,215.950699,63.760437,0.2510176789,0.9670342417,0.0428357347,,,,
12273,0.0,554.778992,580.128967,66.493042,0.5626142073,0.8261431566,0.030866463,,,,
12274,0.0,554.987427,580.079041,66.550591,0.5626142073,0.8261431566,0.030866463,,,,
12275,0.0,554.18219,582.028931,67.359596,0.5737884293,0.8184768133,0.0293691091,,,,
12276,0.0,554.342041,584.253418,66.656624,0.5834774706,0.8116599362,0.027607775,,,,
12277,0.0,554.404602,586.381104,66.133263,0.589529843,0.807314494,0.0264172668,,,,
12278,0.0,553.831238,589.32782,66.030556,0.5948562461,0.8034369207,0.025202399,,,,
12279,0.0,553.298035,591.906738,66.032928,0.5992104456,0.8002115894,0.0246628063,,,,
12280,0.0,552.861938,594.12323,66.014442,0.6036476538,0.7968950484,0.0238283828,,,,
12281,0.0,552.413208,596.420044,66.016106,0.6079953585,0.7936093116,0.0229326107,,,,
12282,0.0,552.014404,598.524841,66.085526,0.6127528894,0.7899657454,0.0220911215,,,,
12283,0.0,551.331055,601.592041,66.060211,0.6202302258,0.7841307475,0.0212940776,,,,
12284,0.0,550.829041,603.557739,66.006371,0.6238836145,0.7812384283,0.0208747159,,,,
12285,0.0,550.265015,605.534912,65.91346,0.6284002222,0.7776307346,0.0200898315,,,,
12286,0.0,549.193237,607.953735,65.970314,0.6359627709,0.7714879888,0.0189112953,,,,
12287,0.0,548.273315,609.553345,66.105614,0.6447048088,0.7642083931,0.0184727183,,,,
12288,0.0,546.246826,612.723816,66.27758,0.6621991698,0.7491509222,0.0162835862,,,,
12289,0.0,546.3059385,614.1855775,66.0396385,0.6667079113,0.7451290015,0.0156998979,,,,
12290,0.0,546.365051,615.647339,65.801697,0.6712166528,0.7411070808,0.0151162096,,,,
12291,0.0,545.265808,618.421631,65.874786,0.6816192587,0.7315934734,0.0128909241,,,,
12292,0.0,545.260193,619.4120485,65.4872205,0.684915686,0.7285043156,0.0122964401,,,,
12293,0.0,545.254578,620.402466,65.099655,0.6882121134,0.7254151578,0.0117019561,,,,
12294,0.0,545.158386,622.823914,62.963356,0.6981515942,0.7158867597,0.0095130878,,,,
12295,0.0,545.131958,623.897583,61.580204,0.7032132519,0.7109261637,0.0086667253,,,,
12296,0.0,545.155884,625.365295,60.083408,0.7098015904,0.7043614723,0.0075245321,,,,
12297,0.0,545.196472,626.208496,58.445816,0.714569505,0.6995325938,0.0066762886,,,,
12298,0.0,545.357727,627.396667,56.758949,0.722325583,0.6915346648,0.0050556388,,,,
12299,0.0,545.59375,627.769775,55.079533,0.7277317665,0.6858486958,0.0042476474,,,,
12300,0.0,545.960571,628.011963,53.301678,0.7336988341,0.6794662808,0.0034050086,,,,
12301,0.0,546.057129,628.572571,51.505119,0.740551688,0.671995659,0.0022431127,,,,
12302,0.0,545.826904,629.096497,50.314137,0.7464131929,0.6654820083,0.001020808,,,,
12303,0.0,545.973511,630.072876,50.218155,0.7536131671,0.6573181714,-0.0001262397,,,,
12304,0.0,546.067688,630.74939,50.197575,0.757114526,0.6532819396,-0.0005495343,,,,
12305,0.0,546.21814,631.760193,50.147755,0.7581468898,0.6520828652,-0.0011092438,,,,
12306,0.0,546.264771,632.424072,50.12925,0.7583809809,0.6518105279,-0.0011504335,,,,
12307,0.0,546.338379,633.213928,50.087784,0.7564957344,0.6539981174,-0.0008162904,,,,
12308,0.0,546.362732,634.221252,50.050957,0.7479903738,0.6637092361,-0.0006712187,,,,
12309,0.0,546.313232,634.961731,50.047504,0.7363175387,0.6766358191,-0.0006712187,,,,
12310,0.0,546.306213,635.869995,50.005283,0.7223761822,0.6914999645,-0.0006712187,,,,
12311,0.0,546.240479,636.550171,50.017838,0.7114933547,0.7026925558,0.0006150016,,,,
12312,0.0,546.209412,637.233765,49.981823,0.7037720113,0.7104219023,0.0023826165,,,,
12313,0.0,546.191528,638.091553,49.978554,0.7007806855,0.7133701833,0.0030679524,,,,
12314,0.0,546.181702,638.455383,50.107471,0.7007707125,0.7133799802,0.0030679524,,,,
12315,0.0,546.182861,638.946167,50.321869,0.7007707125,0.7133799802,0.0030679524,,,,
12316,0.0,546.157776,639.256348,50.66275,0.7007707125,0.7133799802,0.0030679524,,,,
12317,0.0,546.071411,639.368164,50.869823,0.7005423159,0.713604268,0.0030679524,,,,
12318,0.0,545.970398,639.423279,51.054234,0.7010798879,0.7130761379,0.0030679524,,,,
12319,0.0,546.516968,639.90625,50.860844,0.706203503,0.708005754,0.0021129638,,,,
12320,0.0,546.45459,639.767639,51.04071,0.7112765785,0.7029102217,0.0016879071,,,,
12321,0.0,546.374878,639.655884,51.210037,0.7135206208,0.7006323338,0.0016298575,,,,
12322,0.0,546.120422,639.395874,52.388336,0.7142428139,0.6998960968,0.0016298575,,,,
12323,0.0,546.149902,639.440918,52.388367,0.7143223566,0.6998149144,0.0016298575,,,,
12324,0.0,546.204529,639.413452,52.389549,0.7143223566,0.6998149144,0.0016298575,,,,
12325,0.0,546.299622,639.285339,52.388893,0.7117261398,0.7024559897,0.0012183617,,,,
12326,0.0,546.345825,639.264038,52.376053,0.7100892788,0.7041107104,0.0011504859,,,,
12327,0.0,546.565552,639.106689,52.305687,0.6960395584,0.718001594,0.0016261051,,,,
12328,0.0,546.900696,639.264465,52.126862,0.6882641129,0.7254522681,0.0033937688,,,,
12329,0.0,547.122925,639.255554,51.997746,0.6853286552,0.7282186728,0.0047115687,,,,
12330,0.0,547.122314,639.035889,52.006908,0.6842851204,0.7291975175,0.0049854251,,,,
12331,0.0,546.871826,638.696533,52.079014,0.6840967777,0.7293742142,0.0049854251,,,,
12332,0.0,546.523865,638.387634,52.003254,0.6840967777,0.7293742142,0.0049854251,,,,
12333,0.0,546.358704,638.24884,51.950302,0.6840967777,0.7293742142,0.0049854251,,,,
12334,0.0,546.3044435,638.202179,51.9319325,0.6847225138,0.728787716,0.0047710138,,,,
12335,0.0,546.786133,638.727051,51.621502,0.6872475891,0.7264149463,0.0034752228,,,,
12336,0.0,546.682983,638.636108,51.543831,0.6879385938,0.7257624121,0.0030679524,,,,
12337,0.0,546.61615,638.581177,51.491806,0.6879385938,0.7257624121,0.0030679524,,,,
12338,0.0,546.375549,638.364075,51.406666,0.6879385938,0.7257624121,0.0030679524,,,,
12339,0.0,546.277344,638.260315,51.422375,0.6879385938,0.7257624121,0.0030679524,,,,
12340,0.0,545.938782,637.903259,51.560555,0.6879385938,0.7257624121,0.0030679524,,,,
12341,0.0,545.928955,637.892883,51.566101,0.6879385938,0.7257624121,0.0030679524,,,,
12342,0.0,546.533569,638.530701,51.352631,0.6879385938,0.7257624121,0.0030679524,,,,
12343,0.0,546.456909,638.44989,51.367744,0.6879385938,0.7257624121,0.0030679524,,,,
12344,0.0,546.362976,638.350769,51.38475,0.6879385938,0.7257624121,0.0030679524,,,,
12345,0.0,546.28064,638.250671,51.418961,0.6890074684,0.7247477466,0.0030679524,,,,
12346,0.0,546.102112,638.030579,51.489807,0.6917411205,0.7221424691,0.0021157738,,,,
12347,0.0,546.021912,637.946655,51.537331,0.6917577164,0.7221265906,0.0021092288,,,,
12348,0.0,545.866272,637.78418,51.650761,0.6917577164,0.7221265906,0.0021092288,,,,
12349,0.0,546.489929,638.435242,51.463455,0.6917577164,0.7221265906,0.0021092288,,,,
12350,0.0,546.424622,638.367065,51.498524,0.6917577164,0.7221265906,0.0021092288,,,,
12351,0.0,546.315063,638.252686,51.531334,0.6917577164,0.7221265906,0.0021092288,,,,
12352,0.0,546.215576,638.148865,51.576073,0.6917577164,0.7221265906,0.0021092288,,,,
12353,0.0,546.039673,637.959473,51.645142,0.6922509608,0.7216546831,0.0017679478,,,,
12354,0.0,545.824524,637.70697,51.769661,0.6948180245,0.7191846327,0.0011734195,,,,
12355,0.0,545.697571,637.560364,51.85413,0.6962474526,0.7178015063,0.0006945188,,,,
12356,0.0,545.564819,637.41156,51.941895,0.6974145895,0.7166675938,0.000671114,,,,
12357,0.0,546.309448,638.161743,52.07481,0.6986220813,0.7154892145,0.0015399732,,,,
12358,0.0,546.338806,638.163208,52.193218,0.7009164976,0.7132124912,0.006633686,,,,
12359,0.0,546.359314,638.160889,53.119465,0.7027545473,0.7113494849,0.0108607784,,,,
12360,0.0,546.44574,638.173523,54.281712,0.7082801519,0.7050521092,0.0352242772,,,,
12361,0.0,546.616089,638.170776,55.965164,0.7204596041,0.6905979018,0.0633442726,,,,
12362,0.0,546.781555,638.091736,57.034958,0.7367316388,0.6701440648,0.0901855025,,,,
12363,0.0,546.974915,637.894226,58.544205,0.7605967485,0.6367746959,0.1265328923,,,,
12364,0.0,546.995728,637.613892,59.933975,0.7794092178,0.6084590203,0.1493281347,,,,
12365,0.0,547.011353,637.347961,61.419327,0.7974336065,0.5811815323,0.1622580347,,,,
12366,0.0,546.865173,637.570801,62.828789,0.8120853561,0.5584155995,0.1693794339,,,,
12367,0.0,546.787415,637.795166,64.235229,0.8240557758,0.5395468601,0.1726883441,,,,
12368,0.0,546.536865,638.091187,65.60704,0.8300776165,0.5295929528,0.1746495202,,,,
12369,0.0,547.319031,639.270386,67.062271,0.8331113766,0.5247148542,0.1749278594,,,,
12370,0.0,547.973572,640.105957,67.265739,0.8359923285,0.5198228243,0.1757869676,,,,
12371,0.0,548.995483,641.108459,67.176003,0.838262623,0.5155306521,0.1776060855,,,,
12372,0.0,549.818481,641.583191,67.196617,0.8450531681,0.5033018592,0.1804782028,,,,
12373,0.0,552.214783,642.983398,66.82946,0.8626911571,0.4701546691,0.1863291568,,,,
12374,0.0,553.566345,643.721375,66.606651,0.8752500746,0.4446888928,0.1902343173,,,,
12375,0.0,555.097595,644.546204,66.366379,0.8882162823,0.4167664453,0.1933327856,,,,
12376,0.0,555.942871,645.1683655,66.2033885,0.8928859176,0.4059836624,0.1944036608,,,,
12377,0.0,558.492737,646.423889,65.861511,0.9025512004,0.3831273027,0.1965064901,,,,
12378,0.0,559.4868775,646.820099,65.7219735,0.9036391708,0.3805209051,0.19655053,,,,
12379,0.0,562.463684,647.44458,65.43972,0.9051567929,0.3768842465,0.1965946212,,,,
12380,0.0,564.545471,647.283386,65.207558,0.9051648997,0.3768647847,0.1965946041,,,,
12381,0.0,566.14325,647.104736,65.022118,0.9051648997,0.3768647847,0.1965946041,,,,
12382,0.0,568.855286,646.765503,64.842857,0.9051648997,0.3768647847,0.1965946041,,,,
12383,0.0,570.637817,646.491699,64.77504,0.9051648997,0.3768647847,0.1965946041,,,,
12384,0.0,573.605103,645.921692,64.714333,0.9051648997,0.3768647847,0.1965946041,,,,
12385,0.0,575.72168,645.404297,64.653015,0.9051648997,0.3768647847,0.1965946041,,,,
12386,0.0,578.112,644.573669,64.61898,0.9051648997,0.3768647847,0.1965946041,,,,
12387,0.0,580.407532,643.774536,64.537315,0.904687301,0.3780098441,0.1965946212,,,,
12388,0.0,582.720947,642.787415,64.496338,0.9041294263,0.3793422494,0.1965946041,,,,
12389,0.0,585.148987,641.9198,64.468582,0.8982601994,0.3913665975,0.1999019774,,,,
12390,0.0,587.15918,640.820007,64.644798,0.892053226,0.403888444,0.202768752,,,,
12391,0.0,589.500427,639.533264,64.700249,0.8873346967,0.4130938546,0.2049160886,,,,
12392,0.0,591.652954,638.045898,64.812172,0.8838445736,0.4199926164,0.2059732311,,,,
12393,0.0,593.849121,636.522644,64.806808,0.8817321797,0.4243578734,0.2060794958,,,,
12394,0.0,596.131287,634.593567,64.901199,0.8807049587,0.4264856588,0.2060794958,,,,
12395,0.0,598.256104,632.738647,64.905594,0.8806154791,0.426670379,0.2060795128,,,,
12396,0.0,600.417358,630.51886,65.007278,0.8793956284,0.4287878223,0.2068920786,,,,
12397,0.0,602.724182,628.114807,65.039001,0.875994023,0.4356353807,0.2070176001,,,,
12398,0.0,604.68457,625.599243,65.101204,0.871509079,0.4449669643,0.2060978553,,,,
12399,0.0,606.192627,623.579773,65.083282,0.864680179,0.4581041611,0.2060795128,,,,
12400,0.0,608.038086,620.886536,64.935844,0.8542597418,0.4772541545,0.2060795128,,,,
12401,0.0,609.540466,618.757263,65.026016,0.8365306607,0.5075242034,0.2064839862,,,,
12402,0.0,611.644714,615.840271,64.963364,0.8161450432,0.539512145,0.2069635568,,,,
12403,0.0,613.47345,613.2854,64.860748,0.7819854041,0.5873390844,0.208642344,,,,
12404,0.0,614.923767,611.423279,64.73291,0.742471558,0.6354628239,0.2119504307,,,,
12405,0.0,617.518188,608.32782,64.42218,0.67833958,0.7007335935,0.2209702359,,,,
12406,0.0,619.538696,606.117859,64.321472,0.6186862432,0.7514462297,0.2292507281,,,,
12407,0.0,621.518311,604.082642,64.090607,0.5684108653,0.7880095475,0.2365376106,,,,
12408,0.0,623.671387,601.575562,64.069756,0.5227847705,0.8171136797,0.2429430348,,,,
12409,0.0,626.075317,598.772095,63.947388,0.4947250611,0.833503786,0.2460051882,,,,
12410,0.0,627.827209,596.84021,63.576675,0.464606441,0.8495404394,0.2498437447,,,,
12411,0.0,629.256104,595.534729,62.910297,0.4406863385,0.8606340196,0.2551561,,,,
12412,0.0,629.32309,595.607788,62.609245,0.4345268114,0.8632721212,0.2567106912,,,,
12413,0.0,629.141541,595.981079,62.036545,0.4228263724,0.8680537871,0.260193162,,,,
12414,0.0,628.375,596.606201,61.696083,0.4149349578,0.8711558832,0.2625193479,,,,
12415,0.0,627.514771,597.450012,61.753616,0.4081400423,0.8738949737,0.2640630245,,,,
12416,0.0,626.618408,597.94812,61.956371,0.401667194,0.876468894,0.2654538437,,,,
12417,0.0,625.954041,598.542114,62.333466,0.394779415,0.8792842231,0.2664741425,,,,
12418,0.0,625.492432,598.94043,62.342781,0.3894406412,0.8816175983,0.2666203245,,,,
12419,0.0,624.878418,599.06311,62.512733,0.387550532,0.8824501049,0.2666203245,,,,
12420,0.0,623.350342,599.296936,62.860912,0.386236384,0.88302607,0.2666203581,,,,
12421,0.0,621.966736,599.650757,63.08905,0.3860899828,0.8830900916,0.2666203581,,,,
12422,0.0,620.573608,600.102112,63.257973,0.3860899828,0.8830900916,0.2666203581,,,,
12423,0.0,619.433411,600.177185,63.649311,0.3860899828,0.8830900916,0.2666203581,,,,
12424,0.0,618.646179,599.997437,64.026947,0.3860899828,0.8830900916,0.2666203581,,,,
12425,0.0,617.840637,599.206787,64.821846,0.3860899828,0.8830900916,0.2666203581,,,,
12426,0.0,617.184082,598.346985,65.6175,0.3860899828,0.8830900916,0.2666203581,,,,
12427,0.0,617.408142,598.272461,65.619072,0.3853194023,0.883426612,0.2666202908,,,,
12428,0.0,617.741699,598.144714,65.62178,0.3846167544,0.8837327394,0.2666203245,,,,
12429,0.0,618.242188,597.98877,65.616539,0.3843959744,0.8838287841,0.2666203581,,,,
12430,0.0,618.912476,597.924561,65.528084,0.3843959744,0.8838287841,0.2666203581,,,,
12431,0.0,619.713806,597.971069,65.405388,0.3860735256,0.8830972967,0.2666203245,,,,
12432,0.0,620.457947,597.979858,65.272888,0.3867091291,0.8828191401,0.2666203581,,,,
12433,0.0,621.717163,597.90509,65.065483,0.3869364628,0.8827195242,0.2666203581,,,,
12434,0.0,623.024719,597.960876,64.781151,0.3869364628,0.8827195242,0.2666203581,,,,
12435,0.0,624.578918,597.871887,64.46981,0.3869364628,0.8827195242,0.2666203581,,,,
12436,0.0,626.242859,597.56189,64.176666,0.3869364628,0.8827195242,0.2666203581,,,,
12437,0.0,628.263123,596.766357,64.088898,0.3869364628,0.8827195242,0.2666203581,,,,
12438,0.0,630.18866,595.898865,63.956394,0.3868500305,0.882522681,0.2673962816,,,,
12439,0.0,631.55658,595.294006,63.840809,0.3860708254,0.8822626165,0.2693733342,,,,
12440,0.0,632.759155,594.874146,63.764626,0.3841159395,0.8823617253,0.2718321738,,,,
12441,0.0,633.13562,594.550171,63.742317,0.3818061125,0.8824197983,0.2748806867,,,,
12442,0.0,632.955627,594.12616,63.872219,0.3802298803,0.882618786,0.276422352,,,,
12443,0.0,632.781067,592.838318,64.40818,0.379159546,0.8825802629,0.2780110037,,,,
12444,0.0,632.019714,592.492737,64.863571,0.3779736354,0.8826196284,0.2794969095,,,,
12445,0.0,631.47583,593.052795,65.136688,0.3769397131,0.8827413007,0.2805071278,,,,
12446,0.0,631.487427,594.002136,65.026421,0.3769005968,0.8827460191,0.2805448376,,,,
12447,0.0,630.991882,595.025452,65.07576,0.3765246394,0.8818654824,0.2838000474,,,,
12448,0.0,630.285522,596.24115,64.850319,0.3763996484,0.8815720994,0.2848753031,,,,
12449,0.0,628.848328,597.746094,64.510216,0.3761881355,0.881077052,0.2866805106,,,,
12450,0.0,627.260986,598.743042,64.410118,0.3746196721,0.8816476246,0.2869800816,,,,
12451,0.0,626.082397,599.659058,64.223885,0.373793184,0.881787995,0.2876257767,,,,
12452,0.0,623.530762,600.786072,64.14373,0.3726180841,0.8819155478,0.2887572163,,,,
12453,0.0,621.711853,601.323669,64.149979,0.3712111832,0.8822643118,0.2895029214,,,,
12454,0.0,619.037842,602.173767,64.090889,0.3689171042,0.8825674776,0.2915044044,,,,
12455,0.0,615.30188,602.997131,64.088097,0.3652833532,0.8836480365,0.2928040632,,,,
12456,0.0,612.465881,604.336792,64.088203,0.3637969198,0.8840905741,0.293318356,,,,
12457,0.0,611.333435,604.820282,64.1406745,0.3632936378,0.884283382,0.2933604282,,,,
12458,0.0,610.200989,605.303772,64.193146,0.3627903557,0.8844761899,0.2934025004,,,,
12459,0.0,606.304443,606.943298,63.835938,0.362705792,0.8845108767,0.2934024837,,,,
12460,0.0,605.899231,606.960144,63.683693,0.362705792,0.8845108767,0.2934024837,,,,
12461,0.0,605.079773,606.708313,63.329388,0.362705792,0.8845108767,0.2934024837,,,,
12462,0.0,604.964294,605.927429,63.14135,0.362146615,0.8847399685,0.2934024837,,,,
12463,0.0,605.103882,605.160461,63.11639,0.3610885433,0.8851723258,0.2934024837,,,,
12464,0.0,605.568726,604.980469,63.099075,0.3610091022,0.8852047281,0.2934024837,,,,
12465,0.0,606.210876,604.704163,63.075691,0.3610091022,0.8852047281,0.2934024837,,,,
12466,0.0,606.870361,604.435547,63.069977,0.3610091022,0.8852047281,0.2934024837,,,,
12467,0.0,607.507568,604.243713,63.072048,0.3610091022,0.8852047281,0.2934024837,,,,
12468,0.0,608.210815,604.026489,63.096752,0.3610091022,0.8852047281,0.2934024837,,,,
12469,0.0,608.594238,603.909241,63.157047,0.3610091022,0.8852047281,0.2934024837,,,,
12470,0.0,609.081726,603.617981,63.298584,0.3609414011,0.885038723,0.2939859923,,,,
12471,0.0,609.715454,603.125061,63.610088,0.360902712,0.8849438563,0.294318881,,,,
12472,0.0,610.045471,602.620972,64.035042,0.3615405854,0.8846834581,0.2943188477,,,,
12473,0.0,610.352905,601.704163,64.559166,0.3612481328,0.883368163,0.2985975135,,,,
12474,0.0,610.322266,601.394531,64.915253,0.3615122188,0.8822500082,0.3015689618,,,,
12475,0.0,609.811951,601.212158,65.387779,0.3620755007,0.8808466952,0.3049761161,,,,
12476,0.0,609.256775,601.589294,65.602127,0.3618088958,0.8799194971,0.3079545445,,,,
12477,0.0,608.95282,602.636841,65.414558,0.3617993512,0.8798962846,0.3080320726,,,,
12478,0.0,607.829895,603.711304,65.40905,0.3617993512,0.8798962846,0.3080320726,,,,
12479,0.0,606.328735,604.388916,65.795799,0.3617993512,0.8798962846,0.3080320726,,,,
12480,0.0,605.139282,604.857727,65.920319,0.3617993512,0.8798962846,0.3080320726,,,,
12481,0.0,604.115784,605.283142,66.028999,0.3618709006,0.880070293,0.307450371,,,,
12482,0.0,602.744934,605.929871,66.137505,0.3621207583,0.880677641,0.3054102961,,,,
12483,0.0,601.892212,606.36499,66.212074,0.3619245866,0.8819309703,0.3020072138,,,,
12484,0.0,600.605713,607.084045,66.288132,0.3605687057,0.8837893188,0.2981721792,,,,
12485,0.0,599.725769,607.55011,66.311951,0.3600878151,0.8847268353,0.2959648498,,,,
12486,0.0,599.007812,607.56958,66.407211,0.3573904734,0.8871068595,0.2920846955,,,,
12487,0.0,599.146851,606.468384,66.598183,0.3547933561,0.8889343937,0.2896848601,,,,
12488,0.0,599.248657,605.716675,66.702499,0.350290851,0.8917839993,0.2863871824,,,,
12489,0.0,599.334656,605.685547,66.694252,0.3470235467,0.8935673547,0.2848017567,,,,
12490,0.0,599.884277,605.47998,66.667694,0.3437009247,0.8955329718,0.2826488473,,,,
12491,0.0,600.501892,605.299438,66.625305,0.3409207676,0.8969623205,0.2814811287,,,,
12492,0.0,601.174438,605.244629,66.539368,0.3388258197,0.8979985357,0.2807057068,,,,
12493,0.0,601.845398,605.178711,66.39061,0.3364778976,0.8991628908,0.2798012157,,,,
12494,0.0,602.80426,604.980835,66.110313,0.333618533,0.9005720152,0.2786910833,,,,
12495,0.0,603.390076,604.827393,65.801292,0.3315334888,0.9013662019,0.2786117655,,,,
12496,0.0,604.523193,604.682861,65.35833,0.3265343318,0.9031892461,0.2786117655,,,,
12497,0.0,606.323547,604.393555,64.772331,0.3172637705,0.907248547,0.2761227516,,,,
12498,0.0,606.9785765,604.28537,64.561924,0.3123068152,0.909355993,0.2747823168,,,,
12499,0.0,608.662415,604.018677,63.989033,0.2996007214,0.9147792683,0.2709581113,0.0388854518,469.7725713224,1701.1499656424,0.0
12500,0.0,609.3881535,603.8923035,63.767912,0.2951070818,0.9165663132,0.2698023008,0.038167981,465.4718740206,1701.1115359273,0.0
12501,0.0,611.218262,603.588684,63.229172,0.2831932485,0.921129846,0.2670606502,0.0364249818,454.9125469309,1701.0007092031,0.0
12502,0.0,612.46991,603.363464,62.929043,0.2792715613,0.9224537819,0.2666203581,0.0360334805,452.3539362093,1700.4279195744,0.0
12503,0.0,613.758301,603.115723,62.681721,0.2774050967,0.9231810971,0.2660508866,0.0357751984,450.5648098135,1699.6936374422,0.0
12504,0.0,614.6520995,603.000885,62.4791355,0.2766763636,0.9234504963,0.2658735331,0.0356906537,449.8913737683,1699.1261377682,0.0
12505,0.0,616.980652,602.435913,62.229343,0.2758681792,0.9237436219,0.2656961965,0.035666354,449.4405997102,1697.9907323583,0.0
12506,0.0,618.443665,602.050659,62.185188,0.2758681792,0.9237436219,0.2656961965,0.0357568865,449.3839404182,1695.665095345,0.0
12507,0.0,620.331421,601.538818,62.141174,0.2758681792,0.9237436219,0.2656961965,0.0358679221,449.1537126282,1692.2188967089,0.0
12508,0.0,621.683899,601.292969,62.115639,0.2752160588,0.9239381262,0.2656961796,0.0359119514,448.7556956016,1689.7015209658,0.0
12509,0.0,623.472595,600.850403,62.104332,0.2712733025,0.9251034188,0.2656961796,0.035763738,446.9691354231,1686.3946669775,0.0
12510,0.0,625.070801,600.518188,62.179241,0.2647502541,0.9269912853,0.2656961796,0.0354643381,444.3319319895,1683.3779619407,0.0
12511,0.0,626.523743,600.152527,62.192215,0.256320719,0.9291662325,0.2663640393,0.0352698778,442.413471026,1680.640840698,0.0
12512,0.0,628.317261,599.710144,62.184978,0.2377642848,0.9333174222,0.2690478291,0.0353452374,441.9535841927,1677.1352468526,0.0
12513,0.0,629.557861,599.44458,62.157272,0.2136522154,0.9378670372,0.273419369,0.0361818326,446.3566114054,1674.5034818498,0.0
12514,0.0,631.170349,599.118103,62.122677,0.1681115704,0.9451522158,0.2800460477,0.0389988377,462.055904536,1670.820392148,0.0
12515,0.0,632.00116,598.791992,62.114525,0.1095009303,0.9523888528,0.284543528,0.044689347,493.2165868453,1668.5060511719,0.0
12516,0.0,634.156982,598.232422,62.167019,-0.0271651738,0.957553722,0.2869719895,0.0692869755,608.8876975409,1664.7634563172,0.0
12517,0.0,635.782715,597.957947,62.224056,-0.150577672,0.9457870066,0.2877730057,0.0595217212,354.4745056534,1043.0205669047,1.0
12518,0.0,637.074158,597.788086,62.271511,-0.2933837273,0.911501597,0.2882547957,0.0421151719,298.8987367821,1040.905301497,1.0
12519,0.0,638.659424,597.586182,62.324505,-0.4390325908,0.8508253828,0.2886980296,0.0477723449,317.3695371236,1039.2301272491,1.0
12520,0.0,638.596802,596.831543,62.434875,-0.6276079166,0.7240008961,0.2862359262,0.0997466534,451.0020691797,1035.9137906816,1.0
12521,0.0,638.319519,595.826416,62.512928,-0.7757979399,0.5644195184,0.2820782935,,,,
12522,0.0,638.351257,594.289124,66.316887,-0.8900305649,0.3592375808,0.2807026078,,,,
12523,0.0,639.466797,592.947388,71.669693,-0.9336653219,0.1764626531,0.3116568605,,,,
12524,0.0,640.972534,593.18396,75.060501,-0.9310084827,0.1671736295,0.3244629143,,,,
12525,0.0,643.470459,593.644165,80.093857,-0.9300228288,0.1656946026,0.3280287131,,,,
12526,0.0,645.157227,593.903748,83.154808,-0.9300228288,0.1656946026,0.3280287131,,,,
12527,0.0,647.904663,594.281616,87.778984,-0.9300228288,0.1656946026,0.3280287131,,,,
12528,0.0,649.788879,594.567444,90.879242,-0.9300228288,0.1656946026,0.3280287131,,,,
12529,0.0,652.284668,594.941223,94.826859,-0.9300228288,0.1656946026,0.3280287131,,,,
12530,0.0,654.022827,595.253174,97.566887,-0.9300228288,0.1656946026,0.3280287131,,,,
12531,0.0,655.845703,595.576477,100.396233,-0.9300228288,0.1656946026,0.3280287131,,,,
12532,0.0,656.808838,595.289856,103.28907,-0.9300228288,0.1656946026,0.3280287131,,,,
12533,0.0,657.285767,594.183105,106.778107,-0.9300228288,0.1656946026,0.3280287131,,,,
12534,0.0,657.588623,593.50708,108.827423,-0.9300228288,0.1656946026,0.3280287131,,,,
12535,0.0,657.836243,592.71051,110.987091,-0.9354121002,0.1461732238,0.321927929,,,,
12536,0.0,657.825745,591.355286,113.828896,-0.9433522039,0.0414451522,0.329194348,,,,
12537,0.0,657.600525,589.789246,115.618614,-0.9327733882,-0.1055766177,0.3446554569,,,,
12538,0.0,657.834595,586.085938,117.895264,-0.8572519998,-0.3712020627,0.3568305444,,,,
12539,0.0,659.961975,581.004333,120.520943,-0.626956878,-0.6900990185,0.3615085308,,,,
12540,0.0,660.9490965,579.7099605,121.2951585,-0.5412165834,-0.7499110796,0.3657473638,,,,
12541,0.0,661.936218,578.415588,122.069374,-0.4554762888,-0.8097231407,0.3699861967,,,,
12542,0.0,663.518982,576.517029,123.056061,-0.3591661226,-0.8505239856,0.3841987067,,,,
12543,0.0,664.100403,575.714539,123.358749,-0.342925879,-0.8549919261,0.3890895114,,,,
12544,0.0,664.3909915,575.289307,123.424667,-0.3455974846,-0.8521667714,0.3928673834,,,,
12545,0.0,665.067932,574.284851,123.355759,-0.3582783847,-0.8429375867,0.4013637053,,,,
12546,0.0,665.469299,573.727844,123.104286,-0.3635217356,-0.8397481278,0.4033299264,,,,
12547,0.0,666.130432,572.811035,122.480392,-0.3667491903,-0.8380564817,0.4039261873,,,,
12548,0.0,666.62915,572.079224,121.855835,-0.3669391133,-0.8379733499,0.4039261713,,,,
12549,0.0,667.236938,571.224548,120.957504,-0.3669391133,-0.8379733499,0.4039261713,,,,
12550,0.0,667.840637,570.354431,119.905762,-0.3669391133,-0.8379733499,0.4039261713,,,,
12551,0.0,668.55249,569.312561,118.486725,-0.3662807669,-0.8382613167,0.4039261873,,,,
12552,0.0,669.111938,568.482178,117.187973,-0.3661355573,-0.8383247591,0.4039261713,,,,
12553,0.0,669.928833,567.291748,115.000671,-0.3661355573,-0.8383247591,0.4039261713,,,,
12554,0.0,670.483276,566.442993,113.276245,-0.3668498496,-0.8380124242,0.4039261873,,,,
12555,0.0,671.061157,565.599365,111.343285,-0.3675924322,-0.8376869576,0.4039261873,,,,
12556,0.0,671.338989,564.845581,109.273186,-0.3819359338,-0.8334002773,0.399460787,,,,
12557,0.0,671.34021,564.284363,107.084961,-0.4238232125,-0.8163836974,0.3922901263,,,,
12558,0.0,671.178955,563.612976,103.73288,-0.5452747767,-0.7429605435,0.3881817212,,,,
12559,0.0,670.768982,564.119812,100.793823,-0.6989250365,-0.6002295265,0.3888808415,,,,
12560,0.0,670.575989,565.152588,97.623795,-0.8600008517,-0.3303120905,0.3889633117,,,,
12561,0.0,670.731567,565.173401,95.027855,-0.9120970121,-0.1295624178,0.3889635208,,,,
12562,0.0,671.0047,565.508911,91.167023,-0.9052566682,0.1840741122,0.3829191636,,,,
12563,0.0,671.937988,566.718201,88.088745,-0.8390208842,0.3965451843,0.3725531811,,,,
12564,0.0,672.90686,566.70105,83.615776,-0.7049164531,0.6147839184,0.3537421771,,,,
12565,0.0,673.437012,566.228516,80.147293,-0.6220719915,0.7041656014,0.342311617,,,,
12566,0.0,671.587708,565.887146,73.536346,-0.565840197,0.7543983942,0.3327280184,,,,
12567,0.0,670.129333,565.48053,63.097008,-0.5469384273,0.7707511162,0.3268043355,,,,
12568,0.0,669.769714,564.313354,59.781391,-0.5542167674,0.7660450835,0.3256051361,,,,
12569,0.0,668.859741,562.435364,57.408257,-0.5802447515,0.7470145078,0.324477046,,,,
12570,0.0,668.289917,561.10498,56.381535,-0.5976921603,0.7331619331,0.3244035472,,,,
12571,0.0,667.807861,558.953186,56.80114,-0.6135414548,0.719950817,0.3244036132,,,,
12572,0.0,667.797119,557.652283,56.959328,-0.6168334427,0.7168211291,0.3250907147,,,,
12573,0.0,667.942078,555.654968,57.021481,-0.6253165223,0.709332405,0.3253102922,,,,
12574,0.0,668.131165,554.154602,56.970154,-0.6360383273,0.6984560058,0.3280464207,,,,
12575,0.0,668.676819,552.176392,56.938061,-0.6392701498,0.6950798013,0.328934257,,,,
12576,0.0,668.97583,550.735657,56.911068,-0.6392701498,0.6950798013,0.328934257,,,,
12577,0.0,669.781311,548.609741,56.869621,-0.6392701498,0.6950798013,0.328934257,,,,
12578,0.0,670.538452,547.367371,56.891865,-0.6392701498,0.6950798013,0.328934257,,,,
12579,0.0,671.919312,545.778564,57.018429,-0.6392701498,0.6950798013,0.328934257,,,,
12580,0.0,673.493591,544.37146,57.305099,-0.6392701498,0.6950798013,0.328934257,,,,
12581,0.0,675.095886,543.180542,57.718445,-0.6392701498,0.6950798013,0.328934257,,,,
12582,0.0,677.339355,541.888123,58.168152,-0.6392701498,0.6950798013,0.328934257,,,,
12583,0.0,679.797302,540.517212,58.795052,-0.6392701498,0.6950798013,0.328934257,,,,
12584,0.0,683.658997,538.809326,59.545898,-0.6355558857,0.7007787737,0.3240028185,,,,
12585,0.0,686.49353,537.70459,59.997726,-0.6300201777,0.7090345195,0.3167721985,,,,
12586,0.0,688.9104,536.842896,60.326046,-0.6286729655,0.7115097675,0.3138855736,,,,
12587,0.0,691.291626,536.073853,60.792305,-0.6285431203,0.7127460464,0.3113304022,,,,
12588,0.0,693.755615,535.402588,61.071007,-0.6261354637,0.7170204569,0.3063266972,,,,
12589,0.0,696.407593,534.698303,61.40374,-0.6219898725,0.7224117325,0.3020759626,,,,
12590,0.0,699.032715,534.105408,61.6059,-0.6171619148,0.7284847077,0.2973570272,,,,
12591,0.0,701.18512,533.621338,61.857479,-0.6116264234,0.7346599077,0.2935778231,,,,
12592,0.0,704.196899,532.997437,62.194553,-0.6043441575,0.7427228723,0.288324252,,,,
12593,0.0,706.254028,532.594971,62.366215,-0.6006351848,0.7466297275,0.2859745178,,,,
12594,0.0,708.99939,532.075378,62.666851,-0.5978958065,0.7496737846,0.2837425264,,,,
12595,0.0,711.464417,531.391785,63.056206,-0.5970285488,0.7508033185,0.2825797037,,,,
12596,0.0,714.086182,530.691101,63.01292,-0.5964255178,0.7516597419,0.2815745622,,,,
12597,0.0,716.35968,530.085144,62.789276,-0.5951738342,0.7530115512,0.2806095347,,,,
12598,0.0,718.516418,529.623962,62.293911,-0.5933076761,0.7552053964,0.2786589508,,,,
12599,0.0,719.810913,529.39093,61.605415,-0.5931003728,0.7560993733,0.2766689096,,,,
12600,0.0,721.523926,529.088257,60.528057,-0.5916228898,0.7580638749,0.2744476597,,,,
12601,0.0,723.168091,528.840515,59.420063,-0.5904101528,0.7599513664,0.2718267319,,,,
12602,0.0,724.723267,528.724487,57.771336,-0.5888714936,0.7624712932,0.2680818739,,,,
12603,0.0,726.285034,528.604248,56.097294,-0.5872839567,0.7654165433,0.2631255774,,,,
12604,0.0,727.736145,528.649841,54.026588,-0.5862350948,0.7687604318,0.255608709,,,,
12605,0.0,728.690063,528.732971,52.343555,-0.5854200802,0.7708577257,0.2511208801,,,,
12606,0.0,730.337097,528.828857,50.076252,-0.5852525555,0.7734514662,0.2434179034,,,,
12607,0.0,731.675476,528.889648,47.891529,-0.5859105863,0.7760605249,0.2333213375,,,,
12608,0.0,732.559937,528.661743,46.23727,-0.5869655026,0.7774774124,0.2258326194,,,,
12609,0.0,732.708679,528.330872,46.60358,-0.5883409497,0.7781081768,0.220005891,,,,
12610,0.0,733.376221,527.915161,46.708836,-0.5901487529,0.7788919539,0.2122540308,,,,
12611,0.0,733.848206,527.644714,47.05312,-0.5911713764,0.7799341337,0.2054729929,,,,
12612,0.0,734.347778,527.356689,47.811619,-0.5927888723,0.7805157699,0.1984854802,,,,
12613,0.0,735.171936,527.175537,49.070366,-0.594331871,0.7803476812,0.1944919627,,,,
12614,0.0,735.610596,526.84729,49.780632,-0.5959758152,0.7801496718,0.1902086154,,,,
12615,0.0,735.899048,526.566589,50.36462,-0.5977095797,0.7794919577,0.1874447818,,,,
12616,0.0,736.039917,526.575623,50.257202,-0.5989062326,0.7794180022,0.1838991634,,,,
12617,0.0,735.593506,526.496521,49.90279,-0.6014087074,0.7785353841,0.179416338,,,,
12618,0.0,735.189331,526.326782,49.733894,-0.6033959376,0.7778678167,0.1755989814,,,,
12619,0.0,734.534668,526.063049,49.457489,-0.6046290549,0.7777145511,0.1719993693,,,,
12681,0.0,725.120361,512.608337,50.509403,-0.4729973473,-0.877616271,0.0778664901,,,,
12682,0.0,725.121704,512.610901,50.475727,-0.4729973473,-0.877616271,0.0778664901,,,,
12683,0.0,725.457092,512.642822,49.260277,-0.474723254,-0.8775261143,0.0677181718,,,,
12684,0.0,726.123413,513.187317,48.651451,-0.4731240448,-0.8790889634,0.0579330011,,,,
12685,0.0,726.846497,513.522644,48.337494,-0.4671075907,-0.8829309623,0.0473646977,,,,
12686,0.0,727.373596,513.64624,48.214516,-0.4611317496,-0.8863914814,0.0408368855,,,,
12687,0.0,727.960754,513.600952,48.234867,-0.4559269705,-0.8892871122,0.0360420551,,,,
12688,0.0,728.087402,512.76709,47.950474,-0.4546325508,-0.8899650482,0.0356574923,,,,
12689,0.0,728.483459,512.715271,47.909794,-0.4519285256,-0.8913412091,0.0356574923,,,,
12690,0.0,729.116638,512.627136,47.818813,-0.4436313471,-0.8953835602,0.0384643725,,,,
12691,0.0,729.586182,512.535278,47.788605,-0.4361740491,-0.8989301664,0.0409481967,,,,
12692,0.0,730.167236,512.45343,47.767159,-0.4307979426,-0.9014570418,0.0422887036,,,,
12693,0.0,730.581848,512.417847,47.761154,-0.4298418656,-0.9018780992,0.0430332982,,,,
12694,0.0,731.143982,512.317322,47.803005,-0.4295766145,-0.9019906813,0.0433213926,,,,
12695,0.0,731.570251,512.064453,48.200367,-0.4295766145,-0.9019906813,0.0433213926,,,,
12696,0.0,731.930359,511.931427,48.507999,-0.4295766145,-0.9019906813,0.0433213926,,,,
12697,0.0,732.076416,511.32077,49.653526,-0.4264106634,-0.9035747968,0.0415515666,,,,
12698,0.0,732.495056,511.48999,49.710022,-0.420137862,-0.9066884267,0.0374202312,,,,
12699,0.0,732.960815,511.309601,49.728725,-0.4062395378,-0.9131058749,0.0347433321,,,,
12700,0.0,733.452026,511.27951,49.768574,-0.3951544039,-0.9179909842,0.0338459757,,,,
12701,0.0,733.719604,511.084167,50.156502,-0.3863403215,-0.9216835705,0.035221469,,,,
12702,0.0,733.493469,509.962158,50.562176,-0.3832609379,-0.9229515679,0.0356574923,,,,
12703,0.0,733.434448,509.67569,51.085735,-0.3832365977,-0.9229616749,0.0356574923,,,,
12704,0.0,733.380127,509.516479,51.521191,-0.3832365977,-0.9229616749,0.0356574923,,,,
12705,0.0,733.523804,509.782227,51.676777,-0.3794383476,-0.9245296553,0.0356574923,,,,
12706,0.0,733.6189575,509.883484,51.6871435,-0.3730685774,-0.9270563668,0.0365856473,,,,
12707,0.0,733.714111,509.984741,51.69751,-0.3666988071,-0.9295830783,0.0375138023,,,,
12708,0.0,733.692566,509.851776,51.742519,-0.3630305248,-0.9309465966,0.0393353825,,,,
12709,0.0,733.685303,509.830139,51.742519,-0.3628855505,-0.9309998375,0.039412562,,,,
12710,0.0,733.67804,509.808502,51.742519,-0.3627405762,-0.9310530784,0.0394897415,,,,
12711,0.0,734.996216,513.191895,51.742519,-0.3627405762,-0.9310530784,0.0394897415,,,,
12712,0.0,735.34967,513.930542,51.742519,-0.3429487455,-0.9383089488,0.0442998262,,,,
12713,0.0,735.680054,514.529175,51.742519,-0.2960230966,-0.9536470181,0.0541081439,,,,
12714,0.0,735.938843,515.138123,51.742519,-0.2468528973,-0.9669482367,0.0638338046,,,,
12715,0.0,735.934967,514.89502,51.742519,-0.212337363,-0.9740483514,0.0697556538,,,,
12716,0.0,736.002991,514.974182,51.742519,-0.1664848047,-0.9830452907,0.0768424763,,,,
12717,0.0,736.062561,515.334656,51.742519,-0.1683036688,-0.9827301926,0.0769106211,,,,
12718,0.0,736.0777895,515.442047,51.742519,-0.1736850834,-0.9820103212,0.073825646,,,,
13144,0.0,-1080.584473,1235.487183,-21.02836,0.0040366692,0.9569039872,0.2903764187,,,,
13145,0.0,-1078.43457,1238.458496,-33.609367,0.133182854,0.9478796819,0.2894588677,,,,
13146,0.0,-1078.452759,1238.328247,-34.960617,0.133182854,0.9478796819,0.2894588677,,,,
13147,0.0,-1077.005737,1240.587769,-36.153191,0.2287995803,0.9299224095,0.2879150299,,,,
13148,0.0,-1079.166992,1237.560547,-37.575409,0.3590350386,0.8893240628,0.283189958,,,,
13149,0.0,-1079.127319,1239.764771,-38.607742,0.4213230063,0.8629894077,0.2788121349,,,,
13150,0.0,-1079.327026,1243.094116,-40.053738,0.4989063684,0.8233895308,0.2704110134,,,,
13151,0.0,-1079.615967,1245.42981,-41.133606,0.5425325592,0.7974289421,0.2641316047,,,,
13152,0.0,-1080.041748,1247.859009,-42.260075,0.5791752555,0.7736267361,0.2570169188,,,,
13153,0.0,-1080.838867,1251.349121,-43.605442,0.618696246,0.7450638265,0.2491883816,,,,
13154,0.0,-1081.52124,1253.880737,-44.754929,0.644229429,0.7245492588,0.2449424715,,,,
13155,0.0,-1082.321411,1256.546265,-45.944878,0.6692477697,0.7030317042,0.2405282637,,,,
13156,0.0,-1083.19043,1259.218018,-47.15781,0.6935760956,0.6808365775,0.2354012625,,,,
13157,0.0,-1084.126465,1261.931763,-48.390076,0.7193937352,0.6552266452,0.2305443497,,,,
13158,0.0,-1085.068481,1264.513428,-49.662144,0.7409874046,0.6324955501,0.2255815714,,,,
13159,0.0,-1086.133057,1267.306885,-49.100746,0.7631344318,0.6083273659,0.2180909329,,,,
13160,0.0,-1087.125854,1270.185669,-48.333397,0.7868860963,0.5807126561,0.208765616,,,,
13161,0.0,-1088.032837,1273.206299,-47.245399,0.8040884993,0.5600470274,0.1994718335,,,,
13162,0.0,-1089.497437,1277.07019,-45.704708,0.8164805954,0.5452076399,0.1900212273,,,,
13163,0.0,-1090.806519,1279.261353,-46.193012,0.8237975765,0.5361226455,0.1842011453,,,,
13164,0.0,-1092.173706,1281.507568,-47.777203,0.8336243291,0.5229008198,0.1778910077,,,,
13165,0.0,-1094.814575,1285.601807,-51.534164,0.8520008207,0.4966201412,0.1657197543,,,,
13166,0.0,-1095.498108,1286.6537475,-52.7109505,0.8565891107,0.4897697878,0.1621730292,,,,
13167,0.0,-1097.463257,1289.70105,-55.905712,0.8677570431,0.4731886854,0.1519545394,,,,
13168,0.0,-1098.634033,1291.442261,-57.594902,0.8741395349,0.4640566732,0.1432880932,,,,
13169,0.0,-1099.51001,1292.92041,-57.649227,0.8800525892,0.4550977032,0.1356227148,,,,
13170,0.0,-1100.139038,1293.63501,-59.667828,0.8872864513,0.4434643338,0.1267364907,,,,
13171,0.0,-1101.111328,1294.19458,-62.407177,0.8980455435,0.4251265562,0.1130557958,,,,
13172,0.0,-1101.574341,1294.197754,-64.285515,0.9064961603,0.4091552776,0.1041953461,,,,
13173,0.0,-1101.833496,1293.623169,-66.231911,0.9156072062,0.3905002455,0.0957757915,,,,
13174,0.0,-1102.399292,1293.766724,-67.804817,0.9233788227,0.3734775898,0.0888033772,,,,
13175,0.0,-1102.905029,1294.632324,-67.692795,0.9302254147,0.3576640371,0.0822016687,,,,
13176,0.0,-1103.373169,1295.401367,-67.54689,0.9360489355,0.3431275126,0.0779480624,,,,
13177,0.0,-1103.849487,1296.227783,-67.366196,0.9419132073,0.3276814727,0.0736502705,,,,
13178,0.0,-1104.467896,1297.318848,-67.095612,0.949627583,0.306374763,0.0658935363,,,,
13179,0.0,-1104.898315,1298.106201,-66.950699,0.9536324129,0.2946304247,0.0614665274,,,,
13180,0.0,-1105.327393,1298.97583,-66.74173,0.9571214125,0.2838950851,0.0576383765,,,,
13181,0.0,-1105.916748,1300.170288,-66.550362,0.9615273122,0.2697894169,0.0517580766,,,,
13182,0.0,-1106.292969,1301.022217,-66.335075,0.9637244078,0.2624802049,0.0483674255,,,,
13183,0.0,-1106.673584,1301.953857,-66.113312,0.9660265103,0.2545484548,0.0446974892,,,,
13184,0.0,-1106.978882,1303.012329,-65.83625,0.9682168913,0.2466407888,0.0415255662,,,,
13185,0.0,-1107.321045,1303.816772,-65.79908,0.9696893716,0.2411132437,0.0395844214,,,,
13223,0.0,-1115.663818,1346.917969,-66.571877,0.9919902367,0.1263109303,0.0009587441,0.0428065805,577.6143718748,1995.5648634664,0.0
13224,0.0,-1115.789917,1346.901855,-66.436806,0.9919902367,0.1263109303,0.0009587441,0.0430030009,577.8342145691,1991.8599158994,0.0
13225,0.0,-1116.448608,1347.853882,-66.600433,0.9921021899,0.1254285674,0.0009587441,0.0430237386,577.4115498075,1989.9337366825,0.0
13226,0.0,-1116.807007,1348.816162,-66.549431,0.9924114902,0.1229573701,0.0009587441,0.0425813844,573.8810949634,1987.7884952922,0.0
13227,0.0,-1116.96521,1349.803101,-66.431381,0.9929108254,0.1188577875,0.0009587441,0.0416928228,567.3094280926,1985.4042324823,0.0
13228,0.0,-1117.04248,1350.786255,-66.320709,0.9935004448,0.1138241935,0.0009587441,0.0405460453,558.9374031991,1982.9939572496,0.0
13229,0.0,-1117.11731,1351.765503,-66.237526,0.9940228932,0.1091711556,0.0003829252,0.0395606554,551.5679287442,1980.5716662351,0.0
13230,0.0,-1117.177246,1353.260986,-66.215881,0.9946268629,0.1035248932,0.0,0.0384467104,542.8709268522,1976.8191291944,0.0
13231,0.0,-1117.22998,1353.702515,-66.23085,0.9947884677,0.1019603091,0.0,0.0381434193,540.4656276796,1975.7165604626,0.0
13232,0.0,-1117.14856,1355.435425,-66.450371,0.9954827454,0.094942633,0.0,0.0367433231,529.4048398464,1971.1067712405,0.0
13233,0.0,-1117.211426,1356.415161,-66.546631,0.9959703836,0.0896827465,0.0,0.0356247666,520.7571739392,1968.5525943599,0.0
13234,0.0,-1117.168579,1357.400391,-66.77256,0.9963604276,0.0852366359,-0.0007836528,0.0289271031,179.5934768929,752.1193175311,5.0
13235,0.0,-1117.159546,1358.402344,-66.993515,0.9967900585,0.0800421843,-0.0016816763,0.0298827203,182.3811849203,751.6643067542,5.0
13236,0.0,-1117.122925,1359.293701,-67.263054,0.9970655919,0.0765184654,-0.0022649118,0.0306307756,184.4729893163,751.0869480134,5.0
13237,0.0,-1117.146973,1360.433838,-67.497818,0.9972671443,0.0738303239,-0.0027066882,0.0310092429,185.4690354706,750.5921074439,5.0
13238,0.0,-1117.153076,1361.859741,-67.915062,0.9975253514,0.0701541573,-0.004644095,0.0302020363,183.4430740892,752.0944176427,5.0
13239,0.0,-1117.219727,1362.626587,-67.941345,0.997765358,0.0665163116,-0.0063143149,0.0299399619,182.7518811106,752.4826721714,5.0
13240,0.0,-1117.376099,1363.788086,-68.09816,0.998017261,0.0624120076,-0.0081417488,0.0295033566,181.5573484736,752.9918355838,5.0
13241,0.0,-1117.533569,1364.882812,-68.225784,0.9982525844,0.0580038999,-0.0112838552,0.0292048422,180.754181874,753.4252634926,5.0
13242,0.0,-1117.835205,1365.80481,-68.274979,0.9984075535,0.0547326346,-0.0136636703,0.0286498076,179.2308133897,754.1711775354,5.0
13243,0.0,-1118.00708,1367.147705,-68.318214,0.9985513766,0.0512842734,-0.0162810209,0.0275611691,175.9920780981,754.8184889444,5.0
13244,0.0,-1118.163818,1368.306519,-68.32769,0.9986333323,0.0490364726,-0.0180801546,0.0267473465,173.5063287506,755.237629969,5.0
13245,0.0,-1118.349854,1369.427612,-68.266304,0.9986661693,0.047960274,-0.0191231399,0.0255789475,169.8106875422,755.6206159144,5.0
13246,0.0,-1118.506226,1370.405518,-68.219337,0.998749458,0.0454592896,-0.0208080065,0.0249186596,167.6915546513,755.8860995337,5.0
13247,0.0,-1118.735352,1371.477661,-68.052956,0.9987812103,0.044237928,-0.0218883459,0.0238521,164.1607277235,756.1295919436,5.0
13248,0.0,-1118.91687,1373.440308,-67.99498,0.9988444941,0.0409166868,-0.0252091513,0.0222453004,158.5955139693,756.1109863046,5.0
13249,0.0,-1118.9920655,1374.1293335,-67.946518,0.9988644844,0.0393228144,-0.0268025784,0.0218485207,157.1652248935,756.0203817271,5.0
13250,0.0,-1119.148926,1375.741089,-67.819626,0.9988764831,0.0359633643,-0.0308611074,0.0208484341,153.5074173051,755.7064288132,5.0
13251,0.0,-1119.206055,1376.4212035,-67.665905,0.9988437392,0.0357046832,-0.0321650743,0.0202090509,151.0967389737,755.485179737,5.0
13252,0.0,-1119.334839,1378.005005,-67.370743,0.9987553283,0.0339460693,-0.0365439253,0.0190339782,146.6061959615,755.0036101155,5.0
13253,0.0,-1119.345703,1379.043091,-66.837006,0.9986543412,0.0328324782,-0.0401439302,0.0183596927,143.9154222061,754.5051678658,5.0
13254,0.0,-1119.3778685,1379.678955,-66.7907795,0.9985590597,0.0322178331,-0.0428278554,0.0179664029,142.2885834875,754.0631407223,5.0
13255,0.0,-1119.455078,1381.396484,-66.663544,0.9983144873,0.0307778866,-0.0492027042,0.0170175923,138.2546630248,752.6122799164,5.0
13256,0.0,-1119.492798,1382.4823,-66.514114,0.9981130741,0.0298681036,-0.0536487433,0.0165177693,136.0065717595,751.3980073402,5.0
13257,0.0,-1119.670044,1383.444458,-66.401588,0.9977993914,0.0296642111,-0.0592993174,0.0160838139,134.0085944578,750.1989839002,5.0
13258,0.0,-1119.804565,1384.838989,-66.274887,0.9974470773,0.029653737,-0.0649614028,0.0153972094,130.7859018765,748.1748839965,5.0
13259,0.0,-1119.741943,1385.514893,-66.230476,0.9971764965,0.0281563123,-0.0696150627,0.0153498906,130.3010774378,746.540524699,5.0
13260,0.0,-1119.785278,1386.233765,-66.145111,0.996848652,0.0283869965,-0.0740739058,0.014990312,128.4772194795,744.7996738169,5.0
13261,0.0,-1119.886963,1387.011108,-66.118576,0.9964522543,0.0286680009,-0.0791268009,0.0146780764,126.8136502885,742.8753741439,5.0
13262,0.0,-1120.023804,1388.04541,-66.143929,0.9960044266,0.0278109716,-0.0848630194,0.014431898,125.2930055209,740.1550535665,5.0
13263,0.0,-1120.092041,1388.745728,-66.155029,0.9958009726,0.0265339706,-0.0876149035,0.0142808189,124.3224593976,738.2681314481,5.0
13264,0.0,-1120.203735,1389.487061,-66.207146,0.9956255722,0.0249311323,-0.0900453144,0.0141037886,123.243755909,736.408440046,5.0
13265,0.0,-1120.327393,1390.179321,-66.284645,0.9954637789,0.0232611606,-0.0922539064,0.0139671861,122.3645650753,734.6965500108,5.0
13266,0.0,-1120.503906,1391.175781,-66.399849,0.9952636633,0.021294427,-0.0948513993,0.0136834627,120.6685012293,731.9335991004,5.0
13267,0.0,-1120.590698,1391.875488,-66.448326,0.9951340954,0.0195826509,-0.0965642376,0.0135964084,119.8806062412,729.4626900519,5.0
13268,0.0,-1120.710449,1392.579834,-66.506927,0.995022028,0.0186186694,-0.0979005051,0.0133107891,118.2956720796,727.4480568305,5.0
13269,0.0,-1120.827881,1393.264893,-66.564552,0.9948926689,0.0171477741,-0.0994712583,0.0131089749,117.0989057723,725.5735561247,5.0
13270,0.0,-1120.985718,1394.209595,-66.646317,0.9947626335,0.0160899656,-0.1009376834,0.0126347471,114.5750885066,723.0495793935,5.0
13271,0.0,-1121.06311,1394.96936,-66.665588,0.9946120852,0.0144342448,-0.102656965,0.0124238126,113.2908620559,720.9506575571,5.0
13272,0.0,-1121.144653,1395.662354,-66.681351,0.9944868963,0.0134322214,-0.1039970603,0.0121922424,111.9324324672,718.9967993977,5.0
13273,0.0,-1121.238159,1396.626953,-66.708694,0.9943658878,0.0121745565,-0.1053008138,0.0118295937,109.8210489829,716.1003259098,5.0
13274,0.0,-1121.3125,1397.285278,-66.731155,0.9942438362,0.0121064867,-0.1064548124,0.011563728,108.2799239494,714.0739178136,5.0
13275,0.0,-1121.407104,1398.241455,-66.735802,0.9940679778,0.0111753639,-0.1081848729,0.01129661,106.5831676949,711.0981510922,5.0
13276,0.0,-1121.450073,1398.89917,-66.725464,0.9940226972,0.01115065,-0.108602672,0.0109833544,104.7750124104,708.8772100876,5.0
13277,0.0,-1121.515015,1399.57959,-66.728813,0.9939438651,0.0111497657,-0.1093218902,0.0107282012,103.2188549851,706.5591402785,5.0
13278,0.0,-1121.599731,1400.553711,-66.690636,0.9938232265,0.0103034499,-0.1104954002,0.0104796002,101.523532442,703.1049636497,5.0
13279,0.0,-1121.674316,1401.297852,-66.65329,0.9938123314,0.0101953857,-0.1106033637,,,,
13280,0.0,-1121.794312,1401.975098,-66.556808,0.9937796657,0.0098726139,-0.1109256851,,,,
13281,0.0,-1121.817871,1402.854004,-66.522629,0.9937639747,0.009718459,-0.1110797646,,,,
13282,0.0,-1121.854126,1403.645386,-66.487,0.9937639747,0.009718459,-0.1110797646,,,,
13283,0.0,-1121.906616,1404.406738,-66.425941,0.9937319804,0.0094054935,-0.1113924946,,,,
13284,0.0,-1121.939331,1405.380005,-66.317741,0.9937192891,0.0087838281,-0.1115563482,,,,
13285,0.0,-1121.942139,1406.036743,-66.278175,0.9938229836,0.0064630182,-0.1107885673,,,,
13286,0.0,-1121.932251,1407.385132,-66.171295,0.9952770476,-0.0099473555,-0.0965642202,,,,
13287,0.0,-1121.892212,1407.8273315,-66.1343385,0.9961093262,-0.0214289727,-0.083723363,,,,
13288,0.0,-1121.852173,1408.269531,-66.097382,0.9969416048,-0.0329105899,-0.0708825059,,,,
13289,0.0,-1121.813965,1408.84021,-66.099884,0.9974218176,-0.0481944555,-0.0531696546,,,,
13290,0.0,-1121.760498,1409.464722,-66.06543,0.9975100855,-0.0624529993,-0.0327605296,,,,
13291,0.0,-1121.687378,1410.201294,-66.074944,0.9973780509,-0.0699055561,-0.018714614,,,,
13292,0.0,-1121.536133,1411.741089,-66.030609,0.9973894973,-0.0714623433,-0.0103597401,,,,
13293,0.0,-1121.42749,1412.769653,-66.078819,0.997782953,-0.065927905,-0.0090934066,,,,
13294,0.0,-1121.286621,1413.916504,-66.179947,0.9983143343,-0.0573494117,-0.008918235,0.0030943817,51.4120061217,654.0317658964,5.0
13295,0.0,-1121.14563,1415.134644,-66.278618,0.9987844733,-0.048333142,-0.0096686767,0.0021219673,42.3469192776,650.381225942,5.0
13296,0.0,-1120.907104,1416.233643,-66.322906,0.9991713799,-0.0392017126,-0.0109443747,0.0014141823,34.3810604667,646.7034419331,5.0
13297,0.0,-1120.464966,1416.982422,-66.11277,0.9994200623,-0.0316745934,-0.0125003683,0.001018221,29.0064444643,642.9379440767,5.0
13298,0.0,-1120.235107,1417.489746,-65.862892,0.9995260762,-0.0272849081,-0.0142533072,0.0009041298,27.0699848501,636.7307366365,5.0
13299,0.0,-1120.186096,1417.75708,-65.808136,0.9995439372,-0.0264427921,-0.0145566046,0.000991654,28.2964153022,636.1872801978,5.0
13300,0.0,-1120.107788,1418.110229,-65.704781,0.9995620032,-0.0255926861,-0.0148598844,0.0011218302,30.0349257022,634.2636558885,5.0
13301,0.0,-1120.049805,1418.323975,-65.202011,0.9995704384,-0.0252610779,-0.0148599019,0.0010928611,29.454074498,630.1828704433,5.0
13302,0.0,-1120.030884,1418.398071,-65.300232,0.9995783198,-0.0249472617,-0.0148599019,0.0010619217,28.8800450784,626.8331430581,5.0
13303,0.0,-1120.080078,1418.315186,-65.132072,0.9995840606,-0.0247161722,-0.0148599019,0.0010313917,28.3184280988,623.6692751096,5.0
13304,0.0,-1120.209839,1418.249756,-64.872971,0.9996687273,-0.0196284415,-0.0166481186,0.0010155547,27.9428610718,620.1753533524,5.0
13305,0.0,-1120.353516,1418.127563,-64.673561,0.9997077702,-0.0165788201,-0.0175930933,0.0010054203,27.6674271968,617.1477343376,5.0
13306,0.0,-1120.558228,1418.048218,-64.39505,0.9997242608,-0.0149898386,-0.0180750416,0.0009925256,27.3471266947,613.9508926822,5.0
13307,0.0,-1120.776123,1417.979492,-64.140099,0.9997321337,-0.0128870935,-0.0192245598,0.0010033686,27.3531774546,610.7612838,5.0
13308,0.0,-1121.012207,1417.893799,-63.911388,0.9997215651,-0.0096906571,-0.021514724,0.0010728864,28.1441485786,607.7329381707,5.0
13309,0.0,-1121.262817,1417.793945,-63.709492,0.9996981405,-0.0040985987,-0.0242245629,0.0011776617,29.3405078084,604.7421783676,5.0
13310,0.0,-1121.645996,1417.691528,-63.466747,0.9996150155,0.0071629877,-0.0268050812,0.0013550902,31.2441767552,600.3674781791,5.0
13311,0.0,-1121.764526,1417.739014,-63.399307,0.9995505115,0.0141643311,-0.0264224661,0.0013975065,31.5686136819,597.3314473405,5.0
13312,0.0,-1120.758911,1417.831421,-63.837608,0.9995249561,0.0173254063,-0.0254890645,0.001420231,31.5801096892,592.7524956549,5.0
13313,0.0,-1121.068115,1417.774536,-63.757339,0.9995234128,0.0175383428,-0.0254038153,0.0013833905,30.9964871379,589.4885081884,5.0
13314,0.0,-1121.175659,1417.772705,-63.738503,0.9995234128,0.0175383428,-0.0254038153,0.0013580952,30.6361432711,588.0327077474,5.0
13315,0.0,-1121.546875,1417.766113,-63.69276,0.9995234128,0.0175383428,-0.0254038153,0.0013136688,30.0427868648,586.3068304088,5.0
13316,0.0,-1122.269775,1417.753418,-63.60302,0.9995234128,0.0175383428,-0.0254038153,0.0013207317,29.8669584461,581.3158146337,5.0
13317,0.0,-1122.394531,1417.751343,-63.561138,0.9995234128,0.0175383428,-0.0254038153,0.0013070747,29.5459750139,578.0628881199,5.0
13318,0.0,-1122.810791,1417.744019,-63.442566,0.9995234128,0.0175383428,-0.0254038153,0.0013057217,29.365812265,574.8354213735,5.0
13319,0.0,-1123.009033,1417.740601,-63.404102,0.9995234128,0.0175383428,-0.0254038153,0.001313484,29.2823414644,571.5063584549,5.0
13320,0.0,-1123.278198,1417.735718,-63.328003,0.9995234128,0.0175383428,-0.0254038153,0.0013224901,29.166693905,567.3089413096,5.0
13321,0.0,-1123.394043,1417.733765,-63.297035,0.9995234128,0.0175383428,-0.0254038153,0.0013363423,29.1720348531,564.4662776024,5.0
13322,0.0,-1121.994019,1417.758301,-63.775173,0.9995234128,0.0175383428,-0.0254038153,0.0013992346,29.6152316109,560.0242692962,5.0
13323,0.0,-1122.141724,1417.755737,-63.780144,0.9995234128,0.0175383428,-0.0254038153,0.0014241579,29.7173808338,557.0204450651,5.0
13324,0.0,-1122.262695,1417.75354,-63.78738,0.9995234128,0.0175383428,-0.0254038153,0.0014646447,29.9756328436,554.046617461,5.0
13325,0.0,-1122.515259,1417.749146,-63.755699,0.9995234128,0.0175383428,-0.0254038153,0.0015551359,30.6846658596,550.4161133819,5.0
13326,0.0,-1122.669067,1417.74646,-63.731537,0.9995234128,0.0175383428,-0.0254038153,0.0016047143,31.007820525,547.5599670059,5.0
13327,0.0,-1122.904785,1417.744263,-63.659275,0.9995176673,0.017862609,-0.0254039374,0.0016480466,31.2575457184,544.670861723,5.0
13328,0.0,-1123.2052,1417.742065,-63.52853,0.9995067326,0.0184643318,-0.0254039374,0.0017685714,32.1333083879,540.5318021093,5.0
13329,0.0,-1123.317627,1417.744507,-63.471691,0.9994911897,0.0192873656,-0.02540392,0.0018452868,32.633869658,537.430217013,5.0
13330,0.0,-1123.601562,1417.792603,-63.309696,0.9991930884,0.0299857943,-0.0267212307,0.001745327,31.3475986974,530.8116622725,5.0
13331,0.0,-1123.656372,1417.816895,-63.275709,0.9990169188,0.0352706848,-0.0263259809,0.0016393781,30.247820942,528.6744480095,5.0
13332,0.0,-1123.711182,1417.841187,-63.241722,0.9988407493,0.0405555752,-0.0259307311,0.0015334293,29.1480431866,526.5372337464,5.0
13333,0.0,-1122.039307,1417.966064,-63.750885,0.9985010814,0.0492770828,-0.0238193097,0.001441973,27.834614814,518.499408104,5.0
13334,0.0,-1122.036377,1417.968933,-63.751606,0.9984843628,0.0496921242,-0.0236531136,0.0014823047,28.083519902,516.0562169507,5.0
13335,0.0,-1122.033447,1417.971802,-63.752327,0.9984676443,0.0501071656,-0.0234869175,0.0015226364,28.33242499,513.6130257974,5.0
13336,0.0,-1122.270874,1417.959717,-63.711533,0.9984676443,0.0501071656,-0.0234869175,0.001644632,29.0497775897,506.7247133442,5.0
13337,0.0,-1122.44751,1417.964722,-63.66872,0.9983446101,0.0523457472,-0.0238319597,0.0016470172,28.8964300994,503.6850063339,5.0
13338,0.0,-1122.5612795,1417.969971,-63.639534,0.9982338566,0.0542529159,-0.0241257702,0.0016406189,28.7185477446,501.5555645589,5.0
13339,0.0,-1122.891846,1417.972778,-63.530739,0.9980236617,0.0578895259,-0.0244453166,0.0016201171,28.2784416448,496.9849589476,5.0
13340,0.0,-1123.194824,1417.959595,-63.387115,0.9979653619,0.0586947796,-0.024900988,0.001631778,28.133098049,492.6622317706,5.0
13341,0.0,-1123.340698,1417.95105,-63.296135,0.9979633725,0.0587185725,-0.0249246124,0.0016267235,27.9165618698,489.6285661232,5.0
13342,0.0,-1123.504639,1417.941284,-63.181412,0.9979633725,0.0587185725,-0.0249246124,0.0016144055,27.6614894046,487.0007162701,5.0
13343,0.0,-1123.646362,1417.932983,-63.076359,0.9979633725,0.0587185725,-0.0249246124,0.0016301353,27.5524479188,482.7368246859,5.0
13344,0.0,-1123.730957,1417.928101,-62.993683,0.9979633725,0.0587185725,-0.0249246124,0.0016690802,27.7129353036,479.855224229,5.0
13345,0.0,-1123.753296,1417.926636,-62.942635,0.9979633725,0.0587185725,-0.0249246124,0.0016340074,27.1694662608,475.4628425877,5.0
13346,0.0,-1123.676636,1417.931152,-62.939003,0.9979633725,0.0587185725,-0.0249246124,0.0017113209,27.5527395199,471.1616618284,5.0
13347,0.0,-1123.626953,1417.934082,-62.936432,0.9979633725,0.0587185725,-0.0249246124,0.0018743317,28.5974499415,467.2966678186,5.0
13348,0.0,-1123.499023,1417.94165,-62.96434,0.9979633725,0.0587185725,-0.0249246124,0.0019778377,29.169732976,464.0202912751,5.0
13349,0.0,-1123.385254,1417.936279,-62.983578,0.9981863867,0.0563640539,-0.0211431058,0.0020143391,29.1587261286,459.6275734645,5.0
13350,0.0,-1123.283813,1417.903931,-63.00034,0.9986325926,0.0491368277,-0.0178470512,0.0022393402,30.5590158889,456.8857290171,5.0
13351,0.0,-1121.463501,1417.856323,-63.337822,0.9994502474,0.0299077687,-0.0143083318,0.0034634506,37.5085011586,451.0623474213,5.0
13352,0.0,-1121.594604,1417.641357,-62.772377,0.9999359222,2.88484e-05,-0.0113203652,0.0061191391,49.426123459,447.4677947737,5.0
13353,0.0,-1121.700562,1416.884277,-61.96875,0.993236861,-0.1160990359,0.001245711,0.0250219443,98.6320710022,443.6867794781,5.0
13354,0.0,-1121.775635,1416.986328,-60.872864,0.9753522479,-0.2201571428,0.0147927316,0.0535900021,142.3813173022,440.8531583056,5.0
13355,0.0,-1122.203369,1417.12854,-59.283966,0.9185160296,-0.3940422128,0.0325428636,0.025860641,261.2132634789,1156.0767817316,1.0
13356,0.0,-1122.370361,1417.014526,-58.205933,0.8844757337,-0.4651494519,0.0365877561,0.0115093203,174.841112582,1155.7314820672,1.0
13357,0.0,-1122.299072,1416.969971,-58.198055,0.8577440637,-0.5124993105,0.0402439789,0.0051749438,117.3491990331,1154.9811636645,1.0
13358,0.0,-1122.241333,1416.930176,-58.15255,0.8596338805,-0.5087620497,0.0468056438,0.0048823318,113.9444639755,1154.5036934707,1.0
13359,0.0,-1122.165894,1416.881226,-57.958061,0.8621545428,-0.5041410492,0.0503124917,0.0048210054,113.1740154889,1153.9499800469,1.0
13360,0.0,-1122.112305,1416.845581,-57.546597,0.8621545428,-0.5041410492,0.0503124917,0.0045105529,109.4334816359,1153.4814336808,1.0
13361,0.0,-1122.056519,1416.820557,-57.120441,0.8621545428,-0.5041410492,0.0503124917,0.0043099331,106.9373761603,1153.048856314,1.0
13362,0.0,-1122.005493,1416.824707,-56.300549,0.8621545428,-0.5041410492,0.0503124917,0.0040729587,103.901512701,1152.3768752006,1.0
13363,0.0,-1121.565552,1416.716553,-55.21806,0.8621545428,-0.5041410492,0.0503124917,0.0038018347,100.2664782546,1150.9522811205,1.0
13364,0.0,-1121.008423,1416.620605,-54.545143,0.8621545428,-0.5041410492,0.0503124917,0.0036249503,97.8060832611,1149.7244658395,1.0
13365,0.0,-1119.955933,1416.320801,-53.658474,0.8621545428,-0.5041410492,0.0503124917,0.0034012965,94.5581240779,1147.4432273501,1.0
13366,0.0,-1118.920776,1416.105835,-53.138691,0.8621545428,-0.5041410492,0.0503124917,0.0032675156,92.5232099736,1145.4652358059,1.0
13367,0.0,-1117.532227,1415.66626,-52.423866,0.8621545428,-0.5041410492,0.0503124917,0.0031172116,90.1641589462,1142.8112453965,1.0
13368,0.0,-1116.394531,1415.293091,-52.018993,0.8621545428,-0.5041410492,0.0503124917,0.0029986746,88.2584077609,1140.5182571942,1.0
13369,0.0,-1114.753662,1414.526978,-51.318043,0.8621545428,-0.5041410492,0.0503124917,0.002827431,85.4492022463,1137.1145301701,1.0
13370,0.0,-1113.0896,1413.651367,-50.755039,0.8545945836,-0.517347335,0.0449425487,0.0023250298,77.262847416,1133.6892563802,1.0
13371,0.0,-1111.886597,1412.811523,-50.423077,0.8387967406,-0.5427911684,0.0424001825,0.0018353239,68.4891051194,1130.9658630163,1.0
13372,0.0,-1110.03186,1411.704468,-49.940819,0.8083599171,-0.5868838289,0.0460610003,0.0029792838,86.9291104157,1126.9846898014,1.0
13373,0.0,-1107.744751,1410.138794,-49.323097,0.7761078551,-0.6285125174,0.0512699984,0.0071137202,133.6463941706,1122.4515338273,1.0
13374,0.0,-1105.397217,1407.067505,-49.571518,0.6821445067,-0.7277093525,0.0715399909,0.0313712316,277.4411451988,1116.4085925979,1.0
13375,0.0,-1103.97876,1404.918945,-49.584736,0.6033396246,-0.7923283577,0.090537677,0.0623514993,386.5293906605,1112.0429813181,1.0
13376,0.0,-1102.617188,1402.754761,-49.551861,0.5200169515,-0.8476458538,0.1052562428,0.1031666678,490.0964501943,1107.8915982366,1.0
13377,0.0,-1101.799744,1401.574341,-49.527708,0.4884424353,-0.8649611356,0.1093291524,0.1211578601,525.7941942395,1105.6643780933,1.0
13378,0.0,-1099.717041,1398.45166,-49.438,0.4090643376,-0.904894691,0.1176093783,,,,
13379,0.0,-1098.873535,1397.2106935,-49.3981325,0.3876951172,-0.9139201757,0.1179161204,,,,
13380,0.0,-1096.773804,1394.054932,-49.199684,0.338956879,-0.9333443013,0.1182228798,,,,
13381,0.0,-1095.433228,1391.892212,-49.110783,0.3100682457,-0.9433350591,0.1182228798,,,,
13382,0.0,-1094.191162,1389.943237,-49.06879,0.293429853,-0.948642331,0.1182228798,,,,
13383,0.0,-1092.408936,1387.233643,-49.037663,0.284638412,-0.9514170934,0.1174158797,,,,
13384,0.0,-1090.741089,1384.599731,-49.059532,0.2831869429,-0.9518680127,0.1172708049,,,,
13385,0.0,-1089.658447,1382.815796,-48.982433,0.2795282731,-0.9529488437,0.1172708222,,,,
13386,0.0,-1088.232666,1380.130005,-48.875919,0.2650160248,-0.9571936098,0.1163911508,,,,
13387,0.0,-1087.285889,1378.035889,-48.795059,0.2459600755,-0.9622752285,0.1163186396,,,,
13388,0.0,-1086.158936,1375.203125,-48.551697,0.2137283578,-0.9699433814,0.1163186396,,,,
13389,0.0,-1084.974121,1372.050171,-48.369591,0.1817741244,-0.9764364505,0.1163186396,,,,
13390,0.0,-1084.091309,1369.665649,-48.160797,0.1618768882,-0.9799315523,0.1163186396,,,,
13391,0.0,-1082.826782,1366.106201,-48.002758,0.1369302508,-0.9837276455,0.1163186396,,,,
13392,0.0,-1082.068115,1364.048096,-47.962811,0.1328863227,-0.9842820731,0.1163186396,,,,
13393,0.0,-1080.836304,1360.68103,-48.005604,0.1314022534,-0.9844812959,0.1163186396,,,,
13394,0.0,-1080.025513,1358.312622,-48.021736,0.1314022534,-0.9844812959,0.1163186396,,,,
13395,0.0,-1078.956299,1355.040039,-48.171158,0.1305514159,-0.984594486,0.1163186396,,,,
13396,0.0,-1078.274902,1352.767944,-48.266251,0.1285262083,-0.984784356,0.1169648916,,,,
13397,0.0,-1077.376953,1349.451782,-48.462193,0.1192638024,-0.9856406061,0.119535522,,,,
13398,0.0,-1076.748413,1346.867676,-48.58012,0.1064928297,-0.9868001386,0.1220031294,,,,
13399,0.0,-1075.934692,1343.199585,-48.605602,0.0873617857,-0.9883551986,0.1245869968,,,,
13400,0.0,-1075.456665,1340.612427,-48.526913,0.0671530061,-0.9896631117,0.1267177931,,,,
13401,0.0,-1074.848389,1336.864624,-48.386414,0.0357602195,-0.9909710216,0.1292193521,,,,
13402,0.0,-1074.409546,1333.112183,-48.137737,-0.0069764373,-0.9910956071,0.1329692706,,,,
13403,0.0,-1074.146484,1329.966064,-47.907421,-0.0461899577,-0.9898800095,0.134179188,,,,
13404,0.0,-1074.040039,1326.642578,-47.572155,-0.0987898777,-0.985991733,0.1343907085,,,,
13405,0.0,-1074.065796,1322.250122,-47.122013,-0.1689434194,-0.9762988006,0.1352729577,,,,
13406,0.0,-1074.141357,1319.313477,-46.936619,-0.2097405265,-0.9683448857,0.135340659,,,,
13407,0.0,-1074.646851,1315.411987,-46.695335,-0.2707391077,-0.9530914057,0.1353407108,,,,
13408,0.0,-1075.35376,1312.459839,-46.493313,-0.3167768622,-0.9387946131,0.135340659,,,,
13409,0.0,-1076.238037,1308.521118,-46.322903,-0.3805909855,-0.9147859876,0.1353406762,,,,
13410,0.0,-1076.850708,1305.935913,-46.278896,-0.4084107447,-0.9026082086,0.1360113428,,,,
13411,0.0,-1077.364258,1302.948364,-46.298264,-0.4196467438,-0.8973064357,0.1368859775,,,,
13412,0.0,-1078.046265,1298.735107,-46.4772,-0.4205883651,-0.896811315,0.1372402722,,,,
13413,0.0,-1078.523438,1296.036377,-46.56274,-0.4205883651,-0.896811315,0.1372402722,,,,
13414,0.0,-1079.628662,1289.55127,-43.90366,-0.4205883651,-0.896811315,0.1372402722,,,,
13415,0.0,-1079.886841,1287.8422855,-41.5864945,-0.4205883651,-0.896811315,0.1372402722,,,,
13416,0.0,-1080.14502,1286.133301,-39.269329,-0.4205883651,-0.896811315,0.1372402722,,,,
13417,0.0,-1080.627563,1283.193115,-35.667622,-0.4205883651,-0.896811315,0.1372402722,,,,
13418,0.0,-1080.667358,1281.953613,-34.501202,-0.4205883651,-0.896811315,0.1372402722,,,,
13419,0.0,-1081.49585,1277.201904,-28.808195,-0.4205883651,-0.896811315,0.1372402722,,,,
13420,0.0,-1083.021484,1271.879517,-21.758486,-0.4205883651,-0.896811315,0.1372402722,,,,
13421,0.0,-1083.56189,1269.648315,-19.020226,-0.4205883651,-0.896811315,0.1372402722,,,,
13422,0.0,-1083.881348,1267.646423,-17.0255255,-0.428678786,-0.8934794698,0.1335621606,,,,
13423,0.0,-1084.200806,1265.644531,-15.030825,-0.4367692069,-0.8901476247,0.1298840489,,,,
13424,0.0,-1084.901489,1261.11377,-10.61226,-0.4569900348,-0.8806424152,0.1250161773,,,,
13425,0.0,-1085.430908,1257.315186,-6.899778,-0.467721994,-0.8751438467,0.1239329816,,,,
13426,0.0,-1085.7426755,1255.439148,-5.3755185,-0.4729344984,-0.8723777575,0.12351117,,,,
13427,0.0,-1086.333252,1251.92688,-2.64377,-0.4797788731,-0.8687276683,0.1229815892,,,,
13428,0.0,-1086.987915,1247.805298,0.629612,-0.4807724545,-0.868178196,0.1229815719,,,,
13429,0.0,-1087.520752,1244.556396,2.628235,-0.4800580875,-0.8683690882,0.1244160731,,,,
13430,0.0,-1087.989868,1241.58374,4.403792,-0.4792450408,-0.8687508896,0.1248842774,,,,
13431,0.0,-1088.489258,1238.431396,6.145938,-0.4783301689,-0.8690633528,0.1262106905,,,,
13432,0.0,-1089.132446,1234.528442,7.967521,-0.4778763936,-0.868836139,0.1294523695,,,,
13433,0.0,-1089.360962,1233.177979,8.435286,-0.4778004582,-0.8686969662,0.1306610236,,,,
13434,0.0,-1090.060913,1228.991943,9.822899,-0.4775976561,-0.8683293611,0.1338080699,,,,
13435,0.0,-1090.633057,1225.729736,10.312592,-0.4775153416,-0.8681791293,0.1350707148,,,,
13436,0.0,-1091.19165,1222.765869,10.582867,-0.4780331815,-0.8678520489,0.1353406762,,,,
13437,0.0,-1091.958496,1218.682007,10.677425,-0.4797432367,-0.866633288,0.1370881868,,,,
13438,0.0,-1092.523804,1215.626343,10.5378,-0.4841077987,-0.8639131161,0.138902005,,,,
13439,0.0,-1092.745483,1214.450317,10.454082,-0.4862967307,-0.8625697146,0.1396029269,,,,
13440,0.0,-1093.567749,1210.119629,9.836418,-0.4975565606,-0.8556021044,0.1427673212,,,,
13441,0.0,-1094.167603,1206.924683,9.156635,-0.5120494877,-0.8465196775,0.1456357018,,,,
13442,0.0,-1094.776489,1203.787231,8.285381,-0.5312934958,-0.8340742737,0.1484834243,,,,
13443,0.0,-1095.608521,1199.550415,6.792053,-0.5635096905,-0.8119400653,0.1523488074,,,,
13444,0.0,-1096.167358,1196.683472,5.569561,-0.5891242235,-0.7925427977,0.1575073431,,,,
13445,0.0,-1097.959473,1192.748535,3.36281,-0.6181601831,-0.7691577889,0.1620934417,,,,
13446,0.0,-1099.459229,1188.582397,-1.814741,-0.6455157337,-0.745357903,0.1665864158,,,,
13447,0.0,-1099.792114,1186.735107,-3.066412,-0.6600937122,-0.7319385451,0.168944539,,,,
13448,0.0,-1101.109131,1182.143066,-4.14889,-0.7082267504,-0.6833054226,0.1775065336,,,,
13449,0.0,-1102.308838,1178.626221,-4.261208,-0.7404033636,-0.6464898633,0.183993793,,,,
13450,0.0,-1103.321899,1175.672363,-2.326057,-0.763127766,-0.6182042648,0.1883069294,,,,
13451,0.0,-1104.49646,1173.187744,0.02273,-0.7815299727,-0.5934444476,0.1924437307,,,,
13452,0.0,-1106.110596,1170.606934,2.492731,-0.8029260022,-0.5623671844,0.1976182805,,,,
13453,0.0,-1107.6698,1168.103638,4.649976,-0.8198812531,-0.5361048911,0.2009633711,,,,
13454,0.0,-1109.207886,1165.477661,6.850237,-0.8351525044,-0.5108296065,0.2038955801,,,,
13455,0.0,-1110.845825,1162.698486,9.175623,-0.8475840789,-0.4893604111,0.2052501333,,,,
13456,0.0,-1112.353882,1160.019775,11.245001,-0.8593993693,-0.4682656802,0.2053289476,,,,
13457,0.0,-1113.785889,1157.33728,13.040352,-0.8684648698,-0.4512302951,0.2053289817,,,,
13458,0.0,-1115.230225,1154.602051,14.725456,-0.8796273471,-0.4290638023,0.2053289647,,,,
13459,0.0,-1116.645142,1151.891724,16.316166,-0.8902703998,-0.4065201662,0.2053289305,,,,
13460,0.0,-1118.168457,1149.054443,17.754879,-0.9040756162,-0.3748163784,0.2053289134,,,,
13461,0.0,-1120.169556,1145.50708,19.854647,-0.9203495933,-0.3328613065,0.2053289476,,,,
13462,0.0,-1122.553345,1141.639282,21.598217,-0.9356589865,-0.2870231301,0.2053289647,,,,
13463,0.0,-1123.5045165,1140.160156,22.4701975,-0.9426642988,-0.261798968,0.2053289732,,,,
13464,0.0,-1126.136597,1135.987549,24.796083,-0.957110868,-0.2043986707,0.2053289305,,,,
13465,0.0,-1127.026184,1134.762329,25.328036,-0.9605093977,-0.1864467738,0.2057311716,,,,
13466,0.0,-1129.378906,1131.257446,27.089314,-0.9683206731,-0.140744222,0.2062671523,,,,
13467,0.0,-1131.208618,1128.454712,28.564188,-0.9715624737,-0.1162764876,0.2062671523,,,,
13468,0.0,-1132.771118,1125.962158,29.897083,-0.9732886131,-0.1008123874,0.2062671523,,,,
13469,0.0,-1134.464355,1123.229004,31.480438,-0.9743886826,-0.0895575634,0.2062671523,,,,
13470,0.0,-1136.158936,1120.56311,33.066051,-0.9750130358,-0.0824829795,0.2062671523,,,,
13471,0.0,-1137.67334,1118.294312,34.387615,-0.9761021617,-0.0697693947,0.2058076809,,,,
13472,0.0,-1138.546265,1117.014648,35.071579,-0.9765223106,-0.0642731519,0.205604326,,,,
13473,0.0,-1140.981323,1115.878906,39.148224,-0.9777578808,-0.042773319,0.2053289305,,,,
13474,0.0,-1143.170288,1112.851196,40.676704,-0.9782210803,-0.0142095376,0.207078746,,,,
13475,0.0,-1144.804321,1110.716675,41.835587,-0.9777382462,0.0108325673,0.2095485083,,,,
13476,0.0,-1146.502686,1108.543457,43.021126,-0.9764847458,0.0344367807,0.2128183485,,,,
13477,0.0,-1148.275391,1106.35791,44.244743,-0.9743360991,0.0599575848,0.2169660203,,,,
13478,0.0,-1150.809814,1103.312622,45.951294,-0.9709618092,0.088891858,0.2221067371,,,,
13479,0.0,-1152.738892,1101.099976,47.165356,-0.9678322971,0.1075445359,0.2274528905,,,,
13480,0.0,-1154.783203,1098.817749,48.271362,-0.9648272415,0.1249981622,0.2312657637,,,,
13481,0.0,-1156.688354,1096.763428,49.27084,-0.9618415211,0.1407390288,0.2346346394,,,,
13482,0.0,-1158.596191,1094.772705,50.261749,-0.9589021716,0.1555894306,0.2372731642,,,,
13483,0.0,-1160.732056,1092.760742,51.334625,-0.9564086409,0.1682661687,0.2386818137,,,,
13484,0.0,-1163.524414,1090.543091,52.714966,-0.9540309469,0.180869956,0.2389791024,,,,
13485,0.0,-1165.806396,1089.01123,53.822685,-0.9534001413,0.1851483071,0.2382189642,,,,
13486,0.0,-1168.040039,1087.710693,54.883175,-0.9533106724,0.185827603,0.2380480283,,,,
13487,0.0,-1171.281128,1086.119873,56.414116,-0.9543537876,0.1851027446,0.2344052517,,,,
13488,0.0,-1173.17334,1085.387207,57.268761,-0.955151723,0.1840418233,0.2319780018,,,,
13489,0.0,-1175.951172,1084.376465,58.486225,-0.9559831812,0.1829074594,0.2294363059,,,,
13490,0.0,-1179.366821,1083.251099,59.886639,-0.9570488587,0.1827494245,0.225078053,,,,
13491,0.0,-1181.87915,1082.546265,60.887486,-0.9579821845,0.182927644,0.2209244469,,,,
13492,0.0,-1184.529297,1081.915283,61.938042,-0.9589619186,0.1838769044,0.2158270666,,,,
13493,0.0,-1187.562988,1081.31604,63.134228,-0.9598704182,0.1850530993,0.2107228764,,,,
13494,0.0,-1190.475708,1080.857178,64.267616,-0.9603541444,0.1869040596,0.2068496795,,,,
13495,0.0,-1196.298828,1080.270508,66.506065,-0.9601378347,0.1949558934,0.2003185913,,,,
13496,0.0,-1199.604004,1080.090942,67.770523,-0.9594056997,0.2024519211,0.1963515294,,,,
13497,0.0,-1202.476562,1080.094604,68.868439,-0.9573572179,0.215926,0.1919456169,,,,
13498,0.0,-1205.801636,1080.338013,70.145401,-0.9513282786,0.2472212516,0.1840004321,,,,
13499,0.0,-1208.739136,1080.638184,71.576508,-0.94491944,0.2749630086,0.1775460386,,,,
13500,0.0,-1211.700317,1081.069214,73.074417,-0.93584464,0.3076391859,0.1719096889,,,,
13501,0.0,-1214.183228,1081.422852,74.467743,-0.9298624845,0.3264205175,0.1697215537,,,,
13502,0.0,-1218.119629,1081.956299,76.781654,-0.9228478224,0.3468048481,0.1675657901,,,,
13503,0.0,-1221.023682,1082.27002,78.43351,-0.923159895,0.3451320922,0.1692916043,,,,
13504,0.0,-1224.344971,1082.714844,80.327522,-0.923189949,0.3449737946,0.1694502848,,,,
13505,0.0,-1227.463745,1083.197998,81.909103,-0.923189949,0.3449737946,0.1694502848,,,,
13506,0.0,-1230.331299,1083.692749,83.318962,-0.923189949,0.3449737946,0.1694502848,,,,
13507,0.0,-1233.487427,1084.285889,84.86911,-0.923189949,0.3449737946,0.1694502848,,,,
13508,0.0,-1236.88916,1084.977417,86.541435,-0.923189949,0.3449737946,0.1694502848,,,,
13509,0.0,-1239.994873,1085.655029,88.068962,-0.923189949,0.3449737946,0.1694502848,,,,
13510,0.0,-1243.078491,1086.366455,89.58651,-0.923189949,0.3449737946,0.1694502848,,,,
13511,0.0,-1246.240845,1087.132568,91.143837,-0.923189949,0.3449737946,0.1694502848,,,,
13512,0.0,-1249.220093,1087.886475,92.611626,-0.923189949,0.3449737946,0.1694502848,,,,
13524,0.0,-1286.519897,1095.520996,98.017349,-0.9406248166,0.2979962699,0.162552076,,,,
13525,0.0,-1290.355347,1096.335449,98.555573,-0.9421536661,0.2934892644,0.1618966372,,,,
13526,0.0,-1294.00647,1097.120483,99.002342,-0.9496941554,0.2680929303,0.161886355,,,,
13527,0.0,-1296.781982,1097.608398,99.070595,-0.958018257,0.2372671382,0.1609513108,,,,
13528,0.0,-1299.682007,1098.101929,84.279503,-0.9636497529,0.2151149318,0.1584446902,,,,
13529,0.0,-1302.214844,1098.714355,84.774033,-0.9673139647,0.1991875619,0.1569331351,,,,
13530,0.0,-1305.56665,1099.439453,84.681557,-0.9703914655,0.1847170927,0.1556277586,,,,
13531,0.0,-1309.321289,1100.284302,85.265167,-0.9725759398,0.1739387666,0.1544064339,,,,
13532,0.0,-1311.916748,1100.890381,85.057915,-0.972706187,0.1739067155,0.1536200768,,,,
13533,0.0,-1315.921631,1101.841064,85.410812,-0.9719997582,0.1788423864,0.1524200476,,,,
13534,0.0,-1318.318726,1107.04895,85.215714,-0.9704270944,0.1844467087,0.1557262536,,,,
13535,0.0,-1321.159912,1107.792603,85.027733,-0.9695698268,0.187314623,0.1576311612,,,,
13536,0.0,-1327.232544,1109.298462,84.866341,-0.9693622231,0.1879920243,0.1581008514,,,,
13537,0.0,-1329.187683,1109.7679445,85.0181695,-0.9693622231,0.1879920243,0.1581008514,,,,
13538,0.0,-1333.812256,1110.868042,86.344238,-0.9693622231,0.1879920243,0.1581008514,,,,
13539,0.0,-1337.14209,1111.643555,87.806252,-0.9693622231,0.1879920243,0.1581008514,,,,
13540,0.0,-1340.624268,1112.442749,89.332329,-0.9693622231,0.1879920243,0.1581008514,,,,
13541,0.0,-1343.696411,1113.13855,90.676514,-0.9693622231,0.1879920243,0.1581008514,,,,
13542,0.0,-1345.4537965,1113.5317385,91.4444125,-0.9693622231,0.1879920243,0.1581008514,,,,
13543,0.0,-1349.265381,1114.379272,93.326591,-0.9693622231,0.1879920243,0.1581008514,,,,
13544,0.0,-1353.568237,1115.323486,95.045975,-0.9693622231,0.1879920243,0.1581008514,,,,
13545,0.0,-1355.993408,1115.852173,96.135315,-0.9693622231,0.1879920243,0.1581008514,,,,
13546,0.0,-1359.777954,1116.665039,97.750946,-0.9693622231,0.1879920243,0.1581008514,,,,
13547,0.0,-1363.486084,1117.456543,97.833664,-0.9693622231,0.1879920243,0.1581008514,,,,
13548,0.0,-1366.128052,1118.015747,97.893066,-0.9693622231,0.1879920243,0.1581008514,,,,
13549,0.0,-1369.029175,1118.725464,97.959297,-0.9681599901,0.1989669862,0.1519156736,,,,
13570,0.0,-1437.191895,1125.962769,100.816887,-0.9432665127,-0.2996958447,0.1429359528,,,,
13571,0.0,-1440.186157,1126.16333,86.062614,-0.9359957404,-0.3216850825,0.1429359355,,,,
13572,0.0,-1448.709473,1127.098999,85.982475,-0.926963144,-0.3468553491,0.1429359874,,,,
13573,0.0,-1447.333984,1125.503418,86.414757,-0.9147808456,-0.3778165201,0.1429359355,,,,
13574,0.0,-1449.951294,1125.001221,86.127739,-0.9090603759,-0.3906116326,0.145023396,,,,
13575,0.0,-1450.895508,1127.69751,86.071198,-0.9056835463,-0.3976264814,0.1470730947,,,,
13576,0.0,-1454.54187,1127.203979,86.041595,-0.9035546171,-0.4017577406,0.1489287471,,,,
13577,0.0,-1458.70459,1126.568115,86.406647,-0.9028077253,-0.4031941791,0.1495749483,,,,
13578,0.0,-1461.378784,1126.059814,86.129692,-0.9028077253,-0.4031941791,0.1495749483,,,,
13579,0.0,-1466.935425,1121.827393,86.55658,-0.9028077253,-0.4031941791,0.1495749483,,,,
13580,0.0,-1469.764404,1121.146484,86.433846,-0.9028077253,-0.4031941791,0.1495749483,,,,
13581,0.0,-1475.597534,1119.624512,86.249367,-0.9028077253,-0.4031941791,0.1495749483,,,,
13582,0.0,-1477.71698,1119.032715,86.4924815,-0.9028077253,-0.4031941791,0.1495749483,,,,
13583,0.0,-1479.836426,1118.440918,86.735596,-0.9028077253,-0.4031941791,0.1495749483,,,,
13584,0.0,-1484.893555,1116.945312,87.834717,-0.9028077253,-0.4031941791,0.1495749483,,,,
13585,0.0,-1488.208374,1115.942993,89.157028,-0.9028077253,-0.4031941791,0.1495749483,,,,
13586,0.0,-1490.2977905,1115.340088,90.0956345,-0.9028077253,-0.4031941791,0.1495749483,,,,
13587,0.0,-1494.743286,1113.953125,92.132309,-0.9028077253,-0.4031941791,0.1495749483,,,,
13588,0.0,-1497.536743,1113.122559,93.409149,-0.9009123148,-0.4078724907,0.1483139652,,,,
13589,0.0,-1501.251709,1111.893555,95.089661,-0.8970450923,-0.4179747414,0.1435521434,,,,
13590,0.0,-1503.773682,1111.137817,96.227753,-0.896224023,-0.4203813674,0.1416404129,,,,
13591,0.0,-1506.662964,1110.277222,97.525528,-0.8953114519,-0.422523026,0.1410379261,,,,
13592,0.0,-1510.566406,1109.002075,99.289543,-0.8933272563,-0.4264319996,0.1418526098,,,,
13593,0.0,-1513.050537,1108.076416,100.427444,-0.8919012336,-0.4291523381,0.1426199853,,,,
13594,0.0,-1516.99939,1106.602783,101.575989,-0.8886822645,-0.4350822991,0.1447315646,,,,
13595,0.0,-1519.578857,1105.606445,101.629089,-0.8846672466,-0.4426619885,0.1463360061,,,,
13596,0.0,-1523.074341,1104.143555,101.595589,-0.875627295,-0.4595848565,0.1485213785,,,,
13597,0.0,-1525.593262,1102.939575,101.505142,-0.8622016415,-0.4840410265,0.1493740743,,,,
13598,0.0,-1528.330933,1101.603882,101.409386,-0.842504954,-0.517312904,0.1502423439,,,,
13599,0.0,-1531.463623,1099.861938,101.16613,-0.803231289,-0.5763352989,0.1505228209,,,,
13600,0.0,-1534.204468,1098.185547,100.898598,-0.7715188773,-0.6181435895,0.1505228381,,,,
13601,0.0,-1537.807861,1095.954468,100.370796,-0.7269351533,-0.6700060843,0.1505228554,,,,
13602,0.0,-1540.060303,1094.44043,100.123528,-0.6959438133,-0.7021432039,0.1505228554,,,,
13603,0.0,-1543.149658,1092.096191,99.627388,-0.6589107225,-0.7370071437,0.1505228554,,,,
13604,0.0,-1545.172363,1090.524658,99.41864,-0.6369049242,-0.7561051466,0.1505228381,,,,
13605,0.0,-1548.259766,1088.115845,98.990807,-0.6112352877,-0.7770034094,0.1505228381,,,,
13606,0.0,-1550.268311,1086.53186,98.841011,-0.5996368678,-0.7861123314,0.1498767136,,,,
13607,0.0,-1553.22644,1084.142822,98.581924,-0.5867350179,-0.7958450596,0.149574931,,,,
13608,0.0,-1555.387817,1082.3125,98.53006,-0.5775630607,-0.802526162,0.1495749655,,,,
13609,0.0,-1558.474854,1079.568115,98.490982,-0.5637410516,-0.8122951261,0.1495749137,,,,
13610,0.0,-1560.484741,1077.627686,98.496422,-0.5510050563,-0.8208420711,0.1503719463,,,,
13611,0.0,-1562.635376,1075.471436,98.506447,-0.536817921,-0.8301622702,0.1505228381,,,,
13612,0.0,-1565.354004,1072.565186,98.796974,-0.515849929,-0.8431831171,0.1514631368,,,,
13613,0.0,-1567.160156,1070.499146,98.97686,-0.5009983068,-0.8522288067,0.1506876159,,,,
13614,0.0,-1569.535278,1067.587524,99.457283,-0.4868040802,-0.8606045854,0.1496045956,,,,
13615,0.0,-1571.238403,1065.387939,99.677933,-0.4749228581,-0.8672229349,0.149574931,,,,
13616,0.0,-1573.522217,1062.23938,99.904739,-0.4566040041,-0.8771657709,0.1486371212,,,,
13617,0.0,-1574.897095,1060.040527,100.09758,-0.4415202541,-0.884855866,0.1486269209,,,,
13618,0.0,-1576.877686,1056.824341,100.290054,-0.4193782454,-0.8955623516,0.1486269209,,,,
13619,0.0,-1578.769653,1053.736206,100.427628,-0.3983190786,-0.9051253752,0.1486269382,,,,
13620,0.0,-1579.309448,1052.388306,101.050194,-0.3883502567,-0.9094471488,0.1486269209,,,,
13621,0.0,-1580.851318,1051.633911,101.099678,-0.3776639849,-0.9139365147,0.1486269209,,,,
13622,0.0,-1582.330933,1051.290039,100.636711,-0.3695707704,-0.917239055,0.1486269209,,,,
13623,0.0,-1584.275269,1050.376953,99.899117,-0.3610020083,-0.9206452022,0.1486269209,,,,
13624,0.0,-1587.160034,1048.319336,99.718674,-0.3394028696,-0.9288249192,0.1486269209,,,,
13625,0.0,-1588.088623,1047.46344,99.6702195,-0.3322879076,-0.9313633654,0.1486269209,,,,
13626,0.0,-1590.318726,1045.304688,99.51326,-0.3142340541,-0.9378581649,0.1472379763,,,,
13627,0.0,-1591.743408,1043.611938,99.310791,-0.3025752893,-0.9420955987,0.1445824233,,,,
13628,0.0,-1593.090942,1041.880493,99.128082,-0.2934404542,-0.9452958433,0.1425077841,,,,
13629,0.0,-1594.473267,1040.180542,98.7257,-0.2855446782,-0.9479788815,0.1407134566,,,,
13630,0.0,-1595.913452,1038.514648,98.251282,-0.2773776773,-0.9505775901,0.1395129716,,,,
13631,0.0,-1597.0824585,1037.2825925,98.0255435,-0.2711059962,-0.9526625146,0.1374323922,,,,
13632,0.0,-1599.897705,1034.420288,97.581612,-0.255618606,-0.9575002081,0.1336131721,,,,
13633,0.0,-1601.546265,1032.854736,97.401024,-0.2467700333,-0.9600500693,0.1319409531,,,,
13634,0.0,-1603.384155,1031.22168,97.304657,-0.2393975685,-0.9621554578,0.1301755709,,,,
13635,0.0,-1605.208618,1029.644531,97.185959,-0.2350920309,-0.963445845,0.1284672755,,,,
13636,0.0,-1607.388794,1027.821533,97.144371,-0.2307665513,-0.9647487777,0.1265171721,,,,
13637,0.0,-1609.627808,1026.032837,97.333771,-0.2262864337,-0.9662072348,0.1234424132,,,,
13638,0.0,-1612.328613,1023.837463,97.049568,-0.2173586255,-0.9688428862,0.1187379033,,,,
13639,0.0,-1614.650879,1022.016724,96.911606,-0.2107606102,-0.9706608841,0.1157471954,,,,
13640,0.0,-1615.960083,1021.016113,96.887146,-0.2067225256,-0.97173988,0.1139622873,,,,
13641,0.0,-1619.446289,1018.417419,96.868965,-0.1914267358,-0.9756037816,0.1074851903,,,,
13642,0.0,-1621.769897,1016.639893,96.655548,-0.1832760178,-0.97763556,0.1031436533,,,,
13643,0.0,-1624.427368,1014.848633,96.442802,-0.178612438,-0.9788280152,0.0999665625,,,,
13644,0.0,-1627.238892,1012.700806,96.137878,-0.1720848797,-0.9804975818,0.0949277952,,,,
13645,0.0,-1629.615845,1010.928528,95.952812,-0.1674575022,-0.9816368696,0.0913621427,,,,
13646,0.0,-1632.287964,1009.060974,95.904503,-0.1622504883,-0.9827187865,0.0890986288,,,,
13647,0.0,-1634.492065,1007.196167,95.769325,-0.1574762274,-0.9837182864,0.086600062,,,,
13648,0.0,-1637.081299,1004.592285,95.479027,-0.1535601931,-0.9846313738,0.0831884897,,,,
13649,0.0,-1638.699463,1002.681519,95.303085,-0.151910774,-0.985028544,0.0814977562,,,,
13650,0.0,-1640.867188,999.833862,94.919403,-0.1505159218,-0.9852898749,0.0809247785,,,,
13651,0.0,-1642.309082,997.661438,94.688713,-0.1497042084,-0.9854723572,0.0802052569,,,,
13652,0.0,-1643.795044,995.212158,94.308044,-0.1481436063,-0.9857820112,0.0792924864,,,,
13653,0.0,-1645.592407,991.958252,93.849487,-0.1449400826,-0.9864233235,0.0772100991,,,,
13654,0.0,-1646.908691,989.330933,93.623756,-0.1430589727,-0.9867743189,0.0762271206,,,,
13655,0.0,-1648.097168,986.759583,93.383255,-0.1413156795,-0.9872169253,0.0737063173,,,,
13656,0.0,-1649.13562,984.350952,93.160301,-0.1390237379,-0.9876745369,0.071912512,,,,
13657,0.0,-1650.383301,981.100647,93.0065,-0.1382163576,-0.9878275346,0.07136526,,,,
13658,0.0,-1651.206787,978.738586,92.972488,-0.1369760641,-0.9880908081,0.0701007329,,,,
13659,0.0,-1652.346924,975.07373,93.02504,-0.1346442581,-0.9885769126,0.0677245276,,,,
13660,0.0,-1653.133545,972.420593,93.076027,-0.1329765277,-0.9889174805,0.0660262059,,,,
13661,0.0,-1653.862915,969.650391,93.178528,-0.1312661698,-0.9893045743,0.0636054395,,,,
13662,0.0,-1654.753662,965.91687,93.591827,-0.1290058381,-0.989764541,0.0610216942,,,,
13663,0.0,-1655.957886,960.327026,94.198555,-0.1269505093,-0.9901956855,0.0582758319,,,,
13664,0.0,-1656.3684695,958.25769,94.3349725,-0.1260238132,-0.9903768031,0.0571812625,,,,
13665,0.0,-1657.207275,953.739563,94.637955,-0.1243608355,-0.990733044,0.0546115194,,,,
13666,0.0,-1657.5118405,951.765747,94.7532005,-0.123777093,-0.9908188458,0.0543768585,,,,
13667,0.0,-1658.281494,947.244141,94.941742,-0.1231812095,-0.9909061561,0.054142215,,,,
13668,0.0,-1658.579773,945.402039,95.059326,-0.1231812095,-0.9909061561,0.054142215,,,,
13669,0.0,-1658.878052,943.559937,95.17691,-0.1231812095,-0.9909061561,0.054142215,,,,
13670,0.0,-1659.728394,937.676086,95.096886,-0.1231812095,-0.9909061561,0.054142215,,,,
13671,0.0,-1660.323975,934.538086,95.134399,-0.1223331424,-0.9910112132,0.0541421976,,,,
13672,0.0,-1660.821655,931.55603,95.063614,-0.1215640207,-0.9911058518,0.054142215,,,,
13673,0.0,-1661.1466065,929.4973145,94.8971445,-0.1205046014,-0.9912346456,0.054142215,,,,
13674,0.0,-1661.910156,924.75531,94.517677,-0.1154736106,-0.9919170955,0.0525958264,,,,
13675,0.0,-1662.35791,921.847107,94.146896,-0.1111421322,-0.9924670473,0.0515420841,,,,
13676,0.0,-1662.942627,918.193359,93.594978,-0.1057661693,-0.9931509064,0.0496466963,,,,
13677,0.0,-1663.267578,916.016174,93.629349,-0.1018289961,-0.9936245862,0.0483842656,,,,
13678,0.0,-1663.944946,911.662598,93.5439,-0.0961698557,-0.9942699552,0.0466756368,,,,
13679,0.0,-1664.510132,908.091003,93.500626,-0.0937448915,-0.994633329,0.043777119,,,,
13680,0.0,-1664.979126,905.263489,93.480171,-0.0913233155,-0.9948996333,0.0428342351,,,,
13681,0.0,-1665.497925,902.265808,93.543732,-0.0887183589,-0.9952299032,0.0405769947,,,,
13682,0.0,-1666.195923,898.28656,93.76226,-0.0842991218,-0.99571738,0.0379546725,,,,
13683,0.0,-1666.628296,895.619873,94.061104,-0.0818918151,-0.9959498165,0.0371172955,,,,
13684,0.0,-1667.269409,892.305847,94.578278,-0.0812562776,-0.9960656341,0.0353648108,,,,
13685,0.0,-1667.783325,889.539978,94.964722,-0.080001304,-0.9962262634,0.0336604134,,,,
13686,0.0,-1668.839478,885.279602,95.725906,-0.0775180902,-0.9965610092,0.0292762801,,,,
13687,0.0,-1668.992798,883.102478,95.774506,-0.0767097964,-0.9967399183,0.0250028486,,,,
13688,0.0,-1669.617432,879.812622,96.109482,-0.0758749864,-0.9969095737,0.0203540727,,,,
13689,0.0,-1670.413086,875.71637,96.454025,-0.0755665956,-0.9970613646,0.0125827239,,,,
13690,0.0,-1670.635986,873.830627,96.563179,-0.076262265,-0.9970625049,0.0071012836,,,,
13691,0.0,-1671.206909,870.347046,96.726334,-0.0774028967,-0.9969995903,-0.0007800923,,,,
13692,0.0,-1671.407593,868.234314,96.7677,-0.0782145766,-0.9969059556,-0.0078099723,,,,
13693,0.0,-1671.570068,866.391113,96.758369,-0.0784330669,-0.9968310581,-0.0132700993,,,,
13694,0.0,-1671.748657,864.065918,96.721375,-0.078424826,-0.9967245422,-0.0197416725,,,,
13695,0.0,-1671.901367,861.942261,96.66452,-0.0790581071,-0.9964987681,-0.0272033248,,,,
13696,0.0,-1671.915527,860.354431,96.455246,-0.0799719152,-0.9963092381,-0.0311832447,,,,
13697,0.0,-1671.996582,859.290283,96.429077,-0.0787760772,-0.9962838893,-0.0348244408,,,,
13698,0.0,-1672.161865,857.469971,96.333076,-0.0762546943,-0.9963092849,-0.0394085074,,,,
13699,0.0,-1672.226685,856.246948,96.249779,-0.0725700502,-0.9964619689,-0.0423925971,,,,
13700,0.0,-1672.255737,855.881348,96.084656,-0.0708729734,-0.9965328412,-0.0435811661,,,,
13701,0.0,-1672.460571,854.051331,95.825729,-0.0649900176,-0.9967396933,-0.0478150752,,,,
13702,0.0,-1672.585938,853.031616,95.642395,-0.0611918084,-0.9968936921,-0.0495835583,,,,
13703,0.0,-1672.674072,852.457153,95.554276,-0.0593167316,-0.9969516667,-0.0506843129,,,,
13704,0.0,-1672.8927,851.325867,95.327446,-0.0545556315,-0.9970834045,-0.0533700999,,,,
13705,0.0,-1672.951172,851.033234,95.3479575,-0.0535581006,-0.9970994404,-0.054062566,,,,
13706,0.0,-1673.009644,850.740601,95.368469,-0.0525605698,-0.9971154762,-0.0547550322,,,,
13707,0.0,-1673.2854,850.276611,95.208008,-0.0484316843,-0.997116974,-0.0584132864,,,,
13708,0.0,-1673.367676,850.219604,95.13369,-0.0466253244,-0.9971286401,-0.0596703794,,,,
13709,0.0,-1673.4141845,850.186218,95.0980075,-0.0452597415,-0.9971353496,-0.0605801772,,,,
13710,0.0,-1673.500488,850.016663,94.871826,-0.0423285211,-0.9971376779,-0.0626478062,,,,
13711,0.0,-1673.516113,849.867004,94.659416,-0.0406062245,-0.9971082661,-0.0642358173,,,,
13712,0.0,-1673.524414,849.818359,94.600067,-0.0385717825,-0.9971443288,-0.0649261519,,,,
13713,0.0,-1673.532227,849.76001,94.531555,-0.0366664992,-0.9971440032,-0.066025788,,,,
13714,0.0,-1673.546387,849.722107,94.466553,-0.0338666241,-0.9971304566,-0.0677045372,,,,
13715,0.0,-1673.579468,849.723694,94.44986,-0.0314142481,-0.9971585185,-0.0684692199,,,,
13716,0.0,-1673.599854,849.722351,94.415665,-0.0267750955,-0.9972434437,-0.0691997707,,,,
13717,0.0,-1673.628418,849.738403,94.399529,-0.0233733911,-0.9973011153,-0.0696000719,,,,
13718,0.0,-1673.800293,851.157043,94.841156,-0.0170087165,-0.9973595136,-0.0706024382,,,,
13719,0.0,-1673.569336,850.992676,94.857574,-0.0134061377,-0.9974078295,-0.0706958063,,,,
13720,0.0,-1673.137817,850.663757,94.793137,-0.0094552655,-0.9974105561,-0.0712936227,,,,
13721,0.0,-1672.520264,850.205322,94.559647,-0.0053536416,-0.9974153034,-0.0716522932,,,,
13722,0.0,-1671.550781,849.888306,94.371819,0.0005404273,-0.9974295247,-0.0716522932,,,,
13723,0.0,-1670.418091,849.716003,94.325729,0.002695762,-0.9974260295,-0.0716522758,,,,
13724,0.0,-1669.887451,849.993652,94.462692,0.0058030854,-0.9974127897,-0.0716522932,,,,
13725,0.0,-1669.72168,850.344299,94.597595,0.0072479542,-0.9974033367,-0.0716522932,,,,
13726,0.0,-1669.594482,850.706665,94.737526,0.0079320683,-0.9973981307,-0.0716522932,,,,
13727,0.0,-1669.765381,850.991272,94.829826,0.0079369949,-0.9973981015,-0.0716521539,,,,
13728,0.0,-1669.819214,851.231812,94.911072,0.0079369949,-0.9973981015,-0.0716521539,,,,
13729,0.0,-1670.025757,851.241272,94.698883,0.0079369949,-0.9973981015,-0.0716521539,,,,
13730,0.0,-1670.107788,851.197632,94.604004,0.0079369949,-0.9973981015,-0.0716521539,,,,
13731,0.0,-1670.07251,850.989807,94.489273,0.0079369949,-0.9973981015,-0.0716521539,,,,
13732,0.0,-1670.07019,850.992737,94.490639,0.0038039118,-0.9973368856,-0.0728331437,,,,
13733,0.0,-1670.056885,850.917053,94.467522,-0.0004512344,-0.9972545087,-0.0740489117,,,,
13734,0.0,-1670.058838,850.859985,94.465576,-0.0107593048,-0.9970124316,-0.0764882253,,,,
13735,0.0,-1670.089111,850.820068,94.467705,-0.0200298384,-0.9967285294,-0.0783009856,,,,
13736,0.0,-1670.120728,850.817078,94.470772,-0.0258284511,-0.9964439533,-0.0802018644,,,,
13737,0.0,-1670.165894,850.810486,94.473625,-0.0322413599,-0.9961065962,-0.0820496422,,,,
13738,0.0,-1670.201172,850.842224,94.490341,-0.0362523894,-0.9958596589,-0.0833624859,,,,
13739,0.0,-1670.232056,850.869995,94.506851,-0.03837302,-0.9957305915,-0.0839529655,,,,
13740,0.0,-1670.207886,850.959229,94.562256,-0.0388726092,-0.9957006782,-0.0840778197,,,,
13741,0.0,-1670.197266,851.002869,94.593262,-0.0388726092,-0.9957006782,-0.0840778197,,,,
13742,0.0,-1670.158447,851.05658,94.636665,-0.0397252604,-0.9956308523,-0.0845050861,,,,
13743,0.0,-1670.114258,851.110596,94.682495,-0.041198723,-0.9955079677,-0.0852440702,,,,
13744,0.0,-1669.96521,851.124329,94.73259,-0.0438999645,-0.995289121,-0.0864428064,,,,
13745,0.0,-1669.939331,851.124084,94.739578,-0.0455000606,-0.9951354021,-0.087380066,,,,
13746,0.0,-1669.905396,851.102112,94.743385,-0.045883312,-0.9950839188,-0.0877651191,,,,
13747,0.0,-1669.839722,851.061157,94.747597,-0.0464462299,-0.9950076849,-0.0883315041,,,,
13748,0.0,-1669.739624,850.954651,94.770386,-0.0483570712,-0.9948290849,-0.089312292,,,,
13749,0.0,-1669.747925,850.972168,94.770584,-0.0522947748,-0.9944990725,-0.0907571003,,,,
13750,0.0,-1669.724976,850.874023,94.759621,-0.059045639,-0.9938731405,-0.0934333622,,,,
13751,0.0,-1669.736694,850.789307,94.736679,-0.0594316486,-0.9938318872,-0.093627235,,,,
13752,0.0,-1669.768982,850.7319035,94.706627,-0.0594316486,-0.9938318872,-0.093627235,,,,
13753,0.0,-1669.838989,850.624268,94.642128,-0.0594316486,-0.9938318872,-0.093627235,,,,
13754,0.0,-1669.938843,850.555908,94.59388,-0.0594316486,-0.9938318872,-0.093627235,,,,
13755,0.0,-1669.97998,850.522461,94.574051,-0.0577369837,-0.9939956553,-0.0929466403,,,,
13756,0.0,-1670.022583,850.502075,94.5569075,-0.0566834823,-0.9941127746,-0.0923324062,,,,
13757,0.0,-1669.692261,850.511047,94.930756,-0.0539112929,-0.9945611094,-0.0891166211,,,,
13758,0.0,-1669.728638,850.503723,94.921585,-0.0537598768,-0.9950110935,-0.0840404627,,,,
13759,0.0,-1669.744507,850.499756,94.916092,-0.0537664626,-0.9951329868,-0.0825803003,,,,
13760,0.0,-1669.8168335,850.500183,94.8448485,-0.054003976,-0.9953065581,-0.0802682617,,,,
13761,0.0,-1669.979736,850.525513,94.686348,-0.0542716619,-0.9956260564,-0.0760482912,,,,
13762,0.0,-1669.976807,850.51709,94.690918,-0.0542770257,-0.9957244556,-0.0747449868,,,,
13763,0.0,-1670.053467,850.544067,94.626045,-0.0542839093,-0.9958459405,-0.0731034882,,,,
13764,0.0,-1670.208374,850.587769,94.525894,-0.0542871257,-0.9959049445,-0.0722928042,,,,
13765,0.0,-1670.208374,850.586975,94.526009,-0.054287627,-0.9959167011,-0.0721302857,,,,
13766,0.0,-1670.32312,850.629028,94.453606,-0.054287627,-0.9959167011,-0.0721302857,,,,
13767,0.0,-1670.312378,850.625,94.462418,-0.054287627,-0.9959167011,-0.0721302857,,,,
13768,0.0,-1670.337524,850.637634,94.438805,-0.054287627,-0.9959167011,-0.0721302857,,,,
13769,0.0,-1670.295044,850.672729,94.443855,-0.054287627,-0.9959167011,-0.0721302857,,,,
13770,0.0,-1670.254761,850.713013,94.444008,-0.054287627,-0.9959167011,-0.0721302857,,,,
13771,0.0,-1670.180542,850.780884,94.449501,-0.0534352277,-0.9959936725,-0.0717027253,,,,
13772,0.0,-1670.153564,850.807678,94.452553,-0.052611859,-0.996064811,-0.0713223995,,,,
13773,0.0,-1670.089233,850.829773,94.460342,-0.0518338248,-0.9961162296,-0.0711738142,,,,
13774,0.0,-1670.025146,850.835449,94.468567,-0.0518084934,-0.9961175337,-0.0711740057,,,,
13775,0.0,-1669.96814,850.841858,94.474564,-0.0518084934,-0.9961175337,-0.0711740057,,,,
13776,0.0,-1669.837158,850.840881,94.477966,-0.0518084934,-0.9961175337,-0.0711740057,,,,
13777,0.0,-1669.854492,850.847473,94.47979,-0.0529313201,-0.996019425,-0.0717187584,,,,
13778,0.0,-1669.825806,850.99585,94.875046,-0.0542728977,-0.9959001052,-0.0723701113,,,,
13779,0.0,-1669.883667,851.001343,94.874847,-0.0559095589,-0.9957440703,-0.0732657341,,,,
13780,0.0,-1669.994995,851.011658,94.879227,-0.0576638686,-0.9955694233,-0.0742724819,,,,
13781,0.0,-1670.160034,851.032043,94.907318,-0.058454187,-0.9955047693,-0.074520885,,,,
13782,0.0,-1670.416626,851.05542,94.934174,-0.0585735005,-0.9954977719,-0.0745206761,,,,
13783,0.0,-1670.631958,851.039734,94.874161,-0.0585735005,-0.9954977719,-0.0745206761,,,,
13784,0.0,-1670.787842,850.968445,94.788567,-0.0585735005,-0.9954977719,-0.0745206761,,,,
13785,0.0,-1671.004028,850.844116,94.672546,-0.0585735005,-0.9954977719,-0.0745206761,,,,
13786,0.0,-1671.300659,850.6604,94.499359,-0.0585735005,-0.9954977719,-0.0745206761,,,,
13787,0.0,-1671.933716,850.598267,94.394279,-0.0585735005,-0.9954977719,-0.0745206761,,,,
13788,0.0,-1672.411987,850.446716,94.178566,-0.0585735005,-0.9954977719,-0.0745206761,,,,
13789,0.0,-1672.55249,850.29895,93.952103,-0.0583388455,-0.9955203409,-0.0744031587,,,,
13790,0.0,-1674.977417,850.010681,93.567177,-0.0563072849,-0.995734818,-0.0730866734,,,,
13791,0.0,-1675.6710205,849.972595,93.5038035,-0.0561333209,-0.9957446249,-0.0730866734,,,,
13792,0.0,-1676.364624,849.934509,93.44043,-0.0559593569,-0.9957544318,-0.0730866734,,,,
13793,0.0,-1677.839844,849.876099,93.359131,-0.0557405864,-0.9957667035,-0.073086656,,,,
13794,0.0,-1680.36731,849.647705,93.132545,-0.0557159257,-0.9957680964,-0.0730864819,,,,
13795,0.0,-1681.1721805,849.659668,93.21138,-0.0557159257,-0.9957680964,-0.0730864819,,,,
13796,0.0,-1683.131836,849.746399,93.503998,-0.0557159257,-0.9957680964,-0.0730864819,,,,
13797,0.0,-1684.230591,849.831421,93.7061,-0.0557159257,-0.9957680964,-0.0730864819,,,,
13798,0.0,-1685.301392,850.469604,94.216606,-0.0557159257,-0.9957680964,-0.0730864819,,,,
13799,0.0,-1685.9608155,850.586029,94.392265,-0.0557159257,-0.9957680964,-0.0730864819,,,,
13800,0.0,-1687.574585,850.856567,94.777924,-0.0557159257,-0.9957680964,-0.0730864819,,,,
13801,0.0,-1688.329834,850.963501,94.919159,-0.0557159257,-0.9957680964,-0.0730864819,,,,
13802,0.0,-1689.017944,851.065552,95.03791,-0.0557159257,-0.9957680964,-0.0730864819,,,,
13803,0.0,-1689.569702,851.142822,95.127312,-0.0557159257,-0.9957680964,-0.0730864819,,,,
13804,0.0,-1690.015991,851.224365,95.216789,-0.0557159257,-0.9957680964,-0.0730864819,,,,
13805,0.0,-1690.396851,851.300781,95.285591,-0.0557159257,-0.9957680964,-0.0730864819,,,,
13806,0.0,-1690.523193,851.627747,95.639305,-0.0557159257,-0.9957680964,-0.0730864819,,,,
13807,0.0,-1690.731567,851.45575,95.486725,-0.0557159257,-0.9957680964,-0.0730864819,,,,
13808,0.0,-1690.827515,851.435669,95.447456,-0.0557159257,-0.9957680964,-0.0730864819,,,,
13809,0.0,-1691.026611,851.436035,95.419174,-0.0557159257,-0.9957680964,-0.0730864819,,,,
13810,0.0,-1691.21106,851.451965,95.40461,-0.0557159257,-0.9957680964,-0.0730864819,,,,
13811,0.0,-1691.419067,851.489258,95.402847,-0.0557159257,-0.9957680964,-0.0730864819,,,,
13812,0.0,-1691.639038,851.547302,95.413452,-0.0557159257,-0.9957680964,-0.0730864819,,,,
13813,0.0,-1691.910278,851.641357,95.435486,-0.0557159257,-0.9957680964,-0.0730864819,,,,
13814,0.0,-1692.186157,851.757874,95.467117,-0.0557159257,-0.9957680964,-0.0730864819,,,,
13815,0.0,-1692.490479,851.914734,95.498375,-0.0557159257,-0.9957680964,-0.0730864819,,,,
13816,0.0,-1693.012207,852.321106,95.608627,-0.0557159257,-0.9957680964,-0.0730864819,,,,
13817,0.0,-1693.046753,852.380615,95.630997,-0.0553036397,-0.9958214144,-0.0726719893,,,,
13818,0.0,-1693.03125,852.447632,95.652695,-0.0548191896,-0.9958836593,-0.0721844413,,,,
13819,0.0,-1692.437256,851.964233,95.461006,-0.0528992708,-0.996094779,-0.0706884595,,,,
13820,0.0,-1692.28479,851.959473,95.459091,-0.0490147009,-0.9966473857,-0.0655099059,,,,
13821,0.0,-1692.15332,851.970398,95.445206,-0.0455564737,-0.9969542163,-0.063300065,,,,
13822,0.0,-1691.921631,851.9823,95.428131,-0.0417272063,-0.9973262615,-0.0599930702,,,,
13823,0.0,-1691.580933,851.937561,95.369713,-0.0385857737,-0.9976502838,-0.0566131541,,,,
13824,0.0,-1690.840942,851.864319,95.254845,-0.034754367,-0.9980581493,-0.0516920172,,,,
13825,0.0,-1690.226074,851.857361,95.204041,-0.0311021952,-0.998426476,-0.0466607479,,,,
13826,0.0,-1689.349609,852.022217,95.329826,-0.0284082767,-0.9986513868,-0.0434554645,,,,
13827,0.0,-1687.358276,852.070984,95.214981,-0.0225261557,-0.9991018996,-0.0358882516,,,,
13828,0.0,-1686.610107,852.077362,95.1661645,-0.0211954527,-0.9991928758,-0.0340467244,,,,
13829,0.0,-1685.861938,852.08374,95.117348,-0.0198647497,-0.9992838521,-0.0322051973,,,,
13830,0.0,-1684.104492,852.045776,94.970406,-0.0186131243,-0.999442507,-0.0277169036,,,,
13831,0.0,-1680.268921,851.900513,94.694168,-0.0167881832,-0.9997002747,-0.0178190256,,,,
13832,0.0,-1678.90448,851.8528445,94.6160585,-0.016638601,-0.9997583512,-0.0137886254,,,,
13833,0.0,-1677.540039,851.805176,94.537949,-0.0164890189,-0.9998164278,-0.0097582253,,,,
13834,0.0,-1673.244995,851.679138,94.286743,-0.0164895407,-0.9998639411,0.00044094,,,,
13835,0.0,-1671.845764,851.544922,94.1705245,-0.0164894256,-0.9998490202,0.0040894598,,,,
13836,0.0,-1670.446533,851.410706,94.054306,-0.0164893104,-0.9998340994,0.0077379796,,,,
13837,0.0,-1668.940674,850.921692,93.787956,-0.0164886068,-0.9997988435,0.0114192142,,,,
13838,0.0,-1666.265625,849.711731,93.567863,-0.0168421436,-0.9997186679,0.0167011169,,,,
13839,0.0,-1663.968506,848.474609,93.751106,-0.0173680256,-0.9996518399,0.0198632981,,,,
13840,0.0,-1662.888916,846.681763,93.497406,-0.0182877122,-0.9995714714,0.022856796,,,,
13841,0.0,-1661.509155,844.87323,93.437363,-0.0193062918,-0.9994537351,0.0268234704,,,,
13842,0.0,-1659.928467,842.63623,93.231087,-0.019357065,-0.9993668805,0.0298520044,,,,
13843,0.0,-1658.825684,841.252197,93.380051,-0.0200754006,-0.9992606091,0.0327904459,,,,
13844,0.0,-1657.26062,839.341736,93.854111,-0.0203097092,-0.9990978278,0.0372967307,,,,
13845,0.0,-1656.474365,838.096252,94.040985,-0.0203066999,-0.9989497881,0.0410726037,,,,
13846,0.0,-1654.88855,835.322021,94.365303,-0.0203012975,-0.9986840318,0.0470963042,,,,
13847,0.0,-1653.6073,833.509216,94.878952,-0.0202949933,-0.9983807673,0.0531409148,,,,
13848,0.0,-1652.464966,831.602722,95.220604,-0.0210031899,-0.9981646225,0.0568001092,,,,
13849,0.0,-1651.26001,829.224976,95.540665,-0.0212431795,-0.997932509,0.0606583452,,,,
13850,0.0,-1649.834106,826.515198,96.014717,-0.0212398514,-0.9977696202,0.0632823332,,,,
13851,0.0,-1649.017822,824.527344,96.253799,-0.0218761056,-0.9976584756,0.0647997078,,,,
13852,0.0,-1647.98584,821.595276,96.467972,-0.0221919572,-0.9975594873,0.0662011059,,,,
13853,0.0,-1646.986328,818.513855,96.581886,-0.0221918149,-0.9975468253,0.066391677,,,,
13854,0.0,-1646.345093,815.805969,96.56498,-0.0221918149,-0.9975468253,0.066391677,,,,
13855,0.0,-1645.697021,812.955017,96.421837,-0.0221918149,-0.9975468253,0.066391677,,,,
13856,0.0,-1645.167725,810.138611,96.279533,-0.0221918149,-0.9975468253,0.066391677,,,,
13857,0.0,-1644.716064,807.247986,96.252502,-0.0221918149,-0.9975468253,0.066391677,,,,
13858,0.0,-1644.280518,804.290833,96.337532,-0.0221918149,-0.9975468253,0.066391677,,,,
13859,0.0,-1643.986328,801.327759,96.422173,-0.0221918149,-0.9975468253,0.066391677,,,,
13860,0.0,-1643.725464,798.37677,96.470749,-0.0213110674,-0.9973265933,0.0698963861,,,,
13861,0.0,-1643.591797,795.454468,96.712914,-0.0195134134,-0.9970304865,0.0744945342,,,,
13862,0.0,-1643.70105,792.431335,97.155388,-0.0184464274,-0.9968153988,0.0775808609,,,,
13863,0.0,-1643.464966,789.541809,97.215965,-0.0174156702,-0.9967013126,0.0792665628,,,,
13864,0.0,-1643.475586,786.140808,97.559891,-0.0164639153,-0.996603129,0.0806916518,,,,
13865,0.0,-1643.563232,783.007935,97.849388,-0.0164347028,-0.9965229502,0.0816817616,,,,
13866,0.0,-1643.662842,780.36438,98.03537,-0.0164344318,-0.996522343,0.081689224,,,,
13867,0.0,-1643.811646,776.901123,98.195312,-0.0164344318,-0.996522343,0.081689224,,,,
13868,0.0,-1643.894531,773.473083,98.28788,-0.0173690272,-0.9962716519,0.0845051035,,,,
13869,0.0,-1643.954468,770.638428,98.345001,-0.0173780179,-0.9958369824,0.0894802158,,,,
13870,0.0,-1644.128174,764.115479,98.162376,-0.0209461419,-0.9946602451,0.1010557068,,,,
13871,0.0,-1644.09082,761.448486,98.155624,-0.0219717595,-0.9941027235,0.1061932995,,,,
13872,0.0,-1644.090942,757.783203,98.003685,-0.0229060027,-0.9935111452,0.1114043063,,,,
13873,0.0,-1644.0061035,755.908783,97.6759985,-0.0234436482,-0.9931809,0.1141668321,,,,
13874,0.0,-1643.921387,751.740295,97.372467,-0.0243857922,-0.9925966553,0.1189840871,,,,
13875,0.0,-1643.704956,747.55896,96.39093,-0.0249163139,-0.992256657,0.1216795136,,,,
13876,0.0,-1643.664307,744.804993,96.101265,-0.0249233397,-0.9920100326,0.1236726421,,,,
13877,0.0,-1643.644287,741.296631,95.858208,-0.0249154425,-0.9916901891,0.1262132703,,,,
13878,0.0,-1644.267883,739.50354,95.48679,-0.0249123067,-0.9915733023,0.1271255961,,,,
13879,0.0,-1644.891479,737.710449,95.115372,-0.0249091709,-0.9914564155,0.1280379219,,,,
13880,0.0,-1644.916504,730.872009,95.226501,-0.0248925952,-0.9907966564,0.1330501571,,,,
13881,0.0,-1644.933716,728.077881,95.270111,-0.0248896571,-0.9906742006,0.1339594459,,,,
13882,0.0,-1644.960938,724.514771,95.32563,-0.0248834281,-0.9904262707,0.1357815058,,,,
13883,0.0,-1644.981201,721.622498,95.370621,-0.024205788,-0.9903992687,0.1361005817,,,,
13884,0.0,-1645.009644,718.612854,95.417397,-0.0239330529,-0.9904058969,0.1361005817,,,,
13885,0.0,-1645.056519,714.465942,95.481812,-0.0239330529,-0.9904058969,0.1361005817,,,,
13886,0.0,-1645.092163,711.564575,95.520287,-0.0239330529,-0.9904058969,0.1361005817,,,,
13887,0.0,-1645.139771,708.030212,95.544495,-0.0239330529,-0.9904058969,0.1361005817,,,,
13888,0.0,-1645.191895,704.409729,95.56443,-0.0239330529,-0.9904058969,0.1361005817,,,,
13889,0.0,-1645.231079,701.814453,95.578979,-0.0239330529,-0.9904058969,0.1361005817,,,,
13890,0.0,-1645.289185,698.149231,95.599503,-0.0239330529,-0.9904058969,0.1361005817,,,,
13891,0.0,-1645.332764,695.502808,95.614296,-0.0239330529,-0.9904058969,0.1361005817,,,,
13892,0.0,-1645.398438,691.65802,95.635742,-0.0239330529,-0.9904058969,0.1361005817,,,,
13893,0.0,-1645.468262,688.155701,95.655266,-0.0247855223,-0.9897788772,0.1404402084,,,,
13894,0.0,-1645.532837,685.3797,95.670731,-0.0262889084,-0.9888420596,0.1466297187,,,,
13895,0.0,-1645.617065,681.906921,95.690056,-0.0282681709,-0.9876831912,0.1538922492,,,,
13896,0.0,-1645.698608,679.103943,95.70562,-0.0311504654,-0.9866941467,0.1595754037,,,,
13897,0.0,-1645.83606,675.289551,95.720306,-0.0373922993,-0.9852071743,0.167238272,,,,
13898,0.0,-1645.946899,672.107056,95.727997,-0.0417926971,-0.9841965827,0.1720768928,,,,
13899,0.0,-1646.091431,668.99353,95.730522,-0.0495390522,-0.9826873921,0.1785255494,,,,
13900,0.0,-1646.24231,666.028137,95.729523,-0.057315637,-0.9814027965,0.1832033538,,,,
13901,0.0,-1646.410645,662.822449,95.729187,-0.0653143832,-0.9799563898,0.1882007052,,,,
13902,0.0,-1646.661133,658.59436,95.728317,-0.0771503355,-0.9778376089,0.1946315401,,,,
13903,0.0,-1646.839233,655.734314,95.727699,-0.0845244955,-0.976394107,0.1987716216,,,,
13904,0.0,-1647.031006,652.732666,95.726974,-0.0914854935,-0.9748727126,0.2031098193,,,,
13905,0.0,-1647.202393,650.109985,95.726295,-0.0964478426,-0.9735180387,0.2072690086,,,,
13906,0.0,-1647.422485,646.638306,95.725296,-0.1007435147,-0.9722206643,0.2112764165,,,,
13907,0.0,-1647.710571,642.555298,95.724014,-0.1071576206,-0.9703000317,0.2168757544,,,,
13908,0.0,-1647.955444,639.736084,95.718369,-0.1148844315,-0.9686534989,0.2202543223,,,,
13909,0.0,-1648.216309,636.858643,95.708603,-0.122513496,-0.9672453699,0.2223214737,,,,
13910,0.0,-1648.588623,632.897034,95.652428,-0.1318681786,-0.9656797644,0.2237708117,,,,
13911,0.0,-1649.155884,627.25177,95.52726,-0.1433426847,-0.9636589396,0.2254203249,,,,
13912,0.0,-1649.3770145,625.2088625,95.48127,-0.147664746,-0.9626659605,0.2268209498,,,,
13913,0.0,-1649.89624,620.579834,95.377281,-0.1572331685,-0.960287324,0.2304907506,,,,
13914,0.0,-1650.112915,618.7986755,95.337349,-0.1607093892,-0.9592869843,0.2322173722,,,,
13915,0.0,-1650.685547,614.092285,95.231949,-0.1684315974,-0.957009188,0.2361444707,,,,
13916,0.0,-1650.930725,612.1603395,95.188732,-0.1711402712,-0.956016835,0.2381813348,,,,
13917,0.0,-1651.525391,607.578674,95.086304,-0.1768851273,-0.9538529678,0.242644117,,,,
13918,0.0,-1652.026611,603.910706,95.109451,-0.1809902988,-0.9528782626,0.2434451241,,,,
13919,0.0,-1652.424316,601.028931,95.172684,-0.1828627332,-0.9523459191,0.2441279813,,,,
13920,0.0,-1652.975952,597.153687,95.259926,-0.1850333251,-0.9518632015,0.244374946,,,,
13921,0.0,-1653.36731,594.502319,95.319,-0.1865263197,-0.9515717618,0.244374946,,,,
13922,0.0,-1653.905518,590.859009,95.400024,-0.1870256648,-0.951681396,0.2435650247,,,,
13923,0.0,-1654.319214,588.114502,95.460999,-0.1870635686,-0.9518748845,0.2427785524,,,,
13924,0.0,-1654.915894,584.251587,95.546852,-0.1870765223,-0.9519394827,0.2425151461,,,,
13925,0.0,-1655.328979,581.637207,95.601936,-0.1870765223,-0.9519394827,0.2425151461,,,,
13926,0.0,-1655.96582,577.6828,95.663071,-0.1870765223,-0.9519394827,0.2425151461,,,,
15395,0.0,-404.624786,158.773331,66.127312,-0.0447022182,0.9956155374,0.0821669846,,,,
15396,0.0,-404.708191,158.92305,52.591202,-0.0447022182,0.9956155374,0.0821669846,,,,
15397,0.0,-406.266479,161.628601,52.462807,-0.0447022182,0.9956155374,0.0821669846,,,,
15398,0.0,-408.412231,167.025543,52.886288,-0.0447022182,0.9956155374,0.0821669846,,,,
15399,0.0,-408.511719,170.522324,52.702206,-0.0447022182,0.9956155374,0.0821669846,,,,
15400,0.0,-408.591156,173.591522,52.641228,-0.0447022182,0.9956155374,0.0821669846,,,,
15401,0.0,-408.634979,175.878082,52.399807,-0.0433097397,0.9956770827,0.0821669846,,,,
15402,0.0,-408.605011,178.214478,52.167347,-0.0326674407,0.9958795483,0.0845976573,,,,
15403,0.0,-408.609131,181.639175,52.473232,-0.022816525,0.9959667612,0.0867733641,,,,
15404,0.0,-408.638031,183.887848,52.166759,-0.0196247038,0.9958370612,0.0890135866,,,,
15405,0.0,-408.670837,187.089478,52.30286,-0.0142984862,0.9956277686,0.0923087192,,,,
15406,0.0,-408.700043,189.185364,51.96682,-0.0117755997,0.9954418189,0.0946410081,,,,
15407,0.0,-408.744141,192.158798,52.087406,-0.0092325406,0.9952238517,0.097181506,,,,
15408,0.0,-408.799988,195.634735,52.201542,-0.0071588177,0.9950364083,0.0992537028,,,,
15409,0.0,-408.842041,198.152802,51.93182,-0.0063326954,0.9949593302,0.10007911,,,,
15410,0.0,-408.878479,200.480209,53.09129,-0.0055398599,0.9948170149,0.1015303735,,,,
15411,0.0,-408.956726,206.30954,55.828213,-0.0030020025,0.9946023049,0.1037171305,,,,
15412,0.0,-409.051544,207.999977,56.5859835,-0.0023164126,0.994508492,0.1046240514,,,,
15413,0.0,-409.146362,209.690414,57.343754,-0.0016308228,0.9944146792,0.1055309723,,,,
15414,0.0,-409.997284,215.240356,60.02597,-0.0004766748,0.9943731376,0.1059331678,,,,
15415,0.0,-410.699341,218.312668,61.215942,-0.0004766748,0.9943731376,0.1059331678,,,,
15416,0.0,-411.692291,222.041336,62.775635,-0.0004766748,0.9943731376,0.1059331678,,,,
15417,0.0,-412.2611235,223.7826765,63.402218,-0.0004765562,0.9942706618,0.1068864108,,,,
15418,0.0,-413.743408,228.170639,64.306976,0.0003054637,0.9939110507,0.1101849807,,,,
15419,0.0,-414.3463285,229.578804,64.3565975,0.0006134221,0.9938325792,0.1108865865,,,,
15420,0.0,-416.110382,233.654816,64.617989,0.0012924566,0.9936700467,0.1123306181,,,,
15421,0.0,-417.709808,237.133255,64.816795,0.0014288227,0.9935489736,0.1133948655,,,,
15422,0.0,-419.370392,240.331085,64.945267,0.0014287961,0.9935304874,0.1135567223,,,,
15423,0.0,-420.934814,242.949814,64.868095,0.0014287961,0.9935304874,0.1135567223,,,,
15424,0.0,-422.499542,246.10202,64.761627,0.0014287961,0.9935304874,0.1135567223,,,,
15425,0.0,-423.631805,248.21933,64.693115,0.0014281979,0.9931988935,0.1164212958,,,,
15426,0.0,-425.687347,251.691574,64.529907,0.0014276748,0.9927507473,0.1201828416,,,,
15427,0.0,-427.152039,254.067108,64.403191,0.0022084742,0.9920660486,0.1256983606,,,,
15428,0.0,-428.791687,256.566132,64.070831,0.0030795027,0.9913638187,0.1311041402,,,,
15476,0.0,-506.098053,426.055023,68.746208,-0.0637183675,0.9817690235,0.1790797424,,,,
15477,0.0,-506.457916,425.941223,68.758011,-0.0637183675,0.9817690235,0.1790797424,,,,
15478,0.0,-508.911133,428.591888,69.173119,-0.0637183675,0.9817690235,0.1790797424,,,,
15479,0.0,-511.887085,431.782318,69.589806,-0.0637183675,0.9817690235,0.1790797424,,,,
15480,0.0,-514.310425,434.368347,69.871864,-0.0637183675,0.9817690235,0.1790797424,,,,
15481,0.0,-516.982788,437.264221,70.091774,-0.0637183675,0.9817690235,0.1790797424,,,,
15482,0.0,-519.46344,439.922363,70.436462,-0.0637183675,0.9817690235,0.1790797424,,,,
15483,0.0,-521.392761,442.182129,70.713417,-0.0637183675,0.9817690235,0.1790797424,,,,
15484,0.0,-524.950562,446.125397,70.893082,-0.0637183675,0.9817690235,0.1790797424,,,,
15485,0.0,-527.421936,448.881683,71.006699,-0.0637183675,0.9817690235,0.1790797424,,,,
15486,0.0,-530.505859,452.143372,71.193741,-0.0637183675,0.9817690235,0.1790797424,,,,
15487,0.0,-533.149963,454.917969,71.265289,-0.0637183675,0.9817690235,0.1790797424,,,,
15488,0.0,-535.866394,457.736847,71.429863,-0.0637183675,0.9817690235,0.1790797424,,,,
15489,0.0,-537.79126,460.079834,71.556587,-0.0637183675,0.9817690235,0.1790797424,,,,
15490,0.0,-540.778198,464.067719,71.729187,-0.0637183675,0.9817690235,0.1790797424,,,,
15491,0.0,-543.074341,467.452423,71.979736,-0.0637183675,0.9817690235,0.1790797424,,,,
15492,0.0,-544.716858,470.238037,72.135605,-0.0637183675,0.9817690235,0.1790797424,,,,
15493,0.0,-546.18634,473.073608,72.286171,-0.0637183675,0.9817690235,0.1790797424,,,,
15494,0.0,-547.706848,476.514984,72.500626,-0.0637183675,0.9817690235,0.1790797424,,,,
15495,0.0,-546.268188,482.591095,72.562775,-0.0590477903,0.9823046428,0.1777384236,,,,
15496,0.0,-546.987274,484.621567,72.1880265,-0.055284448,0.9827105154,0.1766583675,,,,
15497,0.0,-547.70636,486.652039,71.813278,-0.0515211057,0.983116388,0.1755783113,,,,
15498,0.0,-548.737793,489.799988,71.643158,-0.0471328456,0.9835078831,0.1746159749,,,,
15499,0.0,-550.101074,494.338257,71.683624,-0.0412728507,0.9841414089,0.172517359,,,,
15500,0.0,-551.816345,500.93924,71.681114,-0.0319770814,0.9847867086,0.1707998969,,,,
15501,0.0,-552.311218,503.1425935,71.68037,-0.0265168463,0.9850288956,0.170249098,,,,
15502,0.0,-553.44873,508.673706,71.678627,-0.0101824648,0.9854536195,0.1696392679,,,,
15503,0.0,-554.018066,511.792236,71.677727,-0.0018858773,0.9855044202,0.1696392679,,,,
15504,0.0,-554.828796,516.685425,71.676369,0.0093545844,0.9853095846,0.1705213015,,,,
15505,0.0,-555.148804,519.137268,71.675797,0.0191511022,0.9848591977,0.1722950843,,,,
15506,0.0,-555.818359,524.390808,71.674538,0.034766963,0.9839205449,0.1751902385,,,,
15507,0.0,-556.12439,527.59845,71.673904,0.0491823588,0.9829128994,0.1773790509,,,,
15508,0.0,-556.301331,531.395081,71.673401,0.0667379695,0.9813373361,0.1803415542,,,,
15509,0.0,-556.255432,534.119446,71.673279,0.0783297241,0.9801345501,0.1822106419,,,,
15510,0.0,-555.911743,538.943787,71.673317,0.0927177933,0.9784610426,0.1844380627,,,,
15511,0.0,-555.507324,542.258362,71.673309,0.0986055271,0.9775756409,0.186072073,,,,
15512,0.0,-554.700134,545.943481,71.669067,0.1002313068,0.9773057572,0.1866203155,,,,
15513,0.0,-553.854797,549.34845,71.662361,0.1002313068,0.9773057572,0.1866203155,,,,
15514,0.0,-552.880981,552.593506,71.659622,0.1002313068,0.9773057572,0.1866203155,,,,
15515,0.0,-551.329529,556.627625,71.658463,0.100231444,0.9773057496,0.1866202812,,,,
15516,0.0,-550.283813,558.955017,71.657494,0.0998210982,0.9772703754,0.1870250298,,,,
15517,0.0,-548.757385,562.160034,71.656158,0.0994029655,0.9772340573,0.1874370499,,,,
15518,0.0,-547.246887,565.250854,71.654877,0.0943110404,0.9772901444,0.1897614324,,,,
15519,0.0,-545.260193,568.837708,71.920013,0.0829909369,0.977552315,0.1936594324,,,,
15520,0.0,-543.724426,571.453125,72.43383,0.0756960711,0.9775464108,0.1966548233,,,,
15521,0.0,-541.153198,575.514465,72.701401,0.0663616591,0.977594234,0.1997639703,,,,
15522,0.0,-539.440857,578.02948,72.701263,0.062434699,0.9775337958,0.2013196127,,,,
15523,0.0,-537.078796,581.32019,72.701271,0.0597514821,0.9772763133,0.2033734687,,,,
15524,0.0,-535.467896,583.461975,72.701263,0.0581140675,0.9771880865,0.2042699165,,,,
15525,0.0,-532.785583,586.929932,72.701271,0.0561697837,0.9770990005,0.2052376636,,,,
15526,0.0,-530.486572,589.843323,72.701271,0.0530822122,0.9770899318,0.2061008099,,,,
15527,0.0,-528.600342,592.132507,72.701263,0.0507119503,0.9770210095,0.2070223299,,,,
15528,0.0,-525.125793,596.254456,72.701271,0.0483355099,0.976890005,0.2082056595,,,,
15529,0.0,-523.013916,598.679565,72.701271,0.0482655411,0.9767354855,0.2089455168,,,,
15530,0.0,-520.151489,601.920959,72.701271,0.0456843862,0.9768106242,0.2091744278,,,,
15531,0.0,-517.977417,604.33136,72.701271,0.0447495588,0.9768539005,0.2091744107,,,,
15532,0.0,-515.662964,606.861206,72.701271,0.0439208645,0.9767646932,0.209765802,,,,
15533,0.0,-512.945129,609.797424,72.701271,0.0423374276,0.976627722,0.2107269199,,,,
15534,0.0,-510.691559,612.198608,72.701271,0.0410833079,0.976611722,0.2110490614,,,,
15535,0.0,-507.452667,615.601868,72.701271,0.040079211,0.9766534371,0.2110490955,,,,
15536,0.0,-504.462036,618.717346,72.701271,0.0390908234,0.9765374007,0.2117701883,,,,
15537,0.0,-501.694305,621.573059,72.701271,0.037312367,0.9763909811,0.2127638111,,,,
15538,0.0,-500.607178,622.726501,72.685219,0.0365469638,0.9763852355,0.2129229703,,,,
15539,0.0,-497.063904,627.094116,71.53566,0.0344482553,0.9763156917,0.2135907017,,,,
15557,0.0,-475.422211,695.087341,64.856895,0.0218208222,0.9758500651,0.217348803,,,,
15558,0.0,-474.338043,698.785217,64.58699,0.0212608974,0.9758209271,0.2175350372,,,,
15559,0.0,-470.758575,711.822815,63.667866,0.0210530548,0.9758099976,0.2176042683,,,,
15560,0.0,-473.001404,707.598938,64.157578,0.0210530548,0.9758099976,0.2176042683,,,,
15561,0.0,-472.732697,711.010376,64.032471,0.0210530548,0.9758099976,0.2176042683,,,,
15562,0.0,-472.367828,714.83075,63.877365,0.0210530548,0.9758099976,0.2176042683,,,,
15563,0.0,-471.997986,718.842957,63.715576,0.0210530548,0.9758099976,0.2176042683,,,,
15564,0.0,-471.679779,722.597595,63.623535,0.0210530548,0.9758099976,0.2176042683,,,,
15565,0.0,-471.376892,726.377258,63.586945,0.0210530548,0.9758099976,0.2176042683,,,,
15566,0.0,-471.092285,730.150635,63.564178,0.0210530548,0.9758099976,0.2176042683,,,,
15567,0.0,-470.969818,731.824646,63.553455,0.0210530548,0.9758099976,0.2176042683,,,,
15568,0.0,-470.548798,738.136902,63.516045,0.0203187601,0.975662267,0.2183352668,,,,
15569,0.0,-470.29657,742.181152,63.492462,0.0201131837,0.9756207026,0.2185399381,,,,
15570,0.0,-470.118042,745.694946,63.462978,0.0167531886,0.975231486,0.2205513077,,,,
15571,0.0,-469.960693,749.291321,63.429573,0.0118610662,0.9747174933,0.2231258017,,,,
15572,0.0,-469.79184,753.328308,63.394444,0.0073193799,0.9742401898,0.2253940535,,,,
15573,0.0,-469.586578,758.408325,63.350681,0.0033658731,0.9736975065,0.2278197463,,,,
15574,0.0,-469.50943,760.169861,63.333424,0.003267289,0.9736824839,0.2278853779,,,,
15575,0.0,-469.30777,765.09436,63.281223,0.003267289,0.9736824839,0.2278853779,,,,
15576,0.0,-469.177734,768.525085,63.246655,0.003267289,0.9736824839,0.2278853779,,,,
15577,0.0,-469.00235,773.654785,63.19149,0.003267289,0.9736824839,0.2278853779,,,,
15578,0.0,-468.87207,777.697937,63.14473,0.003267289,0.9736824839,0.2278853779,,,,
15579,0.0,-468.755066,781.659607,63.081871,0.003267289,0.9736824839,0.2278853779,,,,
15580,0.0,-468.650085,785.522766,63.018902,0.003267289,0.9736824839,0.2278853779,,,,
15581,0.0,-468.559601,789.092224,62.961529,0.003267289,0.9736824839,0.2278853779,,,,
15582,0.0,-468.474548,792.677063,62.689678,0.003267289,0.9736824839,0.2278853779,,,,
15583,0.0,-468.331177,799.561707,61.184921,0.003267289,0.9736824839,0.2278853779,,,,
15584,0.0,-468.283646,801.9385685,60.567007,0.003267289,0.9736824839,0.2278853779,,,,
15585,0.0,-468.155701,808.620056,58.853123,0.003267289,0.9736824839,0.2278853779,,,,
15586,0.0,-468.101501,811.983398,57.945881,0.003267289,0.9736824839,0.2278853779,,,,
15587,0.0,-468.050507,815.249451,57.096764,0.003267289,0.9736824839,0.2278853779,,,,
15588,0.0,-467.982391,819.892151,55.978817,0.003267289,0.9736824839,0.2278853779,,,,
15589,0.0,-467.925781,823.935059,55.09351,0.003267289,0.9736824839,0.2278853779,,,,
15590,0.0,-467.885712,827.113525,54.437828,0.003267289,0.9736824839,0.2278853779,,,,
15591,0.0,-467.830475,831.677368,53.397606,0.003267289,0.9736824839,0.2278853779,,,,
15592,0.0,-467.785431,835.551025,52.49543,0.003267289,0.9736824839,0.2278853779,,,,
15593,0.0,-467.747192,839.16449,51.625412,0.003267289,0.9736824839,0.2278853779,,,,
15594,0.0,-467.695465,844.306396,50.363194,0.003267289,0.9736824839,0.2278853779,,,,
15595,0.0,-467.659027,848.174316,49.40276,0.003267289,0.9736824839,0.2278853779,,,,
15596,0.0,-467.629181,851.552551,48.678528,0.003267289,0.9736824839,0.2278853779,,,,
15597,0.0,-467.615356,853.171082,48.354851,0.003267289,0.9736824839,0.2278853779,,,,
15598,0.0,-467.563873,859.342834,47.097797,0.003267289,0.9736824839,0.2278853779,,,,
15599,0.0,-467.542084,862.16095,46.514645,0.003267289,0.9736824839,0.2278853779,,,,
15600,0.0,-467.511658,866.165527,45.683372,0.003267289,0.9736824839,0.2278853779,,,,
15601,0.0,-467.48587,869.625488,44.966492,0.003267289,0.9736824839,0.2278853779,,,,
15602,0.0,-467.465118,872.583313,44.330067,0.003267289,0.9736824839,0.2278853779,,,,
15603,0.0,-467.444244,876.809265,43.324898,0.0024214302,0.9736849469,0.2278854119,,,,
15604,0.0,-467.431458,879.618896,42.634819,0.0019146006,0.9736860833,0.2278853779,,,,
15605,0.0,-467.415619,882.907837,41.824726,0.0015051634,0.9736868063,0.2278853609,,,,
15606,0.0,-467.399933,885.835693,41.073631,0.0014002592,0.9736869588,0.2278853779,,,,
15607,0.0,-467.384094,888.956543,40.204609,0.0014002592,0.9736869588,0.2278853779,,,,
15608,0.0,-467.368286,892.10321,39.319599,0.0014002592,0.9736869588,0.2278853779,,,,
15609,0.0,-467.350342,896.089417,38.107471,0.0014002592,0.9736869588,0.2278853779,,,,
15610,0.0,-467.334717,899.687744,37.175747,0.0014002592,0.9736869588,0.2278853779,,,,
15611,0.0,-467.321686,902.927429,36.38269,0.0014002592,0.9736869588,0.2278853779,,,,
15612,0.0,-467.310181,905.962158,35.795017,0.0014002592,0.9736869588,0.2278853779,,,,
15613,0.0,-467.296082,909.822327,35.163593,0.0014002592,0.9736869588,0.2278853779,,,,
15614,0.0,-467.284668,913.144409,34.638695,0.0014002592,0.9736869588,0.2278853779,,,,
15615,0.0,-467.275665,915.926636,34.109066,0.0014002592,0.9736869588,0.2278853779,,,,
15616,0.0,-467.264282,919.554443,33.375645,0.0014002592,0.9736869588,0.2278853779,,,,
15617,0.0,-467.254639,922.797302,32.699696,0.0014002592,0.9736869588,0.2278853779,,,,
15618,0.0,-467.246338,925.741821,32.142567,0.0014002592,0.9736869588,0.2278853779,,,,
15619,0.0,-467.236328,929.404846,31.484322,0.0014002592,0.9736869588,0.2278853779,,,,
15620,0.0,-467.228149,932.530518,31.016174,0.0014002592,0.9736869588,0.2278853779,,,,
15621,0.0,-467.221802,935.062866,30.605179,0.0014002592,0.9736869588,0.2278853779,,,,
15622,0.0,-467.213593,938.420532,30.015923,0.0014002592,0.9736869588,0.2278853779,,,,
15623,0.0,-467.203705,942.610046,29.222462,0.0014002592,0.9736869588,0.2278853779,,,,
15624,0.0,-467.197205,945.53241,28.604881,0.0014002592,0.9736869588,0.2278853779,,,,
15625,0.0,-467.184967,951.174988,27.289062,0.0014002592,0.9736869588,0.2278853779,,,,
15626,0.0,-467.1802065,953.483612,26.7290915,0.0014002592,0.9736869588,0.2278853779,,,,
15627,0.0,-467.175446,955.792236,26.169121,0.0014002592,0.9736869588,0.2278853779,,,,
15628,0.0,-467.169342,958.864075,25.425415,0.0014002592,0.9736869588,0.2278853779,,,,
15629,0.0,-467.157043,965.243713,24.136883,0.0014002592,0.9736869588,0.2278853779,,,,
15630,0.0,-467.136444,968.598572,23.424583,0.0030158802,0.973683295,0.2278853779,,,,
15631,0.0,-467.019745,971.975159,22.473221,0.0153244951,0.9741682551,0.2253028421,,,,
15632,0.0,-466.802032,975.274353,21.519753,0.0381563375,0.9739936459,0.2233393642,,,,
15633,0.0,-466.591888,978.580139,20.59898,0.0583874658,0.973627061,0.2205476136,,,,
15634,0.0,-466.323486,981.772034,19.856321,0.0829432897,0.9724634873,0.217796181,,,,
15635,0.0,-466.116821,985.040649,19.08703,0.0979160648,0.971702989,0.214955217,,,,
15636,0.0,-465.916656,988.064392,18.347517,0.1102530579,0.9709603766,0.2123210077,,,,
15637,0.0,-465.659088,991.252869,17.524502,0.1256003164,0.9695227845,0.2103571507,,,,
15638,0.0,-465.352539,994.534424,16.613161,0.1426519895,0.9677527092,0.2076176863,,,,
15639,0.0,-465.141602,997.417297,15.799789,0.1509724337,0.967070124,0.2048968019,,,,
15640,0.0,-464.985199,1000.110352,15.07917,0.1544073644,0.9666149678,0.2044844002,,,,
15641,0.0,-464.866364,1002.62677,14.540195,0.1548528177,0.9665437129,0.2044843661,,,,
15642,0.0,-464.755493,1004.913879,14.135113,0.1548528177,0.9665437129,0.2044843661,,,,
15643,0.0,-464.559845,1007.217834,13.702559,0.1544988207,0.9669487052,0.2028307567,,,,
15644,0.0,-464.265991,1009.343811,13.294003,0.1540568867,0.9674493053,0.2007693137,,,,
15645,0.0,-463.669708,1011.073669,12.879913,0.1523336559,0.9682939669,0.1979930579,,,,
15646,0.0,-462.823975,1012.674438,12.40168,0.1495879581,0.9693095747,0.1950958511,,,,
15647,0.0,-461.79007,1014.042053,11.982029,0.1478316196,0.9701359574,0.1923071406,,,,
15648,0.0,-460.575653,1015.275513,11.598199,0.1442378684,0.9712286236,0.1895003905,,,,
15649,0.0,-459.240051,1016.319336,11.268416,0.1416117914,0.9719661797,0.1876908257,,,,
16597,0.0,-386.812469,1563.432495,-63.118092,-0.1353567856,0.9902091008,0.0341244391,,,,
16598,0.0,-387.047455,1563.446045,-63.123703,-0.1353567856,0.9902091008,0.0341244391,,,,
18010,0.0,-407.339539,128.374771,64.700012,-0.0095670382,0.9978484469,0.0648609967,0.092945851,594.0778849722,1411.0645109304,5.0
18011,0.0,-407.339539,128.374771,64.700012,-0.0095670382,0.9978484469,0.0648609967,0.0936160214,597.0296726326,1413.2390741739,5.0
18012,0.0,-407.362457,130.700089,64.739182,-0.0095664424,0.9977862988,0.065810221,0.0948258725,601.0188640369,1414.0258273863,5.0
18013,0.0,-407.38266,132.754791,64.773804,-0.009566052,0.9977583004,0.0662334107,0.0957641857,604.0171940105,1414.4492732251,5.0
18014,0.0,-407.405975,135.131027,64.807175,-0.0095661341,0.9977541416,0.0662960173,0.0968529291,607.4229110185,1414.811605413,5.0
18015,0.0,-407.427612,137.332809,64.810303,-0.0095661341,0.9977541416,0.0662960173,0.0978545135,610.5574890762,1415.1884192541,5.0
18016,0.0,-407.450378,139.658142,64.80777,-0.0095661341,0.9977541416,0.0662960173,0.0989068375,613.8593994274,1415.6439992627,5.0
18017,0.0,-407.475037,142.180298,64.805969,-0.0095661341,0.9977541416,0.0662960173,,,,
18018,0.0,-407.498444,144.578873,64.80426,-0.0095661341,0.9977541416,0.0662960173,,,,
18019,0.0,-407.515747,146.348816,64.803001,-0.0095651322,0.9976496508,0.067850442,,,,
18020,0.0,-407.545563,149.407089,64.800812,-0.0095633978,0.9974959914,0.0700734508,,,,
18021,0.0,-407.565704,151.470032,64.799347,-0.0095630513,0.997432605,0.07097004,,,,
18022,0.0,-407.586029,153.561554,64.797859,-0.0095622418,0.997333648,0.0723474815,,,,
18023,0.0,-407.604553,155.461273,64.796509,-0.0095615875,0.9972926476,0.0729105695,,,,
18024,0.0,-407.623444,157.395096,64.795135,-0.0095612435,0.9972567597,0.0733998496,,,,
18025,0.0,-407.641479,159.247391,64.793823,-0.0095607023,0.9971876029,0.0743335562,,,,
18026,0.0,-407.654327,160.570602,64.792885,-0.0095606368,0.9971807788,0.074425054,,,,
18027,0.0,-407.670319,162.210831,64.791718,-0.0095606368,0.9971807788,0.074425054,,,,
18028,0.0,-407.682892,163.91243,64.790504,-0.0090882177,0.9971143684,0.0753680348,,,,
18029,0.0,-407.689941,164.998764,64.789734,-0.0086726252,0.997054919,0.0761989111,,,,
18030,0.0,-407.697235,166.144363,64.788918,-0.0082176282,0.9969292275,0.0778754512,,,,
18031,0.0,-407.702423,166.916794,64.780785,-0.007944526,0.99685986,0.0787864455,,,,
18032,0.0,-407.71225,168.180908,64.754745,-0.0076519574,0.9967924957,0.0796628393,,,,
18033,0.0,-407.720184,168.9991,64.734497,-0.0076451467,0.9967528943,0.080157467,,,,
18034,0.0,-407.725647,169.57489,63.847588,-0.0076449333,0.9967250677,0.0805027605,,,,
18035,0.0,-407.733917,170.471359,62.254105,-0.0076448494,0.996714129,0.0806380883,,,,
18036,0.0,-407.739716,171.106323,61.123016,-0.0076448494,0.996714129,0.0806380883,,,,
18037,0.0,-407.749054,172.15686,59.247417,-0.0076448494,0.996714129,0.0806380883,,,,
18038,0.0,-407.757477,173.533401,56.75248,-0.0072375401,0.9967171699,0.0806380883,,,,
18039,0.0,-407.7613985,174.0333705,55.869898,-0.0072022958,0.9967174246,0.0806380883,,,,
18040,0.0,-407.76532,174.53334,54.987316,-0.0071670515,0.9967176792,0.0806380883,,,,
18041,0.0,-407.776611,175.91893,52.456772,-0.0071670515,0.9967176792,0.0806380883,,,,
18042,0.0,-407.7836,176.78566,51.003067,-0.0071670515,0.9967176792,0.0806380883,0.1185516276,689.9978377123,1460.9919282069,5.0
18043,0.0,-407.789215,177.498352,50.853096,-0.0071670515,0.9967176792,0.0806380883,0.1192705975,693.2314559307,1463.6876433289,5.0
18044,0.0,-407.792984,177.9789735,50.841177,-0.0071670515,0.9967176792,0.0806380883,0.1197666119,695.4155178813,1465.4488248024,5.0
18045,0.0,-407.802765,179.230652,50.810135,-0.0071670515,0.9967176792,0.0806380883,0.1208926879,700.2231633927,1469.1314811846,5.0
18046,0.0,-407.808441,179.975128,50.791679,-0.0071670515,0.9967176792,0.0806380883,0.1222975103,707.2511253733,1475.881361237,5.0
18047,0.0,-407.815887,180.950333,50.767509,-0.0071670515,0.9967176792,0.0806380883,0.1221197484,706.4370276896,1475.1852345737,5.0
18048,0.0,-407.820831,181.605545,50.75127,-0.0071670515,0.9967176792,0.0806380883,0.1224732223,708.5209805341,1477.5394082178,5.0
18049,0.0,-407.825165,182.177017,50.739876,-0.0071670515,0.9967176792,0.0806380883,0.1227753355,710.5885742546,1480.1459101902,5.0
18050,0.0,-407.833893,183.336212,50.72266,-0.0071670515,0.9967176792,0.0806380883,0.1232538309,713.6340842857,1483.7905544342,5.0
18051,0.0,-407.839569,184.094177,50.711296,-0.0071670515,0.9967176792,0.0806380883,0.1235504392,715.7446777458,1486.5089659642,5.0
18052,0.0,-407.844971,184.820999,50.700417,-0.0071670515,0.9967176792,0.0806380883,0.1238295827,717.7470456365,1489.0972682767,5.0
18053,0.0,-407.850464,185.564941,50.689278,-0.0071670515,0.9967176792,0.0806380883,0.1240955341,719.7468756079,1491.7510540051,5.0
18054,0.0,-407.856018,186.310455,50.678116,-0.0071670515,0.9967176792,0.0806380883,0.1243532976,721.7149139359,1494.3815873099,5.0
18055,0.0,-407.86322,187.290421,50.663433,-0.0071671934,0.9967543425,0.0801836149,0.1246356502,724.1709311075,1497.8803311232,5.0
18056,0.0,-407.868805,188.048904,50.652088,-0.0071673287,0.9967562194,0.080160268,0.1248383383,726.0434321009,1500.6148982206,5.0
18057,0.0,-407.874603,188.837997,50.640274,-0.0071673287,0.9967562194,0.080160268,0.1250450593,727.9990578373,1503.4954955646,5.0
18058,0.0,-407.87973,189.541458,50.629742,-0.0071673287,0.9967562194,0.080160268,0.1251345267,729.4765732982,1506.0441936644,5.0
18059,0.0,-407.884949,190.254272,50.619068,-0.0071673287,0.9967562194,0.080160268,0.1251779491,730.8355070118,1508.6055346747,5.0
18060,0.0,-407.892517,191.289261,50.603573,-0.0071673287,0.9967562194,0.080160268,0.1252256595,732.7586691362,1512.3064380778,5.0
18061,0.0,-407.8974,191.955383,50.593601,-0.0071673287,0.9967562194,0.080160268,,,,
18062,0.0,-407.902496,192.65419,50.583138,-0.0071673287,0.9967562194,0.080160268,,,,
18063,0.0,-407.909393,193.60202,50.568951,-0.0071673287,0.9967562194,0.080160268,,,,
18064,0.0,-407.913177,194.125214,50.561119,-0.0071673287,0.9967562194,0.080160268,,,,
18065,0.0,-407.920959,195.19429,50.545113,-0.0071673287,0.9967562194,0.080160268,,,,
18066,0.0,-407.927368,196.074112,50.53194,-0.0071673287,0.9967562194,0.080160268,,,,
18067,0.0,-407.93219,196.736542,50.522026,-0.0071673287,0.9967562194,0.080160268,,,,
18068,0.0,-407.937378,197.44783,50.511375,-0.0071673287,0.9967562194,0.080160268,,,,
18069,0.0,-407.944244,198.394928,50.4972,-0.0071673287,0.9967562194,0.080160268,,,,
18070,0.0,-407.951111,199.335373,50.48312,-0.0071673287,0.9967562194,0.080160268,,,,
18071,0.0,-407.954895,199.860123,50.475262,-0.0071673287,0.9967562194,0.080160268,,,,
18072,0.0,-407.962433,200.899902,50.459698,-0.0071673287,0.9967562194,0.080160268,,,,
18073,0.0,-407.969757,201.910904,50.444561,-0.0071673287,0.9967562194,0.080160268,,,,
18074,0.0,-407.974121,202.512619,50.435555,-0.0071673287,0.9967562194,0.080160268,,,,
18075,0.0,-407.98056,203.402863,50.422234,-0.0071673287,0.9967562194,0.080160268,,,,
18076,0.0,-407.954498,204.457458,50.406273,-0.0032197694,0.9967449619,0.0805550373,,,,
18077,0.0,-407.925323,205.224594,50.394623,0.0008117148,0.9967171673,0.0809581963,,,,
18078,0.0,-407.767792,206.370087,50.377579,0.019660244,0.9959973959,0.0871932462,,,,
18079,0.0,-407.624023,207.200562,50.365334,0.0363930425,0.9949929652,0.0930835412,,,,
18080,0.0,-407.247009,208.390778,50.348465,0.0782343611,0.9914944903,0.1040099057,,,,
18081,0.0,-407.008362,209.062973,50.338974,0.1027659615,0.988431042,0.111549237,,,,
18082,0.0,-406.659912,210.335739,50.320972,0.1369635943,0.9830181689,0.1221321147,,,,
18083,0.0,-406.33252,211.163559,50.309551,0.167617666,0.9771471238,0.1307203749,,,,
18086,0.0,-405.963837,214.654785,50.246059,0.2466335954,0.9569940709,0.1527554182,,,,
18087,0.0,-405.986969,215.638,50.226837,0.2613572751,0.952437515,0.1567008446,0.0332822517,405.3997528516,1584.5505943427,5.0
18088,0.0,-406.135986,216.851898,50.201073,0.2754071174,0.9479195378,0.1599983423,0.0306305862,390.1502377206,1588.5124660808,5.0
18089,0.0,-406.309448,217.639496,50.183125,0.2818887415,0.9459810144,0.1601832007,0.0293297008,382.5422220824,1591.1772991916,5.0
18090,0.0,-406.511353,218.653625,50.159042,0.295594221,0.9415477964,0.1615914716,0.0268167728,366.8556019814,1594.8072137982,5.0
18091,0.0,-406.715302,219.536316,50.137955,0.3055393554,0.9381659948,0.1627583131,0.0249227664,354.9471142657,1599.8287038008,5.0
18092,0.0,-406.759033,220.388168,50.116302,0.3331049725,0.9285010914,0.1640938771,0.0204687712,322.0163077393,1599.745149552,5.0
18093,0.0,-406.787048,221.196976,50.09462,0.363523741,0.9167849256,0.1653961604,0.0164605876,289.5103400885,1602.2157453704,5.0
18094,0.0,-406.492035,222.14241,50.06469,0.4382994174,0.8828936246,0.168500648,0.0114181062,241.9375399682,1605.5893547062,5.0
18095,0.0,-406.773438,223.143417,50.040012,0.5174513439,0.8389197374,0.1686943416,0.0134617613,263.0203571716,1608.3847844868,5.0
18096,0.0,-407.008942,224.012665,50.019173,0.5776279658,0.7985089967,0.169497243,0.021184536,329.7926805513,1610.7527692984,5.0
18097,0.0,-406.969391,224.718567,49.995811,0.6494014737,0.7412828333,0.1696392851,0.0384852914,443.3368029001,1613.5804031236,5.0
18098,0.0,-406.608185,225.023422,63.643551,0.7151729826,0.6780487621,0.1696392679,0.0653238198,574.5808310352,1616.2599247253,5.0
18099,0.0,-406.370514,225.454056,63.62096,0.7678108006,0.6180287973,0.1688401022,0.0941945651,686.1222859943,1619.3820561556,5.0
18100,0.0,-406.232666,225.906586,63.602222,0.8035464849,0.5716462876,0.1659324214,0.1188801962,767.0692889663,1622.0775401393,5.0
18101,0.0,-406.176483,226.562088,63.583111,0.8273766004,0.5376649041,0.1623712166,0.1380713451,823.8457475631,1624.8475074324,5.0
18102,0.0,-406.192139,227.633286,62.50856,0.8427974431,0.5143020329,0.1587006267,,,,
18103,0.0,-406.225891,228.779587,60.924599,0.8471270023,0.5072672484,0.1582901788,,,,
18104,0.0,-406.21756,229.430969,59.810749,0.8472067794,0.5071339983,0.1582901788,,,,
18105,0.0,-406.193268,230.74469,58.226166,0.8472067794,0.5071339983,0.1582901788,,,,
18106,0.0,-406.136444,231.840195,56.737343,0.8472067794,0.5071339983,0.1582901788,,,,
18107,0.0,-406.079468,232.473862,55.63007,0.8472067794,0.5071339983,0.1582901788,,,,
18108,0.0,-405.954315,233.845215,53.957424,0.8472067794,0.5071339983,0.1582901788,,,,
18109,0.0,-405.818726,234.994431,52.373104,0.8472067794,0.5071339983,0.1582901788,,,,
18110,0.0,-405.727386,235.602554,51.300877,0.8472067794,0.5071339983,0.1582901788,,,,
18111,0.0,-405.52771,236.981766,49.750256,0.8472067794,0.5071339983,0.1582901788,,,,
18112,0.0,-405.393616,237.816879,49.741791,0.8472067794,0.5071339983,0.1582901788,,,,
18113,0.0,-405.160828,239.110489,49.733891,0.8472067794,0.5071339983,0.1582901788,,,,
18114,0.0,-405.011444,239.912292,49.730064,0.8472067794,0.5071339983,0.1582901788,,,,
18115,0.0,-404.80719,240.927551,49.72826,0.8472067794,0.5071339983,0.1582901788,,,,
18116,0.0,-404.603363,241.943848,49.725567,0.8472067794,0.5071339983,0.1582901788,,,,
18117,0.0,-404.436127,242.673294,49.722878,0.8472067794,0.5071339983,0.1582901788,,,,
18118,0.0,-404.103363,244.208984,49.715073,0.8472067794,0.5071339983,0.1582901788,,,,
18119,0.0,-403.896271,245.120209,49.710808,0.8472067794,0.5071339983,0.1582901788,,,,
18120,0.0,-403.640747,246.207779,49.70594,0.8472067794,0.5071339983,0.1582901788,,,,
18121,0.0,-403.409546,247.172516,49.701824,0.8472067794,0.5071339983,0.1582901788,,,,
18122,0.0,-402.966736,248.969604,49.694622,0.8472067794,0.5071339983,0.1582901788,,,,
18123,0.0,-402.8027955,249.6249845,49.692131,0.8477432463,0.5063796744,0.1578288446,,,,
18124,0.0,-402.638855,250.280365,49.68964,0.8482797131,0.5056253505,0.1573675104,,,,
18125,0.0,-402.215454,251.895859,49.683945,0.8553751251,0.4943538599,0.1547503041,,,,
18239,0.0,-371.89389,481.256561,44.524887,-0.0089361085,0.9810983341,0.1933034007,0.1235692705,884.7544988244,1837.3896679801,5.0
18240,0.0,-371.892853,481.144104,45.641846,-0.0089361085,0.9810983341,0.1933034007,0.1240451141,887.5484986971,1839.8866459719,5.0
18241,0.0,-371.792664,484.817963,48.095882,-0.0122393839,0.9808175501,0.1945433909,0.1267600344,896.1478655786,1839.0426155128,5.0
18242,0.0,-371.673401,488.857574,49.118229,-0.0162017274,0.9804638655,0.1960308968,0.1298077497,905.6182193933,1838.0262687921,5.0
18243,0.0,-371.624939,492.274902,51.287098,-0.023595746,0.9799756343,0.1977144326,0.1345648545,920.4466362149,1837.141951527,5.0
18244,0.0,-371.595703,495.646027,52.780602,-0.0319407676,0.9793625136,0.1995716771,0.1398983304,936.86424676,1836.547047812,5.0
18245,0.0,-371.608673,499.439819,54.404671,-0.043701465,0.9788445932,0.1998835767,0.1470574036,958.3019055875,1835.8108073894,5.0
18246,0.0,-371.680023,505.898529,56.903595,-0.0615977734,0.9771795326,0.2032876664,,,,
18305,0.0,-346.193756,702.740784,62.628395,0.4431342025,0.876795172,0.1867145013,0.0380905113,492.759138592,1802.5478493888,5.0
18306,0.0,-346.246643,702.780945,62.526398,0.4431342025,0.876795172,0.1867145013,0.0383467168,494.6342981694,1803.4703617582,5.0
18307,0.0,-344.954315,704.429932,63.230289,0.4431342025,0.876795172,0.1867145013,0.0384628391,494.9058787722,1801.7879298401,5.0
18308,0.0,-344.212158,708.274902,62.750664,0.4431342025,0.876795172,0.1867145013,0.0386036569,494.9525684845,1798.7328997236,5.0
18309,0.0,-342.245728,712.620728,62.214142,0.4431342025,0.876795172,0.1867145013,0.038706856,494.5242003057,1794.8259734437,5.0
18310,0.0,-340.99411,715.338379,62.025398,0.4431342025,0.876795172,0.1867145013,0.0388030334,494.4935800896,1792.5332187364,5.0
18311,0.0,-339.833923,717.858276,62.102062,0.4431342025,0.876795172,0.1867145013,0.0389340643,494.755137675,1790.5206909071,5.0
18312,0.0,-338.237701,721.306274,62.377945,0.4431342025,0.876795172,0.1867145013,0.039148369,495.3641974989,1787.9090019748,5.0
18313,0.0,-337.151672,723.638,62.601357,0.4431342025,0.876795172,0.1867145013,0.0393064068,495.8725175529,1786.214053241,5.0
18314,0.0,-336.175934,725.721558,62.811501,0.4431342025,0.876795172,0.1867145013,0.039466825,496.4946869286,1784.8898201566,5.0
18315,0.0,-334.218903,729.867981,63.050625,0.4431342025,0.876795172,0.1867145013,0.0397255009,497.219858715,1781.7851272688,5.0
18316,0.0,-333.46051,731.470581,63.12701,0.4431342025,0.876795172,0.1867145013,0.0398175268,497.4238349026,1780.4968108721,5.0
18317,0.0,-332.244934,734.025818,63.375671,0.4431342025,0.876795172,0.1867145013,0.0400475375,498.439877463,1779.1071432587,5.0
18318,0.0,-330.335571,738.006836,63.40358,0.4431342025,0.876795172,0.1867145013,0.0402895295,499.0888400176,1776.1752109521,5.0
18319,0.0,-328.998657,740.782959,63.456528,0.4431342025,0.876795172,0.1867145013,0.0404748281,499.6657298429,1774.2370099798,5.0
18320,0.0,-327.866577,743.123901,63.55418,0.4431342025,0.876795172,0.1867145013,0.0406494266,500.2868264484,1772.7021885733,5.0
18321,0.0,-326.161346,746.63739,63.716728,0.4431342025,0.876795172,0.1867145013,0.0409146935,501.2235424933,1770.3744646814,5.0
18322,0.0,-325.001251,749.018005,63.774025,0.4431342025,0.876795172,0.1867145013,0.0410908442,501.8321109133,1768.8001540348,5.0
18323,0.0,-323.018372,752.672668,63.980316,0.4431342025,0.876795172,0.1867145013,0.041370937,502.7994550889,1766.3266539273,5.0
18324,0.0,-321.621033,755.134155,64.100105,0.4431342025,0.876795172,0.1867145013,0.0415575173,503.4288562334,1764.647226192,5.0
18325,0.0,-320.549835,757.225769,64.191635,0.4431342025,0.876795172,0.1867145013,0.0417485918,504.2327413856,1763.5017817606,5.0
18326,0.0,-318.677704,760.365112,64.397369,0.4431342025,0.876795172,0.1867145013,0.0419768625,504.9126375046,1761.1743171498,5.0
18327,0.0,-316.351471,764.304321,64.547935,0.4431342025,0.876795172,0.1867145013,0.0422808739,505.9233283919,1758.4804158663,5.0
18328,0.0,-316.02356,765.272095,64.617165,0.4431342025,0.876795172,0.1867145013,0.0423842847,506.3894534464,1757.9985052777,5.0
18329,0.0,-313.176025,770.06781,64.703827,0.4431342025,0.876795172,0.1867145013,0.042778024,507.7719905714,1754.8432886505,5.0
18330,0.0,-310.383514,775.227966,64.674034,0.4431342025,0.876795172,0.1867145013,0.0432365986,509.5111330766,1751.6960836935,5.0
18331,0.0,-309.490234,776.8231505,65.952957,0.4431342025,0.876795172,0.1867145013,0.0435531091,511.0794819982,1750.8485296983,5.0
18332,0.0,-307.187408,781.109985,71.673767,0.4431342025,0.876795172,0.1867145013,0.0446656583,516.7036837246,1748.4135920742,5.0
18333,0.0,-306.2062835,782.8651425,74.156101,0.4431342025,0.876795172,0.1867145013,0.0451494296,519.1396587761,1747.4672521149,5.0
18334,0.0,-303.945099,786.969727,79.729019,0.4431342025,0.876795172,0.1867145013,0.0462684747,524.7538276367,1745.3421686005,5.0
18339,0.0,-296.400177,800.223755,96.210228,0.4431342025,0.876795172,0.1867145013,0.0499430984,542.9280299853,1739.7261079691,5.0
18340,0.0,-294.84964,803.575989,100.127182,0.4431342025,0.876795172,0.1867145013,0.0508395746,547.1450952921,1738.1120246865,5.0
18341,0.0,-293.57486,806.310181,102.959869,0.4431342025,0.876795172,0.1867145013,0.0515146864,550.2169024079,1736.6801049081,5.0
18342,0.0,-292.527435,808.775208,105.45871,0.4431342025,0.876795172,0.1867145013,0.0522249474,553.7245030422,1736.1423737358,5.0
18343,0.0,-291.047821,811.945679,108.330917,0.4431342025,0.876795172,0.1867145013,0.0530177737,557.3926489733,1734.8802375144,5.0
18344,0.0,-290.021973,814.09198,110.081825,0.4419387078,0.8773983588,0.1867144842,0.0538271318,561.2257814656,1733.9887965951,5.0
18345,0.0,-288.490814,817.43866,112.848312,0.4337975659,0.8809198938,0.1892083839,0.0572909431,578.0446828015,1732.6647602498,5.0
18346,0.0,-287.003082,820.643921,115.002846,0.4217121671,0.8859044777,0.1932151765,0.0621906648,601.0275946624,1731.3157919674,5.0
18347,0.0,-286.01239,823.039612,116.452957,0.4084230194,0.8914416115,0.1962714716,0.0672455523,623.8206919672,1730.372693804,5.0
18348,0.0,-284.78363,826.246704,118.805176,0.3898828624,0.8989692155,0.1996138851,0.074538019,655.1112486141,1729.2534844137,5.0
18349,0.0,-283.897949,828.223938,119.342194,0.3739260981,0.9053714934,0.201200726,0.0805341095,679.6443856575,1728.6282401695,5.0
18350,0.0,-282.157654,832.231384,121.09095,0.3487968348,0.9148411496,0.203485722,0.0907345747,718.6945518569,1726.7314323193,5.0
18351,0.0,-281.054596,834.718933,121.897392,0.3294581819,0.9213594876,0.2062862113,0.0991396355,749.0931261468,1725.587735307,5.0
18352,0.0,-279.595978,837.951721,122.31942,0.297921405,0.9312746472,0.209691125,0.1132737061,797.2342129084,1724.514784711,5.0
18353,0.0,-278.434052,840.633728,122.573013,0.2788039793,0.9367692161,0.2114988815,0.1223705491,825.9699417747,1723.1411118663,5.0
18354,0.0,-277.01178,843.760925,122.707062,0.2504369498,0.9447744545,0.2113825071,0.1357444887,866.0874359091,1721.6620938032,5.0
18355,0.0,-275.43988,847.039978,122.534729,0.2217500497,0.9517773467,0.2120065982,,,,
18356,0.0,-274.515778,849.03479,122.290665,0.2152056707,0.9532621196,0.2120798214,,,,
18357,0.0,-272.814728,852.365601,121.720688,0.2086407846,0.9547204644,0.2120798384,,,,
18358,0.0,-271.057648,855.746094,120.901276,0.2063036575,0.9552282152,0.2120798384,,,,
18359,0.0,-269.859497,858.042969,120.158478,0.2062482072,0.955240193,0.2120798214,,,,
18360,0.0,-268.080841,861.386841,118.853653,0.2062482072,0.955240193,0.2120798214,,,,
18361,0.0,-266.850952,863.609131,117.818359,0.2062482072,0.955240193,0.2120798214,,,,
18362,0.0,-265.385315,866.468872,116.309875,0.2062482072,0.955240193,0.2120798214,,,,
18363,0.0,-263.986542,869.154602,114.75032,0.2062482072,0.955240193,0.2120798214,,,,
18364,0.0,-262.189514,872.565002,112.585556,0.2062482072,0.955240193,0.2120798214,,,,
18365,0.0,-260.62265,875.583313,110.40004,0.2062482072,0.955240193,0.2120798214,,,,
18366,0.0,-259.300415,877.991882,108.462631,0.2062482072,0.955240193,0.2120798214,,,,
18367,0.0,-257.781281,881.003174,105.883995,0.2062482072,0.955240193,0.2120798214,,,,
18368,0.0,-254.784286,886.619202,100.9179,0.2062482072,0.955240193,0.2120798214,,,,
18369,0.0,-252.906403,889.991699,94.934845,0.2062482072,0.955240193,0.2120798214,,,,
18370,0.0,-251.725571,892.775879,92.66436,0.2062482072,0.955240193,0.2120798214,,,,
18371,0.0,-249.693436,898.25293,91.314316,0.2062482072,0.955240193,0.2120798214,,,,
18372,0.0,-249.0565415,899.941559,91.537495,0.2049835972,0.9554170963,0.2125043204,,,,
18373,0.0,-248.419647,901.630188,91.760674,0.2037189872,0.9555939996,0.2129288195,,,,
18374,0.0,-247.929108,903.564392,92.410759,0.1861904815,0.9590641916,0.2133752119,,,,
18375,0.0,-246.740585,907.317444,92.847816,0.1583632181,0.9639223262,0.2139505556,,,,
18376,0.0,-246.058258,909.616882,92.932152,0.1362006661,0.9673021095,0.2139532835,,,,
18377,0.0,-245.199112,912.996826,93.025124,0.1054393571,0.9711367191,0.2139533005,,,,
18378,0.0,-244.003891,918.09314,93.091125,0.082358246,0.9733658636,0.2139533005,,,,
18379,0.0,-243.432281,920.816589,92.98201,0.0788748076,0.9736543315,0.2139532835,,,,
18380,0.0,-240.09288,923.446045,95.701279,0.0782107184,0.9737079008,0.2139532835,,,,
18381,0.0,-239.680725,925.336304,95.701279,0.0765870446,0.9737655722,0.2142779385,,,,
18382,0.0,-238.752213,929.718445,95.701279,0.0736821888,0.9738617464,0.2148586373,,,,
18383,0.0,-238.235077,932.453918,95.701279,0.0685748729,0.9740714678,0.2155974545,,,,
18384,0.0,-237.756256,935.167175,95.701279,0.0639108114,0.9742021405,0.2164384382,,,,
18385,0.0,-237.108841,938.888794,95.701279,0.0607590769,0.9743318602,0.216761991,,,,
18386,0.0,-236.525467,942.3349,95.701279,0.0604233034,0.9743527371,0.216762008,,,,
18387,0.0,-236.201797,944.352661,95.701279,0.0604233034,0.9743527371,0.216762008,,,,
18388,0.0,-235.53801,948.671997,95.701279,0.0604233034,0.9743527371,0.216762008,,,,
18389,0.0,-235.028168,952.189087,95.701279,0.0604233034,0.9743527371,0.216762008,,,,
18390,0.0,-234.719788,954.803955,95.701271,0.0549090146,0.9742182816,0.2188235359,,,,
18391,0.0,-234.37587,958.11084,95.701271,0.0452937638,0.9742320293,0.2209534524,,,,
18392,0.0,-234.012543,962.101501,95.701279,0.0318604722,0.9744511279,0.2223283824,,,,
18393,0.0,-233.743225,965.319336,95.701271,0.0217637876,0.9743212603,0.2241080526,,,,
18394,0.0,-233.51828,968.026794,95.701279,0.0160384588,0.9743056142,0.2246582695,,,,
18395,0.0,-233.209137,971.70813,95.701279,0.0104977037,0.9742745212,0.2251198692,,,,
18396,0.0,-232.931274,974.961304,95.701279,0.0090147304,0.9740927666,0.2259690615,,,,
18397,0.0,-232.706161,978.075195,95.701279,0.0058212993,0.9739067865,0.2268737176,,,,
18398,0.0,-232.516922,981.288696,95.701279,-4.73296e-05,0.9737113423,0.2277854686,,,,
18399,0.0,-232.390228,984.001709,95.701271,-0.0063747005,0.9733949193,0.2290451795,,,,
18400,0.0,-232.19899,988.128906,95.701271,-0.0136299787,0.9729530166,0.2306006314,,,,
18401,0.0,-232.032379,991.592407,95.701279,-0.0161711332,0.9728719778,0.2307782687,,,,
18402,0.0,-231.885422,994.690308,95.701279,-0.016324257,0.9728694205,0.2307782687,,,,
18403,0.0,-231.735291,998.205444,95.701279,-0.016324257,0.9728694205,0.2307782687,,,,
18678,0.0,-1310.370117,-813.2901,181.632278,0.9890743101,0.1259396429,0.076623857,,,,
18679,0.0,-1310.316284,-813.274841,181.601913,0.9890743101,0.1259396429,0.076623857,,,,
18680,0.0,-1310.316284,-813.274841,181.601913,0.9890743101,0.1259396429,0.076623857,,,,
18681,0.0,-1313.735474,-813.717346,181.599243,0.9890743101,0.1259396429,0.076623857,,,,
18682,0.0,-1312.471802,-813.55249,181.559937,0.9890743101,0.1259396429,0.076623857,,,,
18683,0.0,-1308.550293,-813.047241,181.429169,0.9890743101,0.1259396429,0.076623857,,,,
18684,0.0,-1304.842163,-812.580994,181.333527,0.9890743101,0.1259396429,0.076623857,,,,
18685,0.0,-1301.24707,-812.100037,181.181625,0.9890743101,0.1259396429,0.076623857,,,,
18686,0.0,-1300.363098,-811.9679875,181.1412045,0.9890743101,0.1259396429,0.076623857,,,,
18687,0.0,-1293.658691,-810.979431,180.809753,0.9890743101,0.1259396429,0.076623857,,,,
18688,0.0,-1290.842407,-810.56781,180.679306,0.9890743101,0.1259396429,0.076623857,,,,
18689,0.0,-1285.728394,-809.744446,180.402435,0.9890743101,0.1259396429,0.076623857,,,,
18690,0.0,-1281.670654,-809.005859,180.160156,0.9890743101,0.1259396429,0.076623857,,,,
18691,0.0,-1277.4021,-808.304932,180.004745,0.9890743101,0.1259396429,0.076623857,,,,
18692,0.0,-1273.03479,-807.400269,179.816437,0.9890743101,0.1259396429,0.076623857,,,,
18693,0.0,-1268.547729,-806.379517,179.465485,0.9890743101,0.1259396429,0.076623857,,,,
18694,0.0,-1262.970459,-805.237793,179.103806,0.9890743101,0.1259396429,0.076623857,,,,
18695,0.0,-1259.736206,-804.754517,179.214813,0.9890743101,0.1259396429,0.076623857,,,,
18696,0.0,-1259.534912,-804.606689,179.291901,0.9890743101,0.1259396429,0.076623857,,,,
18697,0.0,-1255.14917,-803.663696,179.414902,0.9890743101,0.1259396429,0.076623857,,,,
18698,0.0,-1251.298706,-803.068604,179.506714,0.9890743101,0.1259396429,0.076623857,,,,
18699,0.0,-1246.828979,-802.311035,179.567398,0.9890743101,0.1259396429,0.076623857,,,,
18700,0.0,-1245.501831,-802.141296,179.556702,0.9890743101,0.1259396429,0.076623857,,,,
18701,0.0,-1240.824097,-801.446289,179.301758,0.9890743101,0.1259396429,0.076623857,,,,
18702,0.0,-1239.31543,-801.194336,179.388016,0.9890743101,0.1259396429,0.076623857,,,,
18703,0.0,-1234.29895,-800.559937,179.166092,0.9890743101,0.1259396429,0.076623857,,,,
18704,0.0,-1231.247681,-800.094543,179.234985,0.9890743101,0.1259396429,0.076623857,,,,
18705,0.0,-1228.165527,-799.706787,179.205017,0.9890743101,0.1259396429,0.076623857,,,,
18706,0.0,-1225.010864,-799.322632,179.215637,0.9890743101,0.1259396429,0.076623857,,,,
18707,0.0,-1221.145508,-798.881165,179.256119,0.9890743101,0.1259396429,0.076623857,,,,
18708,0.0,-1217.896729,-798.620178,179.376724,0.9890743101,0.1259396429,0.076623857,,,,
18709,0.0,-1215.314209,-798.246521,179.379013,0.9890743101,0.1259396429,0.076623857,,,,
18710,0.0,-1211.46167,-798.050842,179.801605,0.9890743101,0.1259396429,0.076623857,,,,
18711,0.0,-1208.146484,-797.800964,180.064102,0.9890743101,0.1259396429,0.076623857,,,,
18712,0.0,-1202.864502,-797.393494,180.481186,0.9890743101,0.1259396429,0.076623857,,,,
18713,0.0,-1199.322998,-797.153015,180.738861,0.9890743101,0.1259396429,0.076623857,,,,
18714,0.0,-1196.062256,-797.155457,181.088943,0.9890743101,0.1259396429,0.076623857,,,,
18715,0.0,-1193.431763,-797.03894,181.256622,0.9890743101,0.1259396429,0.076623857,,,,
18716,0.0,-1188.991699,-796.71991,181.388855,0.9890743101,0.1259396429,0.076623857,,,,
18717,0.0,-1185.618896,-796.386719,181.387085,0.9890743101,0.1259396429,0.076623857,,,,
18718,0.0,-1183.9282225,-796.239258,181.3815005,0.9890743101,0.1259396429,0.076623857,,,,
18719,0.0,-1182.237549,-796.091797,181.375916,0.9890743101,0.1259396429,0.076623857,,,,
18720,0.0,-1177.125977,-795.479309,181.421555,0.9890743101,0.1259396429,0.076623857,,,,
18721,0.0,-1174.594727,-795.1996765,181.1977235,0.9890743101,0.1259396429,0.076623857,,,,
18722,0.0,-1170.97998,-794.829773,181.311401,0.9890743101,0.1259396429,0.076623857,,,,
18723,0.0,-1166.907227,-794.229858,180.925995,0.9890743101,0.1259396429,0.076623857,,,,
18724,0.0,-1163.328003,-793.647217,180.410919,0.9890743101,0.1259396429,0.076623857,,,,
18725,0.0,-1160.957886,-793.349548,180.488693,0.9890743101,0.1259396429,0.076623857,,,,
18726,0.0,-1156.327515,-792.673706,180.152451,0.9890743101,0.1259396429,0.076623857,,,,
18727,0.0,-1153.781128,-792.322021,179.628052,0.9890743101,0.1259396429,0.076623857,,,,
18728,0.0,-1150.318726,-791.864807,179.463409,0.9890743101,0.1259396429,0.076623857,,,,
18729,0.0,-1146.821655,-791.419312,179.555618,0.9890743101,0.1259396429,0.076623857,,,,
18730,0.0,-1143.699097,-790.978455,179.370438,0.9890743101,0.1259396429,0.076623857,,,,
18731,0.0,-1140.545044,-790.470581,179.470642,0.9885996964,0.1287357443,0.078088081,,,,
18732,0.0,-1139.108765,-790.27655,179.505692,0.9884131478,0.1298183664,0.0786552039,,,,
18733,0.0,-1134.484741,-789.473328,179.797272,0.987821035,0.1328993554,0.0809157847,,,,
18734,0.0,-1131.440552,-788.993591,179.923584,0.9873509997,0.1347754598,0.0835079563,,,,
18735,0.0,-1128.282593,-788.471985,180.314423,0.9871484056,0.1353240525,0.0850025064,,,,
18736,0.0,-1125.141357,-788.062195,180.345093,0.9870700771,0.1353133324,0.0859241813,,,,
18737,0.0,-1121.766602,-787.49176,180.773926,0.9870400481,0.1353092158,0.086274907,,,,
18738,0.0,-1118.62439,-786.80658,181.652771,0.9870400481,0.1353092158,0.086274907,,,,
18739,0.0,-1114.914917,-786.10791,182.112122,0.9870400481,0.1353092158,0.086274907,,,,
18740,0.0,-1111.52063,-785.551575,182.319168,0.9870400481,0.1353092158,0.086274907,,,,
18741,0.0,-1108.414429,-784.980286,182.56546,0.9870400481,0.1353092158,0.086274907,,,,
18742,0.0,-1104.505249,-784.24939,182.775009,0.9870400481,0.1353092158,0.086274907,,,,
18743,0.0,-1101.755249,-783.948792,182.742386,0.9870400481,0.1353092158,0.086274907,,,,
18744,0.0,-1098.751587,-783.384705,182.864532,0.9870400481,0.1353092158,0.086274907,,,,
18745,0.0,-1095.300781,-782.61615,182.744812,0.9870400481,0.1353092158,0.086274907,0.0788438832,1140.3912990188,2930.1412961401,0.0
18746,0.0,-1092.324341,-782.102417,182.592407,0.9870400481,0.1353092158,0.086274907,0.0799911193,1149.4444064291,2933.0229800438,0.0
18747,0.0,-1085.761963,-781.054016,182.21376,0.9868945171,0.1359501397,0.0869296937,0.0801242633,1147.9107166267,2926.77627297,0.0
18748,0.0,-1082.931274,-780.60199,181.860458,0.9864139155,0.1380396111,0.089065443,0.0797881273,1144.5509108706,2924.0945009989,0.0
18749,0.0,-1080.5413815,-782.527222,181.8017345,0.986119618,0.1394803078,0.0900566379,0.0797717767,1143.9987734614,2922.9708767135,0.0
18750,0.0,-1078.151489,-784.452454,181.743011,0.9858253205,0.1409210046,0.0910478328,0.079755426,1143.4466360522,2921.8472524281,0.0
18751,0.0,-1075.274292,-784.06073,181.758514,0.9857479816,0.1409137238,0.0918925416,0.0808739472,1149.1557513017,2916.9086222801,0.0
18752,0.0,-1071.995239,-783.597595,181.781616,0.9854956749,0.1425954516,0.0920044125,0.0805465452,1145.3953339992,2913.0179333344,0.0
18753,0.0,-1066.3125,-782.803284,181.848877,0.9852356479,0.1439019354,0.0927520947,0.0807883453,1143.2764704515,2903.4574964031,0.0
18754,0.0,-1064.104431,-782.489502,181.8758085,0.9850557112,0.1447531708,0.093330987,0.0804489085,1139.9996334207,2900.9824117003,0.0
18755,0.0,-1058.849854,-781.734314,181.940186,0.9845310273,0.1473492219,0.0947990669,0.079411383,1130.6123935455,2895.0441193935,0.0
18756,0.0,-1055.549561,-781.252991,181.981018,0.9840626061,0.1492465197,0.0966760762,0.0790606631,1126.8794466112,2891.6145839765,0.0
18757,0.0,-1052.379883,-780.787354,182.020538,0.9836016868,0.1510575799,0.0985359291,0.0788494459,1124.2016546723,2888.4456292891,0.0
18758,0.0,-1049.211182,-780.317688,182.060364,0.9831208581,0.1529514119,0.100395438,0.078612996,1121.352190391,2885.2764922675,0.0
18759,0.0,-1046.328613,-779.896606,182.096924,0.9829579295,0.1535789665,0.1010307374,0.078646273,1120.4505092921,2882.3714110356,0.0
18760,0.0,-1042.748901,-779.37439,182.142487,0.9828397999,0.154029098,0.1014936678,0.0787523867,1119.7958855544,2878.8254582634,0.0
18761,0.0,-1040.091431,-778.986511,182.176575,0.9828262301,0.1540806806,0.1015467642,0.0788966277,1119.7359558338,2876.14671863,0.0
18762,0.0,-1036.181396,-778.411133,182.227203,0.9828262301,0.1540806806,0.1015467642,0.0791182944,1119.7281020312,2872.2603924112,0.0
18763,0.0,-1032.772095,-777.909241,182.271393,0.9828262301,0.1540806806,0.1015467642,0.0786293159,1118.9785854059,2878.8825454429,0.0
18764,0.0,-1029.482544,-777.420959,182.314331,0.9828262301,0.1540806806,0.1015467642,0.0786479834,1117.8351325861,2875.6133358767,0.0
18765,0.0,-1026.24231,-776.937927,182.356842,0.9828262301,0.1540806806,0.1015467642,0.0788084707,1117.7438308487,2872.5692029717,0.0
18766,0.0,-1023.111389,-776.469055,182.398102,0.9828262301,0.1540806806,0.1015467642,0.0789634968,1117.6532985002,2869.6313575365,0.0
18767,0.0,-1019.885559,-775.984253,182.440735,0.9828262301,0.1540806806,0.1015467642,0.0791237036,1117.5588244777,2866.6019348053,0.0
18768,0.0,-1016.854065,-775.526733,182.480988,0.9828262301,0.1540806806,0.1015467642,0.0792748175,1117.4688817161,2863.7506284118,0.0
18769,0.0,-1013.626465,-775.038757,182.523926,0.9828262301,0.1540806806,0.1015467642,0.0794355016,1117.371469793,2860.7230075472,0.0
18770,0.0,-1010.028931,-774.493103,182.57196,0.9828262301,0.1540806806,0.1015467642,0.0796153506,1117.261958579,2857.3437629763,0.0
18771,0.0,-1007.105225,-774.051453,182.597778,0.9828262301,0.1540806806,0.1015467642,0.0797614496,1117.1695145251,2854.5980495548,0.0
18772,0.0,-1004.110168,-773.59375,182.619019,0.982713147,0.1545097801,0.1019882277,0.0798198597,1116.4593499665,2851.7828200451,0.0
18773,0.0,-1000.442932,-773.032532,182.642395,0.98259079,0.1549723529,0.1024641856,0.0799052041,1115.6804780707,2848.3343411194,0.0
18774,0.0,-997.168884,-772.517334,182.664246,0.9821234933,0.1567227175,0.1042661677,0.0797009215,1113.1060911289,2845.2501247692,0.0
18775,0.0,-994.623047,-772.118347,182.683289,0.9818726783,0.157651834,0.1052233004,0.0796347289,1111.7263983962,2842.8552273021,0.0
18776,0.0,-990.468018,-771.469849,182.716064,0.9815854865,0.1587071278,0.1063107721,0.0796248445,1110.1303187821,2838.9426918803,0.0
18777,0.0,-987.23938,-770.945129,182.76593,0.9810284487,0.1614893332,0.1072584639,0.0789247845,1104.255886438,2835.8995002699,0.0
18778,0.0,-984.059326,-770.441406,182.81543,0.9806735157,0.1623967168,0.1091181103,0.0790445425,1103.8925077796,2832.9061897584,0.0
18779,0.0,-980.901855,-769.922729,182.864899,0.9800222572,0.1650503736,0.1109718416,0.0785384744,1099.3394858633,2829.9238563802,0.0
18780,0.0,-978.169495,-769.477966,182.908066,0.979569382,0.166471115,0.1128325919,0.0784601619,1097.8135914259,2827.3482647639,0.0
19344,0.0,-403.464783,20.069071,63.393448,-0.0094724792,0.9979658493,0.0630431257,0.0084532671,245.4485302734,1891.7027238159,1.0
19345,0.0,-403.466461,20.244549,63.485069,-0.0094724792,0.9979658493,0.0630431257,0.0084529463,245.7845364821,1894.3281593369,1.0
19346,0.0,-403.4841,22.106962,64.539337,-0.0094724792,0.9979658493,0.0630431257,0.0085293861,246.8975665359,1894.3968905415,1.0
19347,0.0,-403.51413,25.272846,62.547348,-0.0094724792,0.9979658493,0.0630431257,0.0084016691,244.8824278118,1893.1017641193,1.0
19348,0.0,-403.537903,27.776493,61.891685,-0.0094724792,0.9979658493,0.0630431257,0.0083613413,244.2203810397,1892.5120527521,1.0
19349,0.0,-403.565063,30.63846,61.957428,-0.0094724792,0.9979658493,0.0630431257,0.0083697987,244.271722823,1891.9573335012,1.0
19350,0.0,-403.589813,33.247883,62.066444,-0.0094724792,0.9979658493,0.0630431257,0.0083794841,244.3209222138,1891.2490520241,1.0
19351,0.0,-403.609283,35.299076,62.217449,-0.0094724792,0.9979658493,0.0630431257,0.0083924969,244.4412171174,1890.7189069033,1.0
19352,0.0,-403.634705,37.971218,62.384869,-0.0094724792,0.9979658493,0.0630431257,0.0084091923,244.553634091,1889.7176681688,1.0
19353,0.0,-403.653564,39.950172,62.539906,-0.0094724792,0.9979658493,0.0630431257,,,,
19354,0.0,-403.673309,42.022339,62.691784,-0.0094724792,0.9979658493,0.0630431257,,,,
19355,0.0,-403.698059,44.622231,62.786835,-0.0094724792,0.9979658493,0.0630431257,,,,
19356,0.0,-403.71994,46.928047,62.86602,-0.0094724792,0.9979658493,0.0630431257,,,,
19357,0.0,-403.746674,49.733795,62.933552,-0.0094724792,0.9979658493,0.0630431257,,,,
19358,0.0,-403.767273,51.899921,62.974133,-0.0094724792,0.9979658493,0.0630431257,,,,
19359,0.0,-403.787384,54.012917,63.006313,-0.0094724792,0.9979658493,0.0630431257,,,,
19360,0.0,-403.809143,56.293415,63.057903,-0.0094724792,0.9979658493,0.0630431257,,,,
19361,0.0,-403.829926,58.473083,63.088707,-0.0094724792,0.9979658493,0.0630431257,,,,
19362,0.0,-403.852936,61.293255,63.151588,-0.0090525904,0.997943154,0.0634626813,,,,
19363,0.0,-403.87149,63.314667,63.210865,-0.0089938077,0.997939941,0.063521537,,,,
19364,0.0,-403.88913,65.488365,63.310314,-0.0086827337,0.997942696,0.063521537,,,,
19365,0.0,-403.905884,67.739128,63.485813,-0.0082163125,0.9979466451,0.063521537,,,,
19366,0.0,-403.921082,70.454018,63.678089,-0.007163898,0.9979408437,0.0637397139,,,,
19367,0.0,-403.934479,72.80555,63.764576,-0.0063401975,0.997933237,0.0639457303,,,,
19368,0.0,-403.94397,75.191193,63.848732,-0.0051251098,0.9979153551,0.0643325524,,,,
19369,0.0,-403.961426,78.653152,64.073662,-0.0039672962,0.9978801993,0.0649566655,,,,
19370,0.0,-403.977478,81.871597,64.547066,-0.0030196217,0.997883517,0.0649566655,,,,
19371,0.0,-403.984253,83.4257085,64.5758705,-0.0025619824,0.9978774118,0.0650683128,,,,
19372,0.0,-403.991028,84.97982,64.604675,-0.002104343,0.9978713066,0.06517996,,,,
19373,0.0,-403.999115,87.182991,64.78627,-0.0014287843,0.9978577702,0.0654051146,,,,
19374,0.0,-404.007263,90.246368,65.013985,-0.0002974965,0.9978512092,0.0655200419,,,,
19375,0.0,-404.019165,93.63945,64.944969,0.0002662631,0.9978253147,0.065913355,,,,
19376,0.0,-404.025696,95.293949,65.0235785,0.0004195268,0.9978252503,0.065913355,,,,
19377,0.0,-404.032227,96.948448,65.102188,0.0005727904,0.9978251859,0.065913355,,,,
19378,0.0,-404.036041,101.236671,64.921463,0.001912851,0.9977982025,0.0662954601,,,,
19379,0.0,-404.034363,103.097092,64.807373,0.0027156059,0.9977899432,0.066391677,,,,
19380,0.0,-404.032684,105.451668,64.689621,0.0035802804,0.9977872152,0.066391677,,,,
19381,0.0,-404.0302735,107.0099145,64.61602,0.0042173597,0.9977845224,0.066391677,,,,
19382,0.0,-404.026794,110.538971,64.632324,0.0052795981,0.9977796706,0.066391677,,,,
19383,0.0,-404.028259,112.677567,64.459755,0.0053570579,0.9977792577,0.066391677,,,,
19384,0.0,-404.029449,114.728973,64.318558,0.0053570579,0.9977792577,0.066391677,,,,
19385,0.0,-404.029602,117.446617,64.209343,0.0053570579,0.9977792577,0.066391677,,,,
19386,0.0,-404.029175,119.439835,64.097054,0.0053570579,0.9977792577,0.066391677,,,,
19387,0.0,-404.028046,121.276337,64.00412,0.0053570579,0.9977792577,0.066391677,,,,
19388,0.0,-404.044189,124.351761,63.978733,0.0053570579,0.9977792577,0.066391677,,,,
19389,0.0,-404.085297,125.250313,64.01931,0.0053570579,0.9977792577,0.066391677,,,,
19390,0.0,-404.228668,128.133118,64.027519,0.0053570579,0.9977792577,0.066391677,,,,
19391,0.0,-404.390228,130.937698,64.15004,0.0053570579,0.9977792577,0.066391677,,,,
19392,0.0,-404.495544,132.833633,64.237015,0.0053570579,0.9977792577,0.066391677,,,,
19393,0.0,-404.659637,135.621216,64.348793,0.0053570579,0.9977792577,0.066391677,,,,
19394,0.0,-404.807312,137.523026,64.801483,0.0053570579,0.9977792577,0.066391677,,,,
19395,0.0,-404.914124,139.505707,64.890083,0.0053570579,0.9977792577,0.066391677,,,,
19396,0.0,-405.035553,141.779343,65.120285,0.0053570579,0.9977792577,0.066391677,,,,
19397,0.0,-405.18103,144.09491,65.441536,0.0053570579,0.9977792577,0.066391677,,,,
19398,0.0,-405.416748,147.34108,65.789642,0.0053570579,0.9977792577,0.066391677,,,,
19399,0.0,-405.530243,149.402023,65.514351,0.0053570579,0.9977792577,0.066391677,,,,
19400,0.0,-405.713104,151.632767,65.099518,0.0053570579,0.9977792577,0.066391677,0.0104325654,262.306014643,1820.6789027855,1.0
19401,0.0,-405.850281,153.640091,64.171982,0.005015904,0.9977354206,0.0670736244,0.0104717714,262.5124955784,1818.7158482922,1.0
19402,0.0,-405.981445,156.091888,62.868317,0.0039424784,0.9977217393,0.0673482579,0.010430129,261.6464018305,1816.3114828582,1.0
19403,0.0,-405.969482,157.655502,61.12944,0.0035015326,0.997723383,0.0673482753,0.0103050246,259.8520775969,1814.7149816637,1.0
19404,0.0,-405.888275,158.129593,60.340309,0.0032949555,0.9977240866,0.0673482753,0.0102468983,259.0506019925,1814.2151841673,1.0
19405,0.0,-405.757965,161.195557,57.056114,0.0020130358,0.9977274978,0.0673482579,0.0099080384,254.2992379968,1810.984130026,1.0
19406,0.0,-405.458252,162.451477,54.836823,0.0011942133,0.9977012381,0.0677555405,0.0098230534,253.085927396,1810.0847040792,1.0
19407,0.0,-405.169769,163.79599,52.43372,0.0002247793,0.997668885,0.0682403503,0.0097212443,251.6438880498,1809.1247037426,1.0
19408,0.0,-404.799347,164.8638,49.853485,-0.0006310301,0.9976643007,0.0683047943,0.009558558,249.4323191901,1808.3472632292,1.0
19409,0.0,-404.386322,165.843536,47.5098,-0.0010880217,0.997663907,0.0683047943,0.0093696286,246.8847329424,1807.7473456658,1.0
19410,0.0,-404.077148,166.597488,45.762695,-0.0012823803,0.9976636761,0.0683047943,0.009263829,245.4354060689,1807.320168231,1.0
19411,0.0,-404.13797,167.498291,45.592861,-0.0015118075,0.9976633548,0.0683047943,0.0092622633,245.3675370674,1806.9723961899,1.0
19412,0.0,-404.204712,168.239334,45.420834,-0.0017458839,0.9976629726,0.0683047943,0.0092576438,245.3055625407,1806.9645543954,1.0
19413,0.0,-404.330536,169.249649,45.318573,-0.0032412496,0.9977556825,0.0668811812,0.0090530065,242.5746604282,1806.8377999373,1.0
19414,0.0,-404.404755,169.959885,45.205921,-0.0045193356,0.9978077042,0.0660254571,0.0089649911,241.4142415826,1806.9598634766,1.0
19415,0.0,-404.302887,171.356827,45.035515,-0.0062912719,0.9978892444,0.0646333957,0.0086150262,236.6844244185,1807.0233499002,1.0
19416,0.0,-404.238327,171.80587,44.945164,-0.006853747,0.9979035167,0.0643521703,0.008522869,235.422478703,1807.0651719814,1.0
19417,0.0,-404.115417,172.819168,44.86071,-0.0075584311,0.9979212788,0.0639999337,0.0083347666,232.9013971315,1807.6618839682,1.0
19418,0.0,-404.11319,173.639511,44.828136,-0.0075584311,0.9979212788,0.0639999337,0.0082392914,231.6234912445,1808.0860373578,1.0
19419,0.0,-404.027374,174.460388,44.847702,-0.0075584311,0.9979212788,0.0639999337,0.0081467322,230.3781835081,1808.5101807221,1.0
19420,0.0,-404.0166625,174.93,44.8882845,-0.0075584311,0.9979212788,0.0639999337,0.0080872902,229.6023603981,1809.0188257241,1.0
19421,0.0,-404.008057,175.89418,44.878227,-0.0075584311,0.9979212788,0.0639999337,0.0079468765,227.778307094,1810.3546903971,1.0
19422,0.0,-404.010422,176.396629,44.9135455,-0.0075584311,0.9979212788,0.0639999337,0.0079040486,227.2292731931,1810.865895226,1.0
19423,0.0,-404.016663,177.657883,45.117191,-0.0075584311,0.9979212788,0.0639999337,0.007874872,227.0141541268,1812.4785592232,1.0
19424,0.0,-404.01944,178.165985,45.187431,-0.0075584311,0.9979212788,0.0639999337,0.0078811561,227.2484617504,1813.6286418777,1.0
19425,0.0,-404.013367,177.641296,47.527817,-0.0075584311,0.9979212788,0.0639999337,0.0080378217,229.9096147028,1816.9685298714,1.0
19426,0.0,-404.014252,177.907181,47.914207,-0.0075584311,0.9979212788,0.0639999337,0.0080649385,230.4983949795,1818.5690142895,1.0
19427,0.0,-404.01004,177.39447,49.134232,-0.0075584311,0.9979212788,0.0639999337,0.0081458063,231.9463751226,1820.9238289381,1.0
19428,0.0,-404.005829,176.848938,49.688423,-0.0075584311,0.9979212788,0.0639999337,0.0081808661,232.8166095175,1823.8510557091,1.0
19429,0.0,-404.005737,176.839203,49.882938,-0.0075584311,0.9979212788,0.0639999337,0.0081930257,233.3774224509,1826.892762107,1.0
19430,0.0,-404.000366,176.125595,50.695038,-0.0075584311,0.9979212788,0.0639999337,0.00824439,234.4645285629,1829.6998845099,1.0
19597,0.0,-451.326355,-832.764526,164.423615,-0.0468587535,0.9967244789,0.065913355,0.0142237723,498.6747033008,2967.186120983,1.0
19598,0.0,-449.900116,-831.340454,163.902863,-0.0468587535,0.9967244789,0.065913355,0.0140166011,494.8254044738,2965.8065790383,1.0
19599,0.0,-449.932861,-830.506348,163.760986,-0.0468587535,0.9967244789,0.065913355,0.0139173175,492.9079670031,2964.75907669,1.0
19600,0.0,-449.763,-828.854919,163.276947,-0.0468587535,0.9967244789,0.065913355,0.0138101569,490.6596056307,2962.5836445285,1.0
19601,0.0,-449.811157,-827.722351,163.235077,-0.0468587535,0.9967244789,0.065913355,0.0137259191,488.8517310022,2960.6485204018,1.0
19602,0.0,-449.644379,-825.749939,162.808838,-0.0468587535,0.9967244789,0.065913355,0.0136365244,486.8200720155,2957.9257588032,1.0
19603,0.0,-444.858429,-822.024231,163.352631,-0.0468587535,0.9967244789,0.065913355,0.0134592801,482.9257401328,2953.3893380494,1.0
19604,0.0,-444.938263,-820.326111,163.389771,-0.0468587535,0.9967244789,0.065913355,0.0134053733,481.5754593236,2951.0071637422,1.0
19605,0.0,-447.898438,-818.319824,141.921341,-0.0468587535,0.9967244789,0.065913355,0.0124124208,462.5551002052,2944.9104434445,1.0
19606,0.0,-448.002808,-816.101868,151.391693,-0.0468587535,0.9967244789,0.065913355,0.0127975738,469.2440262849,2942.4824246327,1.0
19607,0.0,-448.08551,-814.342346,158.456879,-0.0468587535,0.9967244789,0.065913355,0.0130989439,474.3908218307,2940.5598052161,1.0
19608,0.0,-448.224579,-811.38501,163.687714,-0.0468587535,0.9967244789,0.065913355,0.0133016662,477.4198484926,2936.8480995821,1.0
19609,0.0,-448.326447,-809.219238,163.775452,-0.0468587535,0.9967244789,0.065913355,0.0132596195,476.1412321124,2933.5919212188,1.0
19610,0.0,-448.429138,-807.034668,163.863922,-0.0468587535,0.9967244789,0.065913355,0.0132202185,474.9104834609,2930.3370330409,1.0
19611,0.0,-441.415283,-808.660339,163.932709,0.9712996312,0.2377098437,0.0084295088,,,,
19612,0.0,-442.092896,-813.857666,163.91333,1.0,0.0,0.0,,,,
19613,0.0,-441.141327,-810.958435,163.81665,1.0,0.0,0.0,,,,
19614,0.0,-440.316498,-809.35376,163.68869,1.0,0.0,0.0,,,,
19615,0.0,-439.205841,-807.788757,163.492554,1.0,0.0,0.0,,,,
19616,0.0,-437.300018,-805.663086,163.144409,1.0,0.0,0.0,,,,
19617,0.0,-436.056763,-804.618408,162.911316,1.0,0.0,0.0,,,,
19618,0.0,-434.072571,-803.108826,162.536377,1.0,0.0,0.0,,,,
19619,0.0,-431.638428,-801.567444,162.070648,1.0,0.0,0.0,,,,
19620,0.0,-429.495636,-800.457092,161.656036,1.0,0.0,0.0,,,,
19621,0.0,-425.781921,-798.868896,160.934998,1.0,0.0,0.0,,,,
19622,0.0,-424.026825,-798.2434995,160.59787,1.0,0.0,0.0,,,,
19623,0.0,-422.271729,-797.618103,160.260742,1.0,0.0,0.0,,,,
19624,0.0,-417.785309,-796.298279,159.428986,1.0,0.0,0.0,,,,
19625,0.0,-415.7681125,-795.7899475,159.054596,1.0,0.0,0.0,,,,
19626,0.0,-412.407623,-794.952454,158.430725,1.0,0.0,0.0,,,,
19627,0.0,-410.162796,-794.505127,158.011917,1.0,0.0,0.0,,,,
19628,0.0,-405.929108,-793.703491,157.221252,1.0,0.0,0.0,,,,
19629,0.0,-403.8863375,-793.359863,156.8389435,1.0,0.0,0.0,,,,
19630,0.0,-399.141937,-792.614563,155.950043,1.0,0.0,0.0,,,,
19631,0.0,-396.499847,-792.255188,155.453979,1.0,0.0,0.0,,,,
19632,0.0,-393.475159,-791.882568,154.885376,1.0,0.0,0.0,,,,
19633,0.0,-390.455017,-791.537048,154.317139,1.0,0.0,0.0,,,,
19634,0.0,-386.582825,-791.128967,153.587921,1.0,0.0,0.0,,,,
19635,0.0,-383.82724,-790.871399,153.068359,1.0,0.0,0.0,,,,
19636,0.0,-379.93811,-790.460083,152.338226,0.9999370248,0.0091938128,0.0064358572,,,,
19637,0.0,-377.070984,-790.081787,151.7948,0.999450574,0.0266449728,0.0197128278,,,,
19638,0.0,-374.750214,-789.704529,151.349548,0.9982508871,0.0496870702,0.0320368773,,,,
19639,0.0,-371.249573,-789.209656,150.679123,0.9960479642,0.0763446998,0.0453865607,,,,
19640,0.0,-367.024963,-788.497559,149.858551,0.9903629701,0.1218052385,0.0659141212,,,,
19641,0.0,-364.112213,-787.81488,149.265182,0.9809742445,0.1757535037,0.0824635534,,,,
19642,0.0,-362.111694,-787.201843,148.805908,0.9686740814,0.2299074944,0.093877942,,,,
19643,0.0,-359.060974,-786.445068,148.099167,0.9516338188,0.2883554099,0.1060388249,,,,
19644,0.0,-355.30777,-785.465454,147.135742,0.924273543,0.3631894494,0.1175237916,,,,
19645,0.0,-353.037781,-784.857483,146.537323,0.906368679,0.4029170821,0.1270969816,,,,
19646,0.0,-349.612854,-784.053345,145.725632,0.8949173725,0.4247983291,0.1366355592,,,,
19647,0.0,-346.326294,-783.296692,144.979111,0.8896745266,0.4337371722,0.1426579899,,,,
19648,0.0,-343.271667,-782.562927,144.311951,0.889010262,0.4348496466,0.1434103863,,,,
19649,0.0,-340.358124,-781.799866,143.6866,0.889010262,0.4348496466,0.1434103863,,,,
19650,0.0,-337.545258,-781.15509,143.076416,0.889010262,0.4348496466,0.1434103863,,,,
19651,0.0,-333.832245,-780.476013,142.253448,0.889010262,0.4348496466,0.1434103863,,,,
19652,0.0,-330.552338,-779.971924,141.520111,0.889010262,0.4348496466,0.1434103863,,,,
19653,0.0,-327.348907,-779.693359,140.787506,0.889010262,0.4348496466,0.1434103863,,,,
19654,0.0,-324.027496,-779.446777,140.02356,0.889010262,0.4348496466,0.1434103863,,,,
19655,0.0,-320.303558,-779.376404,139.154144,0.889010262,0.4348496466,0.1434103863,,,,
19656,0.0,-319.051392,-779.374634,138.858704,0.889010262,0.4348496466,0.1434103863,,,,
19657,0.0,-313.826935,-779.451111,137.620972,0.889010262,0.4348496466,0.1434103863,,,,
19658,0.0,-311.074585,-779.628784,136.973709,0.8927950234,0.4294108935,0.1361004433,,,,
19659,0.0,-307.209351,-779.945984,136.053528,0.8974440417,0.4224882152,0.1268775001,,,,
19660,0.0,-304.132324,-780.083374,135.220566,0.8763179199,0.4653524014,0.1245553926,,,,
19661,0.0,-302.293823,-780.071655,134.557831,0.8162643066,0.5633304149,0.1279508712,,,,
19662,0.0,-298.176636,-780.746643,133.126984,0.6692085092,0.7311333429,0.1326800891,0.1259754457,1473.3010954772,3032.2214912854,0.0
19663,0.0,-295.696228,-780.876831,132.215134,0.4608557037,0.8776012741,0.132015242,0.0413136768,862.0754077503,3030.5111563705,0.0
19664,0.0,-293.8380125,-780.6280515,131.7107315,0.3960847308,0.9059203162,0.1320152247,0.0312925619,741.6930045107,3029.4691728401,0.0
19665,0.0,-291.979797,-780.379272,131.206329,0.331313758,0.9342393584,0.1320152074,0.021271447,621.3106012712,3028.4271893098,0.0
19666,0.0,-288.391266,-779.842224,130.231674,0.2180322207,0.9668119865,0.1331785772,0.0197108945,597.8545452908,3026.063725935,0.0
19667,0.0,-285.401611,-779.179565,129.433563,0.1290104642,0.9824671179,0.134590722,0.0276601584,706.3033766708,3023.9393584009,0.0
19668,0.0,-282.231873,-778.608276,128.622009,0.0969504584,0.9852583418,0.1409489568,0.0333325946,773.7123443632,3021.8959421722,0.0
19669,0.0,-276.51355,-777.053833,127.249992,0.1259245216,0.9800379599,0.1538460659,0.0312589451,748.6490852406,3017.8443772451,0.0
19670,0.0,-273.160004,-776.045837,126.451324,0.1334846746,0.9786723706,0.1561481112,0.0305615662,739.7793804995,3015.3880852313,0.0
19671,0.0,-272.2697145,-775.786682,126.2383115,0.1345139367,0.9784807274,0.1564617282,0.0304500858,738.279061835,3014.6948995484,0.0
19672,0.0,-267.998627,-774.304993,125.231506,0.1355431988,0.9782890842,0.1567753453,0.0300844974,733.122631373,3011.4901514442,0.0
19673,0.0,-264.708374,-773.00769,124.467194,0.1355431988,0.9782890842,0.1567753453,0.0298319376,729.5004174315,3009.0761371148,0.0
19674,0.0,-261.014221,-771.459839,123.617126,0.1355431988,0.9782890842,0.1567753453,0.0295831318,725.7660138478,3006.0451183443,0.0
19675,0.0,-258.009521,-770.133606,122.950623,0.1355431988,0.9782890842,0.1567753453,0.0293818673,722.6738758384,3003.3187104465,0.0
19676,0.0,-254.756073,-768.559021,122.276947,0.1355431988,0.9782890842,0.1567753453,0.0291081771,718.7411319642,3000.7761599313,0.0
19677,0.0,-251.542557,-766.850037,121.655479,0.1659685297,0.9745430799,0.1507323209,0.024939564,665.3146301357,2997.7295623445,0.0
19678,0.0,-248.921112,-765.430542,121.151726,0.1829747527,0.9717972019,0.1487630275,0.0233131203,643.0110243245,2995.3617272327,0.0
19679,0.0,-245.815674,-763.772644,120.550301,0.1965164051,0.9693461036,0.1474768929,0.0223309437,628.8847445601,2992.5451520933,0.0
19680,0.0,-243.207214,-762.333801,120.057442,0.215035941,0.9650580071,0.1497417346,0.0222632983,627.411591284,2990.0162477605,0.0
19681,0.0,-239.698059,-760.38092,119.396599,0.2365489858,0.9594585846,0.1532442554,0.022923217,635.8187156958,2986.6460476405,0.0
19682,0.0,-236.278015,-758.490906,118.753304,0.256790568,0.953702443,0.1565575116,0.0241260307,651.4092017911,2983.5363319431,0.0
19683,0.0,-233.170166,-756.778564,118.196465,0.2931945102,0.9425505393,0.1601107741,0.027017069,688.1420240883,2980.5561005775,0.0
19684,0.0,-230.353409,-755.265198,117.696297,0.3268137596,0.930748324,0.1640131818,0.0313776603,740.1020023065,2977.8313374721,0.0
19685,0.0,-226.566269,-753.290588,117.006104,0.3600598707,0.9176722426,0.1680313798,0.03720946,803.8271429224,2974.3974853003,0.0
19686,0.0,-224.832703,-752.398071,116.680298,0.3693913048,0.9137328926,0.169240258,0.0392253093,824.4623178284,2972.8553361096,0.0
19687,0.0,-221.894562,-750.921936,116.130394,0.3873687703,0.9055943716,0.172754942,0.0437875924,869.248349614,2970.0265866058,0.0
19688,0.0,-218.89679,-749.413086,115.544739,0.3926969413,0.9029149193,0.1747391223,0.045731118,887.0196454329,2967.1204080405,0.0
19689,0.0,-214.438293,-747.2052,114.653564,0.3926969413,0.9029149193,0.1747391223,0.0462763663,890.9522206614,2963.0789600733,0.0
19690,0.0,-211.72699,-745.881287,114.056976,0.3926677469,0.9028481382,0.1751493076,0.0466951844,894.1264948324,2960.5875345706,0.0
19691,0.0,-208.978104,-744.564453,113.3983,0.3926370351,0.9027775234,0.1755816103,0.0470797623,897.0141121292,2958.2841841507,0.0
19692,0.0,-206.004578,-743.149841,112.703819,0.3926299455,0.902760878,0.1756830184,0.0474857897,899.9582320838,2955.5847690712,0.0
19693,0.0,-203.379639,-741.915222,112.08802,0.3920686053,0.9030048127,0.1756830012,0.0476922867,901.1779179756,2953.3324233764,0.0
19694,0.0,-199.393478,-740.063904,111.154297,0.3916987775,0.9029866119,0.1765991122,0.0483099809,905.8388860325,2950.0345811978,0.0
19695,0.0,-197.132462,-739.021973,110.625336,0.391697039,0.9029819565,0.1766267702,0.0486225292,908.0926368964,2948.0900030262,0.0
19696,0.0,-193.942673,-737.573914,109.877052,0.391697039,0.9029819565,0.1766267702,0.0489414978,910.2213768026,2945.5965108055,0.0
19697,0.0,-190.978699,-736.221313,109.270409,0.3872907415,0.9044898392,0.1786169429,0.0487969797,908.0791273529,2942.9033040067,0.0
19698,0.0,-187.460587,-734.618896,108.917633,0.380310062,0.9067483081,0.1821311682,0.0486323627,905.6664363049,2939.9235646787,0.0
19699,0.0,-184.55806,-733.312317,108.67186,0.3775771151,0.907686012,0.1831437297,0.048650745,905.0785341403,2937.4738829804,0.0
19700,0.0,-182.035614,-732.178223,108.455872,0.3745218796,0.9083594279,0.1860551302,0.0490479001,907.9937352942,2935.2786754109,0.0
19701,0.0,-179.291214,-730.944397,108.220963,0.3725337875,0.9089833298,0.1869970142,0.0491603697,908.2700158706,2932.8957242037,0.0
19702,0.0,-176.145493,-729.547852,107.951096,0.3713383399,0.9094723422,0.1869970485,0.0492553828,908.2503439674,2930.073490804,0.0
19703,0.0,-172.977966,-728.140198,107.678635,0.3696939385,0.9098788268,0.1882735043,0.0496214947,910.6985878017,2927.3880203102,0.0
19704,0.0,-169.898453,-726.759094,107.412483,0.3670838038,0.9107209743,0.1893060697,0.0497546863,911.096228832,2924.8434861387,0.0
19705,0.0,-164.069397,-724.170044,106.907928,0.3624331233,0.9122344725,0.1909725065,0.0498581316,910.5791842396,2920.2270195095,0.0
19706,0.0,-162.2975465,-723.3726805,106.7544095,0.3597259646,0.9130484865,0.1921724756,0.0498673303,910.1868250485,2918.7065245589,0.0
19707,0.0,-160.525696,-722.575317,106.600891,0.3570188059,0.9138625005,0.1933724446,0.0498765289,909.7944658574,2917.1860296083,0.0
19708,0.0,-155.38533,-720.253479,106.158821,0.3485070266,0.9167714404,0.1951229829,0.0492945134,903.2824499345,2912.9191298151,0.0
19709,0.0,-153.3680265,-719.3414915,105.98756,0.3458711344,0.9175367522,0.1961907058,0.0493206308,903.0348159333,2911.3694033364,0.0
19710,0.0,-151.350723,-718.429504,105.816299,0.3432352422,0.918302064,0.1972584286,0.0493467482,902.7871819321,2909.8196768576,0.0
19711,0.0,-146.324371,-716.12616,105.353073,0.3358401208,0.9203692069,0.2003295692,0.0493909277,901.970262067,2905.9190201922,0.0
19712,0.0,-142.875687,-714.554199,104.956085,0.3335029491,0.9209069792,0.2017575736,0.0497028754,903.9691153135,2903.4372581905,0.0
19713,0.0,-139.93454,-713.211365,104.365662,0.3329880311,0.9208859133,0.2027020122,0.0502129213,907.7778151484,2901.2037264669,0.0
19714,0.0,-137.813797,-712.226624,103.793427,0.3329683972,0.9208312131,0.2029825692,0.0505802716,910.4703076069,2899.4961080472,0.0
19715,0.0,-133.968384,-710.458679,102.85408,0.3329683972,0.9208312131,0.2029825692,0.0509493028,912.8291380179,2896.7352478114,0.0
19716,0.0,-130.839127,-709.013794,102.08902,0.3329683972,0.9208312131,0.2029825692,0.0512661321,914.913915392,2894.6008831228,0.0
19717,0.0,-127.896713,-707.643921,101.370018,0.3329683972,0.9208312131,0.2029825692,0.0515871392,917.0392024208,2892.5220995853,0.0
19718,0.0,-124.954071,-706.273193,100.65065,0.3329683972,0.9208312131,0.2029825692,0.0519167136,919.1886479144,2890.3290994975,0.0
19719,0.0,-122.153175,-704.968323,103.104752,0.3329683972,0.9208312131,0.2029825692,0.0524930927,923.5832596127,2888.5871100782,0.0
19720,0.0,-120.1919365,-704.0547485,106.1523095,0.3329683972,0.9208312131,0.2029825692,0.0530040453,927.5827709376,2887.4982640109,0.0
19721,0.0,-115.253738,-701.754883,113.297287,0.3329683972,0.9208312131,0.2029825692,0.0543105518,937.7086276138,2884.622869685,0.0
19722,0.0,-112.660187,-700.542542,116.655548,0.3329683972,0.9208312131,0.2029825692,0.0549704815,942.8178456774,2883.3670111611,0.0
19723,0.0,-109.876808,-699.251465,120.178879,0.3329683972,0.9208312131,0.2029825692,0.0556515077,947.9329893245,2881.7222284574,0.0
19724,0.0,-106.943512,-697.890198,123.757126,0.3329683972,0.9208312131,0.2029825692,0.0563804022,953.3058665853,2879.8014515138,0.0
19725,0.0,-103.196854,-696.148132,127.941589,0.3329683972,0.9208312131,0.2029825692,0.0573177455,960.2456903106,2877.643104827,0.0
19726,0.0,-100.89064,-695.104248,130.390259,0.3329683972,0.9208312131,0.2029825692,0.0578452649,964.0951691064,2876.3655959058,0.0
19727,0.0,-97.364204,-693.50824,133.923996,0.3329683972,0.9208312131,0.2029825692,0.0587327913,970.5655093596,2874.364721994,0.0
19728,0.0,-94.801079,-692.348083,136.31546,0.3329683972,0.9208312131,0.2029825692,0.0593603217,975.106409161,2872.9722724057,0.0
19729,0.0,-91.274666,-690.751953,139.382614,0.3329683972,0.9208312131,0.2029825692,0.0601831226,980.901888113,2870.8324408802,0.0
19730,0.0,-88.752403,-689.610291,141.398849,0.3329683972,0.9208312131,0.2029825692,0.060770743,985.0070579495,2869.3101331464,0.0
19731,0.0,-86.078362,-688.400024,143.392242,0.3329683972,0.9208312131,0.2029825692,0.061396852,989.3419142048,2867.6681954812,0.0
19732,0.0,-82.33007,-686.70343,145.926559,0.3329683972,0.9208312131,0.2029825692,0.062238073,995.0666604818,2865.3250539948,0.0
19733,0.0,-79.656029,-685.493103,147.538559,0.3329683972,0.9208312131,0.2029825692,0.0629029085,999.5820825729,2863.5673689111,0.0
19734,0.0,-77.57608,-684.551636,148.662628,0.3329683972,0.9208312131,0.2029825692,0.0633998458,1002.9192900481,2862.2126896528,0.0
19735,0.0,-73.447418,-682.682983,150.685791,0.3329683972,0.9208312131,0.2029825692,0.0642595464,1008.5707572949,2859.6572380117,0.0
19736,0.0,-70.879547,-681.52063,151.769806,0.3329683972,0.9208312131,0.2029825692,0.0647940011,1012.0545411283,2858.0703711385,0.0
19737,0.0,-68.74279,-680.553467,152.495911,0.3329683972,0.9208312131,0.2029825692,0.065270833,1015.1700008586,2856.729427112,0.0
19738,0.0,-64.359894,-678.569702,153.786926,0.3329683972,0.9208312131,0.2029825692,0.066157989,1020.8278772404,2853.979691133,0.0
19739,0.0,-61.457508,-677.256042,154.397491,0.3329683972,0.9208312131,0.2029825692,0.0667196051,1024.3330680693,2852.1150231325,0.0
19740,0.0,-58.473988,-675.90564,154.828705,0.3329683972,0.9208312131,0.2029825692,0.0672756522,1027.7617641014,2850.2210237181,0.0
19741,0.0,-55.763149,-674.678589,155.000702,0.3329683972,0.9208312131,0.2029825692,0.0677947362,1030.9211510844,2848.3990481197,0.0
19742,0.0,-52.396736,-673.154907,155.108215,0.3329683972,0.9208312131,0.2029825692,0.0683361511,1034.058123695,2846.1246565851,0.0
19743,0.0,-49.426174,-671.810364,154.954437,0.3329683972,0.9208312131,0.2029825692,0.0687868822,1036.6206186463,2844.1462767415,0.0
19744,0.0,-43.778477,-669.254089,154.118347,0.3329683972,0.9208312131,0.2029825692,0.0696913409,1041.7255099824,2840.2103764698,0.0
19745,0.0,-40.777496,-667.895874,153.393768,0.3329683972,0.9208312131,0.2029825692,0.0700740498,1043.7147069801,2838.1338379403,0.0
19746,0.0,-37.659763,-666.484619,152.433899,0.3329683972,0.9208312131,0.2029825692,0.0705524579,1046.3220708838,2835.9124844808,0.0
19747,0.0,-35.229763,-665.384766,151.495758,0.3329683972,0.9208312131,0.2029825692,0.0709374664,1048.4145214074,2834.1448177813,0.0
19748,0.0,-31.829891,-663.846008,150.047638,0.3329683972,0.9208312131,0.2029825692,0.0713644392,1050.5781046204,2831.7983968324,0.0
19749,0.0,-30.1557655,-663.088226,149.2140045,0.3329683972,0.9208312131,0.2029825692,0.0715967183,1051.7886536931,2830.6350872665,0.0
19750,0.0,-25.533201,-660.995911,146.673553,0.3329683972,0.9208312131,0.2029825692,0.0722235062,1055.0172782453,2827.4305619066,0.0
19751,0.0,-22.527834,-659.63562,144.754333,0.3329683972,0.9208312131,0.2029825692,0.0726257576,1057.0674135554,2825.3634435272,0.0
19752,0.0,-20.518698,-658.726196,143.271484,0.3329683972,0.9208312131,0.2029825692,0.0729694771,1058.966920238,2824.0181269902,0.0
19753,0.0,-17.022379,-657.143738,140.539642,0.3329683972,0.9208312131,0.2029825692,0.0733645851,1060.8413044755,2821.6777818626,0.0
19754,0.0,-13.703115,-655.641357,137.941437,0.3329683972,0.9208312131,0.2029825692,0.0737424618,1062.6422172245,2819.4933477978,0.0
19755,0.0,-10.70639,-654.284973,135.275482,0.3329683972,0.9208312131,0.2029825692,0.074104429,1064.3924783126,2817.4962521688,0.0
19756,0.0,-7.603186,-652.88031,132.272217,0.3329683972,0.9208312131,0.2029825692,0.0744820977,1066.231739634,2815.4763034548,0.0
19757,0.0,-5.287668,-651.770752,130.278168,0.3329683972,0.9208312131,0.2029825692,0.074892031,1068.4444763839,2813.8867088863,0.0
19758,0.0,-2.371881,-650.336914,127.917122,0.3329683972,0.9208312131,0.2029825692,0.0752943772,1070.4775245334,2811.9922751084,0.0
19759,0.0,-0.014585,-648.933044,127.663071,0.3353571748,0.9199639351,0.2029825692,0.0765391406,1078.2852477912,2810.283905801,0.0
19760,0.0,2.11171,-647.460144,127.701279,0.3387450111,0.9189021894,0.2021647441,0.077794879,1086.088838391,2808.6005774302,0.0
19761,0.0,4.455013,-645.654968,127.701279,0.344336333,0.9170463085,0.2011431279,0.0799124781,1099.387756456,2806.6165648293,0.0
19762,0.0,6.524724,-643.882507,127.701279,0.3504017783,0.9147543512,0.2011046263,0.0824572568,1115.2588925518,2804.7149328191,0.0
19763,0.0,8.612123,-641.9104,127.701279,0.3559541888,0.9128117453,0.2001782535,0.0846129674,1128.2753144959,2802.6466843147,0.0
19764,0.0,10.539249,-639.928406,127.701279,0.3611867635,0.9109567272,0.1992535146,0.0866707455,1140.4734199196,2800.6190970869,0.0
19765,0.0,12.37891,-637.909851,127.701279,0.3671634799,0.9089524632,0.1974750581,0.0889776546,1155.6417103338,2802.5272799986,0.0
19766,0.0,14.147186,-635.859619,127.701279,0.3737302532,0.9064784883,0.1965259475,0.0916676664,1171.2310721119,2800.3189113783,0.0
19767,0.0,16.078583,-633.481812,127.701279,0.3803119653,0.9039515479,0.1955362069,0.0944522328,1186.9456795195,2797.7880422222,0.0
20748,0.0,-1352.028931,1077.222168,101.865723,-0.1219165269,0.9380918642,0.324222169,,,,
20749,0.0,-1351.9312745,1077.2319335,101.860878,-0.1219165269,0.9380918642,0.324222169,,,,
20750,0.0,-1350.465332,1077.195312,101.465889,-0.1223137159,0.9411499798,0.3150810537,,,,
20751,0.0,-1350.720459,1077.0599975,100.998871,-0.1214479206,0.942284163,0.3119926027,,,,
20752,0.0,-1350.975586,1076.924683,100.531853,-0.1205821254,0.9434183463,0.3089041517,,,,
20753,0.0,-1350.430176,1077.027588,100.689194,-0.1198147346,0.9438607013,0.3078496483,,,,
20754,0.0,-1348.730713,1077.313721,101.263763,-0.110173361,0.9469303294,0.3019681801,,,,
20755,0.0,-1351.081543,1077.206421,101.263855,-0.0921018079,0.951014268,0.2951086564,,,,
20756,0.0,-1352.799072,1077.150024,101.264458,-0.0641033617,0.9560692387,0.2860460974,,,,
20757,0.0,-1354.036011,1077.113647,101.291367,-0.0395019103,0.9584640717,0.2824645504,,,,
20758,0.0,-1355.023682,1077.134644,101.264221,-0.0351383284,0.9587386992,0.2821088522,,,,
20759,0.0,-1356.113647,1077.164917,101.210327,-0.0337115212,0.9587899196,0.2821088857,,,,
20760,0.0,-1356.598633,1077.167969,101.204521,-0.0494783814,0.957513463,0.2841124037,,,,
20761,0.0,-1358.456299,1077.155884,101.12001,-0.1096977654,0.9501791252,0.2917636548,,,,
20762,0.0,-1360.05957,1077.090088,101.165031,-0.2023422614,0.9339842974,0.294501174,,,,
20763,0.0,-1361.454956,1077.151245,101.133476,-0.3012583534,0.9063714456,0.296199607,,,,
20764,0.0,-1362.914307,1077.168213,101.07914,-0.3921197743,0.8697572363,0.2996071304,,,,
20765,0.0,-1364.187134,1077.020264,101.052368,-0.4646195877,0.8301028082,0.3083147199,,,,
20766,0.0,-1365.342163,1076.645752,100.945854,-0.4877377465,0.8126954659,0.3188071052,,,,
20767,0.0,-1366.50769,1076.472656,100.742256,-0.4652967409,0.819651267,0.3341717275,,,,
20768,0.0,-1367.382812,1076.181641,100.693726,-0.3812957326,0.8573470072,0.345788481,,,,
20769,0.0,-1368.004761,1075.979492,100.689667,-0.3425728167,0.8721225151,0.3493510896,,,,
20770,0.0,-1370.228516,1075.184204,100.75547,-0.0923165499,0.9283866236,0.3599665702,,,,
20771,0.0,-1371.123779,1074.597778,101.021126,0.0688492691,0.9303105458,0.3602527814,,,,
20851,0.0,-1426.359253,1116.380005,99.469376,0.8791671073,0.3414581919,0.3323725329,0.1250369521,795.456972988,1642.862238472,5.0
20852,0.0,-1426.269409,1116.414795,99.469376,0.8791671073,0.3414581919,0.3323725329,0.1253473764,794.6464227036,1639.2904409626,5.0
20853,0.0,-1423.699097,1117.492188,99.413605,0.8799697827,0.3400213657,0.3317207445,0.1259310812,793.5700887181,1633.5259758764,5.0
20854,0.0,-1420.029419,1119.028564,99.335007,0.8810959817,0.3379939118,0.3308020355,0.1266655059,792.4660736886,1626.8362185984,5.0
20855,0.0,-1415.876221,1120.257446,99.251549,0.8828876062,0.3335225037,0.3305634801,0.1285581451,794.4955798993,1619.7706207888,5.0
20856,0.0,-1412.884644,1120.909546,99.177582,0.886426555,0.3253073666,0.3292766009,0.1311131243,799.0978477405,1614.3041775302,5.0
20857,0.0,-1408.4021,1122.46167,99.032318,0.8909832899,0.314633075,0.3273450859,0.1338960328,502.1767395062,1004.6269396119,1.0
20858,0.0,-1404.433716,1123.778076,98.900742,0.8967958957,0.2996693614,0.3255079035,0.1302024315,493.8392208615,1000.872452386,1.0
20859,0.0,-1401.505371,1124.673462,98.814621,0.9017455272,0.2867808474,0.3234373969,0.1269108439,486.6771490594,998.1880457943,1.0
20860,0.0,-1397.231201,1126.07312,98.705582,0.9065739124,0.2738408294,0.3211462931,0.1238746732,479.2321579591,994.0855679703,1.0
20861,0.0,-1393.283325,1127.343506,98.610626,0.9106843921,0.2630295289,0.3185426267,0.1211161272,472.4789311118,990.4475682689,1.0
20862,0.0,-1389.980469,1128.358887,98.536346,0.9144784812,0.2542439375,0.3147842557,0.1181832788,465.6727156103,987.4477255977,1.0
20863,0.0,-1386.838867,1129.309448,98.465118,0.9174872754,0.2473449523,0.3115085458,0.115841933,460.0085344453,984.6328574628,1.0
20864,0.0,-1381.35498,1131.016235,98.340988,0.9207757208,0.2395157468,0.3079030351,0.1134589551,453.1742732419,979.5186916687,1.0
20865,0.0,-1377.593872,1132.159424,98.208969,0.9222822671,0.2360653512,0.306053214,0.1123337927,449.3609533393,975.8375384491,1.0
20866,0.0,-1373.953979,1133.198486,98.071686,0.9248384998,0.2294848958,0.3033322138,0.110547208,444.3263280496,972.2101161113,1.0
20867,0.0,-1370.220337,1134.192627,97.93232,0.9281968375,0.2192631079,0.30062322,0.1085944259,438.9220179484,968.481363617,1.0
20868,0.0,-1367.36792,1134.904663,97.827118,0.9307842211,0.2109655863,0.2985536052,0.1071832074,434.9427999439,965.6382965199,1.0
20869,0.0,-1363.615479,1135.886963,97.688652,0.9331997806,0.2029471164,0.2965647271,0.1060102085,430.993613954,961.8518262452,1.0
20870,0.0,-1355.249634,1138.09436,97.381897,0.9346775861,0.1984345951,0.2949602032,0.1055388351,426.3060191238,953.3941066552,1.0
20871,0.0,-1351.613037,1139.022217,97.249878,0.9346775861,0.1984345951,0.2949602032,0.105762435,425.1382906122,949.8330543617,1.0
20872,0.0,-1349.720154,1139.482788,97.17968,0.9346775861,0.1984345951,0.2949602032,0.1058801944,424.5552540822,948.033403741,1.0
20873,0.0,-1344.093628,1140.867065,96.968994,0.9346775861,0.1984345951,0.2949602032,0.1062329691,422.8176585982,942.6710749435,1.0
20874,0.0,-1339.687988,1141.91333,96.803749,0.9346775861,0.1984345951,0.2949602032,0.1065078793,421.5819289536,938.7703550232,1.0
20875,0.0,-1335.966553,1142.771606,96.664658,0.9346775861,0.1984345951,0.2949602032,0.1067568357,420.5196308264,935.3738611099,1.0
20876,0.0,-1332.614624,1143.531006,96.64537,0.9346775861,0.1984345951,0.2949602032,0.1070443768,419.6644903768,932.2879647802,1.0
20877,0.0,-1328.516602,1144.443481,96.681274,0.9347725932,0.196706622,0.2958153207,0.1078255585,419.2841014733,928.2542596611,1.0
20878,0.0,-1324.984497,1145.193604,96.709183,0.9342302458,0.1937040852,0.299487187,0.1099138548,421.6118525661,925.0086469196,1.0
20879,0.0,-1320.805298,1146.104126,96.737991,0.9336689335,0.1908689343,0.3030369163,0.1120646205,423.5475871416,920.8192443652,1.0
20880,0.0,-1316.912598,1146.919922,96.727798,0.9336436337,0.1907433875,0.3031938742,0.1125788227,422.6801089468,916.9571631115,1.0
20881,0.0,-1313.627563,1147.595459,96.717804,0.9336436337,0.1907433875,0.3031938742,0.1129429759,421.7967627047,913.6526470492,1.0
20882,0.0,-1309.601318,1148.4104,96.705734,0.9336436337,0.1907433875,0.3031938742,0.1134226048,420.8293496044,909.7433699924,1.0
20883,0.0,-1306.056396,1149.096558,96.701904,0.9336436337,0.1907433875,0.3031938742,0.1138493622,419.9360334821,906.2116758479,1.0
20884,0.0,-1301.584351,1149.995605,96.701294,0.9336436337,0.1907433875,0.3031938742,0.1143444497,418.6374257366,901.5697360986,1.0
20885,0.0,-1297.884644,1150.710571,96.700859,0.9332679609,0.1911143585,0.3041154636,0.1152724748,418.375522225,897.5924114635,1.0
20886,0.0,-1293.931274,1151.463501,96.701279,0.9328620172,0.1915137596,0.3051080738,0.1162861543,418.1155794139,893.3566631713,1.0
20887,0.0,-1290.552734,1152.10498,96.695206,0.9317950593,0.1929080532,0.3074808132,0.1179348866,418.9144005729,889.1741342896,1.0
20888,0.0,-1287.341431,1152.685059,96.583572,0.929985749,0.1959880086,0.3109906866,0.1200599055,420.5165095609,885.1401628443,1.0
20889,0.0,-1283.065552,1153.503296,96.348373,0.9280806588,0.1992575302,0.3145834187,0.1223385256,421.7014932951,879.8626251307,1.0
20890,0.0,-1278.678711,1154.32312,96.130943,0.9245595066,0.2045956412,0.3214503731,0.1263704836,425.2639411433,873.9646692581,1.0
20891,0.0,-1275.082764,1154.995728,95.953392,0.9203822945,0.2097844047,0.3299802047,0.1312514597,430.4159333672,869.0821610364,1.0
20892,0.0,-1271.786133,1155.615112,95.790558,0.9163635661,0.2137304171,0.338521969,0.1361631126,435.7438904881,864.9631788537,1.0
20893,0.0,-1268.232056,1156.267578,95.711563,0.9130569277,0.2165218532,0.3456086427,0.1405590806,439.8419806233,860.3517219456,1.0
20894,0.0,-1263.882202,1157.113892,95.703903,0.9102857941,0.218702643,0.3514952731,0.1444397379,442.8422960807,855.3979721893,1.0
20895,0.0,-1260.060547,1157.846069,95.694145,0.907980726,0.2201089245,0.3565432127,0.1478509893,445.3737153571,851.0880706131,1.0
20896,0.0,-1256.223633,1158.706543,95.701157,0.9056777115,0.2214239799,0.3615512468,,,,
20897,0.0,-1252.629395,1159.562744,95.701279,0.9035044919,0.2233739356,0.3657645664,,,,
20898,0.0,-1248.384155,1160.602783,95.701279,0.8993178506,0.227331272,0.3735611013,,,,
20899,0.0,-1244.695801,1161.49707,95.701279,0.8962180327,0.2292670273,0.3797760763,,,,
20900,0.0,-1241.447388,1162.28186,95.701279,0.8945740266,0.2304550845,0.3829200504,,,,
20901,0.0,-1237.282593,1163.276733,95.706894,0.8935987738,0.2304931028,0.3851677052,,,,
20902,0.0,-1233.543701,1164.191528,95.711281,0.8924596304,0.2319396609,0.3869364311,,,,
20903,0.0,-1230.226562,1165.022827,95.715103,0.8907023482,0.2342289265,0.3895974036,,,,
20904,0.0,-1226.027344,1166.071045,95.719925,0.88894489,0.2364933809,0.3922344494,,,,
20905,0.0,-1222.478638,1167.038086,95.724052,0.8828170473,0.2441811208,0.4012600668,,,,
20906,0.0,-1219.026855,1168.032349,95.723915,0.8740577933,0.2551369762,0.4134345141,,,,
20907,0.0,-1215.887329,1169.007812,95.721138,0.8632929531,0.2697196148,0.4265871617,,,,
20908,0.0,-1211.858032,1170.218994,95.71669,0.8523187377,0.2839665227,0.4392217928,,,,
20909,0.0,-1208.156128,1171.406372,95.712669,0.8409111068,0.3015724777,0.4493579321,,,,
21144,0.0,-583.070679,1434.712769,-50.26218,0.9864438387,-0.0151330417,0.1633999515,,,,
21145,0.0,-583.071045,1434.708008,-50.265217,0.9864438387,-0.0151330417,0.1633999515,,,,
21146,0.0,-583.069458,1434.692261,-50.28162,0.9864438387,-0.0151330417,0.1633999515,,,,
21147,0.0,-579.639709,1434.67627,-50.161484,0.986123906,-0.0059464414,0.1659044357,,,,
21148,0.0,-575.700684,1434.598267,-50.02898,0.9852120203,0.0060929194,0.1712312802,,,,
21149,0.0,-571.557556,1434.545288,-50.022995,0.9840329838,0.0248729018,0.1762396818,,,,
21150,0.0,-568.393127,1434.488037,-50.077744,0.9822995021,0.0496488037,0.1806175087,,,,
21151,0.0,-564.067688,1434.546265,-50.22504,0.9785813183,0.091369766,0.1844726791,,,,
21152,0.0,-559.72467,1434.575073,-50.252781,0.9723006264,0.140856377,0.1865233844,,,,
21153,0.0,-555.425171,1434.587646,-50.197628,0.965545577,0.1800337525,0.1879084529,,,,
21154,0.0,-552.341919,1434.771606,-50.159462,0.9599811221,0.2076421153,0.187938812,,,,
21155,0.0,-549.0271,1435.386108,-50.180252,0.9533067397,0.2372781509,0.1868297064,,,,
21156,0.0,-544.559998,1436.478516,-50.132854,0.9467462955,0.2632864588,0.1853420962,,,,
21157,0.0,-540.367859,1437.00415,-49.969795,0.9410626121,0.2842204599,0.183357275,,,,
21158,0.0,-537.51178,1437.420288,-49.795994,0.9377968973,0.2957211722,0.1818954858,,,,
21159,0.0,-532.974609,1438.095703,-49.481274,0.9330276724,0.3107636779,0.1813430424,,,,
21160,0.0,-529.846863,1438.70105,-49.370064,0.9300047551,0.3196965068,0.1813430424,,,,
21161,0.0,-525.81958,1439.462524,-49.128841,0.9259732683,0.3303405665,0.1828896295,,,,
21162,0.0,-521.831726,1440.308228,-48.402412,0.9215819519,0.3413252619,0.1848885381,,,,
21163,0.0,-517.773682,1441.081543,-47.656384,0.9172108573,0.3518234344,0.1869345188,,,,
21164,0.0,-515.2901,1441.852539,-47.639992,0.9116750584,0.3649584829,0.1888223865,,,,
21165,0.0,-510.236511,1443.022705,-47.515224,0.9029153442,0.3847220634,0.1916580682,,,,
21166,0.0,-507.163971,1443.785034,-47.298618,0.8945177532,0.4031627647,0.1931263172,,,,
21167,0.0,-500.06839,1445.401489,-46.774452,0.8564010132,0.4781104117,0.1949044349,,,,
21168,0.0,-497.600891,1446.128662,-46.7143475,0.8410569794,0.5036281312,0.1951799002,,,,
21169,0.0,-492.127991,1448.094238,-46.540718,0.7872690065,0.5848079817,0.1954664571,,,,
21170,0.0,-489.259857,1449.119141,-46.444141,0.740029159,0.6433753842,0.1960228529,,,,
21171,0.0,-486.9971925,1450.246399,-46.4484995,0.6956247056,0.6882039367,0.1962147267,,,,
21172,0.0,-482.57077,1452.928833,-46.305466,0.6087818758,0.7688362829,0.1956409922,,,,
21173,0.0,-479.501068,1455.003052,-46.463234,0.5648369209,0.8018783119,0.1948086898,,,,
21174,0.0,-475.684784,1457.71228,-47.360291,0.5197290709,0.8322946621,0.1927881954,,,,
21175,0.0,-473.203827,1459.534912,-49.597446,0.5067816364,0.8399644879,0.1939897732,,,,
21176,0.0,-470.086639,1461.816772,-52.46526,0.5021123533,0.8423570636,0.1957492327,,,,
21177,0.0,-466.9552,1464.17749,-55.002583,0.5016143425,0.8423551929,0.1970298973,,,,
21180,0.0,-459.536652,1470.388306,-61.009899,0.5014909584,0.842354529,0.1973465633,,,,
21181,0.0,-456.761749,1473.05188,-62.172241,0.5014909584,0.842354529,0.1973465633,,,,
21182,0.0,-452.442871,1477.239746,-63.918312,0.5014909584,0.842354529,0.1973465633,,,,
21183,0.0,-449.994812,1479.812622,-64.068787,0.5014909584,0.842354529,0.1973465633,,,,
21184,0.0,-447.703583,1482.317139,-63.941723,0.5014909584,0.842354529,0.1973465633,,,,
21185,0.0,-445.396423,1484.930298,-63.204597,0.5014909584,0.842354529,0.1973465633,,,,
21186,0.0,-443.469391,1487.418701,-62.724182,0.5014909584,0.842354529,0.1973465633,,,,
21187,0.0,-440.167786,1491.677002,-62.565758,0.5014909584,0.842354529,0.1973465633,,,,
21188,0.0,-438.220459,1494.69519,-62.034317,0.5021673606,0.842248257,0.196076045,,,,
21189,0.0,-436.144623,1498.032837,-61.700535,0.4976114948,0.8465460902,0.1890569157,,,,
21190,0.0,-433.243958,1502.006714,-61.657326,0.4911233701,0.8521583399,0.180621148,,,,
21191,0.0,-431.321747,1504.980835,-61.597019,0.4687640905,0.8651890316,0.1780678721,,,,
21192,0.0,-429.132019,1509.088745,-61.741528,0.4356721455,0.8822337684,0.1784750952,,,,
21193,0.0,-427.713043,1511.534302,-61.816017,0.4198479585,0.8894034444,0.1808015621,,,,
21194,0.0,-425.619659,1514.930176,-62.124908,0.4038537541,0.89627445,0.1832873582,,,,
21195,0.0,-423.058258,1518.997925,-62.407257,0.3831524527,0.9042765639,0.1883562955,,,,
21196,0.0,-421.339539,1521.776001,-62.555668,0.3665360928,0.91028522,0.192437291,,,,
21197,0.0,-419.175934,1524.777588,-62.760948,0.3450897624,0.9180994993,0.1949522126,,,,
21198,0.0,-416.834442,1527.68335,-62.690422,0.3149821196,0.928333017,0.1974438501,,,,
21199,0.0,-413.564697,1531.334473,-62.548389,0.2650296144,0.943632253,0.1982863448,0.1459414143,338.2577064774,650.2744613236,1.0
21200,0.0,-411.387238,1533.834106,-62.535957,0.2336494642,0.9520610409,0.197453038,0.1331219106,323.273769572,648.4667565862,1.0
21201,0.0,-409.035919,1536.372681,-62.428844,0.1976783593,0.9606770737,0.1949944264,0.1184036287,305.1576709725,646.5149203377,1.0
21202,0.0,-406.816223,1538.915161,-62.565155,0.1632780617,0.9679225159,0.1909614563,0.1046367996,287.610748303,645.8276965048,1.0
21203,0.0,-404.170502,1541.190063,-61.938721,0.1343342246,0.972965404,0.1878633511,0.0945097073,273.9220606751,645.4839243126,1.0
21204,0.0,-401.895966,1543.28125,-61.747791,0.1102638894,0.9763914511,0.1857460871,0.0868826234,263.2198930742,645.626632874,1.0
21205,0.0,-398.745697,1546.415405,-61.841709,0.0861184679,0.9791903408,0.1837658454,0.0807198831,253.9143320746,645.1010829919,1.0
21206,0.0,-393.344543,1551.342285,-61.036091,0.0307909349,0.9824027083,0.184219535,0.0677095098,233.1836447494,644.6693803914,1.0
21207,0.0,-390.74292,1554.515381,-60.988525,0.0012595211,0.9826282561,0.1855805054,0.0609261139,221.1261117613,643.340824687,1.0
21208,0.0,-389.4585725,1556.3898315,-60.920185,-0.020727188,0.9820431505,0.1862188741,0.0560815559,211.9327530948,642.4722140614,1.0
21209,0.0,-388.174225,1558.264282,-60.851845,-0.0427138971,0.9814580449,0.1868572428,0.0512369979,202.7393944283,641.6036034359,1.0
21210,0.0,-386.22821,1561.324585,-60.890831,-0.0773150578,0.9793132725,0.1869970485,0.0442976939,188.372921951,639.9949419995,1.0
21211,0.0,-385.077454,1563.99707,-60.877289,-0.1056309186,0.9768135124,0.1862188791,0.0389393315,176.3433710403,638.1450110663,1.0
21212,0.0,-383.451569,1567.797485,-61.310795,-0.1359834671,0.9732403059,0.1852344561,0.0339085975,164.0420971035,635.3288058883,1.0
21213,0.0,-382.227295,1571.387207,-61.619255,-0.1668158967,0.9690400295,0.1820271349,0.0287771901,150.5771733594,632.2183389966,1.0
21214,0.0,-381.325287,1574.783203,-61.580246,-0.1952579873,0.9643210098,0.178771666,0.0251091281,140.1038262806,629.1622090048,1.0
21215,0.0,-380.551605,1578.368896,-62.249634,-0.226439014,0.9580221429,0.1758378418,0.0217333289,129.7698453466,625.8470991445,1.0
21216,0.0,-380.165192,1581.307983,-62.681793,-0.2582847458,0.9505894672,0.1722459142,0.0190733519,121.1022951567,623.0238421048,1.0
21217,0.0,-379.381683,1587.493042,-63.375271,-0.3071583829,0.9370090018,0.1663365814,0.016811122,112.6835629208,617.1350052428,1.0
21218,0.0,-379.337097,1591.579712,-63.726963,-0.3446635181,0.9246111169,0.162176884,0.0167765292,111.8201448663,613.0320279502,1.0
21219,0.0,-379.305817,1595.212646,-64.111351,-0.3668246652,0.9163805396,0.1602696842,0.0174774503,113.4338227188,609.3887911053,1.0
21220,0.0,-379.417572,1598.548462,-64.178688,-0.3848591216,0.9090689708,0.1596153591,0.0186626708,116.5236921814,605.9658208084,1.0
21221,0.0,-379.743195,1603.547974,-64.220512,-0.4017119601,0.9017485449,0.1596153591,0.020150778,120.0181399774,600.8760912778,1.0
21222,0.0,-379.803528,1607.740356,-64.241608,-0.4165328698,0.8950785591,0.1591689085,0.021613347,123.3684804093,596.6059983999,1.0
21223,0.0,-379.888336,1609.385986,-64.244385,-0.4223908893,0.8923673089,0.1589544676,0.0222678486,124.8407321724,594.8855782536,1.0
21224,0.0,-380.371735,1614.738037,-64.206955,-0.443566231,0.8823961279,0.1569269643,0.0247848553,130.3739001167,589.2373401921,1.0
21225,0.0,-380.936005,1618.238403,-64.057007,-0.4564314355,0.8760044626,0.1558413493,0.0266864601,134.3503738437,585.4574635758,1.0
21226,0.0,-381.126251,1619.163208,-63.982262,-0.4606137326,0.8738851308,0.155434126,0.027379433,135.8066209652,584.3686921883,1.0
21227,0.0,-382.405396,1624.667969,-63.633778,-0.4765992385,0.8655525649,0.1538568271,0.0301490528,140.9115575319,578.2199827397,1.0
21228,0.0,-383.411957,1627.700073,-63.181538,-0.4842055462,0.8613236626,0.1538393229,0.0319066438,144.0095100243,574.682223299,1.0
21229,0.0,-384.554321,1629.564331,-63.159428,-0.4854782121,0.8606069674,0.1538393747,0.0324986082,144.6657433154,572.1050713345,1.0
21230,0.0,-386.768066,1631.705322,-62.955418,-0.4867350573,0.8598967652,0.1538393229,0.0333160644,145.6461288731,568.9902366152,1.0
21231,0.0,-388.77121,1633.12915,-63.365417,-0.4867833823,0.8598694095,0.1538393229,0.0337075156,145.8751807109,566.6227080709,1.0
21232,0.0,-389.820465,1633.517822,-63.592541,-0.4867833823,0.8598694095,0.1538393229,0.0339535016,146.1816686804,565.7880075102,1.0
21233,0.0,-392.773773,1634.865967,-63.860386,-0.4867833823,0.8598694095,0.1538393229,0.0346448771,146.9374728052,563.1090875971,1.0
21234,0.0,-394.659332,1635.662598,-63.470211,-0.4867833823,0.8598694095,0.1538393229,0.0352867232,147.8114754768,561.3747788026,1.0
21235,0.0,-397.128387,1637.037598,-63.427574,-0.4855075507,0.8605904258,0.1538393229,0.035662783,147.9143821461,558.8493702229,1.0
21236,0.0,-399.375092,1638.363525,-63.070473,-0.4732603963,0.8680581354,0.1499989032,0.0328638579,141.50271099,556.529614784,1.0
21237,0.0,-401.159546,1639.582886,-62.924374,-0.4448592417,0.8837407385,0.1452672095,0.0267623246,127.390628269,554.3523119524,1.0
21238,0.0,-402.179047,1640.244751,-62.979263,-0.4315852108,0.8906169464,0.143302689,0.02432711,121.2774405429,553.1937226427,1.0
21239,0.0,-405.881134,1642.706543,-63.187859,-0.3700044594,0.9190754562,0.1356355628,0.0156109875,96.6279372138,549.0022362299,1.0
21240,0.0,-407.554138,1643.974365,-63.086273,-0.3230914462,0.9371564172,0.1317185146,0.0121849008,85.1216617489,546.9417829363,1.0
21241,0.0,-410.59433,1645.404297,-63.484898,-0.2746980364,0.9529791021,0.1279524118,0.0109042726,80.1586751146,544.2824600878,1.0
21242,0.0,-413.004761,1646.523682,-63.648117,-0.2381781017,0.9631743085,0.1247655535,0.0113763167,81.5174695862,541.967880559,1.0
21243,0.0,-415.496124,1647.724976,-63.918991,-0.2035148541,0.971484974,0.1216496996,0.012831014,86.1799778481,539.7075439243,1.0
21244,0.0,-418.196106,1649.249268,-63.911728,-0.1663708039,0.9786601939,0.1206025722,0.0159192287,95.4375696136,537.0054409731,1.0
21245,0.0,-420.978943,1650.758179,-64.191162,-0.1322746302,0.9840389584,0.1190409617,0.0195178635,105.046112797,534.2916455691,1.0
21246,0.0,-423.721191,1652.360596,-64.414108,-0.0996429709,0.9880176732,0.1178658384,0.0238763885,115.4292168188,531.4034594578,1.0
21247,0.0,-427.862854,1654.308838,-64.674927,-0.060081791,0.9912244248,0.1177468385,0.0301904303,128.6210852996,527.430690396,1.0
21248,0.0,-430.530518,1655.961914,-64.7463,-0.038182166,0.9923093289,0.1177468385,0.0340782675,135.7731105151,524.5560520811,1.0
21249,0.0,-433.427704,1657.837524,-64.685936,-0.0210571253,0.9928203641,0.1177468559,0.0370957245,140.7027413174,521.4240635605,1.0
21250,0.0,-436.101685,1659.726318,-64.547394,-0.0059581971,0.993025771,0.1177468385,0.0399841319,145.1184965608,518.3810783584,1.0
21251,0.0,-438.265381,1661.72644,-64.483849,0.0059835878,0.9930256183,0.1177468385,0.0422987723,148.3108884854,515.3899536736,1.0
21252,0.0,-439.5716555,1662.828491,-64.3282055,0.010791097,0.9929733729,0.1177468385,0.0431585532,149.2511044055,513.6217072725,1.0
21253,0.0,-441.798309,1665.008423,-63.655975,0.0200445795,0.9927953774,0.1181336252,0.0451479478,151.5680243554,510.1896395592,1.0
21254,0.0,-443.66803,1667.086548,-63.009361,0.0287548839,0.992447427,0.1192529296,0.0472265676,154.0223548496,507.1829425986,1.0
21255,0.0,-445.53064,1669.7052,-62.464634,0.0353230153,0.9921141972,0.1202568266,0.0488373256,155.4162573174,503.4701996189,1.0
21256,0.0,-447.279694,1672.179688,-61.683357,0.0439181104,0.9917289041,0.1206025722,0.0510075834,157.6314476061,499.9429114268,1.0
21257,0.0,-448.285553,1674.245483,-61.144852,0.0553071168,0.9910716503,0.1213182044,0.0544261238,161.7452071263,497.054322089,1.0
21258,0.0,-449.809998,1677.419678,-60.796196,0.0676294896,0.9901749015,0.1223924697,0.0580907608,165.5365144853,492.8625393225,1.0
21259,0.0,-450.4086915,1678.753296,-60.596617,0.0777814984,0.9892563109,0.1233578164,0.0613811014,169.3139966475,491.0625946572,1.0
21260,0.0,-451.425995,1681.398071,-60.486229,0.0969531829,0.9873284026,0.1256292393,0.0678257067,176.5368011354,487.657535101,1.0
21261,0.0,-452.367035,1684.314209,-60.473198,0.1184832792,0.9845611431,0.1288451317,0.0757044597,184.5957033541,483.6430702259,1.0
21262,0.0,-453.79187,1687.731323,-60.416393,0.1347530841,0.9821463745,0.1312634958,0.0817181624,189.7453345988,479.2428067175,1.0
21263,0.0,-454.832947,1690.579712,-60.379704,0.1520605242,0.9790901221,0.135130048,0.088754461,195.8206469469,475.45031917,1.0
21264,0.0,-455.622192,1693.471313,-60.408382,0.169913751,0.9755096582,0.1396790036,0.096650221,202.2849014273,471.6314303157,1.0
21265,0.0,-456.320953,1696.526978,-60.456066,0.1881416298,0.9714624828,0.1444415857,0.1051698662,208.7670426166,467.660981633,1.0
21266,0.0,-456.774384,1699.580566,-60.659195,0.2054062233,0.9672690821,0.1489926384,0.113815985,214.9186724802,463.8531271215,1.0
21267,0.0,-456.952881,1700.869873,-60.788857,0.209113803,0.9663338822,0.1499007859,0.1157349822,215.8109457434,462.1363720567,1.0
21268,0.0,-457.215088,1705.756836,-61.082066,0.2213610664,0.9631343928,0.1528771395,0.1227418514,218.8908419975,456.0046359108,1.0
21269,0.0,-457.250824,1709.005859,-61.219814,0.2223289733,0.962909073,0.1528919384,0.1240926448,218.0952911923,452.0303297713,1.0
21270,0.0,-457.105865,1712.37854,-61.406906,0.2223452582,0.9629053128,0.1528919384,0.1250119235,216.8638561225,447.9321162249,1.0
21271,0.0,-456.859772,1715.796143,-61.495148,0.2223452582,0.9629053128,0.1528919384,0.1262937775,215.9049782896,443.8343695988,1.0
21272,0.0,-456.574524,1716.9021,-61.542885,0.2223452582,0.9629053128,0.1528919384,0.1268351458,215.6578156888,442.4430684743,1.0
21273,0.0,-455.653534,1722.024536,-61.6194,0.2223452582,0.9629053128,0.1528919384,0.1293717358,214.7647840248,436.5657098718,1.0
21274,0.0,-455.444183,1725.740112,-61.341015,0.2223452582,0.9629053128,0.1528919384,0.13092623,213.840169189,432.2776050388,1.0
21275,0.0,-455.203308,1729.310181,-60.85791,0.2223452582,0.9629053128,0.1528919384,0.1326607511,212.9724656837,427.8983583409,1.0
21276,0.0,-454.892883,1733.161011,-60.40374,0.2223452582,0.9629053128,0.1528919384,0.1345426532,212.1038600044,423.3756891082,1.0
21277,0.0,-454.961914,1735.071411,-59.960949,0.2223452582,0.9629053128,0.1528919384,0.1353376833,211.5495163705,421.1168031208,1.0
21278,0.0,-454.61319,1739.795166,-59.706554,0.2227346488,0.9628153153,0.1528919384,0.1375637711,210.4529371388,415.778711798,1.0
21279,0.0,-454.488953,1744.305176,-59.408321,0.2232178283,0.9627034104,0.1528919384,0.1393275285,209.4485590878,411.3617852872,1.0
21280,0.0,-454.117706,1748.339355,-59.163948,0.2232683358,0.962691698,0.1528919384,0.1414644053,208.8777772339,407.3645254994,1.0
21281,0.0,-453.804504,1750.12854,-59.160851,0.2232683358,0.962691698,0.1528919384,0.1425967605,208.8196768212,405.7546356276,1.0
21282,0.0,-453.452423,1753.101685,-59.177181,0.2232683358,0.962691698,0.1528919384,0.1442388087,208.4088621501,402.8228288337,1.0
21283,0.0,-453.424835,1754.771729,-59.433018,0.2232683358,0.962691698,0.1528919384,0.1453733296,208.1918025028,400.9525742113,1.0
21284,0.0,-453.120392,1756.131836,-59.169476,0.2232683358,0.962691698,0.1528919384,0.146983942,208.6668645012,399.8332926964,1.0
21285,0.0,-453.105042,1757.03186,-59.249794,0.223749538,0.9625799704,0.1528919384,0.1483621107,209.3413415373,399.4068159173,1.0
21286,0.0,-453.012939,1759.393311,-59.708126,0.2241912082,0.9624771983,0.1528919384,0.149320787,208.8523117105,397.2954378221,1.0
21287,0.0,-452.58905,1762.234009,-60.716888,0.228712231,0.9617225528,0.150931928,,,,
21288,0.0,-452.157974,1763.9260255,-61.486286,0.2318108131,0.961138492,0.1498849815,,,,
21289,0.0,-451.461365,1766.259521,-62.424793,0.2393012968,0.9597121511,0.1472666847,,,,
21290,0.0,-451.293518,1766.853088,-62.4848745,0.2410132742,0.9593958024,0.1465220485,,,,
21291,0.0,-451.125671,1767.446655,-62.544956,0.2427252516,0.9590794536,0.1457774123,,,,
21292,0.0,-450.654633,1768.673584,-63.057201,0.2445368673,0.9586904437,0.1453077895,,,,
21293,0.0,-450.299042,1769.67627,-63.271179,0.245125564,0.95854009,0.1453077895,,,,
21294,0.0,-449.756287,1771.769287,-62.686417,0.2464359957,0.9583233803,0.1445185071,,,,
21295,0.0,-449.233734,1772.861816,-63.509281,0.250914093,0.957676162,0.1410619955,,,,
21296,0.0,-449.121277,1773.088501,-63.5702745,0.2519915729,0.9575028976,0.1403092682,,,,
21297,0.0,-448.440704,1774.768677,-63.828167,0.2601256191,0.9559679214,0.1358675659,,,,
21298,0.0,-448.059937,1775.812256,-63.861298,0.2676666085,0.9541260475,0.1341568942,,,,
21299,0.0,-447.626984,1777.169922,-63.891022,0.273810802,0.9525294071,0.1330991106,,,,
21300,0.0,-447.168549,1778.398682,-63.823212,0.2867217756,0.9487416926,0.1329654996,,,,
21301,0.0,-447.040527,1778.705566,-63.827866,0.2891908368,0.9479693414,0.1331269604,,,,
21302,0.0,-446.386139,1780.456299,-63.745022,0.2966639684,0.9455649616,0.1337811394,,,,
21303,0.0,-445.891479,1781.741699,-63.74847,0.3044674824,0.9430099959,0.1342821645,,,,
21304,0.0,-445.348236,1783.054688,-63.68943,0.3131417913,0.9400923995,0.1347905744,,,,
21305,0.0,-444.76297,1784.416382,-63.63718,0.322872165,0.9367842912,0.1348656992,,,,
21306,0.0,-444.57135,1784.932983,-63.645817,0.3263012707,0.9356908957,0.1342014473,,,,
21307,0.0,-443.941772,1786.246826,-63.540779,0.3351599188,0.9328188436,0.1323511762,,,,
21308,0.0,-443.560364,1787.385986,-63.761692,0.3412385072,0.9307638319,0.1312820265,,,,
21309,0.0,-443.138733,1788.487061,-63.892735,0.345619168,0.929176738,0.1310647938,,,,
21310,0.0,-442.724426,1789.531372,-63.976982,0.3468541583,0.9287164329,0.1310647938,,,,
21311,0.0,-442.476257,1790.001099,-63.999348,0.3469442537,0.9287343198,0.1306990743,,,,
21312,0.0,-442.036499,1791.25647,-64.179031,0.3469710574,0.928806417,0.1301142771,,,,
21313,0.0,-441.444885,1792.603027,-64.312592,0.3469710574,0.928806417,0.1301142771,,,,
21314,0.0,-440.853333,1793.93042,-64.461273,0.3477900835,0.9286164868,0.1292806185,,,,
21315,0.0,-440.570984,1794.506226,-64.518509,0.3485926929,0.9283815732,0.1288052371,,,,
21316,0.0,-440.144379,1794.408569,-62.782795,0.3504481754,0.9278658868,0.1274793022,,,,
21317,0.0,-439.740784,1795.686157,-62.716393,0.3510961666,0.9277665289,0.1264149898,,,,
21318,0.0,-439.560394,1797.214844,-62.669346,0.3515842293,0.927711057,0.1254620438,,,,
21319,0.0,-439.063141,1797.802124,-62.771717,0.3516364911,0.9277050622,0.125359865,,,,
21320,0.0,-438.596466,1799.081909,-62.843056,0.3516364911,0.9277050622,0.125359865,,,,
21321,0.0,-437.94165,1800.128784,-62.94207,0.3516364911,0.9277050622,0.125359865,,,,
21322,0.0,-437.365967,1801.289551,-63.023869,0.3556633722,0.9261687049,0.125359865,,,,
21323,0.0,-437.510681,1802.681641,-63.552345,0.3602375116,0.9243991775,0.125359865,,,,
21324,0.0,-436.913513,1803.617065,-63.544376,0.371804558,0.9198077404,0.1253598477,,,,
21325,0.0,-436.825562,1804.501465,-63.527069,0.3799848191,0.9164586415,0.125359865,,,,
21326,0.0,-436.66507,1805.148193,-63.424232,0.39123789,0.9117114772,0.125359865,,,,
21327,0.0,-435.209076,1806.847168,-63.343575,0.536480172,0.834692467,0.1244086438,,,,
21328,0.0,-434.602768,1807.187683,-63.086081,0.600802128,0.7854944532,0.1244086352,,,,
21329,0.0,-433.99646,1807.528198,-62.828587,0.6651240839,0.7362964394,0.1244086265,,,,
21330,0.0,-432.901154,1807.933105,-62.631485,0.7941485057,0.5955056857,0.1212482136,,,,
21331,0.0,-431.044006,1806.464844,-62.410324,0.9467887921,0.3065530822,0.0980621787,,,,
21332,0.0,-429.9736325,1805.815491,-62.4131985,0.9721163244,0.1606641672,0.0839862205,,,,
21333,0.0,-428.903259,1805.166138,-62.416073,0.9974438566,0.0147752523,0.0699102623,,,,
21334,0.0,-427.074127,1803.670532,-62.503159,0.9681439846,-0.2457731961,0.0478827862,,,,
21335,0.0,-425.834564,1802.12207,-62.566822,0.8952931073,-0.4444059149,0.0308809772,,,,
21336,0.0,-424.720154,1801.202881,-62.610195,0.8406566423,-0.541199998,0.019974279,,,,
21687,0.0,584.397339,2238.190186,-36.52087,0.9623964906,-0.2454851705,-0.1163186396,,,,
21688,0.0,585.954224,2238.52124,-36.918144,0.9623964906,-0.2454851705,-0.1163186396,,,,
21689,0.0,585.990723,2238.887939,-36.625832,0.9623964906,-0.2454851705,-0.1163186396,,,,
21690,0.0,585.983582,2238.786865,-36.673321,0.9693732919,-0.223212862,-0.1024277266,,,,
21691,0.0,586.045654,2238.893066,-36.625084,0.9813194427,-0.1756700488,-0.0784358674,,,,
21692,0.0,586.158264,2238.986816,-36.573952,0.9914011553,-0.1203549471,-0.0513657082,,,,
21693,0.0,586.340393,2238.97168,-36.505524,0.995324651,-0.0900496994,-0.034926934,,,,
21694,0.0,586.641785,2238.952148,-36.40485,0.9978202808,-0.0620035961,-0.0225885209,,,,
21695,0.0,587.223816,2238.91748,-36.21648,0.9994904934,-0.0296347307,-0.0118548014,,,,
21696,0.0,587.773499,2238.876709,-36.112377,0.9998376812,-0.0166463969,-0.0068926521,,,,
21697,0.0,588.783081,2238.825684,-35.914936,0.9999885758,-0.0043871947,-0.0018975906,,,,
21698,0.0,589.81543,2238.802002,-35.745331,0.9999696193,0.0075536817,0.0019241545,,,,
21699,0.0,591.333191,2238.803711,-35.470509,0.9996659166,0.0253132653,0.0052243401,,,,
21700,0.0,592.845093,2238.817627,-35.206753,0.9992948016,0.0369024899,0.0069358305,,,,
21701,0.0,594.410461,2238.871338,-34.917141,0.9985990283,0.0521947895,0.0086996934,,,,
21702,0.0,596.010864,2238.939209,-34.817276,0.9978895723,0.0640992276,0.0103774018,,,,
21703,0.0,598.426025,2239.047607,-34.563484,0.9973230453,0.0721494404,0.0118828295,,,,
21704,0.0,601.175537,2239.178223,-34.113945,0.9969806393,0.07657662,0.0128695804,,,,
21705,0.0,603.81488,2239.304443,-33.874374,0.9969544792,0.0769041966,0.0129425989,,,,
21706,0.0,606.303833,2239.432373,-33.417,0.9969482789,0.0769037183,0.0134144426,,,,
21707,0.0,610.871643,2239.959717,-32.32354,0.9969354001,0.0769027248,0.0143449974,,,,
21708,0.0,612.6907655,2240.2280275,-31.921136,0.9968420236,0.0776484973,0.0164793919,,,,
21709,0.0,614.509888,2240.496338,-31.518732,0.9967486471,0.0783942698,0.0186137865,,,,
21710,0.0,617.227173,2240.800293,-30.542789,0.9961988607,0.0820121217,0.0293571413,,,,
21711,0.0,619.675049,2241.029785,-29.637512,0.9947952341,0.0899869578,0.0477994724,,,,
21712,0.0,622.825317,2241.411133,-28.699017,0.9929854622,0.0980547283,0.0660692214,,,,
21713,0.0,625.572144,2241.558105,-27.551132,0.9900156609,0.111992589,0.0855958598,,,,
21714,0.0,627.938171,2241.79248,-26.619724,0.9882888716,0.1185072069,0.0961308907,,,,
21715,0.0,631.281799,2242.06543,-25.454245,0.9864236489,0.1248562132,0.1066738534,,,,
21716,0.0,635.641113,2242.556885,-24.099194,0.9861970735,0.1249007581,0.1086974375,,,,
21717,0.0,639.165222,2242.327881,-22.779667,0.9861970735,0.1249007581,0.1086974375,,,,
21718,0.0,641.957642,2242.493896,-21.812073,0.9867634724,0.1217628926,0.1071057771,,,,
21719,0.0,645.272095,2242.688232,-20.680637,0.9875451319,0.1173093865,0.1048480822,,,,
21720,0.0,648.866699,2243.151367,-19.412117,0.9884958009,0.1116805608,0.1019975686,,,,
21721,0.0,652.206787,2243.339111,-18.352022,0.9895260436,0.1052824667,0.0987613852,,,,
21722,0.0,655.100037,2243.807617,-17.56115,0.9903117427,0.0997681404,0.096586595,,,,
21723,0.0,656.828674,2244.054932,-17.023937,0.9906481078,0.0972776858,0.0956732899,,,,
21724,0.0,661.752441,2244.934814,-16.009918,0.9913502734,0.0915633513,0.094025465,,,,
21725,0.0,665.025208,2245.364258,-14.897549,0.9916638977,0.0886172523,0.0935398128,,,,
21726,0.0,668.257629,2245.877686,-14.037389,0.9917295549,0.0879894394,0.0934363337,,,,
21727,0.0,671.369019,2246.262207,-13.149662,0.9917295549,0.0879894394,0.0934363337,,,,
21728,0.0,674.477478,2246.598145,-12.209949,0.9917295549,0.0879894394,0.0934363337,,,,
21729,0.0,677.201599,2246.983643,-11.080188,0.9917295549,0.0879894394,0.0934363337,,,,
21730,0.0,680.825623,2247.441406,-9.640837,0.9917295549,0.0879894394,0.0934363337,,,,
21731,0.0,684.182007,2247.879395,-8.207361,0.9917295549,0.0879894394,0.0934363337,,,,
21732,0.0,687.443604,2248.280762,-6.797713,0.9917295549,0.0879894394,0.0934363337,,,,
21733,0.0,689.049805,2248.339111,-6.307742,0.9917295549,0.0879894394,0.0934363337,,,,
21734,0.0,692.969788,2249.015381,-3.848999,0.9917295549,0.0879894394,0.0934363337,,,,
21735,0.0,695.681213,2249.174072,-2.97964,0.9917295549,0.0879894394,0.0934363337,,,,
21736,0.0,699.285645,2249.773926,-0.912373,0.9917295549,0.0879894394,0.0934363337,,,,
21737,0.0,702.370056,2250.217285,0.344496,0.9917295549,0.0879894394,0.0934363337,,,,
21738,0.0,706.342468,2250.81958,1.855768,0.9917295549,0.0879894394,0.0934363337,,,,
21739,0.0,709.667969,2251.263672,3.002426,0.9917295549,0.0879894394,0.0934363337,,,,
21740,0.0,711.149658,2251.468262,3.48972,0.9917295549,0.0879894394,0.0934363337,,,,
21741,0.0,715.275879,2252.116943,4.843169,0.9917295549,0.0879894394,0.0934363337,,,,
21742,0.0,718.219055,2252.47168,5.666358,0.9917295549,0.0879894394,0.0934363337,,,,
21743,0.0,721.528198,2252.79126,6.642406,0.9917295549,0.0879894394,0.0934363337,,,,
21744,0.0,726.150818,2253.45874,7.669979,0.9918929005,0.0861285218,0.0934363511,,,,
21745,0.0,728.975403,2253.744385,8.309,0.9921310618,0.0833402935,0.0934363511,,,,
21746,0.0,732.473206,2254.078125,8.940056,0.9923521774,0.0806647655,0.0934363511,,,,
21747,0.0,736.083984,2254.398193,9.473309,0.9926756297,0.0765816067,0.0934363511,,,,
21748,0.0,740.824951,2254.759766,10.56706,0.9930806527,0.0692952322,0.0948102736,,,,
22288,0.0,-1350.997925,1090.122192,100.448196,0.8315303402,0.5331742702,0.155828402,0.0243779739,462.7626806849,2108.6650235909,1.0
22289,0.0,-1350.997925,1090.122192,100.448196,0.8315303402,0.5331742702,0.155828402,0.0241556793,460.637259918,2108.519634319,1.0
22290,0.0,-1348.524658,1091.151489,100.264778,0.8315303402,0.5331742702,0.155828402,0.0236923154,455.6213663726,2105.5863191906,1.0
22291,0.0,-1345.686523,1092.370605,100.035156,0.8315303402,0.5331742702,0.155828402,0.0234359315,452.4660991357,2102.2748128843,1.0
22292,0.0,-1342.637695,1093.731812,99.776978,0.8315303402,0.5331742702,0.155828402,0.0231422603,448.9123054648,2098.7993181609,1.0
22293,0.0,-1339.328491,1095.263306,99.492294,0.8315303402,0.5331742702,0.155828402,0.0228203035,444.969434784,2094.8185000931,1.0
22294,0.0,-1336.315796,1096.703125,99.228493,0.8315303402,0.5331742702,0.155828402,0.022584662,441.949780716,2091.3040368492,1.0
22295,0.0,-1333.875977,1097.89917,99.01178,0.8315303402,0.5331742702,0.155828402,0.0223642323,439.1744567226,2088.2713077902,1.0
22296,0.0,-1330.965576,1099.358154,98.776718,0.8315303402,0.5331742702,0.155828402,0.0221924432,436.7782216762,2084.8096127273,1.0
22297,0.0,-1327.959961,1100.950317,98.555801,0.8288079604,0.5373963844,0.155828402,0.0221500436,435.615531367,2081.2267149165,1.0
22298,0.0,-1325.295776,1102.411621,98.359116,0.8247003343,0.5417391865,0.1624438745,0.0235861038,448.6414885533,2077.937021826,1.0
22299,0.0,-1321.9021,1104.281128,98.105194,0.8205434654,0.5454705755,0.1707930698,0.02548596,465.2409394757,2073.9453690738,1.0
22300,0.0,-1318.806274,1106.044678,97.869286,0.8148329203,0.5499340158,0.183357275,0.0285697799,491.2980163749,2070.1454404138,1.0
22301,0.0,-1315.869751,1107.777954,97.641144,0.8077788287,0.5556075101,0.1969610586,0.0322011838,520.2229765263,2066.6325388067,1.0
22302,0.0,-1313.129761,1109.428101,97.425011,0.801095221,0.5609315582,0.2088114794,0.0356468832,545.966908235,2063.2210428217,1.0
22303,0.0,-1310.206787,1111.203125,97.303185,0.7952898884,0.5654082947,0.2186948871,0.0387188525,567.5911172614,2059.7021597169,1.0
22304,0.0,-1307.751831,1112.727295,97.231049,0.7910302428,0.5693109342,0.2239558331,0.0405720479,579.8675134541,2056.603942458,1.0
22305,0.0,-1305.352051,1114.21521,97.169418,0.7878594887,0.5721799186,0.2277884256,0.0419872584,588.8366912072,2053.6590723902,1.0
22306,0.0,-1301.818359,1116.416626,97.112572,0.7849040881,0.5747401226,0.2315153642,0.0434253691,597.3439996164,2049.2952687385,1.0
22307,0.0,-1299.639404,1117.800781,97.107979,0.7834613542,0.5759522628,0.2333822989,0.0441886835,601.6767169459,2046.6529089327,1.0
22308,0.0,-1296.724854,1119.636353,97.086136,0.7828871991,0.5753276353,0.2368242924,0.0452995287,607.9600581682,2043.0928187293,1.0
22309,0.0,-1293.664917,1121.49585,97.061577,0.7869630578,0.5665095848,0.2444504776,0.0470052667,617.9333116423,2039.4723002465,1.0
22310,0.0,-1290.763062,1123.157349,96.979393,0.7968721174,0.5490768088,0.2520108856,0.048265986,624.9009399888,2036.0117089987,1.0
22311,0.0,-1288.884277,1124.197388,96.888489,0.8050987114,0.5349258912,0.2562622792,0.0275950088,473.0501524924,2027.6541092493,0.0
22312,0.0,-1285.381348,1126.219604,96.673676,0.815965314,0.5154067341,0.261832971,0.0274925561,471.2350976466,2023.5817018102,0.0
22313,0.0,-1282.15271,1127.999634,96.487518,0.8278115355,0.4910093836,0.271362943,0.0287778261,480.768525349,2018.5487760033,0.0
22314,0.0,-1279.854736,1129.128296,96.356071,0.833111354,0.4757435281,0.2821233193,0.0312783404,500.2491696439,2015.9156950893,0.0
22315,0.0,-1277.207642,1130.286987,96.203865,0.8354253335,0.4644056789,0.2939249522,0.0343920362,523.312040901,2012.7198588473,0.0
22316,0.0,-1273.754272,1131.660645,96.006233,0.8362282296,0.4559621596,0.3046651555,0.0374344001,544.4060332685,2008.5164810892,0.0
22317,0.0,-1270.649902,1132.703735,95.82946,0.8346849116,0.4520602928,0.3145514107,0.0398137669,561.0043297333,2008.1720162862,0.0
22318,0.0,-1268.221802,1133.382812,95.725639,0.8323504573,0.4514670347,0.3215124147,0.0413892744,571.8074435801,2008.3150094872,0.0
22319,0.0,-1264.97522,1134.189941,95.700394,0.824484471,0.4567824923,0.3340286092,0.0444598693,592.119844158,2008.1315482748,0.0
22320,0.0,-1263.048828,1134.648071,95.701103,0.8169916414,0.4651595377,0.3408097158,0.0461159269,602.9261453371,2008.5805354377,0.0
22321,0.0,-1259.289185,1135.377197,95.701218,0.8060876195,0.4773428871,0.3498092592,0.0485453371,618.1472890258,2008.3480327853,0.0
22322,0.0,-1256.106201,1135.932007,95.701256,0.7933100056,0.4934078091,0.3566622617,0.0507176445,631.5393639385,2008.5539985395,0.0
22323,0.0,-1253.128174,1136.376587,95.701248,0.7778356725,0.5130088422,0.363033875,0.0536179662,648.9267100285,2008.752537086,0.0
22324,0.0,-1250.466431,1136.734253,95.701019,0.7608210633,0.5340741646,0.3686680028,0.0570284938,668.8576912951,2009.3452235387,0.0
22325,0.0,-1246.995605,1137.085693,95.701241,0.7433868667,0.5544643088,0.3740926311,0.0611354616,691.8012396832,2009.3750451675,0.0
22326,0.0,-1243.740845,1137.383301,95.70108,0.7243247373,0.5765342288,0.3781031048,0.0658367938,717.0881078859,2009.5167247825,0.0
22327,0.0,-1238.298706,1137.745239,95.701248,0.6941667012,0.6090789471,0.3836084295,0.0741912777,760.1568892303,2011.0378102818,0.0
22328,0.0,-1236.4387815,1137.8554685,95.7012635,0.6828479969,0.6210210463,0.384421754,0.0776368492,776.8567460393,2011.4225924243,0.0
22329,0.0,-1234.578857,1137.965698,95.701279,0.6715292925,0.6329631455,0.3852350786,0.0810824207,793.5566028483,2011.8073745667,0.0
22330,0.0,-1229.288452,1138.249268,95.701279,0.6394851259,0.6647995041,0.3861352006,0.0917495986,842.2206041587,2012.8253531179,0.0
22331,0.0,-1226.001831,1138.422852,95.701279,0.6201967794,0.6828290685,0.3861352328,0.0987155597,872.0145496346,2012.8313044618,0.0
22332,0.0,-1224.0513915,1138.5319215,95.701279,0.6087267915,0.6929056054,0.3861352328,0.1032053916,890.5882712301,2013.3879250747,0.0
22333,0.0,-1222.100952,1138.640991,95.701279,0.5972568036,0.7029821424,0.3861352328,0.1076952236,909.1619928257,2013.9445456875,0.0
22334,0.0,-1219.044067,1138.819946,95.701271,0.5830225065,0.7139188213,0.3878204139,0.1138558308,933.479796239,2014.3727686187,0.0
22335,0.0,-1213.289917,1139.192383,95.701271,0.5660144498,0.7262678756,0.390080268,0.1213275181,961.7724075954,2014.4992941951,0.0
22336,0.0,-1210.439941,1139.421387,95.701248,0.557535354,0.7320099071,0.3915556472,0.1252342136,976.6663323466,2015.6318436406,0.0
22337,0.0,-1206.433716,1139.738647,95.701271,0.5486622175,0.7379165447,0.3929999289,0.1293177214,991.3399878959,2015.5500498243,0.0
22338,0.0,-1203.108032,1140.051147,95.708084,0.5364610195,0.7461134194,0.3943657438,0.1351915374,1012.075175915,2015.6768291305,0.0
22339,0.0,-1199.953613,1140.389282,95.72229,0.5240505596,0.7541983111,0.3956714779,0.1413341014,1033.1925955175,2015.8450132578,0.0
22340,0.0,-1196.763672,1140.757568,95.72422,0.5098782778,0.7637627026,0.3958417308,0.1483067904,1056.4293832529,2015.9299494605,0.0
22341,0.0,-1193.437744,1141.181885,95.723854,0.4971642796,0.7725147443,0.3950299343,,,,
22342,0.0,-1190.868774,1141.532593,95.70874,0.4889479683,0.7784231172,0.3936843087,,,,
22343,0.0,-1187.426636,1142.035522,95.700531,0.479753723,0.7847175817,0.3924980029,,,,
22344,0.0,-1184.109131,1142.555542,95.701286,0.4726671887,0.7894564776,0.3915918777,,,,
22345,0.0,-1180.510986,1143.160522,95.701279,0.4650824625,0.7940257654,0.3914350353,,,,
22346,0.0,-1178.145386,1143.58374,95.701279,0.459513329,0.7972616343,0.3914350353,,,,
22347,0.0,-1174.380127,1144.30603,95.701271,0.4462689048,0.804380077,0.392194794,,,,
22348,0.0,-1171.901611,1144.931885,95.701279,0.4350572673,0.810439661,0.3923171294,,,,
22349,0.0,-1168.289917,1146.130249,95.701279,0.4198143943,0.8184394567,0.3923171294,,,,
22350,0.0,-1165.233154,1147.397095,95.701279,0.4109781229,0.8229120716,0.3923170973,,,,
22351,0.0,-1163.01416,1148.491455,95.701271,0.4044070782,0.8258246285,0.3930249331,,,,
22352,0.0,-1159.87793,1150.255859,95.701279,0.3957213351,0.8299393834,0.3931987344,,,,
22353,0.0,-1157.984009,1151.47998,95.701279,0.3897495223,0.8327604558,0.3931988468,,,,
22354,0.0,-1155.125244,1153.548462,95.701279,0.3773000664,0.838474442,0.3931987665,,,,
22355,0.0,-1153.383301,1154.957642,95.701294,0.3683963739,0.8429827805,0.3920001829,,,,
22356,0.0,-1150.787109,1157.290527,95.701286,0.3506990793,0.8511070173,0.390675058,,,,
22357,0.0,-1149.012817,1159.074097,95.701279,0.3336844946,0.857976268,0.3905526618,,,,
22358,0.0,-1147.164062,1161.083008,95.701279,0.315024231,0.8650019232,0.3905526939,,,,
22359,0.0,-1144.749268,1163.985596,95.701279,0.2868802442,0.8747390004,0.3905526939,,,,
22360,0.0,-1143.170288,1166.037354,95.701279,0.2705197795,0.8799361865,0.3905526297,,,,
22361,0.0,-1141.0354,1168.967163,95.701279,0.2541951907,0.8847900448,0.3905526618,,,,
22362,0.0,-1139.545288,1171.151733,95.701279,0.2461841948,0.8870524001,0.3905526618,,,,
22363,0.0,-1137.998535,1173.560669,95.701279,0.2374633921,0.8894266585,0.3905526297,,,,
22364,0.0,-1136.581787,1175.913452,95.701286,0.2286473221,0.8919902146,0.3899664847,,,,
22365,0.0,-1134.648071,1179.451782,95.701279,0.2095825081,0.8971599056,0.3888177928,,,,
22366,0.0,-1133.44104,1181.870483,95.701286,0.1946671426,0.900845866,0.3880482305,,,,
22367,0.0,-1132.23999,1184.435669,95.701286,0.1783350604,0.9045655489,0.3872438172,,,,
22368,0.0,-1131.005493,1187.227173,95.701286,0.1624654257,0.9079165419,0.3863839262,,,,
22369,0.0,-1129.462036,1190.971069,95.701279,0.1432474078,0.9112517829,0.3861351684,,,,
22370,0.0,-1128.415771,1193.511963,95.487259,0.1324584683,0.9128824601,0.3861351684,,,,
22371,0.0,-1127.11145,1196.613525,95.141556,0.1222796048,0.9143015259,0.3861352328,,,,
22372,0.0,-1124.891602,1201.888794,93.997147,0.1064430654,0.9162802413,0.3861352006,,,,
22373,0.0,-1124.1514285,1203.6482545,93.4398045,0.1011674205,0.9168623675,0.3861351845,,,,
22374,0.0,-1122.355835,1207.917603,91.916306,0.0884317365,0.918467924,0.3854821664,,,,
22375,0.0,-1121.447998,1210.10437,90.94664,0.0809581804,0.9197152761,0.3841478672,,,,
22376,0.0,-1120.496704,1212.3483885,89.809765,0.0752355543,0.9206894054,0.3829300848,,,,
22377,0.0,-1119.54541,1214.592407,88.67289,0.0695129282,0.9216635346,0.3817123023,,,,
22378,0.0,-1118.356079,1217.386108,87.017784,0.0637438328,0.922768212,0.3800467744,,,,
22379,0.0,-1117.039795,1220.468628,84.997307,0.0582210581,0.9242486377,0.3773258063,,,,
22380,0.0,-1115.800049,1223.334106,82.93293,0.0556533277,0.9251442411,0.3755141014,,,,
22381,0.0,-1113.517334,1228.584595,78.660843,0.0533871443,0.9258320443,0.3741454779,,,,
22382,0.0,-1112.233643,1231.507202,76.031204,0.0530137934,0.9260081664,0.3737625094,,,,
22383,0.0,-1110.623047,1235.17688,72.514771,0.0528848947,0.9260687927,0.3736305382,,,,
22384,0.0,-1109.482544,1237.774292,69.811028,0.0528848947,0.9260687927,0.3736305382,,,,
22385,0.0,-1108.296387,1240.464233,66.862556,0.0534968771,0.9260336414,0.3736305382,,,,
22386,0.0,-1106.590576,1244.241211,62.474937,0.0597266497,0.9263340376,0.3719381376,,,,
22387,0.0,-1105.331055,1246.857178,59.278576,0.0738252446,0.9256437958,0.3711245027,,,,
22388,0.0,-1103.857544,1249.4552,55.920368,0.1116427228,0.9230839216,0.368038009,,,,
22389,0.0,-1102.035645,1252.640381,51.454212,0.1526553561,0.9185790724,0.3645666331,,,,
22390,0.0,-1100.201416,1255.54541,47.175163,0.2058817693,0.9095030076,0.3611329065,,,,
22391,0.0,-1098.483643,1257.947021,43.33643,0.2665846665,0.8960776851,0.3549329484,,,,
22392,0.0,-1095.855713,1261.513428,37.180813,0.3568544967,0.8684250041,0.3442279484,,,,
22393,0.0,-1094.088989,1263.89502,32.722427,0.4139177761,0.844414101,0.3400542614,,,,
22394,0.0,-1092.512695,1266.325195,28.016914,0.452188292,0.8257976989,0.3370221196,,,,
22395,0.0,-1090.869873,1269.311401,22.32761,0.4839868359,0.8086560098,0.3344132181,,,,
22396,0.0,-1089.573608,1271.900879,17.290321,0.4965997335,0.8019850657,0.3319768955,,,,
22397,0.0,-1088.523071,1273.942871,13.098282,0.5016153557,0.7996143451,0.3301498661,,,,
22398,0.0,-1087.046509,1276.978027,6.831572,0.5052279445,0.7980505027,0.3284206437,,,,
22399,0.0,-1085.373657,1280.587402,-0.783647,0.5094269386,0.7959603172,0.3270036204,0.1485762683,905.6452311193,1726.7539905546,1.0
22400,0.0,-1084.188477,1283.05481,-6.25857,0.5158441138,0.7930551099,0.3239883376,0.1439518537,891.2302518745,1724.1961459779,1.0
22401,0.0,-1082.879883,1285.64563,-12.23585,0.5276471668,0.7871938907,0.3192401068,0.1363653302,867.7839441554,1721.3898416464,1.0
22402,0.0,-1081.705078,1287.825317,-17.527376,0.5433027149,0.7784526258,0.3143782268,0.127415366,839.8800581783,1719.4345094772,1.0
22403,0.0,-1079.862305,1291.367188,-26.239071,0.5630391069,0.7666331487,0.3086431263,0.1162141981,802.9674673694,1716.1395313873,1.0
22404,0.0,-1078.455322,1294.106567,-33.160534,0.5821897008,0.7540251515,0.3041401374,0.1061097202,767.9813401529,1713.1511247704,1.0
22405,0.0,-1077.085571,1296.848389,-40.285503,0.5992368415,0.7421550499,0.3002017484,0.0973726285,736.3387139152,1710.7333333603,1.0
22456,0.0,-969.011414,1389.099609,-48.467903,0.9806788805,0.1769515797,0.0834090631,0.0582465279,578.0197706796,1718.7417530159,0.0
22457,0.0,-968.934875,1388.733643,-48.467903,0.9806788805,0.1769515797,0.0834090631,0.0583328643,578.5335473126,1719.034157459,0.0
22458,0.0,-968.881104,1388.425293,-48.467903,0.9806788805,0.1769515797,0.0834090631,0.058407945,578.962260731,1719.2352180522,0.0
22459,0.0,-966.162354,1388.985474,-48.467903,0.9806788805,0.1769515797,0.0834090631,0.0585809093,578.9088578526,1716.613376665,0.0
22460,0.0,-962.773804,1389.6875,-48.467903,0.9806788805,0.1769515797,0.0834090631,0.0587952346,578.8429443742,1713.3812330787,0.0
22461,0.0,-959.705383,1390.294678,-48.482971,0.9808396353,0.1765017245,0.0824666669,0.0590600999,579.1000148938,1710.4108531096,0.0
22462,0.0,-954.140259,1391.421631,-48.522911,0.9816346335,0.1739236258,0.0783837905,0.0599614618,581.541715878,1705.0596973991,0.0
22463,0.0,-950.826782,1392.037842,-48.550583,0.9833089032,0.167961903,0.0699456928,0.0616294547,588.2254400246,1701.8890328857,0.0
22464,0.0,-946.999268,1392.72998,-48.580032,0.9860219537,0.1574765928,0.0544226942,0.0646574688,600.7268379963,1698.1997198375,0.0
22465,0.0,-943.37738,1393.3927,-48.607445,0.9880442462,0.1485928205,0.0410942973,0.0674897527,612.0094915714,1694.6434468867,0.0
22466,0.0,-940.302368,1393.924194,-48.629936,0.9905550435,0.1347930413,0.0251304967,0.072307648,631.5728843473,1691.6577240113,0.0
22467,0.0,-937.757935,1394.321045,-48.647606,0.9937980809,0.1111074707,0.0045281715,0.0812130536,666.772573551,1689.0847071212,0.0
22468,0.0,-934.212158,1394.887329,-48.671585,0.9962046638,0.0853232831,-0.0172106099,0.0921365217,706.7665817312,1685.7239332852,0.0
22469,0.0,-930.85553,1395.380249,-48.693054,0.9975768045,0.0580737155,-0.0383140011,0.1047167775,749.5510076334,1682.5035870686,0.0
22470,0.0,-928.530823,1395.666382,-48.703728,0.9977912999,0.0376937554,-0.0546964596,0.1148530105,781.8505783675,1680.2734324228,0.0
22471,0.0,-925.999817,1395.945679,-48.710876,0.9973995052,0.0201005128,-0.0692112449,0.1241881425,809.8269168842,1677.8668885,0.0
22472,0.0,-923.876587,1396.19873,-48.68074,0.9967453253,0.015148288,-0.0791788225,0.1274026707,818.4895638826,1675.720877108,0.0
22473,0.0,-923.095642,1396.288208,-48.668243,0.9965271165,0.0147455807,-0.0819528766,0.1278754653,819.5500522029,1674.9988044496,0.0
22474,0.0,-920.946899,1396.526855,-48.633858,0.995926026,0.013781461,-0.0891146568,0.1291453432,822.3368763002,1672.9785236212,0.0
22475,0.0,-919.602844,1396.654175,-48.612335,0.9954628376,0.0124737654,-0.0943299745,0.1303442373,825.2776517335,1671.757733233,0.0
22476,0.0,-917.808777,1396.851562,-48.583595,0.994915753,0.0107081451,-0.1001398028,0.131925,829.1011162017,1670.1166056552,0.0
22477,0.0,-916.425415,1396.990845,-48.561417,0.994268944,0.0119510241,-0.1062376578,0.1320158694,828.7361322684,1668.847347795,0.0
22478,0.0,-915.458008,1397.061768,-48.545876,0.9935193837,0.0152176179,-0.1126395058,0.1311606006,825.8099533768,1667.9860875374,0.0
22479,0.0,-914.257263,1397.178101,-48.526596,0.9927429605,0.0186302406,-0.1188037391,0.130277516,822.6962957037,1666.9256598187,0.0
22480,0.0,-913.234253,1397.267944,-48.52037,0.9921248351,0.0221274996,-0.1232829482,0.129219606,819.1593541263,1666.0682329578,0.0
22481,0.0,-912.424622,1397.320068,-48.503914,0.991657527,0.0248511666,-0.1264822862,0.1283583874,816.2577040392,1665.3434795354,0.0
22482,0.0,-911.623474,1397.369751,-48.491066,0.9914241327,0.0262396164,-0.1280221528,0.127979767,814.805193815,1664.6688845442,0.0
22483,0.0,-910.968506,1397.402588,-48.480209,0.9913796042,0.0265245351,-0.1283079475,0.1279674279,814.4972346569,1664.1144556485,0.0
22484,0.0,-910.217224,1397.424561,-48.46965,0.9913796042,0.0265245351,-0.1283079475,0.1280716528,814.5108661167,1663.5113366412,0.0
22485,0.0,-909.789429,1397.42334,-48.456703,0.9912997496,0.0257496637,-0.1290804451,0.1285737183,815.8391394192,1663.190794473,0.0
22486,0.0,-909.516296,1397.397217,-48.450623,0.9910922146,0.0245884486,-0.130887854,0.1293752741,818.0922558902,1662.9657505064,0.0
22487,0.0,-909.199524,1397.372314,-48.452637,0.990825153,0.0232312019,-0.133138377,0.130219254,820.4242787245,1662.6680858379,0.0
22488,0.0,-908.9375,1397.32959,-48.453094,0.9905422507,0.0227010942,-0.1353170717,0.1307738381,821.9480828343,1662.4669733653,0.0
22489,0.0,-908.871582,1397.262329,-48.453094,0.9904192315,0.0226982749,-0.1362150292,0.1309110525,822.3631302327,1662.4955404364,0.0
22490,0.0,-908.858154,1397.185669,-48.453094,0.9903957818,0.0226977374,-0.1363855126,0.1309558242,822.5327179413,1662.5740195986,0.0
22491,0.0,-908.914734,1396.865234,-48.453094,0.9903998291,0.0225197116,-0.1363856336,0.1311357581,823.2092815221,1662.8796382486,0.0
22492,0.0,-908.963074,1396.603638,-48.453094,0.9904049191,0.0222948409,-0.1363856163,0.1312984201,823.7643231054,1663.0421339687,0.0
22493,0.0,-909.036804,1396.262085,-48.453094,0.9905394226,0.0217777906,-0.1354894093,0.1314615971,824.3447792422,1663.2534221344,0.0
22494,0.0,-909.098938,1396.010864,-48.453094,0.9906297223,0.0205196606,-0.1350248008,0.1320766134,826.2455595723,1663.4764102204,0.0
22495,0.0,-909.179565,1395.786743,-48.453094,0.9907366921,0.0185703799,-0.1345211805,0.1330182507,829.0827689082,1663.6893511324,0.0
22496,0.0,-909.263855,1395.775513,-48.453094,0.99087453,0.0175818418,-0.1336358655,0.1333965637,830.2377171697,1663.8114457617,0.0
22497,0.0,-909.345459,1395.758545,-48.453094,0.9911126697,0.0160080545,-0.1320583894,0.1340112227,831.9586793003,1663.7062892035,0.0
22498,0.0,-909.534546,1395.654297,-48.453091,0.992213282,0.0054039965,-0.1244331137,0.138441741,844.3566726408,1663.2368461576,0.0
22499,0.0,-909.63324,1395.609863,-48.453098,0.992473627,0.0007831594,-0.1224560588,0.1405333131,850.2837969043,1663.3362772218,0.0
22500,0.0,-909.743713,1395.574951,-48.453094,0.9925851848,-0.0029315381,-0.1215156653,0.1423140107,855.0770067512,1663.0114766477,0.0
22501,0.0,-909.825195,1395.5689085,-48.453094,0.9926036389,-0.0036070242,-0.121344631,0.1426503112,855.7885240037,1662.584507141,0.0
22502,0.0,-909.906677,1395.562866,-48.453094,0.992622093,-0.0042825102,-0.1211735966,0.1429866116,856.5000412562,1662.1575376342,0.0
22503,0.0,-910.147156,1395.563965,-48.453094,0.992622093,-0.0042825102,-0.1211735966,0.1431077918,856.1692115256,1660.8660932399,0.0
22504,0.0,-910.283508,1395.561646,-48.453094,0.9926205299,-0.0046284114,-0.1211736832,0.143308889,856.1853961194,1659.821638738,0.0
22505,0.0,-910.446167,1395.559326,-48.453094,0.9926189665,-0.0049527777,-0.1211736659,0.1435342762,856.1438460274,1658.5381278534,0.0
22506,0.0,-910.458313,1395.557495,-48.453094,0.9926177832,-0.0051841112,-0.1211736832,0.143722905,856.088875692,1657.4271833013,0.0
22507,0.0,-910.45813,1395.557007,-48.453094,0.992617531,-0.0052341789,-0.1211735966,0.1438233799,855.5762648219,1655.9008672561,0.0
22508,0.0,-910.45813,1395.557007,-48.453094,0.992617531,-0.0052341789,-0.1211735966,0.1439614975,854.9281420707,1653.914081291,0.0
22509,0.0,-910.45813,1395.557007,-48.453094,0.992617531,-0.0052341789,-0.1211735966,0.1440817007,854.3749308523,1652.207756652,0.0
22510,0.0,-910.458618,1395.558594,-48.453094,0.9926184466,-0.0050559102,-0.1211736659,0.1441189099,853.5010483574,1650.3212859038,0.0
22511,0.0,-910.459167,1395.560425,-48.453094,0.9926195663,-0.0048310732,-0.1211736659,0.1441126658,852.638485411,1648.6863851732,0.0
22512,0.0,-910.460205,1395.563965,-48.453094,0.9926213485,-0.0044498477,-0.1211736659,0.1440756848,851.374703987,1646.4375607779,0.0
22513,0.0,-910.460632,1395.565186,-48.453094,0.992622093,-0.0042825102,-0.1211735966,0.1441471763,850.6270565367,1644.6154156063,0.0
22514,0.0,-910.460632,1395.565308,-48.453094,0.992622093,-0.0042825102,-0.1211735966,0.1442967412,849.9059540637,1642.4355816928,0.0
22515,0.0,-910.461243,1395.567505,-48.453094,0.9926230806,-0.0040450602,-0.1211736659,0.1444682902,848.805126995,1639.4098398742,0.0
22516,0.0,-910.461731,1395.569336,-48.453094,0.9926238781,-0.0038443899,-0.1211736659,0.1446519169,848.4834960875,1637.8291736008,0.0
22517,0.0,-910.46283,1395.572632,-48.453094,0.9926253315,-0.0034481424,-0.1211736832,0.1446100441,847.3514251522,1635.8622644989,0.0
22518,0.0,-910.458313,1395.557495,-48.453091,0.9927668397,-0.00517179,-0.119946882,0.1456726136,849.0021417481,1633.5281519551,0.0
22519,0.0,-910.453979,1395.543091,-48.453094,0.9928921769,-0.0068637525,-0.1188192491,0.1468163016,850.3668610784,1630.2715581358,0.0
22520,0.0,-910.453247,1395.540771,-48.453094,0.9929115358,-0.0071302378,-0.118641653,0.0346558493,399.5684030749,1531.0295025102,1.0
22521,0.0,-910.452026,1395.536499,-48.453094,0.9929465392,-0.0076159517,-0.1183180778,0.0348408137,402.4557341487,1538.0664779286,1.0
22522,0.0,-910.452026,1395.536499,-48.453094,0.9930015778,-0.0076162179,-0.1178552487,0.0347936874,402.1470277894,1537.9087205504,1.0
22523,0.0,-910.452026,1395.536499,-48.453094,0.9930031418,-0.0076163859,-0.1178420593,0.0348191822,402.2614219008,1537.792870544,1.0
22524,0.0,-910.452026,1395.536499,-48.453094,0.9930031418,-0.0076163859,-0.1178420593,0.0348458821,402.3822859752,1537.6759242777,1.0
22525,0.0,-910.452026,1395.536499,-48.453094,0.9930031418,-0.0076163859,-0.1178420593,0.0348758501,402.5158786293,1537.537155347,1.0
22526,0.0,-910.451599,1395.535034,-48.453094,0.9930017712,-0.0077906853,-0.1178422153,0.0355270944,403.8999021401,1528.8711348187,1.0
22527,0.0,-910.450989,1395.533203,-48.453094,0.9930000507,-0.0080069778,-0.1178422153,0.0352086455,400.1907958095,1521.5429555853,1.0
22528,0.0,-910.449707,1395.528687,-48.453094,0.9929958182,-0.0085154718,-0.1178422327,0.0350886775,399.4557600344,1521.2959547099,1.0
22529,0.0,-910.449585,1395.52832,-48.453094,0.9929953833,-0.0085684183,-0.1178420593,0.0350588021,399.2435793456,1521.1240225683,1.0
22530,0.0,-910.449585,1395.528198,-48.453094,0.9929953833,-0.0085684183,-0.1178420593,0.0326342118,385.0301108024,1519.5520220532,1.0
22531,0.0,-910.449585,1395.528198,-48.453094,0.9929953833,-0.0085684183,-0.1178420593,0.0338465136,392.1397767048,1520.1107080884,1.0
22532,0.0,-910.449585,1395.528198,-48.453094,0.9929953833,-0.0085684183,-0.1178420593,0.0349915773,398.7333190594,1520.61251211,1.0
22533,0.0,-910.449585,1395.528198,-48.453094,0.9929953833,-0.0085684183,-0.1178420593,0.0349593502,398.4960637751,1520.3955523629,1.0
22534,0.0,-910.445557,1395.514282,-48.453087,0.9929532786,-0.0101625505,-0.1180699332,0.0346894236,396.9380524089,1520.2275441699,1.0
22535,0.0,-910.441345,1395.499756,-48.453094,0.9929059476,-0.0118476519,-0.1183106603,0.033836141,391.9675142625,1519.6718093377,1.0
22536,0.0,-910.436768,1395.483276,-48.453094,0.9928808291,-0.0137290787,-0.1183180951,0.033510746,390.1085679709,1519.6642687374,1.0
22537,0.0,-910.436035,1395.480347,-48.453094,0.9928489521,-0.0140346841,-0.1185495087,0.0335023642,390.0602851341,1519.6630074049,1.0
22538,0.0,-910.435425,1395.478394,-48.453094,0.99281624,-0.0142787509,-0.1187940691,0.0337066056,393.5552258276,1528.7061533457,1.0
22539,0.0,-910.435425,1395.478394,-48.453094,0.99281624,-0.0142787509,-0.1187940691,0.0337066056,393.5552258276,1528.7061533457,1.0
22540,0.0,-910.433228,1395.470703,-48.453094,0.9928030505,-0.015169348,-0.1187939131,0.0335521404,392.66692967,1528.7025625981,1.0
22541,0.0,-910.431091,1395.462646,-48.453094,0.9927888033,-0.0160746436,-0.1187939305,0.0333959416,391.7664874949,1528.6989621899,1.0
22542,0.0,-910.42865,1395.454102,-48.453094,0.9927724222,-0.0170563733,-0.1187939305,0.0332278583,390.7920381967,1528.6832549925,1.0
22543,0.0,-910.427979,1395.451416,-48.453094,0.9927672036,-0.0173574664,-0.1187939305,0.03317649,390.4921292902,1528.6722106373,1.0
22544,0.0,-910.427429,1395.449219,-48.453094,0.9927627769,-0.0176088294,-0.1187939305,0.0331334136,390.2402912516,1528.6623349576,1.0
22545,0.0,-910.427368,1395.449219,-48.453094,0.9927627373,-0.0176101286,-0.1187940691,0.0331334107,390.2350676881,1528.6419392613,1.0
22546,0.0,-910.427368,1395.449219,-48.453094,0.9927627373,-0.0176101286,-0.1187940691,0.0331335534,390.2305403562,1528.6209687359,1.0
22547,0.0,-910.427368,1395.449219,-48.453094,0.9927627373,-0.0176101286,-0.1187940691,0.0331336428,390.2282672946,1528.6100365409,1.0
22548,0.0,-910.427368,1395.449219,-48.453094,0.9927627373,-0.0176101286,-0.1187940691,0.0331336644,390.2280968347,1528.6088784601,1.0
22549,0.0,-910.427368,1395.449219,-48.453094,0.9927627373,-0.0176101286,-0.1187940691,0.0331229802,391.7189752888,1534.6922638199,1.0
22550,0.0,-910.427368,1395.449219,-48.453094,0.9927627373,-0.0176101286,-0.1187940691,0.03312302,391.7190106696,1534.6914957746,1.0
22551,0.0,-910.425415,1395.44165,-48.453094,0.9927473504,-0.0184580701,-0.1187939305,0.033001602,390.9493345751,1534.4437193295,1.0
22552,0.0,-910.423096,1395.433594,-48.453094,0.9927293476,-0.0194021767,-0.1187939305,0.0328419785,390.0191659956,1534.4462115099,1.0
22553,0.0,-910.421631,1395.427734,-48.453094,0.9927698368,-0.0200515002,-0.1183468987,0.0326624159,388.9398886003,1534.3303968697,1.0
22554,0.0,-910.4198,1395.420776,-48.453094,0.9928021112,-0.0208472227,-0.117937955,0.0324872017,387.8727650406,1534.1730547075,1.0
22555,0.0,-910.418274,1395.415039,-48.453094,0.9927997034,-0.0214932837,-0.1178422153,0.0323676965,387.1634833328,1534.1453909922,1.0
22556,0.0,-910.418213,1395.414917,-48.453094,0.9928546512,-0.0215158494,-0.1173742295,0.0322955745,386.7206950913,1534.0728185275,1.0
22557,0.0,-910.416077,1395.406738,-48.453094,0.9928899282,-0.022448723,-0.1169001508,0.0320769457,385.404940613,1533.9694703291,1.0
22558,0.0,-910.416016,1395.406616,-48.453094,0.9928906671,-0.0224691987,-0.1168899413,0.0321282301,385.6434793624,1533.7133367379,1.0
22559,0.0,-910.4151,1395.402954,-48.453094,0.9928812651,-0.0228808868,-0.1168899413,0.0320628839,385.2539282537,1533.6991463426,1.0
22560,0.0,-910.414001,1395.398682,-48.453094,0.9928698042,-0.0233729249,-0.1168899413,0.0320131389,384.9182554514,1533.5335502238,1.0
22561,0.0,-910.413879,1395.398315,-48.453094,0.9928686689,-0.0234210991,-0.1168899413,0.0320302993,384.9830981963,1533.387648637,1.0
22562,0.0,-910.413879,1395.398315,-48.453094,0.9928686689,-0.0234210991,-0.1168899413,0.0320511623,385.074973393,1533.2624519804,1.0
22563,0.0,-910.413879,1395.398315,-48.453094,0.9928686689,-0.0234210991,-0.1168899413,0.0320607891,385.1186685157,1533.2099481479,1.0
22564,0.0,-910.413879,1395.398315,-48.453094,0.9928686689,-0.0234210991,-0.1168899413,0.0320671349,385.1448799257,1533.1650491069,1.0
22565,0.0,-910.413879,1395.398315,-48.453094,0.9928686689,-0.0234210991,-0.1168899413,0.0320643477,385.1198807463,1533.1310759701,1.0
22566,0.0,-910.413879,1395.398315,-48.453094,0.9928686689,-0.0234210991,-0.1168899413,0.0320596234,385.0830200375,1533.0954425051,1.0
22567,0.0,-910.413879,1395.398315,-48.453094,0.9928686689,-0.0234210991,-0.1168899413,0.0320065874,384.756402588,1533.043045983,1.0
22568,0.0,-910.421082,1395.425659,-48.453098,0.9930338013,-0.0203002173,-0.1160679571,0.0323698505,386.9017673581,1533.0581640278,1.0
22569,0.0,-910.429749,1395.457764,-48.453098,0.9932146403,-0.0166277002,-0.1151008161,0.032767069,389.2295204166,1533.0597453534,1.0
22570,0.0,-910.434937,1395.476929,-48.453094,0.9933120258,-0.0144571851,-0.1145522119,0.0329938864,390.5527999977,1533.0635703126,1.0
22797,0.0,-1068.785156,1259.306641,-37.061359,0.8329380372,0.4539801728,0.3164114867,0.0629195367,501.6188812676,1436.836284763,0.0
22798,0.0,-1068.534302,1259.443359,-37.061359,0.8329380372,0.4539801728,0.3164114867,0.0627183152,500.7188331125,1436.4825289614,0.0
22799,0.0,-1068.417358,1261.932007,-38.25721,0.8162980911,0.4863974146,0.3115685824,0.0576412628,480.1385501294,1434.944525471,0.0
22800,0.0,-1068.344727,1262.724121,-38.642513,0.8137355797,0.4913015212,0.3105756293,0.0569594424,477.2266172807,1434.5010184257,0.0
22801,0.0,-1068.090088,1267.43811,-40.9659,0.8116893845,0.496044784,0.3083827417,0.0559586976,472.2824531593,1431.9085017144,0.0
22802,0.0,-1068.087891,1270.268799,-42.363148,0.8130226331,0.4954479999,0.3058193542,0.055258565,468.9775037772,1430.6100636025,0.0
22803,0.0,-1068.068481,1272.698975,-43.562778,0.81416613,0.495079079,0.303364827,0.0545655259,465.7354159204,1429.4592783328,0.0
22804,0.0,-1067.94812,1276.187744,-45.285248,0.8158799426,0.4948249999,0.2991456813,0.0532602442,459.7468178386,1427.7862866995,0.0
22805,0.0,-1067.797852,1278.648926,-46.496799,0.8166285284,0.4962257331,0.2947505189,0.0517463775,452.9260261842,1426.4762803256,0.0
22952,0.0,-616.6745,1437.980469,-52.725929,0.9624119011,-0.1947951191,0.1892569528,,,,
22953,0.0,-616.672058,1437.97998,-52.725479,0.9624119011,-0.1947951191,0.1892569528,,,,
22954,0.0,-616.662964,1437.978149,-52.7304,0.9624119011,-0.1947951191,0.1892569528,,,,
22955,0.0,-611.014526,1437.412231,-52.396824,0.9598190526,-0.2059546047,0.1906045305,,,,
22956,0.0,-606.127441,1436.958862,-52.135345,0.9575422191,-0.2158208211,0.1911394044,,,,
22957,0.0,-602.409851,1436.558228,-52.211441,0.9558334279,-0.2232670589,0.1911394215,,,,
22958,0.0,-599.8255615,1436.245911,-52.1297015,0.9546503712,-0.2282159054,0.1911394215,,,,
22959,0.0,-596.149536,1435.682251,-52.011311,0.9528290268,-0.2357595538,0.1911394215,,,,
22960,0.0,-590.972717,1434.968506,-51.662071,0.950761248,-0.2439646648,0.1911394558,,,,
22961,0.0,-586.724243,1434.039917,-51.437855,0.9489814947,-0.2512999544,0.1904795414,,,,
22962,0.0,-584.683899,1433.326416,-51.287512,0.9477701252,-0.2558912355,0.1903389037,,,,
22963,0.0,-582.643555,1432.612915,-51.137169,0.9465587558,-0.2604825165,0.190198266,,,,
22964,0.0,-578.64801,1431.387329,-50.676498,0.9443626313,-0.2696111781,0.188385332,,,,
22965,0.0,-575.139893,1430.627808,-50.267536,0.941528326,-0.2793952453,0.1883154485,,,,
22966,0.0,-571.847534,1429.877319,-49.954517,0.9389790988,-0.2878464117,0.1883154143,,,,
22967,0.0,-565.491394,1428.407715,-49.572109,0.9352547239,-0.2997263747,0.1883154314,,,,
22968,0.0,-560.878906,1427.227661,-49.18668,0.9314001248,-0.3119339676,0.1875926633,,,,
22969,0.0,-556.962891,1426.210571,-48.986343,0.9286307053,-0.3206591142,0.1866085357,,,,
22970,0.0,-553.474792,1425.276978,-48.826378,0.9260034817,-0.3290842708,0.1849894447,,,,
22971,0.0,-549.159241,1424.043823,-48.659042,0.9229493993,-0.3386466539,0.1829831962,,,,
22972,0.0,-545.949402,1423.09729,-48.558529,0.9202403195,-0.3471137784,0.1807478333,,,,
22973,0.0,-541.314026,1421.717773,-48.47694,0.9172370976,-0.3562497856,0.1782195195,,,,
22974,0.0,-537.646423,1420.578125,-48.311573,0.9132174022,-0.3673637687,0.1762890744,,,,
22975,0.0,-533.499573,1419.188721,-48.423904,0.9081286945,-0.3810816092,0.1734332187,,,,
22976,0.0,-532.211853,1418.725342,-48.363842,0.9047988606,-0.3891800363,0.1728523103,,,,
22977,0.0,-526.900024,1416.805054,-48.520905,0.8949886117,-0.4117400663,0.1716551856,,,,
22978,0.0,-522.691406,1415.222168,-47.781654,0.8846236591,-0.4339596086,0.1706459488,,,,
22979,0.0,-518.902893,1413.689819,-47.459919,0.8738510202,-0.4553569029,0.1703950864,,,,
22980,0.0,-514.749756,1411.862061,-47.816307,0.8567249477,-0.4874151719,0.1686677627,,,,
22981,0.0,-511.459473,1410.295166,-47.789318,0.839622612,-0.5169562663,0.1667035935,,,,
22982,0.0,-509.726257,1409.487183,-47.941948,0.8323970309,-0.5287642878,0.1659021122,,,,
22983,0.0,-504.850067,1407.114868,-47.940639,0.8070303479,-0.5680276422,0.1613896383,,,,
22984,0.0,-500.574005,1404.797852,-47.85284,0.7803612616,-0.6056720538,0.1555559855,,,,
22985,0.0,-497.038757,1402.875488,-47.763908,0.7626775057,-0.6290198778,0.1505224758,,,,
22986,0.0,-495.550568,1402.030762,-47.737122,0.7548461628,-0.6387919635,0.1488358086,,,,
22987,0.0,-491.081818,1399.368408,-47.26981,0.7313359028,-0.6666875342,0.1437898783,,,,
22988,0.0,-487.497009,1397.110962,-46.865227,0.7121326524,-0.6881704625,0.1388830443,,,,
22989,0.0,-484.101349,1394.873779,-46.504768,0.6940498423,-0.7072041303,0.1347484115,,,,
22990,0.0,-480.888763,1392.672363,-46.545303,0.6804689935,-0.7211216078,0.1301751729,,,,
22991,0.0,-477.772552,1390.510742,-46.152298,0.6718168368,-0.7297267396,0.1271260134,,,,
22992,0.0,-474.301331,1388.040527,-47.660931,0.6639505761,-0.7374387181,0.1239103287,,,,
22993,0.0,-473.327972,1387.307129,-48.314941,0.6610332345,-0.7402334994,0.1228390377,,,,
22994,0.0,-469.04068,1384.03833,-51.630112,0.6524399571,-0.7483218827,0.1197349666,,,,
22995,0.0,-465.612305,1381.284424,-54.35257,0.6424367429,-0.7575186535,0.1159332605,,,,
22996,0.0,-462.344757,1378.470093,-56.790974,0.6290577116,-0.7691672029,0.1125531411,,,,
22997,0.0,-461.196625,1377.485596,-57.949039,0.6233348505,-0.7740886474,0.1106364775,,,,
22998,0.0,-458.210938,1374.776855,-60.315029,0.6076516709,-0.787153001,0.1055916655,,,,
22999,0.0,-454.449921,1371.207153,-61.396576,0.5883376062,-0.8023266147,0.1006521952,,,,
23000,0.0,-450.401337,1367.208862,-61.782017,0.5679972161,-0.8175485555,0.0948341811,,,,
23001,0.0,-446.582245,1363.208984,-61.636143,0.5511783512,-0.8294691521,0.0904618755,,,,
23002,0.0,-445.1541595,1361.665649,-61.5620765,0.5444718694,-0.8340082268,0.0889539616,,,,
23003,0.0,-443.726074,1360.122314,-61.48801,0.5377653875,-0.8385473014,0.0874460477,,,,
23004,0.0,-440.985779,1356.977051,-61.346069,0.5226068915,-0.8484002556,0.0842558203,,,,
23005,0.0,-438.110901,1353.593384,-60.813698,0.5102861186,-0.8562632288,0.0801333894,,,,
23006,0.0,-436.014832,1351.022217,-60.471691,0.5023292633,-0.8611762554,0.07772238,,,,
23007,0.0,-433.007202,1347.289185,-60.008839,0.4936459024,-0.8664110634,0.075137156,,,,
23008,0.0,-428.296387,1341.214844,-59.47295,0.4879957659,-0.8698456205,0.0723099507,,,,
23009,0.0,-425.922485,1337.978882,-59.118496,0.483413121,-0.8725458272,0.0705374649,,,,
23010,0.0,-424.600601,1336.075928,-58.9113215,0.4779086491,-0.8756319485,0.0695063112,,,,
23011,0.0,-422.574005,1333.111206,-58.628551,0.4664634513,-0.8819503444,0.0676419887,,,,
23012,0.0,-419.420502,1328.361816,-58.470543,0.4481819102,-0.8915654818,0.0651457371,,,,
23013,0.0,-418.91626,1327.095825,-57.068649,0.4285458309,-0.9013154341,0.0630789905,,,,
23014,0.0,-418.633148,1326.136841,-56.802006,0.403061881,-0.9132103362,0.0598999327,,,,
23015,0.0,-418.644653,1325.594849,-56.646046,0.3760869702,-0.9248651184,0.0564190003,,,,
23016,0.0,-417.909729,1324.219727,-56.378941,0.3396173068,-0.9391500754,0.0515482369,,,,
23017,0.0,-417.142487,1322.754517,-56.297848,0.2924968125,-0.9550889736,0.0474411967,,,,
23244,0.0,586.815979,1109.5,65.499146,1.0,0.0,0.0,,,,
23245,0.0,587.074005,1109.5,65.499146,1.0,0.0,0.0,,,,
23246,0.0,587.332031,1109.5,65.499146,1.0,0.0,0.0,,,,
23247,0.0,587.654785,1109.682983,65.498726,1.0,0.0,0.0,,,,
23248,0.0,587.712738,1109.962219,65.4980815,0.9999997729,-0.0004765621,0.0,,,,
23264,0.0,607.247864,1116.174683,65.462959,0.9199711434,-0.3890956233,0.0475151675,,,,
23265,0.0,608.792114,1116.511597,65.455757,0.9097638801,-0.4119262248,0.0514438304,,,,
23266,0.0,609.34906,1116.62793,65.453003,0.9057227164,-0.4205522268,0.0529356741,,,,
23267,0.0,613.311707,1117.21582,65.439804,0.902956564,-0.4257654298,0.0582515433,,,,
23268,0.0,613.313965,1115.544312,65.439972,0.9177795602,-0.3926213386,0.0594067621,,,,
23269,0.0,615.460754,1114.212402,65.433304,0.9416455169,-0.3313224398,0.0594067447,,,,
23270,0.0,616.661926,1113.330078,65.42881,0.956191618,-0.286564636,0.0598188855,,,,
23271,0.0,618.203186,1112.02478,65.422951,0.9679211273,-0.243926913,0.0602358071,,,,
23272,0.0,619.764099,1110.607544,65.416878,0.9766058016,-0.2063911909,0.0603637682,,,,
23273,0.0,621.742859,1108.626831,65.408661,0.9843826166,-0.1653695179,0.0603637857,,,,
23274,0.0,623.445374,1106.870605,65.397888,0.9873160604,-0.1468441703,0.0603637857,,,,
23275,0.0,625.184814,1105.043823,65.384712,0.9888590418,-0.1360662005,0.0603637682,,,,
23276,0.0,626.793762,1103.332153,65.372368,0.9894756819,-0.1311873517,0.0610553336,,,,
23277,0.0,628.907104,1101.049927,65.355919,0.9905109941,-0.1220549068,0.0631709601,,,,
23278,0.0,630.855408,1098.910034,65.340652,0.9912701415,-0.1147705917,0.0648938965,,,,
23279,0.0,632.476929,1097.115234,65.327393,0.9925373921,-0.1012734441,0.0679206514,,,,
23280,0.0,634.910278,1094.389526,65.307777,0.994178662,-0.0794429066,0.0727847001,,,,
23281,0.0,635.872375,1093.307007,65.299957,0.9945705613,-0.0737046403,0.0734644439,,,,
23282,0.0,638.671875,1090.205078,65.277534,0.995742383,-0.0527867592,0.0755689411,,,,
23283,0.0,640.415527,1088.286011,65.26123,0.9960265169,-0.0444526132,0.0771695717,,,,
23284,0.0,642.988098,1085.480225,65.232849,0.9962728116,-0.0355127057,0.0786087305,,,,
23285,0.0,644.740295,1083.586304,65.213173,0.9963678774,-0.0307871159,0.0793927352,,,,
23286,0.0,646.713013,1081.482788,65.19075,0.9964123484,-0.025186905,0.0807963602,,,,
23287,0.0,649.186218,1078.829346,65.162041,0.996414112,-0.0199298334,0.0822296734,,,,
23288,0.0,653.215515,1074.561768,65.113182,0.9965817448,-0.0051208697,0.0824536389,,,,
23289,0.0,654.6227415,1073.0925295,65.0961915,0.9965793437,0.0004309958,0.0824536389,,,,
23290,0.0,656.029968,1071.623291,65.079201,0.9965769427,0.0059828613,0.0824536389,,,,
23291,0.0,657.706604,1069.910522,65.059303,0.9965133501,0.012749249,0.0824536215,,,,
23292,0.0,662.498901,1065.007446,65.002411,0.9960904666,0.0263315772,0.0843233676,,,,
23293,0.0,663.671234,1063.8411865,64.988766,0.9958372464,0.0302789356,0.0858681123,,,,
23294,0.0,667.270691,1060.276733,64.947029,0.9950492229,0.0413620213,0.0903671794,,,,
23295,0.0,668.5400085,1059.0343625,64.9230155,0.9946626768,0.0465658383,0.091913877,,,,
23296,0.0,672.112366,1055.606079,64.848564,0.9935140699,0.0618108803,0.0954421712,,,,
23297,0.0,674.504639,1053.40271,64.797188,0.9926466627,0.0720060548,0.0973022662,,,,
23298,0.0,676.836731,1051.271729,64.747353,0.9917383161,0.0805929308,0.0997992583,,,,
23299,0.0,679.176453,1049.158325,64.697647,0.9907716679,0.0886813576,0.1025042384,,,,
23300,0.0,681.252502,1047.319824,64.654488,0.9899736446,0.0951726222,0.1043760269,,,,
23301,0.0,684.793274,1044.150391,64.581245,0.9890523049,0.1024466774,0.1062083633,,,,
23302,0.0,687.050293,1042.151855,64.538551,0.9885147869,0.106645441,0.1070759821,,,,
23303,0.0,689.145203,1040.326538,64.499985,0.987612452,0.1133086895,0.1085485396,,,,
23304,0.0,692.066528,1037.829834,64.446175,0.9861590827,0.124785058,0.1091739568,,,,
23305,0.0,694.447327,1035.792603,64.402283,0.9851851334,0.1322546644,0.1091739741,,,,
23306,0.0,696.612,1033.968506,64.362625,0.9840141774,0.1402192021,0.1097937795,,,,
23307,0.0,699.900513,1031.264404,64.303192,0.9820526071,0.1524648549,0.1110276766,,,,
23308,0.0,702.151184,1029.434937,64.262596,0.9803499778,0.1619713904,0.1126019078,,,,
23309,0.0,704.373047,1027.666504,64.223,0.9785457388,0.1714078597,0.1143135282,,,,
23310,0.0,706.816345,1025.737915,64.178764,0.9749210891,0.1894420518,0.1167928896,,,,
23311,0.0,709.907166,1023.336487,64.122314,0.9676495958,0.2222155191,0.1194760342,,,,
23312,0.0,712.50293,1021.595947,64.078377,0.9585757351,0.2588731742,0.1188159912,,,,
23313,0.0,714.90094,1020.138367,64.038452,0.9442313306,0.3082500157,0.1157977643,,,,
23314,0.0,717.61731,1018.573914,64.006493,0.9243596332,0.3647072072,0.1120175051,,,,
23315,0.0,720.073608,1017.247131,63.991756,0.9018130264,0.4187291767,0.1067667647,,,,
23316,0.0,723.151245,1015.604858,63.976624,0.8763737835,0.4698934389,0.1056841884,,,,
23317,0.0,726.282043,1013.935974,63.958664,0.8585559179,0.5014146545,0.1070751145,,,,
23318,0.0,729.125793,1012.38269,63.939842,0.8559968723,0.5057301504,0.1072677476,,,,
23319,0.0,731.819885,1011.023071,63.921627,0.8559968723,0.5057301504,0.1072677476,,,,
23320,0.0,734.71283,1009.621216,63.902546,0.8559968723,0.5057301504,0.1072677476,,,,
23321,0.0,738.592041,1007.839661,63.877354,0.8559968723,0.5057301504,0.1072677476,,,,
23322,0.0,741.5,1006.572937,63.858746,0.8559968723,0.5057301504,0.1072677476,,,,
23323,0.0,744.263123,1005.415527,63.841248,0.8559968723,0.5057301504,0.1072677476,,,,
23324,0.0,746.468872,1004.540161,63.827507,0.8559968723,0.5057301504,0.1072677476,,,,
23325,0.0,750.806885,1002.831421,63.800434,0.8559968723,0.5057301504,0.1072677476,,,,
23326,0.0,753.570496,1001.788086,63.783379,0.8559968723,0.5057301504,0.1072677476,,,,
23327,0.0,757.330261,1000.436768,63.763603,0.8559968723,0.5057301504,0.1072677476,,,,
23328,0.0,760.036987,999.491333,63.752693,0.8559968723,0.5057301504,0.1072677476,,,,
23329,0.0,762.633667,998.615356,63.744213,0.8617902929,0.497804631,0.0975091812,,,,
23330,0.0,766.026489,997.459351,63.735508,0.8683430022,0.4884305785,0.0861162036,,,,
23331,0.0,770.243835,996.01593,63.729996,0.8821972585,0.4653502391,0.0719524287,,,,
23332,0.0,773.411926,994.926514,63.732788,0.8933346986,0.4451598144,0.06152931,,,,
23333,0.0,778.634155,993.132385,63.751038,0.9053631578,0.4218196066,0.0488443657,,,,
23334,0.0,780.5702515,992.474823,63.749886,0.9068564288,0.4187926426,0.047003833,,,,
23335,0.0,782.506348,991.817261,63.748734,0.9083496997,0.4157656785,0.0451633004,,,,
23336,0.0,786.506287,990.591858,63.74873,0.9087180568,0.4150373949,0.0444460802,,,,
23337,0.0,788.566467,990.03595,63.757862,0.911076906,0.4101355354,0.0415657788,,,,
23338,0.0,791.128662,989.312378,63.766144,0.9159912581,0.3995779982,0.0360199736,,,,
23339,0.0,792.529114,988.936584,63.765903,0.9176296835,0.3960867651,0.0327267233,,,,
23340,0.0,794.617004,988.366516,63.765919,0.919197821,0.3927326171,0.02892157,,,,
23341,0.0,796.11499,987.9328,63.765923,0.9191522805,0.3929169973,0.0278445426,,,,
23342,0.0,797.396301,987.566406,63.765923,0.9188949028,0.3935673804,0.0271454361,,,,
23343,0.0,798.814148,987.171814,63.765923,0.9181303487,0.3954188767,0.0260878273,,,,
23344,0.0,799.817871,986.724426,63.765926,0.9177741025,0.3962904705,0.0253881822,,,,
23345,0.0,801.133179,986.059082,63.765923,0.9174187463,0.3971566886,0.024686204,,,,
23346,0.0,802.319214,985.289917,63.765923,0.9168945219,0.3984759901,0.022832455,,,,
23347,0.0,803.456421,984.445923,63.765923,0.9149626857,0.403083903,0.0191481285,,,,
23348,0.0,804.588562,983.517639,63.765923,0.9116127988,0.4107297133,0.016223677,,,,
23349,0.0,805.737244,982.470764,63.781204,0.9078155733,0.4191441741,0.0137494102,,,,
23350,0.0,806.894775,981.30542,63.782181,0.9042610462,0.4268184797,0.0117450279,,,,
23351,0.0,807.853699,980.256592,63.782188,0.9007103985,0.4343030663,0.0100809034,,,,
23352,0.0,809.115723,978.812439,63.782173,0.8970421058,0.4418652531,0.0083999091,,,,
23353,0.0,810.034424,977.714844,63.781784,0.8937059794,0.4486039991,0.0066388521,,,,
23354,0.0,811.250671,976.1604,63.780609,0.8891802168,0.457537133,0.0042794819,,,,
23355,0.0,812.401978,974.638916,63.779411,0.8854852377,0.4646595278,0.0027234084,,,,
23356,0.0,813.336853,973.323486,63.778305,0.8842640731,0.4669811548,0.0023769966,,,,
23357,0.0,814.622131,971.476929,63.776737,0.8832511589,0.4688953255,0.0021363686,,,,
23358,0.0,815.737183,969.820312,63.775284,0.8831365943,0.4691111883,0.0021092288,,,,
23359,0.0,816.730225,968.300232,63.773899,0.8831365943,0.4691111883,0.0021092288,,,,
23360,0.0,818.044983,966.264648,63.772018,0.8831365943,0.4691111883,0.0021092288,,,,
23361,0.0,819.190002,964.461426,63.770237,0.88273573,0.4698650679,0.0021092288,,,,
23362,0.0,820.255554,962.778992,63.76836,0.8807917352,0.4734991768,0.0021092288,,,,
23363,0.0,821.250549,961.197327,63.766533,0.8782835779,0.4781311509,0.0029256389,,,,
23364,0.0,822.722107,958.828857,63.763821,0.8753736569,0.4834302034,0.0040248231,,,,
24023,0.0,1427.956665,1841.812866,55.951069,-0.6915298775,0.7143102442,0.1074583811,0.1103881111,443.3096178692,970.6433786575,1.0
24024,0.0,1427.990234,1841.778076,56.013432,-0.6915298775,0.7143102442,0.1074583811,0.1108896254,444.4581376309,971.0838634639,1.0
24025,0.0,1428.541016,1844.105103,56.222996,-0.6981894141,0.7080419703,0.1058683636,0.1084136667,439.7666264703,971.1071857623,1.0
24026,0.0,1428.045044,1848.113281,55.185268,-0.7062181072,0.7003243484,0.10393167,0.1053362389,433.0631303966,969.3848607428,1.0
24027,0.0,1428.376953,1849.262939,54.446095,-0.7087198358,0.6978935721,0.1032509388,0.1043425125,431.1077128734,969.3379425146,1.0
24028,0.0,1429.460083,1853.843872,54.639469,-0.7165157815,0.6902335941,0.1009094666,0.1023410386,427.3569604857,969.7433025916,1.0
24029,0.0,1429.721191,1857.349365,54.557098,-0.7172945007,0.6895117126,0.1003105048,0.1036141652,429.6454433746,969.2533098406,1.0
24030,0.0,1429.784058,1858.686157,54.515144,-0.71744218,0.6893860811,0.1001176791,0.1041971761,430.6808284173,969.0160763666,1.0
24031,0.0,1430.143799,1862.883057,54.308571,-0.7176623956,0.6891985896,0.0998298053,0.1062070284,434.3734021524,968.5462085557,1.0
24032,0.0,1430.172363,1866.2052,54.394054,-0.7181190778,0.6887227284,0.0998298227,0.1077738989,437.1152987668,967.9494896412,1.0
24033,0.0,1430.330933,1869.352783,54.304783,-0.7217385525,0.6847571178,0.1010007498,0.1076605722,436.7672851548,967.6587775137,1.0
24034,0.0,1430.405884,1873.562012,54.203339,-0.7264659092,0.6794952816,0.1026325727,0.1076500307,436.6722241389,967.4928415318,1.0
24035,0.0,1430.387817,1875.058228,54.232353,-0.7291394764,0.6765574885,0.1030804967,0.1070842575,435.5094689707,967.3177244067,1.0
24036,0.0,1430.37146,1879.351562,54.224117,-0.7371320371,0.6676457043,0.1043339511,0.1050701109,431.4592538011,966.9491135345,1.0
24037,0.0,1430.301514,1882.814819,54.288902,-0.7447163829,0.6590235754,0.1052873974,0.1026764732,426.4383184302,966.1622277596,1.0
24038,0.0,1430.162964,1885.804443,54.373482,-0.7533694004,0.6489642255,0.1062072526,0.0995331368,419.9899127592,965.6613810601,1.0
24039,0.0,1430.011841,1889.154175,54.395187,-0.7637645913,0.6366477082,0.1065051392,0.0955000633,411.6136449144,965.1558606563,1.0
24040,0.0,1429.50647,1895.307617,54.285313,-0.7883359865,0.6066973159,0.102199507,0.0843084712,387.5851990468,964.4257279477,1.0
24041,0.0,1429.3092655,1897.5668945,54.140551,-0.7938943854,0.5995341157,0.101029565,0.0820704309,382.3940105571,963.9230174906,1.0
24042,0.0,1429.112061,1899.826172,53.995789,-0.7994527842,0.5923709155,0.0998596229,0.0798323906,377.2028220675,963.4203070335,1.0
24043,0.0,1428.823486,1903.126465,53.842796,-0.8070511829,0.5823048957,0.097925465,0.0768361519,370.0710978406,962.7072048999,1.0
24044,0.0,1428.382568,1908.14563,53.719837,-0.8172987757,0.5681585678,0.0960132958,0.0731111454,360.9130109256,961.5733367748,1.0
24045,0.0,1427.988403,1911.635376,53.466503,-0.8256461682,0.5560627769,0.0954075108,0.0700318838,353.2621232293,960.8909507112,1.0
24046,0.0,1427.613159,1914.821289,53.242504,-0.8339280749,0.5434114074,0.0962704948,0.0671829646,346.1562553163,960.6102790022,1.0
24047,0.0,1427.357849,1916.7107545,53.1806695,-0.8399958709,0.5337142023,0.0970802631,0.0649383422,340.3399866913,960.2438241886,1.0
24048,0.0,1427.102539,1918.60022,53.118835,-0.8460636669,0.5240169971,0.0978900314,0.0626937198,334.5237180662,959.877369375,1.0
24049,0.0,1426.578247,1922.150757,52.962742,-0.8547806508,0.5094923513,0.0988310826,0.0596312423,326.1387449331,958.7896348263,1.0
24050,0.0,1425.536743,1928.053345,53.278713,-0.8733849804,0.4769834839,0.0984145931,0.0524342314,305.7889041772,956.9036323411,1.0
24051,0.0,1425.2211915,1929.787964,53.2950685,-0.8775892114,0.4691681184,0.0981816839,0.0508817028,301.0961551077,956.2112569862,1.0
24052,0.0,1424.549438,1933.381836,53.692997,-0.8842509313,0.4566307317,0.0979217306,0.0487360146,294.4424060371,954.8108323783,1.0
24053,0.0,1423.578125,1937.665771,54.132877,-0.8921156696,0.441382699,0.0964932391,0.0461130629,286.2487729722,953.6344555104,1.0
24054,0.0,1423.235962,1939.166748,54.172447,-0.8939904649,0.4377026435,0.0959033089,0.0455223079,284.2636149578,953.0019294864,1.0
24055,0.0,1422.205444,1942.963623,54.51976,-0.898001017,0.4298570337,0.0938994363,0.0441382729,279.3652860773,950.8142844152,1.0
24056,0.0,1421.148193,1946.567749,54.7132,-0.9006586186,0.4247623477,0.0916024052,0.0432911131,276.1412551837,948.7871838361,1.0
24057,0.0,1420.039062,1949.892944,54.854767,-0.9019447868,0.4222948566,0.0903474162,0.0431336616,275.0455053607,946.7074780084,1.0
24058,0.0,1419.171997,1952.556885,54.886665,-0.9022398264,0.4217766671,0.0898205926,0.0434592228,275.7836861857,945.7647925853,1.0
24059,0.0,1418.215088,1956.013184,54.973053,-0.9024822786,0.4213597536,0.0893403316,0.0439358461,276.6987004058,943.8567260539,1.0
24060,0.0,1417.742188,1957.571167,54.968216,-0.9024869703,0.4213516802,0.0893310141,0.0442490889,277.444637471,943.1209624551,1.0
24061,0.0,1416.426025,1961.054565,54.765804,-0.9024869703,0.4213516802,0.0893310141,0.0448649581,278.5936322833,940.652410658,1.0
24062,0.0,1415.502075,1963.916626,54.700073,-0.9024869703,0.4213516802,0.0893310141,0.0454171078,279.7423456448,938.9045171115,1.0
24063,0.0,1414.369995,1966.983398,54.117889,-0.9024869703,0.4213516802,0.0893310141,0.0458868741,280.485215605,936.6792217757,1.0
24064,0.0,1413.506104,1969.542847,53.812683,-0.9039888855,0.4178754048,0.0904667946,0.0458327976,279.7965226185,934.9174572612,1.0
24065,0.0,1412.382446,1972.944458,53.589691,-0.9058698269,0.4134651412,0.0919044813,0.0459323861,279.7170156867,933.6617973809,1.0
24066,0.0,1411.325073,1976.041504,53.452381,-0.9093530195,0.4055048414,0.0929672502,0.0451570735,276.9234999808,932.0538054326,1.0
24067,0.0,1410.35022,1978.847168,53.526447,-0.9143574598,0.3940476045,0.0931499926,0.0435510098,271.7120868464,930.8411600027,1.0
24068,0.0,1409.395386,1981.545654,53.526485,-0.9188893315,0.3833607724,0.0931499579,0.0421277067,267.0031441364,929.6945523988,1.0
24069,0.0,1408.026733,1985.345947,53.603916,-0.927279028,0.3625971406,0.0931499752,0.0394408185,258.143140607,928.3198818652,1.0
24070,0.0,1406.977173,1988.13501,53.684513,-0.9320582532,0.3508268284,0.0904872876,0.0374254766,251.1717252958,926.774339292,1.0
24071,0.0,1405.826538,1991.085449,53.936455,-0.9364389524,0.3394693155,0.0885588638,0.0360566645,246.3569066849,925.7793544105,1.0
24072,0.0,1404.790771,1993.70752,54.251167,-0.939416021,0.3313877962,0.0876337153,0.0352895802,243.4550848621,924.5839054455,1.0
24073,0.0,1403.64978,1996.583008,54.612743,-0.9421635455,0.3235512497,0.0874210634,0.0346984376,241.0221315627,922.969528731,1.0
24074,0.0,1402.433838,1999.596436,54.917511,-0.9444431491,0.3168354445,0.087421046,0.0344670955,239.8597448692,921.541428965,1.0
24075,0.0,1401.203247,2002.646484,55.175926,-0.9468318592,0.3094425958,0.0880608327,0.0343065867,238.9238685607,920.0530966311,1.0
24076,0.0,1399.824707,2005.860718,55.305153,-0.9502792167,0.2983783705,0.0891053216,0.033845496,236.9107102274,918.3863753503,1.0
24077,0.0,1398.504639,2009.126221,55.56477,-0.9536403073,0.286940586,0.0907483575,0.0327994032,703.7794005348,2770.6346198245,0.0
24078,0.0,1397.330811,2011.919189,55.589905,-0.9569223678,0.2756351418,0.0912406189,0.0301687359,674.4191688694,2766.5392478503,0.0
24079,0.0,1395.77063,2015.253174,55.630169,-0.9599732179,0.2648142064,0.0912406537,0.0277720749,646.4119529201,2762.0190063962,0.0
24080,0.0,1394.513916,2018.312866,55.651539,-0.9621811645,0.256675969,0.0912406363,0.0260607152,625.583360336,2758.1960267492,0.0
24081,0.0,1393.304199,2021.185913,55.555256,-0.9648688818,0.2458788304,0.0925831613,0.0239558899,599.2773620732,2754.37711153,0.0
24082,0.0,1391.728394,2025.139038,55.222935,-0.9676926251,0.234294833,0.0931499579,0.0217887906,570.9080944908,2749.8772566238,0.0
24083,0.0,1389.365967,2030.321533,54.664066,-0.970957335,0.220374535,0.0931499752,0.019236495,535.4031960344,2742.8475828724,0.0
24084,0.0,1388.005371,2033.244141,54.493275,-0.9721070825,0.2152461512,0.0931499579,0.0183771206,522.7520647836,2739.3436629927,0.0
24085,0.0,1387.0566405,2034.9713135,54.5185625,-0.9726845234,0.2126043053,0.0931499579,0.0179350632,515.9840697841,2736.8733291111,0.0
24086,0.0,1385.000732,2039.104004,54.132011,-0.97348422,0.2082480354,0.0946637693,0.0173500009,506.5916675166,2731.3997416194,0.0
24087,0.0,1383.846069,2041.240112,53.904011,-0.973956773,0.2040653002,0.0988208356,0.0170302912,501.3383194928,2728.1096661984,0.0
24088,0.0,1382.286499,2044.034912,53.72086,-0.974449647,0.1993309441,0.1035135748,0.0167911824,497.2735697856,2725.0251474122,0.0
24089,0.0,1380.092407,2047.760498,53.730583,-0.9752622764,0.1902433038,0.1125654368,0.0163598442,489.9460019318,2719.7387605621,0.0
24090,0.0,1378.715454,2050.010742,53.778622,-0.9758683761,0.1844349865,0.1168958867,0.0160122219,484.1780875472,2716.5007824623,0.0
24091,0.0,1377.213257,2052.15332,54.107277,-0.9766039841,0.1772523311,0.1217631688,0.0156008602,477.3713562161,2713.1110378,0.0
24092,0.0,1376.1901855,2053.6817625,54.276472,-0.976971428,0.1735046957,0.1241098812,0.0154037802,473.936650784,2710.6728385432,0.0
24093,0.0,1374.439575,2056.374756,54.459518,-0.9775048358,0.1680046399,0.127509752,0.0151310733,469.0733631182,2706.6991571747,0.0
24094,0.0,1371.378662,2061.193115,55.23307,-0.9780058848,0.1621247501,0.1312252058,0.014949209,465.134135626,2700.1214229286,0.0
24095,0.0,1369.938354,2063.467773,55.283932,-0.9784399892,0.1581445431,0.1328363319,0.0147001768,460.7431504628,2697.0224203663,0.0
24096,0.0,1368.713013,2065.354004,55.524433,-0.9789669539,0.1534070092,0.1344990434,0.0143807683,455.277924134,2694.2479620148,0.0
24097,0.0,1367.598022,2067.055176,55.598297,-0.9797756151,0.1476472172,0.1350557041,0.0138284266,446.1163752514,2691.8657640578,0.0
24098,0.0,1365.899536,2069.527344,56.118397,-0.9812600635,0.1374359825,0.1350556868,0.0128018234,428.7447265925,2688.0805979129,0.0
24099,0.0,1364.687256,2071.218994,56.252441,-0.9823291799,0.1303245342,0.1343313001,0.0120405387,415.4756483678,2685.4610235905,0.0
24100,0.0,1363.267944,2073.317139,56.384884,-0.9832667641,0.1238661296,0.1335801352,0.0113988351,403.9225751213,2682.8355165514,0.0
24101,0.0,1361.883789,2075.099365,56.568996,-0.9837308863,0.1207627572,0.1330033828,0.0110713563,397.7660410098,2680.5115826748,0.0
24102,0.0,1360.669189,2076.634277,56.58744,-0.9840639633,0.1183160485,0.1327381962,0.0108048922,392.624900409,2678.1131870776,0.0
24103,0.0,1359.163086,2078.61792,56.687401,-0.9843726451,0.1159885199,0.1325034298,0.0105872722,388.3172164867,2675.6676002689,0.0
24104,0.0,1357.943726,2080.191406,56.768959,-0.9849625474,0.1123014892,0.1312903489,0.0101598852,380.1568299399,2673.6792582481,0.0
24105,0.0,1356.643555,2082.208984,56.681091,-0.9860380958,0.1050845024,0.1291747692,0.0094283616,365.9944270405,2671.5754923621,0.0
24106,0.0,1355.695801,2083.847656,56.467987,-0.9868120036,0.1005229947,0.1268747302,0.0088532345,354.474421227,2669.8218397264,0.0
24107,0.0,1354.964722,2085.693115,56.729015,-0.9879209892,0.0947836964,0.1225894366,0.0080514671,337.9312881509,2668.4055558101,0.0
24108,0.0,1354.088379,2087.781982,56.688213,-0.9889635521,0.0891444713,0.1183400011,0.0073125436,321.9403187727,2666.9909561971,0.0
24109,0.0,1353.409058,2089.804199,56.842529,-0.990020196,0.0839941796,0.1131591326,0.0065386928,304.3354661016,2665.6504230097,0.0
24110,0.0,1352.794434,2091.941162,56.998409,-0.9910551788,0.0786890539,0.107785274,0.0058051446,286.6841484423,2664.4855060197,0.0
24111,0.0,1352.335693,2094.059814,57.175179,-0.9921994521,0.0727017888,0.1012654784,0.0050090876,266.2620582898,2663.5417730015,0.0
24112,0.0,1351.858154,2096.300537,57.441902,-0.9930104007,0.0674295473,0.0968689853,0.0045041364,252.4278230695,2662.6006705386,0.0
24113,0.0,1351.397705,2098.296387,57.459435,-0.9938848391,0.0608611373,0.0921349474,0.0039965379,237.7193893183,2661.5951322942,0.0
24114,0.0,1351.065552,2100.182617,57.561905,-0.9944162809,0.0557072303,0.089626808,0.0037553972,230.3188800629,2660.0801689235,0.0
24115,0.0,1350.645142,2102.602295,57.753616,-0.9948921194,0.0507514539,0.0872580119,0.003563329,224.2336094762,2658.5508825495,0.0
24116,0.0,1350.336426,2104.743896,57.937706,-0.995050481,0.0484217629,0.0867748421,0.0035353362,223.244250701,2657.2603637226,0.0
24117,0.0,1350.061768,2106.915771,58.092007,-0.9951824371,0.0465158691,0.086302902,0.0035086099,222.2993489489,2656.0541495404,0.0
24118,0.0,1349.796997,2109.166992,58.234493,-0.9952508568,0.0450818422,0.086274907,0.0035167467,222.4613759616,2654.9187640343,0.0
24119,0.0,1349.518677,2111.466797,58.312172,-0.995390695,0.0418808397,0.086274907,0.003547291,223.3392203204,2653.9154080691,0.0
24120,0.0,1349.316406,2113.797607,58.409943,-0.995504269,0.0380973403,0.0867170286,0.0036338406,225.9508853964,2652.8397308044,0.0
24121,0.0,1349.160767,2116.112061,58.530853,-0.9955698708,0.0351953126,0.0871890038,0.0037181238,228.4756728412,2651.9608416094,0.0
25330,0.0,-251.072418,1492.3302,95.380882,-0.151158433,-0.975799761,0.1580061855,,,,
25331,0.0,-251.063705,1492.386719,94.563896,-0.151158433,-0.975799761,0.1580061855,,,,
25332,0.0,-251.0640715,1492.3843385,94.5978925,-0.151158433,-0.975799761,0.1580061855,,,,
25333,0.0,-251.064438,1492.381958,94.631889,-0.151158433,-0.975799761,0.1580061855,,,,
25334,0.0,-251.230545,1492.137695,94.63002,-0.1423922916,-0.9808327969,0.1330092469,,,,
25335,0.0,-251.344971,1491.799194,94.57975,-0.1427254781,-0.9839720447,0.1069039433,,,,
25336,0.0,-251.470642,1491.387451,94.401474,-0.1455697745,-0.9863389346,0.0771034816,,,,
25337,0.0,-251.516068,1491.239502,94.110649,-0.1473373813,-0.9871161901,0.0623965002,,,,
25338,0.0,-251.511642,1491.216919,93.228691,-0.1477012649,-0.9878891,0.047533804,,,,
25339,0.0,-251.5075985,1491.2075195,92.5426595,-0.1477178041,-0.9880001927,0.0450427768,,,,
25340,0.0,-251.503555,1491.19812,91.856628,-0.1477343433,-0.9881112854,0.0425517496,,,,
25341,0.0,-251.509155,1491.157227,90.68721,-0.1486229337,-0.988056627,0.0406856912,,,,
25342,0.0,-251.518875,1491.105469,89.07412,-0.1501355737,-0.9879735446,0.0369808696,,,,
25343,0.0,-251.513489,1491.085693,86.998718,-0.1490298323,-0.9883038754,0.0323351042,,,,
25344,0.0,-251.4729,1491.263916,85.416794,-0.147191349,-0.9887256589,0.0275005129,,,,
25345,0.0,-251.435577,1491.397583,84.297852,-0.1450184998,-0.9891482966,0.0235644236,,,,
25346,0.0,-251.362656,1491.227783,83.53936,-0.1427397063,-0.9895466231,0.0205634858,,,,
25347,0.0,-251.182785,1491.348999,82.461296,-0.1395199704,-0.9900566552,0.0179442853,,,,
25348,0.0,-251.011475,1491.358521,81.447281,-0.1365367202,-0.9904880758,0.0170615284,,,,
25349,0.0,-250.813736,1491.236328,79.738312,-0.1322895817,-0.9910588297,0.0173741926,,,,
25350,0.0,-250.617523,1491.165161,79.46463,-0.1289836334,-0.9914689966,0.018773683,,,,
25351,0.0,-250.399963,1491.225586,79.376579,-0.1264322276,-0.9917771431,0.0198239836,,,,
25352,0.0,-250.21489,1491.045044,79.560829,-0.1245163557,-0.9920190875,0.0198445744,,,,
25353,0.0,-250.129044,1491.088989,79.509399,-0.1228068851,-0.9922279265,0.0200551937,,,,
25354,0.0,-249.82428,1490.981079,79.609138,-0.1182184707,-0.9927732284,0.0206327432,,,,
25355,0.0,-249.543243,1490.983032,79.589424,-0.1140766284,-0.9932408703,0.0214265354,,,,
25356,0.0,-249.272537,1490.954346,79.570572,-0.1098456908,-0.9937028156,0.022105168,,,,
25357,0.0,-248.9888,1490.924072,79.56041,-0.1080056805,-0.9938928425,0.0226227904,,,,
25358,0.0,-248.710831,1490.896484,79.549088,-0.1078118165,-0.9939116699,0.0227201373,,,,
25359,0.0,-248.557693,1490.645386,79.950668,-0.1078118165,-0.9939116699,0.0227201373,,,,
25360,0.0,-248.504959,1490.394165,80.511566,-0.1078118165,-0.9939116699,0.0227201373,,,,
25361,0.0,-248.516098,1490.238037,80.965294,-0.1078118165,-0.9939116699,0.0227201373,,,,
25362,0.0,-248.522095,1490.185181,80.965294,-0.1078118165,-0.9939116699,0.0227201373,,,,
25363,0.0,-248.491104,1490.470825,81.020218,-0.1078118165,-0.9939116699,0.0227201373,,,,
25364,0.0,-248.493179,1490.451904,81.038124,-0.1078118165,-0.9939116699,0.0227201373,,,,
25365,0.0,-248.449448,1490.855103,80.974281,-0.1078118165,-0.9939116699,0.0227201373,,,,
25366,0.0,-248.421906,1491.148926,80.956161,-0.1083253089,-0.993855836,0.0227201373,,,,
25367,0.0,-248.389221,1491.505249,80.957413,-0.1090972104,-0.9937713993,0.0227201373,,,,
25368,0.0,-248.367294,1491.852539,80.969322,-0.1111998729,-0.9935472484,0.0223260721,,,,
25369,0.0,-248.342148,1492.209106,80.973862,-0.1132122433,-0.9933218667,0.0222408863,,,,
25370,0.0,-248.326675,1492.374146,80.970245,-0.1136807245,-0.9932717651,0.0220883122,,,,
25371,0.0,-248.261566,1492.96167,80.915474,-0.1140070661,-0.9932488979,0.0214246508,,,,
25372,0.0,-248.217773,1493.343628,80.861641,-0.1140071526,-0.9932519469,0.0212823691,,,,
25373,0.0,-248.214706,1493.3703615,80.817196,-0.1140071526,-0.9932519469,0.0212823691,,,,
25374,0.0,-248.211639,1493.397095,80.772751,-0.1140071526,-0.9932519469,0.0212823691,,,,
25375,0.0,-248.187073,1493.611084,80.680794,-0.1140071526,-0.9932519469,0.0212823691,,,,
25376,0.0,-248.173584,1493.728271,80.58078,-0.1140071526,-0.9932519469,0.0212823691,,,,
25377,0.0,-248.167465,1493.781555,80.5727235,-0.1140071526,-0.9932519469,0.0212823691,,,,
25378,0.0,-248.15007,1493.950439,80.545509,-0.1143547227,-0.9932119905,0.0212823691,,,,
25379,0.0,-248.146362,1494.004883,80.522987,-0.1148262575,-0.9931720719,0.0205952964,,,,
25380,0.0,-248.149307,1494.001343,80.523956,-0.115275996,-0.993125564,0.0203238498,,,,
25381,0.0,-248.344193,1492.372437,80.118668,-0.1160898567,-0.9930439525,0.0196685923,,,,
25382,0.0,-248.330063,1492.531616,80.123993,-0.1167198908,-0.9929824299,0.0190357846,,,,
25383,0.0,-248.318237,1492.661743,80.125877,-0.1172316595,-0.9929318598,0.0185218758,,,,
25384,0.0,-248.2995,1492.874878,80.165634,-0.1181876285,-0.9928284215,0.0179836013,,,,
25385,0.0,-248.277908,1493.062134,80.210648,-0.118299063,-0.9928161655,0.0179274456,,,,
25386,0.0,-248.25563,1493.249023,80.285294,-0.118299063,-0.9928161655,0.0179274456,,,,
25387,0.0,-248.230804,1493.45752,80.385887,-0.118299063,-0.9928161655,0.0179274456,,,,
25388,0.0,-248.209076,1493.639771,80.475479,-0.118299063,-0.9928161655,0.0179274456,,,,
25389,0.0,-248.18512,1493.840942,80.587044,-0.118299063,-0.9928161655,0.0179274456,,,,
25390,0.0,-248.167328,1493.98999,80.667778,-0.118299063,-0.9928161655,0.0179274456,,,,
25391,0.0,-248.138474,1494.232422,80.796402,-0.118299063,-0.9928161655,0.0179274456,,,,
25392,0.0,-248.117828,1494.405273,80.856529,-0.118299063,-0.9928161655,0.0179274456,,,,
25393,0.0,-248.125778,1494.338867,80.838943,-0.118299063,-0.9928161655,0.0179274456,,,,
25394,0.0,-248.105209,1494.511353,80.875397,-0.118299063,-0.9928161655,0.0179274456,,,,
25395,0.0,-248.100662,1494.549805,80.864059,-0.118299063,-0.9928161655,0.0179274456,,,,
25396,0.0,-248.100342,1494.552246,80.863358,-0.118299063,-0.9928161655,0.0179274456,,,,
25397,0.0,-248.091797,1494.624023,80.828087,-0.118299063,-0.9928161655,0.0179274456,,,,
25398,0.0,-248.090149,1494.629272,80.816956,-0.1180878553,-0.9928564221,0.0170699571,,,,
25399,0.0,-248.29631,1492.882446,80.419708,-0.1178535929,-0.992900153,0.0161188313,,,,
25400,0.0,-248.280472,1492.989014,80.433395,-0.1173703847,-0.9929735996,0.0150871881,,,,
25401,0.0,-248.286316,1492.938477,80.433487,-0.1173527183,-0.9929762274,0.0150516223,,,,
25402,0.0,-248.259964,1493.161377,80.459351,-0.1173527183,-0.9929762274,0.0150516223,,,,
25403,0.0,-248.265335,1493.115967,80.451111,-0.1173527183,-0.9929762274,0.0150516223,,,,
25404,0.0,-248.240219,1493.328491,80.547546,-0.1173527183,-0.9929762274,0.0150516223,,,,
25405,0.0,-248.239655,1493.333252,80.550903,-0.1173527183,-0.9929762274,0.0150516223,,,,
25406,0.0,-248.209564,1493.587891,80.810097,-0.1173527183,-0.9929762274,0.0150516223,,,,
25407,0.0,-248.196564,1493.697876,80.945412,-0.1173527183,-0.9929762274,0.0150516223,,,,
25408,0.0,-248.192139,1493.735229,81.023697,-0.1173527183,-0.9929762274,0.0150516223,,,,
25409,0.0,-248.186096,1493.786499,81.123863,-0.1173527183,-0.9929762274,0.0150516223,,,,
25410,0.0,-248.183563,1493.786133,81.217682,-0.1169007734,-0.9930295352,0.0150516223,,,,
25411,0.0,-248.187943,1493.747559,81.269653,-0.1168766997,-0.9930323689,0.0150516223,,,,
25412,0.0,-248.185562,1493.768066,81.236015,-0.1168766997,-0.9930323689,0.0150516223,,,,
25413,0.0,-248.190353,1493.727295,81.32135,-0.1168766997,-0.9930323689,0.0150516223,,,,
25414,0.0,-248.20256,1493.623657,81.415443,-0.1168766997,-0.9930323689,0.0150516223,,,,
25415,0.0,-248.204948,1493.6032715,81.4369655,-0.1168766997,-0.9930323689,0.0150516223,,,,
25416,0.0,-248.207336,1493.582886,81.458488,-0.1168766997,-0.9930323689,0.0150516223,,,,
25417,0.0,-248.207947,1493.55957,81.486038,-0.1165189383,-0.9930851021,0.0143288897,,,,
25418,0.0,-248.211456,1493.52356,81.513557,-0.116402298,-0.9931021563,0.0140929799,,,,
25419,0.0,-248.286362,1491.986328,81.239418,-0.1159840319,-0.993162716,0.0132485464,,,,
25420,0.0,-248.358414,1492.103882,81.282585,-0.11570145,-0.9931971927,0.013134342,,,,
25737,0.0,-209.679962,-692.840576,123.111687,0.3770808036,0.9047058009,0.1982863619,,,,
25738,0.0,-209.632553,-692.915466,123.111687,0.3770808036,0.9047058009,0.1982863619,,,,
25739,0.0,-209.580658,-692.999146,123.111687,0.3770808036,0.9047058009,0.1982863619,,,,
25740,0.0,-209.930466,-690.687012,95.314133,0.383277472,0.9020980573,0.1982863448,,,,
25741,0.0,-206.927368,-689.341187,98.483986,0.3915546145,0.8983739982,0.1990204591,,,,
25742,0.0,-204.137741,-688.138916,101.304764,0.4011453094,0.8939419536,0.1998755221,,,,
25743,0.0,-200.313705,-686.524475,104.997902,0.4140110403,0.8875934286,0.2019226682,,,,
25744,0.0,-197.585419,-685.38092,107.536499,0.4201603937,0.8843140633,0.2036022616,,,,
25745,0.0,-194.787552,-684.224548,110.039658,0.4256513726,0.8814477915,0.2046233122,,,,
25746,0.0,-191.045517,-682.699768,113.232368,0.4311614776,0.8784960095,0.2057778939,,,,
25747,0.0,-186.625366,-681.008179,116.61129,0.4451747881,0.8707272498,0.2089341153,,,,
25748,0.0,-184.659477,-680.2723085,116.113579,0.4501446316,0.8678823643,0.2100380939,,,,
25749,0.0,-179.62883,-678.384888,114.838219,0.4620618415,0.8609646577,0.2126939417,,,,
25750,0.0,-177.673813,-677.6786805,114.3429225,0.4669810029,0.8580042381,0.2138298804,,,,
25751,0.0,-173.540192,-676.247253,113.303635,0.4808287747,0.8496492111,0.2165638648,,,,
25752,0.0,-169.453796,-674.86969,112.274361,0.4931851076,0.8419806418,0.2187168227,,,,
25753,0.0,-166.702164,-673.963867,111.577957,0.5005364789,0.8375797435,0.2189141532,,,,
25754,0.0,-163.347839,-672.907532,110.726646,0.5089351968,0.8320942996,0.2204632441,,,,
25755,0.0,-160.172424,-671.908325,109.909607,0.5128238856,0.829617839,0.2207847448,,,,
25756,0.0,-157.918549,-671.203613,109.235565,0.5133148887,0.8293141363,0.2207847107,,,,
25757,0.0,-153.965378,-669.939697,107.923698,0.5133148887,0.8293141363,0.2207847107,,,,
25918,0.0,-414.101562,-449.280304,63.418667,0.0248104069,0.9989530135,0.0384359272,0.047804638,688.9903296044,2255.3631034725,5.0
25919,0.0,-414.095673,-449.043396,63.418667,0.0248104069,0.9989530135,0.0384359272,0.0479012932,688.4838150797,2251.4858886984,5.0
25920,0.0,-414.755249,-447.77121,63.41864,0.0270563205,0.9990106258,0.0352948319,0.0474107129,683.6096642193,2246.8004380941,5.0
25921,0.0,-415.519043,-446.309387,63.418659,0.0296575834,0.9990587138,0.0316561873,0.0468241668,677.9850672298,2241.890664474,5.0
25922,0.0,-416.22113,-444.967224,63.432903,0.0316275005,0.9990289761,0.0306725615,0.0464576016,673.9810055998,2237.2156257233,5.0
25923,0.0,-416.842529,-443.757965,63.437527,0.0339764159,0.9989902824,0.0293941961,0.0459526052,668.9490196728,2232.3917346379,5.0
25924,0.0,-417.484772,-442.522156,63.437061,0.035280729,0.9989652611,0.0286997784,0.0457683513,666.0980690971,2227.2425724296,5.0
25925,0.0,-417.880035,-441.769012,63.437061,0.0353558426,0.9989725471,0.0283516223,0.0458705192,665.8160455434,2223.8769865061,5.0
25926,0.0,-418.452026,-440.673828,63.452805,0.0353580686,0.9990393893,0.0258863971,0.0460349447,665.3762064961,2218.5287309614,5.0
25927,0.0,-418.926849,-439.776154,63.457973,0.034131365,0.9991561493,0.0228481763,0.0465286392,667.3834865118,2213.6642761986,5.0
25928,0.0,-419.260315,-439.150452,63.457607,0.0326306068,0.9992439474,0.0211371032,0.0471009768,670.2663526688,2210.0014942575,5.0
25929,0.0,-419.601715,-438.479401,63.457607,0.0316251351,0.9993160291,0.0191657182,0.0476077127,672.2959863372,2205.1509230257,5.0
25930,0.0,-419.979309,-437.74054,63.457603,0.0310974987,0.999366375,0.0173145637,0.0479868321,673.4401250351,2200.3743677743,5.0
25931,0.0,-420.199341,-437.293457,63.457603,0.0310535395,0.9993703982,0.0171605613,0.0481643241,673.596791789,2196.927114279,5.0
25932,0.0,-420.404846,-436.838715,63.457603,0.0314826595,0.9993727238,0.0162173073,0.0482741192,672.9091214421,2192.24872062,5.0
25933,0.0,-420.514618,-436.576599,63.467464,0.0321903478,0.9993623529,0.0154489178,0.0482124302,671.5247771369,2189.1033007659,5.0
25934,0.0,-420.596039,-436.318756,63.475758,0.0339695193,0.9993322456,0.0134586304,0.0478686621,667.7967914207,2184.5609524092,5.0
25935,0.0,-420.645844,-436.125,63.473572,0.0357714723,0.9992949837,0.0113990046,0.0474847974,663.9564530084,2180.5451803226,5.0
25936,0.0,-420.653168,-436.055939,63.473564,0.0358478641,0.9993112419,0.0095902278,0.0475615055,663.6476556724,2177.8155140907,5.0
27836,0.0,-492.24585,1457.493896,-46.079601,0.1671768478,-0.9858948121,-0.007957448,0.0081764783,61.1054537931,478.819027454,5.0
27837,0.0,-492.213654,1457.499268,-46.074211,0.1671768478,-0.9858948121,-0.007957448,0.0081547147,61.4431359468,482.104500456,5.0
27838,0.0,-492.652878,1457.3095705,-46.3779315,0.1671768478,-0.9858948121,-0.007957448,0.0082943866,62.2333250542,484.1925620856,5.0
27839,0.0,-492.027405,1456.468384,-48.130985,0.1719033896,-0.9850748906,-0.0087569729,0.0088623031,64.9155859776,488.6805286089,5.0
27840,0.0,-491.041931,1455.813354,-49.646618,0.202273273,-0.9793037879,-0.0070437241,0.0089502224,65.6922339389,492.1030514304,5.0
27841,0.0,-491.998718,1455.700928,-49.813351,0.252355722,-0.967633259,0.0015702546,0.0096505523,68.6316523696,495.2034980633,5.0
27842,0.0,-493.350983,1455.46875,-49.756462,0.3499163617,-0.9365579609,0.0204383371,0.0183555638,95.1367430824,498.8288333711,5.0
27843,0.0,-495.204559,1454.776611,-49.541962,0.518589044,-0.8527635316,0.0621269868,0.0604912778,172.2298661431,502.8242520517,5.0
27844,0.0,-496.626068,1453.974487,-49.339569,0.6515300267,-0.752423295,0.0967874445,0.1258996674,245.5794567671,505.5723615741,5.0
27845,0.0,-497.999756,1452.938721,-49.063499,0.7890257843,-0.5988618633,0.1371232305,,,,
27846,0.0,-498.714325,1453.725586,-48.697578,0.917067285,-0.3524197216,0.1865152396,,,,
27847,0.0,-499.659393,1455.076538,-48.278519,0.9632595346,-0.1588249831,0.2165772234,,,,
27848,0.0,-501.06897,1455.487427,-48.097862,0.9707877499,0.0296844153,0.2380965773,,,,
27849,0.0,-502.379913,1456.283569,-48.370926,0.9372948349,0.2414595475,0.251347726,,,,
27850,0.0,-504.907288,1457.878662,-48.388885,0.833078579,0.4884822117,0.2595480883,,,,
27851,0.0,-507.049011,1458.324097,-47.555248,0.7644588237,0.589087683,0.2618747955,,,,
27852,0.0,-509.187988,1458.66626,-47.249828,0.7029145915,0.6610793689,0.2624597971,,,,
27853,0.0,-511.294647,1459.508789,-47.484543,0.6579392705,0.7058546577,0.2624597466,,,,
27854,0.0,-512.833557,1459.770142,-47.490036,0.6510168079,0.712244332,0.2624597634,,,,
27855,0.0,-514.832642,1460.241333,-47.567493,0.6499330724,0.7132334061,0.2624597297,,,,
27856,0.0,-516.246765,1460.729858,-47.703342,0.6539892051,0.7095160268,0.2624597634,,,,
27857,0.0,-517.638123,1461.398315,-47.922569,0.6597669172,0.7033878825,0.2644864868,,,,
27858,0.0,-518.510803,1462.725708,-48.418678,0.6629408359,0.7001145275,0.2652340408,,,,
27859,0.0,-518.680237,1463.687378,-48.491138,0.6629670246,0.7000897348,0.265234024,,,,
27860,0.0,-518.638184,1464.73877,-48.440056,0.6629670246,0.7000897348,0.265234024,,,,
27861,0.0,-518.387878,1466.253296,-48.101692,0.6629670246,0.7000897348,0.265234024,,,,
27862,0.0,-518.13269,1467.362671,-47.9967,0.6629670246,0.7000897348,0.265234024,,,,
27863,0.0,-517.892517,1468.591919,-48.00478,0.6629670246,0.7000897348,0.265234024,,,,
27864,0.0,-517.417175,1469.729248,-47.980263,0.6629670246,0.7000897348,0.265234024,,,,
27865,0.0,-516.754211,1470.260986,-47.911587,0.6629670246,0.7000897348,0.265234024,,,,
27866,0.0,-515.730774,1470.35437,-47.350746,0.6629670246,0.7000897348,0.265234024,,,,
27867,0.0,-515.154236,1470.245361,-47.176643,0.6629670246,0.7000897348,0.265234024,,,,
27868,0.0,-514.489441,1470.13855,-47.110477,0.6629670246,0.7000897348,0.265234024,,,,
27869,0.0,-512.556641,1470.247314,-47.226013,0.6629670246,0.7000897348,0.265234024,,,,
27870,0.0,-511.7362675,1470.3206785,-47.3399885,0.6629670246,0.7000897348,0.265234024,,,,
27871,0.0,-510.915894,1470.394043,-47.453964,0.6629670246,0.7000897348,0.265234024,,,,
27872,0.0,-509.786926,1470.498413,-47.66674,0.6629670246,0.7000897348,0.265234024,,,,
27873,0.0,-506.963318,1470.620605,-47.749493,0.6629670246,0.7000897348,0.265234024,,,,
27874,0.0,-505.807831,1470.6659545,-47.80328,0.6629670246,0.7000897348,0.265234024,,,,
27875,0.0,-503.941956,1470.749268,-47.886734,0.6629670246,0.7000897348,0.265234024,,,,
27876,0.0,-501.256439,1470.823486,-47.812515,0.6583286903,0.7052289272,0.2631643894,,,,
27877,0.0,-499.394012,1470.934692,-47.76683,0.6475329466,0.7156448435,0.2618273113,,,,
27878,0.0,-497.540436,1470.986694,-47.561928,0.6321450786,0.7300037746,0.259782772,,,,
27879,0.0,-496.255707,1471.031921,-47.3984435,0.6156293316,0.7444425904,0.2575255549,,,,
27880,0.0,-494.970978,1471.077148,-47.234959,0.5991135845,0.7588814062,0.2552683378,,,,
27881,0.0,-490.715057,1471.290649,-46.884872,0.5433046099,0.8012569042,0.2506141942,,,,
27882,0.0,-488.627472,1471.387939,-46.775864,0.5155979971,0.8201429043,0.2480409681,,,,
27883,0.0,-487.4168245,1471.425659,-46.731932,0.5060678427,0.826275487,0.2470521158,,,,
27884,0.0,-483.386566,1471.638306,-46.648594,0.4749760142,0.8454916024,0.2440117541,,,,
27885,0.0,-480.86618,1471.776855,-46.612003,0.4615313435,0.8534143955,0.2422244589,,,,
27886,0.0,-478.154114,1471.960938,-46.567032,0.4522241998,0.8589074997,0.2403563606,,,,
27887,0.0,-475.491547,1472.270508,-47.476246,0.4407141913,0.8653690058,0.2385528986,,,,
27888,0.0,-472.651581,1472.637451,-49.455189,0.4295899636,0.8714637692,0.236650295,,,,
27889,0.0,-469.706635,1473.089966,-51.673401,0.4163373789,0.8795774013,0.2302320181,,,,
27890,0.0,-468.564362,1473.257935,-52.630867,0.4122368416,0.8819426881,0.2285560793,,,,
27891,0.0,-465.452881,1473.911865,-55.007523,0.4003277503,0.8878294801,0.2269284174,,,,
27892,0.0,-462.073181,1474.714722,-57.61171,0.3853232932,0.8927171225,0.233628121,,,,
27893,0.0,-458.05658,1475.651611,-60.737007,0.3801593822,0.8939361894,0.237396153,,,,
27894,0.0,-455.101959,1476.348389,-61.970325,0.3801593822,0.8939361894,0.237396153,,,,
27895,0.0,-452.223572,1477.013062,-62.310894,0.3801593822,0.8939361894,0.237396153,,,,
27896,0.0,-449.169861,1477.762817,-62.489132,0.3801593822,0.8939361894,0.237396153,,,,
27897,0.0,-446.106293,1478.6073,-62.551815,0.3801593822,0.8939361894,0.237396153,,,,
27898,0.0,-443.01236,1479.494019,-62.527485,0.3801593822,0.8939361894,0.237396153,,,,
27899,0.0,-440.192474,1480.314697,-62.649242,0.3801593822,0.8939361894,0.237396153,,,,
27900,0.0,-436.947113,1481.335815,-62.176765,0.3801593822,0.8939361894,0.237396153,,,,
27901,0.0,-434.337646,1482.171753,-61.884663,0.3801593822,0.8939361894,0.237396153,,,,
27902,0.0,-431.010162,1483.259399,-61.616325,0.3801593822,0.8939361894,0.237396153,,,,
27903,0.0,-427.609436,1484.453857,-61.478706,0.3870644313,0.894535753,0.2235775316,,,,
27904,0.0,-424.716125,1485.685425,-61.419361,0.3744719965,0.9023716118,0.2132983779,,,,
27905,0.0,-423.542816,1486.288208,-61.473579,0.3602268843,0.9085672209,0.2115235138,,,,
27906,0.0,-420.064758,1488.564575,-61.927589,0.2856399675,0.9351577709,0.2094988125,,,,
27907,0.0,-417.834381,1489.990479,-62.252846,0.225865593,0.9517038387,0.2079532095,,,,
27908,0.0,-415.669708,1491.528076,-62.751312,0.1627190655,0.9653234519,0.2041399982,,,,
27909,0.0,-413.507874,1493.046509,-63.293255,0.1050465542,0.9737253485,0.2020499126,,,,
27910,0.0,-411.063507,1494.571777,-63.749084,0.0594311515,0.9776298037,0.201762001,,,,
27911,0.0,-408.654358,1495.99939,-64.088043,0.0272460883,0.9790555376,0.201762001,,,,
27912,0.0,-406.241913,1497.462036,-64.368332,0.0024184902,0.9794315932,0.201762001,,,,
27913,0.0,-403.656006,1499.09729,-64.598808,-0.0204576896,0.9792209,0.2017620181,,,,
27914,0.0,-398.589691,1502.475952,-64.573486,-0.0550495266,0.9778863112,0.2017620181,,,,
27915,0.0,-396.116333,1504.369019,-64.310684,-0.0703773523,0.9769028183,0.2017620181,,,,
27916,0.0,-393.78653,1506.425049,-63.934284,-0.0834378456,0.9757438204,0.2023910147,,,,
27917,0.0,-391.673431,1508.552979,-63.571114,-0.0953798559,0.9745845375,0.2027009184,,,,
27918,0.0,-389.743347,1510.753784,-63.147636,-0.1047299271,0.9736241472,0.2027009184,,,,
27919,0.0,-388.7004395,1512.1454465,-62.911205,-0.113177429,0.9726411881,0.2027009184,,,,
27920,0.0,-387.657532,1513.537109,-62.674774,-0.1216249308,0.971658229,0.2027009184,,,,
27921,0.0,-385.968323,1516.1427,-62.292824,-0.141720527,0.9689311791,0.2027009184,,,,
27922,0.0,-383.966248,1519.960083,-61.790821,-0.1791443075,0.9629718471,0.2014759013,,,,
27923,0.0,-382.9664155,1522.2386475,-61.478342,-0.2014633407,0.9585445605,0.2002136724,,,,
27924,0.0,-381.966583,1524.517212,-61.165863,-0.2237823739,0.9541172739,0.1989514434,,,,
27925,0.0,-380.606873,1529.901611,-60.83247,-0.2804038001,0.9397914284,0.195360641,,,,
27926,0.0,-380.034576,1532.447266,-60.662037,-0.2994897384,0.9339212848,0.1951843499,,,,
27927,0.0,-379.646698,1535.259888,-60.506317,-0.3200147159,0.9275742319,0.1928642679,,,,
27928,0.0,-379.520264,1538.04895,-60.436935,-0.3403285123,0.9207383276,0.1908335292,,,,
27929,0.0,-379.501373,1540.666138,-60.444687,-0.3570755657,0.9148724827,0.1884287152,,,,
27930,0.0,-379.649139,1544.350586,-60.739769,-0.378391257,0.9068047979,0.1858093514,,,,
27931,0.0,-379.843567,1547.183594,-60.925514,-0.3893513147,0.9025205378,0.1840169355,,,,
27932,0.0,-380.143982,1550.257568,-61.233318,-0.3993522267,0.8985339311,0.1820839742,,,,
27933,0.0,-380.48175,1553.234619,-61.574974,-0.4030594815,0.8970724161,0.1811191173,,,,
27934,0.0,-380.892578,1556.244263,-61.926582,-0.4049331983,0.8964156555,0.180189005,,,,
27935,0.0,-381.325684,1559.007446,-62.253365,-0.4050694358,0.8963685308,0.1801172095,,,,
27936,0.0,-381.85498,1561.960327,-62.61908,-0.4050694358,0.8963685308,0.1801172095,,,,
27937,0.0,-382.454346,1564.918457,-62.989182,-0.4050694358,0.8963685308,0.1801172095,,,,
27938,0.0,-383.150391,1567.915161,-63.365154,-0.4050694358,0.8963685308,0.1801172095,,,,
27939,0.0,-383.880157,1570.81604,-63.636223,-0.4050694358,0.8963685308,0.1801172095,,,,
27940,0.0,-384.61026,1573.561523,-63.874054,-0.4050694358,0.8963685308,0.1801172095,,,,
27941,0.0,-385.458862,1576.441528,-64.013718,-0.4050694358,0.8963685308,0.1801172095,,,,
27942,0.0,-386.71756,1580.328491,-64.077133,-0.4050694358,0.8963685308,0.1801172095,,,,
27943,0.0,-387.617676,1582.971191,-64.091431,-0.4050694358,0.8963685308,0.1801172095,,,,
27944,0.0,-388.538605,1585.483276,-64.013062,-0.3999916187,0.8990259883,0.1782104861,,,,
27945,0.0,-389.885254,1589.290283,-63.71479,-0.362489983,0.9165299566,0.1690380161,,,,
27946,0.0,-390.601501,1591.683228,-63.508583,-0.3046422552,0.9377870376,0.1665790158,,,,
27947,0.0,-391.217285,1594.220581,-63.170357,-0.1809551379,0.9693888697,0.1659531783,,,,
28033,0.0,-484.982788,1718.723511,-59.549763,0.7284338016,0.677591677,0.1012606339,,,,
28034,0.0,-484.896484,1718.703979,-59.606541,0.7284338016,0.677591677,0.1012606339,,,,
28035,0.0,-484.80307,1718.577393,-59.576031,0.7284338016,0.677591677,0.1012606339,,,,
28036,0.0,-486.329926,1720.957031,-59.26001,0.7284338016,0.677591677,0.1012606339,,,,
28037,0.0,-487.986755,1723.728149,-58.951389,0.7241234289,0.6819665216,0.1027955402,,,,
28038,0.0,-489.430206,1726.453979,-58.715397,0.7140402217,0.6918225584,0.1073690341,,,,
28039,0.0,-490.558014,1729.302124,-58.656471,0.7107425683,0.6949736631,0.1088880586,,,,
28040,0.0,-491.5047,1732.334106,-58.600872,0.7107425683,0.6949736631,0.1088880586,,,,
28041,0.0,-492.277496,1735.504028,-58.552338,0.7107425683,0.6949736631,0.1088880586,,,,
28042,0.0,-493.037109,1738.96936,-58.57357,0.7107425683,0.6949736631,0.1088880586,,,,
28043,0.0,-493.62381,1743.844482,-58.576698,0.7107425683,0.6949736631,0.1088880586,,,,
28044,0.0,-494.179596,1747.595215,-58.371548,0.7107425683,0.6949736631,0.1088880586,,,,
28045,0.0,-494.262634,1750.644531,-58.229641,0.7107425683,0.6949736631,0.1088880586,,,,
28046,0.0,-494.188202,1753.655518,-58.092503,0.7107425683,0.6949736631,0.1088880586,,,,
28047,0.0,-493.90567,1756.517212,-57.946671,0.7237131787,0.6831524297,0.0976831241,,,,
28048,0.0,-493.485382,1759.2771,-57.806564,0.717196363,0.6915600238,0.085872641,,,,
28049,0.0,-492.98468,1762.195679,-57.741497,0.6604465993,0.7462579634,0.083122449,,,,
28050,0.0,-492.467926,1765.383301,-57.688435,0.5589318959,0.8248777854,0.0846863323,,,,
28051,0.0,-491.961853,1768.535278,-57.684807,0.4288943097,0.8992695762,0.085813171,,,,
28052,0.0,-491.453705,1771.799683,-57.763943,0.2566743795,0.9626651896,0.0859883456,,,,
28053,0.0,-491.771667,1775.388062,-57.903423,0.0804051391,0.9930463323,0.0859883456,,,,
28054,0.0,-492.25708,1778.670654,-57.841785,-0.0557899445,0.9947328719,0.0859883456,,,,
28055,0.0,-492.872253,1781.747437,-57.644196,-0.1858653076,0.978726851,0.086878297,,,,
28056,0.0,-493.018188,1783.181396,-57.594391,-0.2278186982,0.9697452777,0.0877082495,,,,
28057,0.0,-493.302704,1787.26123,-57.491684,-0.3112739607,0.9460252156,0.090248617,,,,
28058,0.0,-493.386993,1790.301514,-57.457867,-0.3454826463,0.9338897188,0.0921506059,,,,
28059,0.0,-493.386627,1793.460205,-57.465286,-0.3581404984,0.9289139525,0.0940970364,,,,
28060,0.0,-493.397736,1796.528809,-57.509518,-0.3597060244,0.9282595938,0.0945817246,,,,
28061,0.0,-493.474274,1799.488525,-57.470818,-0.360264215,0.9279103467,0.095875356,,,,
28062,0.0,-493.661377,1802.811646,-57.429554,-0.3605294521,0.9277435594,0.0964904248,,,,
28063,0.0,-493.978821,1806.459473,-57.383137,-0.3605294521,0.9277435594,0.0964904248,,,,
28064,0.0,-494.399963,1809.70752,-57.279381,-0.3605294521,0.9277435594,0.0964904248,,,,
28065,0.0,-494.605591,1810.984619,-57.255806,-0.3605294521,0.9277435594,0.0964904248,,,,
28066,0.0,-495.050537,1814.823975,-56.96814,-0.3605505251,0.9277974025,0.0958921208,,,,
28067,0.0,-495.609894,1817.978149,-56.858864,-0.3605627946,0.9278293591,0.0955361273,,,,
28113,0.0,-543.546448,1961.311157,-53.953606,0.9728066806,0.2217844759,0.0667743098,,,,
28114,0.0,-543.448059,1961.270508,-53.961403,0.9728066806,0.2217844759,0.0667743098,,,,
28115,0.0,-543.314209,1961.27063,-53.966156,0.9728066806,0.2217844759,0.0667743098,,,,
28116,0.0,-542.277161,1964.123535,-54.23801,0.9733285946,0.219737819,0.065929795,,,,
28117,0.0,-543.111084,1968.481201,-54.315193,0.9747697946,0.2137893151,0.0641714604,,,,
28118,0.0,-542.001648,1973.641479,-55.528843,0.9759817478,0.2087361527,0.0623606164,,,,
28119,0.0,-543.045166,1976.937134,-55.700466,0.9769212594,0.204863941,0.0604617114,,,,
28120,0.0,-544.029053,1980.679199,-55.99633,0.9783586246,0.1985682378,0.0581812387,,,,
28121,0.0,-544.391785,1982.137695,-55.983288,0.9787584513,0.1968448016,0.0573063537,,,,
28122,0.0,-545.385742,1986.319946,-56.089294,0.9798621567,0.1920013844,0.0548235555,,,,
28123,0.0,-546.222229,1989.713013,-56.046753,0.9800763536,0.1910450022,0.0543336747,,,,
28124,0.0,-547.030273,1992.966797,-55.985275,0.980436691,0.1894235275,0.0535034791,,,,
28125,0.0,-548.168274,1997.62915,-55.846302,0.981417358,0.1855174815,0.0490227862,,,,
28126,0.0,-549.066956,2001.463135,-55.804707,0.982904964,0.1788957891,0.0435215848,,,,
28127,0.0,-549.782043,2004.635864,-55.710354,0.9841751491,0.1729658232,0.0384980498,,,,
28128,0.0,-550.1934505,2006.4453125,-55.6143455,0.98509601,0.1682706915,0.0351688766,,,,
28129,0.0,-550.604858,2008.254761,-55.518337,0.9860168708,0.1635755598,0.0318397034,,,,
28130,0.0,-551.292725,2011.35791,-55.466949,0.9876253728,0.1548254627,0.0250039827,,,,
28131,0.0,-552.317505,2015.924683,-55.224003,0.9896792202,0.1424726681,0.0153811547,,,,
28132,0.0,-553.148682,2019.679565,-54.867554,0.9913775494,0.1309031835,0.0059085684,,,,
28133,0.0,-553.818054,2023.160767,-54.765099,0.9927455295,0.1201349874,-0.0048885954,,,,
28134,0.0,-554.442871,2026.423828,-54.645119,0.9938600571,0.1096180911,-0.0150353228,,,,
28135,0.0,-555.046448,2029.141968,-54.483734,0.9945623834,0.1011322054,-0.02485845,,,,
28136,0.0,-555.555969,2031.254028,-54.338943,0.9950115313,0.0941404906,-0.0330094011,,,,
28137,0.0,-556.056702,2033.08252,-54.221004,0.9952698201,0.0889031885,-0.0391689715,,,,
28138,0.0,-556.595886,2034.979614,-54.132011,0.995562507,0.0829452813,-0.044445191,,,,
28139,0.0,-557.090271,2036.705811,-54.072227,0.9958205093,0.0761148751,-0.0504781047,,,,
28140,0.0,-557.539673,2038.317993,-54.064167,0.9958367639,0.0726954217,-0.0549955944,,,,
28141,0.0,-557.693054,2038.923584,-54.071865,0.9958325373,0.0722785827,-0.0556180195,,,,
28142,0.0,-558.154053,2040.776733,-54.088211,0.995763302,0.071724364,-0.0575418283,,,,
28143,0.0,-558.282288,2041.328003,-54.098621,0.9957440689,0.0717229787,-0.0578754147,,,,
28144,0.0,-558.687683,2042.930054,-54.141819,0.9957440689,0.0717229787,-0.0578754147,,,,
28145,0.0,-558.971252,2043.855347,-54.151577,0.9957440689,0.0717229787,-0.0578754147,,,,
28146,0.0,-559.274658,2044.782227,-54.150894,0.9957440689,0.0717229787,-0.0578754147,,,,
28147,0.0,-559.49884,2045.483032,-54.137394,0.9957440689,0.0717229787,-0.0578754147,,,,
28148,0.0,-559.647827,2046.161743,-54.160542,0.9957440689,0.0717229787,-0.0578754147,,,,
28149,0.0,-559.805359,2046.293579,-54.07143,0.9957440689,0.0717229787,-0.0578754147,,,,
28150,0.0,-560.228821,2046.414795,-53.811337,0.9957440689,0.0717229787,-0.0578754147,,,,
28151,0.0,-560.490356,2046.21521,-53.595058,0.9957440689,0.0717229787,-0.0578754147,,,,
28152,0.0,-561.208557,2045.161377,-53.067467,0.9957440689,0.0717229787,-0.0578754147,,,,
28153,0.0,-561.418579,2045.423706,-53.066517,0.9957440689,0.0717229787,-0.0578754147,,,,
28154,0.0,-561.548523,2045.454346,-53.059048,0.9957440689,0.0717229787,-0.0578754147,,,,
28155,0.0,-561.598022,2045.429443,-53.05521,0.9957440689,0.0717229787,-0.0578754147,,,,
28156,0.0,-561.654297,2045.319946,-53.04763,0.9957440689,0.0717229787,-0.0578754147,,,,
28157,0.0,-561.716125,2045.349731,-53.165489,0.9957440689,0.0717229787,-0.0578754147,,,,
28158,0.0,-561.711182,2045.105713,-53.318264,0.9957440689,0.0717229787,-0.0578754147,,,,
28159,0.0,-561.646729,2044.832031,-53.385609,0.9957440689,0.0717229787,-0.0578754147,,,,
28160,0.0,-561.272766,2043.508179,-53.608894,0.9957440689,0.0717229787,-0.0578754147,,,,
28161,0.0,-561.134583,2042.615479,-53.895744,0.9957440689,0.0717229787,-0.0578754147,,,,
28162,0.0,-561.01062,2041.810303,-53.978504,0.9957440689,0.0717229787,-0.0578754147,,,,
28163,0.0,-560.866028,2040.685669,-54.447277,0.9957440689,0.0717229787,-0.0578754147,,,,
28164,0.0,-560.448364,2038.384033,-54.819672,0.9956305143,0.0740529705,-0.0568861716,,,,
28165,0.0,-560.013794,2036.089478,-55.225861,0.9947783006,0.089897678,-0.0483170793,,,,
28166,0.0,-559.785553,2035.0562745,-55.3598255,0.99335309,0.1060447842,-0.0411012646,,,,
28167,0.0,-559.557312,2034.023071,-55.49379,0.9919278795,0.1221918904,-0.0338854498,,,,
28168,0.0,-558.849792,2031.703491,-55.924171,0.983995684,0.177513562,-0.0155379887,,,,
28169,0.0,-558.50885,2030.217896,-55.888443,0.9625681423,0.2708938729,0.0088927542,,,,
28170,0.0,-558.276184,2028.319458,-55.784363,0.9308210058,0.3645893089,0.0254340521,,,,
28171,0.0,-557.880859,2025.900513,-55.565559,0.8699620497,0.4914577865,0.0404385467,,,,
28172,0.0,-557.395813,2023.619385,-55.254448,0.7576252852,0.6510280804,0.0465442343,,,,
28173,0.0,-556.514282,2020.401245,-54.767159,0.5452300171,0.835790054,0.0646468414,,,,
28174,0.0,-556.328125,2018.8849485,-54.51903,0.4203102308,0.8941070546,0.0698497592,,,,
28175,0.0,-556.141968,2017.368652,-54.270901,0.2953904446,0.9524240552,0.0750526769,,,,
28176,0.0,-555.738831,2014.867554,-54.066662,0.057339186,0.9944828359,0.0878413736,,,,
28177,0.0,-554.180664,2012.341187,-54.063992,-0.022191352,0.9952495859,0.0947934896,,,,
28178,0.0,-552.221375,2010.415527,-54.134682,-0.0260513364,0.9951033175,0.0953452434,,,,
28179,0.0,-550.096008,2008.694824,-54.29641,-0.0260513364,0.9951033175,0.0953452434,,,,
28180,0.0,-548.9998475,2007.9923705,-54.408684,-0.0260513364,0.9951033175,0.0953452434,,,,
28181,0.0,-546.859924,2006.773804,-54.607662,-0.0260513364,0.9951033175,0.0953452434,,,,
28182,0.0,-544.013916,2005.860352,-54.801231,-0.0260513364,0.9951033175,0.0953452434,,,,
28183,0.0,-541.854187,2005.461548,-54.904961,-0.0260513364,0.9951033175,0.0953452434,,,,
28184,0.0,-539.700623,2005.338379,-54.956928,-0.0260513364,0.9951033175,0.0953452434,,,,
28185,0.0,-537.50354,2005.450317,-54.989208,-0.0260513364,0.9951033175,0.0953452434,,,,
28186,0.0,-535.122498,2005.808594,-55.038174,-0.0243313891,0.9952289934,0.0944840416,,,,
28187,0.0,-532.522217,2006.260254,-55.095016,0.0114961938,0.9971027998,0.0751920479,,,,
28188,0.0,-530.383972,2006.960938,-55.189003,-0.0043584616,0.9973594809,0.072491859,,,,
28189,0.0,-529.686768,2007.367554,-55.217449,-0.0303876116,0.996886522,0.0727588855,,,,
28190,0.0,-528.002869,2008.478394,-55.46867,-0.1312240595,0.9886015948,0.0738046947,,,,
28191,0.0,-526.361755,2009.844727,-55.658924,-0.2741017531,0.958823946,0.0743294661,,,,
28192,0.0,-525.409058,2010.981445,-55.796825,-0.424436667,0.9023381958,0.0750952472,,,,
28193,0.0,-524.510315,2012.12915,-55.980778,-0.5472325524,0.8335878035,0.0752855065,,,,
28194,0.0,-523.492493,2013.506104,-56.238678,-0.6496352623,0.7565091662,0.0752855065,,,,
28195,0.0,-523.071533,2014.102539,-56.33569,-0.6824573966,0.7270378218,0.0752855065,,,,
28196,0.0,-522.175232,2015.846802,-56.803444,-0.7576681481,0.6482831711,0.0752855065,,,,
28197,0.0,-521.431763,2017.360229,-57.087486,-0.8079141553,0.584736777,0.0731957602,,,,
28198,0.0,-520.778992,2019.014648,-57.47057,-0.8359274433,0.5444973275,0.0689055141,,,,
28199,0.0,-520.211914,2020.771973,-57.875362,-0.8528360842,0.5182174525,0.064197238,,,,
28200,0.0,-519.630249,2022.86499,-58.240738,-0.8614860775,0.5043987648,0.0585117462,,,,
28201,0.0,-519.14978,2025.014893,-58.569611,-0.8648059996,0.4990957736,0.0548998335,,,,
28202,0.0,-518.781494,2027.079224,-58.824501,-0.8653881579,0.4981581891,0.0542379451,,,,
28203,0.0,-518.447083,2029.236572,-58.860985,-0.8653881579,0.4981581891,0.0542379451,,,,
28204,0.0,-518.036743,2032.508667,-58.783604,-0.8653881579,0.4981581891,0.0542379451,,,,
28205,0.0,-517.853333,2035.201416,-58.602242,-0.8653881579,0.4981581891,0.0542379451,,,,
28206,0.0,-517.775696,2037.722168,-58.477917,-0.8653881579,0.4981581891,0.0542379451,,,,
28207,0.0,-517.808594,2040.333008,-58.310753,-0.8653881579,0.4981581891,0.0542379451,,,,
28208,0.0,-518.106018,2045.747559,-57.94566,-0.8653881579,0.4981581891,0.0542379451,,,,
28209,0.0,-518.315613,2048.468994,-57.74366,-0.8653881579,0.4981581891,0.0542379451,,,,
28210,0.0,-518.584106,2051.478027,-57.559856,-0.8653881579,0.4981581891,0.0542379451,,,,
28211,0.0,-518.852661,2054.398926,-57.448395,-0.8653881579,0.4981581891,0.0542379451,,,,
28212,0.0,-519.218811,2057.849854,-57.3433,-0.8658774544,0.4976628086,0.0508720249,,,,
28213,0.0,-519.731262,2061.869141,-57.300785,-0.8736886234,0.4844215764,0.0447652273,,,,
28214,0.0,-516.37323,2065.427734,-57.857262,-0.8841514018,0.4655405003,0.039348968,,,,
28215,0.0,-516.911682,2068.537598,-57.849388,-0.905068824,0.4240311745,0.0323726266,,,,
28216,0.0,-517.405151,2071.331543,-57.819843,-0.9314108653,0.3632428468,0.0229876962,,,,
28217,0.0,-517.973389,2074.230469,-57.789276,-0.9515938108,0.3070126771,0.0145751648,,,,
28218,0.0,-518.700073,2076.551514,-57.762661,-0.9634146066,0.2679567595,0.0056098777,,,,
28219,0.0,-519.711914,2079.756104,-57.720383,-0.9720115634,0.2349032037,-0.0037423961,,,,
28220,0.0,-520.878906,2083.086914,-57.669617,-0.9786742767,0.2046445528,-0.0178119931,,,,
28221,0.0,-521.722107,2085.318848,-57.667564,-0.9819366897,0.1872283165,-0.0273110763,,,,
28222,0.0,-523.018372,2088.677734,-57.690159,-0.9851688584,0.1668818359,-0.0399095634,,,,
28223,0.0,-524.279297,2091.686768,-57.706448,-0.9874177483,0.1494618446,-0.0516463681,,,,
28224,0.0,-525.622864,2094.691895,-57.715237,-0.9890038166,0.1343743271,-0.0617656136,,,,
28225,0.0,-527.122192,2097.868408,-57.717346,-0.9895626318,0.1252865715,-0.0711974208,,,,
28226,0.0,-528.255615,2100.138916,-57.717407,-0.9899079128,0.1193216948,-0.0764503581,,,,
28227,0.0,-529.946411,2103.374023,-57.717361,-0.9903412029,0.1116293006,-0.0822386836,,,,
28228,0.0,-531.711731,2106.586182,-57.687168,-0.9906975497,0.1041665247,-0.087565405,,,,
28229,0.0,-533.028931,2108.884766,-57.670013,-0.9911901887,0.0972671118,-0.0898950426,,,,
28487,0.0,364.581604,1963.488647,161.280487,1.0,0.0,0.0,,,,
28488,0.0,366.656311,1963.360229,160.779251,1.0,0.0,0.0,,,,
28489,0.0,367.950226,1963.820923,160.271347,1.0,0.0,0.0,,,,
28490,0.0,367.097961,1967.863403,159.829346,0.7341939206,0.6789268526,-0.0041971206,,,,
28491,0.0,363.533173,1970.669067,159.840515,-0.9995002859,0.0032580992,-0.0314414268,,,,
28492,0.0,362.570038,1970.48291,159.871155,-0.9995002859,0.0032580992,-0.0314414268,,,,
28493,0.0,360.710205,1970.148438,159.895874,-0.9995002859,0.0032580992,-0.0314414268,,,,
28494,0.0,359.185913,1969.884033,159.804977,-0.9995002859,0.0032580992,-0.0314414268,,,,
28495,0.0,345.911194,1965.553711,159.715851,-0.9995002859,0.0032580992,-0.0314414268,,,,
28496,0.0,344.69693,1965.557556,159.715851,-0.9995002859,0.0032580992,-0.0314414268,,,,
28497,0.0,341.741119,1965.566895,159.753723,-0.9995002859,0.0032580992,-0.0314414268,,,,
28498,0.0,339.830292,1965.573242,159.860718,-0.9995002859,0.0032580992,-0.0314414268,,,,
28499,0.0,338.4873355,1965.5775755,159.9700015,-0.9995002859,0.0032580992,-0.0314414268,,,,
28500,0.0,334.626099,1965.589966,160.287292,-0.9995002859,0.0032580992,-0.0314414268,,,,
28501,0.0,342.1039585,1966.47583,160.3917385,-0.0258970092,0.1612004608,-0.0161359534,,,,
28502,0.0,349.232513,1964.193359,160.611053,1.0,0.0,0.0,,,,
28503,0.0,348.5503995,1964.1439815,160.667404,1.0,0.0,0.0,,,,
28504,0.0,347.292725,1964.025879,160.771606,1.0,0.0,0.0,,,,
28505,0.0,346.980469,1963.953735,160.797974,1.0,0.0,0.0,,,,
28506,0.0,347.101318,1963.852905,160.789185,1.0,0.0,0.0,,,,
28507,0.0,347.424866,1963.781738,160.763489,1.0,0.0,0.0,,,,
28508,0.0,348.126984,1963.683105,160.707062,1.0,0.0,0.0,,,,
28509,0.0,348.813263,1963.61377,160.651642,1.0,0.0,0.0,,,,
28510,0.0,350.00412,1963.517334,160.555145,1.0,0.0,0.0,,,,
28511,0.0,351.011963,1963.449585,160.473389,1.0,0.0,0.0,,,,
28512,0.0,352.451019,1963.366089,160.356445,1.0,0.0,0.0,,,,
28513,0.0,354.505432,1963.261841,160.189331,1.0,0.0,0.0,,,,
28514,0.0,356.070312,1963.189575,160.061951,1.0,0.0,0.0,,,,
28515,0.0,357.789124,1963.11438,159.921967,1.0,0.0,0.0,,,,
28516,0.0,359.861572,1963.03064,159.78595,1.0,0.0,0.0,,,,
28517,0.0,361.825043,1962.953857,159.72583,1.0,0.0,0.0,,,,
28518,0.0,364.579315,1962.850586,159.719727,1.0,0.0,0.0,,,,
28519,0.0,367.011017,1962.76062,159.719086,1.0,0.0,0.0,,,,
28520,0.0,369.218475,1962.68103,159.717773,1.0,0.0,0.0,,,,
28521,0.0,372.349182,1962.569214,159.715881,1.0,0.0,0.0,,,,
28522,0.0,374.724213,1962.485718,159.714478,0.9999986546,0.0,0.001640347,,,,
28523,0.0,377.029449,1962.404175,159.713104,0.9999416823,0.0006815463,0.010778107,,,,
28524,0.0,380.336853,1962.289917,159.71109,0.9997701674,0.0018309202,0.0213602455,,,,
28525,0.0,382.846893,1962.204834,159.709595,0.9993646186,0.0095886744,0.0343280695,,,,
28526,0.0,386.237244,1962.101807,159.707581,0.99741183,0.0396791001,0.0599600731,,,,
28527,0.0,388.545654,1962.054565,159.706207,0.9920280105,0.092498658,0.0855828526,,,,
28528,0.0,391.889587,1962.038574,159.704193,0.9718513964,0.2028958364,0.1197419843,,,,
28529,0.0,394.05838,1962.799805,159.70253,0.9437362592,0.3018998293,0.1349754278,,,,
28530,0.0,396.766327,1963.73584,159.701263,0.8932591104,0.4251102362,0.1461829292,,,,
28531,0.0,398.561768,1964.457642,159.700684,0.8227453978,0.5468001672,0.1552404185,,,,
28532,0.0,400.416412,1964.810913,159.700577,0.7512554619,0.6390320979,0.1650854592,,,,
28533,0.0,403.929352,1964.8479,159.701187,0.7039781742,0.6852561777,0.1866512823,,,,
28534,0.0,406.614136,1964.78772,159.701263,0.7014565756,0.6852363359,0.1959842762,,,,
28535,0.0,409.300354,1964.895142,159.701263,0.7011254929,0.6849128134,0.1982863619,,,,
28536,0.0,412.946655,1965.472778,159.701263,0.7011254929,0.6849128134,0.1982863619,,,,
28537,0.0,415.064636,1966.083862,159.701263,0.7011254929,0.6849128134,0.1982863619,,,,
28538,0.0,417.100922,1966.869995,159.701263,0.7011254929,0.6849128134,0.1982863619,,,,
28539,0.0,419.471375,1969.310669,159.701263,0.7011254929,0.6849128134,0.1982863619,,,,
28540,0.0,419.467026,1970.187622,159.701263,0.7011254929,0.6849128134,0.1982863619,,,,
28541,0.0,419.519989,1972.503052,159.701263,0.7011254929,0.6849128134,0.1982863619,,,,
28542,0.0,419.5592955,1973.560547,159.701263,0.7011254929,0.6849128134,0.1982863619,,,,
28543,0.0,419.644958,1976.223999,159.701263,0.7011254929,0.6849128134,0.1982863619,,,,
28544,0.0,419.676559,1977.484375,159.701263,0.7011254929,0.6849128134,0.1982863619,,,,
28545,0.0,419.74585,1980.627319,159.701263,0.7005879242,0.6854626803,0.1982863448,,,,
28546,0.0,419.651672,1982.882324,159.701324,0.6895309525,0.6984233812,0.19170771,,,,
28547,0.0,419.245361,1985.46106,159.701202,0.6514164211,0.7344792663,0.1902547074,,,,
28548,0.0,418.898041,1987.805176,159.701233,0.6198333421,0.7612270098,0.1906307101,,,,
28549,0.0,418.309143,1990.904053,159.701157,0.5674332344,0.799420914,0.1973467173,,,,
28550,0.0,417.851776,1993.292236,159.701157,0.5302743858,0.8232358153,0.2027112926,,,,
28551,0.0,417.461487,1995.816406,159.701202,0.5040868612,0.8385732215,0.2066189452,,,,
28590,0.0,451.976685,2097.607422,186.203232,0.916758349,0.2534173611,0.308761673,,,,
28591,0.0,451.796661,2096.556152,186.259323,0.916758349,0.2534173611,0.308761673,,,,
28592,0.0,451.725037,2096.351562,186.342804,0.916758349,0.2534173611,0.308761673,,,,
28593,0.0,453.260681,2098.471924,188.632462,0.9160289587,0.2532157031,0.3110831955,,,,
28594,0.0,455.061188,2100.36377,191.45192,0.9145218163,0.252799156,0.3158202561,,,,
28595,0.0,457.592346,2102.337891,194.83934,0.9127277612,0.2523032295,0.3213582337,,,,
28596,0.0,459.720032,2104.149902,198.041931,0.910840336,0.2523541154,0.3266301926,,,,
28597,0.0,461.78363,2104.990234,201.679962,0.9086155364,0.2530153032,0.3322665546,,,,
28598,0.0,463.786041,2106.451904,204.10408,0.9064576939,0.2560303104,0.335831698,,,,
28599,0.0,465.725769,2108.074219,206.373184,0.9039300082,0.2604852304,0.3392019825,,,,
28600,0.0,467.842316,2109.87207,208.689728,0.9001683636,0.2685649618,0.3428844974,,,,
28773,0.0,668.512146,2235.528564,-13.625872,-0.9451677021,-0.1382581451,0.2958761568,,,,
28774,0.0,668.196533,2235.482422,-13.625872,-0.9451677021,-0.1382581451,0.2958761568,,,,
28775,0.0,667.96759,2235.448975,-13.625872,-0.9451677021,-0.1382581451,0.2958761568,,,,
28776,0.0,664.417786,2234.294189,-14.595503,-0.9486025838,-0.127761917,0.2895341613,,,,
28777,0.0,660.822876,2233.279541,-15.457004,-0.9506289414,-0.1215589327,0.285531157,,,,
28778,0.0,652.502014,2231.761963,-26.183361,-0.953120559,-0.114134763,0.2802399971,,,,
28779,0.0,649.606567,2230.760498,-28.445263,-0.9562169017,-0.1074300963,0.2722278666,,,,
28780,0.0,647.5,2230.070801,-30.756838,-0.9582897082,-0.1034763471,0.2664084848,,,,
28781,0.0,644.903198,2229.310547,-32.281811,-0.9595129093,-0.1021984711,0.2624699019,,,,
28782,0.0,643.76532,2229.004395,-32.661644,-0.9600251948,-0.1019021542,0.2607059191,,,,
28783,0.0,638.643311,2227.751465,-33.516739,-0.9616793153,-0.1013313789,0.2547642954,,,,
28784,0.0,634.925293,2226.907959,-33.905331,-0.9624472309,-0.1014122935,0.2518151594,,,,
28785,0.0,632.140747,2226.327148,-34.042191,-0.9630067346,-0.1006451463,0.2499771661,,,,
28786,0.0,628.670593,2225.601562,-34.401466,-0.9635433259,-0.0998239879,0.248232614,,,,
28787,0.0,624.655334,2224.813965,-34.557487,-0.9636432932,-0.0996704066,0.2479060578,,,,
28788,0.0,618.841064,2223.730225,-35.228058,-0.9636432932,-0.0996704066,0.2479060578,,,,
28789,0.0,616.871185,2223.381958,-35.475874,-0.9636432932,-0.0996704066,0.2479060578,,,,
28790,0.0,612.068848,2222.553711,-35.64283,-0.9638162111,-0.0996882916,0.2472257182,,,,
28791,0.0,608.976318,2222.040283,-35.8027,-0.9644944737,-0.0997584449,0.2445376511,,,,
28792,0.0,606.8535155,2221.708374,-35.8651335,-0.9650635611,-0.098949356,0.2426038538,,,,
28793,0.0,601.907715,2220.937988,-36.235817,-0.9664154894,-0.0980846083,0.2375300223,0.0930661204,732.8590309938,1739.6297325297,1.0
28794,0.0,598.95929,2220.502441,-36.44334,-0.9671970925,-0.0968793277,0.2348279799,0.0930923517,731.7480878835,1736.7598282603,1.0
28795,0.0,596.8520815,2220.196289,-36.608633,-0.9677556124,-0.096640579,0.2326034298,0.092811467,729.8540072092,1734.7551641988,1.0
28796,0.0,594.744873,2219.890137,-36.773926,-0.9683141323,-0.0964018303,0.2303788797,0.0925305824,727.959926535,1732.7505001374,1.0
28797,0.0,588.337402,2219.012207,-37.594353,-0.9697679578,-0.0946689916,0.2249175184,0.0922353776,722.1916116568,1721.6357777822,1.0
28798,0.0,586.161133,2218.718262,-37.857368,-0.9703762601,-0.0940623619,0.2225358081,0.0921831059,719.9716597685,1716.8066550351,1.0
28799,0.0,582.561279,2218.252686,-38.441765,-0.9710584085,-0.0932420736,0.2198897063,0.0920154275,716.8159950619,1710.7633356746,1.0
28800,0.0,578.102356,2217.513672,-39.470917,-0.9722091184,-0.0921016051,0.2152364386,0.0915077616,711.433405911,1702.3940347398,1.0
28801,0.0,575.271301,2216.923584,-39.875355,-0.9734442911,-0.0905545053,0.2102524523,0.0910936401,707.5794379127,1696.8320674999,1.0
28802,0.0,572.260925,2216.321777,-40.67123,-0.9746678806,-0.0895821785,0.2049330519,0.0904165397,702.6295091994,1690.9591734524,1.0
28803,0.0,569.413635,2215.752686,-41.557373,-0.9764628384,-0.0875138058,0.1971336069,0.0900068435,699.5984042342,1687.3110045972,1.0
28804,0.0,566.378784,2215.13501,-42.61171,-0.9787183229,-0.0849841103,0.1867836864,0.0890869595,693.7110295969,1681.3226711029,1.0
28805,0.0,563.385071,2214.56543,-43.757301,-0.9809390133,-0.081929837,0.1761991882,0.0884499456,688.9278607375,1675.452523544,1.0
28806,0.0,560.352722,2213.991943,-44.936405,-0.9833128975,-0.0779831362,0.1643605062,0.0880976737,685.1670085325,1669.4805818478,1.0
28807,0.0,555.908691,2213.231445,-46.507965,-0.9862791518,-0.0734786169,0.1478320928,0.0875460167,679.729027828,1661.2007724851,1.0
28808,0.0,552.936829,2212.699951,-47.518909,-0.9879536928,-0.0717582616,0.1371067201,0.0868776368,674.6650442224,1654.8660083619,1.0
28809,0.0,550.125244,2212.270264,-48.397648,-0.9894268149,-0.068699473,0.1277300292,0.0870393323,672.9379925895,1649.1655441701,1.0
28810,0.0,546.278809,2211.726807,-49.453503,-0.991067369,-0.0660429972,0.115861092,0.0869725664,669.6466071199,1641.7005016107,1.0
28811,0.0,545.198914,2211.664307,-49.708191,-0.9913305951,-0.0654228149,0.1139451905,0.0871002813,669.2768681853,1639.6453988873,1.0
28812,0.0,540.561096,2210.833496,-51.160378,-0.9931089025,-0.0605006381,0.1003712136,0.0879834227,668.75289582,1630.4948165338,1.0
28813,0.0,536.86499,2209.843018,-52.459457,-0.9954471989,-0.0520694915,0.079835094,0.0898997947,672.6838923726,1623.3179942594,1.0
28814,0.0,534.19928,2209.000977,-53.380272,-0.9970526422,-0.0428469604,0.0636409198,0.0927849595,680.3401369845,1617.2883958026,1.0
28815,0.0,531.507263,2208.024414,-54.274277,-0.9982360811,-0.0332199181,0.0492053191,0.0962337408,689.7043681803,1611.3596331628,1.0
28816,0.0,529.005371,2207.021729,-55.062775,-0.9990412819,-0.0241025931,0.0365456171,0.0997831218,699.3160893082,1605.9920497511,1.0
28817,0.0,526.659363,2206.023926,-55.6745,-0.9996237622,-0.0156284103,0.0225407809,0.1032484433,708.3942933354,1600.7668171644,1.0
28818,0.0,523.956909,2204.757324,-56.508358,-0.9999263192,-0.0085323535,0.0086345252,0.1063343364,714.8564310414,1593.0536931911,1.0
28835,0.0,489.200226,2182.293457,-64.463654,-0.9984591452,0.0168384779,-0.0528753354,0.121861792,715.6560794329,1495.9146344698,1.0
28836,0.0,487.9825595,2181.4747315,-64.7081605,-0.9983664972,0.0174843411,-0.0543689132,0.1225554238,716.1775114386,1493.0523138932,1.0
28837,0.0,485.297882,2179.781494,-65.60585,-0.9981387935,0.0190281443,-0.0579385768,0.1243071462,717.800247859,1486.5334766091,1.0
28838,0.0,479.072845,2175.516113,-66.614174,-0.998091928,0.0193319693,-0.058641097,0.1249803662,714.6843400922,1476.3538462717,1.0
28839,0.0,481.483429,2177.576904,-65.74984,-0.998091928,0.0193319693,-0.058641097,0.1258347437,717.3104231306,1477.0762522406,1.0
28840,0.0,480.026184,2176.766357,-65.592178,-0.998091928,0.0193319693,-0.058641097,0.1265364529,717.1609882167,1472.9438971242,1.0
28841,0.0,478.053619,2175.904785,-65.53878,-0.9980171967,0.0193305218,-0.0598999675,0.1274646608,717.2894121055,1468.1976062146,1.0
28842,0.0,476.05954,2175.061523,-65.428886,-0.997924349,0.0193287234,-0.0614279588,0.1284213868,717.5175910635,1463.5576640731,1.0
28843,0.0,473.715851,2174.261719,-65.271072,-0.997836227,0.0193270166,-0.0628436992,0.1293538897,717.5496829081,1458.7014444327,1.0
28844,0.0,471.105652,2173.29248,-65.391129,-0.9977717539,0.0193257678,-0.063859548,0.130259434,717.2438883825,1453.3545937127,1.0
28845,0.0,468.817535,2172.487061,-65.892502,-0.9977127672,0.0193246253,-0.0647749414,0.1310986406,716.972869694,1448.4731127442,1.0
28846,0.0,466.681396,2171.699219,-66.877693,-0.9976516868,0.0193234423,-0.0657093329,0.1319328302,716.6826376559,1443.6243534108,1.0
28847,0.0,465.075012,2171.13208,-68.105431,-0.9975870073,0.019002472,-0.0667762602,0.025601781,54.5979777693,242.8421633075,0.0
28848,0.0,462.982269,2170.487549,-69.735947,-0.9974753116,0.0188416892,-0.0684689239,0.0261258446,54.7067535889,240.9051273771,0.0
28849,0.0,461.235291,2170.058838,-71.617592,-0.9973307446,0.0188389584,-0.0705441677,0.0270087362,55.2437801802,239.31431425,0.0
28850,0.0,460.293304,2169.996826,-73.328224,-0.9972532832,0.0188374952,-0.0716312638,0.0280329717,56.105766023,238.6289347709,0.0
28851,0.0,458.999634,2169.898682,-75.196388,-0.9971354902,0.0188352702,-0.0732533059,0.0293952791,57.1929427482,237.6314344729,0.0
28852,0.0,457.991638,2170.043213,-77.372726,-0.9969868219,0.0188324619,-0.0752503508,0.030510792,58.7854325466,239.8093846729,0.0
28853,0.0,457.597046,2170.469727,-79.310028,-0.9969025899,0.0188308709,-0.0763585263,0.0317236969,60.4715007198,242.0002523338,0.0
28854,0.0,457.055328,2170.946289,-81.499756,-0.9967720711,0.0188284054,-0.0780444069,0.033048377,62.5915808431,245.4957697056,0.0
28855,0.0,456.745178,2171.262695,-82.758873,-0.9966606054,0.0188262999,-0.0794556991,0.0335556165,63.816780285,248.4342356457,0.0
28856,0.0,455.999542,2171.178223,-82.732742,-0.9966425105,0.0188259581,-0.0796824293,0.0328434015,63.8172602141,251.069885042,0.0
28857,0.0,455.264893,2171.136475,-82.550491,-0.9966425105,0.0188259581,-0.0796824293,0.0321596338,63.8206236522,253.6942150637,0.0
28858,0.0,454.762085,2171.07959,-82.484283,-0.9966425105,0.0188259581,-0.0796824293,0.0314747722,63.7896129583,256.2702406595,0.0
28859,0.0,454.246307,2170.948242,-82.038261,-0.9966425105,0.0188259581,-0.0796824293,0.0304896983,63.5190744154,259.2080404882,0.0
28860,0.0,454.092712,2170.88623,-81.943451,-0.9966425105,0.0188259581,-0.0796824293,0.0299591627,63.5904114972,261.751503556,0.0
28861,0.0,453.817902,2170.789307,-81.801537,-0.9966425105,0.0188259581,-0.0796824293,0.0291605806,63.5835854531,265.2291847892,0.0
28862,0.0,453.785095,2170.744629,-81.738304,-0.9966425105,0.0188259581,-0.0796824293,0.0287040378,63.8103760346,268.252569725,0.0
28863,0.0,453.731415,2170.734131,-81.75058,-0.9966046627,0.0188252432,-0.0801545791,0.0281496816,64.0680087008,271.9365039978,0.0
28864,0.0,453.619568,2170.736328,-81.783035,-0.9966042053,0.0188252346,-0.080160268,0.027830405,64.4571263248,275.1306959548,0.0
28865,0.0,453.494019,2170.738281,-81.755661,-0.9966042053,0.0188252346,-0.080160268,0.0275210089,64.6259240032,277.3756907918,0.0
28866,0.0,453.316467,2170.741699,-81.678123,-0.9966042053,0.0188252346,-0.080160268,0.0270584176,64.9030855062,280.9034238414,0.0
28867,0.0,453.245575,2170.74585,-81.632706,-0.9965981844,0.0191416136,-0.0801601984,0.0267443954,65.1174713346,283.45848568,0.0
28868,0.0,453.118744,2170.760254,-81.530823,-0.9965702834,0.0205429528,-0.0801601984,0.026397346,65.5603868069,287.2311351356,0.0
28869,0.0,453.081421,2170.765625,-81.478531,-0.9965599474,0.0210384544,-0.080160181,0.0261755004,65.8396286953,289.6580543902,0.0
28870,0.0,453.02652,2170.728271,-81.341438,-0.9965412478,0.0219063174,-0.080160181,0.0256974412,66.0230506052,293.1188798406,0.0
28871,0.0,453.012543,2170.522705,-80.883064,-0.9965260033,0.0225891584,-0.080160181,0.0249073642,65.8267871051,296.7871123746,0.0
28872,0.0,453.039246,2170.406982,-80.660332,-0.996524683,0.0226470236,-0.080160268,0.0241988663,65.6744824312,300.3499291937,0.0
28873,0.0,452.892731,2170.047363,-80.332603,-0.996524683,0.0226470236,-0.080160268,0.0234896786,65.2393157614,302.7759088914,0.0
28874,0.0,452.523956,2169.802734,-80.09166,-0.996524683,0.0226470236,-0.080160268,0.0224212905,64.9837257049,308.6081672402,0.0
28875,0.0,452.35611,2169.670166,-79.252495,-0.996524683,0.0226470236,-0.080160268,0.0215251301,64.3986434321,312.0603258467,0.0
28876,0.0,452.2561645,2169.6032715,-78.4655875,-0.9965627145,0.0226478879,-0.0796843862,0.0208772784,63.7773931089,313.8226716073,0.0
28877,0.0,452.076813,2169.491211,-75.970337,-0.9967582951,0.0222730658,-0.0773098423,0.0189590272,61.6348899145,318.0327696436,0.0
28878,0.0,451.9216,2169.441406,-74.367584,-0.9970111873,0.0217333435,-0.0741374004,0.0175259608,59.9272323464,321.4989422772,0.0
28879,0.0,451.833588,2169.342285,-73.240326,-0.997220708,0.0210019248,-0.0714827166,0.0164525118,58.5232232335,323.9595823177,0.0
28880,0.0,451.693359,2169.221191,-71.573921,-0.9976966559,0.0198755981,-0.0648563291,0.0146866299,55.9387978512,327.5951930789,0.0
28881,0.0,451.552795,2169.126221,-70.314194,-0.9981530033,0.0190246857,-0.0576943955,0.0132767313,53.6408480061,330.2793060076,0.0
28882,0.0,451.41803,2169.029785,-69.028091,-0.9985225804,0.0181525559,-0.0512166092,0.0120129526,51.4696622525,333.0578404265,0.0
28883,0.0,451.302917,2170.770752,-67.704788,-0.9989026055,0.0172538949,-0.043541794,0.0114893742,50.8125905394,336.1701840659,0.0
28884,0.0,451.05072,2170.761963,-66.377197,-0.9991957846,0.0157409633,-0.0368782619,0.0103621328,48.6696598515,338.9586447791,0.0
28885,0.0,450.946686,2170.758057,-65.847595,-0.9992911363,0.0150232233,-0.0345185116,0.009972021,47.9096137606,340.0959704928,0.0
28886,0.0,450.380157,2170.746582,-64.881866,-0.999593438,0.0126660409,-0.02554467,0.0074417014,42.1343409143,346.0147140785,0.0
28887,0.0,450.054565,2170.750488,-64.890976,-0.9996147096,0.0126511469,-0.0247058853,0.007257898,41.9092190402,348.4805866053,0.0
28888,0.0,449.632568,2170.756104,-64.902786,-0.999618765,0.0126511982,-0.0245412285,0.0070917487,41.7333342132,351.0449761655,0.0
28889,0.0,449.008575,2170.76416,-64.920258,-0.999618765,0.0126511982,-0.0245412285,0.006883735,41.5087579336,354.3735914095,0.0
28890,0.0,448.361633,2170.772217,-64.938354,-0.999618765,0.0126511982,-0.0245412285,0.0067446131,41.3432512332,356.569860632,0.0
28891,0.0,447.461243,2170.783691,-64.963577,-0.999618765,0.0126511982,-0.0245412285,0.0065860043,41.147271809,359.1131345863,0.0
28892,0.0,446.707092,2170.793213,-64.98465,-0.999618765,0.0126511982,-0.0245412285,0.0064370448,40.9631152211,361.6052557145,0.0
28893,0.0,445.825287,2170.804688,-65.009354,-0.999618765,0.0126511982,-0.0245412285,0.0063024299,40.7856526573,363.8511607967,0.0
28894,0.0,444.333984,2170.823242,-65.051086,-0.999618765,0.0126511982,-0.0245412285,0.0061541852,40.565680673,366.207894186,0.0
28895,0.0,443.246552,2170.837158,-65.081528,-0.999618765,0.0126511982,-0.0245412285,0.0060592308,40.4171454967,367.7060406077,0.0
28896,0.0,441.364441,2170.861084,-65.134186,-0.999618765,0.0126511982,-0.0245412285,0.0059218667,40.1879029828,369.8238768256,0.0
28897,0.0,439.880096,2170.879883,-65.174911,-0.999618765,0.0126511982,-0.0245412285,0.0058290662,40.0209979991,371.1993684879,0.0
28898,0.0,437.595154,2170.908936,-65.225296,-0.999618765,0.0126511982,-0.0245412285,0.0057033562,39.7784201846,372.9815957725,0.0
28899,0.0,435.577118,2170.934326,-65.267303,-0.999618765,0.0126511982,-0.0245412285,0.0056042413,39.5703556678,374.2879694494,0.0
28900,0.0,434.729218,2170.945068,-65.284958,-0.999618765,0.0126511982,-0.0245412285,0.0055661186,39.4888065557,374.7899705626,0.0
28901,0.0,431.441223,2170.986816,-65.353455,-0.999618765,0.0126511982,-0.0245412285,0.0054335096,39.1895008907,376.448225216,0.0
28902,0.0,429.564362,2171.010498,-65.392517,-0.999618765,0.0126511982,-0.0245412285,0.0053649232,39.0259403877,377.2592483768,0.0
28903,0.0,426.629578,2171.047607,-65.459045,-0.999618765,0.0126511982,-0.0245412285,0.0052665706,38.7806962079,378.3634823053,0.0
28904,0.0,424.630524,2171.07251,-65.513702,-0.999618765,0.0126511982,-0.0245412285,0.0052052281,38.6217638053,379.0208579061,0.0
28905,0.0,421.775879,2171.108398,-65.571655,-0.999618765,0.0126511982,-0.0245412285,0.0051218764,38.395826166,379.8492607415,0.0
28906,0.0,419.491638,2171.126465,-65.61219,-0.9996935244,0.0113751019,-0.0219878231,0.0048633309,37.4737354432,380.4291175238,0.0
28907,0.0,416.276215,2171.15332,-65.680206,-0.9998254164,0.0099239315,-0.0158320056,0.0044977504,36.1087457196,381.1435873698,0.0
28908,0.0,413.771912,2171.181885,-65.735306,-0.9998791322,0.0097782619,-0.0120874546,0.0043579346,35.5909921809,381.6439798808,0.0
28909,0.0,410.477539,2171.228027,-65.807617,-0.9999071181,0.0106510008,-0.0085036129,0.0043365419,35.5621937458,382.2725548752,0.0
28910,0.0,408.126434,2171.262939,-65.858383,-0.9999156723,0.0114319467,-0.006161078,0.0043516812,35.6620166089,382.6796408532,0.0
28911,0.0,405.266815,2171.304443,-65.911728,-0.9999154095,0.0123683663,-0.0040245962,0.0044088056,35.9349287752,383.1073843347,0.0
28912,0.0,401.581238,2171.358643,-65.974319,-0.9999048655,0.0135555654,-0.0025507959,0.0045570357,36.5724547312,383.5246073355,0.0
28913,0.0,399.042938,2171.389893,-66.017944,-0.9999068314,0.013613647,-0.0009985376,0.0046313376,36.8840797888,383.6844155455,0.0
28914,0.0,395.340851,2171.435303,-66.081589,-0.9999049584,0.0136136215,0.0021779423,0.0047248713,37.2693512109,383.8446113479,0.0
28915,0.0,392.275696,2171.473145,-66.132782,-0.9998989866,0.0136135402,0.0040851063,0.0048415545,37.7252771212,383.840972139,0.0
28916,0.0,387.035767,2171.561768,-66.181854,-0.9998270205,0.0161576024,0.0092119968,0.0052200271,39.2018408397,384.1692334318,0.0
28917,0.0,384.977753,2171.6916505,-66.21611,-0.9998083476,0.0167921137,0.0100124606,0.0053657209,39.7617899606,384.3769359187,0.0
28918,0.0,382.919739,2171.821533,-66.250366,-0.9997896746,0.0174266251,0.0108129243,0.0055114147,40.3217390814,384.5846384057,0.0
28919,0.0,377.508362,2172.701416,-66.228928,-0.9997890939,0.0174471245,0.0108335354,0.0058880177,41.7688873236,385.4726597164,0.0
28920,0.0,375.743805,2173.134033,-66.220566,-0.9997890939,0.0174471245,0.0108335354,0.0060725579,42.4494689978,385.8126061323,0.0
28921,0.0,371.580688,2174.285645,-66.212585,-0.9997935518,0.0166851967,0.011595603,0.006494859,43.9943848416,386.6372623263,0.0
28922,0.0,369.887878,2174.8671875,-66.217346,-0.9997900796,0.0156522024,0.0130953749,0.0066457344,44.5418707993,387.0152615595,0.0
28923,0.0,365.72934,2176.404541,-66.234619,-0.9998031246,0.0113350573,0.0162858374,0.0068607768,45.3700597223,387.984064788,0.0
28924,0.0,363.09201,2177.532959,-66.241356,-0.9997865628,0.0084834853,0.0188377078,0.0070544384,46.0873819946,388.6897574831,0.0
28925,0.0,360.103149,2178.935059,-66.209213,-0.9997626651,0.0053887511,0.0211086432,0.0073335997,47.0942462096,389.5757825218,0.0
28926,0.0,357.590485,2180.217285,-66.173233,-0.9997653277,0.0035015097,0.0213782357,0.0076759229,48.2759584219,390.378247656,0.0
28927,0.0,354.369324,2181.988281,-66.112976,-0.9997691476,0.0021500143,0.0213782357,0.0083097215,50.3622238906,391.4720522847,0.0
28928,0.0,352.195557,2183.236572,-66.057961,-0.9997388694,-0.0008770085,0.0228347059,0.0085251114,51.107591493,392.2364642489,0.0
28929,0.0,349.255981,2184.995605,-65.981209,-0.9996276308,-0.0059015686,0.0266415325,0.0087678657,51.968785621,393.3097185889,0.0
28930,0.0,346.893463,2186.456543,-65.920471,-0.9995033207,-0.0115252143,0.029330554,0.0087787658,52.1184224008,394.1983221787,0.0
28931,0.0,343.682404,2188.480225,-65.838486,-0.9991034204,-0.0231347675,0.0354561389,0.0083843716,51.0986013183,395.4312536134,0.0
28932,0.0,341.120178,2190.171631,-65.773163,-0.9987564838,-0.030704866,0.0392771858,0.0083105603,51.0063305711,396.4588518623,0.0
28933,0.0,338.646881,2191.82373,-65.710442,-0.9982013343,-0.0402629009,0.0444184092,0.0080423069,50.3071065119,397.4650651639,0.0
28934,0.0,336.152496,2193.545898,-65.664116,-0.9976767615,-0.0479817674,0.048361446,0.0080016676,50.3126984849,398.5133478676,0.0
28935,0.0,332.997803,2195.756348,-65.639633,-0.9969072604,-0.058915641,0.0520082812,0.0077828621,49.7910005096,399.864499247,0.0
28936,0.0,330.319427,2197.661865,-65.596893,-0.9961841566,-0.0685752804,0.0539866374,0.0075289542,49.1183653585,401.0334230179,0.0
28937,0.0,327.683502,2199.588867,-65.524796,-0.9955885027,-0.0753536253,0.0559049583,0.0076118983,49.5336606406,402.2230616347,0.0
28938,0.0,325.353485,2201.258057,-65.460342,-0.9945870717,-0.0863185294,0.0578417515,0.0071463831,48.169634931,403.6384292792,0.0
28939,0.0,322.687469,2203.203613,-65.386299,-0.9935894303,-0.0960926902,0.0595503052,0.006901622,47.4290553346,404.3938310807,0.0
28940,0.0,320.154144,2205.037842,-65.315941,-0.9922629095,-0.1075046423,0.0621053168,0.0065016075,46.0440743598,404.4412351312,0.0
28941,0.0,318.228027,2206.305908,-65.258522,-0.99140828,-0.1142604708,0.0636723417,0.0063885225,45.8283873813,406.082336094,0.0
28942,0.0,314.536835,2208.529053,-65.141609,-0.9904062556,-0.1217249322,0.0654101653,0.00656326,46.6354873198,407.7138692744,0.0
28943,0.0,312.122375,2209.845703,-65.070633,-0.9903345392,-0.122242505,0.0655306829,0.0070269532,48.388293807,408.8896012914,0.0
28944,0.0,308.892639,2211.339844,-64.983322,-0.9903345392,-0.122242505,0.0655306829,0.0076616925,50.6035778051,409.5786621544,0.0
28945,0.0,307.982758,2211.740967,-64.959091,-0.9903345392,-0.122242505,0.0655306829,0.0078501585,51.311718962,410.3140142213,0.0
28946,0.0,303.684479,2213.356201,-64.847672,-0.9903345392,-0.122242505,0.0655306829,0.0086540469,53.9528080216,410.9898272412,0.0
28947,0.0,300.287567,2214.435303,-64.761841,-0.9903345392,-0.122242505,0.0655306829,0.0092718566,55.9453118444,411.7886456393,0.0
28948,0.0,297.124786,2215.300049,-64.683273,-0.9903345392,-0.122242505,0.0655306829,0.0098275825,57.6829640273,412.4571800346,0.0
28949,0.0,294.08432,2216.015869,-64.605453,-0.9903345392,-0.122242505,0.0655306829,0.0103446794,59.2566578158,413.0377165383,0.0
28950,0.0,290.830841,2216.675781,-64.523483,-0.9903345392,-0.122242505,0.0655306829,0.0108812567,60.8486843581,413.6007428525,0.0
28951,0.0,287.684296,2217.216797,-64.445831,-0.9903345392,-0.122242505,0.0655306829,0.0113834409,62.3030470698,414.0921355127,0.0
28952,0.0,285.242371,2217.564209,-64.399963,-0.9904694363,-0.1218288269,0.0642497685,0.0117481652,63.409523517,414.8907690071,0.0
28953,0.0,281.530396,2218.045654,-64.338867,-0.9906244789,-0.1213460504,0.0627556992,0.0122923208,64.8584740404,414.9287486332,0.0
28954,0.0,278.635956,2218.3479,-64.332153,-0.9906342669,-0.1213153976,0.0626603827,0.0127125648,65.9900449255,415.1752838696,0.0
28955,0.0,272.154205,2218.83252,-64.335205,-0.9908350454,-0.1205113891,0.0610157188,0.0136790074,68.5632017852,415.9480390881,0.0
28956,0.0,270.3333585,2218.9345705,-64.335205,-0.9911031596,-0.1190524599,0.0594680002,0.0140908364,69.6015151673,416.1166670276,0.0
28957,0.0,265.230316,2219.163086,-64.318054,-0.9917085087,-0.1156759214,0.0559760214,0.0151780339,72.299339952,416.5487100764,0.0
28958,0.0,262.026794,2219.237061,-64.317909,-0.9918183233,-0.1147378586,0.0559610351,0.015773877,73.7345177066,416.7792003808,0.0
28959,0.0,258.747803,2219.276123,-64.317924,-0.9919278389,-0.1137871828,0.0559610525,0.0163824272,75.1721911326,417.0029361653,0.0
28960,0.0,255.505432,2219.272217,-64.317924,-0.9919310518,-0.1137591713,0.0559610525,0.0168180462,76.1950114948,417.2126687612,0.0
28961,0.0,252.576813,2219.241699,-64.317924,-0.9919310518,-0.1137591713,0.0559610525,0.0171966726,76.9873889043,416.9246371996,0.0
28962,0.0,249.23848,2219.178711,-64.323975,-0.9919310518,-0.1137591713,0.0559610525,0.0176365208,78.0807890021,417.5861557842,0.0
28963,0.0,245.531128,2219.086914,-64.335693,-0.9920925127,-0.1128141383,0.055003785,0.0182493143,79.458817004,417.8248930703,0.0
28964,0.0,242.392792,2218.977051,-64.346268,-0.9920925127,-0.1128141383,0.055003785,0.0186534546,80.3607427701,418.007509725,0.0
28965,0.0,239.223206,2218.845947,-64.3573,-0.9920925127,-0.1128141383,0.055003785,0.0190582335,81.2548654453,418.188609755,0.0
28966,0.0,236.105637,2218.698975,-64.368439,-0.9920925127,-0.1128141383,0.055003785,0.0194538783,82.1202220493,418.364222098,0.0
28967,0.0,232.5345,2218.511475,-64.381516,-0.9920925127,-0.1128141383,0.055003785,0.0199041556,83.0950942447,418.5625805155,0.0
28968,0.0,229.349945,2218.335449,-64.393478,-0.9921935124,-0.1119223732,0.055003785,0.0204822432,84.3168547012,418.7414354952,0.0
28969,0.0,226.139282,2218.136475,-64.403091,-0.9922002167,-0.1118629236,0.055003785,0.020897538,85.1940220287,418.91645543,0.0
28970,0.0,222.993118,2217.927979,-64.40863,-0.9922002167,-0.1118629236,0.055003785,0.0212916154,86.0197649209,419.0858990999,0.0
28971,0.0,219.604782,2217.691162,-64.414383,-0.9922002167,-0.1118629236,0.055003785,0.0217149897,86.8990968349,419.2673259779,0.0
28972,0.0,216.074707,2217.423096,-64.420776,-0.9920933535,-0.1128067447,0.055003785,0.0219581811,87.4171686144,419.4506000969,0.0
28973,0.0,213.155655,2217.176025,-64.433228,-0.9918028449,-0.1153330068,0.0550037676,0.0217733526,87.0795239088,419.5805705439,0.0
28974,0.0,209.665817,2216.828369,-64.443069,-0.9907986933,-0.1228420392,0.0568135788,0.0207305382,85.0200602468,419.7238596737,0.0
28975,0.0,206.296555,2216.46582,-64.450729,-0.989567267,-0.1315368928,0.0587764403,0.0195422897,82.6047800041,419.8891654687,0.0
28976,0.0,203.128448,2216.140869,-64.458191,-0.9887125353,-0.1362024983,0.0624211659,0.0192587493,82.0379013957,420.0361117688,0.0
28977,0.0,199.847885,2215.799805,-64.466217,-0.9879287295,-0.1400250404,0.066255667,0.0192080572,81.9578247693,420.1740942462,0.0
28978,0.0,196.754288,2215.495605,-64.474045,-0.9878246108,-0.1402442877,0.0673355633,0.0197695794,83.1426236972,420.2107385059,0.0
28979,0.0,193.598038,2215.176758,-64.482315,-0.9878173641,-0.1402432589,0.0674439283,0.0203525631,84.3144377591,420.0475614287,0.0
28980,0.0,189.856506,2214.785889,-64.492355,-0.9878173641,-0.1402432589,0.0674439283,0.020928465,85.4239816499,419.7400168095,0.0
28981,0.0,186.6707,2214.44165,-64.501129,-0.9878173641,-0.1402432589,0.0674439283,0.021262777,86.0686454159,419.6052503928,0.0
28982,0.0,183.485703,2214.090332,-64.510101,-0.9878173641,-0.1402432589,0.0674439283,0.0215816026,86.6460723684,419.3223055387,0.0
28983,0.0,180.397156,2213.741211,-64.518982,-0.9878173641,-0.1402432589,0.0674439283,0.0217987014,87.053416875,419.2135096349,0.0
28984,0.0,177.188446,2213.37085,-64.539154,-0.9878173641,-0.1402432589,0.0674439283,0.0219995641,87.4156003042,419.0527689915,0.0
28985,0.0,173.77681,2212.970703,-64.566376,-0.9878173641,-0.1402432589,0.0674439283,0.0221642745,87.7291581977,419.0077862648,0.0
28986,0.0,170.410538,2212.568604,-64.593765,-0.9878173641,-0.1402432589,0.0674439283,0.0223717628,88.1537893948,419.1008635785,0.0
28987,0.0,167.204071,2212.179443,-64.615646,-0.9878173641,-0.1402432589,0.0674439283,0.0225584265,88.443829472,418.7562540249,0.0
28988,0.0,164.131851,2211.801514,-64.636215,-0.9878173641,-0.1402432589,0.0674439283,0.0226680575,88.7637122232,419.2649072409,0.0
28989,0.0,160.843918,2211.392578,-64.658218,-0.9878173641,-0.1402432589,0.0674439283,0.0228181358,89.0811223673,419.3940754161,0.0
28990,0.0,157.391281,2210.95752,-64.681381,-0.9878173641,-0.1402432589,0.0674439283,0.022964853,89.3771141693,419.4568562838,0.0
28991,0.0,154.034592,2210.530273,-64.703903,-0.9878173641,-0.1402432589,0.0674439283,0.023102183,89.6625694002,419.558533564,0.0
28992,0.0,150.830933,2210.118896,-64.725464,-0.9878173641,-0.1402432589,0.0674439283,0.0232553649,89.9735306205,419.6409862479,0.0
28993,0.0,147.983627,2209.75,-64.744598,-0.9878173641,-0.1402432589,0.0674439283,0.0234013191,90.2680463546,419.7151283787,0.0
28994,0.0,144.348648,2209.276123,-64.767014,-0.9878173641,-0.1402432589,0.0674439283,0.0235837712,90.640845446,419.8344917522,0.0
28995,0.0,141.14624,2208.85498,-64.789597,-0.9878173641,-0.1402432589,0.0674439283,0.0237602225,90.9943458032,419.9226856554,0.0
28996,0.0,137.893372,2208.424316,-64.827545,-0.9878173641,-0.1402432589,0.0674439283,0.0239580141,91.3884167004,420.0177662634,0.0
28997,0.0,131.55368,2207.578369,-64.906738,-0.9878173641,-0.1402432589,0.0674439283,0.024387021,92.2369574141,420.2180055379,0.0
28998,0.0,129.7720715,2207.338745,-64.929016,-0.9878173641,-0.1402432589,0.0674439283,0.0245246144,92.5057700077,420.2749503451,0.0
28999,0.0,127.990463,2207.099121,-64.951294,-0.9878173641,-0.1402432589,0.0674439283,0.0246622079,92.7745826013,420.3318951523,0.0
29384,0.0,-482.548309,1445.032349,-55.505058,-0.9396783773,-0.319949366,0.1209832653,,,,
29385,0.0,-482.399048,1444.955444,-55.361961,-0.9396783773,-0.319949366,0.1209832653,,,,
29386,0.0,-482.240295,1444.90625,-55.178303,-0.9396783773,-0.319949366,0.1209832653,,,,
29387,0.0,-485.049866,1444.060059,-52.839165,-0.890778315,-0.4367733282,0.1254713248,,,,
29388,0.0,-487.536041,1442.090454,-50.366478,-0.7612698551,-0.6353949911,0.1293886123,,,,
29389,0.0,-489.251007,1440.045532,-47.887619,-0.5750752567,-0.8077789465,0.1295439027,,,,
29390,0.0,-490.201782,1437.838135,-47.583664,-0.3567323579,-0.9253677361,0.1282052177,0.0785779536,204.7968778134,527.0618588878,0.0
29391,0.0,-491.257935,1434.372314,-47.8465,-0.0352053921,-0.9916774446,0.1238403258,0.0027535109,39.0977033025,527.2201659997,0.0
29392,0.0,-491.413879,1432.645996,-48.020168,0.2567980267,-0.9593187688,0.1173127157,0.0261156375,120.068870075,528.8338605157,0.0
29393,0.0,-492.053497,1432.462524,-48.222931,0.4894293698,-0.8649256162,0.1111870966,0.1127695926,245.4400321613,532.0309909694,0.0
29394,0.0,-492.907227,1432.905762,-48.506718,0.6940342762,-0.7128518358,0.1007902953,,,,
29395,0.0,-495.470673,1432.457886,-48.460213,0.7138166747,-0.6920420014,0.1074412545,,,,
29396,0.0,-499.006409,1431.583862,-48.381474,0.7194737345,-0.6848228999,0.1156509455,,,,
29397,0.0,-501.46167,1430.841187,-48.284,0.7221723956,-0.6813392959,0.1193473708,,,,
29398,0.0,-509.690277,1434.326782,-47.298721,0.7233742309,-0.6797740593,0.1209832653,,,,
29399,0.0,-512.543579,1432.897583,-47.298721,0.7233742309,-0.6797740593,0.1209832653,,,,
29400,0.0,-515.530762,1431.398804,-47.298721,0.7233742309,-0.6797740593,0.1209832653,,,,
29401,0.0,-518.457642,1430.050293,-47.298721,0.7233742309,-0.6797740593,0.1209832653,,,,
29402,0.0,-521.242798,1428.876587,-47.298721,0.7233742309,-0.6797740593,0.1209832653,,,,
29403,0.0,-524.075562,1427.775513,-47.298721,0.7233742309,-0.6797740593,0.1209832653,,,,
29404,0.0,-526.848511,1426.778931,-47.298721,0.7233742309,-0.6797740593,0.1209832653,,,,
29405,0.0,-530.43335,1425.591431,-48.002754,0.7233742309,-0.6797740593,0.1209832653,,,,
29406,0.0,-533.335449,1424.711548,-48.408951,0.7233742309,-0.6797740593,0.1209832653,,,,
29407,0.0,-536.25061,1423.888306,-48.505371,0.7233742309,-0.6797740593,0.1209832653,,,,
29408,0.0,-539.005676,1423.260376,-48.568745,0.7207331546,-0.6846243152,0.1087808206,,,,
29409,0.0,-542.361023,1422.848511,-48.653633,0.7492385715,-0.65591701,0.0917302511,,,,
29410,0.0,-545.019958,1422.728027,-48.726646,0.7967477139,-0.5992416284,0.0781188267,,,,
29411,0.0,-547.191589,1422.821045,-48.788319,0.8456238756,-0.5301216047,0.0623806486,,,,
29412,0.0,-549.58374,1423.123413,-48.858746,0.9023385427,-0.4292060995,0.0395888685,,,,
29616,0.0,-1075.712524,1278.283936,-45.490685,-0.7329176723,-0.6718682699,-0.1068864512,,,,
29617,0.0,-1075.79187,1278.174316,-45.494041,-0.7329176723,-0.6718682699,-0.1068864512,,,,
29618,0.0,-1075.865845,1278.070923,-45.497826,-0.7329176723,-0.6718682699,-0.1068864512,,,,
29619,0.0,-1075.905273,1275.412354,-44.144321,-0.7349798974,-0.6694855305,-0.107673928,,,,
29620,0.0,-1075.872681,1272.147949,-42.512688,-0.7368659285,-0.6671271707,-0.109407228,,,,
29621,0.0,-1075.736938,1265.535889,-39.58947,-0.743798984,-0.6589591381,-0.1119639484,,,,
29622,0.0,-1075.6074825,1263.2527465,-38.600607,-0.7485661394,-0.6533660682,-0.1127250128,,,,
29623,0.0,-1075.478027,1260.969604,-37.611744,-0.7533332948,-0.6477729983,-0.1134860772,,,,
29624,0.0,-1075.176636,1254.433228,-34.927353,-0.7660042618,-0.6322596845,-0.1161256315,,,,
29625,0.0,-1075.654053,1251.7697755,-34.075798,-0.7716593506,-0.6249915208,-0.1176449361,,,,
29626,0.0,-1076.13147,1249.106323,-33.224243,-0.7773144395,-0.6177233571,-0.1191642407,,,,
29627,0.0,-1079.281982,1240.544556,-31.318216,-0.7949784465,-0.5939743277,-0.1233035592,,,,
29628,0.0,-1079.532471,1237.651611,-29.850391,-0.8047090883,-0.5800234425,-0.1265546894,,,,
29629,0.0,-1079.7503665,1235.5460205,-28.7584305,-0.8114304096,-0.5698692296,-0.129131057,,,,
29630,0.0,-1079.968262,1233.44043,-27.66647,-0.8181517308,-0.5597150166,-0.1317074245,,,,
29631,0.0,-1080.574951,1227.774536,-24.369442,-0.8366611316,-0.5305377564,-0.136117008,,,,
29632,0.0,-1081.02478,1224.913208,-22.860691,-0.8474831257,-0.5129769975,-0.1364805908,,,,
29633,0.0,-1081.599365,1221.777832,-21.320454,-0.8618054503,-0.4888733422,-0.1352561317,,,,
29634,0.0,-1082.164795,1218.865601,-20.032137,-0.8715689326,-0.4715734586,-0.1341121505,,,,
29635,0.0,-1082.747803,1215.546753,-18.567137,-0.8818516836,-0.452534655,-0.1324763908,,,,
29636,0.0,-1083.491577,1211.730103,-17.028004,-0.8909716919,-0.4347944569,-0.1308557392,,,,
29637,0.0,-1083.906006,1209.013062,-13.501778,-0.8943478036,-0.4278302195,-0.130779622,,,,
29638,0.0,-1084.317383,1206.210083,-9.518378,-0.8969932379,-0.4220538169,-0.1314294747,,,,
29639,0.0,-1084.721924,1203.193359,-5.529634,-0.8995265936,-0.4161392401,-0.1329663126,,,,
29640,0.0,-1085.374023,1199.769775,-0.717304,-0.9040578657,-0.4057114651,-0.1344529009,,,,
29641,0.0,-1085.760376,1197.873779,2.620396,-0.9110712051,-0.3894181915,-0.1352875874,,,,
29642,0.0,-1086.081299,1195.825195,6.006477,-0.918288082,-0.3719925596,-0.135530565,,,,
29643,0.0,-1086.539307,1192.544922,10.356041,-0.9286926357,-0.3451977033,-0.135530565,,,,
29644,0.0,-1087.004028,1189.698608,13.346298,-0.9351725806,-0.3272364747,-0.135530565,,,,
29645,0.0,-1087.47998,1186.21106,16.943401,-0.9426135247,-0.3047707188,-0.1363618423,,,,
29646,0.0,-1087.954834,1183.122314,19.935564,-0.9494313698,-0.2827598484,-0.1364805562,,,,
29647,0.0,-1088.355225,1180.276123,22.628922,-0.9557569979,-0.2605793904,-0.1364805562,,,,
29648,0.0,-1088.500732,1179.051758,23.818459,-0.958410659,-0.2506432863,-0.1364805908,,,,
29649,0.0,-1089.219238,1174.231934,28.185116,-0.9679954556,-0.2106130025,-0.1364806254,,,,
29650,0.0,-1089.783081,1171.134888,30.399391,-0.9724889373,-0.188781143,-0.1364805735,,,,
29651,0.0,-1090.265503,1168.004883,32.675358,-0.9755679542,-0.1721633382,-0.1364805908,,,,
29652,0.0,-1090.757812,1164.751343,34.804024,-0.9776149224,-0.1601315454,-0.1364805908,,,,
29653,0.0,-1091.2323,1161.609253,36.658829,-0.9786206187,-0.1538659885,-0.1364805562,,,,
29654,0.0,-1091.858276,1157.583984,38.739281,-0.9796675735,-0.1470527705,-0.1364805044,,,,
29655,0.0,-1092.333618,1154.771973,39.64854,-0.9812956599,-0.1373455875,-0.1348889075,,,,
29656,0.0,-1092.809937,1151.959961,40.41872,-0.9835183193,-0.1222963174,-0.1331740452,,,,
29657,0.0,-1093.523438,1148.028564,41.235882,-0.9865771405,-0.0977816889,-0.1307833595,,,,
29658,0.0,-1094.114136,1145.052612,41.645058,-0.9891387942,-0.0739769382,-0.1270112534,,,,
29659,0.0,-1094.645874,1142.194946,41.861885,-0.9902775196,-0.0588623255,-0.1260383305,,,,
29660,0.0,-1095.168335,1139.375122,41.916603,-0.9911156029,-0.044958264,-0.1251743434,,,,
29661,0.0,-1095.704468,1136.461182,41.80558,-0.9918162552,-0.0292444342,-0.1242790371,,,,
29662,0.0,-1096.411743,1132.554443,41.394226,-0.9923419268,-0.0104266301,-0.1230804038,,,,
29663,0.0,-1097.39209,1127.137329,40.302055,-0.9926393052,0.0123177679,-0.1204802158,,,,
29664,0.0,-1097.871216,1124.443604,39.541786,-0.9926475059,0.0216776375,-0.119084042,,,,
29665,0.0,-1098.216614,1122.5333255,38.856083,-0.9926259641,0.0253629941,-0.1184755728,,,,
29666,0.0,-1098.562012,1120.623047,38.17038,-0.9926044223,0.0290483508,-0.1178671036,,,,
29667,0.0,-1100.885864,1117.401978,36.207478,-0.9925613846,0.0321464495,-0.1174244593,,,,
29668,0.0,-1102.912598,1114.250122,30.786068,-0.9924747888,0.0349149407,-0.1173658405,,,,
29669,0.0,-1105.018677,1108.319336,25.067739,-0.9923711988,0.0425994518,-0.1156922228,,,,
29670,0.0,-1106.103882,1105.864502,23.779825,-0.9923388758,0.0470278926,-0.1142450567,,,,
29671,0.0,-1107.000183,1103.908081,24.231472,-0.9922656646,0.0492966469,-0.1139009242,,,,
29672,0.0,-1109.237915,1099.224121,26.171991,-0.9921474789,0.0524236136,-0.1135567916,,,,
29673,0.0,-1110.627075,1096.398804,27.597557,-0.9921405106,0.0525554767,-0.1135567223,,,,
29674,0.0,-1112.376831,1094.462036,29.120501,-0.9921405106,0.0525554767,-0.1135567223,,,,
29675,0.0,-1114.275269,1092.462158,30.939522,-0.9921405106,0.0525554767,-0.1135567223,,,,
29676,0.0,-1116.253906,1090.348511,32.79071,-0.9921405106,0.0525554767,-0.1135567223,,,,
29677,0.0,-1117.008911,1089.880249,33.137493,-0.9921405106,0.0525554767,-0.1135567223,,,,
29678,0.0,-1121.471191,1086.612793,35.684875,-0.9921405106,0.0525554767,-0.1135567223,,,,
29679,0.0,-1122.276489,1086.077515,35.912868,-0.9921797374,0.0525575546,-0.1132125086,,,,
29680,0.0,-1125.592041,1083.599121,37.555008,-0.9926211299,0.052580936,-0.1092636158,,,,
29681,0.0,-1127.934204,1082.060303,38.684448,-0.9933058724,0.052617208,-0.1028342027,,,,
29682,0.0,-1130.683594,1080.521973,40.06538,-0.9943494852,0.0512234568,-0.0929798838,,,,
29683,0.0,-1133.054077,1079.361816,41.27182,-0.9952080655,0.0495301488,-0.0843070025,,,,
29684,0.0,-1135.7677,1078.237915,42.68679,-0.9963461571,0.0476643312,-0.0708692225,,,,
29685,0.0,-1139.244263,1077.039307,44.323559,-0.9974100451,0.047082671,-0.0543730085,,,,
29686,0.0,-1141.707275,1076.376221,45.650528,-0.997913018,0.0471064138,-0.0441655325,,,,
29687,0.0,-1144.155029,1075.810425,46.808128,-0.9982071616,0.0489638877,-0.0344238314,,,,
29688,0.0,-1147.833862,1075.235962,48.549767,-0.9984208428,0.0524084734,-0.0202280161,,,,
29689,0.0,-1150.90625,1074.70813,49.81646,-0.998447528,0.0545658623,-0.0111848315,,,,
29690,0.0,-1154.024414,1074.374756,51.289864,-0.9982909855,0.0584377099,0.0003773227,,,,
29691,0.0,-1156.814087,1074.112427,52.480808,-0.9981364737,0.0603229377,0.0092045096,,,,
29692,0.0,-1157.836792,1074.047974,52.964577,-0.9980459401,0.0612517307,0.0123501769,,,,
29693,0.0,-1162.657471,1073.79187,54.966763,-0.9972989786,0.0677391728,0.0283928129,,,,
29694,0.0,-1166.599976,1073.502441,56.292629,-0.99618254,0.0745402936,0.045432276,,,,
29695,0.0,-1169.248779,1073.367188,57.182133,-0.9951254825,0.0807227304,0.0566490502,,,,
29696,0.0,-1172.137451,1073.265747,58.324696,-0.9941332833,0.0850212897,0.0668610155,,,,
29697,0.0,-1176.048706,1073.135498,59.83522,-0.9929386219,0.0878867163,0.0796794716,,,,
29698,0.0,-1178.69751,1073.07373,60.821701,-0.99249038,0.0880569422,0.0849047735,,,,
29699,0.0,-1182.802368,1072.916016,62.19595,-0.9920965902,0.0852646994,0.0920558898,,,,
29700,0.0,-1185.550415,1072.861816,63.158703,-0.9920810623,0.0791156223,0.097549393,,,,
29701,0.0,-1188.82666,1072.750732,64.219963,-0.9924935532,0.0708063227,0.09971465,,,,
29702,0.0,-1192.230103,1072.574463,65.377602,-0.9925805212,0.0681229757,0.1007133012,,,,
29703,0.0,-1195.345825,1072.518188,66.418282,-0.9925751066,0.0679563505,0.1008790965,,,,
29704,0.0,-1198.450806,1072.48645,67.426575,-0.9925751066,0.0679563505,0.1008790965,,,,
29705,0.0,-1204.504395,1072.486694,69.535881,-0.9925751066,0.0679563505,0.1008790965,,,,
29706,0.0,-1206.305115,1072.547424,70.3187905,-0.9925751066,0.0679563505,0.1008790965,,,,
29707,0.0,-1211.125977,1072.77063,72.479401,-0.9925751066,0.0679563505,0.1008790965,,,,
29708,0.0,-1213.056519,1072.8690185,73.6046295,-0.9925751066,0.0679563505,0.1008790965,,,,
29709,0.0,-1214.987061,1072.967407,74.729858,-0.9925751066,0.0679563505,0.1008790965,,,,
29710,0.0,-1217.815674,1073.032715,76.46711,-0.9925751066,0.0679563505,0.1008790965,,,,
29711,0.0,-1223.472534,1073.199463,80.288025,-0.9925751066,0.0679563505,0.1008790965,,,,
29712,0.0,-1226.553955,1073.226318,82.377357,-0.9925751066,0.0679563505,0.1008790965,,,,
29713,0.0,-1230.676758,1073.265747,84.799202,-0.9925751066,0.0679563505,0.1008790965,,,,
29714,0.0,-1233.373901,1073.244507,86.532631,-0.9925751066,0.0679563505,0.1008790965,,,,
29715,0.0,-1236.101929,1073.125488,88.348106,-0.9925751066,0.0679563505,0.1008790965,,,,
29716,0.0,-1239.884399,1073.515137,90.268837,-0.9925751066,0.0679563505,0.1008790965,,,,
29717,0.0,-1242.463013,1073.892578,91.446487,-0.9925751066,0.0679563505,0.1008790965,,,,
29718,0.0,-1246.021851,1074.647217,93.043694,-0.9925751066,0.0679563505,0.1008790965,,,,
29719,0.0,-1248.540894,1075.345825,94.08223,-0.9929511798,0.0673152681,0.0975531102,,,,
29720,0.0,-1252.171875,1076.467896,95.482613,-0.9933689765,0.067053914,0.0933908408,,,,
29721,0.0,-1254.995605,1077.546387,96.558655,-0.9934433222,0.0661487134,0.0932454463,,,,
29722,0.0,-1257.379883,1078.517578,96.58522,-0.9934755942,0.0645387207,0.0940265771,,,,
29931,0.0,-1671.953613,770.497314,94.874268,-0.0023009507,-0.999988855,0.0041225607,,,,
29932,0.0,-1671.953735,770.416199,94.949516,-0.0023009507,-0.999988855,0.0041225607,,,,
29933,0.0,-1671.952271,771.068787,95.532471,-0.0023009507,-0.999988855,0.0041225607,,,,
29934,0.0,-1671.962769,769.391968,95.38031,-0.0023009507,-0.999988855,0.0041225607,,,,
29935,0.0,-1671.991577,765.287964,94.309715,-0.0023009507,-0.999988855,0.0041225607,,,,
29936,0.0,-1672.013184,762.01416,92.802299,-0.0023009507,-0.999988855,0.0041225607,,,,
29937,0.0,-1672.031372,758.949707,92.835556,-0.0023009507,-0.999988855,0.0041225607,,,,
29938,0.0,-1672.055542,754.673523,93.054207,-0.0023009507,-0.999988855,0.0041225607,,,,
29939,0.0,-1672.074463,751.182251,93.145523,-0.0023009507,-0.999988855,0.0041225607,,,,
29940,0.0,-1672.082153,749.723816,93.171181,-0.0023009507,-0.999988855,0.0041225607,,,,
29941,0.0,-1672.102417,745.691284,93.280434,-0.0023009507,-0.999988855,0.0041225607,,,,
29942,0.0,-1672.120117,742.019775,93.346237,-0.0023009507,-0.999988855,0.0041225607,,,,
29943,0.0,-1672.137573,738.205139,93.434799,-0.0023009507,-0.999988855,0.0041225607,,,,
29944,0.0,-1672.144043,736.725769,93.46801,-0.0023009507,-0.999988855,0.0041225607,,,,
29945,0.0,-1672.164429,731.866882,93.727585,-0.0023009507,-0.999988855,0.0041225607,,,,
29946,0.0,-1672.178589,728.436646,93.912216,-0.0023009507,-0.999988855,0.0041225607,,,,
29947,0.0,-1672.192627,724.870911,94.166687,-0.0023009507,-0.999988855,0.0041225607,,,,
29948,0.0,-1672.205811,721.404785,94.397736,-0.0023009507,-0.999988855,0.0041225607,,,,
29949,0.0,-1672.217896,718.117249,94.615028,-0.0023009507,-0.999988855,0.0041225607,,,,
29950,0.0,-1672.229248,714.987305,94.807137,-0.0023009507,-0.999988855,0.0041225607,,,,
29951,0.0,-1672.241333,711.542542,94.929695,-0.0023009507,-0.999988855,0.0041225607,,,,
29952,0.0,-1672.25354,707.99408,95.011154,-0.0023009507,-0.999988855,0.0041225607,,,,
29953,0.0,-1672.265991,704.201294,95.026611,-0.0023009507,-0.999988855,0.0041225607,,,,
29954,0.0,-1672.283936,698.499268,94.93396,-0.0023009507,-0.999988855,0.0041225607,,,,
29955,0.0,-1672.291138,696.2098085,94.9168665,-0.0023009507,-0.999988855,0.0041225607,,,,
29956,0.0,-1672.302368,692.640381,95.013481,-0.0023009507,-0.999988855,0.0041225607,,,,
29957,0.0,-1672.309021,690.4031375,94.9311065,-0.0023009507,-0.999988855,0.0041225607,,,,
29958,0.0,-1672.315674,688.165894,94.848732,-0.0023009507,-0.999988855,0.0041225607,,,,
29959,0.0,-1672.32605,684.671021,94.9114,-0.0023009507,-0.999988855,0.0041225607,,,,
29960,0.0,-1672.342285,679.050049,95.036591,-0.0023009507,-0.999988855,0.0041225607,,,,
29961,0.0,-1672.354126,674.923584,95.165337,-0.0023009507,-0.999988855,0.0041225607,,,,
29962,0.0,-1672.359192,673.1146545,95.2256435,-0.0023009507,-0.999988855,0.0041225607,,,,
29963,0.0,-1672.364258,671.305725,95.28595,-0.0023009507,-0.999988855,0.0041225607,,,,
29964,0.0,-1672.382446,664.657715,95.695389,-0.0023009507,-0.999988855,0.0041225607,,,,
29965,0.0,-1672.3869625,663.0206605,95.811745,-0.0023009507,-0.999988855,0.0041225607,,,,
29966,0.0,-1672.391479,661.383606,95.928101,-0.0023009507,-0.999988855,0.0041225607,,,,
29967,0.0,-1672.403809,656.742737,96.252808,-0.0023009507,-0.999988855,0.0041225607,,,,
29968,0.0,-1672.417725,651.485352,96.807396,-0.0023009507,-0.999988855,0.0041225607,,,,
29969,0.0,-1672.426025,648.299316,96.896767,-0.0023009507,-0.999988855,0.0041225607,,,,
29970,0.0,-1672.429199,647.030762,96.969971,-0.0023009507,-0.999988855,0.0041225607,,,,
29971,0.0,-1672.441406,642.395996,97.13958,-0.0023009507,-0.999988855,0.0041225607,,,,
29972,0.0,-1672.451294,638.490906,97.079681,-0.0023009507,-0.999988855,0.0041225607,,,,
29973,0.0,-1672.455444,636.942139,97.064072,-0.0023009507,-0.999988855,0.0041225607,,,,
29974,0.0,-1672.46582,632.797852,96.728355,-0.0023009507,-0.999988855,0.0041225607,,,,
29975,0.0,-1672.474609,629.293762,96.510941,-0.0023009507,-0.999988855,0.0041225607,,,,
29976,0.0,-1672.484253,625.508667,96.193825,-0.0023009507,-0.999988855,0.0041225607,,,,
29977,0.0,-1672.49292,622.002319,95.867043,-0.0023009507,-0.999988855,0.0041225607,,,,
29978,0.0,-1672.496582,620.582886,95.844109,-0.0023009507,-0.999988855,0.0041225607,,,,
29979,0.0,-1672.506958,616.43335,95.149788,-0.0023009507,-0.999988855,0.0041225607,,,,
29980,0.0,-1672.515747,612.89325,94.902573,-0.0023009507,-0.999988855,0.0041225607,,,,
29981,0.0,-1672.523926,609.592896,94.719574,-0.0023009507,-0.999988855,0.0041225607,,,,
29982,0.0,-1672.531738,606.465149,94.603935,-0.0023009507,-0.999988855,0.0041225607,,,,
29983,0.0,-1672.539795,603.178101,94.631363,-0.0023009507,-0.999988855,0.0041225607,,,,
29984,0.0,-1672.548218,599.712952,94.794327,-0.0023009507,-0.999988855,0.0041225607,,,,
29985,0.0,-1672.481934,596.525818,94.962906,-0.0023009507,-0.999988855,0.0041225607,,,,
29986,0.0,-1672.258057,593.119934,95.391884,-0.0023009507,-0.999988855,0.0041225607,,,,
29987,0.0,-1672.04126,589.900574,95.771606,-0.0023009507,-0.999988855,0.0041225607,,,,
29988,0.0,-1671.938965,588.477722,95.954147,-0.0023009507,-0.999988855,0.0041225607,,,,
29989,0.0,-1671.446655,583.399902,96.93943,-0.0023009507,-0.999988855,0.0041225607,,,,
29990,0.0,-1671.217407,580.146179,97.172852,-0.0023009507,-0.999988855,0.0041225607,,,,
29991,0.0,-1670.89917,576.917175,97.569099,-0.0023009507,-0.999988855,0.0041225607,,,,
29992,0.0,-1670.858887,575.589905,97.596931,-0.0023009507,-0.999988855,0.0041225607,,,,
29993,0.0,-1670.203247,571.606201,98.298637,-0.0023009507,-0.999988855,0.0041225607,,,,
29994,0.0,-1669.621948,564.286804,98.617142,-0.0023009507,-0.999988855,0.0041225607,,,,
29995,0.0,-1669.4437865,562.459076,98.6716045,-0.0023009507,-0.999988855,0.0041225607,,,,
29996,0.0,-1669.265625,560.631348,98.726067,-0.0023009507,-0.999988855,0.0041225607,,,,
29997,0.0,-1669.001587,557.4505,98.72007,-0.0023009507,-0.999988855,0.0041225607,,,,
29998,0.0,-1668.50061,550.976624,98.522743,-0.0023009507,-0.999988855,0.0041225607,,,,
29999,0.0,-1668.317871,547.917542,98.304184,-0.0023009507,-0.999988855,0.0041225607,,,,
30000,0.0,-1668.26593,546.2123415,98.1780815,-0.0023009507,-0.999988855,0.0041225607,,,,
30001,0.0,-1668.222778,541.769653,97.901932,-0.0030760487,-0.9999832747,0.0048977757,,,,
30002,0.0,-1668.387451,538.212708,97.66626,-0.014715767,-0.999769305,0.0156455402,,,,
30003,0.0,-1668.683105,534.277039,98.132957,-0.052055806,-0.9980030832,0.0357776339,,,,
30004,0.0,-1668.964966,530.962158,98.582695,-0.0929364112,-0.9941845192,0.054405563,,,,
30005,0.0,-1669.474731,527.522827,98.732803,-0.1698431284,-0.9813557711,0.0899675627,,,,
30006,0.0,-1670.024414,524.213684,98.761101,-0.2454033293,-0.9620189242,0.1195692078,,,,
30007,0.0,-1670.692139,521.210938,98.929214,-0.3257598606,-0.9340803726,0.1461997634,,,,
30008,0.0,-1671.517822,518.135559,99.139954,-0.4113067747,-0.8952384966,0.1713906977,,,,
30009,0.0,-1672.404785,515.058655,99.246788,-0.4772882755,-0.858501346,0.1875402384,,,,
30010,0.0,-1673.545532,512.078674,99.44754,-0.5239216244,-0.8280330844,0.1996680812,,,,
30011,0.0,-1674.879517,508.886139,99.643188,-0.5591911266,-0.802244374,0.2090675688,,,,
30012,0.0,-1676.037109,505.806915,99.697998,-0.5762773355,-0.7884614652,0.2150184887,,,,
30013,0.0,-1677.102173,502.883209,99.725487,-0.5796481473,-0.7858424323,0.2155451157,,,,
30014,0.0,-1678.437134,499.415497,99.682236,-0.5799657929,-0.7856080334,0.2155451157,,,,
30015,0.0,-1679.671143,496.410797,99.639778,-0.5799657929,-0.7856080334,0.2155451157,,,,
30016,0.0,-1680.840576,493.732361,99.522873,-0.5799657929,-0.7856080334,0.2155451157,,,,
30017,0.0,-1682.30957,490.604034,99.371231,-0.5799657929,-0.7856080334,0.2155451157,,,,
30018,0.0,-1683.664307,487.747772,99.16243,-0.5799657929,-0.7856080334,0.2155451157,,,,
30019,0.0,-1685.079468,484.934021,97.597046,-0.5799657929,-0.7856080334,0.2155451157,,,,
32049,0.0,-166.675781,1030.524536,66.074417,-0.3844009269,0.9158330488,0.1161281798,,,,
32050,0.0,-166.613861,1030.518799,66.116425,-0.3844009269,0.9158330488,0.1161281798,,,,
32051,0.0,-166.851959,1030.67041,66.103012,-0.3844009269,0.9158330488,0.1161281798,,,,
32052,0.0,-166.558334,1032.165771,66.157982,-0.3844681263,0.9159935096,0.1146304944,,,,
32053,0.0,-169.451385,1035.897827,65.824478,-0.385229802,0.9159777147,0.1121731958,,,,
32054,0.0,-169.655624,1037.472656,63.956387,-0.3852855937,0.915971465,0.1120325245,,,,
32055,0.0,-169.71759,1039.927124,63.739063,-0.3852855937,0.915971465,0.1120325245,,,,
32056,0.0,-169.892181,1042.596191,63.717518,-0.3832222207,0.9169759024,0.1108869871,,,,
32057,0.0,-170.18425,1046.370728,63.728207,-0.3748519393,0.9207231024,0.1084204425,,,,
32058,0.0,-170.485535,1049.033936,63.77092,-0.3672202549,0.9238056513,0.108316218,,,,
32059,0.0,-170.77977,1051.835205,63.758942,-0.3504721478,0.9300377579,0.110449276,,,,
32060,0.0,-171.087814,1054.684814,63.746738,-0.3285792225,0.9376847621,0.113061848,,,,
32061,0.0,-171.53598,1058.505127,63.662598,-0.2997949403,0.9471639125,0.1140329632,,,,
32062,0.0,-171.817047,1061.358643,63.731255,-0.2673115343,0.956754123,0.1147435911,,,,
32063,0.0,-172.169495,1065.400146,63.584106,-0.2178974692,0.9686230055,0.1195414829,,,,
32064,0.0,-172.266235,1068.199707,63.572865,-0.1686870388,0.9777671771,0.1245633586,,,,
32065,0.0,-172.231339,1071.122681,63.550434,-0.1031308132,0.9856858154,0.1333698194,,,,
32066,0.0,-172.163818,1074.052246,63.56039,-0.0370252968,0.9891079896,0.1424588088,,,,
32067,0.0,-172.281677,1077.955688,63.554916,0.0191810292,0.9882056405,0.1519266278,,,,
32068,0.0,-172.398361,1079.460205,63.611206,0.02842135,0.9876182364,0.1542804137,,,,
32069,0.0,-172.778458,1083.390381,63.438026,0.0405017504,0.9864241956,0.1591443201,,,,
32070,0.0,-173.099121,1086.647461,63.39827,0.041063277,0.9863095501,0.1597099829,,,,
32071,0.0,-173.234558,1088.125488,63.411247,0.0407236526,0.9863236284,0.1597100002,,,,
32072,0.0,-173.58992,1092.036865,63.156048,0.0362533966,0.9862889244,0.1609964248,,,,
32073,0.0,-173.842422,1095.209595,63.064949,0.0304587528,0.9861681086,0.1629255225,,,,
32074,0.0,-174.074005,1098.354858,63.065376,0.0240128779,0.9860268609,0.1648466298,,,,
32075,0.0,-174.284485,1101.578247,63.073017,0.0178676145,0.985947866,0.1660950147,,,,
32076,0.0,-174.494049,1104.740112,63.104843,0.008027506,0.9856799135,0.1684359444,,,,
32077,0.0,-174.74321,1108.350098,63.160191,-0.0071299753,0.9851385586,0.1716134722,,,,
32078,0.0,-174.98761,1111.5,63.22551,-0.0254659351,0.9839407257,0.1766695627,,,,
32079,0.0,-175.21283,1114.7146,63.36636,-0.0401907349,0.9823050164,0.182925011,,,,
32080,0.0,-175.41156,1118.106323,63.533344,-0.0491903902,0.9809117862,0.1881286079,,,,
32081,0.0,-175.71492,1124.305664,63.886799,-0.0548854435,0.9795878696,0.1933783695,,,,
32082,0.0,-175.86528,1127.636963,64.056686,-0.0551831425,0.9795116192,0.1936796545,,,,
32083,0.0,-176.017593,1130.986206,64.219612,-0.0551831425,0.9795116192,0.1936796545,,,,
32084,0.0,-176.126022,1133.3136595,64.295124,-0.0551831425,0.9795116192,0.1936796545,,,,
32085,0.0,-176.234451,1135.641113,64.370636,-0.0551831425,0.9795116192,0.1936796545,,,,
32086,0.0,-176.45871,1140.361206,64.445633,-0.0551831425,0.9795116192,0.1936796545,,,,
32087,0.0,-176.267929,1144.945435,64.425781,-0.0545081568,0.9795494095,0.1936796716,,,,
32088,0.0,-176.194504,1148.225464,64.37146,-0.0497306529,0.9794203873,0.1956081978,,,,
32089,0.0,-176.049103,1151.758301,64.19574,-0.0395206326,0.9791611167,0.199202478,,,,
32090,0.0,-175.902222,1155.188232,64.09317,-0.0259809021,0.9791168291,0.2016314154,,,,
32091,0.0,-175.803146,1158.735718,63.916344,-0.0117811442,0.9788095023,0.2044337615,,,,
32092,0.0,-175.738419,1162.34436,63.717712,-0.0024692137,0.9787489287,0.2050474032,,,,
32093,0.0,-175.701797,1165.534668,63.543045,0.0047749262,0.9789207876,0.2041844551,,,,
32094,0.0,-175.670441,1168.804077,63.309574,0.0099148412,0.9792417897,0.2024529902,,,,
32095,0.0,-175.647385,1171.831909,63.10136,0.0128310305,0.9795642873,0.2007216274,,,,
32096,0.0,-175.616226,1174.915649,62.861996,0.0154914693,0.9800190282,0.1982995682,,,,
32097,0.0,-175.568268,1178.573242,62.625412,0.0201832596,0.9807176434,0.1943850299,,,,
32098,0.0,-175.520935,1181.726807,62.548054,0.0239982889,0.9810589526,0.1922171004,,,,
32099,0.0,-175.466537,1184.595825,62.44276,0.0273287127,0.9812959251,0.1905556317,,,,
32100,0.0,-175.435074,1188.869873,62.546371,0.0350615354,0.9817040124,0.1871574757,,,,
32101,0.0,-175.413528,1191.79834,62.636612,0.0443282491,0.981656098,0.1854354649,,,,
32102,0.0,-175.387421,1194.634155,62.78754,0.0527558857,0.9814161662,0.1844969516,,,,
32103,0.0,-175.337021,1198.062744,62.988506,0.0665046417,0.9806240458,0.1842650631,,,,
32104,0.0,-175.214447,1201.471436,63.307907,0.083471186,0.979325765,0.1842650459,,,,
32105,0.0,-175.044632,1204.744263,63.700115,0.1087033247,0.9765499106,0.1858328803,,,,
32106,0.0,-174.868607,1207.915405,64.123352,0.1318581641,0.9736333224,0.1861493435,,,,
32107,0.0,-174.654358,1210.99292,64.53373,0.1591548467,0.969545335,0.1861493435,,,,
32108,0.0,-174.426666,1214.054077,64.881523,0.1852624387,0.9648970156,0.1861493435,,,,
32109,0.0,-174.134872,1217.60437,65.134605,0.220576234,0.957441671,0.1861493263,,,,
32110,0.0,-173.771042,1221.317383,65.312088,0.2511775489,0.9498727637,0.1861493263,0.13695468,840.1277097427,1663.202620763,0.0
32111,0.0,-173.393219,1224.535645,65.376266,0.2770536243,0.9426503653,0.1861493435,0.1244793304,802.4564675917,1660.779335953,0.0
32112,0.0,-172.956177,1227.910645,65.43718,0.3058151092,0.9337159817,0.1861493606,0.1111469155,759.7980085945,1658.2513279407,0.0
32113,0.0,-172.507141,1230.976562,65.370224,0.3389105474,0.9222190969,0.1861493435,0.0964468731,709.5030336625,1655.8754972592,0.0
32114,0.0,-171.990143,1233.995239,65.332855,0.37191064,0.9094123915,0.1861493435,0.082581348,658.0361170336,1653.6754281406,0.0
32115,0.0,-171.324509,1236.419678,65.230492,0.3992106691,0.8977634822,0.1861493263,0.0717666885,614.4179434928,1651.6675874196,0.0
32116,0.0,-170.367813,1239.986206,65.103958,0.4269206125,0.8849221506,0.1861493435,0.0615760172,569.5749399723,1648.6204718088,0.0
32117,0.0,-169.430191,1243.326294,64.839348,0.4508659082,0.8735261452,0.1834993363,0.0531364735,529.3297424739,1645.7436148447,0.0
32118,0.0,-168.523666,1246.317139,64.500618,0.4681101364,0.8649340522,0.1810027226,0.0473680834,499.7243597037,1643.150797935,0.0
32119,0.0,-167.538666,1249.317993,64.25386,0.4866415788,0.8553052631,0.1778563486,0.0414406688,467.3562294335,1640.4624428738,0.0
32120,0.0,-166.451935,1252.305664,64.039803,0.5083505853,0.8433470866,0.1741992365,0.034774865,428.1729558478,1637.8734835563,0.0
32121,0.0,-164.862457,1256.331787,63.849731,0.5373501032,0.8260133559,0.170166984,0.0268874619,376.3510700484,1633.9633951314,0.0
32122,0.0,-163.526138,1259.323364,63.844547,0.5627488538,0.8096812253,0.1665233946,0.0207182934,330.2705270125,1630.943905306,0.0
32123,0.0,-161.986511,1262.501953,63.828667,0.591714422,0.789389842,0.1635167277,0.0147028979,278.0780380383,1627.6179295094,0.0
32124,0.0,-160.320572,1265.494507,63.930084,0.6270947832,0.761790049,0.1625670756,0.0090245898,217.7276660015,1624.3025821653,0.0
32125,0.0,-158.458862,1268.468994,64.088348,0.667649122,0.7265140039,0.1625486146,0.0049065618,160.361942102,1620.8060477382,0.0
32126,0.0,-156.314468,1271.143433,64.411453,0.7214941913,0.6732842235,0.1616616414,0.0038971269,142.6600992377,1617.47951644,0.0
32127,0.0,-154.242538,1273.4375,64.696846,0.7603889061,0.6292442771,0.1608115395,0.0070908611,191.9011190065,1614.3000831323,0.0
32128,0.0,-151.892853,1275.851929,65.016312,0.7969899566,0.5830981958,0.1574912796,0.0135773209,264.5368720745,1610.8063783599,0.0
32129,0.0,-149.45195,1278.387573,65.201805,0.8271223997,0.5411559885,0.1517192539,0.0218969843,334.4906855433,1607.1907427029,0.0
32130,0.0,-147.22023,1280.881714,65.447639,0.8395485895,0.5233774096,0.1457197754,0.025905593,362.7117654179,1603.9133980748,0.0
32131,0.0,-145.157089,1283.406372,65.459785,0.8421258709,0.5200137575,0.1428625549,0.0265596793,366.500623974,1600.8524546767,0.0
32132,0.0,-142.653015,1288.830811,64.570305,0.8422997429,0.5197901051,0.1426512873,0.0262316273,363.1243435078,1595.8595061815,0.0
32133,0.0,-142.289902,1291.750854,63.7006,0.8422997429,0.5197901051,0.1426512873,0.0259345876,360.577021701,1593.5937018783,0.0
32134,0.0,-141.722778,1294.437256,63.026363,0.8422997429,0.5197901051,0.1426512873,0.0257038785,358.4560841023,1591.2209192395,0.0
32135,0.0,-140.986496,1296.293457,63.604549,0.8422997429,0.5197901051,0.1426512873,0.025625147,357.4526939416,1589.1708369201,0.0
32136,0.0,-140.127258,1298.071167,63.99057,0.8419472476,0.5203608819,0.1426512701,0.0254066706,355.4974643701,1587.1712795243,0.0
32137,0.0,-138.759781,1300.529907,64.277512,0.8397815377,0.5236016851,0.1435557188,0.0245279667,348.7604695081,1584.3861490959,0.0
32138,0.0,-137.684555,1302.177979,64.489166,0.8395853922,0.5236889978,0.1443821412,0.0244854516,348.0455797883,1582.4935448365,0.0
32139,0.0,-136.143204,1304.345337,64.631485,0.8395647369,0.5236761141,0.144548885,0.0244199536,347.0302691453,1579.965574686,0.0
32140,0.0,-134.730042,1306.233398,64.609489,0.8395647369,0.5236761141,0.144548885,0.0243534472,346.0724719507,1577.7282698719,0.0
32141,0.0,-133.249893,1308.127441,64.480728,0.8395647369,0.5236761141,0.144548885,0.0242925664,345.1362565693,1575.4062644244,0.0
32142,0.0,-131.588104,1310.102051,64.301895,0.8406229432,0.5224225861,0.1429255365,0.0244822097,345.9137911752,1572.9035684413,0.0
32143,0.0,-129.84259,1312.05481,64.060623,0.844375287,0.5168533887,0.1410423668,0.0257473627,354.0491850523,1570.3478352007,0.0
32144,0.0,-128.089935,1314.114868,63.731781,0.8512965265,0.5062940752,0.1376972524,0.0282815229,370.2098512803,1567.7403003543,0.0
32145,0.0,-126.408028,1316.165405,63.337708,0.8592431175,0.4936365964,0.1342541462,0.0315075935,389.8061212165,1565.215593048,0.0
32146,0.0,-124.722725,1318.277954,62.906342,0.8680083115,0.479026119,0.1307499466,0.0354493913,412.4008120273,1562.7284181037,0.0
32147,0.0,-122.499161,1321.228271,62.551189,0.879196759,0.4595415207,0.1258358047,0.0409713415,441.7831392523,1559.3681163493,0.0
32148,0.0,-120.75531,1323.639648,62.141415,0.8843241311,0.4506458426,0.1220211278,0.0434297481,453.8016067247,1556.7707066508,0.0
32149,0.0,-119.158905,1326.008057,61.87669,0.8872312246,0.4454507771,0.1199764943,0.0447465539,459.8219544316,1554.5631754119,0.0
32150,0.0,-117.547173,1328.568604,61.656765,0.8881395664,0.4441632739,0.1180131213,0.0447382481,459.1652231615,1552.4836968058,0.0
32151,0.0,-116.133499,1330.759766,61.747482,0.8881959898,0.4440958599,0.1178420593,0.0443963388,456.9891841771,1550.92901981,0.0
32152,0.0,-114.633209,1332.939575,61.947987,0.8881959898,0.4440958599,0.1178420593,0.0440555141,454.8671194223,1549.5519667291,0.0
32153,0.0,-113.112534,1334.961548,62.136948,0.8881959898,0.4440958599,0.1178420593,0.0437320148,452.8964163967,1548.4064342279,0.0
32154,0.0,-110.73555,1337.77771,62.750862,0.8881959898,0.4440958599,0.1178420593,0.0433048483,450.2784159542,1546.8609800951,0.0
32155,0.0,-108.743904,1339.944336,63.123253,0.8881959898,0.4440958599,0.1178420593,0.0430840528,448.3227341011,1543.9968197757,0.0
32156,0.0,-106.671906,1342.088501,63.660484,0.8881959898,0.4440958599,0.1178420593,0.0427895202,446.4213203863,1542.6146550586,0.0
32157,0.0,-104.690742,1344.033569,64.163376,0.8881959898,0.4440958599,0.1178420593,0.0425264481,444.7323901269,1541.4209367387,0.0
32158,0.0,-102.591911,1346.024658,64.590027,0.8881959898,0.4440958599,0.1178420593,0.0422591018,443.0236438933,1540.2427281299,0.0
32159,0.0,-100.502556,1347.930298,64.933449,0.8881959898,0.4440958599,0.1178420593,0.0420052657,441.4078860963,1539.1553630617,0.0
32160,0.0,-97.486763,1350.483643,65.214104,0.8881959898,0.4440958599,0.1178420593,0.0416693834,439.2766829596,1537.7530867137,0.0
32161,0.0,-95.337082,1352.307007,65.430618,0.8881959898,0.4440958599,0.1178420593,0.0414295243,437.7599509503,1536.7791223897,0.0
32162,0.0,-93.185982,1354.022949,65.582581,0.8881959898,0.4440958599,0.1178420593,0.0411920145,436.2373289957,1535.7494787914,0.0
32163,0.0,-90.258087,1356.348633,65.874008,0.8881959898,0.4440958599,0.1178420593,0.0408245121,433.9187021355,1534.3032256421,0.0
32164,0.0,-85.806679,1359.084595,65.965843,0.8881959898,0.4440958599,0.1178420593,0.040334789,430.7846445297,1532.2491118903,0.0
32204,0.0,48.827892,1375.282959,64.728142,0.5816950342,0.8073867222,0.0987804031,0.0161641316,259.1812321407,1447.3530876462,0.0
32205,0.0,48.729954,1375.44458,64.72303,0.5816950342,0.8073867222,0.0987804031,0.0162519616,259.9032952821,1447.4902178399,0.0
32206,0.0,48.617481,1375.760254,64.535439,0.5816950342,0.8073867222,0.0987804031,0.0165061096,261.9877726337,1447.9155299434,0.0
32207,0.0,51.744308,1376.438599,64.264389,0.5816950342,0.8073867222,0.0987804031,0.0164963668,261.4886004201,1445.5799240414,0.0
32208,0.0,55.196918,1377.20166,63.902985,0.5809298402,0.8079374662,0.0987804205,0.0166580963,262.2506730629,1442.7966788934,0.0
32209,0.0,58.506538,1377.984131,63.543125,0.5731786593,0.8134547661,0.0987804031,0.0184470882,275.2533900037,1439.6798560024,0.0
32210,0.0,63.375008,1379.079468,63.141975,0.5538971505,0.8267045271,0.0987804205,0.0231909703,307.1411434469,1434.4855526968,0.0
32211,0.0,67.184624,1379.735596,63.06065,0.5388881965,0.8365655645,0.0987804031,0.0272268431,331.925711015,1432.2000172429,0.0
32212,0.0,68.8502845,1380.0303345,63.047697,0.5334218855,0.8400366629,0.0987804031,0.0287506491,340.439716965,1430.5910946042,0.0
32213,0.0,71.966064,1380.594849,63.027584,0.5245396648,0.8456361916,0.0987804205,0.0311919553,353.6694967944,1427.1664145768,0.0
32214,0.0,75.611008,1381.257202,63.141926,0.5184404791,0.8493204496,0.0993692282,0.0327907251,361.4639475109,1423.1942993507,0.0
32215,0.0,79.011497,1381.92688,63.226891,0.5153020219,0.8511014325,0.1004498774,0.033525996,364.6174882782,1420.0464340798,0.0
32216,0.0,80.6781955,1382.265381,63.2929345,0.514263091,0.8516658203,0.1009808101,0.0338209062,365.87598682,1418.8470898976,0.0
32217,0.0,83.971191,1382.950073,63.338158,0.5116706691,0.8531029284,0.1020221535,0.0346336967,369.5902903588,1416.6069749436,0.0
32218,0.0,87.857498,1383.779785,63.627975,0.507413589,0.8554194915,0.1038698379,0.0361523823,376.8083912332,1414.1589039879,0.0
32287,0.0,287.501404,1479.374146,64.17144,0.2811598598,0.954464342,0.0997344129,0.1399525022,665.1493822394,1303.6675065956,0.0
32288,0.0,287.55423,1479.553467,64.17144,0.2811598598,0.954464342,0.0997344129,0.1401123769,665.2098029319,1303.0978796985,0.0
32289,0.0,287.576385,1479.628662,64.17144,0.2811598598,0.954464342,0.0997344129,0.1401787966,665.2329364681,1302.8576954161,0.0
32290,0.0,287.384705,1484.467529,64.759361,0.2690744443,0.9580940349,0.0982586569,0.1483902827,680.9322505716,1299.0517344891,0.0
32291,0.0,289.264343,1487.917603,63.821655,0.2515127834,0.9632044772,0.0947547092,,,,
32292,0.0,291.540466,1492.447876,63.277805,0.221405328,0.9710022511,0.0901904043,,,,
32293,0.0,292.1410825,1494.6292725,63.3775555,0.207365044,0.9739581018,0.0905503076,,,,
32294,0.0,292.741699,1496.810669,63.477306,0.19332476,0.9769139526,0.0909102108,,,,
32295,0.0,294.314728,1502.308594,63.880642,0.1644163226,0.9816692705,0.0963987358,,,,
32296,0.0,294.918884,1504.555786,64.090538,0.1630080102,0.9818575147,0.0968721295,,,,
32297,0.0,295.5758055,1506.9107665,64.2803725,0.1630080102,0.9818575147,0.0968721295,,,,
32298,0.0,296.694031,1511.11499,64.610107,0.1630080102,0.9818575147,0.0968721295,,,,
32299,0.0,297.896973,1515.525513,65.059669,0.1630080102,0.9818575147,0.0968721295,,,,
32300,0.0,298.715332,1518.945801,65.355644,0.1630080102,0.9818575147,0.0968721295,,,,
32301,0.0,299.040955,1520.410278,65.442375,0.1630080102,0.9818575147,0.0968721295,,,,
32302,0.0,300.112122,1524.605835,65.931061,0.1630080102,0.9818575147,0.0968721295,,,,
32333,0.0,319.012634,1620.826904,72.845604,0.42317544,0.9030072344,0.0741652314,0.1038153017,526.3219711009,1186.2616645259,0.0
32334,0.0,319.907684,1625.269775,73.408798,0.4338688482,0.8979986606,0.0731862563,0.0996879026,515.0786002816,1183.422469686,0.0
32335,0.0,320.641388,1629.320557,74.036423,0.444299531,0.8929619932,0.0722274558,0.0956247018,503.9289795207,1180.8861181999,0.0
32336,0.0,321.726135,1634.71875,75.663872,0.4631150878,0.8834972652,0.0704059505,0.0880607999,482.928203895,1176.9397148784,0.0
32337,0.0,322.345245,1638.320801,78.255478,0.4906976809,0.8687927158,0.0664454886,0.0764431286,450.2108319604,1174.0705587568,0.0
32338,0.0,322.2369535,1640.454529,79.6418535,0.5009389234,0.8629801372,0.0646815042,0.07261598,438.5734128391,1172.713301184,0.0
32339,0.0,322.128662,1642.588257,81.028229,0.511180166,0.8571675587,0.0629175199,0.0687888313,426.9359937178,1171.3560436112,0.0
32340,0.0,322.041687,1646.147949,83.183907,0.5259895646,0.848313792,0.0608168421,0.0635013754,409.9594315542,1169.0705489964,0.0
32341,0.0,321.809296,1650.992188,86.231827,0.5527138154,0.8312621828,0.0592504993,0.0539401971,377.8359731125,1166.1890212067,0.0
32342,0.0,321.452026,1655.091431,88.665588,0.569224489,0.8200455065,0.0592355333,0.0484623864,358.0550774018,1164.2841236834,0.0
32343,0.0,321.305847,1658.30835,90.499252,0.5812037149,0.811616438,0.0589999949,0.0446593092,343.5760884443,1162.6679781323,0.0
32344,0.0,321.041687,1661.703735,92.323151,0.5936124747,0.8026116443,0.058641097,0.0408917033,328.5828666775,1160.9087696697,0.0
32345,0.0,320.702942,1665.472168,94.293495,0.606913697,0.7927721582,0.0562856077,0.0370774841,312.6147207146,1158.7846067587,0.0
32346,0.0,320.37616,1669.070801,96.22673,0.6210667863,0.7820802674,0.0512494132,0.0331651685,295.374618486,1156.5066233676,0.0
32347,0.0,320.261353,1670.35144,96.947418,0.6254217565,0.7787050108,0.0496601711,0.031994842,290.0268186125,1155.8063010219,0.0
32348,0.0,319.702484,1675.43335,99.520706,0.6415675334,0.7657702369,0.0445762748,0.0279514174,270.715046155,1153.0593751954,0.0
32349,0.0,319.470184,1678.581177,101.334923,0.6510187236,0.7579115262,0.0417700839,0.02565256,259.115024224,1151.371430467,0.0
32350,0.0,319.17395,1681.962891,103.141144,0.6608587459,0.7495075206,0.0387839479,0.0233356235,246.9245867862,1149.7096156799,0.0
32351,0.0,319.02359,1684.953369,104.94738,0.6709473428,0.740589195,0.0368416524,0.0209348671,233.7163615575,1148.2169909985,0.0
32352,0.0,318.842865,1688.235962,106.94062,0.6813017123,0.7311318228,0.0356964232,0.0185887462,220.0448161698,1146.5652647693,0.0
32353,0.0,318.775604,1691.463013,109.021667,0.6922687731,0.7207630072,0.0355616822,0.0161512739,204.9346423868,1144.8740490691,0.0
32354,0.0,318.749786,1694.114868,110.688034,0.7012169424,0.7120820576,0.0351275237,0.014301227,192.6680348312,1143.3161383908,0.0
32355,0.0,318.710602,1697.730957,113.045563,0.7101862282,0.7031610947,0.0346409604,0.0126467431,180.8779868853,1140.9295598094,0.0
32356,0.0,318.658875,1699.770508,114.37812,0.7122906674,0.7010310984,0.0346035281,0.012390403,178.837122061,1139.5920582233,0.0
32357,0.0,318.839935,1703.071777,116.777466,0.715935461,0.6973084049,0.0346035281,0.0118692549,174.667640845,1137.0465788058,0.0
32358,0.0,318.89621,1706.319458,119.005295,0.7182663509,0.6949389787,0.0339597581,0.0116393431,172.6124389738,1134.6457047708,0.0
32359,0.0,318.954529,1709.467407,121.292168,0.7193818606,0.693799488,0.0336453423,0.0116383562,172.2437867568,1132.2701410908,0.0
32360,0.0,319.041321,1712.661499,123.57267,0.7205403458,0.6926284981,0.0329753508,0.0116207661,171.7390043884,1129.8009898371,0.0
32361,0.0,319.083038,1716.147339,125.9328,0.7219981108,0.6911224773,0.0326871429,0.0115364356,170.7120782309,1127.1185780071,0.0
32362,0.0,319.156281,1717.802124,127.102226,0.7226810665,0.6904083044,0.0326871429,0.0114855451,170.1308950682,1125.7527189852,0.0
32363,0.0,319.261169,1723.012939,130.04895,0.7259562879,0.6869219353,0.0335517931,0.0110525169,166.2595653507,1121.3582680218,0.0
32364,0.0,319.294769,1726.103516,132.026718,0.7271704251,0.6855844419,0.0345997953,0.0108878851,164.5990752083,1118.474265101,0.0
32365,0.0,319.330139,1727.866699,133.103561,0.7276249032,0.6850790548,0.0350526603,0.0108743718,164.2686091733,1116.9182417621,0.0
32366,0.0,319.535583,1732.336914,135.719681,0.7296438538,0.6828628608,0.0363064739,0.010633065,161.860850855,1112.8974245065,0.0
32367,0.0,319.70282,1735.646118,137.531052,0.7306201457,0.6817617866,0.0373506238,0.0105414638,160.7067343618,1109.7270408413,0.0
32368,0.0,319.729095,1737.277344,138.565048,0.7307033877,0.6816655838,0.0374778738,0.0105904264,160.8579580356,1108.2142423043,0.0
32369,0.0,319.941498,1742.632568,141.366699,0.7307033877,0.6816655838,0.0374778738,0.0107658099,161.4013159426,1102.9117394413,0.0
32370,0.0,320.061325,1745.0825805,142.661026,0.7307033877,0.6816655838,0.0374778738,0.010886193,161.9703575585,1100.7258446127,0.0
32371,0.0,320.181152,1747.532593,143.955353,0.7307033877,0.6816655838,0.0374778738,0.0110065761,162.5393991743,1098.539949784,0.0
32372,0.0,320.30722,1752.640869,146.922668,0.7307033877,0.6816655838,0.0374778738,0.0111521577,162.8689367749,1093.5988135613,0.0
32373,0.0,320.3341365,1754.8449705,148.0509945,0.7307033877,0.6816655838,0.0374778738,0.0112321887,163.1991866209,1091.9402552191,0.0
32374,0.0,320.361053,1757.049072,149.179321,0.7307033877,0.6816655838,0.0374778738,0.0113122197,163.5294364669,1090.2816968769,0.0
32375,0.0,320.413239,1760.668945,151.334869,0.7307033877,0.6816655838,0.0374778738,0.0113803425,163.6077396147,1087.5527094385,0.0
32376,0.0,320.477753,1764.22644,153.459244,0.7307033877,0.6816655838,0.0374778738,0.0113296196,162.8568480415,1084.9680700234,0.0
32389,0.0,320.464417,1810.161621,159.464706,0.7316332443,0.6803342589,0.0431055924,0.011979819,160.2204690527,1038.2034690228,0.0
32390,0.0,320.444092,1812.047485,159.432053,0.7316716199,0.6802780107,0.0433413055,0.0120649582,160.5360009553,1036.5933909997,0.0
32391,0.0,320.161926,1817.884644,158.932266,0.7317924858,0.6801002099,0.0440847153,0.0123407725,161.5829235226,1031.6997456265,0.0
32392,0.0,320.14386,1821.94812,158.818237,0.7318084014,0.6800766775,0.0441834396,0.0124820112,161.9347477953,1028.1162684962,0.0
32393,0.0,320.110565,1823.42627,158.761032,0.7318084014,0.6800766775,0.0441834396,0.0125470878,162.1067515183,1026.5526060084,0.0
32394,0.0,319.877014,1828.297852,158.378967,0.7318084014,0.6800766775,0.0441834396,0.0127165623,162.5590386148,1022.5777864031,0.0
32395,0.0,319.894653,1832.026245,158.335571,0.7318084014,0.6800766775,0.0441834396,0.0127809755,162.5124333744,1019.7218478439,0.0
32396,0.0,319.875885,1835.66626,158.26976,0.7318084014,0.6800766775,0.0441834396,0.0128314242,162.4333197974,1017.2327484237,0.0
32397,0.0,319.884521,1837.114014,158.275284,0.7318084014,0.6800766775,0.0441834396,0.0128503035,162.401377481,1016.2901652962,0.0
32398,0.0,319.831726,1841.488159,158.279999,0.7318084014,0.6800766775,0.0441834396,0.0128980571,162.2989897267,1013.779710868,0.0
32399,0.0,319.944702,1844.945923,158.461426,0.7345302788,0.6771359489,0.0441834396,0.0122734749,158.0583405086,1011.9413259864,0.0
32400,0.0,320.014282,1846.592163,158.566116,0.7370508503,0.6743275464,0.0451486895,0.011749074,154.5338512311,1011.0816091519,0.0
32401,0.0,320.297058,1850.87085,159.046494,0.744794259,0.6654878629,0.0490654256,0.0102745131,144.2629586474,1008.9685484779,0.0
32402,0.0,320.548981,1854.394531,159.315552,0.7511016378,0.6581686285,0.0515789313,0.0091210303,135.7574870483,1007.4405144598,0.0
32403,0.0,320.774475,1857.85376,159.733658,0.7561393527,0.6522749658,0.0528265868,0.0082483742,128.948810516,1006.0407483228,0.0
32404,0.0,320.875183,1859.303589,159.87648,0.7581356385,0.6499175997,0.0532678819,0.0079178556,126.2754871482,1005.4526935168,0.0
32405,0.0,321.161865,1863.414795,160.355362,0.7624441215,0.644808964,0.0538550044,0.007287819,120.9458649923,1003.6214802804,0.0
32406,0.0,321.431671,1867.472412,160.598175,0.7671987133,0.6389914334,0.0556424511,0.0066373409,115.2592136419,1002.040860152,0.0
32407,0.0,321.556274,1869.124023,160.619858,0.7688092984,0.6370044807,0.056192119,0.0064205645,113.2960165592,1001.4084757872,0.0
32408,0.0,322.049927,1873.459717,160.496628,0.7735783129,0.6309593457,0.0588803689,0.0058753387,108.2033992831,999.6507514767,0.0
32409,0.0,322.513489,1877.46875,160.288696,0.7793002792,0.6236250907,0.0615046429,0.0052335507,101.9897851227,998.188196381,0.0
32410,0.0,322.799591,1878.910522,159.997559,0.7814628598,0.6207809041,0.062824103,0.0050138758,99.7653027514,997.5227308445,0.0
32411,0.0,323.358673,1883.144409,159.47287,0.7878060351,0.6122012414,0.0676113238,0.0045048302,94.4478972249,996.156884894,0.0
32412,0.0,323.478821,1884.85376,159.60582,0.7908542922,0.6081115493,0.0689190257,0.0042866035,92.0935785981,995.6887629851,0.0
32413,0.0,324.125397,1889.168823,159.015396,0.7987043119,0.5973226431,0.0726435286,0.003730568,85.8347328328,994.6401890734,0.0
32414,0.0,324.69458,1893.68042,158.611816,0.8071714172,0.585298002,0.0768150512,0.0034173635,82.1420129963,994.4343341258,0.0
32415,0.0,325.0401,1897.179932,157.966156,0.8130173747,0.577070738,0.0774087322,0.0030995456,78.2497912731,994.6172041923,0.0
32416,0.0,325.290558,1900.282837,157.857895,0.8182675745,0.5695523325,0.0777709273,0.002955001,76.3626630378,994.0502200931,0.0
32417,0.0,325.40831,1901.8565065,157.8107225,0.821017098,0.5656561936,0.0770764124,0.0028607741,75.109129785,993.8118090322,0.0
32418,0.0,325.526062,1903.430176,157.76355,0.8237666215,0.5617600547,0.0763818976,0.0027665472,73.8555965321,993.5733979713,0.0
32419,0.0,326.254089,1908.689331,157.817825,0.8330472715,0.5482372518,0.0739470029,0.002723444,73.2232427293,992.8202639413,0.0
32420,0.0,326.410797,1909.6187745,157.972206,0.834508886,0.5460091642,0.0739040546,0.0028136159,74.4056598555,992.7068034016,0.0
32421,0.0,326.567505,1910.548218,158.126587,0.8359705005,0.5437810765,0.0738611064,0.0029037879,75.5880769817,992.593342862,0.0
32422,0.0,327.777008,1917.966919,158.407272,0.8489070063,0.5233585674,0.0738424302,0.0039124587,87.7094034419,992.5022044232,0.0
32423,0.0,328.574799,1921.765991,159.118896,0.8556461851,0.5119317723,0.0761279607,0.0050194445,99.3275777232,992.5963723688,0.0
32424,0.0,329.196991,1924.894775,159.492828,0.8611741229,0.5024724648,0.0768150512,0.00592029,107.8545092671,992.6486532803,0.0
32425,0.0,330.096558,1929.223145,160.07692,0.8705494751,0.4857472759,0.0786968575,0.0076694167,122.7283942288,992.8489543684,0.0
32426,0.0,330.670502,1932.128174,160.486145,0.8755295088,0.47670765,0.0787267145,0.0086844755,130.6331512297,993.3712044384,0.0
32427,0.0,331.307098,1935.33728,160.959747,0.8808090656,0.4668805997,0.0787267145,0.0097833883,138.6614597523,993.7129471386,0.0
32428,0.0,331.939392,1938.302124,161.204529,0.8856700498,0.4575922501,0.0787267145,0.0108791284,146.1682557191,993.6316704472,0.0
32429,0.0,332.623444,1941.34729,161.316803,0.8900257333,0.4492938538,0.0773900958,0.0117506954,151.8223980726,993.2730280969,0.0
32430,0.0,333.60675,1945.425659,161.287903,0.8952296826,0.4390998139,0.0758628288,0.0127958712,158.2561188758,992.440182105,0.0
32431,0.0,333.887909,1946.522705,161.272598,0.8970362773,0.4354563028,0.0755230134,0.0132486145,160.970276337,992.1759516556,0.0
32432,0.0,335.221039,1951.479858,160.749283,0.9045418127,0.4198376223,0.0744344005,0.0149137056,170.3365467231,989.9775827435,0.0
32433,0.0,336.136017,1954.820435,160.464874,0.9084469877,0.4113988364,0.0739937018,0.0157849759,174.841646019,987.9354225923,0.0
32434,0.0,336.969238,1957.817627,160.109207,0.9119053075,0.4036837263,0.0739470029,0.0166423353,179.1395576247,986.0157311311,0.0
32435,0.0,337.903534,1961.158447,159.652664,0.9159552593,0.3944081656,0.0739470203,0.0177916916,184.8101504515,984.1075278551,0.0
32436,0.0,338.768372,1964.042847,159.412415,0.9187937462,0.387749781,0.0739470029,0.0186492186,188.8897503626,982.6466730121,0.0
32437,0.0,339.634613,1966.882812,159.124344,0.9215991802,0.3809159283,0.0745520395,0.0196171611,193.3896644484,981.1617373293,0.0
32438,0.0,340.993561,1970.746216,158.757126,0.9259040871,0.3699034656,0.0766358122,0.0214022267,201.4679412853,979.0338565217,0.0
32439,0.0,341.912994,1973.326294,158.634933,0.9291880653,0.3615369828,0.0768150338,0.0227454481,207.3243469769,977.6238002961,0.0
32440,0.0,342.975708,1976.051514,158.553391,0.9319842039,0.3541186664,0.0774946054,0.0239320136,212.2588226363,976.0570194646,0.0
32441,0.0,344.097809,1978.876221,158.440567,0.9343527323,0.3477594857,0.0777708925,0.0248753066,215.939299953,974.2046739741,0.0
32442,0.0,345.575928,1982.332642,158.540909,0.93713908,0.340179409,0.0777709099,0.0260389223,220.3374668962,971.8686144039,0.0
32443,0.0,346.656525,1984.873535,158.612625,0.9396961565,0.3332225443,0.0770316138,0.0271645824,224.5296716147,969.8996363814,0.0
32444,0.0,347.842865,1987.421143,158.860992,0.9418976788,0.3269987971,0.0768150338,0.0282458439,228.4310617723,967.9468226433,0.0
32445,0.0,349.463287,1990.829712,159.086029,0.9442677575,0.3200903822,0.0768150338,0.029434837,232.4782060179,965.2860443238,0.0
32446,0.0,350.506836,1993.167603,159.194092,0.9457676851,0.3156310132,0.0768150338,0.0301957039,234.9995117192,963.5690476428,0.0
32447,0.0,352.065948,1996.440308,159.530731,0.9476210857,0.3100221377,0.0768150512,0.0311723292,238.1821098257,961.4366173539,0.0
32448,0.0,353.060608,1998.660278,159.608414,0.9491638101,0.3052662927,0.0768150512,0.0320539802,241.1559872072,960.1751808931,0.0
32449,0.0,354.593262,2001.95166,159.691711,0.9510017445,0.2994914521,0.0768150512,0.0330940363,244.4499180161,958.1273294982,0.0
32450,0.0,356.059753,2004.886108,159.560226,0.9526889841,0.2940801718,0.0768150512,0.0340839887,247.5324007921,956.2564292623,0.0
32451,0.0,357.251129,2007.447632,159.385254,0.9542284374,0.289232546,0.0761092877,0.0349181807,250.0769930101,954.6795407466,0.0
32452,0.0,358.949982,2010.940918,159.065048,0.9566527129,0.2814330405,0.0749068126,0.0363806592,254.5800110659,952.4898769098,0.0
32453,0.0,361.233063,2015.552124,158.516541,0.958890308,0.2740534891,0.073648234,0.0376066618,257.9404946021,949.4981120489,0.0
32454,0.0,362.074402,2017.2834475,158.2809605,0.9599604352,0.2703427148,0.0733195505,0.0383306256,260.0252727802,948.3198265411,0.0
32455,0.0,362.915741,2019.014771,158.04538,0.9610305623,0.2666319406,0.072990867,0.0390545894,262.1100509583,947.1415410334,0.0
32456,0.0,364.268829,2021.765503,157.646271,0.962919037,0.2597292082,0.072990867,0.0405493882,266.4666612919,945.3302742709,0.0
32457,0.0,366.976715,2027.099487,156.952774,0.9666798324,0.2455553492,0.072337211,0.0437400691,275.4983854155,941.8159598508,0.0
32458,0.0,367.9234465,2028.8914185,156.712822,0.9681621417,0.2396115828,0.0721859288,0.0452278445,279.7590265774,941.0235369198,0.0
32459,0.0,370.177582,2033.103394,156.286072,0.9717425569,0.2247830351,0.0720346467,0.0490828138,290.3191428362,938.1915770299,0.0
32460,0.0,371.505859,2035.522217,156.023605,0.973628102,0.2164701565,0.0720346467,0.0513485424,296.1242260871,936.1442954038,0.0
32461,0.0,372.476776,2037.2590945,155.9785535,0.9750064444,0.2100728876,0.0720346467,0.0531857808,300.7142124141,934.702882244,0.0
32462,0.0,373.447693,2038.995972,155.933502,0.9763847869,0.2036756187,0.0720346467,0.0550230192,305.3041987412,933.2614690843,0.0
32463,0.0,376.132355,2044.052368,156.08548,0.9810574276,0.1808313244,0.0694719788,0.0619323917,322.0251666386,929.4936481415,0.0
32464,0.0,377.518005,2046.547607,156.149307,0.98285856,0.171186762,0.0684408029,0.0650355546,329.1467245607,927.8496729812,0.0
32465,0.0,378.5350645,2048.244995,156.2588195,0.9838220359,0.16570905,0.0678485669,0.066892567,333.221039087,926.7596775638,0.0
32466,0.0,380.950745,2052.212891,156.655334,0.9858363972,0.1539776405,0.0664641572,0.0710692543,342.28251003,924.4544368754,0.0
32467,0.0,382.47522,2054.651611,157.134354,0.9867751245,0.1479178548,0.0662960173,0.0736999425,347.8886007976,923.303868505,0.0
32468,0.0,384.178619,2057.301514,157.599915,0.9879100155,0.1401379298,0.0662960173,0.0771637756,354.9668723045,921.5309838995,0.0
32469,0.0,385.916565,2059.994385,157.947388,0.9889035951,0.1329455444,0.0662960173,0.080267259,361.0849115474,919.8557742588,0.0
32470,0.0,387.716003,2062.748047,158.305801,0.9897129222,0.1267800051,0.0662960173,0.082787326,365.6808507323,917.8783903054,0.0
32471,0.0,389.442993,2065.35376,158.493851,0.9904074613,0.1212348997,0.0662959999,0.0848799269,369.1822827953,915.6728728315,0.0
32472,0.0,391.233032,2068.013428,158.670258,0.9909326686,0.1168643843,0.0662960173,0.0864793241,371.5291852728,913.3142046195,0.0
32473,0.0,393.433411,2071.193115,158.583588,0.9915459877,0.1115409896,0.0662960173,0.0884483095,374.3246829446,910.3547736772,0.0
32474,0.0,395.001892,2073.506836,158.529846,0.9921782609,0.1061855943,0.0656271138,0.0904425379,377.4248387855,908.1921468312,0.0
32475,0.0,397.14859,2076.82666,158.240982,0.9929679708,0.0992603868,0.0645134457,0.0929524338,381.0710817338,905.0964205772,0.0
32476,0.0,398.688599,2079.111084,158.101501,0.9933715157,0.0952255702,0.0643826266,0.0944824901,383.110984137,902.9058491585,0.0
32477,0.0,400.964752,2082.484131,157.810776,0.9940549242,0.0878048128,0.0643826266,0.0971261109,386.5861209106,899.2351094393,0.0
32478,0.0,403.075439,2085.581787,157.508499,0.9946789831,0.0804275947,0.0643826266,0.0998335639,390.1617107525,895.7989271298,0.0
32479,0.0,404.545105,2087.711426,157.197556,0.9951969275,0.0724577345,0.0658251634,0.1030795279,395.0461558983,893.381732466,0.0
32480,0.0,406.887848,2090.999023,157.038437,0.9956533797,0.0635224585,0.0681120015,0.106847996,400.1061859717,889.6093372546,0.0
32481,0.0,408.42337,2092.98999,156.965561,0.9958977725,0.0560523115,0.071033549,0.1102632845,405.0130512962,887.2640911573,0.0
32482,0.0,410.827148,2096.066162,156.763412,0.9961033332,0.0451847055,0.0757396324,0.1153331747,411.9574783833,883.6046136115,0.0
32483,0.0,412.311157,2097.867432,156.733139,0.9962047775,0.0374384439,0.0785773769,0.1190288493,416.9972381036,881.2842195661,0.0
32484,0.0,414.622192,2100.62793,156.639221,0.9961419983,0.0287226907,0.0829224117,0.1232895872,422.3155676407,877.9610715179,0.0
32485,0.0,416.947815,2103.278564,156.746399,0.9958006006,0.0212157589,0.0890564729,0.1272336472,427.0441067567,874.8426464829,0.0
32486,0.0,418.603607,2105.061035,156.846527,0.9954316463,0.0152713755,0.0942476666,0.1304791269,431.0473999118,872.748979377,0.0
32487,0.0,421.020172,2107.574463,157.209915,0.9949380457,0.0073295458,0.1002225668,0.1349064046,436.4047054986,870.0071569312,0.0
32488,0.0,422.73999,2109.394531,157.175629,0.9944217051,0.0019035316,0.1054601776,0.1382187513,440.5015265345,868.359598711,0.0
32489,0.0,425.292969,2112.035645,157.484695,0.9936388993,-0.0050496097,0.1124999518,0.1426742345,445.6180578837,865.6572371676,0.0
32490,0.0,427.188263,2114.006348,157.682037,0.9929517733,-0.0092422787,0.1181581833,0.1455005596,448.6199994748,863.6403910173,0.0
32491,0.0,429.69455,2116.719971,157.968979,0.9920388062,-0.0155844507,0.1249645224,0.1493603431,452.6117538718,860.8891701019,0.0
32492,0.0,431.425049,2118.552246,158.275192,0.9914721893,-0.0194085413,0.1288650703,,,,
32493,0.0,434.126923,2121.362793,158.381897,0.9904574697,-0.0252090473,0.1354935595,,,,
32494,0.0,437.987366,2125.476074,158.342636,0.9894518823,-0.0316045233,0.141372298,,,,
32495,0.0,439.3433685,2126.918945,158.323654,0.9894176626,-0.0319334889,0.1415372904,,,,
32496,0.0,440.699371,2128.361816,158.304672,0.9893834429,-0.0322624545,0.1417022827,,,,
32497,0.0,444.958588,2132.842285,157.857101,0.9893834429,-0.0322624545,0.1417022827,,,,
32498,0.0,446.2146305,2134.2662355,157.7098235,0.9893532601,-0.0331629016,0.1417022827,,,,
32499,0.0,448.376282,2137.304199,157.478806,0.9893425113,-0.0376854272,0.1406456683,,,,
32500,0.0,450.109192,2140.489502,157.266876,0.9893510951,-0.0429183863,0.139077039,,,,
32501,0.0,450.641754,2142.01355,157.296005,0.9892838605,-0.0461047106,0.1384965883,,,,
32502,0.0,451.980438,2145.719238,157.39447,0.9891463969,-0.0546329241,0.1363988606,,,,
32503,0.0,453.005737,2148.705566,157.477112,0.9888821505,-0.0601213606,0.1360055676,,,,
32504,0.0,453.5746765,2150.296997,157.5570605,0.9886814864,-0.0632576117,0.1360055762,,,,
32505,0.0,454.71283,2154.168457,157.846634,0.9882234053,-0.0701211952,0.1360055849,,,,
32506,0.0,455.282181,2156.0563965,158.0219955,0.9878487871,-0.0734246775,0.1369367378,,,,
32507,0.0,456.608307,2160.612549,158.389984,0.9872799272,-0.0791236383,0.1379050223,,,,
32508,0.0,457.814728,2164.516357,158.725494,0.9871605864,-0.0805988921,0.1379050223,,,,
32509,0.0,458.527771,2167.226074,159.010437,0.9871584742,-0.0806247877,0.1379050051,,,,
32510,0.0,459.627716,2171.061768,159.291779,0.9871584742,-0.0806247877,0.1379050051,,,,
32511,0.0,460.570709,2174.605469,159.424225,0.9871584742,-0.0806247877,0.1379050051,,,,
32512,0.0,461.528687,2178.512695,159.588394,0.9871584742,-0.0806247877,0.1379050051,,,,
32513,0.0,462.136353,2181.119629,159.632111,0.9871584742,-0.0806247877,0.1379050051,,,,
32514,0.0,463.001129,2184.71875,159.544052,0.9871584742,-0.0806247877,0.1379050051,,,,
32515,0.0,463.868835,2188.41748,159.346252,0.9871584742,-0.0806247877,0.1379050051,,,,
32516,0.0,464.640839,2191.901367,159.183075,0.9871584742,-0.0806247877,0.1379050051,,,,
32517,0.0,465.505646,2195.504639,158.860107,0.9871584742,-0.0806247877,0.1379050051,,,,
32518,0.0,466.032959,2198.056641,158.68631,0.9871584742,-0.0806247877,0.1379050051,,,,
32519,0.0,466.841797,2202.044434,158.386322,0.9871584742,-0.0806247877,0.1379050051,,,,
32520,0.0,467.464264,2205.447266,158.23671,0.9871584742,-0.0806247877,0.1379050051,,,,
32521,0.0,467.944885,2208.09375,158.133606,0.9871584742,-0.0806247877,0.1379050051,,,,
32522,0.0,468.57663,2211.704834,158.084061,0.9870880348,-0.0814826144,0.1379050223,,,,
32523,0.0,469.017365,2214.205322,158.052002,0.987080722,-0.0815711831,0.1379050051,0.1487701896,419.7355305614,799.8114329801,0.0
32524,0.0,469.617371,2217.723389,158.085587,0.987080722,-0.0815711831,0.1379050051,0.1469973927,415.7372613482,796.5739867027,0.0
32525,0.0,470.174255,2221.337646,158.192261,0.987080722,-0.0815711831,0.1379050051,0.1452361002,411.7495609871,793.3257266089,0.0
32526,0.0,470.557861,2223.837402,158.291031,0.987080722,-0.0815711831,0.1379050051,0.1443781566,409.3331326788,790.8268661726,0.0
32527,0.0,471.003876,2227.085693,158.551849,0.987080722,-0.0815711831,0.1379050051,0.1434394422,406.4395177604,787.602477567,0.0
32528,0.0,471.423065,2230.419189,158.720764,0.9868090717,-0.0847942549,0.1379050051,0.1442153315,405.8784458267,784.5605759914,0.0
32529,0.0,471.769501,2233.663818,159.002441,0.9864500339,-0.088873732,0.1379050051,0.1456133777,406.2269348512,781.7500813935,0.0
32530,0.0,472.106201,2236.870361,159.159439,0.9862608052,-0.0909496216,0.1379050051,0.1460624489,405.4790639746,779.2047580959,0.0
32531,0.0,472.243042,2239.136475,159.416306,0.9861276188,-0.0923825664,0.1379049705,0.1464608149,405.1250512729,777.5485039138,0.0
32532,0.0,472.556793,2242.772461,159.645218,0.9860769523,-0.092921761,0.1379050051,0.1462792521,403.5382328005,774.9455108724,0.0
32533,0.0,472.783691,2245.090332,159.768677,0.9860769523,-0.092921761,0.1379050051,0.1460296782,402.4251165844,773.415952564,0.0
32534,0.0,473.013672,2248.727783,159.900391,0.9860769523,-0.092921761,0.1379050051,0.1456268163,400.7293741872,771.1376923076,0.0
32535,0.0,473.237885,2251.439453,159.952606,0.9860769523,-0.092921761,0.1379050051,0.1453025482,399.5044666384,769.5706324701,0.0
32536,0.0,473.522491,2254.950928,159.965973,0.9860769523,-0.092921761,0.1379050051,0.1448146731,398.0229894333,767.9062860571,0.0
32537,0.0,473.94342,2260.773682,159.859253,0.9859804338,-0.0949024361,0.1372447153,0.1449255872,397.051124346,765.7609720957,0.0
32538,0.0,474.0432585,2262.5302735,159.7577895,0.9858016128,-0.0969258017,0.1371000452,0.1456139232,397.7122359507,765.3662741209,0.0
32539,0.0,474.143097,2264.286865,159.656326,0.9856227917,-0.0989491673,0.1369553752,0.1463022592,398.3733475554,764.9715761462,0.0
32540,0.0,474.552582,2270.398438,159.266174,0.9839693977,-0.1088603095,0.1412574157,,,,
32541,0.0,474.784821,2273.641357,159.191986,0.9833077401,-0.112210485,0.1432295195,,,,
32542,0.0,475.097137,2277.0354,159.134491,0.9825637949,-0.1160416572,0.1452677621,,,,
32543,0.0,475.2122495,2278.626709,159.1142045,0.982119582,-0.1179732036,0.1466884569,,,,
32544,0.0,475.544403,2282.687256,159.045609,0.9811509624,-0.1222020131,0.1496978856,,,,
32545,0.0,475.919037,2286.307861,159.201859,0.9802177017,-0.1269499767,0.1518451868,,,,
32546,0.0,476.1144715,2288.133911,159.294106,0.9799564605,-0.1282204035,0.152455923,,,,
32547,0.0,476.589233,2292.449219,159.51384,0.9788834041,-0.1330143866,0.1552238837,,,,
32548,0.0,476.969788,2295.769531,159.660538,0.9780830162,-0.1363097414,0.15739526,,,,
32549,0.0,477.575989,2299.36792,159.864334,0.9770909225,-0.1400645687,0.1602349704,,,,
32550,0.0,478.107056,2302.999268,159.999817,0.976394727,-0.1423464842,0.1624525024,,,,
32551,0.0,478.695099,2306.464111,160.190277,0.9755231439,-0.145059991,0.1652640154,,,,
32552,0.0,479.095551,2308.969238,160.310745,0.9750740184,-0.1464378231,0.1666931993,,,,
32553,0.0,479.762146,2312.95874,160.379333,0.9741211202,-0.14847389,0.1704216745,,,,
32554,0.0,480.333557,2316.611084,160.413651,0.9735590078,-0.1504336716,0.1719086057,,,,
32555,0.0,480.839539,2320.12915,160.447021,0.9732026219,-0.1505652503,0.1738009266,,,,
32556,0.0,481.338287,2322.962646,160.391174,0.9731872082,-0.1505626569,0.1738894595,,,,
32557,0.0,481.837341,2326.026123,160.213379,0.9731872082,-0.1505626569,0.1738894595,,,,
32558,0.0,482.417572,2329.749023,160.018753,0.9731872082,-0.1505626569,0.1738894595,,,,
32559,0.0,482.950226,2333.312988,159.88533,0.9731872082,-0.1505626569,0.1738894595,,,,
32560,0.0,483.523407,2337.045898,159.679016,0.9731872082,-0.1505626569,0.1738894595,,,,
32561,0.0,483.914429,2339.717041,159.507401,0.9731872082,-0.1505626569,0.1738894595,,,,
32562,0.0,484.466644,2343.460205,159.324844,0.9731872082,-0.1505626569,0.1738894595,,,,
32563,0.0,484.895538,2346.17749,159.146942,0.9730691705,-0.1505446212,0.1745643333,,,,
32564,0.0,485.480774,2349.983643,158.97728,0.9726097971,-0.151297612,0.1764630702,,,,
32565,0.0,485.887604,2352.756104,158.996735,0.9724249692,-0.1513993899,0.1773919504,,,,
32566,0.0,486.480133,2356.712402,159.00647,0.9723763382,-0.1513919053,0.1776647063,,,,
32567,0.0,486.94223,2359.856445,159.063354,0.9723763382,-0.1513919053,0.1776647063,,,,
32568,0.0,488.210907,2360.039795,160.424011,0.9723763382,-0.1513919053,0.1776647063,,,,
32569,0.0,488.73645,2363.614502,160.42807,0.9721095282,-0.1530957984,0.1776646891,,,,
32570,0.0,489.192993,2366.724121,160.427948,0.9718412131,-0.1557365666,0.1768354554,,,,
32571,0.0,489.627411,2369.695068,160.427948,0.9711979161,-0.1598257021,0.1767211159,,,,
32572,0.0,490.174072,2373.455566,160.450836,0.9694762331,-0.1680045006,0.1785786135,,,,
32573,0.0,490.601807,2376.327637,160.476776,0.9682708805,-0.1730693415,0.1802734175,,,,
32574,0.0,491.056122,2379.380615,160.505173,0.9663883055,-0.180688257,0.1828808269,,,,
32575,0.0,491.591339,2382.895264,160.538361,0.9640511794,-0.1888749087,0.186899953,,,,
32576,0.0,492.022766,2385.645996,160.564896,0.9623195547,-0.1943799989,0.1901512311,,,,
32577,0.0,492.603088,2389.331787,160.555664,0.9591824283,-0.2043728205,0.195450299,,,,
32578,0.0,493.034241,2392.017578,160.47023,0.9569874116,-0.2128844674,0.1971174714,,,,
32579,0.0,493.601135,2395.397949,160.356537,0.9550415468,-0.2211625357,0.197440565,,,,
32580,0.0,494.68515,2401.604004,160.15451,0.951265259,-0.2382163064,0.1958249175,,,,
32581,0.0,495.009033,2403.3409425,160.0992275,0.9507404409,-0.241471297,0.1943480778,,,,
32582,0.0,495.892944,2408.041016,159.950043,0.9483349812,-0.2532953527,0.1910555621,,,,
32583,0.0,496.483612,2411.030518,159.856873,0.9468128012,-0.2596539756,0.1900666527,,,,
32584,0.0,497.056274,2413.879883,159.768646,0.9448028762,-0.2674803441,0.189213611,,,,
32585,0.0,497.4411465,2415.744629,159.74234,0.9431413067,-0.273297094,0.189094062,,,,
32586,0.0,498.44278,2420.489014,159.702911,0.9387216548,-0.288253861,0.1889745129,,,,
32587,0.0,499.057953,2422.796387,159.694244,0.9367373551,-0.2946383454,0.1889745301,,,,
32588,0.0,499.7436675,2424.7821045,159.6874695,0.9343545144,-0.3014382674,0.189904792,,,,
32589,0.0,501.360718,2428.936768,159.674362,0.928601024,-0.3173533279,0.1923200547,,,,
32590,0.0,502.769714,2431.775146,159.667175,0.9250261489,-0.3273810081,0.1927389411,,,,
32591,0.0,504.345551,2434.51709,159.661346,0.9202415537,-0.3401081622,0.1936024814,,,,
32592,0.0,505.604156,2436.455322,159.65802,0.9170471137,-0.3485868366,0.1936796545,,,,
32593,0.0,506.605774,2439.074707,159.649414,0.9119583185,-0.3616907751,0.1936796545,,,,
32594,0.0,506.898315,2441.734375,159.64682,0.9083127717,-0.3707507161,0.1936796716,,,,
32595,0.0,507.22821,2443.440674,159.64679,0.9058268188,-0.3767837034,0.1936796716,,,,
32596,0.0,507.954834,2445.886963,159.64682,0.9027319533,-0.3841395649,0.1936796716,,,,
32597,0.0,508.903107,2448.144775,159.665985,0.900060933,-0.3898980231,0.1946017692,,,,
32598,0.0,509.794708,2449.818359,159.666931,0.8980319388,-0.3941601565,0.1953878398,,,,
32599,0.0,511.098877,2451.890381,159.68396,0.8952620895,-0.3995121551,0.1972202553,,,,
32600,0.0,512.638977,2453.760254,159.686554,0.8932649693,-0.4033965418,0.1983656339,,,,
32601,0.0,513.871582,2454.905762,159.686554,0.8928045043,-0.4040501171,0.1991070566,,,,
32602,0.0,515.699158,2456.260742,159.705322,0.8923423857,-0.4049649952,0.1993198921,,,,
32603,0.0,517.165222,2457.11084,159.710266,0.892289358,-0.4050818133,0.1993199092,,,,
32604,0.0,519.348328,2458.07373,159.724213,0.892289358,-0.4050818133,0.1993199092,,,,
32605,0.0,521.707825,2458.817383,159.728088,0.892289358,-0.4050818133,0.1993199092,,,,
32606,0.0,523.363098,2459.174805,159.744507,0.892289358,-0.4050818133,0.1993199092,,,,
32607,0.0,525.43927,2459.490723,159.751709,0.892289358,-0.4050818133,0.1993199092,,,,
32608,0.0,528.199158,2459.70874,159.773743,0.892289358,-0.4050818133,0.1993199092,,,,
32609,0.0,530.190369,2459.742432,159.776306,0.892289358,-0.4050818133,0.1993199092,,,,
32610,0.0,532.960266,2459.655762,159.800568,0.892289358,-0.4050818133,0.1993199092,,,,
32611,0.0,534.940918,2459.505615,159.803894,0.892289358,-0.4050818133,0.1993199092,,,,
32612,0.0,538.077148,2459.158203,159.830566,0.8926667175,-0.4042495497,0.1993199263,,,,
32613,0.0,540.344604,2458.835449,159.83197,0.8933603797,-0.4019258454,0.2009050692,,,,
32614,0.0,542.200989,2458.515869,159.846588,0.8936309537,-0.4008487612,0.2018514037,,,,
32615,0.0,545.580505,2457.85376,159.900177,0.8938634524,-0.3997956739,0.2029077317,,,,
32616,0.0,548.063782,2457.317383,159.954193,0.8936546695,-0.3995175281,0.2043699498,,,,
32617,0.0,551.358154,2456.495361,160.04538,0.8931902015,-0.3993099016,0.2067918433,,,,
32618,0.0,553.648438,2455.881104,160.106628,0.8923261111,-0.399697892,0.2097515356,,,,
32619,0.0,556.134338,2455.180176,160.173859,0.8912106525,-0.4001080677,0.2136752374,,,,
32620,0.0,559.839294,2454.063477,160.275696,0.8891032242,-0.4014770147,0.2197991434,,,,
32621,0.0,562.313416,2453.314697,163.872467,0.8879042809,-0.4018803871,0.2238708165,,,,
32622,0.0,565.648376,2452.29834,169.114105,0.8855026922,-0.4030169985,0.231219119,,,,
32623,0.0,567.953186,2451.581787,172.494431,0.8827390553,-0.405091802,0.2380596401,,,,
32624,0.0,573.442261,2449.829102,180.088791,0.8714930821,-0.4138457235,0.263118842,,,,
32625,0.0,574.950531,2449.3284915,182.034828,0.8671809069,-0.4180890926,0.2703874114,,,,
32626,0.0,578.874329,2447.939209,186.961441,0.8503242427,-0.4366811575,0.2936975467,,,,
32627,0.0,581.876099,2446.722412,190.484299,0.8276817774,-0.463539419,0.3163448788,,,,
32628,0.0,584.109619,2445.804932,192.967255,0.8100411886,-0.4839174392,0.3311452625,,,,
32629,0.0,587.265442,2444.358154,196.30661,0.7737298318,-0.5223960654,0.3583915432,,,,
32630,0.0,589.606201,2443.180176,198.670822,0.7374447719,-0.5558457638,0.3836804599,,,,
32631,0.0,592.535461,2441.714355,201.448029,0.6899784048,-0.5939479073,0.4137096619,,,,
32632,0.0,594.578552,2440.76709,203.222,0.661181357,-0.6141511101,0.4308800611,,,,
32633,0.0,597.4422,2439.449219,205.519333,0.6201514958,-0.6405821277,0.4528428644,,,,
32634,0.0,599.529907,2438.446777,207.075943,0.5860378224,-0.661786139,0.4675454811,,,,
32635,0.0,602.320374,2437.166504,208.934296,0.5379710542,-0.6887976353,0.4859474894,,,,
32636,0.0,604.641785,2436.31543,210.179504,0.5038384331,-0.7058409952,0.4979310423,,,,
32637,0.0,607.950745,2434.924072,211.71933,0.4632753311,-0.7243645056,0.5105605063,,,,
32638,0.0,610.051514,2433.970459,212.548523,0.4513465117,-0.7292718017,0.5142460167,,,,
32639,0.0,613.013367,2432.626709,213.505035,0.44620082,-0.7311253583,0.5161012872,,,,
32640,0.0,615.395142,2431.549072,214.098022,0.4459217144,-0.73119826,0.516239217,,,,
32641,0.0,617.765747,2430.477051,214.53476,0.4459217144,-0.73119826,0.516239217,,,,
32642,0.0,620.954834,2429.03833,214.868073,0.4459217144,-0.73119826,0.516239217,,,,
32643,0.0,623.251648,2428.002441,214.936462,0.4459217144,-0.73119826,0.516239217,,,,
32644,0.0,626.682007,2426.486572,214.772461,0.4459217144,-0.73119826,0.516239217,,,,
32645,0.0,629.028564,2425.537354,214.427185,0.4459217144,-0.73119826,0.516239217,,,,
32646,0.0,631.959351,2424.344971,213.905121,0.4459217144,-0.73119826,0.516239217,,,,
32647,0.0,634.487732,2423.318848,213.273712,0.4459217144,-0.73119826,0.516239217,,,,
32648,0.0,637.53894,2422.084229,212.241943,0.4459217144,-0.73119826,0.516239217,,,,
32649,0.0,639.887268,2421.134766,211.29422,0.4459217144,-0.73119826,0.516239217,,,,
32650,0.0,642.268066,2420.101074,210.162521,0.4380882804,-0.731758377,0.5221190825,,,,
32651,0.0,645.341492,2418.400635,208.265915,0.3910347582,-0.7413098728,0.5454828048,,,,
32652,0.0,647.118103,2417.317627,206.935303,0.3095003429,-0.7596170105,0.5720065866,,,,
32653,0.0,648.365967,2415.862793,204.714905,0.1284588368,-0.7738003751,0.6202671253,,,,
32654,0.0,648.676514,2415.201172,202.932281,-0.0284097239,-0.7517127155,0.6588785024,,,,
32655,0.0,649.520874,2414.837158,200.227081,-0.2107733673,-0.6814776805,0.7008300497,,,,
32656,0.0,650.051453,2415.160889,198.170807,-0.3381287749,-0.6031204003,0.7224366507,,,,
32657,0.0,652.132263,2415.176758,194.914429,-0.4494126347,-0.5023678068,0.7386845541,,,,
32658,0.0,653.927246,2414.980225,192.500549,-0.4960214417,-0.4535087705,0.7404677741,,,,
32659,0.0,655.804749,2414.55127,190.99408,-0.5269566822,-0.4203856694,0.7386423655,,,,
32660,0.0,658.29657,2413.745361,190.681976,-0.5562568068,-0.3977713901,0.7296274982,,,,
32661,0.0,659.981567,2413.128662,190.701263,-0.5651386454,-0.3995442831,0.7217912976,,,,
32662,0.0,662.199463,2412.327393,190.701263,-0.5608730591,-0.4177635819,0.7147691944,,,,
32663,0.0,663.662231,2411.807129,190.701263,-0.5603848013,-0.418950342,0.7144574762,,,,
32664,0.0,665.419189,2411.191406,190.701263,-0.5603848013,-0.418950342,0.7144574762,,,,
32665,0.0,667.783569,2410.38623,190.701263,-0.5603848013,-0.418950342,0.7144574762,,,,
32666,0.0,668.858887,2410.029053,190.701263,-0.5603848013,-0.418950342,0.7144574762,,,,
32667,0.0,669.569733,2409.7989505,190.701263,-0.5603848013,-0.418950342,0.7144574762,,,,
32668,0.0,671.125854,2409.303223,190.701263,-0.5603848013,-0.418950342,0.7144574762,,,,
32669,0.0,672.00769,2409.029785,190.701263,-0.5603848013,-0.418950342,0.7144574762,,,,
32670,0.0,672.808716,2408.727783,190.701263,-0.5603848013,-0.418950342,0.7144574762,,,,
32671,0.0,673.801819,2408.359619,189.494141,-0.5603848013,-0.418950342,0.7144574762,,,,
32672,0.0,674.328857,2408.175049,188.390015,-0.5727591712,-0.4195789434,0.7042019895,,,,
32673,0.0,675.12915,2407.824951,186.659668,-0.5903311028,-0.4192893468,0.6897141674,,,,
32674,0.0,675.67981,2407.50293,185.51709,-0.5959993059,-0.4208630415,0.6838560723,,,,
32675,0.0,676.467407,2406.975342,183.880127,-0.6020387675,-0.4245218446,0.6762621724,,,,
32676,0.0,676.992371,2406.58374,182.786987,-0.6040400757,-0.4271611175,0.6728067826,,,,
32677,0.0,677.74762,2405.976562,181.210449,-0.6050955348,-0.4313090311,0.6692024459,,,,
32678,0.0,678.531799,2405.294678,179.617432,-0.6040534765,-0.4387724829,0.6652804715,,,,
32679,0.0,679.091064,2404.783447,178.546265,-0.6009447527,-0.4470939266,0.6625499416,,,,
32680,0.0,679.913208,2404.019531,177.03125,-0.5959783445,-0.4594895974,0.6585431821,,,,
32681,0.0,680.52478,2403.446533,177.03125,-0.5921485323,-0.4686096952,0.655564695,,,,
32682,0.0,681.34375,2402.668457,177.03125,-0.5887150901,-0.4762621301,0.6531377543,,,,
32683,0.0,682.051514,2401.983887,177.03125,-0.5871751134,-0.4802229663,0.6516220444,,,,
32684,0.0,682.834961,2401.220215,177.03125,-0.5842496631,-0.4850120931,0.650703927,,,,
32685,0.0,683.404114,2400.658936,177.03125,-0.5823445575,-0.4880945991,0.6501065133,,,,
32686,0.0,684.198303,2399.866699,177.03125,-0.5810019873,-0.4908160257,0.6492582842,,,,
32687,0.0,684.682983,2399.373779,177.03125,-0.5809840512,-0.4908562901,0.6492438946,,,,
32688,0.0,685.411743,2398.628174,177.03125,-0.5809840512,-0.4908562901,0.6492438946,,,,
32689,0.0,686.187317,2397.828125,177.03125,-0.5809840512,-0.4908562901,0.6492438946,,,,
32690,0.0,686.701233,2397.294434,177.03125,-0.5809840512,-0.4908562901,0.6492438946,,,,
32691,0.0,687.461792,2396.501709,177.03125,-0.5809840512,-0.4908562901,0.6492438946,,,,
32692,0.0,688.243958,2395.681396,177.03125,-0.5809840512,-0.4908562901,0.6492438946,,,,
32693,0.0,688.797607,2395.0979,177.03125,-0.5809840512,-0.4908562901,0.6492438946,,,,
32694,0.0,689.569397,2394.219971,177.03125,-0.5809840512,-0.4908562901,0.6492438946,,,,
32695,0.0,690.182312,2393.317871,177.03125,-0.5809840512,-0.4908562901,0.6492438946,,,,
32696,0.0,690.584961,2392.623535,177.03125,-0.5802279654,-0.4880103712,0.6520593423,,,,
32697,0.0,691.084778,2391.620361,177.03125,-0.5799246168,-0.4826265892,0.6563223402,,,,
32698,0.0,691.325745,2390.933594,177.03125,-0.5808926428,-0.4764436197,0.6599736471,,,,
32699,0.0,691.467041,2390.224121,177.03125,-0.5835891903,-0.4682776319,0.6634302649,,,,
32700,0.0,691.482971,2389.536621,177.03125,-0.5878603188,-0.4572724538,0.6673246201,,,,
32701,0.0,691.307739,2388.675293,177.03125,-0.5945860471,-0.4368110515,0.6750285459,,,,
32702,0.0,691.059082,2388.083496,177.03125,-0.5985385112,-0.4190289603,0.6827637813,,,,
32703,0.0,690.803101,2387.499268,177.03125,-0.5985847589,-0.4066567569,0.6901641605,,,,
32704,0.0,690.502136,2386.945068,177.03125,-0.597599232,-0.3956059337,0.6974031138,,,,
32705,0.0,690.191895,2386.375977,177.03125,-0.5962016858,-0.3900758344,0.7017010711,,,,
32706,0.0,689.818604,2385.897949,178.195801,-0.5950512921,-0.3846522237,0.7056604187,,,,
32707,0.0,689.427551,2385.496582,179.552612,-0.5948518792,-0.3836741538,0.7063606625,,,,
32708,0.0,688.081055,2382.36499,180.186996,-0.5948518792,-0.3836741538,0.7063606625,,,,
32709,0.0,687.63562,2381.875977,182.145706,-0.594382571,-0.3833714542,0.7069198592,,,,
32710,0.0,687.121277,2381.517578,183.985596,-0.5939000692,-0.3838990869,0.7070390363,,,,
32711,0.0,686.386169,2381.210449,185.677124,-0.593877925,-0.3839334332,0.7070389869,,,,
32712,0.0,685.829834,2380.771484,187.580048,-0.593877925,-0.3839334332,0.7070389869,,,,
32713,0.0,685.3974,2380.412842,188.07579,-0.593877925,-0.3839334332,0.7070389869,,,,
32714,0.0,684.894836,2380.083984,188.034409,-0.593877925,-0.3839334332,0.7070389869,,,,
32715,0.0,684.246765,2379.719482,187.94252,-0.593877925,-0.3839334332,0.7070389869,,,,
32716,0.0,683.398804,2379.30957,187.836273,-0.593877925,-0.3839334332,0.7070389869,,,,
32717,0.0,682.35675,2378.822266,187.758896,-0.5951097532,-0.3854760858,0.7051613779,,,,
32718,0.0,681.207581,2378.229004,187.699463,-0.5962782014,-0.3885544223,0.7024797274,,,,
32719,0.0,680.5321045,2377.8601075,187.693184,-0.5965055513,-0.3895903658,0.7017113072,,,,
32720,0.0,679.151733,2377.121826,187.693115,-0.5966518668,-0.391391385,0.7005849938,,,,
32721,0.0,677.161316,2376.055908,187.81012,-0.5969864093,-0.3924680229,0.6996971332,,,,
32722,0.0,675.237549,2374.947998,187.998978,-0.5969305172,-0.3939763223,0.6988967128,,,,
32723,0.0,673.41333,2373.912354,188.220963,-0.596919087,-0.3940650899,0.6988564291,,,,
32724,0.0,671.604004,2372.886475,188.300293,-0.596919087,-0.3940650899,0.6988564291,,,,
32725,0.0,670.000366,2371.984375,188.168167,-0.596919087,-0.3940650899,0.6988564291,,,,
32726,0.0,668.492126,2371.174316,187.920456,-0.596919087,-0.3940650899,0.6988564291,,,,
32727,0.0,666.982849,2370.414062,187.515839,-0.596919087,-0.3940650899,0.6988564291,,,,
32728,0.0,664.883118,2369.616211,186.580002,-0.596919087,-0.3940650899,0.6988564291,,,,
32729,0.0,663.544373,2368.791992,185.738129,-0.5973797762,-0.3943692208,0.698291,,,,
32730,0.0,662.243042,2367.967773,184.802109,-0.5982624724,-0.3967309658,0.696194337,,,,
32731,0.0,660.618103,2366.934814,183.401245,-0.5993007463,-0.3994708384,0.6937302536,,,,
32732,0.0,658.817627,2365.786133,181.581619,-0.6009017613,-0.402510244,0.6905813324,,,,
32733,0.0,657.526428,2364.956543,180.093552,-0.6020842241,-0.4046959149,0.688270153,,,,
32734,0.0,656.126953,2364.034424,178.277374,-0.6031024551,-0.4076044759,0.6856573633,,,,
32735,0.0,654.28772,2362.82959,175.707443,-0.6047573053,-0.4116691298,0.6817603165,,,,
32736,0.0,653.074829,2362.008057,173.807236,-0.605711347,-0.4149874777,0.6788955424,,,,
32737,0.0,651.166626,2360.713135,170.616058,-0.606532266,-0.4197677606,0.6752137716,,,,
32738,0.0,649.860779,2359.845703,168.3255,-0.6073455918,-0.4231096055,0.6723909531,,,,
32739,0.0,648.341614,2358.818848,165.459549,-0.607843556,-0.4261490496,0.6700173125,,,,
32740,0.0,646.398254,2357.547119,161.660797,-0.6081448998,-0.4286437476,0.6681499222,,,,
32741,0.0,644.986694,2356.624756,158.711639,-0.6089572558,-0.4294005888,0.6669229303,,,,
32742,0.0,642.995056,2355.333984,154.362061,-0.609420053,-0.4313826368,0.6652189261,,,,
32743,0.0,641.555786,2354.421875,151.087494,-0.609515364,-0.4322388157,0.6645755241,,,,
32744,0.0,639.859253,2352.663818,146.277084,-0.6101455379,-0.433730308,0.6630237119,,,,
32745,0.0,638.58429,2351.20459,142.31102,-0.6107201984,-0.4349590287,0.6616883576,,,,
32746,0.0,637.434082,2349.892334,138.574585,-0.6115482367,-0.4356314906,0.660480097,,,,
32747,0.0,635.799927,2348.011963,133.024612,-0.6128733493,-0.4374134867,0.6580696767,,,,
32748,0.0,633.28772,2345.110352,123.902016,-0.6149320726,-0.4405286854,0.6540588837,,,,
32749,0.0,632.473633,2344.169556,120.7782325,-0.6158415594,-0.4417152876,0.6523969506,,,,
32750,0.0,630.563354,2341.932617,113.210617,-0.6177159129,-0.4450595831,0.6483432875,,,,
32751,0.0,629.406128,2340.578857,108.403946,-0.6203015738,-0.4472679305,0.6443425766,,,,
32752,0.0,628.567261,2339.608032,104.7863235,-0.6244924891,-0.4494423175,0.6387149382,,,,
32753,0.0,626.585693,2337.34082,96.065376,-0.6390099089,-0.4552736402,0.6199937491,,,,
32754,0.0,625.762329,2336.4143065,92.3136825,-0.6452616097,-0.4568826502,0.6122036762,,,,
32755,0.0,623.827271,2334.250732,83.266426,-0.6614589196,-0.4584334598,0.5935577989,,,,
32756,0.0,622.635071,2332.950195,77.541245,-0.6717789112,-0.4561246968,0.5836637349,,,,
32757,0.0,618.810303,2330.285645,66.570099,-0.6855769307,-0.4501964491,0.5721078825,,,,
32758,0.0,617.281006,2329.152344,61.198166,-0.6941419334,-0.4426612009,0.5676425261,,,,
32759,0.0,615.037781,2327.315918,57.85704,-0.7038752071,-0.4336347606,0.5626016239,,,,
32760,0.0,613.134705,2325.7229,55.538101,-0.71290449,-0.4246465905,0.5580703014,,,,
32761,0.0,611.872803,2324.457031,54.286732,-0.7219442821,-0.4137071002,0.5546556488,,,,
32762,0.0,610.253601,2322.498779,45.369473,-0.736166912,-0.3963903954,0.5485735431,,,,
32763,0.0,609.220398,2321.294189,42.19524,-0.7475049854,-0.3827880679,0.5428716163,,,,
32764,0.0,608.059204,2320.115967,40.952332,-0.7575208344,-0.3712112945,0.5369956799,,,,
32765,0.0,606.947144,2318.460449,40.487923,-0.765162382,-0.3634395921,0.5314491435,,,,
32766,0.0,605.438599,2315.644531,41.15815,-0.7735928422,-0.3566833942,0.5237662368,,,,
32767,0.0,604.454895,2313.584473,41.807182,-0.77848805,-0.3538339283,0.5184186601,,,,
32768,0.0,603.511169,2311.647461,42.20834,-0.7838972499,-0.3505155014,0.5124880339,,,,
32769,0.0,602.568787,2309.824951,42.534142,-0.7901175248,-0.3476268815,0.5048463611,,,,
32770,0.0,601.506165,2307.90918,42.746162,-0.7951209734,-0.3455811593,0.4983535894,,,,
32771,0.0,600.000061,2305.201904,43.010086,-0.8007587098,-0.3433648614,0.4908014473,,,,
32772,0.0,598.923828,2303.210938,42.973789,-0.804615014,-0.3417692217,0.4855805581,,,,
32773,0.0,597.761292,2301.034912,42.919151,-0.8079040052,-0.3390380753,0.4820210596,,,,
32774,0.0,596.521545,2298.729492,42.854469,-0.81157747,-0.3356066667,0.4782365267,,,,
32775,0.0,595.258301,2296.359863,42.712868,-0.8164207848,-0.3294338763,0.474268303,,,,
32776,0.0,594.02002,2293.934082,42.665424,-0.8227964252,-0.320036145,0.4696625476,,,,
32777,0.0,592.355957,2290.57251,42.518612,-0.8329358079,-0.3032125735,0.4629039589,,,,
32778,0.0,591.231873,2288.306396,42.639732,-0.8424285876,-0.2876844366,0.4555784671,,,,
32779,0.0,589.990723,2285.842041,42.657486,-0.8494485069,-0.2764740781,0.4494433426,,,,
32780,0.0,588.671143,2283.250244,42.69136,-0.8571177677,-0.2642982508,0.4421488062,,,,
32781,0.0,587.48114,2280.974121,42.744175,-0.8640441977,-0.2525990706,0.4354553179,,,,
32782,0.0,585.853882,2277.319092,43.202873,-0.8775253249,-0.2308921998,0.4202833524,,,,
32783,0.0,584.635864,2274.77417,43.901531,-0.8862087024,-0.2147875625,0.4104880496,,,,
32784,0.0,583.453552,2271.932617,44.883453,-0.8952238145,-0.1963802853,0.4000113816,,,,
32785,0.0,582.559937,2269.503662,45.655212,-0.9034916983,-0.1791581858,0.38936499,,,,
32786,0.0,581.24115,2264.673828,46.434525,-0.92081801,-0.1415281373,0.3634060797,,,,
32787,0.0,580.6435855,2263.017822,46.099497,-0.925084675,-0.1323244366,0.3557341944,,,,
32788,0.0,580.046021,2261.361816,45.764469,-0.9293513401,-0.1231207358,0.3480623091,,,,
32789,0.0,579.02356,2258.879639,44.95668,-0.9349097558,-0.1128698996,0.3364582205,,,,
32790,0.0,576.943604,2254.056396,42.763378,-0.9426827462,-0.0975224948,0.3191216116,,,,
32791,0.0,576.152344,2252.31311,41.7500325,-0.9445417155,-0.093914728,0.314617567,,,,
32792,0.0,574.359497,2248.250244,39.250134,-0.9489198393,-0.08445333,0.304004562,,,,
32793,0.0,573.644989,2246.6124265,38.078293,-0.9506450359,-0.0802394708,0.2996598635,,,,
32794,0.0,572.930481,2244.974609,36.906452,-0.9523702325,-0.0760256115,0.295315165,,,,
32795,0.0,570.555786,2239.76416,32.526417,-0.9571021054,-0.0650357796,0.2823577647,,,,
32796,0.0,569.378662,2237.204102,30.123827,-0.9591921585,-0.0600908976,0.2762960135,,,,
32797,0.0,568.219238,2234.675049,27.593449,-0.9617494941,-0.0539607378,0.26856312,,,,
32798,0.0,567.384796,2232.886597,25.6600055,-0.9633449254,-0.0497428494,0.2635270495,,,,
32799,0.0,565.310059,2228.526855,20.706068,-0.9671935082,-0.0404335895,0.2508023974,,,,
32800,0.0,564.037109,2225.860596,17.41576,-0.9694663146,-0.0343978864,0.242800021,,,,
32801,0.0,562.767456,2223.242432,13.995759,-0.9715622185,-0.0297183483,0.2349120588,,,,
32802,0.0,561.493652,2220.649658,10.411865,-0.9737455838,-0.0240346285,0.226366682,,,,
32803,0.0,559.774902,2217.220703,5.353419,-0.9767831016,-0.0140910801,0.2137667279,,,,
32804,0.0,558.6203,2214.86084,1.704515,-0.9789470524,-0.0052987153,0.2040455643,,,,
32805,0.0,557.038147,2211.672852,-3.447671,-0.9814105061,0.0039866235,0.1918789342,,,,
32806,0.0,555.761719,2209.099609,-7.815224,-0.983184143,0.0128179474,0.1821665205,,,,
32807,0.0,554.44635,2206.445557,-12.486241,-0.9848619498,0.0202630298,0.1721521115,,,,
32808,0.0,553.065491,2203.642334,-17.612823,-0.9867232691,0.0288872714,0.1598208867,,,,
32809,0.0,551.842285,2201.169434,-22.305935,-0.987991602,0.0358215854,0.1502977328,,,,
32810,0.0,550.531067,2198.52002,-27.497211,-0.9892346157,0.0416996907,0.1402712048,,,,
32811,0.0,549.287964,2196.007324,-32.578659,-0.9903411881,0.0462909006,0.13069615,,,,
32812,0.0,546.496338,2193.595459,-40.295189,-0.9913806264,0.0508677471,0.120734941,,,,
32813,0.0,544.442444,2191.412598,-48.138241,-0.992139768,0.0524407095,0.1136162516,,,,
32814,0.0,542.153381,2187.999023,-56.636269,-0.9932996018,0.0528078694,0.1027970332,,,,
32815,0.0,540.3703,2186.713135,-59.200592,-0.9942629937,0.0501483473,0.0944787943,,,,
32816,0.0,538.48761,2185.252197,-61.741585,-0.995129035,0.0464206853,0.0869673718,,,,
32817,0.0,537.315857,2183.893311,-64.015411,-0.9959562518,0.0435516144,0.0785773595,,,,
32818,0.0,536.731384,2183.077637,-65.16922,-0.9963375152,0.041728778,0.0746342069,,,,
32819,0.0,536.153809,2181.794189,-67.795418,-0.9971122199,0.0379495799,0.0657803186,,,,
32820,0.0,534.219116,2179.191895,-69.211769,-0.9977851773,0.0347391426,0.056726819,,,,
32821,0.0,532.705933,2178.019287,-68.332031,-0.9982790706,0.0338617309,0.0478777654,,,,
32822,0.0,531.168518,2176.915039,-67.765877,-0.9986082779,0.0338092611,0.0404776624,,,,
32823,0.0,529.365479,2175.591797,-67.043831,-0.9988976487,0.0354701118,0.0307466855,,,,
32824,0.0,527.825623,2174.564697,-66.353683,-0.9990470506,0.0367640469,0.0235243619,,,,
32825,0.0,525.776001,2173.280518,-65.773575,-0.9991433934,0.0380625984,0.0162394003,,,,
32826,0.0,523.75,2172.008545,-65.224388,-0.9991830465,0.0382410415,0.0130714282,,,,
32827,0.0,523.039246,2171.620117,-64.965675,-0.9991841702,0.0383796668,0.0125696175,,,,
32828,0.0,519.983582,2169.969482,-64.339867,-0.9990987215,0.0410037631,0.0109743402,,,,
32829,0.0,518.435791,2168.703369,-64.359581,-0.9990320874,0.0429349591,0.0095643981,,,,
32830,0.0,515.85376,2167.049805,-63.797482,-0.9989382942,0.0455826341,0.0066714192,,,,
32831,0.0,514.8991395,2166.3237305,-63.632784,-0.998921534,0.0459840108,0.0064036476,,,,
32832,0.0,512.608276,2164.116943,-62.979767,-0.9989047737,0.0463853876,0.0061358759,,,,
32833,0.0,511.510773,2162.430908,-62.440613,-0.9988707289,0.0470249831,0.0067762762,,,,
32834,0.0,510.252075,2160.894775,-62.354107,-0.9987426078,0.049159732,0.0098246668,,,,
32835,0.0,508.967041,2159.034912,-62.210354,-0.9984070459,0.0541799037,0.0157451165,,,,
32836,0.0,507.811707,2157.733643,-61.990242,-0.998050431,0.0590034775,0.0203451908,,,,
32837,0.0,506.728333,2156.721436,-61.738865,-0.997827629,0.0616493905,0.0232244567,,,,
32838,0.0,505.867554,2156.166992,-61.272949,-0.9977720873,0.0621637068,0.0242184909,,,,
32839,0.0,505.384735,2155.841553,-60.683086,-0.9978193947,0.0610468514,0.0250945717,,,,
32840,0.0,505.207092,2155.905273,-60.033047,-0.9978563129,0.060351348,0.0253079752,,,,
32841,0.0,505.1877135,2155.9576415,-59.7722075,-0.9978594123,0.060300058,0.0253079752,,,,
32842,0.0,505.22464,2156.666016,-58.876331,-0.9978625117,0.0602487681,0.0253079752,,,,
32843,0.0,504.813721,2157.104004,-59.027088,-0.9978838853,0.059893722,0.0253079752,,,,
32844,0.0,503.698212,2157.310791,-60.0742,-0.9980133606,0.0576960868,0.0253079752,,,,
32845,0.0,503.000061,2157.59668,-61.323513,-0.9983071789,0.0528002773,0.0243907215,,,,
32846,0.0,502.660522,2158.076172,-62.744694,-0.9985707312,0.0480338278,0.0234360028,,,,
32847,0.0,502.352325,2158.646973,-64.350502,-0.9988830063,0.0413170746,0.0229268177,,,,
32848,0.0,502.082123,2159.286377,-66.11454,-0.9990748561,0.0363934055,0.0229118293,,,,
32849,0.0,502.004669,2159.478027,-66.924789,-0.9991145811,0.0352860025,0.0229118293,,,,
32850,0.0,501.746613,2160.539062,-69.742767,-0.9991779046,0.0334449264,0.0229118293,,,,
32851,0.0,501.596893,2161.555908,-72.072716,-0.9991779046,0.0334449264,0.0229118293,,,,
32852,0.0,501.46347,2162.701172,-74.282211,-0.9991779046,0.0334449264,0.0229118293,,,,
32853,0.0,501.287811,2164.072754,-76.507156,-0.9991779046,0.0334449264,0.0229118293,,,,
32854,0.0,501.17334,2165.376953,-78.780296,-0.9991779046,0.0334449264,0.0229118293,,,,
32855,0.0,501.336151,2165.94043,-80.156723,-0.9991779046,0.0334449264,0.0229118293,,,,
32856,0.0,501.809784,2165.721191,-80.129433,-0.9991700697,0.0341415653,0.0222154283,,,,
32857,0.0,502.389038,2165.624023,-80.176971,-0.9990783709,0.0373771976,0.0211034084,,,,
32858,0.0,502.962524,2165.370605,-80.167892,-0.9990273975,0.0390293962,0.0205174363,,,,
32859,0.0,504.006653,2165.000732,-80.227196,-0.9988682809,0.0434974561,0.0192387293,,,,
32860,0.0,503.988708,2164.890381,-80.188171,-0.9987906417,0.0454506133,0.0187482232,,,,
32861,0.0,503.991272,2164.84082,-80.0084,-0.9987438329,0.046527991,0.0185984477,,,,
32862,0.0,504.00412,2164.797852,-79.781555,-0.998728451,0.0468570055,0.0185984477,,,,
32863,0.0,504.035828,2164.789795,-79.464035,-0.9987360876,0.0468573638,0.0181828155,,,,
32864,0.0,504.077545,2164.810059,-79.111382,-0.998737242,0.046857418,0.0181191563,,,,
32865,0.0,504.100433,2164.806152,-78.768669,-0.9987238339,0.0473160865,0.0176604525,,,,
32866,0.0,504.106384,2164.799072,-78.417664,-0.9987247025,0.0477941046,0.0162693636,,,,
32867,0.0,504.097931,2164.797119,-78.05925,-0.9987306604,0.0482723913,0.0143820818,,,,
32868,0.0,504.072998,2164.759521,-77.688713,-0.9987657511,0.0478371275,0.0133635185,,,,
32869,0.0,504.052765,2164.729248,-77.552925,-0.9987671419,0.0478185343,0.0133260671,,,,
32870,0.0,504.053497,2164.69873,-77.028412,-0.9987671419,0.0478185343,0.0133260671,,,,
32871,0.0,503.975586,2164.57959,-76.68045,-0.9987671419,0.0478185343,0.0133260671,,,,
32872,0.0,503.811829,2164.344238,-76.218826,-0.9987392117,0.0483983768,0.0133260671,,,,
32873,0.0,503.692932,2164.167725,-75.999214,-0.9986281326,0.0506386094,0.0133260671,,,,
32874,0.0,503.572968,2163.987549,-75.857887,-0.9984231378,0.054602666,0.0130302245,,,,
32875,0.0,503.411713,2163.857666,-75.618156,-0.9981578355,0.0592949988,0.012846736,,,,
32876,0.0,503.290192,2163.550781,-75.662781,-0.9980019309,0.0619901939,0.0122213638,,,,
32877,0.0,503.222565,2163.3725585,-75.697594,-0.9979631374,0.0626726928,0.0118796437,,,,
32878,0.0,503.154938,2163.194336,-75.732407,-0.9979243438,0.0633551916,0.0115379237,,,,
32879,0.0,503.012878,2162.804443,-75.792274,-0.9979094235,0.0636130737,0.0114087429,,,,
32880,0.0,502.803131,2162.251953,-75.897598,-0.9979147668,0.0636134143,0.0109294007,,,,
32881,0.0,502.651001,2161.843994,-75.924576,-0.9978061278,0.0652953253,0.0109294007,,,,
32882,0.0,502.546356,2161.48291,-75.9422,-0.9976729347,0.0674103654,0.0102253568,,,,
32883,0.0,501.836334,2161.001221,-76.136169,-0.9976445219,0.0679190453,0.0096130731,,,,
32884,0.0,501.873108,2160.703369,-76.125015,-0.9976456819,0.0679191242,0.0094913594,,,,
32885,0.0,501.873596,2160.234863,-76.126892,-0.9976456819,0.0679191242,0.0094913594,,,,
32886,0.0,501.95929,2160.014893,-76.265396,-0.9976456819,0.0679191242,0.0094913594,,,,
32887,0.0,502.042755,2159.282959,-76.055962,-0.9976456819,0.0679191242,0.0094913594,,,,
32888,0.0,501.999207,2158.737305,-76.018227,-0.9976456819,0.0679191242,0.0094913594,,,,
32889,0.0,502.0047,2158.504395,-76.08181,-0.9976456819,0.0679191242,0.0094913594,,,,
32890,0.0,502.093781,2157.898438,-75.961761,-0.997583077,0.0688325398,0.0094913594,,,,
32891,0.0,502.119446,2157.386719,-75.931534,-0.997324315,0.0725667773,0.0088472378,,,,
32892,0.0,501.611511,2156.885986,-76.322861,-0.9970269208,0.0766189114,0.0081768986,,,,
32893,0.0,501.632935,2156.246826,-76.328857,-0.9969270677,0.077920253,0.0080533159,,,,
32894,0.0,501.631653,2155.662354,-76.336975,-0.9969239947,0.0779595588,0.0080533159,,,,
32895,0.0,501.668701,2155.371338,-76.43718,-0.9969406237,0.0777466206,0.0080533159,,,,
32896,0.0,501.733429,2154.62915,-76.342918,-0.9969893362,0.0771531404,0.0077237556,,,,
32897,0.0,501.755005,2153.963135,-76.260063,-0.9970248622,0.0766299734,0.0083229428,,,,
32898,0.0,501.783966,2153.298096,-76.172562,-0.9971152305,0.0753265695,0.0093340773,,,,
32899,0.0,501.815796,2152.646484,-76.076881,-0.9971275173,0.0750906234,0.0099051749,,,,
32900,0.0,501.448364,2152.030273,-76.33075,-0.9970498791,0.0759297193,0.0112346051,,,,
32901,0.0,501.606537,2151.762207,-76.454666,-0.9970259153,0.0761776044,0.0116746261,,,,
32902,0.0,501.531677,2150.874268,-76.12738,-0.9969911571,0.0765224148,0.0123674019,,,,
32903,0.0,501.53595,2150.183838,-76.054832,-0.9969872759,0.0765221169,0.0126782207,,,,
32904,0.0,501.585297,2149.300781,-75.842789,-0.9966751782,0.0802235482,0.0142397823,,,,
32905,0.0,501.619568,2148.737305,-75.690331,-0.99604253,0.087286231,0.0167449185,,,,
32906,0.0,502.392548,2148.096191,-69.668678,-0.9953566261,0.0944463881,0.0185759717,,,,
32907,0.0,502.354401,2147.376221,-69.490417,-0.9946267261,0.1016040974,0.0198565625,,,,
32908,0.0,502.291962,2146.552979,-69.297134,-0.9943126977,0.104598311,0.0200362782,,,,
32909,0.0,502.241241,2145.993408,-69.169762,-0.9943048687,0.1046727074,0.0200362782,,,,
32910,0.0,502.161774,2145.145264,-68.978004,-0.9943457695,0.1042834516,0.0200362782,,,,
32911,0.0,502.081604,2144.333008,-68.796379,-0.9944818035,0.1029781047,0.0200362782,,,,
32912,0.0,501.999756,2143.496826,-68.608482,-0.994548318,0.1023337226,0.0200362782,,,,
32913,0.0,501.924591,2142.722168,-68.433571,-0.9945528964,0.1022892162,0.0200362782,,,,
32914,0.0,501.801788,2141.449707,-68.146126,-0.9945528964,0.1022892162,0.0200362782,,,,
32915,0.0,501.7765045,2141.1875,-68.0868915,-0.9945528964,0.1022892162,0.0200362782,,,,
32916,0.0,501.751221,2140.925293,-68.027657,-0.9945528964,0.1022892162,0.0200362782,,,,
32947,0.0,501.515106,2144.846191,-66.756935,-0.9465501247,0.3167858068,0.060742193,,,,
32948,0.0,503.533813,2143.69043,-70.25428,-0.9443174659,0.3231451324,0.0619818288,,,,
32949,0.0,501.540588,2145.001709,-66.341232,-0.9420110409,0.3295699734,0.0632363139,,,,
32950,0.0,501.429047,2145.024902,-66.383568,-0.9103100833,0.4062964306,0.0791123427,,,,
32951,0.0,501.336395,2145.060059,-66.188736,-0.8614812262,0.4987168601,0.0955593556,,,,
32952,0.0,501.302948,2145.089355,-65.919075,-0.8285986481,0.5499712418,0.1046705001,,,,
32953,0.0,501.323578,2145.137451,-65.255051,-0.7769344494,0.6178360441,0.1210433139,,,,
32954,0.0,501.383942,2145.215088,-64.369148,-0.7568154201,0.6397116226,0.1341620655,,,,
32955,0.0,501.212708,2145.152344,-63.518589,-0.7566431423,0.6398873482,0.1342957067,,,,
32956,0.0,500.846863,2145.014648,-62.656982,-0.7566431423,0.6398873482,0.1342957067,,,,
32957,0.0,499.547211,2144.866211,-61.147762,-0.7566431423,0.6398873482,0.1342957067,,,,
32958,0.0,498.828735,2145.216553,-60.486095,-0.7566431423,0.6398873482,0.1342957067,,,,
32959,0.0,498.35643,2145.4916995,-60.2313955,-0.7566431423,0.6398873482,0.1342957067,,,,
32960,0.0,497.012878,2146.33374,-59.76017,-0.7566431423,0.6398873482,0.1342957067,,,,
32961,0.0,496.2745205,2146.837036,-59.680073,-0.7566431423,0.6398873482,0.1342957067,,,,
32967,0.0,487.449768,2154.084961,-62.228287,-0.7386022303,0.6605084486,0.1348900835,,,,
32968,0.0,485.172485,2156.124512,-63.480961,-0.7331042583,0.6665695003,0.1350675674,,,,
32969,0.0,483.358276,2157.758545,-64.449959,-0.7280804666,0.672020926,0.1352283592,,,,
32970,0.0,481.526489,2159.454346,-65.102943,-0.7213719007,0.6784522756,0.1390147138,,,,
32971,0.0,480.041626,2160.808594,-65.140633,-0.7176252318,0.6815837574,0.1430300959,,,,
32972,0.0,478.050568,2162.707031,-65.089386,-0.7082686489,0.6895145755,0.1514106045,,,,
32973,0.0,476.54657,2164.223877,-64.97876,-0.6968895539,0.6991753482,0.1596833809,,,,
32974,0.0,475.152435,2165.729492,-64.823517,-0.6801896074,0.7129921965,0.1702475424,,,,
32975,0.0,473.407043,2167.944824,-64.699661,-0.6368485578,0.7466889249,0.1920405265,,,,
32976,0.0,471.868652,2170.251221,-64.645035,-0.5710740232,0.7914645384,0.2178493618,,,,
32977,0.0,470.728821,2172.10083,-64.623268,-0.5089762151,0.8275088201,0.2370070994,,,,
32978,0.0,469.206268,2174.636475,-64.619141,-0.4232823851,0.8681447119,0.2591462554,,,,
32979,0.0,467.315491,2177.632812,-64.640167,-0.3637187007,0.8914773469,0.2701422714,,,,
32980,0.0,465.911407,2179.745117,-64.68486,-0.339399469,0.8989972973,0.2767884751,,,,
32981,0.0,463.917084,2182.620605,-64.782837,-0.3299622812,0.9014107122,0.2803277028,,,,
32982,0.0,461.927795,2185.470215,-64.900131,-0.3294956422,0.9014852057,0.2806368571,,,,
32983,0.0,460.068939,2188.213379,-65.056267,-0.3326994139,0.8997434627,0.2824407927,,,,
32984,0.0,458.717163,2190.304199,-65.192558,-0.3346610829,0.8987839526,0.2831772699,,,,
32985,0.0,456.891022,2193.262695,-65.431061,-0.3352546217,0.8984936627,0.2833963243,,,,
32986,0.0,455.099396,2196.260742,-65.652634,-0.3352546217,0.8984936627,0.2833963243,,,,
32987,0.0,453.81192,2198.491455,-65.826797,-0.3352546217,0.8984936627,0.2833963243,,,,
32988,0.0,452.020996,2201.685791,-66.151512,-0.3352546217,0.8984936627,0.2833963243,,,,
32989,0.0,450.863373,2203.794678,-66.256027,-0.3365528705,0.8980081785,0.2833963243,,,,
32990,0.0,449.245392,2206.747314,-66.37632,-0.3412055917,0.8957541566,0.2849618133,,,,
32991,0.0,447.643402,2209.696777,-66.355385,-0.3491095247,0.8923393858,0.2860995637,,,,
32992,0.0,446.160889,2212.595459,-66.25264,-0.357102992,0.8888618579,0.2870575739,,,,
32993,0.0,445.091858,2214.796143,-66.157997,-0.3649977502,0.8856445883,0.287071952,,,,
32994,0.0,443.543121,2218.10376,-65.802094,-0.3756807991,0.8811660744,0.2870719185,,,,
32995,0.0,442.018402,2221.407959,-65.525925,-0.39355027,0.8733314941,0.2870719185,,,,
32996,0.0,440.919403,2223.779541,-65.35421,-0.4049150534,0.8681206899,0.2870718851,,,,
32997,0.0,438.20105,2229.364258,-64.847481,-0.4467248009,0.8468307185,0.2886428355,,,,
33006,0.0,422.805481,2252.421631,-54.690113,-0.8768411479,0.3888680743,0.2827211032,,,,
33007,0.0,420.017883,2256.123047,-53.081322,-0.9093974229,0.3056048473,0.2821382719,,,,
33008,0.0,417.576569,2258.87085,-51.753723,-0.9325575645,0.2259026741,0.2816103171,,,,
33009,0.0,415.217987,2261.288818,-47.909229,-0.9463499949,0.145154132,0.2887074039,,,,
33010,0.0,413.541321,2262.750244,-45.163036,-0.9525714473,0.0683457919,0.2965408749,,,,
33011,0.0,411.265991,2264.70752,-41.217278,-0.9455555266,-0.0866553031,0.3137126146,,,,
33012,0.0,409.662323,2266.086426,-38.447319,-0.9238135592,-0.2020407913,0.3251892164,,,,
33013,0.0,407.886963,2268.097412,-34.440189,-0.8580443318,-0.3862154274,0.3385226259,,,,
33014,0.0,406.426453,2269.518311,-31.805975,-0.7913621915,-0.5043782213,0.3454685104,,,,
33015,0.0,404.38858,2270.952148,-28.443518,-0.6264908864,-0.6906267818,0.3613084796,,,,
33016,0.0,402.59903,2272.770752,-25.084122,-0.4540114317,-0.8010057116,0.3902095204,,,,
33017,0.0,400.720245,2275.207764,-22.153185,-0.3967037017,-0.8128435925,0.4265108054,,,,
33018,0.0,399.235352,2277.143555,-20.151211,-0.3876851019,-0.8138211493,0.432891902,,,,
33019,0.0,397.148102,2279.89502,-17.43224,-0.3787099229,-0.8146500002,0.4392313417,,,,
33020,0.0,395.13092,2282.546387,-14.985472,-0.3778200316,-0.8143330539,0.4405833644,,,,
33021,0.0,394.018707,2284.001465,-13.768026,-0.3720931106,-0.8138692033,0.4462775335,,,,
33022,0.0,392.033173,2286.609375,-11.714877,-0.3647596519,-0.8131896434,0.4535118523,,,,
33023,0.0,389.730225,2289.615234,-9.648482,-0.3621156165,-0.8129194436,0.4561077269,,,,
33024,0.0,388.229156,2291.565186,-8.583455,-0.3621156165,-0.8129194436,0.4561077269,,,,
33025,0.0,386.200226,2294.2229,-7.591415,-0.3621156165,-0.8129194436,0.4561077269,,,,
33026,0.0,383.791473,2297.328857,-6.786316,-0.3621156165,-0.8129194436,0.4561077269,,,,
33027,0.0,382.23822,2299.309814,-6.426056,-0.3621156165,-0.8129194436,0.4561077269,,,,
33028,0.0,379.963074,2302.22876,-6.115715,-0.3621156165,-0.8129194436,0.4561077269,,,,
33029,0.0,377.844116,2304.941406,-6.049599,-0.3621156165,-0.8129194436,0.4561077269,,,,
33030,0.0,376.16626,2307.087402,-6.153488,-0.3621156165,-0.8129194436,0.4561077269,,,,
33031,0.0,373.858948,2310.046387,-6.516579,-0.3621156165,-0.8129194436,0.4561077269,,,,
33032,0.0,371.86911,2312.620117,-7.043137,-0.3741054585,-0.8127726544,0.4465934596,,,,
33033,0.0,369.897217,2315.190918,-7.758804,-0.3657157268,-0.823366486,0.4339581051,,,,
33034,0.0,367.855469,2317.841309,-8.7015,-0.3173414998,-0.8414861974,0.4372589074,,,,
33035,0.0,365.648743,2320.681885,-9.945206,-0.2102901314,-0.8683852837,0.449093598,,,,
34206,0.0,589.509888,1113.229736,67.331703,1.0,0.0,0.0,,,,
34207,0.0,589.326691,1114.4525145,67.296814,1.0,0.0,0.0,,,,
34208,0.0,589.143494,1115.675293,67.261925,1.0,0.0,0.0,,,,
34209,0.0,579.49115,1119.474731,64.986176,-0.9837231353,0.0726586021,0.1643457349,0.0866569165,326.7911242069,802.5502071607,1.0
34210,0.0,578.7202455,1119.40155,64.7521365,-0.9837231353,0.0726586021,0.1643457349,0.0857257827,324.6278328292,801.3672940315,1.0
34211,0.0,576.412415,1119.338867,64.117599,-0.9837231353,0.0726586021,0.1643457349,0.0831456728,318.5295206962,797.875826564,1.0
34212,0.0,575.285828,1119.379761,63.773525,-0.9840595712,0.0712680785,0.1629344081,0.0814369373,314.7775242865,796.3517884049,1.0
34213,0.0,573.399658,1116.504761,39.237495,-0.9852448124,0.0674304873,0.1573079431,0.0716044206,294.7344493718,793.163863082,1.0
34214,0.0,571.561829,1116.626587,47.567307,-0.9858453933,0.0661995117,0.1540340392,0.070659996,291.8912652015,790.5510321957,1.0
34215,0.0,569.881165,1116.738525,55.732124,-0.9860938309,0.0651384059,0.1528919384,0.0701156023,289.9260384519,788.1597262009,1.0
34216,0.0,568.460388,1116.838623,61.758011,-0.9863167329,0.0651531302,0.1514409853,0.0699920329,289.0423114653,786.4254634437,1.0
34217,0.0,566.219727,1116.994873,63.732658,-0.9863845489,0.0651576099,0.150996714,0.0689092649,285.8095205566,783.4955655981,1.0
34218,0.0,563.950378,1117.1521,63.737961,-0.9863845489,0.0651576099,0.150996714,0.0677649213,282.4112528756,780.4580189573,1.0
34219,0.0,561.587646,1117.314819,63.766907,-0.9863845489,0.0651576099,0.150996714,0.0666981822,279.122391406,777.2985340624,1.0
34220,0.0,559.696167,1117.444092,63.80368,-0.9863845489,0.0651576099,0.150996714,0.0659550445,276.7231831342,774.7975764124,1.0
34221,0.0,565.086426,1119.436523,63.768223,0.7979708048,0.6024605114,0.0168501296,,,,
34222,0.0,566.837158,1117.408569,63.759174,0.9999996513,0.0,0.0008351574,,,,
34223,0.0,565.271606,1117.564941,63.890205,0.9999995404,0.0,0.0009587441,,,,
34224,0.0,563.687622,1117.697632,64.327614,0.9999995404,0.0,0.0009587441,,,,
34225,0.0,562.524963,1117.776855,64.776176,0.9999995404,0.0,0.0009587441,,,,
34226,0.0,560.956665,1117.877686,65.739716,0.9999995404,0.0,0.0009587441,,,,
34227,0.0,561.453979,1117.900513,65.846916,0.9999995404,0.0,0.0009587441,,,,
34228,0.0,562.272461,1117.906372,66.037491,0.9999995404,0.0,0.0009587441,,,,
34229,0.0,563.814575,1117.912109,65.958611,0.9999995404,0.0,0.0009587441,,,,
34230,0.0,566.631104,1117.917358,65.620453,0.9999995404,0.0,0.0009587441,,,,
34231,0.0,569.254333,1117.921509,65.334984,0.9999995404,0.0,0.0009587441,,,,
34232,0.0,573.330505,1117.924805,65.062286,0.9999995404,0.0,0.0009587441,,,,
34233,0.0,574.389954,1117.927979,65.475021,0.9999995404,0.0,0.0009587441,,,,
34234,0.0,576.433472,1117.931885,65.573792,0.9999995404,0.0,0.0009587441,,,,
34235,0.0,578.373474,1117.935181,65.78775,0.9999995404,0.0,0.0009587441,,,,
34236,0.0,580.529175,1117.93811,65.929749,0.9999995404,0.0,0.0009587441,,,,
34237,0.0,582.420166,1117.940918,66.128571,0.9999995404,0.0,0.0009587441,,,,
34238,0.0,583.863831,1117.96167,66.220665,0.9999901559,0.0021796015,0.0038648998,,,,
34239,0.0,585.966431,1117.983765,66.23201,0.9999585848,0.0044489861,0.0079394717,,,,
34240,0.0,587.953491,1117.995605,66.226418,0.9999315177,0.0056135261,0.0102687958,,,,
34241,0.0,590.337097,1118.002075,66.207123,0.999927846,0.0057520791,0.0105459216,,,,
34242,0.0,592.618958,1118.007812,66.233582,0.999927846,0.0057520791,0.0105459216,,,,
34243,0.0,595.18811,1118.015381,66.282318,0.999927846,0.0057520791,0.0105459216,,,,
34244,0.0,599.718628,1117.939209,66.240723,0.9998710531,-0.0080134457,0.0139162477,,,,
34245,0.0,601.136383,1117.822815,66.210682,0.9992931173,-0.0266467163,0.018334734,,,,
34246,0.0,602.554138,1117.706421,66.180641,0.9987151815,-0.0452799869,0.0227532202,,,,
34247,0.0,607.554932,1116.910889,66.097916,0.9823913386,-0.1795668738,0.0516042223,,,,
34248,0.0,610.749512,1116.157471,66.234428,0.9527136965,-0.2953083996,0.071620958,,,,
34249,0.0,613.711853,1115.384644,66.352501,0.9154760008,-0.3931257095,0.08576636,,,,
34250,0.0,615.22464,1114.954834,66.349949,0.8975469394,-0.4293840026,0.0914878122,,,,
34251,0.0,618.757446,1113.856689,66.292778,0.8655840787,-0.4897440318,0.1044748105,,,,
34252,0.0,621.652832,1112.754272,66.272026,0.8575197426,-0.5024274818,0.1105735802,,,,
34253,0.0,622.8852235,1112.182617,66.236534,0.857403033,-0.5022558334,0.1122333238,,,,
34254,0.0,625.794922,1110.665039,66.152977,0.8602193352,-0.4961823102,0.1175832066,,,,
34255,0.0,628.176514,1109.103027,66.217667,0.8666673655,-0.4834689016,0.1230670496,,,,
34256,0.0,629.781494,1107.874146,66.209526,0.8712618505,-0.4744942673,0.1255307855,,,,
34257,0.0,632.087585,1105.892456,66.303352,0.8765558267,-0.4639703013,0.1279900086,,,,
34258,0.0,633.211273,1104.8311155,66.335224,0.8783695953,-0.4600826397,0.129499561,,,,
34259,0.0,636.148071,1101.952026,66.461914,0.8829628293,-0.4503106043,0.1326536908,,,,
34260,0.0,638.12207,1099.853027,66.527718,0.8864577733,-0.4430731724,0.1337115557,,,,
34261,0.0,640.040344,1097.676025,66.548988,0.8901929071,-0.4350235725,0.1353184378,,,,
34262,0.0,642.39978,1094.836548,66.414162,0.8958552748,-0.4230808946,0.1358156222,,,,
34263,0.0,644.033875,1092.725342,66.288033,0.9003153685,-0.4132482369,0.1365947729,,,,
34264,0.0,645.779541,1090.400269,66.042694,0.9041659562,-0.4046963597,0.1367654203,,,,
34265,0.0,647.975159,1087.293701,65.671425,0.9084783191,-0.3949207113,0.136765403,,,,
34266,0.0,649.359375,1085.163818,65.467239,0.9122757889,-0.3855226749,0.1382937167,,,,
34267,0.0,651.14978,1081.762451,65.047432,0.9179649622,-0.3702415827,0.1423428907,,,,
34268,0.0,652.271545,1079.679932,64.851669,0.9218514015,-0.359881747,0.143788462,,,,
34269,0.0,654.042114,1076.254761,64.524559,0.9274058077,-0.3447312499,0.1451855133,,,,
34270,0.0,655.328491,1073.826416,64.242256,0.93193618,-0.3316426751,0.1466563753,,,,
34271,0.0,657.020996,1070.622681,63.943298,0.9367310301,-0.3172268344,0.1479936242,,,,
34272,0.0,658.284912,1068.299561,63.796356,0.9392356396,-0.3093597976,0.1487713981,,,,
34273,0.0,660.169556,1064.770386,63.578259,0.940738224,-0.3045989337,0.1491009172,,,,
34274,0.0,661.509033,1062.37915,63.563492,0.9407998577,-0.3044084985,0.1491009517,,,,
34275,0.0,663.149719,1058.688721,63.718781,0.9407998577,-0.3044084985,0.1491009517,,,,
34276,0.0,664.081055,1056.031006,64.05101,0.9407998577,-0.3044084985,0.1491009517,,,,
34277,0.0,665.678284,1052.069824,68.79866,0.9407998577,-0.3044084985,0.1491009517,,,,
34278,0.0,666.727722,1049.478394,72.418869,0.9412662114,-0.3029634232,0.1491009172,,,,
34279,0.0,667.845154,1046.73584,76.044914,0.9416948336,-0.3007155317,0.1509337914,,,,
34280,0.0,669.374939,1042.82251,80.865463,0.9417392294,-0.2987872832,0.1544454052,,,,
34281,0.0,670.465637,1040.019409,84.202332,0.9382127877,-0.3027720537,0.1675883306,,,,
34282,0.0,671.778381,1036.425415,88.309265,0.9309413305,-0.3129692811,0.1881448068,,,,
34283,0.0,672.69696,1033.783569,91.250465,0.9241674385,-0.3226314739,0.2045078914,,,,
34284,0.0,673.657959,1031.360352,94.157059,0.9169230338,-0.3295464712,0.2250583776,,,,
34285,0.0,674.938416,1028.016235,97.899437,0.9085359157,-0.3340874655,0.2508945103,,,,
34286,0.0,675.978577,1025.398682,100.772621,0.9017377393,-0.3369714504,0.2707753518,,,,
34287,0.0,677.204407,1022.091248,104.204582,0.8872590603,-0.3495855933,0.3009340007,,,,
34288,0.0,678.984375,1017.189148,108.56601,0.8469220469,-0.3946605973,0.3563229707,,,,
34289,0.0,679.6264345,1015.3561705,110.0230525,0.8294760665,-0.4131253366,0.3745903184,,,,
34290,0.0,681.108154,1011.070312,113.346367,0.7928252961,-0.4511477955,0.4097483576,,,,
34291,0.0,681.723663,1009.369781,114.5921515,0.7847035568,-0.4587107458,0.4167169986,,,,
34292,0.0,683.24469,1005.242981,117.326462,0.7739150118,-0.4686228868,0.4259673044,,,,
34293,0.0,684.371948,1002.270752,119.133476,0.7733711129,-0.4691015076,0.4264280682,,,,
34294,0.0,685.335327,999.650024,120.441643,0.7733711129,-0.4691015076,0.4264280682,,,,
34295,0.0,686.37085,996.878906,121.627388,0.7733711129,-0.4691015076,0.4264280682,,,,
34296,0.0,687.8125,993.03418,122.793625,0.7733711129,-0.4691015076,0.4264280682,,,,
34297,0.0,688.756836,990.493103,123.285011,0.7734437609,-0.4684050587,0.427061412,,,,
34298,0.0,690.147156,986.68573,123.822014,0.7784072994,-0.4630428867,0.4238789466,,,,
34299,0.0,691.024597,984.154175,123.893135,0.7950717689,-0.4456159825,0.4114453529,,,,
34300,0.0,691.914856,981.681824,123.788742,0.8158510792,-0.4161265654,0.4015291997,,,,
34301,0.0,692.642029,978.375671,123.391891,0.8354530914,-0.3793282111,0.3976534174,,,,
34302,0.0,693.214905,975.816895,122.939285,0.8390601049,-0.3698450988,0.3989896531,,,,
34303,0.0,693.941895,972.115112,122.06823,0.8401584251,-0.3669400366,0.3993605267,,,,
34304,0.0,694.327393,969.228027,121.225357,0.8354201601,-0.3751054342,0.4017076913,,,,
34305,0.0,694.661682,966.189453,120.212601,0.8227000519,-0.3991201133,0.4048058296,,,,
34306,0.0,694.942383,963.024475,118.997177,0.8076973139,-0.4280086027,0.4055042357,,,,
34307,0.0,695.149841,959.570251,117.478867,0.792285244,-0.4559062092,0.4055041559,,,,
34308,0.0,695.080017,956.234009,115.665817,0.7792360392,-0.4734531184,0.4106498993,,,,
34309,0.0,695.163513,952.459045,113.530891,0.7605282509,-0.4908258844,0.4250726183,,,,
34310,0.0,695.197388,949.579285,111.739899,0.7438134932,-0.5052517179,0.4375639254,,,,
34311,0.0,695.247498,946.523682,109.68544,0.7335950418,-0.5128424101,0.4459046727,,,,
34312,0.0,695.355957,942.679565,106.851387,0.7311909255,-0.5137356147,0.448815718,,,,
34313,0.0,695.511353,939.848328,104.561005,0.7381618637,-0.5024515344,0.450177208,,,,
34314,0.0,695.84845,936.063721,96.814667,0.7631278405,-0.4646859398,0.4491134338,,,,
34315,0.0,696.180481,933.321838,95.454849,0.7872610634,-0.4282644676,0.4436322394,,,,
34316,0.0,696.511597,930.346191,94.750572,0.8122232039,-0.385484903,0.4378297119,,,,
34317,0.0,696.900879,926.221985,93.034515,0.8409456384,-0.3303372888,0.4285880409,,,,
34318,0.0,696.718201,923.375061,90.664658,0.8526538434,-0.3066934488,0.4229900137,,,,
34319,0.0,696.412292,920.774414,87.789322,0.8580218372,-0.2972945348,0.4188251263,,,,
34320,0.0,696.29303,917.701843,84.021614,0.8627585911,-0.2912551344,0.4133014157,,,,
34321,0.0,696.182007,913.748535,78.099419,0.8726134364,-0.2797269089,0.4003731347,,,,
34322,0.0,696.230957,911.309814,73.629196,0.8826210171,-0.2649537672,0.388303543,,,,
34323,0.0,697.765686,909.193298,71.193527,0.8868604582,-0.2583253671,0.3830751001,,,,
34324,0.0,700.953979,903.278809,56.439957,0.9002710157,-0.2371642479,0.3650550888,,,,
34325,0.0,701.577759,899.249084,45.490795,0.9109887149,-0.2267869126,0.3444811425,,,,
34326,0.0,701.572998,898.844299,42.950043,0.9200300196,-0.2258613048,0.3202052998,,,,
34327,0.0,701.455994,898.534729,41.984871,0.9330773349,-0.2172364395,0.2866618502,,,,
34328,0.0,701.603577,898.751465,42.691624,0.9522730284,-0.1879354457,0.2405334645,,,,
34329,0.0,702.222656,900.417419,43.48246,0.9879545907,-0.0091232867,0.1544748922,,,,
34330,0.0,702.0838315,901.478302,44.060423,0.9809526953,0.0945661982,0.1322704444,,,,
34331,0.0,701.945007,902.539185,44.638386,0.9739507999,0.198255683,0.1100659967,,,,
34332,0.0,700.29303,902.533203,46.342842,0.9596145365,0.2614456861,0.1038561244,,,,
34333,0.0,700.182922,902.843872,46.36586,0.9408558642,0.3245934658,0.0971047099,,,,
34334,0.0,700.1665035,902.956146,46.3734685,0.9399893474,0.3276551431,0.0951213734,,,,
34335,0.0,700.083618,903.258423,46.400654,0.9365887565,0.3387617259,0.0896771666,,,,
34336,0.0,700.002686,903.478149,46.421787,0.9353871121,0.3422060935,0.0891400024,,,,
34337,0.0,699.976746,903.565857,46.432259,0.9355118945,0.3418229518,0.0893004191,,,,
34338,0.0,699.745667,903.820557,46.47263,0.9466523708,0.3066494391,0.0990727533,,,,
34339,0.0,699.476257,903.785889,46.508663,0.9665890106,0.2297640849,0.1136404413,,,,
34340,0.0,699.186584,903.583435,46.559299,0.9812480922,0.1483549589,0.1230568477,,,,
34341,0.0,698.797058,903.360046,46.649933,0.9884646369,0.0776102872,0.1300550075,,,,
34342,0.0,698.363586,903.126404,46.749172,0.990722151,0.0159310242,0.1349660028,,,,
34343,0.0,697.699646,902.787354,46.888687,0.9879153374,-0.0618810001,0.142105693,,,,
34344,0.0,697.279785,902.596191,46.954926,0.9839692568,-0.1032888361,0.1453819727,,,,
34345,0.0,696.976013,902.450378,47.055031,0.9799240707,-0.1334724993,0.1481010046,,,,
34346,0.0,697.717712,902.261658,46.646973,0.9773486804,-0.1501947506,0.1491009517,,,,
34347,0.0,697.510071,902.116394,46.626114,0.9774629854,-0.1502647927,0.148278806,,,,
34348,0.0,697.434021,902.398743,46.591251,0.9791425175,-0.1419752597,0.1453373869,,,,
34349,0.0,697.28717,902.688904,46.669956,0.9811566112,-0.1304913101,0.1424911308,,,,
34350,0.0,697.061035,902.898438,46.814087,0.9821847218,-0.1236421746,0.1415124903,,,,
34351,0.0,696.811768,903.024048,46.905399,0.9823633464,-0.1222148751,0.141512473,,,,
34352,0.0,696.470703,903.126648,46.958492,0.9823633464,-0.1222148751,0.141512473,,,,
34353,0.0,696.378906,903.165588,46.966084,0.9825757528,-0.1213177007,0.1408080447,,,,
34354,0.0,696.603088,903.654175,47.065472,0.9878254464,-0.0930067952,0.1247021387,,,,
34355,0.0,696.303955,903.970154,47.1231,0.98973895,-0.0780772061,0.1196693809,,,,
34356,0.0,696.007019,904.100342,47.070824,0.9902077554,-0.073479126,0.1186988592,,,,
34357,0.0,695.836365,904.195068,46.950039,0.9902258865,-0.0732343532,0.1186988765,,,,
34358,0.0,695.532227,904.160217,46.835602,0.9900870296,-0.0750883121,0.1186988592,,,,
34359,0.0,695.379822,904.227966,46.707344,0.9892925311,-0.0827552113,0.120215901,,,,
34360,0.0,695.049988,904.1073,46.68951,0.988806308,-0.0878470539,0.1206025722,,,,
34361,0.0,695.364502,904.437805,46.378983,0.9885548189,-0.0906332696,0.1206025722,,,,
34362,0.0,695.023438,904.308105,46.238541,0.9882094326,-0.0931435413,0.1215170685,,,,
34363,0.0,694.674866,904.053345,46.172188,0.9863921125,-0.1006663111,0.1299880539,,,,
34364,0.0,694.360291,903.815857,46.114151,0.9845757715,-0.1084264809,0.1373107729,,,,
34365,0.0,693.898743,903.509949,46.104797,0.983334868,-0.11484828,0.1409340623,,,,
34366,0.0,693.321777,903.207397,46.125763,0.9827038171,-0.1183574848,0.1424244137,,,,
34367,0.0,692.928589,902.993896,46.128307,0.9826896593,-0.1184303739,0.1424615038,,,,
34368,0.0,692.547241,902.801208,46.149254,0.9826896593,-0.1184303739,0.1424615038,,,,
34369,0.0,692.747192,902.968445,45.792923,0.9827551566,-0.1178856521,0.1424614865,,,,
34370,0.0,692.327942,902.726379,45.83918,0.9828054077,-0.1174659757,0.1424614865,,,,
34371,0.0,691.590027,902.287048,45.902317,0.9833142961,-0.1127877244,0.14273025,,,,
34372,0.0,690.548462,901.652222,45.821907,0.9837477522,-0.1080454591,0.1434103863,,,,
34373,0.0,690.2487185,901.4745485,45.8527985,0.9837477522,-0.1080454591,0.1434103863,,,,
34374,0.0,689.948792,901.332275,45.612213,0.9837477522,-0.1080454591,0.1434103863,,,,
34375,0.0,689.422302,900.953064,45.584705,0.9837477522,-0.1080454591,0.1434103863,,,,
34376,0.0,689.102783,900.6910095,45.5805395,0.9837477522,-0.1080454591,0.1434103863,,,,
34377,0.0,688.402771,900.172363,45.484921,0.9837477522,-0.1080454591,0.1434103863,,,,
34378,0.0,687.74762,899.582153,45.616325,0.9837477522,-0.1080454591,0.1434103863,,,,
34379,0.0,687.4536135,899.3375855,45.6423205,0.9837477522,-0.1080454591,0.1434103863,,,,
34380,0.0,687.159607,899.093018,45.668316,0.9837477522,-0.1080454591,0.1434103863,,,,
34381,0.0,686.452454,898.488525,45.541225,0.9837477522,-0.1080454591,0.1434103863,,,,
34382,0.0,685.82312,897.918152,45.560127,0.9837477522,-0.1080454591,0.1434103863,,,,
34383,0.0,685.366638,897.468018,45.586945,0.9837477522,-0.1080454591,0.1434103863,,,,
34384,0.0,684.670593,896.80658,45.648426,0.9837477522,-0.1080454591,0.1434103863,,,,
34385,0.0,684.319519,896.369934,45.612972,0.9837477522,-0.1080454591,0.1434103863,,,,
34386,0.0,683.489075,895.600159,45.902138,0.9839817659,-0.1067660264,0.1427616897,,,,
34387,0.0,682.845032,895.116272,45.88253,0.9852924918,-0.0989908378,0.1392821586,,,,
34388,0.0,682.664551,894.987549,45.672989,0.9862280135,-0.0931200765,0.1366856124,,,,
34389,0.0,682.040649,894.350891,45.758129,0.9864355411,-0.0911430659,0.1365205651,,,,
34390,0.0,681.388,893.665771,45.782986,0.9864019146,-0.0911399068,0.1367654203,,,,
34391,0.0,680.869263,893.149292,45.809807,0.9864019146,-0.0911399068,0.1367654203,,,,
34392,0.0,680.118469,892.39624,45.873337,0.9864019146,-0.0911399068,0.1367654203,,,,
34393,0.0,679.396973,891.677734,45.913601,0.9864019146,-0.0911399068,0.1367654203,,,,
34394,0.0,678.87146,891.15332,45.971165,0.9864019146,-0.0911399068,0.1367654203,,,,
34395,0.0,678.033508,890.336304,46.069115,0.9864019099,-0.0911399585,0.1367654203,,,,
34396,0.0,677.662659,890.129639,46.319695,0.986963496,-0.0786487966,0.1404187462,,,,
34397,0.0,677.159973,889.806519,46.728184,0.9873428479,-0.0563779617,0.1482417824,,,,
34398,0.0,676.790344,889.50293,47.257759,0.9862648518,-0.0429359419,0.1594934073,,,,
34399,0.0,676.25946,889.019226,47.848053,0.9828806889,-0.0251286903,0.1825215064,,,,
34400,0.0,675.594666,888.617004,48.705486,0.9787813837,-0.0104658971,0.2046398495,,,,
34401,0.0,674.783081,888.192078,49.52557,0.974691751,0.0066561054,0.2234539924,,,,
34402,0.0,675.468994,888.194702,50.353954,0.9692955474,0.0316838789,0.2438488745,,,,
34403,0.0,675.571411,888.184509,50.361935,0.9647873545,0.0678868832,0.2541195226,,,,
34404,0.0,675.661804,888.190918,50.425545,0.9604353448,0.1117553278,0.2550974231,,,,
34405,0.0,675.822449,888.262268,50.636299,0.9492743649,0.1835352904,0.255329155,,,,
34406,0.0,675.943115,888.377319,50.920475,0.9346083065,0.2495632343,0.2534275151,,,,
34407,0.0,676.079407,888.622131,51.572594,0.9134148947,0.3223782705,0.2484863797,,,,
34408,0.0,676.154114,888.903015,52.214558,0.8887492708,0.3905069982,0.2400604467,,,,
34409,0.0,676.212463,889.449768,53.413898,0.8456446345,0.4823776799,0.2284664661,,,,
34410,0.0,676.089722,889.852966,54.559368,0.8117784421,0.5406051501,0.2208208155,,,,
34411,0.0,675.96936,890.443909,56.25079,0.7716095306,0.5993194166,0.2131548008,,,,
34412,0.0,676.079712,891.770142,58.476463,0.7170556734,0.6657851935,0.2063037503,,,,
34413,0.0,676.3239135,892.340271,58.9140815,0.712940644,0.6703767514,0.205601899,,,,
34414,0.0,676.568115,892.9104,59.3517,0.7088256145,0.6749683094,0.2049000477,,,,
34415,0.0,677.029419,893.739014,59.648277,0.7097334683,0.6740258855,0.2048597317,,,,
34416,0.0,678.544922,895.797424,60.520119,0.7267915216,0.6568746625,0.2007230978,,,,
34417,0.0,679.188965,896.523407,60.813696,0.7326273967,0.6506468401,0.1996038357,,,,
34418,0.0,679.833008,897.24939,61.107273,0.7384632718,0.6444190176,0.1984845736,,,,
34419,0.0,682.453125,900.014404,61.687153,0.7494575061,0.6319555103,0.1973465975,,,,
34420,0.0,684.291504,901.593384,61.503178,0.7518267885,0.6294141481,0.1964543465,,,,
34421,0.0,685.193573,902.3788455,61.4070285,0.7518610868,0.629380626,0.1964304735,,,,
34422,0.0,687.344849,904.408569,61.215755,0.742034595,0.6398821021,0.199838823,,,,
34423,0.0,689.033142,906.282043,61.268185,0.7174548205,0.6651569778,0.2069414782,,,,
34424,0.0,690.372681,908.273499,61.362003,0.6651064652,0.7149985923,0.2154307384,,,,
34425,0.0,691.351196,910.688477,61.62122,0.5535672895,0.800667483,0.2291175193,,,,
34426,0.0,692.234253,913.470154,61.863075,0.4125696921,0.8784301179,0.2411364287,,,,
34427,0.0,693.252441,916.273376,62.355309,0.2837541779,0.9247487489,0.2536204212,,,,
34428,0.0,694.656799,918.519531,62.593445,0.2466660375,0.9262621417,0.2849461543,,,,
34429,0.0,696.202698,920.533386,67.114151,0.2387070873,0.9264405592,0.2910787125,,,,
34430,0.0,697.751221,922.462402,71.469887,0.2379416863,0.9246741008,0.297256726,,,,
34431,0.0,699.067139,924.138306,75.095802,0.2312965417,0.9219196661,0.3107507668,,,,
34432,0.0,700.773254,926.207825,79.501762,0.2286736075,0.9211184438,0.3150384003,,,,
34433,0.0,702.278748,927.902283,83.291397,0.2285687541,0.9211104204,0.315137935,,,,
34434,0.0,703.80072,929.522278,87.040749,0.2285687541,0.9211104204,0.315137935,,,,
34435,0.0,705.325378,931.429382,90.305473,0.2285687541,0.9211104204,0.315137935,,,,
34436,0.0,706.925781,933.503235,93.713112,0.2285687541,0.9211104204,0.315137935,,,,
34437,0.0,708.546692,935.567017,96.976837,0.2285687541,0.9211104204,0.315137935,,,,
34438,0.0,710.039673,937.464722,99.757042,0.2285687541,0.9211104204,0.315137935,,,,
34439,0.0,711.755798,939.594849,103.105629,0.2285687541,0.9211104204,0.315137935,,,,
34440,0.0,713.534729,941.822571,106.225021,0.2285687541,0.9211104204,0.315137935,,,,
34441,0.0,715.033875,943.849426,108.740753,0.2285687541,0.9211104204,0.315137935,,,,
34442,0.0,716.112976,945.75592,110.785149,0.1962012399,0.9279435856,0.316900261,,,,
34443,0.0,717.539673,948.155518,113.381699,0.1629557104,0.9337438667,0.3186970784,,,,
34444,0.0,718.079834,950.841553,115.462639,0.0082404207,0.9450525694,0.3268145293,,,,
34445,0.0,717.954041,953.393494,117.186569,-0.2191872369,0.9167500754,0.3339554678,,,,
34446,0.0,717.732178,955.522766,118.8228,-0.4227422777,0.8413767735,0.3367106942,,,,
34447,0.0,717.508911,957.403198,120.256729,-0.607132706,0.7192508339,0.3377397152,0.1419948699,486.6675134942,947.4855062193,1.0
34448,0.0,717.466553,958.975891,121.166466,-0.7346338774,0.5888585082,0.3369847525,0.0941325685,400.2576099808,944.9814838193,1.0
34449,0.0,717.785767,960.65033,121.801872,-0.806193605,0.4869273951,0.3360856782,0.081685526,373.2303002345,942.8539773338,1.0
34450,0.0,718.231995,962.360168,122.228638,-0.8435422171,0.4202094954,0.3344555396,0.0821264832,373.3965737303,940.8464152115,1.0
34451,0.0,718.791199,964.359192,122.494324,-0.8610030942,0.3834020674,0.3341803802,0.085411754,379.5091128343,938.4814532699,1.0
34452,0.0,719.41333,966.405823,122.545502,-0.8637187097,0.3772446262,0.3341803144,0.0863981716,380.5963488654,936.0230704099,1.0
34453,0.0,719.795349,970.038818,122.062859,-0.8577344885,0.3863787465,0.3391209393,0.087468522,380.5093416717,930.3259461778,1.0
34454,0.0,719.189331,971.543518,121.55188,-0.8559036985,0.3838563839,0.3465301365,0.0906509703,385.6785767094,927.0360540054,1.0
34455,0.0,718.6526185,972.35614,121.145317,-0.8553977216,0.3824594092,0.349298819,0.091897855,387.1362423217,924.5467256609,1.0
34456,0.0,717.250061,974.462646,119.897377,-0.8548695614,0.3809987861,0.3521902298,0.0930008121,386.7018192759,918.2429246239,1.0
34457,0.0,716.315247,975.903015,118.791061,-0.8548695614,0.3809987861,0.3521902298,0.0927961788,384.6089619035,914.230696403,1.0
34458,0.0,715.369751,977.339783,117.492493,-0.8548695614,0.3809987861,0.3521902298,0.0923047582,381.8559284073,909.9824044243,1.0
34459,0.0,714.406128,978.783569,115.983208,-0.8548695614,0.3809987861,0.3521902298,0.0919141308,379.4163011168,905.9951772149,1.0
34460,0.0,713.450439,980.215881,114.297844,-0.8548695614,0.3809987861,0.3521902298,0.0914799846,376.9582425117,902.1564179037,1.0
34461,0.0,712.472595,981.636902,112.427917,-0.8548695614,0.3809987861,0.3521902298,0.0909515451,374.4728419618,898.683587342,1.0
34462,0.0,711.468018,983.168823,110.207047,-0.8548695614,0.3809987861,0.3521902298,0.0903987239,371.576950569,894.3268472457,1.0
34463,0.0,710.453857,984.660706,107.803909,-0.8548695614,0.3809987861,0.3521902298,0.0897503756,368.6870375491,890.4195156492,1.0
34464,0.0,709.458496,986.123108,105.246796,-0.8534890399,0.3880411663,0.3478225296,0.0863634336,360.4183014749,886.5682106901,1.0
34713,0.0,1310.862305,1243.158325,52.162842,0.019556964,0.9998069056,-0.0019174699,,,,
34714,0.0,1310.741089,1247.214233,53.794312,0.0158570071,0.9998584893,-0.0056175395,,,,
34715,0.0,1309.436401,1252.629639,52.195801,0.0109590535,0.9999130069,-0.0073401431,,,,
34716,0.0,1309.621704,1256.403931,51.998047,0.0053567145,0.9999452579,-0.0089881501,,,,
34717,0.0,1309.78894,1260.069336,53.294434,-0.000829664,0.9999418109,-0.0107557681,,,,
34718,0.0,1309.853638,1261.405518,51.036743,-0.0034850447,0.9999276162,-0.011515934,,,,
34719,0.0,1310.062866,1268.905396,53.467636,-0.019087221,0.9996876514,-0.0161331237,,,,
34720,0.0,1310.192993,1272.088013,52.043079,-0.0245744553,0.9995228436,-0.0187131308,,,,
34721,0.0,1310.260498,1275.152832,52.129883,-0.0284879517,0.9993646009,-0.0214203409,,,,
34722,0.0,1310.335693,1278.586792,53.553181,-0.0334968436,0.9991371539,-0.0245542099,,,,
34723,0.0,1310.429932,1281.712769,52.267212,-0.0349549539,0.9990566623,-0.0257669692,,,,
34724,0.0,1310.516968,1285.218262,52.426514,-0.0360203063,0.9989907251,-0.0268340956,,,,
34725,0.0,1310.579956,1287.78418,52.206787,-0.0360277616,0.9989902589,-0.0268414408,,,,
34726,0.0,1310.64624,1291.061768,53.728394,-0.0360277616,0.9989902589,-0.0268414408,,,,
34727,0.0,1310.676147,1293.767578,53.536133,-0.0367760031,0.9989629899,-0.0268415804,,,,
34728,0.0,1310.707031,1297.106323,55.035767,-0.0369855037,0.998955259,-0.0268414408,,,,
34729,0.0,1310.733765,1300.399048,56.595825,-0.0369855037,0.998955259,-0.0268414408,,,,
34730,0.0,1310.739746,1302.994019,57.765869,-0.0369855037,0.998955259,-0.0268414408,,,,
34731,0.0,1310.740967,1306.01709,59.161133,-0.0369855037,0.998955259,-0.0268414408,,,,
34732,0.0,1310.73291,1308.770508,60.340057,-0.0369855037,0.998955259,-0.0268414408,,,,
34733,0.0,1310.712402,1312.550049,61.4067,-0.0369855037,0.998955259,-0.0268414408,,,,
34786,0.0,1309.253784,1464.162231,64.064407,-0.0379303748,0.9985809269,-0.0373820701,,,,
34787,0.0,1309.442017,1464.174805,52.377075,-0.0379303748,0.9985809269,-0.0373820701,,,,
34788,0.0,1309.581421,1464.153809,52.091431,-0.0379303748,0.9985809269,-0.0373820701,,,,
34789,0.0,1309.679321,1468.921631,52.085938,-0.0379317177,0.9986162819,-0.0364239789,,,,
34790,0.0,1309.6835935,1470.5368655,52.182068,-0.0379333493,0.998661075,-0.0351495686,,,,
34791,0.0,1309.687866,1472.1521,52.278198,-0.0379349809,0.998705868,-0.0338751583,,,,
34792,0.0,1309.501221,1477.471802,52.031006,-0.0358999092,0.9989833048,-0.0272681746,,,,
34793,0.0,1309.311523,1480.944336,52.250732,-0.0325849486,0.9993145056,-0.0175710008,,,,
34794,0.0,1309.205444,1482.7093505,52.3413695,-0.0323963848,0.999396875,-0.0097724224,,,,
34795,0.0,1308.948853,1486.973267,52.129883,-0.032207964,0.9994793496,-0.0019174699,,,,
34796,0.0,1308.835815,1490.701904,52.371582,-0.032207964,0.9994793496,-0.0019174699,,,,
34797,0.0,1308.718994,1493.155518,52.031006,-0.032207964,0.9994793496,-0.0019174699,,,,
34798,0.0,1308.660522,1497.007202,52.289185,-0.032207964,0.9994793496,-0.0019174699,,,,
34799,0.0,1308.606445,1500.617554,52.421021,-0.032207964,0.9994793496,-0.0019174699,,,,
34800,0.0,1308.53186,1503.092896,53.475708,-0.032207964,0.9994793496,-0.0019174699,,,,
34801,0.0,1308.502441,1506.704834,55.002808,-0.032207964,0.9994793496,-0.0019174699,,,,
34802,0.0,1308.480835,1510.437012,56.606812,-0.032207964,0.9994793496,-0.0019174699,,,,
34860,0.0,1302.510864,1722.989258,64.482147,-0.0312485984,0.9994743986,-0.008628539,,,,
34861,0.0,1302.312988,1722.916992,64.612144,-0.0312485984,0.9994743986,-0.008628539,,,,
34862,0.0,1302.153442,1722.838989,64.616638,-0.0312485984,0.9994743986,-0.008628539,,,,
34863,0.0,1301.754883,1726.418823,64.49276,-0.0312472489,0.9994267666,-0.0130287237,,,,
34864,0.0,1301.528442,1729.489502,64.314865,-0.030568722,0.9994234245,-0.0147774092,,,,
34865,0.0,1301.178589,1734.153687,64.069199,-0.0302868179,0.9993956173,-0.0170619123,,,,
34866,0.0,1300.981201,1737.22998,63.883266,-0.0302864898,0.9993807573,-0.0179117402,,,,
34867,0.0,1300.5271,1742.113403,63.721325,-0.0302864634,0.9993752766,-0.0182150115,,,,
34868,0.0,1300.032349,1745.529663,63.715023,-0.0302865886,0.9993880494,-0.0174999768,,,,
34869,0.0,1299.322266,1750.356934,63.787731,-0.0302874416,0.9994075548,-0.0163465667,,,,
34870,0.0,1298.973145,1753.705078,63.906631,-0.0295243374,0.9994433518,-0.0155338353,,,,
34871,0.0,1298.619751,1757.357788,64.038017,-0.0245083865,0.9995819384,-0.0153390798,,,,
34872,0.0,1298.369263,1762.209473,64.176041,-0.012572571,0.9998033022,-0.0153390798,,,,
34911,0.0,1300.41748,1925.854858,66.107964,-0.4095596692,0.9100221738,0.0641912813,,,,
34912,0.0,1300.063721,1925.891846,65.966309,-0.4095596692,0.9100221738,0.0641912813,,,,
34913,0.0,1299.641357,1925.963745,65.708534,-0.4095596692,0.9100221738,0.0641912813,,,,
34914,0.0,1299.743652,1928.989258,65.429199,-0.4689709421,0.8808778206,0.0641912813,,,,
34915,0.0,1300.44397,1933.726318,65.040085,-0.5387606018,0.8400098174,0.0641912813,,,,
34916,0.0,1301.460449,1940.088867,64.345978,-0.5959802923,0.8001938977,0.0670612953,,,,
34917,0.0,1301.8703,1942.441528,64.371891,-0.6094684893,0.7897852056,0.0670612953,,,,
34918,0.0,1302.280151,1944.794189,64.397804,-0.6229566863,0.7793765134,0.0670612953,,,,
34919,0.0,1302.790039,1948.436768,64.478737,-0.6307797677,0.7728996357,0.0688697154,,,,
34920,0.0,1303.810669,1955.269409,64.733582,-0.6396200744,0.7654340002,0.070689121,,,,
34921,0.0,1304.376221,1958.76062,64.906578,-0.6432684816,0.7622215813,0.0722767022,,,,
34922,0.0,1304.923218,1962.33374,65.040909,-0.6476184459,0.7584175364,0.0734383347,,,,
34923,0.0,1305.654907,1966.991089,65.202446,-0.6537255663,0.753128786,0.0737557846,,,,
34924,0.0,1306.061523,1970.337646,65.241852,-0.6581016717,0.7492369332,0.0744728652,,,,
34925,0.0,1306.661499,1974.300659,65.385742,-0.66210131,0.7456808918,0.0747118661,,,,
34926,0.0,1307.149048,1977.779541,65.445831,-0.664809468,0.7431349091,0.0760189327,,,,
34927,0.0,1307.870483,1982.682739,65.367989,-0.6683740046,0.7397721171,0.0775461465,,,,
34928,0.0,1308.220703,1985.973511,65.346634,-0.6690225106,0.7390978641,0.0783787446,,,,
34929,0.0,1308.675049,1989.559692,65.142174,-0.6706938797,0.7374059188,0.0800139399,,,,
34930,0.0,1309.05481,1992.942261,64.924385,-0.6729450099,0.735165772,0.0817086368,,,,
34931,0.0,1309.591309,1997.864624,64.522461,-0.67660522,0.7316209454,0.0832836627,,,,
34932,0.0,1309.881104,2001.147827,64.388451,-0.6789745595,0.7292324133,0.0849331196,,,,
34933,0.0,1310.229858,2004.772217,64.061569,-0.6827224773,0.7255048524,0.0867912906,,,,
34934,0.0,1310.501953,2008.372925,63.781548,-0.6888491407,0.7194638218,0.0886491422,,,,
34935,0.0,1310.734009,2011.985962,63.505611,-0.6928761443,0.7154446002,0.0897868178,,,,
34936,0.0,1310.860107,2015.174072,63.502651,-0.6963190824,0.7120672973,0.0899994422,,,,
34937,0.0,1310.996338,2020.065308,63.59874,-0.7005328948,0.7081595478,0.0881119633,,,,
34938,0.0,1311.00354,2023.506592,63.790199,-0.7031630866,0.7057674916,0.0863360959,,,,
34939,0.0,1310.995117,2027.493652,64.210197,-0.7068172583,0.7024609749,0.0834142808,,,,
34940,0.0,1311.004883,2029.183594,64.396355,-0.7086108653,0.7007546039,0.0825446954,,,,
34941,0.0,1310.962769,2035.194092,65.24028,-0.7124109205,0.6971310896,0.0804917658,,,,
34942,0.0,1310.981201,2038.515991,65.300827,-0.7135714038,0.6959483702,0.0804469867,,,,
34943,0.0,1310.856689,2042.158325,65.457016,-0.713811379,0.6957022354,0.0804469693,,,,
34944,0.0,1310.721924,2045.551392,65.478584,-0.713811379,0.6957022354,0.0804469693,,,,
34945,0.0,1310.539307,2049.377441,65.452507,-0.713811379,0.6957022354,0.0804469693,,,,
34946,0.0,1310.37085,2052.793945,65.239052,-0.713811379,0.6957022354,0.0804469693,,,,
34947,0.0,1310.190186,2057.409668,64.997795,-0.713811379,0.6957022354,0.0804469693,,,,
34948,0.0,1310.018188,2060.581543,64.682877,-0.713811379,0.6957022354,0.0804469693,,,,
34949,0.0,1309.883179,2063.955078,64.335953,-0.7156059961,0.6936990179,0.0817907754,,,,
34950,0.0,1309.759033,2068.331055,63.802944,-0.7180465906,0.6908983384,0.0840748457,,,,
34951,0.0,1309.701782,2071.520264,63.294472,-0.7192393882,0.6896328388,0.0842689159,,,,
34952,0.0,1309.636719,2074.969238,62.74691,-0.7199851972,0.6887712069,0.0849443363,,,,
36379,0.0,-1723.627075,1110.152466,97.491692,0.9926749044,0.0282735863,0.1174612216,0.0933394455,1050.960296532,2491.2482700628,1.0
36380,0.0,-1723.837036,1110.290283,97.700035,0.9926749044,0.0282735863,0.1174612216,0.0933630111,1050.1444325089,2489.0155057561,1.0
36381,0.0,-1727.221436,1111.344116,97.662971,0.9926749044,0.0282735863,0.1174612216,0.0929445545,1048.6280669271,2490.7368297158,1.0
36382,0.0,-1724.234009,1110.596436,97.609642,0.9926749044,0.0282735863,0.1174612216,0.0932685811,1049.0416596526,2487.5985157729,1.0
36383,0.0,-1720.290894,1109.714844,97.436348,0.9924533017,0.0282672746,0.1193205981,0.0938126174,1050.0360056933,2483.080328461,1.0
36384,0.0,-1717.611694,1109.137329,97.312546,0.9923740398,0.0248434899,0.120733451,0.0956337934,1058.3517543207,2479.9853173816,1.0
36385,0.0,-1713.167969,1108.288208,97.071228,0.9914878713,0.0078402953,0.1299628056,0.1041094104,1099.3864796624,2474.5644110956,1.0
36386,0.0,-1710.147827,1107.712158,96.894424,0.9906681246,-0.0038067815,0.1362430745,0.1101041561,1127.0642522259,2470.7447651546,1.0
36387,0.0,-1705.838867,1106.974854,96.605629,0.9898322368,-0.0140993795,0.1415392188,0.1156591196,1150.9345755999,2465.3634942868,1.0
36388,0.0,-1701.632812,1106.301147,96.310349,0.9888169947,-0.0230940504,0.1473350458,0.1207448247,1171.7855893706,2459.9201649364,1.0
36389,0.0,-1698.631714,1105.837402,96.126877,0.9884466125,-0.0270971166,0.1491275983,0.1230576238,1180.3313057676,2455.9764260531,1.0
36390,0.0,-1693.890747,1105.179443,95.796417,0.9879350956,-0.0327254367,0.1513713731,0.1263525149,1191.9269662865,2449.7048269866,1.0
36391,0.0,-1689.411011,1104.642334,95.534515,0.9878666922,-0.0334455899,0.1516601164,0.1270899562,1192.4259013584,2444.0907459956,1.0
36392,0.0,-1686.103394,1104.272827,95.333092,0.9878666922,-0.0334455899,0.1516601164,0.1273169277,1191.2275163238,2439.604912386,1.0
36393,0.0,-1681.203003,1103.684692,94.584045,0.9878666922,-0.0334455899,0.1516601164,0.1276662477,1190.0456033825,2434.0748215549,1.0
36394,0.0,-1676.134277,1103.219727,94.163086,0.9877414792,-0.0334412471,0.1524744346,0.1279539443,1188.4190098543,2428.2001783027,1.0
36453,0.0,-1601.683228,1098.511841,95.456749,0.8803217232,-0.0162065976,0.4741002108,,,,
36454,0.0,-1601.678955,1098.564087,95.391113,0.8803217232,-0.0162065976,0.4741002108,,,,
36455,0.0,-1601.684082,1098.50061,95.285118,0.8803217232,-0.0162065976,0.4741002108,,,,
36456,0.0,-1601.651855,1099.042725,95.841537,0.8803217232,-0.0162065976,0.4741002108,,,,
36457,0.0,-1601.685181,1098.940063,95.82,0.8803217232,-0.0162065976,0.4741002108,,,,
36458,0.0,-1601.7086185,1098.894531,95.7834475,0.8803217232,-0.0162065976,0.4741002108,,,,
36459,0.0,-1601.732056,1098.848999,95.746895,0.8803217232,-0.0162065976,0.4741002108,,,,
36460,0.0,-1601.756348,1098.800903,95.708076,0.8803217232,-0.0162065976,0.4741002108,,,,
36461,0.0,-1601.81665,1098.631226,95.605911,0.8803217232,-0.0162065976,0.4741002108,,,,
36462,0.0,-1601.834961,1098.504761,95.538406,0.8803217232,-0.0162065976,0.4741002108,,,,
36463,0.0,-1601.876831,1098.978149,96.028114,0.8803217232,-0.0162065976,0.4741002108,,,,
36464,0.0,-1601.925903,1098.928101,96.040642,0.8803217232,-0.0162065976,0.4741002108,,,,
36465,0.0,-1601.959961,1098.893066,96.049553,0.8803217232,-0.0162065976,0.4741002108,,,,
36466,0.0,-1602.01416,1098.798462,95.992889,0.8803217232,-0.0162065976,0.4741002108,,,,
36467,0.0,-1602.039795,1098.755615,95.9673,0.8803217232,-0.0162065976,0.4741002108,,,,
36468,0.0,-1602.067261,1098.61377,95.865929,0.8803217232,-0.0162065976,0.4741002108,,,,
36469,0.0,-1603.918945,1096.264771,97.107086,0.8803217232,-0.0162065976,0.4741002108,,,,
36470,0.0,-1603.918945,1096.264771,97.107086,0.8803217232,-0.0162065976,0.4741002108,,,,
36471,0.0,-1603.918945,1096.264771,97.107086,0.8803217232,-0.0162065976,0.4741002108,,,,
36472,0.0,-1603.918823,1096.264771,97.107086,0.8803217232,-0.0162065976,0.4741002108,,,,
36473,0.0,-1603.918823,1096.264771,97.107086,0.8803217232,-0.0162065976,0.4741002108,,,,
36474,0.0,-1603.918945,1096.264771,97.107086,0.8803217232,-0.0162065976,0.4741002108,,,,
36475,0.0,-1603.919067,1096.264771,97.107086,0.8803217232,-0.0162065976,0.4741002108,,,,
36476,0.0,-1603.918945,1096.264771,97.107086,0.8803217232,-0.0162065976,0.4741002108,,,,
36477,0.0,-1603.918945,1096.264771,97.107086,0.8803217232,-0.0162065976,0.4741002108,,,,
36478,0.0,-1603.905273,1096.207642,97.107086,0.8788796592,-0.021873679,0.4765417996,,,,
36479,0.0,-1603.894043,1096.157227,97.107086,0.877379713,-0.0267971169,0.4790477574,,,,
36480,0.0,-1603.888062,1096.129639,97.107086,0.8767592874,-0.0295062473,0.4800234717,,,,
36481,0.0,-1603.884521,1096.112915,97.107086,0.876273244,-0.0311198225,0.4808084427,,,,
36482,0.0,-1603.884155,1096.110596,97.107086,0.8762020546,-0.0313471587,0.4809233984,,,,
36483,0.0,-1603.880615,1096.093506,97.107086,0.8761403236,-0.0330273141,0.4809234137,,,,
36484,0.0,-1603.876953,1096.075562,97.107086,0.8763898602,-0.0347724771,0.4803453838,,,,
36485,0.0,-1603.869263,1096.036499,97.107079,0.8770372953,-0.0386316748,0.4788665539,,,,
36486,0.0,-1603.83667,1095.839966,97.107063,0.8792561879,-0.0578565155,0.4728225669,,,,
36487,0.0,-1603.798096,1095.453247,97.10704,0.8808697155,-0.0951342957,0.4637003451,,,,
36488,0.0,-1603.956299,1094.518921,97.107079,0.8700197496,-0.1843062521,0.4572710802,,,,
36489,0.0,-1604.262573,1093.489258,97.107086,0.830925932,-0.3171641707,0.4571312551,,,,
36490,0.0,-1604.403809,1093.2948,97.107086,0.7640292452,-0.4552914759,0.4571312551,,,,
36491,0.0,-1604.562256,1093.087036,97.107086,0.6425820976,-0.6149140177,0.4571312707,,,,
36492,0.0,-1605.062744,1092.601196,97.113205,0.4590062656,-0.7638091995,0.4537716991,,,,
36493,0.0,-1607.775391,1089.801147,97.147957,0.1556743368,-0.8816797962,0.4454281511,,,,
36494,0.0,-1609.396729,1088.53064,97.171646,-0.0065565173,-0.901493504,0.4327429656,,,,
36495,0.0,-1611.144409,1087.4021,97.199684,-0.16611747,-0.8943448101,0.4153942066,,,,
36496,0.0,-1613.444458,1085.449707,97.261124,-0.3277949757,-0.8587446339,0.3938376665,,,,
36497,0.0,-1613.8566285,1084.6625365,97.2829365,-0.3380483786,-0.8569816029,0.3888088168,,,,
36498,0.0,-1614.268799,1083.875366,97.304749,-0.3483017814,-0.855218572,0.3837799672,,,,
36499,0.0,-1615.332642,1081.269653,97.367599,-0.348404272,-0.855469885,0.3831262705,,,,
36500,0.0,-1615.721497,1080.226135,97.382324,-0.348404272,-0.855469885,0.3831262705,,,,
36501,0.0,-1616.110352,1079.182617,97.397049,-0.348404272,-0.855469885,0.3831262705,,,,
36502,0.0,-1617.322876,1075.848633,97.384552,-0.348404272,-0.855469885,0.3831262705,,,,
36503,0.0,-1617.791321,1074.6065065,97.3670045,-0.348404272,-0.855469885,0.3831262705,,,,
36504,0.0,-1618.259766,1073.36438,97.349457,-0.348404272,-0.855469885,0.3831262705,,,,
36505,0.0,-1619.811401,1069.372803,97.265167,-0.348404272,-0.855469885,0.3831262705,,,,
36506,0.0,-1620.691528,1067.156372,97.216965,-0.348404272,-0.855469885,0.3831262705,,,,
36507,0.0,-1621.530518,1065.077148,97.170944,-0.3573094698,-0.8563537475,0.3728112148,,,,
36508,0.0,-1622.775757,1062.144531,97.104393,-0.3730288511,-0.8551466171,0.3599635252,,,,
36509,0.0,-1623.671997,1060.139282,97.057739,-0.3779227694,-0.855245406,0.3545838064,,,,
36510,0.0,-1625.091675,1056.947632,96.982224,-0.3836663787,-0.8563181569,0.3457156694,,,,
36511,0.0,-1626.025146,1054.812988,96.930962,-0.3849391365,-0.8572559704,0.3419562289,,,,
36512,0.0,-1627.372192,1051.730591,96.856186,-0.3788075169,-0.860665551,0.3402347344,,,,
36513,0.0,-1628.298096,1049.625854,96.804771,-0.3679650611,-0.8659120269,0.3388186469,,,,
36514,0.0,-1629.384155,1047.157837,96.744446,-0.352954932,-0.8730434892,0.3364786501,,,,
36515,0.0,-1630.795898,1043.933228,96.584412,-0.3296198433,-0.8833376641,0.3332646548,,,,
36516,0.0,-1631.914429,1041.331909,96.429771,-0.2862683617,-0.9008550724,0.326359562,,,,
36517,0.0,-1632.945801,1038.872559,96.286133,-0.2465681022,-0.9143890058,0.3210870864,,,,
36518,0.0,-1634.285889,1035.547363,96.095169,-0.1946427393,-0.9287417202,0.3155202391,,,,
36519,0.0,-1635.547852,1032.237793,95.909348,-0.1420304581,-0.9399539198,0.3103449334,,,,
36520,0.0,-1636.437988,1029.758301,95.776306,-0.1143644439,-0.9440037527,0.3094797066,,,,
36521,0.0,-1637.274048,1027.326172,95.648949,-0.1008703198,-0.9457841701,0.3087352946,,,,
36522,0.0,-1638.271729,1023.658142,95.462296,-0.0949825273,-0.9465039031,0.3083969536,,,,
36523,0.0,-1638.982422,1021.008057,95.329636,-0.0946916477,-0.9465330696,0.3083968872,,,,
36524,0.0,-1639.839722,1017.636536,95.163544,-0.0946916477,-0.9465330696,0.3083968872,,,,
36538,0.0,-1647.2771,974.372131,94.013344,-0.0721357844,-0.9434196385,0.3236600289,,,,
36539,0.0,-1648.015625,969.789795,93.911621,-0.0697834877,-0.9430500282,0.3252489958,,,,
36540,0.0,-1649.309692,961.246582,93.775826,-0.0653269419,-0.9424820892,0.3278107718,,,,
36541,0.0,-1649.290527,960.7094115,93.8240245,-0.0638709216,-0.9421819576,0.3289531108,,,,
36542,0.0,-1649.534302,957.697205,93.889114,-0.0603843175,-0.9415325505,0.3314667263,,,,
36543,0.0,-1649.935059,953.760254,93.918152,-0.0570966615,-0.9412578586,0.3328267039,,,,
36544,0.0,-1650.192261,951.059814,93.939583,-0.0541814004,-0.940933466,0.3342283476,,,,
36545,0.0,-1650.483765,947.925354,93.966026,-0.0512854204,-0.9400159391,0.3372533765,,,,
36546,0.0,-1650.821167,943.978027,94.001686,-0.0463842046,-0.9392723489,0.3400234701,,,,
36547,0.0,-1651.04834,941.130737,94.029053,-0.0424427033,-0.938644019,0.3422660114,,,,
36548,0.0,-1651.332031,937.569092,94.066452,-0.0390459331,-0.9382721017,0.3436871809,,,,
36549,0.0,-1651.61853,933.921082,94.120636,-0.0368839558,-0.9379919216,0.3446893222,,,,
36550,0.0,-1651.773682,931.66449,94.15641,-0.0343100098,-0.9375536958,0.3461443205,,,,
36551,0.0,-1652.051636,927.638489,94.220963,-0.0308686569,-0.9369501201,0.3480971108,,,,
36552,0.0,-1652.250366,924.728943,94.268387,-0.0292253091,-0.9369166959,0.3483288478,,,,
36553,0.0,-1652.461304,921.281738,94.325829,-0.0264803779,-0.9364595188,0.3497747264,,,,
36554,0.0,-1652.671631,917.770203,94.385208,-0.0243793725,-0.9363854654,0.3501255581,,,,
36555,0.0,-1652.874268,914.337891,94.444229,-0.0233272434,-0.9364122667,0.3501255581,,,,
36556,0.0,-1653.008789,912.025085,94.483498,-0.0232571625,-0.9364140099,0.3501255581,,,,
36557,0.0,-1653.203613,908.578735,94.54142,-0.0232571625,-0.9364140099,0.3501255581,,,,
36558,0.0,-1653.416626,904.658875,94.543388,-0.0232571625,-0.9364140099,0.3501255581,,,,
36559,0.0,-1653.588135,901.296753,94.576904,-0.0232571625,-0.9364140099,0.3501255581,,,,
36560,0.0,-1653.758667,897.814575,94.669167,-0.0232571625,-0.9364140099,0.3501255581,,,,
36561,0.0,-1653.886475,895.087585,94.705872,-0.0232571625,-0.9364140099,0.3501255581,,,,
36562,0.0,-1654.042847,891.64325,94.746567,-0.0232571625,-0.9364140099,0.3501255581,,,,
36563,0.0,-1654.193115,888.198547,94.789452,-0.0232571625,-0.9364140099,0.3501255581,,,,
36564,0.0,-1654.34021,884.689697,94.833687,-0.0232571625,-0.9364140099,0.3501255581,,,,
36565,0.0,-1654.474731,881.372803,94.8759,-0.0232571625,-0.9364140099,0.3501255581,,,,
36566,0.0,-1654.578613,878.734375,94.909782,-0.0232571625,-0.9364140099,0.3501255581,,,,
36567,0.0,-1654.71228,875.237854,94.955017,-0.0232571625,-0.9364140099,0.3501255581,,,,
36568,0.0,-1654.84375,871.68988,95.001297,-0.0232571625,-0.9364140099,0.3501255581,,,,
36569,0.0,-1654.941528,868.987122,95.036774,-0.0232571625,-0.9364140099,0.3501255581,,,,
36570,0.0,-1655.078247,865.105896,95.088013,-0.0232571625,-0.9364140099,0.3501255581,,,,
36571,0.0,-1655.162354,862.659241,95.120506,-0.0232571625,-0.9364140099,0.3501255581,,,,
36572,0.0,-1655.286133,858.982666,95.169586,-0.0232571625,-0.9364140099,0.3501255581,,,,
36573,0.0,-1655.409424,855.242065,95.21978,-0.0232571625,-0.9364140099,0.3501255581,,,,
36574,0.0,-1655.497559,852.500671,95.256729,-0.0232571625,-0.9364140099,0.3501255581,,,,
36575,0.0,-1655.580566,849.887207,95.292061,-0.0232571625,-0.9364140099,0.3501255581,,,,
36576,0.0,-1655.703003,845.733459,95.348427,-0.0224962996,-0.9364326099,0.3501255254,,,,
36577,0.0,-1655.79126,841.970215,95.399673,-0.0196799662,-0.9361624494,0.3510164771,,,,
36578,0.0,-1655.883789,836.598572,95.418091,-0.012997098,-0.9359987566,0.351763277,,,,
36579,0.0,-1655.9162595,834.4217225,95.4160845,-0.0101759456,-0.9361584134,0.3514196532,,,,
36580,0.0,-1655.997559,829.700623,95.40834,-0.0058014186,-0.9363486943,0.3510234555,,,,
36581,0.0,-1656.034058,827.6790165,95.404182,-0.0046975247,-0.9365137609,0.350597321,,,,
36582,0.0,-1656.123047,823.171143,95.395248,-0.0035035384,-0.9369333387,0.3494905492,,,,
36583,0.0,-1656.197266,819.467712,95.388565,-0.0035036438,-0.9370314777,0.3492273389,,,,
36584,0.0,-1656.2313845,817.635101,95.3855055,-0.0035036438,-0.9370314777,0.3492273389,,,,
36585,0.0,-1656.309692,813.277832,95.378494,-0.0035036438,-0.9370314777,0.3492273389,,,,
