timestamp,is_bot,loc_x,loc_y,loc_z,s_x,s_y,s_z,d_a,d_p,d_e,tar
6409,0.0,209.162186,2078.895752,1753.222046,0.0486770819,-0.9966939027,0.0650523337,0.0573923639,621.8411322863,1862.3437384657,4.0
6410,0.0,209.1663895,2078.5145265,1752.928955,0.0486770819,-0.9966939027,0.0650523337,0.0573642638,622.3412101119,1864.2849022282,4.0
6529,0.0,200.074677,1958.820801,1751.613037,-0.8195059079,-0.5678083049,0.077484165,0.1258238887,950.3058017998,1956.9360338899,8.0
6530,0.0,199.924789,1958.716919,1751.639038,-0.8195059079,-0.5678083049,0.077484165,0.1260245987,950.5408962712,1955.9655541521,8.0
6531,0.0,199.8516385,1958.666199,1751.6517335,-0.8195059079,-0.5678083049,0.077484165,0.1261034716,950.585175434,1955.4862547093,8.0
6532,0.0,199.663147,1958.535645,1751.688232,-0.8195059079,-0.5678083049,0.077484165,0.126302889,950.8109775459,1954.5097952507,8.0
6533,0.0,199.525131,1958.439941,1751.710083,-0.8195059079,-0.5678083049,0.077484165,0.1264751555,951.1910754681,1954.0488995181,8.0
6534,0.0,198.547348,1959.499878,1751.708984,-0.7616001956,-0.6433982797,0.077484165,0.0855609568,790.9829623643,1954.3778920152,8.0
6535,0.0,196.707138,1961.458008,1751.672729,-0.6715989152,-0.7364939259,0.0808182794,0.0435371037,570.6315259387,1955.1954876627,8.0
6536,0.0,194.817947,1963.176758,1751.54834,-0.4901143212,-0.8673983622,0.0860699329,0.0081969233,249.9036731207,1955.7980356289,8.0
6537,0.0,193.408737,1964.322754,1751.423096,-0.3936220611,-0.9151585771,0.0868703162,0.0085070316,254.6105391008,1956.1311313575,8.0
6538,0.0,192.070618,1965.488281,1751.30835,-0.2471511966,-0.9651181929,0.0863895817,0.0287660941,465.9276188707,1956.6309832688,8.0
6539,0.0,190.234192,1967.119141,1751.169067,-0.1203265564,-0.989059425,0.0853403395,0.0629914623,683.7615741062,1957.4833556931,8.0
6540,0.0,184.379684,1967.071655,1750.701294,-0.0335983301,-0.9958720639,0.0843207242,0.0937929546,826.7353107758,1955.223208001,8.0
6541,0.0,182.353088,1969.190063,1750.701294,-0.0094933,-0.9964816281,0.0832720965,0.1028812873,864.5076281803,1956.8312757263,8.0
6542,0.0,180.329468,1971.077148,1750.701294,-0.0078930795,-0.9965001097,0.0832179704,0.1026436238,864.2197728106,1958.3204303425,8.0
6543,0.0,178.239426,1973.021118,1750.701294,-0.0078342938,-0.9965005722,0.0832179878,0.101748711,861.401848206,1960.03799147,8.0
6544,0.0,176.048477,1975.06897,1750.701294,-0.0078342938,-0.9965005722,0.0832179878,0.1007558645,858.1981977858,1961.8329943125,8.0
6545,0.0,174.113037,1976.887573,1750.701294,-0.0078342938,-0.9965005722,0.0832179878,0.0998863534,855.4882268991,1963.6820461614,8.0
6546,0.0,172.109406,1978.77771,1750.701294,-0.0078342938,-0.9965005722,0.0832179878,0.0990113033,852.7634886164,1965.6058762055,8.0
6547,0.0,170.116882,1980.664307,1750.701294,-0.0078342938,-0.9965005722,0.0832179878,0.0981448191,850.1181902481,1967.6909922915,8.0
6548,0.0,167.892319,1982.779053,1750.701294,-0.0078342938,-0.9965005722,0.0832179878,0.0971961318,847.1969343242,1969.984785999,8.0
6549,0.0,165.827362,1984.748413,1750.701294,-0.0078342938,-0.9965005722,0.0832179878,0.0963527316,844.703838404,1972.3283264015,8.0
6550,0.0,163.565521,1986.912354,1750.701294,-0.0078342938,-0.9965005722,0.0832179878,0.0954456293,841.8932168293,1974.6144002457,8.0
6551,0.0,160.976486,1989.397095,1750.701294,-0.0078342938,-0.9965005722,0.0832179878,0.0944200311,838.6439896743,1977.1152222857,8.0
6552,0.0,158.823517,1991.509644,1750.701294,-0.0078342938,-0.9965005722,0.0832179878,0.0935916748,836.0167294617,1979.1941367154,8.0
6553,0.0,156.646545,1993.671875,1750.701294,-0.0078342938,-0.9965005722,0.0832179878,0.0927654008,833.3687830236,1981.2631280728,8.0
6554,0.0,154.427246,1995.880127,1750.701294,-0.0078342938,-0.9965005722,0.0832179878,0.0919356663,830.6835440418,1983.3396138623,8.0
6555,0.0,152.244675,1997.812866,1750.701294,-0.0078342938,-0.9965005722,0.0832179878,0.091159627,828.0907513806,1985.1432823235,8.0
6556,0.0,150.120377,1999.499268,1750.701294,-0.0078342938,-0.9965005722,0.0832179878,0.090447519,825.6427980231,1986.6806793115,8.0
6557,0.0,147.643478,2001.264526,1750.701294,-0.0078342938,-0.9965005722,0.0832179878,0.0896212688,822.7352163546,1988.3590302925,8.0
6558,0.0,145.214462,2002.814697,1750.701294,-0.0078342938,-0.9965005722,0.0832179878,0.0888540514,819.9989878968,1989.884054027,8.0
6559,0.0,142.148163,2004.561523,1750.701294,-0.0078342938,-0.9965005722,0.0832179878,0.0878992265,816.3920802757,1991.3649911877,8.0
6560,0.0,140.107193,2005.598389,1750.701294,-0.0120167132,-0.9965168751,0.0825210051,0.0856102562,806.5808693851,1992.3692911421,8.0
6561,0.0,136.637192,2007.203979,1750.701294,-0.0220516305,-0.9965205365,0.0803775214,0.0805224474,783.7047384396,1993.4367966488,8.0
6562,0.0,133.854858,2008.337158,1750.701294,-0.0376042153,-0.996201861,0.0785351835,0.0738173675,751.8716949997,1993.9567205555,8.0
6563,0.0,131.01413,2009.275391,1750.701294,-0.0915900763,-0.9932736017,0.070843561,0.0542230714,647.7288784957,1994.1355624549,8.0
6564,0.0,128.418228,2010.215698,1750.701172,-0.1319910586,-0.9891146434,0.0650429288,0.0414019734,567.9178342655,1994.3543723614,8.0
6565,0.0,125.477142,2011.301147,1750.701294,-0.1801500765,-0.9818542657,0.0592296444,0.028467813,472.5381302404,1994.6094412924,8.0
6566,0.0,122.136147,2012.676514,1750.744751,-0.2455100625,-0.9680001367,0.0519667637,0.014967071,343.8470693846,1994.8629282867,8.0
6567,0.0,121.586121,2012.9818725,1750.746521,-0.2493878114,-0.9670522746,0.0509774814,0.0142157636,335.0913577432,1995.1130144901,8.0
6568,0.0,120.318871,2013.735229,1750.765747,-0.2648308776,-0.9631964236,0.0460136474,0.0114100228,300.6324047089,1995.8132986034,8.0
6569,0.0,119.861168,2014.109619,1750.773682,-0.2789286588,-0.9594070077,0.0416772958,0.0092040777,270.2368248245,1996.3699314749,8.0
6570,0.0,119.596214,2014.354736,1750.773071,-0.2902863337,-0.9561519069,0.0388249323,0.007656576,246.6301067511,1996.8557451289,8.0
6571,0.0,119.4866865,2014.4633175,1750.7808225,-0.2954884318,-0.954582098,0.0378025605,0.0070265569,236.0957844028,1997.1462281762,8.0
6572,0.0,119.348785,2014.657715,1750.789673,-0.3015532188,-0.9527423199,0.0367114168,0.0062617338,223.2025268849,1997.6423442021,8.0
6573,0.0,119.358871,2014.709839,1750.789429,-0.3016196987,-0.9527212757,0.0367114168,0.0062090947,222.2995919483,1997.9504751845,8.0
6574,0.0,119.405136,2014.851074,1750.789429,-0.3016196987,-0.9527212757,0.0367114168,0.0061359239,221.058139625,1998.5671881579,8.0
6575,0.0,119.443733,2014.9729,1750.789429,-0.3016196987,-0.9527212757,0.0367114168,0.0060783996,220.0347926834,1998.6773658168,8.0
6576,0.0,119.487122,2015.109985,1750.789429,-0.3016196987,-0.9527212757,0.0367114168,0.0060068087,218.7504648188,1998.7811610543,8.0
6577,0.0,119.5138935,2015.194641,1750.789429,-0.3016196987,-0.9527212757,0.0367114168,0.0059703556,218.0837892164,1998.7547082482,8.0
6578,0.0,119.562828,2015.349243,1750.789429,-0.3016196987,-0.9527212757,0.0367114168,0.0058811981,216.4366070469,1998.5835004806,8.0
6579,0.0,119.562828,2015.349243,1750.789429,-0.3016196987,-0.9527212757,0.0367114168,0.0058250402,215.3753555633,1998.3194518202,8.0
6580,0.0,119.562828,2015.349243,1750.789429,-0.3016196987,-0.9527212757,0.0367114168,0.0057559984,214.0580537309,1997.9383911772,8.0
6581,0.0,119.562828,2015.349243,1750.789429,-0.3016196987,-0.9527212757,0.0367114168,0.0056925505,212.8368674587,1997.5486012455,8.0
6582,0.0,119.562828,2015.349243,1750.789429,-0.3016196987,-0.9527212757,0.0367114168,0.0056513847,212.0366801513,1997.2527160184,8.0
6583,0.0,119.562828,2015.349243,1750.789429,-0.3016196987,-0.9527212757,0.0367114168,0.0055768457,210.5775925717,1996.6833082592,8.0
6584,0.0,119.562828,2015.349243,1750.789429,-0.3016196987,-0.9527212757,0.0367114168,0.0055189937,209.4334753097,1996.1868930681,8.0
6585,0.0,119.562828,2015.349243,1750.789429,-0.3016196987,-0.9527212757,0.0367114168,0.0054810619,208.6780027186,1995.8377693313,8.0
6586,0.0,119.562828,2015.349243,1750.789429,-0.3016196987,-0.9527212757,0.0367114168,0.005413627,207.3382704844,1995.3031293035,8.0
6587,0.0,119.562828,2015.349243,1750.789429,-0.3016196987,-0.9527212757,0.0367114168,0.0053735001,206.5206011095,1994.8211149823,8.0
6588,0.0,119.569405,2015.349365,1750.789429,-0.3009172948,-0.9529433633,0.0367114168,0.0053731789,206.4407629414,1994.1093949995,8.0
6589,0.0,119.589249,2015.349854,1750.789429,-0.2987960714,-0.9536106016,0.0367114168,0.0055106019,208.9878846727,1993.4517385819,8.0
6590,0.0,119.5979,2015.350098,1750.789429,-0.2978661656,-0.9539014725,0.0367114168,0.0055744311,210.1389725107,1992.9546285436,8.0
6591,0.0,119.613289,2015.350586,1750.789429,-0.2962214629,-0.9544134936,0.0367114168,0.005678431,212.0134115009,1992.2854612535,8.0
6592,0.0,119.628922,2015.351196,1750.789429,-0.2945405135,-0.9549335882,0.0367114168,0.0057777874,213.7896211563,1991.6777221672,8.0
6593,0.0,122.805855,2015.536621,1751.908569,-0.2930689584,-0.9553862347,0.0367114168,0.006016599,218.2386951205,1992.4867943325,8.0
6594,0.0,122.803619,2015.46228,1751.907471,-0.2917087121,-0.9558024373,0.0367114168,0.0061162569,219.9667297215,1991.8848162189,8.0
6595,0.0,122.803215,2015.334351,1751.911987,-0.2898308697,-0.9563735352,0.0367114168,0.0062469511,222.1990929738,1991.0058929613,8.0
6596,0.0,122.810188,2015.213867,1751.928345,-0.2886980234,-0.9567161142,0.0367114168,0.0063421277,223.7978470148,1990.2750418585,8.0
6597,0.0,122.82843,2015.176758,1751.931152,-0.2843304977,-0.9580086528,0.037088936,0.0067623073,230.9966963907,1989.6595552303,8.0
6598,0.0,122.838425,2015.190063,1751.929199,-0.2774615512,-0.9600166442,0.0371904616,0.0074293002,242.0081361188,1989.0657709771,8.0
6599,0.0,122.858521,2015.130615,1751.932983,-0.2743500785,-0.9608965708,0.0375474984,0.0077337975,246.8273940112,1988.4893848653,8.0
6600,0.0,122.873672,2015.112305,1751.939575,-0.2726966585,-0.961366086,0.0375736773,0.007883396,249.1358893776,1988.026849654,8.0
6601,0.0,122.899963,2015.083374,1751.948975,-0.2709969902,-0.9618465835,0.0375736773,0.0080169703,251.1293337369,1987.2362004975,8.0
6602,0.0,122.909401,2015.08374,1751.93811,-0.270026407,-0.9621195135,0.0375736773,0.0080923034,252.2287234366,1986.6614274628,8.0
6603,0.0,122.934319,2015.094849,1751.91626,-0.2677022668,-0.9627831919,0.0372024437,0.0082813951,255.0417205371,1985.8456410675,8.0
6604,0.0,122.974174,2015.11499,1751.872192,-0.2663149598,-0.9631683195,0.0371904616,0.0084082226,256.9064343871,1985.2843505468,8.0
6605,0.0,122.996429,2015.122559,1751.852661,-0.2649542967,-0.9635555,0.0368784364,0.0084960227,258.1706038103,1984.7616925528,8.0
6606,0.0,123.010391,2015.125,1751.84314,-0.2639876037,-0.9638271717,0.0367114168,0.0085206444,258.4418734958,1983.9866994326,8.0
6607,0.0,123.024063,2015.126831,1751.83313,-0.263681498,-0.9639109603,0.0367114168,0.0085091637,258.2029461035,1983.4835240694,8.0
6608,0.0,123.056122,2015.129761,1751.817017,-0.2631796029,-0.9640481152,0.0367114168,0.0084969159,257.9272704493,1982.7872141644,8.0
6609,0.0,123.096855,2015.139771,1751.803467,-0.2610207654,-0.9646348697,0.0367114168,0.0086299812,259.7835054283,1981.6669451447,8.0
6610,0.0,123.1306305,2015.1445925,1751.807129,-0.260648995,-0.9647353134,0.0367114168,0.0086311316,259.7578658857,1981.3399144233,8.0
6611,0.0,123.19117,2015.153076,1751.813843,-0.2596768102,-0.9649975265,0.0367114168,0.0086535733,259.9951852254,1980.588069837,8.0
6612,0.0,123.212738,2015.1553345,1751.8220825,-0.2593960324,-0.9650789413,0.036554416,0.0086320921,259.634441286,1980.2899189418,8.0
6613,0.0,123.234306,2015.157593,1751.830322,-0.2591152546,-0.9651603561,0.0363974152,0.0086106109,259.2736973466,1979.9917680467,8.0
6614,0.0,123.277504,2015.169922,1751.853271,-0.2572324253,-0.9656791763,0.0359889966,0.0086549087,259.8090409555,1979.0180234789,8.0
6615,0.0,123.303925,2015.180298,1751.874268,-0.2557116874,-0.9660881813,0.0358491116,0.0086067168,259.066917404,1978.8582275807,8.0
6616,0.0,123.328461,2015.209595,1751.897339,-0.2549590728,-0.9662991283,0.035522751,0.0085085625,257.5625863187,1978.6339643213,8.0
6617,0.0,123.3427355,2015.2266845,1751.909729,-0.2549270813,-0.96631715,0.0352601551,0.0084066688,255.9853894604,1978.3839963881,8.0
6618,0.0,123.350693,2015.310913,1751.927979,-0.2545877612,-0.9664165747,0.0349867971,0.0082186466,252.9985786837,1977.4116838748,8.0
6619,0.0,123.331909,2015.360962,1751.92688,-0.2537489557,-0.9666500408,0.0346289772,0.008164259,252.0871068461,1976.8125371345,8.0
6620,0.0,123.326088,2015.373291,1751.929565,-0.2520399494,-0.9671449345,0.0332646897,0.0082097157,252.7496612602,1976.5359579079,8.0
6621,0.0,123.270088,2015.451172,1751.921875,-0.251174637,-0.9673889012,0.0327110935,0.0082363268,253.1437376853,1976.4302817237,8.0
6622,0.0,123.198242,2015.518188,1751.892334,-0.2493968935,-0.9678944002,0.03133081,0.0083079739,254.2320758189,1976.3856429927,8.0
6623,0.0,123.197792,2015.523193,1751.896729,-0.2477687557,-0.96835596,0.0299562761,0.008396528,255.5454969419,1976.1364295075,8.0
6624,0.0,123.109634,2015.599121,1751.854858,-0.2460840854,-0.9688205525,0.0287986105,0.0085145376,257.3048373732,1975.9631736072,8.0
6625,0.0,123.039497,2015.655273,1751.816772,-0.2455273891,-0.9689883168,0.0278916308,0.0085172899,257.3326774373,1975.8590242407,8.0
6626,0.0,122.978867,2015.693237,1751.780273,-0.245488409,-0.9690008311,0.0277998271,0.0084607827,256.4810541135,1975.8573571391,8.0
6627,0.0,122.902702,2015.740601,1751.732666,-0.245488409,-0.9690008311,0.0277998271,0.0083991592,255.5318622991,1975.7227650537,8.0
6628,0.0,122.843559,2015.779907,1751.693726,-0.245488409,-0.9690008311,0.0277998271,0.0083391781,254.59668673,1975.5291108127,8.0
6629,0.0,122.75145,2015.891968,1751.641357,-0.245488409,-0.9690008311,0.0277998271,0.0082435048,253.0814091216,1975.0867443347,8.0
6630,0.0,122.694435,2015.977051,1751.625244,-0.245488409,-0.9690008311,0.0277998271,0.0081397787,251.4277111368,1974.5921858839,8.0
6631,0.0,122.661926,2016.05835,1751.630737,-0.2453557638,-0.969034426,0.0277998271,0.0080801103,250.4709207941,1974.2981242978,8.0
6632,0.0,122.607628,2016.192505,1751.641113,-0.2452274947,-0.9690668942,0.0277998271,0.0079916791,249.0443431404,1973.840653381,8.0
6633,0.0,122.58741,2016.303101,1751.677368,-0.2452096849,-0.9690714009,0.0277998271,0.0078828418,247.2868833894,1973.3414500311,8.0
6634,0.0,122.571861,2016.412476,1751.718018,-0.2452096849,-0.9690714009,0.0277998271,0.0077741623,245.5205227364,1972.8393228177,8.0
6635,0.0,122.575508,2016.522583,1751.790527,-0.2452096849,-0.9690714009,0.0277998271,0.0076695718,243.8190496125,1972.4290610385,8.0
6636,0.0,122.580154,2016.625732,1751.865356,-0.245299376,-0.9690487014,0.0277998271,0.0075474951,241.8114831176,1971.8846785962,8.0
6637,0.0,122.575218,2016.692505,1751.92041,-0.245368144,-0.9690312913,0.0277998271,0.0074587038,240.3408599237,1971.4794971462,8.0
6638,0.0,122.557266,2016.802246,1752.031128,-0.2453954919,-0.9690243661,0.0277998271,0.0073138235,237.9316012535,1970.8811552741,8.0
6639,0.0,122.541519,2016.837524,1752.074829,-0.2455802627,-0.9689748049,0.0278955562,0.0071682588,235.4752084346,1970.1669832602,8.0
6640,0.0,122.527824,2016.862793,1752.106934,-0.245645541,-0.9689582552,0.0278956609,0.0070936618,234.2252908149,1969.9495483253,8.0
6641,0.0,122.500771,2016.894165,1752.157104,-0.245947741,-0.9688795503,0.0279665111,0.0069579416,231.9464756021,1969.6504294865,8.0
6642,0.0,122.485603,2016.900879,1752.181396,-0.2462465208,-0.9688009209,0.0280611231,0.0067860891,229.0101816279,1969.1012894412,8.0
6643,0.0,122.476402,2016.904175,1752.203613,-0.2465959457,-0.9687092275,0.0281579855,0.0066124966,226.0333601783,1968.7652961098,8.0
6644,0.0,122.470467,2016.901001,1752.22168,-0.2469584823,-0.9686107802,0.0283666086,0.0064226581,222.7319326676,1968.3781657953,8.0
6645,0.0,122.472015,2016.897339,1752.229126,-0.2472958328,-0.9685170212,0.0286277957,0.006268888,220.0175751936,1968.0169049658,8.0
6646,0.0,122.479065,2016.889404,1752.234009,-0.2475990398,-0.9684358829,0.0287516282,0.0060916755,216.8556837985,1967.6589969796,8.0
6647,0.0,122.490005,2016.883057,1752.237793,-0.2478898607,-0.9683556832,0.028946291,0.0059169579,213.6945621228,1967.3091504982,8.0
6648,0.0,122.513283,2016.87915,1752.255005,-0.248144027,-0.9682880566,0.0290306945,0.00562419,208.3139293468,1966.9115041183,8.0
6649,0.0,122.527367,2016.876099,1752.261475,-0.2484133376,-0.9682135447,0.0292120795,0.0054639434,205.3151987608,1966.7404948568,8.0
6650,0.0,122.543221,2016.873535,1752.27002,-0.2491925177,-0.9679995219,0.0296650403,0.0052699264,201.6289481479,1966.56606206,8.0
6651,0.0,122.559143,2016.872925,1752.276123,-0.2497043256,-0.9678633565,0.0298039071,0.0050912854,198.1682721146,1966.3412308356,8.0
6652,0.0,122.576477,2016.873535,1752.278931,-0.2506157457,-0.9676191291,0.0300827031,0.0048831891,194.0615985619,1966.091252717,8.0
6653,0.0,122.595184,2016.873779,1752.284546,-0.2527241111,-0.9670437866,0.0309328062,0.0045947225,188.2466613467,1965.9935207644,8.0
6654,0.0,122.614594,2016.872681,1752.288574,-0.2560133438,-0.966138147,0.0321597375,0.0042474803,181.0060902458,1965.9576421698,8.0
6655,0.0,122.639633,2016.862793,1752.292358,-0.2597499981,-0.9650871835,0.0337144879,0.0038809767,173.0322577112,1965.9086850664,8.0
6656,0.0,122.658279,2016.855103,1752.296875,-0.2627715766,-0.9642159535,0.0351950785,0.0036090025,166.8693353141,1965.8942122823,8.0
6657,0.0,122.678787,2016.848145,1752.303833,-0.2649780696,-0.9635757092,0.036172852,0.0033847018,161.611144191,1965.9112178739,8.0
6658,0.0,122.701378,2016.845093,1752.305664,-0.2686544421,-0.9624932343,0.037836023,0.0030995575,154.669819698,1965.972900254,8.0
6659,0.0,122.714729,2016.848999,1752.309448,-0.2707055468,-0.9618817736,0.0387551368,0.0029151721,150.0098275455,1966.0264616548,8.0
6660,0.0,122.72467,2016.856079,1752.314453,-0.2714745395,-0.9616491816,0.0391462124,0.0027972679,146.9573483349,1966.1343852877,8.0
6661,0.0,122.73394,2016.873047,1752.326294,-0.2715821459,-0.9616165114,0.039202334,0.0026851515,144.0073487935,1966.423201769,8.0
6662,0.0,122.738106,2016.881226,1752.334106,-0.2715821459,-0.9616165114,0.039202334,0.002611949,142.0614746689,1966.8115485805,8.0
6663,0.0,122.743271,2016.89209,1752.348022,-0.2715821459,-0.9616165114,0.039202334,0.0025258231,139.7564627258,1967.5684427607,8.0
6664,0.0,122.743004,2016.897339,1752.35022,-0.2715821459,-0.9616165114,0.039202334,0.0024613509,138.0168967464,1968.3299215677,8.0
6665,0.0,122.742134,2016.903076,1752.353516,-0.2714327202,-0.9616587001,0.039202334,0.0024060005,136.5236640005,1969.2754534689,8.0
6666,0.0,122.740433,2016.90564,1752.358398,-0.2713085419,-0.9616899883,0.0392942943,0.0023416811,134.7777075409,1970.577809672,8.0
6667,0.0,122.73661,2016.90918,1752.362671,-0.2712260367,-0.961713103,0.0392981485,0.0022878264,133.2941727868,1971.6652157543,8.0
6668,0.0,122.730507,2016.915161,1752.369507,-0.271032399,-0.9617676932,0.0392981311,0.0022194367,131.3690367796,1972.8667185301,8.0
6669,0.0,122.727509,2016.919189,1752.373047,-0.2708670695,-0.9618142687,0.0392981311,0.0021676531,129.9021423831,1973.9761729348,8.0
6670,0.0,122.724998,2016.925903,1752.377319,-0.2707547468,-0.9618458934,0.0392981485,0.0021021223,128.022586202,1975.4723967236,8.0
6671,0.0,122.72364,2016.931763,1752.380859,-0.2707512888,-0.9618468675,0.0392981311,0.0020370651,126.1214127351,1976.9362144484,8.0
6672,0.0,122.719864,2016.937866,1752.386963,-0.2706640604,-0.9618714172,0.0392981311,0.0019797867,124.4248365582,1978.3263890219,8.0
6673,0.0,122.716011,2016.945923,1752.391357,-0.2704919135,-0.9619198409,0.0392981485,0.0019239632,122.7569125006,1979.8922946826,8.0
6674,0.0,122.712738,2016.956665,1752.393677,-0.2704746213,-0.961924704,0.0392981311,0.0018703108,121.1426554441,1981.6564407,8.0
6675,0.0,122.707458,2016.967407,1752.397095,-0.2703214205,-0.9619677679,0.0392981311,0.0018350821,120.110282827,1983.520858334,8.0
6676,0.0,122.700775,2016.978271,1752.401489,-0.2700207442,-0.9620560302,0.0392044965,0.0017953373,118.9433916598,1985.8539651031,8.0
6677,0.0,122.695618,2016.983398,1752.404907,-0.2695801241,-0.9621833599,0.0391118732,0.0017711657,118.2618586484,1987.8906782626,8.0
6678,0.0,122.690979,2016.993652,1752.404663,-0.2691426296,-0.9623165036,0.0388483195,0.0017391034,117.3141981087,1990.0398738956,8.0
6679,0.0,122.684677,2017.00415,1752.403809,-0.2688250516,-0.9624140493,0.0386301601,0.0017059645,116.339372941,1992.5628382712,8.0
6680,0.0,122.677757,2017.006714,1752.404663,-0.2684433323,-0.9625238507,0.0385488535,0.0016898552,115.9046858685,1994.5494287868,8.0
6681,0.0,122.666679,2017.012085,1752.408691,-0.2680928963,-0.9626259239,0.0384386479,0.0016677197,115.3070286833,1997.3786047412,8.0
6682,0.0,122.660263,2017.014893,1752.412231,-0.2679131995,-0.9626760603,0.0384359272,0.0016525331,114.9178250555,1999.7550750166,8.0
6683,0.0,122.654213,2017.019653,1752.418213,-0.2679003797,-0.962679628,0.0384359272,0.0016347747,114.4345336572,2002.1228187789,8.0
6684,0.0,122.650482,2017.023926,1752.425171,-0.2679003797,-0.962679628,0.0384359272,0.0016169033,113.9545414723,2004.7039277002,8.0
6685,0.0,122.648781,2017.026855,1752.431396,-0.267737741,-0.962721519,0.0385198502,0.0016079544,113.7773905593,2007.145047451,8.0
6686,0.0,122.643791,2017.02832,1752.435547,-0.2676217667,-0.9627494651,0.0386271604,0.001598576,113.6074781694,2010.013187272,8.0
6687,0.0,122.642448,2017.027832,1752.435791,-0.2675342969,-0.9627666429,0.0388045273,0.0015941717,113.5851529822,2012.3901420336,8.0
8570,0.0,-414.334839,2097.510254,1751.846191,0.99613266,0.0611987573,0.0630431257,,,,
8571,0.0,-414.174637,2097.5200195,1751.846191,0.99613266,0.0611987573,0.0630431257,,,,
8572,0.0,-413.752106,2097.546143,1751.846191,0.99613266,0.0611987573,0.0630431257,,,,
8573,0.0,-413.503662,2097.561279,1751.846191,0.99613266,0.0611987573,0.0630431257,,,,
8574,0.0,-413.178101,2097.581299,1751.846191,0.99613266,0.0611987573,0.0630431257,,,,
8575,0.0,-412.939667,2097.595703,1751.846191,0.99613266,0.0611987573,0.0630431257,,,,
8576,0.0,-412.639404,2097.614502,1751.846191,0.99613266,0.0611987573,0.0630431257,,,,
8577,0.0,-412.353058,2097.631836,1751.846191,0.99613266,0.0611987573,0.0630431257,,,,
8578,0.0,-412.098053,2097.647461,1751.846191,0.99613266,0.0611987573,0.0630431257,,,,
8579,0.0,-412.01358,2097.918945,1751.841431,0.99613266,0.0611987573,0.0630431257,,,,
8580,0.0,-411.774719,2098.276123,1751.820312,0.99613266,0.0611987573,0.0630431257,,,,
8581,0.0,-411.413544,2098.72998,1751.786499,0.99613266,0.0611987573,0.0630431257,,,,
8582,0.0,-410.88681,2099.348633,1751.736084,0.99613266,0.0611987573,0.0630431257,,,,
8583,0.0,-410.309143,2100.007812,1751.679932,0.99613266,0.0611987573,0.0630431257,,,,
8584,0.0,-409.633911,2100.768799,1751.612793,0.99613266,0.0611987573,0.0630431257,,,,
8585,0.0,-408.827576,2101.669434,1751.532104,0.99613266,0.0611987573,0.0630431257,,,,
8586,0.0,-407.773865,2102.832764,1751.426392,0.9961839879,0.0603574891,0.0630431257,,,,
8587,0.0,-406.798248,2103.911621,1751.327515,0.9961908762,0.0602436929,0.0630431257,,,,
8588,0.0,-405.576508,2105.254639,1751.203003,0.9962395609,0.0594331694,0.0630431257,,,,
8589,0.0,-404.26355,2106.700684,1751.068481,0.9962481756,0.0592885904,0.0630431257,,,,
8590,0.0,-403.090332,2107.99292,1750.947754,0.9962481756,0.0592885904,0.0630431257,,,,
8591,0.0,-401.589722,2109.634521,1750.793579,0.996295482,0.0584882626,0.0630431257,,,,
8592,0.0,-399.900177,2111.466064,1750.703735,0.9963522182,0.056483017,0.0639681642,,,,
8593,0.0,-398.608551,2112.863037,1750.699219,0.9964383101,0.0549063087,0.0639999337,,,,
8594,0.0,-396.995361,2114.834961,1750.701538,0.9966003217,0.0518826302,0.0639999337,,,,
8595,0.0,-395.54483,2116.908691,1750.701538,0.996785605,0.0469435751,0.0649211708,,,,
8596,0.0,-394.424072,2118.699707,1750.701538,0.9970856906,0.0386619377,0.0657676227,,,,
8597,0.0,-393.147827,2120.95166,1750.701538,0.9974915744,0.0258067571,0.065913355,,,,
8598,0.0,-392.081573,2123.041748,1750.701538,0.9976944297,0.0122763515,0.0667466558,,,,
8599,0.0,-390.925812,2125.472412,1750.701538,0.9977321428,-0.0076797723,0.0668699665,,,,
8600,0.0,-389.88678,2127.821533,1750.701538,0.9973102438,-0.0300114177,0.0668699665,,,,
8601,0.0,-388.952576,2130.101318,1750.701538,0.9963407261,-0.0520908764,0.0677620704,,,,
8602,0.0,-388.199615,2132.238281,1750.701538,0.995619721,-0.0635360313,0.0685896779,,,,
8603,0.0,-387.408783,2134.405273,1750.701538,0.9940920443,-0.0836415686,0.0691743848,,,,
8604,0.0,-386.443329,2137.35498,1750.701538,0.991950716,-0.1057371246,0.0696666164,,,,
8605,0.0,-385.59668,2139.909424,1750.701538,0.9888687594,-0.1310110299,0.0705314585,,,,
8606,0.0,-384.808594,2142.343262,1750.701538,0.9850833539,-0.1568849462,0.0706958237,,,,
8607,0.0,-383.167084,2147.566406,1750.701538,0.9741736524,-0.2144476462,0.0706958412,,,,
8608,0.0,-382.707413,2149.0895995,1750.701538,0.9706959432,-0.2293134098,0.0702241988,,,,
8609,0.0,-381.580414,2152.897705,1750.701538,0.9627145003,-0.2615871063,0.0689418351,,,,
8610,0.0,-380.757263,2155.790283,1750.701538,0.9583614487,-0.277150189,0.068783039,,,,
8611,0.0,-379.945374,2158.724609,1750.701538,0.9564735414,-0.2838067367,0.0679124499,,,,
8612,0.0,-379.169647,2161.47168,1750.701538,0.9544158487,-0.2906715485,0.0678265339,,,,
8613,0.0,-378.390381,2164.190918,1750.701538,0.9525713265,-0.2968368725,0.0670502723,,,,
8614,0.0,-377.41217,2167.517578,1750.701538,0.9494616557,-0.3068775087,0.0659451205,,,,
8615,0.0,-376.550507,2170.396484,1750.701538,0.9469000001,-0.3150790793,0.0640746721,,,,
8616,0.0,-375.535889,2173.205811,1750.701538,0.9441819397,-0.3233301345,0.0630720928,,,,
8617,0.0,-374.456818,2175.878662,1750.701538,0.9425840744,-0.3279646734,0.0630431257,,,,
8618,0.0,-373.481354,2178.108887,1750.701538,0.9417779079,-0.330420854,0.062260995,,,,
8619,0.0,-372.082672,2180.882812,1750.701538,0.9401624368,-0.3351880855,0.061184473,,,,
8620,0.0,-370.657562,2183.302979,1750.701538,0.9379804075,-0.3415998041,0.0591804776,,,,
8621,0.0,-369.27066,2185.380371,1750.701538,0.9365124242,-0.345757285,0.0582784629,,,,
8622,0.0,-368.005219,2187.115723,1750.701538,0.9341774705,-0.3523487518,0.0562388721,,,,
8623,0.0,-366.075562,2189.512207,1750.701538,0.9317936133,-0.3588685423,0.0545346825,,,,
8624,0.0,-363.925842,2191.924805,1750.701538,0.9281940092,-0.3685086689,0.0515484461,,,,
8625,0.0,-362.4245,2193.453125,1750.701538,0.9238152759,-0.3796547693,0.0492706024,,,,
8626,0.0,-360.350739,2195.450684,1750.701538,0.9198009662,-0.3894609901,0.0478154762,,,,
8627,0.0,-358.303955,2197.271973,1750.701538,0.916168577,-0.3980428127,0.0468727826,,,,
8628,0.0,-355.743805,2199.389648,1750.701538,0.9108304871,-0.4102394788,0.0457317596,,,,
8629,0.0,-354.09024,2200.667236,1750.701538,0.9076142438,-0.417384115,0.0450209393,,,,
8630,0.0,-351.458374,2202.591309,1750.701538,0.9021200104,-0.4291575464,0.0447580961,,,,
8631,0.0,-349.049652,2204.248779,1750.701538,0.8985779894,-0.4366123593,0.0439003952,,,,
8632,0.0,-347.159027,2205.460205,1750.701538,0.8929980062,-0.4479881991,0.0431408675,,,,
8633,0.0,-344.515625,2207.091064,1750.701538,0.8865290064,-0.460685188,0.0428424829,,,,
8634,0.0,-342.061768,2208.658447,1750.701538,0.8777698757,-0.4772981364,0.0413102205,,,,
8635,0.0,-339.731689,2210.353027,1750.701538,0.8717314226,-0.4882717828,0.0409266774,,,,
8636,0.0,-337.256104,2212.324463,1750.701538,0.8660261517,-0.4983208922,0.0409266774,,,,
8637,0.0,-335.439148,2213.87207,1750.701538,0.8644875148,-0.5009853715,0.0409266948,,,,
8638,0.0,-333.009888,2216.043701,1750.701538,0.8625423644,-0.5043889169,0.0401558238,,,,
8639,0.0,-330.649597,2218.279297,1750.701538,0.8621709188,-0.5050384227,0.0399687177,,,,
8640,0.0,-329.09613,2219.702148,1750.701538,0.8615034503,-0.5061761618,0.0399687177,,,,
8641,0.0,-327.302032,2221.231201,1750.701538,0.8608484283,-0.5073474737,0.0392240292,,,,
8642,0.0,-325.962036,2222.259766,1750.701538,0.860747368,-0.5075353493,0.0390107388,,,,
8643,0.0,-324.980743,2222.916992,1750.701538,0.8604549147,-0.508031005,0.0390107388,,,,
8644,0.0,-323.9039,2223.462158,1750.701538,0.8602603847,-0.5083603375,0.0390107388,,,,
8645,0.0,-323.416748,2226.648438,1747.221191,0.8602603847,-0.5083603375,0.0390107388,,,,
8646,0.0,-322.910034,2226.327881,1747.444092,0.8602603847,-0.5083603375,0.0390107388,,,,
8647,0.0,-323.659973,2226.48584,1748.428589,0.8602603847,-0.5083603375,0.0390107388,,,,
8648,0.0,-323.629547,2226.100342,1748.913574,0.8602603847,-0.5083603375,0.0390107388,,,,
8649,0.0,-323.478699,2225.63501,1749.152344,0.8602889024,-0.5083771897,0.0381528157,,,,
8650,0.0,-323.38028,2225.200195,1749.074097,0.8602921887,-0.5083791317,0.0380527066,,,,
8651,0.0,-323.880188,2223.944336,1749.254517,0.8602921887,-0.5083791317,0.0380527066,,,,
8652,0.0,-324.1085665,2223.3323975,1749.414551,0.8602921887,-0.5083791317,0.0380527066,,,,
8653,0.0,-324.336945,2222.720459,1749.574585,0.8602921887,-0.5083791317,0.0380527066,,,,
8654,0.0,-324.346161,2220.986816,1747.919312,0.8602921887,-0.5083791317,0.0380527066,,,,
8655,0.0,-324.595154,2220.140625,1747.990906,0.8602921887,-0.5083791317,0.0380527066,,,,
8656,0.0,-325.042511,2218.000244,1748.191162,0.8602921887,-0.5083791317,0.0380527066,,,,
8657,0.0,-325.0570375,2217.3218995,1748.262329,0.8601847646,-0.5085775944,0.0378272319,,,,
8658,0.0,-324.914673,2215.39502,1748.619629,0.8598963381,-0.5091097951,0.0372223615,,,,
8659,0.0,-324.617004,2213.784912,1748.934082,0.8571505575,-0.5137914523,0.0362113985,,,,
8660,0.0,-324.43161,2212.871582,1749.422119,0.853635894,-0.5197029658,0.0348509363,,,,
8661,0.0,-324.08902,2211.755127,1750.099365,0.8478909095,-0.5291652232,0.032636974,,,,
8662,0.0,-323.612854,2211.313477,1750.314697,0.8449339962,-0.5339329197,0.0316572166,,,,
8663,0.0,-323.001678,2210.78833,1750.855713,0.8404357868,-0.5410570267,0.0304135185,,,,
8664,0.0,-321.881073,2210.445557,1750.50061,0.8390303199,-0.5432354309,0.0303873157,,,,
8665,0.0,-321.026215,2210.591064,1750.571045,0.8380862225,-0.5446908249,0.0303873157,,,,
8666,0.0,-320.079193,2210.879639,1750.215454,0.8363841632,-0.5473350796,0.029763102,,,,
8667,0.0,-319.355347,2211.959961,1750.512695,0.8345791641,-0.5501365961,0.0287635962,,,,
8668,0.0,-318.049103,2213.640137,1750.716919,0.8319958594,-0.5540508194,0.0284706755,,,,
8669,0.0,-317.071503,2214.748291,1750.886719,0.8279945377,-0.5600579168,0.0275712766,,,,
8670,0.0,-315.913605,2216.030273,1750.898193,0.8258547861,-0.5632112794,0.0275123069,,,,
8671,0.0,-314.905365,2217.102539,1750.883545,0.8243585573,-0.5653990113,0.0275123069,,,,
8672,0.0,-313.14621,2219.245361,1750.90686,0.8223906655,-0.5682575704,0.0275123069,,,,
8673,0.0,-312.018829,2220.732422,1750.980469,0.8201994845,-0.5714156793,0.0275123069,,,,
8674,0.0,-310.908203,2222.207275,1751.042603,0.8185160261,-0.5738245272,0.0275123069,,,,
8675,0.0,-309.213287,2224.376221,1751.116821,0.8158655809,-0.5775867267,0.0275123069,,,,
8676,0.0,-308.316986,2225.506348,1751.158813,0.8149594253,-0.5788645853,0.0275123069,,,,
8677,0.0,-307.192596,2226.831299,1751.13855,0.8133814193,-0.5810798049,0.0275123069,,,,
8678,0.0,-305.496429,2228.746582,1751.073975,0.811464332,-0.5837539814,0.0275123069,,,,
8679,0.0,-304.165924,2230.260986,1751.059692,0.8101996499,-0.5855079848,0.0275123069,,,,
8680,0.0,-303.527222,2231.085938,1751.120605,0.8084055093,-0.5879826575,0.0275123069,,,,
8681,0.0,-302.659027,2232.202148,1751.191772,0.8073538599,-0.5894258375,0.0275123069,,,,
8682,0.0,-302.242188,2232.803223,1751.285522,0.8069028805,-0.5900430615,0.0275123069,,,,
8683,0.0,-301.542053,2233.69873,1751.348022,0.8067685402,-0.5902267323,0.0275123069,,,,
8684,0.0,-301.1633,2234.22876,1751.421143,0.8067685402,-0.5902267323,0.0275123069,,,,
8685,0.0,-300.621094,2234.927979,1751.479736,0.8067685402,-0.5902267323,0.0275123069,,,,
8686,0.0,-300.20401,2235.497559,1751.560425,0.8067685402,-0.5902267323,0.0275123069,,,,
8687,0.0,-299.971985,2235.845459,1751.629883,0.8067685402,-0.5902267323,0.0275123069,,,,
8688,0.0,-299.611877,2236.304688,1751.682983,0.8067685402,-0.5902267323,0.0275123069,,,,
8689,0.0,-299.417877,2236.544678,1751.708374,0.8067685402,-0.5902267323,0.0275123069,,,,
8690,0.0,-299.186707,2236.841553,1751.752441,0.8067685402,-0.5902267323,0.0275123069,,,,
8691,0.0,-299.328217,2236.915771,1752.040161,0.8067685402,-0.5902267323,0.0275123069,,,,
8692,0.0,-299.349243,2236.978027,1752.131226,0.8067685402,-0.5902267323,0.0275123069,,,,
8693,0.0,-299.4155425,2236.9420165,1752.186829,0.8067685402,-0.5902267323,0.0275123069,,,,
8694,0.0,-299.481842,2236.906006,1752.242432,0.8067685402,-0.5902267323,0.0275123069,,,,
8695,0.0,-299.352234,2236.970459,1752.237915,0.8067685402,-0.5902267323,0.0275123069,0.1498876091,73.7267919941,140.0049579056,8.0
8696,0.0,-299.200836,2236.9211425,1752.2386475,0.8067685402,-0.5902267323,0.0275123069,0.1485154241,74.4296768892,141.9485566315,8.0
8697,0.0,-299.049438,2236.871826,1752.23938,0.8067685402,-0.5902267323,0.0275123069,0.1471432391,75.1325617843,143.8921553573,8.0
8698,0.0,-298.442871,2236.449219,1752.207153,0.8067685402,-0.5902267323,0.0275123069,0.1461623572,77.3838177244,148.6608235366,8.0
8699,0.0,-298.1150665,2235.9870605,1752.1365965,0.8067685402,-0.5902267323,0.0275123069,0.1463422455,78.4920788267,150.7033690394,8.0
8700,0.0,-297.236115,2234.590332,1751.87793,0.8067685402,-0.5902267323,0.0275123069,0.1475811326,81.0149998693,154.946017523,8.0
8701,0.0,-296.624603,2233.140869,1751.729492,0.8067685402,-0.5902267323,0.0275123069,0.1493828264,83.0974363218,158.0443574937,8.0
8702,0.0,-296.183868,2231.92041,1751.634644,0.8067685402,-0.5902267323,0.0275123069,,,,
8703,0.0,-295.432678,2229.836914,1751.410522,0.8067685402,-0.5902267323,0.0275123069,,,,
8704,0.0,-294.931641,2228.091064,1751.233154,0.8067685402,-0.5902267323,0.0275123069,,,,
8705,0.0,-294.53244,2226.492676,1751.165161,0.8067685402,-0.5902267323,0.0275123069,,,,
8706,0.0,-293.968323,2225.128418,1750.890259,0.8067685402,-0.5902267323,0.0275123069,,,,
8707,0.0,-293.990234,2223.839111,1750.809937,0.8067685402,-0.5902267323,0.0275123069,,,,
8708,0.0,-293.198425,2223.086182,1750.370361,0.8067685402,-0.5902267323,0.0275123069,,,,
8709,0.0,-292.284302,2222.669434,1749.895386,0.8067685402,-0.5902267323,0.0275123069,,,,
8710,0.0,-290.821259,2222.487793,1749.168457,0.8067685402,-0.5902267323,0.0275123069,0.1496646589,93.8125292776,178.2690676443,8.0
8711,0.0,-290.005219,2222.165039,1748.865479,0.8067685402,-0.5902267323,0.0275123069,0.1472040533,93.9197443135,179.838727669,8.0
8712,0.0,-289.074463,2222.289551,1748.914429,0.8067685402,-0.5902267323,0.0275123069,0.1423229651,93.8163938312,182.4551547153,8.0
8713,0.0,-288.356537,2222.542969,1749.225342,0.8067685402,-0.5902267323,0.0275123069,0.1374240525,93.7571140952,185.317255674,8.0
8714,0.0,-288.082458,2222.852783,1749.670654,0.8067685402,-0.5902267323,0.0275123069,0.1335493644,93.7781445238,187.8332482355,8.0
8715,0.0,-287.635376,2223.012939,1749.801514,0.8067685402,-0.5902267323,0.0275123069,0.130100006,93.7708679176,190.1166212209,8.0
8716,0.0,-287.253754,2223.278809,1750.287598,0.8067685402,-0.5902267323,0.0275123069,0.1252825511,94.0143058943,193.9906236081,8.0
8717,0.0,-286.912689,2223.313232,1750.467896,0.8067685402,-0.5902267323,0.0275123069,0.1224967369,94.1890652501,196.4028912163,8.0
8718,0.0,-286.726044,2223.33667,1750.519653,0.8067685402,-0.5902267323,0.0275123069,0.1198982258,94.4081973496,198.8440715627,8.0
8719,0.0,-286.601013,2223.328125,1750.532837,0.8067685402,-0.5902267323,0.0275123069,0.1168872706,94.9927351434,202.4737023298,8.0
8720,0.0,-286.573578,2223.319824,1750.56311,0.8067685402,-0.5902267323,0.0275123069,0.115276889,95.5148850245,204.9161347635,8.0
8721,0.0,-286.578766,2223.328125,1750.662964,0.8067685402,-0.5902267323,0.0275123069,0.1129371547,96.3531081236,208.7152227335,8.0
8722,0.0,-286.581024,2223.330566,1750.70105,0.8071383976,-0.5897208493,0.0275123069,0.1111617077,96.7976988477,211.2467513115,8.0
8723,0.0,-286.60672,2223.338867,1750.769043,0.807678357,-0.5889811072,0.0275123069,0.109017589,97.5017624936,214.743701736,8.0
8724,0.0,-286.677765,2223.349854,1750.848633,0.8080900352,-0.5884286062,0.0272446389,0.10757565,98.0499190535,217.3106377506,8.0
8725,0.0,-286.772461,2223.363281,1750.939453,0.809220945,-0.5868917651,0.0268238368,0.1054196613,98.4354091068,220.2591857043,8.0
8726,0.0,-286.918182,2223.412842,1751.05603,0.811571514,-0.5836603905,0.0263101932,0.1017572806,98.6118363917,224.3729143286,8.0
8727,0.0,-286.992981,2223.441895,1751.113647,0.8135108723,-0.5809726146,0.0259013845,0.099034599,98.5782104479,227.1958268395,8.0
8728,0.0,-287.117676,2223.545898,1751.236206,0.8167130858,-0.5764841558,0.0254116842,0.0949387976,98.3300458443,231.2117558937,8.0
8729,0.0,-287.223816,2223.636475,1751.348755,0.8186977914,-0.5736791012,0.025024292,0.0923458964,98.2099410824,233.9897504403,8.0
8730,0.0,-287.427582,2223.920898,1751.644043,0.821489473,-0.5696940918,0.0245700527,0.0884936322,97.8762874382,237.976242351,8.0
8731,0.0,-287.399628,2223.881592,1751.608643,0.8227824378,-0.5678263715,0.0245412285,0.0866641097,98.0565274982,240.8026491245,8.0
8732,0.0,-287.452728,2224.065918,1751.764404,0.8243419445,-0.5655804284,0.0240652782,0.0840441518,98.2996892789,244.9659077952,8.0
8733,0.0,-287.288239,2224.268311,1751.850952,0.8246411113,-0.5651442806,0.024061998,0.0820641808,99.5277650896,250.870963515,8.0
8734,0.0,-287.2594455,2224.284302,1751.85437,0.8247097302,-0.5650441278,0.024061998,0.0815498633,100.0565619109,252.9716978656,8.0
8735,0.0,-287.230652,2224.300293,1751.857788,0.8247783492,-0.5649439751,0.024061998,0.0810355458,100.5853587321,255.0724322162,8.0
8736,0.0,-287.072998,2224.33374,1751.886108,0.8247840976,-0.5649355827,0.024061998,0.0792581712,101.6549390858,260.5385331658,8.0
8737,0.0,-286.609741,2224.630859,1751.571777,0.8247840976,-0.5649355827,0.024061998,0.0771112571,101.6184834108,263.8983889086,8.0
8738,0.0,-286.527802,2224.659424,1751.496582,0.8247840976,-0.5649355827,0.024061998,0.0757263948,101.7745910523,266.6136091425,8.0
8739,0.0,-286.465302,2224.666748,1751.436279,0.8247840976,-0.5649355827,0.024061998,0.0737815388,101.8523498185,270.1745446661,8.0
8740,0.0,-286.4805455,2224.6378175,1751.4349975,0.8247840976,-0.5649355827,0.024061998,0.0728521635,101.8436674862,271.8197049956,8.0
8741,0.0,-286.485931,2224.543701,1751.412964,0.8247840976,-0.5649355827,0.024061998,0.0704166637,101.7059787131,275.9160672377,8.0
8742,0.0,-286.502014,2224.430176,1751.375,0.8243073698,-0.5656309577,0.024061998,0.0691668441,101.6973874882,278.2841314013,8.0
8743,0.0,-286.5224,2224.193848,1751.291748,0.8206206147,-0.5709484054,0.0244892857,0.0693008121,103.0058658513,281.6018400111,8.0
8744,0.0,-286.604279,2223.98877,1751.225098,0.8161203992,-0.577333695,0.0251654272,0.0705945541,104.7590807886,283.8535494299,8.0
8745,0.0,-286.663757,2223.497803,1751.075317,0.7884830144,-0.6143748722,0.0289491347,0.0861788605,116.5066557555,286.8796147678,8.0
8746,0.0,-286.607117,2223.120361,1750.842041,0.7431773261,-0.6683517993,0.0315172063,0.1149039172,134.4829811019,288.9569634335,8.0
8747,0.0,-287.61322,2221.958984,1750.459106,0.6226146182,-0.7816005596,0.0380999009,,,,
8748,0.0,-288.752808,2221.137451,1750.010498,0.539927201,-0.840578676,0.043658986,,,,
8749,0.0,-290.792572,2219.941406,1749.604248,0.4281247821,-0.9022973874,0.0506813147,,,,
8750,0.0,-292.509979,2219.330078,1749.302734,0.3337332889,-0.9410448564,0.0552871612,,,,
8751,0.0,-295.910645,2218.843994,1748.907593,0.0834522126,-0.994165682,0.068339776,0.004982123,277.8375281146,2786.8287920192,2.0
8752,0.0,-298.058746,2217.808105,1748.565552,-0.0091927912,-0.9972511693,0.0735227717,0.0129141007,446.2650069423,2785.8159975882,2.0
8753,0.0,-300.168549,2216.923828,1748.401245,-0.0783262793,-0.9938981796,0.0776621045,0.0245853073,613.7447304776,2784.9718905028,2.0
8754,0.0,-303.399353,2215.523926,1748.306274,-0.1549978354,-0.9846717491,0.0799826072,0.0431501541,808.8824409053,2783.6554640856,2.0
8755,0.0,-305.498566,2214.578613,1748.431763,-0.1599519404,-0.9838724611,0.0800647052,0.0446084552,821.8493439119,2782.7023488043,2.0
8756,0.0,-308.195343,2213.228271,1748.707886,-0.1599519404,-0.9838724611,0.0800647052,0.0445737781,820.6822556523,2779.8067349406,2.0
8757,0.0,-309.7995,2212.355469,1749.054565,-0.1599519404,-0.9838724611,0.0800647052,0.044546896,820.0009016638,2778.3176855466,2.0
8758,0.0,-311.980774,2210.280029,1749.407349,-0.1599519404,-0.9838724611,0.0800647052,0.0445291118,819.154981373,2775.9931034343,2.0
8759,0.0,-313.629181,2208.361572,1749.549561,-0.1599519404,-0.9838724611,0.0800647052,,,,
8760,0.0,-315.383362,2206.706299,1749.551392,-0.1599519404,-0.9838724611,0.0800647052,,,,
8761,0.0,-317.199768,2204.874268,1749.560669,-0.1599519404,-0.9838724611,0.0800647052,,,,
8762,0.0,-318.927429,2202.745361,1749.574951,-0.1599519404,-0.9838724611,0.0800647052,,,,
8763,0.0,-321.062042,2199.748047,1749.594482,-0.1599519404,-0.9838724611,0.0800647052,,,,
8764,0.0,-322.411377,2197.587891,1749.605835,-0.1599519404,-0.9838724611,0.0800647052,,,,
8765,0.0,-324.210175,2194.111572,1749.643799,-0.1599519404,-0.9838724611,0.0800647052,,,,
8766,0.0,-325.476013,2191.743896,1749.700317,-0.1599519404,-0.9838724611,0.0800647052,,,,
8767,0.0,-326.840088,2188.570801,1749.835083,-0.1635803642,-0.9832757026,0.0800647052,,,,
8768,0.0,-327.998291,2185.650879,1749.930298,-0.1668270718,-0.9827300587,0.0800647226,,,,
8769,0.0,-329.058807,2182.759277,1750.071167,-0.1741504604,-0.9815135534,0.0793899341,,,,
8770,0.0,-329.904144,2180.00708,1750.146973,-0.1732306481,-0.9818541987,0.0771587655,,,,
8771,0.0,-330.49939,2175.499268,1750.333618,-0.1634579562,-0.9837431454,0.0743701589,,,,
8772,0.0,-331.244415,2172.727783,1750.371826,-0.1565744717,-0.9849321722,0.0734373948,,,,
8773,0.0,-332.74646,2167.615967,1750.493408,-0.1293247166,-0.9893184776,0.0672611893,,,,
8774,0.0,-333.198761,2166.057495,1750.524536,-0.1184212248,-0.9907659632,0.0650646897,,,,
8775,0.0,-333.651062,2164.499023,1750.555664,-0.1075177329,-0.9922134487,0.06286819,,,,
8776,0.0,-334.662872,2160.878662,1750.645752,-0.0769956605,-0.995448738,0.0561558386,,,,
8777,0.0,-335.292542,2158.665527,1750.638184,-0.0599817407,-0.9968133488,0.0525864844,,,,
8778,0.0,-335.763885,2157.14917,1750.660767,-0.0557446072,-0.997078148,0.0522274407,,,,
8779,0.0,-336.0987395,2156.0455325,1750.6361085,-0.0541821041,-0.9971868797,0.0517683549,,,,
8780,0.0,-336.819611,2153.624023,1750.686157,-0.0503133225,-0.9974546226,0.0505256914,,,,
8781,0.0,-337.0799105,2152.781372,1750.741089,-0.0495348301,-0.9974986699,0.0504190916,,,,
8782,0.0,-337.475739,2150.880859,1751.223267,-0.0487186268,-0.9975445597,0.0503124917,,,,
8783,0.0,-337.42099,2150.13208,1751.3856205,-0.0487186268,-0.9975445597,0.0503124917,,,,
8784,0.0,-337.074371,2148.293945,1751.79248,-0.0487186268,-0.9975445597,0.0503124917,,,,
8785,0.0,-336.467621,2146.712158,1751.48291,-0.0487186268,-0.9975445597,0.0503124917,,,,
8786,0.0,-335.751617,2145.180176,1750.959106,-0.0487186268,-0.9975445597,0.0503124917,,,,
8787,0.0,-334.877869,2143.823975,1750.576294,-0.0480803093,-0.9976076287,0.0496719549,,,,
8788,0.0,-333.396332,2141.949951,1749.858643,-0.0468696387,-0.9976809746,0.0493549387,,,,
8789,0.0,-332.381042,2141.426025,1749.909058,-0.0430290259,-0.9978539938,0.0493549387,,,,
8790,0.0,-331.717453,2141.821411,1750.134827,-0.0396791262,-0.997987183,0.0493549387,,,,
8791,0.0,-331.060577,2143.45874,1750.916748,-0.0300112928,-0.9983742437,0.0484581459,,,,
8792,0.0,-331.237732,2144.260498,1751.21106,-0.0202279636,-0.998623315,0.0483973577,,,,
8793,0.0,-331.812225,2145.794189,1751.771973,-0.0102079879,-0.9987759973,0.0483973577,,,,
8794,0.0,-332.267181,2145.770752,1751.770752,0.0037511723,-0.9988211174,0.0483973577,,,,
8795,0.0,-332.679688,2145.737305,1751.770874,0.0166344663,-0.9986896366,0.0483973577,,,,
8796,0.0,-333.204987,2145.64502,1751.765503,0.0221472706,-0.9985825926,0.0483973577,,,,
8797,0.0,-333.787872,2145.448975,1751.700439,0.0273512345,-0.9984536072,0.0483973577,,,,
8798,0.0,-334.733337,2145.164062,1751.484497,0.0353672896,-0.9982018086,0.0483973577,,,,
8799,0.0,-335.635132,2145.106445,1751.307983,0.0442402162,-0.9978479338,0.0483973577,,,,
8800,0.0,-336.620941,2145.202148,1751.071655,0.0499700669,-0.9975774096,0.0483973577,,,,
8801,0.0,-337.339905,2145.626465,1750.921143,0.052251386,-0.9974605197,0.0483973577,,,,
8802,0.0,-338.005249,2146.557373,1750.809692,0.0537695786,-0.9973798315,0.0483973577,,,,
8803,0.0,-338.139801,2146.792725,1750.839722,0.053791895,-0.9973786281,0.0483973577,,,,
8804,0.0,-338.72052,2147.528564,1751.057007,0.053791895,-0.9973786281,0.0483973577,,,,
8805,0.0,-338.789612,2147.919678,1751.230103,0.053791895,-0.9973786281,0.0483973577,,,,
8806,0.0,-338.313293,2148.271973,1751.025757,0.053791895,-0.9973786281,0.0483973577,,,,
8807,0.0,-337.593109,2148.297607,1750.561035,0.053791895,-0.9973786281,0.0483973577,,,,
8808,0.0,-336.291351,2148.266357,1749.808228,0.054657395,-0.9973315722,0.0483973577,,,,
8809,0.0,-336.042511,2148.943115,1750.1604,0.0554419685,-0.9972882652,0.0483973577,,,,
8810,0.0,-336.435089,2150.026611,1750.900024,0.0574482926,-0.9971747036,0.0483973577,,,,
8811,0.0,-337.023254,2151.154297,1751.838989,0.061180239,-0.996917754,0.0491118128,,,,
8812,0.0,-337.447906,2151.418701,1752.062866,0.0649713324,-0.9966658497,0.0493549387,,,,
8813,0.0,-337.632965,2151.264648,1751.967407,0.0693239966,-0.9963725567,0.0493549561,,,,
8814,0.0,-337.901031,2151.083252,1751.529297,0.0738148485,-0.9960499267,0.0493549561,,,,
8815,0.0,-336.630432,2150.244141,1749.747437,0.078258866,-0.9956664256,0.0502386182,,,,
8816,0.0,-337.325287,2149.955322,1749.699097,0.0832628674,-0.9952567238,0.0503125091,,,,
8817,0.0,-338.388794,2149.606201,1748.395142,0.0927296728,-0.9943803646,0.0510773748,,,,
8818,0.0,-340.965027,2149.968262,1748.585815,0.1086844999,-0.9926855009,0.052565918,,,,
8819,0.0,-342.027344,2150.100464,1748.510376,0.1141333247,-0.9920421254,0.0528753852,,,,
8820,0.0,-343.089661,2150.232666,1748.434937,0.1195821495,-0.9913987498,0.0531848523,,,,
8821,0.0,-346.407532,2150.85376,1748.928589,0.1353901007,-0.9893119534,0.054142215,,,,
8822,0.0,-347.587555,2150.8719485,1748.998169,0.142088325,-0.9883231676,0.0546091782,,,,
8823,0.0,-348.767578,2150.890137,1749.067749,0.1487865493,-0.9873343818,0.0550761413,,,,
8824,0.0,-352.620148,2150.906494,1749.414673,0.1542455102,-0.9864949906,0.0550995106,,,,
8825,0.0,-354.894684,2150.759521,1749.514282,0.1554284193,-0.9863093077,0.0550995106,,,,
8826,0.0,-357.188873,2150.532471,1749.515381,0.1562900584,-0.9861731398,0.0550995106,,,,
8827,0.0,-359.754242,2150.258057,1749.504272,0.1572163029,-0.9860259003,0.055099528,,,,
8828,0.0,-361.4834595,2149.9991455,1749.5068355,0.1578471866,-0.985924896,0.0550995193,,,,
8829,0.0,-365.602448,2149.365234,1749.597412,0.1600395962,-0.9855715964,0.0550995106,,,,
8830,0.0,-368.057312,2148.967773,1749.694946,0.160412289,-0.9855110053,0.0550995106,,,,
8831,0.0,-370.566711,2148.558838,1749.87146,0.1609966276,-0.9854157142,0.0550995106,,,,
8832,0.0,-374.259521,2147.542236,1750.140137,0.1613570681,-0.985356758,0.0550995106,,,,
8833,0.0,-376.681458,2146.50293,1750.310181,0.1622414818,-0.9852115232,0.0550995106,,,,
8834,0.0,-379.147827,2145.466553,1750.332642,0.1623016818,-0.9852016078,0.0550995106,,,,
8835,0.0,-381.77301,2144.317871,1750.261841,0.1631594621,-0.9850599138,0.0550995106,,,,
8836,0.0,-384.047852,2143.178223,1750.13855,0.164055114,-0.9849562576,0.0542871083,,,,
8837,0.0,-386.388397,2142.031006,1750.126465,0.1649375791,-0.9848168446,0.0541421976,,,,
8838,0.0,-388.444397,2140.820312,1749.957153,0.1664394203,-0.984564138,0.0541421976,,,,
8839,0.0,-391.599792,2139.054932,1749.938354,0.1670313233,-0.9844638935,0.054142215,,,,
8840,0.0,-393.891571,2137.755371,1749.792603,0.1670313233,-0.9844638935,0.054142215,,,,
8841,0.0,-395.906464,2136.232666,1749.492188,0.1677139026,-0.9843853434,0.0534559869,,,,
8842,0.0,-398.514801,2133.896484,1749.018311,0.1679837333,-0.9843540201,0.0531848523,,,,
8843,0.0,-400.149567,2131.928467,1748.65686,0.1679837333,-0.9843540201,0.0531848523,,,,
8844,0.0,-401.355377,2129.995361,1748.313843,0.1679837333,-0.9843540201,0.0531848523,,,,
8845,0.0,-402.142334,2128.814209,1748.099487,0.1679837333,-0.9843540201,0.0531848523,,,,
8846,0.0,-402.496246,2127.057129,1748.021606,0.1679837333,-0.9843540201,0.0531848523,,,,
8847,0.0,-402.674774,2125.845703,1748.289795,0.1687727495,-0.984219046,0.0531848523,,,,
8848,0.0,-402.976746,2124.527588,1748.552612,0.1689345728,-0.9842343055,0.0523826495,,,,
8849,0.0,-403.305756,2123.617188,1748.858643,0.168935948,-0.9842423177,0.0522274407,,,,
8850,0.0,-403.726929,2122.302002,1749.095459,0.168935948,-0.9842423177,0.0522274407,,,,
8851,0.0,-403.986053,2121.533936,1749.44751,0.168935948,-0.9842423177,0.0522274407,,,,
8852,0.0,-404.372009,2120.512939,1749.820801,0.168935948,-0.9842423177,0.0522274407,,,,
8853,0.0,-404.836548,2119.838379,1750.114868,0.168935948,-0.9842423177,0.0522274407,,,,
8854,0.0,-405.118256,2119.312744,1750.248901,0.1695289675,-0.9841544422,0.0519611688,,,,
8855,0.0,-405.804352,2118.482178,1750.680542,0.1705981076,-0.9840414426,0.0505838411,,,,
8856,0.0,-406.453552,2118.026123,1751.144653,0.1706493776,-0.9840366543,0.0505039898,,,,
8857,0.0,-406.762543,2117.65918,1751.360962,0.1712564463,-0.9839623549,0.0498930231,,,,
8858,0.0,-407.08728,2117.047363,1751.428833,0.1719765546,-0.9838494372,0.0496422163,,,,
8859,0.0,-407.258057,2116.750732,1751.36438,0.1726833223,-0.9837612392,0.0489315278,,,,
8860,0.0,-407.406189,2116.578613,1751.342407,0.1727385456,-0.9837542964,0.0488761625,,,,
8861,0.0,-407.47229,2116.5319825,1751.351013,0.1727385456,-0.9837542964,0.0488761625,,,,
8862,0.0,-407.608276,2116.436035,1751.370483,0.1727385456,-0.9837542964,0.0488761625,,,,
8863,0.0,-407.6735535,2116.420166,1751.3879395,0.1727385456,-0.9837542964,0.0488761625,,,,
8864,0.0,-407.878876,2116.393311,1751.437134,0.1727385456,-0.9837542964,0.0488761625,,,,
8865,0.0,-407.9875945,2116.4237065,1751.471924,0.1727385456,-0.9837542964,0.0488761625,,,,
8866,0.0,-408.096313,2116.454102,1751.506714,0.1727385456,-0.9837542964,0.0488761625,,,,
8867,0.0,-408.383545,2116.670898,1751.65332,0.1727414023,-0.9837712708,0.0485231353,,,,
8868,0.0,-408.414276,2116.7169185,1751.678955,0.1727433417,-0.983782719,0.0482829356,,,,
8869,0.0,-408.645569,2117.148438,1751.917847,0.1727487426,-0.9838138804,0.0476247896,,,,
8870,0.0,-408.712463,2117.321289,1752.015137,0.1724946844,-0.9838913066,0.0469412463,,,,
8871,0.0,-408.739197,2117.395508,1752.055298,0.1723850097,-0.9839559178,0.0459799982,,,,
8872,0.0,-408.779541,2117.693359,1752.216187,0.1721196953,-0.984035665,0.0452616887,,,,
8873,0.0,-408.781342,2117.681641,1752.206421,0.1720240789,-0.9841151389,0.0438760713,,,,
8874,0.0,-408.814606,2117.827148,1752.294678,0.1717196298,-0.9842262626,0.042556231,,,,
8875,0.0,-408.80661,2117.934082,1752.390381,0.1715684857,-0.9842911495,0.0416555854,,,,
8876,0.0,-408.740295,2117.89209,1752.412964,0.1713829186,-0.9843259453,0.0415972198,,,,
8877,0.0,-408.690765,2117.856934,1752.430664,0.1712194683,-0.9843543899,0.0415972198,,,,
8878,0.0,-408.610535,2117.781982,1752.460327,0.1707251717,-0.9844402405,0.0415972198,,,,
8879,0.0,-408.59787,2117.764893,1752.464722,0.1704315284,-0.98449112,0.0415972198,,,,
8880,0.0,-408.519562,2117.660156,1752.489258,0.1698875913,-0.9846046424,0.0411327667,,,,
8881,0.0,-408.487946,2117.589111,1752.502075,0.1695912508,-0.9846563342,0.0411182579,,,,
8882,0.0,-408.442719,2117.491455,1752.526001,0.1690519445,-0.984749069,0.0411182579,,,,
8883,0.0,-408.430725,2117.468262,1752.537476,0.1684799461,-0.984847093,0.0411182579,,,,
8884,0.0,-408.397858,2117.42041,1752.564331,0.1675073203,-0.9850129873,0.0411182753,,,,
8885,0.0,-408.374634,2117.411377,1752.579956,0.1669480124,-0.9851079383,0.0411182579,,,,
8886,0.0,-408.341522,2117.404541,1752.598999,0.1663402464,-0.9852107446,0.0411182579,,,,
8887,0.0,-408.338867,2117.411621,1752.605713,0.1657677222,-0.9853072362,0.0411182753,,,,
8888,0.0,-408.323853,2117.418945,1752.617798,0.165270437,-0.985390771,0.0411182579,,,,
8889,0.0,-408.309601,2117.437988,1752.614502,0.1652460325,-0.9853948638,0.0411182579,,,,
8890,0.0,-408.290985,2117.476807,1752.597412,0.1652446757,-0.9853875113,0.0412995133,,,,
8891,0.0,-408.274323,2117.512695,1752.572266,0.1652431325,-0.9853767273,0.0415621516,,,,
8892,0.0,-408.264313,2117.549561,1752.544922,0.1648909743,-0.9854342382,0.0415972198,,,,
8893,0.0,-408.251312,2117.571289,1752.530762,0.164864866,-0.9854386065,0.0415972198,,,,
8894,0.0,-408.219727,2117.60083,1752.512817,0.1648626409,-0.9854269972,0.0418801004,,,,
8895,0.0,-408.191895,2117.630371,1752.496216,0.1648622216,-0.9854228002,0.041980386,,,,
8896,0.0,-408.174377,2117.64917,1752.487183,0.1648622216,-0.9854228002,0.041980386,,,,
8897,0.0,-408.152039,2117.671875,1752.477295,0.1648622216,-0.9854228002,0.041980386,,,,
8898,0.0,-408.109955,2117.69873,1752.483154,0.1648622216,-0.9854228002,0.041980386,,,,
8899,0.0,-408.0625,2117.727539,1752.489258,0.1648613187,-0.9854190938,0.0420708363,,,,
8900,0.0,-408.024384,2117.744141,1752.494873,0.1649537932,-0.9854033904,0.0420761723,,,,
8901,0.0,-407.977692,2117.761963,1752.504761,0.164956029,-0.9854030161,0.0420761723,,,,
8902,0.0,-407.962219,2117.766602,1752.509766,0.164956029,-0.9854030161,0.0420761723,,,,
8903,0.0,-407.949524,2117.768555,1752.513428,0.1650339026,-0.9853831099,0.042236687,,,,
8904,0.0,-407.919922,2117.815674,1752.542847,0.1650484937,-0.9853752203,0.042363546,,,,
8905,0.0,-407.922867,2117.8239745,1752.543396,0.1650914627,-0.9853680212,0.042363546,,,,
8906,0.0,-407.925812,2117.832275,1752.543945,0.1651344317,-0.985360822,0.042363546,,,,
8907,0.0,-407.969635,2117.871582,1752.530762,0.1651429618,-0.9853593924,0.042363546,,,,
8908,0.0,-408.013031,2117.887695,1752.516602,0.1651429618,-0.9853593924,0.042363546,,,,
8909,0.0,-408.072723,2117.904053,1752.491211,0.1651429618,-0.9853593924,0.042363546,,,,
8910,0.0,-408.140778,2117.920898,1752.461426,0.1651429618,-0.9853593924,0.042363546,,,,
8911,0.0,-408.1800235,2117.9287105,1752.442444,0.1651429016,-0.9853594025,0.042363546,,,,
8912,0.0,-408.368469,2117.962402,1752.334106,0.1651422863,-0.9853561003,0.0424426778,,,,
8913,0.0,-408.439178,2117.97168,1752.291626,0.1651416273,-0.9853514298,0.0425535282,,,,
8914,0.0,-408.451324,2117.9729,1752.284424,0.1650673478,-0.9853605889,0.0426295729,,,,
8915,0.0,-408.560272,2117.989746,1752.221436,0.1649661233,-0.9853731208,0.0427316165,,,,
8916,0.0,-408.663208,2118.031982,1752.185303,0.1649513297,-0.9853749438,0.0427466824,,,,
8917,0.0,-408.737061,2118.067627,1752.171143,0.1649513297,-0.9853749438,0.0427466824,,,,
8918,0.0,-408.765289,2118.080078,1752.162598,0.1649513297,-0.9853749438,0.0427466824,,,,
8919,0.0,-408.840332,2118.140625,1752.164795,0.1649513297,-0.9853749438,0.0427466824,,,,
8920,0.0,-408.962189,2118.238037,1752.169922,0.1649513297,-0.9853749438,0.0427466824,,,,
8921,0.0,-409.068329,2118.362061,1752.219849,0.1648855985,-0.985385945,0.0427466824,,,,
8922,0.0,-409.167511,2118.499756,1752.2948,0.1648568602,-0.9853907534,0.0427466824,,,,
8923,0.0,-409.236725,2118.626953,1752.386597,0.1648568602,-0.9853907534,0.0427466824,,,,
8924,0.0,-409.28064,2118.692139,1752.445557,0.1648568602,-0.9853907534,0.0427466824,,,,
8925,0.0,-409.332855,2118.758301,1752.515869,0.1648568602,-0.9853907534,0.0427466824,,,,
8926,0.0,-409.395477,2118.814697,1752.586914,0.1648568602,-0.9853907534,0.0427466824,,,,
8927,0.0,-409.451172,2118.846924,1752.638062,0.1648568602,-0.9853907534,0.0427466824,,,,
8928,0.0,-409.500977,2118.864502,1752.674194,0.1648568602,-0.9853907534,0.0427466824,,,,
8929,0.0,-409.547546,2118.874268,1752.700195,0.1648568602,-0.9853907534,0.0427466824,,,,
8930,0.0,-409.595367,2118.875244,1752.716675,0.1648568602,-0.9853907534,0.0427466824,,,,
8931,0.0,-409.591858,2118.876221,1752.71521,0.1648568602,-0.9853907534,0.0427466824,,,,
8932,0.0,-409.612885,2118.878418,1752.718994,0.1648568602,-0.9853907534,0.0427466824,,,,
8933,0.0,-409.644409,2118.889404,1752.719238,0.1647828554,-0.9854031316,0.0427466824,,,,
8934,0.0,-409.657684,2118.896484,1752.71875,0.1647623891,-0.9854065538,0.0427466824,,,,
8935,0.0,-409.659393,2118.897217,1752.71875,0.1647623891,-0.9854065538,0.0427466824,,,,
8936,0.0,-409.668518,2118.9021,1752.719116,0.1647623891,-0.9854065538,0.0427466824,0.1494074094,986.3677434378,1875.8468749848,1.0
8937,0.0,-409.683655,2118.910156,1752.719727,0.1647623891,-0.9854065538,0.0427466824,0.1485117081,982.6643021273,1873.9773948106,1.0
8938,0.0,-409.69339,2118.915283,1752.723389,0.1647623891,-0.9854065538,0.0427466824,0.1476320156,979.0214197032,1872.139843011,1.0
8939,0.0,-409.703125,2118.921143,1752.727173,0.1647623891,-0.9854065538,0.0427466824,0.1467613713,975.408774872,1870.3165021797,1.0
8940,0.0,-409.719666,2118.930664,1752.728638,0.1647623891,-0.9854065538,0.0427466824,0.146091915,972.6834992993,1869.0217629387,1.0
8941,0.0,-409.729858,2118.937256,1752.727417,0.1647623891,-0.9854065538,0.0427466824,0.1445647653,966.253117622,1865.6783879469,1.0
8942,0.0,-409.7352445,2118.94104,1752.727112,0.1647623891,-0.9854065538,0.0427466824,0.1441200931,964.3724907474,1864.695341653,1.0
8943,0.0,-409.740631,2118.944824,1752.726807,0.1647623891,-0.9854065538,0.0427466824,0.143675421,962.4918638727,1863.7122953591,1.0
8944,0.0,-409.753601,2118.954834,1752.726807,0.1647623891,-0.9854065538,0.0427466824,0.1422526345,956.3453460182,1860.335452586,1.0
8945,0.0,-409.760498,2118.957275,1752.724609,0.1647623891,-0.9854065538,0.0427466824,0.1415022854,953.0458487405,1858.4507275067,1.0
8946,0.0,-409.7654115,2118.9591065,1752.7229,0.1647623891,-0.9854065538,0.0427466824,0.1411413198,951.395541592,1857.4236255658,1.0
8947,0.0,-409.770325,2118.960938,1752.721191,0.1647623891,-0.9854065538,0.0427466824,0.1407803542,949.7452344436,1856.396523625,1.0
8948,0.0,-409.778748,2118.963867,1752.718262,0.1647623891,-0.9854065538,0.0427466824,0.1397533554,944.6116582932,1852.622415763,1.0
8949,0.0,-409.794861,2118.965576,1752.712524,0.1647623891,-0.9854065538,0.0427466824,0.139236309,941.7311815766,1850.1421099781,1.0
8950,0.0,-409.854736,2119.061768,1752.721558,0.1651183546,-0.9853469687,0.0427466998,0.1385685323,938.3860253156,1847.6754876749,1.0
8951,0.0,-409.860626,2119.0523685,1752.7158205,0.1658645597,-0.9852228828,0.0427111886,0.1380370455,936.2250813943,1846.7046710296,1.0
8952,0.0,-409.293243,2118.591064,1752.438843,0.1723824771,-0.984083329,0.0431773458,0.1341968169,921.9255215805,1842.4334740682,1.0
8953,0.0,-408.598022,2118.084473,1752.136108,0.1767608152,-0.9832452244,0.044547087,0.1316910832,912.3076191323,1839.2415679535,1.0
8954,0.0,-407.934235,2117.617676,1751.804932,0.1873188538,-0.9806619113,0.0566909405,0.1264481818,893.3557919816,1835.4193601746,1.0
8955,0.0,-407.430786,2117.150635,1751.447754,0.1967276264,-0.9777093522,0.0733666385,0.1223227566,878.1986006653,1832.4352582802,1.0
8956,0.0,-407.357086,2117.14502,1751.424438,0.2257664539,-0.9687541758,0.1026881455,0.1101379866,834.5640982333,1829.2627200153,1.0
8957,0.0,-407.068695,2117.172363,1751.338989,0.2763955063,-0.9536543911,0.1189488393,0.088999762,753.0699363996,1826.0409687795,1.0
8958,0.0,-406.755341,2117.274414,1751.240479,0.3040349491,-0.9445455554,0.1240824063,0.078124737,706.5732273111,1823.4770220174,1.0
8959,0.0,-406.373413,2117.462891,1751.109131,0.2891255218,-0.9484629213,0.1297093657,0.084409325,732.1924687875,1820.8689348108,1.0
8960,0.0,-405.483765,2117.76001,1750.825439,0.2514657617,-0.9570668952,0.1441801952,0.1014000396,797.2075492442,1816.9191675815,1.0
8961,0.0,-404.886871,2117.843018,1750.587769,0.2312824661,-0.9563822304,0.1784417278,0.1143337002,842.3989532726,1814.2547520136,1.0
8962,0.0,-403.608521,2118.156494,1750.414795,0.2275704481,-0.9534012543,0.1980851824,0.118505086,854.7818112278,1810.2362321151,1.0
8963,0.0,-402.40329,2118.433105,1750.297485,0.2381992682,-0.9514828428,0.1947858017,0.1129408272,834.2941409621,1807.1780884917,1.0
8964,0.0,-400.698883,2118.459961,1750.127441,0.2598902464,-0.9495335608,0.175621971,0.100458361,787.4567118316,1802.6409641792,1.0
8965,0.0,-398.442474,2119.012695,1749.974243,0.2684207912,-0.9485455382,0.1679632127,0.0953708115,766.4644695394,1798.3700885122,1.0
8966,0.0,-396.283478,2120.104248,1750.193237,0.2686672855,-0.9485136137,0.1677492603,0.0947407162,762.8208018862,1795.4658643315,1.0
8967,0.0,-393.012726,2121.19751,1750.237183,0.2686672855,-0.9485136137,0.1677492603,0.0940198024,758.0507114922,1790.7270772557,1.0
8968,0.0,-389.860138,2122.208496,1750.270874,0.2686672855,-0.9485136137,0.1677492603,0.0933455149,753.5030710721,1786.0857243797,1.0
8969,0.0,-387.212524,2123.169678,1750.365112,0.2694826037,-0.9482822955,0.1677492603,0.0923693724,748.1623589252,1782.3160371433,1.0
8970,0.0,-385.027771,2123.999023,1750.459229,0.2701959604,-0.948079287,0.1677492431,0.0915851253,743.775479264,1779.0698023448,1.0
8971,0.0,-383.957886,2124.886719,1750.400024,0.2704855545,-0.9479967038,0.1677492603,0.091184595,740.658254229,1775.3139466387,1.0
8972,0.0,-383.621399,2125.518311,1750.182495,0.272288523,-0.9479410411,0.1651264451,0.0899604949,734.5820498108,1772.120375089,1.0
8973,0.0,-383.792236,2125.932617,1750.352783,0.274455072,-0.9477002235,0.1629070281,0.0888042366,729.1906473327,1769.993453965,1.0
8974,0.0,-383.964508,2126.667236,1750.742798,0.2760612129,-0.9475067833,0.1613105774,0.0879371483,724.5822655385,1767.056473492,1.0
8975,0.0,-384.237701,2127.669189,1751.70813,0.2771802822,-0.947643557,0.1585647501,0.0871974637,720.5885503328,1764.4134560838,1.0
8976,0.0,-384.095245,2128.117676,1751.692871,0.2779537772,-0.9475746269,0.1576198722,0.0867408039,717.8161964119,1762.035391011,1.0
8977,0.0,-384.011444,2128.940918,1751.881958,0.2782315428,-0.947539048,0.1573434492,0.0865668341,715.7756321721,1758.7110530364,1.0
8978,0.0,-383.992767,2129.460205,1752.014771,0.2782605691,-0.9476393064,0.156686951,0.0864978367,714.5954228098,1756.4796729519,1.0
8979,0.0,-383.999847,2130.25708,1752.244751,0.2783081377,-0.9478008769,0.1556215865,0.0863819945,712.8802770651,1753.38530052,1.0
8980,0.0,-384.028168,2130.964111,1752.444458,0.278391829,-0.9480854048,0.1537272088,0.0861966801,710.9355848383,1750.3960773312,1.0
8981,0.0,-383.989471,2131.230469,1752.32373,0.2791192676,-0.948121102,0.1521801907,0.085791723,708.3384074505,1747.9278444078,1.0
8982,0.0,-383.933228,2131.634033,1751.804443,0.2816189965,-0.9477196383,0.1500607478,0.0848017419,702.0038839879,1741.9282372655,1.0
8983,0.0,-383.9467015,2131.8187255,1751.7074585,0.2823060242,-0.947600847,0.1495164242,0.0845532397,700.3414197955,1740.2416696268,1.0
8984,0.0,-383.960175,2132.003418,1751.610474,0.2829930518,-0.9474820557,0.1489721007,0.0843047374,698.6789556031,1738.555101988,1.0
8985,0.0,-383.954926,2132.756348,1750.985474,0.2897342664,-0.9457634603,0.1469201556,,,,
8986,0.0,-383.982178,2133.1623535,1750.8959965,0.2951237081,-0.9442011873,0.1461300922,,,,
8987,0.0,-384.037811,2134.246826,1750.570312,0.3161606072,-0.9377670797,0.1436501815,,,,
8988,0.0,-384.0709835,2134.9034425,1750.5616455,0.3295300103,-0.933293384,0.1420283293,,,,
8989,0.0,-384.115692,2136.501953,1750.547852,0.3505912027,-0.9260704409,0.1395684312,,,,
8990,0.0,-384.1210325,2137.315796,1750.562012,0.351715081,-0.9256614294,0.1394488259,,,,
8991,0.0,-384.095581,2139.231445,1750.47168,0.3528389594,-0.925252418,0.1393292205,,,,
8992,0.0,-384.06778,2140.85498,1750.28125,0.3528389594,-0.925252418,0.1393292205,,,,
8993,0.0,-383.910522,2142.188965,1750.063232,0.3528389594,-0.925252418,0.1393292205,,,,
8994,0.0,-383.642792,2144.189453,1749.874634,0.3528389594,-0.925252418,0.1393292205,,,,
8995,0.0,-383.451584,2145.2270505,1749.7714235,0.3528389594,-0.925252418,0.1393292205,,,,
8996,0.0,-382.99649,2147.733887,1749.286499,0.3536466489,-0.9250672376,0.138508677,,,,
8997,0.0,-382.564819,2149.962402,1749.093628,0.3555440699,-0.92449674,0.137456146,,,,
8998,0.0,-382.621246,2152.626709,1749.529053,0.362481808,-0.9224329032,0.1331333087,,,,
8999,0.0,-381.965271,2155.019531,1749.455566,0.3676009476,-0.9208211519,0.1302226917,,,,
9000,0.0,-381.251007,2157.445801,1749.554688,0.369185418,-0.9202426478,0.1298291039,,,,
9001,0.0,-380.58429,2159.787842,1749.58728,0.3699494382,-0.9199357703,0.1298290866,,,,
9002,0.0,-380.31189,2160.811279,1749.620239,0.3701155458,-0.9198689507,0.1298291039,,,,
9003,0.0,-380.06015,2161.03833,1749.426147,0.3701155458,-0.9198689507,0.1298291039,,,,
9004,0.0,-379.817444,2161.653564,1749.444702,0.3701155458,-0.9198689507,0.1298291039,,,,
9005,0.0,-379.797791,2163.360352,1750.695679,0.3701155458,-0.9198689507,0.1298291039,,,,
9006,0.0,-378.919952,2164.199219,1750.916626,0.3701155458,-0.9198689507,0.1298291039,,,,
9007,0.0,-378.179596,2164.563232,1750.877686,0.3701155458,-0.9198689507,0.1298291039,,,,
9008,0.0,-377.179871,2165.097656,1750.897217,0.3701155458,-0.9198689507,0.1298291039,,,,
9009,0.0,-376.437317,2165.479004,1750.949097,0.3694901611,-0.9201203341,0.1298290866,,,,
9010,0.0,-375.497131,2165.928467,1750.989624,0.3603169778,-0.9233850281,0.1324075732,,,,
9011,0.0,-374.719696,2166.168457,1750.930542,0.3534360262,-0.9257752416,0.1342504277,,,,
9012,0.0,-373.890717,2166.57251,1751.005615,0.3498317114,-0.9269752646,0.1354054371,,,,
9013,0.0,-373.193298,2166.851074,1750.94165,0.3483272146,-0.9274358809,0.1361280223,,,,
9014,0.0,-372.140137,2167.250977,1750.952515,0.3476499126,-0.9276381918,0.1364804871,,,,
9015,0.0,-371.118805,2167.617676,1750.95813,0.3476499126,-0.9276381918,0.1364804871,,,,
9016,0.0,-370.397888,2167.799072,1750.9552,0.3476499126,-0.9276381918,0.1364804871,,,,
9017,0.0,-369.342041,2168.046875,1751.008301,0.3476499126,-0.9276381918,0.1364804871,,,,
9018,0.0,-368.270447,2168.340332,1750.981201,0.346848119,-0.9279382866,0.1364804698,,,,
9019,0.0,-367.245636,2168.5354,1751.026978,0.3467603851,-0.9279710728,0.1364804871,,,,
9020,0.0,-366.443268,2168.695801,1751.033447,0.3467603851,-0.9279710728,0.1364804871,,,,
9021,0.0,-365.192383,2168.948242,1751.11792,0.3467603851,-0.9279710728,0.1364804871,,,,
9022,0.0,-364.183655,2169.089111,1751.174194,0.3467603851,-0.9279710728,0.1364804871,,,,
9023,0.0,-362.450226,2169.674072,1751.218506,0.3467603851,-0.9279710728,0.1364804871,,,,
9024,0.0,-361.277985,2170.04248,1751.312988,0.3467603851,-0.9279710728,0.1364804871,,,,
9025,0.0,-360.702988,2170.2220455,1751.3292845,0.3467603851,-0.9279710728,0.1364804871,,,,
9026,0.0,-360.127991,2170.401611,1751.345581,0.3467603851,-0.9279710728,0.1364804871,,,,
9027,0.0,-357.852478,2171.092041,1751.351929,0.3467603851,-0.9279710728,0.1364804871,,,,
9028,0.0,-357.1332395,2171.315674,1751.35083,0.3467603851,-0.9279710728,0.1364804871,,,,
9029,0.0,-355.40799,2171.809326,1751.353271,0.3467603851,-0.9279710728,0.1364804871,,,,
9030,0.0,-354.6436005,2172.0395505,1751.343933,0.3467603851,-0.9279710728,0.1364804871,,,,
9031,0.0,-352.803223,2172.579346,1751.289795,0.346793182,-0.9280592361,0.1357959616,,,,
9032,0.0,-351.339111,2173.032471,1751.246094,0.3440244707,-0.9294623188,0.1332177221,,,,
9033,0.0,-349.964142,2173.463623,1751.194946,0.3390008313,-0.9317202291,0.1302914082,,,,
9034,0.0,-348.739471,2173.836426,1751.111694,0.3317030647,-0.9345987179,0.1284457608,,,,
9035,0.0,-347.510101,2174.231445,1751.01709,0.3169140922,-0.9399482417,0.126738949,,,,
9036,0.0,-345.906219,2174.855713,1751.004028,0.2906893613,-0.9484815386,0.1260256565,,,,
9037,0.0,-344.561707,2175.241943,1750.843262,0.2735946032,-0.9536527301,0.1252695636,,,,
9038,0.0,-343.251282,2175.699707,1750.734497,0.250164414,-0.9601801144,0.1243861481,,,,
9039,0.0,-341.561218,2176.361572,1750.649414,0.2014561969,-0.9720660293,0.1204285491,,,,
9040,0.0,-340.463623,2176.672119,1750.579224,0.1819779456,-0.9761073696,0.1187368116,,,,
9041,0.0,-338.546814,2177.306152,1750.48645,0.1561993674,-0.9808297325,0.1165109152,,,,
9042,0.0,-337.331085,2177.6521,1750.40979,0.1395899784,-0.9835885667,0.1143160943,,,,
9043,0.0,-336.147827,2178.105713,1750.202148,0.1258573304,-0.9857324403,0.1117653278,,,,
9044,0.0,-334.664886,2178.798828,1749.805908,0.1189677453,-0.9867879854,0.1099824866,,,,
9045,0.0,-333.670776,2179.24707,1749.581299,0.117375957,-0.9871937067,0.1080345786,,,,
9046,0.0,-332.322479,2180.01001,1749.350708,0.1159838457,-0.9875508565,0.1062593683,,,,
9047,0.0,-330.991516,2180.810303,1749.181396,0.1149679283,-0.9877805755,0.1052231442,,,,
9048,0.0,-329.694611,2181.55127,1749.173462,0.1141472562,-0.9879644503,0.1043870145,,,,
9049,0.0,-328.087555,2182.601074,1749.093018,0.1138867887,-0.9880225132,0.1041216252,,,,
9050,0.0,-326.861938,2183.567383,1748.903687,0.1138867887,-0.9880225132,0.1041216252,,,,
9051,0.0,-326.124847,2184.383301,1748.661865,0.1138867887,-0.9880225132,0.1041216252,,,,
9052,0.0,-325.453979,2185.894043,1748.338623,0.1138867887,-0.9880225132,0.1041216252,,,,
9053,0.0,-325.402344,2187.268311,1748.40686,0.1138867887,-0.9880225132,0.1041216252,,,,
9054,0.0,-325.608246,2188.769775,1748.779175,0.1138867887,-0.9880225132,0.1041216252,,,,
9055,0.0,-326.209473,2191.063965,1749.938477,0.1138867887,-0.9880225132,0.1041216252,,,,
9056,0.0,-326.639038,2192.460693,1750.679443,0.1138867887,-0.9880225132,0.1041216252,,,,
9057,0.0,-326.609283,2193.609863,1750.274048,0.1138867887,-0.9880225132,0.1041216252,,,,
9058,0.0,-327.043945,2194.746094,1749.557861,0.1139135538,-0.9882557745,0.1018539468,,,,
9059,0.0,-327.401917,2195.640137,1748.835449,0.1139374609,-0.9884609058,0.0998162945,,,,
9060,0.0,-328.185333,2196.623291,1748.69165,0.1158481426,-0.9887432518,0.0946889108,,,,
9061,0.0,-329.043945,2197.437256,1749.019531,0.1174834899,-0.9887911162,0.0921398831,,,,
9062,0.0,-330.664856,2197.91748,1749.115356,0.1196628671,-0.9889077985,0.0879895694,,,,
9063,0.0,-331.949463,2198.278564,1749.013672,0.1219153036,-0.9888988798,0.0849450667,,,,
9064,0.0,-334.073853,2198.692139,1749.009888,0.1263967051,-0.9888040717,0.0793119203,,,,
9065,0.0,-337.169006,2198.967041,1748.886597,0.1284094274,-0.9887945688,0.0761335644,,,,
9066,0.0,-338.4553375,2199.0062255,1748.8305055,0.1288441204,-0.9887667508,0.0757573347,,,,
9067,0.0,-339.741669,2199.04541,1748.774414,0.1292788134,-0.9887389329,0.075381105,,,,
9068,0.0,-341.906281,2199.09668,1748.693604,0.1293649241,-0.98872767,0.075381105,,,,
9069,0.0,-343.460754,2199.150146,1748.674194,0.1293649241,-0.98872767,0.075381105,,,,
9070,0.0,-347.497925,2198.998047,1748.56543,0.1314349731,-0.9885072778,0.0746874127,,,,
9071,0.0,-348.765732,2198.8546145,1748.576355,0.1322845852,-0.988437739,0.0740982516,,,,
9072,0.0,-351.656677,2198.577881,1748.68811,0.1345772818,-0.9882278208,0.0727648909,,,,
9073,0.0,-352.8917235,2198.4383545,1748.8312375,0.1352681761,-0.9882056814,0.0717675355,,,,
9074,0.0,-355.874634,2198.185791,1749.146729,0.1381429244,-0.9879920327,0.0691973679,,,,
9075,0.0,-357.1776125,2198.07312,1749.218506,0.139889731,-0.9878555682,0.0675761901,,,,
9076,0.0,-360.336639,2197.821777,1749.446655,0.143315852,-0.9875876601,0.0642742571,,,,
9077,0.0,-362.287384,2197.687988,1749.51416,0.1456833842,-0.9873509104,0.0625662154,,,,
9078,0.0,-364.968781,2197.509277,1749.533936,0.1482834639,-0.9871080699,0.0602467653,,,,
9079,0.0,-366.954773,2197.214844,1749.574707,0.1499042755,-0.986961053,0.0586224192,,,,
9080,0.0,-369.073792,2196.706055,1749.516968,0.1510050936,-0.9868581855,0.0575185493,,,,
9081,0.0,-371.500031,2195.981445,1749.462158,0.1513232924,-0.9868695338,0.0564781772,,,,
9082,0.0,-373.654572,2194.854736,1749.354736,0.1521358727,-0.9867577276,0.0562482297,,,,
9083,0.0,-375.873291,2193.586426,1749.292358,0.1532198084,-0.9866437947,0.055296589,,,,
9084,0.0,-378.35556,2193.586914,1749.562744,0.1540202299,-0.9865638465,0.0544935365,,,,
9085,0.0,-380.740143,2192.305176,1749.746094,0.1551452449,-0.9865498025,0.0514727122,,,,
9086,0.0,-381.442871,2190.629639,1749.454834,0.1558785956,-0.9864347818,0.0514614872,,,,
9087,0.0,-383.251312,2189.598633,1749.62439,0.1560947971,-0.9864005929,0.0514614872,,,,
9088,0.0,-384.741364,2188.043945,1749.379883,0.1561008818,-0.986439044,0.0507003667,,,,
9089,0.0,-385.888733,2187.249756,1749.35022,0.1561065901,-0.9864751162,0.0499757706,,,,
9090,0.0,-386.829132,2186.629639,1749.486938,0.1561076995,-0.9864821268,0.0498337209,,,,
9091,0.0,-387.773285,2185.970703,1749.540771,0.1561076995,-0.9864821268,0.0498337209,,,,
9092,0.0,-388.388977,2185.52124,1749.568359,0.1567821843,-0.9863827968,0.0496822397,,,,
9093,0.0,-389.222992,2184.898926,1749.533936,0.1576693414,-0.9862514001,0.0494828719,,,,
9094,0.0,-389.902435,2184.52124,1749.582275,0.1582317892,-0.9861839433,0.0490298986,,,,
9095,0.0,-390.499268,2184.335693,1749.834961,0.1582893497,-0.9861775869,0.0489719186,,,,
9096,0.0,-391.049286,2184.246094,1750.063477,0.1582893497,-0.9861775869,0.0489719186,,,,
9097,0.0,-391.512451,2184.05249,1750.111694,0.1582893497,-0.9861775869,0.0489719186,,,,
9098,0.0,-392.088135,2183.760742,1750.076172,0.1582893497,-0.9861775869,0.0489719186,,,,
9099,0.0,-392.42981,2183.623779,1750.045898,0.1582893497,-0.9861775869,0.0489719186,,,,
9100,0.0,-392.688873,2183.584473,1750.071899,0.1582916476,-0.9861919036,0.0486752876,,,,
9101,0.0,-392.908997,2183.604248,1750.115234,0.1582923144,-0.9861960579,0.048588874,,,,
9102,0.0,-393.024384,2183.566895,1750.144775,0.1582923144,-0.9861960579,0.048588874,,,,
9103,0.0,-393.156769,2183.570801,1750.203735,0.1582923144,-0.9861960579,0.048588874,,,,
9104,0.0,-393.322723,2183.594971,1750.27356,0.1582923144,-0.9861960579,0.048588874,,,,
9105,0.0,-393.474701,2183.630371,1750.334351,0.1582923144,-0.9861960579,0.048588874,,,,
9106,0.0,-393.716156,2183.714355,1750.431396,0.1582923144,-0.9861960579,0.048588874,,,,
9107,0.0,-393.931915,2183.824951,1750.521606,0.1590135739,-0.9861583211,0.0469728542,,,,
9108,0.0,-394.064636,2183.899414,1750.575195,0.160014194,-0.9860716391,0.0453671726,,,,
9109,0.0,-394.323303,2184.137451,1750.730225,0.1639943604,-0.9856199114,0.0407337701,,,,
9110,0.0,-394.623505,2184.44165,1750.924561,0.1684585256,-0.9850588832,0.0357871747,,,,
9111,0.0,-395.105698,2184.86499,1751.197205,0.1709423727,-0.984735831,0.0325123015,,,,
9112,0.0,-395.587891,2185.28833,1751.469849,0.1734262198,-0.9844127788,0.0292374283,,,,
9113,0.0,-395.691925,2185.854004,1751.732422,0.1773163669,-0.983875287,0.0234163558,,,,
9114,0.0,-395.602356,2185.819336,1751.708008,0.1917233294,-0.9814050311,0.0092913884,,,,
9115,0.0,-395.489258,2185.735107,1751.641235,0.2166626024,-0.9762325956,0.0052188075,,,,
9116,0.0,-395.269623,2185.709473,1751.53833,0.2358369611,-0.9717318729,0.0108671485,,,,
9117,0.0,-394.983887,2185.714355,1751.451172,0.2363316368,-0.9715994355,0.0119119395,,,,
9118,0.0,-394.182922,2185.719727,1751.267578,0.2170221969,-0.9760658504,0.0140293166,,,,
9119,0.0,-393.8208005,2185.890015,1751.3428345,0.2052273306,-0.9785391101,0.0140611482,,,,
9120,0.0,-391.902832,2185.939453,1751.174316,0.1653240884,-0.9862073009,0.0079438873,,,,
9121,0.0,-390.329407,2186.110107,1751.048584,0.1546311594,-0.9879658738,0.0035548093,,,,
9122,0.0,-387.961639,2186.333496,1750.839722,0.1722314625,-0.9850154092,0.0089981679,,,,
9123,0.0,-386.242218,2187.001221,1750.924805,0.1903584839,-0.9815143186,0.0198315394,,,,
9124,0.0,-383.618652,2187.469971,1750.733643,0.2006163729,-0.9793214949,0.0261243272,,,,
9125,0.0,-381.551636,2187.882812,1750.606567,0.2013118918,-0.9791489304,0.0272193759,,,,
9126,0.0,-379.024078,2188.439209,1750.445068,0.2019881839,-0.978981638,0.0282086148,,,,
9127,0.0,-376.144165,2189.24707,1750.273804,0.2040826101,-0.9784526955,0.0313147085,,,,
9128,0.0,-374.611481,2189.728027,1750.194702,0.2079148075,-0.9775343903,0.0346113948,,,,
9129,0.0,-372.092255,2190.461426,1750.085083,0.2119543614,-0.9764258255,0.0408406174,,,,
9130,0.0,-370.138184,2190.7854,1750.084717,0.2147874357,-0.9755371071,0.0468370601,,,,
9131,0.0,-367.412903,2191.350586,1750.084717,0.2175977609,-0.9745657689,0.0535982887,,,,
9132,0.0,-364.502838,2191.894775,1750.100098,0.2196053833,-0.9739195225,0.057045941,,,,
9133,0.0,-361.937988,2192.394043,1750.132446,0.2221346392,-0.9732333188,0.0589330908,,,,
9134,0.0,-359.20282,2193.040283,1750.201782,0.2242159324,-0.9727387928,0.0592153404,,,,
9135,0.0,-356.451843,2193.734131,1750.306885,0.2260702299,-0.9723095148,0.0592153578,,,,
9136,0.0,-353.706635,2194.439941,1750.450439,0.2279072392,-0.9719799505,0.0575609777,,,,
9137,0.0,-351.159149,2195.108154,1750.572388,0.2281632963,-0.9719352299,0.0573011263,,,,
9138,0.0,-348.278961,2195.875977,1750.695801,0.2281632963,-0.9719352299,0.0573011263,,,,
9139,0.0,-345.453339,2196.621582,1750.787476,0.2281632963,-0.9719352299,0.0573011263,,,,
9140,0.0,-342.785797,2197.327881,1750.81958,0.2281632963,-0.9719352299,0.0573011263,,,,
9141,0.0,-340.168518,2198.209473,1750.982422,0.2281632963,-0.9719352299,0.0573011263,,,,
9142,0.0,-337.666504,2198.811768,1750.957031,0.2267346245,-0.9722695053,0.0573011263,,,,
9143,0.0,-334.292938,2199.616699,1750.914429,0.2262992033,-0.9723709434,0.0573011263,,,,
9144,0.0,-331.639984,2200.262695,1750.920532,0.225627466,-0.9724866997,0.0579815965,,,,
9145,0.0,-328.215363,2201.082275,1750.939819,0.2253543564,-0.9725334895,0.0582582689,,,,
9146,0.0,-326.010742,2201.635254,1750.957275,0.2253472437,-0.9725027939,0.0587957103,,,,
9147,0.0,-322.230042,2202.643066,1751.170532,0.2253416446,-0.9724786305,0.0592153404,,,,
9148,0.0,-319.955902,2203.251465,1751.234741,0.2259481462,-0.9723378933,0.0592153404,,,,
9149,0.0,-316.633301,2204.216797,1751.442139,0.2309965313,-0.9710521733,0.0608134798,,,,
9150,0.0,-313.755493,2204.981201,1751.488403,0.2412404871,-0.9683833858,0.0635346005,,,,
9151,0.0,-310.744263,2205.804443,1751.538086,0.2654539291,-0.9617007889,0.0683066922,,,,
9152,0.0,-307.715424,2206.66333,1751.534058,0.3054932744,-0.9493652337,0.0733451592,,,,
9153,0.0,-304.923218,2207.45166,1751.517456,0.3427196396,-0.9363331063,0.0763122708,,,,
9154,0.0,-299.709015,2208.901611,1751.384888,0.4067313276,-0.9097685859,0.0830105252,,,,
9155,0.0,-296.435822,2209.55127,1751.310791,0.4612139936,-0.8829954031,0.0871823968,,,,
9156,0.0,-293.278931,2209.913086,1751.158447,0.5200205565,-0.8493499768,0.0904612498,,,,
9157,0.0,-290.759552,2210.099121,1751.004639,0.5621615432,-0.8217956614,0.0928778242,,,,
9158,0.0,-287.641541,2210.384033,1750.786377,0.5964828157,-0.7971462798,0.093627235,,,,
9159,0.0,-285.29895,2210.340332,1750.426147,0.6086803656,-0.7878719143,0.093627235,,,,
9160,0.0,-280.887634,2210.635986,1749.843384,0.6132060899,-0.7843546597,0.093627235,,,,
9161,0.0,-278.324066,2210.71875,1749.669189,0.6132060899,-0.7843546597,0.093627235,,,,
9162,0.0,-275.23053,2210.794922,1749.283447,0.6132060899,-0.7843546597,0.093627235,,,,
9163,0.0,-270.895844,2210.872803,1748.976562,0.6132060899,-0.7843546597,0.093627235,,,,
9164,0.0,-268.614868,2210.798828,1748.719116,0.6132060899,-0.7843546597,0.093627235,,,,
9165,0.0,-264.677582,2210.797119,1748.258545,0.6125199796,-0.7848905734,0.0936272524,,,,
9166,0.0,-262.160309,2210.644775,1748.197998,0.6104114446,-0.7865315055,0.093627235,,,,
9167,0.0,-258.633026,2210.497559,1747.989868,0.6064899824,-0.7895592708,0.093627235,,,,
9168,0.0,-255.442108,2210.312988,1747.900269,0.5997621593,-0.7948574893,0.0921245026,,,,
9169,0.0,-252.409271,2209.999756,1747.747192,0.5884454711,-0.8035077952,0.0900397173,,,,
9170,0.0,-248.456589,2209.633545,1747.685425,0.5759633934,-0.8127353211,0.0879060139,,,,
9171,0.0,-246.010437,2209.228271,1747.69397,0.5549993332,-0.8275642074,0.084339924,,,,
9172,0.0,-242.882507,2208.655029,1747.920898,0.5337860539,-0.8417467807,0.0808381459,,,,
9173,0.0,-239.641129,2208.10498,1748.072632,0.5112478902,-0.8559813271,0.0769516888,,,,
9174,0.0,-237.06192,2207.680908,1748.47522,0.4912705887,-0.8678304096,0.0743208506,,,,
9175,0.0,-233.177032,2207.271729,1748.991211,0.4557174264,-0.8872274776,0.0717567434,,,,
9176,0.0,-230.495331,2206.940918,1749.223999,0.4345106127,-0.8978120607,0.0716521539,,,,
9177,0.0,-226.750443,2207.076172,1749.701782,0.4013177592,-0.9131981311,0.0708041634,,,,
9178,0.0,-223.437088,2207.307617,1749.928345,0.3626874217,-0.9293548729,0.0689735767,,,,
9179,0.0,-219.93335,2207.588379,1750.004761,0.326392787,-0.9428626134,0.0669166713,,,,
9180,0.0,-217.654343,2207.742188,1749.944702,0.2846225062,-0.9564412629,0.0648855889,,,,
9181,0.0,-214.347198,2207.927734,1749.815552,0.2480796859,-0.9666232347,0.0639999337,,,,
9182,0.0,-210.911072,2208.268555,1749.641357,0.2285796078,-0.9715181612,0.0624806003,,,,
9183,0.0,-207.557755,2208.603027,1749.485962,0.2095189151,-0.9759831142,0.0596555531,,,,
9184,0.0,-204.182785,2208.963867,1749.318481,0.1930777037,-0.9794983313,0.057480599,,,,
9185,0.0,-201.100693,2209.3125,1749.166626,0.16773887,-0.9844004103,0.0530989989,,,,
9186,0.0,-198.045822,2209.58252,1749.114624,0.1412612682,-0.9887082502,0.0500124987,,,,
9187,0.0,-194.774399,2209.877441,1749.067871,0.1120963705,-0.9925872323,0.0469573205,,,,
9188,0.0,-191.469421,2209.934082,1749.058472,0.0973692304,-0.9942344581,0.0449118619,,,,
9189,0.0,-188.923492,2210.294434,1748.975098,0.0862129185,-0.9953304003,0.0434134418,,,,
9190,0.0,-185.667709,2211.119629,1748.69043,0.0727977362,-0.9964891287,0.0413510088,,,,
9191,0.0,-182.716858,2212.268555,1748.312988,0.0589601018,-0.9974813247,0.0394298536,,,,
9192,0.0,-179.998657,2213.663086,1747.983643,0.0502642303,-0.9979737819,0.0390107388,,,,
9193,0.0,-177.938538,2215.015137,1747.602417,0.0440643046,-0.998299404,0.0381659136,,,,
9194,0.0,-175.40181,2217.299561,1747.067749,0.0392107318,-0.9985421905,0.0370946393,,,,
9195,0.0,-174.876999,2217.9637455,1746.963318,0.037505501,-0.9986233754,0.0366272922,,,,
9196,0.0,-173.984055,2219.26416,1746.858887,0.0303217775,-0.9989109939,0.0354600634,,,,
9197,0.0,-174.025558,2219.918701,1747.116089,0.0063877467,-0.9994072816,0.0338272416,,,,
9198,0.0,-173.921814,2220.556152,1747.378418,-0.0117212784,-0.9993779296,0.0332620732,,,,
9199,0.0,-173.518326,2221.213867,1747.708496,-0.0197751864,-0.9992510078,0.0332620732,,,,
9200,0.0,-173.280243,2221.717285,1748.012817,-0.0212820507,-0.9992200502,0.0332620732,,,,
9201,0.0,-172.256805,2222.595215,1748.536377,-0.0218453838,-0.9992078931,0.0332620732,,,,
9202,0.0,-171.489929,2222.987793,1748.872192,-0.0225564202,-0.9991920948,0.0332620732,,,,
9203,0.0,-170.17482,2223.5354,1749.273926,-0.0235206225,-0.9991698628,0.0332620732,,,,
9204,0.0,-168.304886,2224.023926,1749.605835,-0.0256511881,-0.9991174361,0.0332620732,,,,
9205,0.0,-166.640823,2224.406738,1750.074829,-0.0285005531,-0.9990402159,0.0332620732,,,,
9206,0.0,-165.358139,2224.934814,1750.426392,-0.0326921913,-0.9989118355,0.0332620732,,,,
9207,0.0,-163.450287,2225.254395,1750.630859,-0.0398037619,-0.9986764426,0.0325733557,,,,
9208,0.0,-160.771286,2225.672119,1751.09375,-0.0523569395,-0.998165258,0.0304116518,,,,
9209,0.0,-158.782333,2225.969238,1751.324219,-0.0786920255,-0.9965145965,0.0276807543,,,,
9210,0.0,-156.933121,2226.208984,1751.263794,-0.0948078411,-0.9951400531,0.0266035327,,,,
9211,0.0,-155.045807,2226.362549,1751.20813,-0.1028571398,-0.994365567,0.0256423066,,,,
9212,0.0,-153.383377,2226.479736,1751.196777,-0.1049944799,-0.9941433644,0.0255955123,,,,
9213,0.0,-151.855423,2226.543945,1751.178223,-0.1051359942,-0.9941284084,0.0255955123,,,,
9214,0.0,-150.363068,2226.438477,1751.023193,-0.1051359942,-0.9941284084,0.0255955123,,,,
9215,0.0,-148.986374,2226.547119,1751.053345,-0.1051359942,-0.9941284084,0.0255955123,,,,
9216,0.0,-147.837814,2226.628906,1751.071167,-0.1051359942,-0.9941284084,0.0255955123,,,,
9217,0.0,-146.631485,2226.605957,1751.039185,-0.1051359942,-0.9941284084,0.0255955123,,,,
9218,0.0,-145.343643,2226.591309,1751.019531,-0.105138583,-0.9941515599,0.0246688956,,,,
9219,0.0,-144.375885,2226.580322,1751.023193,-0.1051385267,-0.994152355,0.0246370705,,,,
9220,0.0,-143.48671,2226.503174,1750.998291,-0.1051385267,-0.994152355,0.0246370705,,,,
9221,0.0,-142.855774,2226.490234,1751.015015,-0.1051385267,-0.994152355,0.0246370705,,,,
9222,0.0,-142.575607,2226.511475,1751.090088,-0.1051385267,-0.994152355,0.0246370705,,,,
9223,0.0,-142.049026,2226.491943,1751.043457,-0.1051385267,-0.994152355,0.0246370705,,,,
9224,0.0,-141.848816,2226.434326,1751.112305,-0.1059452202,-0.9940667106,0.0246370705,,,,
9225,0.0,-141.659195,2226.277344,1751.040161,-0.1078777274,-0.9938588485,0.0246370705,,,,
9226,0.0,-141.619934,2225.990479,1750.870972,-0.1126977208,-0.9933238336,0.0246370705,,,,
9227,0.0,-141.618851,2225.887695,1750.828003,-0.1155538654,-0.9929956289,0.0246370705,,,,
9228,0.0,-141.794647,2225.681885,1750.805908,-0.117120863,-0.9928120256,0.0246370705,,,,
9229,0.0,-141.89241,2225.653076,1750.820679,-0.1193426032,-0.9925474083,0.0246370705,,,,
9230,0.0,-141.891922,2225.655762,1750.809326,-0.1208927467,-0.9923597929,0.0246370705,,,,
9231,0.0,-141.991745,2225.653809,1750.854492,-0.1221654377,-0.9922039209,0.0246370705,,,,
9232,0.0,-142.046173,2225.675049,1750.883667,-0.1241120658,-0.9919694116,0.0243491601,,,,
9233,0.0,-142.149948,2225.736328,1750.957642,-0.1252885233,-0.9918238472,0.0242537013,,,,
9234,0.0,-142.197174,2225.788818,1751.00354,-0.126604729,-0.991667042,0.0238268823,,,,
9235,0.0,-142.296188,2225.967773,1751.155029,-0.129099717,-0.9913542123,0.0234539748,,,,
9236,0.0,-142.349121,2226.136719,1751.273193,-0.131636346,-0.9910378374,0.022712931,,,,
9237,0.0,-142.351227,2226.230957,1751.345581,-0.1350113011,-0.99059506,0.0222120606,,,,
9238,0.0,-142.343506,2226.386719,1751.463013,-0.1423438216,-0.9895929273,0.0210730813,,,,
9239,0.0,-142.317307,2226.449951,1751.522095,-0.1468383431,-0.9889482736,0.0204893424,,,,
9240,0.0,-142.256409,2226.553955,1751.622803,-0.1484935343,-0.9887107583,0.0200176592,,,,
9241,0.0,-142.218307,2226.597412,1751.685913,-0.148692156,-0.9886824678,0.0199404264,,,,
9242,0.0,-142.192535,2226.620605,1751.730835,-0.1490586755,-0.9886272759,0.0199404264,,,,
9243,0.0,-142.163284,2226.625244,1751.79187,-0.1495056743,-0.9885666209,0.0195981993,,,,
9244,0.0,-142.152451,2226.62207,1751.839355,-0.1502670034,-0.9884519972,0.0195570174,,,,
9245,0.0,-142.143021,2226.610352,1751.880737,-0.1521215004,-0.9881821244,0.0188451067,,,,
9246,0.0,-142.120407,2226.542236,1751.911865,-0.1559074935,-0.9876199601,0.0173109165,,,,
9247,0.0,-142.106842,2226.496582,1751.922119,-0.1577150222,-0.9873502026,0.0162956797,,,,
9248,0.0,-142.115768,2226.418213,1751.943237,-0.1593250558,-0.9871056081,0.0154287093,,,,
9249,0.0,-142.122162,2226.362793,1751.961548,-0.1613634828,-0.9868006809,0.0136470737,,,,
9250,0.0,-142.139542,2226.301514,1751.99939,-0.1619983892,-0.9867017103,0.0132761725,,,,
9251,0.0,-142.139359,2226.281494,1752.029053,-0.1626210484,-0.9866060872,0.0127602271,,,,
9252,0.0,-142.136978,2226.272705,1752.044434,-0.1630889043,-0.9865348647,0.0122869833,,,,
9253,0.0,-142.134216,2226.270996,1752.05127,-0.1634691618,-0.9864766482,0.011901922,,,,
9254,0.0,-142.133392,2226.280029,1752.067139,-0.1634837296,-0.9864799041,0.0114223032,,,,
9255,0.0,-142.132568,2226.289551,1752.088745,-0.1634838927,-0.986480034,0.0114087429,,,,
9256,0.0,-142.130341,2226.314453,1752.090454,-0.1636239714,-0.9864604367,0.0110906593,,,,
9257,0.0,-142.124207,2226.347412,1752.080322,-0.1638318255,-0.9864311389,0.0106179648,,,,
9258,0.0,-142.114166,2226.378662,1752.062378,-0.1642379209,-0.9863706639,0.0099407605,,,,
9259,0.0,-142.100266,2226.412109,1752.032959,-0.1646459855,-0.9863042487,0.0097789763,,,,
9260,0.0,-142.078415,2226.436279,1752.017456,-0.1650532608,-0.9862451629,0.0088260852,,,,
9261,0.0,-142.034744,2226.466309,1751.999634,-0.1660231216,-0.9860926181,0.0075941862,,,,
9262,0.0,-142.017227,2226.47583,1751.994751,-0.1664097822,-0.9860336505,0.0067397648,,,,
9263,0.0,-141.96727,2226.501221,1751.983887,-0.166829612,-0.9859696162,0.0056388322,,,,
9264,0.0,-141.938904,2226.512939,1751.980103,-0.1668960769,-0.9859593479,0.0054647732,,,,
9265,0.0,-141.860535,2226.525635,1751.991943,-0.1671901994,-0.9859130014,0.0047948898,0.0599673168,942.1223673686,2762.1387022477,4.0
9266,0.0,-141.816376,2226.526855,1751.998291,-0.1672749077,-0.9858995524,0.0046019283,0.0599694123,942.0566929131,2761.8993912137,4.0
9267,0.0,-141.749481,2226.514648,1752.015137,-0.1672749077,-0.9858995524,0.0046019283,0.0599414669,941.7331917555,2761.5745873871,4.0
9268,0.0,-141.697479,2226.501709,1752.029419,-0.1672749077,-0.9858995524,0.0046019283,0.0599202082,941.4860569291,2761.3244581403,4.0
9269,0.0,-141.665161,2226.488525,1752.042725,-0.1672749077,-0.9858995524,0.0046019283,0.0598939872,940.1406740765,2757.9634010007,4.0
9270,0.0,-141.6138,2226.472168,1752.061523,-0.1672749077,-0.9858995524,0.0046019283,0.0598767664,938.8925147236,2754.6856654783,4.0
9271,0.0,-141.575806,2226.474609,1752.077393,-0.1672749077,-0.9858995524,0.0046019283,0.0598552339,937.4556831238,2750.9494613382,4.0
9272,0.0,-141.504944,2226.483643,1752.103516,-0.1676002006,-0.9858443057,0.0046019283,0.0599402417,936.7157141266,2746.8883499319,4.0
9273,0.0,-141.455063,2226.499023,1752.099854,-0.16887499,-0.9856267346,0.0046019283,0.0604043464,937.8376093956,2739.9204198252,4.0
9274,0.0,-141.4521485,2226.505493,1752.0939945,-0.1689255217,-0.985618074,0.0046019283,0.060432758,937.3788496732,2737.9568928454,4.0
9275,0.0,-141.45372,2226.526123,1752.07373,-0.1689760534,-0.9856094133,0.0046019283,0.0604872193,935.8861269205,2732.4037764756,4.0
9276,0.0,-141.461517,2226.537598,1752.058716,-0.1689760534,-0.9856094133,0.0046019283,0.0605145342,934.91258773,2728.9645572419,4.0
9277,0.0,-141.502411,2226.570068,1752.009644,-0.1689760534,-0.9856094133,0.0046019283,0.0605433113,933.9603407992,2725.5572392523,4.0
9278,0.0,-141.529251,2226.5864255,1751.9852295,-0.1689760534,-0.9856094133,0.0046019283,0.0605627409,933.3335508784,2723.3051748779,4.0
9279,0.0,-141.578156,2226.612549,1751.941528,-0.1689760534,-0.9856094133,0.0046019283,,,,
9280,0.0,-141.647736,2226.638184,1751.892212,-0.1689760534,-0.9856094133,0.0046019283,,,,
9281,0.0,-141.684372,2226.6481935,1751.8654175,-0.1689760534,-0.9856094133,0.0046019283,,,,
9282,0.0,-141.818146,2226.712158,1751.783569,-0.1689760534,-0.9856094133,0.0046019283,,,,
9283,0.0,-141.850777,2226.734741,1751.7637325,-0.1689760534,-0.9856094133,0.0046019283,,,,
9284,0.0,-141.880371,2226.764893,1751.764404,-0.1689760534,-0.9856094133,0.0046019283,,,,
9285,0.0,-142.203934,2226.82251,1751.650879,-0.1689760534,-0.9856094133,0.0046019283,,,,
9286,0.0,-142.176941,2226.715332,1751.51416,-0.1689760534,-0.9856094133,0.0046019283,,,,
9287,0.0,-142.087738,2226.685059,1751.470947,-0.168554345,-0.9856816195,0.0046019283,,,,
9288,0.0,-141.982712,2226.519775,1751.270386,-0.1662301818,-0.9860737149,0.0051142462,,,,
9289,0.0,-141.99617,2226.529053,1751.272583,-0.156069902,-0.9877231244,0.0067242317,,,,
9290,0.0,-142.022186,2226.555664,1751.289551,-0.1456237399,-0.9893120305,0.0074453138,,,,
9291,0.0,-142.072021,2226.583008,1751.311279,-0.1286197859,-0.9916644405,0.0076542936,,,,
9292,0.0,-142.162857,2226.618652,1751.326538,-0.1169473102,-0.9931070341,0.0078578278,,,,
9293,0.0,-142.209152,2226.61499,1751.318237,-0.1065252721,-0.9942774129,0.008049389,,,,
9294,0.0,-142.110519,2226.52832,1751.247925,-0.1048424293,-0.9944569377,0.0079664362,,,,
9295,0.0,-142.126633,2226.413086,1751.180176,-0.1046904096,-0.9944730249,0.007957448,,,,
9296,0.0,-142.287186,2226.293701,1751.063354,-0.1046904096,-0.9944730249,0.007957448,,,,
9297,0.0,-142.390961,2226.18335,1750.967651,-0.1044974691,-0.9944933172,0.007957448,,,,
9298,0.0,-142.560303,2226.045898,1750.848877,-0.1036803068,-0.9945794859,0.0078765546,,,,
9299,0.0,-142.772568,2225.893799,1750.672852,-0.1017512844,-0.9947809083,0.0075908178,,,,
9300,0.0,-143.027328,2225.755859,1750.515991,-0.1011989032,-0.9948373823,0.0075739584,,,,
9301,0.0,-143.27002,2225.633545,1750.338623,-0.1011623363,-0.9948411013,0.0075739584,,,,
9302,0.0,-143.725815,2225.492676,1750.151978,-0.1011623363,-0.9948411013,0.0075739584,,,,
9303,0.0,-144.201202,2225.288574,1749.820312,-0.1001389712,-0.9949435026,0.0077209457,,,,
9304,0.0,-144.778778,2225.248535,1749.703613,-0.0944871956,-0.9954907089,0.0083915667,,,,
9305,0.0,-145.255478,2225.095215,1749.426636,-0.0835374656,-0.9964673838,0.008616549,,,,
9306,0.0,-145.894424,2225.116211,1749.28186,-0.0769547135,-0.9969948594,0.0089006951,,,,
9307,0.0,-146.491409,2225.176514,1749.288696,-0.0706346717,-0.9974598684,0.0091953296,,,,
9308,0.0,-147.06456,2225.212891,1749.207886,-0.0662367533,-0.9977596533,0.009400362,,,,
9309,0.0,-147.832809,2225.282227,1749.209961,-0.0587478052,-0.9982245787,0.0098176335,,,,
9310,0.0,-148.637039,2225.307617,1749.08313,-0.0452826513,-0.998921917,0.0102217965,,,,
9311,0.0,-149.269272,2225.446777,1749.226807,-0.0380761474,-0.9992193958,0.0105264448,,,,
9312,0.0,-150.144424,2225.535645,1749.284668,-0.0334422745,-0.9993809102,0.0109275159,,,,
9313,0.0,-151.273132,2225.612549,1749.349976,-0.0326851562,-0.999404885,0.0110252659,,,,
9314,0.0,-152.193039,2225.61377,1749.24939,-0.0326851562,-0.999404885,0.0110252659,,,,
9315,0.0,-153.125031,2225.500244,1748.810669,-0.0326851562,-0.999404885,0.0110252659,,,,
9316,0.0,-154.19725,2225.552734,1748.720459,-0.0326851562,-0.999404885,0.0110252659,,,,
9317,0.0,-156.895248,2225.836182,1748.581787,-0.0326851562,-0.999404885,0.0110252659,,,,
9318,0.0,-158.482407,2226.015381,1748.608032,-0.0326851562,-0.999404885,0.0110252659,,,,
9319,0.0,-160.216064,2226.223633,1748.417725,-0.0326851562,-0.999404885,0.0110252659,,,,
9320,0.0,-162.00116,2226.599854,1748.448364,-0.0326851562,-0.999404885,0.0110252659,,,,
9321,0.0,-163.764618,2227.358643,1748.546265,-0.0326851562,-0.999404885,0.0110252659,,,,
9322,0.0,-164.9426345,2227.8824465,1748.6032715,-0.0326851562,-0.999404885,0.0110252659,,,,
9323,0.0,-166.120651,2228.40625,1748.660278,-0.0326851562,-0.999404885,0.0110252659,,,,
9324,0.0,-170.027023,2230.420166,1748.886963,-0.0326851562,-0.999404885,0.0110252659,,,,
9325,0.0,-172.080551,2231.525879,1749.047485,-0.0326851562,-0.999404885,0.0110252659,,,,
9326,0.0,-174.44873,2232.763916,1749.244507,-0.0326851562,-0.999404885,0.0110252659,,,,
9327,0.0,-176.588364,2233.990234,1749.331543,-0.0326851562,-0.999404885,0.0110252659,,,,
9328,0.0,-178.858841,2235.340576,1749.532715,-0.0326851562,-0.999404885,0.0110252659,,,,
9329,0.0,-181.078491,2236.468018,1749.606079,-0.0326851562,-0.999404885,0.0110252659,,,,
9330,0.0,-183.354935,2237.43457,1749.623291,-0.0326851562,-0.999404885,0.0110252659,,,,
9331,0.0,-185.703522,2238.287598,1749.643921,-0.0326851562,-0.999404885,0.0110252659,,,,
9332,0.0,-188.675476,2239.178711,1749.72998,-0.0326851562,-0.999404885,0.0110252659,,,,
9333,0.0,-191.551605,2239.921875,1749.845459,-0.027334416,-0.9995655422,0.0110252659,,,,
9334,0.0,-194.142349,2240.508057,1749.945557,0.02811378,-0.999499333,0.0145154634,,,,
9335,0.0,-196.753586,2240.895996,1750.172485,0.0668639163,-0.9976095759,0.017445653,,,,
9336,0.0,-200.06633,2241.503906,1750.172852,0.1001444701,-0.9947827609,0.0194510612,0.135276739,917.5096906851,1826.8037859022,8.0
9337,0.0,-202.920792,2242.286621,1750.180908,0.1345130012,-0.9906979211,0.0205883864,0.1184885785,862.6698588205,1827.0605912847,8.0
9338,0.0,-206.099731,2242.952637,1750.203491,0.1754861423,-0.9841763442,0.0245262581,0.0995793477,794.9340585749,1827.3494013299,8.0
9339,0.0,-208.193893,2243.307861,1750.223267,0.1901320316,-0.9813967547,0.0266499594,0.0931150095,770.0281753613,1827.4037854664,8.0
9340,0.0,-210.528656,2243.647949,1750.246338,0.2076479606,-0.9777903547,0.0284314389,0.0856361748,739.7581943367,1827.0436151581,8.0
9341,0.0,-213.900162,2243.947021,1750.283569,0.2254872303,-0.973786767,0.0299139011,0.0784919015,709.5444230993,1827.0315889203,8.0
9342,0.0,-217.530502,2244.046875,1750.30603,0.2525858708,-0.9670090559,0.0330736116,0.0680501682,662.2534241398,1826.4664059055,8.0
9343,0.0,-220.158264,2244.055176,1750.279541,0.2669668011,-0.9631058707,0.0339971912,0.0628548555,637.1327462738,1825.910261828,8.0
9344,0.0,-222.887466,2243.902588,1750.234253,0.2835909003,-0.9582798983,0.0357188713,0.057036783,607.5603670896,1825.0704571824,8.0
9345,0.0,-225.716934,2243.607666,1750.038818,0.2986767284,-0.9536431819,0.0368360362,0.0520384567,580.7481972159,1824.0446989634,8.0
9346,0.0,-228.439468,2243.14624,1750.019043,0.3095848814,-0.9501517181,0.0369988342,0.0486252989,561.4676578485,1822.7338862116,8.0
9347,0.0,-230.912842,2242.304199,1749.818237,0.3187584671,-0.9470824359,0.037787555,0.0458266742,544.9309695356,1820.9615671246,8.0
9348,0.0,-233.764618,2241.962402,1749.767212,0.3270260846,-0.9442527275,0.0379569049,0.0434380822,530.570514341,1819.9564325888,8.0
9349,0.0,-237.026382,2241.311523,1749.667114,0.3328260679,-0.9422056959,0.0384087899,0.0418163127,520.278896486,1818.178963629,8.0
9350,0.0,-240.261856,2240.618408,1749.64917,0.3362124242,-0.9409841653,0.038858801,0.0409871791,514.9247248431,1817.1931529619,8.0
9351,0.0,-243.512939,2240.02002,1749.641724,0.3381157989,-0.9402995987,0.0389149232,0.040612108,512.391810795,1816.4113378497,8.0
9352,0.0,-246.67189,2239.195068,1749.53418,0.3391360557,-0.9399321063,0.0389149232,0.0405065291,511.4961401571,1815.5488338253,8.0
9353,0.0,-249.446411,2237.979492,1749.276855,0.3393393044,-0.9398587468,0.0389149407,0.0405601659,511.3425448134,1813.8279967775,8.0
9354,0.0,-251.933105,2236.545654,1748.87439,0.3393393044,-0.9398587468,0.0389149407,0.0406766414,511.5563153547,1812.04028749,8.0
9355,0.0,-253.711487,2234.997559,1748.528198,0.3393393044,-0.9398587468,0.0389149407,0.0406271804,510.4057054713,1809.0419563692,8.0
9356,0.0,-254.646973,2233.553467,1748.20813,0.3400158991,-0.9396141852,0.0389149232,0.0403191491,507.6664296039,1806.0513415261,8.0
9357,0.0,-254.966537,2232.289062,1747.886597,0.3402402325,-0.9395329753,0.0389149407,0.040067973,505.2828653262,1803.0815937311,8.0
9358,0.0,-254.802017,2229.742432,1747.510498,0.3402402325,-0.9395329753,0.0389149407,0.0394987218,500.0533561375,1796.9717947573,8.0
9359,0.0,-254.754181,2228.230713,1747.772339,0.3402402325,-0.9395329753,0.0389149407,0.0392473061,497.5750642551,1793.6688721753,8.0
9360,0.0,-254.7208025,2227.4558105,1747.8900145,0.3402402325,-0.9395329753,0.0389149407,0.0391163611,496.3108436971,1792.0437819892,8.0
9361,0.0,-254.687424,2226.680908,1748.00769,0.3402402325,-0.9395329753,0.0389149407,0.0389854162,495.0466231391,1790.418691803,8.0
9362,0.0,-254.551239,2224.923096,1748.43335,0.3402402325,-0.9395329753,0.0389149407,0.0386329805,491.8118830508,1786.6540828612,8.0
9363,0.0,-254.211182,2223.548096,1748.841797,0.3402402325,-0.9395329753,0.0389149407,0.0382369692,488.5286220432,1783.7131313176,8.0
9364,0.0,-253.164764,2222.279785,1748.627808,0.3402402325,-0.9395329753,0.0389149407,0.0377872791,484.9002169347,1780.764642774,8.0
9365,0.0,-252.034836,2221.090088,1748.569946,0.3402402325,-0.9395329753,0.0389149407,0.0372635818,480.8732907561,1778.1048512265,8.0
9366,0.0,-250.360046,2218.757812,1748.797607,0.3402402325,-0.9395329753,0.0389149407,0.0364604611,474.6667765244,1774.0176289073,8.0
9367,0.0,-249.344955,2217.226318,1748.792358,0.3402402325,-0.9395329753,0.0389149407,0.0360108894,471.1467273755,1771.6165038114,8.0
9368,0.0,-248.205292,2215.240967,1748.956177,0.3402402325,-0.9395329753,0.0389149407,0.03552739,467.3048062276,1768.8687403132,8.0
9369,0.0,-247.179321,2214.252686,1748.957031,0.3402402325,-0.9395329753,0.0389149407,0.0351026186,464.0786175145,1767.0623107896,8.0
9370,0.0,-245.775772,2212.562744,1748.971558,0.3402402325,-0.9395329753,0.0389149407,0.0345656783,459.8772539658,1764.3718494127,8.0
9371,0.0,-244.484283,2210.587402,1749.002686,0.340970986,-0.9392680211,0.0389149232,0.033897148,454.7951723769,1761.6967355984,8.0
9372,0.0,-243.112076,2208.330811,1749.066772,0.3411408314,-0.9392063461,0.0389149407,0.0333864947,450.7097886542,1758.9442288718,8.0
9373,0.0,-242.175735,2206.039795,1749.188599,0.3411408314,-0.9392063461,0.0389149407,0.0329883251,447.4455092303,1756.533964989,8.0
9374,0.0,-241.569031,2204.063477,1749.290161,0.3411408314,-0.9392063461,0.0389149407,0.0326204206,444.5170079619,1754.686459364,8.0
9375,0.0,-241.04512,2201.840332,1749.392944,0.3411408314,-0.9392063461,0.0389149407,0.03235345,442.2338891267,1752.7427398184,8.0
9376,0.0,-240.653,2199.46875,1749.537109,0.3433649878,-0.938395499,0.0389149407,,,,
9377,0.0,-240.46637,2196.521729,1749.815796,0.3473318545,-0.9369344756,0.0389149232,,,,
9378,0.0,-240.556442,2194.439209,1750.015259,0.3635500284,-0.9307615185,0.0389149407,,,,
9379,0.0,-240.997925,2192.516357,1750.210815,0.3943119591,-0.9181523328,0.0389149407,,,,
9380,0.0,-241.557068,2190.827393,1750.386108,0.433656277,-0.900237669,0.0389149407,,,,
9381,0.0,-242.002579,2188.970703,1750.434692,0.4697085926,-0.8820010537,0.0380523229,,,,
9382,0.0,-241.475586,2187.692383,1749.883179,0.5067436651,-0.8612917837,0.0372467617,,,,
9383,0.0,-242.270401,2186.153564,1749.280518,0.5519440017,-0.8330599642,0.0369988516,,,,
9384,0.0,-243.275421,2184.341553,1749.301514,0.599222901,-0.7997268291,0.0369988342,,,,
9385,0.0,-244.607941,2182.107666,1749.367554,0.6209894398,-0.78294521,0.0369988342,,,,
9386,0.0,-245.376663,2180.72583,1749.469238,0.6240658964,-0.7804952551,0.0369988342,,,,
9387,0.0,-246.022141,2179.606201,1749.567871,0.6242820433,-0.78032238,0.0369988342,,,,
9388,0.0,-247.070404,2178.688965,1750.027466,0.6242820433,-0.78032238,0.0369988342,,,,
9389,0.0,-247.414749,2177.998047,1750.605469,0.6242820433,-0.78032238,0.0369988342,,,,
9390,0.0,-247.64296,2177.764648,1751.576416,0.6242820433,-0.78032238,0.0369988342,,,,
9391,0.0,-247.843979,2177.911133,1752.06604,0.6242820433,-0.78032238,0.0369988342,,,,
9392,0.0,-248.128128,2178.383301,1752.466797,0.6242820433,-0.78032238,0.0369988342,,,,
9393,0.0,-247.872849,2178.906494,1752.47229,0.6242820433,-0.78032238,0.0369988342,,,,
9394,0.0,-247.752548,2179.386719,1752.480225,0.6242820433,-0.78032238,0.0369988342,,,,
9395,0.0,-247.633881,2180.106934,1752.468384,0.6242820433,-0.78032238,0.0369988342,,,,
9396,0.0,-247.458862,2180.792969,1752.405029,0.6237470301,-0.7807501065,0.0369988342,,,,
9397,0.0,-247.045181,2181.612549,1752.325317,0.621724478,-0.7823616554,0.0369988342,,,,
9398,0.0,-246.54657,2182.456543,1752.219849,0.6206685888,-0.7831995845,0.0369988342,,,,
9399,0.0,-245.907623,2183.384033,1752.091919,0.6192852214,-0.7842938867,0.0369988342,,,,
9400,0.0,-245.158737,2184.419678,1751.869019,0.6177140602,-0.7855319383,0.0369988342,,,,
9401,0.0,-243.347855,2186.447998,1751.305176,0.6162185266,-0.7867056716,0.0369988342,,,,
9402,0.0,-242.017349,2187.631104,1751.03479,0.6148179079,-0.7878366692,0.0362259973,,,,
9403,0.0,-240.738586,2188.833496,1750.865845,0.6139340205,-0.7885341356,0.036040747,,,,
9404,0.0,-239.275558,2190.100342,1750.636108,0.6119468476,-0.7900772875,0.036040747,,,,
9405,0.0,-237.797913,2191.417969,1750.482422,0.610368168,-0.791330298,0.035313722,,,,
9406,0.0,-236.231384,2192.933838,1750.37854,0.6082489453,-0.792970637,0.0350826092,,,,
9407,0.0,-234.6091,2194.355469,1750.329712,0.6066380397,-0.7942340947,0.0343873756,,,,
9408,0.0,-232.521255,2195.945312,1750.119019,0.6044935413,-0.7959098476,0.0333927083,,,,
9409,0.0,-230.098953,2197.892822,1749.50293,0.600484474,-0.7989483062,0.0331662551,,,,
9410,0.0,-228.073471,2199.644531,1748.968628,0.5987662509,-0.8002721936,0.032301594,,,,
9411,0.0,-226.280838,2201.43335,1748.473755,0.5971465424,-0.8014852776,0.0322080232,0.0460848979,313.6528124035,1045.242418706,1.0
9412,0.0,-225.350296,2202.611084,1748.067749,0.5960039948,-0.8023352675,0.0322080232,0.0459118833,312.8615346094,1044.5218891581,1.0
9413,0.0,-224.423874,2204.035156,1747.549927,0.5955441656,-0.802676641,0.0322080232,0.0455567896,311.6534604983,1044.4408984066,1.0
9414,0.0,-223.833588,2205.488525,1747.049438,0.5943110055,-0.8035901144,0.0322080232,0.0456402944,312.1236680501,1045.0816776575,1.0
9415,0.0,-223.758499,2206.729492,1746.726074,0.5933857703,-0.8042735672,0.0322080232,0.0457297859,312.6726974061,1045.9190422573,1.0
9416,0.0,-224.31366,2208.180664,1746.767822,0.5909829068,-0.806040847,0.0322080232,0.0469038243,316.1768624948,1044.6339676482,1.0
9417,0.0,-225.204681,2209.143066,1747.154175,0.5894003509,-0.8071987795,0.0322080232,0.0479749651,319.2527312544,1043.240878579,1.0
9418,0.0,-225.802094,2209.738281,1747.314209,0.5877432605,-0.8084061498,0.0322080232,0.0489253679,321.9711580724,1042.1085963386,1.0
9419,0.0,-226.973419,2210.464844,1747.897583,0.5870460826,-0.8089125664,0.0322080232,0.0498144416,324.3563466447,1040.6550563057,1.0
9420,0.0,-228.212128,2210.701172,1748.091797,0.5858518218,-0.809777924,0.0322080232,0.0508826217,327.2045621083,1039.0001580129,1.0
9421,0.0,-229.323151,2210.837158,1748.152832,0.5854939379,-0.8100367226,0.0322080232,,,,
9422,0.0,-230.169342,2210.848389,1748.132935,0.5848499739,-0.8105017898,0.0322080232,,,,
9423,0.0,-230.790344,2210.830078,1748.258667,0.583687512,-0.8113393443,0.0322080232,,,,
9424,0.0,-231.82254,2210.74707,1748.44812,0.581468432,-0.8129311815,0.0322080232,,,,
9425,0.0,-232.820129,2210.93042,1748.983643,0.5784175969,-0.8151047337,0.0322080232,,,,
9426,0.0,-233.785095,2211.048828,1749.823364,0.5727908798,-0.8190392357,0.0329444752,,,,
9427,0.0,-234.811111,2211.066162,1751.105713,0.5656056357,-0.8240086555,0.0331662551,,,,
9428,0.0,-234.621033,2211.005371,1751.106079,0.5609197487,-0.8272055579,0.0331662551,,,,
9429,0.0,-234.372894,2211.140381,1751.121338,0.5553391699,-0.8309281049,0.0340130994,,,,
9430,0.0,-233.843155,2211.05542,1751.147583,0.5469827203,-0.8364481014,0.0341244391,,,,
9431,0.0,-233.221954,2210.839355,1751.111206,0.5436249222,-0.8386342866,0.0341244391,,,,
9432,0.0,-232.419769,2210.421143,1750.951294,0.5367420371,-0.8430560529,0.0341244391,,,,
9433,0.0,-231.560837,2209.8479,1750.694824,0.5332567927,-0.8452291819,0.034997472,,,,
9434,0.0,-230.405609,2209.512939,1750.526611,0.5249329331,-0.8504202645,0.0350826092,,,,
9435,0.0,-229.046204,2209.534424,1750.542847,0.5160600274,-0.8557988851,0.0359209728,,,,
9436,0.0,-227.522263,2209.636963,1750.46936,0.5033355974,-0.8633035805,0.0368809479,,,,
9437,0.0,-225.721405,2209.941895,1750.419678,0.4666968863,-0.8836026912,0.037951289,,,,
9438,0.0,-224.427292,2210.196289,1750.350342,0.4514147684,-0.8914763464,0.0386604539,,,,
9439,0.0,-222.444839,2210.658936,1750.237549,0.4229345737,-0.9052543069,0.0405090874,,,,
9440,0.0,-218.796112,2211.603027,1749.937256,0.3714351859,-0.9274103739,0.0441123693,,,,
9441,0.0,-217.522438,2211.9458005,1749.8654785,0.3554233073,-0.9334937452,0.0443873539,,,,
9442,0.0,-214.594009,2212.744141,1749.753906,0.3220470465,-0.945669591,0.0446623385,,,,
9443,0.0,-213.3083115,2212.990601,1749.7075195,0.2992837686,-0.9528556488,0.0438737996,,,,
9444,0.0,-212.022614,2213.237061,1749.661133,0.2765204908,-0.9600417066,0.0430852607,,,,
9445,0.0,-209.847534,2213.743164,1749.73877,0.2364115687,-0.9707122598,0.0427466824,,,,
9446,0.0,-207.470367,2214.352295,1749.776733,0.2060223744,-0.977613166,0.0427466824,,,,
9447,0.0,-204.913223,2214.881104,1749.756836,0.1696682693,-0.9845737146,0.0427466824,,,,
9448,0.0,-200.524277,2216.023682,1749.864624,0.147645625,-0.9881161321,0.0427466824,,,,
9449,0.0,-197.725616,2216.6875,1749.861206,0.140597629,-0.989143583,0.0427466824,,,,
9450,0.0,-194.890381,2217.379639,1749.871704,0.1372952168,-0.9896073689,0.0427466824,,,,
9451,0.0,-193.2258455,2217.779053,1749.8724975,0.1360418952,-0.9897796338,0.0427466824,,,,
9452,0.0,-189.163925,2218.94751,1749.899902,0.1291491345,-0.9907033977,0.0427466824,,,,
9453,0.0,-186.606293,2220.075439,1750.040283,0.1201373321,-0.9918365503,0.0427466824,,,,
9454,0.0,-184.043594,2221.330078,1750.158569,0.1101052013,-0.9930002849,0.0427466824,,,,
9455,0.0,-181.438873,2222.588867,1750.323853,0.0897885078,-0.9950430863,0.0427466998,,,,
9456,0.0,-179.07489,2223.78418,1750.458252,0.0747984676,-0.996312963,0.0420198654,,,,
9457,0.0,-176.389359,2225.315186,1750.666748,0.0592353323,-0.9973689741,0.0417888124,,,,
9458,0.0,-174.588089,2226.338379,1750.700684,0.048548433,-0.9979462642,0.041788795,,,,
9459,0.0,-172.351685,2227.89624,1751.030762,0.0332525549,-0.9985729632,0.0417888124,,,,
9460,0.0,-169.984344,2229.457764,1751.086182,0.0069156726,-0.9991338989,0.0410320067,,,,
9461,0.0,-167.840561,2231.050293,1751.170044,-0.0137482768,-0.999102612,0.040061896,,,,
9462,0.0,-165.915421,2232.48877,1751.234741,-0.0319870674,-0.9986926342,0.0398729232,,,,
9463,0.0,-163.32077,2234.163574,1751.236328,-0.064140885,-0.9971728823,0.0391431953,,,,
9464,0.0,-160.404556,2235.961426,1751.084106,-0.0896768243,-0.9952103777,0.0389149232,,,,
9465,0.0,-158.520416,2236.901855,1750.99292,-0.0955544859,-0.994663244,0.0389149232,,,,
9466,0.0,-155.221649,2238.489258,1750.633789,-0.1053169235,-0.9936769963,0.0389149407,,,,
9467,0.0,-152.540146,2239.473877,1750.537842,-0.1138380709,-0.9927368841,0.0389149407,,,,
9468,0.0,-149.916382,2240.540039,1750.19043,-0.1194605432,-0.9920760082,0.0389149407,,,,
9469,0.0,-147.173309,2241.351807,1750.043457,-0.1277512778,-0.9910425008,0.0389149407,,,,
9470,0.0,-144.38446,2242.241699,1749.742188,-0.1397618534,-0.989455005,0.0380186449,,,,
9471,0.0,-142.143448,2242.810303,1749.605103,-0.1529561562,-0.987530135,0.0372645517,,,,
9472,0.0,-139.292374,2243.274902,1749.467407,-0.1605426632,-0.9863352065,0.0369988342,,,,
9473,0.0,-136.501282,2243.597168,1749.348022,-0.1629523908,-0.9859399599,0.0369988342,,,,
9474,0.0,-133.782684,2243.827148,1749.344727,-0.1654365708,-0.9855261677,0.0369988342,,,,
9475,0.0,-129.879395,2244.407227,1749.318726,-0.1680585003,-0.9850824467,0.0369988342,,,,
9476,0.0,-126.791023,2244.528809,1749.148071,-0.1698017714,-0.9847834507,0.0369988342,,,,
9477,0.0,-123.645798,2244.63208,1748.819336,-0.172445039,-0.9843240287,0.0369988516,,,,
9478,0.0,-120.852951,2244.676758,1748.453979,-0.1734730637,-0.9841433749,0.0369988342,,,,
9479,0.0,-117.780975,2244.655273,1748.086548,-0.1758143774,-0.9837535307,0.0363083401,,,,
9480,0.0,-114.88961,2244.911133,1747.714478,-0.1784533103,-0.9832880964,0.036040747,,,,
9481,0.0,-113.737801,2244.959717,1747.46875,-0.179863279,-0.983031162,0.036040747,,,,
9482,0.0,-112.44297,2245.115479,1747.182007,-0.1820040777,-0.9826370542,0.036040747,,,,
9483,0.0,-111.633835,2244.630127,1747.071045,-0.1832035333,-0.9824141336,0.036040747,,,,
9484,0.0,-112.103844,2244.072998,1747.531494,-0.1832035333,-0.9824141336,0.036040747,,,,
9485,0.0,-112.515869,2244.202393,1747.810913,-0.1832035333,-0.9824141336,0.036040747,,,,
9486,0.0,-112.7759095,2244.348633,1748.0846555,-0.1832035333,-0.9824141336,0.036040747,,,,
9487,0.0,-113.283119,2244.505371,1748.769775,-0.1848253521,-0.9821401439,0.035218277,,,,
9488,0.0,-113.3935585,2244.607666,1749.0274045,-0.1872372763,-0.9816988856,0.0346872662,,,,
9489,0.0,-113.298164,2244.731445,1749.640381,-0.199222185,-0.9794345943,0.0319123246,,,,
9490,0.0,-112.841034,2244.5896,1750.013672,-0.221637946,-0.9747185017,0.0282924619,,,,
9491,0.0,-111.340553,2245.523682,1750.007324,-0.2403280446,-0.9703757434,0.0247658539,,,,
9492,0.0,-111.008469,2245.161133,1749.937988,-0.253896747,-0.9669781506,0.0221291255,,,,
9493,0.0,-110.166412,2244.799805,1750.34668,-0.2685893024,-0.9630774429,0.0184831187,,,,
9494,0.0,-109.461075,2244.442627,1750.812988,-0.2790129579,-0.9601619815,0.0155157559,,,,
9495,0.0,-108.931122,2244.135254,1751.140991,-0.2812498811,-0.959519509,0.0148598844,,,,
9496,0.0,-108.681938,2243.883789,1751.364868,-0.2812498811,-0.959519509,0.0148598844,,,,
9497,0.0,-108.635086,2243.621582,1751.373291,-0.2812498811,-0.959519509,0.0148598844,,,,
9498,0.0,-108.902664,2243.338623,1751.334839,-0.2812498811,-0.959519509,0.0148598844,,,,
9499,0.0,-109.078926,2243.293457,1751.354858,-0.2814598846,-0.9594606155,0.014685388,,,,
9500,0.0,-109.425293,2243.277344,1751.420654,-0.2816797284,-0.9593988706,0.0145030205,,,,
9501,0.0,-109.624451,2243.300781,1751.45752,-0.2852847465,-0.9583380184,0.014172367,,,,
9502,0.0,-109.868332,2243.279297,1751.479614,-0.289908196,-0.9569316556,0.0153311569,,,,
9503,0.0,-110.073219,2243.281006,1751.499023,-0.2948610771,-0.9553856734,0.0171802283,,,,
9504,0.0,-110.227898,2243.308105,1751.531006,-0.2966397287,-0.954821966,0.0178853201,,,,
9505,0.0,-110.239784,2243.285645,1751.544556,-0.2970651437,-0.9546889059,0.0179274456,,,,
9506,0.0,-110.218315,2243.289307,1751.593262,-0.2972017895,-0.9546463759,0.0179274456,,,,
9507,0.0,-110.233482,2243.22168,1751.604004,-0.2972017895,-0.9546463759,0.0179274456,,,,
9508,0.0,-110.003807,2243.469482,1751.692993,-0.2972062306,-0.9546601716,0.0171000945,,,,
9509,0.0,-110.031761,2243.271973,1751.525024,-0.2972080705,-0.9546660817,0.016734256,,,,
9510,0.0,-110.024002,2243.227051,1751.508789,-0.2972086745,-0.9546684913,0.0165854001,,,,
9511,0.0,-110.069611,2243.095459,1751.451172,-0.2972086745,-0.9546684913,0.0165854001,,,,
9512,0.0,-110.199196,2243.047607,1751.403931,-0.2972112704,-0.9546763599,0.0160782053,,,,
9513,0.0,-110.524811,2243.098145,1751.327759,-0.2953732031,-0.9553157517,0.0112465773,,,,
9514,0.0,-110.960976,2243.135742,1751.242798,-0.2931544078,-0.956048471,0.0056404204,,,,
9515,0.0,-111.383156,2242.97583,1751.09082,-0.2820799686,-0.9592794141,-0.0146252155,,,,
9516,0.0,-111.481407,2242.683838,1750.679077,-0.2788209703,-0.9600933431,-0.0219006649,,,,
9517,0.0,-112.482445,2242.703125,1750.190796,-0.2788447271,-0.9601746468,-0.0176143655,,,,
9518,0.0,-113.730545,2242.812012,1749.839355,-0.2823729576,-0.9592591769,-0.0093458228,,,,
9519,0.0,-115.239265,2242.978516,1749.49353,-0.2852997182,-0.9584382285,0.0004825486,,,,
9520,0.0,-116.645081,2243.209473,1749.095337,-0.2867844493,-0.9579928391,0.002097605,,,,
9521,0.0,-118.447418,2243.601807,1748.698242,-0.2871628941,-0.9578785198,0.0024927116,,,,
9522,0.0,-120.717781,2244.514648,1748.613525,-0.2871628941,-0.9578785198,0.0024927116,,,,
9523,0.0,-125.232857,2246.415527,1748.749512,-0.2919587332,-0.9564159102,0.0053576814,,,,
9524,0.0,-126.805584,2247.146118,1748.88385,-0.2957054346,-0.9552334602,0.0080427978,,,,
9525,0.0,-128.378311,2247.876709,1749.018188,-0.2994521359,-0.9540510102,0.0107279142,,,,
9526,0.0,-130.932007,2248.89502,1749.197998,-0.304467277,-0.9524158916,0.0142704795,,,,
9527,0.0,-134.148056,2250.408447,1749.595093,-0.3142261213,-0.9491354661,0.0200950665,,,,
9528,0.0,-137.650711,2251.431641,1749.793335,-0.3189957915,-0.9475066702,0.0217438495,,,,
9529,0.0,-142.046844,2252.665039,1749.803833,-0.3251630131,-0.9454075557,0.0217616302,,,,
9530,0.0,-143.9634855,2252.9017335,1749.8117065,-0.3279883582,-0.944426346,0.0217616302,,,,
9531,0.0,-145.880127,2253.138428,1749.81958,-0.3308137034,-0.9434451363,0.0217616302,,,,
9532,0.0,-149.569336,2253.513428,1749.840088,-0.3394226992,-0.9403821897,0.0217616302,,,,
9533,0.0,-156.277374,2253.591553,1749.922241,-0.3517089258,-0.9358389455,0.0225011021,,,,
9534,0.0,-159.963715,2253.359375,1750.034546,-0.3548088946,-0.9346219284,0.0243413084,,,,
9535,0.0,-163.38475,2252.962891,1750.176025,-0.3567597539,-0.9338490447,0.0254644807,,,,
9536,0.0,-166.678543,2252.393799,1750.318481,-0.3577771724,-0.9334328207,0.026432254,,,,
9537,0.0,-169.777313,2251.643799,1750.471924,-0.3578896322,-0.9333862549,0.0265539131,,,,
9538,0.0,-172.721191,2250.344971,1750.73584,-0.3578896322,-0.9333862549,0.0265539131,,,,
9539,0.0,-175.656921,2249.62793,1750.706299,-0.3578896322,-0.9333862549,0.0265539131,,,,
9540,0.0,-178.613861,2248.898438,1750.529053,-0.3578809095,-0.9333631649,0.0274673817,,,,
9541,0.0,-180.69104,2248.379639,1750.447998,-0.3578458307,-0.9332712885,0.0308393186,,,,
9542,0.0,-183.652679,2247.588379,1750.228271,-0.3577926809,-0.9331326725,0.0353243967,,,,
9543,0.0,-186.513458,2246.811279,1750.023926,-0.3584808369,-0.932743557,0.0384830685,,,,
9544,0.0,-189.302872,2246.001465,1749.834106,-0.3586148014,-0.9326021772,0.0406029961,,,,
9545,0.0,-191.94165,2245.204346,1749.65564,-0.3586101756,-0.9325898075,0.0409266774,,,,
9546,0.0,-194.767395,2244.341553,1749.653198,-0.3586101756,-0.9325898075,0.0409266774,,,,
9547,0.0,-197.644012,2243.445068,1749.684082,-0.3586101756,-0.9325898075,0.0409266774,,,,
9548,0.0,-199.617508,2242.783691,1749.693848,-0.3586101756,-0.9325898075,0.0409266774,,,,
9549,0.0,-203.133698,2241.652588,1749.775024,-0.3578803786,-0.9328701097,0.0409266774,,,,
9550,0.0,-206.02327,2240.703857,1749.861084,-0.3577159121,-0.932933188,0.0409266774,,,,
9551,0.0,-208.900375,2239.665527,1749.915405,-0.3562926292,-0.9334442293,0.0416825273,,,,
9552,0.0,-212.075607,2238.466309,1750.00647,-0.3535669301,-0.9344710302,0.0418845994,,,,
9553,0.0,-214.95401,2237.291504,1750.200439,-0.3509315415,-0.9354271639,0.0426974742,,,,
9554,0.0,-217.903076,2235.995117,1750.458496,-0.3466468206,-0.9369795101,0.0436506513,,,,
9555,0.0,-220.766312,2234.778076,1750.592407,-0.3422195735,-0.9385614979,0.0445878697,,,,
9556,0.0,-223.586349,2233.456787,1750.759277,-0.3386383021,-0.9398514846,0.0447580961,,,,
9557,0.0,-226.397934,2232.207764,1750.781616,-0.3344919876,-0.9413014213,0.0454614626,,,,
9558,0.0,-229.315475,2230.780518,1750.773193,-0.3204837706,-0.9461155022,0.0464285395,,,,
9559,0.0,-232.261139,2229.601074,1750.664062,-0.3042051038,-0.9513935636,0.0480576935,,,,
9560,0.0,-235.417892,2228.409424,1750.51355,-0.2871909994,-0.956640189,0.048588874,,,,
9561,0.0,-238.6082,2227.138672,1750.402344,-0.2595980829,-0.9644163104,0.0501000566,,,,
9562,0.0,-241.802567,2225.967041,1750.210693,-0.2482952647,-0.9673669462,0.0505039898,,,,
9563,0.0,-244.666138,2224.776123,1750.118286,-0.2448500239,-0.9682447071,0.0505039898,,,,
9564,0.0,-247.985474,2223.735352,1750.050781,-0.2386977599,-0.9697797309,0.0505039898,,,,
9565,0.0,-251.46846,2223.134277,1749.886353,-0.2327553622,-0.9712230889,0.0505039898,,,,
9566,0.0,-254.404251,2222.550049,1750.063232,-0.2226218308,-0.973595844,0.0505039898,,,,
9567,0.0,-257.34198,2221.987793,1750.052124,-0.198375631,-0.9787827326,0.0512978695,,,,
9568,0.0,-260.585358,2221.663086,1750.025757,-0.1798234802,-0.9823518877,0.0514614872,,,,
9569,0.0,-263.25528,2221.294434,1750.042114,-0.1624376791,-0.9853759261,0.0514614872,,,,
9570,0.0,-266.780792,2220.888428,1750.035767,-0.1448596065,-0.9881130551,0.0514614872,,,,
9571,0.0,-269.733551,2220.62085,1750.072876,-0.1178301139,-0.9916994401,0.0514614872,,,,
9572,0.0,-272.845337,2220.337158,1750.102783,-0.0996315035,-0.9936927487,0.0514614872,,,,
9573,0.0,-275.788818,2220.084473,1750.199829,-0.0781613634,-0.9956580965,0.0505544874,,,,
9574,0.0,-281.153534,2219.635498,1750.490723,-0.0535602308,-0.9973702298,0.0488254689,,,,
9575,0.0,-284.338928,2219.294434,1750.650879,-0.0368188385,-0.9981779928,0.0478023838,,,,
9576,0.0,-287.322083,2218.944092,1750.819336,-0.0053538886,-0.9989230326,0.0460880764,,,,
9577,0.0,-290.286865,2218.591309,1751.005981,0.0158021156,-0.9988635836,0.044964814,,,,
9578,0.0,-293.136841,2218.278564,1751.146851,0.0302353323,-0.9986016169,0.0433662925,,,,
9579,0.0,-296.742706,2217.93335,1751.310425,0.0438859986,-0.9981549713,0.0419603673,,,,
9580,0.0,-299.697205,2217.712646,1751.355591,0.0473111403,-0.9980375726,0.0410202357,,,,
9581,0.0,-302.694275,2217.4729,1751.359497,0.0475913497,-0.998028091,0.0409266774,,,,
9582,0.0,-305.734558,2217.244629,1751.356812,0.0475913497,-0.998028091,0.0409266774,,,,
9583,0.0,-308.442902,2217.021973,1751.302734,0.0484442475,-0.997987055,0.0409266774,,,,
9584,0.0,-311.165985,2216.80127,1751.272949,0.0493619723,-0.9979420839,0.0409266774,,,,
9585,0.0,-314.004028,2216.584473,1751.134644,0.0519814779,-0.9978426056,0.0401006286,,,,
9586,0.0,-316.841461,2216.366699,1750.993774,0.0540119175,-0.9977400535,0.0399687177,,,,
9587,0.0,-319.735016,2216.132568,1750.794556,0.0583833562,-0.9975263026,0.0391491946,,,,
9588,0.0,-322.12738,2215.940674,1750.632568,0.0603743322,-0.9974384246,0.0383605148,,,,
9589,0.0,-325.315094,2215.728271,1750.386719,0.0624706482,-0.9973211166,0.0380527066,,,,
9590,0.0,-328.2789,2215.554932,1750.209961,0.0636440316,-0.9972469247,0.0380527066,,,,
9591,0.0,-331.691559,2215.417236,1750.023804,0.0647378293,-0.9972096887,0.0371732471,,,,
9592,0.0,-334.87915,2215.308105,1749.897949,0.0648163566,-0.9972075148,0.0370946393,,,,
9593,0.0,-337.787506,2215.241455,1749.847412,0.0648163566,-0.9972075148,0.0370946393,,,,
9594,0.0,-341.010559,2215.173584,1749.799316,0.0648163566,-0.9972075148,0.0370946393,,,,
9595,0.0,-343.332184,2215.115967,1749.778809,0.0648163566,-0.9972075148,0.0370946393,,,,
9596,0.0,-346.371613,2215.011963,1749.754395,0.0648163566,-0.9972075148,0.0370946393,,,,
9597,0.0,-349.954224,2214.941162,1749.775391,0.0657485415,-0.9972139462,0.0352345682,,,,
9598,0.0,-352.792938,2215.067383,1749.833862,0.0657807933,-0.9972764978,0.0333537742,,,,
9599,0.0,-355.643768,2215.388916,1749.965698,0.0657829316,-0.9973089155,0.0323656141,,,,
9600,0.0,-358.376526,2215.886719,1750.176025,0.0657865415,-0.9973636443,0.0306250236,,,,
9601,0.0,-361.262207,2216.583252,1750.437622,0.0641353424,-0.9975512102,0.0278969694,,,,
9602,0.0,-364.297577,2217.500488,1750.765259,0.0621383356,-0.9977349569,0.0257639857,,,,
9603,0.0,-367.146088,2218.460693,1751.021118,0.0593886342,-0.9979495148,0.0238695609,,,,
9604,0.0,-369.989441,2219.365234,1751.01123,0.0575186776,-0.9981000287,0.022089237,,,,
9605,0.0,-373.100464,2220.578125,1750.921265,0.0563996117,-0.9981880946,0.0209669189,,,,
9606,0.0,-383.130432,2220.594238,1750.800903,0.0538751785,-0.9983642126,0.0191406424,,,,
9607,0.0,-384.4334105,2221.3927,1750.8258055,0.0536213017,-0.9983885698,0.0185639977,,,,
9608,0.0,-385.736389,2222.191162,1750.850708,0.0533674249,-0.9984129271,0.0179873531,,,,
9609,0.0,-387.040894,2223.177734,1750.881592,0.0533677437,-0.9984139876,0.0179274456,,,,
9610,0.0,-389.479584,2225.488281,1750.953857,0.0533682883,-0.9984290802,0.0170645124,,,,
9611,0.0,-390.191803,2226.384033,1750.981689,0.0533687232,-0.998432312,0.0168729901,,,,
9612,0.0,-391.03891,2227.412598,1751.034668,0.0533687232,-0.998432312,0.0168729901,,,,
9613,0.0,-391.374588,2227.8200685,1751.0758055,0.0533687232,-0.998432312,0.0168729901,,,,
9614,0.0,-391.710266,2228.227539,1751.116943,0.0533687232,-0.998432312,0.0168729901,,,,
9615,0.0,-392.35379,2229.008789,1751.199219,0.0533687232,-0.998432312,0.0168729901,,,,
9616,0.0,-393.203674,2230.049561,1751.30896,0.0545468659,-0.9983730356,0.0166108784,,,,
9617,0.0,-393.715027,2230.680908,1751.375732,0.0559024603,-0.9983059513,0.0161289354,,,,
9618,0.0,-394.037567,2231.072998,1751.416992,0.0559537937,-0.998303444,0.0161061095,,,,
9619,0.0,-394.306732,2231.399902,1751.451294,0.0559537937,-0.998303444,0.0161061095,,,,
9620,0.0,-394.518646,2231.656982,1751.478271,0.0559537937,-0.998303444,0.0161061095,,,,
9621,0.0,-394.673859,2231.845459,1751.498291,0.0559537937,-0.998303444,0.0161061095,,,,
9622,0.0,-394.78595,2231.981689,1751.502319,0.0559537937,-0.998303444,0.0161061095,,,,
9623,0.0,-394.801239,2232.000488,1751.502319,0.0559537937,-0.998303444,0.0161061095,,,,
9624,0.0,-394.802155,2232.001465,1751.502319,0.0559540287,-0.998310131,0.0156853114,,,,
9625,0.0,-394.801941,2232.001221,1751.502319,0.0559542193,-0.998311038,0.0156267977,,,,
9626,0.0,-394.804993,2232.0,1751.502319,0.0555794814,-0.9983319711,0.0156267977,,,,
9627,0.0,-394.811646,2231.997314,1751.502319,0.0547722708,-0.998376583,0.0156267977,,,,
9628,0.0,-394.826141,2231.991455,1751.502319,0.0530331354,-0.9984749404,0.0153388354,,,,
9629,0.0,-394.855713,2231.97998,1751.502319,0.0494794095,-0.9986645301,0.0148641949,,,,
9630,0.0,-394.896423,2231.9646,1751.502319,0.0446060843,-0.9989008424,0.0144015402,,,,
9631,0.0,-394.96936,2231.937744,1751.502319,0.03594261,-0.9992560296,0.0139827034,,,,
9632,0.0,-395.045898,2231.911377,1751.502319,0.0269265328,-0.9995448491,0.0136035492,,,,
9633,0.0,-395.181976,2231.868652,1751.502319,0.0111034415,-0.9998556923,0.0128572245,,,,
9634,0.0,-395.309082,2231.833008,1751.502319,-0.0034746402,-0.9999217237,0.0120197059,,,,
9635,0.0,-395.455627,2231.796631,1751.502319,-0.0200575799,-0.99973857,0.0109765741,,,,
9636,0.0,-395.606506,2231.765137,1751.502319,-0.0368938456,-0.999275901,0.0093014934,,,,
9637,0.0,-395.676971,2231.752441,1751.502319,-0.0446843907,-0.9989620036,0.008844236,,,,
9638,0.0,-395.706085,2231.747559,1751.502319,-0.0478938499,-0.9988173152,0.0083755626,,,,
9639,0.0,-395.714783,2231.74585,1751.502319,-0.0488444011,-0.998774252,0.0080136109,,,,
9640,0.0,-395.715881,2231.74585,1751.502319,-0.0489703681,-0.9987685328,0.007957448,,,,
9641,0.0,-395.715881,2231.74585,1751.502319,-0.0489703681,-0.9987685328,0.007957448,,,,
9642,0.0,-395.715881,2231.74585,1751.502319,-0.0489703681,-0.9987685328,0.007957448,,,,
9643,0.0,-395.715881,2231.74585,1751.502319,-0.0489703681,-0.9987685328,0.007957448,,,,
9644,0.0,-395.715881,2231.74585,1751.502319,-0.0489703681,-0.9987685328,0.007957448,,,,
9645,0.0,-395.712769,2231.746582,1751.502319,-0.0486272377,-0.9987852976,0.007957448,,,,
9646,0.0,-395.699799,2231.748535,1751.502319,-0.0472018711,-0.9988536742,0.007957448,,,,
9647,0.0,-395.63324,2231.760254,1751.502319,-0.0398562274,-0.9991737387,0.007957448,,,,
9648,0.0,-395.488403,2231.789551,1751.502319,-0.0237323111,-0.9996866791,0.007957448,,,,
9649,0.0,-395.008087,2231.924072,1751.502319,0.0313726219,-0.9994653818,0.0092037591,,,,
9650,0.0,-394.802856,2232.000977,1751.502319,0.0558432297,-0.9983938205,0.0095557766,,,,
9651,0.0,-394.493927,2232.140137,1751.502319,0.0940159138,-0.9955236036,0.0096831099,,,,
9652,0.0,-394.379181,2232.2021485,1751.502319,0.1088227628,-0.9939045246,0.0094598138,,,,
9653,0.0,-394.264435,2232.26416,1751.502319,0.1236296119,-0.9922854457,0.0092365176,,,,
9654,0.0,-394.016174,2232.421143,1751.502319,0.1571649473,-0.9875253659,0.0096348887,,,,
9655,0.0,-393.977051,2232.448242,1751.502319,0.1626168455,-0.986638751,0.0099868174,,,,
9656,0.0,-393.956543,2232.462646,1751.502319,0.1654961115,-0.9861590648,0.0100665749,,,,
9657,0.0,-393.917725,2232.289795,1751.502319,0.1666980378,-0.9859566057,0.0100665749,,,,
9658,0.0,-393.885529,2232.108643,1751.502319,0.1668901124,-0.9859241119,0.0100665749,,,,
9659,0.0,-393.859314,2231.953613,1751.502319,0.1668901124,-0.9859241119,0.0100665749,,,,
9660,0.0,-393.822571,2231.759277,1751.502319,0.1673281848,-0.9858498581,0.0100665749,,,,
9661,0.0,-393.927368,2231.75293,1751.516113,0.1680813484,-0.9857175044,0.0104719586,,,,
9662,0.0,-394.080475,2231.724365,1751.519409,0.1689265777,-0.985572217,0.0105459216,,,,
9663,0.0,-394.24884,2231.690674,1751.519043,0.1703285157,-0.9853276181,0.0108481255,,,,
9664,0.0,-394.463379,2231.6521,1751.534424,0.171037877,-0.9852038331,0.0109294007,,,,
9665,0.0,-394.767639,2231.598877,1751.539551,0.1711405822,-0.9851859973,0.0109294007,,,,
9666,0.0,-395.062195,2231.546143,1751.558716,0.1715149852,-0.985120885,0.0109294007,,,,
9667,0.0,-395.347931,2231.439453,1751.55896,0.1715173904,-0.9851153672,0.01137972,,,,
9668,0.0,-395.608673,2231.270264,1751.558838,0.1719272462,-0.9850435841,0.0114087429,,,,
9669,0.0,-395.875763,2231.044678,1751.558838,0.1719896881,-0.9850326836,0.0114087429,,,,
9670,0.0,-396.152649,2230.766357,1751.556396,0.1719893089,-0.9850289895,0.0117289196,,,,
9671,0.0,-396.429108,2230.457275,1751.54895,0.1719882373,-0.9850236641,0.0121830742,,,,
9672,0.0,-396.76709,2230.051514,1751.537354,0.1719871308,-0.9850180372,0.0126448876,,,,
9673,0.0,-397.082977,2229.658203,1751.525513,0.1715168098,-0.98509494,0.013036228,,,,
9674,0.0,-397.330536,2229.348633,1751.515503,0.1705979256,-0.9852407346,0.0140371872,,,,
9675,0.0,-397.684479,2228.894531,1751.500854,0.1696153093,-0.9853953291,0.0150562993,,,,
9676,0.0,-398.111633,2228.466553,1751.491455,0.1687027551,-0.9855320907,0.0163057838,,,,
9677,0.0,-398.618439,2228.0896,1751.48938,0.1682165794,-0.9855981215,0.0173067982,,,,
9678,0.0,-398.954102,2227.85083,1751.488403,0.167526043,-0.9857027573,0.0180305081,,,,
9679,0.0,-399.262421,2227.626465,1751.487549,0.167342815,-0.9857251955,0.0184992253,,,,
9680,0.0,-399.542328,2227.422119,1751.486694,0.167341094,-0.9857150581,0.019046848,,,,
9681,0.0,-399.679718,2227.325439,1751.486328,0.1669328926,-0.9857772335,0.0194076107,,,,
9682,0.0,-399.747437,2227.279541,1751.486206,0.1665697672,-0.9858376014,0.0194611473,,,,
9683,0.0,-399.761597,2227.271729,1751.486206,0.1661864187,-0.985888538,0.0201460896,,,,
9684,0.0,-399.773651,2227.264404,1751.486206,0.1644123101,-0.9861559946,0.0215626221,,,,
9685,0.0,-399.796417,2227.252441,1751.486206,0.1615589187,-0.9865893958,0.0232396195,,,,
9686,0.0,-399.814392,2227.243164,1751.486206,0.1593057385,-0.9869190232,0.0247492086,,,,
9687,0.0,-399.83783,2227.230957,1751.486206,0.1563900474,-0.9873466682,0.0262432829,,,,
9688,0.0,-399.860596,2227.219238,1751.486206,0.1535578827,-0.9877599193,0.027391942,,,,
9689,0.0,-399.937866,2227.181396,1751.486206,0.1440568841,-0.9891499309,0.0288102121,,,,
9690,0.0,-400.058777,2227.283691,1751.486206,0.1317824419,-0.9908690564,0.0284938789,,,,
9691,0.0,-400.208954,2227.343262,1751.486206,0.1152048102,-0.9929786479,0.0268562184,,,,
9692,0.0,-400.814819,2227.419922,1751.486328,0.0451253485,-0.9984437326,0.0327691295,,,,
9693,0.0,-400.751785,2227.428467,1751.480774,0.0380970329,-0.998502292,0.0382418343,,,,
9694,0.0,-400.688751,2227.437012,1751.47522,0.0310687173,-0.9985608514,0.0437145391,,,,
9695,0.0,-400.070465,2227.439209,1751.432861,-0.0062313913,-0.999238154,0.0385263729,,,,
9696,0.0,-399.597565,2227.39502,1751.395264,-0.043450669,-0.9987853069,0.0232368277,,,,
9697,0.0,-398.740021,2227.37793,1751.346802,-0.0608212813,-0.9979999973,0.017227223,,,,
9698,0.0,-397.534882,2227.368896,1751.287231,-0.0634164317,-0.997838211,0.0172412534,,,,
9699,0.0,-396.001068,2227.350098,1751.212769,-0.0618229513,-0.9970925505,0.0445462501,,,,
9700,0.0,-391.037354,2227.404785,1749.759521,-0.059940206,-0.9963179972,0.0612994311,,,,
9701,0.0,-388.873169,2227.313232,1749.655762,-0.0594648477,-0.9959895016,0.0668494176,,,,
9702,0.0,-386.485291,2227.766113,1749.86145,-0.0594599111,-0.9959044794,0.0681086408,,,,
9703,0.0,-384.033508,2227.806641,1749.948364,-0.06021062,-0.9957406073,0.0698235225,,,,
9704,0.0,-381.612152,2227.878174,1750.066406,-0.0574437375,-0.9958763463,0.0702176603,,,,
9705,0.0,-378.628326,2227.923096,1750.274292,-0.0427607386,-0.9966147698,0.0702176603,,,,
9706,0.0,-376.197449,2227.986572,1750.452515,-0.0354588642,-0.9967247584,0.0726802925,,,,
9707,0.0,-373.70993,2228.087891,1750.671265,-0.0296135754,-0.9965786983,0.0771617411,,,,
9708,0.0,-371.357788,2228.105713,1750.811646,-0.0198371367,-0.9958995552,0.0882641715,,,,
9709,0.0,-368.69165,2228.109375,1751.002075,-0.0096823413,-0.9947438098,0.1019362796,,,,
9710,0.0,-365.940247,2228.128418,1751.147461,-0.0023513088,-0.9937508357,0.1115963615,,,,
9711,0.0,-362.697968,2228.225586,1751.277222,0.0008287604,-0.9931286719,0.117024588,,,,
9712,0.0,-359.999817,2228.266846,1751.337524,0.0008569214,-0.9931220717,0.1170803839,,,,
9713,0.0,-357.382202,2228.468994,1751.318237,0.0008569214,-0.9931220717,0.1170803839,,,,
9714,0.0,-354.690369,2228.560059,1751.177246,0.0008569214,-0.9931220717,0.1170803839,,,,
9715,0.0,-351.904358,2229.012695,1750.955444,0.0008569214,-0.9931220717,0.1170803839,,,,
9716,0.0,-348.984222,2228.997559,1750.974487,0.0008569214,-0.9931220717,0.1170803839,,,,
9717,0.0,-345.882294,2229.31665,1750.917236,0.0008569214,-0.9931220717,0.1170803839,,,,
9718,0.0,-343.15213,2229.44165,1750.902588,0.0008569214,-0.9931220717,0.1170803839,,,,
9719,0.0,-340.770569,2229.790283,1750.923218,0.0008569214,-0.9931220717,0.1170803839,,,,
9720,0.0,-336.802826,2230.034912,1751.003784,0.0008569214,-0.9931220717,0.1170803839,,,,
9721,0.0,-334.070282,2230.103027,1751.030518,0.0008569214,-0.9931220717,0.1170803839,,,,
9722,0.0,-330.681732,2230.186523,1751.186279,0.0008569214,-0.9931220717,0.1170803839,,,,
9723,0.0,-327.998688,2230.17334,1751.314941,0.0008569214,-0.9931220717,0.1170803839,,,,
9724,0.0,-324.349304,2230.034668,1751.461548,0.0026482962,-0.9932240691,0.1161849177,,,,
9725,0.0,-321.585114,2229.994629,1751.493652,0.0066314687,-0.9933918174,0.1145806295,,,,
9726,0.0,-318.354614,2229.78418,1751.515381,0.0119699349,-0.9936358853,0.112002,,,,
9727,0.0,-314.872162,2229.619629,1751.464722,0.0229678958,-0.9939559766,0.1073498597,,,,
9728,0.0,-311.265991,2229.51709,1751.366699,0.0293480427,-0.9940627486,0.1047756855,,,,
9729,0.0,-308.334686,2229.691895,1751.356934,0.0327601269,-0.9941321851,0.1030920587,,,,
9730,0.0,-304.492462,2230.002441,1751.148071,0.0333718281,-0.9941434686,0.1027865994,,,,
9731,0.0,-301.371521,2230.256592,1750.645996,0.0333718281,-0.9941434686,0.1027865994,,,,
9732,0.0,-298.612244,2230.398926,1750.066406,0.034171574,-0.9942065838,0.1019096283,,,,
9733,0.0,-295.912659,2230.127197,1749.297974,0.0352724,-0.9944686124,0.0989345076,,,,
9734,0.0,-294.348267,2229.438721,1748.661133,0.0361245991,-0.9947652421,0.0955883171,,,,
9735,0.0,-292.242859,2227.527832,1747.529907,0.0362670894,-0.9950391277,0.0926381809,,,,
9736,0.0,-291.265991,2225.958008,1746.817261,0.0362712848,-0.9951542342,0.0913917065,,,,
9737,0.0,-290.913635,2225.641602,1746.938232,0.0362720499,-0.995168067,0.0912406537,,,,
9738,0.0,-290.989563,2225.3632815,1747.1140135,0.0358077667,-0.9952272936,0.0907744542,,,,
9739,0.0,-291.370789,2225.471436,1747.907104,0.0353210252,-0.995289347,0.0902858841,,,,
9740,0.0,-291.764191,2225.445801,1748.199829,0.0338549346,-0.9954066722,0.0895511046,,,,
9741,0.0,-292.23288,2225.045898,1748.571899,0.0334153942,-0.9954412998,0.0893310141,,,,
9742,0.0,-292.651978,2224.557129,1748.619873,0.0326982613,-0.9955936082,0.0878873764,,,,
9743,0.0,-293.419556,2224.295898,1748.820801,0.0316809454,-0.995736438,0.0866329248,,,,
9744,0.0,-294.328583,2224.143066,1748.942261,0.0273308924,-0.9958068487,0.0873025914,,,,
9745,0.0,-295.480927,2223.925293,1749.248535,0.0229981162,-0.995740119,0.0892899889,,,,
9746,0.0,-296.507385,2223.728027,1749.368286,0.0229156901,-0.9957383397,0.0893310141,,,,
9747,0.0,-297.957886,2223.505615,1749.722412,0.0229156901,-0.9957383397,0.0893310141,,,,
9748,0.0,-299.064484,2223.296631,1749.972168,0.0229156901,-0.9957383397,0.0893310141,,,,
9749,0.0,-300.629028,2223.039795,1750.132568,0.0229156901,-0.9957383397,0.0893310141,,,,
9750,0.0,-302.664032,2222.79126,1750.053711,0.0229156901,-0.9957383397,0.0893310141,,,,
9751,0.0,-304.283569,2222.638672,1750.008057,0.0229156901,-0.9957383397,0.0893310141,,,,
9752,0.0,-306.608246,2222.469238,1749.973999,0.0229156901,-0.9957383397,0.0893310141,,,,
9753,0.0,-308.908356,2222.516846,1750.047729,0.0229156901,-0.9957383397,0.0893310141,,,,
9754,0.0,-311.163177,2222.54541,1750.130005,0.0229156901,-0.9957383397,0.0893310141,,,,
9755,0.0,-314.147552,2222.670166,1750.357544,0.0229156901,-0.9957383397,0.0893310141,,,,
9756,0.0,-316.338043,2222.762939,1750.546509,0.0229156901,-0.9957383397,0.0893310141,,,,
9757,0.0,-319.200897,2222.849121,1750.685181,0.0229156901,-0.9957383397,0.0893310141,,,,
9758,0.0,-322.017395,2222.901367,1750.78418,0.0229156901,-0.9957383397,0.0893310141,,,,
9759,0.0,-325.04364,2222.976074,1750.864014,0.0229156901,-0.9957383397,0.0893310141,,,,
9760,0.0,-328.067596,2223.044189,1750.879517,0.0276536056,-0.9958687479,0.0864911274,,,,
9761,0.0,-330.575226,2223.056641,1750.876221,0.0335313871,-0.9961113599,0.0814727244,,,,
9762,0.0,-333.76767,2223.111572,1750.78186,0.0445959636,-0.9963104774,0.0733255249,,,,
9763,0.0,-336.260193,2223.146484,1750.661011,0.0495642386,-0.9963150967,0.0699972453,,,,
9764,0.0,-339.451141,2223.095215,1750.522949,0.0566887913,-0.9963314043,0.0641101688,,,,
9765,0.0,-342.474518,2223.008301,1750.440674,0.0573764441,-0.9963297436,0.063521537,,,,
9766,0.0,-345.539429,2222.899658,1750.35498,0.0573764441,-0.9963297436,0.063521537,,,,
9767,0.0,-348.059998,2222.804443,1750.316406,0.0573764441,-0.9963297436,0.063521537,,,,
9768,0.0,-351.334106,2222.669678,1750.247192,0.0573764441,-0.9963297436,0.063521537,,,,
9769,0.0,-354.488586,2222.538574,1750.289429,0.0582983444,-0.9962762254,0.063521537,,,,
9770,0.0,-357.039215,2222.419434,1750.375854,0.0583344607,-0.9963247861,0.0627216975,,,,
9771,0.0,-360.213257,2222.210938,1750.466919,0.0592226713,-0.9963374918,0.0616788271,,,,
9772,0.0,-363.116089,2221.968262,1750.54248,0.0601583706,-0.9962858268,0.0616078053,,,,
9773,0.0,-366.408813,2221.582275,1750.751343,0.0621590087,-0.9962216136,0.0606527356,,,,
9774,0.0,-371.784546,2220.780518,1751.145386,0.0668707042,-0.9961066061,0.0574450879,0.1227552649,881.6164425005,1836.5348332385,8.0
9775,0.0,-374.730713,2220.253418,1751.105957,0.0709612707,-0.995945255,0.0552950903,0.1215272511,877.974774676,1837.5651741616,8.0
9776,0.0,-376.202408,2219.8391115,1751.070984,0.0742916186,-0.9957532276,0.0542592298,0.1203262172,874.0765387422,1837.9540188699,8.0
9777,0.0,-380.174103,2218.432617,1750.873413,0.080958309,-0.9953077181,0.0529933808,0.1181869533,867.1601971821,1838.7654258326,8.0
9778,0.0,-381.6551515,2217.901245,1750.8120115,0.0820570352,-0.9952418014,0.0525258949,0.1180506994,866.6519084102,1838.6815862116,8.0
9779,0.0,-385.264374,2216.455322,1750.649536,0.0862560285,-0.9949528959,0.0512701902,0.1170222251,862.9010719576,1838.2485653602,8.0
9780,0.0,-386.689957,2215.7093505,1750.4852905,0.0880570423,-0.9948225244,0.0507002626,0.1165732454,861.1530583903,1837.8381811377,8.0
9781,0.0,-389.770813,2213.952393,1750.013916,0.0932085929,-0.99442539,0.0492980928,0.1150305214,855.2278067648,1836.6360629064,8.0
9782,0.0,-392.526459,2212.355713,1749.641846,0.0971527759,-0.9940957863,0.0483208623,0.1139719907,851.1192940911,1835.7659053165,8.0
9783,0.0,-394.834351,2210.90625,1749.335205,0.1033762322,-0.9935522418,0.0465542416,0.1117799877,842.9206068878,1834.7561170841,8.0
9784,0.0,-397.085297,2209.414795,1749.213867,0.109248985,-0.9929743025,0.0454609047,0.1097314931,835.1030143792,1833.6340183708,8.0
9785,0.0,-399.293121,2207.894775,1749.159546,0.1172731281,-0.9921372743,0.0437108949,0.1067587373,823.9156369872,1832.6437517414,8.0
9786,0.0,-401.550659,2206.285156,1749.165771,0.1210038605,-0.9917372122,0.042607131,0.1057209094,819.5180031505,1831.2855593416,8.0
9787,0.0,-403.955109,2204.523682,1749.311279,0.1231733978,-0.9914764341,0.0424593307,0.105395352,817.7234957942,1829.9383046757,8.0
9788,0.0,-406.290222,2202.728271,1749.515137,0.1242461159,-0.9913808298,0.0415566237,0.1055866745,817.8175347193,1828.5822177675,8.0
9789,0.0,-408.558197,2200.885742,1749.750732,0.1243014416,-0.9913762065,0.0415014317,0.1061919182,819.3977456482,1827.1788058277,8.0
9790,0.0,-410.70813,2198.933105,1749.957397,0.1252357536,-0.9912586127,0.0415014317,0.1063881906,819.3979015295,1825.587525343,8.0
9791,0.0,-412.24411,2197.293945,1750.173828,0.1259870362,-0.9911634062,0.0415014317,0.1065189883,819.2468744085,1824.1930614792,8.0
9792,0.0,-414.370819,2194.645996,1750.636841,0.1271374507,-0.9910553464,0.0405631482,0.1067328143,818.9544781213,1821.8173245949,8.0
9793,0.0,-415.889679,2192.189697,1751.41394,0.1290020153,-0.990815172,0.0405434945,0.1064460581,816.8658501658,1819.4792535871,8.0
9794,0.0,-417.047424,2190.092041,1751.971558,0.1298258396,-0.9907388092,0.0397726464,0.106556643,816.3458630921,1817.4303343489,8.0
9795,0.0,-418.338257,2187.320557,1752.853271,0.1332622168,-0.9903223248,0.0387669263,0.1055996498,811.6287826383,1814.6393255503,8.0
9796,0.0,-419.687653,2184.563232,1753.536133,0.1354554134,-0.9900620252,0.0378023448,0.1052194223,809.0512747391,1811.9600899385,8.0
9797,0.0,-420.90564,2181.808105,1754.13855,0.1414116162,-0.9892648326,0.0368489603,0.1031378818,800.2479784765,1809.245912339,8.0
9798,0.0,-421.987671,2179.161865,1754.612183,0.1446139568,-0.988834674,0.0359554034,0.1022563729,795.9092989137,1806.7564593442,8.0
9799,0.0,-423.344604,2175.746582,1755.276733,0.1480523435,-0.9883671078,0.0347989047,0.1014275026,791.5058704804,1803.6932564522,8.0
9800,0.0,-423.99469,2173.592529,1755.542358,0.1503154941,-0.9880519817,0.0340372408,0.1008254856,788.3494210886,1801.5700570508,8.0
9801,0.0,-424.954712,2170.584229,1755.855103,0.1517192701,-0.9878442797,0.0338369924,0.1007307585,786.7271055337,1798.6629703058,8.0
9802,0.0,-425.716064,2167.602783,1756.111206,0.1544413204,-0.9874518074,0.032966751,0.1000443068,782.8488944085,1795.6017346166,8.0
9803,0.0,-426.320251,2164.981445,1756.29187,0.1555812683,-0.9872757744,0.0328787817,0.0999380727,781.2504626332,1792.8374881167,8.0
9804,0.0,-426.8013,2162.748047,1756.386597,0.1564997563,-0.9871587421,0.0320225555,0.0998978134,780.0452536371,1790.4134369755,8.0
9805,0.0,-427.227936,2160.697754,1756.448608,0.1573939174,-0.9870198745,0.0319205583,0.0998054839,778.7623933203,1788.252078734,8.0
9806,0.0,-427.636353,2158.700195,1756.468018,0.1575471646,-0.986995425,0.0319205583,0.1000347017,778.7188760152,1786.2100431827,8.0
9807,0.0,-427.955322,2156.844727,1756.497314,0.1583049212,-0.9868741713,0.0319205583,0.0999741573,777.6492126841,1784.2680816156,8.0
9808,0.0,-428.269958,2154.993652,1756.473633,0.1584933683,-0.9868439239,0.0319205583,0.100145589,777.3622250007,1782.1627397074,8.0
9809,0.0,-428.570129,2153.10498,1756.436768,0.1593210306,-0.98671064,0.0319205583,0.1000300159,775.9977198923,1780.0078031955,8.0
9810,0.0,-428.688721,2151.648926,1756.577026,0.159439409,-0.9866915186,0.0319205583,0.1000988832,775.377297273,1778.0049501511,8.0
9811,0.0,-428.692108,2150.39917,1756.499023,0.1594435226,-0.986717741,0.0310783315,0.1001699386,774.8316209626,1776.1566026058,8.0
9812,0.0,-428.676331,2149.219727,1756.510986,0.1594442177,-0.9867212768,0.0309622881,0.1001862648,774.1084721637,1774.3619522251,8.0
9813,0.0,-428.622925,2147.92334,1756.346191,0.1594442177,-0.9867212768,0.0309622881,0.1001794108,773.2221495383,1772.3878108283,8.0
9814,0.0,-428.622559,2146.924561,1756.36145,0.1594442177,-0.9867212768,0.0309622881,0.1001330912,772.4173230117,1770.930852802,8.0
9815,0.0,-428.604279,2146.135742,1756.295044,0.1594442177,-0.9867212768,0.0309622881,0.1000528832,771.5615605796,1769.6403913112,8.0
9816,0.0,-428.591766,2145.129395,1756.226685,0.1594442177,-0.9867212768,0.0309622881,0.099983695,770.7117963741,1768.2707011484,8.0
9817,0.0,-428.567688,2144.356201,1756.161987,0.1605916826,-0.9865418979,0.0307472787,0.0994045054,768.0675977378,1767.0610815213,8.0
9818,0.0,-428.522003,2143.646484,1756.123291,0.1618965685,-0.9863361978,0.0305025587,0.0987309199,765.0658839852,1765.8363466413,8.0
9819,0.0,-428.498108,2143.069824,1756.126953,0.1627526273,-0.9862062938,0.0301451227,0.0982610803,762.8311761146,1764.6647858047,8.0
9820,0.0,-428.499268,2142.534912,1756.068115,0.1631953856,-0.9861345071,0.0300998345,0.0979387165,761.1311812254,1763.478044961,8.0
9821,0.0,-428.472015,2141.975342,1755.915771,0.1632313743,-0.9861285507,0.0300998345,0.0977925059,760.0865937911,1762.306085525,8.0
9822,0.0,-428.43045,2141.255859,1755.670166,0.1632313743,-0.9861285507,0.0300998345,0.0974571846,758.0473706031,1760.4439227392,8.0
9823,0.0,-428.466949,2141.18457,1755.601929,0.1632313743,-0.9861285507,0.0300998345,0.097269064,757.0659972415,1759.777184449,8.0
9824,0.0,-428.480133,2141.084717,1755.553833,0.1632313743,-0.9861285507,0.0300998345,0.097033908,755.8552203303,1758.9817382078,8.0
9825,0.0,-428.497711,2141.022461,1755.521973,0.1632313743,-0.9861285507,0.0300998345,0.0968274145,754.7732753634,1758.2404218744,8.0
9826,0.0,-428.509766,2140.987549,1755.506104,0.1632313743,-0.9861285507,0.0300998345,0.0966596309,753.9038045266,1757.6610920965,8.0
9827,0.0,-428.575256,2140.9646,1755.494995,0.1632313743,-0.9861285507,0.0300998345,0.0964500921,752.8308086066,1756.9683025348,8.0
9828,0.0,-428.631592,2140.956787,1755.484985,0.1632313743,-0.9861285507,0.0300998345,0.096243305,751.7445953134,1756.2216572356,8.0
9829,0.0,-428.70163,2140.99585,1755.490112,0.1632313743,-0.9861285507,0.0300998345,0.0960125753,750.5303253105,1755.3840487281,8.0
9830,0.0,-428.769989,2141.037354,1755.499023,0.1632313743,-0.9861285507,0.0300998345,0.0957862173,749.3176043722,1754.5129272614,8.0
9831,0.0,-428.815552,2141.130859,1755.541382,0.1632313743,-0.9861285507,0.0300998345,,,,
9832,0.0,-428.869202,2141.268799,1755.606445,0.1632313743,-0.9861285507,0.0300998345,,,,
9833,0.0,-428.891296,2141.364502,1755.655762,0.1632297375,-0.9861179145,0.0304550729,,,,
9834,0.0,-428.899719,2141.652832,1755.805908,0.1632256078,-0.9860929658,0.0312740099,,,,
9835,0.0,-428.904388,2141.641846,1755.794434,0.1635986774,-0.9860191454,0.0316499247,,,,
9836,0.0,-428.877167,2141.790771,1755.867554,0.1640534269,-0.9859141129,0.0325551093,,,,
9837,0.0,-428.85202,2141.885742,1755.924194,0.1644997032,-0.9858239625,0.0330297231,,,,
9838,0.0,-428.808105,2142.029297,1756.011597,0.1650569448,-0.9857116183,0.033597774,,,,
9839,0.0,-428.771332,2142.154541,1756.104004,0.1657319977,-0.9855746325,0.034286276,,,,
9840,0.0,-428.746887,2142.230225,1756.17041,0.1668276612,-0.9853622481,0.035068097,,,,
9841,0.0,-428.722015,2142.309326,1756.245239,0.1695073631,-0.9848481989,0.0366234765,,,,
9842,0.0,-428.679077,2142.312988,1756.300903,0.1714116393,-0.9844660914,0.0380074306,0.0893002714,720.9650170161,1745.38637642,8.0
9843,0.0,-428.637726,2142.266113,1756.303955,0.1751109832,-0.9837527336,0.0395815961,0.0874901173,713.5058064326,1744.2798684362,8.0
9844,0.0,-428.537811,2142.088379,1756.323486,0.180047293,-0.9827691879,0.0418054483,0.0851714808,703.8644532682,1742.9181410593,8.0
9845,0.0,-428.543091,2142.092285,1756.313477,0.1827842999,-0.9822022789,0.043227111,0.0838250914,698.1246122801,1741.9206069766,8.0
9846,0.0,-428.514038,2142.05957,1756.32666,0.1836639399,-0.9820340188,0.0433213926,0.0832784793,695.5715317622,1740.988475586,8.0
9847,0.0,-428.486481,2142.025391,1756.352417,0.1837154617,-0.9820243816,0.0433213926,0.0831025327,694.6738358819,1740.5013731836,8.0
9848,0.0,-428.46344,2142.022461,1756.374023,0.1837139605,-0.9820170212,0.0434942614,0.0829842966,694.1540670796,1740.3839867607,8.0
9849,0.0,-428.436188,2142.022949,1756.393799,0.1837125736,-0.9820089436,0.0436820896,0.0828445107,693.5158295089,1740.1866836,8.0
9850,0.0,-428.415314,2142.039062,1756.421143,0.1837123931,-0.9820079789,0.0437045305,0.0827050608,692.9032824382,1740.0515437183,8.0
9851,0.0,-428.393616,2142.085938,1756.442627,0.1837123931,-0.9820079789,0.0437045305,0.0825346515,692.1822251281,1739.9570163044,8.0
9852,0.0,-428.394623,2142.078613,1756.443726,0.1837123931,-0.9820079789,0.0437045305,0.0823893016,691.5781614163,1739.9054082233,8.0
9853,0.0,-428.388397,2142.122559,1756.437378,0.1837123931,-0.9820079789,0.0437045305,0.0822382899,691.0038914121,1739.9875307569,8.0
9854,0.0,-428.379425,2142.192139,1756.400879,0.1837123931,-0.9820079789,0.0437045305,0.0821104804,690.5666872101,1740.1814500907,8.0
9855,0.0,-428.379364,2142.193848,1756.399658,0.1839337764,-0.9819665371,0.0437045305,0.0818620055,689.6635212481,1740.4283193947,8.0
9856,0.0,-428.365295,2142.231201,1756.382324,0.1841624682,-0.9819236729,0.0437045305,0.0816369255,688.8832473149,1740.7519882653,8.0
9857,0.0,-428.350708,2142.251465,1756.374512,0.1841831192,-0.9819197995,0.0437045305,0.0815201554,688.5448541638,1741.0895825699,8.0
9858,0.0,-428.324738,2142.289307,1756.355103,0.1841831192,-0.9819197995,0.0437045305,0.0814184439,688.2859813102,1741.4755947807,8.0
9859,0.0,-428.305115,2142.318848,1756.346313,0.1841831192,-0.9819197995,0.0437045305,0.0813283454,688.0941094705,1741.9133267979,8.0
9860,0.0,-428.276611,2142.341309,1756.341309,0.1841831192,-0.9819197995,0.0437045305,0.0812500975,687.9477494285,1742.3456819852,8.0
9861,0.0,-428.237457,2142.367676,1756.345459,0.1841831192,-0.9819197995,0.0437045305,0.0811697031,687.8057678272,1742.812038469,8.0
9862,0.0,-428.181763,2142.396729,1756.352173,0.1841831192,-0.9819197995,0.0437045305,0.0810101698,687.5706098801,1743.85831557,8.0
9863,0.0,-428.162033,2142.402222,1756.3511965,0.1841831192,-0.9819197995,0.0437045305,0.0809712787,687.5276111095,1744.1504255381,8.0
9864,0.0,-428.142303,2142.407715,1756.35022,0.1841831192,-0.9819197995,0.0437045305,0.0809323875,687.4846123389,1744.4425355061,8.0
9865,0.0,-428.093048,2142.40332,1756.360229,0.1841831192,-0.9819197995,0.0437045305,0.080800009,687.4037863969,1745.6054896712,8.0
9866,0.0,-428.071991,2142.415527,1756.379028,0.1841831192,-0.9819197995,0.0437045305,0.0807238249,687.3743859839,1746.3196581935,8.0
9867,0.0,-428.059479,2142.428223,1756.382812,0.1841831192,-0.9819197995,0.0437045305,0.0806572489,687.3696242651,1746.9978298155,8.0
9868,0.0,-428.067688,2142.432129,1756.380249,0.1841831192,-0.9819197995,0.0437045305,0.080582483,687.387818333,1747.8203104423,8.0
9869,0.0,-428.07251,2142.434814,1756.377319,0.1841831192,-0.9819197995,0.0437045305,0.0805205578,687.412559434,1748.5269989799,8.0
9870,0.0,-428.091492,2142.438232,1756.363647,0.1841831192,-0.9819197995,0.0437045305,0.0804618865,687.4690120782,1749.2812922834,8.0
9871,0.0,-428.108795,2142.437988,1756.348633,0.1841831192,-0.9819197995,0.0437045305,0.0804101618,687.5344662208,1749.9868493665,8.0
9872,0.0,-428.150726,2142.436035,1756.32251,0.1841831192,-0.9819197995,0.0437045305,0.0803588662,687.6560448293,1750.8314576532,8.0
9873,0.0,-428.201843,2142.435791,1756.289062,0.1841831192,-0.9819197995,0.0437045305,0.0803084649,687.7738502875,1751.6578206713,8.0
9874,0.0,-428.262512,2142.432617,1756.245728,0.1841831192,-0.9819197995,0.0437045305,0.080255145,687.9044117721,1752.5478998213,8.0
9875,0.0,-428.329041,2142.422119,1756.191772,0.1841831192,-0.9819197995,0.0437045305,0.0802017996,688.0518208699,1753.4819579118,8.0
9876,0.0,-428.063873,2142.306396,1756.029785,0.1841831192,-0.9819197995,0.0437045305,0.0801186942,687.8713594763,1753.8930466602,8.0
9877,0.0,-427.953522,2142.287109,1755.814453,0.1841831192,-0.9819197995,0.0437045305,0.080040728,687.8402078514,1754.6319610025,8.0
9878,0.0,-427.65152,2142.094238,1755.548584,0.1841831192,-0.9819197995,0.0437045305,0.0799727014,687.6240128429,1754.7952481475,8.0
9879,0.0,-427.393799,2141.940674,1755.312866,0.1841831192,-0.9819197995,0.0437045305,0.0799076996,687.4454538929,1755.0232619704,8.0
9880,0.0,-428.101044,2142.78418,1756.113403,0.1841831192,-0.9819197995,0.0437045305,0.0799092605,688.0168381157,1756.4655431716,8.0
9881,0.0,-427.444397,2142.532959,1755.652222,0.2323381093,-0.9712686009,0.0515393825,0.0616334902,607.0152596289,1756.1971950873,8.0
9882,0.0,-426.402069,2142.150879,1754.983521,0.3034883813,-0.9511141013,0.0572430674,0.0385976998,483.0257600963,1755.521854469,8.0
9883,0.0,-425.386322,2141.780029,1754.262207,0.4037365599,-0.9128285254,0.0611626798,0.0146696685,299.477184866,1754.8387000851,8.0
9884,0.0,-423.914429,2141.549316,1753.477661,0.5073979056,-0.8594379972,0.0625595264,0.0015959383,99.050074882,1753.9011362116,8.0
9885,0.0,-421.810242,2141.509766,1752.852295,0.6802069911,-0.7295094235,0.0716550785,0.0139069765,291.3313386895,1752.9561420064,8.0
9886,0.0,-419.319916,2142.701416,1752.460815,0.7785161381,-0.6225510688,0.0796416314,0.0488136856,540.9507230216,1752.8208685267,8.0
9887,0.0,-417.226624,2144.093262,1752.087769,0.8399773851,-0.5358253214,0.0856108493,0.0875716317,717.4204044914,1753.0706345736,8.0
9888,0.0,-415.1745,2146.35791,1751.868408,0.9146364073,-0.3929153577,0.0951722859,,,,
9889,0.0,-413.417206,2148.201416,1751.624878,0.9496251191,-0.296920361,0.1002518448,,,,
9890,0.0,-411.742676,2149.919922,1751.393066,0.9697935977,-0.2213339973,0.1025262873,,,,
9891,0.0,-409.883453,2151.578125,1751.190796,0.9815933103,-0.1598629737,0.1044911615,,,,
9892,0.0,-407.980316,2153.039062,1750.998779,0.9849323882,-0.1368937862,0.1056800924,,,,
9893,0.0,-406.56369,2154.141846,1750.931641,0.9853735008,-0.1336322829,0.1057425028,,,,
9894,0.0,-404.98642,2155.408691,1750.911133,0.9852936541,-0.1330492823,0.1072114903,,,,
9895,0.0,-403.435638,2156.769287,1750.899414,0.9850905439,-0.1330218553,0.1090954003,,,,
9896,0.0,-401.620209,2158.254883,1750.872314,0.9845745354,-0.1345180708,0.1118833005,,,,
9897,0.0,-399.534424,2159.88623,1750.803101,0.9825070887,-0.1470156645,0.1143075463,,,,
9898,0.0,-397.692413,2161.22876,1750.680664,0.9798850475,-0.1635742204,0.1143187125,,,,
9899,0.0,-395.991577,2162.602295,1750.603638,0.979810553,-0.1640198532,0.1143187125,,,,
9900,0.0,-392.046082,2165.265869,1750.447632,0.979810553,-0.1640198532,0.1143187125,,,,
9901,0.0,-389.84317,2166.376221,1750.33252,0.979810553,-0.1640198532,0.1143187125,,,,
9902,0.0,-387.500885,2167.334717,1750.145386,0.979810553,-0.1640198532,0.1143187125,,,,
9903,0.0,-384.088867,2168.74707,1750.144531,0.979810553,-0.1640198532,0.1143187125,,,,
9904,0.0,-381.570526,2169.623291,1750.124878,0.979810553,-0.1640198532,0.1143187125,,,,
9905,0.0,-378.746826,2170.515137,1750.057861,0.979810553,-0.1640198532,0.1143187125,,,,
9906,0.0,-376.641632,2171.100586,1749.962402,0.979810553,-0.1640198532,0.1143187125,,,,
9907,0.0,-374.035187,2171.583984,1749.80249,0.979810553,-0.1640198532,0.1143187125,,,,
9908,0.0,-370.87204,2172.041992,1749.528809,0.979810553,-0.1640198532,0.1143187125,,,,
9909,0.0,-367.925873,2172.367676,1749.22229,0.979810553,-0.1640198532,0.1143187125,,,,
9910,0.0,-365.084015,2172.498779,1748.89856,0.979810553,-0.1640198532,0.1143187125,,,,
9911,0.0,-362.017792,2172.438477,1748.599365,0.9789260697,-0.1709325046,0.1117400056,,,,
9912,0.0,-358.42514,2172.311279,1748.618652,0.9783195215,-0.1762920871,0.1086830891,,,,
9913,0.0,-355.055145,2172.029297,1748.640747,0.9780163615,-0.1790903912,0.1068205431,,,,
9914,0.0,-351.538513,2171.360352,1748.653198,0.9779958665,-0.1792765743,0.1066958058,,,,
9915,0.0,-347.084076,2170.650391,1748.899658,0.9779958665,-0.1792765743,0.1066958058,,,,
9916,0.0,-343.809387,2170.445557,1749.226562,0.9780839118,-0.1792929433,0.1058579332,,,,
9917,0.0,-339.967133,2170.168457,1749.241089,0.9780960345,-0.1792949361,0.1057424855,,,,
9918,0.0,-336.615601,2169.897705,1749.15686,0.9780960345,-0.1792949361,0.1057424855,,,,
9919,0.0,-332.442139,2169.517334,1748.843628,0.9780960345,-0.1792949361,0.1057424855,,,,
9920,0.0,-328.921692,2169.171143,1748.752686,0.9780960345,-0.1792949361,0.1057424855,,,,
9921,0.0,-325.497131,2168.688232,1748.757324,0.9781791358,-0.1793103989,0.1049445524,,,,
9922,0.0,-321.421936,2168.203125,1748.921509,0.9781953016,-0.1793131328,0.1047890853,,,,
9923,0.0,-318.332886,2167.723145,1749.214478,0.9781953016,-0.1793131328,0.1047890853,,,,
9924,0.0,-315.185944,2167.000244,1749.612549,0.9781953016,-0.1793131328,0.1047890853,,,,
9925,0.0,-312.33078,2165.770996,1750.314331,0.9781953016,-0.1793131328,0.1047890853,,,,
9926,0.0,-309.267639,2164.522217,1750.743774,0.9781953016,-0.1793131328,0.1047890853,,,,
9927,0.0,-306.16806,2162.69751,1751.452881,0.9781953016,-0.1793131328,0.1047890853,,,,
9928,0.0,-303.368713,2160.965088,1751.861816,0.9781953016,-0.1793131328,0.1047890853,,,,
9929,0.0,-300.514923,2158.910645,1752.103394,0.9781953016,-0.1793131328,0.1047890853,,,,
9930,0.0,-297.278809,2156.712891,1752.122314,0.9781953016,-0.1793131328,0.1047890853,,,,
9931,0.0,-294.658997,2154.928711,1752.193726,0.9781953016,-0.1793131328,0.1047890853,,,,
9932,0.0,-291.670227,2152.862305,1752.3479,0.9781953016,-0.1793131328,0.1047890853,,,,
9933,0.0,-288.108124,2150.562744,1752.414307,0.9781953016,-0.1793131328,0.1047890853,,,,
9934,0.0,-285.100494,2148.918945,1752.437012,0.9781953016,-0.1793131328,0.1047890853,,,,
9935,0.0,-281.979828,2147.988525,1752.260742,0.9781953016,-0.1793131328,0.1047890853,,,,
9936,0.0,-278.206787,2148.140625,1751.486572,0.9781953016,-0.1793131328,0.1047890853,,,,
9937,0.0,-274.426544,2148.397705,1750.714722,0.9778311804,-0.1817626283,0.1039640788,,,,
9938,0.0,-270.661621,2148.523438,1750.255005,0.9762796701,-0.1904486284,0.1029918719,,,,
9939,0.0,-267.3573,2148.593262,1750.027344,0.9737582561,-0.2037855226,0.1013228475,,,,
9940,0.0,-263.335266,2148.725586,1749.699341,0.969253184,-0.2259836978,0.0973634101,,,,
9941,0.0,-259.756744,2148.994629,1749.405029,0.9655900365,-0.2419538805,0.0953635206,,,,
9942,0.0,-256.257843,2149.516357,1748.982422,0.959149757,-0.2682449083,0.0898688643,,,,
9943,0.0,-252.986145,2150.255859,1748.54126,0.9533347832,-0.2896856015,0.085059059,,,,
9944,0.0,-247.30484,2151.992188,1747.672119,0.9417095402,-0.3279384927,0.0750965177,,,,
9945,0.0,-244.97998,2152.970215,1747.12439,0.9370995845,-0.341742731,0.0711074857,,,,
9946,0.0,-243.220154,2154.659424,1747.412354,0.9309980435,-0.3590755484,0.0656307362,,,,
9947,0.0,-241.466644,2156.337646,1747.735962,0.9226302473,-0.3811031575,0.0592773998,,,,
9948,0.0,-239.621552,2158.192383,1748.1427,0.9182028904,-0.3920881113,0.0563059957,,,,
9949,0.0,-237.727142,2160.225586,1748.579224,0.9100299373,-0.411359634,0.05127148,,,,
9950,0.0,-236.4955595,2161.619385,1748.8564455,0.9071892483,-0.4177053897,0.0497930855,,,,
9951,0.0,-233.567978,2164.936279,1749.659912,0.901428693,-0.4303774035,0.046921232,,,,
9952,0.0,-231.000534,2168.05249,1750.117188,0.8959853179,-0.4419117964,0.043866551,,,,
11454,0.0,1044.338501,-1331.733643,1676.77124,-0.5095292429,0.853620633,0.1082209106,,,,
11455,0.0,1044.338501,-1331.733643,1676.77124,-0.5095292429,0.853620633,0.1082209106,,,,
11456,0.0,1044.338501,-1331.733643,1676.77124,-0.5095292429,0.853620633,0.1082209106,,,,
11457,0.0,1044.328613,-1331.745239,1676.77124,-0.5109878653,0.8527482863,0.1082208932,,,,
11458,0.0,1044.317871,-1331.757935,1676.77124,-0.5125728225,0.8517965367,0.1082208932,,,,
11459,0.0,1044.307495,-1331.770264,1676.77124,-0.5141157777,0.8508661501,0.1082208932,,,,
12688,0.0,1143.740112,-1303.952759,1683.012207,-0.7934933739,0.6063747473,0.0517487342,0.0033226603,56.9711135678,699.4517982475,8.0
12689,0.0,1143.592285,-1304.045654,1683.013306,-0.7934933739,0.6063747473,0.0517487342,0.0032793317,56.3624373849,696.5277639501,8.0
12690,0.0,1143.505249,-1304.150513,1683.009521,-0.7934933739,0.6063747473,0.0517487342,0.0032319561,55.7330022423,693.7706186342,8.0
12691,0.0,1143.356079,-1304.270508,1683.011597,-0.7934933739,0.6063747473,0.0517487342,0.0031687055,54.9305438233,690.5613624317,8.0
12692,0.0,1143.230835,-1304.417236,1683.015991,-0.7934933739,0.6063747473,0.0517487342,0.0013721088,125.9977094166,2406.0375889565,2.0
12693,0.0,1141.952637,-1306.208984,1682.831299,-0.7934933739,0.6063747473,0.0517487342,0.0013593265,125.4261545249,2406.3503312054,2.0
12694,0.0,1140.789673,-1307.863892,1682.629883,-0.7934933739,0.6063747473,0.0517487342,0.0013477546,124.9061480735,2406.632587428,2.0
12695,0.0,1139.489624,-1309.638794,1682.373413,-0.7934933739,0.6063747473,0.0517487342,0.0013352591,124.3396788486,2406.8941950648,2.0
12696,0.0,1137.557007,-1312.191162,1681.946167,-0.7934933739,0.6063747473,0.0517487342,0.0013249469,123.9241975483,2408.1624685321,2.0
12697,0.0,1136.411011,-1313.724731,1681.685791,-0.7934933739,0.6063747473,0.0517487342,0.0013194231,123.7116982457,2409.0567403397,2.0
12698,0.0,1134.220337,-1316.524536,1681.244995,-0.7934933739,0.6063747473,0.0517487342,0.0013113586,123.4538497465,2411.4115212938,2.0
12699,0.0,1132.922241,-1318.257812,1680.957642,-0.7934933739,0.6063747473,0.0517487342,0.0013059868,123.2612167202,2412.5921204819,2.0
12700,0.0,1130.874634,-1320.97522,1680.466919,-0.7934933739,0.6063747473,0.0517487342,0.0012914467,122.6971827171,2415.0248996179,2.0
12701,0.0,1128.446045,-1323.9104,1680.055664,-0.7934933739,0.6063747473,0.0517487342,0.0012754328,122.0065767079,2416.4509087695,2.0
12702,0.0,1126.782349,-1326.016235,1679.7677,-0.7934933739,0.6063747473,0.0517487342,0.0012657706,121.6190160341,2417.9451905368,2.0
12703,0.0,1124.302246,-1329.319824,1679.325928,-0.7934933739,0.6063747473,0.0517487342,0.0012525008,121.1189237501,2420.7170364583,2.0
12704,0.0,1120.711182,-1334.318848,1678.564941,-0.7934933739,0.6063747473,0.0517487342,0.0012330967,120.350932427,2424.2076734937,2.0
12705,0.0,1119.603577,-1336.079956,1678.455505,-0.7934933739,0.6063747473,0.0517487342,0.0012305996,120.2900380158,2425.4391360522,2.0
12706,0.0,1117.128052,-1340.107788,1678.189087,-0.7934933739,0.6063747473,0.0517487342,0.0012252242,120.1725225764,2428.3734087754,2.0
12707,0.0,1115.55481,-1343.265015,1677.947998,-0.7934933739,0.6063747473,0.0517487342,0.0012214682,120.1151952731,2430.9416714065,2.0
12708,0.0,1114.783081,-1345.166138,1677.456421,-0.7934933739,0.6063747473,0.0517487342,0.0012121814,119.7680105347,2433.1768826305,2.0
12709,0.0,1113.533569,-1349.227295,1676.818359,-0.7934933739,0.6063747473,0.0517487342,0.0012023024,119.4441347446,2436.540032267,2.0
12710,0.0,1112.945923,-1351.667358,1676.357422,-0.7934933739,0.6063747473,0.0517487342,0.0044425257,60.756421323,645.2753740531,8.0
12711,0.0,1112.556885,-1354.594849,1675.78064,-0.7934933739,0.6063747473,0.0517487342,0.0049150216,63.7473768339,643.7524655367,8.0
12712,0.0,1112.555664,-1356.164795,1675.432861,-0.7934933739,0.6063747473,0.0517487342,0.0051846332,65.3682434782,642.771252096,8.0
12713,0.0,1112.2948,-1357.984253,1674.924194,-0.7934933739,0.6063747473,0.0517487342,0.0055704453,67.5201778522,640.5886921017,8.0
12714,0.0,1112.674438,-1359.094971,1674.624146,-0.7934933739,0.6063747473,0.0517487342,0.0058354385,68.8783056647,638.5063356031,8.0
12715,0.0,1113.196777,-1359.630127,1674.675171,-0.7934933739,0.6063747473,0.0517487342,0.0060139058,69.7530297304,636.9769266726,8.0
12716,0.0,1114.11084,-1360.195068,1675.139282,-0.7934933739,0.6063747473,0.0517487342,0.0062498774,70.8237690402,634.4653669941,8.0
12717,0.0,1114.981201,-1360.522339,1675.738647,-0.7934933739,0.6063747473,0.0517487342,0.0064071879,71.5298561614,632.9004308151,8.0
12718,0.0,1116.144897,-1360.596924,1676.2323,-0.7934933739,0.6063747473,0.0517487342,0.0065629317,72.07851173,630.16692445,8.0
12719,0.0,1116.367432,-1360.498901,1676.175415,-0.7934933739,0.6063747473,0.0517487342,0.0066918315,72.4749315317,627.5207516469,8.0
12720,0.0,1116.94458,-1360.25354,1676.079956,-0.7934933739,0.6063747473,0.0517487342,0.006814765,72.7736758173,624.4174605414,8.0
12721,0.0,1117.342407,-1359.904175,1676.190552,-0.7934933739,0.6063747473,0.0517487342,0.0069585833,73.1467663169,621.1214870314,8.0
12722,0.0,1117.81543,-1359.520874,1676.337036,-0.7934933739,0.6063747473,0.0517487342,0.0070213827,73.2486552134,619.2086510371,8.0
12723,0.0,1118.797729,-1358.759155,1676.668091,-0.7934933739,0.6063747473,0.0517487342,0.0071052734,73.2543680266,615.6033157072,8.0
12724,0.0,1119.883911,-1357.81958,1677.08606,-0.7934933739,0.6063747473,0.0517487342,0.0071627891,73.1327108637,612.1173348076,8.0
12725,0.0,1120.630859,-1357.147095,1677.266602,-0.7930452008,0.6069607714,0.0517487342,0.0070838187,72.4187160034,609.4984204153,8.0
12726,0.0,1122.077637,-1355.856079,1677.663208,-0.7901440557,0.6108099695,0.0508286573,0.0064882657,68.9529295672,606.2880534856,8.0
12727,0.0,1123.193848,-1354.909546,1677.963745,-0.7804074177,0.6233189439,0.0493736432,0.0049751575,60.1300420064,603.5509504581,8.0
12728,0.0,1124.413452,-1353.552734,1678.057007,-0.7686136549,0.6379026595,0.0480962206,0.0034778747,49.9958078329,599.983849428,8.0
12729,0.0,1125.715332,-1352.443604,1678.494751,-0.7386194923,0.6725395427,0.046171519,0.001497573,32.6507292248,596.8243673853,8.0
12730,0.0,1126.553589,-1351.994507,1679.251953,-0.7177745932,0.6948422694,0.0446525918,0.001454211,32.0494742853,594.4976516005,8.0
12731,0.0,1127.429932,-1351.404785,1679.60144,-0.6758772121,0.735739154,0.0433346446,0.0037995095,51.5292706121,591.6817142577,8.0
12732,0.0,1129.414551,-1350.717773,1680.69519,-0.6370909979,0.7696818392,0.0412907592,0.0085280187,76.6546586103,588.2031975894,8.0
12733,0.0,1129.267944,-1350.821777,1680.674072,-0.5912988412,0.8054373651,0.0404515911,0.0164930785,105.8941246665,585.4693203718,8.0
12734,0.0,1128.939941,-1351.079346,1680.630859,-0.54978115,0.8343381402,0.0402561165,0.0249593246,129.3116520114,582.4159005837,8.0
12735,0.0,1128.63916,-1351.304321,1680.586548,-0.5130295444,0.8574264585,0.0402561165,0.0336694154,149.3374328425,580.3936151188,8.0
12736,0.0,1127.983643,-1351.630615,1680.452637,-0.4743908764,0.879393394,0.0402561165,0.0434674287,168.5521710537,577.9747086012,8.0
12737,0.0,1127.131958,-1351.981079,1680.248901,-0.4235520719,0.904938701,0.0411046209,0.058789174,194.3965915535,575.4447263279,8.0
12738,0.0,1126.395142,-1352.185791,1679.994263,-0.3958789965,0.917346127,0.0419035022,0.06740915,207.0920036663,573.7648580614,8.0
12739,0.0,1125.246216,-1352.643066,1679.744019,-0.352404675,0.9348970376,0.0421719581,0.082152394,226.8445318638,571.4933162991,8.0
12740,0.0,1124.233032,-1353.0,1679.415405,-0.3287266877,0.9434479536,0.042950245,0.0897884718,235.9128376226,569.6400993456,8.0
12741,0.0,1122.95874,-1353.419312,1679.063599,-0.3061580081,0.9510032029,0.0431298299,0.0968694383,243.7432226103,567.6816632211,8.0
12742,0.0,1121.239868,-1353.888306,1678.565552,-0.2751719184,0.9603837043,0.0440857789,0.1073788975,254.7770749348,565.1569045952,8.0
12743,0.0,1118.392212,-1354.646606,1677.840454,-0.2450248314,0.9685138675,0.0440876446,0.1157602597,262.1468241806,561.3022394275,8.0
12744,0.0,1117.293152,-1354.905029,1677.5809325,-0.2365000689,0.9705910622,0.0440876534,0.1176729439,263.4889838682,559.8880049347,8.0
12745,0.0,1116.194092,-1355.163452,1677.321411,-0.2279753064,0.9726682568,0.0440876621,0.119585628,264.8311435559,558.473770442,8.0
12746,0.0,1112.134399,-1356.135986,1676.55127,-0.2031397865,0.9781130486,0.0450454363,0.1238520624,266.8197639735,553.5193837578,8.0
12747,0.0,1110.8157955,-1356.407959,1676.428467,-0.2005056525,0.978652728,0.0450454363,0.1226993844,264.9264227565,551.9978096509,8.0
12748,0.0,1107.439575,-1356.939453,1676.049683,-0.1934611286,0.9800733138,0.0450454363,0.1202236945,260.5944591382,548.1722631253,8.0
12749,0.0,1105.125488,-1357.545898,1675.923828,-0.1878971127,0.9811552292,0.0450454363,0.1191244946,258.3903148367,545.8780987048,8.0
12750,0.0,1102.346069,-1358.300903,1675.791748,-0.1839330074,0.9819060838,0.0450454363,0.1159580569,253.6145450542,542.5982753801,8.0
12751,0.0,1100.981567,-1358.687622,1675.7559205,-0.1814523238,0.9823642904,0.0450454363,0.1149306578,251.8760966854,541.1345906751,8.0
12752,0.0,1097.418823,-1359.763062,1675.694336,-0.176423646,0.9832830751,0.0450454363,0.111445101,246.6167754791,537.5604601285,8.0
12753,0.0,1095.435791,-1360.25708,1675.710205,-0.1754441846,0.9834583096,0.0450454363,0.1087438915,242.8736586615,535.5534335518,8.0
12754,0.0,1093.118652,-1360.85498,1675.785034,-0.1751275404,0.9835147448,0.0450454363,0.1052393244,238.0148353359,533.0130231325,8.0
12755,0.0,1089.945557,-1361.622681,1675.943726,-0.1736760185,0.9837721023,0.0450454363,0.1011772042,232.0375004522,529.3886464052,8.0
12756,0.0,1087.135742,-1362.259888,1676.140625,-0.1710808837,0.9842267218,0.0450454363,0.0980546822,227.1447242649,525.9802929423,8.0
12757,0.0,1083.900269,-1362.982788,1676.310181,-0.1686702143,0.9846427106,0.0450454363,0.0948317768,222.0663322806,522.4432364482,8.0
12758,0.0,1081.285156,-1363.537476,1676.454346,-0.16384718,0.9854567521,0.0450454363,0.0933623564,219.1431183173,519.4070658863,8.0
12759,0.0,1078.735107,-1364.280396,1676.668945,-0.1585522919,0.9863225027,0.0450454363,0.0919853982,216.3551900118,516.4366131289,8.0
12760,0.0,1075.642822,-1365.406616,1676.778564,-0.1554379069,0.9868181017,0.0450454363,0.0887313028,211.23736444,512.9457522633,8.0
12761,0.0,1073.503418,-1366.475098,1676.845459,-0.1545617864,0.9869557046,0.0450454363,0.0857819217,206.9573525952,510.7251774534,8.0
12762,0.0,1070.43103,-1368.016846,1676.701416,-0.1525027309,0.9872759623,0.0450454363,0.0818232909,201.139131692,507.7077501689,8.0
12763,0.0,1068.410034,-1369.169434,1676.626221,-0.1517085121,0.9873983168,0.0450454363,0.0788080568,196.9122845756,506.0601302156,8.0
12764,0.0,1065.57605,-1370.570435,1676.593384,-0.1498456971,0.9876827303,0.0450454363,0.0750643777,191.5264380067,503.8528074378,8.0
12765,0.0,1062.650269,-1372.125488,1676.315552,-0.1478014651,0.9879907062,0.0450454363,0.0713099616,186.126193276,501.881486016,8.0
12766,0.0,1060.323486,-1373.54187,1675.868652,-0.1477183155,0.9880031417,0.0450454363,0.0677441063,181.1977916615,500.8236409859,8.0
12767,0.0,1057.312622,-1375.653076,1675.136108,-0.1477183155,0.9880031417,0.0450454363,0.0627373708,174.1809062207,499.6238229006,8.0
12768,0.0,1055.403442,-1377.278564,1674.713013,-0.1477183155,0.9880031417,0.0450454363,0.0592584522,169.2385321922,499.045617768,8.0
12769,0.0,1053.942383,-1378.930664,1674.11438,-0.1477183155,0.9880031417,0.0450454363,0.0558282758,164.3105399014,498.7363285511,8.0
12770,0.0,1053.250244,-1379.950439,1673.733032,-0.1477183155,0.9880031417,0.0450454363,0.0536912702,161.1801132281,498.601696694,8.0
12771,0.0,1052.607178,-1381.171509,1673.192139,-0.1477183155,0.9880031417,0.0450454363,0.0507928381,156.8264837217,498.4127756778,8.0
12772,0.0,1052.363647,-1382.375,1672.931885,-0.1477183155,0.9880031417,0.0450454363,0.0482562507,153.0117305192,498.5819366289,8.0
12773,0.0,1052.355835,-1383.224243,1672.971802,-0.1477183155,0.9880031417,0.0450454363,0.046709429,150.6663878099,498.8048533745,8.0
12774,0.0,1052.518921,-1384.394287,1673.179565,-0.1477183155,0.9880031417,0.0450454363,0.044540007,147.3475142572,499.2788921046,8.0
12775,0.0,1053.005005,-1385.505493,1673.570679,-0.1477183155,0.9880031417,0.0450454363,0.0424639577,144.1259415011,499.892981801,8.0
12776,0.0,1053.813599,-1386.33313,1673.921875,-0.1477183155,0.9880031417,0.0450454363,0.0407441134,141.410542376,500.4996425893,8.0
12777,0.0,1055.077393,-1386.324707,1673.907471,-0.1477183155,0.9880031417,0.0450454363,0.040011732,140.226519432,500.7370693591,8.0
12778,0.0,1056.615356,-1386.454468,1673.7948,-0.1477183155,0.9880031417,0.0450454363,0.0386378344,137.9748229476,501.2040371449,8.0
12779,0.0,1057.786255,-1386.557739,1673.716553,-0.1477183155,0.9880031417,0.0450454363,0.0376098499,136.2614806822,501.5677750583,8.0
12780,0.0,1058.725708,-1387.127441,1674.12854,-0.1477183155,0.9880031417,0.0450454363,0.0364131241,134.3241562801,502.3426942442,8.0
12781,0.0,1060.079956,-1387.825684,1674.563965,-0.1477183155,0.9880031417,0.0450454363,0.0348162847,131.6849393604,503.4348979806,8.0
12782,0.0,1060.865723,-1388.483276,1675.185669,-0.1477183155,0.9880031417,0.0450454363,0.033588295,129.6456519086,504.4600183699,8.0
12783,0.0,1061.886353,-1389.154419,1675.765625,-0.1477183155,0.9880031417,0.0450454363,0.0319520142,126.8071495978,505.681165628,8.0
12784,0.0,1062.48645,-1389.570435,1676.1875,-0.1477183155,0.9880031417,0.0450454363,0.0309198832,125.0251159062,506.6950368943,8.0
12785,0.0,1063.243774,-1390.116333,1676.755371,-0.1477183155,0.9880031417,0.0450454363,0.0295167527,122.5871086344,508.3047172603,8.0
12786,0.0,1064.250366,-1390.775024,1677.250122,-0.1477183155,0.9880031417,0.0450454363,,,,
12787,0.0,1064.901855,-1390.985107,1677.39624,-0.1477183155,0.9880031417,0.0450454363,,,,
12788,0.0,1064.964111,-1390.910645,1677.04187,-0.1477183155,0.9880031417,0.0450454363,,,,
12789,0.0,1065.0009155,-1390.8197025,1676.756714,-0.1477183155,0.9880031417,0.0450454363,,,,
12790,0.0,1065.03772,-1390.72876,1676.471558,-0.1477183155,0.9880031417,0.0450454363,,,,
12791,0.0,1065.741211,-1390.442505,1675.995239,-0.1477183155,0.9880031417,0.0450454363,,,,
12792,0.0,1067.618652,-1390.025024,1675.292847,-0.1477183155,0.9880031417,0.0450454363,,,,
12793,0.0,1069.058594,-1389.694214,1675.253784,-0.1477183155,0.9880031417,0.0450454363,,,,
12794,0.0,1070.740601,-1389.812622,1675.056152,-0.1477183155,0.9880031417,0.0450454363,,,,
12795,0.0,1072.158203,-1389.870605,1674.959229,-0.1477183155,0.9880031417,0.0450454363,,,,
12796,0.0,1074.047485,-1389.76123,1675.11377,-0.1477183155,0.9880031417,0.0450454363,,,,
12797,0.0,1075.955078,-1389.664307,1675.200195,-0.1477183155,0.9880031417,0.0450454363,,,,
12798,0.0,1077.500488,-1389.429932,1675.198486,-0.1477183155,0.9880031417,0.0450454363,,,,
12799,0.0,1079.879517,-1388.873169,1675.029907,-0.1477183155,0.9880031417,0.0450454363,,,,
12800,0.0,1082.40564,-1388.171021,1674.805176,-0.1477183155,0.9880031417,0.0450454363,,,,
12801,0.0,1084.426758,-1387.557617,1674.627686,-0.1477183155,0.9880031417,0.0450454363,,,,
12802,0.0,1086.619263,-1386.741211,1674.383423,-0.1477183155,0.9880031417,0.0450454363,,,,
12803,0.0,1087.799683,-1386.040771,1674.106689,-0.1477183155,0.9880031417,0.0450454363,,,,
12804,0.0,1088.956177,-1385.553101,1673.996826,-0.1477183155,0.9880031417,0.0450454363,,,,
12805,0.0,1089.570435,-1385.353394,1673.998535,-0.1477183155,0.9880031417,0.0450454363,,,,
12806,0.0,1090.516113,-1386.313354,1675.48584,-0.1477183155,0.9880031417,0.0450454363,,,,
12807,0.0,1090.848267,-1386.737671,1675.924438,-0.1477183155,0.9880031417,0.0450454363,,,,
12808,0.0,1090.611694,-1386.82666,1675.93457,-0.1477183155,0.9880031417,0.0450454363,,,,
12809,0.0,1090.391602,-1386.872437,1675.961304,-0.1477183155,0.9880031417,0.0450454363,,,,
12810,0.0,1089.878906,-1386.972046,1676.020508,-0.1477183155,0.9880031417,0.0450454363,,,,
12811,0.0,1089.2948,-1387.039673,1676.047974,-0.1477183155,0.9880031417,0.0450454363,,,,
12812,0.0,1088.407715,-1387.176636,1676.071289,-0.1477183155,0.9880031417,0.0450454363,,,,
12813,0.0,1087.484009,-1387.286011,1676.039917,-0.1477183155,0.9880031417,0.0450454363,,,,
12814,0.0,1086.308105,-1387.488525,1676.076172,-0.1477183155,0.9880031417,0.0450454363,,,,
12815,0.0,1084.66626,-1387.616943,1676.068237,-0.1477183155,0.9880031417,0.0450454363,,,,
12816,0.0,1082.932373,-1387.877319,1676.054565,-0.1477183155,0.9880031417,0.0450454363,,,,
12817,0.0,1081.545898,-1388.083252,1676.016479,-0.1477183155,0.9880031417,0.0450454363,,,,
12818,0.0,1079.453735,-1388.371338,1675.917725,-0.1477183155,0.9880031417,0.0450454363,,,,
12819,0.0,1077.422241,-1388.614746,1675.766724,-0.1477183155,0.9880031417,0.0450454363,,,,
12820,0.0,1076.51123,-1388.776733,1675.684937,-0.1477183155,0.9880031417,0.0450454363,,,,
12821,0.0,1075.833496,-1389.019043,1675.719482,-0.1477183155,0.9880031417,0.0450454363,,,,
12822,0.0,1075.671265,-1389.31665,1675.976562,-0.1477183155,0.9880031417,0.0450454363,,,,
12823,0.0,1076.419067,-1389.936646,1677.023438,-0.1477183155,0.9880031417,0.0450454363,,,,
12824,0.0,1077.314941,-1390.237915,1678.008057,-0.1477183155,0.9880031417,0.0450454363,,,,
12825,0.0,1077.641235,-1390.245239,1678.490723,-0.1477183155,0.9880031417,0.0450454363,,,,
12826,0.0,1077.81543,-1389.875,1678.544556,-0.1477183155,0.9880031417,0.0450454363,,,,
12827,0.0,1077.372559,-1389.051636,1678.24231,-0.1477183155,0.9880031417,0.0450454363,,,,
12828,0.0,1076.911011,-1388.735962,1676.622925,-0.1477183155,0.9880031417,0.0450454363,,,,
12829,0.0,1077.4541625,-1388.477051,1675.909424,-0.1477183155,0.9880031417,0.0450454363,,,,
12830,0.0,1079.373901,-1387.833862,1675.454346,-0.1485138152,0.9878838775,0.0450454363,,,,
12831,0.0,1080.811646,-1387.513672,1675.609619,-0.1486654898,0.9878610635,0.0450454363,,,,
12832,0.0,1082.422852,-1387.193115,1675.48877,-0.1494622801,0.9877770116,0.0442447976,,,,
12833,0.0,1084.274292,-1386.876831,1675.513672,-0.1504705106,0.9876309559,0.0440876446,,,,
12834,0.0,1085.674683,-1386.69458,1675.608887,-0.1511815491,0.9875223629,0.0440876621,,,,
12835,0.0,1087.738403,-1386.338257,1675.638794,-0.1528575826,0.9872943708,0.0434095011,,,,
12836,0.0,1090.02002,-1386.125854,1675.68103,-0.1549348119,0.9870160471,0.0423618546,,,,
12837,0.0,1092.14502,-1385.907349,1675.788696,-0.1567831916,0.9867637258,0.0414292198,,,,
12838,0.0,1094.487793,-1385.775635,1675.863281,-0.1594897251,0.9863706949,0.0404460106,,,,
12839,0.0,1096.937134,-1385.581787,1675.937378,-0.160842736,0.9861587394,0.0402561165,,,,
12840,0.0,1099.763306,-1385.265137,1675.961304,-0.1628418048,0.9858681808,0.0393252674,,,,
12841,0.0,1102.276123,-1385.100464,1675.995972,-0.1637482365,0.9857191141,0.0392981311,,,,
12842,0.0,1104.52478,-1384.723999,1676.065674,-0.1645986351,0.9856076117,0.0385347268,,,,
12843,0.0,1107.645874,-1384.531494,1676.252563,-0.1664859101,0.9852981662,0.0383401269,,,,
12844,0.0,1109.625,-1383.86438,1676.271729,-0.1673898187,0.9851450062,0.0383401269,,,,
12845,0.0,1112.886963,-1383.703613,1676.690674,-0.1684198725,0.9849694316,0.0383401269,,,,
12846,0.0,1116.427734,-1383.106201,1676.937256,-0.1695048524,0.9848195248,0.0373979764,,,,
12847,0.0,1118.941406,-1382.585938,1677.001343,-0.1703164954,0.9846800862,0.0373820701,,,,
12848,0.0,1121.229858,-1382.151733,1677.048584,-0.1704647907,0.9846544246,0.0373820701,,,,
12849,0.0,1123.575928,-1381.912842,1677.054321,-0.1713442401,0.9845017685,0.0373820701,,,,
12850,0.0,1124.916748,-1381.85791,1676.920776,-0.171408744,0.98449054,0.0373820701,,,,
12851,0.0,1125.977539,-1382.15271,1676.738037,-0.171408744,0.98449054,0.0373820701,,,,
12852,0.0,1126.564209,-1382.614746,1676.687622,-0.172119217,0.984366576,0.0373820701,,,,
12853,0.0,1127.213745,-1383.486572,1676.807373,-0.1723525397,0.9843257504,0.0373820701,,,,
12854,0.0,1127.494019,-1384.584351,1677.181885,-0.172358275,0.9843593142,0.0364604669,,,,
12855,0.0,1127.893921,-1385.600098,1677.88855,-0.1723586419,0.9843606008,0.0364239789,,,,
12856,0.0,1128.172729,-1386.536987,1678.200439,-0.1738679027,0.9840951402,0.0364239964,,,,
12857,0.0,1128.334351,-1387.501953,1678.296265,-0.175115431,0.9839060138,0.035546333,,,,
12858,0.0,1128.258179,-1388.275513,1678.092529,-0.1759975981,0.9837515019,0.0354658717,,,,
12859,0.0,1127.990234,-1389.311401,1677.934937,-0.176138405,0.9837263005,0.0354658717,,,,
12860,0.0,1127.513062,-1390.177246,1677.681274,-0.176138405,0.9837263005,0.0354658717,,,,
12861,0.0,1126.581421,-1390.763428,1676.918945,-0.176138405,0.9837263005,0.0354658717,,,,
12862,0.0,1125.407104,-1392.026367,1676.945435,-0.176138405,0.9837263005,0.0354658717,,,,
12863,0.0,1124.304443,-1393.459473,1677.085938,-0.176138405,0.9837263005,0.0354658717,,,,
12864,0.0,1123.685425,-1394.632446,1677.325073,-0.176138405,0.9837263005,0.0354658717,,,,
12865,0.0,1123.011963,-1395.7771,1677.454102,-0.1770446612,0.9835636024,0.0354658717,,,,
12866,0.0,1122.441528,-1396.564819,1677.559692,-0.1770814658,0.9835569767,0.0354658717,,,,
12867,0.0,1120.48645,-1397.400635,1676.39624,-0.1770814658,0.9835569767,0.0354658717,,,,
12868,0.0,1120.217407,-1397.739685,1676.358276,-0.1770814658,0.9835569767,0.0354658717,,,,
12869,0.0,1119.948364,-1398.078735,1676.320312,-0.1770814658,0.9835569767,0.0354658717,,,,
12870,0.0,1119.453613,-1399.435425,1676.95105,-0.1770814658,0.9835569767,0.0354658717,,,,
12871,0.0,1119.373596,-1399.7561035,1677.067505,-0.1770814658,0.9835569767,0.0354658717,,,,
12872,0.0,1119.293579,-1400.076782,1677.18396,-0.1770814658,0.9835569767,0.0354658717,,,,
12873,0.0,1119.400146,-1401.218262,1678.146484,-0.1770814658,0.9835569767,0.0354658717,,,,
12874,0.0,1119.42041,-1401.4002075,1678.2686155,-0.1770814658,0.9835569767,0.0354658717,,,,
12875,0.0,1119.546265,-1401.970703,1678.712891,-0.1778456048,0.9834190932,0.0354658717,,,,
12876,0.0,1119.723999,-1402.362549,1679.100098,-0.1789397477,0.9832319123,0.0351507222,,,,
12877,0.0,1119.819214,-1402.476196,1679.248657,-0.1799395898,0.9830674537,0.0346428268,,,,
12878,0.0,1119.830078,-1402.439331,1679.241333,-0.1803770476,0.9829990952,0.0343059692,,,,
12879,0.0,1119.85498,-1402.360596,1679.227295,-0.1808059787,0.9829232783,0.0342202715,,,,
12880,0.0,1119.921143,-1402.314453,1679.225952,-0.1816620725,0.9827810344,0.0337687716,,,,
12881,0.0,1119.9729,-1402.283081,1679.227295,-0.1820707883,0.9827063453,0.0337411762,,,,
12882,0.0,1120.005005,-1402.291382,1679.244873,-0.1821820144,0.9826857314,0.0337411762,,,,
12883,0.0,1120.026367,-1402.325928,1679.277344,-0.1825285461,0.9826333912,0.0333908418,,,,
12884,0.0,1120.012207,-1402.362183,1679.302979,-0.1829388097,0.9825582135,0.0333578909,,,,
12885,0.0,1119.986084,-1402.438354,1679.358643,-0.1833535213,0.9824945986,0.0329522377,,,,
12886,0.0,1119.928467,-1402.521362,1679.421509,-0.1842372429,0.9823317275,0.0328787992,,,,
12887,0.0,1119.873657,-1402.598755,1679.472412,-0.1849641597,0.9822057018,0.0325610054,,,,
12888,0.0,1119.783203,-1402.647827,1679.508423,-0.1861668972,0.9820048885,0.0317535103,,,,
12889,0.0,1119.706665,-1402.673218,1679.531616,-0.1870106898,0.9818484356,0.0316330733,,,,
12890,0.0,1119.592651,-1402.678345,1679.559204,-0.1879812539,0.9816774193,0.0311848148,,,,
12891,0.0,1119.503296,-1402.658081,1679.575806,-0.1880358165,0.9816679499,0.0311539375,,,,
12892,0.0,1119.412231,-1402.622192,1679.593262,-0.1883621721,0.9816158036,0.0308237925,,,,
12893,0.0,1119.372925,-1402.598267,1679.602051,-0.1887608633,0.9815408827,0.0307706376,,,,
12894,0.0,1119.293091,-1402.529663,1679.624146,-0.189206203,0.9814652791,0.0304453385,,,,
12895,0.0,1119.238892,-1402.460815,1679.641113,-0.1897046997,0.9813708463,0.0303873157,,,,
12896,0.0,1119.185547,-1402.380127,1679.662964,-0.1900718632,0.9813129222,0.0299605677,,,,
12897,0.0,1119.151245,-1402.293823,1679.687378,-0.1905765557,0.9812280152,0.0295323313,,,,
12898,0.0,1119.131958,-1402.246338,1679.699829,-0.190585743,0.981226456,0.0295248471,,,,
12899,0.0,1119.099487,-1402.198608,1679.733154,-0.1909043179,0.9811765658,0.0291219541,,,,
12900,0.0,1119.069946,-1402.159546,1679.762207,-0.1914025135,0.981092217,0.0286904099,,,,
12901,0.0,1119.056763,-1402.154907,1679.775146,-0.1914392368,0.9810969536,0.0282804937,,,,
12902,0.0,1119.026001,-1402.144653,1679.795288,-0.1917583858,0.9810374259,0.0281831606,,,,
12903,0.0,1118.992065,-1402.152832,1679.815796,-0.1918177608,0.981035248,0.0278529867,,,,
12904,0.0,1118.969604,-1402.166016,1679.832275,-0.1921749789,0.9809795367,0.0273482379,,,,
12905,0.0,1118.956299,-1402.191406,1679.822754,-0.1921967996,0.9809760308,0.0273206371,,,,
12906,0.0,1118.949585,-1402.205078,1679.816528,-0.1921967996,0.9809760308,0.0273206371,,,,
12907,0.0,1118.915039,-1402.287842,1679.758545,-0.1921967996,0.9809760308,0.0273206371,,,,
12908,0.0,1118.904907,-1402.303284,1679.7474975,-0.1921967996,0.9809760308,0.0273206371,,,,
12909,0.0,1118.894775,-1402.318726,1679.73645,-0.1921967996,0.9809760308,0.0273206371,,,,
12910,0.0,1118.852905,-1402.358521,1679.712158,-0.1921967996,0.9809760308,0.0273206371,,,,
12911,0.0,1118.825317,-1402.385986,1679.703125,-0.1921967996,0.9809760308,0.0273206371,,,,
12912,0.0,1118.8084105,-1402.401489,1679.699524,-0.1921967996,0.9809760308,0.0273206371,,,,
12913,0.0,1118.749146,-1402.443237,1679.700317,-0.1921967996,0.9809760308,0.0273206371,,,,
12914,0.0,1118.698853,-1402.471558,1679.705078,-0.1921967996,0.9809760308,0.0273206371,,,,
12915,0.0,1118.6796875,-1402.4794925,1679.708191,-0.1921967996,0.9809760308,0.0273206371,,,,
12916,0.0,1118.641968,-1402.495972,1679.71228,-0.1921967996,0.9809760308,0.0273206371,,,,
12917,0.0,1118.623413,-1402.503052,1679.716064,-0.1921967996,0.9809760308,0.0273206371,,,,
12918,0.0,1118.585938,-1402.515503,1679.727783,-0.1921967996,0.9809760308,0.0273206371,,,,
12919,0.0,1118.575317,-1402.532349,1679.740479,-0.1921967996,0.9809760308,0.0273206371,,,,
12920,0.0,1118.554565,-1402.565063,1679.764648,-0.1921967996,0.9809760308,0.0273206371,,,,
12921,0.0,1118.5625,-1402.58606,1679.765137,-0.1921967996,0.9809760308,0.0273206371,,,,
12922,0.0,1118.576172,-1402.604492,1679.76001,-0.192336555,0.9809506151,0.0272495938,,,,
12923,0.0,1118.609009,-1402.621826,1679.74939,-0.1923858079,0.9809438397,0.0271456106,,,,
12924,0.0,1118.640503,-1402.634399,1679.739258,-0.1923863113,0.9809464062,0.0270491293,,,,
12925,0.0,1118.694336,-1402.650391,1679.714355,-0.1924682172,0.9809330623,0.0269501878,,,,
12926,0.0,1118.760254,-1402.668213,1679.681885,-0.1924820545,0.9809351708,0.026774043,,,,
12927,0.0,1118.815186,-1402.680908,1679.654785,-0.1924823843,0.9809382105,0.0266600613,,,,
12928,0.0,1118.927856,-1402.69873,1679.591064,-0.1925724959,0.9809232764,0.0265586063,,,,
12929,0.0,1118.980225,-1402.70752,1679.560181,-0.1925784662,0.9809295059,0.0262838129,,,,
12930,0.0,1119.078613,-1402.719116,1679.501221,-0.1925789446,0.9809319431,0.0261891789,0.0020384094,59.0120538146,924.7012757337,8.0
12931,0.0,1119.184204,-1402.735596,1679.440063,-0.192580089,0.9809370478,0.025988796,0.0024644632,64.9105172502,925.1382659844,8.0
12932,0.0,1119.254272,-1402.764893,1679.422729,-0.1925798819,0.9809373514,0.0259788685,0.0024662214,64.9540470104,925.4290255582,8.0
12933,0.0,1119.315674,-1402.7854,1679.396973,-0.1925798819,0.9809373514,0.0259788685,0.0023916469,63.9930705287,925.8257350978,8.0
12934,0.0,1119.475952,-1402.896729,1679.393066,-0.1925798819,0.9809373514,0.0259788685,0.0023106932,62.9401970815,926.3881410941,8.0
12935,0.0,1119.532837,-1402.941895,1679.386963,-0.1925798819,0.9809373514,0.0259788685,0.0022409134,62.0156101673,926.8659485454,8.0
12936,0.0,1119.565796,-1402.970825,1679.397827,-0.1925798819,0.9809373514,0.0259788685,0.0022630187,62.4803223483,929.2445865554,8.0
12937,0.0,1119.710815,-1403.135498,1679.455688,-0.1925798819,0.9809373514,0.0259788685,,,,
12938,0.0,1119.786133,-1403.253296,1679.528076,-0.1925798819,0.9809373514,0.0259788685,,,,
12939,0.0,1119.844482,-1403.356812,1679.604736,-0.1925798819,0.9809373514,0.0259788685,,,,
12940,0.0,1119.893677,-1403.42395,1679.668579,-0.1934925653,0.9807577298,0.0259788859,,,,
12941,0.0,1119.931519,-1403.46936,1679.718628,-0.1935202442,0.9807522692,0.0259788685,,,,
12942,0.0,1119.965576,-1403.505249,1679.760376,-0.1935202442,0.9807522692,0.0259788685,,,,
12943,0.0,1119.994507,-1403.525391,1679.79126,-0.1935202442,0.9807522692,0.0259788685,,,,
12944,0.0,1120.089844,-1403.568115,1679.872559,-0.1935202442,0.9807522692,0.0259788685,,,,
12945,0.0,1120.125366,-1403.575073,1679.892334,-0.1935202442,0.9807522692,0.0259788685,,,,
12946,0.0,1120.160767,-1403.578979,1679.907227,-0.1935202442,0.9807522692,0.0259788685,,,,
12947,0.0,1120.186768,-1403.57959,1679.914307,-0.1935202442,0.9807522692,0.0259788685,,,,
12948,0.0,1120.204346,-1403.579346,1679.918701,-0.1935202442,0.9807522692,0.0259788685,,,,
12949,0.0,1120.209717,-1403.581177,1679.919189,-0.1935202442,0.9807522692,0.0259788685,,,,
12950,0.0,1120.222778,-1403.58313,1679.920288,-0.1935202442,0.9807522692,0.0259788685,,,,
12951,0.0,1120.254883,-1403.596558,1679.919922,-0.1935202442,0.9807522692,0.0259788685,,,,
12952,0.0,1120.265015,-1403.601074,1679.919189,-0.1942978762,0.9805985079,0.0259788685,,,,
12953,0.0,1119.581909,-1402.848633,1679.197144,-0.1976947868,0.9799193179,0.0259788685,,,,
12954,0.0,1119.085815,-1402.457275,1678.748535,-0.2137632862,0.976561869,0.0251430591,,,,
12955,0.0,1118.670776,-1402.173462,1678.486206,-0.3023682593,0.9527683078,0.0283899168,,,,
12956,0.0,1118.95166,-1402.111816,1678.542603,-0.3708096256,0.9281433289,0.0324065206,,,,
12957,0.0,1119.2128905,-1402.026489,1678.5923465,-0.4339946304,0.8974819446,0.0351408316,,,,
12958,0.0,1119.734009,-1401.789185,1678.674927,-0.5667808051,0.8229096152,0.0397402089,0.1145799598,459.7264189219,989.1019766311,8.0
12959,0.0,1120.268433,-1401.323364,1678.72229,-0.6868538097,0.725543894,0.0426368618,,,,
12960,0.0,1120.482544,-1400.548584,1678.54126,-0.7640100888,0.6436972459,0.0440731202,,,,
12961,0.0,1120.6844485,-1400.1190185,1678.5338135,-0.8104751532,0.578607891,0.0441282799,,,,
12962,0.0,1121.153687,-1399.080566,1678.514771,-0.884240553,0.4649370582,0.0441834396,,,,
12963,0.0,1121.596069,-1398.19873,1678.568115,-0.9216041295,0.3856081589,0.0441834396,,,,
12964,0.0,1121.774292,-1397.092529,1678.484985,-0.9475592662,0.3165110752,0.0441834396,,,,
12965,0.0,1122.029785,-1396.179565,1678.444458,-0.9535649526,0.2979290264,0.0441834396,,,,
12966,0.0,1122.485474,-1394.661377,1678.403809,-0.9599552901,0.2766471844,0.0441834396,,,,
12967,0.0,1122.919312,-1393.078125,1678.335815,-0.9633499693,0.2644615503,0.0449101881,,,,
12968,0.0,1123.493408,-1391.174561,1678.240112,-0.9642131498,0.2612571013,0.0451412097,,,,
12969,0.0,1124.204468,-1389.239258,1678.074341,-0.9642603097,0.2610829874,0.0451412097,,,,
12970,0.0,1125.126831,-1387.24353,1678.02063,-0.9642603097,0.2610829874,0.0451412097,,,,
12971,0.0,1125.626099,-1384.968994,1677.903442,-0.9642603097,0.2610829874,0.0451412097,,,,
12972,0.0,1126.723999,-1382.982666,1677.921021,-0.9642603097,0.2610829874,0.0451412097,,,,
12973,0.0,1127.707031,-1380.738159,1677.938599,-0.9642603097,0.2610829874,0.0451412097,,,,
12974,0.0,1128.898071,-1378.262939,1678.190063,-0.9642603097,0.2610829874,0.0451412097,,,,
12975,0.0,1130.148682,-1375.569092,1678.716309,-0.9642603097,0.2610829874,0.0451412097,,,,
12976,0.0,1131.123047,-1373.249878,1679.091919,-0.9642603097,0.2610829874,0.0451412097,,,,
12977,0.0,1132.182007,-1371.042114,1679.492188,-0.9642603097,0.2610829874,0.0451412097,,,,
12978,0.0,1133.438354,-1368.162231,1679.806274,-0.9642603097,0.2610829874,0.0451412097,,,,
12979,0.0,1134.359619,-1365.83667,1679.966919,-0.9642603097,0.2610829874,0.0451412097,,,,
12980,0.0,1135.622437,-1362.820679,1680.248169,-0.9642603097,0.2610829874,0.0451412097,,,,
12981,0.0,1136.678101,-1360.446655,1680.535645,-0.9642603097,0.2610829874,0.0451412097,,,,
12982,0.0,1137.910278,-1357.328003,1680.868408,-0.9642603097,0.2610829874,0.0451412097,,,,
12983,0.0,1138.76123,-1354.947632,1681.086792,-0.9642603097,0.2610829874,0.0451412097,,,,
12984,0.0,1139.900391,-1351.79834,1681.418091,-0.9642603097,0.2610829874,0.0451412097,,,,
12985,0.0,1140.858887,-1348.986938,1681.648315,-0.9642603097,0.2610829874,0.0451412097,,,,
12986,0.0,1141.641479,-1346.466187,1681.776123,-0.9642603097,0.2610829874,0.0451412097,,,,
12987,0.0,1142.754883,-1342.87207,1681.924927,-0.9642603097,0.2610829874,0.0451412097,,,,
12988,0.0,1143.547363,-1340.362183,1681.975464,-0.9642603097,0.2610829874,0.0451412097,,,,
12989,0.0,1144.613892,-1337.358032,1682.031128,-0.9642603097,0.2610829874,0.0451412097,,,,
12990,0.0,1145.663208,-1335.005127,1682.175659,-0.9642603097,0.2610829874,0.0451412097,,,,
12991,0.0,1146.825684,-1332.796265,1682.25293,-0.9642603097,0.2610829874,0.0451412097,,,,
12992,0.0,1148.519287,-1329.897339,1682.419434,-0.9642603097,0.2610829874,0.0451412097,,,,
12993,0.0,1149.912476,-1327.718872,1682.635864,-0.9642603097,0.2610829874,0.0451412097,,,,
12994,0.0,1153.363281,-1323.194092,1683.116577,-0.9642603097,0.2610829874,0.0451412097,,,,
12995,0.0,1155.181274,-1320.832642,1683.283813,-0.9642603097,0.2610829874,0.0451412097,,,,
12996,0.0,1157.010864,-1318.913452,1683.589111,-0.9642603097,0.2610829874,0.0451412097,,,,
12997,0.0,1157.909668,-1316.713013,1683.580811,-0.9642603097,0.2610829874,0.0451412097,,,,
12998,0.0,1157.8573,-1315.070312,1683.423706,-0.9642603097,0.2610829874,0.0451412097,,,,
12999,0.0,1157.497437,-1313.008179,1683.183838,-0.9642603097,0.2610829874,0.0451412097,,,,
13000,0.0,1157.456299,-1311.464844,1683.037598,-0.9642603097,0.2610829874,0.0451412097,,,,
13001,0.0,1157.348633,-1309.375244,1683.071655,-0.9642603097,0.2610829874,0.0451412097,,,,
13002,0.0,1157.407471,-1307.470703,1683.184692,-0.9642603097,0.2610829874,0.0451412097,,,,
13003,0.0,1157.416382,-1305.51416,1683.324585,-0.9642603097,0.2610829874,0.0451412097,,,,
13004,0.0,1157.450806,-1304.111572,1683.327881,-0.9642603097,0.2610829874,0.0451412097,,,,
13005,0.0,1157.466187,-1302.164429,1683.511475,-0.9642603097,0.2610829874,0.0451412097,,,,
13006,0.0,1157.531982,-1300.607422,1683.672485,-0.9642603097,0.2610829874,0.0451412097,,,,
13007,0.0,1157.552979,-1298.949097,1683.816284,-0.9640444328,0.261878985,0.0451412097,,,,
13008,0.0,1157.138062,-1297.794067,1683.870605,-0.9614396364,0.2711266495,0.0460886692,,,,
13009,0.0,1156.76001,-1296.626831,1684.144531,-0.9594036216,0.2781105479,0.0468957782,,,,
13010,0.0,1156.21814,-1295.209595,1684.478882,-0.953795772,0.2964748004,0.0487474933,,,,
13011,0.0,1155.529053,-1294.370361,1684.757935,-0.9463072847,0.3194258297,0.049695697,,,,
13012,0.0,1154.340698,-1293.505005,1684.496826,-0.9383994448,0.3419262026,0.0499294899,,,,
13013,0.0,1152.806519,-1293.129639,1683.609497,-0.9235825619,0.3801345803,0.0499294725,,,,
13014,0.0,1151.542358,-1292.958618,1683.21936,-0.9166421056,0.3965782346,0.0499294899,,,,
13015,0.0,1150.197144,-1292.976807,1682.84021,-0.9041790734,0.4241280372,0.0507504803,,,,
13016,0.0,1148.310547,-1293.016846,1682.449341,-0.8901334462,0.4527525403,0.0517453877,,,,
13017,0.0,1146.745483,-1292.962891,1682.248657,-0.8751582953,0.4809709666,0.0525821968,,,,
13018,0.0,1144.981567,-1292.901978,1681.898193,-0.8534216875,0.5183731971,0.0544118718,,,,
13019,0.0,1143.078003,-1292.934082,1681.46814,-0.8410071715,0.5380682177,0.0564759293,,,,
13020,0.0,1141.608154,-1292.97229,1681.311523,-0.8373553111,0.5435633056,0.0580948865,,,,
13021,0.0,1139.526489,-1292.776855,1680.981689,-0.8364736438,0.5448708842,0.0585453908,,,,
13022,0.0,1137.55481,-1292.536621,1680.788818,-0.8364736438,0.5448708842,0.0585453908,,,,
13023,0.0,1135.732178,-1292.103149,1680.606934,-0.8364736438,0.5448708842,0.0585453908,,,,
13024,0.0,1134.284912,-1291.484375,1680.583374,-0.8364736438,0.5448708842,0.0585453908,,,,
13025,0.0,1133.344482,-1290.949707,1680.759277,-0.8364736438,0.5448708842,0.0585453908,,,,
13026,0.0,1132.266235,-1290.235107,1680.702637,-0.8364736438,0.5448708842,0.0585453908,,,,
13027,0.0,1130.91333,-1289.128174,1680.422607,-0.8364736438,0.5448708842,0.0585453908,,,,
13028,0.0,1129.750977,-1287.748047,1680.036377,-0.8378301225,0.5427827586,0.0585453908,,,,
13029,0.0,1128.674316,-1286.470947,1679.880493,-0.8385601218,0.5417490225,0.0576621084,,,,
13030,0.0,1127.997803,-1285.519653,1679.760864,-0.8390245061,0.5410373997,0.0575882816,,,,
13031,0.0,1128.061523,-1284.526733,1679.603882,-0.8396149699,0.5402089753,0.0567535492,,,,
13032,0.0,1128.157104,-1282.116333,1679.035767,-0.8410658614,0.5380401053,0.0558664642,,,,
13033,0.0,1128.299072,-1281.369873,1678.8914795,-0.841619033,0.5371834338,0.0557701762,,,,
13034,0.0,1128.44104,-1280.623413,1678.747192,-0.8421722046,0.5363267622,0.0556738881,,,,
13035,0.0,1129.497314,-1277.288452,1678.406616,-0.8438126159,0.5338411396,0.0547166054,,,,
13036,0.0,1129.9129635,-1276.246948,1678.474182,-0.8440830196,0.5334132478,0.0547166054,,,,
13037,0.0,1131.01062,-1273.283691,1678.691406,-0.8456852448,0.5309492205,0.0539387805,,,,
13038,0.0,1131.896362,-1271.096313,1678.956421,-0.8468681492,0.5291596941,0.0529561704,,,,
13039,0.0,1132.587036,-1270.0062255,1679.1586305,-0.848424781,0.5267055702,0.05242042,,,,
13040,0.0,1134.568359,-1267.556885,1679.684692,-0.8508868457,0.522854664,0.0511329258,,,,
13041,0.0,1136.156738,-1265.470947,1680.028442,-0.8520330058,0.5210870828,0.050080028,,,,
13042,0.0,1137.797119,-1263.413574,1680.277954,-0.8526679796,0.5201415559,0.0490925502,,,,
13043,0.0,1139.563843,-1261.50647,1680.445557,-0.8532029968,0.5192748766,0.0489719186,,,,
13044,0.0,1141.40332,-1261.539551,1680.515137,-0.8532341178,0.5192237393,0.0489719186,,,,
13045,0.0,1143.229004,-1262.062866,1680.328491,-0.8532341178,0.5192237393,0.0489719186,,,,
13046,0.0,1144.833374,-1262.473511,1680.387085,-0.8532341178,0.5192237393,0.0489719186,,,,
13047,0.0,1146.715942,-1262.55603,1680.986816,-0.8532341178,0.5192237393,0.0489719186,,,,
13048,0.0,1148.319946,-1262.575439,1681.293945,-0.8532341178,0.5192237393,0.0489719186,,,,
13049,0.0,1150.07666,-1262.99585,1681.327271,-0.8532341178,0.5192237393,0.0489719186,,,,
13050,0.0,1151.734863,-1263.369141,1681.420898,-0.8537796956,0.5183261354,0.0489719186,,,,
13051,0.0,1153.051514,-1263.631958,1681.63623,-0.8538168206,0.5183455535,0.0481115792,,,,
13052,0.0,1154.244385,-1263.826538,1681.720215,-0.8538209575,0.5183477591,0.0480143024,,,,
13053,0.0,1155.476807,-1264.023926,1682.084839,-0.8538209575,0.5183477591,0.0480143024,,,,
13054,0.0,1156.468872,-1263.986694,1682.266846,-0.8542583951,0.5176265268,0.0480143024,,,,
13055,0.0,1157.427368,-1263.08313,1683.064453,-0.8543175279,0.517528925,0.0480143024,,,,
13056,0.0,1158.980713,-1262.419067,1683.485229,-0.8547992713,0.5167328444,0.0480143024,,,,
13057,0.0,1159.018188,-1262.320679,1683.46106,-0.8548514094,0.5167326434,0.0470791143,,,,
13058,0.0,1158.970703,-1262.274902,1683.440552,-0.854852315,0.5167331908,0.0470566594,,,,
13059,0.0,1158.895142,-1262.204346,1683.420776,-0.854852315,0.5167331908,0.0470566594,,,,
13060,0.0,1158.841187,-1262.141235,1683.404785,-0.854852315,0.5167331908,0.0470566594,,,,
13061,0.0,1158.823853,-1262.082153,1683.397217,-0.854852315,0.5167331908,0.0470566594,,,,
13062,0.0,1158.811768,-1262.042603,1683.391602,-0.854852315,0.5167331908,0.0470566594,,,,
13063,0.0,1158.815308,-1262.030029,1683.402222,-0.854852315,0.5167331908,0.0470566594,,,,
13064,0.0,1158.815796,-1262.029297,1683.403442,-0.854852315,0.5167331908,0.0470566594,,,,
13065,0.0,1158.822754,-1262.026001,1683.414673,-0.8552206285,0.5161233839,0.0470566594,,,,
13066,0.0,1158.855103,-1262.164917,1683.490723,-0.855347328,0.5159133836,0.0470566594,,,,
13067,0.0,1158.853394,-1262.275269,1683.539307,-0.855347328,0.5159133836,0.0470566594,,,,
13068,0.0,1158.854004,-1262.26355,1683.534424,-0.855347328,0.5159133836,0.0470566594,,,,
13069,0.0,1158.789551,-1262.485352,1683.609131,-0.855347328,0.5159133836,0.0470566594,,,,
13070,0.0,1158.720581,-1262.59375,1683.635254,-0.855347328,0.5159133836,0.0470566594,,,,
13071,0.0,1158.719238,-1262.594849,1683.635132,-0.855347328,0.5159133836,0.0470566594,,,,
13072,0.0,1158.526611,-1262.73291,1683.664185,-0.855347328,0.5159133836,0.0470566594,,,,
13073,0.0,1158.427979,-1262.769897,1683.681396,-0.855347328,0.5159133836,0.0470566594,,,,
13074,0.0,1158.322144,-1262.799194,1683.700195,-0.855347328,0.5159133836,0.0470566594,,,,
13075,0.0,1157.964233,-1262.8927,1683.361816,-0.8557518389,0.5152421383,0.0470566594,,,,
13076,0.0,1158.128784,-1262.874634,1683.5625,-0.85671724,0.5137096351,0.0462383111,,,,
13077,0.0,1157.199829,-1263.274536,1682.662476,-0.8605915895,0.5072912237,0.0451412271,,,,
13078,0.0,1157.202637,-1263.155518,1682.668091,-0.8669208303,0.4964645418,0.044398567,,,,
13079,0.0,1157.2229,-1262.807373,1682.686279,-0.8763293352,0.4796818945,0.0441834396,,,,
13080,0.0,1157.239014,-1262.373779,1682.705078,-0.8864086619,0.460719188,0.0449167439,,,,
13081,0.0,1157.183716,-1261.766479,1682.68042,-0.907456407,0.4174623159,0.0474139653,,,,
13082,0.0,1157.074463,-1260.957397,1682.621704,-0.9222969179,0.3832877502,0.0495872539,,,,
13083,0.0,1156.866089,-1259.977051,1682.509399,-0.9393360223,0.3390951456,0.0515976686,,,,
13084,0.0,1156.7323,-1259.384766,1682.246826,-0.949340437,0.3097996766,0.0526962528,,,,
13085,0.0,1157.0391235,-1259.5249635,1683.1898805,-0.9525537261,0.2994807207,0.0532502012,,,,
13086,0.0,1158.196655,-1260.542236,1689.425049,-0.9630767679,0.2636081033,0.0547166054,,,,
13087,0.0,1158.641113,-1261.350586,1693.036377,-0.9658734031,0.2529692911,0.0556336857,,,,
13088,0.0,1158.956055,-1261.881226,1699.414795,-0.9661732377,0.2518128171,0.0556738706,,,,
13089,0.0,1159.610596,-1262.807129,1701.111694,-0.9662046146,0.2516923972,0.0556738706,,,,
13090,0.0,1160.127563,-1263.490112,1702.306396,-0.96640319,0.2509288594,0.0556738881,,,,
13091,0.0,1161.022705,-1264.080688,1703.923462,-0.9664454792,0.2507659385,0.0556738706,,,,
13092,0.0,1161.984497,-1264.661011,1706.480103,-0.966393677,0.2507524973,0.0566254912,,,,
13093,0.0,1162.411499,-1265.005737,1708.909302,-0.9663933689,0.2507524174,0.0566311022,,,,
13094,0.0,1163.317139,-1265.571655,1711.778076,-0.9670171407,0.248335998,0.0566311022,,,,
13095,0.0,1163.181763,-1265.340698,1714.964478,-0.9684514845,0.242148422,0.0588715877,,,,
13096,0.0,1162.777222,-1264.838501,1719.14209,-0.9699316847,0.235991491,0.0595024635,,,,
13097,0.0,1162.875732,-1264.400757,1721.297607,-0.9715835201,0.22861179,0.0613360663,,,,
13098,0.0,1162.431519,-1263.726318,1723.342041,-0.9722387934,0.2255286237,0.0623583868,,,,
13480,0.0,103.798889,-143.311279,1681.667114,0.2784524183,-0.9072774287,-0.315137935,,,,
13481,0.0,103.804375,-143.329178,1681.671875,0.2784524183,-0.9072774287,-0.315137935,,,,
13482,0.0,103.968918,-143.365494,1681.72522,0.3015619524,-0.9000085755,-0.3147140811,,,,
13483,0.0,104.223831,-143.409714,1681.72583,0.3368743369,-0.8876277482,-0.3140583731,,,,
13484,0.0,104.545448,-143.591995,1681.724121,0.3719210125,-0.8737599378,-0.3133980402,,,,
13485,0.0,105.235641,-143.795639,1681.721191,0.4491815287,-0.8389093302,-0.3073549902,,,,
13486,0.0,105.634445,-143.93483,1681.718994,0.4879781788,-0.8203406403,-0.2981921038,,,,
13487,0.0,106.095108,-144.161942,1681.712646,0.5255315704,-0.8044853841,-0.2768028818,,,,
13488,0.0,106.420494,-144.415222,1681.691895,0.5450682241,-0.8003257178,-0.2497586365,,,,
13489,0.0,106.571312,-144.523087,1681.671265,0.5564561798,-0.8014190718,-0.2192806222,,,,
13490,0.0,106.654869,-144.619675,1681.64563,0.5624344,-0.8067835138,-0.1810190808,,,,
13491,0.0,106.608284,-144.668839,1681.629883,0.5572844114,-0.8152516551,-0.1574764226,,,,
13492,0.0,106.471207,-144.725281,1681.61731,0.5426454604,-0.8290021838,-0.1352452718,,,,
13493,0.0,106.318512,-144.785767,1681.604736,0.5252477403,-0.8425391529,-0.1193423108,,,,
13494,0.0,106.07534,-144.643356,1681.560303,0.5103068159,-0.8533318283,-0.1068257665,,,,
13495,0.0,105.902916,-144.531204,1681.522217,0.4996493369,-0.8607499173,-0.0972631479,,,,
13496,0.0,105.780899,-144.402435,1681.487915,0.4946172065,-0.8640007299,-0.0941092864,,,,
13497,0.0,105.633499,-144.271332,1681.436646,0.4865568541,-0.8688750501,-0.0912062229,,,,
13498,0.0,104.986977,-144.17392,1681.322021,0.4151278337,-0.9060567004,-0.0820374139,,,,
13499,0.0,104.233864,-144.253189,1681.24707,0.3124229956,-0.9469886558,-0.0748622577,,,,
13500,0.0,103.192612,-144.371109,1681.210571,0.1647859914,-0.9839994474,-0.0677544435,,,,
13501,0.0,101.563171,-144.071259,1681.165039,-0.060759779,-0.9963550081,-0.0598744269,,,,
13502,0.0,100.251572,-143.351151,1681.084473,-0.3496839708,-0.9354036537,-0.052355756,,,,
13625,0.0,-16.780144,13.220637,1681.700806,0.90543664,0.4208272333,0.0555781481,,,,
13626,0.0,-16.665005,13.305544,1681.688599,0.90543664,0.4208272333,0.0555781481,,,,
13627,0.0,-16.497072,13.455751,1681.671021,0.90543664,0.4208272333,0.0555781481,,,,
13628,0.0,-16.340164,13.622355,1681.654785,0.90543664,0.4208272333,0.0555781481,,,,
13629,0.0,-15.820839,16.360559,1681.252319,0.9082760353,0.4148808235,0.0539309379,,,,
13630,0.0,-15.063871,19.775974,1680.867432,0.9104920763,0.4101379235,0.0528305083,,,,
13631,0.0,-14.221428,23.36488,1680.494995,0.9143213818,0.4017667018,0.05098949,,,,
13632,0.0,-13.558949,27.201996,1680.08606,0.9180801353,0.3933565451,0.0489846268,,,,
13633,0.0,-12.716366,31.102419,1679.64856,0.9197748815,0.3893909194,0.0488761625,,,,
13634,0.0,-11.941852,34.335072,1679.329102,0.9217341931,0.3848339191,0.0480513478,,,,
13635,0.0,-10.610761,38.192886,1679.013916,0.9249091447,0.3771563169,0.0479185418,,,,
13636,0.0,-9.430661,40.419579,1678.820312,0.926838646,0.3724790814,0.0472171384,,,,
13637,0.0,-7.679944,43.205467,1678.529175,0.9325985335,0.3578472434,0.0469608944,,,,
13638,0.0,-5.138427,46.076645,1678.094238,0.9406988177,0.3360909374,0.0461369285,,,,
13639,0.0,-2.654487,48.298889,1677.727295,0.9447732477,0.3244799181,0.0460031865,,,,
13640,0.0,-0.055875,50.171719,1677.358398,0.9490924639,0.3116202845,0.0460031865,,,,
13641,0.0,1.390728,51.058186,1677.260986,0.9508980099,0.306066466,0.0460031865,,,,
13642,0.0,3.690879,52.152744,1677.141113,0.9525161683,0.3009927839,0.0460031865,,,,
13643,0.0,6.04335,52.959999,1677.037476,0.9538370032,0.2967805244,0.0460031691,,,,
13644,0.0,7.636924,53.317528,1676.984619,0.9551304261,0.2925911414,0.0460031865,,,,
13645,0.0,9.96107,53.673004,1676.911133,0.9570548592,0.2862336515,0.0460031865,,,,
13646,0.0,12.589931,53.829979,1676.902954,0.9592781834,0.278691718,0.0460031865,,,,
13647,0.0,14.959272,53.812714,1676.8927,0.9598898101,0.2765777637,0.0460031865,,,,
13648,0.0,16.659147,53.701962,1676.883545,0.9602752714,0.2752364648,0.0460031691,,,,
13649,0.0,19.434391,53.445835,1676.841919,0.9606413398,0.2739560607,0.0460031865,,,,
13650,0.0,21.965399,53.023438,1676.844604,0.9606839164,0.2738067195,0.0460031865,,,,
13651,0.0,24.512625,52.506554,1676.81543,0.9606839164,0.2738067195,0.0460031865,,,,
13652,0.0,27.074938,51.882854,1676.7677,0.9606839164,0.2738067195,0.0460031865,,,,
13653,0.0,29.674011,51.09079,1676.662598,0.9606839164,0.2738067195,0.0460031865,,,,
13654,0.0,32.378906,50.107849,1676.613159,0.9606839164,0.2738067195,0.0460031865,,,,
13655,0.0,34.486988,49.227707,1676.469604,0.9604847394,0.2745045943,0.0460031865,,,,
13656,0.0,37.526707,48.044209,1676.54895,0.9599591949,0.2763368434,0.0460031865,,,,
13657,0.0,40.401016,46.982944,1676.824097,0.9587198776,0.2807472305,0.0451352293,,,,
13658,0.0,45.459213,45.163906,1677.373169,0.9539739421,0.2970681879,0.0410391217,,,,
13659,0.0,47.0665855,44.3068945,1677.634949,0.953187117,0.2996244057,0.0406476191,,,,
13660,0.0,50.633167,42.566776,1678.185059,0.9523595412,0.3023090297,0.0402561165,,,,
13661,0.0,53.193176,40.846806,1678.705322,0.9523877061,0.3023179335,0.0395161277,,,,
13662,0.0,55.404312,39.335873,1679.106567,0.9526124559,0.301637474,0.0392981311,,,,
13663,0.0,56.727665,38.572874,1679.251648,0.9526488781,0.3015223995,0.0392981311,,,,
13664,0.0,59.792862,37.058136,1679.50647,0.9526853003,0.301407325,0.0392981311,,,,
13665,0.0,61.0345575,36.352873,1679.7092285,0.9529801299,0.3005320898,0.0388364386,,,,
13666,0.0,64.09552,34.847328,1679.635376,0.9532969933,0.2995911836,0.0383401269,,,,
13667,0.0,66.035187,33.930359,1679.284302,0.9535177783,0.2988877401,0.0383401269,,,,
13668,0.0,68.057419,32.666916,1678.130615,0.9535837864,0.298677078,0.0383401269,,,,
13669,0.0,68.700401,31.630642,1676.585449,0.9544300421,0.2959617026,0.0383401269,,,,
13670,0.0,68.9841345,31.0042525,1675.552673,0.9555354392,0.2923487366,0.0383401269,,,,
13671,0.0,70.082382,29.862764,1671.703369,0.960409647,0.2759408354,0.0383401269,,,,
13672,0.0,70.484566,29.590139,1669.4552,0.9651586838,0.2585904704,0.0399960452,,,,
13673,0.0,70.653893,29.357603,1668.078735,0.9664037465,0.2538567414,0.0402560991,,,,
13674,0.0,70.693642,29.133274,1667.310791,0.9664849763,0.2535473045,0.0402561165,,,,
13675,0.0,70.618851,28.679848,1665.81958,0.9644804786,0.2614743651,0.0375308248,,,,
13676,0.0,70.143272,27.866087,1665.800781,0.963758497,0.2643788078,0.0356848067,,,,
13677,0.0,69.617317,27.181147,1665.98938,0.9635128239,0.265397186,0.0347472568,,,,
13678,0.0,69.26889,26.537224,1666.206055,0.9634571854,0.2656303249,0.0345077144,,,,
13679,0.0,69.137711,26.097071,1666.267212,0.9634571854,0.2656303249,0.0345077144,,,,
13680,0.0,69.528809,26.174566,1666.056396,0.9634571854,0.2656303249,0.0345077144,,,,
13681,0.0,69.286263,25.56225,1666.138306,0.9616200356,0.2724232756,0.0327485282,,,,
13682,0.0,69.35717,25.283314,1666.071167,0.9583355638,0.2843494124,0.0271727579,,,,
13683,0.0,69.443542,25.065773,1665.982788,0.9568674936,0.2894191136,0.0253214622,,,,
13684,0.0,69.428841,25.090164,1665.981689,0.9565316862,0.290561348,0.0249246124,,,,
13685,0.0,69.359299,25.205141,1665.981201,0.9565316862,0.290561348,0.0249246124,,,,
13686,0.0,69.375267,25.322508,1665.947632,0.9565316862,0.290561348,0.0249246124,,,,
13687,0.0,69.35363,25.410145,1665.90979,0.9565316862,0.290561348,0.0249246124,,,,
13688,0.0,69.326225,25.556486,1665.807251,0.9565535209,0.2905680171,0.0239914372,,,,
13689,0.0,69.304985,25.691536,1665.71106,0.9565541113,0.2905681599,0.0239661547,,,,
13690,0.0,69.289948,25.829025,1665.605103,0.9567975504,0.2897655449,0.0239661547,,,,
13691,0.0,69.241722,26.002783,1665.494141,0.9570735554,0.2888526145,0.0239661547,,,,
13692,0.0,69.186844,26.173935,1665.394287,0.9571095136,0.2887334453,0.0239661547,,,,
13693,0.0,69.109497,26.404879,1665.267334,0.9571095136,0.2887334453,0.0239661547,,,,
13694,0.0,68.855148,26.424059,1665.350586,0.9571095136,0.2887334453,0.0239661547,,,,
13695,0.0,68.503021,26.325836,1665.482666,0.9573235448,0.2880794279,0.0232781808,,,,
13696,0.0,68.091331,26.161633,1665.632568,0.9578895852,0.2862135383,0.0230076749,,,,
13697,0.0,69.008308,26.358042,1665.249756,0.9589862015,0.2825174547,0.0230076749,,,,
13698,0.0,68.800888,26.24123,1665.224121,0.9599818854,0.2791154361,0.0230076749,,,,
13699,0.0,68.654625,26.124043,1665.214355,0.9619871033,0.2719397813,0.0250912043,,,,
13700,0.0,68.395859,25.941736,1665.194214,0.9637386802,0.2655099058,0.0266879417,,,,
13701,0.0,68.220589,25.883255,1665.269287,0.9641533905,0.2639844251,0.0268414408,,,,
13702,0.0,68.052086,25.836206,1665.35498,0.9641916816,0.2638445341,0.0268414408,,,,
13703,0.0,67.865448,25.785137,1665.449097,0.9641916816,0.2638445341,0.0268414408,,,,
13704,0.0,67.644394,25.724646,1665.58374,0.9641916816,0.2638445341,0.0268414408,,,,
13705,0.0,67.433609,25.666967,1665.722046,0.9641916816,0.2638445341,0.0268414408,,,,
13706,0.0,67.3472365,25.6433315,1665.771179,0.9641916816,0.2638445341,0.0268414408,,,,
13707,0.0,67.20858,25.605389,1665.844849,0.9641916816,0.2638445341,0.0268414408,,,,
13708,0.0,67.156925,25.588854,1665.8596805,0.9642999956,0.2634006663,0.0272981716,,,,
13709,0.0,67.10527,25.572319,1665.874512,0.9644083095,0.2629567985,0.0277549023,,,,
13710,0.0,67.550766,25.672693,1664.472168,0.9653158432,0.2593882269,0.0297165049,,,,
13711,0.0,67.130768,25.5588,1664.387573,0.9653668322,0.2591983961,0.0297165049,,,,
13712,0.0,66.736404,25.452915,1664.365845,0.9653668322,0.2591983961,0.0297165049,,,,
13713,0.0,66.427025,25.369846,1664.37854,0.9653668322,0.2591983961,0.0297165049,,,,
13714,0.0,66.176247,25.302513,1664.463135,0.9653668322,0.2591983961,0.0297165049,,,,
13715,0.0,65.872345,25.220917,1664.569824,0.9653668322,0.2591983961,0.0297165049,,,,
13716,0.0,65.772552,25.194122,1664.662842,0.9653668322,0.2591983961,0.0297165049,,,,
13717,0.0,65.605957,25.143257,1664.787354,0.965801809,0.2575728926,0.0297165049,,,,
13718,0.0,65.57058,25.114168,1664.888184,0.9671898043,0.2523109428,0.0297165049,,,,
13719,0.0,65.497429,25.070084,1664.980835,0.9688937241,0.2454591868,0.0315394831,,,,
13720,0.0,67.115761,25.462866,1664.575439,0.9696643615,0.2422863849,0.032377982,,,,
13721,0.0,67.010292,25.432112,1664.730713,0.9698641767,0.241456589,0.0325913231,,,,
13722,0.0,66.903282,25.40547,1664.861572,0.9698641767,0.241456589,0.0325913231,,,,
13723,0.0,68.327316,25.759996,1665.282104,0.9698641767,0.241456589,0.0325913231,,,,
13724,0.0,68.007576,25.680393,1665.202026,0.969888258,0.2414625843,0.0318211774,,,,
13725,0.0,67.626328,25.585478,1665.113892,0.9698940522,0.2414640268,0.0316330733,,,,
13726,0.0,67.245728,25.490725,1665.131104,0.9698940522,0.2414640268,0.0316330733,,,,
13727,0.0,67.881096,25.686466,1664.314575,0.9698940522,0.2414640268,0.0316330733,,,,
13728,0.0,67.768051,25.81949,1665.012573,0.9703370812,0.2397901439,0.0307674451,,,,
13729,0.0,68.554756,26.48702,1666.92749,0.9709208991,0.2374271752,0.0306748119,,,,
13730,0.0,68.229836,26.9774,1668.28418,0.9715305113,0.2350010284,0.0300496615,,,,
13731,0.0,67.912148,27.222044,1671.202026,0.9719833457,0.2331636874,0.0297165049,,,,
13732,0.0,68.274162,27.290716,1673.843384,0.9725964442,0.2305929012,0.0297165049,,,,
13733,0.0,67.591476,27.660635,1675.147949,0.9726650488,0.2303033482,0.0297165049,,,,
13734,0.0,66.963821,28.093903,1676.329956,0.9726650488,0.2303033482,0.0297165049,,,,
13735,0.0,66.417564,28.469437,1678.009277,0.9726650488,0.2303033482,0.0297165049,,,,
13736,0.0,66.365494,28.956587,1679.119019,0.9726650488,0.2303033482,0.0297165049,,,,
13737,0.0,66.076233,29.214674,1680.867676,0.9728383523,0.2294567215,0.0305802769,,,,
13738,0.0,66.189659,29.404291,1682.108887,0.973522304,0.2264211493,0.031429076,,,,
13739,0.0,65.880463,29.532488,1682.342285,0.9746465873,0.2212181133,0.0335645094,,,,
13740,0.0,65.93364,29.989273,1682.184937,0.9756418222,0.2163349779,0.0363622352,,,,
13933,0.0,1208.434692,-290.5,1675.701294,1.0,0.0,0.0,,,,
13934,0.0,1208.434692,-290.5,1675.701294,1.0,0.0,0.0,,,,
13935,0.0,1208.434692,-290.5,1675.701294,1.0,0.0,0.0,,,,
13936,0.0,1208.434692,-290.5,1675.701294,1.0,0.0,0.0,,,,
13937,0.0,1208.434692,-290.5,1675.701294,1.0,0.0,0.0,,,,
13938,0.0,1207.691284,-289.180145,1675.698486,0.9838858733,0.1748566942,0.0373326245,,,,
13939,0.0,1207.484375,-288.955231,1675.701294,0.9765438709,0.210553976,0.0450454363,,,,
13940,0.0,1207.484375,-288.955231,1675.701294,0.9765438709,0.210553976,0.0450454363,,,,
13941,0.0,1208.25708,-290.06073,1675.698242,0.9984939033,0.053669318,0.0113810987,,,,
13942,0.0,1208.434692,-290.5,1675.701294,1.0,0.0,0.0,,,,
13943,0.0,1208.434692,-290.5,1675.701294,1.0,0.0,0.0,,,,
13944,0.0,1208.434692,-290.5,1675.701294,1.0,0.0,0.0,,,,
13945,0.0,1208.434692,-290.5,1675.701294,1.0,0.0,0.0,,,,
13946,0.0,1208.434692,-290.5,1675.701294,1.0,0.0,0.0,,,,
13947,0.0,1208.434692,-290.5,1675.701294,1.0,0.0,0.0,,,,
13948,0.0,1208.434692,-290.5,1675.701294,1.0,0.0,0.0,,,,
13949,0.0,1208.434692,-290.5,1675.701294,1.0,0.0,0.0,,,,
13950,0.0,1208.434692,-290.5,1675.701294,1.0,0.0,0.0,,,,
13951,0.0,1208.434692,-290.5,1675.701294,1.0,0.0,0.0,,,,
13952,0.0,1208.434692,-290.5,1675.701294,1.0,0.0,0.0,,,,
13953,0.0,1208.434692,-290.5,1675.701294,1.0,0.0,0.0,,,,
13954,0.0,1208.434692,-290.5,1675.701294,1.0,0.0,0.0,,,,
13955,0.0,1208.434692,-290.5,1675.701294,1.0,0.0,0.0,,,,
13956,0.0,1208.434692,-290.5,1675.701294,1.0,0.0,0.0,,,,
13957,0.0,1208.434692,-290.5,1675.701294,1.0,0.0,0.0,,,,
13958,0.0,1208.434692,-290.5,1675.701294,1.0,0.0,0.0,,,,
13959,0.0,1208.434692,-290.5,1675.701294,1.0,0.0,0.0,,,,
13960,0.0,1208.434692,-290.5,1675.701294,1.0,0.0,0.0,,,,
13961,0.0,1208.434692,-290.5,1675.701294,1.0,0.0,0.0,,,,
13962,0.0,1208.434692,-290.5,1675.701294,1.0,0.0,0.0,,,,
13963,0.0,1208.434692,-290.5,1675.701294,1.0,0.0,0.0,,,,
13964,0.0,1208.434692,-290.5,1675.701294,1.0,0.0,0.0,,,,
13965,0.0,1208.434692,-290.5,1675.701294,1.0,0.0,0.0,,,,
13966,0.0,1208.434692,-290.5,1675.701294,1.0,0.0,0.0,,,,
13967,0.0,1208.434692,-290.5,1675.701294,1.0,0.0,0.0,,,,
13968,0.0,1208.434692,-290.5,1675.701294,1.0,0.0,0.0,,,,
13969,0.0,1208.434692,-290.5,1675.701294,1.0,0.0,0.0,,,,
13970,0.0,1208.434692,-290.5,1675.701294,1.0,0.0,0.0,,,,
13971,0.0,1208.434692,-290.5,1675.701294,1.0,0.0,0.0,,,,
13972,0.0,1208.434692,-290.5,1675.701294,1.0,0.0,0.0,,,,
13973,0.0,1208.434692,-290.5,1675.701294,1.0,0.0,0.0,,,,
13974,0.0,1208.434692,-290.5,1675.701294,1.0,0.0,0.0,,,,
13975,0.0,1208.434692,-290.5,1675.701294,1.0,0.0,0.0,,,,
13976,0.0,1208.434692,-290.5,1675.701294,1.0,0.0,0.0,,,,
13977,0.0,1208.434692,-290.5,1675.701294,1.0,0.0,0.0,,,,
13978,0.0,1208.434692,-290.5,1675.701294,1.0,0.0,0.0,,,,
13979,0.0,1208.434692,-290.5,1675.701294,1.0,0.0,0.0,,,,
13980,0.0,1208.434692,-290.5,1675.701294,1.0,0.0,0.0,,,,
13981,0.0,1208.454712,-290.560638,1675.701294,0.9999743497,-0.0071624035,0.0,,,,
13982,0.0,1208.507812,-290.738098,1675.701294,0.9996101877,-0.0278373087,0.0021347106,,,,
13983,0.0,1208.473022,-291.255432,1675.701416,0.996122997,-0.0874570363,0.0094995621,,,,
13984,0.0,1208.40979,-292.388824,1675.70166,0.9771271813,-0.2113990301,0.0230850946,,,,
13985,0.0,1207.902588,-294.059723,1675.701294,0.9217642425,-0.3857923446,0.0389223352,,,,
13986,0.0,1207.738647,-294.254669,1675.701294,0.771217937,-0.6338648956,0.0586360617,,,,
13987,0.0,1207.526123,-294.490845,1675.701294,0.5366306637,-0.8406430323,0.073121974,,,,
13988,0.0,1205.735352,-295.612366,1675.701172,0.3027346867,-0.9495016389,0.0824520908,,,,
13989,0.0,1203.69873,-296.71579,1675.700928,0.0744238426,-0.9930304783,0.0913868748,,,,
13990,0.0,1201.149658,-297.363342,1675.701172,-0.1886096612,-0.9762319789,0.1067591638,,,,
13991,0.0,1199.551636,-297.372437,1675.70105,-0.3438888597,-0.9311208597,0.1214676778,,,,
13992,0.0,1199.032959,-297.33429,1675.701294,-0.3922560849,-0.9112738711,0.125359865,,,,
13993,0.0,1199.023193,-297.330963,1675.701294,-0.3932430929,-0.9108483815,0.125359865,,,,
13994,0.0,1199.021606,-297.334656,1675.701294,-0.3932430929,-0.9108483815,0.125359865,,,,
13995,0.0,1199.02356,-297.330353,1675.701294,-0.3932430929,-0.9108483815,0.125359865,,,,
13996,0.0,1199.024292,-297.328308,1675.701294,-0.3932430929,-0.9108483815,0.125359865,,,,
13997,0.0,1199.02417,-297.328705,1675.701294,-0.3932430929,-0.9108483815,0.125359865,,,,
13998,0.0,1199.025024,-297.326752,1675.701294,-0.3932430929,-0.9108483815,0.125359865,,,,
13999,0.0,1199.03186,-297.311157,1675.701294,-0.3932430929,-0.9108483815,0.125359865,,,,
14000,0.0,1199.028137,-297.319702,1675.701294,-0.3932430929,-0.9108483815,0.125359865,,,,
14001,0.0,1199.033813,-297.306335,1675.701294,-0.3932430929,-0.9108483815,0.125359865,,,,
14002,0.0,1199.024902,-297.327148,1675.701294,-0.3932430929,-0.9108483815,0.125359865,,,,
14003,0.0,1199.02478,-297.327454,1675.701294,-0.3932430929,-0.9108483815,0.125359865,,,,
14004,0.0,1199.025024,-297.326935,1675.701294,-0.3932430929,-0.9108483815,0.125359865,,,,
14005,0.0,1199.02356,-297.330353,1675.701294,-0.3932430929,-0.9108483815,0.125359865,,,,
14006,0.0,1199.022583,-297.332275,1675.701294,-0.3932430929,-0.9108483815,0.125359865,,,,
14007,0.0,1198.902344,-297.320251,1675.701294,-0.404402949,-0.9060774542,0.1244262905,,,,
14008,0.0,1198.43335,-297.256897,1675.701294,-0.4472801642,-0.8856991321,0.1244086092,,,,
14009,0.0,1197.368286,-297.025208,1675.701294,-0.5421218172,-0.8310393692,0.1244086092,,,,
14010,0.0,1196.612061,-296.778595,1675.701294,-0.6070230099,-0.7842718405,0.1282214711,,,,
14011,0.0,1195.069702,-296.065369,1675.701172,-0.7316772168,-0.6682240959,0.1346291503,,,,
14012,0.0,1193.502808,-294.939331,1675.701172,-0.8474794681,-0.512962435,0.1365580149,,,,
14013,0.0,1191.966187,-293.246307,1675.701172,-0.9423302368,-0.3042525868,0.1394420607,0.0614975082,290.2020350236,840.5015378262,1.0
14014,0.0,1191.078369,-291.739471,1675.701294,-0.9813068092,-0.133296609,0.1388126802,0.0154726922,147.0251075113,839.034893644,1.0
14015,0.0,1190.503296,-290.223633,1675.701294,-0.9900416969,0.0289477404,0.1377659854,0.000472333,25.7469679856,837.7959593449,1.0
14016,0.0,1190.324829,-289.486145,1675.701294,-0.9853049445,0.104983272,0.1347318783,0.0027297041,61.8084102249,837.0884841875,1.0
14017,0.0,1190.234863,-288.994934,1675.701294,-0.9790784359,0.1546276633,0.1322713201,0.0075150291,102.3426377973,836.360944724,1.0
14027,0.0,1190.196777,-288.748352,1675.701294,-0.9755271569,0.1793074318,0.1272619782,0.0136407159,136.2453539887,827.7024062686,1.0
14028,0.0,1190.19873,-288.748749,1675.701294,-0.9755271569,0.1793074318,0.1272619782,0.0136864152,136.564113305,828.262173223,1.0
14029,0.0,1190.198975,-288.748779,1675.701294,-0.9755271569,0.1793074318,0.1272619782,0.013531413,135.7220170671,827.8237463594,1.0
14030,0.0,1190.203491,-288.749603,1675.701294,-0.9755271569,0.1793074318,0.1272619782,0.0136556095,136.4700378762,828.6182499301,1.0
14031,0.0,1190.204224,-288.749725,1675.701294,-0.9755271569,0.1793074318,0.1272619782,0.0136009776,136.2412810664,828.8776120525,1.0
14032,0.0,1190.19397,-288.697662,1675.701294,-0.9746828017,0.1844386364,0.1263955124,0.014135976,138.9283526924,829.1884268514,1.0
14033,0.0,1190.187256,-288.608337,1675.701294,-0.9732488378,0.1934411554,0.1239645882,0.0152388661,144.2885078584,829.6621771866,1.0
14034,0.0,1190.154907,-288.369324,1675.701294,-0.9686441755,0.2169459911,0.121090455,0.0191125811,161.5852493218,830.4474292212,1.0
14035,0.0,1190.125,-287.814636,1675.701294,-0.9549497795,0.2711566674,0.1206025722,0.0309830097,205.3731369759,831.490139769,1.0
14036,0.0,1190.126343,-287.044495,1675.701294,-0.930789824,0.3444982027,0.1222754756,0.0526721503,266.7156639101,832.7956740215,1.0
14037,0.0,1190.236938,-285.993256,1675.701294,-0.888359405,0.4419948574,0.1243306618,0.0920494345,349.7389696457,834.5452793776,1.0
14038,0.0,1191.401123,-282.630554,1675.701416,-0.674457176,0.7282447158,0.1215201695,,,,
14039,0.0,1192.68103,-280.863281,1675.701294,-0.4983875413,0.8589950448,0.1172065344,,,,
14040,0.0,1193.436646,-280.112823,1675.701294,-0.4031567086,0.9077589027,0.115924298,,,,
14041,0.0,1193.833496,-279.780365,1675.701294,-0.3550902519,0.9278409407,0.1141144235,,,,
14042,0.0,1194.142334,-279.53714,1675.701294,-0.318181463,0.9415842599,0.1103613981,,,,
14043,0.0,1194.174316,-279.519897,1675.701294,-0.3146543705,0.9428817928,0.1093917358,,,,
14044,0.0,1194.176147,-279.512634,1675.701294,-0.3142489529,0.9430422274,0.1091739568,,,,
14045,0.0,1194.177368,-279.516449,1675.701294,-0.3142489529,0.9430422274,0.1091739568,,,,
14046,0.0,1194.179321,-279.52243,1675.701294,-0.3142489529,0.9430422274,0.1091739568,0.0021895683,112.7540972954,1704.8098559493,4.0
14047,0.0,1194.177246,-279.515991,1675.701294,-0.3142489529,0.9430422274,0.1091739568,0.0021821259,112.4637395997,1703.3138132052,4.0
14048,0.0,1194.178345,-279.519623,1675.701294,-0.3142489529,0.9430422274,0.1091739568,0.002185875,112.483386472,1702.1513747723,4.0
14049,0.0,1194.176514,-279.513947,1675.701294,-0.3142489529,0.9430422274,0.1091739568,0.0021263061,110.859471368,1700.8886892532,4.0
14547,0.0,349.767853,265.557739,1676.701294,-0.9575911927,-0.2799869318,0.0680178329,,,,
14548,0.0,349.724884,265.545166,1676.701294,-0.9575911927,-0.2799869318,0.0680178329,,,,
14551,0.0,349.011841,265.357635,1676.696411,-0.8944304424,-0.4402447681,0.0786048852,,,,
14552,0.0,348.746948,265.257324,1676.700073,-0.8419803596,-0.532749472,0.0851297493,,,,
14553,0.0,347.916229,264.696198,1676.709839,-0.6234197785,-0.7774539647,0.0831451293,,,,
14554,0.0,345.616577,260.004578,1678.453735,-0.4025176298,-0.9118782712,0.080359046,,,,
14555,0.0,347.013,258.468781,1678.459717,0.0032983228,-0.9970995842,0.0760364399,,,,
14556,0.0,347.992371,258.002289,1678.471436,0.2322233885,-0.9696784253,0.0761317893,,,,
14557,0.0,348.728363,257.749634,1678.472534,0.3832771299,-0.9204585044,0.076516556,,,,
14558,0.0,350.198914,257.494629,1678.453369,0.6278684176,-0.7736353665,0.0852617729,,,,
14559,0.0,351.59967,257.654144,1678.454834,0.8085229197,-0.5815992622,0.0896269297,,,,
14560,0.0,352.739746,258.078735,1678.458496,0.9169388838,-0.3890060594,0.0888671427,,,,
14561,0.0,353.503998,258.419556,1678.481323,0.9602018363,-0.2652841625,0.0873884811,,,,
14562,0.0,353.729919,258.45105,1678.5,0.9652040563,-0.2465198844,0.0872300192,,,,
14563,0.0,353.771576,258.44101,1678.513306,0.9652331652,-0.2464058859,0.0872300192,,,,
14564,0.0,353.847595,258.4216,1678.507568,0.9652331652,-0.2464058859,0.0872300192,,,,
14565,0.0,353.800964,258.433472,1678.508423,0.9652331652,-0.2464058859,0.0872300192,,,,
14566,0.0,353.751282,258.446167,1678.501465,0.9652331652,-0.2464058859,0.0872300192,,,,
14567,0.0,353.688477,258.462189,1678.49292,0.9652331652,-0.2464058859,0.0872300192,,,,
14568,0.0,353.550171,258.497528,1678.474243,0.9652331652,-0.2464058859,0.0872300192,0.041277388,196.6712830333,691.6691070516,2.0
14569,0.0,353.450409,258.522949,1678.463867,0.9652331652,-0.2464058859,0.0872300192,0.0413013489,196.7526812324,691.758858417,2.0
14570,0.0,353.270966,258.568756,1678.432739,0.9652331652,-0.2464058859,0.0872300192,0.0413161418,196.8349708646,691.9268895493,2.0
14571,0.0,353.006409,258.636353,1678.389893,0.9652331652,-0.2464058859,0.0872300192,0.0413366514,196.9477778861,692.1552870606,2.0
14572,0.0,352.919128,258.6586,1678.368164,0.9652331652,-0.2464058859,0.0872300192,0.0413443898,196.9866301292,692.2284064025,2.0
14573,0.0,352.756653,258.700043,1678.320557,0.9652331652,-0.2464058859,0.0872300192,0.0413366468,197.0059393889,692.3597277685,2.0
14574,0.0,352.717102,258.710175,1678.310181,0.9652331652,-0.2464058859,0.0872300192,0.0413337663,197.0032193129,692.3737834432,2.0
14720,0.0,353.247406,259.5672,1678.490234,0.999780931,0.0208989569,-0.0011504859,7.7902e-06,2.7433246987,695.0066511467,2.0
14721,0.0,353.410583,259.570618,1678.475098,0.999780931,0.0208989569,-0.0011504859,7.2577e-06,2.6470377422,694.7807403001,2.0
14722,0.0,353.615509,259.57489,1678.456665,0.999780931,0.0208989569,-0.0011504859,6.4844e-06,2.5009237569,694.4644538174,2.0
14723,0.0,353.767059,259.578064,1678.442261,0.999780931,0.0208989569,-0.0011504859,6.0396e-06,2.4127792312,694.2216253305,2.0
14724,0.0,353.944275,259.581757,1678.432251,0.999780931,0.0208989569,-0.0011504859,5.4984e-06,2.3011216306,693.9168043069,2.0
14725,0.0,354.085297,259.584717,1678.416016,0.999780931,0.0208989569,-0.0011504859,5.0166e-06,2.1971177553,693.6414268609,2.0
14726,0.0,354.254456,259.588257,1678.402466,0.999780931,0.0208989569,-0.0011504859,4.6835e-06,2.121911476,693.3136061646,2.0
14727,0.0,354.418121,259.591675,1678.385986,0.999780931,0.0208989569,-0.0011504859,4.6034e-06,2.103072847,693.1059442944,2.0
14728,0.0,354.592285,259.591248,1678.373657,0.9998000932,0.019992845,-0.0002443985,6.9603e-06,2.5843764527,692.6718242036,2.0
14729,0.0,354.703094,259.578278,1678.361084,0.999859522,0.0167295704,0.0010285049,2.55373e-05,4.9489540351,692.489659314,2.0
14730,0.0,354.98111,259.479553,1678.314209,0.9999447448,-0.0040955084,0.0096816439,0.0004392137,20.5128017854,692.1810919828,2.0
14731,0.0,355.156067,259.383209,1678.286011,0.9996237862,-0.0224902861,0.0156994643,0.0012060721,33.9768622036,692.0104044827,2.0
14732,0.0,355.406036,259.042847,1678.234375,0.9959563193,-0.0823026568,0.0360178108,0.0063528525,77.8495227226,691.7472195153,2.0
14733,0.0,355.661224,258.518951,1678.106567,0.984673273,-0.1634791556,0.0607709725,0.0197254941,136.6680086067,691.4968768905,2.0
14734,0.0,355.681244,258.31778,1678.012573,0.9575861193,-0.2747956853,0.0866957636,0.049643051,215.1593795912,691.4710461952,2.0
14735,0.0,355.563843,258.269806,1677.944702,0.9101081862,-0.398787203,0.1125693389,0.1002465428,301.7984986845,691.5661875105,2.0
14736,0.0,355.520447,258.29303,1677.981201,0.8415959671,-0.5238091422,0.1316822338,,,,
14737,0.0,354.554779,257.928955,1677.906738,0.7399689454,-0.6562252553,0.1476968992,,,,
14738,0.0,354.496887,257.973907,1677.804565,0.65389326,-0.7409326955,0.1531089329,,,,
14739,0.0,354.425568,258.042816,1677.724854,0.5308519758,-0.8328145937,0.1568949722,,,,
14740,0.0,354.303833,258.174072,1677.608765,0.3847905056,-0.9094776022,0.157438108,,,,
14741,0.0,354.268738,258.209503,1677.51416,0.32905434,-0.9312071922,0.15676864,,,,
14742,0.0,353.801941,257.840576,1677.317749,0.1595641925,-0.9756260369,0.1506423068,,,,
14743,0.0,353.7286685,257.6656035,1677.2803955,0.1416486774,-0.9784628634,0.149045341,,,,
14744,0.0,353.655396,257.490631,1677.243042,0.1237331624,-0.9812996898,0.1474483753,,,,
14749,0.0,353.729218,256.742859,1677.126099,0.12051586,-0.9817650058,0.1470149682,,,,
14750,0.0,353.7264865,256.765152,1677.125,0.12051586,-0.9817650058,0.1470149682,,,,
14751,0.0,353.71875,256.828583,1677.123901,0.12051586,-0.9817650058,0.1470149682,,,,
14752,0.0,353.7121735,256.882004,1677.1224365,0.12051586,-0.9817650058,0.1470149682,,,,
14753,0.0,353.702759,256.958496,1677.118774,0.12051586,-0.9817650058,0.1470149682,,,,
14754,0.0,353.6930545,257.0375365,1677.1103515,0.12051586,-0.9817650058,0.1470149682,,,,
14755,0.0,353.668549,257.237274,1677.079346,0.12051586,-0.9817650058,0.1470149682,,,,
14756,0.0,353.472229,258.836395,1677.499756,0.12051586,-0.9817650058,0.1470149682,,,,
14757,0.0,353.472046,258.838013,1677.502319,0.12051586,-0.9817650058,0.1470149682,,,,
14758,0.0,353.42868,258.860077,1677.50415,0.1106892885,-0.9832897606,0.144530717,,,,
14759,0.0,353.218475,258.997437,1677.481445,0.0600560618,-0.9880310193,0.1420843915,,,,
14760,0.0,352.639435,259.104797,1677.423096,-0.1098854025,-0.9838460802,0.1413226409,,,,
14761,0.0,352.311584,258.868713,1677.421509,-0.2007293252,-0.9691860933,0.1427797415,,,,
14762,0.0,351.427032,258.464447,1677.432007,-0.4188801583,-0.8972599261,0.1395135765,,,,
14763,0.0,350.143127,258.260864,1677.45752,-0.6776389926,-0.7246015788,0.1255306643,,,,
14764,0.0,349.329407,258.395203,1677.495728,-0.8180528005,-0.5634901023,0.1151890625,,,,
14765,0.0,348.877106,258.475159,1677.497559,-0.8729725388,-0.4744786117,0.1130884323,,,,
14766,0.0,348.146667,258.648651,1677.478027,-0.9353337054,-0.3353031924,0.1127946305,,,,
14767,0.0,347.500183,258.905579,1677.453979,-0.9717971415,-0.2053308683,0.1159721962,,,,
14768,0.0,346.887787,258.931702,1677.363892,-0.9792998037,-0.165454927,0.1166042952,,,,
14769,0.0,346.317017,258.931671,1677.289185,-0.9826902042,-0.1431858538,0.1175490274,,,,
14770,0.0,346.101013,258.904266,1677.245239,-0.9828199864,-0.1422861919,0.1175564283,,,,
14771,0.0,345.875336,258.872284,1677.198975,-0.9828421018,-0.1421333356,0.1175564456,,,,
14777,0.0,345.607483,258.833557,1677.148315,-0.9828421018,-0.1421333356,0.1175564456,,,,
14778,0.0,345.628235,258.836578,1677.144531,-0.9828421018,-0.1421333356,0.1175564456,,,,
14779,0.0,345.708069,258.848114,1677.128662,-0.9828421018,-0.1421333356,0.1175564456,,,,
14780,0.0,345.791565,258.860168,1677.113159,-0.9828421018,-0.1421333356,0.1175564456,,,,
14781,0.0,345.86972,258.87149,1677.098755,-0.9828421018,-0.1421333356,0.1175564456,,,,
14782,0.0,345.976379,258.886902,1677.080078,-0.9828421018,-0.1421333356,0.1175564456,,,,
14783,0.0,346.032349,258.894989,1677.063232,-0.9828421018,-0.1421333356,0.1175564456,,,,
14784,0.0,346.102203,258.905121,1677.043335,-0.9828421018,-0.1421333356,0.1175564456,,,,
14785,0.0,346.147003,258.911591,1677.030273,-0.9828421018,-0.1421333356,0.1175564456,,,,
14786,0.0,346.191254,258.917999,1677.02002,-0.9828421018,-0.1421333356,0.1175564456,,,,
14787,0.0,346.22522,258.922913,1677.025879,-0.9828421018,-0.1421333356,0.1175564456,,,,
14803,0.0,349.662781,256.560791,1678.346558,0.4511698013,-0.8844428995,0.1191913084,,,,
14804,0.0,350.158508,257.023926,1678.430054,0.5674108771,-0.8147482677,0.119290221,,,,
14805,0.0,350.719971,257.373413,1678.446655,0.6822407323,-0.7213152002,0.1193815946,,,,
14806,0.0,351.416046,257.538422,1678.44397,0.7767839848,-0.618335123,0.1194500591,,,,
14807,0.0,351.619843,257.593018,1678.437012,0.8006313814,-0.5868710911,0.1207133533,,,,
14808,0.0,351.798279,257.503265,1678.411255,0.8048000673,-0.5806522389,0.1230440131,,,,
14809,0.0,351.885651,257.420074,1678.411133,0.7836580661,-0.6067715706,0.1330725235,,,,
14810,0.0,352.10199,257.222351,1678.409546,0.7650354667,-0.628528649,0.1402585899,,,,
14811,0.0,352.451202,256.898682,1678.394165,0.7567752597,-0.6378571929,0.1429314788,,,,
14812,0.0,352.915283,256.472534,1678.34314,0.7558108235,-0.6389349357,0.1432206238,,,,
14813,0.0,353.75592,255.715347,1678.172363,0.7558108235,-0.6389349357,0.1432206238,,,,
14814,0.0,354.246185,255.279541,1677.980225,0.7558108235,-0.6389349357,0.1432206238,,,,
14815,0.0,355.776642,253.914932,1677.755493,0.7558108235,-0.6389349357,0.1432206238,,,,
14816,0.0,356.906311,252.918854,1677.519531,0.7558108235,-0.6389349357,0.1432206238,,,,
14817,0.0,358.275726,251.726242,1677.29126,0.7558108235,-0.6389349357,0.1432206238,,,,
14818,0.0,358.863373,251.215729,1677.159546,0.7558108235,-0.6389349357,0.1432206238,,,,
14819,0.0,361.214172,249.189407,1677.392212,0.7558108235,-0.6389349357,0.1432206238,,,,
14820,0.0,362.624481,247.982819,1677.439575,0.7558108235,-0.6389349357,0.1432206238,,,,
14821,0.0,364.152863,246.68132,1677.212524,0.7558108235,-0.6389349357,0.1432206238,,,,
14822,0.0,365.882904,245.214279,1676.863159,0.7558108235,-0.6389349357,0.1432206238,,,,
14823,0.0,368.32547,243.150314,1676.494751,0.7558108235,-0.6389349357,0.1432206238,,,,
14824,0.0,370.271576,241.508835,1676.240845,0.7558108235,-0.6389349357,0.1432206238,,,,
14825,0.0,372.518768,239.624466,1675.776611,0.7558108235,-0.6389349357,0.1432206238,,,,
14826,0.0,374.799988,237.689392,1675.737549,0.7552566771,-0.6395898722,0.1432206238,,,,
14827,0.0,378.697205,234.417252,1675.569824,0.7566241301,-0.6381276499,0.1425237809,,,,
14828,0.0,379.8850405,233.45723,1675.5807495,0.759369332,-0.6351455005,0.1411742187,,,,
14829,0.0,382.77536,231.096756,1675.620605,0.7642122204,-0.6298555814,0.1387862697,,,,
14830,0.0,384.0503385,230.035446,1675.649902,0.7647910432,-0.6291863317,0.1386304908,,,,
14831,0.0,387.088867,227.52565,1675.723389,0.7672115463,-0.6264153277,0.1378052265,,,,
14832,0.0,389.033051,225.930023,1675.724731,0.7691072442,-0.6242753486,0.1369464714,,,,
14833,0.0,391.705353,223.740036,1675.76709,0.7713132572,-0.6216293131,0.1365754603,,,,
14834,0.0,393.684601,222.110199,1675.803101,0.7720506102,-0.6207133023,0.136575443,,,,
14835,0.0,396.425507,219.84877,1676.050293,0.7723198947,-0.6205561243,0.1357647848,,,,
14836,0.0,398.524139,218.122833,1676.464722,0.7723348359,-0.620567952,0.1356256545,,,,
14837,0.0,401.293152,215.855377,1676.8302,0.77279704,-0.6199922753,0.1356256372,,,,
14838,0.0,404.144836,213.559143,1677.146851,0.7752332943,-0.6171371713,0.134740681,,,,
14839,0.0,406.153015,212.015228,1677.267334,0.7807497355,-0.6104647503,0.1332765514,,,,
14840,0.0,408.914642,209.988693,1677.316284,0.7924896415,-0.5955919586,0.1312645686,,,,
14841,0.0,412.047943,207.863602,1677.506836,0.8241893479,-0.5512013747,0.1299575448,,,,
14842,0.0,414.007935,206.416092,1677.608276,0.8442940881,-0.5195406398,0.1313202817,,,,
14843,0.0,416.932861,204.713531,1677.822998,0.899172315,-0.4157124526,0.1366466418,,,,
14844,0.0,419.209961,204.041229,1678.14624,0.937495621,-0.3187128759,0.1397285342,,,,
14845,0.0,421.503296,203.307159,1677.696045,0.9798690713,-0.1436245012,0.1386672484,,,,
14846,0.0,422.716888,202.757202,1677.438354,0.990817999,-0.0269173159,0.1324958526,,,,
14847,0.0,424.030701,201.465668,1677.247314,0.9889259465,0.0830658278,0.1229859367,,,,
14848,0.0,425.232574,199.799347,1677.135986,0.9792734066,0.168604399,0.1122325785,,,,
14849,0.0,423.120728,194.457397,1677.701416,0.9751341105,0.1925484175,0.1097204328,,,,
14850,0.0,424.485626,191.738403,1677.701294,0.9698133638,0.2189115096,0.1074234163,,,,
14851,0.0,425.798065,188.842896,1677.701294,0.9681949584,0.2265340418,0.1062113483,,,,
14852,0.0,426.731537,186.710724,1677.701294,0.9681242569,0.2268769625,0.1061238288,,,,
14853,0.0,428.053894,183.59523,1677.701294,0.9682052242,0.2268959191,0.1053417571,,,,
14854,0.0,429.039703,181.194138,1677.701294,0.9682228738,0.2269000731,0.10517045,,,,
14855,0.0,430.238922,178.180649,1677.701294,0.9682228738,0.2269000731,0.10517045,,,,
14856,0.0,431.613861,174.612839,1677.701294,0.9682228738,0.2269000731,0.10517045,,,,
14857,0.0,432.476624,172.305115,1677.701294,0.9682228738,0.2269000731,0.10517045,,,,
14858,0.0,433.700989,168.956253,1677.701294,0.9682228738,0.2269000731,0.10517045,,,,
14859,0.0,434.551514,166.264664,1677.701294,0.968035165,0.2276995734,0.10517045,,,,
14860,0.0,435.321777,163.204727,1677.701294,0.9678061562,0.2286709952,0.1051704327,,,,
14861,0.0,435.815918,160.543793,1677.701294,0.9676053796,0.229519075,0.10517045,,,,
14862,0.0,436.17981,157.685104,1677.701294,0.9672879988,0.2312026818,0.1043994601,,,,
14863,0.0,436.381989,154.89827,1677.701294,0.9669520684,0.2330143731,0.1034794633,,,,
14864,0.0,436.449768,151.683136,1677.701294,0.9666733249,0.2342634178,0.1032634207,,,,
14865,0.0,436.371063,148.79776,1677.701294,0.9666483172,0.2343665865,0.1032634207,,,,
14866,0.0,436.193878,146.232529,1677.701294,0.9666483172,0.2343665865,0.1032634207,,,,
14867,0.0,435.878143,143.291718,1677.701294,0.9666483172,0.2343665865,0.1032634207,,,,
14868,0.0,435.37851,139.90419,1677.701294,0.9666483172,0.2343665865,0.1032634207,,,,
14869,0.0,434.886597,137.259857,1677.701294,0.9667450186,0.2343900321,0.1023004486,,,,
14870,0.0,434.315582,134.602692,1677.701294,0.9667536164,0.2343921167,0.1022143862,,,,
14871,0.0,433.611298,131.704544,1677.701294,0.9667536164,0.2343921167,0.1022143862,,,,
14872,0.0,432.782776,128.649185,1677.701294,0.9667536164,0.2343921167,0.1022143862,,,,
14873,0.0,431.936493,125.823776,1677.747437,0.9667536164,0.2343921167,0.1022143862,,,,
14874,0.0,430.975464,122.83075,1678.007935,0.9667536164,0.2343921167,0.1022143862,,,,
14875,0.0,428.970123,117.587006,1678.559204,0.9668382698,0.2344126411,0.1013630785,,,,
14876,0.0,427.607788,114.928215,1679.113892,0.9668484086,0.2344150993,0.1012606339,,,,
14877,0.0,426.189301,112.602051,1679.61499,0.9670212163,0.234456997,0.0994981593,,,,
14878,0.0,424.612732,110.489014,1680.059082,0.9669134561,0.235330136,0.0984789086,,,,
14879,0.0,422.919495,108.659477,1680.430298,0.9668613051,0.2363033997,0.0966432613,,,,
14880,0.0,421.185516,107.159538,1680.721069,0.9668135977,0.2372531367,0.094775611,,,,
14881,0.0,419.72403,106.137939,1680.908936,0.9668083993,0.2373516725,0.0945817246,,,,
14882,0.0,418.054962,105.260376,1681.055664,0.9668769333,0.2373684798,0.0938360305,,,,
14883,0.0,416.560242,104.753418,1681.119263,0.9669604785,0.2373889901,0.0929187837,,,,
14884,0.0,414.817841,104.257904,1681.17041,0.9673065657,0.2374739188,0.0890176718,,,,
14885,0.0,413.778229,103.946877,1681.203125,0.9676788852,0.2368200731,0.0866823404,,,,
14886,0.0,412.367798,103.523277,1681.247925,0.968441032,0.235845962,0.0806142029,,,,
14887,0.0,411.296814,103.20047,1681.282104,0.9691580533,0.2350480608,0.0740613043,,,,
14888,0.0,410.358215,102.923996,1681.31189,0.9693861971,0.2350303753,0.0710712573,,,,
14889,0.0,409.417084,102.647133,1681.341919,0.9698145213,0.2351342416,0.0645885648,,,,
14890,0.0,408.568756,102.407944,1681.36731,0.969856981,0.2360196089,0.0605985208,,,,
14891,0.0,407.795013,102.18412,1681.390137,0.96985683,0.2361292327,0.0601723749,,,,
14892,0.0,407.152832,101.997627,1681.409424,0.9699028386,0.2361404164,0.0593817086,,,,
14893,0.0,406.582703,101.832039,1681.42627,0.9699124368,0.2361427712,0.0592153404,,,,
14894,0.0,406.182983,101.715973,1681.437988,0.9699124368,0.2361427712,0.0592153404,,,,
14895,0.0,405.74115,101.587616,1681.451172,0.9699124368,0.2361427712,0.0592153404,,,,
14896,0.0,405.353546,101.475044,1681.454834,0.9699124368,0.2361427712,0.0592153404,,,,
14897,0.0,405.182373,101.425339,1681.454712,0.9699124368,0.2361427712,0.0592153404,,,,
14898,0.0,405.085724,101.397263,1681.467896,0.9699124368,0.2361427712,0.0592153404,,,,
14899,0.0,405.072693,101.393494,1681.471313,0.9699124368,0.2361427712,0.0592153404,,,,
14900,0.0,405.07431,101.393951,1681.470947,0.9699124368,0.2361427712,0.0592153404,,,,
14901,0.0,405.07431,101.393951,1681.470947,0.9699124368,0.2361427712,0.0592153404,,,,
14902,0.0,405.07431,101.393951,1681.470947,0.9699124368,0.2361427712,0.0592153404,,,,
14903,0.0,405.07431,101.393951,1681.470947,0.9699124368,0.2361427712,0.0592153404,,,,
14904,0.0,405.07431,101.393951,1681.470947,0.9699124368,0.2361427712,0.0592153404,,,,
14905,0.0,405.07431,101.393951,1681.470947,0.9699124368,0.2361427712,0.0592153404,,,,
14906,0.0,405.07431,101.393944,1681.470947,0.9699124368,0.2361427712,0.0592153404,,,,
14907,0.0,405.07431,101.393951,1681.470947,0.9699124368,0.2361427712,0.0592153404,,,,
14908,0.0,405.07431,101.393951,1681.471069,0.9699124368,0.2361427712,0.0592153404,,,,
14909,0.0,405.07431,101.393951,1681.470947,0.9699124368,0.2361427712,0.0592153404,,,,
14910,0.0,405.07431,101.393951,1681.470947,0.9699124368,0.2361427712,0.0592153404,,,,
14911,0.0,405.073288,101.395565,1681.470947,0.9698616526,0.236351163,0.0592153404,,,,
14912,0.0,405.072266,101.397179,1681.470947,0.9698108684,0.2365595547,0.0592153404,,,,
15144,0.0,570.28009,29.777287,1714.805664,0.4944877966,0.8592025448,0.1313499375,,,,
15145,0.0,570.386963,29.962862,1714.968994,0.4944877966,0.8592025448,0.1313499375,,,,
15146,0.0,570.487976,30.138521,1715.082397,0.4944877966,0.8592025448,0.1313499375,,,,
15147,0.0,570.580017,30.29837,1715.147583,0.4944877966,0.8592025448,0.1313499375,,,,
15148,0.0,570.623657,30.374203,1715.208984,0.4944877966,0.8592025448,0.1313499375,,,,
15149,0.0,570.097046,26.341932,1717.117188,0.4830866388,0.8655696089,0.1319717829,,,,
15150,0.0,572.294128,26.435829,1717.169067,0.4447950179,0.8854079863,0.1349447662,,,,
15151,0.0,574.161804,25.338152,1717.174927,0.3833584094,0.9130674624,0.1390832092,,,,
15152,0.0,574.938416,23.03952,1718.351562,0.3227312048,0.9360944835,0.1398988469,,,,
15153,0.0,575.341675,21.073738,1719.676392,0.226834088,0.9637291299,0.1406145818,,,,
15154,0.0,574.634827,10.134596,1722.309692,0.1545386644,0.9778955053,0.140848081,,,,
15155,0.0,576.380676,7.204424,1723.974121,0.0275643433,0.9895153307,0.1417731188,,,,
15156,0.0,577.600281,5.23201,1725.015991,-0.0227679621,0.9896338606,0.1417971856,,,,
15157,0.0,579.346313,2.538533,1726.41333,-0.0923703039,0.9855766257,0.1417971856,,,,
15158,0.0,580.650208,0.635702,1727.396729,-0.1588482824,0.9770674395,0.1417971856,,,,
15159,0.0,582.442688,-1.797722,1728.599365,-0.1989075995,0.969705793,0.1417971856,,,,
15160,0.0,583.916809,-3.668532,1729.512207,-0.2226419232,0.9644366977,0.1424515014,,,,
15161,0.0,586.36322,-6.534417,1730.853394,-0.2297865846,0.9627157678,0.1427461944,,,,
15162,0.0,588.099976,-8.443052,1731.503296,-0.2297073603,0.9627346766,0.1427461771,,,,
15163,0.0,592.129456,-12.575417,1732.740356,-0.2297073603,0.9627346766,0.1427461771,,,,
15164,0.0,593.367981,-13.7604565,1733.065002,-0.2297073603,0.9627346766,0.1427461771,,,,
15165,0.0,596.481079,-16.668968,1733.837769,-0.2297073603,0.9627346766,0.1427461771,,,,
15166,0.0,599.059875,-18.952906,1734.405762,-0.2297073603,0.9627346766,0.1427461771,,,,
15167,0.0,600.345245,-20.0490105,1734.6651,-0.2297073603,0.9627346766,0.1427461771,,,,
15168,0.0,601.630615,-21.145115,1734.924438,-0.2297073603,0.9627346766,0.1427461771,,,,
15169,0.0,605.921204,-24.63879,1735.697998,-0.2297073603,0.9627346766,0.1427461771,,,,
15170,0.0,608.586609,-26.724352,1736.130737,-0.2297073603,0.9627346766,0.1427461771,,,,
15171,0.0,609.9043275,-27.7280615,1736.3294065,-0.2297073603,0.9627346766,0.1427461771,,,,
15172,0.0,613.355591,-30.168886,1736.507202,-0.2297073603,0.9627346766,0.1427461771,,,,
15173,0.0,616.10675,-31.979742,1736.246094,-0.2297073603,0.9627346766,0.1427461771,,,,
15174,0.0,618.135742,-33.304661,1735.811157,-0.2297073603,0.9627346766,0.1427461771,,,,
15175,0.0,620.974731,-35.140781,1735.028564,-0.2297073603,0.9627346766,0.1427461771,,,,
15176,0.0,623.631165,-36.841599,1734.28064,-0.2297606467,0.9629586025,0.1411409763,,,,
15177,0.0,625.728516,-38.184193,1733.688843,-0.2311202661,0.9632219658,0.137065193,,,,
15178,0.0,629.051392,-40.290085,1732.751099,-0.2328010401,0.9635911618,0.1315133019,,,,
15179,0.0,630.986755,-41.510426,1732.202148,-0.2341764086,0.963371775,0.1306760605,,,,
15180,0.0,633.850342,-43.324467,1731.38501,-0.2385422942,0.9624431388,0.1296178172,,,,
15181,0.0,636.607483,-45.243671,1730.574585,-0.2638623011,0.9562989606,0.1259721557,,,,
15182,0.0,639.048462,-46.831924,1729.801147,-0.3089791191,0.9429688275,0.1238615935,,,,
15183,0.0,640.980652,-48.027245,1729.191406,-0.3347760489,0.9342289867,0.1230495731,,,,
15184,0.0,643.389221,-49.561295,1728.357056,-0.3832888975,0.9156172864,0.121386185,,,,
15185,0.0,645.569214,-51.000957,1727.493896,-0.4525240078,0.8835202852,0.1208880807,,,,
15186,0.0,647.811584,-52.511429,1726.528076,-0.5479477993,0.8274216394,0.1229904055,,,,
15187,0.0,650.616699,-54.308094,1725.326538,-0.652275732,0.7470120423,0.1284888247,,,,
15188,0.0,651.923157,-55.282299,1724.632324,-0.7364141009,0.663962128,0.1298020206,,,,
15189,0.0,654.564148,-57.115757,1723.251343,-0.860872169,0.4932831894,0.1247830263,,,,
15190,0.0,656.461975,-57.838402,1722.449341,-0.8764431475,0.4656083746,0.1227039146,,,,
15191,0.0,659.150452,-58.862495,1721.210083,-0.9111289073,0.3956211931,0.1154468962,,,,
15192,0.0,661.838623,-59.722893,1719.85791,-0.9413817949,0.3198837725,0.1071199717,,,,
15193,0.0,664.721436,-60.251419,1718.50708,-0.9524169132,0.2865246226,0.103950296,,,,
15194,0.0,667.690125,-60.590332,1717.168945,-0.9607688864,0.2579446602,0.1019200631,,,,
15209,0.0,709.86554,-51.02108,1699.014893,-0.7537307572,0.6368823115,0.1620829015,,,,
15210,0.0,714.28125,-50.086132,1697.330078,-0.7247346374,0.6682410402,0.1679690969,,,,
15211,0.0,718.203735,-49.262794,1695.844116,-0.6969317318,0.6958771785,0.173323725,,,,
15212,0.0,721.279175,-48.619984,1694.687866,-0.6732953891,0.7177073634,0.1776779658,,,,
15213,0.0,724.998657,-47.844734,1693.303345,-0.6416795702,0.7447603411,0.1832467287,,,,
15214,0.0,729.438293,-47.588829,1692.167236,-0.5110133752,0.8369647153,0.1958453361,,,,
15215,0.0,731.030151,-48.32309,1691.929077,-0.4240880805,0.8827386967,0.2022911103,,,,
15216,0.0,734.38562,-49.074593,1691.369751,-0.3054953401,0.9285931628,0.2106830208,,,,
15217,0.0,737.275452,-50.129009,1690.913086,-0.2298646567,0.9489933099,0.2158099565,,,,
15218,0.0,739.907898,-51.404022,1690.560303,-0.1418672615,0.9651557719,0.2198818232,,,,
15219,0.0,741.552185,-52.376968,1690.384399,-0.0704798143,0.9727798877,0.2207529975,,,,
15220,0.0,743.530029,-53.955013,1690.191284,0.024753894,0.9749448226,0.2210652339,,,,
15221,0.0,744.862122,-55.665447,1690.069946,0.0860709378,0.971636048,0.2202616259,,,,
15222,0.0,745.786316,-57.433609,1690.037231,0.1567701456,0.9636140572,0.2164972755,,,,
15223,0.0,745.971924,-58.435402,1690.065308,0.1670194431,0.9623475694,0.2144566651,,,,
15224,0.0,745.993042,-59.766632,1690.165161,0.1707993867,0.9618792705,0.213578647,,,,
15225,0.0,745.748291,-60.883465,1690.321411,0.1707993867,0.9618792705,0.213578647,,,,
15226,0.0,745.259949,-61.867874,1690.535522,0.1707993867,0.9618792705,0.213578647,,,,
15227,0.0,744.628845,-62.645145,1690.772583,0.1707993867,0.9618792705,0.213578647,,,,
15228,0.0,743.625671,-63.457638,1691.115845,0.1707993867,0.9618792705,0.213578647,,,,
15229,0.0,742.756287,-63.966831,1691.397705,0.1707993867,0.9618792705,0.213578647,,,,
15230,0.0,741.401428,-64.547775,1691.819458,0.1707993867,0.9618792705,0.213578647,,,,
15231,0.0,739.870911,-65.023094,1692.281616,0.1707993867,0.9618792705,0.213578647,,,,
15232,0.0,738.123352,-65.415367,1692.796265,0.1707993867,0.9618792705,0.213578647,,,,
15233,0.0,736.825684,-65.629021,1693.172363,0.1707993867,0.9618792705,0.213578647,,,,
15234,0.0,735.238647,-65.830017,1693.627319,0.1713702137,0.9617777312,0.213578664,,,,
15250,0.0,697.301331,-81.711853,1710.654053,0.2484370896,0.9490173826,0.1940232461,0.0668842153,506.2432811313,1407.8893402453,4.0
15251,0.0,694.013,-83.204521,1712.208374,0.2503520684,0.9487104976,0.1930601811,0.0668653767,506.5570115211,1408.9534136209,4.0
15252,0.0,690.804626,-84.624939,1713.697266,0.2523041291,0.9483926929,0.1920779177,0.06681075,506.6926706528,1409.8868600754,4.0
15253,0.0,688.069214,-85.839317,1714.9646,0.2541146164,0.9480934384,0.1911664036,0.0668006563,506.9326397342,1410.6574630919,4.0
15254,0.0,683.934631,-87.885109,1717.067871,0.2646766408,0.9456493508,0.1889274495,0.0691787561,516.3594505124,1412.8456586519,4.0
15255,0.0,683.3229065,-88.413864,1717.5352785,0.2760829357,0.9427479389,0.1867112828,0.0727692549,529.0434276053,1413.1578682968,4.0
15256,0.0,680.288086,-90.351273,1719.381104,0.3012323553,0.9360549995,0.1818243826,0.0806099304,556.3469826071,1414.3921659727,4.0
15257,0.0,678.236023,-91.610603,1720.64209,0.3213132667,0.9296714683,0.1801908591,0.0878609158,580.0264264196,1415.1099306511,4.0
15258,0.0,675.171997,-93.396286,1722.591431,0.3414103908,0.922748537,0.178812982,0.0954087448,603.6384179932,1416.0607588738,4.0
15259,0.0,672.988342,-94.616631,1723.918945,0.351119,0.9192472734,0.1780446523,0.0988725147,614.4932506178,1417.3388999614,4.0
15260,0.0,670.107788,-96.241447,1725.597778,0.3676308851,0.9128248748,0.1777590512,0.1055545265,634.2351408259,1418.3088579535,4.0
15261,0.0,667.748169,-97.572426,1726.959961,0.3877472064,0.9044632793,0.1777590512,0.1144473963,659.2219934228,1419.0882469757,4.0
15262,0.0,664.723511,-99.190369,1728.672363,0.4078295913,0.8952898646,0.1792514512,0.1238818265,684.6583549972,1420.168962913,4.0
15263,0.0,661.74469,-100.741859,1730.352905,0.4385944001,0.8798592839,0.1829824927,0.1400037814,725.2312982075,1421.1850317234,4.0
15264,0.0,659.701294,-101.778839,1731.497559,0.4510545428,0.8730696717,0.1852002907,0.146818031,741.6440183907,1421.8270344861,4.0
15265,0.0,656.710205,-103.254921,1733.164185,0.4679643645,0.863445899,0.1883362234,,,,
15266,0.0,653.76593,-104.66288,1734.798584,0.4775690598,0.8576642889,0.1906299049,,,,
15267,0.0,650.902649,-105.991081,1736.381714,0.4796434971,0.85641334,0.1910453002,,,,
15268,0.0,648.168213,-107.226402,1737.922363,0.481730065,0.8552413954,0.191045283,,,,
15269,0.0,645.014465,-108.613518,1739.75647,0.4859645785,0.8528423665,0.1910453516,,,,
15270,0.0,642.590576,-109.645203,1741.094727,0.4912462292,0.8496500163,0.1917602461,,,,
15271,0.0,639.325867,-110.93029,1742.656982,0.4963761266,0.8466120771,0.1919862805,,,,
15272,0.0,636.804016,-111.910172,1743.830444,0.5016534206,0.8433344253,0.1926937795,,,,
15273,0.0,633.445251,-113.151917,1745.379272,0.5053990023,0.8410415975,0.1929271357,,,,
15274,0.0,631.22229,-113.944412,1746.397583,0.506693029,0.8402626383,0.1929271185,,,,
15275,0.0,627.901489,-115.102264,1747.916626,0.5085532001,0.8391381151,0.1929271014,,,,
15276,0.0,624.466064,-116.271133,1749.485596,0.5103370151,0.8378560483,0.1937869277,,,,
15277,0.0,622.067017,-117.071091,1750.496948,0.511617745,0.8370559004,0.193867745,,,,
15278,0.0,618.763916,-118.163307,1751.820801,0.5147145148,0.8351552345,0.193867745,,,,
15279,0.0,615.384094,-119.248779,1753.159302,0.5167992721,0.8338667818,0.193867745,,,,
15280,0.0,613.243225,-120.04985,1754.015259,0.5187825136,0.8326343781,0.1938677279,,,,
15281,0.0,612.706177,-121.038666,1754.269043,0.5206754287,0.8314519842,0.1938677279,,,,
15282,0.0,612.732544,-121.735809,1754.295044,0.5224833237,0.8303170964,0.1938677279,,,,
15283,0.0,612.699585,-123.380127,1754.385498,0.5254059579,0.8284708023,0.1938677621,,,,
15284,0.0,612.6856385,-123.816559,1754.409424,0.5258743386,0.8281733934,0.193867745,,,,
15285,0.0,612.65802,-124.816101,1754.463867,0.5274579242,0.8270141012,0.1945143042,,,,
15286,0.0,612.658966,-125.193592,1754.4839475,0.5293208802,0.8257853203,0.1946612658,,,,
15287,0.0,612.659912,-125.571083,1754.504028,0.5311838362,0.8245565394,0.1948082275,,,,
15288,0.0,612.660828,-126.680962,1754.562378,0.5371596639,0.8205201826,0.1954638725,,,,
15289,0.0,612.646484,-127.097229,1754.58313,0.5393605162,0.8190071792,0.1957484968,,,,
15290,0.0,612.615173,-127.306152,1754.585571,0.5396518871,0.8188152214,0.1957484968,,,,
15291,0.0,612.586914,-127.418922,1754.585205,0.5403157686,0.8183772905,0.1957485139,,,,
15292,0.0,612.56073,-127.478683,1754.585205,0.541103118,0.817856916,0.1957485139,,,,
15293,0.0,612.483521,-127.596909,1754.585205,0.5411372055,0.8176520429,0.1965086805,,,,
15294,0.0,612.404175,-127.716881,1754.585205,0.5411171237,0.8176220715,0.1966886032,,,,
15295,0.0,612.365967,-127.774536,1754.585205,0.5411171237,0.8176220715,0.1966886032,,,,
15296,0.0,612.365967,-127.774536,1754.585205,0.5411171237,0.8176220715,0.1966886032,,,,
15297,0.0,612.365967,-127.774536,1754.585327,0.5411171237,0.8176220715,0.1966886032,,,,
15298,0.0,612.365967,-127.774536,1754.585327,0.5411171237,0.8176220715,0.1966886032,,,,
15299,0.0,612.327271,-127.764458,1754.585205,0.5374432231,0.8200416953,0.1966885861,,,,
15300,0.0,612.285645,-127.754128,1754.585205,0.5334713079,0.8226311184,0.1966886032,,,,
15301,0.0,612.208252,-127.736069,1754.585205,0.5260852314,0.827374121,0.196688569,,,,
15302,0.0,612.157715,-127.725067,1754.585205,0.5212028886,0.8303732628,0.1970476929,,,,
15303,0.0,612.133301,-127.720039,1754.585205,0.5188122649,0.831767917,0.1974739631,,,,
15304,0.0,612.086548,-127.710732,1754.585205,0.5141988787,0.8343688251,0.1985652964,,,,
15305,0.0,612.03894,-127.701859,1754.585205,0.509457791,0.836943903,0.1999441483,,,,
15306,0.0,612.022949,-127.699013,1754.585205,0.5078209387,0.8377291108,0.2008179057,,,,
15307,0.0,612.013184,-127.697273,1754.585205,0.506832993,0.8382252667,0.2012429367,,,,
15308,0.0,612.008728,-127.696526,1754.585205,0.5063602784,0.8384260455,0.2015962171,,,,
15309,0.0,612.000854,-127.695213,1754.585205,0.5055479267,0.8388127056,0.2020260844,,,,
15310,0.0,611.985962,-127.692657,1754.585327,0.5040373738,0.8395555215,0.2027137195,,,,
15311,0.0,611.952209,-127.687149,1754.585205,0.5006684445,0.8413429948,0.2036493893,,,,
15312,0.0,611.92981,-127.683655,1754.585205,0.4984398758,0.8425481242,0.2041331639,0.0635926014,220.2469021279,627.6364340046,8.0
15313,0.0,611.920044,-127.68219,1754.585205,0.4974796097,0.8430985894,0.2042028563,0.0634322414,220.0476595545,627.8347886502,8.0
15314,0.0,611.909607,-127.680649,1754.585205,0.4964625166,0.8436979223,0.204202805,0.0630881639,219.4435657468,627.7604934905,8.0
15315,0.0,611.890503,-127.677879,1754.585205,0.4945978307,0.8447923924,0.2042028392,0.0626655392,218.5768434688,627.3175787535,8.0
15316,0.0,611.868042,-127.674706,1754.585205,0.4924140253,0.8460671534,0.2042028392,0.0622580093,217.8123747203,627.1002297596,8.0
15317,0.0,611.83551,-127.670387,1754.585205,0.4892733246,0.8479957462,0.2037518792,0.061553403,216.58539553,627.012521829,8.0
15318,0.0,611.828247,-127.669449,1754.585205,0.4885719881,0.8484044213,0.2037335276,0.0613333828,216.0783598606,626.630095736,8.0
15319,0.0,611.826782,-127.669273,1754.585083,0.4884601037,0.8485411565,0.2034321333,0.0617044552,216.0480640151,624.7152664834,8.0
15320,0.0,611.826721,-127.669235,1754.585205,0.4884678996,0.8485544252,0.2033580548,0.0618662753,216.2743822052,624.5773432653,8.0
15321,0.0,611.826721,-127.669235,1754.585205,0.4884678996,0.8485544252,0.2033580548,0.0618374723,216.2194904419,624.5595864144,8.0
15322,0.0,611.826721,-127.669235,1754.585205,0.4884678996,0.8485544252,0.2033580548,0.0619248183,216.385562612,624.6123983433,8.0
15323,0.0,611.826721,-127.669235,1754.585205,0.4884678996,0.8485544252,0.2033580548,0.0614765946,215.5263154283,624.3237822658,8.0
15324,0.0,611.826721,-127.669235,1754.585205,0.4884678996,0.8485544252,0.2033580548,0.061466449,215.5231218677,624.3644199617,8.0
15325,0.0,611.826721,-127.669235,1754.585205,0.4884678996,0.8485544252,0.2033580548,0.0614089929,215.5012336163,624.5837430447,8.0
15326,0.0,611.826721,-127.669235,1754.585205,0.4884678996,0.8485544252,0.2033580548,0.0613629566,215.4772844372,624.7411344252,8.0
15327,0.0,611.821167,-127.668549,1754.585205,0.4879171881,0.8488712029,0.2033580548,0.0611494583,215.2555093505,625.1522554812,8.0
15328,0.0,611.810181,-127.667198,1754.585205,0.4868383987,0.8494903661,0.2033580377,0.0609012032,214.9160159684,625.3971188871,8.0
15329,0.0,611.802979,-127.666313,1754.585327,0.48613135,0.8498951771,0.2033580548,0.0606946339,214.6593539639,625.6789875829,8.0
15330,0.0,611.798096,-127.665718,1754.585205,0.4856558447,0.8501669807,0.2033580719,0.0605172997,214.4479167217,625.9492248356,8.0
15331,0.0,611.794067,-127.66523,1754.585205,0.4852570921,0.8503946514,0.2033580377,0.0603615304,214.2637339781,626.1929208493,8.0
15332,0.0,611.793579,-127.665176,1754.585327,0.4852101437,0.8504214355,0.2033580548,0.0602745582,214.1772963292,626.3776929323,8.0
15333,0.0,611.793579,-127.665176,1754.585205,0.4852101437,0.8504214355,0.2033580548,0.0601799683,214.0847789466,626.5837008377,8.0
15334,0.0,611.793579,-127.665176,1754.585205,0.4852101437,0.8504214355,0.2033580548,0.0601122745,214.0040006009,626.6889170759,8.0
15335,0.0,611.793579,-127.665176,1754.585205,0.4852101437,0.8504214355,0.2033580548,0.0600516982,213.9265523181,626.7682195126,8.0
15336,0.0,611.793579,-127.665176,1754.585205,0.4852101437,0.8504214355,0.2033580548,0.0599869768,213.8533186389,626.8811109889,8.0
15337,0.0,611.793579,-127.665176,1754.585205,0.4852101437,0.8504214355,0.2033580548,0.0599909636,213.8498905119,626.8508756713,8.0
15338,0.0,611.793579,-127.665176,1754.585205,0.4852101437,0.8504214355,0.2033580548,0.0599731166,213.8191014255,626.8509985658,8.0
15339,0.0,611.793579,-127.665176,1754.585205,0.4852101437,0.8504214355,0.2033580548,0.0599578075,213.7840763034,626.8258442491,8.0
15340,0.0,611.793579,-127.665176,1754.585327,0.4852101437,0.8504214355,0.2033580548,0.0599913551,213.8251484595,626.7763683727,8.0
15341,0.0,611.793579,-127.665176,1754.585205,0.4852101437,0.8504214355,0.2033580548,0.0600338007,213.8807494672,626.7245340569,8.0
15342,0.0,611.793579,-127.665176,1754.585205,0.4852101437,0.8504214355,0.2033580548,0.0601011324,213.9831564733,626.6841597203,8.0
15343,0.0,611.793579,-127.665176,1754.585205,0.4852101437,0.8504214355,0.2033580548,0.0602816553,214.2641848519,626.5960629473,8.0
15344,0.0,611.793579,-127.665176,1754.585205,0.4852101437,0.8504214355,0.2033580548,0.0603913166,214.4358537015,626.5461884678,8.0
15345,0.0,611.793579,-127.665176,1754.585205,0.4852101437,0.8504214355,0.2033580548,0.060587373,214.7148963133,626.3772920974,8.0
15346,0.0,611.793579,-127.665176,1754.585205,0.4852101437,0.8504214355,0.2033580548,0.0607840216,214.9861014627,626.1848825018,8.0
15347,0.0,611.793579,-127.665176,1754.585205,0.4852101437,0.8504214355,0.2033580548,0.0609755628,215.2406057999,625.9716370475,8.0
15348,0.0,611.793579,-127.665176,1754.585205,0.4852101437,0.8504214355,0.2033580548,0.0611040634,215.3966179423,625.7870675859,8.0
15349,0.0,611.793579,-127.665176,1754.585205,0.4852101437,0.8504214355,0.2033580548,0.0611699045,215.4634977548,625.6550125513,8.0
15350,0.0,611.793579,-127.665176,1754.585205,0.4852101437,0.8504214355,0.2033580548,0.0611494571,215.4124708572,625.6081147428,8.0
15351,0.0,611.793579,-127.665176,1754.585205,0.4852101437,0.8504214355,0.2033580548,0.0611049552,215.2725206245,625.4221103504,8.0
15352,0.0,611.793579,-127.665176,1754.585205,0.4852101437,0.8504214355,0.2033580548,0.0610150614,214.9880861046,625.0412062994,8.0
15353,0.0,611.793579,-127.665176,1754.585205,0.4852101437,0.8504214355,0.2033580548,0.0609528622,214.7647370179,624.700335748,8.0
15354,0.0,611.793579,-127.665176,1754.585205,0.4852101437,0.8504214355,0.2033580548,0.0608597253,214.4004361177,624.1026938964,8.0
15355,0.0,611.790466,-127.664825,1754.585205,0.484903001,0.850596599,0.2033580719,0.0606945883,213.8697577237,623.3777365957,8.0
15356,0.0,611.786865,-127.664391,1754.585205,0.4845502139,0.850797625,0.2033580377,,,,
15357,0.0,611.786133,-127.664307,1754.585205,0.4844761721,0.8508397853,0.2033580548,,,,
15358,0.0,611.786133,-127.664307,1754.585205,0.4844761721,0.8508397853,0.2033580548,,,,
15359,0.0,611.786133,-127.664307,1754.585205,0.4844761721,0.8508397853,0.2033580548,0.0602877571,211.9224633396,619.7175234396,8.0
15360,0.0,611.786133,-127.664307,1754.585327,0.4844761721,0.8508397853,0.2033580548,0.0602115202,211.5073197784,618.882806893,8.0
15361,0.0,611.786133,-127.664307,1754.585205,0.4844761721,0.8508397853,0.2033580548,0.0600105428,210.5964035889,617.2164438955,8.0
15362,0.0,611.786133,-127.664307,1754.585205,0.4844761721,0.8508397853,0.2033580548,0.059841323,209.8528501868,615.8793656381,8.0
15363,0.0,611.786133,-127.664307,1754.585205,0.4844761721,0.8508397853,0.2033580548,0.0595654975,208.7355407549,613.9733498533,8.0
15364,0.0,611.783081,-127.663948,1754.585205,0.4841823053,0.8510070445,0.2033580719,,,,
15365,0.0,611.782776,-127.66391,1754.585205,0.4841498384,0.8510255199,0.2033580548,,,,
15366,0.0,611.782776,-127.66391,1754.585327,0.4841498384,0.8510255199,0.2033580548,,,,
15367,0.0,611.782776,-127.66391,1754.585327,0.4841498384,0.8510255199,0.2033580548,,,,
15368,0.0,611.782776,-127.66391,1754.585327,0.4841498384,0.8510255199,0.2033580548,,,,
15369,0.0,611.782776,-127.66391,1754.585205,0.4841498384,0.8510255199,0.2033580548,,,,
15370,0.0,611.782776,-127.66391,1754.585205,0.4841498384,0.8510255199,0.2033580548,,,,
15371,0.0,611.782776,-127.66391,1754.585205,0.4841182984,0.8509698035,0.2036660667,,,,
15372,0.0,611.782776,-127.66391,1754.585205,0.484111239,0.8509576711,0.2037335276,,,,
15373,0.0,611.779541,-127.663559,1754.585205,0.4837274357,0.8510188643,0.2043885039,,,,
15374,0.0,611.778625,-127.663429,1754.585205,0.4835746654,0.8509637341,0.2049786971,,,,
15375,0.0,611.775696,-127.663116,1754.585205,0.4832854298,0.8511114785,0.2050474203,,,,
15376,0.0,611.775269,-127.663055,1754.585205,0.4832413553,0.8511365037,0.2050474203,,,,
15377,0.0,611.775269,-127.663055,1754.585205,0.4832413553,0.8511365037,0.2050474203,,,,
15378,0.0,611.775269,-127.663055,1754.585205,0.4832160591,0.8510918456,0.2052922566,,,,
15379,0.0,611.772217,-127.662704,1754.585205,0.4828546451,0.8511603161,0.2058579802,,,,
15380,0.0,611.771973,-127.662666,1754.585205,0.4827974912,0.8511146347,0.2061806516,,,,
15381,0.0,611.767944,-127.662193,1754.585205,0.4823604325,0.8512543669,0.2066262711,,,,
15382,0.0,611.7665405,-127.6620445,1754.585144,0.4821976721,0.85129809,0.206825769,,,,
15383,0.0,611.760498,-127.661369,1754.585205,0.4814910032,0.8514317508,0.2079191854,,,,
15384,0.0,611.757446,-127.661057,1754.585205,0.4811820986,0.8515975109,0.2079554459,,,,
15385,0.0,611.757019,-127.661018,1754.585205,0.4811117653,0.851563847,0.2082558132,,,,
15386,0.0,611.754333,-127.660721,1754.585205,0.4808367619,0.8517008813,0.2083305478,,,,
15387,0.0,611.752869,-127.660561,1754.585205,0.4806956123,0.8517805534,0.2083305478,,,,
15388,0.0,611.752869,-127.660561,1754.585205,0.4806956123,0.8517805534,0.2083305478,,,,
15389,0.0,611.752869,-127.660561,1754.585205,0.4806956123,0.8517805534,0.2083305478,,,,
15390,0.0,611.752869,-127.660561,1754.585327,0.4806956123,0.8517805534,0.2083305478,,,,
15391,0.0,611.752869,-127.660561,1754.585205,0.4806956123,0.8517805534,0.2083305478,,,,
15392,0.0,611.752869,-127.660561,1754.585205,0.4806956123,0.8517805534,0.2083305478,,,,
15393,0.0,611.752869,-127.660561,1754.585205,0.4806956123,0.8517805534,0.2083305478,,,,
15394,0.0,611.752869,-127.660561,1754.585205,0.4806956123,0.8517805534,0.2083305478,,,,
15395,0.0,611.752869,-127.660561,1754.585205,0.4806956123,0.8517805534,0.2083305478,,,,
15396,0.0,611.752869,-127.660561,1754.585205,0.4806956123,0.8517805534,0.2083305478,,,,
15397,0.0,611.752869,-127.660561,1754.585205,0.4806956123,0.8517805534,0.2083305478,,,,
15398,0.0,611.752869,-127.660561,1754.585205,0.4806956123,0.8517805534,0.2083305478,,,,
15399,0.0,611.752869,-127.660561,1754.585205,0.4806956123,0.8517805534,0.2083305478,,,,
15400,0.0,611.752869,-127.660561,1754.585205,0.4806956123,0.8517805534,0.2083305478,,,,
15401,0.0,611.752869,-127.660561,1754.585205,0.4806956123,0.8517805534,0.2083305478,,,,
15402,0.0,611.752869,-127.660561,1754.585205,0.4806956123,0.8517805534,0.2083305478,,,,
15403,0.0,611.752869,-127.660561,1754.585205,0.4806956123,0.8517805534,0.2083305478,,,,
15404,0.0,611.752869,-127.660561,1754.585205,0.4806956123,0.8517805534,0.2083305478,,,,
15405,0.0,611.752869,-127.660561,1754.585205,0.4806956123,0.8517805534,0.2083305478,,,,
15406,0.0,611.752869,-127.660561,1754.585205,0.4806956123,0.8517805534,0.2083305478,,,,
15407,0.0,611.752869,-127.660561,1754.585205,0.4806956123,0.8517805534,0.2083305478,,,,
15408,0.0,611.752869,-127.660561,1754.585205,0.4806956123,0.8517805534,0.2083305478,,,,
15409,0.0,611.752869,-127.660561,1754.585205,0.4806956123,0.8517805534,0.2083305478,,,,
15410,0.0,611.752869,-127.660561,1754.585327,0.4806956123,0.8517805534,0.2083305478,,,,
15411,0.0,611.752869,-127.660561,1754.585266,0.4806956123,0.8517805534,0.2083305478,,,,
15412,0.0,611.752869,-127.660561,1754.585205,0.4806956123,0.8517805534,0.2083305478,,,,
15413,0.0,611.749756,-127.660202,1754.585205,0.4803971701,0.851948908,0.2083305478,,,,
15414,0.0,611.730957,-127.658211,1754.585205,0.4785413391,0.8529927137,0.2083305478,,,,
15415,0.0,611.727234,-127.657833,1754.585205,0.478172479,0.8531994421,0.2083305392,,,,
15416,0.0,611.723511,-127.657455,1754.585205,0.4778036189,0.8534061705,0.2083305307,,,,
15417,0.0,611.721497,-127.657288,1754.585205,0.477606787,0.8535163426,0.2083305307,,,,
15418,0.0,611.720703,-127.657211,1754.585205,0.4775184438,0.8535481069,0.2084028913,,,,
15419,0.0,611.72052,-127.657166,1754.585205,0.477497638,0.8535545155,0.2084243142,,,,
15420,0.0,611.72052,-127.657166,1754.585205,0.477497638,0.8535545155,0.2084243142,,,,
15421,0.0,611.72052,-127.657166,1754.585205,0.477497638,0.8535545155,0.2084243142,,,,
15422,0.0,611.72052,-127.657166,1754.585205,0.477497638,0.8535545155,0.2084243142,,,,
15423,0.0,611.72052,-127.657166,1754.585205,0.477497638,0.8535545155,0.2084243142,,,,
15424,0.0,611.720459,-127.657166,1754.585205,0.477497638,0.8535545155,0.2084243142,,,,
15425,0.0,611.72052,-127.657166,1754.585205,0.477497638,0.8535545155,0.2084243142,,,,
15426,0.0,611.72052,-127.657166,1754.585205,0.477497638,0.8535545155,0.2084243142,,,,
15427,0.0,611.72052,-127.657166,1754.585205,0.477497638,0.8535545155,0.2084243142,,,,
15428,0.0,611.72052,-127.657166,1754.585083,0.477497638,0.8535545155,0.2084243142,,,,
15429,0.0,611.72052,-127.657166,1754.585205,0.477497638,0.8535545155,0.2084243142,,,,
15430,0.0,611.72052,-127.657166,1754.585205,0.477497638,0.8535545155,0.2084243142,,,,
15431,0.0,611.72052,-127.657166,1754.585205,0.477497638,0.8535545155,0.2084243142,,,,
15432,0.0,611.72052,-127.657166,1754.585205,0.477497638,0.8535545155,0.2084243142,,,,
15433,0.0,611.72052,-127.657166,1754.585205,0.477497638,0.8535545155,0.2084243142,,,,
15434,0.0,611.714539,-127.656593,1754.585205,0.4769108849,0.8538824979,0.2084242971,,,,
15435,0.0,611.690247,-127.654251,1754.585083,0.4744448172,0.8551036494,0.2090451249,,,,
15436,0.0,611.666199,-127.652077,1754.585205,0.4720373056,0.8563576287,0.2093618729,,,,
15437,0.0,611.647278,-127.650475,1754.585205,0.4701664629,0.8573862001,0.20936189,,,,
15438,0.0,611.645813,-127.65036,1754.585327,0.4700186676,0.8574672262,0.2093619071,,,,
15439,0.0,611.645813,-127.65036,1754.585205,0.4700186676,0.8574672262,0.2093619071,,,,
15440,0.0,611.640076,-127.64991,1754.585205,0.4694469212,0.8577803799,0.2093619071,,,,
15441,0.0,611.637573,-127.649704,1754.585205,0.4691963599,0.8579174597,0.2093619071,,,,
15442,0.0,611.637634,-127.649704,1754.585205,0.4691963599,0.8579174597,0.2093619071,,,,
15443,0.0,611.637573,-127.649704,1754.585205,0.4691963599,0.8579174597,0.2093619071,,,,
15444,0.0,611.637573,-127.649704,1754.585205,0.4691963599,0.8579174597,0.2093619071,,,,
15445,0.0,611.637573,-127.649704,1754.585205,0.4691963599,0.8579174597,0.2093619071,,,,
15446,0.0,611.710571,-127.516243,1754.585205,0.4691963599,0.8579174597,0.2093619071,,,,
15447,0.0,611.801331,-127.350166,1754.585205,0.4691963599,0.8579174597,0.2093619071,,,,
15448,0.0,611.860352,-127.230431,1754.585083,0.4686147869,0.8582352669,0.2093619071,,,,
15449,0.0,611.9422,-127.059494,1754.585205,0.4675153893,0.8586208311,0.2102370784,,,,
15450,0.0,612.031799,-127.170052,1754.535156,0.46186052,0.8614901341,0.2109967035,,,,
15451,0.0,612.023865,-127.314392,1754.377808,0.4135220161,0.8836239394,0.2195638312,,,,
15452,0.0,612.089539,-127.473381,1754.215454,0.3709035091,0.9007544594,0.2259911299,,,,
15453,0.0,611.434937,-127.895782,1753.994507,0.2270408455,0.9444730965,0.2375353119,,,,
15454,0.0,611.357483,-129.704712,1753.344116,-0.0702232417,0.9675385251,0.242771289,,,,
15455,0.0,612.220703,-131.671524,1752.843384,-0.3293112143,0.9153665295,0.2316424849,,,,
15456,0.0,612.825592,-131.715599,1752.5630495,-0.4150507899,0.8761927275,0.2260577248,,,,
15457,0.0,613.430481,-131.759674,1752.282715,-0.5007903655,0.8370189255,0.2204729648,,,,
15458,0.0,614.863953,-131.245102,1751.478638,-0.7493740521,0.6298803717,0.204179449,,,,
15459,0.0,615.463684,-131.005524,1751.226929,-0.8036679029,0.5603969432,0.2001828363,,,,
15460,0.0,615.827209,-130.581039,1751.05542,-0.8545123383,0.4797838137,0.1990380764,,,,
15461,0.0,615.795227,-130.063293,1751.013916,-0.880199179,0.4304872393,0.1998252788,,,,
15462,0.0,615.38446,-129.498062,1751.075806,-0.8943346975,0.3989822434,0.202431762,,,,
15463,0.0,614.80127,-128.949783,1751.208252,-0.8957849477,0.395123348,0.2035850372,,,,
15464,0.0,614.026794,-128.3564,1751.406738,-0.8957566861,0.395110882,0.2037335276,,,,
15465,0.0,612.990479,-127.662689,1751.687744,-0.8957566861,0.395110882,0.2037335276,,,,
15466,0.0,611.905762,-126.995209,1751.997803,-0.8957566861,0.395110882,0.2037335276,,,,
15467,0.0,610.50061,-126.181442,1752.408691,-0.8957566861,0.395110882,0.2037335276,,,,
15468,0.0,609.437561,-125.590302,1752.727051,-0.8957566861,0.395110882,0.2037335276,,,,
15469,0.0,607.361511,-124.471481,1753.371582,-0.8957566861,0.395110882,0.2037335276,,,,
15470,0.0,606.150085,-123.833107,1753.774048,-0.8957566861,0.395110882,0.2037335276,,,,
15471,0.0,605.017334,-122.932419,1754.125244,-0.8957566861,0.395110882,0.2037335276,,,,
15472,0.0,604.70343,-122.03949,1754.166504,-0.8957566861,0.395110882,0.2037335276,,,,
15473,0.0,604.677002,-121.153458,1757.638672,-0.8957566861,0.395110882,0.2037335276,,,,
15474,0.0,604.610107,-120.582367,1761.72937,-0.8957566861,0.395110882,0.2037335276,,,,
15475,0.0,604.530212,-119.982834,1764.305298,-0.8957566861,0.395110882,0.2037335276,,,,
15476,0.0,604.45343,-119.442215,1766.675415,-0.8957566861,0.395110882,0.2037335276,,,,
15477,0.0,604.378906,-118.959915,1768.485596,-0.8957566861,0.395110882,0.2037335276,,,,
15478,0.0,604.313232,-118.575943,1770.568604,-0.8957566861,0.395110882,0.2037335276,,,,
15479,0.0,604.223511,-118.185944,1773.197754,-0.8945721661,0.3981153465,0.203088184,,,,
15480,0.0,604.085266,-117.772774,1776.406372,-0.8903676942,0.4089064045,0.2001022774,,,,
15481,0.0,603.920898,-117.373665,1779.917236,-0.8828999738,0.4249680567,0.1997242775,,,,
15482,0.0,603.703369,-116.935814,1783.682373,-0.8681507267,0.4517664039,0.2054785442,,,,
15483,0.0,603.46637,-116.445869,1788.287354,-0.8494559814,0.4828886876,0.2127041399,,,,
15484,0.0,603.241394,-115.95842,1790.722168,-0.8253202587,0.5195449173,0.2211776423,,,,
15485,0.0,603.037781,-115.418121,1792.756836,-0.7935965297,0.5620373529,0.2330634292,,,,
15486,0.0,602.835632,-114.647263,1794.648193,-0.7420427351,0.6214428113,0.2513591287,,,,
15487,0.0,602.689819,-113.900299,1794.615112,-0.6848748502,0.6777361039,0.2676195302,,,,
15488,0.0,602.818176,-112.742203,1794.373901,-0.5818712113,0.7593545619,0.2912156294,,,,
15489,0.0,603.396606,-111.573341,1794.400635,-0.4540816552,0.8324912491,0.3174400268,,,,
15490,0.0,604.835449,-110.52047,1796.979736,-0.2671774999,0.8998307435,0.3448489764,,,,
15491,0.0,605.731445,-110.262886,1798.539795,-0.1284753641,0.9249265059,0.3577779193,,,,
15492,0.0,605.638367,-110.283218,1799.926758,-0.0173972056,0.931196235,0.3641028827,,,,
15493,0.0,605.541321,-110.291534,1801.228638,0.0531725498,0.929067368,0.3660689902,,,,
15494,0.0,605.412415,-110.289574,1802.774902,0.1086930035,0.9241160875,0.3663267501,,,,
15495,0.0,605.172363,-110.257416,1805.290771,0.1757564677,0.9146237092,0.3641059387,,,,
15496,0.0,605.084442,-110.241421,1806.1106565,0.1785393966,0.914171146,0.3638774492,,,,
15497,0.0,604.852722,-110.23793,1808.070679,0.1787653422,0.9142222592,0.3636490247,,,,
15498,0.0,604.686584,-110.314934,1808.070679,0.1699403076,0.9168129723,0.3613506133,,,,
15499,0.0,604.6035155,-110.380291,1808.070679,0.1646879799,0.9181659996,0.3603034168,,,,
15500,0.0,604.383301,-110.580704,1808.070679,0.1402295266,0.9253711777,0.3521702193,,,,
15501,0.0,604.157776,-110.797264,1808.070679,0.1294700809,0.929147756,0.3462974816,,,,
15502,0.0,603.688782,-111.230408,1808.070679,0.1183383711,0.9328150121,0.3403706554,,,,
15503,0.0,603.252075,-111.624199,1808.070679,0.1088661465,0.9353239159,0.3366264021,,,,
15504,0.0,602.586121,-112.231178,1808.070679,0.065471504,0.9413240795,0.331092826,,,,
15505,0.0,601.809631,-112.965454,1808.070679,0.0051818511,0.9441190125,0.329564013,,,,
15506,0.0,599.502441,-113.921707,1808.070801,-0.1848565236,0.9277261921,0.324271766,,,,
15507,0.0,596.417603,-115.988724,1808.070801,-0.3997640893,0.8613518844,0.3134670702,,,,
15508,0.0,594.337036,-119.235985,1808.075562,-0.6653465405,0.688829363,0.2877986966,,,,
15509,0.0,593.828247,-122.609062,1808.073364,-0.8636859214,0.4368284612,0.2514508394,,,,
15510,0.0,592.560486,-124.073853,1808.083984,-0.9593244299,0.1908897601,0.2079849457,,,,
15511,0.0,590.557922,-125.853584,1808.07251,-0.9847806078,-0.0176015607,0.1729084716,,,,
15512,0.0,588.611084,-127.885223,1808.071655,-0.9664474182,-0.2122132805,0.1447235688,,,,
15513,0.0,587.27887,-129.494949,1808.071411,-0.9420046208,-0.3076259245,0.1341401694,,,,
15514,0.0,585.510742,-131.507996,1808.070801,-0.9143940627,-0.3842263591,0.1274896195,,,,
15515,0.0,583.995667,-133.037079,1808.070679,-0.9047652509,-0.4065127253,0.1270718103,,,,
15516,0.0,582.311157,-134.603897,1808.070679,-0.9026269156,-0.4110085616,0.1278147628,,,,
15517,0.0,580.152527,-136.461334,1808.454712,-0.9025163432,-0.4111866205,0.1280227067,,,,
15518,0.0,578.197754,-138.031418,1808.929932,-0.9025163432,-0.4111866205,0.1280227067,,,,
15519,0.0,576.053711,-139.661758,1809.426514,-0.9025163432,-0.4111866205,0.1280227067,,,,
15520,0.0,574.161987,-141.030914,1809.843628,-0.9025163432,-0.4111866205,0.1280227067,,,,
15521,0.0,571.910156,-142.598312,1810.320557,-0.9025163432,-0.4111866205,0.1280227067,,,,
15522,0.0,569.930725,-143.925598,1810.724609,-0.9025163432,-0.4111866205,0.1280227067,,,,
15523,0.0,567.360413,-145.591721,1811.231812,-0.9025163432,-0.4111866205,0.1280227067,,,,
15524,0.0,564.683105,-147.26889,1811.741943,-0.9025163432,-0.4111866205,0.1280227067,,,,
15525,0.0,562.47406,-148.489243,1812.093506,-0.9025163432,-0.4111866205,0.1280227067,,,,
15526,0.0,559.522766,-150.104843,1816.414429,-0.9025163432,-0.4111866205,0.1280227067,,,,
15527,0.0,557.333618,-151.307938,1819.804565,-0.9025163432,-0.4111866205,0.1280227067,,,,
15528,0.0,554.199585,-153.032242,1819.154175,-0.9025163432,-0.4111866205,0.1280227067,,,,
15529,0.0,552.067993,-154.187683,1820.598267,-0.9044694847,-0.4068723742,0.1280227413,,,,
15530,0.0,549.558411,-155.510223,1820.433228,-0.9100661351,-0.3949316032,0.1257324881,,,,
15531,0.0,546.60553,-157.072784,1818.947266,-0.9154363054,-0.3830933812,0.123352471,,,,
15532,0.0,544.399048,-158.244675,1817.714478,-0.9185186223,-0.3754141353,0.1240474403,,,,
15533,0.0,539.339294,-160.911804,1814.062012,-0.9255385018,-0.3562190438,0.1283996675,,,,
15534,0.0,538.035522,-161.625847,1812.812439,-0.925573377,-0.3554336878,0.1302943197,,,,
15535,0.0,534.368774,-163.716751,1808.787354,-0.9208328642,-0.3649050723,0.1375177243,,,,
15536,0.0,533.187866,-164.503105,1807.091553,-0.9117748529,-0.3844229212,0.1428097874,,,,
15537,0.0,532.006958,-165.289459,1805.395752,-0.9027168416,-0.4039407702,0.1481018504,,,,
15538,0.0,527.483521,-168.556427,1801.095337,-0.8308961446,-0.5260782614,0.1812546818,,,,
15539,0.0,526.551758,-169.92717,1799.272095,-0.7354611863,-0.6430200841,0.2135931058,,,,
15540,0.0,526.223328,-171.557281,1801.624634,-0.5469175301,-0.7998353529,0.2472743892,,,,
15541,0.0,526.102173,-172.400635,1803.035767,-0.3922661256,-0.8813457526,0.2633570791,,,,
15542,0.0,525.993164,-172.405014,1804.450195,-0.2730506566,-0.9219207957,0.2747824328,,,,
15543,0.0,525.413635,-172.797165,1806.015869,-0.1999843735,-0.9365279293,0.2879612612,,,,
15544,0.0,524.886475,-173.173553,1807.216064,-0.1834482407,-0.9367066296,0.2982070305,,,,
15545,0.0,524.349548,-173.721649,1808.605835,-0.1760650253,-0.9347937054,0.3084831197,,,,
15546,0.0,523.886902,-174.404877,1810.193359,-0.1724012448,-0.9339865405,0.3129647791,,,,
15547,0.0,523.6026,-175.043488,1811.602295,-0.1723251626,-0.9345153766,0.311424227,,,,
15548,0.0,523.413147,-175.642151,1812.701172,-0.1808770476,-0.9364876889,0.3004568225,,,,
15549,0.0,523.245361,-176.42981,1812.701294,-0.1945540905,-0.9354598422,0.2950653986,,,,
15550,0.0,523.212097,-177.114761,1812.701294,-0.198465722,-0.9350037394,0.2939036655,,,,
15551,0.0,523.261841,-177.736374,1812.701294,-0.1985945768,-0.9349898815,0.2938607078,,,,
15552,0.0,523.343079,-178.251724,1812.701294,-0.1985945768,-0.9349898815,0.2938607078,,,,
15553,0.0,523.479309,-178.878174,1812.701294,-0.1985945768,-0.9349898815,0.2938607078,,,,
15554,0.0,523.734253,-179.644897,1812.701294,-0.1985945768,-0.9349898815,0.2938607078,,,,
15555,0.0,524.104004,-180.539398,1812.701294,-0.1985945768,-0.9349898815,0.2938607078,,,,
15556,0.0,524.497314,-181.391891,1812.701294,-0.1985945768,-0.9349898815,0.2938607078,,,,
15557,0.0,525.113159,-182.637894,1812.701294,-0.1985945768,-0.9349898815,0.2938607078,,,,
15558,0.0,525.672363,-183.714539,1812.701294,-0.1985945768,-0.9349898815,0.2938607078,,,,
15559,0.0,526.544006,-185.338577,1812.701294,-0.1985945768,-0.9349898815,0.2938607078,,,,
15560,0.0,527.146118,-186.546814,1812.701294,-0.2056198679,-0.9343470988,0.291060078,,,,
15561,0.0,527.772949,-188.596375,1812.700928,-0.2598942096,-0.926395327,0.2724824728,,,,
15562,0.0,528.109863,-190.711365,1812.700928,-0.3420036348,-0.9045346237,0.254657865,,,,
15563,0.0,527.92572,-192.759338,1812.700806,-0.4635380253,-0.8537148497,0.2372834897,,,,
15564,0.0,527.816345,-194.715286,1812.701172,-0.5647632639,-0.7929879958,0.2285005343,,,,
15565,0.0,527.773987,-196.318695,1812.701294,-0.6444567743,-0.7313740445,0.2230862456,,,,
15566,0.0,527.799255,-198.004669,1812.701294,-0.717592413,-0.6611614169,0.2189216974,,,,
15567,0.0,528.095947,-199.912659,1812.701294,-0.7581276375,-0.6159632434,0.2140835541,,,,
15568,0.0,528.330994,-201.526245,1812.701294,-0.7841327968,-0.5847451629,0.207867389,,,,
15569,0.0,528.609497,-203.645401,1812.701172,-0.8102218124,-0.5509214028,0.2000655458,,,,
15570,0.0,528.832336,-205.885712,1812.701294,-0.832332132,-0.5199006872,0.192162685,,,,
15571,0.0,529.025024,-208.037613,1812.701294,-0.8432794167,-0.5033994726,0.1883316125,,,,
15572,0.0,529.173584,-210.507721,1812.701294,-0.8525738301,-0.4889731793,0.1844535012,,,,
15573,0.0,529.228088,-213.012817,1812.701294,-0.8615163118,-0.4742030596,0.181441734,,,,
15574,0.0,529.231812,-215.722046,1812.701294,-0.8664125507,-0.4656592155,0.1802520097,,,,
15575,0.0,529.147705,-217.866562,1812.701294,-0.8745152396,-0.4508715246,0.1787119582,,,,
15576,0.0,528.985352,-220.575684,1812.701294,-0.8874600273,-0.4262862013,0.1751992426,,,,
15577,0.0,528.909424,-223.449142,1812.701294,-0.894193415,-0.4126146473,0.1736873321,,,,
15578,0.0,529.108032,-228.724854,1812.701294,-0.9111708818,-0.3768963466,0.166483537,,,,
15579,0.0,529.232086,-230.1590275,1812.701294,-0.9154642417,-0.3668828368,0.1649275043,,,,
15580,0.0,529.626099,-233.982162,1812.701294,-0.9255003392,-0.3428762565,0.1608881436,,,,
15581,0.0,530.005066,-236.839645,1812.701294,-0.9356435956,-0.3156370046,0.1579377832,,,,
15582,0.0,530.429626,-239.666229,1812.701294,-0.9433270404,-0.2934215888,0.1550414979,,,,
15583,0.0,530.846313,-242.213654,1812.701294,-0.9484821596,-0.2773307055,0.1531968429,,,,
15584,0.0,531.426453,-245.538727,1812.701294,-0.9545640442,-0.2569422798,0.1509574456,,,,
15585,0.0,531.767517,-247.92662,1812.701294,-0.9575626192,-0.2460371441,0.150131789,,,,
15586,0.0,532.028015,-250.733887,1812.701294,-0.9598022744,-0.2377426146,0.1491912978,,,,
15587,0.0,532.127686,-253.440323,1812.701294,-0.9611513731,-0.2328110682,0.1482802903,,,,
15588,0.0,532.084534,-256.2836,1812.701294,-0.961789868,-0.2303021075,0.1480580596,,,,
15589,0.0,531.885376,-259.300354,1812.701294,-0.9622647919,-0.2283096059,0.1480580768,,,,
15590,0.0,531.426697,-262.169098,1812.701294,-0.9625329944,-0.2271762436,0.1480580596,,,,
15591,0.0,530.864685,-264.286865,1812.701294,-0.9625444902,-0.2271275425,0.1480580423,,,,
15592,0.0,529.93042,-266.84613,1812.701294,-0.9625444902,-0.2271275425,0.1480580423,,,,
15593,0.0,528.895447,-268.991333,1812.701294,-0.9626677172,-0.2271566199,0.1472098374,,,,
15594,0.0,527.612183,-271.139069,1812.701294,-0.9626822009,-0.2271600375,0.147109814,,,,
15595,0.0,526.376953,-272.880096,1812.701294,-0.9626822009,-0.2271600375,0.147109814,,,,
15596,0.0,524.851257,-274.885803,1812.701294,-0.9626822009,-0.2271600375,0.147109814,,,,
15597,0.0,522.99939,-276.992615,1812.701294,-0.9626822009,-0.2271600375,0.147109814,,,,
15598,0.0,521.397949,-278.585785,1812.701294,-0.9626822009,-0.2271600375,0.147109814,,,,
16185,0.0,260.141113,-149.594635,1857.630493,-0.9357973023,0.3112367631,0.1655750171,,,,
16186,0.0,260.110626,-149.554779,1857.620117,-0.9357973023,0.3112367631,0.1655750171,,,,
16187,0.0,260.176758,-149.297165,1857.674072,-0.9357973023,0.3112367631,0.1655750171,,,,
16188,0.0,260.138916,-149.190506,1857.63147,-0.9357973023,0.3112367631,0.1655750171,,,,
16189,0.0,260.22345,-148.930557,1857.674438,-0.9357973023,0.3112367631,0.1655750171,,,,
16190,0.0,260.166229,-148.945312,1857.675537,-0.9357973023,0.3112367631,0.1655750171,,,,
16191,0.0,260.288757,-148.937607,1857.684082,-0.9357973023,0.3112367631,0.1655750171,,,,
16192,0.0,260.498474,-148.917633,1857.702881,-0.9357973023,0.3112367631,0.1655750171,,,,
16193,0.0,260.697235,-148.895889,1857.700073,-0.9357973023,0.3112367631,0.1655750171,,,,
16194,0.0,260.944824,-148.883575,1857.697388,-0.9357973023,0.3112367631,0.1655750171,,,,
16199,0.0,262.919495,-148.749313,1857.735596,-0.9357973023,0.3112367631,0.1655750171,,,,
16200,0.0,263.463379,-148.664154,1857.806152,-0.9357973023,0.3112367631,0.1655750171,,,,
16201,0.0,264.049255,-148.589325,1857.869507,-0.9357973023,0.3112367631,0.1655750171,,,,
16202,0.0,265.429443,-148.351578,1858.080566,-0.9357973023,0.3112367631,0.1655750171,,,,
16203,0.0,265.867218,-148.336769,1858.1157225,-0.9357973023,0.3112367631,0.1655750171,,,,
16204,0.0,266.304993,-148.32196,1858.150879,-0.9357973023,0.3112367631,0.1655750171,,,,
16205,0.0,267.917786,-148.20433,1858.13501,-0.9318370241,0.3221999375,0.1669340012,,,,
16206,0.0,268.589752,-148.058426,1858.140991,-0.9224040894,0.346772661,0.1700571002,,,,
16207,0.0,269.213501,-147.867935,1858.128784,-0.8949278206,0.4106864192,0.1744730957,,,,
16234,0.0,299.245422,-125.004204,1855.250244,0.7734791473,0.5941347183,0.2207576617,,,,
16235,0.0,302.044769,-123.138481,1853.669678,0.8191248954,0.5295090217,0.2205778813,,,,
16236,0.0,305.149017,-121.31881,1852.494751,0.8471308484,0.4834937429,0.2204611672,,,,
16237,0.0,306.37912,-120.720459,1852.526245,0.8733481128,0.4344085601,0.220345812,,,,
16238,0.0,307.535797,-120.178032,1852.549194,0.8953572569,0.3870768471,0.2202428136,,,,
16239,0.0,311.509003,-119.076118,1851.761719,0.9274654439,0.3016299049,0.2209688912,,,,
16240,0.0,313.155945,-119.608955,1851.674561,0.9454722965,0.2385100367,0.2217996821,,,,
16241,0.0,316.469055,-119.411484,1851.95752,0.9698657737,0.1059932776,0.2193759468,,,,
16242,0.0,318.649658,-119.046677,1852.40332,0.9768295228,0.0239310979,0.2126767172,,,,
16243,0.0,320.742828,-118.319633,1852.608887,0.9780527373,-0.0208023193,0.2073164407,,,,
16244,0.0,322.747223,-117.490883,1852.679321,0.9778081286,-0.0540023193,0.2024228571,,,,
16245,0.0,325.516937,-116.113937,1852.638428,0.9772032954,-0.078333626,0.1973260312,,,,
16246,0.0,328.222961,-114.678284,1852.515259,0.9766430501,-0.0923120727,0.1940279203,,,,
16247,0.0,332.327515,-112.481102,1852.250366,0.975175208,-0.1101745274,0.1920804185,,,,
16248,0.0,333.9415895,-111.6374705,1852.2075195,0.9740637113,-0.120401946,0.1913029476,,,,
16249,0.0,337.692474,-109.620026,1852.100098,0.9712731907,-0.1430139924,0.1901982832,,,,
16250,0.0,340.580475,-108.090096,1851.892334,0.968145168,-0.1644662965,0.1888008766,,,,
16251,0.0,343.502716,-106.468323,1851.663208,0.9649219456,-0.1829287942,0.1883154143,,,,
16252,0.0,344.989456,-105.650936,1851.513794,0.962687528,-0.1940157673,0.1883154057,,,,
16274,0.0,402.535004,-104.0,1850.248291,0.8698661176,-0.4163663332,0.2645222373,,,,
16275,0.0,404.706451,-104.043571,1850.242676,0.8664455481,-0.4216039048,0.267436459,,,,
16276,0.0,408.019043,-104.111351,1850.234009,0.8609457862,-0.4298435265,0.2720420848,,,,
16277,0.0,410.993042,-104.173409,1850.225464,0.8556242351,-0.437613098,0.2764090173,,,,
16278,0.0,413.467194,-104.226982,1850.217896,0.8508126346,-0.4444748471,0.2802855172,,,,
16279,0.0,418.371307,-105.26152,1850.345215,0.8479348604,-0.4460439262,0.2864459606,,,,
16280,0.0,418.688507,-107.361023,1850.618896,0.8453164004,-0.4446664853,0.296161949,,,,
16281,0.0,420.835205,-108.938324,1850.824341,0.8395523736,-0.4435954832,0.3136476674,,,,
16282,0.0,423.151337,-110.604836,1851.041016,0.8357153771,-0.4386839498,0.3303576859,,,,
16283,0.0,425.518707,-112.27269,1851.258301,0.8355192518,-0.4324388259,0.3389752818,,,,
16284,0.0,427.804504,-113.85231,1851.464233,0.8355179869,-0.4323784354,0.3390554264,,,,
16285,0.0,429.993652,-115.341217,1851.658569,0.8355179869,-0.4323784354,0.3390554264,,,,
16286,0.0,432.415955,-116.966263,1851.870605,0.8355179869,-0.4323784354,0.3390554264,,,,
16287,0.0,434.65802,-118.448822,1852.064209,0.8355179869,-0.4323784354,0.3390554264,,,,
16288,0.0,437.18927,-120.128853,1852.283081,0.8355179869,-0.4323784354,0.3390554264,,,,
16289,0.0,440.902161,-122.861717,1852.637939,0.835297271,-0.4322642895,0.3397440995,,,,
16290,0.0,442.801086,-124.235397,1852.871948,0.8503672024,-0.4022852178,0.3391787502,,,,
16291,0.0,444.380127,-125.155914,1853.102295,0.8795098538,-0.3347072562,0.3382801646,,,,
16292,0.0,445.651093,-125.893372,1853.352539,0.9106297074,-0.2329919687,0.3412744914,,,,
16293,0.0,446.580292,-126.690208,1853.608643,0.9303671792,-0.1226726135,0.3454972385,,,,
16294,0.0,447.109863,-127.453934,1853.879028,0.9349753842,0.020570963,0.3541156116,,,,
16295,0.0,447.168121,-128.431625,1854.15686,0.9117343622,0.1809606878,0.3687732125,,,,
16296,0.0,447.336823,-130.090042,1854.478516,0.8617612159,0.3277477027,0.3872325531,,,,
16297,0.0,447.9357967826,-130.9121285217,1854.5995672609,0.8556591098,0.3263949093,0.3976031943,,,,
16298,0.0,448.5347705652,-131.7342150435,1854.7206185217,0.8495570037,0.3250421159,0.4079738356,,,,
16299,0.0,449.1337443478,-132.5563015652,1854.8416697826,0.8434548976,0.3236893225,0.4183444768,,,,
16300,0.0,449.7327181304,-133.378388087,1854.9627210435,0.8373527915,0.322336529,0.4287151181,,,,
16301,0.0,450.331691913,-134.2004746087,1855.0837723043,0.8312506854,0.3209837356,0.4390857593,,,,
16302,0.0,450.9306656957,-135.0225611304,1855.2048235652,0.8251485794,0.3196309422,0.4494564006,,,,
16303,0.0,451.5296394783,-135.8446476522,1855.3258748261,0.8190464733,0.3182781488,0.4598270418,,,,
16304,0.0,452.1286132609,-136.6667341739,1855.446926087,0.8129443672,0.3169253554,0.4701976831,,,,
16305,0.0,452.7275870435,-137.4888206957,1855.5679773478,0.8068422611,0.315572562,0.4805683243,,,,
16306,0.0,453.3265608261,-138.3109072174,1855.6890286087,0.800740155,0.3142197686,0.4909389656,,,,
16307,0.0,453.9255346087,-139.1329937391,1855.8100798696,0.7946380489,0.3128669752,0.5013096068,,,,
16308,0.0,454.5245083913,-139.9550802609,1855.9311311304,0.7885359428,0.3115141817,0.5116802481,,,,
16309,0.0,455.1234821739,-140.7771667826,1856.0521823913,0.7824338367,0.3101613883,0.5220508893,,,,
16310,0.0,455.7224559565,-141.5992533043,1856.1732336522,0.7763317306,0.3088085949,0.5324215306,,,,
16311,0.0,456.3214297391,-142.4213398261,1856.294284913,0.7702296245,0.3074558015,0.5427921718,,,,
16312,0.0,456.9204035217,-143.2434263478,1856.4153361739,0.7641275184,0.3061030081,0.5531628131,,,,
16313,0.0,457.5193773043,-144.0655128696,1856.5363874348,0.7580254123,0.3047502147,0.5635334543,,,,
16314,0.0,458.118351087,-144.8875993913,1856.6574386957,0.7519233063,0.3033974213,0.5739040956,,,,
16315,0.0,458.7173248696,-145.709685913,1856.7784899565,0.7458212002,0.3020446279,0.5842747368,,,,
16316,0.0,459.3162986522,-146.5317724348,1856.8995412174,0.7397190941,0.3006918344,0.5946453781,,,,
16317,0.0,459.9152724348,-147.3538589565,1857.0205924783,0.733616988,0.299339041,0.6050160193,,,,
16318,0.0,460.5142462174,-148.1759454783,1857.1416437391,0.7275148819,0.2979862476,0.6153866606,,,,
16319,0.0,461.11322,-148.998032,1857.262695,0.7214127758,0.2966334542,0.6257573018,,,,
16320,0.0,465.869415,-147.041855,1856.957031,0.7214127758,0.2966334542,0.6257573018,,,,
16321,0.0,466.770386,-146.67131,1856.911987,0.7214127758,0.2966334542,0.6257573018,,,,
16322,0.0,468.372253,-146.012497,1856.825073,0.7214127758,0.2966334542,0.6257573018,,,,
16323,0.0,468.473938,-145.970688,1856.825073,0.7214127758,0.2966334542,0.6257573018,,,,
16324,0.0,472.218018,-144.430893,1856.614014,0.7214127758,0.2966334542,0.6257573018,,,,
16325,0.0,472.321899,-144.388153,1856.614014,0.7214127758,0.2966334542,0.6257573018,,,,
16326,0.0,476.22049,-142.784714,1856.394775,0.7214127758,0.2966334542,0.6257573018,,,,
16327,0.0,478.164795,-141.985123,1856.287231,0.7214127758,0.2966334542,0.6257573018,,,,
16328,0.0,480.179321,-141.165054,1856.177124,0.7217283803,0.2958646249,0.6257573562,,,,
16329,0.0,482.957947,-140.353317,1856.038574,0.7336392797,0.2671118111,0.6248397296,,,,
16330,0.0,485.494659,-139.816406,1855.921021,0.7469058395,0.2269253796,0.6250092312,,,,
16331,0.0,488.182953,-139.772186,1855.805908,0.762166518,0.1455673882,0.6308029283,,,,
16332,0.0,490.645569,-139.828064,1855.703857,0.7675290372,0.0717362152,0.6369875136,,,,
16333,0.0,493.541992,-139.628296,1855.584106,0.7680272687,0.0152621991,0.6402352535,,,,
16334,0.0,495.961517,-139.801468,1855.495605,0.7641806999,-0.0509422206,0.6429873623,,,,
16335,0.0,498.789581,-140.101059,1855.401001,0.7509299166,-0.1315878612,0.6471390075,,,,
16336,0.0,500.909241,-139.859955,1855.349121,0.7387980909,-0.1775217414,0.6501256896,,,,
16337,0.0,503.832336,-139.570328,1855.292847,0.7244834897,-0.2244431958,0.6517276463,,,,
16338,0.0,506.3384245,-139.5149155,1855.2716065,0.7038471766,-0.2667838636,0.6566450727,,,,
16339,0.0,508.844513,-139.459503,1855.250366,0.6832108634,-0.3091245313,0.6615624992,,,,
16340,0.0,510.873657,-140.010788,1855.249512,0.6630208086,-0.3432322903,0.665278139,,,,
16341,0.0,513.056946,-141.226868,1855.289673,0.6207251478,-0.4082929201,0.6693259163,,,,
16342,0.0,514.820251,-142.041443,1855.349487,0.5990899452,-0.4381112408,0.6701863757,,,,
16343,0.0,516.589294,-143.666611,1855.465454,0.546775134,-0.5025289584,0.6697026197,,,,
16344,0.0,518.021667,-145.08226,1855.595093,0.5095667338,-0.5442326942,0.6664476862,,,,
16345,0.0,519.093201,-146.82309,1855.756592,0.4563110583,-0.598323175,0.658627054,,,,
16346,0.0,520.288391,-148.239151,1855.734985,0.4205346821,-0.6320114185,0.6509317537,,,,
16347,0.0,521.505188,-149.518021,1855.542847,0.3901561592,-0.6585435214,0.6435049354,,,,
16348,0.0,522.668274,-150.845413,1855.170776,0.3521978172,-0.6900346355,0.6323044357,,,,
16349,0.0,523.398102,-151.686432,1854.818054,0.3299305722,-0.7077316208,0.6240063288,,,,
16350,0.0,528.465088,-151.058151,1854.350098,0.2876976903,-0.7402487197,0.6076692126,,,,
16351,0.0,529.1779785,-151.7924345,1853.766968,0.2719093769,-0.7510844817,0.6012734836,,,,
16352,0.0,529.890869,-152.526718,1853.183838,0.2561210635,-0.7619202437,0.5948777547,,,,
16353,0.0,530.28302,-154.043243,1851.89624,0.2143149213,-0.7891465219,0.5756013216,,,,
16354,0.0,532.009399,-155.829117,1850.38916,0.1810486806,-0.8072414286,0.5617674352,,,,
16355,0.0,533.070679,-156.241898,1847.266846,0.1413873575,-0.8271178618,0.5439537276,,,,
16356,0.0,534.024109,-156.03392,1845.603394,0.1260790164,-0.8367738876,0.5328353805,,,,
16357,0.0,534.653809,-155.638077,1846.043701,0.1196941137,-0.843015247,0.5244031011,,,,
16358,0.0,535.337402,-155.332794,1845.577271,0.1158586941,-0.8485263809,0.5163136101,,,,
16359,0.0,536.096558,-155.288315,1843.001709,0.1062841532,-0.8583740654,0.5018940552,,,,
16360,0.0,536.700745,-155.358887,1840.421143,0.095162966,-0.8662992918,0.4903769437,,,,
16361,0.0,537.282043,-155.609177,1836.335083,0.0770628917,-0.8756810016,0.4767012629,,,,
16362,0.0,537.491394,-155.871078,1832.816284,0.0537505026,-0.88736811,0.4579178101,,,,
16363,0.0,537.600525,-156.354019,1828.802246,0.0295159812,-0.8981637344,0.4386692525,,,,
16364,0.0,537.615234,-156.99147,1823.743774,0.0008413914,-0.909433543,0.4158484375,,,,
16365,0.0,537.4953,-157.687454,1817.688965,-0.0312798415,-0.923381887,0.3826061451,,,,
16366,0.0,537.357361,-158.320938,1814.127441,-0.0467872873,-0.9351270135,0.3512099349,,,,
16367,0.0,537.993286,-158.623322,1809.490112,-0.0503813713,-0.9511028501,0.3047377331,,,,
16368,0.0,538.132629,-160.29216,1805.482666,-0.0457551803,-0.9599306577,0.2764771162,,,,
16369,0.0,538.06311,-161.568832,1800.948608,-0.0442103454,-0.9683098923,0.2458076441,,,,
16370,0.0,537.924194,-162.932037,1795.652954,-0.0439574441,-0.9707200071,0.2361575975,,,,
16371,0.0,533.809814,-164.309845,1799.028076,-0.0439683835,-0.9709615849,0.2351603323,,,,
16372,0.0,533.478394,-164.828217,1799.03125,-0.0439774511,-0.9711618252,0.2343303076,,,,
16373,0.0,533.12854,-165.308914,1799.03125,-0.0439785622,-0.9711863623,0.2342283835,,,,
16374,0.0,532.638916,-165.912994,1799.03125,-0.0439785622,-0.9711863623,0.2342283835,,,,
16375,0.0,532.195068,-166.407822,1799.03125,-0.0439785622,-0.9711863623,0.2342283835,,,,
16376,0.0,531.825623,-166.883514,1799.03125,-0.0439785622,-0.9711863623,0.2342283835,,,,
16377,0.0,531.447815,-167.454315,1799.03125,-0.0439785622,-0.9711863623,0.2342283835,,,,
16378,0.0,531.115112,-168.039124,1799.03125,-0.0439785622,-0.9711863623,0.2342283835,,,,
16379,0.0,530.814697,-168.647812,1801.569092,-0.0439785622,-0.9711863623,0.2342283835,,,,
16380,0.0,530.6566465,-169.013878,1802.3985595,-0.0439785622,-0.9711863623,0.2342283835,,,,
16381,0.0,530.498596,-169.379944,1803.228027,-0.0439785622,-0.9711863623,0.2342283835,,,,
16382,0.0,530.212769,-170.600555,1805.993896,-0.0439785622,-0.9711863623,0.2342283835,,,,
16383,0.0,530.192688,-171.160538,1807.314941,-0.0506635383,-0.9718530824,0.2300756225,,,,
16384,0.0,530.228333,-171.705002,1808.625,-0.0937966638,-0.9710754126,0.2195785258,,,,
16385,0.0,530.297791,-172.214142,1809.861084,-0.1703741146,-0.9632706324,0.2075628817,,,,
16386,0.0,530.368958,-172.585823,1810.760559,-0.2330436296,-0.9493054252,0.2008541103,,,,
16387,0.0,530.529175,-173.388428,1812.68457,-0.3869771848,-0.9028825463,0.1872211686,,,,
16388,0.0,530.683167,-174.127411,1812.701294,-0.4583775907,-0.8699630852,0.1818081813,,,,
16389,0.0,530.797424,-174.727371,1812.701294,-0.5291040543,-0.8294490478,0.1790619359,,,,
16390,0.0,530.679016,-175.428543,1812.701294,-0.5745070113,-0.7987323721,0.1787967888,,,,
16391,0.0,530.313904,-176.185974,1812.701294,-0.6073752975,-0.7740329247,0.1787967544,,,,
16392,0.0,530.024902,-176.86908,1812.701294,-0.6314150156,-0.754067263,0.1808248901,,,,
16393,0.0,529.681396,-178.155823,1812.701294,-0.6614029645,-0.7260829315,0.1880151461,,,,
16394,0.0,529.358276,-179.267426,1812.701294,-0.6874472925,-0.6990284392,0.1969148576,,,,
16395,0.0,529.109436,-180.513702,1812.701294,-0.7073259462,-0.6765236875,0.2049529363,,,,
16396,0.0,528.843445,-181.705444,1812.701294,-0.7352587778,-0.6437751338,0.2120096855,,,,
16397,0.0,528.598938,-183.382889,1812.701294,-0.7619078131,-0.6096975905,0.2185528138,,,,
16398,0.0,528.404907,-185.596558,1812.701294,-0.7814815069,-0.5827133017,0.2230064178,,,,
16399,0.0,528.456299,-187.493301,1812.701294,-0.7916714105,-0.5684241764,0.2239427014,,,,
16400,0.0,528.607361,-189.341309,1812.701294,-0.80372025,-0.5508950873,0.22482963,,,,
16401,0.0,528.847717,-191.282959,1812.701294,-0.813248734,-0.5367008205,0.2248971451,,,,
16402,0.0,529.185547,-193.148224,1812.701294,-0.8212944711,-0.5243059187,0.2248970771,,,,
16403,0.0,529.625977,-195.135361,1812.701294,-0.8298690341,-0.5106257912,0.2248970601,,,,
16404,0.0,530.197998,-197.411469,1812.701294,-0.8419950818,-0.4911560146,0.223181656,,,,
16405,0.0,530.712524,-199.217728,1812.701294,-0.851386856,-0.4761132311,0.2201286272,,,,
16406,0.0,531.557129,-201.855591,1812.701294,-0.8607322663,-0.460275833,0.2174537268,,,,
16407,0.0,532.305786,-204.05751,1812.701294,-0.8694391476,-0.444958436,0.2146801314,,,,
16408,0.0,533.102478,-206.274292,1812.701294,-0.8764277697,-0.4319460969,0.2128307634,,,,
16409,0.0,533.995239,-208.687225,1812.701294,-0.8844636841,-0.4162467395,0.2108616687,,,,
16410,0.0,534.848816,-210.965088,1812.701294,-0.8945201146,-0.3961509916,0.2071187013,,,,
16411,0.0,535.756104,-213.308151,1812.701294,-0.9007523337,-0.3827646176,0.2052717245,,,,
16412,0.0,536.646484,-215.590897,1812.701294,-0.9070585924,-0.3690375682,0.2026227607,,,,
16413,0.0,537.633972,-218.101852,1812.701294,-0.9123356264,-0.3574060613,0.1997613879,,,,
16414,0.0,538.5047,-220.319809,1812.701294,-0.9172787335,-0.3459651257,0.1972507461,,,,
16415,0.0,539.518738,-222.913406,1812.701294,-0.9234398917,-0.3309023405,0.1943255192,,,,
16416,0.0,540.437805,-225.278717,1812.701294,-0.9282087397,-0.3184171839,0.1924552744,,,,
16417,0.0,541.426636,-227.846542,1812.701294,-0.9321599168,-0.3073571176,0.1913360702,,,,
16418,0.0,542.414429,-230.443588,1812.701294,-0.9354248541,-0.2973988408,0.1911394044,,,,
16419,0.0,543.49707,-233.079773,1812.701294,-0.9372093608,-0.2917264626,0.1911394387,,,,
16420,0.0,544.716553,-235.433167,1812.701294,-0.9406180052,-0.2795517921,0.1925839137,,,,
16421,0.0,546.135559,-237.563934,1812.701294,-0.9436212237,-0.2683438028,0.1938313432,,,,
16422,0.0,547.616638,-239.220184,1812.701294,-0.9471163429,-0.2534960316,0.1967495741,,,,
16423,0.0,548.855896,-240.261978,1812.701294,-0.948659723,-0.2476314562,0.1967826005,,,,
16424,0.0,550.073547,-241.03978,1812.701294,-0.9490540132,-0.2455358968,0.1975059579,,,,
16425,0.0,551.643555,-241.959427,1812.701294,-0.9495747757,-0.243338397,0.1977224566,,,,
16426,0.0,552.539124,-242.485565,1812.701294,-0.949756799,-0.2426269553,0.1977224909,,,,
16427,0.0,553.722717,-243.174149,1812.701294,-0.9509170218,-0.2380391872,0.1977224395,,,,
16428,0.0,554.722534,-243.748322,1812.701294,-0.9530866534,-0.2298276305,0.1969900794,,,,
16429,0.0,555.746765,-244.327316,1812.701294,-0.9557140261,-0.2188316436,0.1967826518,,,,
16430,0.0,556.582581,-244.791702,1812.701294,-0.9575748554,-0.2120757301,0.1951263209,,,,
16431,0.0,557.299316,-245.182373,1812.701294,-0.9584523269,-0.2082840347,0.1949022779,,,,
16432,0.0,557.737427,-245.541595,1812.701294,-0.9590670591,-0.2061657557,0.194128971,,,,
16433,0.0,557.796692,-245.79982,1812.701294,-0.9602251869,-0.20086418,0.193961779,,,,
16434,0.0,557.768982,-245.971313,1812.701294,-0.9616780681,-0.1937888072,0.1939618304,,,,
16435,0.0,557.757629,-246.044373,1812.701294,-0.963651996,-0.1822090787,0.1953834237,,,,
16436,0.0,557.746399,-246.011292,1812.701294,-0.9656485075,-0.1680211239,0.1982217493,,,,
16437,0.0,557.737732,-245.92601,1812.701294,-0.9673386262,-0.1526296738,0.2023861776,,,,
16438,0.0,557.728516,-246.060394,1812.701294,-0.969703155,-0.1258089378,0.2093989071,,,,
16439,0.0,557.746277,-246.354584,1812.701294,-0.9702619527,-0.1104170338,0.2154061787,,,,
16440,0.0,557.673035,-246.88887,1812.701294,-0.9702700534,-0.0922753687,0.2237437816,,,,
16441,0.0,557.435364,-247.481461,1812.701294,-0.9689566238,-0.0743551052,0.2357846041,,,,
16442,0.0,557.106018,-248.089249,1812.701294,-0.9676498073,-0.0642417813,0.2439812369,,,,
16443,0.0,556.582275,-248.925964,1812.701294,-0.9659677196,-0.0615802587,0.2512254694,,,,
16444,0.0,555.929199,-249.876694,1812.701294,-0.965180701,-0.0640308554,0.2536262288,,,,
16445,0.0,554.410828,-251.922318,1812.701294,-0.9651349053,-0.0642186144,0.2537529982,,,,
16446,0.0,553.411194,-253.208176,1812.701294,-0.9651349053,-0.0642186144,0.2537529982,,,,
16447,0.0,552.8015445,-253.9731295,1812.701294,-0.9651349053,-0.0642186144,0.2537529982,,,,
16448,0.0,551.092468,-255.839966,1812.701294,-0.9651349053,-0.0642186144,0.2537529982,,,,
16449,0.0,549.596619,-257.08902,1812.701294,-0.9651349053,-0.0642186144,0.2537529982,,,,
16450,0.0,548.286377,-258.006683,1812.701294,-0.9651349053,-0.0642186144,0.2537529982,,,,
16451,0.0,546.493103,-259.088715,1812.701294,-0.9651349053,-0.0642186144,0.2537529982,,,,
16452,0.0,544.722961,-260.007507,1812.701294,-0.9651349053,-0.0642186144,0.2537529982,,,,
16453,0.0,542.59137,-260.971313,1812.701294,-0.9651349053,-0.0642186144,0.2537529982,,,,
16454,0.0,540.380005,-261.843018,1812.701294,-0.9651349053,-0.0642186144,0.2537529982,,,,
16455,0.0,538.518188,-262.491547,1812.701294,-0.9651349053,-0.0642186144,0.2537529982,,,,
16456,0.0,536.084595,-263.256592,1812.701294,-0.9651349053,-0.0642186144,0.2537529982,,,,
16457,0.0,533.618103,-263.949677,1812.701294,-0.9660638957,-0.0679224505,0.2492129412,,,,
16458,0.0,531.335999,-264.52652,1812.701294,-0.9671748672,-0.0680808006,0.2448219369,,,,
16459,0.0,528.762451,-265.120239,1812.701294,-0.9672008133,-0.0689783421,0.2444679429,,,,
16460,0.0,526.51001,-265.596344,1812.701294,-0.9654150289,-0.0792009295,0.2483969297,,,,
16461,0.0,523.532532,-266.181366,1812.701294,-0.9630750665,-0.0901042435,0.2537077878,,,,
16462,0.0,521.075256,-266.632751,1812.701294,-0.9586762968,-0.1101642052,0.2623044146,,,,
16463,0.0,518.16925,-267.144257,1812.701294,-0.9543060435,-0.1271889271,0.2704125593,,,,
16464,0.0,515.812622,-267.55481,1812.701294,-0.9508820556,-0.1387060628,0.2767380431,,,,
16465,0.0,512.765015,-268.330292,1812.701294,-0.9456587769,-0.1534793431,0.2866593254,,,,
16466,0.0,510.158142,-268.948364,1812.701294,-0.9414981516,-0.1625243156,0.2952407108,,,,
16467,0.0,507.567596,-269.563507,1812.701294,-0.9364360519,-0.171794096,0.3058991817,,,,
16468,0.0,504.224884,-270.336273,1812.701294,-0.9295646893,-0.1817557379,0.3207403001,,,,
16469,0.0,502.089691,-270.848785,1812.701294,-0.9234613262,-0.1894836356,0.3336392225,,,,
16470,0.0,498.75766,-271.626495,1812.701294,-0.9158263551,-0.1992665881,0.3486472633,,,,
16471,0.0,496.187317,-272.077881,1812.701294,-0.9107552537,-0.2063763642,0.3576781572,,,,
16472,0.0,493.140747,-272.399719,1812.701294,-0.9067867974,-0.212162906,0.3643138831,,,,
16473,0.0,490.076965,-272.516541,1812.701294,-0.9039620916,-0.2157010828,0.3692229405,,,,
16474,0.0,487.199097,-272.459442,1812.701294,-0.9022222251,-0.2181218514,0.3720455811,,,,
16475,0.0,484.613251,-272.273346,1812.701294,-0.9010590388,-0.2187821574,0.3744689255,,,,
16476,0.0,481.507965,-271.917725,1812.701294,-0.8996801632,-0.2194467799,0.3773840414,,,,
16477,0.0,479.056549,-271.540771,1812.701294,-0.8978367885,-0.2205256133,0.3811266916,,,,
16478,0.0,476.248535,-271.013916,1812.701294,-0.895925647,-0.2218717747,0.3848248312,,,,
16479,0.0,473.239868,-270.359711,1812.701294,-0.8920786248,-0.2252672506,0.3917274473,,,,
16480,0.0,470.119873,-269.586029,1812.701294,-0.8858620219,-0.2296646467,0.4031161474,,,,
16481,0.0,467.658813,-268.899994,1812.701294,-0.88063571,-0.2330981048,0.4124875995,,,,
16482,0.0,464.617157,-268.033264,1812.701294,-0.8756082492,-0.2366261279,0.421091759,,,,
16483,0.0,461.598328,-267.115173,1812.701294,-0.8681183483,-0.240166778,0.4343851426,,,,
16484,0.0,458.78952,-266.187439,1812.701294,-0.8616576319,-0.241874177,0.4461423628,,,,
16485,0.0,453.486816,-264.368896,1812.701294,-0.8425490286,-0.2486969504,0.477766639,,,,
16486,0.0,450.795166,-263.459473,1812.701172,-0.8284830754,-0.2579205915,0.4970842607,,,,
16487,0.0,449.062607,-262.844452,1812.701233,-0.8221169104,-0.2624451874,0.5050951736,,,,
16488,0.0,447.330048,-262.229431,1812.701294,-0.8157507454,-0.2669697833,0.5131060866,,,,
16489,0.0,444.470856,-261.236847,1812.701172,-0.7975547674,-0.2798833704,0.5343890829,,,,
16490,0.0,441.617188,-260.243988,1812.701172,-0.7782195364,-0.2942313592,0.5547992974,,,,
16491,0.0,436.070404,-258.145081,1812.701294,-0.7686849656,-0.3030522754,0.5632785652,,,,
16492,0.0,433.334229,-257.190338,1812.701294,-0.7686849656,-0.3030522754,0.5632785652,,,,
16557,0.0,403.051239,-274.256012,1812.701294,-0.8990876826,0.065540737,0.4328345536,,,,
16558,0.0,403.121796,-274.000458,1812.701294,-0.8990876826,0.065540737,0.4328345536,,,,
16559,0.0,403.214417,-273.698486,1812.701294,-0.8990876826,0.065540737,0.4328345536,,,,
16560,0.0,403.300018,-273.445312,1812.701294,-0.8990876826,0.065540737,0.4328345536,,,,
16561,0.0,403.387268,-273.207245,1812.701294,-0.8990876826,0.065540737,0.4328345536,,,,
16562,0.0,405.681763,-274.69458,1812.701294,-0.8990876826,0.065540737,0.4328345536,,,,
16563,0.0,407.66568,-275.8992,1812.701294,-0.8990876826,0.065540737,0.4328345536,,,,
16564,0.0,410.448242,-277.439697,1812.701294,-0.8990876826,0.065540737,0.4328345536,,,,
16565,0.0,412.624329,-278.524536,1812.701294,-0.8990876826,0.065540737,0.4328345536,,,,
16566,0.0,415.478271,-279.829163,1812.701294,-0.8990876826,0.065540737,0.4328345536,,,,
16567,0.0,418.032074,-280.889771,1812.701294,-0.8990876826,0.065540737,0.4328345536,,,,
16568,0.0,420.627502,-281.881836,1812.701294,-0.8990876826,0.065540737,0.4328345536,,,,
16569,0.0,423.27066,-282.81488,1812.701294,-0.8990876826,0.065540737,0.4328345536,,,,
16570,0.0,426.02417,-283.714233,1812.701294,-0.8997591265,0.0655896832,0.4314296093,,,,
16571,0.0,429.061066,-284.591736,1812.701294,-0.90251206,0.0696235861,0.4249994563,,,,
16572,0.0,434.844604,-286.056274,1812.701294,-0.9057692223,0.0800878118,0.4161346636,,,,
16573,0.0,436.458023,-286.4412685,1812.701294,-0.90637795,0.0814317903,0.41453969,,,,
16574,0.0,438.071442,-286.826263,1812.701294,-0.9069866776,0.0827757688,0.4129447163,,,,
16575,0.0,443.920044,-288.137756,1812.701294,-0.9088073292,0.0838054454,0.4087124731,,,,
16576,0.0,446.988007,-288.776642,1812.701294,-0.9096549033,0.0839608122,0.4067905344,,,,
16577,0.0,449.790314,-289.228363,1812.701294,-0.9099774026,0.0847279949,0.4059092184,,,,
16578,0.0,452.920563,-289.544067,1812.701294,-0.9107021107,0.0849381001,0.4042365455,,,,
16579,0.0,455.827606,-289.647888,1812.701294,-0.9117758589,0.0850382449,0.4017876056,,,,
16580,0.0,459.160217,-289.553802,1812.701294,-0.9129879776,0.0860102606,0.3988172362,,,,
16581,0.0,461.836182,-289.322449,1812.701294,-0.9136905826,0.0861005196,0.397185372,,,,
16582,0.0,464.531128,-288.962158,1812.701294,-0.9143925838,0.0861666718,0.395552155,,,,
16583,0.0,467.537262,-288.415771,1812.701294,-0.9151783042,0.0862407132,0.3937146314,,,,
16584,0.0,470.408691,-287.757874,1812.701294,-0.9156085827,0.08628126,0.3927040457,,,,
16585,0.0,473.149628,-287.00647,1812.701294,-0.916825658,0.0871285904,0.3896656537,,,,
16586,0.0,475.878143,-286.082397,1812.701294,-0.9180651342,0.095175421,0.3848350927,,,,
16587,0.0,478.475586,-284.823456,1812.701294,-0.9181737432,0.1199272358,0.3775903009,,,,
16588,0.0,481.48819,-282.751892,1812.701294,-0.913672584,0.1782358925,0.3652867037,,,,
16589,0.0,483.964386,-280.27713,1812.701172,-0.8941105287,0.2862220044,0.344446406,,,,
16590,0.0,486.384094,-278.227722,1812.701294,-0.8757375209,0.3494146723,0.3331563916,,,,
16591,0.0,488.545349,-276.552856,1812.701294,-0.8186041512,0.4838029306,0.3095512364,,,,
16592,0.0,490.998474,-274.480896,1812.701294,-0.7561764169,0.5857901038,0.291628498,,,,
16593,0.0,493.770782,-272.062042,1812.701294,-0.6918606251,0.667704473,0.2747719276,,,,
16594,0.0,497.016937,-269.433411,1812.701294,-0.6205095109,0.7415343129,0.2551368449,0.1360544706,1167.6329305384,2318.6399695806,4.0
16595,0.0,500.210419,-266.986115,1812.701294,-0.5636757908,0.7911016587,0.2375452976,0.1010704697,1015.0922973222,2317.0689961162,4.0
16596,0.0,502.923584,-264.972565,1812.701294,-0.5267563608,0.819538528,0.2255755692,0.0819149043,918.2202413496,2316.495509098,4.0
16597,0.0,505.439636,-263.12262,1812.701294,-0.5027469053,0.8357239246,0.220932277,0.0717629028,861.3469503296,2315.5166314915,4.0
16598,0.0,508.082184,-261.178406,1812.701294,-0.4955088088,0.8402217458,0.2202236097,0.0689234404,844.3658070082,2314.4479487021,4.0
16599,0.0,510.548065,-259.273254,1812.701294,-0.4950493484,0.8404925323,0.2202236267,0.0685515032,841.7822494104,2313.3945401232,4.0
16600,0.0,512.925232,-257.245911,1812.701294,-0.4950493484,0.8404925323,0.2202236267,0.0683986652,840.463696897,2312.2585687282,4.0
16601,0.0,515.026855,-255.27359,1812.701294,-0.4950493484,0.8404925323,0.2202236267,0.0681747191,838.695600155,2311.0469228483,4.0
16602,0.0,517.144958,-253.108246,1812.701294,-0.4950493484,0.8404925323,0.2202236267,0.0680162333,837.2913261188,2309.7690997125,4.0
16603,0.0,519.178101,-250.852661,1812.701294,-0.4950493484,0.8404925323,0.2202236267,0.0679260974,836.3263659287,2308.5835112765,4.0
16604,0.0,521.259155,-248.353806,1812.701294,-0.4950493484,0.8404925323,0.2202236267,0.0675242908,833.2923006127,2306.8020646238,4.0
16605,0.0,523.432983,-245.536987,1812.701294,-0.4950493484,0.8404925323,0.2202236267,0.0670958172,829.9941732118,2304.7411558491,4.0
16606,0.0,525.25238,-243.000473,1812.701294,-0.4950493484,0.8404925323,0.2202236267,0.0667326762,827.1373409555,2302.8327717663,4.0
16607,0.0,526.716553,-240.832047,1812.701294,-0.4950493484,0.8404925323,0.2202236267,0.0664278749,824.7027241104,2301.1348052166,4.0
16608,0.0,528.61377,-237.872604,1812.701294,-0.4950493484,0.8404925323,0.2202236267,0.0660196879,821.4107693899,2298.7811897923,4.0
16609,0.0,530.239136,-235.185394,1812.701294,-0.4950493484,0.8404925323,0.2202236267,0.0656502552,818.3992071216,2296.5689579211,4.0
16610,0.0,531.710999,-232.627991,1812.701294,-0.4950493484,0.8404925323,0.2202236267,0.0653097394,815.5994070279,2294.4690467651,4.0
16611,0.0,533.210815,-229.905518,1812.701294,-0.4935785439,0.8413570988,0.2202236437,0.0645057132,809.9238211094,2292.1821958121,4.0
16612,0.0,535.989258,-224.578461,1812.701294,-0.4624421481,0.8591041178,0.2192883361,0.0548412346,747.1911345326,2287.7078970918,4.0
16613,0.0,536.818024,-222.927109,1812.701294,-0.445380568,0.8679740323,0.2188315502,0.0507376358,718.4537380814,2286.4618043882,4.0
16614,0.0,537.64679,-221.275757,1812.701294,-0.4283189878,0.8768439468,0.2183747643,0.046634037,689.7163416303,2285.2157116845,4.0
16615,0.0,539.747498,-215.955399,1812.701294,-0.3674407745,0.9042771127,0.217417066,0.0363340429,609.2231246301,2280.792162619,4.0
16616,0.0,540.62854,-213.085403,1812.701294,-0.3408714483,0.9146236633,0.2174171341,0.0335549309,585.2435398122,2278.3348033416,4.0
16617,0.0,541.408386,-210.024399,1812.701294,-0.3007189658,0.9285999602,0.2174171511,0.0311876914,563.9353595549,2275.8076554954,4.0
16618,0.0,542.011658,-207.163635,1812.701294,-0.2626849163,0.939512559,0.2198016974,0.0313329077,564.6230883175,2273.3805621488,4.0
16619,0.0,542.570984,-203.94104,1812.701294,-0.2396038894,0.9449465743,0.2228585826,0.0325823419,574.8827734369,2270.5959796119,4.0
16620,0.0,542.7833255,-202.425186,1812.701294,-0.225928424,0.9478687346,0.2242846805,0.0336344849,583.5161706669,2269.2755885978,4.0
16621,0.0,542.995667,-200.909332,1812.701294,-0.2122529587,0.950790895,0.2257107784,0.034686628,592.1495678968,2267.9551975837,4.0
16622,0.0,543.947632,-195.507584,1812.701294,-0.1434567037,0.9617492263,0.2333636644,0.0441077592,664.8207963529,2263.469447488,4.0
16623,0.0,544.417786,-192.819931,1812.701294,-0.1161871174,0.9646263013,0.2366361185,0.0493749907,701.8932365949,2261.6773578787,4.0
16624,0.0,544.930786,-190.412613,1812.701294,-0.0824097174,0.9663582359,0.2436398951,0.0577727313,757.0967331325,2260.1637156453,4.0
16625,0.0,545.407227,-188.129837,1812.701294,-0.0527350846,0.9666297895,0.2506907675,,,,
16626,0.0,545.812073,-186.151825,1812.701294,0.0060208422,0.9643014123,0.2647386177,,,,
16627,0.0,546.429565,-184.47023,1812.701294,0.1100053733,0.9516623758,0.2867708848,,,,
16628,0.0,547.598267,-183.234085,1812.701294,0.2861260147,0.9051821882,0.3142882591,,,,
16629,0.0,547.706604,-182.074249,1812.701294,0.3709230671,0.8696744566,0.3257029594,,,,
16630,0.0,548.124084,-181.123535,1812.701294,0.5120131386,0.7870008823,0.344197846,,,,
16631,0.0,547.799561,-179.956192,1812.701294,0.5922037413,0.7212630781,0.3592691205,,,,
16632,0.0,547.236816,-178.795609,1812.701294,0.6469433696,0.6642135309,0.3745459409,,,,
16633,0.0,546.213745,-177.387039,1812.701294,0.6706910162,0.6355466717,0.3824316787,,,,
16634,0.0,545.313354,-176.463425,1812.701294,0.7038127858,0.5901670227,0.3954117448,,,,
16635,0.0,543.809326,-175.233521,1812.701294,0.7320027933,0.5452810191,0.408461162,,,,
16636,0.0,542.518311,-174.466125,1812.701294,0.7567322328,0.4978133024,0.4237195345,,,,
16637,0.0,540.96521,-173.607452,1812.701294,0.771986225,0.4569812609,0.4418205469,,,,
16638,0.0,539.181702,-172.283752,1812.701294,0.7736492699,0.4459901497,0.4500662101,,,,
16639,0.0,537.353333,-170.756149,1812.701294,0.7720122217,0.4433306719,0.4554723317,,,,
16640,0.0,535.628601,-169.206329,1812.701294,0.7709074476,0.4409072496,0.4596765215,,,,
16641,0.0,533.714233,-167.374161,1812.701294,0.7707551212,0.4405402809,0.4602833954,,,,
16642,0.0,532.006958,-165.641586,1812.701294,0.7707551212,0.4405402809,0.4602833954,,,,
16643,0.0,531.666199,-163.902832,1812.701294,0.7707551212,0.4405402809,0.4602833954,,,,
16644,0.0,531.716431,-161.99501,1812.701294,0.7707551212,0.4405402809,0.4602833954,,,,
16645,0.0,531.763062,-160.425751,1812.701294,0.7707551212,0.4405402809,0.4602833954,,,,
16646,0.0,531.802979,-159.131882,1812.701294,0.7707551212,0.4405402809,0.4602833954,,,,
16647,0.0,531.84729,-157.722351,1812.701294,0.7707551212,0.4405402809,0.4602833954,,,,
16648,0.0,532.071167,-156.545258,1812.701294,0.7707551212,0.4405402809,0.4602833954,,,,
16649,0.0,532.543762,-155.157425,1812.701294,0.7707551212,0.4405402809,0.4602833954,,,,
16650,0.0,533.171936,-153.86319,1812.701294,0.7707551212,0.4405402809,0.4602833954,,,,
16651,0.0,534.116638,-152.331467,1812.701294,0.7752264598,0.4334993269,0.4594586703,,,,
16652,0.0,535.173035,-150.935471,1812.701294,0.7969948854,0.3880582594,0.462828197,,,,
16653,0.0,537.463928,-148.561264,1812.315552,0.8342742605,0.2505416338,0.4911367915,,,,
16654,0.0,538.281128,-147.8797075,1812.0754395,0.8373059882,0.2203360184,0.4993808034,,,,
16655,0.0,539.098328,-147.198151,1811.835327,0.8403377159,0.1901304029,0.5076248154,,,,
16656,0.0,540.826477,-146.362732,1811.426758,0.8413767955,0.1195423035,0.5270623547,,,,
16657,0.0,544.510559,-145.718201,1810.686768,0.8232041566,-0.0252252674,0.5671848045,,,,
16658,0.0,546.295959,-145.656357,1810.305176,0.7992914362,-0.1082173598,0.591119449,,,,
16659,0.0,547.3336485,-145.3990405,1810.076111,0.7862995322,-0.139731023,0.6007934749,,,,
16660,0.0,549.810608,-144.464264,1809.47583,0.7585665048,-0.2028878046,0.6192038409,,,,
16661,0.0,551.753296,-143.131256,1808.921509,0.7442529811,-0.2267761159,0.6282197811,,,,
16662,0.0,553.275391,-141.800034,1808.442139,0.7377129291,-0.2345902161,0.633045863,,,,
16663,0.0,554.930542,-140.174271,1808.111084,0.730351226,-0.2417252021,0.6388708894,,,,
16664,0.0,556.641785,-138.283325,1808.068115,0.725218484,-0.245756948,0.6431653543,,,,
16665,0.0,558.113159,-136.524796,1808.070679,0.7185218109,-0.2512545811,0.6485349202,,,,
16666,0.0,559.492554,-134.885422,1808.070679,0.7087623907,-0.2607064555,0.6555059249,,,,
16667,0.0,560.848694,-133.278915,1808.070679,0.6980007917,-0.2715716636,0.6626037476,,,,
16668,0.0,561.940857,-131.959167,1808.070679,0.692146702,-0.2775980522,0.6662373934,,,,
16669,0.0,563.199951,-130.415054,1808.070679,0.6878656481,-0.2817517148,0.668922134,,,,
16670,0.0,564.094543,-129.318619,1808.070679,0.685279101,-0.2834679904,0.6708490532,,,,
16671,0.0,565.084839,-128.103928,1808.070679,0.6835510806,-0.2838170118,0.6724625076,,,,
16672,0.0,565.789307,-127.239983,1808.070679,0.6810821531,-0.2840827564,0.6748511601,,,,
16673,0.0,566.524414,-126.338478,1808.070679,0.6794308558,-0.2842549155,0.6764413169,,,,
16674,0.0,567.257141,-125.439194,1808.070679,0.6766380249,-0.2845344954,0.6791178867,,,,
16675,0.0,567.868896,-124.688286,1808.070679,0.6716344261,-0.2857590911,0.6835560983,,,,
17461,0.0,523.666199,-245.516708,1813.537476,-0.5543643833,0.7898684129,0.2622747049,,,,
17462,0.0,523.666077,-245.516464,1813.537109,-0.5543643833,0.7898684129,0.2622747049,,,,
17463,0.0,523.664307,-245.513931,1813.525024,-0.5543643833,0.7898684129,0.2622747049,,,,
17464,0.0,523.658325,-245.505432,1813.442505,-0.5543643833,0.7898684129,0.2622747049,,,,
17465,0.0,523.647949,-245.490631,1813.332764,-0.5543643833,0.7898684129,0.2622747049,,,,
17466,0.0,525.029724,-245.021835,1813.032959,-0.5543643833,0.7898684129,0.2622747049,,,,
17467,0.0,526.895935,-244.113037,1812.567505,-0.5543643833,0.7898684129,0.2622747049,,,,
17468,0.0,528.057129,-243.191559,1812.172241,-0.5543643833,0.7898684129,0.2622747049,,,,
17469,0.0,529.305908,-240.885315,1811.424805,-0.5543643833,0.7898684129,0.2622747049,,,,
17470,0.0,530.407349,-239.276337,1811.015625,-0.5543643833,0.7898684129,0.2622747049,,,,
17471,0.0,531.861267,-237.087158,1810.633667,-0.5543643833,0.7898684129,0.2622747049,,,,
17472,0.0,532.936401,-235.304718,1810.561768,-0.5543643833,0.7898684129,0.2622747049,,,,
17473,0.0,534.276062,-232.666519,1810.559204,-0.5543643833,0.7898684129,0.2622747049,,,,
17474,0.0,534.962891,-230.967392,1810.613525,-0.5543643833,0.7898684129,0.2622747049,,,,
17475,0.0,535.555542,-229.261871,1810.712402,-0.5543643833,0.7898684129,0.2622747049,,,,
17476,0.0,536.418579,-226.785309,1810.937256,-0.5320323726,0.8070295771,0.2562124435,,,,
17477,0.0,536.978821,-225.138229,1811.148071,-0.5079297665,0.824330391,0.2499735159,,,,
17478,0.0,537.436584,-222.65274,1811.296631,-0.4668502855,0.8507536851,0.2413896814,,,,
17479,0.0,537.855042,-220.016129,1811.302856,-0.4563338391,0.8573394244,0.2381775362,,,,
17480,0.0,538.004883,-218.481735,1811.317383,-0.4629554157,0.8543184061,0.2362463631,,,,
17481,0.0,538.127319,-215.533356,1811.384033,-0.4760985623,0.8478006906,0.2335897001,,,,
17482,0.0,538.065308,-213.6586,1811.461304,-0.4952759996,0.8376505873,0.2303110458,,,,
17483,0.0,537.390747,-211.110245,1811.627808,-0.5135144077,0.8276030016,0.2266632408,,,,
17484,0.0,536.363586,-208.464935,1811.857056,-0.5231612748,0.8224021639,0.2235105399,,,,
17485,0.0,535.304321,-205.665253,1812.039917,-0.5241924218,0.8218509481,0.2231217696,,,,
17486,0.0,534.681885,-203.727768,1812.219604,-0.5253736677,0.8210963313,0.2231217696,,,,
17487,0.0,534.036011,-201.455093,1812.484863,-0.5291784752,0.8189995802,0.2218328852,,,,
17488,0.0,533.475769,-198.776413,1812.953857,-0.5372481771,0.8143418192,0.2195718511,,,,
17489,0.0,533.385376,-196.733566,1813.162476,-0.5473340071,0.8082798581,0.2170464367,,,,
17490,0.0,533.605042,-194.296906,1813.290894,-0.55798645,0.8018331804,0.2138098979,,,,
17491,0.0,534.368164,-190.949768,1813.425659,-0.5684282627,0.7954883333,0.209970526,,,,
17492,0.0,534.7702025,-189.76429,1813.488159,-0.5750064016,0.7912675994,0.2078403234,,,,
17493,0.0,535.172241,-188.578812,1813.550659,-0.5815845405,0.7870468654,0.2057101209,,,,
17494,0.0,536.800598,-184.704361,1813.481689,-0.6139639659,0.7640199072,0.1982973273,,,,
17495,0.0,537.523346,-183.604904,1813.411987,-0.6282031818,0.7527335807,0.1960038842,,,,
17496,0.0,539.572998,-181.090836,1813.074585,-0.657989376,0.7281760387,0.1918583794,,,,
17497,0.0,541.350525,-179.731079,1812.626465,-0.6742928048,0.7134568729,0.1905479045,,,,
17498,0.0,542.3489685,-179.2901155,1812.3530275,-0.6864508824,0.7018381975,0.1895375887,,,,
17499,0.0,544.790894,-178.631577,1811.713989,-0.7064362555,0.6824328283,0.1877052259,,,,
17500,0.0,545.838898,-178.6828465,1811.455444,-0.7140954244,0.6746060788,0.1866906883,,,,
17501,0.0,547.949768,-178.376602,1810.607056,-0.7241412306,0.6642123189,0.1855841412,,,,
17502,0.0,548.904236,-178.290649,1810.157227,-0.7243352522,0.6640007344,0.1855841241,,,,
17503,0.0,549.25592,-178.490723,1810.188599,-0.7243352522,0.6640007344,0.1855841241,,,,
17504,0.0,549.338501,-178.986389,1810.440674,-0.7243352522,0.6640007344,0.1855841241,,,,
17505,0.0,549.08667,-179.59024,1810.747925,-0.7243352522,0.6640007344,0.1855841241,,,,
17506,0.0,548.647644,-180.639969,1811.221313,-0.7243352522,0.6640007344,0.1855841241,,,,
17507,0.0,548.226074,-181.155701,1811.343994,-0.7234892151,0.6649224489,0.1855841927,,,,
17508,0.0,547.828613,-181.474442,1811.425293,-0.7212139633,0.6673896553,0.1855841241,,,,
17509,0.0,547.192261,-182.341354,1811.490112,-0.706134402,0.6826591242,0.1880178888,,,,
17510,0.0,546.628479,-183.44902,1811.727661,-0.6533324474,0.7312806202,0.1959218409,,,,
17511,0.0,546.11969,-184.360855,1811.878906,-0.6177919136,0.7602765776,0.2007801709,,,,
17512,0.0,545.217651,-185.949326,1812.174927,-0.4908457059,0.8441083416,0.2157581996,,,,
17513,0.0,544.324463,-186.911407,1812.316895,-0.3365168747,0.9131573534,0.2300000892,,,,
17514,0.0,543.516479,-188.114716,1812.525757,-0.100145118,0.9628789617,0.2506692251,,,,
17515,0.0,542.323975,-189.231781,1812.747559,0.0806715953,0.9608422365,0.2650929841,,,,
17516,0.0,542.05365,-190.46225,1812.759277,0.3523526294,0.8893083556,0.2915103312,,,,
17517,0.0,541.5625,-190.805161,1812.570801,0.5013960913,0.8096766198,0.3050011983,,,,
17518,0.0,540.756836,-191.268494,1812.507202,0.5866911654,0.7471740025,0.3122891072,,,,
17519,0.0,540.037964,-191.731277,1812.319092,0.7159520514,0.6155729842,0.3293669097,,,,
17520,0.0,538.577148,-191.99762,1812.259155,0.7713740487,0.536909657,0.3416285954,,,,
17521,0.0,536.83667,-192.095505,1812.40625,0.7814983051,0.5192565694,0.3458800575,,,,
17522,0.0,534.500427,-191.737732,1812.4646,0.7840971709,0.5144015546,0.3472501508,,,,
17523,0.0,532.925964,-190.847961,1812.182495,0.7840971709,0.5144015546,0.3472501508,,,,
17524,0.0,531.334839,-189.815567,1811.93335,0.7840971709,0.5144015546,0.3472501508,,,,
17525,0.0,529.626404,-188.988831,1811.883545,0.7840971709,0.5144015546,0.3472501508,,,,
17526,0.0,528.42688,-188.43071,1811.870483,0.7840971709,0.5144015546,0.3472501508,,,,
17527,0.0,526.8526,-187.64592,1811.839233,0.7840971709,0.5144015546,0.3472501508,,,,
17528,0.0,526.020752,-186.375305,1811.809448,0.7840971709,0.5144015546,0.3472501508,,,,
17529,0.0,526.062683,-185.544586,1811.827637,0.7840971709,0.5144015546,0.3472501508,,,,
17530,0.0,526.528625,-184.297302,1811.772583,0.7840971709,0.5144015546,0.3472501508,,,,
17531,0.0,527.123047,-183.187424,1812.061646,0.7840971709,0.5144015546,0.3472501508,,,,
17532,0.0,528.670166,-180.991501,1811.457275,0.7840971709,0.5144015546,0.3472501508,,,,
17533,0.0,529.278381,-179.621964,1811.481201,0.7844668528,0.5138376101,0.3472501508,,,,
17534,0.0,529.71286,-178.7920155,1811.2998045,0.7868503086,0.5101614517,0.3472501836,,,,
17535,0.0,530.871033,-176.719864,1811.04834,0.8049159069,0.4816643278,0.3465686919,,,,
17536,0.0,531.697693,-175.135818,1811.03479,0.8212236787,0.4529084184,0.3470815956,,,,
17537,0.0,532.284241,-173.949356,1810.908691,0.8377339339,0.4200940372,0.3488880277,,,,
17538,0.0,532.873535,-172.149612,1810.794312,0.8601794226,0.3696856557,0.351317345,,,,
17539,0.0,533.544067,-170.533859,1810.684448,0.888804057,0.2901401875,0.3547478258,,,,
17540,0.0,533.8229065,-169.6026535,1810.677673,0.8984241872,0.2552962822,0.3554583501,,,,
17541,0.0,534.518311,-167.248688,1810.682983,0.9208327951,0.157076347,0.3569229393,,,,
17542,0.0,535.085632,-165.209244,1810.674438,0.9307323042,0.0707148019,0.3587991008,,,,
17543,0.0,535.40271,-163.139099,1810.666748,0.9317989411,0.0340525783,0.3613739826,,,,
17544,0.0,535.721191,-161.475967,1810.679199,0.9313622612,0.0068227637,0.3640299279,,,,
17545,0.0,536.017639,-158.860931,1810.837646,0.9296865597,-0.0266948074,0.3673830264,,,,
17546,0.0,536.270325,-156.389145,1810.942017,0.9264954632,-0.0581097755,0.3717921606,,,,
17547,0.0,536.464111,-153.711761,1811.129883,0.9244807194,-0.0697582958,0.374792182,,,,
17548,0.0,536.545532,-150.732208,1811.119385,0.9230305652,-0.078113304,0.3767132695,,,,
17549,0.0,536.602051,-148.588348,1810.731445,0.9225665675,-0.0802093293,0.3774087864,,,,
17550,0.0,536.615417,-145.520142,1809.612427,0.9214010336,-0.0857256305,0.3790399076,,,,
17551,0.0,536.52063,-142.654373,1808.459351,0.9201008592,-0.0913378552,0.3808829284,,,,
17552,0.0,536.302673,-139.950302,1807.368774,0.9191882583,-0.095598334,0.3820391399,,,,
17553,0.0,536.107605,-138.535492,1806.768555,0.919101769,-0.0963305983,0.3820632855,,,,
17554,0.0,535.992798,-137.239334,1805.997681,0.9190761038,-0.0965750316,0.3820633177,,,,
17555,0.0,535.888794,-136.687973,1805.569092,0.9190761038,-0.0965750316,0.3820633177,,,,
17556,0.0,536.018677,-136.378922,1805.412476,0.9190761038,-0.0965750316,0.3820633177,,,,
17557,0.0,535.946777,-137.007141,1805.547852,0.9190761038,-0.0965750316,0.3820633177,,,,
17558,0.0,535.878906,-137.575378,1805.663574,0.9190761038,-0.0965750316,0.3820633177,,,,
17559,0.0,535.924072,-137.984451,1805.777832,0.9190761038,-0.0965750316,0.3820633177,,,,
17560,0.0,535.904297,-138.49971,1805.962646,0.9190761038,-0.0965750316,0.3820633177,,,,
17561,0.0,535.900269,-139.121353,1806.263794,0.9193125554,-0.0942977807,0.3820632855,,,,
17562,0.0,535.826355,-139.709869,1806.511719,0.9195516722,-0.0859005412,0.3834655385,,,,
17563,0.0,535.642883,-140.691559,1806.834717,0.9203375523,-0.0550363924,0.3872335025,,,,
17564,0.0,535.429932,-141.431213,1807.164062,0.9201748021,0.0001875496,0.3915077245,,,,
17565,0.0,535.166931,-142.591476,1807.802734,0.9102008912,0.1212734836,0.3960139894,,,,
17566,0.0,534.907349,-143.513428,1808.280029,0.8940446469,0.2127928214,0.3942123596,,,,
17567,0.0,534.697266,-144.424164,1808.905518,0.8379917928,0.3846970056,0.3870115879,,,,
17568,0.0,534.602478,-145.416931,1809.581055,0.6916765349,0.6219763185,0.3670545332,,,,
17569,0.0,534.864258,-146.035385,1810.15979,0.6017908227,0.7137995209,0.3582430035,,,,
17570,0.0,535.735474,-146.079346,1810.876221,0.1950044132,0.9253492902,0.3251183939,,,,
17571,0.0,535.074402,-146.1192935,1810.838257,0.0854780818,0.938034628,0.3171176233,,,,
17572,0.0,534.41333,-146.159241,1810.800293,-0.0240482497,0.9507199657,0.3091168527,,,,
17573,0.0,533.266663,-146.865692,1810.907104,-0.2520682625,0.9229719571,0.2908339002,,,,
17574,0.0,532.500977,-148.816467,1811.135132,-0.5006976367,0.8247217346,0.2629371353,,,,
17575,0.0,532.969025,-149.4208295,1811.1273805,-0.5278382593,0.8079119243,0.2600725001,,,,
17576,0.0,533.437073,-150.025192,1811.119629,-0.554978882,0.791102114,0.2572078649,,,,
17577,0.0,534.738647,-150.596115,1810.812256,-0.5772302387,0.7734333106,0.2619277869,,,,
17578,0.0,537.834534,-151.084961,1810.269897,-0.5780301142,0.772087689,0.2641245683,,,,
17579,0.0,539.976929,-151.060165,1810.266968,-0.5780301142,0.772087689,0.2641245683,,,,
17580,0.0,541.916748,-151.15509,1810.307983,-0.5780301142,0.772087689,0.2641245683,,,,
17581,0.0,542.6805725,-151.263321,1810.281311,-0.5780301142,0.772087689,0.2641245683,,,,
17582,0.0,544.771057,-151.407288,1810.43335,-0.5780301142,0.772087689,0.2641245683,,,,
17583,0.0,546.490234,-151.458664,1810.694092,-0.5780301142,0.772087689,0.2641245683,,,,
17584,0.0,547.62085,-151.633499,1810.865479,-0.5780301142,0.772087689,0.2641245683,,,,
17585,0.0,548.92157,-151.784439,1811.010864,-0.5780301142,0.772087689,0.2641245683,,,,
17586,0.0,550.302795,-151.787643,1811.406616,-0.5780301142,0.772087689,0.2641245683,,,,
17587,0.0,551.795776,-151.513748,1812.370605,-0.5780301142,0.772087689,0.2641245683,,,,
17588,0.0,552.380005,-151.160416,1812.686646,-0.5780301142,0.772087689,0.2641245683,,,,
17589,0.0,552.10614,-150.794647,1812.75708,-0.6165128206,0.7453643299,0.2536611081,,,,
17590,0.0,552.022705,-150.653519,1812.593872,-0.6471462262,0.7217991652,0.2453726289,,,,
17591,0.0,551.809814,-150.597168,1812.374512,-0.6974998514,0.6778918188,0.2322856847,,,,
17592,0.0,550.862,-149.624847,1811.283936,-0.7192220273,0.6567176998,0.2268072712,,,,
17593,0.0,549.823547,-148.673889,1811.351196,-0.7623358351,0.6108330972,0.2138387288,,,,
17594,0.0,548.62915,-147.708801,1810.699707,-0.8018014564,0.562484271,0.2018065145,,,,
17595,0.0,547.602295,-146.412445,1810.827759,-0.837437006,0.5117976811,0.19173522,,,,
17596,0.0,546.785522,-145.536301,1810.790283,-0.8610224913,0.473525284,0.1855103095,,,,
17597,0.0,545.466858,-144.032104,1810.261108,-0.8771643603,0.4447270586,0.1811091618,,,,
17598,0.0,544.677795,-142.902161,1809.997314,-0.8816844118,0.4364257563,0.1793464725,,,,
17599,0.0,543.749817,-141.692398,1809.701294,-0.8828331829,0.4342462397,0.1789854033,,,,
17600,0.0,542.365112,-140.150665,1809.251587,-0.8829591972,0.4339899484,0.1789854204,,,,
17601,0.0,540.828247,-138.512375,1808.884155,-0.8829591972,0.4339899484,0.1789854204,,,,
17602,0.0,539.733643,-137.465637,1808.598877,-0.8829591972,0.4339899484,0.1789854204,,,,
17603,0.0,537.748596,-135.725388,1808.148682,-0.8829591972,0.4339899484,0.1789854204,,,,
17604,0.0,536.598938,-134.713333,1807.898193,-0.8829591972,0.4339899484,0.1789854204,,,,
17605,0.0,534.62146,-133.165359,1807.399292,-0.8829591972,0.4339899484,0.1789854204,,,,
17606,0.0,532.721191,-131.693741,1806.899048,-0.8829591972,0.4339899484,0.1789854204,,,,
17607,0.0,531.212585,-130.611908,1806.689697,-0.8829591972,0.4339899484,0.1789854204,,,,
17608,0.0,528.975769,-129.065674,1806.686401,-0.8829591972,0.4339899484,0.1789854204,,,,
17609,0.0,526.602661,-127.495102,1806.869995,-0.8829591972,0.4339899484,0.1789854204,,,,
17610,0.0,524.746216,-126.306427,1806.990601,-0.8829591972,0.4339899484,0.1789854204,,,,
17611,0.0,522.01001,-124.786308,1807.092407,-0.8829591972,0.4339899484,0.1789854204,,,,
17612,0.0,519.967834,-123.844521,1807.072998,-0.8829591972,0.4339899484,0.1789854204,,,,
17613,0.0,517.228821,-122.647202,1810.714111,-0.8829591972,0.4339899484,0.1789854204,,,,
17615,0.0,511.14505,-119.912643,1819.297119,-0.8822259333,0.4336295363,0.1834198133,,,,
17616,0.0,508.612854,-118.835922,1822.921753,-0.8807469297,0.4329025801,0.192042188,,,,
17617,0.0,506.524506,-118.602188,1824.825195,-0.8797435966,0.4324094242,0.1976696588,,,,
17618,0.0,505.167755,-117.951256,1829.358521,-0.8783170985,0.4327066046,0.2032832233,,,,
17619,0.0,505.352966,-116.652031,1833.471313,-0.8763582763,0.4335604382,0.2098130547,,,,
17620,0.0,505.533295,-116.144699,1834.754272,-0.8748763205,0.434664328,0.2136781359,,,,
17621,0.0,505.583023,-115.781662,1835.859802,-0.8744066418,0.4351598571,0.2145871178,,,,
17622,0.0,505.632751,-115.418625,1836.965332,-0.8739369631,0.4356553862,0.2154960997,,,,
17623,0.0,505.14801,-113.918114,1841.607178,-0.8736596652,0.435676642,0.2165748209,,,,
17624,0.0,504.613251,-113.038101,1844.637817,-0.8732954986,0.4364061317,0.216574838,,,,
17625,0.0,504.2903595,-112.5608405,1848.9321285,-0.8732685338,0.4364600871,0.2165748294,,,,
17626,0.0,503.481903,-111.428276,1854.481689,-0.8732415689,0.4365140425,0.2165748209,,,,
17627,0.0,502.825256,-110.774803,1855.705811,-0.8732415689,0.4365140425,0.2165748209,,,,
17628,0.0,501.907837,-110.049919,1855.459106,-0.8732415689,0.4365140425,0.2165748209,,,,
17629,0.0,501.28363,-109.60598,1856.198364,-0.8732415689,0.4365140425,0.2165748209,,,,
17630,0.0,500.727295,-109.307388,1858.220947,-0.8731596899,0.4364731131,0.2169870445,,,,
17631,0.0,500.254944,-108.966476,1859.514038,-0.8730882192,0.4364373865,0.2173461965,,,,
17632,0.0,499.661743,-108.514175,1861.337402,-0.8730554431,0.4364210024,0.2175106937,,,,
17633,0.0,499.130035,-108.078636,1862.891724,-0.8730554431,0.4364210024,0.2175106937,,,,
17634,0.0,498.621307,-107.590706,1864.483154,-0.8730554431,0.4364210024,0.2175106937,,,,
17635,0.0,497.985962,-107.007324,1865.817261,-0.8729003382,0.4363434689,0.2182873719,,,,
17636,0.0,497.283752,-106.318558,1866.897949,-0.8724694675,0.4371249487,0.2184463494,,,,
17637,0.0,496.82489,-105.816277,1866.626831,-0.8719910628,0.4377251834,0.2191534855,,,,
17638,0.0,496.17572,-105.105827,1866.043945,-0.8689074702,0.44288351,0.2210294205,,,,
17639,0.0,495.645996,-104.40609,1865.283569,-0.8579541451,0.4623949948,0.2238426983,,,,
17640,0.0,495.147339,-103.691231,1864.287476,-0.8443592223,0.4866788513,0.2240562418,,,,
17641,0.0,494.851166,-101.784897,1863.090332,-0.8231713869,0.5217160582,0.2240562928,,,,
17642,0.0,493.629059,-99.650566,1858.180176,-0.7830043609,0.5795376513,0.225920963,,,,
17643,0.0,493.008148,-98.767372,1854.292725,-0.7644489348,0.6030378666,0.2279542882,,,,
17644,0.0,491.872223,-97.880692,1850.391479,-0.7502449758,0.6200858572,0.2294035874,,,,
17645,0.0,490.731171,-97.053505,1846.175049,-0.7381234802,0.6340833419,0.2304605032,,,,
17646,0.0,489.323456,-96.216736,1843.532471,-0.7300803335,0.6429666465,0.2314661924,,,,
17647,0.0,488.343811,-95.919044,1844.041748,-0.7118610314,0.663061293,0.231524499,,,,
17648,0.0,487.167358,-95.913345,1844.486938,-0.6947960773,0.6809220405,0.231524482,,,,
17649,0.0,486.147797,-95.957886,1844.927368,-0.6515960694,0.7226471919,0.2306590522,,,,
17650,0.0,485.128601,-96.143555,1845.614746,-0.6107058601,0.7577973032,0.2297424639,,,,
17651,0.0,484.151093,-96.362511,1846.245483,-0.4814812983,0.8462989187,0.2279339806,,,,
17652,0.0,483.424194,-96.429016,1846.857422,-0.3597619096,0.9048105702,0.2277920114,,,,
17653,0.0,484.225891,-96.729698,1847.062378,-0.0887238411,0.9704301996,0.2244845379,,,,
17654,0.0,484.23291,-97.017227,1847.605591,0.1391526028,0.964590774,0.2240562248,,,,
17655,0.0,484.806335,-97.268982,1848.088135,0.4385743511,0.8703168038,0.2240562418,,,,
17656,0.0,484.195831,-98.215843,1848.494995,0.6507067936,0.7246949565,0.2267110248,,,,
17657,0.0,483.909088,-99.603867,1848.110107,0.8407570307,0.4879124222,0.2346680284,,,,
17658,0.0,482.386078,-100.303284,1848.123657,0.8933583408,0.378583455,0.2420442988,,,,
17659,0.0,478.726715,-101.508698,1848.208496,0.9403786661,0.2248095671,0.2552422826,,,,
17660,0.0,476.669891,-101.740395,1848.478271,0.9414426358,0.2196722474,0.2557926255,,,,
17661,0.0,474.487,-101.972794,1848.691284,0.9414634586,0.2203966145,0.2550919215,,,,
17662,0.0,473.0892185,-102.1478885,1848.811157,0.9414666952,0.2205136087,0.2549787906,,,,
17663,0.0,471.691437,-102.322983,1848.93103,0.9414699319,0.2206306029,0.2548656596,,,,
17664,0.0,467.418243,-102.909142,1849.234741,0.9414699319,0.2206306029,0.2548656596,,,,
17665,0.0,465.153015,-103.22718,1849.41272,0.9414699319,0.2206306029,0.2548656596,,,,
17666,0.0,463.212006,-103.500557,1849.602539,0.9414699319,0.2206306029,0.2548656596,,,,
17667,0.0,461.302338,-103.585747,1849.699341,0.9414699319,0.2206306029,0.2548656596,,,,
17668,0.0,458.964325,-103.386116,1849.873169,0.9414699319,0.2206306029,0.2548656596,,,,
17669,0.0,456.952515,-103.014717,1850.137695,0.9414699319,0.2206306029,0.2548656596,,,,
17670,0.0,455.278198,-102.413651,1850.21106,0.9414699319,0.2206306029,0.2548656596,,,,
17671,0.0,453.424652,-101.676819,1850.378784,0.9414699319,0.2206306029,0.2548656596,,,,
17672,0.0,451.640472,-100.640594,1850.428589,0.9414699319,0.2206306029,0.2548656596,,,,
17673,0.0,449.59494,-99.279869,1850.374512,0.9414699319,0.2206306029,0.2548656596,,,,
17674,0.0,447.919342,-98.116745,1850.169189,0.9419144813,0.2207347816,0.2531269763,,,,
17675,0.0,446.139801,-96.988266,1849.930542,0.9460911087,0.2011352207,0.2538823291,,,,
17676,0.0,444.777771,-96.114365,1849.771973,0.9489736247,0.1796312456,0.2591942808,,,,
17677,0.0,442.853882,-95.009285,1849.617676,0.9537315046,0.1192581222,0.275995865,,,,
17678,0.0,440.997528,-93.928673,1849.412231,0.9529009596,0.0275523658,0.3020275292,,,,
17679,0.0,439.649292,-93.113464,1849.147339,0.9396519265,-0.0815578567,0.3322688264,,,,
17680,0.0,438.070526,-92.063187,1848.957031,0.9233967683,-0.1522955369,0.3523414222,,,,
17681,0.0,436.59137,-91.19207,1848.693604,0.8945986838,-0.2375222545,0.3785186569,,,,
17713,0.0,431.644714,-94.528397,1850.534546,0.3752934963,0.8085806303,0.4531579813,,,,
17714,0.0,431.897705,-93.819061,1838.029297,0.3384748696,0.824506836,0.4534569881,,,,
17715,0.0,431.704437,-93.952744,1839.5271,0.2909157191,0.842268892,0.4538184195,,,,
17716,0.0,431.157532,-94.390869,1839.974609,0.1921644375,0.8697789431,0.4544858843,,,,
17717,0.0,431.179443,-94.291794,1841.235596,0.1921644375,0.8697789431,0.4544858843,,,,
17718,0.0,432.185242,-96.415848,1842.817139,0.1933558645,0.8678559988,0.457645578,,,,
17719,0.0,433.140289,-98.779907,1844.20166,0.1934511647,0.8677013165,0.4578985393,,,,
17720,0.0,434.316711,-101.56057,1845.880249,0.1934511647,0.8677013165,0.4578985393,,,,
17721,0.0,435.597534,-104.107033,1847.690674,0.1934511647,0.8677013165,0.4578985393,,,,
17722,0.0,436.631378,-106.108261,1849.142212,0.1934511647,0.8677013165,0.4578985393,,,,
17723,0.0,437.982147,-108.716507,1850.980347,0.1934511647,0.8677013165,0.4578985393,,,,
17724,0.0,439.368683,-111.213051,1852.827393,0.1934511647,0.8677013165,0.4578985393,,,,
17725,0.0,441.017578,-114.001419,1853.202881,0.1934511647,0.8677013165,0.4578985393,,,,
17726,0.0,442.526764,-116.379288,1853.395264,0.1934511647,0.8677013165,0.4578985393,,,,
17727,0.0,443.984375,-118.938911,1853.305908,0.1934511647,0.8677013165,0.4578985393,,,,
17728,0.0,445.276276,-121.632454,1853.180054,0.1934511647,0.8677013165,0.4578985393,,,,
17729,0.0,446.223206,-124.455238,1853.036377,0.1934511647,0.8677013165,0.4578985393,,,,
17730,0.0,446.542114,-126.384712,1852.889648,0.1935259314,0.8680366732,0.4572308475,,,,
17731,0.0,446.624725,-128.809433,1852.587524,0.1870202946,0.8726581207,0.4511000041,,,,
17732,0.0,446.30838,-130.912979,1852.369019,0.1773299801,0.8771417783,0.4462918091,,,,
17733,0.0,445.679108,-132.624084,1852.497803,0.1585315294,0.8835079719,0.4407736583,,,,
17734,0.0,444.283203,-133.696411,1853.019531,0.0974304333,0.8993824986,0.4261671407,,,,
17735,0.0,442.039154,-134.863342,1853.605591,0.0310256254,0.9097301885,0.4140391222,,,,
17736,0.0,440.283966,-136.216705,1854.103516,-0.0464498081,0.9141234411,0.4027663712,,,,
17737,0.0,439.188416,-137.656174,1854.399414,-0.2095454706,0.903948412,0.3727840718,,,,
17738,0.0,437.682251,-139.148575,1855.104004,-0.4042455054,0.8545239418,0.3261508918,,,,
17739,0.0,437.2525635,-139.523857,1855.274109,-0.4582627096,0.8303799462,0.311022127,,,,
17740,0.0,436.822876,-139.899139,1855.444214,-0.5122799138,0.8062359507,0.2958933621,,,,
17741,0.0,437.124329,-141.521469,1856.781616,-0.6237042967,0.7306759734,0.2776789011,,,,
17742,0.0,437.1227115,-141.526436,1856.7877805,-0.6419465174,0.7150683382,0.2756838469,,,,
17743,0.0,437.121094,-141.531403,1856.793945,-0.660188738,0.6994607029,0.2736887926,,,,
17744,0.0,437.128967,-141.574982,1856.838257,-0.6684700513,0.6920284535,0.2724782746,,,,
17745,0.0,437.127228,-141.423538,1856.936035,-0.6667240975,0.6937269877,0.2724368631,,,,
17746,0.0,437.079224,-141.158508,1856.938965,-0.6667240975,0.6937269877,0.2724368631,,,,
17747,0.0,437.005432,-140.740143,1856.911621,-0.6667240975,0.6937269877,0.2724368631,,,,
17748,0.0,436.929871,-140.264664,1856.855103,-0.6667240975,0.6937269877,0.2724368631,,,,
17749,0.0,436.866547,-139.748459,1856.792603,-0.6674427257,0.6933432562,0.2716529717,,,,
17750,0.0,436.802399,-139.070328,1856.700073,-0.6675697609,0.6932752787,0.2715142763,,,,
17751,0.0,436.756836,-138.218353,1856.620972,-0.6675697609,0.6932752787,0.2715142763,,,,
17752,0.0,436.70752,-137.438568,1856.437622,-0.6675697609,0.6932752787,0.2715142763,,,,
17753,0.0,436.709076,-136.336212,1856.091064,-0.6675697609,0.6932752787,0.2715142763,,,,
17754,0.0,436.722565,-135.630157,1855.831543,-0.6675697609,0.6932752787,0.2715142763,,,,
17755,0.0,436.683533,-134.164871,1855.522827,-0.6675697609,0.6932752787,0.2715142763,,,,
17756,0.0,436.68335,-132.880783,1855.197754,-0.6675697609,0.6932752787,0.2715142763,,,,
17757,0.0,436.587433,-131.343887,1855.07959,-0.6675697609,0.6932752787,0.2715142763,,,,
17758,0.0,436.620453,-129.664963,1854.754639,-0.6675697609,0.6932752787,0.2715142763,,,,
17759,0.0,436.654236,-128.576355,1854.734009,-0.6604321986,0.6995876213,0.2727754958,,,,
17760,0.0,436.647461,-126.884872,1854.701172,-0.6221687592,0.7327281864,0.2757089768,,,,
17761,0.0,436.561981,-125.83432,1855.114014,-0.5795562592,0.7656248395,0.27916509,,,,
17762,0.0,436.520142,-124.987747,1855.458618,-0.3032202707,0.9045131839,0.2998555778,,,,
17763,0.0,436.092163,-124.561295,1855.449585,-0.0865495943,0.9446056025,0.3165903086,,,,
17764,0.0,436.746277,-124.743294,1855.249878,0.2743922213,0.897877911,0.3442733882,,,,
17765,0.0,437.712677,-125.575142,1854.945068,0.6023941873,0.7092128201,0.3662491214,,,,
17766,0.0,437.937103,-126.467239,1854.631104,0.7577699932,0.5290411477,0.3819687179,,,,
17767,0.0,438.567657,-126.504364,1854.542236,0.8587897738,0.3217471779,0.3986964735,,,,
17768,0.0,438.68692,-126.305992,1854.390869,0.8880079458,0.2128886013,0.4075786202,,,,
17769,0.0,438.876373,-126.066032,1854.175659,0.9048852019,0.1050198565,0.4124967893,,,,
17770,0.0,438.903381,-125.630745,1854.008301,0.9098755629,0.040088968,0.4129398681,,,,
17771,0.0,439.005249,-125.286125,1853.827515,0.9074976233,-0.0459206988,0.4175396425,,,,
17772,0.0,438.910797,-124.638588,1853.669678,0.9043267766,-0.0705719715,0.420966362,,,,
17773,0.0,438.612274,-123.830223,1853.569214,0.9028908157,-0.076599539,0.4229901719,,,,
17774,0.0,438.156433,-122.847473,1853.446533,0.902341658,-0.0765803594,0.4241638608,,,,
17775,0.0,437.715637,-121.977882,1853.331177,0.902492875,-0.0742361946,0.4242588808,,,,
17776,0.0,437.245575,-121.166763,1853.260254,0.9027341024,-0.0712430291,0.4242588492,,,,
17777,0.0,436.69101,-120.208054,1853.15979,0.9031950171,-0.0697240513,0.4235295949,,,,
17778,0.0,436.151581,-119.322601,1852.995972,0.9032705497,-0.0695903881,0.4233904722,,,,
17779,0.0,435.61261,-118.482376,1852.912354,0.9032705497,-0.0695903881,0.4233904722,,,,
17780,0.0,434.793427,-117.332436,1853.032471,0.9032705497,-0.0695903881,0.4233904722,,,,
17781,0.0,434.815186,-116.402176,1852.710571,0.9032705497,-0.0695903881,0.4233904722,,,,
17782,0.0,434.719574,-115.554596,1852.521362,0.9032705497,-0.0695903881,0.4233904722,,,,
17783,0.0,434.611176,-114.161636,1852.196289,0.9032705497,-0.0695903881,0.4233904722,,,,
17784,0.0,434.596802,-113.647217,1852.549194,0.9032705497,-0.0695903881,0.4233904722,,,,
17785,0.0,434.621155,-113.414467,1852.589478,0.9037607117,-0.0717482071,0.4219819555,,,,
17786,0.0,434.634399,-113.254684,1852.572144,0.9017220307,-0.0889905625,0.4230579855,,,,
17787,0.0,434.666931,-113.148285,1852.531738,0.8940731098,-0.1190643144,0.4318066274,,,,
17788,0.0,434.683685,-112.905457,1852.57666,0.8813608158,-0.1296874429,0.454295366,,,,
17789,0.0,435.051208,-112.596878,1852.381836,0.8690558537,-0.1226069986,0.4792801343,,,,
17790,0.0,435.843567,-112.120621,1851.663086,0.8526437257,-0.0952480794,0.5137377544,,,,
17791,0.0,436.228394,-111.568848,1851.420654,0.8447329614,-0.0688614067,0.5307394188,,,,
17792,0.0,436.41922,-111.056381,1851.364136,0.8403945729,-0.0423276395,0.540319658,,,,
17793,0.0,436.519836,-110.816841,1851.46582,0.8348431138,0.0091598102,0.5504117307,,,,
17794,0.0,436.434998,-111.120476,1851.649414,0.8270156803,0.0509125373,0.559868715,,,,
17795,0.0,436.41217,-111.62487,1851.827637,0.8186669094,0.082778243,0.5682712855,,,,
17796,0.0,436.492004,-111.871872,1851.875366,0.8151474484,0.0966430893,0.571134617,,,,
17797,0.0,436.65976,-112.056076,1851.88269,0.8130479345,0.1120110579,0.5713200322,,,,
17798,0.0,436.888245,-111.830444,1851.918335,0.8148173305,0.1217436441,0.5667902638,,,,
17799,0.0,437.353882,-111.67907,1851.866089,0.8184031289,0.1312802751,0.5594477706,,,,
17800,0.0,437.523224,-111.598076,1851.874878,0.8207611799,0.1481976982,0.5517141722,,,,
17801,0.0,437.851532,-111.280052,1851.858032,0.8139215272,0.17436577,0.5541915966,,,,
19506,0.0,54.970924,-72.97699,1730.748413,0.4826503564,0.8749310203,0.0392981311,,,,
19507,0.0,54.970905,-72.976624,1730.747559,0.4826503564,0.8749310203,0.0392981311,,,,
19508,0.0,54.801563,-72.969635,1732.496338,0.4826503564,0.8749310203,0.0392981311,,,,
19509,0.0,55.082954,-72.907013,1733.647583,0.4826391707,0.8749104906,0.0398881478,,,,
19510,0.0,55.433479,-72.915695,1734.660645,0.4826279203,0.8748903489,0.0404619324,,,,
19511,0.0,55.88747,-72.915985,1735.102051,0.4826133225,0.8748641753,0.041195336,,,,
19512,0.0,58.004574,-70.850441,1727.112671,0.477614095,0.8774855739,0.0436330577,,,,
19513,0.0,60.099117,-68.843307,1725.145264,0.4661743794,0.883404701,0.0477240207,,,,
19514,0.0,61.007923,-68.138351,1724.281738,0.4472687152,0.8928497265,0.0526313818,,,,
19515,0.0,61.812675,-70.805984,1733.908203,0.4270494994,0.9024787475,0.056221307,,,,
19516,0.0,62.45948,-70.604721,1731.925781,0.3870185083,0.9199181709,0.0629859753,,,,
19517,0.0,62.728352,-70.375809,1730.971191,0.3204476212,0.9444991117,0.0723515722,,,,
19518,0.0,63.113354,-70.122841,1729.944214,0.2824715674,0.9561949251,0.0768184793,,,,
19519,0.0,62.897278,-70.016045,1731.457397,0.1630595712,0.9822685718,0.0925204253,,,,
19520,0.0,62.824116,-69.918831,1732.882446,0.0790318895,0.9918378235,0.1000584448,,,,
19521,0.0,62.384243,-70.262703,1734.292236,-0.0625113443,0.9923373758,0.1065779737,,,,
19522,0.0,62.160149,-70.713943,1735.714233,-0.1983208223,0.9737889852,0.1113726349,,,,
19523,0.0,62.193035,-70.736053,1737.282104,-0.2749833165,0.954899411,0.1120325418,,,,
19524,0.0,62.252636,-70.804695,1738.945435,-0.3592614695,0.9267124057,0.1101603999,,,,
19525,0.0,62.243553,-70.605293,1740.242432,-0.4077093299,0.90672434,0.1078149973,,,,
19526,0.0,62.254219,-70.126793,1741.914307,-0.4283451975,0.8974187891,0.1056404696,,,,
19527,0.0,62.343872,-69.640442,1743.488403,-0.4299956218,0.8966620292,0.1053611439,,,,
19528,0.0,62.505562,-69.183167,1743.756836,-0.4299956218,0.8966620292,0.1053611439,,,,
19529,0.0,62.768921,-68.684814,1743.926392,-0.4299956218,0.8966620292,0.1053611439,,,,
19530,0.0,63.120628,-68.301437,1744.059448,-0.4299956218,0.8966620292,0.1053611439,,,,
19531,0.0,64.454308,-67.217514,1744.445557,-0.4299956218,0.8966620292,0.1053611439,,,,
19532,0.0,65.377602,-66.57666,1748.317017,-0.4299956218,0.8966620292,0.1053611439,,,,
19533,0.0,65.943493,-66.203743,1749.282471,-0.4299956218,0.8966620292,0.1053611439,,,,
19534,0.0,67.849106,-64.999435,1751.302002,-0.4299956218,0.8966620292,0.1053611439,,,,
19535,0.0,69.162682,-64.210297,1752.416138,-0.4299956218,0.8966620292,0.1053611439,,,,
19536,0.0,70.715637,-63.301182,1753.730225,-0.4299956218,0.8966620292,0.1053611439,,,,
19537,0.0,72.547256,-62.250599,1755.277466,-0.4299956218,0.8966620292,0.1053611439,,,,
19538,0.0,74.3349,-61.243626,1756.785034,-0.4299956218,0.8966620292,0.1053611439,,,,
19539,0.0,76.426315,-60.078579,1758.548096,-0.4299956218,0.8966620292,0.1053611439,,,,
19540,0.0,78.588852,-59.112995,1758.70105,-0.4299956218,0.8966620292,0.1053611439,,,,
19541,0.0,80.309174,-58.513439,1758.703247,-0.4299956218,0.8966620292,0.1053611439,,,,
19542,0.0,82.940498,-57.788822,1758.701294,-0.4299956218,0.8966620292,0.1053611439,,,,
19543,0.0,84.86541,-57.375072,1758.701294,-0.4266017406,0.8983704744,0.1046013652,,,,
19544,0.0,87.288063,-56.947342,1758.701294,-0.4181076224,0.9024661075,0.1036385106,,,,
19545,0.0,89.846634,-56.345028,1758.70105,-0.3720245911,0.9228750543,0.0994954154,,,,
19546,0.0,92.868988,-55.128288,1758.700928,-0.2476738886,0.964479351,0.0918543763,,,,
19576,0.0,124.07093,-57.11285,1813.741211,0.9961420996,0.0870991447,-0.0107077743,,,,
19577,0.0,124.496685,-57.3063145,1815.2092895,0.9977765655,0.0592827055,-0.0121997708,,,,
19578,0.0,125.424461,-57.781799,1818.391235,0.9998770478,-0.0026068582,-0.0154626519,,,,
19579,0.0,126.005928,-58.054531,1820.437744,0.9988210581,-0.0452339888,-0.0176176114,,,,
19580,0.0,127.081627,-57.793255,1825.196045,0.9978826578,-0.0628248889,-0.0168295725,,,,
19581,0.0,126.240105,-57.805794,1822.778076,0.9965610464,-0.081756426,-0.0134895374,,,,
19582,0.0,126.266602,-57.659977,1823.561768,0.9944761447,-0.1045268134,-0.0095573473,,,,
19583,0.0,126.270691,-57.421967,1795.504639,0.9929202651,-0.1185665167,-0.0071643757,,,,
19584,0.0,126.261826,-57.092297,1799.554077,0.9909824967,-0.1339396652,-0.0037225344,,,,
19585,0.0,126.248505,-56.723473,1803.240234,0.9896139065,-0.1437487617,-0.0007808079,,,,
19586,0.0,126.23188,-56.132729,1807.94458,0.988994095,-0.1479519231,0.0009531242,,,,
19587,0.0,126.225372,-55.804775,1810.248535,0.988899956,-0.1485798032,0.0009587441,,,,
19588,0.0,126.212692,-55.248013,1810.328003,0.9887320858,-0.1496928297,0.0009587441,,,,
19589,0.0,126.200569,-54.771263,1809.695068,0.9887068756,-0.1498592505,0.0009587441,,,,
19590,0.0,126.187538,-54.286179,1808.849487,0.988452322,-0.1515215133,0.0017995033,,,,
19591,0.0,126.173691,-53.801239,1804.980957,0.9863572792,-0.1645951536,0.0027844598,,,,
19592,0.0,126.162804,-53.437698,1806.204346,0.979227646,-0.2027333825,0.0035203742,,,,
19593,0.0,126.146439,-52.914291,1807.723511,0.9629839532,-0.2695484647,0.002351829,,,,
19594,0.0,125.939377,-53.312447,1808.852295,0.9068199988,-0.4214959782,-0.0043162731,,,,
19595,0.0,125.563568,-53.890591,1806.916504,0.7898434183,-0.6131568669,-0.0136393252,,,,
19601,0.0,121.648743,-55.715172,1793.570557,0.3388388051,-0.9401355106,-0.0365169256,,,,
19602,0.0,121.572441,-55.081131,1789.632568,0.3507491991,-0.9357776359,-0.0359891013,,,,
19603,0.0,121.509705,-54.472153,1761.571289,0.3605477441,-0.9320629317,-0.0355529959,,,,
19604,0.0,121.433029,-53.728416,1763.50415,0.3722910332,-0.9274548095,-0.0350280314,,,,
19605,0.0,121.367126,-53.15683,1764.621704,0.3822920329,-0.9233943343,-0.0345789686,,,,
19606,0.0,121.29937,-52.563465,1765.061768,0.3838714431,-0.9227415309,-0.0345077144,,,,
19607,0.0,121.21846,-52.035896,1765.039673,0.3855586357,-0.9220029136,-0.0354283184,,,,
19608,0.0,121.152565,-51.546223,1764.203369,0.3856271231,-0.9219728271,-0.0354658717,,,,
19609,0.0,121.090096,-51.085274,1761.34436,0.3856271231,-0.9219728271,-0.0354658717,,,,
19610,0.0,121.004913,-50.291458,1756.636108,0.3856271231,-0.9219728271,-0.0354658717,,,,
19611,0.0,120.938568,-49.138809,1756.057373,0.3856271231,-0.9219728271,-0.0354658717,,,,
19612,0.0,120.871796,-48.007477,1755.894897,0.3856271231,-0.9219728271,-0.0354658717,,,,
19613,0.0,120.783569,-46.917854,1755.66748,0.3856271231,-0.9219728271,-0.0354658717,,,,
19614,0.0,120.715317,-46.479656,1755.572754,0.3856271231,-0.9219728271,-0.0354658717,,,,
19615,0.0,120.642258,-46.351929,1755.539795,0.3856271231,-0.9219728271,-0.0354658717,,,,
19616,0.0,120.572144,-46.568005,1755.575928,0.3811476936,-0.9238336525,-0.0354657322,,,,
19617,0.0,120.487144,-47.062294,1755.666382,0.2958228533,-0.9545113738,-0.0373748146,,,,
19618,0.0,120.420433,-47.618584,1755.771362,0.2007229932,-0.978901743,-0.0382316296,,,,
19619,0.0,119.270737,-48.785252,1755.911499,0.0396804758,-0.9984765895,-0.0383400572,,,,
19638,0.0,91.505569,-81.516548,1756.280396,-0.9768960028,0.0729579745,0.2008764139,,,,
19639,0.0,90.058884,-84.493179,1756.174072,-0.9720420878,0.1119067959,0.2064244378,,,,
19640,0.0,88.972771,-86.727402,1756.093628,-0.9670525797,0.1427367967,0.2107973317,,,,
19641,0.0,87.986076,-88.768707,1756.020508,-0.9612504994,0.1725368194,0.2150081935,,,,
19642,0.0,86.826683,-91.17981,1755.93457,-0.95234632,0.2108568339,0.2203993702,,,,
19643,0.0,85.310707,-93.16552,1754.956421,-0.9255795428,0.303232651,0.2266108324,,,,
19644,0.0,84.384094,-93.975151,1753.984375,-0.8863523546,0.4004254472,0.2324628243,,,,
19645,0.0,82.851288,-96.343491,1752.662109,-0.8483986128,0.4739671137,0.235743439,,,,
19646,0.0,81.965813,-97.727188,1751.812012,-0.8128619595,0.5337708534,0.2331182335,,,,
19647,0.0,80.62664,-99.969223,1750.43103,-0.7417692523,0.6315256196,0.2257294136,,,,
19648,0.0,79.519341,-101.850853,1749.435669,-0.6999907379,0.6781605391,0.2238554221,,,,
19649,0.0,78.186775,-103.994553,1749.230591,-0.6759549867,0.7022056848,0.2235889803,,,,
19650,0.0,76.352745,-106.853859,1749.109619,-0.6663600287,0.711317269,0.2235890314,,,,
19651,0.0,74.854454,-109.190613,1748.789062,-0.6610095153,0.7162921006,0.2235890143,,,,
19652,0.0,72.978081,-112.188484,1748.12561,-0.6431314436,0.7332086612,0.2208778063,,,,
19653,0.0,71.368462,-114.749748,1747.350952,-0.6331164875,0.7421698314,0.2198805462,,,,
19654,0.0,69.678513,-117.383003,1746.390503,-0.6327900935,0.7424573282,0.2198495245,,,,
19655,0.0,68.068909,-119.890892,1745.297119,-0.6327900935,0.7424573282,0.2198495245,,,,
19656,0.0,66.396111,-122.499023,1743.97998,-0.6327900935,0.7424573282,0.2198495245,,,,
19657,0.0,64.809669,-124.976028,1742.554443,-0.6327900935,0.7424573282,0.2198495245,,,,
19658,0.0,61.370564,-130.356094,1738.880005,-0.6327900935,0.7424573282,0.2198495245,,,,
19659,0.0,59.784119,-132.842972,1736.911865,-0.6327900935,0.7424573282,0.2198495245,,,,
19660,0.0,58.7913915,-134.401337,1735.5604855,-0.6327900935,0.7424573282,0.2198495245,,,,
19661,0.0,55.938698,-137.97644,1731.935425,-0.6327900935,0.7424573282,0.2198495245,,,,
19662,0.0,54.5343895,-138.98587,1730.3875125,-0.6327900935,0.7424573282,0.2198495245,,,,
19663,0.0,50.620392,-140.634949,1726.006836,-0.6327900935,0.7424573282,0.2198495245,,,,
19821,0.0,120.829018,-113.380005,1679.854004,0.7222894582,0.6554022048,0.2207847107,,,,
19822,0.0,120.919121,-113.298248,1679.854004,0.7222894582,0.6554022048,0.2207847107,,,,
19823,0.0,120.965866,-113.255836,1679.854004,0.7222894582,0.6554022048,0.2207847107,,,,
19824,0.0,121.060913,-113.209839,1679.854004,0.7222894582,0.6554022048,0.2207847107,,,,
19825,0.0,120.972656,-113.249687,1679.854004,0.7222894582,0.6554022048,0.2207847107,,,,
19826,0.0,120.510956,-112.825058,1679.854004,0.4995362819,0.837924645,0.2198767664,,,,
19827,0.0,120.051964,-112.575798,1679.875122,0.3097752065,0.927221926,0.2104728518,,,,
19828,0.0,115.022491,-112.749451,1679.908203,-0.1589074433,0.9683237657,0.1926071373,,,,
19829,0.0,112.730194,-113.767822,1679.931641,-0.3419989325,0.9204088919,0.1894312591,,,,
19830,0.0,110.866898,-115.659607,1679.957153,-0.5566923741,0.8089609468,0.1888803514,,,,
19831,0.0,109.421021,-116.857231,1679.983032,-0.6997942814,0.6896956238,0.1860320139,,,,
19832,0.0,107.33963,-117.526817,1680.015015,-0.779757249,0.598851888,0.1826336466,,,,
19833,0.0,105.722313,-118.331306,1680.045776,-0.7998946638,0.5706795388,0.1857239641,,,,
19834,0.0,104.656151,-118.864151,1680.095581,-0.7977992793,0.5731373866,0.1871626192,,,,
19835,0.0,102.556595,-120.119003,1680.22229,-0.7954082241,0.5761985421,0.187938812,,,,
19836,0.0,101.212929,-121.048042,1680.300537,-0.7954082241,0.5761985421,0.187938812,,,,
19837,0.0,99.021721,-122.54406,1680.428589,-0.7948877043,0.5769164069,0.187938812,,,,
19838,0.0,97.569923,-123.425308,1680.513916,-0.7948554417,0.5769608563,0.187938812,,,,
19839,0.0,95.298317,-124.663612,1680.647217,-0.7948554417,0.5769608563,0.187938812,,,,
19840,0.0,93.003738,-125.781036,1680.782104,-0.7948554417,0.5769608563,0.187938812,,,,
19841,0.0,90.899841,-126.711975,1680.905884,-0.7948554417,0.5769608563,0.187938812,,,,
19842,0.0,88.261284,-127.784027,1681.061401,-0.7948554417,0.5769608563,0.187938812,,,,
19843,0.0,85.912933,-128.496658,1681.199585,-0.7948554417,0.5769608563,0.187938812,,,,
19844,0.0,83.531349,-128.990524,1681.339966,-0.7948554417,0.5769608563,0.187938812,,,,
19845,0.0,80.809303,-129.364944,1681.501465,-0.7993245739,0.5718544005,0.1845610202,,,,
19846,0.0,78.206276,-129.571152,1681.656982,-0.8083196481,0.5600516633,0.1815529701,,,,
19847,0.0,76.375748,-129.716354,1681.769653,-0.8234181638,0.5389195715,0.1776181945,,,,
19848,0.0,73.41465,-129.634735,1681.951904,-0.8459956079,0.5051404246,0.1706592595,,,,
19849,0.0,71.271027,-129.217773,1682.081421,-0.8558271236,0.4898448294,0.1661685218,,,,
19850,0.0,68.884796,-128.531433,1682.228271,-0.8724858517,0.4625635332,0.1574910039,,,,
19851,0.0,66.650612,-127.55571,1682.363159,-0.8820700836,0.4458980713,0.1520765518,,,,
19852,0.0,65.054626,-126.691185,1682.460083,-0.8900418096,0.4315613088,0.1469027363,,,,
19853,0.0,62.984894,-125.352356,1682.583618,-0.8968895768,0.4192449897,0.1407932017,,,,
19854,0.0,61.085598,-123.925278,1682.6698,-0.902618656,0.4088799215,0.1345242417,,,,
19855,0.0,58.989807,-122.137482,1682.687744,-0.9070347161,0.4005753019,0.1297206664,,,,
19856,0.0,57.145775,-120.427399,1682.686279,-0.9114391302,0.3921195113,0.1245833082,,,,
19857,0.0,55.265873,-118.499817,1682.686279,-0.9135379406,0.3882858897,0.1211713617,,,,
19858,0.0,53.39188,-116.419731,1682.686401,-0.9152957,0.3850286085,0.1182656003,,,,
19859,0.0,51.66029,-114.358452,1682.686279,-0.9159059379,0.3837342766,0.1177468385,,,,
19860,0.0,49.518047,-111.643173,1682.686279,-0.9159885877,0.3835369409,0.1177468559,,,,
19861,0.0,47.921185,-109.496643,1682.686279,-0.9160805918,0.3835754643,0.1169025775,,,,
19862,0.0,46.101734,-106.943802,1682.678955,-0.9160922963,0.3835803651,0.116794727,,,,
19863,0.0,44.324036,-104.335869,1682.607544,-0.9160922963,0.3835803651,0.116794727,,,,
19864,0.0,42.960926,-102.52356,1682.557495,-0.9160922963,0.3835803651,0.116794727,,,,
19865,0.0,38.753403,-98.20623,1682.45459,-0.9160922963,0.3835803651,0.116794727,,,,
19866,0.0,37.4874555,-97.264698,1682.4382935,-0.9160922963,0.3835803651,0.116794727,,,,
19867,0.0,36.221508,-96.323166,1682.421997,-0.9160922963,0.3835803651,0.116794727,,,,
19868,0.0,34.443398,-95.25412,1682.473633,-0.9160922963,0.3835803651,0.116794727,,,,
19869,0.0,29.367979,-92.979897,1682.67749,-0.9160922963,0.3835803651,0.116794727,,,,
19870,0.0,26.947821,-92.222534,1682.766479,-0.9159592586,0.3843675419,0.1152398774,,,,
19871,0.0,24.507242,-91.622505,1682.851685,-0.9155995048,0.385963958,0.1127358413,,,,
19872,0.0,21.749132,-91.12381,1682.943237,-0.9155059475,0.3872497837,0.1090250667,,,,
19873,0.0,18.858339,-90.772614,1683.034424,-0.9155908873,0.3883834385,0.104171166,,,,
19874,0.0,15.795961,-90.567863,1683.127075,-0.915860825,0.3886539333,0.1007326627,,,,
19875,0.0,13.081913,-90.505768,1683.205933,-0.9158519752,0.3895914389,0.0971270835,,,,
19876,0.0,10.400088,-90.540855,1683.281128,-0.9159543943,0.3906015752,0.0919671513,,,,
19877,0.0,7.018837,-90.700485,1683.372925,-0.9159875933,0.3918185271,0.0862842444,,,,
19878,0.0,5.066243,-90.85215,1683.424316,-0.91603381,0.392524463,0.0825021502,,,,
19879,0.0,1.387898,-91.2285,1683.518799,-0.9160896391,0.3938279751,0.0753611256,,,,
19880,0.0,-1.335272,-91.578789,1683.576294,-0.9159475961,0.3947039574,0.0724485145,,,,
19881,0.0,-4.358953,-92.024017,1683.62854,-0.9155566555,0.3963787351,0.068116877,,,,
19882,0.0,-7.857528,-92.579529,1683.685669,-0.9136694161,0.4017285459,0.0618253465,,,,
19883,0.0,-11.017235,-93.124985,1683.737915,-0.9112175745,0.4079779306,0.0568905976,,,,
19884,0.0,-13.733708,-93.630661,1683.782959,-0.9090401756,0.4133563649,0.0527491673,,,,
19885,0.0,-17.347895,-94.363075,1683.842773,-0.9067614739,0.4187799129,0.049061329,,,,
19886,0.0,-20.518585,-95.063187,1683.895386,-0.9055511473,0.4215149274,0.0479821382,,,,
19887,0.0,-23.541973,-95.731468,1683.945557,-0.9030421192,0.4270564869,0.046235138,,,,
19888,0.0,-26.531891,-96.378624,1683.995239,-0.8987795606,0.4362194092,0.0436798403,,,,
19889,0.0,-30.353354,-97.096336,1684.049194,-0.88638382,0.461277602,0.0393280752,,,,
19890,0.0,-33.359493,-97.495728,1684.067505,-0.8663743341,0.4981773982,0.0348538841,,,,
19891,0.0,-36.143463,-97.866638,1684.069336,-0.845061326,0.5336528506,0.0329543659,,,,
19892,0.0,-39.374386,-98.198364,1684.068726,-0.7881860925,0.6147134261,0.0298343321,,,,
19893,0.0,-41.741585,-98.248039,1684.06311,-0.6908188502,0.7223370346,0.0315994402,,,,
19894,0.0,-44.158474,-98.925613,1684.054565,-0.6295442874,0.7760734265,0.0372025134,,,,
19895,0.0,-46.741592,-99.924255,1684.045776,-0.5433926864,0.8379957102,0.0498756264,,,,
19896,0.0,-49.275124,-101.006828,1684.040161,-0.4613737435,0.8850145233,0.0623182352,,,,
19897,0.0,-51.971531,-102.235062,1684.033691,-0.3996915867,0.914013192,0.0694731628,,,,
19898,0.0,-54.387085,-103.339539,1684.027954,-0.3562486124,0.9317097737,0.0707377112,,,,
19899,0.0,-57.425755,-104.682747,1684.021484,-0.3215900736,0.9442218176,0.0708871194,,,,
19900,0.0,-60.245598,-105.862831,1684.10022,-0.3135395475,0.9469255361,0.070887102,,,,
19901,0.0,-62.962162,-106.982323,1684.260254,-0.3120655409,0.9474123255,0.0708871194,,,,
19902,0.0,-65.894623,-108.175034,1684.448608,-0.3118935839,0.9474689499,0.070887102,,,,
19903,0.0,-68.843803,-109.359741,1684.643799,-0.3118935839,0.9474689499,0.070887102,,,,
19904,0.0,-72.318108,-110.738777,1684.877075,-0.3118935839,0.9474689499,0.070887102,,,,
19905,0.0,-75.207024,-111.871964,1685.091309,-0.3110739207,0.9477383788,0.070887102,,,,
19906,0.0,-77.869179,-112.745117,1685.270508,-0.3109850768,0.9477675352,0.070887102,,,,
19907,0.0,-81.138306,-113.59359,1685.425659,-0.3109850768,0.9477675352,0.070887102,,,,
19908,0.0,-83.969093,-114.141716,1685.538696,-0.3109850768,0.9477675352,0.070887102,,,,
19909,0.0,-86.983711,-114.554253,1685.627319,-0.3102394975,0.9480118528,0.070887102,,,,
19910,0.0,-93.131966,-114.814606,1685.733521,-0.3100762673,0.9480652547,0.070887102,,,,
19911,0.0,-94.723057,-114.663334,1685.744202,-0.3100762673,0.9480652547,0.070887102,,,,
19912,0.0,-96.314148,-114.512062,1685.754883,-0.3100762673,0.9480652547,0.070887102,,,,
19913,0.0,-101.139687,-113.331863,1685.737549,-0.3100762673,0.9480652547,0.070887102,,,,
19914,0.0,-102.547337,-112.7856175,1685.718262,-0.3100762673,0.9480652547,0.070887102,,,,
19915,0.0,-103.954987,-112.239372,1685.698975,-0.3100762673,0.9480652547,0.070887102,,,,
19916,0.0,-108.107803,-109.982292,1685.591064,-0.3100762673,0.9480652547,0.070887102,,,,
19917,0.0,-110.55191,-108.29718,1685.50293,-0.3100762673,0.9480652547,0.070887102,,,,
19918,0.0,-112.231903,-106.969528,1685.43042,-0.3107826328,0.9478339379,0.070887102,,,,
19919,0.0,-114.484604,-104.992813,1685.344482,-0.3126349494,0.9472245799,0.0708871194,,,,
19920,0.0,-116.59127,-103.075546,1685.321045,-0.3258232389,0.9429050303,0.0690602695,,,,
19921,0.0,-118.490982,-101.172607,1685.406372,-0.337485741,0.9388654343,0.068081355,,,,
19922,0.0,-120.431854,-99.352715,1685.491821,-0.3673640053,0.9275867949,0.0680178329,,,,
19923,0.0,-122.378014,-97.763557,1685.568604,-0.4187838782,0.9055350009,0.0680178329,,,,
19924,0.0,-124.340073,-95.776329,1685.618408,-0.4545545722,0.8880664556,0.0686885091,,,,
19925,0.0,-126.605202,-93.689392,1685.628418,-0.5121870697,0.8559260691,0.0710983111,,,,
19926,0.0,-128.963928,-91.18409,1685.653687,-0.5539006934,0.8293283199,0.0735429105,,,,
19927,0.0,-132.396423,-88.98143,1685.434448,-0.5990933941,0.7968882208,0.0778220322,,,,
19928,0.0,-134.713272,-86.651131,1685.952026,-0.6559153666,0.7502873354,0.0827281457,,,,
19929,0.0,-137.055191,-84.213402,1686.284668,-0.7183131016,0.690491584,0.0851331925,,,,
19930,0.0,-139.500458,-81.919075,1686.691406,-0.7571233582,0.6475610677,0.0861909737,,,,
19931,0.0,-141.909088,-79.73291,1686.859985,-0.8128960396,0.5759832196,0.086274907,,,,
19932,0.0,-144.584457,-77.831024,1687.227661,-0.8398741838,0.5358805771,0.0862749244,,,,
19933,0.0,-147.116882,-76.032021,1687.508057,-0.8587374561,0.5051006057,0.086274907,,,,
19934,0.0,-149.59964,-73.983353,1687.622925,-0.8650835145,0.4941529686,0.0862748896,,,,
19935,0.0,-152.404449,-71.401672,1687.661987,-0.865852329,0.4928046112,0.086274907,,,,
19936,0.0,-155.212036,-69.284195,1687.178589,-0.865852329,0.4928046112,0.086274907,,,,
19937,0.0,-157.979492,-67.044479,1685.110229,-0.865852329,0.4928046112,0.086274907,,,,
19938,0.0,-160.772324,-64.469299,1682.405396,-0.865852329,0.4928046112,0.086274907,,,,
19939,0.0,-162.941574,-62.219299,1684.088257,-0.865852329,0.4928046112,0.086274907,,,,
19940,0.0,-164.813095,-60.564819,1691.083862,-0.865852329,0.4928046112,0.086274907,,,,
19941,0.0,-166.938599,-58.242538,1694.020752,-0.865852329,0.4928046112,0.086274907,,,,
19942,0.0,-169.410339,-55.826847,1696.178223,-0.865852329,0.4928046112,0.086274907,,,,
19943,0.0,-171.771027,-54.364914,1698.58728,-0.865852329,0.4928046112,0.086274907,,,,
19944,0.0,-174.174133,-52.616299,1701.398438,-0.865852329,0.4928046112,0.086274907,,,,
19945,0.0,-177.103043,-50.569389,1705.394287,-0.865852329,0.4928046112,0.086274907,,,,
19946,0.0,-179.29686,-48.981735,1708.747559,-0.865852329,0.4928046112,0.086274907,,,,
19947,0.0,-182.114197,-46.938576,1713.384644,-0.865852329,0.4928046112,0.086274907,,,,
19948,0.0,-184.585419,-45.072235,1717.375366,-0.865852329,0.4928046112,0.086274907,,,,
19949,0.0,-186.835663,-43.364532,1719.67981,-0.865852329,0.4928046112,0.086274907,,,,
19950,0.0,-189.676544,-41.146385,1722.362549,-0.865852329,0.4928046112,0.086274907,,,,
19951,0.0,-194.293823,-37.528549,1726.122192,-0.8669390486,0.4892407529,0.0951849343,,,,
19952,0.0,-197.099014,-35.247105,1728.130615,-0.8686150471,0.4851082689,0.1008854171,,,,
19953,0.0,-199.583313,-33.343689,1729.657837,-0.8709867966,0.4797069722,0.1061283237,,,,
19954,0.0,-202.137772,-31.267859,1731.081909,-0.8735352165,0.4735715682,0.1125441924,,,,
19955,0.0,-204.572037,-29.287634,1732.269897,-0.8760369914,0.4677174359,0.1174716557,,,,
19956,0.0,-207.124634,-27.122255,1733.350098,-0.8779261408,0.4634739761,0.1201564182,,,,
19957,0.0,-209.947647,-24.760706,1734.305298,-0.8798947816,0.4587038331,0.1239998663,,,,
19958,0.0,-212.290649,-22.723072,1734.918579,-0.8805583437,0.4566513041,0.126832921,,,,
19959,0.0,-214.958862,-20.447006,1735.401245,-0.8809471882,0.4555328467,0.1281478719,,,,
19960,0.0,-217.443726,-18.317364,1735.643433,-0.8809695625,0.4554712837,0.1282128684,,,,
19961,0.0,-219.962051,-16.238571,1735.685669,-0.8808661973,0.4554178427,0.1291097636,,,,
19962,0.0,-222.508377,-14.18248,1735.32312,-0.8808599647,0.4554146204,0.1291636408,,,,
19963,0.0,-224.461685,-12.699991,1736.454102,-0.8807815575,0.455374083,0.1298394872,,,,
19964,0.0,-226.879288,-10.629098,1737.934082,-0.8810817242,0.4547144831,0.1301143117,,,,
19965,0.0,-229.854721,-8.296376,1739.478638,-0.8811857258,0.4545129168,0.1301142771,,,,
19966,0.0,-229.552917,-6.607188,1737.088989,-0.881610082,0.4536892479,0.1301142944,,,,
19967,0.0,-229.45372,-4.984609,1737.099121,-0.8848440229,0.4467930367,0.1320115051,,,,
19968,0.0,-229.299835,-3.795744,1736.917236,-0.892941469,0.4300966337,0.1329376493,,,,
19969,0.0,-230.166351,-1.358478,1736.147583,-0.9014840985,0.4115756372,0.1339101003,,,,
19970,0.0,-231.504501,0.431067,1729.962402,-0.9150128612,0.3800240559,0.1354000765,,,,
19971,0.0,-232.066986,1.738569,1725.533813,-0.9396960534,0.3126493546,0.1386423757,,,,
19972,0.0,-232.701263,2.407025,1722.581421,-0.9657659631,0.2168454061,0.1423874097,,,,
19973,0.0,-232.858093,3.179468,1720.239136,-0.9815488543,0.1246700901,0.1449800512,,,,
19974,0.0,-231.930634,3.882936,1719.485718,-0.9886824549,0.021367135,0.1484939355,,,,
19975,0.0,-231.690445,3.848821,1719.00708,-0.9824201134,-0.1123370903,0.149100969,,,,
19976,0.0,-231.835342,3.710965,1719.135986,-0.9658458753,-0.2119213209,0.149100969,,,,
19977,0.0,-232.183701,3.789335,1719.307129,-0.9466696812,-0.2856316266,0.1491009345,,,,
19978,0.0,-233.031326,4.201294,1720.237671,-0.9365818252,-0.3171488467,0.1491009517,,,,
19979,0.0,-233.758072,4.637571,1721.079834,-0.9260268048,-0.3467611183,0.1491009172,,,,
19980,0.0,-233.948883,5.530855,1721.630615,-0.919627684,-0.3626516352,0.1508930561,,,,
19981,0.0,-233.592484,6.552107,1721.696899,-0.9189404464,-0.3640002812,0.1518296782,,,,
19982,0.0,-233.512405,7.498899,1721.787109,-0.9201451318,-0.360580185,0.1526920643,,,,
19983,0.0,-233.521866,8.740291,1721.918335,-0.9252537181,-0.3467562861,0.1538363912,,,,
19984,0.0,-233.527512,9.847516,1722.056763,-0.9322420185,-0.3274585796,0.1539340691,,,,
19985,0.0,-233.388229,10.932835,1722.328857,-0.9407481579,-0.3021542835,0.1539340519,,,,
19986,0.0,-233.316589,11.866747,1722.400635,-0.9497601441,-0.2729742373,0.1531036724,,,,
19987,0.0,-233.130676,13.105647,1722.629028,-0.9617120589,-0.2284687748,0.1513668876,,,,
19988,0.0,-232.993164,14.343,1722.748779,-0.9748070975,-0.1668902364,0.1479823354,,,,
19989,0.0,-232.559738,16.122557,1723.003906,-0.9876753817,-0.0621509844,0.1436474698,,,,
19990,0.0,-232.232651,17.421322,1723.111206,-0.9891288232,0.0353727439,0.1427338085,,,,
19991,0.0,-232.02684,19.435867,1723.228516,-0.9721697758,0.1841339338,0.1448468895,,,,
19992,0.0,-231.69664,21.399603,1723.508911,-0.9355963764,0.3187530263,0.1518417884,,,,
19993,0.0,-231.47728,23.512634,1723.619385,-0.8807387189,0.4446256215,0.163117644,,,,
19994,0.0,-231.252853,27.486458,1723.671631,-0.8173211057,0.5476574291,0.1790462242,,,,
19995,0.0,-231.311768,29.791348,1723.735718,-0.8093910229,0.5586349067,0.1811441776,,,,
19996,0.0,-231.25267,32.10302,1723.817993,-0.8088605193,0.5593383134,0.1813430767,,,,
19997,0.0,-231.181259,34.460621,1724.02771,-0.8112473421,0.5561166406,0.180588017,,,,
19998,0.0,-231.101944,36.629246,1724.251831,-0.8131944853,0.5537788755,0.1790075029,,,,
19999,0.0,-231.063568,38.88364,1724.374146,-0.8136852142,0.5532171423,0.1785137688,,,,
20000,0.0,-231.007965,41.25618,1724.452881,-0.8136852142,0.5532171423,0.1785137688,,,,
20001,0.0,-230.949158,43.816521,1724.683594,-0.8136852142,0.5532171423,0.1785137688,,,,
20002,0.0,-230.991608,45.646545,1725.117432,-0.8152603362,0.5511060078,0.1778559879,,,,
20003,0.0,-231.026489,48.380646,1725.312988,-0.8185175867,0.546633804,0.1766930804,,,,
20004,0.0,-231.692627,50.028282,1725.127686,-0.8221364337,0.5415798417,0.1754507323,,,,
20005,0.0,-231.736664,52.403664,1725.307251,-0.8312013017,0.5280196282,0.1740679993,,,,
20006,0.0,-231.720901,54.670742,1725.432739,-0.8441242646,0.5074479775,0.1730629253,,,,
20007,0.0,-231.925613,55.833965,1725.429199,-0.8584430034,0.4835179156,0.1711316313,,,,
20008,0.0,-231.937424,56.674805,1725.473511,-0.8752670128,0.4529387136,0.1695705694,,,,
20009,0.0,-232.134094,57.539921,1725.425049,-0.8957990622,0.4122423258,0.1661333948,,,,
20010,0.0,-232.220352,58.794098,1725.51416,-0.9157582205,0.3675219719,0.1622173906,,,,
20011,0.0,-232.483719,59.548229,1725.423584,-0.9394484744,0.3035473236,0.1590458622,,,,
20012,0.0,-232.656326,59.790226,1725.446655,-0.9543340102,0.2538738386,0.1574632375,,,,
20013,0.0,-232.83606,60.357418,1725.470825,-0.9738715537,0.1657168709,0.155280764,,,,
20014,0.0,-233.029251,60.901913,1725.638062,-0.9857668017,0.069828281,0.1529307809,,,,
20015,0.0,-233.286224,60.997108,1725.752808,-0.9887277128,-0.0007557164,0.1497228732,,,,
20016,0.0,-232.019852,61.667133,1726.231323,-0.9886199807,-0.0241212109,0.1484880499,,,,
20017,0.0,-231.636017,62.07296,1726.233521,-0.9891475368,-0.0194267288,0.1456356846,,,,
20018,0.0,-231.625565,62.01273,1726.234985,-0.9896598304,0.0300484806,0.1402515912,,,,
20019,0.0,-231.558563,61.933197,1726.240601,-0.9777212713,0.1584160958,0.1377151272,,,,
20020,0.0,-231.406998,61.780781,1726.234375,-0.9261959211,0.3492762488,0.1420113299,,,,
20021,0.0,-231.07933,61.548164,1726.225342,-0.7971127287,0.5863609515,0.1441947719,,,,
20022,0.0,-230.608337,61.135323,1726.199219,-0.6548246569,0.7428163347,0.1393863754,,,,
20023,0.0,-230.074738,60.648056,1726.194336,-0.4690737306,0.8736514792,0.1292398089,,,,
20024,0.0,-229.086945,60.055443,1726.205078,-0.1964606116,0.9741919698,0.1111451041,,,,
20025,0.0,-228.258316,59.550739,1726.232544,-0.0031332527,0.995356828,0.0962027429,,,,
20026,0.0,-227.24884,58.990952,1726.277466,0.1488965502,0.9851768183,0.0851848231,,,,
20027,0.0,-226.264954,58.221203,1726.417847,0.256204837,0.9633308611,0.0797040373,,,,
20028,0.0,-225.505524,57.93343,1726.511108,0.3011791175,0.9503791363,0.0779142886,,,,
20029,0.0,-224.700699,57.883934,1726.553223,0.306317872,0.9487549219,0.0776753463,,,,
20030,0.0,-223.901291,58.106522,1726.546875,0.3033644372,0.9497783733,0.0767532401,,,,
20031,0.0,-222.676895,58.13755,1726.573242,0.3021203209,0.9501852957,0.076623857,,,,
20032,0.0,-222.181,58.026016,1726.599487,0.3021203209,0.9501852957,0.076623857,,,,
20033,0.0,-221.359543,57.916245,1726.608521,0.3021203209,0.9501852957,0.076623857,,,,
20034,0.0,-221.3749085,58.0048505,1726.576172,0.3013701005,0.9504875083,0.0758172428,,,,
20035,0.0,-221.390274,58.093456,1726.543823,0.3006198801,0.9507897209,0.0750106286,,,,
20036,0.0,-221.541687,58.954964,1726.21228,0.2957690165,0.9527052776,0.0698093328,,,,
20037,0.0,-221.67923,59.126488,1726.098389,0.2889784667,0.9551267576,0.06499479,,,,
20038,0.0,-222.019867,59.485222,1726.029785,0.2812178613,0.9577743008,0.059874061,,,,
20039,0.0,-222.23616,59.485718,1726.037231,0.2523932479,0.9663789403,0.0490855598,,,,
20040,0.0,-222.582397,59.553265,1726.054077,0.2227398119,0.9740574386,0.0399885288,,,,
20041,0.0,-222.923889,59.552734,1726.062134,0.2016866146,0.9788417706,0.03451518,,,,
20042,0.0,-223.227875,59.343208,1726.061035,0.192006313,0.9808773284,0.0318314696,,,,
20043,0.0,-223.201843,58.963993,1726.137817,0.185646379,0.9821676235,0.0297015365,,,,
20044,0.0,-222.953674,58.372272,1726.224609,0.1712239188,0.9849120608,0.0251117927,,,,
20045,0.0,-222.511215,57.907333,1726.145142,0.1568501963,0.987433205,0.0193308481,,,,
20046,0.0,-222.348892,57.881344,1726.148315,0.1309053302,0.9913450115,0.0099429769,,,,
20047,0.0,-222.348511,57.875076,1726.148438,0.1141582118,0.9934540801,0.004110169,,,,
20048,0.0,-222.34613,57.877018,1726.148193,0.1001352235,0.9949726696,-0.0015244049,,,,
20049,0.0,-222.338898,57.919151,1726.142822,0.0975114449,0.9952303446,-0.0028424045,,,,
20050,0.0,-222.319809,57.978168,1726.133301,0.097444248,0.9952368291,-0.0028762114,,,,
20051,0.0,-222.275192,58.087662,1726.105347,0.0983926838,0.9951435112,-0.0028761067,,,,
20052,0.0,-222.227661,58.178764,1726.078613,0.0983983806,0.9951429476,-0.0028762114,,,,
20053,0.0,-222.129807,58.31572,1726.034424,0.0983984205,0.99514477,-0.0021535252,,,,
20054,0.0,-221.967697,58.497253,1725.973145,0.0974742964,0.9952361951,-0.0019176619,,,,
20055,0.0,-221.857498,58.663292,1725.940918,0.0948163194,0.9954929373,-0.0019176619,,,,
20056,0.0,-221.689697,58.829597,1725.905762,0.0945815405,0.9955166381,-0.0009774715,,,,
20057,0.0,-221.552963,58.966431,1725.879517,0.0938201657,0.9955794852,0.0043892097,,,,
20058,0.0,-221.399002,59.16383,1725.849243,0.0936196806,0.9955269915,0.0127029326,,,,
20059,0.0,-221.250854,59.336967,1725.809814,0.0936080865,0.9954022114,0.0202968901,,,,
20060,0.0,-221.681122,59.415936,1726.269409,0.0929254136,0.9954198639,0.0224535539,,,,
20061,0.0,-221.577179,59.62603,1726.279907,0.0926481452,0.9954330556,0.0230076749,,,,
20062,0.0,-221.496902,59.776611,1726.296509,0.0926481452,0.9954330556,0.0230076749,,,,
20063,0.0,-221.280762,59.988361,1726.278931,0.0926481452,0.9954330556,0.0230076749,,,,
20064,0.0,-221.246811,60.135658,1726.226807,0.0926481452,0.9954330556,0.0230076749,,,,
20065,0.0,-221.209396,60.213234,1726.182373,0.0933069991,0.9953399036,0.0243368068,,,,
20066,0.0,-221.162613,60.307995,1726.137573,0.0935965313,0.995280828,0.0256078651,,,,
20067,0.0,-221.096207,60.447433,1726.0896,0.0935958678,0.9952737725,0.0258830298,,,,
20068,0.0,-221.083679,60.483383,1726.079346,0.0917957183,0.9954414171,0.0258830298,,,,
20069,0.0,-220.996414,60.663586,1726.051147,0.0898620239,0.9956178411,0.0258830298,,,,
20070,0.0,-220.987076,60.725868,1726.031372,0.0881154824,0.9957739355,0.0258830298,,,,
20071,0.0,-220.984528,60.826847,1726.015259,0.0854691057,0.9960045686,0.0258830298,,,,
20072,0.0,-221.051712,60.876213,1726.007202,0.0821764103,0.9962566325,0.0268283381,,,,
20073,0.0,-221.143127,60.880573,1726.006104,0.0811821844,0.9963377891,0.0268414408,,,,
20074,0.0,-221.177307,60.869484,1726.0071415,0.080371443,0.996413985,0.0264343106,,,,
20075,0.0,-221.211487,60.858395,1726.008179,0.0795607016,0.9964901809,0.0260271803,,,,
20076,0.0,-221.240707,60.870338,1726.012695,0.0757069354,0.9968169575,0.0249882622,,,,
20077,0.0,-221.652908,60.86298,1726.57666,0.0685727321,0.9974150132,0.021472584,,,,
20078,0.0,-221.633774,60.865715,1726.522827,0.0678126015,0.9974939905,0.0201789474,,,,
20079,0.0,-221.585236,60.840645,1726.441162,0.0678127873,0.9974949239,0.0201321298,,,,
20080,0.0,-221.517242,60.821053,1726.304565,0.0678127873,0.9974949239,0.0201321298,,,,
20081,0.0,-221.44696,60.81385,1726.239746,0.0678127873,0.9974949239,0.0201321298,,,,
20082,0.0,-221.4365535,60.8166615,1726.227478,0.0660913916,0.9976256342,0.019269059,,,,
20083,0.0,-221.362564,60.829144,1726.167236,0.0624142705,0.99791169,0.0166348385,,,,
20084,0.0,-221.343857,60.830338,1726.153198,0.062246142,0.9979249576,0.0164663324,,,,
20085,0.0,-221.872009,60.796436,1726.562622,0.0620780136,0.9979382251,0.0162978262,,,,
20086,0.0,-221.88562,60.769604,1726.544556,0.0620780136,0.9979382251,0.0162978262,,,,
20087,0.0,-221.890533,60.755669,1726.513428,0.0620787233,0.9979496345,0.0155807266,,,,
20088,0.0,-221.871887,60.776157,1726.476685,0.0620789551,0.9979533617,0.0153392019,,,,
20089,0.0,-221.839539,60.776894,1726.40271,0.0620789551,0.9979533617,0.0153392019,,,,
20090,0.0,-221.791489,60.780647,1726.350952,0.0620789551,0.9979533617,0.0153392019,,,,
20091,0.0,-221.726288,60.779507,1726.308838,0.0620789551,0.9979533617,0.0153392019,,,,
20092,0.0,-221.677368,60.79266,1726.272583,0.0620789551,0.9979533617,0.0153392019,,,,
20093,0.0,-221.584167,60.809772,1726.211182,0.0620789551,0.9979533617,0.0153392019,,,,
20094,0.0,-221.511566,60.849434,1726.16272,0.0620789551,0.9979533617,0.0153392019,,,,
20095,0.0,-221.471497,60.860184,1726.124023,0.062927151,0.9979002368,0.0153392019,,,,
20096,0.0,-221.390305,60.912037,1726.050903,0.0630357085,0.9978933853,0.0153392019,,,,
20097,0.0,-221.356613,60.898453,1725.970703,0.0638762772,0.9978399321,0.0153392019,,,,
20098,0.0,-221.951904,60.841408,1726.433716,0.063992404,0.9978324915,0.0153392019,,,,
20099,0.0,-221.840912,60.796833,1726.322388,0.0658046375,0.9977146178,0.0153392019,,,,
20100,0.0,-221.79425,60.764137,1726.265137,0.0666510097,0.9976584344,0.0153392019,,,,
20101,0.0,-221.701523,60.73822,1726.157715,0.0686851459,0.9975204557,0.0153392019,,,,
20102,0.0,-221.582336,60.707729,1726.025391,0.0711903324,0.9973447977,0.0153392019,,,,
20103,0.0,-221.463821,60.658012,1725.927734,0.0730182723,0.9972126357,0.0153392019,,,,
20104,0.0,-221.297302,60.594166,1725.805664,0.0763566419,0.9969625731,0.0153392019,,,,
20105,0.0,-221.205795,60.513618,1725.78894,0.0772805812,0.9968913786,0.0153392019,,,,
20106,0.0,-221.10965,60.459034,1725.757202,0.0773794769,0.9968837071,0.0153392019,,,,
20107,0.0,-221.008209,60.374714,1725.72937,0.0790574568,0.9967246825,0.017024271,,,,
20108,0.0,-220.957397,60.327244,1725.749023,0.080522507,0.9965811707,0.01849584,,,,
20109,0.0,-220.933212,60.224758,1725.786621,0.0811965155,0.9965136725,0.0191735881,,,,
20110,0.0,-221.536896,60.045044,1726.355713,0.0811965155,0.9965136725,0.0191735881,,,,
20111,0.0,-221.523926,59.934986,1726.410278,0.0811965155,0.9965136725,0.0191735881,,,,
20112,0.0,-221.502014,59.858116,1726.428833,0.0811965155,0.9965136725,0.0191735881,,,,
20113,0.0,-221.467453,59.78833,1726.429321,0.081197743,0.9965287368,0.0183685398,,,,
20114,0.0,-221.416016,59.750854,1726.426758,0.0811979711,0.9965315363,0.0182150115,,,,
20115,0.0,-221.287842,59.722183,1726.399902,0.0811979711,0.9965315363,0.0182150115,,,,
20116,0.0,-221.259018,59.7209185,1726.392334,0.0811979711,0.9965315363,0.0182150115,,,,
20117,0.0,-221.144897,59.748882,1726.347046,0.0811979711,0.9965315363,0.0182150115,,,,
20118,0.0,-221.1250835,59.751289,1726.333191,0.0811979711,0.9965315363,0.0182150115,,,,
20119,0.0,-221.640717,59.73056,1726.803833,0.0811979711,0.9965315363,0.0182150115,,,,
20120,0.0,-221.620316,59.729593,1726.786072,0.0811979711,0.9965315363,0.0182150115,,,,
20121,0.0,-221.601501,59.646603,1726.746948,0.0811979711,0.9965315363,0.0182150115,,,,
20122,0.0,-221.559738,59.620491,1726.686035,0.0811979711,0.9965315363,0.0182150115,,,,
20123,0.0,-221.528755,59.6164095,1726.643921,0.0811979711,0.9965315363,0.0182150115,,,,
20124,0.0,-221.454636,59.586388,1726.558105,0.0811979711,0.9965315363,0.0182150115,,,,
20125,0.0,-221.373032,59.565578,1726.492432,0.0811979711,0.9965315363,0.0182150115,,,,
20126,0.0,-221.320816,59.565533,1726.454712,0.0811979711,0.9965315363,0.0182150115,,,,
20127,0.0,-221.234863,59.565582,1726.404053,0.0811979711,0.9965315363,0.0182150115,,,,
20128,0.0,-221.153915,59.552334,1726.36731,0.0811979711,0.9965315363,0.0182150115,,,,
20129,0.0,-221.121338,59.581352,1726.348145,0.0811979711,0.9965315363,0.0182150115,,,,
20130,0.0,-221.653244,59.537735,1726.825439,0.0811979711,0.9965315363,0.0182150115,,,,
20131,0.0,-221.625488,59.479866,1726.804565,0.0811979711,0.9965315363,0.0182150115,,,,
20132,0.0,-221.59581,59.445007,1726.780518,0.0811979711,0.9965315363,0.0182150115,,,,
20133,0.0,-221.546677,59.413467,1726.731812,0.0811979711,0.9965315363,0.0182150115,,,,
20134,0.0,-221.471161,59.397408,1726.651978,0.0811979711,0.9965315363,0.0182150115,,,,
20135,0.0,-221.585663,59.850693,1726.524536,0.0811979711,0.9965315363,0.0182150115,,,,
20136,0.0,-221.768494,60.340099,1726.404175,0.0811979711,0.9965315363,0.0182150115,,,,
20137,0.0,-221.918732,60.900406,1726.293335,0.0811979711,0.9965315363,0.0182150115,,,,
20138,0.0,-222.14624,61.390438,1726.196777,0.0811979711,0.9965315363,0.0182150115,,,,
20139,0.0,-221.715332,61.08646,1726.195923,0.0803132566,0.9966032281,0.0182150115,,,,
20140,0.0,-222.418808,63.3269,1725.778809,0.0795187251,0.9966669382,0.0182150115,,,,
20141,0.0,-222.4142,64.311302,1725.547974,0.0746935567,0.9970229088,0.0191361402,,,,
20142,0.0,-222.304489,65.053398,1725.297363,0.0664726361,0.997574798,0.0206376117,,,,
20143,0.0,-222.21843,66.10537,1724.957642,0.0522926501,0.9983933343,0.0218226673,,,,
20144,0.0,-222.382446,67.347725,1724.661499,-0.0039425931,0.9997024746,0.0240711059,,,,
20145,0.0,-222.718582,68.862465,1724.331665,-0.097839519,0.9948004415,0.0282756088,,,,
20146,0.0,-224.035309,71.106598,1723.968262,-0.2996324093,0.9532968206,0.0380209297,,,,
20147,0.0,-225.194641,72.312286,1723.80249,-0.398524581,0.9161554224,0.0428649073,,,,
20148,0.0,-227.332748,73.51355,1723.554932,-0.5976550916,0.7999578825,0.0536262784,,,,
20149,0.0,-228.39769,73.865387,1723.544922,-0.7254461288,0.6855292027,0.0614623988,,,,
20150,0.0,-230.677734,75.276901,1723.315186,-0.8311325041,0.551638072,0.0701013422,,,,
20151,0.0,-232.598831,76.727997,1723.335327,-0.9114633625,0.403684444,0.0792048506,,,,
20152,0.0,-233.628525,77.732887,1723.433716,-0.9505051238,0.2989833266,0.0845516414,,,,
20153,0.0,-235.009888,79.198288,1723.487671,-0.9836768379,0.1542065219,0.0927374102,,,,
20154,0.0,-235.817215,80.653069,1723.622925,-0.9911890833,0.0884044411,0.098634963,,,,
20155,0.0,-236.539978,82.19352,1723.728271,-0.993413406,0.0481143094,0.1039943176,,,,
20156,0.0,-237.506454,84.520454,1723.938599,-0.9936230613,-0.0021558387,0.1127322688,,,,
20157,0.0,-238.19194,86.324745,1723.821899,-0.9929959864,-0.022984347,0.1158908575,,,,
20158,0.0,-239.497467,88.855385,1723.391968,-0.9917548184,-0.048998458,0.1184125469,,,,
20159,0.0,-240.203156,90.639931,1723.27063,-0.990734891,-0.0648590914,0.1193217245,,,,
20160,0.0,-241.407455,92.938164,1722.985352,-0.9896587208,-0.0791157977,0.1196507707,,,,
20161,0.0,-244.039322,97.419815,1722.391479,-0.9888905183,-0.0881999533,0.119650788,,,,
20162,0.0,-245.176079,99.006077,1722.170166,-0.9888728864,-0.0883972075,0.1196507794,,,,
20163,0.0,-247.761215,102.384903,1721.68103,-0.9887958345,-0.0892551769,0.119650788,,,,
20164,0.0,-249.677155,104.862915,1721.292603,-0.9880856686,-0.0977151768,0.1189052384,,,,
20165,0.0,-251.389282,106.757195,1720.928833,-0.9871994195,-0.1071959737,0.1180945782,,,,
20166,0.0,-253.715759,109.081749,1720.496948,-0.9844576886,-0.1309857757,0.1169862638,,,,
20167,0.0,-255.711609,110.585442,1720.278564,-0.9813846093,-0.1534487469,0.1154890934,,,,
20168,0.0,-258.185242,112.152519,1719.942871,-0.978813769,-0.1699256865,0.1142316362,,,,
20169,0.0,-260.454834,113.484528,1719.691895,-0.9777868562,-0.1759291573,0.1139376824,,,,
20170,0.0,-263.795135,115.225029,1719.332397,-0.9773583337,-0.1782943753,0.1139377171,,,,
20171,0.0,-265.84906,116.112747,1719.280762,-0.9773423287,-0.1783820874,0.1139377171,,,,
20172,0.0,-268.669312,116.972748,1718.78772,-0.9773423287,-0.1783820874,0.1139377171,,,,
20173,0.0,-270.742371,117.380356,1718.496338,-0.9773423287,-0.1783820874,0.1139377171,,,,
20174,0.0,-273.559082,117.619812,1718.067871,-0.9773423287,-0.1783820874,0.1139377171,,,,
20175,0.0,-276.268433,117.555374,1717.762573,-0.9773423287,-0.1783820874,0.1139377171,,,,
20176,0.0,-278.329132,117.329529,1717.727417,-0.9782676315,-0.1737508314,0.1131507394,,,,
20177,0.0,-280.313416,116.974899,1717.377319,-0.9795262867,-0.1675217722,0.111645463,,,,
20178,0.0,-282.933533,116.265198,1717.108154,-0.9810915034,-0.1596382072,0.109430822,,,,
20179,0.0,-285.696625,115.361923,1716.88147,-0.98323672,-0.1474367175,0.1072751918,,,,
20180,0.0,-287.558044,114.580421,1716.760742,-0.9840016269,-0.1422477718,0.1072677476,,,,
20181,0.0,-290.255127,113.280991,1716.582886,-0.9855800387,-0.1316194297,0.1063405522,,,,
20182,0.0,-291.175659,112.790916,1716.576294,-0.9858383175,-0.1299782487,0.1059644589,,,,
20183,0.0,-293.314117,111.044022,1717.214111,-0.9867168642,-0.123648112,0.1053611613,,,,
20184,0.0,-294.475647,109.769707,1717.817139,-0.9872494057,-0.1193216144,0.1053611092,,,,
20185,0.0,-295.802643,107.832848,1718.698975,-0.9876618009,-0.1158584876,0.1053611787,,,,
20186,0.0,-296.875946,105.979401,1719.448486,-0.9877280424,-0.1152924265,0.1053611439,,,,
20187,0.0,-298.034515,103.884727,1720.339722,-0.9882190495,-0.1103238569,0.1060742983,,,,
20188,0.0,-298.98996,102.064148,1721.063721,-0.9901994716,-0.0890540906,0.1075842707,,,,
20189,0.0,-300.329712,99.151291,1721.995239,-0.9937099775,-0.0145915026,0.1110295846,,,,
20190,0.0,-301.056702,97.045914,1722.475342,-0.990670715,0.0743884021,0.1141836243,,,,
20191,0.0,-301.929779,94.59948,1723.055054,-0.9699008266,0.2135036846,0.1170835732,,,,
20192,0.0,-302.745056,92.440414,1723.613647,-0.9241006226,0.3637630572,0.1171088277,,,,
20193,0.0,-303.791931,90.164589,1724.169434,-0.8236259332,0.5559694971,0.1119742851,,,,
20194,0.0,-304.089417,87.82502,1724.653442,-0.7074201866,0.6987920485,0.1060488213,,,,
20195,0.0,-304.582794,85.938065,1725.130249,-0.5285464491,0.8427103981,0.1023613013,,,,
20196,0.0,-305.590454,85.1343,1725.589966,-0.298783906,0.9483708686,0.1063995914,,,,
20197,0.0,-306.183563,83.394295,1725.945801,-0.0678851796,0.9916150731,0.1099597615,,,,
20198,0.0,-306.428375,81.86116,1726.164673,0.0698201905,0.9916889257,0.1080657932,,,,
20199,0.0,-307.383575,79.02256,1726.211792,0.2100507837,0.9720876368,0.1045193505,,,,
20200,0.0,-307.957123,76.356468,1725.943481,0.372655566,0.9223803381,0.1016973009,,,,
20496,0.0,-809.491638,350.606842,1677.701294,-0.3993320218,0.9152901168,-0.0527061525,,,,
20497,0.0,-809.492493,350.608887,1677.701294,-0.3993320218,0.9152901168,-0.0527061525,,,,
20498,0.0,-809.4997255,350.621811,1677.701294,-0.3971841367,0.9162122434,-0.0528620714,,,,
20499,0.0,-809.489807,350.588226,1677.701294,-0.3913007513,0.9187187095,-0.0532884127,,,,
20500,0.0,-809.493286,350.590118,1677.701294,-0.3876102969,0.9202663249,-0.0535551016,,,,
20501,0.0,-809.497192,350.591553,1677.701294,-0.3830199126,0.9221312063,-0.0544957324,,,,
20502,0.0,-809.47998,350.543396,1677.701294,-0.3791864029,0.9236636097,-0.0553462547,,,,
20503,0.0,-809.493164,350.56604,1677.701294,-0.3738458413,0.9257686976,-0.0564942957,,,,
20504,0.0,-809.623291,350.886139,1677.701294,-0.3707656796,0.9269565411,-0.057309525,,,,
20505,0.0,-809.723145,351.135956,1677.701294,-0.3670790447,0.9283712728,-0.0581356582,,,,
20506,0.0,-809.861023,351.487549,1677.701294,-0.3647554384,0.929266976,-0.0584496143,,,,
20507,0.0,-809.957275,351.734375,1677.701294,-0.3639304407,0.9295903813,-0.0584496143,,,,
20508,0.0,-810.046265,351.965637,1677.701294,-0.3624943306,0.9301065349,-0.0591582114,,,,
20509,0.0,-810.171143,352.287811,1677.701294,-0.3620258579,0.9302731399,-0.0594067621,,,,
20510,0.0,-810.242981,352.472137,1677.701294,-0.3620113776,0.9302366514,-0.0600627574,,,,
20511,0.0,-810.357422,352.778137,1677.701294,-0.3598187667,0.9310168786,-0.0611394059,,,,
20512,0.0,-810.466797,353.110046,1677.701294,-0.3522480631,0.9338402765,-0.0621581852,,,,
20513,0.0,-810.545654,353.41153,1677.701294,-0.3401032083,0.9382359176,-0.0635859314,,,,
20514,0.0,-810.639771,353.775726,1677.701294,-0.3286845226,0.9422054541,-0.0649258558,,,,
20515,0.0,-810.735596,354.156616,1677.701294,-0.3187936882,0.9454519358,-0.0670165761,,,,
20516,0.0,-810.798218,354.360291,1677.701294,-0.3172330043,0.9459227166,-0.0677748865,,,,
20517,0.0,-810.893433,354.661713,1677.701294,-0.3159240657,0.9463432678,-0.0680176762,,,,
20518,0.0,-810.962219,354.878387,1677.701294,-0.3151223123,0.946555594,-0.0687781636,,,,
20519,0.0,-811.052612,355.165527,1677.701294,-0.3140433224,0.9468327212,-0.0698898397,,,,
20520,0.0,-811.115417,355.436462,1677.701294,-0.3089245196,0.9485121528,-0.0699309461,,,,
20521,0.0,-811.183167,355.678406,1677.701294,-0.3068909633,0.9491081056,-0.0707936481,,,,
20522,0.0,-811.247314,355.893066,1677.701294,-0.3059806094,0.9493950167,-0.0708870149,,,,
20523,0.0,-811.311951,356.096985,1677.701294,-0.3058010819,0.9494528514,-0.070887102,,,,
20524,0.0,-811.401245,356.392151,1677.701294,-0.3048995292,0.949742759,-0.0708870149,,,,
20525,0.0,-811.455444,356.575867,1677.701294,-0.3041542879,0.9499816829,-0.0708870323,,,,
20526,0.0,-811.510254,356.867035,1677.701294,-0.2985860222,0.9516760552,-0.0718266898,,,,
20527,0.0,-811.543396,357.051727,1677.701294,-0.2950838017,0.9527665313,-0.0718434887,,,,
20528,0.0,-811.588013,357.268799,1677.701294,-0.291992434,0.9536678631,-0.072512243,,,,
20529,0.0,-811.662415,357.531982,1677.701294,-0.291161038,0.9539001327,-0.0727996353,,,,
20530,0.0,-811.713562,357.721863,1677.701294,-0.2902964127,0.954163596,-0.0727998964,,,,
20531,0.0,-811.753418,357.920685,1677.701294,-0.2877238719,0.9548756185,-0.0736717493,,,,
20532,0.0,-811.793518,358.134186,1677.701294,-0.2847918653,0.9557477074,-0.0737557672,,,,
20533,0.0,-811.838623,358.287689,1677.701294,-0.2847326804,0.9557653399,-0.0737557846,,,,
20534,0.0,-811.933411,358.605682,1677.701294,-0.2847183385,0.9557171985,-0.0744318768,,,,
20535,0.0,-811.9614565,358.699951,1677.701294,-0.2847153494,0.9557071648,-0.0745718802,,,,
20536,0.0,-811.989502,358.79422,1677.701294,-0.2847123603,0.9556971311,-0.0747118835,,,,
20537,0.0,-812.079834,359.097229,1677.701294,-0.2847123603,0.9556971311,-0.0747118835,,,,
20538,0.0,-812.115784,359.242798,1677.701294,-0.2839320523,0.9559292342,-0.0747120401,,,,
20539,0.0,-812.153809,359.375488,1677.701294,-0.2837959771,0.9559696532,-0.0747118835,,,,
20540,0.0,-812.313141,358.008209,1678.149231,-0.2837959771,0.9559696532,-0.0747118835,,,,
20541,0.0,-812.428772,356.670288,1678.56311,-0.2853170355,0.9555167713,-0.0747120401,,,,
20542,0.0,-812.406616,356.703766,1678.526123,-0.2894277561,0.9542796668,-0.0747120576,,,,
20543,0.0,-812.366211,356.722229,1678.480469,-0.2902052008,0.9540435398,-0.0747118835,,,,
20544,0.0,-812.363342,356.711151,1678.46521,-0.290907133,0.9538297272,-0.0747120576,,,,
20545,0.0,-812.352661,356.680237,1678.434814,-0.2911197511,0.9537648688,-0.0747118835,,,,
20546,0.0,-812.352661,356.63443,1678.415527,-0.2911382168,0.9538258431,-0.0738566157,,,,
20547,0.0,-812.352783,356.588287,1678.4021,-0.2911405285,0.9538329397,-0.0737557846,,,,
20548,0.0,-812.37915,356.560699,1678.387085,-0.2911405285,0.9538329397,-0.0737557846,,,,
20549,0.0,-812.397339,356.547119,1678.373291,-0.2911550795,0.9538810887,-0.073072487,,,,
20550,0.0,-812.419678,356.538269,1678.360474,-0.2919056565,0.9536725134,-0.0727998964,,,,
20551,0.0,-812.461182,356.537506,1678.340942,-0.2920940683,0.953682284,-0.0719107538,,,,
20552,0.0,-812.750122,356.410858,1678.941406,-0.2927223907,0.9534946841,-0.0718435061,,,,
20553,0.0,-812.699402,356.442139,1678.915161,-0.2930099468,0.9534063649,-0.0718434016,,,,
20554,0.0,-812.641602,356.444061,1678.872925,-0.2930099468,0.9534063649,-0.0718434016,,,,
20555,0.0,-812.608704,356.456024,1678.842529,-0.2930099468,0.9534063649,-0.0718434016,,,,
20556,0.0,-812.510437,356.500153,1678.751953,-0.2930099468,0.9534063649,-0.0718434016,,,,
20557,0.0,-812.413452,356.549072,1678.686768,-0.2930099468,0.9534063649,-0.0718434016,,,,
20558,0.0,-812.341858,356.587952,1678.643677,-0.2930099468,0.9534063649,-0.0718434016,,,,
20559,0.0,-812.253357,356.645569,1678.590698,-0.2938883497,0.9531359549,-0.0718435061,,,,
20560,0.0,-812.199524,356.691284,1678.559448,-0.2955939012,0.9526083974,-0.0718434887,,,,
20561,0.0,-812.112305,356.757294,1678.508179,-0.2957509331,0.9525596628,-0.0718434016,,,,
20562,0.0,-812.041443,356.819855,1678.453247,-0.2957509331,0.9525596628,-0.0718434016,,,,
20563,0.0,-812.023193,356.831848,1678.442017,-0.2947351474,0.9529557735,-0.070756531,,,,
20564,0.0,-811.986511,356.834656,1678.400146,-0.292065696,0.9539847607,-0.0679021762,,,,
20565,0.0,-811.975769,356.827606,1678.380981,-0.2907155026,0.9544565275,-0.0670614172,,,,
20566,0.0,-811.987427,356.789825,1678.364746,-0.2903783852,0.9546124012,-0.0662989953,,,,
20567,0.0,-812.003601,356.75,1678.351807,-0.2903820039,0.9546247762,-0.0661046787,,,,
20568,0.0,-812.055664,356.735504,1678.338379,-0.2903820039,0.9546247762,-0.0661046787,,,,
20569,0.0,-812.081116,356.733734,1678.332031,-0.2903820039,0.9546247762,-0.0661046787,,,,
20570,0.0,-812.150818,356.737549,1678.323364,-0.293046235,0.9538102969,-0.0661046264,,,,
20571,0.0,-812.242188,356.763672,1678.319214,-0.301080299,0.9513621996,-0.0652734149,,,,
20572,0.0,-812.733643,356.802551,1678.317017,-0.359203498,0.9313614502,-0.0594869401,,,,
20573,0.0,-812.9520265,356.845169,1678.3151245,-0.4088681281,0.9093031924,-0.0549631826,,,,
20574,0.0,-813.17041,356.887787,1678.313232,-0.4585327582,0.8872449347,-0.0504394252,,,,
20575,0.0,-814.150391,357.258087,1678.374634,-0.6986148624,0.7147827713,-0.0319822416,,,,
20576,0.0,-813.973389,357.513458,1678.374878,-0.8116046397,0.5837514418,-0.023068658,,,,
20577,0.0,-813.826416,357.942657,1678.366821,-0.9064629857,0.4220515747,-0.0140472044,,,,
20578,0.0,-813.8669435,358.2681425,1678.3379515,-0.9405173318,0.3230529747,-0.0085793862,,,,
20579,0.0,-813.907471,358.593628,1678.309082,-0.9745716779,0.2240543747,-0.003111568,,,,
20580,0.0,-814.535645,359.070129,1677.991089,-0.9804007839,-0.1961394264,0.0185372146,,,,
20581,0.0,-814.082764,360.005432,1677.987915,-0.9319155507,-0.3618131095,0.0249936012,,,,
20582,0.0,-813.498779,361.271698,1677.951294,-0.8582177161,-0.5124980353,0.0284273739,,,,
20583,0.0,-813.093506,362.49942,1677.873657,-0.7944955413,-0.6064618404,0.0313188604,,,,
20584,0.0,-812.58197,363.26767,1677.4646,-0.7520831361,-0.6581520301,0.0347399134,,,,
20585,0.0,-812.018372,363.896423,1677.103149,-0.7217152067,-0.6911141508,0.0385796705,,,,
20586,0.0,-811.23584,364.162872,1676.650757,-0.7164658919,-0.6962827441,0.0432084011,,,,
20587,0.0,-810.382019,364.142365,1676.213257,-0.7164381496,-0.6962561723,0.0440876446,,,,
20588,0.0,-809.3125,363.906403,1675.7854,-0.7164381496,-0.6962561723,0.0440876446,,,,
20589,0.0,-808.115967,363.751282,1675.60498,-0.7164381496,-0.6962561723,0.0440876446,,,,
20590,0.0,-806.257141,363.995026,1675.482422,-0.7164381496,-0.6962561723,0.0440876446,,,,
20591,0.0,-804.34436,364.058411,1675.608398,-0.7164381496,-0.6962561723,0.0440876446,,,,
20592,0.0,-802.013672,365.016418,1675.823242,-0.7164381496,-0.6962561723,0.0440876446,,,,
20593,0.0,-799.510925,365.979645,1676.203369,-0.7164381496,-0.6962561723,0.0440876446,,,,
20594,0.0,-797.157776,366.713501,1676.390137,-0.7164381496,-0.6962561723,0.0440876446,,,,
20595,0.0,-794.367554,367.490875,1676.669922,-0.7164381496,-0.6962561723,0.0440876446,,,,
20596,0.0,-791.805481,367.931183,1676.910645,-0.7164381496,-0.6962561723,0.0440876446,,,,
20597,0.0,-789.226501,368.09082,1677.201172,-0.7164381496,-0.6962561723,0.0440876446,,,,
20598,0.0,-786.75061,367.899567,1677.317505,-0.7164381496,-0.6962561723,0.0440876446,,,,
20599,0.0,-784.411377,367.615509,1677.534912,-0.719865939,-0.692762993,0.0432719937,,,,
20600,0.0,-781.867188,367.190491,1677.836548,-0.7228010104,-0.6897607943,0.0422935688,,,,
20601,0.0,-779.387329,366.539093,1677.932983,-0.7267375397,-0.6857229668,0.0404544337,,,,
20602,0.0,-776.998962,365.746155,1677.939331,-0.7283005139,-0.6840744159,0.0402561165,,,,
20603,0.0,-774.673279,364.758209,1678.084473,-0.7290211863,-0.6833063405,0.0402561165,,,,
20604,0.0,-773.337463,363.664368,1678.073242,-0.7291196274,-0.6832012983,0.0402561165,,,,
20605,0.0,-773.368958,362.174103,1678.008667,-0.7291196274,-0.6832012983,0.0402561165,,,,
20606,0.0,-773.227417,361.059601,1678.032959,-0.7291196274,-0.6832012983,0.0402561165,,,,
20607,0.0,-772.729797,360.046936,1678.20752,-0.7285128447,-0.6839021793,0.0393299412,,,,
20608,0.0,-772.438538,358.885498,1678.297363,-0.7249785098,-0.6876494872,0.0392981311,,,,
20609,0.0,-772.848267,356.729675,1677.88623,-0.7191557365,-0.6937854934,0.0384280616,,,,
20610,0.0,-772.937439,354.964417,1677.758057,-0.7159131234,-0.6971783552,0.0375598291,,,,
20611,0.0,-773.180115,352.667542,1677.510498,-0.7108402039,-0.7024430548,0.0357765176,,,,
20612,0.0,-773.354126,350.36377,1677.333618,-0.709414611,-0.7039394928,0.0346424605,,,,
20613,0.0,-773.532104,346.064117,1677.020142,-0.7093230525,-0.7040383689,0.0345077144,,,,
20614,0.0,-773.5788875,344.6128995,1676.963196,-0.7114911078,-0.7018618715,0.0340688532,,,,
20615,0.0,-773.625671,343.161682,1676.90625,-0.713659163,-0.6996853741,0.0336299921,,,,
20616,0.0,-773.835449,338.760284,1676.814941,-0.7466501047,-0.6644644233,0.0316330733,,,,
20617,0.0,-773.8651425,337.5493925,1676.8174435,-0.7605997182,-0.6480736678,0.0320186282,,,,
20618,0.0,-774.026428,333.947021,1676.897095,-0.8069529503,-0.5895780972,0.0349943323,,,,
20619,0.0,-774.1745,331.604889,1676.951416,-0.8435330969,-0.5356598097,0.0389933685,,,,
20620,0.0,-774.3296815,330.0448455,1677.0202025,-0.8604267588,-0.5067787544,0.0414208056,,,,
20621,0.0,-774.808655,326.053802,1677.206665,-0.9155096178,-0.3990882668,0.0507020226,,,,
20622,0.0,-775.179749,323.528595,1677.262939,-0.9393995147,-0.3384511492,0.0545836183,,,,
20623,0.0,-775.58194,321.829239,1677.2459105,-0.9508799133,-0.3020459116,0.0560044473,,,,
20624,0.0,-776.684509,318.002747,1677.099243,-0.9718963376,-0.2280954451,0.0582235086,,,,
20625,0.0,-777.587585,315.378357,1676.914551,-0.9809082651,-0.185036601,0.0598367083,,,,
20626,0.0,-778.751404,311.96048,1676.822388,-0.984008647,-0.1675804294,0.0603637508,,,,
20627,0.0,-779.206055,310.250702,1676.524292,-0.9840800976,-0.1671603332,0.0603637682,,,,
20628,0.0,-779.62915,307.350616,1676.35498,-0.9837458317,-0.1697203843,0.0586440938,,,,
20629,0.0,-779.936279,304.737244,1676.339355,-0.9797938525,-0.1924719118,0.0543927364,,,,
20630,0.0,-779.94397,302.019623,1676.231567,-0.9597759606,-0.2758836428,0.0521375218,,,,
20631,0.0,-780.026978,298.974731,1676.198486,-0.931027403,-0.3612617381,0.0517487342,,,,
20632,0.0,-779.21405,294.695892,1676.358521,-0.822314281,-0.5663560822,0.0551362985,,,,
20633,0.0,-777.991882,289.750977,1676.21167,-0.6024811837,-0.7966414753,0.0487727705,,,,
20634,0.0,-776.694092,284.213501,1675.757202,-0.3857280241,-0.9218895683,0.0365173268,,,,
20635,0.0,-775.003784,278.59021,1674.484863,-0.1312116115,-0.9912306016,0.0156654869,,,,
20636,0.0,-774.102478,275.857849,1674.885986,-0.0592841314,-0.9981950395,0.0095945211,,,,
20637,0.0,-773.544312,273.141357,1675.563477,-0.0262891547,-0.9996286005,0.007179228,,,,
20638,0.0,-773.234375,269.483002,1675.890137,-0.0284608404,-0.9995723794,0.0067111071,,,,
20639,0.0,-773.044556,266.460846,1676.464111,-0.0323271455,-0.999448598,0.0075799447,,,,
20640,0.0,-772.855164,263.179932,1677.005127,-0.0344413602,-0.9993772894,0.0076698266,,,,
20641,0.0,-772.792969,259.895477,1677.427612,-0.0346025103,-0.9993717227,0.0076698266,,,,
20642,0.0,-772.93335,256.949768,1678.147827,-0.0346025103,-0.9993717227,0.0076698266,,,,
20643,0.0,-773.082031,253.816925,1678.466187,-0.0346025103,-0.9993717227,0.0076698266,,,,
20644,0.0,-772.937378,251.105179,1679.006592,-0.0346025103,-0.9993717227,0.0076698266,,,,
20645,0.0,-773.199219,248.078979,1679.185303,-0.0346025103,-0.9993717227,0.0076698266,,,,
20646,0.0,-773.591003,244.901184,1679.421997,-0.0346025103,-0.9993717227,0.0076698266,,,,
20647,0.0,-774.108643,241.92128,1679.540527,-0.0346025103,-0.9993717227,0.0076698266,,,,
20648,0.0,-774.891663,239.181427,1679.410522,-0.0346025103,-0.9993717227,0.0076698266,,,,
22885,0.0,-383.2388,-719.042175,1860.096069,0.9030867714,0.3677970372,0.221719694,0.121370821,141.0877321879,295.4687645397,4.0
22886,0.0,-383.341278,-718.949463,1846.03125,0.9030867714,0.3677970372,0.221719694,0.1080861531,133.7353203815,295.7402356072,4.0
22887,0.0,-383.341278,-718.949463,1847.193115,0.9030867714,0.3677970372,0.221719694,0.1160831779,139.8225111036,298.9933925953,4.0
22888,0.0,-389.452332,-720.401611,1847.192993,0.9022015247,0.3701115877,0.2214719429,0.1202063874,146.5677333059,308.3326488576,4.0
22889,0.0,-388.099701,-720.049316,1847.234985,0.9009054375,0.3734685521,0.221112264,0.1295811697,153.2662428175,311.3193608917,4.0
22890,0.0,-386.72229,-719.686035,1847.38269,0.8997192627,0.3765087231,0.2207859364,0.1388937608,159.6970716378,314.1014934631,4.0
22891,0.0,-383.548187,-718.877747,1847.643066,0.8950104128,0.3865913105,0.2224938643,,,,
22892,0.0,-379.743622,-717.858887,1848.140991,0.8840053042,0.4069338857,0.2300857116,,,,
22893,0.0,-376.081543,-716.923157,1848.806519,0.8709182465,0.4268084526,0.2435897221,,,,
22894,0.0,-372.929901,-716.140503,1849.538452,0.8539337162,0.4477691187,0.2651415182,,,,
22895,0.0,-368.256439,-715.063904,1850.813232,0.8491234812,0.4533427504,0.2710528809,,,,
22896,0.0,-365.363831,-714.454224,1851.65564,0.8414478675,0.4618726594,0.2804266976,,,,
22897,0.0,-361.171753,-713.749207,1852.479248,0.8336885715,0.4701685697,0.2896633942,,,,
22898,0.0,-357.232635,-713.067322,1853.238525,0.8263521948,0.4777291583,0.2981893717,,,,
22899,0.0,-353.53299,-712.447876,1853.979736,0.8153103124,0.4891090796,0.3099054738,,,,
22900,0.0,-346.13382,-711.5,1855.450073,0.7944035998,0.5094538116,0.3307260716,,,,
22901,0.0,-344.0539705,-711.2695005,1855.9404905,0.793257479,0.5101658847,0.3323685063,,,,
22902,0.0,-338.39505,-710.570618,1857.578857,0.7924982521,0.5076802419,0.3379456944,,,,
22903,0.0,-336.619705,-710.6469425,1857.609436,0.7942187714,0.5025726927,0.3414613081,,,,
22904,0.0,-332.06488,-710.938538,1857.755005,0.7997934741,0.4879161178,0.3496687871,,,,
22905,0.0,-330.2413025,-711.005829,1857.861145,0.8013437845,0.4837970538,0.3518019743,,,,
22906,0.0,-325.26297,-711.062439,1858.003784,0.8071013083,0.4693792864,0.358148801,,,,
22907,0.0,-322.194183,-710.929565,1858.187378,0.8150673914,0.4508707834,0.3638415648,,,,
22908,0.0,-318.614838,-710.66272,1858.302368,0.8262789058,0.4240442461,0.3707420224,,,,
22909,0.0,-316.008057,-710.110901,1858.545288,0.8360357908,0.397970698,0.3777081943,,,,
22910,0.0,-312.732117,-709.071106,1858.88147,0.8508063068,0.3536202389,0.3886918508,,,,
22911,0.0,-310.325165,-708.388,1859.057129,0.8572467137,0.3323722271,0.3932642553,,,,
22912,0.0,-307.98288,-707.348389,1859.351196,0.8682991375,0.2924967692,0.4006273178,,,,
22913,0.0,-304.850494,-705.909912,1859.491089,0.8810500832,0.2385254521,0.4084805499,,,,
22914,0.0,-301.919464,-704.442505,1859.265991,0.8902461076,0.191410762,0.413308345,,,,
22915,0.0,-299.299469,-703.060547,1859.046875,0.8935071811,0.1694371901,0.4158556912,,,,
22916,0.0,-296.963806,-701.660583,1858.869141,0.8966507388,0.147525065,0.4174371902,,,,
22917,0.0,-294.441925,-700.230957,1858.758545,0.8980475097,0.1358173012,0.4184068966,,,,
22918,0.0,-291.484344,-698.201538,1858.393433,0.8982865471,0.1336003162,0.418607495,,,,
22919,0.0,-289.159576,-696.534729,1858.134766,0.8982865471,0.1336003162,0.418607495,,,,
22920,0.0,-286.443695,-694.478088,1857.775879,0.8982717988,0.1312471157,0.4193828442,,,,
22921,0.0,-284.241852,-692.716187,1857.206299,0.898694335,0.1234678618,0.4208374737,,,,
22922,0.0,-281.830658,-690.460999,1856.648071,0.8994820985,0.101055214,0.4251115126,,,,
22923,0.0,-280.039551,-688.487,1856.185181,0.9006537655,0.0720625801,0.4285204536,,,,
22924,0.0,-278.208801,-685.941956,1855.581787,0.8995952618,0.0408613164,0.4348088291,,,,
22925,0.0,-276.910339,-683.749329,1855.072754,0.8990874163,0.0331411518,0.4365128656,,,,
22926,0.0,-275.399323,-680.854797,1854.775391,0.8987068247,0.0285522948,0.4376194806,,,,
22927,0.0,-274.21286,-678.393677,1854.82666,0.8986892862,0.0283562939,0.437668239,,,,
22928,0.0,-273.182495,-675.849792,1854.751099,0.8986892862,0.0283562939,0.437668239,,,,
22929,0.0,-272.073029,-672.761047,1854.894775,0.8986892862,0.0283562939,0.437668239,,,,
22930,0.0,-271.367493,-670.4151,1855.004028,0.8986892862,0.0283562939,0.437668239,,,,
22931,0.0,-270.60672,-667.911072,1855.299438,0.8987321241,0.0269662341,0.4376681292,,,,
22932,0.0,-269.927002,-665.46228,1855.589355,0.8987963952,0.0247295867,0.437668239,,,,
22933,0.0,-269.235199,-662.367493,1856.087891,0.8988748861,0.0216898993,0.437668239,,,,
22934,0.0,-268.753967,-659.905701,1856.601929,0.8989142029,0.0199948953,0.4376682077,,,,
22935,0.0,-268.41156,-657.399048,1857.037354,0.8992732692,0.0184091,0.436999648,,,,
22936,0.0,-267.949371,-653.852661,1857.170898,0.899813205,0.0163570875,0.4359686247,,,,
22937,0.0,-267.624756,-651.151306,1857.265503,0.900589506,0.0140684926,0.4344428837,,,,
22938,0.0,-267.465302,-648.454651,1857.5177,0.9017267359,0.0110106233,0.4321662412,,,,
22939,0.0,-267.50238,-645.022644,1857.625,0.9028059853,0.0086368455,0.4299613446,,,,
22940,0.0,-267.808441,-642.351379,1857.614502,0.9039755694,0.0062237581,0.4275388109,,,,
22941,0.0,-268.486664,-639.705872,1857.550293,0.9048023845,0.0044978994,0.4258079542,,,,
22942,0.0,-269.001953,-636.936157,1857.467651,0.9059724019,0.0027664639,0.4233277143,,,,
22943,0.0,-269.503296,-634.301392,1857.367432,0.9071519603,0.0010849424,0.4208017869,,,,
22944,0.0,-270.730652,-628.989197,1857.280396,0.9094349996,-0.0013831901,0.4158438027,,,,
22945,0.0,-271.223099,-627.4086915,1857.2438355,0.9105671998,-0.0019932926,0.4133467211,,,,
22946,0.0,-271.715546,-625.828186,1857.207275,0.9116994001,-0.002603395,0.4108496394,,,,
22947,0.0,-273.707825,-620.503235,1857.12146,0.9161755419,-0.0043064379,0.400754078,,,,
22948,0.0,-274.855988,-617.819336,1857.132324,0.9173732357,-0.0043978735,0.3980037752,,,,
22949,0.0,-276.06897,-615.017761,1857.144775,0.9188043246,-0.0052089536,0.394678958,,,,
22950,0.0,-277.45874,-612.128052,1857.191284,0.9209315512,-0.0053858826,0.3896871441,,,,
22951,0.0,-278.952393,-609.29718,1857.307739,0.9228121047,-0.0053968806,0.3852125297,,,,
22952,0.0,-280.415466,-605.69397,1857.561768,0.9246009586,-0.0054073424,0.3808987111,,,,
22953,0.0,-281.278778,-603.541931,1857.548218,0.925903556,-0.0054149604,0.3777211711,,,,
22954,0.0,-282.708099,-599.529907,1857.3927,0.9275444065,-0.0054245565,0.3736735851,,,,
22955,0.0,-283.457062,-597.095032,1857.220703,0.9291360021,-0.0054338647,0.3696982048,,,,
22956,0.0,-284.404755,-593.888916,1856.970459,0.9313249662,-0.0046889479,0.3641590602,,,,
22957,0.0,-285.22406,-591.197205,1856.636108,0.9326304095,-0.003763502,0.3608134635,,,,
22958,0.0,-285.906403,-588.88678,1856.271729,0.9346539976,-0.0020161497,0.355552865,,,,
22959,0.0,-286.346405,-587.229919,1855.896484,0.9366740895,0.0004677177,0.3502019864,,,,
22960,0.0,-286.528381,-586.235352,1855.672241,0.9376744798,0.0014711294,0.3475117346,,,,
22961,0.0,-286.548096,-585.335266,1855.552124,0.9394658387,0.0033826851,0.3426258824,,,,
22962,0.0,-286.644043,-585.055115,1856.070679,0.9411617937,0.0064593616,0.3378945913,,,,
22963,0.0,-287.448456,-585.248535,1856.887085,0.9426855755,0.0088031033,0.3335662021,,,,
22964,0.0,-287.826721,-585.429626,1857.204224,0.9435714137,0.0104724398,0.3310034972,,,,
22965,0.0,-288.033203,-585.924927,1857.291748,0.9442536149,0.0131874487,0.3289547112,,,,
22966,0.0,-288.289246,-586.588318,1857.134766,0.944870052,0.0143091127,0.327132747,,,,
22967,0.0,-288.794983,-586.928345,1857.5625,0.9454998666,0.017065422,0.3251749894,,,,
22968,0.0,-289.233124,-587.085815,1857.621582,0.9462851023,0.0195365622,0.3227426652,,,,
22969,0.0,-289.313202,-588.411743,1857.539185,0.9466740486,0.0207646106,0.3215230579,,,,
22970,0.0,-289.454224,-589.479858,1857.352661,0.9469175766,0.0224038835,0.3206948225,,,,
22971,0.0,-289.463074,-590.94696,1857.210693,0.9474249865,0.0250130734,0.3189988106,,,,
22972,0.0,-289.582245,-592.590027,1857.112549,0.9477104602,0.0269190349,0.3179941025,,,,
22973,0.0,-289.727753,-594.424011,1856.87793,0.9481930818,0.0295078616,0.3163213016,,,,
22974,0.0,-289.744019,-596.646667,1856.705566,0.9487480119,0.0335355933,0.3142492225,,,,
22975,0.0,-289.905945,-598.777649,1856.679443,0.9492463261,0.0352761175,0.3125492089,,,,
22976,0.0,-289.976166,-600.823364,1856.670532,0.9494725906,0.0368940942,0.3116739088,,,,
22977,0.0,-290.120087,-603.522888,1856.707397,0.9496523629,0.0405775123,0.310666791,,,,
22978,0.0,-290.262848,-605.774048,1856.718872,0.9498378251,0.0423638729,0.3098603046,,,,
22979,0.0,-290.456085,-608.925476,1856.896729,0.9503007436,0.0463970262,0.3078568054,,,,
22980,0.0,-290.687836,-611.585938,1857.207031,0.950687381,0.0499212476,0.3061067994,,,,
22981,0.0,-290.891968,-613.939636,1857.512451,0.9510535948,0.0522909805,0.3045697181,,,,
22982,0.0,-291.039368,-619.615356,1857.779419,0.9516821481,0.0570957219,0.3017302895,,,,
22983,0.0,-291.134491,-621.228973,1857.9454955,0.951782229,0.0585187276,0.3011374449,,,,
22984,0.0,-291.353638,-625.358398,1858.325439,0.9521475971,0.0629950789,0.2990761998,,,,
22985,0.0,-291.4198,-628.548157,1858.413208,0.9524046909,0.0646420915,0.2979038515,,,,
22986,0.0,-291.486206,-630.4281005,1858.4592895,0.9524742372,0.0660815092,0.2973612117,,,,
22987,0.0,-291.860535,-635.276184,1858.512817,0.9526656629,0.0691880076,0.2960424873,,,,
22988,0.0,-291.9306945,-637.149872,1858.456543,0.9528848186,0.0702619968,0.2950790481,,,,
22989,0.0,-291.846741,-641.841614,1858.454224,0.9530598214,0.0722156885,0.2940439952,,,,
22990,0.0,-292.023926,-644.823364,1858.275146,0.9531589011,0.0737312664,0.2933458872,,,,
22991,0.0,-292.039612,-648.602173,1858.068481,0.9533122306,0.0758086253,0.2923163413,,,,
22992,0.0,-292.024292,-651.766174,1857.820435,0.9534361424,0.0775470989,0.2914549191,,,,
22993,0.0,-291.884827,-655.247009,1857.655273,0.9536458986,0.0787362778,0.2904480997,,,,
22994,0.0,-291.840851,-658.032593,1857.5354,0.9538286545,0.0795875964,0.2896147654,,,,
22995,0.0,-291.995422,-660.846802,1857.391235,0.9537467086,0.081122124,0.2894588343,,,,
22996,0.0,-292.356995,-664.321899,1857.123657,0.9539971559,0.0841545723,0.2877628096,,,,
22997,0.0,-292.724579,-667.044373,1857.042725,0.9541849371,0.0851669455,0.2868408917,,,,
22998,0.0,-293.336639,-670.371033,1856.994507,0.954237274,0.0880541148,0.2857931032,,,,
22999,0.0,-293.856354,-673.168335,1857.112549,0.9545162099,0.0907952895,0.2839982754,,,,
23000,0.0,-294.399048,-675.604614,1857.285767,0.9546005198,0.0923691565,0.2832062615,,,,
23001,0.0,-295.548798,-679.002686,1857.251831,0.9547923829,0.093636685,0.2821412357,,,,
23002,0.0,-296.198395,-681.437805,1857.464111,0.9547951956,0.0960527803,0.2813183212,,,,
23003,0.0,-296.990112,-684.277832,1857.764526,0.9550394544,0.0991565089,0.2794058468,,,,
23004,0.0,-297.683105,-686.347778,1857.824585,0.9552554053,0.1016530562,0.2777656688,,,,
23005,0.0,-298.292267,-688.323303,1857.942383,0.9553403447,0.1034787872,0.2767976994,,,,
23006,0.0,-299.148438,-690.603821,1857.961914,0.9555612533,0.1064998151,0.2748826669,,,,
23007,0.0,-299.616119,-692.426025,1858.107544,0.955838216,0.1082724521,0.273222219,,,,
23008,0.0,-300.163452,-694.400635,1858.226807,0.9559816392,0.1120760843,0.2711790124,,,,
23009,0.0,-300.581909,-695.917358,1858.274048,0.956022251,0.1139177928,0.2702668904,,,,
23010,0.0,-301.024017,-697.662903,1858.323364,0.9561667445,0.1150900665,0.269257188,,,,
23011,0.0,-301.417938,-699.271362,1858.430054,0.9563019356,0.1159729833,0.2683968612,,,,
23012,0.0,-301.780334,-700.657288,1858.588623,0.9564555827,0.1169894539,0.2674064059,,,,
23013,0.0,-302.043488,-701.478455,1858.668335,0.956462806,0.1170375922,0.267359501,,,,
23014,0.0,-302.391846,-702.677246,1858.76709,0.9565675916,0.1177395184,0.2666755491,,,,
23015,0.0,-302.735229,-703.756531,1858.880371,0.9566271237,0.1196876242,0.2655925806,,,,
23016,0.0,-302.948059,-704.483337,1858.933594,0.9567337646,0.1205762794,0.2648053334,,,,
23017,0.0,-303.224731,-705.253845,1859.035278,0.9570086477,0.1225174567,0.2629142845,,,,
23018,0.0,-303.459534,-705.880676,1859.119019,0.9573672878,0.1235601865,0.2611144511,,,,
23019,0.0,-303.624512,-706.33075,1859.203491,0.9573204097,0.1244016646,0.2608866784,,,,
23020,0.0,-303.84259,-706.744507,1859.276489,0.9572947669,0.1245988377,0.2608866784,,,,
23021,0.0,-303.71698,-707.045105,1859.18457,0.9574892427,0.1246241501,0.2601598957,,,,
23022,0.0,-303.590057,-707.236145,1859.062378,0.9575423584,0.1246310635,0.2599610162,,,,
23023,0.0,-303.583496,-707.419189,1859.063721,0.9575423584,0.1246310635,0.2599610162,,,,
23024,0.0,-303.480774,-707.507629,1859.051758,0.9575423584,0.1246310635,0.2599610162,,,,
23025,0.0,-303.537109,-707.41571,1859.085693,0.9575423584,0.1246310635,0.2599610162,,,,
23026,0.0,-303.381989,-707.489624,1858.986694,0.9575423584,0.1246310635,0.2599610162,,,,
23027,0.0,-303.161163,-707.8125,1858.7948,0.9577765649,0.1246615472,0.2590821306,,,,
23028,0.0,-303.1611884444,-707.8119778333,1858.7948,0.9577772596,0.1246616376,0.2590795186,,,,
23029,0.0,-303.1612138889,-707.8114556667,1858.7948,0.9577779543,0.124661728,0.2590769067,,,,
23030,0.0,-303.1612393333,-707.8109335,1858.7948,0.957778649,0.1246618185,0.2590742947,,,,
23031,0.0,-303.1612647778,-707.8104113333,1858.7948,0.9577793437,0.1246619089,0.2590716827,,,,
23032,0.0,-303.1612902222,-707.8098891667,1858.7948,0.9577800385,0.1246619993,0.2590690707,,,,
23033,0.0,-303.1613156667,-707.809367,1858.7948,0.9577807332,0.1246620897,0.2590664588,,,,
23034,0.0,-303.1613411111,-707.8088448333,1858.7948,0.9577814279,0.1246621802,0.2590638468,,,,
23035,0.0,-303.1613665556,-707.8083226667,1858.7948,0.9577821226,0.1246622706,0.2590612348,,,,
23036,0.0,-303.161392,-707.8078005,1858.7948,0.9577828173,0.124662361,0.2590586229,,,,
23037,0.0,-303.1614174444,-707.8072783333,1858.7948,0.957783512,0.1246624514,0.2590560109,,,,
23038,0.0,-303.1614428889,-707.8067561667,1858.7948,0.9577842067,0.1246625418,0.2590533989,,,,
23039,0.0,-303.1614683333,-707.806234,1858.7948,0.9577849014,0.1246626323,0.2590507869,,,,
23040,0.0,-303.1614937778,-707.8057118333,1858.7948,0.9577855961,0.1246627227,0.259048175,,,,
23041,0.0,-303.1615192222,-707.8051896667,1858.7948,0.9577862909,0.1246628131,0.259045563,,,,
23042,0.0,-303.1615446667,-707.8046675,1858.7948,0.9577869856,0.1246629035,0.259042951,,,,
23043,0.0,-303.1615701111,-707.8041453333,1858.7948,0.9577876803,0.124662994,0.259040339,,,,
23044,0.0,-303.1615955556,-707.8036231667,1858.7948,0.957788375,0.1246630844,0.2590377271,,,,
23045,0.0,-303.161621,-707.803101,1858.7948,0.9577890697,0.1246631748,0.2590351151,,,,
23046,0.0,-304.781647,-708.602295,1858.855347,0.9576691094,0.1255813921,0.2590351151,,,,
23047,0.0,-305.757385,-707.297363,1858.785278,0.9578597738,0.1256063944,0.2583170289,,,,
23048,0.0,-307.051849,-707.65271,1858.875732,0.9579149051,0.1256136239,0.2581089928,,,,
23049,0.0,-308.435669,-708.186523,1858.959595,0.9579149051,0.1256136239,0.2581089928,,,,
23050,0.0,-309.771759,-708.395508,1858.980469,0.9579149051,0.1256136239,0.2581089928,,,,
23051,0.0,-311.320435,-708.5401,1858.858643,0.9577499291,0.1268655036,0.2581089253,,,,
23052,0.0,-313.081848,-708.838562,1858.72998,0.9577538662,0.1280835119,0.2574920306,,,,
23053,0.0,-315.233978,-709.174133,1858.656494,0.9577944778,0.1284010912,0.2571826163,,,,
23054,0.0,-317.352478,-709.449951,1858.601318,0.9577944778,0.1284010912,0.2571826163,,,,
23055,0.0,-319.357483,-709.618286,1858.430542,0.9577944778,0.1284010912,0.2571826163,,,,
23056,0.0,-321.485229,-709.696167,1858.376587,0.9573115223,0.1336505441,0.2563048601,,,,
23057,0.0,-325.868896,-709.528992,1858.617065,0.9455870094,0.2059780881,0.25186948,,,,
23058,0.0,-328.177979,-709.271545,1859.049194,0.929132263,0.2716795789,0.2508055907,,,,
23059,0.0,-330.478333,-709.060547,1859.239258,0.86940651,0.4248659373,0.252232543,,,,
23060,0.0,-333.278778,-708.503601,1859.47998,0.7946060739,0.5504314758,0.2561764581,,,,
23061,0.0,-335.383057,-707.804688,1859.537354,0.7008677255,0.6632704817,0.2624056009,,,,
23062,0.0,-340.236389,-705.33606,1859.359985,0.5051649552,0.818907525,0.2723946282,,,,
23063,0.0,-344.31723,-703.421631,1858.960693,0.3138187229,0.9078794593,0.2779796694,,,,
23064,0.0,-351.0177,-701.907471,1858.991821,-0.000296899,0.9593965265,0.2820606615,,,,
23065,0.0,-355.278473,-701.971924,1859.103394,-0.1420002191,0.9485643954,0.2829514545,,,,
23066,0.0,-359.797882,-702.381348,1859.149414,-0.3187346671,0.9064607944,0.2770145125,,,,
23067,0.0,-364.340485,-703.068481,1859.160156,-0.4858592949,0.8321218699,0.2674209027,,,,
23068,0.0,-369.589294,-704.48468,1859.157227,-0.6425593165,0.7226934033,0.2546208348,,,,
23069,0.0,-373.006866,-705.391541,1859.098755,-0.692665275,0.6768836767,0.2490849355,,,,
23070,0.0,-375.763763,-706.259033,1859.003052,-0.7163057039,0.6524970422,0.2472928394,,,,
23071,0.0,-378.806,-707.336426,1859.008179,-0.7267553247,0.6412741985,0.2461586893,,,,
23072,0.0,-381.301819,-708.341064,1859.06311,-0.7259155101,0.6419732243,0.2468137993,,,,
23073,0.0,-384.029358,-709.202637,1859.115845,-0.7180218383,0.6510188317,0.2462095054,,,,
23074,0.0,-386.65451,-710.091553,1859.19751,-0.716422602,0.6528392232,0.2460479709,,,,
23075,0.0,-389.417267,-710.898621,1859.275513,-0.716422602,0.6528392232,0.2460479709,,,,
23076,0.0,-393.135315,-711.838196,1859.365356,-0.716422602,0.6528392232,0.2460479709,,,,
23077,0.0,-395.44812,-712.346985,1859.335449,-0.716422602,0.6528392232,0.2460479709,,,,
23078,0.0,-398.754303,-713.061218,1859.334106,-0.716422602,0.6528392232,0.2460479709,,,,
23079,0.0,-402.048126,-713.65332,1859.428833,-0.716422602,0.6528392232,0.2460479709,,,,
23080,0.0,-405.19458,-714.179932,1859.566772,-0.716422602,0.6528392232,0.2460479709,,,,
23081,0.0,-408.311615,-714.622131,1859.549316,-0.716422602,0.6528392232,0.2460479709,,,,
23082,0.0,-411.529846,-715.083008,1859.426514,-0.716422602,0.6528392232,0.2460479709,,,,
23083,0.0,-414.692291,-715.503967,1859.349243,-0.716422602,0.6528392232,0.2460479709,,,,
23084,0.0,-417.869354,-715.939636,1858.930542,-0.7151962996,0.6544332707,0.2453800059,,,,
23085,0.0,-421.079193,-716.207825,1858.644897,-0.699911395,0.6718321127,0.2424162773,,,,
23086,0.0,-424.504608,-716.299438,1858.129395,-0.652708902,0.7186760556,0.2397411443,,,,
23087,0.0,-427.280609,-716.082153,1857.754639,-0.5719641638,0.784257551,0.2404102516,,,,
23088,0.0,-433.068451,-716.197327,1857.201538,-0.4179191405,0.8728649271,0.2518936504,,,,
23089,0.0,-434.8710175,-716.1181335,1857.200012,-0.3689339963,0.8904159616,0.2612508034,,,,
23090,0.0,-439.584717,-715.731445,1857.155151,-0.2919056764,0.916022859,0.2751239683,,,,
23091,0.0,-442.673187,-715.288086,1857.231445,-0.2510439551,0.9267383224,0.2795228336,,,,
23092,0.0,-444.499252,-714.9496765,1857.256897,-0.225512779,0.932387113,0.2812676023,,,,
23093,0.0,-449.214783,-713.826904,1857.41748,-0.1636353222,0.944549846,0.284691183,,,,
23094,0.0,-452.007996,-713.049072,1857.537476,-0.1299924455,0.9492703706,0.2863349919,,,,
23095,0.0,-454.794159,-712.07135,1857.798706,-0.1115205601,0.9513225486,0.287312675,,,,
23096,0.0,-458.271851,-710.800781,1858.095459,-0.0906634426,0.9530219636,0.2890143199,,,,
23097,0.0,-461.317841,-709.668884,1858.182251,-0.077637511,0.9540366769,0.2894588677,,,,
23098,0.0,-464.909668,-708.197449,1858.30188,-0.0691601514,0.9544437688,0.2902653366,,,,
23099,0.0,-467.750305,-706.935791,1858.315186,-0.0618194197,0.9546915063,0.2911056288,,,,
23100,0.0,-470.448669,-705.675842,1858.261475,-0.0543217469,0.9548931982,0.2919385686,,,,
23101,0.0,-473.852203,-703.703308,1858.112671,-0.044680248,0.9550650302,0.2930093233,,,,
23102,0.0,-476.281403,-702.246826,1858.077759,-0.0376240206,0.9551056063,0.2938668303,,,,
23103,0.0,-478.794159,-700.756653,1858.133423,-0.0341105163,0.9551830199,0.2940439952,,,,
23104,0.0,-481.496826,-698.714478,1858.110107,-0.0317911028,0.955263029,0.2940439952,,,,
23105,0.0,-483.447021,-696.830811,1858.121216,-0.0316084551,0.9552690901,0.2940439952,,,,
23106,0.0,-485.7453,-694.47998,1858.094727,-0.0316084551,0.9552690901,0.2940439952,,,,
23107,0.0,-487.479767,-692.438721,1858.129761,-0.0316084551,0.9552690901,0.2940439952,,,,
23116,0.0,-494.81015,-670.18042,1859.678467,-0.0316084551,0.9552690901,0.2940439952,,,,
23117,0.0,-495.558258,-666.717773,1859.748535,-0.0316084551,0.9552690901,0.2940439952,,,,
23118,0.0,-496.404816,-662.759155,1859.831787,-0.0316084551,0.9552690901,0.2940439952,,,,
23119,0.0,-497.368073,-658.30011,1859.884644,-0.0316084551,0.9552690901,0.2940439952,,,,
23120,0.0,-498.025482,-655.155518,1859.967041,-0.0316084551,0.9552690901,0.2940439952,,,,
23121,0.0,-498.687439,-651.872314,1860.184814,-0.0323596956,0.9552439369,0.2940439952,,,,
23122,0.0,-499.089844,-649.149536,1860.342407,-0.0342139681,0.9549172454,0.294893979,,,,
23123,0.0,-499.716858,-645.819763,1860.226074,-0.0361124743,0.954551765,0.295849315,,,,
23124,0.0,-500.325043,-642.667664,1859.979004,-0.0379102305,0.9542010935,0.2967542544,,,,
23125,0.0,-500.839874,-639.582642,1859.797607,-0.0388069206,0.953893815,0.297624953,,,,
23126,0.0,-501.434418,-636.336243,1859.319214,-0.0388880529,0.9538648354,0.2977072306,,,,
23127,0.0,-502.640961,-630.128723,1858.444458,-0.0388792615,0.9536557403,0.2983774992,,,,
23128,0.0,-503.156891,-628.10791,1858.19281,-0.0379776624,0.9533738101,0.2993896434,,,,
23129,0.0,-503.672821,-626.087097,1857.941162,-0.0370760634,0.9530918799,0.3004017875,,,,
23130,0.0,-504.69989,-622.910889,1857.754395,-0.0352127363,0.9525798473,0.3022444337,,,,
23131,0.0,-506.492279,-617.318176,1857.311401,-0.0270999042,0.9512270217,0.3072991188,,,,
23132,0.0,-507.1222685,-615.616058,1857.2022705,-0.0239377106,0.950653991,0.309305066,,,,
23133,0.0,-508.845856,-611.427856,1856.73877,-0.0141585683,0.9488387043,0.3154435737,,,,
23134,0.0,-510.360687,-609.294128,1856.466309,-0.0092072409,0.9480342836,0.3180349411,,,,
23135,0.0,-512.542725,-606.672119,1856.087646,0.0002969302,0.9464727914,0.3227834676,,,,
23136,0.0,-514.443359,-604.735168,1855.542847,0.0087219004,0.9452391274,0.3262620426,,,,
23137,0.0,-516.714966,-602.572449,1856.02356,0.019247644,0.9439262625,0.3295948106,,,,
23176,0.0,-609.310791,-536.175842,1796.415283,0.4599533211,0.8425511095,0.2802687467,,,,
23177,0.0,-609.244049,-536.2143555,1796.3985595,0.4599533211,0.8425511095,0.2802687467,,,,
23178,0.0,-609.177307,-536.252869,1796.381836,0.4599533211,0.8425511095,0.2802687467,,,,
23179,0.0,-609.108582,-536.281921,1796.432251,0.4599533211,0.8425511095,0.2802687467,,,,
23180,0.0,-609.223999,-536.315308,1796.459351,0.4599533211,0.8425511095,0.2802687467,,,,
23181,0.0,-608.108032,-535.657349,1795.044556,0.4197836279,0.8634659125,0.2796575116,,,,
23182,0.0,-607.737,-530.865906,1793.35437,0.352640095,0.8930898563,0.2793482987,,,,
23183,0.0,-607.749023,-527.097839,1792.171021,0.2642397103,0.92210375,0.2826695063,,,,
23184,0.0,-607.24762,-524.788147,1790.799316,0.2115644794,0.9351065521,0.2842819153,,,,
23185,0.0,-606.563293,-521.290161,1788.473389,0.1019146338,0.9531338519,0.2848671053,,,,
23186,0.0,-606.568726,-518.465637,1786.815674,-0.0012234421,0.9585662494,0.2848670719,,,,
23187,0.0,-606.440735,-514.760864,1784.543335,-0.1364873879,0.9501369418,0.2803765053,,,,
23188,0.0,-606.405823,-512.308777,1783.001709,-0.2221069525,0.9357732941,0.273855516,,,,
23189,0.0,-606.327759,-508.579254,1780.517212,-0.3103277217,0.9122241404,0.2674767705,,,,
23190,0.0,-606.745605,-506.373138,1778.901855,-0.3962068755,0.8797490294,0.2627960371,,,,
23191,0.0,-607.059814,-503.670074,1776.758179,-0.4580675498,0.8499542726,0.2602918636,,,,
23192,0.0,-607.446716,-500.440247,1773.951904,-0.5411076643,0.8004909687,0.2577143859,,,,
23193,0.0,-607.54895,-498.126068,1771.987671,-0.5865477765,0.7683992458,0.255977157,,,,
23194,0.0,-607.312378,-494.644897,1769.132935,-0.6174051564,0.7443310452,0.2545234134,,,,
23195,0.0,-606.897827,-491.652008,1766.93103,-0.6227520091,0.7399050872,0.2544020381,,,,
23196,0.0,-606.493164,-488.908478,1765.039795,-0.6232159218,0.7395143623,0.2544020888,,,,
23197,0.0,-606.122192,-486.204529,1763.156982,-0.6232159218,0.7395143623,0.2544020888,,,,
23198,0.0,-605.574829,-482.165405,1760.423706,-0.6232159218,0.7395143623,0.2544020888,,,,
23199,0.0,-605.236328,-479.536835,1758.580322,-0.6232159218,0.7395143623,0.2544020888,,,,
23200,0.0,-604.757385,-475.669556,1755.997559,-0.6232159218,0.7395143623,0.2544020888,,,,
23201,0.0,-604.454651,-473.147827,1754.362061,-0.6232159218,0.7395143623,0.2544020888,,,,
23202,0.0,-604.078857,-470.297424,1752.564087,-0.6232159218,0.7395143623,0.2544020888,,,,
23203,0.0,-603.549133,-466.209656,1749.928955,-0.6232159218,0.7395143623,0.2544020888,,,,
23204,0.0,-603.205688,-463.202301,1747.831421,-0.6232159218,0.7395143623,0.2544020888,,,,
23205,0.0,-602.82373,-460.068634,1745.753174,-0.6232159218,0.7395143623,0.2544020888,,,,
23206,0.0,-602.488464,-457.257599,1743.819702,-0.6232159218,0.7395143623,0.2544020888,,,,
23207,0.0,-601.997314,-453.171997,1740.982178,-0.6319688458,0.7339472746,0.2488710026,,,,
23208,0.0,-601.713684,-450.487122,1739.033569,-0.6411746498,0.7273223658,0.2447391359,,,,
23209,0.0,-601.277588,-446.26593,1735.927246,-0.6677637022,0.7062191973,0.2352574831,,,,
23210,0.0,-600.966309,-443.195343,1733.516235,-0.6861119304,0.6904764119,0.2291129493,,,,
23211,0.0,-600.65509,-438.129181,1729.3302,-0.7163627453,0.6624604098,0.2190219684,,,,
23212,0.0,-600.6016235,-435.8348695,1727.2701415,-0.7345166487,0.6432257407,0.2145373886,,,,
23213,0.0,-600.548157,-433.540558,1725.210083,-0.7526705521,0.6239910716,0.2100528089,,,,
23214,0.0,-600.686218,-430.967346,1722.997681,-0.7760569884,0.5958024729,0.2067727352,,,,
23215,0.0,-600.841003,-427.962067,1720.23999,-0.8046122726,0.5580270584,0.2029898837,,,,
23339,0.0,-921.886841,-438.493683,1678.548828,0.8298453643,0.5462370072,0.1139377171,0.0013633817,38.8897891619,745.0062921375,2.0
23340,0.0,-921.629028,-438.082733,1678.489868,0.8298453643,0.5462370072,0.1139377171,0.0013564213,38.8102455991,745.3863273618,2.0
24148,0.0,83.370399,-1356.153809,1722.701294,-0.9659175547,0.258849913,0.0,,,,
24149,0.0,83.370399,-1356.153809,1722.701294,-0.9659175547,0.258849913,0.0,,,,
24150,0.0,83.370399,-1356.153809,1722.701294,-0.9659175547,0.258849913,0.0,,,,
24151,0.0,83.370399,-1356.153809,1722.701294,-0.9659175547,0.258849913,0.0,,,,
24152,0.0,83.370399,-1356.153809,1722.701294,-0.8049197181,-0.5926213146,0.0300703343,,,,
24153,0.0,79.739059,-1363.523438,1722.701294,0.0105448439,-0.9979147606,0.0636783857,,,,
24154,0.0,86.954308,-1363.757935,1697.628784,0.1107417294,-0.9916483453,0.0661046787,,,,
24155,0.0,79.732048,-1364.288086,1702.493042,-0.9950877234,-0.0984812215,0.010093155,,,,
24156,0.0,79.728073,-1364.032837,1707.001465,-0.9659175547,0.258849913,0.0,,,,
24157,0.0,79.732567,-1363.694214,1712.990479,-0.9659175547,0.258849913,0.0,,,,
24158,0.0,79.741859,-1363.466675,1716.999023,-0.9659175547,0.258849913,0.0,,,,
24159,0.0,79.757889,-1363.217041,1721.401855,-0.9659175547,0.258849913,0.0,,,,
24160,0.0,79.785614,-1362.913574,1722.701294,-0.9659175547,0.258849913,0.0,,,,
24161,0.0,79.818321,-1362.640991,1722.701294,-0.9659175547,0.258849913,0.0,,,,
24162,0.0,79.858116,-1362.370361,1722.701294,-0.9659175547,0.258849913,0.0,,,,
24163,0.0,79.9151,-1362.04834,1722.701294,-0.9659175547,0.258849913,0.0,,,,
24164,0.0,79.973442,-1361.767944,1722.701294,-0.9659175547,0.258849913,0.0,,,,
24165,0.0,80.020119,-1361.567749,1722.701294,-0.9659175547,0.258849913,0.0,,,,
24166,0.0,80.107071,-1361.235352,1722.701294,-0.9659175547,0.258849913,0.0,,,,
24167,0.0,80.193733,-1360.942017,1722.701294,-0.9659175547,0.258849913,0.0,,,,
24168,0.0,80.347069,-1360.487915,1722.701294,-0.9659175547,0.258849913,0.0,,,,
24169,0.0,80.396942,-1360.3565065,1722.701294,-0.9659175547,0.258849913,0.0,,,,
24170,0.0,80.446815,-1360.225098,1722.701294,-0.9659175547,0.258849913,0.0,,,,
24171,0.0,80.659607,-1359.725464,1722.701294,-0.9659175547,0.258849913,0.0,,,,
24172,0.0,80.798683,-1359.43396,1722.701294,-0.9661186062,0.2580973303,0.0007789753,,,,
24173,0.0,80.92907,-1359.180176,1722.701294,-0.9667808085,0.2556050649,0.0009587441,,,,
24174,0.0,80.999165,-1359.0526125,1722.701294,-0.967477669,0.2529335734,0.0017995114,,,,
24175,0.0,81.06926,-1358.925049,1722.701294,-0.9681745294,0.2502620819,0.0026402787,,,,
24176,0.0,81.26548,-1358.759277,1722.701294,-0.9709810297,0.2391356541,0.0031589534,,,,
24177,0.0,81.346092,-1358.886353,1722.701294,-0.9735213079,0.2285955272,0.0005898514,,,,
24178,0.0,81.44249,-1358.970337,1722.701294,-0.9749463724,0.2224386289,-0.0007920827,,,,
24179,0.0,81.559334,-1359.005005,1722.701294,-0.9751312513,0.2216260894,-0.0009587441,,,,
24180,0.0,81.67823,-1359.031982,1722.701294,-0.9751312513,0.2216260894,-0.0009587441,,,,
24181,0.0,81.804482,-1359.060791,1722.701294,-0.9751312513,0.2216260894,-0.0009587441,,,,
24182,0.0,81.942101,-1359.092041,1722.701294,-0.9751312513,0.2216260894,-0.0009587441,,,,
24183,0.0,82.040474,-1359.11438,1722.701294,-0.9751312513,0.2216260894,-0.0009587441,,,,
24184,0.0,82.196808,-1359.149902,1722.701294,-0.9751312513,0.2216260894,-0.0009587441,,,,
24185,0.0,82.351982,-1359.185181,1722.701294,-0.9751312513,0.2216260894,-0.0009587441,,,,
24186,0.0,82.517128,-1359.222778,1722.701294,-0.9751312513,0.2216260894,-0.0009587441,,,,
24187,0.0,82.665268,-1359.256348,1722.701294,-0.9751312513,0.2216260894,-0.0009587441,,,,
24188,0.0,82.665268,-1359.256348,1722.701294,-0.9751312513,0.2216260894,-0.0009587441,,,,
24189,0.0,82.671585,-1359.29834,1722.701294,-0.9761856828,0.2169345373,-0.0009587441,,,,
24190,0.0,82.691925,-1359.416016,1722.701294,-0.9790430547,0.2036205692,-0.0036552524,,,,
24191,0.0,82.683327,-1359.368408,1722.701294,-0.9779084824,0.209012817,-0.002939776,,,,
24192,0.0,82.627884,-1358.894897,1722.701416,-0.9651722128,0.2614532244,0.0092092916,,,,
24193,0.0,82.75428,-1357.566162,1722.701782,-0.9157562588,0.3994735642,0.0425599103,,,,
24194,0.0,83.210022,-1356.420776,1722.701416,-0.8550020351,0.513675697,0.0714758576,,,,
24195,0.0,83.370399,-1356.153809,1722.701294,-0.6653789238,0.7353118996,0.128791685,,,,
24196,0.0,83.370399,-1356.153809,1722.701294,-0.417584827,0.8909885995,0.1782196054,,,,
24197,0.0,86.384178,-1354.807739,1722.700562,-0.0646743157,0.9739630277,0.2172861099,0.0989688423,625.2040470521,1441.3780966806,2.0
24198,0.0,88.324875,-1354.267944,1722.70105,0.1339052774,0.9629911576,0.233917522,0.0450999335,428.2236477711,1442.1831430964,2.0
24199,0.0,90.109154,-1354.123657,1722.701172,0.3049450283,0.9212897643,0.2413165968,0.0299926534,350.8697809574,1443.4594847724,2.0
24200,0.0,92.731659,-1354.513672,1722.701294,0.5393192357,0.8069436827,0.2407834192,0.0647657443,511.633806622,1445.1728078828,2.0
24201,0.0,94.295578,-1355.100342,1722.701294,0.6676830648,0.7051218336,0.2387520152,,,,
24202,0.0,95.264679,-1355.643921,1722.701172,0.7420804615,0.6249799373,0.2423152216,,,,
24203,0.0,95.971748,-1356.131226,1722.701172,0.7905188693,0.5560843523,0.2566127635,,,,
24204,0.0,95.990532,-1356.148193,1722.701294,0.7918400886,0.5539371589,0.2571826163,,,,
24205,0.0,95.982796,-1356.144409,1722.701294,0.7915664181,0.554684375,0.2564134356,,,,
24206,0.0,95.985367,-1356.140747,1722.701294,0.7915101931,0.554837341,0.2562560034,,,,
24207,0.0,95.983368,-1356.142212,1722.701294,0.7915101931,0.554837341,0.2562560034,,,,
24208,0.0,95.985626,-1356.140625,1722.701294,0.7915101931,0.554837341,0.2562560034,,,,
24209,0.0,95.984253,-1356.141479,1722.701294,0.7915101931,0.554837341,0.2562560034,,,,
24210,0.0,95.981583,-1356.143433,1722.701294,0.7915101931,0.554837341,0.2562560034,,,,
24211,0.0,95.988037,-1356.138916,1722.701294,0.7915101931,0.554837341,0.2562560034,,,,
24212,0.0,95.981781,-1356.143311,1722.701294,0.7915101931,0.554837341,0.2562560034,,,,
24213,0.0,95.981583,-1356.143433,1722.701294,0.7915101931,0.554837341,0.2562560034,,,,
24214,0.0,95.984207,-1356.141724,1722.701294,0.7915101931,0.554837341,0.2562560034,,,,
24215,0.0,95.986122,-1356.14032,1722.701294,0.7915101931,0.554837341,0.2562560034,,,,
24216,0.0,95.988037,-1356.138916,1722.701294,0.7915101931,0.554837341,0.2562560034,,,,
24217,0.0,96.096924,-1356.062744,1722.701294,0.7915101931,0.554837341,0.2562560034,,,,
24218,0.0,96.169891,-1356.011353,1722.701294,0.7915101931,0.554837341,0.2562560034,,,,
24219,0.0,96.260345,-1355.94812,1722.701294,0.7915101931,0.554837341,0.2562560034,,,,
24220,0.0,96.321617,-1355.903687,1722.701294,0.7915101931,0.554837341,0.2562560034,,,,
24221,0.0,96.560173,-1356.095459,1722.701294,0.7916941688,0.5549663054,0.2554070144,,,,
24222,0.0,96.756218,-1356.262573,1722.701294,0.7938660279,0.5536597595,0.2514708738,,,,
24223,0.0,96.971291,-1356.455811,1722.701294,0.7972410657,0.5505878857,0.2475068954,,,,
24224,0.0,97.165306,-1356.639893,1722.701294,0.8000585485,0.5480733956,0.2439710476,,,,
24225,0.0,97.35128,-1356.825439,1722.701294,0.8011402138,0.5471148726,0.2425689056,,,,
24226,0.0,97.575287,-1357.062622,1722.701294,0.8008545535,0.5476391039,0.2423291067,,,,
24227,0.0,97.755898,-1357.265015,1722.701294,0.8005124352,0.5484926198,0.2415278185,,,,
24228,0.0,97.923233,-1357.462646,1722.701294,0.7996432311,0.5498157046,0.2413988275,,,,
24229,0.0,98.102379,-1357.686157,1722.701294,0.7991436063,0.5508661538,0.2406573851,0.0691273655,677.7248131833,1855.0327001842,4.0
24230,0.0,98.291077,-1357.936035,1722.701294,0.7990748802,0.5510483677,0.2404683602,0.0690698677,677.4938929795,1855.1447117129,4.0
24231,0.0,98.422836,-1358.120483,1722.701294,0.7990748802,0.5510483677,0.2404683602,0.069098358,677.6520261426,1855.2088252297,4.0
24232,0.0,98.585899,-1358.361328,1722.701294,0.7990748802,0.5510483677,0.2404683602,0.0686406513,677.0061854491,1859.3895924461,4.0
24233,0.0,98.744461,-1358.610352,1722.701294,0.7990748802,0.5510483677,0.2404683602,0.0686947708,677.1815043442,1859.1643804263,4.0
24234,0.0,98.89595,-1358.864258,1722.701294,0.7990748802,0.5510483677,0.2404683602,0.0688043231,677.4442439433,1858.4571551723,4.0
24235,0.0,99.033783,-1359.11084,1722.701294,0.7990748802,0.5510483677,0.2404683602,0.06892278,677.7327006905,1857.7070423384,4.0
24236,0.0,99.166206,-1359.364014,1722.701294,0.7990748802,0.5510483677,0.2404683602,0.0691813054,678.1128686358,1855.3970528052,4.0
24237,0.0,99.28791,-1359.612671,1722.701294,0.7990748802,0.5510483677,0.2404683602,0.0694602405,678.5014328205,1852.8627590575,4.0
24238,0.0,99.402985,-1359.865234,1722.701294,0.7990748802,0.5510483677,0.2404683602,0.0697864586,679.0975396594,1850.3074523804,4.0
24239,0.0,99.514709,-1360.129028,1722.701294,0.7990748802,0.5510483677,0.2404683602,0.0701932836,680.03425898,1847.6772271407,4.0
24240,0.0,99.619263,-1360.396851,1722.701294,0.7990748802,0.5510483677,0.2404683602,0.0706481666,681.206439578,1845.1113517685,4.0
24241,0.0,99.713791,-1360.659912,1722.701294,0.7990748802,0.5510483677,0.2404683602,0.0711409321,682.6129228592,1842.7417763849,4.0
24242,0.0,99.781525,-1360.898804,1722.701294,0.7990748802,0.5510483677,0.2404683602,0.0717411848,684.5125310871,1840.4095064078,4.0
24243,0.0,99.716064,-1360.944092,1722.701294,0.7990748802,0.5510483677,0.2404683602,0.0722161869,685.9235538677,1838.3545521707,4.0
24244,0.0,99.639282,-1360.98877,1722.701294,0.7986846861,0.5516137597,0.2404683602,0.0726970667,687.380552021,1836.3852910737,4.0
24245,0.0,99.526855,-1361.042603,1722.701294,0.7977319113,0.5533685574,0.2395976574,0.0726525937,686.3192939852,1834.0900067768,4.0
24246,0.0,99.428711,-1361.073853,1722.701294,0.7959722694,0.5559225289,0.239537655,0.0723285868,684.2906372234,1832.6060021112,4.0
24247,0.0,99.300247,-1361.125488,1722.701294,0.7942555188,0.5587360367,0.2386885254,0.0715695721,680.1814147765,1830.8744456637,4.0
24248,0.0,99.193367,-1361.165527,1722.701294,0.7926480603,0.5613477258,0.2379028863,0.0709400276,676.7434467264,1829.386701119,4.0
24249,0.0,99.001434,-1361.182983,1722.701294,0.7870683104,0.5702229763,0.2353066767,0.0676652779,661.1341435135,1828.375834549,4.0
24250,0.0,98.795395,-1361.202148,1722.701294,0.7805402477,0.5799728891,0.2332131422,0.0642972578,644.7445269548,1827.5619444788,4.0
24251,0.0,98.471436,-1361.170898,1722.701294,0.7660336196,0.6005355359,0.2292369164,0.0575418102,610.761074727,1826.8536221041,4.0
24252,0.0,98.114281,-1361.12793,1722.701294,0.7473107322,0.6246136398,0.2266814297,0.050861373,575.0281810133,1826.3067542228,4.0
24253,0.0,97.684219,-1361.096924,1722.701294,0.722830942,0.6535124121,0.2245817366,0.0441835397,536.6766395171,1825.6536530303,4.0
24254,0.0,97.402328,-1361.000244,1722.701294,0.699662996,0.6785498265,0.2237003017,0.0396907555,509.0554965422,1824.980188092,4.0
24255,0.0,97.305229,-1360.814697,1722.701294,0.6811883949,0.6973638012,0.2228589229,0.0369919191,491.5503907167,1824.120695275,4.0
24256,0.0,96.925766,-1360.536011,1722.701294,0.6347518403,0.7396839263,0.2235123941,0.0340731848,471.8618510271,1823.1601921033,4.0
24257,0.0,95.945129,-1360.199585,1722.701294,0.5200745086,0.824265053,0.2238517989,0.042097807,523.072309948,1821.9501810507,4.0
24258,0.0,95.6092755,-1360.3153075,1722.701294,0.4665913183,0.8540012292,0.2218689223,0.0531993927,582.8370582962,1821.6937624346,4.0
24259,0.0,95.273422,-1360.43103,1722.701294,0.413108128,0.8837374053,0.2198860457,0.0643009784,642.6018066444,1821.4373438185,4.0
24260,0.0,95.508873,-1361.020264,1722.701416,0.3238840414,0.9225587064,0.2097249653,0.0906346638,757.177401151,1820.1448975894,4.0
24261,0.0,96.103661,-1361.293213,1722.701294,0.3060076243,0.9294256808,0.2062213319,0.0963840544,779.2547913745,1819.2283653071,4.0
24262,0.0,96.89003,-1361.542358,1722.701294,0.300143025,0.9317572849,0.2043098788,0.0980082356,785.0059131306,1818.1818853078,4.0
24263,0.0,98.061356,-1361.900757,1722.701294,0.2940229056,0.934182931,0.2021207126,0.0996015519,790.4416781388,1816.8306396701,4.0
24264,0.0,99.117599,-1362.303467,1722.701294,0.2767641694,0.9407407757,0.1959805794,0.1049265023,809.6624336215,1815.7178473694,4.0
24265,0.0,100.282997,-1362.72168,1722.701416,0.2609967015,0.9463197459,0.1906820924,0.1100522697,827.5566892783,1814.5684479538,4.0
24266,0.0,101.523636,-1363.253174,1722.701538,0.2305011047,0.9562628406,0.1800850369,0.120891654,864.2273385573,1813.234317686,4.0
24267,0.0,103.360786,-1363.889404,1722.701294,0.2042255821,0.9640441099,0.1700319551,0.1304970468,894.7777174693,1811.5559045371,4.0
24268,0.0,105.013435,-1364.386963,1722.701294,0.1883433319,0.9685292759,0.1627201006,0.1362329877,912.0600162712,1810.0328888465,4.0
24269,0.0,106.649612,-1364.790771,1722.701294,0.183199842,0.9700847964,0.1592900052,0.1376207153,915.5724646606,1808.4926640466,4.0
24270,0.0,108.414612,-1365.204834,1722.701294,0.1789244421,0.9714309992,0.1559097746,0.1385829113,917.7062678295,1806.870424427,4.0
24271,0.0,111.030029,-1365.828125,1722.701294,0.1676196202,0.9746520427,0.1481791439,0.1420462309,927.0216417354,1804.5028159425,4.0
24272,0.0,113.098465,-1366.340698,1722.701294,0.1524480656,0.9783551891,0.1399310944,0.1477746005,943.0347855042,1802.5233450326,4.0
24273,0.0,115.04541,-1366.785522,1722.701294,0.1409941614,0.9807817762,0.134861981,,,,
24274,0.0,117.145935,-1367.28894,1722.701416,0.1225149818,0.9842514672,0.1274328396,,,,
24275,0.0,119.683525,-1368.026978,1722.701538,0.0766450104,0.9906528814,0.1128379852,,,,
24276,0.0,122.05098,-1368.55957,1722.701416,0.0505690009,0.9931476245,0.1053592521,,,,
24277,0.0,124.827835,-1369.085938,1722.701294,0.0277961092,0.9946185202,0.099806691,,,,
24278,0.0,127.230545,-1369.476196,1722.701294,0.0117365904,0.9953725736,0.0953713388,,,,
24279,0.0,129.627197,-1369.834473,1722.701416,-0.0046690807,0.9959073805,0.0902590115,,,,
24280,0.0,132.775955,-1370.195679,1722.701294,-0.0174667879,0.9961104834,0.0863644385,,,,
24281,0.0,135.267807,-1370.425659,1722.701294,-0.0252573394,0.9961642563,0.0837785257,,,,
24282,0.0,137.832504,-1370.642212,1722.701294,-0.0346634404,0.996160317,0.0803932133,,,,
24283,0.0,141.142044,-1370.860107,1722.701294,-0.0441838699,0.9959924605,0.0777612004,,,,
24284,0.0,143.563126,-1370.925293,1722.701294,-0.0554485852,0.9956200962,0.0752733586,,,,
24285,0.0,145.956161,-1370.815674,1722.701294,-0.0675982414,0.9950537934,0.0727902877,,,,
24286,0.0,148.909744,-1370.386108,1722.701294,-0.0780550233,0.9944596492,0.0704089451,,,,
24287,0.0,151.571976,-1369.792969,1722.701294,-0.0906698859,0.9935714667,0.0677843071,,,,
24288,0.0,154.169815,-1369.052246,1722.701294,-0.0991855292,0.9928539622,0.0663569171,,,,
24289,0.0,157.271683,-1367.92749,1722.701294,-0.1135635497,0.9913891675,0.0651984559,,,,
24290,0.0,159.434998,-1366.883789,1722.701294,-0.1200456696,0.9905174588,0.0668146762,,,,
24291,0.0,161.403259,-1365.6875,1722.701294,-0.1270058615,0.9895805836,0.0678216756,,,,
24292,0.0,163.666962,-1363.973755,1722.701294,-0.1285799457,0.9893638218,0.0680178329,,,,
24293,0.0,165.42189,-1362.30481,1722.701294,-0.1285799457,0.9893638218,0.0680178329,,,,
24294,0.0,166.869659,-1360.637207,1722.701294,-0.1285722309,0.9893044594,0.0688902614,,,,
24295,0.0,168.191025,-1358.836914,1722.701294,-0.1285714823,0.9892986993,0.0689743255,,,,
24296,0.0,169.317978,-1356.910767,1722.701294,-0.1285714823,0.9892986993,0.0689743255,,,,
24297,0.0,170.164719,-1354.963867,1722.701294,-0.1285714823,0.9892986993,0.0689743255,,,,
24298,0.0,170.854813,-1352.539795,1722.701294,-0.1285714823,0.9892986993,0.0689743255,,,,
24299,0.0,171.126053,-1350.571899,1722.701294,-0.1285714823,0.9892986993,0.0689743255,,,,
24300,0.0,171.030457,-1346.724487,1722.701294,-0.1285714823,0.9892986993,0.0689743255,,,,
24301,0.0,170.718292,-1344.846191,1722.701294,-0.1285714823,0.9892986993,0.0689743255,,,,
24302,0.0,170.149612,-1342.627197,1722.701294,-0.1285714823,0.9892986993,0.0689743255,,,,
24303,0.0,169.454025,-1340.596313,1722.701294,-0.1285714823,0.9892986993,0.0689743255,,,,
24304,0.0,168.556641,-1338.601562,1722.701294,-0.1374382169,0.9881622941,0.0681616974,0.1247579609,800.0398735115,1654.0507609449,2.0
24305,0.0,167.399872,-1336.714966,1722.701294,-0.1678495102,0.9836330311,0.065517952,0.1401500684,843.7795253714,1652.6975156517,2.0
24306,0.0,166.096115,-1335.038452,1722.701294,-0.213854462,0.9747449614,0.0643314029,,,,
24307,0.0,164.601151,-1333.080322,1722.701294,-0.2434736615,0.9677809956,0.0641912813,,,,
24308,0.0,163.278076,-1331.444336,1722.701294,-0.2873381009,0.9556758316,0.0641912813,,,,
24309,0.0,161.984024,-1329.619629,1722.701294,-0.3220387165,0.944547799,0.0641912813,,,,
24310,0.0,160.414078,-1326.905396,1722.701294,-0.3602935993,0.9306917248,0.0632569024,,,,
24311,0.0,159.470779,-1325.162231,1722.701416,-0.4033061736,0.9129683039,0.0619112787,,,,
24312,0.0,158.334351,-1322.652954,1722.701294,-0.4483703236,0.8917420144,0.0613207363,,,,
24313,0.0,157.365463,-1319.951172,1722.701294,-0.4809681201,0.87459101,0.0613207363,,,,
24314,0.0,156.570755,-1317.110596,1722.701294,-0.5249465798,0.8489882126,0.0604160848,,,,
24315,0.0,156.309387,-1314.758667,1722.701294,-0.5391411435,0.8400494276,0.0603637857,,,,
24316,0.0,156.318176,-1312.643921,1722.701294,-0.5447290153,0.836436797,0.0603637682,,,,
24317,0.0,156.560822,-1310.212524,1722.701294,-0.5456935309,0.8358078642,0.0603637682,,,,
24318,0.0,157.003723,-1307.887207,1722.701294,-0.5456935309,0.8358078642,0.0603637682,,,,
24319,0.0,157.59053,-1305.736328,1722.701294,-0.5456935309,0.8358078642,0.0603637682,,,,
24320,0.0,158.410248,-1303.399536,1722.701294,-0.5456935309,0.8358078642,0.0603637682,,,,
24321,0.0,159.357269,-1301.182861,1722.701294,-0.5456935309,0.8358078642,0.0603637682,,,,
24322,0.0,160.445084,-1298.996582,1722.701294,-0.5456935309,0.8358078642,0.0603637682,,,,
24323,0.0,161.506882,-1296.921509,1722.701294,-0.5456935309,0.8358078642,0.0603637682,,,,
24324,0.0,162.451767,-1294.983276,1722.701294,-0.5461990372,0.8354776043,0.0603637682,,,,
24325,0.0,163.783615,-1292.01709,1722.701294,-0.5464945914,0.8352843091,0.0603637682,,,,
24326,0.0,164.651016,-1289.948242,1722.701294,-0.5464945914,0.8352843091,0.0603637682,,,,
24327,0.0,165.786453,-1287.072388,1722.701294,-0.5464945914,0.8352843091,0.0603637682,,,,
24328,0.0,166.801147,-1284.34668,1722.701294,-0.5472014509,0.8348214106,0.0603637682,,,,
24329,0.0,167.755875,-1281.639526,1722.701294,-0.5494354867,0.8332896473,0.0612291568,,,,
24330,0.0,168.46196,-1279.543457,1722.701294,-0.5512941205,0.8320544213,0.0613207363,,,,
24331,0.0,169.395309,-1276.645874,1722.701294,-0.553878837,0.8303360773,0.0613207363,,,,
24332,0.0,170.263,-1273.824707,1722.701294,-0.5556897975,0.8290719595,0.0620365615,,,,
24333,0.0,171.046341,-1271.170776,1722.701294,-0.557692136,0.8276586504,0.0629336148,,,,
24334,0.0,169.181915,-1268.278076,1722.249023,-0.5590446854,0.8267227102,0.063234485,,,,
24335,0.0,169.987015,-1265.476074,1722.391479,-0.5604363637,0.825722198,0.0639838574,,,,
24336,0.0,170.682892,-1262.542358,1722.687256,-0.5614335171,0.8250284148,0.0641912813,,,,
24337,0.0,171.320908,-1257.178833,1723.279175,-0.562326245,0.8243603403,0.0649555508,,,,
24338,0.0,171.3012925,-1255.739868,1723.48114,-0.5626783102,0.8241123648,0.0650517847,,,,
24339,0.0,171.281677,-1254.300903,1723.683105,-0.5630303754,0.8238643893,0.0651480186,,,,
24340,0.0,170.469299,-1249.82251,1724.488525,-0.5631091418,0.8238105547,0.0651480186,,,,
24341,0.0,169.604797,-1247.535034,1724.869873,-0.5631091418,0.8238105547,0.0651480186,,,,
24342,0.0,168.627502,-1245.61084,1725.20874,-0.5631091418,0.8238105547,0.0651480186,,,,
24343,0.0,168.03302,-1244.428894,1725.054077,-0.5631091418,0.8238105547,0.0651480186,,,,
24344,0.0,166.282837,-1241.338623,1724.569092,-0.5631091418,0.8238105547,0.0651480186,,,,
24345,0.0,164.684509,-1239.178711,1724.235107,-0.5631091418,0.8238105547,0.0651480186,,,,
24346,0.0,163.291382,-1237.519531,1723.883179,-0.5631091418,0.8238105547,0.0651480186,,,,
24347,0.0,161.796417,-1235.973267,1723.528198,-0.5631091418,0.8238105547,0.0651480186,,,,
24348,0.0,159.408478,-1233.820068,1723.070923,-0.5631091418,0.8238105547,0.0651480186,,,,
24349,0.0,157.651566,-1232.440063,1722.828979,-0.5631091418,0.8238105547,0.0651480186,,,,
24350,0.0,155.6026,-1231.000854,1722.494507,-0.5624576287,0.8241955018,0.0659028884,,,,
24351,0.0,152.89299,-1229.314941,1722.194336,-0.5590844401,0.8263178634,0.0679954226,,,,
24352,0.0,150.659348,-1228.086182,1722.017578,-0.5553025741,0.8286418889,0.0706517599,,,,
24353,0.0,148.23645,-1226.841309,1721.793945,-0.5520031109,0.8307496835,0.071746281,,,,
24354,0.0,145.714966,-1225.544189,1721.541504,-0.5449340731,0.8351637108,0.0744877985,,,,
24355,0.0,143.582672,-1224.304565,1721.334106,-0.5342401738,0.8417303901,0.0779575977,,,,
24356,0.0,140.850388,-1222.75769,1721.164795,-0.5223911083,0.8488056686,0.0814645138,,,,
24357,0.0,138.67012,-1221.569824,1721.01416,-0.5053235667,0.8586586007,0.0857525531,,,,
24358,0.0,136.555038,-1220.396362,1720.915894,-0.4849068567,0.8699230089,0.0899961047,,,,
24359,0.0,133.857437,-1218.975952,1720.812134,-0.4655055717,0.8800845187,0.0935724464,,,,
24360,0.0,131.371811,-1217.681152,1720.885742,-0.4359801373,0.8945846133,0.0981819211,,,,
24361,0.0,128.968369,-1216.427979,1721.00647,-0.3997796397,0.910820793,0.1028675006,,,,
24362,0.0,126.718277,-1215.232056,1721.197266,-0.3737854394,0.9214746271,0.1056832859,,,,
24363,0.0,123.782898,-1213.571777,1721.498291,-0.3094504539,0.9445318032,0.1100004065,,,,
24364,0.0,121.901054,-1212.605957,1721.691284,-0.283234288,0.9524684634,0.1121702475,,,,
24365,0.0,119.028061,-1210.952148,1722.180786,-0.2123325965,0.9701316495,0.1173006867,,,,
24366,0.0,116.772224,-1209.745605,1722.327881,-0.1589571588,0.9798705729,0.120773681,,,,
24367,0.0,114.307472,-1208.311157,1722.635742,-0.1258492342,0.9843877349,0.1230559124,,,,
24368,0.0,111.693535,-1206.815552,1722.632324,-0.0829174518,0.9886873181,0.1249883325,,,,
24369,0.0,109.240135,-1205.587524,1722.512695,-0.0542203182,0.9906286171,0.1253598823,,,,
24370,0.0,106.683533,-1204.682373,1722.514648,-0.0211895786,0.9917894091,0.126114114,0.1361056016,822.9435081095,1633.8845730788,2.0
24371,0.0,104.365532,-1204.055542,1722.439087,0.0013667449,0.9919897511,0.1263109883,0.1260491003,794.3760543094,1634.4707971924,2.0
24372,0.0,101.308083,-1203.241821,1722.242188,0.0322279284,0.9913480438,0.127241568,0.1129928804,755.0892167882,1635.2567821377,2.0
24373,0.0,98.813423,-1202.651733,1722.148804,0.042294615,0.9909669773,0.1272619955,0.1092178853,743.4340175647,1635.9680016478,2.0
24374,0.0,96.385155,-1202.184326,1721.845947,0.0490281929,0.9905501429,0.1280884485,0.1069897036,736.6001922287,1636.7575299581,2.0
24375,0.0,93.852089,-1201.65979,1721.684814,0.0551751706,0.9901125119,0.1289686566,0.1057093223,733.2460081978,1638.5879318646,2.0
24376,0.0,90.874588,-1201.219849,1721.426392,0.0599619789,0.9898087287,0.1291636235,0.105227007,732.8162241738,1641.1673711069,2.0
24377,0.0,88.414497,-1201.028564,1721.309204,0.0656638623,0.989446823,0.1291636235,0.104042081,729.8812870759,1643.3624798633,2.0
24378,0.0,85.775429,-1200.696167,1721.232788,0.0704498931,0.9890261531,0.1298617768,0.1034190299,728.7982993619,1645.5891927203,2.0
24379,0.0,82.456932,-1200.411377,1721.251831,0.079328406,0.9882081223,0.1309645411,0.1014713553,723.5670101587,1648.5360551259,2.0
24380,0.0,79.838699,-1200.252686,1721.333008,0.0832086323,0.9878756697,0.1310648111,,,,
24381,0.0,76.230133,-1199.945679,1721.524414,0.0896742789,0.9873097482,0.1310648111,,,,
24382,0.0,73.194084,-1199.619019,1721.625854,0.0925248,0.9870466943,0.1310648111,,,,
24383,0.0,67.626167,-1199.152344,1722.115112,0.1014676733,0.9860734876,0.1317702105,,,,
24384,0.0,63.676197,-1198.747925,1722.518188,0.1065287598,0.9855067751,0.1320152247,,,,
24385,0.0,60.938824,-1198.453003,1722.69397,0.1126156764,0.9848297794,0.1320152074,,,,
24386,0.0,57.211353,-1198.013428,1722.972656,0.1193219149,0.984039766,0.1320152247,,,,
24387,0.0,53.667156,-1197.578125,1723.114624,0.129943607,0.9826935657,0.1320152074,,,,
24388,0.0,50.779846,-1197.204346,1723.168335,0.1359103329,0.981778487,0.132813342,,,,
24389,0.0,47.106541,-1196.715088,1723.17688,0.1460186986,0.9803054172,0.1329655169,,,,
24390,0.0,44.190147,-1196.317139,1723.099609,0.1537633646,0.9790070086,0.1337987471,,,,
24391,0.0,41.267036,-1195.916504,1722.980835,0.1570210376,0.9784738074,0.1339156523,,,,
24392,0.0,37.551422,-1195.391479,1722.718506,0.1621382824,0.9776388778,0.1339156523,,,,
24393,0.0,34.909267,-1195.037598,1722.587891,0.1645763195,0.9772314123,0.1339156523,,,,
24394,0.0,31.458513,-1194.562012,1722.326904,0.1676333428,0.9767116568,0.1339156523,,,,
24395,0.0,28.589565,-1194.191895,1722.199341,0.1679240005,0.9766617242,0.1339156696,,,,
24396,0.0,25.027853,-1193.661499,1721.959106,0.1679240005,0.9766617242,0.1339156696,,,,
24397,0.0,22.367805,-1193.279785,1721.839478,0.1679240005,0.9766617242,0.1339156696,,,,
24398,0.0,18.985191,-1192.782349,1721.77356,0.1679240005,0.9766617242,0.1339156696,,,,
24399,0.0,15.476515,-1192.264282,1721.734985,0.1679240005,0.9766617242,0.1339156696,0.0417096764,470.3154306539,1645.6303132336,1.0
24400,0.0,12.831087,-1191.883423,1721.755249,0.1679240005,0.9766617242,0.1339156696,0.0421161173,472.7494922727,1646.3169214706,1.0
24401,0.0,10.124028,-1191.45813,1721.760376,0.1679240005,0.9766617242,0.1339156696,0.0425349705,475.2383503089,1646.9916816666,1.0
24402,0.0,6.367061,-1190.824707,1721.878296,0.1679240005,0.9766617242,0.1339156696,0.0431362405,478.7755464837,1647.8987319512,1.0
24403,0.0,3.387131,-1190.343994,1721.879028,0.1679240005,0.9766617242,0.1339156696,0.043605254,481.5310997324,1648.6432439307,1.0
24404,0.0,0.362296,-1189.678345,1721.895264,0.1686609523,0.9765347312,0.1339156523,0.044247385,485.0992935549,1649.0350169074,1.0
24405,0.0,-2.782469,-1189.128906,1721.931641,0.1752089788,0.9753811623,0.1339156523,0.0435161399,481.3188531628,1649.5654674127,1.0
24406,0.0,-6.635731,-1188.495483,1722.033203,0.1853041448,0.9736363484,0.1330211827,0.0421450198,474.0714174527,1650.3664289847,1.0
24407,0.0,-9.344307,-1187.824707,1720.274902,0.2072014324,0.9693394442,0.1320931805,,,,
24408,0.0,-11.271305,-1187.485229,1719.783203,0.2261112539,0.9653504229,0.1302776338,,,,
24409,0.0,-12.720463,-1187.269165,1719.334717,0.2465623798,0.9605895283,0.1283540067,,,,
24410,0.0,-13.641335,-1187.207886,1719.002808,0.2866231094,0.9500458727,0.1235315058,,,,
24411,0.0,-14.339851,-1187.201416,1718.785278,0.3370609075,0.9340377508,0.1181669354,,,,
24412,0.0,-15.153135,-1187.158813,1719.056152,0.3748304463,0.9200605575,0.1139767832,,,,
24413,0.0,-16.109724,-1186.918701,1719.108032,0.3979639567,0.9107148134,0.1105586624,,,,
24414,0.0,-16.658236,-1186.847412,1719.502441,0.4129972619,0.904249212,0.1084740724,,,,
24415,0.0,-17.232718,-1186.766235,1719.706055,0.4242173231,0.8993511553,0.105863886,0.00879867,219.2499591824,1656.4312657911,1.0
24416,0.0,-17.781294,-1186.700806,1720.12915,0.4339744253,0.8948546503,0.104409545,0.0085628066,216.4585969141,1657.6142243298,1.0
24417,0.0,-18.117126,-1186.661011,1720.596924,0.4372519996,0.8933621779,0.1035118736,0.0084742453,215.4626230511,1658.5496023915,1.0
24418,0.0,-18.418079,-1186.649292,1720.868408,0.4402258843,0.8919833226,0.1027955402,0.0083960718,214.5872080595,1659.4503748063,1.0
24419,0.0,-18.728226,-1186.53418,1721.622925,0.4411166198,0.8916209027,0.1021190169,0.0083885898,214.7363463754,1661.3409768904,1.0
24420,0.0,-18.750002,-1186.449524,1721.8687745,0.4415196348,0.891490245,0.1015135906,0.0083320067,214.0710070751,1661.7952074796,1.0
24421,0.0,-18.771778,-1186.364868,1722.114624,0.4419226499,0.8913595873,0.1009081643,0.0082754235,213.4056677749,1662.2494380688,1.0
24422,0.0,-18.800911,-1186.404907,1722.515503,0.443821804,0.8906041732,0.0992290936,0.0080881692,211.1047496645,1663.1745694246,1.0
24423,0.0,-18.741949,-1186.4375,1722.911621,0.4446295867,0.8902481722,0.0988064897,0.0080723281,210.9904507292,1663.8976792748,1.0
24424,0.0,-18.356377,-1186.465088,1723.194702,0.4450246769,0.8900536326,0.0987804031,0.0081235113,211.7654720575,1664.7616106155,1.0
24425,0.0,-18.150143,-1186.296509,1723.222778,0.4450246769,0.8900536326,0.0987804031,0.0081510611,212.1351461328,1664.8586044893,1.0
24426,0.0,-18.0437375,-1186.2797855,1723.24176,0.4452305896,0.8899749202,0.0985609806,0.0081391177,211.9899994296,1664.9352229443,1.0
24427,0.0,-17.937332,-1186.263062,1723.260742,0.4454365023,0.8898962077,0.098341558,0.0081271743,211.8448527265,1665.0118413993,1.0
24428,0.0,-17.77092,-1186.38147,1723.330078,0.4462428312,0.8896276922,0.0971076977,0.0080266666,210.5640770161,1665.2326179694,1.0
24429,0.0,-17.720388,-1186.428589,1723.362549,0.4463361563,0.8896891357,0.096110756,0.007938149,209.4243524826,1665.3907502102,1.0
24430,0.0,-17.704023,-1186.533691,1723.470703,0.4463828936,0.8897826078,0.095022225,0.0078619171,208.4428002979,1665.5702303814,1.0
24431,0.0,-17.765539,-1186.577148,1723.52063,0.4466873981,0.8897090314,0.0942772919,0.0078087179,207.7553329971,1665.7000407771,1.0
24432,0.0,-17.887794,-1186.607056,1723.587524,0.4467991545,0.8897602506,0.0932588441,0.0077503639,206.9925377948,1665.7958038902,1.0
24433,0.0,-17.930084,-1186.62207,1723.610596,0.4472205051,0.8896315672,0.0924634761,0.0076959548,206.2650774921,1665.7761576696,1.0
24434,0.0,-18.051653,-1186.605469,1723.652588,0.4475601782,0.8895390832,0.0917066321,0.0076516882,205.6716106287,1665.7625138839,1.0
24435,0.0,-18.133738,-1186.574951,1723.676025,0.4476653811,0.8895707137,0.090882627,0.0076138913,205.1551410601,1665.6828528983,1.0
24436,0.0,-18.231928,-1186.507935,1723.699951,0.4480548058,0.8894300331,0.0903388469,0.0076135162,205.1308693272,1665.5266574463,1.0
24437,0.0,-18.310736,-1186.425903,1723.709595,0.4481336185,0.8894392368,0.0898560185,0.007630564,205.3352829961,1665.3300755205,1.0
24438,0.0,-18.341204,-1186.382935,1723.717896,0.4484308142,0.8893261261,0.0894921581,0.0076469265,205.5335692945,1665.1607078842,1.0
24439,0.0,-18.389101,-1186.278442,1723.741089,0.4484921407,0.8893018051,0.0894265013,0.0077110049,206.3637779165,1664.9523633094,1.0
24440,0.0,-18.412848,-1186.206909,1723.751099,0.4487736781,0.8891971997,0.0890535002,0.0077434104,206.7684584893,1664.7365469074,1.0
24441,0.0,-18.426624,-1186.100586,1723.765259,0.4488524227,0.8891679094,0.0889490396,0.0078337451,207.9322887936,1664.4640771871,1.0
24442,0.0,-18.431158,-1186.012817,1723.778931,0.4488524227,0.8891679094,0.0889490396,0.0079151937,208.9798099946,1664.25413955,1.0
24443,0.0,-18.418695,-1185.941895,1723.790771,0.4488524227,0.8891679094,0.0889490396,0.0080144782,210.2526356226,1664.0283938471,1.0
24444,0.0,-18.404434,-1185.843994,1723.809448,0.4488524227,0.8891679094,0.0889490396,0.0081172689,211.5598468943,1663.7818965404,1.0
24445,0.0,-18.407745,-1185.813721,1723.820923,0.4488524227,0.8891679094,0.0889490396,0.008213758,212.7873078689,1663.6172139649,1.0
24446,0.0,-18.415094,-1185.757568,1723.844238,0.4488675179,0.8891981213,0.0885700421,0.0082942744,213.8215542022,1663.6030024934,1.0
24447,0.0,-18.436556,-1185.738892,1723.860107,0.4488677612,0.8891982946,0.0885670694,0.0083879921,215.0470718745,1663.8039817666,1.0
24448,0.0,-18.460775,-1185.715698,1723.890015,0.4488677612,0.8891982946,0.0885670694,0.0085111318,216.6693708931,1664.2360423576,1.0
24449,0.0,-18.473221,-1185.716187,1723.901367,0.4488677612,0.8891982946,0.0885670694,0.0086058524,217.9300164974,1664.7211326826,1.0
24450,0.0,-18.511543,-1185.718994,1723.925659,0.4488677612,0.8891982946,0.0885670694,0.0087359498,219.6720532031,1665.5409590201,1.0
24451,0.0,-18.543346,-1185.737793,1723.927368,0.4488677612,0.8891982946,0.0885670694,0.0088379108,221.0472868209,1666.3148892298,1.0
24452,0.0,-18.580473,-1185.767944,1723.921509,0.4488677612,0.8891982946,0.0885670694,0.0089756569,222.906854905,1667.4469210512,1.0
24453,0.0,-18.594736,-1185.779663,1723.914673,0.4488677612,0.8891982946,0.0885670694,0.0090877531,224.4137757503,1668.3808414563,1.0
24454,0.0,-18.636103,-1185.813721,1723.890625,0.4488677612,0.8891982946,0.0885670694,0.009208049,226.0151324404,1669.3245090341,1.0
24455,0.0,-18.680758,-1185.838623,1723.87854,0.4488677612,0.8891982946,0.0885670694,0.0093762921,228.2223886848,1670.5062195226,1.0
24456,0.0,-18.695869,-1185.843872,1723.875488,0.4488677612,0.8891982946,0.0885670694,0.0095002259,229.8247894696,1671.2785448779,1.0
24457,0.0,-18.737125,-1185.8573,1723.868042,0.4488677612,0.8891982946,0.0885670694,0.0096406565,231.6505223274,1672.3001716953,1.0
24458,0.0,-18.770975,-1185.869873,1723.866211,0.4488677612,0.8891982946,0.0885670694,0.0097676912,233.2700030553,1673.0581987454,1.0
24459,0.0,-18.792835,-1185.877075,1723.864868,0.4488677612,0.8891982946,0.0885670694,0.0098851809,234.7741936684,1673.8594147443,1.0
24460,0.0,-18.852762,-1185.875977,1723.877563,0.4488677612,0.8891982946,0.0885670694,0.0100198568,236.6135887532,1675.6547965828,1.0
24461,0.0,-18.898605,-1185.875122,1723.882324,0.4488677612,0.8891982946,0.0885670694,0.0101181159,237.9471167325,1676.9378687384,1.0
24462,0.0,-18.957165,-1185.868774,1723.893555,0.4488677612,0.8891982946,0.0885670694,0.0103401708,240.8970791891,1679.4932492677,1.0
24463,0.0,-18.973031,-1185.865234,1723.900574,0.4488677612,0.8891982946,0.0885670694,0.0104053634,241.7675151336,1680.3065411521,1.0
24464,0.0,-18.988897,-1185.861694,1723.907593,0.4488677612,0.8891982946,0.0885670694,0.010470556,242.6379510782,1681.1198330364,1.0
24465,0.0,-19.035295,-1185.859253,1723.934692,0.4488677612,0.8891982946,0.0885670694,0.0107104835,245.8554695154,1684.3267220391,1.0
24466,0.0,-19.0514305,-1185.866638,1723.946289,0.4488677612,0.8891982946,0.0885670694,0.0107864608,246.8689563257,1685.342215222,1.0
24467,0.0,-19.073755,-1185.891846,1723.961182,0.4488677612,0.8891982946,0.0885670694,0.0109853656,249.511402133,1687.9677697152,1.0
24468,0.0,-19.073824,-1185.913208,1723.954712,0.4488677612,0.8891982946,0.0885670694,0.0111138106,251.2020297361,1689.6108240541,1.0
24469,0.0,-19.066254,-1185.931152,1723.943848,0.4482534258,0.8895081453,0.0885670694,0.0113408491,254.0389851823,1691.5989484001,1.0
24470,0.0,-19.047035,-1185.954224,1723.931641,0.4478266565,0.889756215,0.0882335736,0.0114907792,255.9555488858,1693.2691872048,1.0
24471,0.0,-19.031437,-1185.970703,1723.921021,0.4475065446,0.8899220692,0.0881850513,0.0116565163,258.0192029356,1694.8135832062,1.0
24472,0.0,-18.968639,-1186.028687,1723.879883,0.4471015144,0.8901256257,0.0881850687,0.0118476688,260.3701246196,1696.4844019762,1.0
24473,0.0,-18.905493,-1186.082275,1723.825195,0.4466785539,0.8903379506,0.0881850513,0.0120751595,263.1471182334,1698.4477834202,1.0
24474,0.0,-18.8755,-1186.105103,1723.796753,0.4462740029,0.8905407953,0.0881850687,0.0122733655,265.5286785364,1700.0091969484,1.0
24475,0.0,-18.801628,-1186.151489,1723.735596,0.4452926975,0.8910318778,0.0881850687,0.012536467,268.5806186023,1701.5217463711,1.0
24476,0.0,-18.759848,-1186.172607,1723.70166,0.444483637,0.8914357465,0.0881850687,0.0127981589,271.6034138804,1703.1013200216,1.0
24477,0.0,-18.698406,-1186.216919,1723.651367,0.4433603663,0.8919949435,0.0881850687,0.0131157969,275.2049941841,1704.7970746559,1.0
24478,0.0,-18.638645,-1186.297485,1723.602905,0.4427106481,0.8923175868,0.0881850687,0.0133321197,277.6619862435,1706.0988412193,1.0
24479,0.0,-18.569805,-1186.413086,1723.556641,0.4424774608,0.8924332414,0.0881850687,0.0135821328,280.5548911202,1708.042025859,1.0
24480,0.0,-18.555857,-1186.465698,1723.5625,0.4421167018,0.8926120168,0.0881850861,0.013802554,283.0101078934,1709.2713380555,1.0
24481,0.0,-18.518364,-1186.588989,1723.563599,0.4420379996,0.8926213894,0.0884842483,0.0140254687,285.4644901222,1710.434954846,1.0
24482,0.0,-18.509188,-1186.666748,1723.584351,0.4420345617,0.892614878,0.0885670694,0.0142285389,287.6794340341,1711.4492704542,1.0
24483,0.0,-18.499924,-1186.785156,1723.622803,0.4417256802,0.8927677737,0.0885670694,0.0145097467,290.666273971,1712.5010571459,1.0
24484,0.0,-18.510921,-1186.881958,1723.68396,0.4416922103,0.8927843332,0.0885670694,0.014713988,292.8124014952,1713.2183857702,1.0
24485,0.0,-18.523811,-1186.940674,1723.727783,0.4413598396,0.892920231,0.0888535482,0.0149955233,295.6782973954,1713.7911275009,1.0
24486,0.0,-18.535025,-1187.03772,1723.818237,0.441249105,0.8929654505,0.0889490396,0.015247796,298.2290987088,1714.3256907101,1.0
24487,0.0,-18.531597,-1187.0979,1723.891235,0.441249105,0.8929654505,0.0889490396,0.0155112886,300.8500648474,1714.7541159019,1.0
24488,0.0,-18.515686,-1187.132935,1723.936523,0.441249105,0.8929654505,0.0889490396,0.0157556666,303.2372170313,1715.0095252101,1.0
24685,0.0,384.380768,-609.5,1677.701294,1.0,0.0,0.0,0.0071377134,79.5255517129,666.7891035077,4.0
24686,0.0,384.391937,-609.5,1677.701294,1.0,0.0,0.0,0.0076086545,82.3315604752,668.6904042686,4.0
24687,0.0,384.296356,-608.130676,1677.701294,0.9527726707,0.2993425969,0.0511688151,0.0858647184,364.3757086192,898.7848174507,2.0
24688,0.0,384.186462,-607.903992,1677.701294,0.787493425,0.605396217,0.1155401492,0.0090453186,120.6222084391,898.8446827117,2.0
24689,0.0,381.522156,-606.337585,1677.680176,0.4479479523,0.8732104372,0.1919535476,0.0865341244,366.2036163422,899.9503833605,2.0
24690,0.0,380.918396,-606.110413,1677.701294,0.3771554954,0.9034211966,0.2039212442,0.1181985782,424.6394864375,900.3831388285,2.0
24691,0.0,383.770935,-607.153503,1677.701294,0.957120789,0.285584571,0.0485926743,0.0898419809,277.922967191,670.8881645693,4.0
24692,0.0,384.407959,-609.5,1677.701294,1.0,0.0,0.0,0.0086446583,87.6500079371,668.0418394099,4.0
24693,0.0,384.392578,-609.5,1677.701294,1.0,0.0,0.0,0.0088433201,88.5299090219,667.1594263945,4.0
24694,0.0,384.40448,-609.5,1677.701294,1.0,0.0,0.0,0.009116073,89.6397549831,665.3862052366,4.0
24695,0.0,384.404694,-609.5,1677.701294,1.0,0.0,0.0,0.0093157415,90.3865730408,663.7339236559,4.0
24696,0.0,384.392578,-609.5,1677.701294,1.0,0.0,0.0,0.0093919202,90.6082815585,662.6707729934,4.0
24697,0.0,384.399658,-609.5,1677.701294,1.0,0.0,0.0,0.0095215812,91.1462412159,662.0724091873,4.0
24698,0.0,384.402954,-609.5,1677.701294,1.0,0.0,0.0,0.0097950026,92.4682729545,662.2798801712,4.0
24699,0.0,384.39325,-609.5,1677.701294,1.0,0.0,0.0,0.010006231,93.478041148,662.4429491897,4.0
24700,0.0,384.406677,-609.5,1677.701294,1.0,0.0,0.0,0.0103575437,95.0974861069,662.4500392125,4.0
24701,0.0,384.40448,-609.5,1677.701294,1.0,0.0,0.0,0.0107923107,97.0198163896,662.1603390879,4.0
24702,0.0,384.401154,-609.5,1677.701294,1.0,0.0,0.0,0.0112603766,99.0463592342,661.8706063105,4.0
24703,0.0,384.391235,-609.5,1677.701294,1.0,0.0,0.0,0.011639131,100.6483388488,661.6049253903,4.0
24704,0.0,384.373413,-609.5,1677.701294,1.0,0.0,0.0,0.0121068585,102.577070295,661.2079095984,4.0
24705,0.0,384.389954,-609.5,1677.701294,1.0,0.0,0.0,0.0125637363,104.4121620976,660.7620278913,4.0
24706,0.0,384.406036,-609.5,1677.701294,1.0,0.0,0.0,0.0132036584,106.9114593849,660.0858794542,4.0
24707,0.0,384.390778,-609.5,1677.701294,1.0,0.0,0.0,0.0136769407,108.7114750311,659.562514369,4.0
24708,0.0,384.404266,-609.5,1677.701294,1.0,0.0,0.0,0.0145016254,111.746653869,658.554040981,4.0
24709,0.0,384.38678,-609.5,1677.701294,1.0,0.0,0.0,0.0150764994,113.8123882329,657.9113703938,4.0
24710,0.0,384.406677,-609.5,1677.701294,1.0,0.0,0.0,0.0158346001,116.4643027932,657.0529131269,4.0
24711,0.0,384.385468,-609.5,1677.701294,1.0,0.0,0.0,0.0164291803,118.5027782496,656.4425581354,4.0
24712,0.0,384.403381,-609.5,1677.701294,1.0,0.0,0.0,0.0173472761,121.5595790378,655.4660709296,4.0
24713,0.0,384.407776,-609.5,1677.701294,1.0,0.0,0.0,0.0182391402,124.4400083241,654.5340238489,4.0
24714,0.0,384.383881,-609.5,1677.701294,1.0,0.0,0.0,0.0189299788,126.6223389673,653.8608796107,4.0
24761,0.0,381.081085,-620.411987,1677.701294,0.5732403766,-0.8119529125,0.11012692,,,,
24762,0.0,381.149933,-620.50946,1677.701294,0.5732403766,-0.8119529125,0.11012692,,,,
24763,0.0,381.208496,-620.592468,1677.701294,0.5732403766,-0.8119529125,0.11012692,,,,
24764,0.0,381.240601,-620.67511,1677.701294,0.5732403766,-0.8119529125,0.11012692,,,,
24765,0.0,381.103577,-620.84729,1677.701294,0.5732403766,-0.8119529125,0.11012692,,,,
24766,0.0,380.769318,-621.624023,1677.701294,0.6365162962,-0.7632534111,0.1108658427,,,,
24767,0.0,380.39032,-622.699463,1677.701294,0.6785953939,-0.7260644443,0.1110797646,0.1376485477,325.662288688,643.2071048523,4.0
24768,0.0,380.07135,-623.83783,1677.701294,0.7103599973,-0.6950179567,0.1110797646,0.116914224,301.8253779599,643.2607104233,4.0
24769,0.0,379.684845,-625.606018,1677.701294,0.7330844394,-0.671142459,0.1102497369,0.102787089,284.0411646667,643.2117446117,4.0
24770,0.0,379.451569,-626.942871,1677.701294,0.7400327781,-0.663604309,0.1094568793,0.0986756528,278.506537825,642.9871382022,4.0
24771,0.0,379.15509,-629.058838,1677.701294,0.7440497426,-0.6591441631,0.1091739568,0.096661503,275.5962533266,642.5227675806,4.0
24772,0.0,378.851074,-630.549133,1677.701294,0.7456485659,-0.6574495974,0.108481533,0.0958856107,274.306866334,641.9680908743,4.0
24773,0.0,378.250458,-632.722656,1677.701294,0.7508021679,-0.6520138264,0.1057074968,0.09309227,270.3849266597,641.7425376531,4.0
24774,0.0,377.717255,-634.298645,1677.701294,0.7540726973,-0.648391761,0.104701917,0.0914754573,268.1170500726,641.6870330722,4.0
24775,0.0,376.750793,-636.753906,1677.701294,0.7581040463,-0.643721438,0.1044076877,0.089720392,265.6629438488,641.7072262045,4.0
24776,0.0,376.058502,-638.320496,1677.701294,0.7582329915,-0.6433542769,0.1057260846,0.0902409907,266.4354493934,641.8016016545,4.0
24777,0.0,374.832794,-640.859436,1677.701294,0.7570612191,-0.6446359782,0.1063144686,0.0918013416,268.6946261274,641.9817370098,4.0
24778,0.0,373.812653,-642.80896,1677.701294,0.7569501364,-0.6447664082,0.1063144859,0.0923856489,269.4776529767,641.9115778901,4.0
24779,0.0,372.465515,-645.234741,1677.701294,0.7569501364,-0.6447664082,0.1063144859,0.0931568878,270.6432775481,642.1437759582,4.0
24780,0.0,371.293243,-647.233704,1677.701294,0.7569501364,-0.6447664082,0.1063144859,0.0938328096,271.6871087047,642.4083492234,4.0
24781,0.0,369.972626,-649.397827,1677.701294,0.7569501364,-0.6447664082,0.1063144859,0.0945689954,272.8297030991,642.7182749374,4.0
24782,0.0,368.58493,-651.589417,1677.701294,0.7569501364,-0.6447664082,0.1063144859,0.0953705946,274.085870011,643.0935579474,4.0
24783,0.0,367.222473,-653.675903,1677.701294,0.7569501364,-0.6447664082,0.1063144859,0.0961461158,275.3112665368,643.4892636359,4.0
24784,0.0,365.364441,-656.435242,1677.701294,0.7569501364,-0.6447664082,0.1063144859,0.097203823,277.0022003792,644.0883009622,4.0
24785,0.0,364.010712,-658.393677,1677.701294,0.7569501364,-0.6447664082,0.1063144859,0.0978841057,278.0104831398,644.2977229831,4.0
24786,0.0,362.148132,-661.030457,1677.701294,0.7569501364,-0.6447664082,0.1063144859,0.0989497171,279.7432698901,644.9938392306,4.0
24787,0.0,360.720673,-663.012146,1677.701294,0.7569501364,-0.6447664082,0.1063144859,0.0997582613,281.0457219239,645.5027796396,4.0
24788,0.0,358.993591,-665.370789,1677.701294,0.7569501364,-0.6447664082,0.1063144859,0.1007415169,282.6446210785,646.1665088539,4.0
24789,0.0,356.904388,-668.174194,1677.701294,0.7569501364,-0.6447664082,0.1063144859,0.1019566877,284.6628476591,647.0977225352,4.0
24790,0.0,355.459442,-670.08667,1677.701294,0.7569501364,-0.6447664082,0.1063144859,0.1022032185,284.9616604032,647.037264453,4.0
24791,0.0,353.046295,-673.236816,1677.701294,0.7581670654,-0.64462087,0.0982172842,0.1017302836,284.6322239065,647.7090701181,4.0
24792,0.0,351.44458,-675.300964,1677.701294,0.7583500418,-0.6447055493,0.0962287319,0.1017905597,285.078785037,648.5434590766,4.0
24793,0.0,349.293243,-678.046143,1677.701294,0.7583800295,-0.6447307923,0.0958224206,0.102034142,285.9143179895,649.7090978107,4.0
24794,0.0,347.626648,-680.152283,1677.701294,0.7583800295,-0.6447307923,0.0958224206,0.1025738255,287.0243770874,650.6059982399,4.0
24795,0.0,345.286438,-683.084351,1677.701294,0.7589616176,-0.6440460569,0.095822438,0.1030869951,288.2805700535,651.9131251329,4.0
24796,0.0,343.704132,-685.05072,1677.701294,0.7590489319,-0.6440467778,0.09512343,0.10358356,289.3288981775,652.799090938,4.0
24797,0.0,341.363678,-687.939026,1677.701294,0.7590675135,-0.6440625441,0.0948680616,0.1045163141,291.1358648087,654.0992347569,4.0
24798,0.0,339.138123,-690.665955,1677.701294,0.7602769634,-0.6426344138,0.0948680616,0.1046880893,291.8987227404,655.3045931383,4.0
24799,0.0,337.567596,-692.580383,1677.701294,0.7608255902,-0.6420923512,0.0941373135,0.1050434285,292.7564127554,656.1790224214,4.0
24800,0.0,333.724609,-697.234436,1677.701294,0.7654300432,-0.6370069293,0.0913182399,0.1042469406,292.4933485475,657.9508504372,4.0
24801,0.0,332.5359495,-698.663849,1677.701294,0.7672303255,-0.6349138222,0.0907420068,0.1038566886,292.1812375792,658.416806417,4.0
24802,0.0,329.670532,-702.104065,1677.701294,0.7706623715,-0.6308426246,0.0900949063,0.1036886097,292.4217799,659.461374971,4.0
24803,0.0,328.4962615,-703.505005,1677.701294,0.7735229748,-0.6273817588,0.0896323696,0.1025160944,291.0296972981,659.8748755812,4.0
24804,0.0,325.765106,-706.749023,1677.701294,0.7839878999,-0.6144500129,0.0883977063,0.097180635,284.1353395168,660.749138089,4.0
24805,0.0,323.697876,-709.189636,1677.701294,0.7945691289,-0.6008544497,0.08737179,0.0911671863,275.7855095804,661.1016207082,4.0
24806,0.0,321.560791,-711.732849,1677.701294,0.8014368816,-0.5916839068,0.0872300366,0.0876989362,270.7798620843,661.2125175924,4.0
24807,0.0,320.029602,-713.556763,1677.701294,0.8071284154,-0.5838960907,0.0872300192,0.0848813422,266.6035758999,661.2444006019,4.0
24808,0.0,317.740692,-716.267761,1677.701294,0.8193260145,-0.5666531617,0.0872300192,0.0779944755,255.9201307748,660.9904918287,4.0
24809,0.0,316.278931,-717.991272,1677.701294,0.8290852039,-0.5522758807,0.0872300192,0.072332159,246.7558525401,660.8237554065,4.0
24810,0.0,314.084686,-720.628906,1677.701294,0.8399232788,-0.5356489611,0.0872300192,0.066424899,236.5668144163,660.0971350024,4.0
24811,0.0,312.144135,-723.13092,1677.701294,0.8543285149,-0.5123609201,0.0872300192,0.0586001925,222.2719295825,658.9881533512,4.0
24812,0.0,310.874146,-724.794189,1677.701294,0.868497716,-0.4878414658,0.08787731,0.0511146504,207.8035819064,658.3960038812,4.0
24813,0.0,308.96463,-727.431335,1677.701294,0.8827861325,-0.4612774734,0.0889479444,0.0443379641,193.8298978274,658.2426079014,4.0
24814,0.0,307.054596,-730.092285,1677.701294,0.8995804588,-0.4273729566,0.0900408471,0.0362381192,175.4979953174,657.8773325018,4.0
24815,0.0,305.719727,-732.005127,1677.701294,0.910904331,-0.4024988217,0.0908184907,0.0310308369,162.5510184823,657.6176990373,4.0
24816,0.0,303.757446,-734.931458,1677.701294,0.9255273338,-0.3673392378,0.091983905,0.0246815893,145.1617015637,657.4260879049,4.0
24817,0.0,303.402263375,-737.1986800833,1677.718216,0.927049009,-0.3627797686,0.0918654098,0.0248151644,145.5244963672,657.3715057448,4.0
24818,0.0,303.04708075,-739.4659021667,1677.735138,0.9285706843,-0.3582202995,0.0917469146,0.0249487394,145.8872911707,657.3169235848,4.0
24819,0.0,302.691898125,-741.73312425,1677.75206,0.9300923595,-0.3536608303,0.0916284194,0.0250823145,146.2500859742,657.2623414247,4.0
24820,0.0,302.3367155,-744.0003463333,1677.768982,0.9316140348,-0.3491013611,0.0915099241,0.0252158896,146.6128807777,657.2077592647,4.0
24821,0.0,301.981532875,-746.2675684167,1677.785904,0.93313571,-0.3445418919,0.0913914289,0.0253494646,146.9756755811,657.1531771046,4.0
24822,0.0,301.62635025,-748.5347905,1677.802826,0.9346573853,-0.3399824228,0.0912729337,0.0254830397,147.3384703846,657.0985949445,4.0
24823,0.0,301.271167625,-750.8020125833,1677.819748,0.9361790605,-0.3354229536,0.0911544385,0.0256166147,147.7012651881,657.0440127845,4.0
24824,0.0,300.915985,-753.0692346667,1677.83667,0.9377007358,-0.3308634844,0.0910359433,0.0257501898,148.0640599916,656.9894306244,4.0
24825,0.0,300.560802375,-755.33645675,1677.853592,0.939222411,-0.3263040153,0.090917448,0.0258837649,148.4268547951,656.9348484644,4.0
24826,0.0,300.20561975,-757.6036788333,1677.870514,0.9407440863,-0.3217445461,0.0907989528,0.0260173399,148.7896495986,656.8802663043,4.0
24827,0.0,299.850437125,-759.8709009167,1677.887436,0.9422657615,-0.3171850769,0.0906804576,0.026150915,149.1524444021,656.8256841443,4.0
24828,0.0,299.4952545,-762.138123,1677.904358,0.9437874368,-0.3126256078,0.0905619624,0.02628449,149.5152392055,656.7711019842,4.0
24829,0.0,299.140071875,-764.4053450833,1677.92128,0.945309112,-0.3080661386,0.0904434672,0.0264180651,149.878034009,656.7165198242,4.0
24830,0.0,298.78488925,-766.6725671667,1677.938202,0.9468307872,-0.3035066694,0.090324972,0.0265516402,150.2408288125,656.6619376641,4.0
24831,0.0,298.429706625,-768.93978925,1677.955124,0.9483524625,-0.2989472002,0.0902064768,0.0266852152,150.603623616,656.607355504,4.0
24832,0.0,298.074524,-771.2070113333,1677.972046,0.9498741377,-0.2943877311,0.0900879815,0.0268187903,150.9664184195,656.552773344,4.0
24833,0.0,297.719341375,-773.4742334167,1677.988968,0.951395813,-0.2898282619,0.0899694863,0.0269523653,151.329213223,656.4981911839,4.0
24834,0.0,297.36415875,-775.7414555,1678.00589,0.9529174882,-0.2852687927,0.0898509911,0.0270859404,151.6920080265,656.4436090239,4.0
24835,0.0,297.008976125,-778.0086775833,1678.022812,0.9544391635,-0.2807093236,0.0897324959,0.0272195155,152.0548028299,656.3890268638,4.0
24836,0.0,296.6537935,-780.2758996667,1678.039734,0.9559608387,-0.2761498544,0.0896140007,0.0273530905,152.4175976334,656.3344447038,4.0
24837,0.0,296.298610875,-782.54312175,1678.056656,0.957482514,-0.2715903852,0.0894955054,0.0274866656,152.7803924369,656.2798625437,4.0
24838,0.0,295.94342825,-784.8103438333,1678.073578,0.9590041892,-0.267030916,0.0893770102,0.0276202406,153.1431872404,656.2252803837,4.0
24839,0.0,295.588245625,-787.0775659167,1678.0905,0.9605258645,-0.2624714469,0.089258515,0.0277538157,153.5059820439,656.1706982236,4.0
24840,0.0,293.691925,-796.628235,1677.888428,0.574602129,0.8040251541,0.1528919384,0.0144422941,207.7759291094,1226.9754824367,2.0
24841,0.0,295.335693,-794.328125,1678.255615,0.574602129,0.8040251541,0.1528919384,0.0146080891,208.5004557636,1224.2981107503,2.0
24842,0.0,294.86972,-793.801514,1678.262817,0.4296077074,0.8901360904,0.1519702547,0.0163465719,220.4176715835,1224.0528448577,2.0
24843,0.0,294.177795,-794.343811,1679.177979,0.3190523945,0.9358855272,0.1494116782,0.034837097,320.5110562165,1224.9623985613,2.0
24844,0.0,294.06543,-793.410583,1679.198975,0.2196971572,0.9648005504,0.1445443085,0.0618605684,423.9725196076,1224.4420793399,2.0
24845,0.0,294.293457,-792.059875,1678.974365,0.1951612239,0.970324753,0.1427654382,0.0699915528,449.6064837776,1223.2920299373,2.0
24846,0.0,294.684143,-790.333252,1678.238281,0.1911455623,0.9711684169,0.1424615038,0.0713585857,453.3274915913,1221.9774626665,2.0
24847,0.0,295.044312,-788.820984,1677.651611,0.1911455623,0.9711684169,0.1424615038,0.0712251457,452.7572930509,1221.5409030665,2.0
24848,0.0,295.322327,-787.635132,1677.342163,0.1911455623,0.9711684169,0.1424615038,0.0711719463,452.4588486059,1221.1750081779,2.0
24849,0.0,295.677521,-786.091614,1677.048096,0.1911455623,0.9711684169,0.1424615038,0.0711619449,452.3262623126,1220.8997824993,2.0
24850,0.0,296.008698,-784.62207,1676.817993,0.1911455623,0.9711684169,0.1424615038,0.0713458117,453.069670634,1221.3877693623,2.0
24851,0.0,296.354797,-783.064941,1676.687012,0.1911455623,0.9711684169,0.1424615038,0.0715511628,453.6635447131,1221.2975146707,2.0
24852,0.0,296.66687,-781.638794,1676.589478,0.1911455623,0.9711684169,0.1424615038,0.0716550436,453.5050494461,1220.0184025419,2.0
24853,0.0,297.013519,-780.038269,1676.571045,0.1911455623,0.9711684169,0.1424615038,0.0716914925,452.6280348535,1217.360988692,2.0
24854,0.0,297.405334,-778.201721,1676.512085,0.1911455623,0.9711684169,0.1424615038,0.0718961206,452.9163667482,1216.4662713862,2.0
24855,0.0,297.834839,-776.168152,1676.443115,0.1911455623,0.9711684169,0.1424615038,0.0718054198,450.8899338242,1211.7596806327,2.0
24856,0.0,298.235962,-774.251526,1676.413452,0.1911455623,0.9711684169,0.1424615038,0.0719340895,449.5206759808,1207.0391561509,2.0
24857,0.0,298.698975,-772.015686,1676.405884,0.1911455623,0.9711684169,0.1424615038,0.0718684292,448.1285049985,1203.8299960008,2.0
24858,0.0,299.169678,-769.727051,1676.434692,0.1911455623,0.9711684169,0.1424615038,0.0718188099,446.8786906324,1200.8717343395,2.0
24859,0.0,299.455414,-768.3298035,1676.408447,0.1911455623,0.9711684169,0.1424615038,0.0717781325,446.0908029601,1199.0810290799,2.0
24860,0.0,299.74115,-766.932556,1676.382202,0.1911455623,0.9711684169,0.1424615038,0.0717374551,445.3029152877,1197.2903238202,2.0
24861,0.0,300.338104,-764.54657,1676.273315,0.1832487419,0.9729510252,0.1406634319,0.0741928326,451.3603188416,1194.0870825184,2.0
24862,0.0,300.803833,-762.269653,1676.247314,0.1446043024,0.9806814027,0.1317329957,0.087554282,487.3675352015,1191.0317592037,2.0
24863,0.0,301.357178,-759.984863,1676.236206,0.0964644746,0.9872524171,0.1265988546,0.1067321396,533.942787871,1187.7938865633,2.0
24864,0.0,301.678101,-757.653137,1676.299194,0.0093110179,0.9922721997,0.1237302978,0.1475269079,619.2650588763,1184.5816536975,2.0
24865,0.0,302.313446,-755.322327,1676.445312,-0.0530675684,0.9910351414,0.1226098761,,,,
24866,0.0,302.559418,-752.647766,1676.464111,-0.1935563373,0.9736432182,0.120643392,0.0308033626,110.9419964819,450.4559942199,8.0
24867,0.0,302.830444,-750.492188,1676.400024,-0.3212724916,0.9390434868,0.122398186,0.0150399079,78.4604199295,454.1006781893,8.0
24868,0.0,303.159882,-748.67688,1676.633179,-0.4546151944,0.8822229582,0.1225058246,0.0073987312,54.9592094374,452.6386658716,8.0
24869,0.0,304.027313,-746.895447,1676.875244,-0.5499407458,0.8261703788,0.1225058419,0.0149253891,77.7336647562,451.604119886,8.0
24870,0.0,304.658875,-745.520569,1677.122314,-0.6874055545,0.7166394681,0.1179045225,0.0561795391,148.3170876419,448.8218882765,8.0
24871,0.0,305.373627,-744.318237,1677.422485,-0.7761711829,0.6203093011,0.1130250668,0.1037254094,198.6098671588,447.8242728069,8.0
24872,0.0,306.600006,-742.585938,1677.54126,-0.843785742,0.5255835203,0.1085706437,,,,
24873,0.0,307.867615,-740.848267,1677.584595,-0.8770292291,0.4684849358,0.1064969307,,,,
24874,0.0,309.076111,-739.079712,1677.554077,-0.9013909862,0.4199649413,0.1054691333,,,,
24875,0.0,309.722824,-738.0786135,1677.5046995,-0.9075341658,0.4062557123,0.1054151299,,,,
24876,0.0,310.369537,-737.077515,1677.455322,-0.9136773454,0.3925464833,0.1053611266,,,,
24877,0.0,311.713501,-734.889038,1677.263306,-0.9231997123,0.3695961638,0.1053611266,,,,
24878,0.0,313.012238,-732.696716,1677.043701,-0.9289292072,0.3546696055,0.1063014528,,,,
24879,0.0,314.110107,-730.778625,1676.810181,-0.9327460834,0.3445025127,0.1063144512,,,,
24880,0.0,315.489807,-728.300232,1676.484985,-0.9362100541,0.3349745677,0.1063145033,,,,
24881,0.0,316.771088,-725.981079,1676.241089,-0.9381677168,0.3294519107,0.1063145033,,,,
24882,0.0,317.956909,-723.841797,1676.073486,-0.9392996546,0.3262106456,0.1063145033,,,,
24883,0.0,319.356689,-721.382874,1675.979736,-0.9397228994,0.3249893882,0.1063144859,,,,
24884,0.0,320.76123,-718.841064,1675.932861,-0.9400419,0.3240655125,0.1063144859,,,,
24885,0.0,322.134308,-716.286621,1675.961548,-0.940640445,0.3223240288,0.1063145033,,,,
24886,0.0,323.463745,-713.710815,1676.011719,-0.9417067839,0.3197740696,0.1045604013,,,,
24887,0.0,324.783386,-710.98053,1676.113647,-0.943867681,0.313684452,0.1035174633,,,,
24888,0.0,326.062653,-708.237122,1676.247192,-0.9463202989,0.3065265962,0.1025638224,,,,
24889,0.0,327.288605,-705.472107,1676.445923,-0.9502830566,0.2943386315,0.1016212689,,,,
24890,0.0,328.599792,-702.435425,1676.931396,-0.9549514163,0.2791811381,0.1006264607,,,,
24891,0.0,329.686371,-699.928955,1677.123657,-0.9580415201,0.2686962476,0.099793649,,,,
24892,0.0,331.056732,-696.801575,1677.356323,-0.9617912915,0.2550089682,0.0996390368,,,,
24893,0.0,332.360809,-693.74707,1677.494385,-0.9655213451,0.2405007307,0.0996390021,,,,
24894,0.0,333.619904,-690.789307,1677.564453,-0.9676349003,0.2318507473,0.0996390021,,,,
24895,0.0,334.744568,-688.211792,1677.615967,-0.9682475165,0.2292788895,0.0996390368,,,,
24896,0.0,336.187073,-685.038452,1677.576416,-0.9683401897,0.2288871837,0.0996390195,,,,
24897,0.0,337.494537,-682.046936,1677.506592,-0.9683401897,0.2288871837,0.0996390195,,,,
24898,0.0,338.729889,-679.286011,1677.426392,-0.9683401897,0.2288871837,0.0996390195,,,,
24899,0.0,340.036438,-676.321777,1677.305908,-0.9683401897,0.2288871837,0.0996390195,,,,
24900,0.0,341.28241,-673.35791,1677.156372,-0.9683401897,0.2288871837,0.0996390195,,,,
24901,0.0,342.483154,-670.368591,1677.021606,-0.9683401897,0.2288871837,0.0996390195,,,,
24902,0.0,343.58963,-667.489563,1676.923096,-0.9683401897,0.2288871837,0.0996390195,,,,
24903,0.0,344.655487,-664.41449,1676.780884,-0.9683401897,0.2288871837,0.0996390195,,,,
24904,0.0,345.432251,-661.894104,1676.666382,-0.9683401897,0.2288871837,0.0996390195,,,,
24905,0.0,346.384857,-658.696228,1676.534302,-0.9679185725,0.2306636216,0.0996390021,,,,
24906,0.0,346.823547,-656.094238,1676.422974,-0.966683927,0.2354409998,0.1004476026,,,,
24907,0.0,346.770569,-649.837891,1677.701294,-0.9638446952,0.2463913074,0.1014629349,,,,
24908,0.0,346.915344,-646.868042,1677.701294,-0.9582828095,0.2668660124,0.1023552073,,,,
24909,0.0,346.918915,-643.527832,1677.701294,-0.9482446816,0.3005422935,0.1025005057,,,,
24910,0.0,346.803711,-639.861877,1677.701294,-0.9281908165,0.3579578091,0.1016268424,,,,
24911,0.0,346.776947,-635.925354,1677.701294,-0.8865931068,0.4516605537,0.0997767865,,,,
24912,0.0,347.038574,-631.824768,1677.701294,-0.8274144838,0.5533306098,0.0959713929,0.1470996319,161.9245004872,310.1563943014,8.0
24913,0.0,347.546997,-628.199097,1677.701294,-0.7543768464,0.6495280038,0.0950207656,0.090803723,126.9631856844,304.9303793465,8.0
24914,0.0,348.109344,-624.21582,1677.701294,-0.65362393,0.750509676,0.0975242759,0.0419147027,85.5637873111,298.6695869212,8.0
24915,0.0,348.216553,-620.992981,1677.701294,-0.5651879529,0.8187087821,0.101382977,0.0182540326,55.8484008429,293.6346749954,8.0
24916,0.0,348.636078,-618.128052,1677.701294,-0.4911452605,0.864855725,0.1039274171,0.0083343808,37.2232142038,288.9142678485,8.0
24917,0.0,349.368469,-614.646179,1677.701294,-0.4360671539,0.8938369382,0.1044076877,0.0055817809,29.9286322259,283.6562509716,8.0
24918,0.0,350.160278,-611.036987,1677.701294,-0.3855597955,0.9168644947,0.1034559931,0.0061790048,30.9157018737,278.5330679222,8.0
24919,0.0,350.665955,-608.309937,1677.701294,-0.3641511856,0.9256677688,0.1026308713,0.0071364172,32.6837545982,274.0646608401,8.0
24920,0.0,351.241394,-605.046326,1677.701294,-0.354293846,0.9295951214,0.1016306101,0.0075820758,33.0601170249,268.9800725583,8.0
24921,0.0,351.863953,-601.903442,1677.701294,-0.3520189507,0.930468115,0.1015467642,0.007614493,32.5354023137,264.1490169113,8.0
24922,0.0,352.492859,-599.063049,1677.701294,-0.3518867557,0.9305181169,0.1015467642,0.0075145563,31.7893065683,259.7956078484,8.0
24923,0.0,353.33725,-595.588562,1677.701294,-0.3518867557,0.9305181169,0.1015467642,0.0073950722,30.8937943853,254.5009695213,8.0
24924,0.0,354.064423,-592.839294,1677.701294,-0.3518867557,0.9305181169,0.1015467642,0.0073112888,30.2159346122,250.3337087932,8.0
24925,0.0,355.048157,-589.353394,1677.701294,-0.3518867557,0.9305181169,0.1015467642,0.00721465,29.3849171521,245.0679831063,8.0
24926,0.0,356.784241,-583.732788,1677.701294,-0.3518867557,0.9305181169,0.1015467642,0.0070820243,28.1108608039,236.6196063971,8.0
24927,0.0,357.3243255,-582.0986635,1677.701294,-0.3518867557,0.9305181169,0.1015467642,0.0070346056,27.7284290308,234.1762119482,8.0
24928,0.0,358.850189,-577.604797,1677.701294,-0.3518867557,0.9305181169,0.1015467642,0.0068992743,26.6742358517,227.4708008508,8.0
24929,0.0,359.4075315,-576.045837,1677.701294,-0.3518867557,0.9305181169,0.1015467642,0.0068550765,26.31868772,225.1523817022,8.0
24930,0.0,361.049438,-571.550598,1677.701294,-0.3518867557,0.9305181169,0.1015467642,0.0067343315,25.3122746931,218.4747927787,8.0
24931,0.0,362.216766,-568.480225,1677.701294,-0.3518867557,0.9305181169,0.1015467642,0.0066607153,24.6494062817,213.9219819573,8.0
24932,0.0,363.405731,-565.438293,1677.701294,-0.3518867557,0.9305181169,0.1015467642,0.0066553215,24.1076038859,209.3043854487,8.0
24933,0.0,363.9913635,-563.920715,1677.701294,-0.3518867557,0.9305181169,0.1015467642,0.0066782995,23.8745994973,206.9300882117,8.0
24934,0.0,365.504303,-559.906311,1677.701294,-0.3518867557,0.9305181169,0.1015467642,0.0068454773,23.463348686,200.8711861343,8.0
24935,0.0,366.476868,-556.85144,1677.701294,-0.3518867557,0.9305181169,0.1015467642,0.0068388223,22.8214732852,195.4707634705,8.0
24936,0.0,367.269287,-553.721008,1677.701294,-0.3527525847,0.9301902325,0.1015467642,0.0068406249,22.19987725,190.1216928411,8.0
24937,0.0,367.7854,-550.949646,1677.701294,-0.3568944829,0.9286089504,0.1015467642,0.0066232832,21.2850201563,185.2433867676,8.0
24938,0.0,368.158997,-548.169495,1677.701294,-0.3627473717,0.9264299914,0.1007065811,0.004887118,17.9407530075,181.689788671,8.0
24939,0.0,368.396698,-544.970398,1677.701294,-0.3748945902,0.9215937873,0.1005929294,0.004359654,16.3920431853,175.7381063276,8.0
24940,0.0,364.430237,-546.9646,1678.022461,-0.3890143102,0.9157231727,0.1005929294,0.0049260861,17.1916157489,173.4148167216,8.0
24941,0.0,364.878448,-543.759155,1678.026733,-0.4050972254,0.9087228954,0.1005929294,0.0055304177,17.6221441722,167.7900005436,8.0
24942,0.0,365.153442,-540.65271,1678.003174,-0.4195321248,0.9020561247,0.1014275313,0.0063468617,18.2437188987,162.1843904023,8.0
24943,0.0,365.285248,-537.522583,1677.947998,-0.4309076329,0.8964775735,0.1031822276,0.0073184086,18.8829033195,156.3656979386,8.0
24944,0.0,365.227295,-534.000427,1677.831177,-0.4358597754,0.8940489349,0.1034541356,0.0076322278,18.452301847,149.6373933025,8.0
24945,0.0,365.024261,-531.010498,1677.733765,-0.4367251919,0.8936265131,0.1034541529,0.0077481203,17.9149467558,144.1933463074,8.0
24946,0.0,364.729584,-528.172058,1677.574951,-0.4375096643,0.893242708,0.1034541356,0.00794233,17.3787799374,138.1638309531,8.0
24947,0.0,364.278412,-524.776672,1677.365723,-0.4375918225,0.8930967266,0.104362991,0.0082462511,16.8355228216,131.3652533234,8.0
24948,0.0,363.553253,-521.535889,1677.266235,-0.4375895245,0.8930926283,0.1044076877,0.0088662507,16.5761686922,124.7567172722,8.0
24949,0.0,362.569183,-518.472473,1676.970459,-0.4367782847,0.8934896557,0.1044076877,0.0092110881,16.060702336,118.6032139142,8.0
24950,0.0,362.072784,-516.00531,1677.026001,-0.4222612662,0.9008111431,0.1011667312,0.0076717748,13.9339121044,112.7053938185,8.0
24951,0.0,361.462494,-512.978516,1677.10498,-0.3792366487,0.9204166897,0.0949351446,0.0043649799,9.8815208311,105.8746794889,8.0
24952,0.0,360.741974,-510.656067,1677.140259,-0.3415556336,0.9351508026,0.093982581,0.0036629089,8.5434905597,99.9091688461,8.0
24953,0.0,360.311768,-508.489929,1677.225464,-0.3095879903,0.9460461514,0.0956658542,0.0048186463,9.2378106092,94.213977835,8.0
24954,0.0,359.888519,-506.372894,1677.308594,-0.2915037261,0.9515755825,0.0976190988,0.0069304013,10.3884527576,88.3914882354,8.0
24955,0.0,359.420654,-504.489441,1677.419922,-0.2827554036,0.9541076026,0.0986309509,0.0093815036,11.3377704713,82.9654779077,8.0
24956,0.0,359.017914,-502.924072,1677.546875,-0.2815047714,0.9544717549,0.098685018,0.0096208386,10.8695549798,78.548408597,8.0
24957,0.0,358.601501,-501.287689,1677.641113,-0.2829305896,0.9540500784,0.0986850006,0.0132872754,11.9947400658,73.8253197695,8.0
24958,0.0,358.179993,-499.606812,1677.829102,-0.2877538838,0.9527991378,0.0968065356,0.0172494706,12.7914222874,69.1666773789,8.0
24959,0.0,357.851898,-498.589447,1677.983032,-0.2909047549,0.9518855451,0.0963759958,0.0245592906,14.5746891358,66.1697344652,8.0
24960,0.0,357.523621,-497.037628,1678.189941,-0.2948597154,0.9507199863,0.0958606064,0.0385334122,17.1077834932,62.2278153206,8.0
28217,0.0,-1017.374634,-511.563568,1678.749634,0.871192038,0.4852829751,0.0743294486,,,,
28218,0.0,-1018.254639,-512.053772,1679.585449,0.871192038,0.4852829751,0.0743294486,,,,
28219,0.0,-1017.621033,-511.700836,1679.213379,0.871192038,0.4852829751,0.0743294486,,,,
28220,0.0,-1016.851746,-511.272369,1678.619751,0.871192038,0.4852829751,0.0743294486,,,,
28221,0.0,-1017.996338,-511.909943,1679.704224,0.871192038,0.4852829751,0.0743294486,,,,
28222,0.0,-1019.873596,-509.906006,1678.59375,0.8777546744,0.4733094808,0.0743294486,,,,
28223,0.0,-1021.061035,-507.039307,1676.931152,0.8860213912,0.4576474925,0.0743294486,,,,
28224,0.0,-1021.51062,-504.460632,1676.323608,0.895553128,0.4389571689,0.072809331,,,,
28225,0.0,-1023.121948,-501.753693,1676.243164,0.9072155321,0.4145326186,0.0715729453,,,,
28226,0.0,-1024.783691,-499.524933,1676.27063,0.9119172896,0.4042385402,0.0706969554,,,,
28227,0.0,-1026.650269,-496.863159,1676.262573,0.9177753139,0.3907909642,0.0705045777,,,,
28228,0.0,-1028.204712,-494.664948,1676.331177,0.9221672971,0.3804451538,0.0697779412,,,,
28229,0.0,-1030.136108,-491.727325,1676.35498,0.9266168534,0.3695189531,0.0695481871,,,,
28230,0.0,-1031.533936,-489.447418,1676.33606,0.9300236348,0.3610038106,0.0687916231,,,,
28231,0.0,-1033.385376,-486.417908,1676.362183,0.9360996095,0.3451643766,0.0676688574,,,,
28232,0.0,-1034.687866,-484.188263,1676.425293,0.9381353851,0.3395989907,0.0676352323,,,,
28233,0.0,-1036.334961,-481.141632,1676.456909,0.9416463871,0.3299216747,0.0667365729,,,,
28234,0.0,-1037.604126,-478.700317,1676.406006,0.9445195992,0.3217816433,0.0658733693,,,,
28235,0.0,-1038.905151,-475.917084,1676.409668,0.9466135411,0.3157674978,0.0649129502,,,,
28236,0.0,-1041.430542,-470.369537,1676.40564,0.9489956842,0.3089262715,0.0630218228,,,,
28237,0.0,-1042.697632,-467.450043,1676.555054,0.9493615646,0.3078348183,0.0628517641,,,,
28238,0.0,-1043.3928835,-465.8896485,1676.6287845,0.9495232868,0.3073351714,0.0628517641,,,,
28239,0.0,-1045.099609,-462.041229,1676.793213,0.9501841144,0.305433304,0.062134094,,,,
28240,0.0,-1046.535278,-458.661621,1676.964478,0.9506160281,0.3041351511,0.0618948867,,,,
28241,0.0,-1047.621704,-456.026611,1676.951782,0.9509052031,0.3033799411,0.0611547709,,,,
28242,0.0,-1048.965576,-452.738647,1676.881714,0.9512156047,0.3024490689,0.0609379523,,,,
28243,0.0,-1050.186523,-449.578308,1676.556396,0.9515795708,0.3014723654,0.0600893779,,,,
28244,0.0,-1051.378296,-446.959686,1675.946899,0.9516185292,0.3013709625,0.0599809794,,,,
28245,0.0,-1052.027588,-445.354279,1675.609985,0.9519149051,0.3005847667,0.0592183371,,,,
28246,0.0,-1052.854004,-443.853088,1675.175903,0.9522514259,0.2995553322,0.0590239339,,,,
28247,0.0,-1053.687012,-442.888489,1674.832886,0.9523312399,0.2994882897,0.0580686985,,,,
28248,0.0,-1054.438843,-442.378448,1674.618408,0.9523313329,0.2994883555,0.0580668342,,,,
28249,0.0,-1055.133789,-442.104126,1674.769653,0.9525442042,0.298810612,0.0580668342,,,,
28250,0.0,-1055.576904,-442.303101,1675.137939,0.9526180227,0.2985751924,0.0580668342,,,,
28251,0.0,-1055.902588,-443.058899,1675.480957,0.9526180227,0.2985751924,0.0580668342,,,,
28252,0.0,-1055.991089,-443.238068,1675.484375,0.9526180227,0.2985751924,0.0580668342,,,,
28253,0.0,-1056.151978,-443.48764,1675.508423,0.9526659888,0.2985902993,0.0571956897,,,,
28254,0.0,-1056.036865,-444.031982,1675.543335,0.952670707,0.2985917051,0.0571096985,,,,
28255,0.0,-1055.8396,-444.790497,1675.55188,0.952670707,0.2985917051,0.0571096985,,,,
28256,0.0,-1055.502563,-445.480499,1675.648804,0.952670707,0.2985917051,0.0571096985,,,,
28257,0.0,-1055.132202,-446.217255,1675.821777,0.952670707,0.2985917051,0.0571096985,,,,
28258,0.0,-1054.848389,-446.806824,1676.073486,0.952670707,0.2985917051,0.0571096985,,,,
28259,0.0,-1054.689453,-447.197327,1676.312256,0.952670707,0.2985917051,0.0571096985,0.0598231507,699.3348340933,2052.7206957995,2.0
28260,0.0,-1054.561523,-447.611664,1676.749512,0.952670707,0.2985917051,0.0571096985,0.0597686593,698.9768078352,2052.5760229459,2.0
28261,0.0,-1054.418823,-447.931671,1677.073608,0.952670707,0.2985917051,0.0571096985,0.059726232,698.6834619693,2052.4207608378,2.0
28262,0.0,-1054.336792,-448.199005,1677.416138,0.952670707,0.2985917051,0.0571096985,0.0596925735,698.4611462197,2052.3282720179,2.0
28263,0.0,-1054.038452,-448.356293,1677.82019,0.952670707,0.2985917051,0.0571096985,0.0596800167,698.2864019805,2052.02401297,2.0
28264,0.0,-1053.371704,-447.921478,1677.874023,0.952670707,0.2985917051,0.0571096985,0.0592589165,695.8106058488,2051.7781046781,2.0
28265,0.0,-1051.789795,-446.806671,1677.659912,0.952670707,0.2985917051,0.0571096985,0.0589920035,693.8940021975,2050.6091841189,2.0
28266,0.0,-1050.137939,-446.246124,1677.536499,0.952670707,0.2985917051,0.0571096985,0.0585673203,691.0633699333,2049.4108394931,2.0
28267,0.0,-1047.664551,-445.380859,1677.310303,0.952670707,0.2985917051,0.0571096985,0.0581011352,687.742983497,2047.4841830445,2.0
28268,0.0,-1046.280396,-444.957062,1677.245239,0.952670707,0.2985917051,0.0571096985,0.0576341132,684.7514817688,2046.5749411858,2.0
28269,0.0,-1045.044678,-444.598236,1677.278809,0.9532215012,0.2968286577,0.0571096985,0.0565765813,678.3667122056,2045.7966452884,2.0
28270,0.0,-1043.636108,-444.335724,1677.223022,0.9545901816,0.292397106,0.0571096985,0.054609701,666.4986029429,2044.8477186444,2.0
28271,0.0,-1042.280518,-444.353149,1677.13562,0.9594292009,0.2761052205,0.057109681,0.0488774968,631.1781020169,2043.8789756336,2.0
28272,0.0,-1040.163818,-444.683899,1676.867188,0.9700358827,0.2361543366,0.057109681,0.0366153726,547.5819155525,2042.2771336845,2.0
28273,0.0,-1038.377319,-445.544281,1676.60791,0.984205138,0.1675670873,0.0571096985,0.0202163194,408.312273127,2040.9507214672,2.0
28274,0.0,-1036.884888,-446.14502,1676.446533,0.9910861057,0.1203611791,0.0571096985,0.0119166415,313.9768434664,2039.8742071979,2.0
28275,0.0,-1035.180664,-447.155853,1676.276001,0.9981490668,0.0248596438,0.0555016987,0.0025531079,145.5829675893,2038.6297755134,2.0
28276,0.0,-1033.586548,-448.064026,1676.232544,0.9947920754,-0.0877459894,0.0518591175,0.0036872933,174.8117960119,2037.5234034644,2.0
28277,0.0,-1031.84375,-448.480438,1675.913208,0.9836823822,-0.1729426363,0.0495965276,0.0134662433,333.0521483007,2036.2965990899,2.0
28278,0.0,-1027.673828,-449.306915,1675.606201,0.9323781033,-0.3589119708,0.0430496193,0.0627721316,708.9719649648,2033.0837530713,2.0
28279,0.0,-1026.5234985,-449.4082945,1675.6030275,0.9135218202,-0.401841357,0.0424566204,0.0814338122,797.4054687326,2032.2095728048,2.0
28280,0.0,-1023.386719,-449.488647,1676.041748,0.8585194602,-0.5110753678,0.0417888124,0.1362350687,1022.8341673253,2029.855868617,2.0
28281,0.0,-1022.261841,-449.2169185,1676.1585085,0.849966863,-0.5248880275,0.0422462384,,,,
28282,0.0,-1019.27002,-448.378662,1676.344971,0.8302456403,-0.5556966209,0.0435137034,,,,
28283,0.0,-1016.929932,-447.491241,1676.416504,0.8201310735,-0.5704407462,0.0445238972,,,,
28284,0.0,-1014.619324,-446.381042,1676.490479,0.8178785701,-0.5736548803,0.044662321,,,,
28285,0.0,-1012.609924,-445.283051,1676.648071,0.8177604593,-0.5738232379,0.044662321,,,,
28286,0.0,-1010.149963,-443.846497,1676.653076,0.8177604593,-0.5738232379,0.044662321,,,,
28287,0.0,-1008.168335,-442.566589,1676.630371,0.8177604593,-0.5738232379,0.044662321,,,,
28288,0.0,-1005.673157,-440.865417,1676.594116,0.8177604593,-0.5738232379,0.044662321,,,,
28289,0.0,-1003.750183,-439.565796,1676.582397,0.8181814442,-0.5732228201,0.044662321,,,,
28290,0.0,-1001.38855,-437.87616,1676.504883,0.8226387527,-0.5668664147,0.0439084334,,,,
28291,0.0,-998.748596,-435.76767,1676.402466,0.836694836,-0.5461940487,0.0401722864,,,,
28292,0.0,-996.674866,-433.96167,1676.39856,0.8608934246,-0.5074410038,0.0369613179,0.1394367944,1024.5275259617,2011.4661206786,2.0
28293,0.0,-993.70929,-431.420166,1676.663208,0.892156742,-0.4504212709,0.0343078181,,,,
28294,0.0,-991.358032,-428.815399,1676.753784,0.9352234538,-0.3528773149,0.0288910395,,,,
28295,0.0,-989.865906,-426.756409,1677.270508,0.9791054585,-0.2020881679,0.0226467127,,,,
28296,0.0,-988.718445,-424.926453,1677.427002,0.9972304985,-0.071582632,0.0201806749,,,,
28297,0.0,-987.403381,-422.325317,1677.633545,0.9988496786,0.0436956235,0.0197487223,,,,
28298,0.0,-986.359436,-420.159454,1677.67041,0.9970490444,0.0741835001,0.0197487048,,,,
28299,0.0,-985.389404,-417.993317,1677.671387,0.9954908894,0.092460913,0.0211865198,,,,
28300,0.0,-984.378113,-415.193665,1677.600708,0.9950259937,0.0972309914,0.0216657819,,,,
28301,0.0,-983.676453,-412.646301,1677.441772,0.9950259937,0.0972309914,0.0216657819,,,,
28302,0.0,-983.032349,-410.314911,1677.311157,0.9950259937,0.0972309914,0.0216657819,,,,
28303,0.0,-982.373474,-407.114716,1677.320068,0.9950259937,0.0972309914,0.0216657819,,,,
28304,0.0,-982.048584,-404.884125,1677.008057,0.9950259937,0.0972309914,0.0216657819,,,,
28305,0.0,-981.672058,-401.874878,1676.880127,0.9950259937,0.0972309914,0.0216657819,,,,
28306,0.0,-981.423096,-399.451569,1676.845215,0.9950259937,0.0972309914,0.0216657819,,,,
28307,0.0,-981.302612,-396.434326,1676.795044,0.9950259937,0.0972309914,0.0216657819,,,,
28308,0.0,-981.186401,-393.456726,1676.830322,0.9950259937,0.0972309914,0.0216657819,,,,
28309,0.0,-981.174683,-391.026184,1676.889404,0.9950259937,0.0972309914,0.0216657819,,,,
28310,0.0,-981.155823,-388.165649,1677.164551,0.9950976404,0.0964949735,0.0216657819,,,,
28311,0.0,-981.089111,-384.621216,1677.425415,0.9952856202,0.0945363853,0.0216657819,,,,
28312,0.0,-981.026123,-381.763794,1677.630371,0.9953742194,0.0935989168,0.0216657819,,,,
28313,0.0,-980.954712,-378.284119,1677.887451,0.9954697418,0.0925774656,0.0216657819,,,,
28314,0.0,-980.86377,-375.182098,1678.110962,0.9955513474,0.0916957396,0.0216657819,,,,
28315,0.0,-980.794861,-371.245789,1678.365723,0.9956534028,0.0905808781,0.0216657819,,,,
28316,0.0,-980.790222,-367.983765,1678.494873,0.995737774,0.0896486437,0.0216657819,,,,
28317,0.0,-980.788208,-364.924866,1678.622925,0.9958149571,0.0887871902,0.0216657819,,,,
28318,0.0,-981.294861,-361.598999,1678.738159,0.9959618705,0.0871237424,0.0216657819,,,,
28319,0.0,-981.816223,-357.80304,1678.82666,0.9961605262,0.0848221664,0.0216657819,,,,
28320,0.0,-981.866577,-354.733917,1678.818726,0.9962384074,0.0839025004,0.0216657819,,,,
28321,0.0,-982.61853,-349.516724,1678.687866,0.9962413911,0.0838670644,0.0216657819,,,,
28322,0.0,-983.0563965,-347.7005615,1678.6206665,0.9962413911,0.0838670644,0.0216657819,,,,
28323,0.0,-984.376892,-343.1185,1678.4375,0.9962413911,0.0838670644,0.0216657819,,,,
28324,0.0,-985.396423,-340.398193,1678.265991,0.9962413911,0.0838670644,0.0216657819,,,,
28325,0.0,-986.51416,-337.798157,1678.084717,0.9959804431,0.086911166,0.0216657819,,,,
28326,0.0,-987.3266905,-336.1555025,1677.961243,0.995318418,0.0939265008,0.0216657819,,,,
28327,0.0,-988.139221,-334.512848,1677.837769,0.9946563928,0.1009418357,0.0216657819,,,,
28328,0.0,-990.453857,-329.908173,1677.520752,0.9797768091,0.1988431293,0.022334151,,,,
28329,0.0,-992.241882,-326.447021,1677.335327,0.9379028694,0.3460319861,0.0244963696,,,,
28330,0.0,-993.895752,-323.931641,1677.273682,0.9009514951,0.4332252665,0.0245412285,,,,
28331,0.0,-995.400818,-321.173248,1677.296143,0.8015128603,0.597400158,0.0262713905,,,,
28332,0.0,-997.475891,-318.552155,1677.422363,0.7261461804,0.6869697781,0.0280044397,,,,
28333,0.0,-1000.130432,-315.667694,1677.566162,0.609405661,0.7923248174,0.0290882137,,,,
28334,0.0,-1003.708984,-312.277863,1677.639771,0.4364437949,0.8991638554,0.0319558309,,,,
28335,0.0,-1005.962036,-310.528534,1677.974731,0.3417702258,0.9391857578,0.0335145513,,,,
28336,0.0,-1008.857117,-308.005798,1678.179932,0.2661737675,0.9633208438,0.0341244391,,,,
28337,0.0,-1011.543457,-305.61673,1678.199097,0.2328856411,0.971871263,0.035078859,,,,
28338,0.0,-1013.626831,-304.051147,1678.438965,0.2319154347,0.9721031024,0.0350826092,,,,
28339,0.0,-1015.742554,-302.479309,1678.521851,0.2318479927,0.9721191896,0.0350826092,,,,
28340,0.0,-1018.523865,-300.610596,1678.563965,0.2318479927,0.9721191896,0.0350826092,,,,
28341,0.0,-1020.474976,-299.043854,1678.515625,0.2318479927,0.9721191896,0.0350826092,,,,
28342,0.0,-1022.353821,-297.227142,1678.455933,0.2318479927,0.9721191896,0.0350826092,,,,
28343,0.0,-1024.697388,-294.781647,1678.350098,0.2318479927,0.9721191896,0.0350826092,,,,
28356,0.0,-1042.48645,-267.30304,1676.390381,0.9543875593,0.2941281097,0.0513131733,,,,
28357,0.0,-1047.450562,-261.221741,1677.109131,0.9961718846,0.0677765712,0.0552079048,,,,
28358,0.0,-1048.21521,-259.6099855,1677.2250975,0.9965004856,0.0061850996,0.0561605006,,,,
28359,0.0,-1048.979858,-257.99823,1677.341064,0.9968290867,-0.0554063719,0.0571130963,,,,
28360,0.0,-1049.884033,-255.556961,1677.333252,0.9829968456,-0.1739512657,0.0588061118,,,,
28361,0.0,-1051.342407,-249.632492,1677.377075,0.9752732139,-0.2127074103,0.059980962,,,,
28362,0.0,-1051.3136595,-247.846855,1677.327881,0.9751996259,-0.2130442533,0.0599809707,,,,
28363,0.0,-1051.364868,-243.308044,1677.342773,0.9751260379,-0.2133810963,0.0599809794,,,,
28364,0.0,-1051.43103,-240.004745,1677.331055,0.9751260379,-0.2133810963,0.0599809794,,,,
28365,0.0,-1051.369019,-236.55455,1677.123779,0.9749250375,-0.214297586,0.059980962,,,,
28366,0.0,-1051.349731,-234.002396,1677.036987,0.9748746564,-0.2143056152,0.0607660076,,,,
28367,0.0,-1051.164429,-230.581467,1676.722534,0.9748644033,-0.2143034326,0.0609379523,,,,
28368,0.0,-1050.937622,-227.318436,1676.388794,0.9748644033,-0.2143034326,0.0609379523,,,,
28369,0.0,-1050.737427,-224.583282,1676.074707,0.9748644033,-0.2143034326,0.0609379523,,,,
28370,0.0,-1050.494995,-221.363373,1675.750977,0.9748644033,-0.2143034326,0.0609379523,,,,
28371,0.0,-1050.244263,-218.069839,1675.563843,0.9748644033,-0.2143034326,0.0609379523,0.0252373578,495.5620680096,2219.8246138093,2.0
28372,0.0,-1049.999023,-214.951904,1675.496826,0.9748644033,-0.2143034326,0.0609379523,0.0249590581,492.7756010793,2219.4586029671,2.0
28373,0.0,-1049.776611,-212.437347,1675.507324,0.9748644033,-0.2143034326,0.0609379523,0.0247376437,490.5422586989,2219.1408493168,2.0
28374,0.0,-1049.42688,-209.23114,1675.456543,0.9748644033,-0.2143034326,0.0609379523,0.0244547571,487.6617389998,2218.6741144774,2.0
28375,0.0,-1049.042236,-205.665649,1675.473022,0.9748644033,-0.2143034326,0.0609379523,0.0241445077,484.4845495294,2218.1615095418,2.0
28376,0.0,-1048.62854,-202.741531,1675.528809,0.9748644033,-0.2143034326,0.0609379523,0.023892988,481.8728704361,2217.6449423522,2.0
28377,0.0,-1048.186279,-199.797226,1675.624023,0.9748644033,-0.2143034326,0.0609379523,0.0238976316,481.8929501988,2217.5244806634,2.0
28378,0.0,-1047.727539,-196.98378,1675.671631,0.9748644033,-0.2143034326,0.0609379523,0.0239110062,481.9648726253,2217.2425819607,2.0
28379,0.0,-1047.320679,-194.123352,1675.90271,0.9748644033,-0.2143034326,0.0609379523,0.0239379977,482.1544243741,2216.8788606544,2.0
28380,0.0,-1046.974121,-191.476929,1676.223511,0.9748644033,-0.2143034326,0.0609379523,0.0239722704,482.4004649678,2216.4432524511,2.0
28381,0.0,-1046.625122,-188.573242,1676.454956,0.9748644033,-0.2143034326,0.0609379523,0.0239973814,482.5278455733,2215.8823346399,2.0
28382,0.0,-1046.294556,-185.642227,1676.749146,0.9748644033,-0.2143034326,0.0609379523,0.0240280985,482.6879742162,2215.2176056272,2.0
28383,0.0,-1045.979614,-182.830597,1677.032837,0.9746612917,-0.2152253064,0.0609379523,0.0242581295,484.8019062264,2214.4738807493,2.0
28384,0.0,-1045.959961,-180.436539,1677.351685,0.9743138658,-0.2167926637,0.0609379349,0.0246268769,488.325591849,2214.013400721,2.0
28385,0.0,-1046.119995,-177.474258,1677.586548,0.9740655753,-0.2179055321,0.0609379523,0.0248954702,490.847775753,2213.5616310442,2.0
28386,0.0,-1046.226318,-174.827652,1677.735229,0.9738681311,-0.2187862636,0.0609379523,0.025119354,492.9033850431,2213.029179514,2.0
28387,0.0,-1046.402832,-171.986008,1677.893188,0.9738259029,-0.2189741466,0.0609379523,0.0252007447,493.5569063353,2212.4276029729,2.0
28388,0.0,-1046.739136,-169.100845,1678.019043,0.9734529708,-0.2206261083,0.0609379523,0.0256064317,497.3444334286,2211.9019210003,2.0
28389,0.0,-1047.165039,-166.375977,1678.006958,0.973218218,-0.2216593472,0.0609379523,0.0258716625,499.777578819,2211.4489005163,2.0
28390,0.0,-1047.642578,-163.884964,1677.955811,0.9731920589,-0.22177417,0.0609379523,0.0259226646,500.1786142362,2211.0736908427,2.0
28391,0.0,-1048.324097,-161.018188,1677.809937,0.9730139849,-0.2225541535,0.0609379523,0.0261249534,502.0178106622,2210.708772324,2.0
28392,0.0,-1049.136353,-157.943436,1677.641479,0.9729789869,-0.2227071103,0.0609379523,0.0261975811,502.610988812,2210.291454122,2.0
28393,0.0,-1049.896973,-155.081818,1677.562744,0.9727658949,-0.2236360427,0.0609379523,0.0264477335,504.8501700814,2209.75416071,2.0
28394,0.0,-1050.643433,-152.496948,1677.499023,0.9727650206,-0.2236398458,0.0609379523,0.0264812772,505.0684689005,2209.3278496632,2.0
28395,0.0,-1051.318237,-150.037003,1677.366455,0.9727650206,-0.2236398458,0.0609379523,0.0265145212,505.2701501705,2208.8426531781,2.0
28484,0.0,-938.307007,97.886124,1676.538574,0.786548261,0.6115261687,0.0858928294,,,,
28485,0.0,-938.406677,97.808632,1676.643188,0.786548261,0.6115261687,0.0858928294,,,,
28486,0.0,-938.116943,98.033958,1676.544189,0.786548261,0.6115261687,0.0858928294,,,,
28487,0.0,-940.203247,99.584396,1678.605469,0.6865231382,0.7208480852,0.0952051403,,,,
28488,0.0,-939.706787,104.502396,1678.443237,0.520879362,0.8476728951,0.1006744913,,,,
28497,0.0,-946.082886,130.861176,1700.387573,-0.8651491255,0.4902053256,0.1059043409,,,,
28498,0.0,-946.257812,134.295868,1704.796753,-0.8985858836,0.4245398088,0.1109475579,,,,
28499,0.0,-946.361938,138.534561,1709.671509,-0.9326734619,0.3412011384,0.117055528,,,,
28501,0.0,-946.616211,144.058182,1715.42334,-0.9718655364,0.198463949,0.1268441567,,,,
28502,0.0,-946.389526,147.471207,1717.889038,-0.9686779891,0.2130194797,0.1276152608,,,,
28503,0.0,-946.530701,149.134796,1719.203003,-0.9671348268,0.2197932502,0.1278325229,,,,
28504,0.0,-946.482727,152.767685,1719.776489,-0.9665663577,0.222279809,0.1278325576,,,,
28505,0.0,-946.399963,156.593536,1720.575317,-0.9659837162,0.2247983481,0.1278325576,,,,
28506,0.0,-946.2005,159.337265,1726.40979,-0.9659589929,0.2249045801,0.1278325229,,,,
28507,0.0,-945.894348,162.254578,1727.786255,-0.9659589929,0.2249045801,0.1278325229,,,,
28508,0.0,-945.484619,165.327103,1729.349976,-0.9659589929,0.2249045801,0.1278325229,,,,
28509,0.0,-945.021667,168.068375,1730.89563,-0.9659589929,0.2249045801,0.1278325229,,,,
28510,0.0,-944.533325,171.052353,1729.826904,-0.9659589929,0.2249045801,0.1278325229,,,,
28511,0.0,-943.988892,173.965271,1730.198486,-0.9659589929,0.2249045801,0.1278325229,,,,
28512,0.0,-943.599182,177.124786,1731.369019,-0.9659589929,0.2249045801,0.1278325229,,,,
28513,0.0,-943.189331,180.095398,1732.303223,-0.9659589929,0.2249045801,0.1278325229,,,,
28514,0.0,-942.826965,183.78627,1733.362427,-0.9659589929,0.2249045801,0.1278325229,,,,
28515,0.0,-942.514404,186.819122,1734.078613,-0.9659589929,0.2249045801,0.1278325229,,,,
28516,0.0,-942.180664,189.907455,1734.626831,-0.9659589929,0.2249045801,0.1278325229,,,,
28517,0.0,-941.845459,192.810074,1734.936157,-0.9659589929,0.2249045801,0.1278325229,,,,
28518,0.0,-941.51947,195.980637,1734.989624,-0.9655190315,0.2272279727,0.1270450635,,,,
28519,0.0,-940.835999,199.830582,1733.912354,-0.9541533679,0.2728399523,0.1230841624,,,,
28520,0.0,-940.137146,203.039322,1732.814697,-0.9196094967,0.3733560441,0.1221623427,,,,
28521,0.0,-939.9599,205.611908,1732.785889,-0.8785038727,0.4618618585,0.1221252203,,,,
28522,0.0,-939.741882,208.879852,1731.157715,-0.8049993819,0.5805699183,0.122125203,,,,
28523,0.0,-939.499023,212.085175,1729.503906,-0.724471329,0.6782655158,0.1228705967,,,,
28524,0.0,-939.209229,215.429489,1727.518677,-0.6279272743,0.7678619634,0.1268674244,,,,
28525,0.0,-938.887451,218.878952,1725.271851,-0.5352216695,0.8343708189,0.1317691205,,,,
28526,0.0,-938.502991,222.549713,1722.602295,-0.461578306,0.8770037061,0.133453988,,,,
28527,0.0,-938.141052,225.862061,1720.108276,-0.391140133,0.9108380053,0.1318465945,,,,
28528,0.0,-937.646484,229.339523,1717.375,-0.328869672,0.9355070361,0.1291174826,,,,
28529,0.0,-935.707214,237.453552,1711.052368,-0.1894817988,0.9733108698,0.1294704547,,,,
28530,0.0,-935.017456,241.045013,1707.666748,-0.0976217529,0.9856908661,0.1374172834,,,,
28531,0.0,-934.759735,242.856979,1705.7974855,-0.0711991488,0.987205885,0.140168482,,,,
28532,0.0,-934.410034,248.954147,1698.042114,0.0163856485,0.989002747,0.1469866558,,,,
28571,0.0,-900.929932,385.621429,1681.944092,0.2358269866,-0.9602002923,0.14966974,,,,
28572,0.0,-900.9185795,385.575073,1682.8532715,0.2358269866,-0.9602002923,0.14966974,,,,
28573,0.0,-900.867859,385.368835,1688.890259,0.2358269866,-0.9602002923,0.14966974,,,,
28574,0.0,-900.874573,385.395844,1689.808838,0.2358269866,-0.9602002923,0.14966974,,,,
28578,0.0,-897.593567,400.013458,1698.95752,0.2349062919,-0.9604259487,0.14966974,,,,
28579,0.0,-896.844971,403.621979,1702.59375,0.2349062919,-0.9604259487,0.14966974,,,,
28580,0.0,-895.94458,408.171265,1706.477905,0.2349062919,-0.9604259487,0.14966974,,,,
28581,0.0,-893.938232,413.048248,1710.098999,0.2349062919,-0.9604259487,0.14966974,,,,
28582,0.0,-893.112,416.712738,1713.838257,0.2349062919,-0.9604259487,0.14966974,,,,
28583,0.0,-892.369507,420.206177,1717.811279,0.2388756567,-0.9593175175,0.1504935918,,,,
28584,0.0,-891.658325,423.747559,1721.700439,0.2487144172,-0.9564420988,0.1528386415,,,,
28585,0.0,-890.748535,428.099182,1726.012817,0.3279823928,-0.9302974197,0.1642384268,0.0580328825,92.5650770538,275.7332626021,1.0
28586,0.0,-890.356995,431.569824,1728.16687,0.4039450991,-0.8986843235,0.1708649866,0.0677552212,101.0467847358,279.2672729576,1.0
28587,0.0,-889.725525,437.620483,1731.446655,0.6496089461,-0.7373597493,0.185226395,0.1456801472,148.3596213716,285.4455036929,1.0
28588,0.0,-888.635071,441.136749,1733.227539,0.7780959527,-0.5979735051,0.1923392204,,,,
28589,0.0,-885.544006,446.720703,1734.571899,0.9738647417,-0.1045352158,0.2016428861,,,,
28590,0.0,-884.958557,450.959442,1735.195801,0.9725705228,0.1159160966,0.201668135,,,,
28591,0.0,-884.818298,458.011871,1736.004028,0.855084556,0.4788390718,0.1988555894,,,,
28592,0.0,-885.368286,462.350494,1736.336304,0.6776499816,0.7101695364,0.190918129,,,,
28593,0.0,-885.712036,467.755463,1736.651733,0.4788471333,0.8580330941,0.1857003833,,,,
28594,0.0,-885.663391,470.61554,1736.687134,0.401232354,0.897098562,0.1850047786,,,,
28595,0.0,-885.565308,474.961029,1736.550781,0.2763000351,0.9428380503,0.1863188167,,,,
28596,0.0,-885.204773,478.817993,1736.228149,0.2072157452,0.9594116868,0.1912873499,,,,
28597,0.0,-884.548462,482.883026,1735.633545,0.1796225576,0.9645846952,0.1931634092,,,,
28598,0.0,-883.929321,486.101349,1734.956909,0.1730716292,0.9654439106,0.1948442114,,,,
28599,0.0,-883.16803,490.069733,1733.923462,0.1961002131,0.9615418192,0.1923071406,,,,
28600,0.0,-882.521851,493.369629,1732.880493,0.2006647527,0.96094641,0.1905666657,,,,
28601,0.0,-881.819275,496.953827,1731.616821,0.2011127021,0.9608884709,0.1903865214,,,,
28602,0.0,-881.096863,500.502045,1730.161011,0.2011127021,0.9608884709,0.1903865214,,,,
28603,0.0,-880.381287,504.065582,1728.550293,0.2011127021,0.9608884709,0.1903865214,,,,
28604,0.0,-879.554321,508.051514,1726.496704,0.2011127021,0.9608884709,0.1903865214,,,,
28605,0.0,-878.890381,511.367981,1724.64502,0.2011127021,0.9608884709,0.1903865214,,,,
28644,0.0,-858.295227,638.395752,1698.509888,0.0795523255,-0.985674021,0.1487217263,,,,
28645,0.0,-858.373657,639.367188,1699.074097,0.0795523255,-0.985674021,0.1487217263,,,,
28646,0.0,-858.364197,639.249756,1698.970947,0.0795523255,-0.985674021,0.1487217263,,,,
28647,0.0,-858.360535,639.204651,1698.494995,0.0795523255,-0.985674021,0.1487217263,,,,
28648,0.0,-858.401672,639.276001,1697.094727,0.0795523255,-0.985674021,0.1487217263,,,,
28649,0.0,-858.331726,640.70636,1694.144775,0.0553701436,-0.9869471336,0.1512266603,,,,
28650,0.0,-858.347839,643.997986,1689.778076,0.0432868037,-0.9861155487,0.1603196098,,,,
28651,0.0,-858.111389,645.671112,1689.732666,0.042926867,-0.9860729445,0.1606772324,,,,
28652,0.0,-857.527527,649.606934,1690.328979,0.0425669304,-0.9860303403,0.161034855,,,,
28653,0.0,-857.199463,652.766357,1691.002319,0.0425669304,-0.9860303403,0.161034855,,,,
28654,0.0,-857.14032,654.4618225,1691.604309,0.0425669304,-0.9860303403,0.161034855,,,,
28655,0.0,-857.081177,656.157288,1692.206299,0.0425669304,-0.9860303403,0.161034855,,,,
28656,0.0,-856.980957,659.66803,1692.765381,0.0425669304,-0.9860303403,0.161034855,,,,
28657,0.0,-856.881592,665.335388,1695.08252,0.0425669304,-0.9860303403,0.161034855,,,,
28658,0.0,-856.858124,667.391174,1695.7191165,0.0425669304,-0.9860303403,0.161034855,,,,
28659,0.0,-856.821716,671.824036,1697.187866,0.0425669304,-0.9860303403,0.161034855,,,,
28660,0.0,-856.812317,674.90918,1698.19751,0.0425669304,-0.9860303403,0.161034855,,,,
28661,0.0,-856.817749,678.494751,1699.474121,0.0425669304,-0.9860303403,0.161034855,,,,
28662,0.0,-856.831116,681.54187,1700.285767,0.0425669304,-0.9860303403,0.161034855,,,,
28663,0.0,-856.861389,685.163818,1701.860474,0.0425669304,-0.9860303403,0.161034855,,,,
28664,0.0,-856.896057,688.381287,1702.593994,0.0425669304,-0.9860303403,0.161034855,,,,
28665,0.0,-857.107971,691.674866,1704.019775,0.0425669304,-0.9860303403,0.161034855,,,,
28666,0.0,-857.554565,695.266052,1705.309448,0.0425669304,-0.9860303403,0.161034855,,,,
28667,0.0,-858.023865,697.84259,1706.123779,0.0425669304,-0.9860303403,0.161034855,,,,
28668,0.0,-858.705078,700.861023,1707.20813,0.042572366,-0.9861502604,0.1602974035,,,,
28669,0.0,-859.570679,703.822327,1707.936157,0.0418824837,-0.9869063371,0.1557618032,,,,
28670,0.0,-860.814392,707.236633,1709.020386,0.0401350507,-0.9879132687,0.1497215789,,,,
28671,0.0,-862.070618,710.413696,1709.560303,0.0398134358,-0.9882051301,0.1478699127,,,,
28672,0.0,-863.417053,713.260437,1710.049438,0.0398141533,-0.9882195092,0.1477735932,,,,
28673,0.0,-864.766968,715.887512,1710.307129,0.0406298319,-0.9883072775,0.1469623829,,,,
28674,0.0,-866.336121,718.840454,1710.533569,0.0424331625,-0.9882518712,0.1468252898,,,,
28675,0.0,-867.825562,721.410461,1710.552246,0.0458597307,-0.9880987877,0.1468253071,,,,
28676,0.0,-869.398621,723.93811,1710.539429,0.0696511423,-0.9861221163,0.1507046456,,,,
28677,0.0,-870.737,726.337402,1710.552979,0.121066953,-0.9794218097,0.1614797562,,,,
28678,0.0,-872.051453,729.369202,1710.64917,0.2772869399,-0.9421308499,0.1884181908,,,,
28679,0.0,-872.641846,732.271667,1710.605469,0.4567217668,-0.8648527558,0.2084105046,,,,
28680,0.0,-874.412537,734.347961,1710.869385,0.7120921712,-0.6664205081,0.2209263363,,,,
28681,0.0,-876.179016,737.4375,1711.197266,0.8894483527,-0.3972373572,0.2260179416,,,,
28682,0.0,-877.703247,740.658997,1711.578857,0.9711621904,-0.100698233,0.2161107719,,,,
28683,0.0,-878.550415,742.987305,1711.86084,0.97019576,0.1343757104,0.2016515702,,,,
28684,0.0,-879.790466,746.440063,1712.226685,0.8893858527,0.4184344767,0.1841341731,,,,
28685,0.0,-880.942505,749.463013,1712.594482,0.808600596,0.5617476695,0.1749417958,,,,
28686,0.0,-881.957336,752.075256,1712.96582,0.7247181173,0.6678043837,0.1697673573,,,,
28687,0.0,-883.660706,754.681763,1713.392822,0.6478829138,0.7434013457,0.1661390055,,,,
28688,0.0,-885.936401,757.940796,1713.945679,0.6007411715,0.7824033611,0.1641798567,,,,
28689,0.0,-888.34906,761.512207,1714.481445,0.5923514131,0.788818406,0.1639674534,,,,
28690,0.0,-889.968811,764.514832,1715.207153,0.5996926357,0.7827481207,0.1663554093,,,,
28691,0.0,-891.637451,768.744934,1716.077271,0.6058221071,0.776964502,0.1711891854,,,,
28692,0.0,-894.250244,771.803955,1716.543823,0.6079387847,0.7739357372,0.1772961048,,,,
28693,0.0,-896.947021,774.775452,1716.919312,0.6065051379,0.7744660344,0.179871841,,,,
28694,0.0,-898.9953,777.133606,1717.032471,0.5987081424,0.7799717121,0.182188607,,,,
28695,0.0,-901.375122,780.216797,1717.122803,0.5924812463,0.7843761701,0.1836300534,,,,
28696,0.0,-903.399475,783.619202,1717.113647,0.5875778774,0.787823298,0.1846258084,,,,
28697,0.0,-905.146851,787.282288,1717.132324,0.586300588,0.7887484738,0.1847362056,,,,
28698,0.0,-907.066895,793.840881,1717.224121,0.6004170732,0.7765514772,0.1909637178,,,,
28699,0.0,-908.280884,797.921387,1720.46521,0.6215814064,0.7578445537,0.1982629256,,,,
28700,0.0,-909.639221,801.8172,1725.211304,0.6381752206,0.7418867695,0.2057581325,,,,
28701,0.0,-910.604004,804.664001,1728.018921,0.6469739096,0.7325879051,0.2115176628,,,,
28702,0.0,-912.017761,808.393372,1732.096313,0.6544077136,0.7235180668,0.2197092427,,,,
28703,0.0,-913.791016,811.694885,1735.921143,0.662699114,0.7120955545,0.2318400428,,,,
28704,0.0,-916.463257,815.432556,1740.455811,0.6756412353,0.695207791,0.2453467924,,,,
28705,0.0,-918.115967,818.090942,1743.181152,0.7044167164,0.6609789335,0.2586579577,,,,
28706,0.0,-920.119385,821.710266,1745.175049,0.7668139951,0.5767298666,0.2817427157,,,,
28707,0.0,-922.15863,824.731262,1746.515137,0.8025010823,0.5190378006,0.2942648032,,,,
28708,0.0,-923.751038,827.173218,1747.852295,0.8405175135,0.447927067,0.3047813186,,,,
28709,0.0,-925.356079,830.036194,1749.894653,0.8717147502,0.3763412156,0.3138163217,,,,
28710,0.0,-926.980774,832.804688,1752.431396,0.9070439534,0.2688324063,0.3240376582,,,,
28711,0.0,-928.902588,834.831055,1755.0802,0.936065774,0.0757470292,0.3435742342,,,,
28712,0.0,-929.966675,836.473022,1757.980591,0.9011960258,-0.2084787437,0.379976758,,,,
28713,0.0,-931.479797,838.671814,1760.563721,0.8454949056,-0.3449382102,0.4076223691,,,,
28714,0.0,-932.585999,839.842468,1766.553345,0.7658488085,-0.474618482,0.4338351059,,,,
28715,0.0,-934.962097,842.66925,1768.240967,0.6449189648,-0.6099285479,0.4605069981,,,,
28716,0.0,-936.246643,844.368286,1769.346558,0.5885629146,-0.662266332,0.463677691,,,,
28717,0.0,-938.117371,847.282043,1770.995361,0.5477785489,-0.6982096617,0.4609142325,,,,
28718,0.0,-940.018005,850.211609,1770.190552,0.5070305888,-0.7392172518,0.4432582055,,,,
28719,0.0,-941.550293,852.658142,1770.057983,0.4770878343,-0.7670481259,0.4289806183,,,,
28720,0.0,-943.618713,855.785828,1771.456299,0.4272813518,-0.8042108799,0.413128923,,,,
28721,0.0,-945.634338,859.087585,1772.534424,0.390542344,-0.8259164932,0.4066185237,,,,
28722,0.0,-947.401367,862.18866,1773.459839,0.3711542398,-0.8361829496,0.4037853453,,,,
28723,0.0,-949.329041,865.310059,1774.24231,0.3315747589,-0.8553755295,0.3979835207,,,,
28724,0.0,-951.215088,868.408691,1774.822876,0.2950236145,-0.8711552968,0.3924914213,,,,
28725,0.0,-952.80188,870.735413,1775.109131,0.2453321509,-0.889681889,0.3850691783,,,,
28726,0.0,-954.997559,873.940308,1775.213867,0.186395629,-0.9074555927,0.376538201,,,,
28727,0.0,-957.283142,877.189941,1774.211182,0.1196218898,-0.922150571,0.3678708033,,,,
28728,0.0,-959.377625,880.602905,1772.981812,0.0964893689,-0.9269282743,0.3626207053,,,,
28729,0.0,-960.625671,882.955566,1770.802734,0.096325607,-0.9269623903,0.3625770324,,,,
28730,0.0,-962.346985,886.25061,1769.15686,0.1054158386,-0.9275707321,0.3584690195,,,,
28731,0.0,-964.156677,889.670593,1767.345337,0.1209017395,-0.9278675305,0.3527670835,,,,
28732,0.0,-965.894226,892.938538,1765.358276,0.1712968786,-0.923352835,0.3436232259,,,,
28733,0.0,-967.42334,895.825073,1763.367432,0.2246239585,-0.9129559451,0.3406692232,,,,
28734,0.0,-969.287903,899.446106,1760.915405,0.3700847896,-0.8647749519,0.3394135105,,,,
28735,0.0,-970.839722,902.879883,1758.554565,0.5170876878,-0.7864862907,0.3377271644,,,,
28736,0.0,-972.023376,906.772949,1756.578125,0.7402047305,-0.5869206413,0.328056577,,,,
28737,0.0,-972.585876,909.725952,1753.888672,0.8677214065,-0.3857935972,0.3134052664,,,,
28738,0.0,-971.810181,913.126648,1746.140869,0.954486999,-0.0805257965,0.2871761912,,,,
28739,0.0,-973.09845,918.740356,1740.946167,0.9490135687,0.1661793137,0.2678762441,,,,
28740,0.0,-974.643311,923.161377,1736.80603,0.889673399,0.3801198254,0.2529627671,,,,
28741,0.0,-977.924805,929.601318,1730.340332,0.8096693173,0.5349911964,0.2412882434,,,,
28742,0.0,-979.382263,932.44458,1730.41748,0.7480164754,0.6215796339,0.2326158017,,,,
28743,0.0,-980.692017,934.69165,1730.991699,0.7130917237,0.6631848602,0.2273456285,,,,
28744,0.0,-981.073059,936.556091,1731.22522,0.6911484758,0.688192492,0.2206918174,,,,
28745,0.0,-981.124512,939.379272,1731.416016,0.6753114542,0.7056171847,0.2146132069,,,,
28746,0.0,-980.9911195,940.8067015,1731.5130005,0.6739643556,0.7071515822,0.2137845448,,,,
28747,0.0,-980.512512,944.141479,1731.70874,0.6722809338,0.7094267188,0.2115468667,,,,
28748,0.0,-979.897888,946.783264,1731.868774,0.6706561459,0.7113320609,0.2103022423,,,,
28749,0.0,-979.156189,949.357178,1731.914429,0.6676770095,0.714637982,0.2085664538,,,,
28750,0.0,-978.300781,952.052979,1732.401978,0.6575927223,0.7254153706,0.2033331054,,,,
28751,0.0,-977.264648,954.81543,1732.75415,0.6510926455,0.7319490578,0.2008206756,,,,
28752,0.0,-976.537354,956.637085,1733.004883,0.6481121458,0.7351471777,0.1987693979,,,,
28753,0.0,-975.342285,959.311584,1733.699585,0.6463602965,0.7369191431,0.1979104437,,,,
28754,0.0,-974.169861,961.774292,1734.054321,0.6462098121,0.7370511029,0.1979104608,,,,
28755,0.0,-973.208008,964.047668,1734.963867,0.6462098121,0.7370511029,0.1979104608,,,,
28756,0.0,-971.961365,966.899048,1735.599243,0.6462098121,0.7370511029,0.1979104608,,,,
28757,0.0,-970.934204,969.134644,1736.139282,0.6462098121,0.7370511029,0.1979104608,,,,
28758,0.0,-969.572754,971.846191,1736.653809,0.6462098121,0.7370511029,0.1979104608,,,,
28759,0.0,-968.088135,974.61908,1736.973389,0.6462098121,0.7370511029,0.1979104608,,,,
28760,0.0,-966.869629,976.788757,1737.256836,0.6462098121,0.7370511029,0.1979104608,,,,
28761,0.0,-965.019897,979.886169,1737.659424,0.6462098121,0.7370511029,0.1979104608,,,,
28762,0.0,-963.370178,982.651428,1738.04895,0.6483384312,0.7354189619,0.1970183472,,,,
28763,0.0,-961.733582,985.266418,1738.465088,0.6569527725,0.7282394852,0.1951417611,,,,
28764,0.0,-960.487183,987.196533,1738.832642,0.6670052588,0.7194289039,0.1937163828,,,,
28765,0.0,-958.733154,989.736633,1739.334717,0.7012550511,0.6862299217,0.1932093371,,,,
28766,0.0,-956.747925,992.360413,1739.221313,0.7474383417,0.6346231031,0.1964419565,,,,
28767,0.0,-954.526794,994.864807,1739.872803,0.8415824403,0.4979310735,0.2092931968,,,,
28768,0.0,-953.02655,996.51001,1740.398438,0.8912762542,0.397696928,0.2178618649,,,,
28769,0.0,-950.757874,998.400513,1743.718506,0.9603246303,0.1460733729,0.237569304,,,,
28770,0.0,-948.227661,998.932373,1748.256714,0.9606561756,-0.1106159154,0.2547623039,,,,
28771,0.0,-946.339478,999.567871,1753.319214,0.8773602935,-0.3961291862,0.2707777376,,,,
28772,0.0,-946.315491,999.753113,1758.15271,0.6768060987,-0.6779698497,0.286863012,,,,
28773,0.0,-945.712036,1001.330627,1762.100098,0.5334523088,-0.7929656266,0.2943367956,,,,
28774,0.0,-945.554932,1002.741089,1765.675049,0.3051639077,-0.9032315287,0.3017412718,,,,
28775,0.0,-944.605652,1005.065125,1769.360474,0.1767074479,-0.9352389887,0.3067613273,,,,
28776,0.0,-943.697388,1007.552734,1773.083496,0.0115440928,-0.9486284612,0.3161815562,,,,
28777,0.0,-942.968079,1009.481384,1775.643677,-0.0776952468,-0.9434616573,0.322247653,,,,
28778,0.0,-941.683838,1012.417969,1779.25,-0.1861952927,-0.9249504495,0.331357781,,,,
28779,0.0,-940.175842,1015.247986,1782.503296,-0.2332303496,-0.9122213255,0.3368320906,,,,
28780,0.0,-937.069275,1020.453247,1787.827637,-0.2378226941,-0.9108130471,0.3374314143,,,,
28781,0.0,-936.2098695,1021.8633115,1789.1466675,-0.2378226941,-0.9108130471,0.3374314143,,,,
28782,0.0,-935.350464,1023.273376,1790.465698,-0.2378226941,-0.9108130471,0.3374314143,,,,
28783,0.0,-932.365234,1028.142822,1794.411621,-0.2378226941,-0.9108130471,0.3374314143,,,,
28784,0.0,-930.627075,1030.966797,1796.271606,-0.2378226941,-0.9108130471,0.3374314143,,,,
28785,0.0,-928.855347,1033.891846,1797.787598,-0.2378226941,-0.9108130471,0.3374314143,,,,
28786,0.0,-928.017029,1035.201233,1798.315979,-0.2378226941,-0.9108130471,0.3374314143,,,,
28787,0.0,-925.832825,1038.73584,1799.561035,-0.2378226941,-0.9108130471,0.3374314143,,,,
28788,0.0,-924.241394,1041.571045,1800.275024,-0.2378226941,-0.9108130471,0.3374314143,,,,
28789,0.0,-922.641052,1044.232544,1800.731934,-0.2378226941,-0.9108130471,0.3374314143,,,,
28790,0.0,-921.052917,1046.988403,1800.98584,-0.2378226941,-0.9108130471,0.3374314143,,,,
28791,0.0,-920.106506,1048.701782,1800.984863,-0.236903258,-0.9115868396,0.3359855357,,,,
28792,0.0,-918.441101,1051.666382,1800.869263,-0.2357460314,-0.9125542707,0.3341683882,,,,
28793,0.0,-917.364014,1054.784668,1800.520874,-0.222721395,-0.9204441077,0.3212130521,,,,
28794,0.0,-917.053955,1057.323364,1800.046265,-0.2112737717,-0.9252660808,0.3150334475,,,,
28795,0.0,-916.994629,1059.920898,1799.423584,-0.1860934876,-0.9332091813,0.3073919936,,,,
28796,0.0,-916.993896,1062.625732,1798.563843,-0.1487530409,-0.9429487317,0.2978594001,,,,
28797,0.0,-917.109253,1065.761475,1797.317627,-0.0970206401,-0.9536481732,0.2848546246,,,,
28798,0.0,-916.671387,1071.370117,1795.800659,-0.0687856403,-0.9580639709,0.2781761373,,,,
28799,0.0,-916.776001,1073.779541,1794.736328,-0.0494751125,-0.9605525749,0.2736621349,,,,
28800,0.0,-916.536499,1078.253662,1793.110352,-0.027925762,-0.9631975293,0.2673399921,0.1473376873,519.019596528,993.4103899356,1.0
28801,0.0,-916.803345,1083.168091,1790.730225,-0.0128134924,-0.9655227843,0.2600030143,0.1365260593,501.2999716287,993.8669314095,1.0
28802,0.0,-917.053528,1086.094238,1789.00769,-0.0079703963,-0.966796843,0.2554218808,0.1317785778,493.2316009508,994.0639215569,1.0
28803,0.0,-917.406006,1090.356689,1786.411621,-0.0024571043,-0.9684816789,0.2490726807,0.1257371522,482.7296004272,994.3902830425,1.0
28804,0.0,-917.729065,1093.738281,1784.164429,0.0010123302,-0.9703263003,0.2417971176,0.1206674977,473.746711416,994.830845429,1.0
28805,0.0,-918.224304,1097.905518,1780.956055,0.0036281942,-0.9723479885,0.2335085127,0.1153348414,464.1086864608,995.4566096262,1.0
28806,0.0,-918.578918,1100.911743,1778.526855,0.0044242238,-0.9743714718,0.2249014477,0.1111199991,456.1096418961,995.5680584245,1.0
28807,0.0,-919.161255,1104.632568,1775.05603,0.0063928754,-0.9757722652,0.2186952618,0.10683187,447.8127376757,995.7525675458,1.0
28808,0.0,-919.858215,1105.106812,1772.181763,0.0072539118,-0.9770229146,0.2130108098,0.1039817903,441.3268387625,993.940625445,1.0
28809,0.0,-920.814819,1106.829834,1764.284424,0.0083480044,-0.9792093558,0.2026804091,0.0986318479,429.8166704579,992.5252478028,1.0
28810,0.0,-921.182983,1109.259644,1761.220947,0.0090615872,-0.9802152614,0.1977269049,0.0957894259,424.0737672192,992.9448709492,1.0
28811,0.0,-921.363586,1111.674805,1754.936157,0.010172626,-0.9823623147,0.1867104719,0.0906417708,412.761117276,992.1809402424,1.0
28812,0.0,-921.489319,1113.204834,1749.763428,0.0109469726,-0.9840195461,0.1777236527,0.0869398236,404.5358730165,991.9353017716,1.0
28813,0.0,-921.388916,1114.010864,1747.186157,0.0112467333,-0.9857353615,0.1679264964,0.0834513523,395.7848512454,989.6521088177,1.0
28814,0.0,-921.602295,1114.049683,1747.320068,0.0121644657,-0.9874066491,0.1577343813,0.0806207374,388.4034477298,987.3685599398,1.0
28815,0.0,-922.252441,1113.807373,1747.192261,0.0122296411,-0.9887853471,0.1488421081,0.0786893057,383.2071118335,985.5460093467,1.0
28816,0.0,-923.705872,1113.13501,1746.627075,0.0122446134,-0.9900056585,0.1404950731,0.0769287765,378.0409544817,982.871526119,1.0
28817,0.0,-924.729553,1113.257202,1746.104858,0.0115952074,-0.9907891681,0.1349161798,0.0759526149,375.2730595258,981.6759267029,1.0
28818,0.0,-926.421936,1112.954468,1745.441406,0.0113152724,-0.9917668468,0.127555816,0.0745633765,371.2165297742,979.7153423753,1.0
28819,0.0,-927.983643,1112.401611,1745.557129,0.0113303605,-0.9930999273,0.1167225659,0.0718307948,363.0258742296,975.4604659632,1.0
28820,0.0,-928.477173,1112.196411,1745.505249,0.0113375242,-0.9937339085,0.111048563,0.0708042796,360.0555828275,974.2268038347,1.0
28821,0.0,-928.970703,1111.991211,1745.453369,0.0113446879,-0.9943678897,0.1053745602,0.0697777644,357.0852914254,972.9931417062,1.0
28822,0.0,-930.628967,1111.572632,1745.198853,0.01136295,-0.9959335255,0.089371674,0.0669930922,348.8476344879,969.4023484036,1.0
28823,0.0,-931.492371,1111.205688,1744.832153,0.0113716644,-0.9967201957,0.0801220116,0.0652912967,343.6127483468,966.793737689,1.0
28824,0.0,-931.8465885,1111.154663,1744.7564695,0.0105092485,-0.9970946132,0.0752834106,0.0648410595,342.1641897572,965.9456695348,1.0
28825,0.0,-932.728882,1110.87561,1744.582153,0.0068710495,-0.9979869625,0.0630461043,0.0643411679,340.1098974289,963.741129323,1.0
28826,0.0,-933.217468,1110.811035,1744.684814,0.002076459,-0.9985242554,0.0542678508,0.0646872643,340.3756864867,961.9966518743,1.0
28827,0.0,-933.118713,1110.755127,1745.069458,-0.0007241108,-0.9987117667,0.0507373898,0.0645158843,339.226014354,959.9774175905,1.0
28828,0.0,-933.444885,1110.684082,1745.350952,-0.0010535713,-0.9987618949,0.0497349706,0.0640758208,337.6937618074,958.8082825704,1.0
28829,0.0,-933.532471,1110.717285,1745.68396,-0.0018181677,-0.9987749104,0.04945071,0.0635094949,335.6387069937,957.0729107599,1.0
28830,0.0,-933.887024,1111.128662,1745.912598,-0.0020108775,-0.998774541,0.04945071,0.0627851359,333.335633093,955.7942772919,1.0
28831,0.0,-933.772034,1111.264526,1746.28772,-0.0020108775,-0.998774541,0.04945071,0.0621497466,331.3056034174,954.6605870117,1.0
28832,0.0,-933.607422,1111.389282,1746.846191,-0.0020108775,-0.998774541,0.04945071,0.0612423948,328.3829252114,952.9996204765,1.0
28833,0.0,-933.351685,1111.688599,1747.586792,-0.0023655817,-0.9987737638,0.04945071,0.0603457231,325.4950224856,951.3907827853,1.0
28834,0.0,-933.238586,1111.808472,1747.914673,-0.0027428948,-0.9987727989,0.04945071,0.059770769,323.5956492122,950.2365487974,1.0
28835,0.0,-933.117188,1111.89624,1748.326294,-0.003652112,-0.9987526794,0.0497970622,0.0590953521,321.2425417466,948.5370325168,1.0
28836,0.0,-932.958435,1112.018921,1748.875488,-0.0053048329,-0.9986780643,0.0511271214,0.0587871907,319.9467328559,947.108539141,1.0
28837,0.0,-932.848206,1112.071411,1749.353882,-0.0079537973,-0.9986246516,0.0518222186,0.0590151162,320.1850346776,946.0374297708,1.0
28838,0.0,-932.739258,1112.095093,1749.897949,-0.0102283416,-0.9985555681,0.0527461695,0.058872242,319.3209431659,944.5937238035,1.0
28839,0.0,-932.65625,1112.102905,1750.317261,-0.0113147627,-0.9985173109,0.0532461834,0.0582627429,317.2228418201,943.134770616,1.0
28840,0.0,-932.632202,1112.081421,1750.571655,-0.0116638988,-0.9985114574,0.0532806047,0.057654123,315.2468779553,942.0464667919,1.0
28841,0.0,-932.596863,1112.051392,1750.941528,-0.0121381644,-0.9985058057,0.0532805873,0.056864034,312.6703238072,940.6243892903,1.0
28842,0.0,-932.572876,1112.035889,1751.327515,-0.0126279342,-0.998474677,0.0537480661,0.0559231591,309.6246497266,939.0375662775,1.0
28843,0.0,-932.565674,1112.033936,1751.468872,-0.0126367096,-0.9984739627,0.0537592724,0.0552099686,307.3733732132,938.0395146833,1.0
28844,0.0,-932.562866,1112.05127,1751.682617,-0.0126367096,-0.9984739627,0.0537592724,0.0541361083,303.9396790149,936.4565995827,1.0
28845,0.0,-932.571533,1112.098877,1751.819214,-0.0126367096,-0.9984739627,0.0537592724,0.0535513235,302.0990440465,935.7132258473,1.0
28846,0.0,-932.59314,1112.131348,1751.946777,-0.0126367096,-0.9984739627,0.0537592724,0.0525736797,298.9621499149,934.332601245,1.0
28847,0.0,-932.63031,1112.145508,1752.027466,-0.0130029762,-0.9984888751,0.0533937154,0.0517642679,296.3354375657,933.142135069,1.0
28848,0.0,-932.686157,1112.150024,1752.118652,-0.0137484225,-0.9984849322,0.0532805873,0.0510613776,293.8663234123,931.5463626652,1.0
28849,0.0,-932.911438,1112.051147,1752.296875,-0.0143404814,-0.9984961333,0.0529133477,0.0503991059,291.4677373037,929.8356985076,1.0
28850,0.0,-932.995544,1111.972168,1752.311279,-0.0138850709,-0.9985285011,0.052421726,0.0495308948,288.6584568067,928.7025986139,1.0
28851,0.0,-933.046936,1111.896729,1752.305908,-0.0113900579,-0.9986593518,0.0504952045,0.0479442836,283.7931175592,927.6568104333,1.0
28852,0.0,-933.112122,1111.782837,1752.289917,-0.0081972906,-0.9987869985,0.0485524048,0.0460196588,277.8185853551,926.4660376172,1.0
28853,0.0,-932.56073,1111.911011,1752.105347,-0.0072709256,-0.9988251325,0.0479112547,0.0448400496,274.1369085058,925.8557381728,1.0
28854,0.0,-931.664429,1111.704956,1751.805908,-0.0063592601,-0.9988207872,0.0481310171,0.0434606318,269.4982177708,924.1949357352,1.0
28855,0.0,-930.80658,1111.469116,1751.430664,0.0012707484,-0.998552814,0.0537648842,0.0412167824,262.2825663119,923.0796874833,1.0
28856,0.0,-930.770874,1111.455078,1751.436157,0.0444580778,-0.9962590461,0.07410393,0.0327553522,234.1081777368,922.2448979325,1.0
28857,0.0,-930.469971,1111.35498,1751.393433,0.0616659469,-0.9949848962,0.0787551098,0.0293234834,221.518010079,921.4962888201,1.0
28858,0.0,-929.488159,1111.174438,1751.25647,0.0563200551,-0.9953140835,0.0785997872,0.0291922359,220.6881581013,920.0749730374,1.0
28859,0.0,-929.1498715,1111.163696,1751.204712,0.051878281,-0.9956944424,0.076665547,0.0294152088,221.4327351441,919.7337176008,1.0
28860,0.0,-928.811584,1111.152954,1751.152954,0.047436507,-0.9960748012,0.0747313069,0.0296381817,222.177312187,919.3924621642,1.0
28861,0.0,-927.769958,1111.06897,1750.91687,0.0534168721,-0.9965270837,0.0638780803,0.0261263194,208.6127012578,918.6328093049,1.0
28862,0.0,-927.463562,1111.06604,1750.883301,0.0702228414,-0.9958464659,0.0579531606,0.0219442669,191.3303093668,918.3409990824,1.0
28863,0.0,-925.622986,1110.725098,1750.615112,0.0932543765,-0.9940791587,0.0557695926,0.0173220739,169.9980344477,917.3136822133,1.0
28864,0.0,-922.004639,1110.580933,1750.318115,0.0977409844,-0.9933571671,0.0607308693,0.0163313166,164.9019323411,916.1795140069,1.0
28865,0.0,-920.5595095,1110.6987305,1750.298767,0.0956389628,-0.9933132118,0.0645232471,0.0167540456,166.9509513791,915.9614830427,1.0
28866,0.0,-917.210144,1110.811035,1750.17334,0.0929268989,-0.993267693,0.0691656094,0.0169228604,167.6851517664,915.3515436164,1.0
28867,0.0,-914.8479,1110.834106,1750.047363,0.0929268989,-0.993267693,0.0691656094,0.0164010296,165.0395210573,915.0092001569,1.0
28868,0.0,-913.086182,1110.893066,1749.97876,0.0929268989,-0.993267693,0.0691656094,0.0160415201,163.2086491174,914.8589078034,1.0
28869,0.0,-910.46936,1111.028198,1749.915039,0.0929268989,-0.993267693,0.0691656094,0.0155698655,160.791562103,914.7510503857,1.0
28870,0.0,-908.756287,1111.163818,1749.925415,0.0935982234,-0.993204656,0.0691656268,0.0151702964,158.6728402302,914.4162538977,1.0
28871,0.0,-906.191711,1111.280396,1749.860718,0.0947008945,-0.9931001242,0.0691656268,0.0146393166,155.7967644812,913.8571719817,1.0
28872,0.0,-903.855591,1111.296997,1749.87207,0.0967281906,-0.9929047163,0.0691656094,0.0140834235,152.7079517274,913.1182691213,1.0
28873,0.0,-902.256348,1111.469604,1749.944458,0.099679693,-0.9926127517,0.0691656268,0.0135794522,149.885269359,912.6037043149,1.0
28874,0.0,-899.787048,1111.764038,1750.07373,0.1059759954,-0.9918963027,0.0700771941,0.0129520703,146.2798786719,911.8235898885,1.0
28875,0.0,-898.480896,1111.919067,1750.072998,0.1103712305,-0.9913644251,0.0708150269,0.0126479037,144.4791942821,911.2942431067,1.0
28876,0.0,-898.052795,1112.564087,1750.338989,0.1119392152,-0.9911697515,0.0710783776,0.0124394265,143.2267579311,910.8855147729,1.0
28877,0.0,-897.781982,1115.653809,1752.520752,0.1119392152,-0.9911697515,0.0710783776,0.0125925224,144.4759472382,913.2627077526,1.0
28878,0.0,-897.69751,1116.935425,1752.921387,0.1119392152,-0.9911697515,0.0710783776,0.0125021538,144.0133368418,913.6018292959,1.0
28879,0.0,-897.860596,1118.616699,1754.324341,0.1102055983,-0.991364005,0.0710783776,0.0126345711,144.8899052735,914.3637730961,1.0
28880,0.0,-898.062622,1120.804932,1754.060303,0.1081519813,-0.9915901437,0.0710783776,0.0124817943,144.17894377,915.3933886221,1.0
28881,0.0,-898.118652,1121.67334,1753.731812,0.106687273,-0.9916964646,0.0718049295,0.0124353361,143.9006851399,915.3210813341,1.0
28882,0.0,-898.164062,1122.71167,1753.610718,0.1046056157,-0.9919015449,0.0720346467,0.0123688715,143.5058774622,915.2437129638,1.0
28883,0.0,-898.254028,1124.136841,1756.788696,0.102820548,-0.9920330998,0.0727891737,0.0129224705,146.7360266131,915.7070835021,1.0
28884,0.0,-898.333252,1125.634766,1761.70166,0.1006339286,-0.9922424833,0.072990867,0.0137104997,151.1986475546,916.2204707565,1.0
28885,0.0,-898.369263,1126.557007,1765.011841,0.0990194425,-0.9923495358,0.0737397365,0.0143645214,154.7715165937,916.4223981641,1.0
28886,0.0,-898.383057,1127.675293,1769.247192,0.0907738603,-0.9929240721,0.0765630022,0.0157125746,161.8570522526,916.6544690267,1.0
28887,0.0,-898.383911,1128.393066,1772.152954,0.0864664552,-0.9931779436,0.0782376157,0.0165861553,166.2567937653,916.6422423499,1.0
28888,0.0,-898.365234,1129.089966,1775.957642,0.0820431276,-0.9933862778,0.0803282535,0.017718572,171.7811461598,916.5971048507,1.0
28889,0.0,-898.323486,1129.310303,1778.552856,0.0777054605,-0.9935573061,0.0824969147,0.0186996562,176.3420142956,916.1441842638,1.0
28890,0.0,-898.259094,1129.532837,1778.952393,0.0724116898,-0.9937339917,0.0851428265,0.0193607016,179.2292685018,915.2625462767,1.0
28891,0.0,-898.228149,1129.983765,1781.809692,0.0700837377,-0.9938775126,0.085415219,0.0200174299,182.2246307637,915.3184943971,1.0
28892,0.0,-898.206055,1130.296021,1782.829712,0.0679609758,-0.9939692429,0.0860607343,0.0203920086,183.9365650476,915.4791748922,1.0
28893,0.0,-898.007446,1130.138062,1783.72937,0.0627660219,-0.9941353626,0.0880642229,0.0211125367,186.9500014197,914.6284684685,1.0
28894,0.0,-897.753357,1129.969116,1784.73938,0.0535737886,-0.9944745969,0.0902780448,0.022152111,191.3718915326,914.2693184673,1.0
28895,0.0,-897.300842,1129.954834,1786.30249,0.0431698024,-0.9946960477,0.0933602745,0.0235080656,196.9524503734,913.7037728253,1.0
28896,0.0,-896.729614,1129.965332,1788.320557,0.0364876477,-0.9948125456,0.094956046,0.024858186,202.6182197886,914.4177278009,1.0
28897,0.0,-896.322815,1130.150269,1789.893555,0.0322529255,-0.9947965916,0.0966410377,0.0260407767,207.4599931717,915.0362597371,1.0
28898,0.0,-895.875977,1130.15332,1791.926514,0.0307473894,-0.9948217873,0.0968721295,0.0270879997,211.6839989692,915.6841700089,1.0
28899,0.0,-895.60553,1130.268555,1793.484619,0.0307212929,-0.9948225936,0.0968721295,0.0278309997,214.6805483169,916.3391212302,1.0
28900,0.0,-895.223267,1130.470825,1794.750366,0.0307212929,-0.9948225936,0.0968721295,0.0284804949,217.2354945164,916.7617435683,1.0
28901,0.0,-895.032654,1130.421753,1797.99585,0.0307212929,-0.9948225936,0.0968721295,0.029797703,222.378046765,917.7937743585,1.0
28902,0.0,-894.601624,1130.551147,1800.650269,0.0307212929,-0.9948225936,0.0968721295,0.0313931751,228.5428354536,919.3280187498,1.0
28903,0.0,-894.4517215,1130.720703,1801.536377,0.0307212929,-0.9948225936,0.0968721295,0.0318813708,230.3868605325,919.7614061035,1.0
28904,0.0,-894.203796,1131.253296,1801.461426,0.0307212929,-0.9948225936,0.0968721295,0.0324336699,232.5294126011,920.4816969393,1.0
28905,0.0,-893.987793,1131.510376,1801.2626345,0.0307212929,-0.9948225936,0.0968721295,0.0323363879,232.2118443912,920.5847315143,1.0
28906,0.0,-893.549316,1131.966064,1801.580322,0.0307212929,-0.9948225936,0.0968721295,0.0323070172,232.1539285629,920.7652856566,1.0
28907,0.0,-893.356903,1132.349487,1801.810974,0.0307212929,-0.9948225936,0.0968721295,0.0323161091,232.2572214891,921.0474713821,1.0
28908,0.0,-892.888367,1133.296265,1802.18811,0.0313693229,-0.9948023687,0.0968721469,0.0322266128,232.107084648,921.7083558279,1.0
28909,0.0,-892.437195,1134.214355,1802.114014,0.032476046,-0.9947668539,0.0968721469,0.0319649395,231.3339190941,922.3291960753,1.0
28910,0.0,-892.060608,1134.903687,1801.800171,0.0326287788,-0.9947618576,0.0968721295,0.0316768238,230.4141187447,922.7627826169,1.0
28911,0.0,-891.790985,1135.3286135,1801.355774,0.0330721163,-0.9947471172,0.0968721382,0.0314971701,229.8303242612,923.0084724857,1.0
28912,0.0,-891.1026,1136.581909,1799.849731,0.0335824859,-0.9947301178,0.0968721295,0.0310202203,228.3551129006,923.990854445,1.0
28913,0.0,-890.611267,1137.431274,1797.958618,0.0335824859,-0.9947301178,0.0968721295,0.030423207,226.276360556,924.3793381581,1.0
28914,0.0,-890.236023,1138.051392,1796.341675,0.0335824859,-0.9947301178,0.0968721295,0.0299401617,224.5323131761,924.5109742804,1.0
28915,0.0,-889.858704,1138.698242,1794.523926,0.0335824859,-0.9947301178,0.0968721295,0.0293986795,222.5371813776,924.5689114358,1.0
28916,0.0,-889.315308,1139.459106,1791.831543,0.0335824859,-0.9947301178,0.0968721295,0.0286375025,219.7097392354,924.6949667581,1.0
28917,0.0,-888.993652,1140.087769,1789.737793,0.0335824859,-0.9947301178,0.0968721295,0.028039288,217.4454291907,924.7357828314,1.0
28918,0.0,-888.558838,1140.714478,1787.16748,0.0335824859,-0.9947301178,0.0968721295,0.0273797414,215.0398994794,925.3001513887,1.0
28919,0.0,-888.072205,1141.520996,1783.73645,0.0335824859,-0.9947301178,0.0968721295,0.0264817831,211.5462836636,925.3610557707,1.0
28920,0.0,-887.784912,1141.994019,1781.529297,0.0335824859,-0.9947301178,0.0968721295,0.0259182499,209.3106977239,925.3499852542,1.0
28921,0.0,-887.353577,1142.716797,1778.017822,0.0335824859,-0.9947301178,0.0968721295,0.0250333974,205.7358125427,925.2734938897,1.0
28922,0.0,-886.99884,1143.30835,1774.921997,0.0335824859,-0.9947301178,0.0968721295,0.0242698953,202.5880676122,925.1584114342,1.0
28923,0.0,-886.596497,1144.007568,1770.916382,0.0335824859,-0.9947301178,0.0968721295,0.0232991191,198.4908544368,924.9116990956,1.0
28924,0.0,-886.74762,1142.539307,1766.257202,0.0335824859,-0.9947301178,0.0968721295,0.0222679273,193.6088693312,922.574875735,1.0
28925,0.0,-887.076233,1142.032593,1758.272461,0.0335824859,-0.9947301178,0.0968721295,0.0205137296,185.5791093634,920.9382800835,1.0
28926,0.0,-887.247559,1142.158813,1749.873413,0.0335824859,-0.9947301178,0.0968721295,0.0187767305,177.5952390641,920.7773404356,1.0
28927,0.0,-887.042786,1142.20459,1745.463623,0.0335824859,-0.9947301178,0.0968721295,0.0178719226,173.1915858924,920.1853072848,1.0
28928,0.0,-887.159058,1142.44458,1742.547607,0.0335824859,-0.9947301178,0.0968721295,0.0172716567,170.2098409199,919.7844441675,1.0
28929,0.0,-887.512207,1142.741333,1742.714722,0.0335824859,-0.9947301178,0.0968721295,0.017293388,170.3177282993,919.7940280273,1.0
28930,0.0,-888.123535,1143.045288,1742.609009,0.0335824859,-0.9947301178,0.0968721295,0.0172586131,170.1237412193,919.663483812,1.0
28931,0.0,-888.643433,1143.334106,1742.715576,0.0335853922,-0.9948125991,0.0960203838,0.0170977889,169.2925346493,919.4268534657,1.0
28932,0.0,-889.100952,1143.547485,1742.803955,0.0335856042,-0.9948224833,0.09591785,0.0171186693,169.5575257056,920.3090812163,1.0
28933,0.0,-889.777893,1143.807617,1743.004883,0.0335856042,-0.9948224833,0.09591785,0.0171737653,169.8660948263,920.5165752453,1.0
28934,0.0,-890.302856,1143.949341,1743.124756,0.0335878739,-0.9948938336,0.0951741276,0.017064006,169.3319877432,920.5431708244,1.0
28935,0.0,-890.867493,1144.085571,1743.314575,0.0335886916,-0.9949139327,0.0949634997,0.0170686628,169.3497776519,920.5153677087,1.0
28936,0.0,-891.450867,1144.2052,1743.473267,0.0335886916,-0.9949139327,0.0949634997,0.017104256,169.5114837255,920.4434069755,1.0
28937,0.0,-892.289551,1144.33728,1743.786255,0.0335917271,-0.9950002416,0.0940537878,0.0170017469,168.991142149,920.3563267185,1.0
28938,0.0,-892.916626,1144.375366,1743.953003,0.0344486423,-0.9951347051,0.0923049828,0.0167149631,167.5994921552,920.5076866171,1.0
28939,0.0,-893.476379,1144.427368,1744.183594,0.034558745,-0.995348388,0.0899293037,0.0163285442,165.6505794627,920.4164127336,1.0
28940,0.0,-894.287354,1144.466309,1744.455688,0.0345663899,-0.9955720823,0.0874150651,0.0159365968,163.6438218747,920.2886119349,1.0
28941,0.0,-894.870972,1144.457275,1744.655396,0.0345711952,-0.9957069747,0.0858629902,0.0157474028,162.8521184567,921.2775029406,1.0
28942,0.0,-895.703064,1144.391113,1745.037109,0.0345725307,-0.9957454396,0.085415219,0.0157605926,162.8930489042,921.126434747,1.0
28943,0.0,-896.421631,1144.337646,1745.413696,0.0345725307,-0.9957454396,0.085415219,0.0158506329,163.3557037226,921.136131084,1.0
28944,0.0,-897.449707,1144.300659,1745.75769,0.0345725307,-0.9957454396,0.085415219,0.0159394501,163.7846665419,920.9989022006,1.0
28945,0.0,-898.40332,1144.411011,1746.087891,0.0345725307,-0.9957454396,0.085415219,0.0159972647,164.0291157771,920.7186597994,1.0
28946,0.0,-900.095276,1144.708984,1746.640991,0.0345740618,-0.9957970551,0.0848107266,0.0160531057,164.530866821,921.9403676169,1.0
28947,0.0,-900.537628,1144.77301,1746.779541,0.0305209085,-0.9960379138,0.0834177561,0.0159980688,164.2600809463,921.993591243,1.0
28948,0.0,-901.666809,1145.103394,1747.283203,0.0225111307,-0.9964628767,0.0809628584,0.0160159733,164.3799414459,922.1531779759,1.0
28949,0.0,-902.270935,1145.315186,1747.740723,0.0188292988,-0.9966296,0.0798429577,0.0161019036,164.8168388487,922.1536490554,1.0
28950,0.0,-901.930847,1145.055298,1748.171509,0.0183482107,-0.9966514203,0.0796824293,0.0161662215,165.1061147169,921.9476352325,1.0
28951,0.0,-902.1429135,1145.200867,1748.437622,0.0183482107,-0.9966514203,0.0796824293,0.016216164,165.3612828348,921.9621831142,1.0
28952,0.0,-903.093079,1145.797852,1748.952759,0.018349464,-0.9967128784,0.0789096649,0.0161795485,165.2173853714,922.1920282791,1.0
28953,0.0,-903.375122,1146.024414,1749.419556,0.0176796081,-0.9967394524,0.0787267145,0.0162632902,165.665122595,922.3268779065,1.0
28954,0.0,-903.368988,1146.0612795,1749.72522,0.0175368008,-0.996741965,0.0787267145,0.0163246617,165.9826996579,922.3721297411,1.0
28955,0.0,-903.352051,1146.080078,1750.42627,0.0161161043,-0.9967659583,0.0787267145,0.0165187175,166.9530823947,922.3425095057,1.0
29760,0.0,1554.218872,841.374207,1686.626099,-0.9338282083,-0.3543670386,0.0488761625,,,,
29761,0.0,1556.753174,843.249756,1687.946045,-0.9338282083,-0.3543670386,0.0488761625,,,,
29762,0.0,1557.540283,842.050293,1687.807617,-0.9339473511,-0.3540529166,0.0488761451,,,,
29763,0.0,1557.964111,841.089539,1687.598145,-0.9340421766,-0.3538026753,0.0488761625,,,,
29764,0.0,1558.484741,839.312134,1686.580444,-0.9342014098,-0.3533820123,0.0488761625,,,,
29765,0.0,1560.516724,837.682129,1686.567993,-0.9342014098,-0.3533820123,0.0488761625,,,,
29766,0.0,1563.192505,835.301147,1685.931519,-0.9342014098,-0.3533820123,0.0488761625,,,,
29767,0.0,1566.047729,833.160461,1686.010742,-0.9342014098,-0.3533820123,0.0488761625,,,,
29768,0.0,1569.282349,830.661011,1686.114258,-0.9342014098,-0.3533820123,0.0488761625,,,,
29769,0.0,1572.455078,828.38324,1686.011719,-0.9342014098,-0.3533820123,0.0488761625,,,,
29770,0.0,1575.534912,826.371765,1685.968872,-0.9342014098,-0.3533820123,0.0488761625,,,,
29771,0.0,1579.013428,824.261475,1686.00708,-0.9342014098,-0.3533820123,0.0488761625,,,,
29772,0.0,1581.630127,822.820801,1686.075684,-0.9342014098,-0.3533820123,0.0488761625,,,,
29773,0.0,1585.192017,821.120605,1686.234741,-0.9342014098,-0.3533820123,0.0488761625,,,,
29774,0.0,1588.485229,819.272522,1686.318604,-0.9342014098,-0.3533820123,0.0488761625,,,,
29775,0.0,1592.745605,817.410217,1686.693115,-0.9342014098,-0.3533820123,0.0488761625,,,,
29776,0.0,1598.561279,814.47406,1687.121216,-0.9342014098,-0.3533820123,0.0488761625,,,,
29777,0.0,1600.7802735,813.484131,1687.4100955,-0.9342014098,-0.3533820123,0.0488761625,,,,
29794,0.0,1659.656616,777.45636,1679.137207,0.0908297724,-0.9884542744,0.121276955,,,,
29795,0.0,1665.386719,772.973755,1677.901245,0.2100510795,-0.9693114191,0.1277259439,,,,
29796,0.0,1669.776733,769.78363,1676.899536,0.2995572892,-0.9448516206,0.1323663308,,,,
29797,0.0,1674.349243,766.763123,1676.026733,0.3928311613,-0.9093481531,0.1370022451,,,,
29798,0.0,1678.880493,763.791199,1675.211792,0.4822615458,-0.8645675709,0.1412328459,,,,
29799,0.0,1684.559204,759.832642,1674.557007,0.4883507397,-0.8610968441,0.141512473,,,,
29800,0.0,1684.835449,759.309143,1675.175049,0.4883507397,-0.8610968441,0.141512473,,,,
29801,0.0,1688.104126,756.558777,1675.065308,0.4883507397,-0.8610968441,0.141512473,,,,
29802,0.0,1691.229492,753.729065,1674.747437,0.4883507397,-0.8610968441,0.141512473,,,,
29803,0.0,1694.363403,750.730408,1674.419922,0.4883507397,-0.8610968441,0.141512473,,,,
29804,0.0,1697.782104,747.3479,1674.119873,0.4891488076,-0.8606437469,0.1415124903,,,,
29805,0.0,1699.963989,745.165955,1674.009888,0.4927167374,-0.8583745928,0.1429100244,,,,
29806,0.0,1703.275269,742.067139,1673.86084,0.5022781541,-0.8524564008,0.1450335845,,,,
29807,0.0,1706.52478,739.074219,1673.933838,0.5161816738,-0.8437431677,0.1471527998,,,,
29808,0.0,1708.569458,737.039795,1674.058228,0.5188293007,-0.8421086333,0.1472046412,,,,
29809,0.0,1711.372681,734.114258,1674.290039,0.5209819127,-0.8407785947,0.147204624,,,,
29810,0.0,1714.034424,731.180359,1674.396973,0.5213752738,-0.8405347212,0.1472046412,,,,
29811,0.0,1716.858643,727.742249,1675.02002,0.5213752738,-0.8405347212,0.1472046412,,,,
29812,0.0,1718.757568,725.279175,1675.489624,0.5213752738,-0.8405347212,0.1472046412,,,,
29813,0.0,1721.434692,721.802307,1675.943237,0.5213752738,-0.8405347212,0.1472046412,,,,
29814,0.0,1723.375244,719.234436,1676.238037,0.5213752738,-0.8405347212,0.1472046412,,,,
29815,0.0,1725.878296,715.952881,1676.453857,0.5213752738,-0.8405347212,0.1472046412,,,,
29816,0.0,1728.533203,712.423523,1676.51001,0.5213752738,-0.8405347212,0.1472046412,,,,
29817,0.0,1730.31311,710.061584,1676.418457,0.5213752738,-0.8405347212,0.1472046412,,,,
29818,0.0,1733.22229,706.151367,1676.154785,0.5213752738,-0.8405347212,0.1472046412,,,,
29819,0.0,1734.988281,703.657471,1675.789795,0.5213752738,-0.8405347212,0.1472046412,,,,
29820,0.0,1737.499512,700.097046,1675.408447,0.5213752738,-0.8405347212,0.1472046412,,,,
29821,0.0,1739.422363,697.352112,1675.136841,0.5213752738,-0.8405347212,0.1472046412,,,,
29822,0.0,1744.237793,690.941589,1674.555176,0.508165567,-0.8482950661,0.1488732258,,,,
29823,0.0,1746.1209715,688.87973,1674.399414,0.4963376511,-0.8550584185,0.1494591959,,,,
29824,0.0,1748.00415,686.817871,1674.243652,0.4845097352,-0.8618217708,0.150045166,,,,
29825,0.0,1753.274048,681.801941,1676.651855,0.3742940928,-0.9155989507,0.1469098145,,,,
29826,0.0,1754.8860475,679.743408,1679.679382,0.2720259696,-0.9457555574,0.1419708203,,,,
29827,0.0,1756.715454,675.544312,1686.0896,-0.0053354538,-0.9914187229,0.1306156533,,,,
29828,0.0,1757.573242,672.290466,1691.165649,-0.2522787542,-0.9598402007,0.1227282338,0.0533541395,283.3970541685,879.3622059924,8.0
29829,0.0,1758.14856,670.205383,1694.341187,-0.4084767236,-0.9047076573,0.1210405765,0.019027879,170.7523621641,879.4929215323,8.0
29830,0.0,1760.911865,667.411316,1697.489014,-0.6368161213,-0.7617172762,0.1193818198,0.0069360359,315.239223203,2681.167610798,2.0
29831,0.0,1763.365845,665.595947,1701.394409,-0.8352485535,-0.5372310449,0.1172290846,0.0391241083,742.2377560749,2679.7591514001,2.0
29832,0.0,1765.692505,664.083801,1705.176392,-0.9438199543,-0.3091324725,0.116794727,0.1334423518,1336.7429372762,2678.4303079215,2.0
29833,0.0,1768.737671,661.248047,1708.156738,-0.9825496391,-0.1441039944,0.1176020641,,,,
29834,0.0,1771.505371,658.744446,1711.066284,-0.9927776558,-0.000598327,0.1199673628,,,,
29835,0.0,1772.965454,657.729858,1714.649414,-0.9793387095,0.1588644579,0.1251310359,,,,
29836,0.0,1774.106323,657.501526,1720.175659,-0.9587854534,0.2531115084,0.1290930621,,,,
29837,0.0,1776.391357,655.223389,1722.733032,-0.9557857393,0.2637831476,0.1299695027,,,,
29838,0.0,1779.05542,652.399109,1725.149902,-0.954794657,0.2669031983,0.1308810365,,,,
29839,0.0,1782.280396,648.949097,1727.823242,-0.9550621135,0.2644576482,0.1338600452,,,,
29840,0.0,1783.176392,647.971436,1728.486694,-0.9554690749,0.2623432203,0.1351106277,,,,
29841,0.0,1787.510864,643.302429,1731.230225,-0.9574135091,0.2528221487,0.1394285974,,,,
29842,0.0,1789.932251,640.714966,1732.319092,-0.9591375497,0.245670275,0.1403612369,,,,
29843,0.0,1792.471313,638.015808,1733.303467,-0.9597322591,0.2432199742,0.1405632777,,,,
29844,0.0,1795.80957,634.444641,1734.37085,-0.9597978342,0.2429610518,0.1405633122,,,,
29845,0.0,1797.99585,632.156372,1734.878784,-0.9597978342,0.2429610518,0.1405633122,,,,
29846,0.0,1800.327271,629.739685,1735.291504,-0.9597978342,0.2429610518,0.1405633122,,,,
29847,0.0,1803.669556,626.266357,1735.62854,-0.9597978342,0.2429610518,0.1405633122,,,,
29848,0.0,1805.939087,623.867859,1735.686401,-0.9597978342,0.2429610518,0.1405633122,,,,
29849,0.0,1808.717651,620.985229,1735.565308,-0.9597978342,0.2429610518,0.1405633122,,,,
29850,0.0,1811.869385,617.678223,1735.171509,-0.9597978342,0.2429610518,0.1405633122,,,,
29851,0.0,1813.788208,615.643799,1734.782715,-0.9597978342,0.2429610518,0.1405633122,,,,
29852,0.0,1816.774536,612.536316,1733.97876,-0.9597978342,0.2429610518,0.1405633122,,,,
29853,0.0,1819.673828,609.43396,1732.947754,-0.9597978342,0.2429610518,0.1405633122,,,,
29854,0.0,1821.728394,607.2453,1732.06189,-0.9597978342,0.2429610518,0.1405633122,,,,
29855,0.0,1824.438721,604.483337,1730.722412,-0.9597978342,0.2429610518,0.1405633122,,,,
29856,0.0,1826.885498,601.9151,1729.322388,-0.9597978342,0.2429610518,0.1405633122,,,,
29857,0.0,1829.990601,598.671265,1727.297974,-0.9597978342,0.2429610518,0.1405633122,,,,
29858,0.0,1831.9729,596.592285,1725.863403,-0.9601374853,0.2423721012,0.1392543499,,,,
29859,0.0,1834.857544,593.5448,1723.572876,-0.9624741392,0.2371889965,0.1318518539,,,,
29860,0.0,1836.972412,591.423401,1721.77771,-0.9632259707,0.2353997535,0.1295480042,,,,
29861,0.0,1840.353271,587.960205,1718.597046,-0.9637649644,0.2333963216,0.1291636581,,,,
29862,0.0,1842.399902,585.798279,1716.508301,-0.9641962314,0.2319643389,0.1285230438,,,,
29863,0.0,1845.381714,582.739014,1713.239868,-0.9646595611,0.2306356202,0.1274328916,,,,
29864,0.0,1848.209595,579.781494,1709.869141,-0.9647206325,0.2304744892,0.1272619782,,,,
29865,0.0,1850.936157,576.914856,1706.363159,-0.9649390095,0.2295584727,0.1272619955,,,,
29866,0.0,1853.177368,574.530823,1703.264038,-0.9663856019,0.2238654937,0.1264243217,,,,
29905,0.0,1895.130615,447.56424,1673.467285,-0.7183953479,-0.6881833903,0.1015467642,0.0074096183,298.1201662331,2453.4907355149,2.0
29906,0.0,1895.253601,447.525818,1673.4944455,-0.7183953479,-0.6881833903,0.1015467642,0.0074725099,299.3088891703,2452.948781014,2.0
29907,0.0,1895.376587,447.487396,1673.521606,-0.7183953479,-0.6881833903,0.1015467642,0.0075354016,300.4976121074,2452.4068265131,2.0
29908,0.0,1895.528442,447.447235,1673.54541,-0.7183953479,-0.6881833903,0.1015467642,0.0076676616,302.9639637836,2451.1992368966,2.0
30086,0.0,2160.710205,225.437195,1677.334961,-0.7647322535,0.6443425906,-0.0026844702,,,,
30087,0.0,2160.615234,225.517029,1677.411621,-0.7647322535,0.6443425906,-0.0026844702,,,,
30088,0.0,2160.603027,225.527313,1677.410645,-0.7647322535,0.6443425906,-0.0026844702,,,,
30089,0.0,2160.56543,225.559052,1677.405518,-0.7647322535,0.6443425906,-0.0026844702,,,,
30090,0.0,2160.525879,225.592346,1677.394409,-0.7647322535,0.6443425906,-0.0026844702,,,,
30091,0.0,2160.081299,225.12204,1677.368042,-0.7436054655,0.6686132706,-0.0026844179,,,,
30092,0.0,2159.588623,224.738617,1677.291138,-0.7376163599,0.6752170825,-0.0019992733,0.0880478154,715.51316993,1743.8929660758,8.0
30093,0.0,2158.618652,224.139481,1677.145142,-0.7388024166,0.6739220594,-0.0002172586,0.087116392,711.5949337201,1743.1655496598,8.0
30094,0.0,2157.494629,223.953522,1676.945923,-0.7554464815,0.6551519702,0.0087469725,0.0770378983,670.5420140949,1742.1615282154,8.0
30095,0.0,2156.251953,223.235214,1676.786133,-0.7752689272,0.6313400298,0.0191796084,0.065420123,619.4425908789,1741.2136036354,8.0
30096,0.0,2154.8396,222.610672,1676.498413,-0.7898497417,0.6124186997,0.0328743336,0.0572563483,580.3472201643,1740.0764775362,8.0
30097,0.0,2153.946045,221.758148,1676.511841,-0.7918202965,0.6094980239,0.0391506945,0.0560675691,574.2768241449,1739.501645147,8.0
30098,0.0,2153.374512,221.29248,1676.504028,-0.7871274962,0.6153029686,0.0428084279,0.0585509795,586.3520035928,1739.1151389166,8.0
30099,0.0,2152.483154,220.716492,1676.41272,-0.783314902,0.6199985771,0.0449391662,0.0605402153,595.7268542732,1738.5404830089,8.0
30100,0.0,2151.044922,220.415146,1676.070557,-0.7781619235,0.6264393749,0.0451412271,0.063305551,608.3827216965,1737.5024314673,8.0
30101,0.0,2150.131104,219.852539,1675.925415,-0.7756918435,0.6296914552,0.0423182605,0.0646344689,614.549943457,1737.5751209606,8.0
30102,0.0,2149.345947,219.267258,1675.808228,-0.7745652576,0.6311386297,0.0413846823,0.0651758894,617.1072952567,1737.7866314284,8.0
30103,0.0,2148.702393,218.652008,1675.755371,-0.7744731917,0.631256502,0.0413098542,0.0650947551,616.7307518727,1737.7718368677,8.0
30104,0.0,2148.225342,218.062424,1675.754028,-0.7744731917,0.631256502,0.0413098542,,,,
30105,0.0,2148.02002,217.770737,1675.765991,-0.7739085977,0.6316698171,0.0453731704,,,,
30106,0.0,2147.824463,217.441849,1675.809082,-0.7731604231,0.6323532642,0.0485006122,,,,
30107,0.0,2147.619141,217.041031,1675.873535,-0.772491986,0.633075221,0.0497181664,,,,
30108,0.0,2147.434326,216.503799,1676.029053,-0.7723499555,0.6332318644,0.0499294725,,,,
30109,0.0,2147.273193,216.210281,1676.082397,-0.7723499555,0.6332318644,0.0499294725,,,,
30110,0.0,2147.142822,215.59613,1676.3479,-0.7694010599,0.6368116337,0.0499294725,,,,
30111,0.0,2146.955322,215.210144,1676.38269,-0.7675135161,0.6390853233,0.0499294725,0.0684214919,632.3478711729,1739.4165934436,8.0
30112,0.0,2146.783936,214.575165,1676.556885,-0.7652634606,0.6417142455,0.0507411374,0.0695753213,637.5955329293,1739.7675443215,8.0
30113,0.0,2146.592285,213.969452,1676.717407,-0.7632221656,0.6440582671,0.0517771624,0.0706214508,642.3119868452,1740.0790822254,8.0
30114,0.0,2146.55542,213.349152,1680.707275,-0.761767192,0.6454036521,0.0562571865,0.0715333958,646.4496932308,1740.5008962033,8.0
30115,0.0,2146.482422,212.282135,1688.176147,-0.7612548895,0.6451653673,0.0652122843,0.0721107592,649.2460866287,1741.2786167452,8.0
30116,0.0,2146.567139,211.685104,1691.862671,-0.76120024,0.6451193941,0.0662960173,0.0722002679,649.8372386768,1741.8238485187,8.0
30117,0.0,2146.486084,211.144043,1695.396729,-0.76120024,0.6451193941,0.0662960173,0.072212261,649.9383228056,1741.9555428863,8.0
30118,0.0,2146.581543,210.347672,1699.104248,-0.76120024,0.6451193941,0.0662960173,0.072192542,649.9895960906,1742.3219583411,8.0
30119,0.0,2146.280518,209.80011,1702.102295,-0.76120024,0.6451193941,0.0662960173,0.0721675831,649.8292297715,1742.1820004313,8.0
30120,0.0,2145.978516,209.175842,1705.200195,-0.76120024,0.6451193941,0.0662960173,0.0721250949,649.5691794131,1741.9784845406,8.0
30121,0.0,2145.632812,208.590363,1708.065552,-0.76120024,0.6451193941,0.0662960173,0.0720771472,649.2794549978,1741.7589095657,8.0
30122,0.0,2145.302002,207.97966,1710.77771,-0.76120024,0.6451193941,0.0662960173,0.0720182853,648.9560841863,1741.576133932,8.0
30123,0.0,2144.976074,207.548416,1712.692993,-0.76120024,0.6451193941,0.0662960173,0.0719524844,648.5380639636,1741.2202431746,8.0
30124,0.0,2144.493408,206.908798,1715.398193,-0.76120024,0.6451193941,0.0662960173,0.0718280379,647.7801526745,1740.635169445,8.0
30125,0.0,2144.018555,206.315414,1717.637085,-0.76120024,0.6451193941,0.0662960173,0.0716635865,646.7868810517,1739.884951066,8.0
30126,0.0,2143.57666,205.779663,1719.446899,-0.76120024,0.6451193941,0.0662960173,0.0715425666,646.079081051,1739.3957025263,8.0
30127,0.0,2143.07251,205.185104,1721.384644,-0.76120024,0.6451193941,0.0662960173,0.071437111,645.472664781,1738.997712372,8.0
30128,0.0,2142.56543,204.592133,1723.072876,-0.7672062204,0.6380607149,0.0653692552,0.0679641241,630.0445262897,1738.6965299231,8.0
30129,0.0,2142.206543,204.174866,1724.035034,-0.771300896,0.6332612149,0.0638369921,0.0655670375,619.144003769,1738.4894064728,8.0
30130,0.0,2141.643066,203.595154,1725.029175,-0.7759262958,0.6279386726,0.0602611555,0.0627497659,606.0119363357,1738.1300269826,8.0
30131,0.0,2141.144775,203.082962,1725.658691,-0.7767758064,0.6269599695,0.0595024635,0.0621485897,603.0898494645,1737.8254117037,8.0
30132,0.0,2140.559326,202.607925,1726.110352,-0.7768122379,0.6269893745,0.0587117656,0.0619814405,602.1685351942,1737.4337768117,8.0
30133,0.0,2140.072754,202.151581,1726.3396,-0.7773041414,0.6264618581,0.0578257039,0.0615658928,600.1055477475,1737.1288356464,8.0
30134,0.0,2139.578613,201.713699,1726.397583,-0.778403613,0.6251171115,0.0575882991,0.0608562751,596.6359182468,1736.8076045067,8.0
30135,0.0,2139.15625,201.185028,1726.2677,-0.7809018646,0.6219934644,0.0575882642,0.0593980734,589.5887218787,1736.5798559513,8.0
30136,0.0,2138.650146,200.713776,1725.930542,-0.7835384494,0.6187357238,0.0568647737,0.0578353985,581.9049430326,1736.2496173945,8.0
30137,0.0,2138.229492,200.132675,1725.419556,-0.7845602411,0.6174610485,0.0566311022,0.0571346552,578.4009946788,1736.0325947563,8.0
30138,0.0,2137.860352,199.507034,1724.716797,-0.7847198829,0.61725815,0.0566311022,0.0569268138,577.333150905,1735.8951021292,8.0
30139,0.0,2138.17041,199.300919,1723.528198,-0.7847198829,0.61725815,0.0566311022,0.0569379898,577.5138956217,1736.2731232667,8.0
30140,0.0,2138.619873,199.559631,1722.433472,-0.7847198829,0.61725815,0.0566311022,0.0570225992,578.0458955809,1736.6205769428,8.0
30141,0.0,2138.800049,199.791763,1721.163208,-0.7847198829,0.61725815,0.0566311022,0.0570795834,578.3598837308,1736.7218109759,8.0
30142,0.0,2139.202148,200.096893,1719.768799,-0.7847198829,0.61725815,0.0566311022,0.0571542396,578.8201577348,1737.0017655537,8.0
30143,0.0,2139.693115,200.46225,1718.068481,-0.7847198829,0.61725815,0.0566311022,0.0572372211,579.3420101133,1737.3441829554,8.0
30144,0.0,2140.17627,200.821564,1716.131348,-0.7847198829,0.61725815,0.0566311022,0.057307635,579.7970651688,1737.6717989234,8.0
30145,0.0,2140.617188,201.141937,1714.206543,-0.7847198829,0.61725815,0.0566311022,0.0573953452,580.2974265702,1737.8812426722,8.0
30146,0.0,2141.0896,201.465286,1711.949585,-0.7847198829,0.61725815,0.0566311022,0.0574771665,580.7751220915,1738.110020645,8.0
30147,0.0,2141.538086,201.76857,1709.470703,-0.7847506158,0.6172823244,0.0559374926,0.0574931137,580.9235425126,1738.3202064532,8.0
30148,0.0,2142.145508,202.179077,1706.195435,-0.7847621968,0.617291434,0.0556738706,0.0574871163,580.9835442506,1738.5877516221,8.0
30149,0.0,2142.669434,202.546478,1703.391357,-0.7847621968,0.617291434,0.0556738706,0.0574931478,581.097171327,1738.8392631736,8.0
30150,0.0,2143.184082,202.898712,1700.393799,-0.78479871,0.6173201551,0.0548343951,0.0574364725,580.8996889029,1739.0803529794,8.0
30151,0.0,2142.418457,204.606689,1693.47522,-0.7850608618,0.6175260081,0.0483846317,0.0570925645,578.6952973699,1737.5372441077,8.0
30152,0.0,2142.0913085,205.18885,1688.5388185,-0.785118717,0.6175716942,0.0468115656,0.0569571688,577.8276361643,1736.9330390062,8.0
30153,0.0,2141.76416,205.771011,1683.602417,-0.7851765722,0.6176173804,0.0452384996,0.0568217732,576.9599749586,1736.3288339047,8.0
30154,0.0,2141.999756,205.854706,1678.325195,-0.7848129843,0.6183713995,0.0410535259,0.0567547163,576.6524643142,1736.3983417483,8.0
30155,0.0,2141.783936,205.84787,1671.980225,-0.7848475721,0.6185775335,0.0370961393,0.0565095604,575.3401549043,1736.0911261988,8.0
30156,0.0,2141.958008,206.102829,1670.292847,-0.7843844942,0.6192969811,0.0348168707,0.056763758,576.5867511365,1736.0662253608,8.0
30157,0.0,2142.912354,206.722992,1670.006104,-0.7843678674,0.6194195174,0.0329622505,0.0569578341,577.7077494955,1736.5622162438,8.0
30158,0.0,2143.3547365,207.0411835,1669.909241,-0.7843714128,0.6194223172,0.0328246967,0.0570552571,578.267925911,1736.8054114198,8.0
30159,0.0,2143.797119,207.359375,1669.812378,-0.7843749582,0.619425117,0.0326871429,0.0571526802,578.8281023264,1737.0486065958,8.0
30160,0.0,2145.069336,208.194794,1669.468262,-0.784999001,0.6187734932,0.0299321316,0.057088291,578.7396719591,1737.7336050135,8.0
30161,0.0,2145.43457,208.418945,1669.313354,-0.7861519427,0.6174321539,0.0272517572,0.05655691,576.167438369,1737.8806994911,8.0
30162,0.0,2145.815918,208.608795,1669.188232,-0.7863368739,0.6173106318,0.0245337433,0.0565585361,576.228420007,1738.0403790631,8.0
30163,0.0,2145.97876,208.714813,1669.187134,-0.7873304381,0.61617199,0.0210442374,0.0561041148,573.967119574,1738.0135436756,8.0
30164,0.0,2146.14209,208.797485,1669.220581,-0.7880701009,0.6152773565,0.0194753865,0.0557942335,572.4167274579,1737.9870854797,8.0
30165,0.0,2146.275146,208.914764,1669.093384,-0.7887257694,0.6145136498,0.0168711229,0.0555635261,571.2186938405,1737.8433770811,8.0
30166,0.0,2146.366455,208.897339,1669.342773,-0.7893130334,0.6138106347,0.014880861,0.0553628512,570.1542477209,1737.6561873417,8.0
30167,0.0,2146.455566,208.922562,1669.633301,-0.7900030196,0.6129712163,0.012708936,0.0551723808,569.0870659237,1737.3099063559,8.0
30168,0.0,2146.477295,208.870209,1670.111816,-0.790599616,0.6122378806,0.0108177935,0.0550274257,568.2229592558,1736.8904955682,8.0
30169,0.0,2146.531738,208.882477,1670.389893,-0.7906617873,0.6121742007,0.0098329044,0.0551986266,568.9312945952,1736.4331199798,8.0
30170,0.0,2146.520264,208.814011,1670.968628,-0.7906681645,0.6121791382,0.0089753224,0.0553986636,569.7546915578,1735.8930969987,8.0
30171,0.0,2146.465576,208.781387,1671.294678,-0.7906746881,0.6121841892,0.0080035058,0.055660702,570.8199763206,1735.1570787427,8.0
30172,0.0,2146.369873,208.642715,1671.922363,-0.7906761707,0.6121853371,0.0077656946,0.0559022168,571.7764246505,1734.413627171,8.0
30173,0.0,2146.297607,208.535339,1672.444214,-0.7911184369,0.6116136957,0.0077656946,0.0559865,571.8929599171,1733.498430343,8.0
30174,0.0,2146.291016,208.526535,1672.487671,-0.7912627258,0.6114270135,0.0077656946,0.056285555,573.0570578973,1732.5395534566,8.0
30175,0.0,2146.20874,208.301147,1673.397583,-0.7912627258,0.6114270135,0.0077656946,0.0566349089,574.4485973847,1731.5373806055,8.0
30176,0.0,2146.186768,208.226028,1673.682129,-0.7912627258,0.6114270135,0.0077656946,0.0569965985,575.9147104531,1730.6008879899,8.0
30177,0.0,2146.153809,208.04689,1674.271606,-0.791267674,0.6114308371,0.0069137177,0.0573841899,577.4701109538,1729.5770891378,8.0
30178,0.0,2146.133789,207.946762,1674.592651,-0.7912682534,0.6114312848,0.0068069933,0.0577776635,579.0515838132,1728.5732748217,8.0
30179,0.0,2146.09082,207.805756,1675.151855,-0.7912682534,0.6114312848,0.0068069933,0.0581803668,580.6527862701,1727.5230193918,8.0
30180,0.0,2146.064453,207.728989,1675.468384,-0.7912682534,0.6114312848,0.0068069933,0.058645171,582.5048594782,1726.3584066084,8.0
30181,0.0,2146.020996,207.627472,1675.971313,-0.7912682534,0.6114312848,0.0068069933,0.0590517977,584.1081443459,1725.3202808466,8.0
30182,0.0,2145.977783,207.543137,1676.425415,-0.7914432654,0.6112047304,0.0068069933,0.0594387764,585.5488651559,1724.1082855021,8.0
30183,0.0,2145.933838,207.521255,1676.797607,-0.7917389408,0.6108216716,0.0068069933,0.0598069706,586.8578206607,1722.7986557397,8.0
30184,0.0,2146.0466531364,207.4664253182,1676.8486934545,-0.7917519323,0.610804359,0.006846213,0.060216176,588.4378863802,1722.0009323624,8.0
30185,0.0,2146.1594682727,207.4115956364,1676.8997799091,-0.7917649238,0.6107870464,0.0068854327,0.0606253815,590.0179520997,1721.2032089851,8.0
30186,0.0,2146.2722834091,207.3567659545,1676.9508663636,-0.7917779152,0.6107697338,0.0069246524,0.0610345869,591.5980178192,1720.4054856077,8.0
30187,0.0,2146.3850985455,207.3019362727,1677.0019528182,-0.7917909067,0.6107524212,0.0069638721,0.0614437923,593.1780835388,1719.6077622304,8.0
30188,0.0,2146.4979136818,207.2471065909,1677.0530392727,-0.7918038982,0.6107351086,0.0070030918,0.0618529977,594.7581492583,1718.8100388531,8.0
30189,0.0,2146.6107288182,207.1922769091,1677.1041257273,-0.7918168897,0.6107177961,0.0070423115,0.0622622032,596.3382149778,1718.0123154758,8.0
30190,0.0,2146.7235439545,207.1374472273,1677.1552121818,-0.7918298812,0.6107004835,0.0070815312,0.0626714086,597.9182806973,1717.2145920985,8.0
30191,0.0,2146.8363590909,207.0826175455,1677.2062986364,-0.7918428727,0.6106831709,0.0071207509,0.063080614,599.4983464169,1716.4168687212,8.0
30192,0.0,2146.9491742273,207.0277878636,1677.2573850909,-0.7918558641,0.6106658583,0.0071599706,0.0634898195,601.0784121364,1715.6191453439,8.0
30193,0.0,2147.0619893636,206.9729581818,1677.3084715455,-0.7918688556,0.6106485457,0.0071991903,0.0638990249,602.6584778559,1714.8214219666,8.0
30194,0.0,2147.1748045,206.9181285,1677.359558,-0.7918818471,0.6106312331,0.00723841,0.0643082303,604.2385435754,1714.0236985893,8.0
30195,0.0,2147.2876196364,206.8632988182,1677.4106444545,-0.7918948386,0.6106139205,0.0072776296,0.0647174357,605.818609295,1713.225975212,8.0
30196,0.0,2147.4004347727,206.8084691364,1677.4617309091,-0.7919078301,0.6105966079,0.0073168493,0.0651266412,607.3986750145,1712.4282518347,8.0
30197,0.0,2147.5132499091,206.7536394545,1677.5128173636,-0.7919208215,0.6105792953,0.007356069,0.0655358466,608.978740734,1711.6305284574,8.0
30198,0.0,2147.6260650455,206.6988097727,1677.5639038182,-0.791933813,0.6105619827,0.0073952887,0.065945052,610.5588064535,1710.8328050801,8.0
30199,0.0,2147.7388801818,206.6439800909,1677.6149902727,-0.7919468045,0.6105446701,0.0074345084,0.0663542575,612.1388721731,1710.0350817027,8.0
30200,0.0,2147.8516953182,206.5891504091,1677.6660767273,-0.791959796,0.6105273576,0.0074737281,0.0667634629,613.7189378926,1709.2373583254,8.0
30201,0.0,2147.9645104545,206.5343207273,1677.7171631818,-0.7919727875,0.610510045,0.0075129478,0.0671726683,615.2990036121,1708.4396349481,8.0
30202,0.0,2148.0773255909,206.4794910455,1677.7682496364,-0.791985779,0.6104927324,0.0075521675,0.0675818737,616.8790693316,1707.6419115708,8.0
30203,0.0,2148.1901407273,206.4246613636,1677.8193360909,-0.7919987704,0.6104754198,0.0075913872,0.0679910792,618.4591350511,1706.8441881935,8.0
30204,0.0,2148.3029558636,206.3698316818,1677.8704225455,-0.7920117619,0.6104581072,0.0076306069,0.0684002846,620.0392007707,1706.0464648162,8.0
30205,0.0,2148.415771,206.315002,1677.921509,-0.7889341912,0.6143988854,0.0098413165,0.0727606847,636.9472740074,1700.9332522706,8.0
30206,0.0,2148.315918,206.371216,1677.853271,-0.780367979,0.6251560586,0.0143429381,0.0792189662,662.5078445088,1698.3903367426,8.0
30207,0.0,2148.020264,206.407425,1677.712891,-0.7745345181,0.6322879415,0.0175567437,0.0835497139,678.98675685,1696.8366708788,8.0
30208,0.0,2147.988281,206.348358,1677.65332,-0.7711015267,0.6364034309,0.0198269675,0.0860411736,688.3522385127,1696.2555082123,8.0
30209,0.0,2147.814209,206.456482,1677.39856,-0.755875741,0.6541020505,0.0283261681,0.0971893252,728.6237978444,1694.3232827874,8.0
30210,0.0,2148.235352,206.233002,1677.674072,-0.7369667213,0.6753575696,0.0277885741,0.111150835,775.7957937731,1693.1382327681,8.0
30211,0.0,2148.18335,205.875885,1677.668091,-0.7243402872,0.688901104,0.0273206371,0.1206361376,805.7788097746,1692.2779448136,8.0
30212,0.0,2147.657959,205.712418,1677.404663,-0.7197579174,0.6930663993,0.0400937227,0.1246772961,817.7323975504,1691.1398017049,8.0
30213,0.0,2146.332031,206.08609,1676.505859,-0.7146212532,0.6966812128,0.0628629644,0.1295805381,831.5690041166,1689.1137498406,8.0
30214,0.0,2144.900146,205.345001,1676.174072,-0.70285016,0.7070898277,0.0776249194,0.1395080775,859.5174334511,1687.1011384765,8.0
30215,0.0,2143.902588,204.28598,1676.646484,-0.7009371104,0.7088222154,0.0791090022,0.1416195917,864.9029601515,1685.9256005877,8.0
30216,0.0,2143.136475,203.885498,1676.616821,-0.7008242126,0.7089338375,0.0791090196,0.1422915798,866.2941815005,1684.9500162114,8.0
30217,0.0,2142.12207,203.30101,1676.645386,-0.7013896327,0.7083744412,0.0791090022,0.1427334357,866.870665753,1683.659739397,8.0
30218,0.0,2141.195557,202.646103,1676.668213,-0.70574059,0.7048161025,0.0718643263,0.140154506,859.0090991026,1682.5028101752,8.0
30219,0.0,2140.463867,202.100983,1676.698853,-0.7084164545,0.7025612448,0.0674820291,0.1387167483,854.4559808295,1681.5857151391,8.0
30220,0.0,2139.593506,201.229965,1676.748901,-0.7103362737,0.7008757827,0.0647727991,0.1379863977,851.8299614594,1680.5186959414,8.0
30221,0.0,2138.918701,200.558975,1676.787354,-0.7115308166,0.6997391901,0.0639449988,0.1376737483,850.4807102256,1679.6199211005,8.0
30222,0.0,2137.45166,199.161728,1676.882935,-0.7128596243,0.6983331732,0.0645130626,0.1379871307,850.2542182858,1677.4058913912,8.0
30223,0.0,2136.565674,198.344376,1676.958252,-0.714494978,0.6964983745,0.0662339853,0.1375170056,848.1201226873,1675.8417505711,8.0
30224,0.0,2135.622559,197.509857,1677.046021,-0.7155239133,0.6953987969,0.0666786525,0.1375121018,847.2097402799,1674.0705264524,8.0
30225,0.0,2134.762451,196.778946,1677.125854,-0.7156061365,0.6953141842,0.0666786525,0.1380702561,847.9020469351,1672.2991677153,8.0
30226,0.0,2133.690918,195.869202,1677.242676,-0.7156061365,0.6953141842,0.0666786525,0.1387169414,848.6624751541,1670.1829088428,8.0
30227,0.0,2132.666504,194.997375,1677.352783,-0.7156061365,0.6953141842,0.0666786525,0.1392869205,849.2677512516,1668.2063101462,8.0
30228,0.0,2131.806152,194.270264,1677.444458,-0.7156061365,0.6953141842,0.0666786525,0.1397827776,849.7406927451,1666.3942292784,8.0
30229,0.0,2130.789307,193.317429,1677.602417,-0.7156061365,0.6953141842,0.0666786525,0.1403587631,850.2661239416,1664.2575132383,8.0
30230,0.0,2129.673828,192.21936,1677.783447,-0.7156061365,0.6953141842,0.0666786525,0.1409297421,850.6082303769,1661.8061063487,8.0
30231,0.0,2128.868408,191.448074,1677.865234,-0.7156061365,0.6953141842,0.0666786525,0.1413126572,850.7478439315,1659.9964336362,8.0
30232,0.0,2128.077881,190.228363,1678.285767,-0.7156061365,0.6953141842,0.0666786525,0.1417702815,850.9368292636,1657.887355018,8.0
30233,0.0,2127.303467,189.060944,1678.644287,-0.7156061365,0.6953141842,0.0666786525,0.142251016,851.114044961,1655.6424480672,8.0
30234,0.0,2126.764404,187.835815,1679.099365,-0.7161553115,0.6947485335,0.0666786699,0.1422868322,850.1497388298,1653.5744023318,8.0
30235,0.0,2126.120361,186.711914,1679.215698,-0.7185008237,0.6923225576,0.0666786525,0.1410005777,845.437180065,1651.3201090891,8.0
30236,0.0,2125.77832,185.459015,1679.331787,-0.7228603859,0.6876894413,0.0674988505,0.1382294227,836.6849915928,1649.2961694645,8.0
30237,0.0,2125.29541,184.268143,1682.855347,-0.7431285079,0.6654849175,0.0699274291,0.1240764234,794.7486709293,1647.3186164824,8.0
30238,0.0,2124.93335,182.86763,1687.560181,-0.770446831,0.633419545,0.0720510972,0.1053178106,735.0285494398,1645.4515933679,8.0
30239,0.0,2123.62085,180.485443,1695.490479,-0.8727744964,0.4810794018,0.0826274023,0.0413985594,467.3794473736,1641.3604387349,8.0
30240,0.0,2122.812256,179.344894,1699.129272,-0.9190960223,0.3836139721,0.0900156774,0.0189437903,317.5536799149,1639.2127046485,8.0
30241,0.0,2122.01123,178.012634,1703.062378,-0.9445664576,0.3141144621,0.0955317318,0.0103690102,235.1254069397,1636.9847814995,8.0
30242,0.0,2121.387451,176.83342,1706.340332,-0.9525532821,0.2877785982,0.0991247859,0.0088957566,217.6256079385,1635.2025340194,8.0
30243,0.0,2120.759521,175.540237,1709.755005,-0.9551932276,0.2782737875,0.10084442,0.0087769094,215.9367911733,1633.4124999018,8.0
30244,0.0,2120.24707,174.327408,1712.856689,-0.9554213477,0.2771663594,0.1017293352,0.0090573836,219.1482591016,1631.9515925814,8.0
30245,0.0,2119.445312,172.829163,1716.446533,-0.9553924009,0.277157962,0.1020236467,0.0093661236,222.5667353223,1629.9887940689,8.0
30246,0.0,2118.824707,171.558151,1719.602173,-0.9553924009,0.277157962,0.1020236467,0.0096044449,225.1690950457,1628.5569570504,8.0
30247,0.0,2118.430664,170.711212,1721.666748,-0.9553924009,0.277157962,0.1020236467,0.0098270347,227.6368854464,1627.7435352871,8.0
30248,0.0,2117.739502,169.389053,1724.515991,-0.9553924009,0.277157962,0.1020236467,0.0101645281,231.3133681417,1626.4792871028,8.0
30249,0.0,2117.122559,168.270889,1726.391846,-0.9553924009,0.277157962,0.1020236467,0.0104126696,233.9389398932,1625.3240826829,8.0
30250,0.0,2116.321777,166.732544,1729.257202,-0.9553924009,0.277157962,0.1020236467,0.0107783788,237.7610964027,1623.7624287916,8.0
30251,0.0,2117.943848,162.791046,1731.065918,-0.9551346066,0.2780450726,0.1020236293,0.0110007384,240.4223997958,1625.3492578053,8.0
30252,0.0,2118.095459,161.179443,1732.183838,-0.9549239625,0.2787676475,0.1020236467,0.0111938747,242.4809939124,1625.1417908736,8.0
30253,0.0,2118.307861,159.199402,1733.600952,-0.9540469297,0.2814414691,0.1028841842,0.0116790256,247.5874898677,1624.7335383101,8.0
30254,0.0,2118.233154,157.918259,1734.59375,-0.9534888106,0.2832927086,0.1029773238,0.0122161784,253.0928246651,1624.1553740076,8.0
30255,0.0,2118.241943,156.870438,1735.261108,-0.9532423488,0.2841209166,0.1029773238,0.0122155843,252.9943734089,1623.5628284298,8.0
30256,0.0,2118.189941,155.337936,1736.02832,-0.9528554905,0.285144372,0.1037260879,0.0122689947,253.3893190333,1622.5758529095,8.0
30257,0.0,2118.08374,153.944656,1736.512329,-0.9527762109,0.2853346371,0.1039309236,0.012184612,252.3571693614,1621.5179908318,8.0
30258,0.0,2117.71875,152.755875,1736.763184,-0.9527762109,0.2853346371,0.1039309236,0.0120573319,250.8356811094,1620.1744476458,8.0
30259,0.0,2117.409912,151.35527,1736.831787,-0.9527762109,0.2853346371,0.1039309236,0.0118899427,248.8826618899,1618.7677772769,8.0
30260,0.0,2116.725586,150.11441,1736.672974,-0.9527762109,0.2853346371,0.1039309236,0.0117097631,246.7341153147,1617.0195050457,8.0
30261,0.0,2116.245605,149.2715,1736.426636,-0.9527762109,0.2853346371,0.1039309236,0.0115762277,245.1444556571,1615.7868563481,8.0
30262,0.0,2115.290039,148.170029,1735.912109,-0.9527762109,0.2853346371,0.1039309236,0.0113792237,242.7496012761,1613.7127172309,8.0
30263,0.0,2114.166504,146.8517,1735.037231,-0.9526049538,0.2862359618,0.1030183292,0.0110410524,238.7899523429,1611.3797541129,8.0
30264,0.0,2113.30249,146.100769,1734.352051,-0.9524508627,0.2870029255,0.1023067683,0.0108226049,236.1872682611,1609.7329118459,8.0
30265,0.0,2112.154541,145.154205,1733.091553,-0.9496076139,0.2966506758,0.1012114428,0.0111123259,238.9736574627,1607.4682984941,8.0
30266,0.0,2111.154541,144.32222,1731.719849,-0.9444570313,0.3129828994,0.1002128768,0.0120210452,248.1955225907,1605.5244960772,8.0
30267,0.0,2110.27417,143.873047,1730.561523,-0.9347854619,0.3408121592,0.1001159946,0.0145917954,272.998528155,1603.9138337653,8.0
30268,0.0,2109.281738,143.0336,1728.723267,-0.8971854901,0.4299845316,0.1008538489,0.0293910831,385.4904057788,1601.789919734,8.0
30269,0.0,2108.781738,141.810944,1726.860962,-0.8604441701,0.499420378,0.1010698584,0.0479682559,489.6505647593,1600.1690191692,8.0
30270,0.0,2108.28277575,142.30854075,1726.717804,-0.8578789914,0.5037388528,0.1010698584,0.0494738051,496.6754789435,1599.4543705824,8.0
30271,0.0,2107.7838135,142.8061375,1726.574646,-0.8553138126,0.5080573276,0.1010698584,0.0509793542,503.7003931277,1598.7397219956,8.0
30272,0.0,2107.28485125,143.30373425,1726.431488,-0.8527486339,0.5123758025,0.1010698584,0.0524849034,510.7253073119,1598.0250734088,8.0
30273,0.0,2102.527344,140.569031,1714.400269,-0.767732931,0.6329004142,0.1001159946,0.1046186093,705.8055110549,1585.0109529955,8.0
30274,0.0,2102.598633,138.17157,1711.231689,-0.767732931,0.6329004142,0.1001159946,0.1039006259,702.7690046881,1583.3355745888,8.0
30275,0.0,2101.626709,137.414108,1707.81543,-0.767732931,0.6329004142,0.1001159946,0.1035526991,700.2368506144,1580.133793481,8.0
30276,0.0,2100.776367,136.540054,1704.282227,-0.767732931,0.6329004142,0.1001159946,0.1031939177,697.732471113,1577.0679925237,8.0
30332,0.0,2106.30249,70.035988,1717.049438,-0.9869807647,-0.1372296703,0.0838867552,0.0814806099,593.3069385872,1500.6146957701,8.0
30333,0.0,2106.083252,70.005524,1717.049438,-0.9869807647,-0.1372296703,0.0838867552,0.0804619668,587.435235762,1494.7422492712,8.0
30334,0.0,2105.771729,69.962181,1717.049438,-0.9869807647,-0.1372296703,0.0838867552,0.0804893805,587.5808634027,1494.8688465793,8.0
30335,0.0,2105.548096,69.931099,1717.049438,-0.9869807647,-0.1372296703,0.0838867552,0.0806832118,588.3821936285,1495.1838620727,8.0
30336,0.0,2105.250732,69.889755,1717.049438,-0.9869807647,-0.1372296703,0.0838867552,0.080694525,588.0897067976,1494.3402431788,8.0
30337,0.0,2105.396729,68.602943,1719.099609,-0.9870940123,-0.1364126945,0.0838867552,0.0808442727,588.7086289821,1494.5851545552,8.0
30338,0.0,2105.578857,67.165054,1721.233887,-0.9871118769,-0.1362833624,0.0838867552,0.0813077511,590.4423083322,1494.8886148861,8.0
30339,0.0,2105.783936,65.552124,1723.411255,-0.9871118769,-0.1362833624,0.0838867552,0.0818831553,592.6625411207,1495.4526418341,8.0
30340,0.0,2105.980713,63.970749,1725.328369,-0.9872385146,-0.1353629475,0.0838867552,0.0819437448,593.0017050439,1495.7787815526,8.0
30341,0.0,2106.129395,62.800522,1726.593262,-0.9872420841,-0.1353369121,0.0838867552,0.082298094,594.4300129926,1496.2883361,8.0
30342,0.0,2106.326904,61.168636,1728.170288,-0.9874627749,-0.1337171551,0.0838867726,0.081973786,593.2966590765,1496.2602436659,8.0
30343,0.0,2106.534912,59.477894,1729.562622,-0.9876262721,-0.1325041959,0.0838867378,,,,
30344,0.0,2106.684814,58.269268,1730.388916,-0.9877291885,-0.1317348191,0.0838867552,,,,
30345,0.0,2106.848389,56.911724,1731.174683,-0.9879341948,-0.1301884636,0.0838867726,,,,
30346,0.0,2107.057617,55.166573,1731.945923,-0.9882251766,-0.1279609809,0.0838867552,,,,
30347,0.0,2107.251709,53.598774,1732.410034,-0.9883669462,-0.1268613215,0.0838867378,,,,
30348,0.0,2107.39209,52.478188,1732.602173,-0.9884583818,-0.1261469209,0.0838867204,,,,
30349,0.0,2107.5896,50.937275,1732.690308,-0.9884942174,-0.1258657793,0.0838867552,,,,
30350,0.0,2106.855713,48.923588,1733.946777,-0.9884942174,-0.1258657793,0.0838867552,,,,
30351,0.0,2107.068848,47.320698,1733.578613,-0.9884942174,-0.1258657793,0.0838867552,,,,
30352,0.0,2107.254395,45.742283,1732.994385,-0.9884942174,-0.1258657793,0.0838867552,,,,
31056,0.0,-449.889893,1422.859985,1748.858887,0.6965886376,0.6984611136,0.1640620089,,,,
31057,0.0,-450.283752,1422.025024,1749.403076,0.6965886376,0.6984611136,0.1640620089,,,,
31058,0.0,-449.069763,1418.860596,1750.702637,0.6965886376,0.6984611136,0.1640620089,,,,
31059,0.0,-448.232727,1418.967163,1750.702515,0.686967363,0.707868516,0.1643107003,,,,
31060,0.0,-447.130676,1419.101685,1750.702393,0.6741032759,0.7200548625,0.164638296,,,,
31061,0.0,-445.919678,1419.297119,1750.702148,0.6603778491,0.7325859016,0.1649817966,,,,
31062,0.0,-443.062103,1419.812622,1750.702271,0.6450529364,0.7459415017,0.1657648494,,,,
31063,0.0,-439.432098,1420.801514,1750.702148,0.6055846857,0.7779044207,0.1677256709,,,,
31064,0.0,-436.721375,1421.689697,1750.701904,0.5822293356,0.7955108154,0.1678438064,,,,
31065,0.0,-433.166656,1423.084717,1750.701416,0.5511546876,0.8171658353,0.168726133,,,,
31066,0.0,-430.082092,1424.482056,1750.701294,0.5323609117,0.8295192476,0.168788855,,,,
31067,0.0,-426.945465,1426.067627,1750.701294,0.5220443327,0.8360502634,0.1687888378,,,,
31068,0.0,-423.818817,1427.806885,1750.701294,0.5199574495,0.8373497317,0.168788855,,,,
31069,0.0,-420.84137,1429.637573,1750.701294,0.519875885,0.8374003776,0.1687888378,,,,
31070,0.0,-418.113464,1431.471069,1750.701294,0.519875885,0.8374003776,0.1687888378,,,,
31071,0.0,-415.04007,1433.706787,1750.701294,0.519875885,0.8374003776,0.1687888378,,,,
31072,0.0,-412.152588,1435.973022,1750.701294,0.519875885,0.8374003776,0.1687888378,,,,
31073,0.0,-409.438965,1438.245117,1750.701294,0.519875885,0.8374003776,0.1687888378,,,,
31074,0.0,-406.416107,1440.928467,1750.701294,0.519875885,0.8374003776,0.1687888378,,,,
31075,0.0,-403.868988,1443.318848,1750.701294,0.519875885,0.8374003776,0.1687888378,,,,
31076,0.0,-401.034485,1446.101685,1750.701294,0.519875885,0.8374003776,0.1687888378,,,,
31077,0.0,-398.447723,1448.757446,1750.701294,0.519875885,0.8374003776,0.1687888378,,,,
31078,0.0,-396.076385,1451.283203,1750.701294,0.519875885,0.8374003776,0.1687888378,,,,
31079,0.0,-393.657288,1454.220703,1750.701294,0.519875885,0.8374003776,0.1687888378,,,,
31080,0.0,-391.55957,1457.203979,1750.701294,0.519875885,0.8374003776,0.1687888378,,,,
31081,0.0,-389.533478,1460.579834,1750.701294,0.519875885,0.8374003776,0.1687888378,,,,
31082,0.0,-388.024323,1463.568237,1750.701294,0.519875885,0.8374003776,0.1687888378,,,,
31083,0.0,-386.76059,1466.489624,1750.701294,0.519875885,0.8374003776,0.1687888378,,,,
31084,0.0,-385.478149,1469.851929,1750.701294,0.5243693897,0.8347689347,0.1679213175,,,,
31085,0.0,-384.485565,1472.782715,1750.701294,0.5334276772,0.8291836461,0.1670610494,,,,
31086,0.0,-383.445007,1476.044312,1750.701294,0.5519113164,0.8175090029,0.1645385335,,,,
31087,0.0,-382.251373,1479.672974,1750.701294,0.589068393,0.7916236959,0.1622663012,,,,
31088,0.0,-381.019562,1482.736938,1750.701294,0.6471954027,0.7456294595,0.1586657488,,,,
31089,0.0,-379.760803,1485.530396,1750.701172,0.7133320779,0.6832586649,0.1559324967,,,,
31090,0.0,-377.625549,1491.233154,1750.701294,0.8646735978,0.4766964405,0.158430025,,,,
31091,0.0,-377.0920255,1492.854553,1750.743347,0.9013745884,0.3910662331,0.1609509322,,,,
31092,0.0,-376.558502,1494.475952,1750.7854,0.938075579,0.3054360257,0.1634718393,,,,
31093,0.0,-374.437592,1497.862305,1750.736328,0.9858806159,0.003355248,0.1674161087,,,,
31094,0.0,-373.734222,1499.366577,1750.698486,0.9639245906,-0.2072258659,0.1670533574,,,,
31095,0.0,-373.553207,1500.3276365,1750.69989,0.9322375644,-0.3048713322,0.165668256,,,,
31096,0.0,-372.970062,1503.562378,1754.358643,0.8496146253,-0.5017496401,0.1624878063,,,,
31097,0.0,-372.789459,1506.209839,1759.182007,0.7607567041,-0.6291144869,0.1595750591,,,,
31102,0.0,-371.669769,1519.512451,1775.904663,0.4110392142,-0.898043166,0.15673301,0.0858973,606.4843111988,1495.7093085511,8.0
31103,0.0,-370.936951,1523.034302,1778.961914,0.3701591511,-0.9158410903,0.1556190866,0.0707561852,553.0464491388,1496.8760682992,8.0
31104,0.0,-370.060394,1526.734131,1782.083618,0.338126136,-0.9282888669,0.1547594774,0.0605440972,513.5559601562,1498.6903646242,8.0
31105,0.0,-368.903992,1531.56189,1786.127075,0.2987769692,-0.941861378,0.1537187928,0.0497404593,467.5519156306,1501.1660696696,8.0
31106,0.0,-368.02121,1535.376343,1789.32666,0.2644559136,-0.9522120676,0.1528242392,0.0417256507,429.6010564115,1502.8893742766,8.0
31107,0.0,-366.940674,1539.233521,1791.995728,0.2597473557,-0.9535267583,0.1527024308,0.0410238019,426.4395306653,1504.266984159,8.0
31108,0.0,-365.921997,1542.825928,1794.202026,0.2597473557,-0.9535267583,0.1527024308,0.0274493348,343.2148944624,1474.9799976397,2.0
31109,0.0,-365.075012,1545.808594,1795.880371,0.2590080646,-0.9537278358,0.152702448,0.0276658661,345.2405290817,1477.9488112318,2.0
31110,0.0,-363.874298,1550.041748,1798.043213,0.2551737305,-0.9547608784,0.1527024308,0.0280243262,348.4264774661,1482.1521348114,2.0
31111,0.0,-363.016296,1553.069214,1799.403931,0.2528344635,-0.9553830103,0.152702448,0.0282412978,350.4600905508,1485.1467214907,2.0
31112,0.0,-361.898987,1557.014893,1800.980713,0.2497849359,-0.9561848427,0.1527024308,0.0284954303,352.9329966347,1489.037927528,2.0
31113,0.0,-361.029633,1560.087158,1802.031738,0.2474095844,-0.956802208,0.1527024308,0.0286672767,354.6976674102,1492.0560823064,2.0
31114,0.0,-360.059174,1563.522461,1803.040161,0.2446805594,-0.9575037265,0.152702448,0.0288983211,356.968559807,1495.6815875134,2.0
31115,0.0,-358.929993,1567.516113,1803.986816,0.2424089859,-0.9580813385,0.1527024308,0.0291033979,359.5192037211,1501.1300676781,2.0
31116,0.0,-357.978455,1570.885376,1804.5896,0.2414579224,-0.9583214725,0.1527024135,0.0292173605,361.1745461272,1505.1413318363,2.0
31117,0.0,-356.837616,1574.925415,1805.092163,0.2404172642,-0.9585830751,0.1527024135,0.0293269646,362.8813787673,1509.4677477837,2.0
31118,0.0,-355.921631,1578.172974,1805.302368,0.2395804665,-0.9587925572,0.1527024308,0.0293875209,364.083339202,1512.9295860052,2.0
31119,0.0,-355.016632,1581.380005,1805.354736,0.2394871394,-0.9588158727,0.1527024308,0.0293890027,364.9125619218,1516.3377209983,2.0
31120,0.0,-353.884003,1585.39856,1805.204346,0.2394871394,-0.9588158727,0.1527024308,0.0293398478,365.6150362581,1520.5099012046,2.0
31121,0.0,-353.03421,1588.413696,1804.923462,0.2394871394,-0.9588158727,0.1527024308,0.0292988761,366.1433789105,1523.7556257901,2.0
31122,0.0,-352.03952,1591.946899,1804.421631,0.2394871394,-0.9588158727,0.1527024308,0.0292130849,366.5049609221,1527.4651567774,2.0
31123,0.0,-350.823669,1595.888184,1803.644165,0.2387075998,-0.9590102392,0.1527024653,0.0291221949,366.9166715126,1531.5301244489,2.0
31124,0.0,-349.628052,1599.696533,1802.674683,0.2385677703,-0.9590450389,0.1527024308,0.028971396,366.9120657503,1535.4328181846,2.0
31125,0.0,-348.466888,1603.393921,1801.525391,0.2385677703,-0.9590450389,0.1527024308,0.0287866665,366.6520118099,1539.1876496453,2.0
31126,0.0,-347.319519,1607.051025,1800.187988,0.2385677703,-0.9590450389,0.1527024308,0.0285771347,366.2121703686,1542.8849315492,2.0
31127,0.0,-346.278717,1610.370483,1798.797241,0.2385677703,-0.9590450389,0.1527024308,0.0283630141,365.6463809485,1546.2211550519,2.0
31128,0.0,-345.105713,1614.116089,1797.036499,0.2385677703,-0.9590450389,0.1527024308,0.028096188,364.8282986139,1549.9652245573,2.0
31129,0.0,-344.065704,1617.438843,1795.297363,0.2385677703,-0.9590450389,0.1527024308,0.0278366699,363.9360022899,1553.2627974547,2.0
34944,0.0,1099.890869,601.980042,1678.770142,-0.9784898063,0.2053842359,0.0193652944,0.0388490146,708.0848174848,2565.3094654096,8.0
34945,0.0,1099.924316,601.985657,1678.765137,-0.9784898063,0.2053842359,0.0193652944,0.0391621358,710.5635374261,2564.1822589503,8.0
34946,0.0,1099.9375,601.987854,1678.763306,-0.9784898063,0.2053842359,0.0193652944,0.0394583212,712.8504327014,2562.955561692,8.0
34947,0.0,1101.905396,596.659485,1678.751099,-0.9787808091,0.2040680856,0.0185565147,0.0388062766,707.0634843351,2562.9915501921,8.0
34948,0.0,1101.357178,597.605774,1678.713257,-0.9791106485,0.2025622466,0.0176316242,0.0387530189,706.0451065965,2561.0233209339,8.0
34949,0.0,1100.668579,598.56073,1678.619995,-0.9794334013,0.2010739226,0.0167179569,0.0386989008,704.9576522133,2558.8308530746,8.0
34950,0.0,1099.01355,600.920349,1678.389038,-0.9798017433,0.1993464438,0.0157968067,0.0387322795,704.3847129767,2555.6710483206,8.0
34951,0.0,1097.073486,603.830383,1678.101929,-0.9801919453,0.1974923929,0.0148494136,0.0387962261,703.9790431659,2552.1349184857,8.0
34952,0.0,1095.158691,606.619141,1677.833008,-0.9805580737,0.1957325793,0.0139506797,0.0388585455,703.5792368958,2548.6798438741,8.0
34953,0.0,1092.436646,610.504639,1677.434448,-0.9814207007,0.1915053961,0.0117937017,0.0384330938,698.4331165495,2543.727515064,8.0
34954,0.0,1090.460815,613.337524,1677.143433,-0.9822922855,0.1870892595,0.0099737106,0.0377533091,691.351902362,2540.0651004922,8.0
34955,0.0,1088.492676,616.158142,1676.862915,-0.9836036196,0.1801948768,0.0073297936,0.0363997553,678.0871647876,2536.3533270293,8.0
34956,0.0,1086.589478,618.907166,1676.612183,-0.9844797082,0.1753905194,0.0061538525,0.0356313736,670.0571706255,2532.7019355204,8.0
34957,0.0,1084.585938,621.807983,1676.364868,-0.9862023616,0.1655029705,0.0036971225,0.0335638842,649.6574383478,2528.7645068943,8.0
34958,0.0,1082.680054,624.573242,1676.14856,-0.9873153321,0.1587632782,0.0016298575,0.0323441044,636.9740341698,2524.9314290809,8.0
34959,0.0,1080.906982,627.155396,1675.976685,-0.9888268926,0.1490682977,-0.0001378636,0.030385972,616.8048556895,2521.2775260389,8.0
34960,0.0,1078.669678,630.412476,1675.826416,-0.9908306552,0.1351001302,-0.0016023686,0.0276058226,587.2211792137,2516.5438874319,8.0
34961,0.0,1077.094116,632.699158,1675.723389,-0.99167024,0.1287800593,-0.0024148527,0.0265363381,575.1193012212,2513.1758614113,8.0
34962,0.0,1074.508179,636.060974,1675.431641,-0.9932814232,0.1156693023,-0.0035534305,0.0241486232,547.8495568939,2508.0603961616,8.0
34963,0.0,1073.257935,638.018188,1675.501221,-0.994316233,0.1063791598,-0.0043247204,0.0224793602,528.1614386777,2505.0373414301,8.0
34964,0.0,1071.286255,641.002625,1675.730957,-0.9959780111,0.0894280613,-0.0055157186,0.019502412,491.3859313748,2500.2958251477,8.0
34965,0.0,1069.800537,643.197815,1675.80481,-0.9965331371,0.083010755,-0.0055606776,0.0185905851,479.1963144791,2496.7774271711,8.0
34966,0.0,1068.304688,645.323303,1675.946899,-0.9977639798,0.0665413028,-0.0062686231,0.0158585709,442.2759979471,2493.3028538609,8.0
34967,0.0,1066.143677,648.32782,1676.167114,-0.9986404729,0.0515909011,-0.0074555237,0.0137123797,410.6653886807,2488.3451439582,8.0
34968,0.0,1064.468628,650.590088,1676.259521,-0.9992451762,0.0381203044,-0.0074779855,0.0118545622,381.4257866037,2484.5241064141,8.0
34969,0.0,1062.798706,652.805908,1676.400146,-0.9995228955,0.0297551378,-0.0082833077,0.0108696245,364.7750967123,2480.7687642219,8.0
34970,0.0,1059.298462,657.35199,1676.603638,-0.9998858957,0.0120492057,-0.0091111035,0.0089051518,329.3037387551,2473.0336389536,8.0
34971,0.0,1057.440308,659.772339,1676.576294,-0.9999440262,0.0033050792,-0.0100509201,0.0080302306,312.260707629,2468.9480930964,8.0
34972,0.0,1056.253235,661.2817995,1676.542053,-0.9999202961,-0.003338673,-0.0102025377,0.0073749215,298.7007288414,2466.3670417954,8.0
34973,0.0,1053.403198,664.838135,1676.462891,-0.9996733721,-0.0230206344,-0.0110995251,0.0054675692,256.947344892,2460.5173836787,8.0
34974,0.0,1051.099365,667.797058,1676.290527,-0.9993298793,-0.0348110322,-0.0113130178,0.0045462016,233.8409533185,2455.1350698895,8.0
34975,0.0,1049.599976,669.612976,1676.221313,-0.9989083169,-0.0451376806,-0.0120318001,0.0037614074,212.4483947545,2451.7266204021,8.0
34976,0.0,1047.680908,672.122314,1675.999268,-0.9980577231,-0.0610753152,-0.0122713987,0.0026625741,178.4909475899,2447.5953593114,8.0
34977,0.0,1045.583008,674.551025,1675.88269,-0.996917585,-0.0774902667,-0.0122713987,,,,
34978,0.0,1043.43811,677.103394,1675.673706,-0.9958706596,-0.0899502207,-0.0122713987,,,,
34979,0.0,1042.053833,678.818359,1675.45166,-0.9948038541,-0.1010678216,-0.0122713987,,,,
34980,0.0,1039.476929,681.679871,1675.181152,-0.9933550988,-0.1144336513,-0.0122713987,,,,
34981,0.0,1037.933228,683.259094,1675.088379,-0.9922429037,-0.1236347757,-0.0129793001,,,,
34982,0.0,1035.713989,685.511292,1674.92627,-0.99069636,-0.135446237,-0.0132302395,,,,
34983,0.0,1033.477417,687.685242,1674.891357,-0.9895112809,-0.1438484815,-0.0132302395,,,,
34984,0.0,1031.12439,689.850098,1674.954224,-0.9889728292,-0.147504928,-0.0132302395,,,,
34985,0.0,1028.842529,691.891602,1675.067261,-0.9885377173,-0.1503932918,-0.0132302395,,,,
34986,0.0,1027.065918,693.464722,1675.209961,-0.9884043978,-0.1512670059,-0.0132302395,,,,
34987,0.0,1024.739868,695.509766,1675.396484,-0.988048773,-0.1535727284,-0.0132302395,,,,
34988,0.0,1021.939026,697.506775,1675.658203,-0.9875660423,-0.1566469692,-0.0132302395,,,,
34989,0.0,1018.747681,699.547974,1675.937256,-0.9871847418,-0.1590322176,-0.0132302395,,,,
34990,0.0,1016.810974,700.708374,1676.008789,-0.9870647741,-0.1597751311,-0.0132302395,,,,
34991,0.0,1013.638794,702.442383,1676.512085,-0.986903346,-0.1607692334,-0.0132302395,,,,
34992,0.0,1010.538208,703.871399,1676.750244,-0.9867317818,-0.1618188852,-0.0132302395,,,,
34994,0.0,1004.657654,705.93158,1677.214233,-0.9867075106,-0.161966818,-0.0132302046,,,,
34995,0.0,1001.797302,706.69281,1677.405273,-0.9865621397,-0.162849947,-0.0132302395,,,,
34996,0.0,999.533386,707.180664,1677.599243,-0.9865517724,-0.1629127436,-0.0132302046,,,,
34997,0.0,996.566711,707.589905,1677.678223,-0.9865517724,-0.1629127436,-0.0132302046,0.1268064711,41.7910643767,85.7474867236,1.0
34998,0.0,993.88623,707.974182,1677.721802,-0.9865517724,-0.1629127436,-0.0132302046,0.1300154887,40.9732733979,83.0967637852,1.0
34999,0.0,990.45459,708.269592,1677.940063,-0.9865517724,-0.1629127436,-0.0132302046,0.1359020176,40.1713365947,79.8121411029,1.0
35000,0.0,988.076233,708.321411,1678.15918,-0.9865517724,-0.1629127436,-0.0132302046,0.1403569288,39.6205632627,77.5512708155,1.0
35010,0.0,960.929199,700.465942,1675.971558,-0.9998013423,-0.0198940821,0.0012253081,0.1176477143,39.9264097881,84.843399223,1.0
35011,0.0,959.0442505,699.6380005,1675.923157,-0.9998926908,-0.0124237574,0.001971365,0.1147866694,40.4539691316,86.9959290625,1.0
35012,0.0,957.159302,698.810059,1675.874756,-0.9999840394,-0.0049534328,0.0027174219,0.1119256245,40.9815284751,89.1484589021,1.0
35013,0.0,950.883972,695.971436,1675.631836,-0.9997645302,0.0210397876,0.0053114483,0.1174743772,42.5498214857,90.4806514372,1.0
35014,0.0,949.243103,695.317261,1675.5407715,-0.9995385433,0.0287375782,0.0060791171,0.1174041182,42.9891628687,91.4408115453,1.0
35015,0.0,947.602234,694.663086,1675.449707,-0.9993125564,0.0364353689,0.0068467859,0.1173338593,43.4285042516,92.4009716534,1.0
35016,0.0,942.729675,692.392151,1674.538208,-0.9985452416,0.0535641149,0.0061875716,0.1247412202,46.0032818063,95.1159208757,1.0
35017,0.0,940.041016,690.886841,1674.619751,-0.9981374862,0.0607861565,0.0051576869,0.1289227074,47.4139160613,96.5373235032,1.0
35018,0.0,937.285645,689.264648,1674.674561,-0.9977806384,0.0663998727,0.0049854251,0.1347683083,49.2462265967,98.22288313,1.0
35019,0.0,935.375916,688.082764,1674.748901,-0.9973897353,0.0720337515,0.0049854251,0.1379996746,50.3505644138,99.3288564851,1.0
35020,0.0,932.996216,686.664307,1674.967651,-0.9969824112,0.0774675241,0.0049854251,0.143013438,51.5839884218,100.097242667,1.0
35021,0.0,930.193481,684.79364,1675.088623,-0.9964908881,0.0835932751,0.0042513824,0.1486383978,53.7007952162,102.3692645549,1.0
35022,0.0,927.552856,683.002686,1675.177734,-0.9959663214,0.0896374498,0.0040266906,,,,
35023,0.0,924.856689,681.17627,1675.253174,-0.9954751886,0.0949364772,0.0040266906,,,,
35024,0.0,922.120605,679.311951,1675.155884,-0.994875195,0.1010303524,0.0040266906,,,,
35025,0.0,920.274475,678.079163,1675.081909,-0.9943813901,0.1057529873,0.0046858079,,,,
35026,0.0,917.514709,676.111084,1674.973755,-0.993904609,0.1100938628,0.0057419097,,,,
35027,0.0,914.747131,674.115967,1674.786987,-0.9932561339,0.115741701,0.0067905178,,,,
35028,0.0,912.792297,672.637268,1674.59314,-0.9926343022,0.1209137228,0.0075507462,,,,
35029,0.0,910.102173,670.593018,1674.233398,-0.9916986993,0.1282952719,0.0086030755,,,,
35030,0.0,907.374695,668.478882,1675.13562,-0.9909215906,0.1340920118,0.009681609,,,,
35031,0.0,904.771729,666.467773,1676.624146,-0.9902101851,0.1391730376,0.0107077045,,,,
35032,0.0,902.907837,665.00885,1677.661011,-0.9898909304,0.1414236496,0.0107376526,,,,
35033,0.0,900.212585,662.830444,1679.052979,-0.9894200505,0.1446812581,0.0107376526,,,,
35034,0.0,897.586548,660.735962,1680.581177,-0.9886568943,0.1497358637,0.0116925843,,,,
35035,0.0,895.880188,659.341492,1681.58374,-0.9877723742,0.1554081375,0.0124115903,,,,
35036,0.0,893.431946,657.339233,1683.156982,-0.9864181961,0.1635646033,0.0150254104,,,,
35037,0.0,890.834534,655.253174,1684.927612,-0.9850891894,0.1711672837,0.0173507913,,,,
35038,0.0,889.088867,653.88324,1686.138306,-0.9840767674,0.176748926,0.0187811866,,,,
35039,0.0,886.379395,651.766296,1688.097534,-0.9820915148,0.187134772,0.021836522,,,,
35040,0.0,883.763306,649.839722,1690.064453,-0.9798475659,0.1981826278,0.0249478181,,,,
35041,0.0,881.772705,648.4328,1691.622925,-0.9778892587,0.2072436048,0.0279765253,,,,
35042,0.0,878.956909,646.479309,1693.776123,-0.9756070942,0.217380234,0.0306044384,,,,
35043,0.0,876.167786,644.609802,1696.081421,-0.9714165846,0.2349790164,0.033685026,,,,
35044,0.0,874.154114,643.26178,1697.814209,-0.9693087064,0.2432019627,0.035964386,,,,
35045,0.0,871.211304,641.274841,1700.084229,-0.9638822272,0.2633126511,0.0399687352,,,,
35046,0.0,868.221924,639.098999,1702.248535,-0.9594707731,0.278467148,0.0432652631,,,,
35047,0.0,866.133911,637.648071,1703.792236,-0.9533573967,0.2980079729,0.0479679301,0.1409680214,74.3820920105,145.2996795461,1.0
35048,0.0,863.109375,637.050476,1705.900269,-0.9474192339,0.3158176772,0.0515362973,0.1292817052,71.6463629382,145.6872065442,1.0
35049,0.0,858.79718,635.373962,1710.362427,-0.931612545,0.3579499221,0.0630072957,0.1048786195,65.4843213392,146.8842852542,1.0
35050,0.0,857.374054,635.08432,1711.4802245,-0.9277343572,0.3672542902,0.0657576812,0.0991778441,63.850170355,147.1304644522,1.0
35051,0.0,853.521179,634.873596,1713.80835,-0.9173547713,0.3912992374,0.0731103986,0.0874003819,60.1636208615,147.1516947573,1.0
35052,0.0,850.321716,634.905396,1715.524658,-0.9101004342,0.4069579274,0.0781181481,0.079364731,57.7022224422,147.793834349,1.0
35053,0.0,848.702667,634.93512,1716.4475095,-0.9078337719,0.4117138992,0.0793736386,0.0772531209,56.9768469738,147.8514038861,1.0
35054,0.0,844.629883,634.993408,1718.765259,-0.9036760176,0.4202465885,0.0822341785,0.073434583,55.6510710927,147.9555738686,1.0
35055,0.0,842.9823,635.014801,1719.7001345,-0.9002402107,0.426930964,0.085047712,0.0708425473,54.7015149234,147.9955474342,1.0
35056,0.0,838.909302,635.117249,1722.067993,-0.888480582,0.4493169215,0.0933625162,0.0623497238,51.4549651004,148.0376981696,1.0
35057,0.0,837.225342,635.154633,1723.0910645,-0.8869474798,0.4521475713,0.0942107178,0.0616332377,51.1739483746,148.0579059077,1.0
35058,0.0,833.085876,635.292969,1725.65271,-0.8853717219,0.4550612186,0.0950589369,0.0617546364,51.2074426071,148.0109770545,1.0
35059,0.0,829.815491,635.421509,1727.754639,-0.8853717219,0.4550612186,0.0950589369,0.0636887715,52.0037689875,148.086613828,1.0
35060,0.0,827.36438,635.503601,1729.371338,-0.8853717219,0.4550612186,0.0950589369,0.0655343673,52.5892150694,147.7003839,1.0
35061,0.0,824.627686,635.53241,1731.281616,-0.8853717219,0.4550612186,0.0950589369,0.0682335194,53.8412134801,148.2991426501,1.0
35062,0.0,821.144531,635.613831,1733.722168,-0.8853717219,0.4550612186,0.0950589369,0.0723252934,55.4940092695,148.6223505715,1.0
35063,0.0,817.870911,635.705933,1736.031128,-0.8853717219,0.4550612186,0.0950589369,0.077185995,57.2039253371,148.4868312277,1.0
35064,0.0,815.2995,635.834534,1737.95105,-0.8853717219,0.4550612186,0.0950589369,0.0815097734,58.9601215825,149.0986571432,1.0
35065,0.0,812.63916,635.96344,1739.908936,-0.8853717219,0.4550612186,0.0950589369,0.086546063,60.8529913811,149.5372080008,1.0
35066,0.0,809.146912,636.076355,1742.468018,-0.8853717219,0.4550612186,0.0950589369,0.0940278281,63.563849302,150.1494374108,1.0
35067,0.0,806.720276,636.131897,1744.190796,-0.8853717219,0.4550612186,0.0950589369,0.0996714224,65.6673876863,150.8863879805,1.0
35068,0.0,802.955688,636.180664,1746.783813,-0.8853717219,0.4550612186,0.0950589369,0.109829487,69.1374405372,151.7411351344,1.0
35069,0.0,800.562683,636.198364,1748.422607,-0.8853717219,0.4550612186,0.0950589369,0.1163622437,71.1800162779,152.0384194084,1.0
35070,0.0,796.676697,636.208069,1750.838745,-0.8853717219,0.4550612186,0.0950589369,0.1277894313,75.2987989646,153.9441656754,1.0
35071,0.0,794.309265,636.200745,1752.311523,-0.8853717219,0.4550612186,0.0950589369,0.1357683345,77.962265376,154.9655865832,1.0
35072,0.0,790.38916,636.170532,1754.510254,-0.8850337809,0.4559061582,0.0941529691,0.1479565854,81.8795612337,156.4165761457,1.0
35073,0.0,787.877563,636.251953,1756.166138,-0.8843350215,0.4572700639,0.094104508,,,,
35074,0.0,785.411682,636.51178,1757.872192,-0.8832588705,0.4593453051,0.094104508,,,,
35075,0.0,782.507874,637.140686,1759.973633,-0.8816699781,0.4613877702,0.0988907236,,,,
35076,0.0,779.997131,637.980042,1761.842651,-0.8785912396,0.4650668854,0.1085828061,,,,
35077,0.0,778.246826,638.752563,1763.12561,-0.8754630538,0.4692738388,0.1155270776,,,,
35078,0.0,776.332153,639.761414,1764.499634,-0.8716761253,0.4742684756,0.1234914801,,,,
35079,0.0,773.912354,641.309814,1765.067505,-0.8647070328,0.4841403211,0.1337531192,,,,
35080,0.0,771.565002,642.853027,1764.739014,-0.8595337246,0.4918758001,0.1387803066,,,,
35081,0.0,769.908936,644.082947,1764.639404,-0.8536284433,0.5011660781,0.1419543694,,,,
35082,0.0,768.117126,645.632507,1764.606079,-0.8444549425,0.5152746573,0.1462459491,,,,
35083,0.0,766.092041,647.654419,1764.647827,-0.8296410131,0.5373159733,0.1516157456,,,,
35084,0.0,764.709106,649.242126,1764.692261,-0.8172341066,0.5552809506,0.154244873,,,,
35085,0.0,762.885803,651.617188,1764.813721,-0.7988521708,0.5807528323,0.1567206334,,,,
35086,0.0,761.695862,653.310364,1765.060303,-0.7905810205,0.5914010066,0.158828522,,,,
35087,0.0,760.125793,655.810669,1765.393311,-0.7789324042,0.6058456606,0.1619115351,0.1486588141,90.4562703114,172.4249519353,1.0
35088,0.0,758.604675,658.553589,1765.640625,-0.766320792,0.6208750943,0.1651258943,0.1430831706,89.2478521459,173.143929403,1.0
35089,0.0,757.207825,661.305542,1765.852539,-0.7581685348,0.6299840434,0.1682277559,0.1406794774,88.7968214018,173.622064228,1.0
35090,0.0,756.216248,663.344543,1765.894531,-0.7554994773,0.632963137,0.1690509005,0.1411872151,89.2081575997,174.1361982575,1.0
35091,0.0,754.989624,666.016174,1765.957642,-0.7522206509,0.6365958203,0.1700289797,0.1418922959,89.5825348042,174.4650732213,1.0
35092,0.0,752.987427,671.101379,1765.907715,-0.751013533,0.6379722105,0.1702061454,0.1447909215,90.7810062431,175.1571603488,1.0
35093,0.0,752.420563,672.543304,1765.866211,-0.751013533,0.6379722105,0.1702061454,0.1457822689,91.0424094151,175.1113522975,1.0
35094,0.0,751.853699,673.985229,1765.824707,-0.751013533,0.6379722105,0.1702061454,0.1467736162,91.3038125871,175.0655442462,1.0
35095,0.0,750.032043,678.758057,1765.369141,-0.7584400009,0.6289432048,0.1708777636,,,,
35096,0.0,749.110657,681.455444,1764.744629,-0.7817231189,0.5994490195,0.1719588276,,,,
35097,0.0,748.8137515,682.7555235,1764.4468995,-0.7969408668,0.5783223952,0.1724826763,,,,
35098,0.0,748.35321,686.073792,1763.976685,-0.8269481513,0.5349897518,0.1730396501,,,,
35099,0.0,748.225098,688.993958,1763.76123,-0.8601750008,0.4797460115,0.1730396845,,,,
35100,0.0,748.18573,691.050476,1763.740356,-0.8763459306,0.4492786206,0.1736851492,,,,
35101,0.0,748.267151,694.17865,1763.659546,-0.8957307515,0.4087852005,0.1748172781,,,,
35102,0.0,748.385803,696.215637,1763.682861,-0.9066932547,0.3835186894,0.1755584143,,,,
35103,0.0,748.707214,699.301758,1763.739014,-0.9213582565,0.3462400248,0.1766827903,,,,
35104,0.0,748.980103,701.533203,1763.795288,-0.9300924348,0.3212617684,0.178098116,,,,
35105,0.0,749.417664,704.605591,1763.878418,-0.9397626909,0.2904594793,0.1802203529,,,,
35106,0.0,749.886169,707.580078,1763.946533,-0.9456946156,0.2697358303,0.1813953577,,,,
35107,0.0,750.41571,710.685669,1764.127319,-0.9487612129,0.2586473364,0.1815315847,,,,
35108,0.0,750.758423,713.686035,1764.283203,-0.948935267,0.2580080164,0.1815316018,,,,
35109,0.0,750.874634,715.904236,1764.431152,-0.948935267,0.2580080164,0.1815316018,,,,
35110,0.0,750.887756,719.072388,1764.647705,-0.948935267,0.2580080164,0.1815316018,,,,
35111,0.0,750.745117,722.135132,1764.861938,-0.948935267,0.2580080164,0.1815316018,,,,
35112,0.0,750.513367,724.480042,1765.09314,-0.948935267,0.2580080164,0.1815316018,,,,
35113,0.0,750.46405,727.911011,1765.084961,-0.9485224019,0.2595217224,0.181531619,,,,
35114,0.0,750.227844,731.326721,1765.05481,-0.9449721046,0.2721654237,0.1815315503,,,,
35115,0.0,749.825623,733.987976,1765.026001,-0.9383989985,0.2940299256,0.1815316018,,,,
35116,0.0,748.866211,737.353821,1764.971558,-0.9214877151,0.3424115082,0.1833432574,,,,
35117,0.0,747.983643,739.102661,1764.940796,-0.9031419162,0.3878728113,0.1840906339,,,,
35118,0.0,746.710022,741.93988,1765.04187,-0.8792711665,0.4391968435,0.1843592916,,,,
35119,0.0,745.375549,744.479736,1765.391968,-0.8488452115,0.4954527685,0.1843593259,,,,
35120,0.0,743.931824,746.985107,1765.991455,-0.8166458436,0.5462777107,0.1861994332,,,,
35121,0.0,742.836609,748.820557,1766.608154,-0.7950335555,0.5768241197,0.1876048523,,,,
35122,0.0,741.177673,750.863281,1767.037354,-0.7624940872,0.6188309048,0.1888149309,,,,
35123,0.0,739.175415,752.69635,1767.22168,-0.7348501793,0.6513434202,0.1890686727,0.1459329679,100.6843570311,193.5631038989,1.0
35124,0.0,737.23999,754.307922,1767.281738,-0.704394292,0.6844002139,0.1882153782,0.1302425902,96.0616751601,194.6619241615,1.0
35125,0.0,734.859985,755.73468,1766.903687,-0.6651837182,0.7233101771,0.1853456464,0.1110665751,89.6595028478,195.7475390275,1.0
35126,0.0,732.964905,756.862915,1766.376221,-0.6325590004,0.7525543329,0.1831149555,0.0967182128,84.0920946333,195.9970311607,1.0
35127,0.0,730.523865,758.256958,1765.786133,-0.5790296059,0.7955067775,0.1785880241,0.0762693181,75.6428651075,197.4789923347,1.0
35128,0.0,728.041382,759.62793,1765.26123,-0.5193125634,0.8367637687,0.173611223,0.0573083512,66.2319333607,198.4981846223,1.0
35129,0.0,726.058716,760.638489,1764.937622,-0.4827565021,0.8587586078,0.1716968642,0.0489290514,61.5960718697,199.3577336145,1.0
35130,0.0,723.704407,762.2547,1764.433105,-0.4269500053,0.8883400189,0.1690139159,0.0371656203,54.1017677739,200.3082953864,1.0
35131,0.0,721.639954,763.854126,1764.121216,-0.370059324,0.9137601622,0.167625961,0.0276908698,46.8417281814,200.4366420557,1.0
35132,0.0,719.505432,765.44751,1763.839844,-0.3271087111,0.9301699938,0.1666843538,0.0229377999,42.9477022052,201.6758459212,1.0
35133,0.0,717.102966,767.040649,1763.621094,-0.291758256,0.9419020798,0.1664259358,0.0203358679,40.7165450047,202.9288554786,1.0
35134,0.0,714.858704,768.324585,1763.549683,-0.2692936948,0.9485690875,0.1664259358,0.0193894186,39.9642261314,203.9339199481,1.0
35135,0.0,712.19696,769.683105,1763.519531,-0.2536985817,0.9528585611,0.1664259358,0.0195516828,40.4078806392,205.3488356818,1.0
35136,0.0,709.694092,770.836121,1763.783691,-0.2436359528,0.9554809973,0.1664259186,0.0206091829,41.8100642883,207.0068288881,1.0
35137,0.0,705.492981,772.922363,1764.78479,-0.2338736742,0.9577815919,0.1672050442,0.0233061438,45.0723941319,209.9934312303,1.0
35138,0.0,703.200745,774.198547,1765.564819,-0.2300916029,0.9586682127,0.1673711811,0.0255077775,47.5142415719,211.7189727042,1.0
35139,0.0,702.1875,775.0064695,1765.765503,-0.2290464804,0.9589178484,0.1673711897,0.0265693077,48.6042713712,212.294730786,1.0
35140,0.0,701.174255,775.814392,1765.966187,-0.2280013579,0.9591674842,0.1673711983,0.027630838,49.6943011705,212.8704888677,1.0
35141,0.0,697.305054,778.942505,1767.12793,-0.2251402307,0.9596778091,0.168316307,0.0322567598,54.3295561334,215.6460819666,1.0
35142,0.0,695.157654,781.058655,1767.707031,-0.2240906869,0.9599234235,0.1683163242,0.0354034426,57.2434868897,217.0534250732,1.0
35143,0.0,693.3396,783.211609,1767.97168,-0.2213557486,0.9604014662,0.1692059581,0.0377815683,59.4096343008,218.1942053682,1.0
35144,0.0,692.494629,784.4294435,1767.9916995,-0.220334618,0.9605473429,0.1697060518,0.0390967308,60.5162824496,218.5873297139,1.0
35145,0.0,690.6427,787.441223,1767.874634,-0.2179098002,0.9610125812,0.1702061626,0.0418291177,62.9070638349,219.8035837941,1.0
35146,0.0,689.644531,789.579895,1767.562012,-0.2162231107,0.9612822072,0.1708334994,0.0440860137,64.9055577122,221.0327333994,1.0
35147,0.0,688.590515,792.512573,1767.142578,-0.2155918744,0.9613675394,0.1711508046,0.0465043571,66.7026465608,221.3043852461,1.0
35148,0.0,687.92926,795.084839,1766.733887,-0.2155918744,0.9613675394,0.1711508046,0.048734025,68.6096533722,222.490180551,1.0
35149,0.0,687.616882,796.852783,1766.441895,-0.2155918744,0.9613675394,0.1711508046,0.0495991467,69.3602863605,223.0035804606,1.0
35150,0.0,687.328674,799.510925,1765.908447,-0.2163405563,0.9611993372,0.1711508046,0.0521947566,71.3247601318,223.6938870132,1.0
35151,0.0,687.190674,802.236877,1765.524902,-0.2224054234,0.959814158,0.171150839,0.0552446059,73.5566086303,224.4110642388,1.0
35152,0.0,687.201294,804.12085,1765.015991,-0.2314538348,0.9576724546,0.1711507874,0.0588514966,76.0251153412,224.9308121665,1.0
35153,0.0,687.336731,806.732849,1764.594482,-0.2458520456,0.9540776529,0.1711508218,0.0646979995,79.6499565071,225.0949460107,1.0
35154,0.0,687.387878,809.310974,1764.398682,-0.2898352512,0.9413593165,0.1727372697,0.0821516935,89.774755235,226.1720021872,1.0
35155,0.0,687.437744,811.659485,1764.19397,-0.3523442529,0.9197340926,0.1730396673,0.1102751462,103.578649933,226.8987678385,1.0
35156,0.0,687.602661,814.469177,1764.176758,-0.431317696,0.8854503412,0.1730397017,,,,
35157,0.0,687.789001,816.202026,1763.901611,-0.4880081712,0.856059429,0.1703240408,,,,
35158,0.0,688.272644,818.416992,1763.668823,-0.5722209439,0.8030383766,0.1664108083,,,,
35159,0.0,689.030457,820.888245,1763.845459,-0.6338553836,0.7561863791,0.162510039,,,,
35160,0.0,689.876831,823.565552,1764.226562,-0.7049938476,0.6914445834,0.1577595096,,,,
35161,0.0,690.765625,826.31842,1764.578979,-0.783858219,0.6014457231,0.1543675314,,,,
35162,0.0,691.531311,828.250488,1764.811157,-0.8100665007,0.5659061707,0.1534355578,,,,
35163,0.0,692.694946,831.246277,1765.229614,-0.8520057282,0.5013423431,0.1508048213,,,,
35164,0.0,693.998169,833.984802,1765.486084,-0.8794781651,0.4518819575,0.1494016517,,,,
35165,0.0,695.316101,836.7901,1765.713867,-0.8888078197,0.4335843428,0.1484091549,,,,
35166,0.0,696.261292,838.694214,1765.833496,-0.8895720284,0.4320371628,0.1483424964,,,,
35167,0.0,697.858215,841.912354,1766.017578,-0.8897272971,0.4317173156,0.1483424964,,,,
35168,0.0,699.398743,844.811768,1766.093628,-0.8897272971,0.4317173156,0.1483424964,,,,
35169,0.0,701.015747,847.734924,1766.130859,-0.8897272971,0.4317173156,0.1483424964,,,,
35170,0.0,702.531372,850.230408,1766.102783,-0.8897272971,0.4317173156,0.1483424964,,,,
35171,0.0,704.364685,853.305725,1766.033936,-0.8897272971,0.4317173156,0.1483424964,,,,
35172,0.0,705.924377,856.117065,1765.983154,-0.8897272971,0.4317173156,0.1483424964,,,,
35173,0.0,707.288574,858.218872,1765.893799,-0.8897272971,0.4317173156,0.1483424964,,,,
35174,0.0,709.233643,861.393066,1765.702759,-0.8897272971,0.4317173156,0.1483424964,,,,
35175,0.0,710.727051,864.13092,1765.636597,-0.8897272971,0.4317173156,0.1483424964,,,,
35176,0.0,713.588074,869.119812,1765.310669,-0.8894359821,0.4323171665,0.1483425136,,,,
35177,0.0,715.080872,871.969482,1765.169678,-0.8858638727,0.4395903865,0.1483424791,,,,
35178,0.0,716.256592,874.664062,1764.856323,-0.8757309173,0.458998092,0.1497201121,,,,
35179,0.0,717.096558,877.093384,1764.696167,-0.8580261467,0.4907907675,0.1513788433,,,,
35180,0.0,718.148499,880.372559,1764.596069,-0.8145403266,0.5593802772,0.1536807138,,,,
35181,0.0,718.5648805,881.9862675,1764.628906,-0.7887297974,0.5935126234,0.1543258108,,,,
35182,0.0,718.981262,883.599976,1764.661743,-0.7629192683,0.6276449695,0.1549709077,,,,
35183,0.0,720.243835,889.372253,1764.82373,-0.6682621227,0.7257163644,0.1635894061,,,,
35184,0.0,720.884583,892.945007,1765.005127,-0.6306774507,0.7571564155,0.1701767185,,,,
35185,0.0,721.481201,896.227112,1765.250244,-0.6149040868,0.7692700312,0.1735413008,,,,
35186,0.0,722.03717,899.503723,1765.493286,-0.6109158897,0.7721599604,0.1747877894,,,,
35187,0.0,722.631897,903.020508,1765.593506,-0.6105707613,0.7724011726,0.174927911,,,,
35188,0.0,722.94873,905.478027,1765.656006,-0.6105707613,0.7724011726,0.174927911,,,,
35189,0.0,723.394653,908.738892,1765.644897,-0.6105707613,0.7724011726,0.174927911,,,,
35190,0.0,723.931824,912.198669,1765.611816,-0.6105707613,0.7724011726,0.174927911,,,,
35191,0.0,724.279846,915.489014,1765.414062,-0.6105707613,0.7724011726,0.174927911,,,,
35192,0.0,724.550781,917.801575,1765.238647,-0.6105707613,0.7724011726,0.174927911,,,,
35193,0.0,724.912354,921.195007,1764.876953,-0.6105707613,0.7724011726,0.174927911,,,,
35194,0.0,725.195068,923.676208,1764.658203,-0.6131994392,0.77046388,0.1742752344,,,,
35195,0.0,725.597046,926.983398,1764.332031,-0.6244112102,0.7618330727,0.1723978245,,,,
35196,0.0,725.978271,929.88678,1764.155029,-0.641722935,0.7475625776,0.1712946797,,,,
35197,0.0,726.253113,932.208862,1763.969116,-0.6609330155,0.7308132734,0.1705271487,,,,
35198,0.0,726.614563,935.576477,1763.794189,-0.6840705514,0.7092794492,0.1702061798,,,,
35199,0.0,726.912354,938.758667,1763.611084,-0.7119465923,0.6812942917,0.1702061626,,,,
35200,0.0,727.132751,941.69519,1763.593628,-0.7396786286,0.6508392848,0.1711249593,,,,
35201,0.0,727.278564,943.884705,1763.593994,-0.7558206695,0.6320146499,0.1711508046,,,,
35202,0.0,727.399292,947.092529,1763.724731,-0.7685422828,0.6162623206,0.1719404307,,,,
35203,0.0,727.480103,950.147217,1763.828003,-0.772063464,0.6118016222,0.1720952721,,,,
35204,0.0,727.465088,953.476868,1763.942261,-0.7745225933,0.6084260445,0.1730101176,,,,
35205,0.0,727.370605,955.852478,1764.203857,-0.7777227386,0.6043216158,0.1730396673,,,,
35206,0.0,727.205322,959.106567,1764.52063,-0.785010536,0.5941335097,0.1753962117,,,,
35207,0.0,727.053406,962.271912,1764.687744,-0.8040707909,0.5666365819,0.1799809637,,,,
35208,0.0,726.843262,964.857849,1764.922119,-0.8189657588,0.5438245188,0.1831665328,,,,
35209,0.0,726.421997,968.24707,1765.175049,-0.8533093884,0.4861177356,0.1885540632,,,,
35210,0.0,726.065247,971.663696,1765.234741,-0.9215713595,0.3345359519,0.196956661,,,,
35211,0.0,725.459106,974.36908,1765.297241,-0.9621456064,0.1834807191,0.2015208619,,,,
35212,0.0,725.55542,977.356934,1765.27832,-0.9787300094,0.0284500509,0.2031702816,,,,
35213,0.0,725.732605,980.004578,1765.336426,-0.9684556516,-0.1476412932,0.2007378876,,,,
35214,0.0,725.955627,982.234009,1765.39917,-0.9257945774,-0.3230892331,0.1962593893,,,,
35215,0.0,726.203674,986.167358,1765.745972,-0.7856600402,-0.5896634143,0.1871773466,,,,
35216,0.0,725.963562,988.690918,1765.909668,-0.7144701961,-0.6756129819,0.1818775342,,,,
35217,0.0,725.512024,991.430969,1765.968384,-0.6720386894,-0.7186833778,0.1784886619,,,,
35218,0.0,724.943298,994.673584,1765.891113,-0.6539279757,-0.7357445946,0.1762330675,,,,
35219,0.0,724.308411,997.656738,1765.809937,-0.6478275551,-0.7413908043,0.1750974991,,,,
35220,0.0,723.80127,1000.785339,1765.541138,-0.6469528619,-0.7421941932,0.174927911,,,,
35221,0.0,723.2677,1003.748535,1765.405396,-0.6469528619,-0.7421941932,0.174927911,,,,
35222,0.0,722.76886,1006.6604,1765.176636,-0.6469528619,-0.7421941932,0.174927911,,,,
35223,0.0,722.27301,1009.661194,1765.000732,-0.6469528619,-0.7421941932,0.174927911,,,,
35224,0.0,722.0335385,1011.2244875,1764.917297,-0.6469528619,-0.7421941932,0.174927911,,,,
35225,0.0,721.472534,1014.949951,1764.787231,-0.6464275168,-0.742651797,0.174927911,,,,
35226,0.0,721.028564,1017.772461,1764.841064,-0.6441575558,-0.7446215611,0.174927911,,,,
35227,0.0,720.601135,1020.651184,1764.921753,-0.638551039,-0.7494349809,0.1749279281,,,,
35228,0.0,720.163452,1023.633057,1765.059204,-0.6328509169,-0.754254565,0.1749278938,,,,
35229,0.0,719.692322,1026.396606,1765.320435,-0.6284074107,-0.7579606613,0.1749278766,,,,
35230,0.0,719.240234,1029.22229,1765.508545,-0.6263669858,-0.759647698,0.174927911,,,,
35231,0.0,718.710144,1032.113892,1765.847168,-0.6259970964,-0.7599525388,0.174927911,,,,
35232,0.0,718.264465,1035.14502,1765.992554,-0.6259970964,-0.7599525388,0.174927911,,,,
35233,0.0,717.785828,1038.185791,1766.145264,-0.6259970964,-0.7599525388,0.174927911,,,,
35234,0.0,717.382874,1041.012085,1766.179321,-0.6259970964,-0.7599525388,0.174927911,,,,
35235,0.0,717.000122,1043.83606,1766.19751,-0.6259970964,-0.7599525388,0.174927911,,,,
35236,0.0,716.596008,1046.720581,1766.159546,-0.6259970964,-0.7599525388,0.174927911,,,,
35237,0.0,716.220337,1049.773071,1766.081787,-0.6259970964,-0.7599525388,0.174927911,,,,
35238,0.0,715.854309,1052.862549,1765.913086,-0.6259970964,-0.7599525388,0.174927911,,,,
35239,0.0,715.560608,1055.117554,1765.673584,-0.6259970964,-0.7599525388,0.174927911,,,,
35240,0.0,715.229126,1057.962402,1765.336548,-0.6259970964,-0.7599525388,0.174927911,,,,
35241,0.0,714.955017,1060.822144,1765.028198,-0.6259970964,-0.7599525388,0.174927911,,,,
35242,0.0,714.71344,1063.689087,1764.704468,-0.6259970964,-0.7599525388,0.174927911,,,,
35243,0.0,714.487915,1066.539795,1764.500977,-0.6259970964,-0.7599525388,0.174927911,,,,
35244,0.0,714.276428,1069.74646,1764.09314,-0.6259970964,-0.7599525388,0.174927911,,,,
35245,0.0,714.046997,1072.700806,1763.969238,-0.6259970964,-0.7599525388,0.174927911,,,,
35246,0.0,713.767761,1075.747192,1763.772949,-0.6259970964,-0.7599525388,0.174927911,,,,
35247,0.0,713.523193,1078.667114,1763.696045,-0.6259970964,-0.7599525388,0.174927911,,,,
35248,0.0,713.202698,1081.799683,1763.613281,-0.6259970964,-0.7599525388,0.174927911,,,,
35249,0.0,712.937683,1084.825439,1763.620361,-0.6259970964,-0.7599525388,0.174927911,,,,
35250,0.0,712.669434,1087.944702,1763.83606,-0.6259970964,-0.7599525388,0.174927911,,,,
35251,0.0,712.472656,1090.355103,1763.980225,-0.6259970964,-0.7599525388,0.174927911,0.1496336367,142.9549929273,271.6788625255,4.0
35252,0.0,712.276672,1093.62146,1764.278809,-0.6254561647,-0.7603977985,0.174927911,0.1463804553,143.2529932231,275.0121354323,4.0
35253,0.0,712.057007,1097.04541,1764.725464,-0.6246698977,-0.7610438561,0.1749278938,0.1439177032,143.5627437617,277.7704394725,4.0
35254,0.0,711.843689,1100.550049,1765.138062,-0.6245387595,-0.7611514724,0.174927911,0.1420325541,143.8369031308,279.9995448194,4.0
35255,0.0,711.645264,1103.84436,1765.482178,-0.6245387595,-0.7611514724,0.174927911,0.1402424365,143.6761148167,281.3304136005,4.0
35256,0.0,711.455444,1107.210938,1765.760498,-0.6245387595,-0.7611514724,0.174927911,0.1392054936,143.5590183006,282.0675231263,4.0
35257,0.0,711.311951,1109.729248,1765.967773,-0.6245387595,-0.7611514724,0.174927911,0.1386864197,144.0481466316,283.5181938116,4.0
35258,0.0,711.253479,1113.705933,1766.067993,-0.6245387595,-0.7611514724,0.174927911,0.1372657346,144.7183214601,286.1982642506,4.0
35259,0.0,711.389343,1117.271973,1766.147095,-0.6245387595,-0.7611514724,0.174927911,0.135341374,144.9354536516,288.509206544,4.0
35260,0.0,711.727112,1120.303467,1766.103394,-0.6245387595,-0.7611514724,0.174927911,0.1336060352,145.0186615169,290.40841297,4.0
35261,0.0,712.750793,1126.168213,1766.107422,-0.6245387595,-0.7611514724,0.174927911,0.128169252,144.0150592513,294.0239406844,4.0
35262,0.0,713.887634,1129.585938,1765.857544,-0.6245387595,-0.7611514724,0.174927911,0.1244176516,143.0824916023,296.1947973771,4.0
35263,0.0,714.5420835,1131.060486,1765.772583,-0.6245387595,-0.7611514724,0.174927911,0.1224057658,142.4770125992,297.2152500004,4.0
35264,0.0,716.271057,1134.466309,1765.526001,-0.6245387595,-0.7611514724,0.174927911,0.1104883611,900.0787640191,1969.9148937685,8.0
35265,0.0,714.3920285,1135.989563,1765.6136475,-0.6245387595,-0.7611514724,0.174927911,0.1103052275,897.4045264663,1965.5939144827,8.0
35266,0.0,713.731079,1139.06189,1765.701294,-0.6245387595,-0.7611514724,0.174927911,0.1099592966,894.9368530529,1963.0928328148,8.0
35267,0.0,715.648438,1141.150024,1765.701294,-0.6245387595,-0.7611514724,0.174927911,0.1097427066,895.1082492371,1965.2928077897,8.0
35268,0.0,717.083984,1142.503052,1765.701294,-0.6245387595,-0.7611514724,0.174927911,0.1095981811,895.2228564815,1966.7647924868,8.0
35269,0.0,718.2992245,1143.5020145,1765.701294,-0.6245387595,-0.7611514724,0.174927911,0.1095650586,895.0878565436,1966.7482144923,8.0
35270,0.0,719.514465,1144.500977,1765.701294,-0.6245387595,-0.7611514724,0.174927911,0.1095319361,894.9528566058,1966.7316364978,8.0
35271,0.0,723.038086,1147.390869,1765.701294,-0.6245387595,-0.7611514724,0.174927911,0.1085394535,136.6846450036,301.6666291059,4.0
35272,0.0,725.020813,1149.498169,1765.701294,-0.6245387595,-0.7611514724,0.174927911,0.1061934549,134.6389816379,300.2300346328,4.0
35273,0.0,726.333191,1151.271484,1765.701294,-0.6302319311,-0.7566305721,0.174120333,0.106098335,134.8868012825,300.9098877048,4.0
35274,0.0,727.395874,1153.103149,1765.701294,-0.6451229032,-0.7443177262,0.172648667,0.0987272297,850.6750253251,1963.4642272365,8.0
35275,0.0,728.481079,1155.737427,1765.701172,-0.6813153796,-0.7122252781,0.1689511963,0.0804970089,771.1879606472,1961.895959425,8.0
35276,0.0,728.959778,1157.966675,1765.701172,-0.7306981638,-0.6622640751,0.165790495,0.0584854378,660.6769143752,1960.626791643,8.0
35277,0.0,729.587952,1161.096558,1765.701294,-0.7808542867,-0.603080005,0.1629757361,0.0399559714,548.1873737921,1958.868433836,8.0
35278,0.0,729.693298,1164.413452,1765.701294,-0.8458015469,-0.5083667339,0.1618116409,0.0243323328,429.1011354118,1957.0902070939,8.0
35279,0.0,730.005188,1167.284912,1765.701294,-0.9072695042,-0.3871732729,0.1641916672,,,,
35280,0.0,730.394409,1170.037476,1765.701294,-0.95188342,-0.2547518413,0.1703509732,,,,
35281,0.0,730.663635,1173.830078,1765.701294,-0.9735639101,-0.1450866176,0.1764176476,,,,
35282,0.0,730.955383,1177.125244,1765.701294,-0.9830021766,-0.0270648572,0.1815880345,,,,
35283,0.0,731.566528,1181.618164,1765.701294,-0.9759535812,0.1123597491,0.1867883673,,,,
35284,0.0,732.25,1185.480469,1765.701294,-0.9581646867,0.2149706262,0.1889657721,,,,
35285,0.0,732.744507,1188.093506,1765.701294,-0.9472960632,0.2586179009,0.1890686384,,,,
35286,0.0,733.477661,1191.539551,1765.701294,-0.9286121912,0.3197008996,0.1883367548,,,,
35287,0.0,737.425781,1189.30835,1766.372314,-0.9106647514,0.3690382319,0.1857430859,,,,
35288,0.0,737.994507,1192.442261,1766.230957,-0.8999068462,0.395150634,0.1844549935,,,,
35289,0.0,738.575317,1195.538208,1766.013184,-0.8978480743,0.399850581,0.1843592916,,,,
35290,0.0,739.172607,1198.361694,1765.765869,-0.8978121891,0.3999311579,0.1843592744,,,,
35291,0.0,739.654724,1200.444214,1765.569214,-0.8978121891,0.3999311579,0.1843592744,,,,
35292,0.0,740.271301,1203.49231,1765.390991,-0.8978121891,0.3999311579,0.1843592744,,,,
35293,0.0,740.785889,1206.831787,1765.307373,-0.8978121891,0.3999311579,0.1843592744,,,,
35294,0.0,741.097046,1209.804199,1765.324707,-0.8978121891,0.3999311579,0.1843592744,,,,
35295,0.0,741.245422,1212.015625,1765.360718,-0.8972271398,0.401241961,0.1843592916,,,,
35296,0.0,741.262329,1215.495728,1765.326294,-0.8968295089,0.4025405063,0.1834610934,,,,
35297,0.0,741.126526,1218.029175,1765.276123,-0.8968190253,0.4025840011,0.1834168966,,,,
35298,0.0,740.842163,1221.524658,1765.266846,-0.8964402766,0.4034266787,0.1834168623,,,,
35299,0.0,740.558777,1223.952759,1765.346436,-0.8964326381,0.4034436361,0.1834168966,,,,
35300,0.0,740.203247,1226.712646,1765.521484,-0.8964326381,0.4034436361,0.1834168966,,,,
35301,0.0,739.632385,1230.378174,1765.797852,-0.8964326381,0.4034436361,0.1834168966,,,,
35302,0.0,738.930054,1235.75061,1766.160034,-0.8964326381,0.4034436361,0.1834168966,,,,
35303,0.0,738.9049075,1237.755493,1766.316345,-0.8964326381,0.4034436361,0.1834168966,,,,
35304,0.0,738.962952,1242.26123,1766.591064,-0.8987565046,0.3982398697,0.1834168795,,,,
35305,0.0,739.0967105,1244.1610105,1766.677612,-0.9045302035,0.3838575578,0.1850289198,,,,
35306,0.0,739.459717,1248.7771,1766.761353,-0.9213115571,0.3396860265,0.1892046992,,,,
35307,0.0,739.77417,1252.374146,1766.755981,-0.9499484299,0.2441511444,0.1949056161,,,,
35308,0.0,739.805054,1254.721069,1766.637451,-0.9770909905,0.0774949324,0.1982113311,,,,
35309,0.0,739.685669,1258.42981,1766.526123,-0.9650166353,-0.1732626898,0.1967814369,,,,
35310,0.0,739.632812,1260.655762,1766.579102,-0.9178085268,-0.3477153711,0.1916286221,,,,
35311,0.0,739.930969,1262.812012,1766.411865,-0.7989459657,-0.5726685918,0.1836736993,,,,
35312,0.0,740.048523,1264.455078,1766.104248,-0.7349084249,-0.6537003088,0.1805145789,0.1129229383,158.9648718596,344.3620317532,4.0
35313,0.0,740.626221,1267.069214,1765.640381,-0.6102257996,-0.7726362128,0.175093564,0.0507328851,107.9388553521,343.2395703881,4.0
35314,0.0,741.04834,1268.8573,1765.098389,-0.5218048903,-0.8352601191,0.1733787471,0.026676689,78.5485867299,342.3523313849,4.0
35315,0.0,741.431824,1270.996216,1764.697021,-0.4518281553,-0.8752850765,0.1724162199,0.0168025304,62.4142262523,341.9111514597,4.0
35316,0.0,741.661743,1274.372437,1764.314453,-0.3925190261,-0.9036547954,0.1712799605,0.0138094005,56.5533531551,341.4762367497,4.0
35317,0.0,741.562866,1276.945435,1764.182129,-0.3799323913,-0.9091689657,0.1704792358,0.0140862133,57.3434583222,342.8518959983,4.0
35318,0.0,741.241089,1280.577148,1764.205688,-0.3769249301,-0.9104710128,0.1702061454,0.0145609796,58.6841011432,345.1412625818,4.0
35319,0.0,740.94458,1283.031006,1764.32959,-0.3788825777,-0.9097869581,0.1695160262,,,,
35320,0.0,740.409912,1286.476074,1764.565552,-0.3864608934,-0.9066413767,0.1692613126,,,,
35321,0.0,740.070374,1288.952637,1764.635376,-0.4044082644,-0.8980369432,0.1731577442,,,,
35322,0.0,739.527771,1291.859497,1764.744019,-0.4128008196,-0.8938655958,0.1749279281,,,,
35323,0.0,739.287842,1293.786499,1764.691406,-0.4129244852,-0.8938084781,0.174927911,,,,
35324,0.0,739.107544,1297.003418,1764.743042,-0.4129244852,-0.8938084781,0.174927911,,,,
35325,0.0,738.969055,1298.904907,1764.716919,-0.4129244852,-0.8938084781,0.174927911,,,,
35326,0.0,738.835999,1300.855347,1764.730469,-0.4129244852,-0.8938084781,0.174927911,,,,
35327,0.0,738.74762,1303.688843,1764.943481,-0.4129244852,-0.8938084781,0.174927911,,,,
35328,0.0,738.757202,1305.579102,1765.042969,-0.4129244852,-0.8938084781,0.174927911,,,,
35329,0.0,738.732727,1307.300659,1765.160767,-0.4129244852,-0.8938084781,0.174927911,,,,
35330,0.0,738.636841,1309.726685,1765.318726,-0.4129244852,-0.8938084781,0.174927911,,,,
35331,0.0,738.248962,1311.358154,1765.200317,-0.4129244852,-0.8938084781,0.174927911,,,,
35332,0.0,737.902649,1312.890991,1765.220337,-0.4129244852,-0.8938084781,0.174927911,,,,
35333,0.0,737.217896,1315.058105,1765.241699,-0.4129244852,-0.8938084781,0.174927911,,,,
35334,0.0,736.548523,1316.825806,1765.243286,-0.4129244852,-0.8938084781,0.174927911,,,,
35335,0.0,735.498169,1318.914429,1765.211548,-0.4129244852,-0.8938084781,0.174927911,,,,
35336,0.0,734.676819,1320.218262,1765.240601,-0.4129244852,-0.8938084781,0.174927911,,,,
35337,0.0,733.572815,1321.585449,1765.224365,-0.4129244852,-0.8938084781,0.174927911,,,,
35338,0.0,732.020935,1322.763428,1765.151978,-0.4131057145,-0.8941998616,0.1724826834,,,,
35339,0.0,729.85199,1322.997803,1764.582153,-0.4113333265,-0.8971428425,0.1610577994,,,,
35340,0.0,729.123566,1322.9259645,1764.4594725,-0.4110599261,-0.8976773642,0.1587430896,,,,
35341,0.0,728.395142,1322.854126,1764.336792,-0.4107865257,-0.898211886,0.1564283799,,,,
35342,0.0,726.10437,1321.972168,1764.06604,-0.4103569283,-0.8989366954,0.1533623455,,,,
35343,0.0,725.2523195,1321.5963745,1764.2334595,-0.4102497883,-0.8990095266,0.1532218843,,,,
35344,0.0,723.082214,1320.574219,1764.613892,-0.4101426482,-0.8990823578,0.1530814231,,,,
35345,0.0,722.1839905,1320.024048,1764.7191165,-0.4101693502,-0.8991405592,0.1526669024,,,,
35346,0.0,719.83313,1318.607666,1765.056519,-0.4102467991,-0.8993100041,0.1514565293,,,,
35347,0.0,717.922302,1317.23938,1765.170898,-0.4102637188,-0.8993477593,0.1511862719,,,,
35348,0.0,717.0205685,1316.4900515,1765.145935,-0.4102637188,-0.8993477593,0.1511862719,,,,
35349,0.0,714.759705,1314.582275,1765.055542,-0.4102637188,-0.8993477593,0.1511862719,,,,
35350,0.0,713.386047,1313.220093,1765.128418,-0.4102637188,-0.8993477593,0.1511862719,,,,
35351,0.0,711.619812,1311.207397,1765.157715,-0.4102637188,-0.8993477593,0.1511862719,,,,
35352,0.0,709.879639,1309.237793,1765.249512,-0.4119156484,-0.8987395367,0.1503088278,,,,
35353,0.0,708.54126,1307.976685,1765.30896,-0.4298107261,-0.8907803338,0.1475572319,,,,
35354,0.0,706.202087,1306.258057,1765.24646,-0.4566461692,-0.8777889418,0.1447786238,0.1437445563,960.5770670352,1859.5918775282,8.0
35355,0.0,704.516724,1305.196167,1765.211182,-0.5067346963,-0.8501157452,0.1432590914,0.116472414,869.6082189848,1856.6331687042,8.0
35356,0.0,701.869812,1303.615356,1765.015869,-0.6115612363,-0.7785363018,0.1409754629,0.067733563,669.9453589656,1851.8419451007,8.0
35357,0.0,700.032898,1302.637695,1764.892944,-0.7081761314,-0.6921233679,0.1394697476,0.0346821882,482.6361371987,1848.6308499209,8.0
35358,0.0,691.844849,1304.489502,1765.701294,-0.8112373205,-0.5679907043,0.1388544909,0.0177907516,345.734109121,1841.0701243947,8.0
35359,0.0,689.033875,1304.346802,1765.701294,-0.9255703692,-0.3518524777,0.1397115804,0.043876898,538.1938409655,1837.0571785983,8.0
35360,0.0,686.019958,1305.117554,1765.701294,-0.9670317024,-0.2122344045,0.1407346587,0.0887273274,754.9650597841,1833.3138843689,8.0
35361,0.0,684.139954,1306.060181,1765.701294,-0.9849684639,-0.0943487418,0.1446908429,0.1412861586,938.4081173194,1831.1995825361,8.0
35388,0.0,598.397949,1326.045044,1801.983521,-0.9224863537,0.3371707875,0.1879754964,,,,
35389,0.0,594.421326,1326.944336,1803.915405,-0.9201613951,0.3424171411,0.1898776143,,,,
35390,0.0,590.791016,1327.769897,1805.67981,-0.9179199664,0.3473903194,0.1916843795,,,,
35391,0.0,588.833069,1328.219299,1806.6322635,-0.9166282256,0.3502070374,0.1927098157,,,,
35392,0.0,583.547852,1329.439819,1809.203979,-0.9129646043,0.3581065892,0.1955896268,,,,
35393,0.0,580.883423,1330.436279,1812.07312,-0.90812888,0.367212888,0.2011383409,,,,
35394,0.0,580.760681,1331.157349,1813.697754,-0.8991874676,0.3847542764,0.208389167,,,,
35395,0.0,581.038147,1332.355835,1813.106934,-0.8860959517,0.4095727712,0.2169887312,,,,
35396,0.0,581.129089,1333.45105,1812.909668,-0.8657804299,0.4476341089,0.2237139955,,,,
35397,0.0,581.215271,1334.446289,1812.971558,-0.8357083851,0.4982811907,0.2308838455,,,,
35398,0.0,581.315002,1335.569824,1815.297729,-0.7943475562,0.5587561837,0.2383348215,,,,
35399,0.0,581.408081,1336.607422,1816.650635,-0.7433323103,0.6217014526,0.2468691562,,,,
35400,0.0,581.47522,1337.352295,1817.773682,-0.7184813607,0.6483746163,0.2517834213,,,,
35401,0.0,581.575623,1338.466797,1819.643799,-0.6495842143,0.71169238,0.2674589777,,,,
35402,0.0,581.899292,1339.800049,1818.468628,-0.5827133892,0.7608413434,0.2855968421,0.1206218817,170.0274437274,357.1074355085,1.0
35403,0.0,582.446106,1341.285889,1819.439331,-0.5212135886,0.7985702137,0.3010348964,0.1197662348,169.1001137917,356.345088998,1.0
35404,0.0,582.77887,1342.275024,1820.349365,-0.4792216941,0.8204784922,0.311707574,0.1231670252,171.1021530176,355.8733247512,1.0
35405,0.0,583.235413,1343.752808,1821.731934,-0.414731747,0.8485456544,0.3285846169,0.133725032,177.4244197516,355.1560546855,1.0
35406,0.0,583.541016,1345.04895,1822.518555,-0.3649055889,0.8667920165,0.3398757291,,,,
35407,0.0,583.646667,1346.239746,1822.68396,-0.351662034,0.8709720017,0.3431349387,,,,
35408,0.0,583.747192,1347.387207,1822.645996,-0.3508288328,0.8712109378,0.3433811757,,,,
35409,0.0,583.849792,1348.347412,1822.408936,-0.3508288328,0.8712109378,0.3433811757,,,,
35410,0.0,583.949768,1349.013916,1821.978516,-0.3508288328,0.8712109378,0.3433811757,,,,
35411,0.0,584.048706,1349.417725,1821.36084,-0.3508288328,0.8712109378,0.3433811757,,,,
35412,0.0,584.145935,1349.599487,1820.556152,-0.3508288328,0.8712109378,0.3433811757,,,,
35413,0.0,584.247925,1349.587036,1819.494019,-0.3508288328,0.8712109378,0.3433811757,,,,
35414,0.0,584.345459,1349.399292,1818.263672,-0.3508288328,0.8712109378,0.3433811757,,,,
35415,0.0,584.447144,1349.043091,1816.748047,-0.3508288328,0.8712109378,0.3433811757,,,,
35416,0.0,584.522095,1348.682373,1815.471558,-0.3508288328,0.8712109378,0.3433811757,,,,
35417,0.0,584.625427,1348.071533,1813.496582,-0.3508288328,0.8712109378,0.3433811757,,,,
35418,0.0,584.725403,1347.359497,1811.31958,-0.3508288328,0.8712109378,0.3433811757,,,,
35419,0.0,584.796265,1346.78479,1809.598877,-0.3508288328,0.8712109378,0.3433811757,,,,
35420,0.0,584.900879,1345.907471,1806.807617,-0.3509412264,0.8714896928,0.342557982,,,,
35421,0.0,584.967896,1345.346558,1804.873047,-0.3496819494,0.8732023542,0.3394704448,,,,
35422,0.0,585.067749,1344.490234,1801.712402,-0.3489477318,0.8757741827,0.3335491889,,,,
35423,0.0,585.168701,1343.614624,1798.231567,-0.3482097013,0.876784965,0.3316596585,,,,
35450,0.0,561.206909,1310.261353,1788.366577,-0.3977340802,0.8660953914,0.30279758,,,,
35451,0.0,560.174683,1308.984375,1788.266968,-0.3994262609,0.8656599217,0.3018137871,,,,
35452,0.0,558.866333,1307.365601,1788.254028,-0.4016449024,0.8650825066,0.3005222606,,,,
35453,0.0,557.539551,1305.787842,1788.362915,-0.403853412,0.8645003752,0.2992348958,,,,
35454,0.0,556.623535,1304.695801,1788.510254,-0.4054600326,0.8640721905,0.2982975218,,,,
35455,0.0,553.454773,1302.062134,1789.95874,-0.3847832608,0.8696736272,0.30920806,,,,
35456,0.0,552.399231,1302.519409,1791.499878,-0.3540211794,0.8778437982,0.322582192,,,,
35457,0.0,550.017273,1301.448975,1793.753784,-0.3132054864,0.8877259954,0.3374090699,,,,
35458,0.0,548.043884,1300.560913,1795.877808,-0.2770438532,0.8953569258,0.3486870788,,,,
35459,0.0,545.603516,1299.46167,1798.777832,-0.2276773021,0.9032976198,0.3636158086,,,,
35460,0.0,543.200195,1298.377197,1810.781616,-0.1751815588,0.909050319,0.3780726636,,,,
35461,0.0,540.745972,1297.268066,1812.155151,-0.1160312517,0.9116951618,0.3941429698,,,,
35462,0.0,538.399475,1296.206177,1813.765625,-0.0634047778,0.9111819111,0.4070962529,,,,
35463,0.0,536.584473,1295.382935,1815.17627,-0.0572562349,0.9111346874,0.4081118781,,,,
35464,0.0,534.004761,1294.211304,1814.213379,-0.0558889637,0.9111322801,0.4083067376,,,,
35465,0.0,531.709229,1293.166748,1815.305908,-0.0558889637,0.9111322801,0.4083067376,,,,
35466,0.0,529.520325,1292.168701,1816.731567,-0.0558889637,0.9111322801,0.4083067376,,,,
35467,0.0,525.366455,1290.270996,1819.481323,-0.0558889637,0.9111322801,0.4083067376,,,,
35468,0.0,524.102844,1289.6922605,1819.7664185,-0.0558889637,0.9111322801,0.4083067376,,,,
35469,0.0,522.839233,1289.113525,1820.051514,-0.0558889637,0.9111322801,0.4083067376,,,,
35470,0.0,520.648499,1288.107666,1820.295776,-0.0558889637,0.9111322801,0.4083067376,,,,
35471,0.0,520.437805,1286.999756,1820.353394,-0.0558889637,0.9111322801,0.4083067376,,,,
35472,0.0,520.559204,1286.068237,1820.200073,-0.0558889637,0.9111322801,0.4083067376,,,,
35473,0.0,520.751465,1285.569824,1819.460205,-0.0558889637,0.9111322801,0.4083067376,,,,
35474,0.0,520.871765,1285.873047,1818.669067,-0.0558889637,0.9111322801,0.4083067376,,,,
35475,0.0,520.977478,1286.336792,1817.759644,-0.0516097342,0.9113846989,0.4083067057,,,,
35476,0.0,521.080627,1286.890137,1816.659302,0.0020351248,0.9147410184,0.4040355524,,,,
35477,0.0,521.186035,1287.496948,1815.316406,0.0586895242,0.9136210679,0.402308444,,,,
35478,0.0,521.289734,1288.112915,1813.748047,0.161243847,0.9012539294,0.4021713275,,,,
35479,0.0,521.384888,1288.681152,1812.105835,0.2626492036,0.8750140374,0.4066519767,,,,
35480,0.0,521.480042,1289.262817,1810.235718,0.3685372714,0.8330449549,0.4125728816,,,,
35481,0.0,522.654419,1289.549683,1808.07373,0.4827602025,0.7678240498,0.4211755161,,,,
35482,0.0,523.519409,1289.758057,1806.23877,0.5464081887,0.7180149178,0.4311527214,,,,
35483,0.0,524.442505,1290.130859,1803.025024,0.6096116006,0.6533594953,0.4488820182,,,,
35484,0.0,524.657471,1290.462524,1801.064819,0.6230994991,0.6368991964,0.4539894578,,,,
35485,0.0,524.779236,1291.008423,1798.314575,0.6293527828,0.6284676772,0.4571033291,,,,
35486,0.0,524.838379,1291.833618,1794.338501,0.6299185699,0.6275074888,0.4576428157,,,,
35487,0.0,524.9422,1292.411987,1791.039551,0.6293237321,0.6281040467,0.4576428157,,,,
35488,0.0,525.083496,1292.834229,1788.147705,0.628582128,0.6293546636,0.4569433397,,,,
35489,0.0,525.24176,1293.403198,1784.139893,0.6281498027,0.6304643762,0.4560071225,,,,
35490,0.0,525.819763,1293.815308,1783.489136,0.6267996919,0.6323977242,0.4551870655,,,,
35491,0.0,526.540222,1294.390259,1783.48938,0.6257550679,0.6340872303,0.454273023,,,,
35492,0.0,527.210815,1295.073486,1783.490234,0.6259987681,0.6344580191,0.4534187517,,,,
35493,0.0,527.332947,1296.081787,1783.490234,0.6255864289,0.6348956027,0.4533753341,,,,
35494,0.0,527.477356,1297.818237,1783.490234,0.6256544792,0.6353262673,0.4526775968,,,,
35495,0.0,527.602112,1299.679688,1783.490234,0.6262351733,0.6359158494,0.451043834,,,,
35496,0.0,527.768738,1301.660522,1783.490234,0.626862075,0.636552531,0.449271426,,,,
35497,0.0,527.927979,1303.700317,1783.490356,0.6271899359,0.6368854602,0.4483410475,,,,
35498,0.0,527.983154,1305.886963,1783.490234,0.6280446076,0.6366554662,0.4474704327,,,,
35499,0.0,528.033997,1307.867798,1786.692871,0.6301664806,0.6356607424,0.4458986738,,,,
35500,0.0,528.090027,1309.997559,1789.593262,0.6328422343,0.633714919,0.4448776326,,,,
35501,0.0,528.139954,1311.92688,1791.817017,0.6363970067,0.6302539342,0.4447233166,,,,
35502,0.0,528.205811,1314.59375,1794.12439,0.6422834683,0.6242540271,0.4447233478,,,,
35503,0.0,528.256409,1316.675171,1796.634766,0.6474303943,0.6176916107,0.4464201593,,,,
35504,0.0,528.30719,1317.000366,1799.570923,0.6548883818,0.6068139471,0.4504420507,,,,
35505,0.0,528.362793,1317.078003,1802.721313,0.6671244009,0.5892034188,0.4558337032,,,,
35506,0.0,528.435486,1317.290527,1806.474487,0.6847750332,0.5643457031,0.4610825103,,,,
35507,0.0,528.53064,1317.664917,1810.561646,0.7102523833,0.528708734,0.4647672823,,,,
35508,0.0,528.63385,1318.587036,1817.299805,0.7864615122,0.403239752,0.4678418453,,,,
35509,0.0,528.945251,1318.635864,1819.696167,0.8242738786,0.3198734155,0.467176167,,,,
35510,0.0,529.44342,1318.220459,1821.891968,0.853719411,0.2317149731,0.4663382234,,,,
35511,0.0,529.863708,1317.699585,1823.957275,0.8744022706,0.1346418893,0.4661461476,,,,
35512,0.0,530.164612,1317.116089,1831.201782,0.8841781768,0.0170496138,0.4668385827,,,,
35513,0.0,530.350769,1316.223999,1832.475464,0.8735685519,-0.122228518,0.4711031463,,,,
35514,0.0,530.329468,1315.289062,1833.994873,0.8402432654,-0.2617275161,0.4748578337,,,,
35515,0.0,530.094421,1314.413208,1835.787231,0.7858084594,-0.3946277534,0.4762079392,,,,
35516,0.0,529.812378,1313.959229,1834.638184,0.7164205508,-0.511804884,0.4741279943,,,,
35517,0.0,529.375305,1313.417358,1835.09729,0.6680450647,-0.5755345614,0.4716733618,,,,
35518,0.0,528.727478,1312.751831,1836.272339,0.5796220196,-0.6687313922,0.4656572124,,,,
35519,0.0,527.903564,1312.287231,1837.591309,0.4782997334,-0.7467685041,0.4621321956,,,,
35520,0.0,527.194275,1311.908691,1838.067871,0.4096337788,-0.7897226485,0.4566599454,,,,
35521,0.0,526.997864,1311.63916,1838.121704,0.3781703942,-0.80739443,0.4528812068,,,,
35522,0.0,527.12207,1311.595581,1837.999756,0.3753900454,-0.808892716,0.4525205938,,,,
35523,0.0,527.439392,1311.559082,1837.650146,0.3753900454,-0.808892716,0.4525205938,,,,
35524,0.0,527.99823,1311.557495,1837.050781,0.3827944907,-0.8068294602,0.449994,,,,
35525,0.0,528.487366,1311.53479,1836.387573,0.3829120985,-0.8067960451,0.4499538492,,,,
35526,0.0,529.120422,1311.505005,1835.473389,0.3829120985,-0.8067960451,0.4499538492,,,,
35527,0.0,529.787109,1311.480957,1834.446045,0.3829120985,-0.8067960451,0.4499538492,,,,
35528,0.0,530.715942,1311.452881,1832.92395,0.3829120985,-0.8067960451,0.4499538492,,,,
35529,0.0,531.582336,1311.429565,1831.412231,0.3829120985,-0.8067960451,0.4499538492,,,,
35530,0.0,532.122925,1311.408447,1829.824951,0.3829120985,-0.8067960451,0.4499538492,,,,
35531,0.0,532.405457,1311.388062,1828.080566,0.3829120985,-0.8067960451,0.4499538492,,,,
35532,0.0,532.430298,1311.348389,1826.146729,0.3829120985,-0.8067960451,0.4499538492,,,,
35533,0.0,532.148193,1311.279663,1823.324585,0.3829120985,-0.8067960451,0.4499538492,,,,
35534,0.0,531.771057,1311.230347,1821.069336,0.3829120985,-0.8067960451,0.4499538492,,,,
35535,0.0,531.182007,1311.171631,1818.177002,0.3829120985,-0.8067960451,0.4499538492,,,,
35536,0.0,530.562988,1311.121826,1815.970825,0.3829120985,-0.8067960451,0.4499538492,,,,
35537,0.0,529.815125,1311.065918,1815.692749,0.3829120985,-0.8067960451,0.4499538492,,,,
35538,0.0,529.184387,1311.021606,1815.701294,0.3829120985,-0.8067960451,0.4499538492,,,,
35539,0.0,528.328979,1310.965454,1815.701294,0.3829120985,-0.8067960451,0.4499538492,,,,
35540,0.0,527.659668,1310.923218,1815.701294,0.3829120985,-0.8067960451,0.4499538492,,,,
35541,0.0,526.563354,1310.859131,1815.701294,0.3816375957,-0.8096230697,0.4459408375,,,,
35542,0.0,526.285889,1310.81189,1815.701294,0.3832571012,-0.8118433756,0.4404819268,,,,
35543,0.0,526.205444,1310.762085,1815.701294,0.3854710525,-0.8128473894,0.436682023,,,,
35544,0.0,525.948425,1310.572388,1815.701294,0.3867991937,-0.8129811315,0.4352563194,,,,
35545,0.0,525.743042,1310.431274,1815.701294,0.3907528284,-0.8123242014,0.432945284,,,,
35546,0.0,525.545166,1310.302002,1815.701294,0.3930948664,-0.8116847446,0.4320234963,,,,
35547,0.0,525.268799,1310.132324,1815.701294,0.397423568,-0.8101105788,0.431016656,,,,
35548,0.0,525.049011,1310.005737,1815.701294,0.4047462301,-0.8065221143,0.4309322087,,,,
35549,0.0,524.793518,1309.867188,1815.701294,0.4274094083,-0.7947443969,0.4309321772,,,,
35550,0.0,524.545654,1309.741943,1815.701294,0.4804779189,-0.7617337821,0.4346292841,,,,
35551,0.0,525.024414,1310.639526,1815.70105,0.6721793653,-0.5861348885,0.4523502994,,,,
35552,0.0,525.832031,1312.525635,1815.700928,0.7858955651,-0.4138721076,0.4594323012,,,,
35553,0.0,525.469971,1314.996704,1815.701782,0.8792254257,-0.1498364285,0.4522296933,,,,
35554,0.0,523.935364,1316.474365,1815.701782,0.890553534,0.1219825998,0.4382175812,,,,
35555,0.0,523.294098,1316.6020505,1815.701538,0.8704538896,0.2155938738,0.4319995102,,,,
35556,0.0,521.834045,1316.531982,1815.702026,0.7984372108,0.4338691032,0.417439363,,,,
35557,0.0,521.498352,1316.317993,1815.701782,0.7291818927,0.5465554275,0.4117899125,,,,
35558,0.0,521.755371,1316.476807,1815.701294,0.6699813333,0.6199613142,0.4083784787,,,,
35559,0.0,521.839966,1316.538818,1815.701294,0.6500818497,0.6413212551,0.4075544583,,,,
35560,0.0,521.953674,1316.646118,1815.701294,0.64192785,0.6495601357,0.4074313016,,,,
35561,0.0,522.199951,1316.72583,1815.701294,0.6391144599,0.652328437,0.4074313653,,,,
35562,0.0,522.870239,1316.993652,1815.701294,0.6377646443,0.6536481982,0.4074313334,,,,
35563,0.0,523.326599,1317.143188,1815.701294,0.6376568741,0.6537533124,0.4074313653,,,,
35564,0.0,524.260254,1317.54895,1819.022217,0.6376568741,0.6537533124,0.4074313653,,,,
35565,0.0,524.877563,1317.607056,1822.409912,0.6376568741,0.6537533124,0.4074313653,,,,
35566,0.0,525.696472,1317.822266,1824.321777,0.6376568741,0.6537533124,0.4074313653,,,,
35567,0.0,526.756714,1318.278076,1826.346558,0.6376568741,0.6537533124,0.4074313653,,,,
35568,0.0,527.519897,1318.445068,1828.846069,0.6376568741,0.6537533124,0.4074313653,,,,
35569,0.0,528.371948,1318.627441,1832.165039,0.6376568741,0.6537533124,0.4074313653,,,,
35570,0.0,534.116394,1324.009155,1834.914551,0.6372814397,0.6533681499,0.4086348337,,,,
35571,0.0,534.82959,1323.956421,1839.626709,0.636612826,0.6526828408,0.4107666236,,,,
35572,0.0,535.58551,1324.156006,1844.227539,0.6353982187,0.6526736834,0.4126574447,,,,
35573,0.0,536.089172,1324.40979,1847.637207,0.6336251412,0.6527324516,0.4152824665,,,,
35574,0.0,536.822388,1325.030762,1850.65564,0.6238303975,0.6555887688,0.4254867818,,,,
35575,0.0,537.419678,1325.722778,1853.219482,0.6066503149,0.6645667459,0.4362641811,,,,
35576,0.0,537.902283,1326.642456,1855.570068,0.5733157679,0.6843160882,0.4505779863,,,,
35577,0.0,538.160645,1327.95459,1857.725708,0.5120396568,0.7204772484,0.4676835729,,,,
35578,0.0,538.122375,1329.34668,1865.288574,0.4307571586,0.7610230138,0.4850693175,,,,
35579,0.0,538.06781,1330.379028,1866.256958,0.3704993128,0.7852589957,0.4960832278,,,,
35580,0.0,537.562439,1332.051025,1867.884888,0.2485953084,0.8233135373,0.5102501268,,,,
35581,0.0,537.277893,1333.347778,1869.671387,0.1604750923,0.8423963171,0.5144085824,,,,
35582,0.0,537.273438,1334.426025,1868.734253,0.1128462244,0.8499247302,0.5146782321,,,,
35583,0.0,537.533569,1335.416382,1869.18103,0.0950904502,0.8520939641,0.5146782321,,,,
35584,0.0,537.868896,1336.15332,1870.296265,0.0930319541,0.8523211496,0.5146782621,,,,
35585,0.0,538.236267,1337.320801,1871.951904,0.0930319541,0.8523211496,0.5146782621,,,,
35586,0.0,538.065613,1337.898438,1872.817993,0.0930319541,0.8523211496,0.5146782621,,,,
35587,0.0,538.207214,1338.809326,1874.036987,0.0930319541,0.8523211496,0.5146782621,,,,
35588,0.0,538.608826,1339.835938,1875.145142,0.0930319541,0.8523211496,0.5146782621,,,,
35589,0.0,538.925781,1340.541626,1875.74292,0.0930319541,0.8523211496,0.5146782621,,,,
35590,0.0,539.414978,1341.592651,1876.279663,0.0930319541,0.8523211496,0.5146782621,,,,
35591,0.0,539.850525,1342.550293,1875.605713,0.0930319541,0.8523211496,0.5146782621,,,,
35592,0.0,540.172974,1343.248169,1874.963623,0.0930319541,0.8523211496,0.5146782621,,,,
35593,0.0,540.983398,1344.991455,1872.871338,0.0930319541,0.8523211496,0.5146782621,,,,
35594,0.0,541.245056,1345.5406495,1872.017273,0.0930319541,0.8523211496,0.5146782621,,,,
35595,0.0,541.84668,1346.873169,1869.180298,0.0930319541,0.8523211496,0.5146782621,,,,
35596,0.0,542.1047365,1347.4361575,1868.046814,0.0930319541,0.8523211496,0.5146782621,,,,
35597,0.0,542.716125,1348.783081,1865.188354,0.0930319541,0.8523211496,0.5146782621,,,,
35598,0.0,543.095703,1349.618774,1863.135498,0.0930319541,0.8523211496,0.5146782621,,,,
35599,0.0,543.607788,1350.714966,1860.1875,0.0930319541,0.8523211496,0.5146782621,,,,
35600,0.0,543.93512,1351.406494,1858.093018,0.0912454969,0.8529212585,0.5140034884,,,,
35601,0.0,544.944031,1352.750366,1855.492432,0.0520443682,0.8629656236,0.5025750851,,,,
35602,0.0,545.308777,1353.681885,1852.143555,0.0349453785,0.8662543475,0.4983796003,,,,
35603,0.0,545.724487,1354.737305,1846.323486,0.0040595318,0.87153719,0.490312601,,,,
35604,0.0,545.932495,1355.509766,1842.344604,-0.0189408649,0.8752994018,0.4832103071,,,,
35605,0.0,546.15564,1356.636597,1837.126831,-0.0659064467,0.8796697911,0.4709961772,,,,
35606,0.0,546.325073,1357.175171,1835.586182,-0.0993355088,0.8811648492,0.4622563848,,,,
35607,0.0,546.981812,1358.181641,1835.180908,-0.1466269673,0.8810680293,0.4496884035,,,,
35608,0.0,547.859924,1359.575928,1834.599243,-0.1710561915,0.8799628009,0.4431763176,,,,
35609,0.0,548.584778,1360.33374,1834.294067,-0.1894163951,0.879689606,0.4361967749,,,,
35610,0.0,549.873352,1361.458496,1834.072266,-0.2141480402,0.8800738427,0.4238049648,,,,
35611,0.0,550.996155,1362.279541,1834.083252,-0.2282558165,0.8793365516,0.417931228,,,,
35612,0.0,552.782532,1363.34082,1834.095337,-0.2542995493,0.8757345309,0.4103909972,,,,
35613,0.0,554.279236,1364.304077,1834.132202,-0.2911839482,0.8667927905,0.4048236242,,,,
35614,0.0,555.180786,1365.022949,1834.209717,-0.3352043311,0.8528578546,0.4003392765,,,,
35615,0.0,556.688293,1366.177734,1834.42627,-0.4181790099,0.8202745071,0.3902256383,,,,
35616,0.0,557.651733,1366.784668,1834.500977,-0.4760841633,0.791394408,0.3834563345,,,,
35617,0.0,559.108215,1367.539185,1834.779053,-0.559086701,0.7404341041,0.3730675518,,,,
35618,0.0,560.717529,1368.325684,1834.940186,-0.6304445363,0.6863427201,0.3625925498,,,,
35619,0.0,562.434265,1369.166626,1835.084839,-0.7016749428,0.61812748,0.3543595534,,,,
35620,0.0,564.243469,1370.145752,1835.17981,-0.7473265787,0.5655458188,0.3487992425,,,,
35621,0.0,565.643982,1370.93335,1835.306885,-0.7724397471,0.5333009436,0.3448578558,,,,
35622,0.0,567.65094,1372.323486,1835.515869,-0.8030578575,0.4895795784,0.3397203467,,,,
35623,0.0,569.638489,1373.947998,1835.632935,-0.813217423,0.4731185424,0.3388750031,,,,
35624,0.0,571.635315,1375.776855,1835.853027,-0.8142572038,0.4713267616,0.3388750359,,,,
35625,0.0,573.60376,1377.73645,1835.927246,-0.8142572038,0.4713267616,0.3388750359,,,,
35626,0.0,575.205139,1379.403564,1835.997314,-0.8142572038,0.4713267616,0.3388750359,,,,
35627,0.0,577.290283,1381.48877,1835.582275,-0.8142572038,0.4713267616,0.3388750359,,,,
35628,0.0,579.441895,1383.771729,1835.842407,-0.8142572038,0.4713267616,0.3388750359,,,,
35629,0.0,581.563538,1386.105957,1836.588867,-0.8142572038,0.4713267616,0.3388750359,,,,
35630,0.0,583.137512,1387.8396,1837.051147,-0.8142572038,0.4713267616,0.3388750359,,,,
35631,0.0,585.143127,1390.149536,1837.647095,-0.8142572038,0.4713267616,0.3388750359,,,,
35632,0.0,589.292175,1394.172729,1838.410278,-0.8142572038,0.4713267616,0.3388750359,,,,
35633,0.0,590.43219,1395.3052365,1838.3261715,-0.8142572038,0.4713267616,0.3388750359,,,,
35634,0.0,591.572205,1396.437744,1838.242065,-0.8142572038,0.4713267616,0.3388750359,,,,
35635,0.0,595.474121,1400.589844,1837.207397,-0.8142572038,0.4713267616,0.3388750359,,,,
35636,0.0,597.558411,1403.085815,1836.156616,-0.8142572038,0.4713267616,0.3388750359,,,,
35637,0.0,599.47583,1405.390747,1834.935425,-0.8142572038,0.4713267616,0.3388750359,,,,
35638,0.0,600.468506,1406.588745,1834.194641,-0.8142572038,0.4713267616,0.3388750359,,,,
35639,0.0,601.461182,1407.786743,1833.453857,-0.8142572038,0.4713267616,0.3388750359,,,,
35640,0.0,606.178345,1411.895386,1828.051147,-0.826942221,0.4571242658,0.3274201716,,,,
35641,0.0,607.738831,1413.914307,1826.167603,-0.8308583005,0.451826294,0.3248499417,,,,
35642,0.0,609.375122,1416.09375,1824.005615,-0.8321061135,0.4503513767,0.3237021059,,,,
35643,0.0,611.506775,1418.917358,1820.947754,-0.834243597,0.4471792838,0.3225962011,,,,
35644,0.0,613.262024,1421.195679,1818.225464,-0.8384326353,0.4412442018,0.3198972812,,,,
35645,0.0,614.944885,1423.427368,1815.390015,-0.8418177779,0.4360487951,0.3181261969,,,,
35646,0.0,616.594604,1425.617065,1812.43335,-0.8447181681,0.4316736782,0.3164001454,,,,
35647,0.0,618.355042,1427.945557,1809.105103,-0.846754984,0.4284040369,0.3153981266,,,,
35648,0.0,620.234985,1430.443115,1805.3302,-0.8484052205,0.4258526651,0.3144170628,,,,
35649,0.0,621.544861,1432.199829,1802.543701,-0.8487213664,0.4252275195,0.3144099219,,,,
35650,0.0,623.561279,1434.90271,1798.053467,-0.8491937446,0.4242833538,0.314409955,,,,
35651,0.0,625.134216,1437.018921,1794.358765,-0.8492319393,0.4242069239,0.3144099219,,,,
35652,0.0,626.92749,1439.421509,1789.962769,-0.8495748968,0.4235197137,0.314409839,,,,
35653,0.0,628.698975,1441.80127,1785.412476,-0.849870865,0.4235084473,0.3136241508,,,,
35654,0.0,630.291992,1443.924194,1781.158813,-0.8515785647,0.4227757711,0.3099590223,,,,
35655,0.0,632.117065,1446.353149,1776.088013,-0.8544770472,0.4220790287,0.3028502426,,,,
35656,0.0,633.967834,1448.823364,1770.724121,-0.857392291,0.4222537616,0.2942451702,,,,
35657,0.0,635.723145,1451.167725,1766.163818,-0.8596226535,0.4223203834,0.2875663181,,,,
35658,0.0,636.976135,1452.877441,1765.601318,-0.8618200057,0.4224347692,0.2807403488,,,,
35659,0.0,638.093445,1454.473511,1765.701294,-0.863553253,0.4223622911,0.2754739085,,,,
35660,0.0,639.64093,1456.779053,1765.701294,-0.86726733,0.4208910993,0.2658910694,,,,
35661,0.0,640.811462,1458.625366,1765.701294,-0.8683508401,0.4203931098,0.2631282041,,,,
35662,0.0,642.055054,1460.620605,1765.701294,-0.8721862366,0.4173654951,0.2551415532,,,,
35663,0.0,643.152588,1462.457764,1765.701294,-0.8741676525,0.4154167742,0.2515150473,,,,
35664,0.0,644.277832,1464.394165,1765.701294,-0.876056804,0.4134824242,0.2481063503,,,,
35665,0.0,645.720032,1466.972168,1765.701294,-0.8773384373,0.4123533182,0.2454424729,,,,
35666,0.0,646.821228,1468.995483,1765.701294,-0.8782814927,0.4117886516,0.243005609,,,,
35667,0.0,648.027893,1471.256958,1765.701294,-0.8789556276,0.4110789656,0.2417665999,,,,
35668,0.0,649.483154,1474.032104,1765.701294,-0.8810658778,0.4098486549,0.2361080242,,,,
35669,0.0,650.671448,1476.323242,1765.701294,-0.8840978348,0.4073745817,0.2289475238,,,,
35670,0.0,651.976196,1478.86499,1765.701294,-0.8881154281,0.4029205364,0.2211470724,,,,
35671,0.0,653.241882,1481.392456,1765.701294,-0.8906712259,0.3998724114,0.2163488432,,,,
35672,0.0,654.403015,1483.723633,1765.701294,-0.8943334495,0.3948940196,0.2103007237,,,,
35673,0.0,655.607483,1486.178101,1765.701294,-0.8980870507,0.389649893,0.2039916915,,,,
35674,0.0,656.772949,1488.608765,1765.701294,-0.9006460166,0.3857246316,0.2001331092,,,,
35675,0.0,658.104553,1491.434082,1765.701294,-0.9032097566,0.3813506491,0.1969360759,,,,
35676,0.0,660.56543,1496.772461,1765.701294,-0.9079926833,0.3723314404,0.1921420971,,,,
35677,0.0,661.703125,1499.299438,1765.701294,-0.9099976978,0.3683097962,0.1903998003,,,,
35678,0.0,662.902893,1501.98877,1765.701294,-0.9124584212,0.3627560576,0.1892819912,,,,
35679,0.0,664.077942,1504.637695,1765.701294,-0.9157067885,0.3549598299,0.1883735563,,,,
35680,0.0,665.443176,1507.737549,1765.701294,-0.920717315,0.3427823098,0.1864937372,,,,
35681,0.0,666.605469,1510.389404,1765.701294,-0.9261762838,0.3287781043,0.1846684855,,,,
35682,0.0,667.746338,1513.023926,1765.701294,-0.932012002,0.3129167187,0.182857199,,,,
35683,0.0,668.980835,1515.893188,1765.701294,-0.9395397907,0.2912754135,0.1800655855,,,,
35684,0.0,670.026611,1518.453125,1765.701294,-0.9442293152,0.2769125518,0.1781865284,,,,
35685,0.0,671.421326,1521.666748,1765.701294,-0.9564105638,0.2358957378,0.172139578,,,,
35686,0.0,672.478394,1524.30249,1765.701294,-0.9627528219,0.2100280029,0.1702798927,,,,
35687,0.0,673.510498,1526.846191,1765.701294,-0.9700240463,0.1759505331,0.1676149145,,,,
35688,0.0,674.520569,1529.332031,1765.701416,-0.9769712628,0.1353526536,0.1649448722,,,,
35689,0.0,675.547424,1531.882446,1765.701294,-0.9827080714,0.0878849015,0.1629757361,,,,
35690,0.0,676.49884,1534.346069,1765.701294,-0.9859583455,0.0407874672,0.1619337011,,,,
35691,0.0,677.650391,1537.482544,1765.701294,-0.9867483421,-0.0214638828,0.1608322452,,,,
35692,0.0,678.391907,1540.099854,1765.701294,-0.9857480108,-0.0520818003,0.1599635752,,,,
35693,0.0,679.342712,1543.135986,1765.701416,-0.9812865669,-0.1124603129,0.1562989179,,,,
35694,0.0,680.192444,1546.163696,1765.701294,-0.9732721643,-0.1720230754,0.1521491234,,,,
35695,0.0,680.639343,1548.778076,1765.701416,-0.9625884367,-0.2265710096,0.1486239523,,,,
35696,0.0,680.885376,1551.264282,1765.701294,-0.957262281,-0.2478458335,0.1490683336,,,,
35697,0.0,681.104736,1554.843384,1765.701294,-0.9535155331,-0.2607339385,0.1510825652,,,,
35819,0.0,481.480621,1731.941406,1764.084839,-0.2153246862,-0.9732783508,0.0797780124,,,,
35820,0.0,481.523132,1732.133423,1753.173828,-0.2153246862,-0.9732783508,0.0797780124,,,,
35821,0.0,481.603302,1732.49585,1753.377075,-0.2153246862,-0.9732783508,0.0797780124,,,,
35822,0.0,481.732605,1733.080322,1754.563599,-0.2153246862,-0.9732783508,0.0797780124,,,,
35823,0.0,481.891632,1733.799072,1756.134644,-0.2153246862,-0.9732783508,0.0797780124,,,,
35824,0.0,479.195068,1735.442993,1757.634277,-0.2153246862,-0.9732783508,0.0797780124,,,,
35825,0.0,476.045654,1732.868896,1758.793335,-0.2153246862,-0.9732783508,0.0797780124,,,,
35826,0.0,472.541626,1732.340332,1760.309448,-0.2153246862,-0.9732783508,0.0797780124,,,,
35827,0.0,469.01297,1731.972412,1761.847534,-0.2153246862,-0.9732783508,0.0797780124,,,,
35828,0.0,466.276855,1732.122681,1763.083496,-0.2145227801,-0.9734554153,0.0797780124,0.1114012541,880.5594924986,1919.7461913195,8.0
35829,0.0,463.467407,1732.385498,1764.35791,-0.2143914624,-0.9734843448,0.0797780124,0.1116041677,881.5067267088,1920.1665842481,8.0
35830,0.0,459.805969,1732.819458,1765.871094,-0.2135022599,-0.9736797491,0.0797780124,0.1121398282,883.725788949,1920.6696488579,8.0
35831,0.0,456.969055,1733.251953,1765.203003,-0.2126376442,-0.9738689342,0.0797780124,0.1124714306,885.1724469457,1921.1444057313,8.0
35832,0.0,454.127045,1733.676758,1764.431274,-0.211772997,-0.974057322,0.0797780124,0.1127716295,886.4314695311,1921.4673512216,8.0
35833,0.0,450.968048,1734.163208,1763.605713,-0.2100289166,-0.9744348736,0.0797780124,0.113839576,890.53246466,1921.8248626841,8.0
35834,0.0,448.059906,1735.244385,1762.837158,-0.2082771704,-0.9748107965,0.0797780124,0.1141620921,890.8165711563,1919.8846975545,8.0
35835,0.0,445.181763,1735.634155,1762.007812,-0.2064150041,-0.9752068062,0.0797780124,0.1150470113,893.5056220624,1918.7100811599,8.0
35836,0.0,442.475983,1735.921143,1761.190674,-0.2053008393,-0.9754419686,0.0797780124,0.1156841223,895.37993752,1917.7572236787,8.0
35837,0.0,438.939056,1736.341187,1760.0979,-0.2041349455,-0.9756866263,0.0797780124,0.116378786,897.1007837467,1916.0530902864,8.0
35838,0.0,435.945435,1736.69458,1759.1698,-0.2041132505,-0.9756911651,0.0797780124,0.1164962913,896.7662862633,1914.432167931,8.0
35839,0.0,432.912933,1737.099609,1758.219604,-0.2041132505,-0.9756911651,0.0797780124,0.1165697946,896.2153099042,1912.6899566304,8.0
35840,0.0,429.683777,1737.595337,1757.261475,-0.2050193618,-0.9755011686,0.0797780124,0.1161713679,893.9063070538,1910.8286897172,8.0
35841,0.0,426.489624,1738.030029,1756.274292,-0.2152953837,-0.9732848332,0.0797780124,0.1114495488,875.7492750405,1908.8699165373,8.0
35980,0.0,-18.589613,1999.407959,1749.888062,-0.2102541867,-0.9724380803,0.1007837142,0.0066474112,125.8399780002,1093.2016979965,4.0
35981,0.0,-18.584551,1999.406494,1749.885254,-0.2102541867,-0.9724380803,0.1007837142,0.0066956048,126.6241270708,1096.061052733,4.0
35982,0.0,-18.553034,1999.397217,1749.86853,-0.2102541867,-0.9724380803,0.1007837142,0.0067116536,127.0787071956,1098.6843945778,4.0
35983,0.0,-18.472576,1999.379028,1749.839478,-0.2102541867,-0.9724380803,0.1007837142,0.0067526037,127.89329789,1102.3805763757,4.0
35984,0.0,-18.311762,1999.353516,1749.811157,-0.2102541867,-0.9724380803,0.1007837142,0.0068287504,129.1067498917,1106.6391313769,4.0
35985,0.0,-20.656187,2000.174927,1749.764771,-0.2055321546,-0.9734470588,0.1007837142,0.0067865319,129.116204895,1110.145488313,4.0
35986,0.0,-23.174164,2000.971802,1749.654663,-0.2005199451,-0.9744918648,0.1007837142,0.0067644961,129.312920935,1113.6401771246,4.0
35987,0.0,-25.862263,2001.851562,1749.645752,-0.195852134,-0.9755082489,0.1001279074,0.006754086,129.6183757952,1117.1277499728,4.0
35988,0.0,-28.552025,2002.536011,1749.456909,-0.1943964229,-0.9758299241,0.0998298053,0.0069843012,132.1712306127,1120.2632626434,4.0
35989,0.0,-31.530739,2003.364014,1749.453491,-0.1943964229,-0.9758299241,0.0998298053,0.0074111207,136.5511779146,1123.6851901056,4.0
35990,0.0,-34.897682,2004.718872,1749.526245,-0.1943964229,-0.9758299241,0.0998298053,0.0079013421,141.4923818983,1127.7873119382,4.0
35991,0.0,-37.126766,2005.933105,1749.682129,-0.1943964229,-0.9758299241,0.0998298053,0.0083357402,145.6914697485,1130.717134869,4.0
35992,0.0,-39.509136,2007.333862,1749.751343,-0.1943964229,-0.9758299241,0.0998298053,0.0087956824,150.0616546876,1133.905984883,4.0
35993,0.0,-41.966904,2008.922607,1749.787354,-0.1937785339,-0.9759528095,0.0998298227,0.0092188128,154.0783688901,1137.3454903082,4.0
35994,0.0,-44.381348,2010.606689,1749.795532,-0.1928833037,-0.9761301353,0.0998298053,0.0095898235,157.6195919008,1140.8632752786,4.0
35995,0.0,-47.724308,2013.052734,1749.741943,-0.192524941,-0.9762008795,0.0998298053,0.0100493126,161.9926406089,1145.5286375432,4.0
35996,0.0,-50.149483,2014.896118,1749.759277,-0.1907699127,-0.9765453652,0.0998298053,0.0102433211,164.0070793,1148.7941514226,4.0
35997,0.0,-52.507446,2016.706055,1749.745361,-0.1898420851,-0.9768118743,0.0989876004,0.0102297891,164.2654113855,1151.3604919909,4.0
35998,0.0,-54.638485,2018.422852,1749.736694,-0.1883147152,-0.9771187952,0.0988758221,0.0101765003,164.0487228885,1152.8328696302,4.0
35999,0.0,-56.793102,2020.234741,1749.743286,-0.1878611286,-0.977206105,0.0988758047,0.0103553641,165.8069994221,1155.1341273777,4.0
36000,0.0,-59.906338,2022.917969,1749.805908,-0.1869972985,-0.9773717745,0.0988758047,0.0106078034,168.2889501838,1158.4643252226,4.0
36001,0.0,-62.079105,2024.841064,1749.850342,-0.1869241517,-0.9773857666,0.0988758047,0.0108810621,170.8173730353,1161.090356685,4.0
36002,0.0,-64.124077,2026.734375,1749.946045,-0.1869241517,-0.9773857666,0.0988758047,0.011104018,172.9124807144,1163.5370776544,4.0
36003,0.0,-66.346252,2028.961304,1750.157837,-0.1869241517,-0.9773857666,0.0988758047,0.0113606824,175.3659132164,1166.7154844271,4.0
36004,0.0,-69.171959,2031.869019,1750.439209,-0.1869241517,-0.9773857666,0.0988758047,0.0116520794,178.1983331483,1170.7272591864,4.0
36005,0.0,-71.260735,2034.062378,1750.555298,-0.1861341815,-0.977619102,0.0980558911,0.0116456229,178.6105253451,1173.7586096753,4.0
36006,0.0,-73.188309,2036.181763,1750.768066,-0.186004652,-0.9776572017,0.0979217306,0.0117485502,179.8503816507,1176.7482762429,4.0
36007,0.0,-75.728943,2039.113647,1751.030151,-0.185093031,-0.977830204,0.0979217132,0.0118535851,181.2736772659,1180.8254416578,4.0
36008,0.0,-77.458778,2041.095703,1751.132812,-0.1850672434,-0.9778350833,0.0979217306,0.0120269733,183.0133275091,1183.5845834201,4.0
36009,0.0,-79.290237,2043.312134,1751.195679,-0.1844225525,-0.9779568788,0.0979217306,0.0121763095,184.6471208112,1186.8498262037,4.0
36010,0.0,-81.777489,2046.350464,1751.21814,-0.1832946928,-0.9781688966,0.0979217306,0.0123565205,186.6569908291,1191.0415691522,4.0
36011,0.0,-83.543007,2048.632324,1751.229858,-0.1831919338,-0.9781881466,0.0979217306,0.0125703615,188.7265720812,1194.0246341749,4.0
36012,0.0,-86.047081,2052.008301,1751.187256,-0.1813453943,-0.9785321572,0.0979217306,0.0125411837,189.318200673,1199.151442052,4.0
36013,0.0,-89.295151,2056.521973,1750.954956,-0.1797457858,-0.9789222374,0.0969675491,0.0123883356,189.1739088384,1205.5604378327,4.0
36014,0.0,-90.4641765,2058.171509,1750.82959,-0.1787282668,-0.9791079764,0.0969675577,0.0123281859,189.0516192104,1207.7071955148,4.0
36015,0.0,-93.165169,2062.102295,1750.427002,-0.1761240761,-0.9796538308,0.0962220436,0.0120649645,187.8244244878,1212.796539133,4.0
36016,0.0,-94.211483,2063.638916,1750.2192995,-0.1750248859,-0.979860409,0.0961176697,0.0119660273,187.3619007164,1214.7896176842,4.0
36017,0.0,-96.795891,2067.373291,1749.786011,-0.1722736669,-0.9803587255,0.0960132958,0.0117390341,186.3407320407,1219.7053312014,4.0
36018,0.0,-98.232307,2069.512939,1749.471191,-0.1687917338,-0.9810271276,0.0953683678,0.0113266607,183.4862280645,1222.5617418345,4.0
36019,0.0,-100.300751,2072.503174,1749.194458,-0.1647927273,-0.9818180256,0.0942163557,0.0108439068,180.1643012495,1226.7086333887,4.0
36020,0.0,-101.691589,2074.610107,1748.897583,-0.1630988614,-0.9821781142,0.0934072446,0.010616786,178.7097357556,1229.680983502,4.0
36021,0.0,-103.792374,2077.388184,1749.005493,-0.1600255818,-0.9827902595,0.0922774026,0.0102838476,176.4831300947,1233.7575388884,4.0
36022,0.0,-105.625763,2079.82251,1749.079224,-0.1580314028,-0.9831205887,0.0921953568,0.0102265135,176.5369605841,1237.5707242167,4.0
36023,0.0,-107.386909,2082.088867,1749.294189,-0.1562390388,-0.9834860213,0.0913488294,0.0101966024,176.7922090055,1241.1672182399,4.0
36024,0.0,-108.971565,2084.09668,1749.497803,-0.1560271242,-0.9835297045,0.0912406537,0.0103735623,178.7645152473,1244.3185735746,4.0
36025,0.0,-110.648567,2086.019531,1749.811523,-0.1554597673,-0.9836195406,0.0912406711,0.0105379417,180.6125863215,1247.3900812013,4.0
36026,0.0,-113.085541,2088.723877,1750.228271,-0.1542990744,-0.9838022848,0.0912406711,0.0107410061,182.9873788769,1251.8520078925,4.0
36027,0.0,-114.74987,2090.706543,1750.375244,-0.1528289289,-0.9840317381,0.0912406537,0.0107995091,183.9728390246,1255.1985346437,4.0
36028,0.0,-116.856461,2092.771729,1750.693237,-0.1502405719,-0.9844912068,0.09058054,0.0106933234,183.6086815849,1258.8848047849,4.0
36029,0.0,-118.893723,2094.677734,1750.825195,-0.1475270691,-0.984928537,0.0902858841,0.0105573732,182.9680105878,1262.5003869961,4.0
36030,0.0,-121.811691,2097.187988,1750.913086,-0.142860405,-0.9857005332,0.0893608615,0.0102468628,180.9958592828,1267.5747483804,4.0
36031,0.0,-122.794548,2098.04541,1750.912231,-0.1400286526,-0.9861094986,0.0893310315,0.0100396867,179.412017833,1269.3145071265,4.0
36032,0.0,-126.01609,2100.394287,1750.889893,-0.132837223,-0.9871788947,0.0884991645,0.0094511646,174.7646563719,1274.1616405366,4.0
36033,0.0,-128.155212,2101.905518,1750.803833,-0.1308862268,-0.987450487,0.0883760794,0.0093512236,174.2842987764,1277.399440038,4.0
36034,0.0,-130.980164,2103.681641,1750.576172,-0.1286079938,-0.987749794,0.088376062,0.0092884156,174.2735346902,1281.611653092,4.0
36035,0.0,-133.141632,2104.946777,1750.413818,-0.1285635331,-0.9877555819,0.088376062,0.0094319222,176.0621204986,1284.9236018621,4.0
36036,0.0,-135.199707,2106.0625,1750.151611,-0.1285635331,-0.9877555819,0.088376062,0.0095688556,177.7898801564,1288.2598049854,4.0
36037,0.0,-138.372543,2107.691406,1749.756592,-0.1285635331,-0.9877555819,0.088376062,0.0097938297,180.5986614604,1293.5678679319,4.0
36038,0.0,-140.698242,2108.820801,1749.577148,-0.1285635331,-0.9877555819,0.088376062,0.0099518764,182.5431041354,1297.1229873353,4.0
36039,0.0,-142.873657,2109.847168,1749.360474,-0.1285635331,-0.9877555819,0.088376062,0.0100904132,184.2740685894,1300.4482587878,4.0
36040,0.0,-146.080124,2111.265625,1749.174561,-0.1285635331,-0.9877555819,0.088376062,0.0103115991,186.9562465012,1305.2221552728,4.0
36041,0.0,-148.236557,2112.260986,1749.084106,-0.1298726455,-0.9875843076,0.0883760794,0.0106181306,190.1710098565,1308.4622674817,4.0
36042,0.0,-151.998749,2113.765625,1749.039551,-0.163653737,-0.9813225216,0.1011116359,0.0122696927,136.8861372786,876.5241686007,1.0
36043,0.0,-154.955322,2115.005859,1749.039551,-0.2211911213,-0.9682489908,0.1164833881,0.0081111587,111.3316196435,875.8798350193,1.0
36044,0.0,-158.156464,2116.142334,1749.037231,-0.2949336785,-0.9460557868,0.1341363989,0.0093386267,119.3399386076,875.2771825354,1.0
36045,0.0,-161.681778,2117.318604,1748.980835,-0.4002338697,-0.9027006284,0.1579380417,0.0239187347,190.1363896262,874.5683199311,1.0
36046,0.0,-163.510513,2118.734863,1748.949097,-0.5032181367,-0.8462528779,0.1750073529,0.0206666078,295.9302734553,1463.1717948833,8.0
36047,0.0,-164.689896,2120.82666,1748.896973,-0.6732264363,-0.7134863299,0.1941736915,0.0450957859,434.4845866413,1463.3346398139,8.0
36048,0.0,-165.636902,2123.103027,1749.034546,-0.7831965134,-0.586806535,0.2055755625,0.095981464,625.6617988289,1463.5594491427,8.0
36049,0.0,-166.551392,2124.784424,1749.104492,-0.8513385851,-0.4764678741,0.2195472124,,,,
36050,0.0,-167.516846,2127.372559,1749.023193,-0.9018530695,-0.358233608,0.2415154717,,,,
36051,0.0,-167.247208,2129.221436,1749.658081,-0.9056503795,-0.3449299192,0.2466186143,,,,
36052,0.0,-166.904282,2132.855713,1750.024414,-0.8731020695,-0.4190835781,0.2491219195,,,,
36053,0.0,-166.741043,2134.114502,1750.177856,-0.8222970348,-0.5164182881,0.239039198,0.1360033379,738.229261834,1466.2023353534,8.0
36054,0.0,-166.511536,2135.6521,1750.403076,-0.7724219068,-0.5913763151,0.2315997665,0.0976995902,632.3022924482,1466.6917009967,8.0
36055,0.0,-166.348572,2137.724854,1750.83728,-0.620813902,-0.7540292157,0.214546128,0.0372465998,396.7230419817,1467.2740614745,8.0
36056,0.0,-166.614243,2139.487305,1750.783569,-0.5210677448,-0.8275039611,0.2091066705,0.0260466185,332.726542174,1467.3824705026,8.0
36057,0.0,-166.59053,2140.832275,1750.996826,-0.256406069,-0.9468874894,0.1940618723,0.0210173772,181.4861764376,889.883801694,1.0
36058,0.0,-164.942947,2143.057861,1751.274658,-0.0338412646,-0.9828465146,0.1812939534,0.0201883904,278.661699918,1393.8450641271,4.0
36059,0.0,-163.912979,2145.395508,1751.4198,0.1151891527,-0.9783765541,0.1717870122,0.026575772,320.4242959413,1399.1757392729,4.0
36060,0.0,-162.267426,2149.203125,1751.67981,0.3698317446,-0.9162444529,0.15401488,0.0922803838,590.1752516589,1406.5948568012,4.0
36061,0.0,-162.236542,2151.891113,1751.635498,0.4511330644,-0.8800966603,0.1480163052,0.1294955142,695.1181698433,1412.3811134602,4.0
36062,0.0,-162.664856,2154.743896,1751.355225,0.4911486684,-0.8589742755,0.1446933988,,,,
36063,0.0,-163.284027,2157.148926,1751.064453,0.5029180716,-0.8521613891,0.144548885,,,,
36064,0.0,-164.032028,2159.784912,1750.692505,0.5169233531,-0.843439016,0.1462903735,,,,
36065,0.0,-164.887802,2162.54541,1750.327271,0.5298665128,-0.8350092101,0.1483276698,,,,
36066,0.0,-165.679184,2164.782471,1750.401367,0.5376413197,-0.8298718578,0.1491794588,,,,
36067,0.0,-166.630875,2167.522217,1750.092651,0.5423954901,-0.8265873591,0.1502014318,,,,
36068,0.0,-167.500702,2169.828613,1749.921509,0.5425472618,-0.826481015,0.1502384788,,,,
36069,0.0,-168.502655,2172.47998,1749.706909,0.5425472618,-0.826481015,0.1502384788,,,,
36070,0.0,-169.563202,2175.166504,1749.56958,0.5425472618,-0.826481015,0.1502384788,,,,
36071,0.0,-170.51207,2177.681885,1749.607422,0.5425472618,-0.826481015,0.1502384788,,,,
36072,0.0,-171.607269,2180.016113,1749.585327,0.5425472618,-0.826481015,0.1502384788,,,,
36073,0.0,-172.837448,2182.554443,1749.897583,0.5425472618,-0.826481015,0.1502384788,,,,
36074,0.0,-174.133881,2184.519043,1750.147339,0.5425472618,-0.826481015,0.1502384788,,,,
36075,0.0,-175.710541,2186.705078,1750.390503,0.5425472618,-0.826481015,0.1502384788,,,,
36076,0.0,-177.352127,2188.69458,1750.647339,0.5425472618,-0.826481015,0.1502384788,,,,
36077,0.0,-179.408524,2190.708496,1750.885254,0.5425472618,-0.826481015,0.1502384788,,,,
36078,0.0,-181.448395,2192.416504,1751.031982,0.5432157032,-0.8260418266,0.1502384788,,,,
36079,0.0,-183.550858,2194.126709,1751.039429,0.5440257705,-0.8255085434,0.150238496,,,,
36080,0.0,-185.779449,2195.789795,1751.015381,0.5448417966,-0.8249701911,0.1502384788,,,,
36081,0.0,-188.178787,2197.438232,1750.948364,0.5449221517,-0.8249171159,0.1502384788,,,,
36082,0.0,-190.297745,2198.779785,1750.89624,0.5449221517,-0.8249171159,0.1502384788,,,,
36083,0.0,-192.710144,2200.191406,1750.767212,0.5449221517,-0.8249171159,0.1502384788,,,,
36084,0.0,-198.610519,2201.294678,1750.701294,0.5449221517,-0.8249171159,0.1502384788,,,,
36085,0.0,-201.312424,2202.643311,1750.701294,0.5449221517,-0.8249171159,0.1502384788,,,,
36086,0.0,-203.773499,2203.791016,1750.701294,0.5449221517,-0.8249171159,0.1502384788,,,,
36087,0.0,-206.465897,2204.972656,1750.701294,0.5449221517,-0.8249171159,0.1502384788,,,,
36088,0.0,-209.269547,2206.131592,1750.701294,0.5449221517,-0.8249171159,0.1502384788,,,,
36089,0.0,-211.673767,2207.072998,1750.701294,0.5449221517,-0.8249171159,0.1502384788,,,,
36090,0.0,-214.647308,2208.181885,1750.701294,0.5449221517,-0.8249171159,0.1502384788,,,,
