timestamp,is_bot,loc_x,loc_y,loc_z,s_x,s_y,s_z,d_a,d_p,d_e,tar
669,0.0,-79.065376,1434.5,1750.701294,1.0,0.0,0.0,,,,
670,0.0,-79.065376,1434.5,1750.701294,1.0,0.0,0.0,,,,
671,0.0,-79.065376,1434.5,1750.701294,1.0,0.0,0.0,,,,
672,0.0,-79.065376,1434.5,1750.701294,1.0,0.0,0.0,,,,
673,0.0,-79.065376,1434.5,1750.701294,1.0,0.0,0.0,,,,
674,0.0,-79.065376,1434.5,1750.701294,1.0,0.0,0.0,,,,
675,0.0,-79.065376,1434.5,1750.701294,1.0,0.0,0.0,,,,
676,0.0,-79.065376,1434.5,1750.701294,1.0,0.0,0.0,,,,
677,0.0,-79.065376,1434.5,1750.701294,1.0,0.0,0.0,,,,
678,0.0,-79.065376,1434.5,1750.701294,1.0,0.0,0.0,,,,
679,0.0,-79.065376,1434.5,1750.701294,1.0,0.0,0.0,,,,
680,0.0,-79.065376,1434.5,1750.701294,0.999982027,0.0,-0.0059954668,,,,
681,0.0,-79.065376,1434.5,1750.701294,0.9999730989,0.0,-0.0073349422,,,,
682,0.0,-79.065376,1434.5,1750.701294,0.9999643226,0.0,-0.0084471011,,,,
683,0.0,-79.065376,1434.5,1750.701294,0.9999524259,0.0,-0.0097542811,,,,
684,0.0,-79.065376,1434.5,1750.701294,0.9999395986,0.0,-0.0109908675,,,,
685,0.0,-79.065376,1434.5,1750.701294,0.9999252905,0.0,-0.0122234755,,,,
686,0.0,-79.065376,1434.5,1750.701294,0.9999223305,0.0,-0.0124632655,,,,
687,0.0,-79.065376,1434.5,1750.701294,0.9999223305,0.0,-0.0124632655,,,,
688,0.0,-79.065376,1434.5,1750.701294,0.9999223305,0.0,-0.0124632655,,,,
689,0.0,-79.065376,1434.5,1750.701294,0.9999223305,0.0,-0.0124632655,,,,
690,0.0,-79.065376,1434.5,1750.701294,0.9999223305,0.0,-0.0124632655,,,,
691,0.0,-79.065376,1434.5,1750.701294,0.9999223305,0.0,-0.0124632655,,,,
692,0.0,-79.065376,1434.5,1750.701294,0.9999223305,0.0,-0.0124632655,,,,
693,0.0,-79.065376,1434.5,1750.701294,0.9999223305,0.0,-0.0124632655,,,,
694,0.0,-79.066559,1434.50354,1750.701294,0.999888225,0.0004136492,-0.0149454484,,,,
695,0.0,-79.06794,1434.507568,1750.701294,0.9998408684,0.0008922276,-0.0178168967,,,,
696,0.0,-79.070618,1434.515381,1750.701294,0.9997636984,0.0018201422,-0.0216618209,,,,
697,0.0,-79.0709,1434.516113,1750.701294,0.9997550491,0.0019170037,-0.0220491915,,,,
698,0.0,-79.0709,1434.516113,1750.701294,0.9997550491,0.0019170037,-0.0220491915,,,,
699,0.0,-79.0709,1434.516113,1750.701294,0.9997550491,0.0019170037,-0.0220491915,,,,
700,0.0,-79.0709,1434.516113,1750.701294,0.9997550491,0.0019170037,-0.0220491915,,,,
701,0.0,-79.0709,1434.516113,1750.701294,0.9997550491,0.0019170037,-0.0220491915,,,,
702,0.0,-79.0709,1434.516113,1750.701294,0.9997550491,0.0019170037,-0.0220491915,,,,
703,0.0,-79.0709,1434.516113,1750.701294,0.9997550491,0.0019170037,-0.0220491915,,,,
704,0.0,-79.0709,1434.516113,1750.701294,0.9997550491,0.0019170037,-0.0220491915,,,,
705,0.0,-79.0709,1434.516113,1750.701294,0.9997550491,0.0019170037,-0.0220491915,,,,
706,0.0,-79.0709,1434.516113,1750.701294,0.9997550491,0.0019170037,-0.0220491915,,,,
707,0.0,-79.0709,1434.516113,1750.701294,0.9997550491,0.0019170037,-0.0220491915,,,,
708,0.0,-79.0709,1434.516113,1750.701294,0.9997550491,0.0019170037,-0.0220491915,,,,
709,0.0,-79.0709,1434.516113,1750.701294,0.9997550491,0.0019170037,-0.0220491915,,,,
710,0.0,-79.0709,1434.516113,1750.701294,0.9997550491,0.0019170037,-0.0220491915,,,,
711,0.0,-79.0709,1434.516113,1750.701294,0.9997550491,0.0019170037,-0.0220491915,,,,
712,0.0,-79.0709,1434.516113,1750.701294,0.9997550491,0.0019170037,-0.0220491915,,,,
713,0.0,-79.0709,1434.516113,1750.701294,0.9997550491,0.0019170037,-0.0220491915,,,,
714,0.0,-79.0709,1434.516113,1750.701294,0.9997550491,0.0019170037,-0.0220491915,,,,
715,0.0,-79.0709,1434.516113,1750.701294,0.9997550491,0.0019170037,-0.0220491915,,,,
716,0.0,-79.0709,1434.516113,1750.701294,0.9997550491,0.0019170037,-0.0220491915,,,,
717,0.0,-79.0709,1434.516113,1750.701294,0.9997550491,0.0019170037,-0.0220491915,,,,
718,0.0,-79.0709,1434.516113,1750.701294,0.9997550491,0.0019170037,-0.0220491915,,,,
719,0.0,-79.0709,1434.516113,1750.701294,0.9997550491,0.0019170037,-0.0220491915,,,,
720,0.0,-79.0709,1434.516113,1750.701294,0.9997550491,0.0019170037,-0.0220491915,,,,
721,0.0,-79.0709,1434.516113,1750.701294,0.9997550491,0.0019170037,-0.0220491915,,,,
722,0.0,-79.0709,1434.516113,1750.701294,0.9997550491,0.0019170037,-0.0220491915,,,,
723,0.0,-79.0709,1434.516113,1750.701294,0.9997550491,0.0019170037,-0.0220491915,,,,
724,0.0,-79.0709,1434.516113,1750.701294,0.9997550491,0.0019170037,-0.0220491915,,,,
725,0.0,-79.0709,1434.516113,1750.701294,0.9997550491,0.0019170037,-0.0220491915,,,,
726,0.0,-79.0709,1434.516113,1750.701294,0.9997550491,0.0019170037,-0.0220491915,,,,
727,0.0,-79.0709,1434.516113,1750.701294,0.9997550491,0.0019170037,-0.0220491915,,,,
728,0.0,-79.0709,1434.516113,1750.701294,0.9997550491,0.0019170037,-0.0220491915,,,,
729,0.0,-79.0709,1434.516113,1750.701294,0.9997550491,0.0019170037,-0.0220491915,,,,
730,0.0,-79.0709,1434.516113,1750.701294,0.9997550491,0.0019170037,-0.0220491915,,,,
731,0.0,-79.0709,1434.516113,1750.701294,0.9997550491,0.0019170037,-0.0220491915,,,,
732,0.0,-79.0709,1434.516113,1750.701294,0.9997550491,0.0019170037,-0.0220491915,,,,
733,0.0,-79.0709,1434.516113,1750.701294,0.9997550491,0.0019170037,-0.0220491915,,,,
734,0.0,-79.0709,1434.516113,1750.701294,0.9997550491,0.0019170037,-0.0220491915,,,,
735,0.0,-79.0709,1434.516113,1750.701294,0.9997550491,0.0019170037,-0.0220491915,,,,
736,0.0,-79.0709,1434.516113,1750.701294,0.9997550491,0.0019170037,-0.0220491915,,,,
737,0.0,-79.0709,1434.516113,1750.701294,0.9997550491,0.0019170037,-0.0220491915,,,,
738,0.0,-79.0709,1434.516113,1750.701294,0.9997550491,0.0019170037,-0.0220491915,,,,
739,0.0,-79.0709,1434.516113,1750.701294,0.9997550491,0.0019170037,-0.0220491915,,,,
740,0.0,-79.0709,1434.516113,1750.701294,0.9997550491,0.0019170037,-0.0220491915,,,,
741,0.0,-79.0709,1434.516113,1750.701294,0.9997550491,0.0019170037,-0.0220491915,,,,
742,0.0,-79.0709,1434.516113,1750.701294,0.9997550491,0.0019170037,-0.0220491915,,,,
743,0.0,-79.0709,1434.516113,1750.701294,0.9997550491,0.0019170037,-0.0220491915,,,,
744,0.0,-79.0709,1434.516113,1750.701294,0.9997550491,0.0019170037,-0.0220491915,,,,
745,0.0,-79.0709,1434.516113,1750.701294,0.9997550491,0.0019170037,-0.0220491915,,,,
746,0.0,-79.0709,1434.516113,1750.701294,0.9997550491,0.0019170037,-0.0220491915,,,,
747,0.0,-79.0709,1434.516113,1750.701294,0.9997550491,0.0019170037,-0.0220491915,,,,
748,0.0,-79.0709,1434.516113,1750.701294,0.9997550491,0.0019170037,-0.0220491915,,,,
749,0.0,-79.0709,1434.516113,1750.701294,0.9997550491,0.0019170037,-0.0220491915,,,,
750,0.0,-79.073242,1434.522827,1750.701294,0.9997706799,0.0027257953,-0.0212404733,,,,
751,0.0,-79.097809,1434.591919,1750.701172,0.99987291,0.0109752469,-0.0115632118,,,,
752,0.0,-79.120392,1434.652344,1750.701294,0.9998290501,0.0182425875,-0.003013062,,,,
753,0.0,-79.14949,1434.726318,1750.701172,0.9995816766,0.0272160314,0.009785678,,,,
754,0.0,-79.182869,1434.806274,1750.701294,0.9990372906,0.0370387221,0.0235079778,,,,
755,0.0,-79.184029,1434.80896,1750.701294,0.9990140174,0.0373713329,0.0239661547,,,,
756,0.0,-79.184029,1434.80896,1750.701294,0.9990140174,0.0373713329,0.0239661547,,,,
757,0.0,-79.184029,1434.80896,1750.701294,0.9990140174,0.0373713329,0.0239661547,,,,
758,0.0,-79.184029,1434.80896,1750.701294,0.9990140174,0.0373713329,0.0239661547,,,,
759,0.0,-79.184029,1434.80896,1750.701294,0.9990140174,0.0373713329,0.0239661547,,,,
760,0.0,-79.184029,1434.80896,1750.701294,0.9990140174,0.0373713329,0.0239661547,,,,
761,0.0,-79.184029,1434.80896,1750.701294,0.9990140174,0.0373713329,0.0239661547,,,,
762,0.0,-79.184029,1434.80896,1750.701294,0.9990140174,0.0373713329,0.0239661547,,,,
763,0.0,-79.184029,1434.80896,1750.701294,0.9990140174,0.0373713329,0.0239661547,,,,
764,0.0,-79.184029,1434.80896,1750.701294,0.9990140174,0.0373713329,0.0239661547,,,,
765,0.0,-79.184029,1434.80896,1750.701294,0.9990140174,0.0373713329,0.0239661547,,,,
766,0.0,-79.184029,1434.80896,1750.701294,0.9989735081,0.0373698175,0.0256013048,,,,
767,0.0,-79.188858,1434.820068,1750.701294,0.9988766906,0.0387527546,0.0272686806,,,,
768,0.0,-79.193588,1434.831055,1750.701294,0.9987861566,0.0400940945,0.0286125304,,,,
769,0.0,-79.187874,1434.817871,1750.701294,0.9988710495,0.0384683103,0.0278714103,,,,
770,0.0,-79.178192,1434.79541,1750.701294,0.9989763245,0.0356857479,0.0277998271,,,,
771,0.0,-79.166367,1434.767334,1750.701294,0.9990935825,0.0322363614,0.0277998271,,,,
772,0.0,-79.157822,1434.746704,1750.701294,0.9991719925,0.0297068857,0.0277998271,,,,
773,0.0,-79.154533,1434.738525,1750.701294,0.9992007383,0.0287237742,0.0277998097,,,,
774,0.0,-79.148293,1434.723267,1750.701294,0.9992528724,0.0268489605,0.0277998271,,,,
775,0.0,-79.148247,1434.723267,1750.701294,0.999253353,0.0268310668,0.0277998271,,,,
776,0.0,-79.148247,1434.723267,1750.701294,0.999253353,0.0268310668,0.0277998271,,,,
777,0.0,-79.148247,1434.723267,1750.701294,0.999253353,0.0268310668,0.0277998271,,,,
778,0.0,-79.148247,1434.723267,1750.701294,0.999253353,0.0268310668,0.0277998271,,,,
779,0.0,-79.148247,1434.723267,1750.701294,0.999253353,0.0268310668,0.0277998271,,,,
780,0.0,-79.148247,1434.723267,1750.701294,0.999253353,0.0268310668,0.0277998271,,,,
781,0.0,-79.148247,1434.723267,1750.701294,0.999253353,0.0268310668,0.0277998271,,,,
782,0.0,-79.148247,1434.723267,1750.701294,0.999253353,0.0268310668,0.0277998271,,,,
783,0.0,-78.9879,1434.727539,1750.701294,0.999253353,0.0268310668,0.0277998271,,,,
784,0.0,-78.9879,1434.727539,1750.701294,0.999253353,0.0268310668,0.0277998271,,,,
785,0.0,-78.9879,1434.727539,1750.701294,0.999253353,0.0268310668,0.0277998271,,,,
786,0.0,-78.256813,1434.74707,1750.701294,0.999253353,0.0268310668,0.0277998271,,,,
787,0.0,-77.822201,1434.758911,1750.701294,0.999253353,0.0268310668,0.0277998271,,,,
788,0.0,-77.387589,1434.770752,1750.701294,0.999253353,0.0268310668,0.0277998271,,,,
789,0.0,-75.450668,1434.822754,1750.701294,0.999253353,0.0268310668,0.0277998271,,,,
790,0.0,-73.951675,1434.863159,1750.701294,0.999253353,0.0268310668,0.0277998271,,,,
791,0.0,-72.472237,1434.90271,1750.701294,0.999253353,0.0268310668,0.0277998271,,,,
792,0.0,-70.448357,1434.957031,1750.701294,0.999253353,0.0268310668,0.0277998271,,,,
793,0.0,-68.617813,1435.006226,1750.701294,0.999253353,0.0268310668,0.0277998271,,,,
794,0.0,-66.655586,1435.059082,1750.701294,0.999253353,0.0268310668,0.0277998271,,,,
795,0.0,-64.485825,1435.117432,1750.701294,0.999253353,0.0268310668,0.0277998271,,,,
796,0.0,-61.746227,1435.191162,1750.701294,0.999253353,0.0268310668,0.0277998271,,,,
1117,0.0,251.948624,1794.854492,1737.03125,-0.6225789227,-0.7740773443,0.1148901654,,,,
1118,0.0,251.891678,1794.783691,1737.03125,-0.6225789227,-0.7740773443,0.1148901654,,,,
1119,0.0,251.835632,1794.713989,1737.03125,-0.6225789227,-0.7740773443,0.1148901654,,,,
1120,0.0,251.6831055,1794.7771605,1737.03125,-0.6208352444,-0.7755403575,0.1144349828,,,,
1121,0.0,251.30867,1794.940796,1737.03125,-0.6176934842,-0.7781214277,0.1139377171,,,,
1122,0.0,251.164192,1795.0109255,1737.03125,-0.6166499297,-0.7789475524,0.1139377171,,,,
1123,0.0,250.798706,1795.196411,1737.03125,-0.6139326232,-0.7810921373,0.1139377344,,,,
1124,0.0,250.6652605,1795.2705075,1737.03125,-0.6119965288,-0.78263962,0.1137069811,,,,
1125,0.0,250.324768,1795.466797,1737.03125,-0.6068023337,-0.7867701843,0.1130646053,,,,
1126,0.0,250.078659,1795.620972,1737.03125,-0.6045165726,-0.7885391976,0.112985164,,,,
1127,0.0,249.836304,1795.782471,1737.03125,-0.6025340488,-0.790055105,0.1129851814,,,,
1128,0.0,249.593506,1795.954834,1737.03125,-0.6016400759,-0.7907360899,0.1129851987,,,,
1129,0.0,249.432861,1796.074341,1737.03125,-0.6016337563,-0.7907409007,0.1129851814,,,,
1130,0.0,249.203369,1796.254272,1737.03125,-0.6016337563,-0.7907409007,0.1129851814,,,,
1131,0.0,248.990173,1796.431274,1737.03125,-0.6016337563,-0.7907409007,0.1129851814,,,,
1132,0.0,248.779343,1796.616089,1737.03125,-0.601060385,-0.7911768187,0.1129851987,,,,
1133,0.0,248.558777,1796.820679,1737.03125,-0.6002423176,-0.791797644,0.1129851814,,,,
1134,0.0,248.368561,1797.007202,1737.03125,-0.5976562007,-0.7936436981,0.1137398176,,,,
1135,0.0,248.17305,1797.209229,1737.031128,-0.5936233186,-0.7965817277,0.1143193194,,,,
1136,0.0,247.974258,1797.426636,1737.03125,-0.5891266663,-0.7998407261,0.1148241431,,,,
1137,0.0,247.773788,1797.65918,1737.03125,-0.5817635094,-0.8049397597,0.1167184751,,,,
1138,0.0,247.636566,1797.826904,1737.03125,-0.5774288273,-0.8079418133,0.117498833,,,,
1139,0.0,247.534714,1797.994507,1737.03125,-0.5748958634,-0.809710084,0.1177468732,,,,
1140,0.0,247.647675,1798.056641,1737.03125,-0.5701170644,-0.8129439606,0.1186956185,0.1495514092,1017.8087010928,1934.7835774527,6.0
1141,0.0,247.715759,1798.093018,1737.03125,-0.5671191007,-0.8149425586,0.1193505419,0.147791846,1012.3060578637,1934.8250564756,6.0
1142,0.0,247.861755,1798.166992,1737.03125,-0.5603761047,-0.8195500682,0.1196507707,0.1436903313,999.308896442,1934.9099920524,6.0
1143,0.0,247.965881,1798.21167,1737.03125,-0.5549615971,-0.8231234846,0.12035512,0.1405402146,989.1593462888,1934.9625215773,6.0
1144,0.0,248.08078,1798.296631,1737.03125,-0.5506261598,-0.8259400682,0.1209703928,0.1380573031,981.0844519882,1935.0560313016,6.0
1145,0.0,248.20546,1798.410156,1737.03125,-0.5468294637,-0.8283761151,0.1215341499,0.1359092043,974.0450783056,1935.1787669982,6.0
1146,0.0,248.282242,1798.48999,1737.03125,-0.5448985591,-0.8295452787,0.1222300736,0.1348955275,970.7125167217,1935.2642428964,6.0
1147,0.0,248.372406,1798.613403,1737.03125,-0.5441651395,-0.8299859179,0.1225058246,0.1345008266,969.4589817601,1935.3941832591,6.0
2422,0.0,1270.821899,1380.757202,1774.156494,-0.0801198063,-0.9927052556,0.0900949063,,,,
2428,0.0,1274.768311,1372.06897,1769.753052,-0.0801198063,-0.9927052556,0.0900949063,,,,
2429,0.0,1275.339844,1366.846558,1771.468262,-0.0801198063,-0.9927052556,0.0900949063,,,,
2430,0.0,1275.599121,1364.081787,1772.529419,-0.0801198063,-0.9927052556,0.0900949063,,,,
2431,0.0,1275.841187,1360.083252,1773.755493,-0.0801198063,-0.9927052556,0.0900949063,,,,
2432,0.0,1276.062744,1356.134521,1773.714478,-0.0801198063,-0.9927052556,0.0900949063,,,,
2433,0.0,1276.20105,1353.206787,1773.688843,-0.0801198063,-0.9927052556,0.0900949063,,,,
2434,0.0,1276.301147,1349.830688,1773.670288,-0.0801198063,-0.9927052556,0.0900949063,,,,
2435,0.0,1276.379395,1346.305176,1773.656006,-0.0801198063,-0.9927052556,0.0900949063,,,,
2436,0.0,1276.447144,1342.109131,1773.643433,-0.0801198063,-0.9927052556,0.0900949063,,,,
2437,0.0,1276.468994,1339.529175,1773.639038,-0.0801198063,-0.9927052556,0.0900949063,,,,
2438,0.0,1276.460205,1335.786865,1773.639771,-0.0801198063,-0.9927052556,0.0900949063,,,,
2439,0.0,1276.435669,1331.783813,1773.644531,-0.0801198063,-0.9927052556,0.0900949063,,,,
2440,0.0,1276.382812,1328.254883,1773.655273,-0.0801198063,-0.9927052556,0.0900949063,,,,
2441,0.0,1276.324585,1325.125732,1773.656372,-0.0801198063,-0.9927052556,0.0900949063,,,,
2442,0.0,1276.230469,1321.463379,1774.409912,-0.0801198063,-0.9927052556,0.0900949063,,,,
2443,0.0,1276.143677,1318.394165,1775.418213,-0.0801198063,-0.9927052556,0.0900949063,,,,
2444,0.0,1276.021362,1314.55249,1775.768311,-0.0801198063,-0.9927052556,0.0900949063,,,,
2445,0.0,1275.888306,1311.060303,1775.701294,-0.0801198063,-0.9927052556,0.0900949063,,,,
2446,0.0,1275.773071,1308.192383,1775.701294,-0.0801198063,-0.9927052556,0.0900949063,,,,
2447,0.0,1275.604858,1304.20813,1775.701294,-0.0801198063,-0.9927052556,0.0900949063,,,,
2448,0.0,1275.423218,1300.391113,1775.701294,-0.0801198063,-0.9927052556,0.0900949063,,,,
2449,0.0,1275.238525,1296.661011,1775.701294,-0.0801198063,-0.9927052556,0.0900949063,,,,
2450,0.0,1277.570068,1291.987305,1773.505615,-0.0801198063,-0.9927052556,0.0900949063,,,,
2451,0.0,1277.398193,1288.007935,1773.509399,-0.0801198063,-0.9927052556,0.0900949063,,,,
2452,0.0,1277.284546,1285.305298,1773.52478,-0.0801198063,-0.9927052556,0.0900949063,,,,
2453,0.0,1277.314087,1281.784546,1773.314209,-0.0801198063,-0.9927052556,0.0900949063,,,,
2454,0.0,1277.036133,1278.321045,1772.172119,-0.0801198063,-0.9927052556,0.0900949063,,,,
2455,0.0,1276.80481,1272.246948,1771.299927,-0.0801198063,-0.9927052556,0.0900949063,0.0231522915,510.7074018414,2387.1986214474,6.0
2456,0.0,1276.706543,1269.9382935,1770.9728395,-0.0801198063,-0.9927052556,0.0900949063,0.023125297,509.915748188,2384.8717228795,6.0
2457,0.0,1276.621948,1264.707642,1770.484131,-0.0801198063,-0.9927052556,0.0900949063,0.0230007056,507.4100137277,2379.4971951891,6.0
2458,0.0,1276.474121,1262.6898805,1770.0419925,-0.0801198063,-0.9927052556,0.0900949063,0.0228899283,505.7302133364,2377.2868897649,6.0
2459,0.0,1276.334229,1257.453369,1769.19751,-0.0801198063,-0.9927052556,0.0900949063,0.0225554539,500.8176107897,2371.3827132672,6.0
2460,0.0,1276.2120975,1255.786926,1768.765137,-0.0801198063,-0.9927052556,0.0900949063,0.0223777165,498.4261951653,2369.3178072258,6.0
2461,0.0,1276.042847,1250.94397,1767.660645,-0.0801198063,-0.9927052556,0.0900949063,0.021974781,492.7705955273,2363.5597991076,6.0
2462,0.0,1275.9866335,1248.607117,1767.0715335,-0.0801198063,-0.9927052556,0.0900949063,0.0217807518,490.0294273807,2360.7535194975,6.0
2463,0.0,1275.93042,1246.270264,1766.482422,-0.0801198063,-0.9927052556,0.0900949063,0.0215867226,487.2882592341,2357.9472398874,6.0
2464,0.0,1275.855591,1239.932861,1764.506836,-0.0801198063,-0.9927052556,0.0900949063,0.0210590142,479.7898830577,2350.2585742943,6.0
2465,0.0,1275.595215,1236.391968,1763.609253,-0.0801198063,-0.9927052556,0.0900949063,0.0207956026,475.8969967469,2345.7508698103,6.0
2466,0.0,1275.459229,1233.407837,1762.617798,-0.0801198063,-0.9927052556,0.0900949063,0.0206266539,473.2517102351,2342.1458836206,6.0
2467,0.0,1275.21936,1229.410767,1761.085449,-0.0801198063,-0.9927052556,0.0900949063,0.0203554417,469.1578830155,2337.1422290382,6.0
2468,0.0,1274.944824,1225.650879,1759.544189,-0.0801198063,-0.9927052556,0.0900949063,0.0200730722,464.96725932,2332.3346713371,6.0
2469,0.0,1274.733032,1222.742188,1758.889893,-0.0801198063,-0.9927052556,0.0900949063,0.0198982091,462.2302764997,2328.6683237725,6.0
2470,0.0,1274.393433,1218.654907,1757.621216,-0.0801198063,-0.9927052556,0.0900949063,0.019598899,457.7173387442,2323.2981543647,6.0
2471,0.0,1274.127319,1215.583496,1756.836548,-0.0801198063,-0.9927052556,0.0900949063,0.0193665925,454.2098791479,2319.1450866154,6.0
2472,0.0,1273.792114,1211.94751,1755.936523,-0.0801198063,-0.9927052556,0.0900949063,0.0191574802,450.8705898928,2314.5029576819,6.0
2473,0.0,1273.451172,1208.712036,1755.221191,-0.0782570201,-0.9928538395,0.0900949063,0.0192500466,451.1294268838,2310.3109512564,6.0
2474,0.0,1272.794434,1204.56604,1754.680298,-0.0746614553,-0.9930515597,0.0909629968,0.019623532,454.3249520937,2304.6454466859,6.0
2475,0.0,1272.690674,1201.741699,1753.825317,-0.0723443581,-0.9932151031,0.0910497273,0.0198039662,455.6425025226,2300.8804158211,6.0
2476,0.0,1272.055786,1197.856812,1753.367798,-0.0675729363,-0.9934779292,0.0918449914,0.020394886,461.2593049301,2295.5947096834,6.0
2477,0.0,1271.85498,1194.32019,1752.455566,-0.0620759091,-0.9937785346,0.0924705665,0.0210843087,467.9028668993,2290.6692032107,6.0
2478,0.0,1271.470459,1191.289062,1751.937012,-0.0584388455,-0.993965435,0.0928311124,0.0215421587,472.0758902161,2286.671661337,6.0
2479,0.0,1270.961792,1186.784058,1751.035156,-0.0429680157,-0.9947864802,0.0924857205,0.0238416456,495.0156869337,2280.5519861884,6.0
2480,0.0,1270.792969,1184.168457,1750.424805,-0.0323704069,-0.99522049,0.0921321494,0.0255545593,511.4706711075,2277.004916574,6.0
2481,0.0,1270.262817,1180.084229,1749.533203,-0.0048480244,-0.9959702903,0.0895526517,0.0304581513,556.3281069155,2271.4157125455,6.0
2482,0.0,1270.111694,1176.346436,1748.49231,0.0242182043,-0.9958041214,0.0882475513,0.036609981,607.5966616848,2266.2735900532,6.0
2483,0.0,1270.158569,1173.595459,1747.742188,0.0370323157,-0.9954154918,0.0881850687,0.0395423439,629.942196322,2262.5113300167,6.0
2484,0.0,1269.866333,1169.870972,1746.46582,0.0426050536,-0.9951925442,0.0881850861,0.0405485022,636.2162909705,2257.0964536536,6.0
2485,0.0,1269.498169,1166.893555,1745.236694,0.0437240144,-0.9951440103,0.0881850861,0.0405437314,635.0188353501,2252.9780537759,6.0
2486,0.0,1268.869629,1163.093506,1743.575562,0.0441067096,-0.9951271234,0.0881850687,0.0401997784,630.8235963585,2247.4508311497,6.0
2487,0.0,1267.960327,1160.015869,1742.109131,0.0441067096,-0.9951271234,0.0881850687,0.0397302262,625.8389167066,2242.5602767798,6.0
2488,0.0,1267.12793,1157.09436,1741.224365,0.0441067096,-0.9951271234,0.0881850687,0.0393997447,622.0912419952,2238.2719685556,6.0
2489,0.0,1265.859131,1153.39917,1739.582397,0.0441067096,-0.9951271234,0.0881850687,0.0388743675,616.4048289489,2232.4495645368,6.0
2490,0.0,1264.99231,1151.411865,1738.549316,0.0441067096,-0.9951271234,0.0881850687,0.0384971198,612.4861245266,2228.8849928418,6.0
2491,0.0,1263.377075,1147.598145,1737.543701,0.0441067096,-0.9951271234,0.0881850687,0.0379900303,606.8628392406,2222.8242179393,6.0
2492,0.0,1261.925049,1144.618042,1736.270264,0.0441067096,-0.9951271234,0.0881850687,0.0374712533,601.3530306559,2217.5446900539,6.0
2493,0.0,1261.124878,1142.998169,1735.855591,0.0441067096,-0.9951271234,0.0881850687,0.0371726348,598.1676849855,2214.4721491501,6.0
2494,0.0,1259.205444,1139.15564,1734.850342,0.0441067096,-0.9951271234,0.0881850687,0.0366156116,592.0168514388,2207.9958666357,6.0
2495,0.0,1257.723022,1135.904175,1734.177734,0.0441067096,-0.9951271234,0.0881850687,0.0361512853,586.8241540543,2202.3791930795,6.0
2496,0.0,1255.193115,1129.493408,1733.352539,0.0506597532,-0.9947501326,0.0889143582,0.0370291283,590.8611624987,2191.5771956853,6.0
2497,0.0,1254.635925,1127.739441,1732.9901735,0.0612898273,-0.9940087015,0.0898654859,0.039622408,609.5894677027,2188.5616898439,6.0
2498,0.0,1254.078735,1125.985474,1732.627808,0.0719199015,-0.9932672704,0.0908166136,0.0422156877,628.3177729067,2185.5461840026,6.0
2499,0.0,1253.199951,1122.575562,1732.121216,0.1026532404,-0.9902221985,0.0944579788,0.050813485,686.0286546781,2179.8472706514,6.0
2500,0.0,1251.996704,1115.923828,1731.12915,0.1726867917,-0.9800483123,0.0984102509,0.0734217293,815.6908763965,2168.80233014,6.0
2501,0.0,1251.811035,1114.0736085,1730.7653195,0.2075991748,-0.9724887902,0.0994536371,0.0804694323,751.4904911309,1924.3730953232,4.5
2502,0.0,1251.625366,1112.223389,1730.401489,0.2425115579,-0.9649292682,0.1004970233,0.0875171353,687.2901058653,1679.9438605063,3.0
2503,0.0,1251.533691,1106.401978,1728.838745,0.3427554194,-0.9340234392,0.1005929294,0.052799638,535.3033218191,1669.4720220078,3.0
2504,0.0,1251.052368,1102.719727,1727.672607,0.3952964185,-0.9131167759,0.0997922598,0.0380949038,454.6584905543,1663.0789543655,3.0
2505,0.0,1250.771484,1099.91687,1726.694946,0.4285823939,-0.8981261311,0.0984204463,0.0300691202,403.4297405348,1657.6088487877,3.0
2506,0.0,1250.146729,1096.847168,1725.885132,0.4533529629,-0.8860073865,0.0972728232,0.0248613449,366.2624112239,1652.8416429676,3.0
2507,0.0,1249.791382,1093.170654,1724.207764,0.4813737969,-0.8712373933,0.0960451572,0.0196297885,324.6027889496,1646.3464977895,3.0
2508,0.0,1249.230225,1090.015259,1722.904907,0.502145351,-0.8594580309,0.095822438,0.0163852067,295.7740431073,1640.6102721916,3.0
2509,0.0,1248.602661,1087.053467,1722.128906,0.5112048024,-0.854100529,0.0958224206,0.0152697184,284.654180263,1635.1263027469,3.0
2510,0.0,1248.028442,1083.738892,1720.459229,0.5175877293,-0.8502476147,0.0958224206,0.0145311229,276.776806446,1629.4782370534,3.0
2511,0.0,1247.333374,1080.386841,1719.544434,0.5207657275,-0.8483048513,0.0958224206,0.0143297855,273.9097336967,1623.8056970461,3.0
2512,0.0,1246.628418,1077.244507,1718.684692,0.5212004436,-0.8480378301,0.0958224206,0.0145127668,274.7206455695,1618.3879654188,3.0
2513,0.0,1245.897217,1073.789795,1717.819824,0.5224061591,-0.8472956245,0.0958223859,0.0146260291,274.6913037075,1611.9832789651,3.0
2514,0.0,1245.2052,1070.649414,1717.03064,0.5234217682,-0.8466685988,0.0958224206,0.0147128121,274.6531548602,1607.0340490602,3.0
2515,0.0,1244.493164,1067.244873,1716.382812,0.5268887574,-0.8444288995,0.0965819394,0.0145603308,272.2815243094,1601.4161528414,3.0
2516,0.0,1243.833374,1063.941162,1715.821777,0.5322716878,-0.8410238516,0.096776709,,,,
2517,0.0,1243.120117,1060.596558,1715.163574,0.5364132627,-0.8383883846,0.0967766916,,,,
2518,0.0,1242.267578,1056.476562,1714.44873,0.5428904439,-0.8342087475,0.096776709,,,,
2519,0.0,1241.650635,1053.485718,1713.5896,0.5501274343,-0.8294540843,0.0967766916,,,,
2683,0.0,868.769714,702.553589,1713.333984,0.4924629756,0.8687360238,0.0527061525,,,,
2684,0.0,868.773315,702.559875,1713.4375,0.4924629756,0.8687360238,0.0527061525,,,,
2685,0.0,868.838257,702.6745,1713.448975,0.4924629756,0.8687360238,0.0527061525,,,,
2686,0.0,868.91156,702.803772,1713.441162,0.4924629756,0.8687360238,0.0527061525,,,,
2687,0.0,866.499084,703.717468,1715.03833,0.4808999369,0.8750548503,0.0549022732,,,,
2688,0.0,863.101074,705.13501,1717.305908,0.439414529,0.8964742701,0.0569978483,,,,
2689,0.0,860.350159,706.445618,1719.107178,0.4088352971,0.9107554894,0.058121754,,,,
2690,0.0,856.421875,708.455627,1721.506714,0.3060113647,0.9502319081,0.058449684,,,,
2691,0.0,852.836426,709.907288,1723.574463,0.1862136366,0.9807691451,0.058449684,,,,
2692,0.0,849.147461,711.467651,1725.648438,0.026992487,0.997925368,0.058449684,,,,
2693,0.0,845.394958,713.193787,1727.595093,-0.1307292379,0.9896936399,0.058449684,,,,
2694,0.0,841.078369,714.683472,1729.051025,-0.2959665662,0.9534527962,0.0577196431,,,,
2695,0.0,832.180725,716.418152,1732.078979,-0.512233862,0.8569824183,0.0565473735,,,,
2696,0.0,828.636841,716.507568,1733.824219,-0.6108826823,0.7897500963,0.0558312984,,,,
2697,0.0,825.3349,716.217529,1735.246826,-0.6968136136,0.7150956981,0.0555781481,,,,
2698,0.0,821.650635,716.084412,1737.069092,-0.7591068054,0.6486175276,0.0552463655,,,,
2699,0.0,816.482666,716.063904,1740.036987,-0.8065818282,0.5885913164,0.0546444568,,,,
2700,0.0,813.331116,716.004333,1742.035522,-0.8202137675,0.5695213597,0.053803313,,,,
2701,0.0,809.823303,715.941711,1744.426514,-0.8227160001,0.5659139578,0.0536635398,,,,
2702,0.0,806.609558,715.889404,1746.61145,-0.8222648017,0.566569343,0.0536635398,,,,
2703,0.0,802.918518,715.798645,1749.135864,-0.8188669317,0.5712872836,0.0555678666,,,,
2704,0.0,797.198181,715.668945,1752.972168,-0.8159846625,0.5750584294,0.0589646786,,,,
2705,0.0,792.475525,715.603638,1756.174316,-0.8142891001,0.5772279818,0.0611646832,,,,
2706,0.0,789.392029,715.326721,1758.240479,-0.8136464601,0.5779521357,0.0628551259,,,,
2707,0.0,786.521912,715.311768,1760.124878,-0.8134990733,0.578079873,0.0635839457,,,,
2708,0.0,782.160889,715.083069,1762.937622,-0.8134724345,0.5780609432,0.0640948066,,,,
2709,0.0,778.510071,714.767456,1764.949585,-0.8134673798,0.5780573513,0.0641912813,,,,
2710,0.0,775.06488,714.691467,1765.633667,-0.8134673798,0.5780573513,0.0641912813,,,,
2711,0.0,771.449707,714.436584,1765.398804,-0.8134673798,0.5780573513,0.0641912813,,,,
2712,0.0,766.903442,714.118774,1765.224487,-0.8134673798,0.5780573513,0.0641912813,,,,
2713,0.0,763.688416,713.924866,1765.021484,-0.8116217826,0.5807351059,0.0633783775,,,,
2714,0.0,760.871033,713.780701,1764.863159,-0.8049879745,0.5899911084,0.0624888221,,,,
2715,0.0,756.85498,713.569458,1764.515015,-0.7969264976,0.6009322471,0.0615515382,,,,
2716,0.0,753.097412,713.327637,1764.430786,-0.783268842,0.618011251,0.0674686207,,,,
2717,0.0,749.935974,713.028076,1764.047241,-0.7534349828,0.6508583866,0.0933760529,,,,
2718,0.0,746.468689,712.118835,1763.873169,-0.7069584884,0.6956820211,0.1274214317,,,,
2719,0.0,742.966553,711.269836,1763.784668,-0.6666375259,0.7292984811,0.15400693,,,,
2720,0.0,740.044189,710.442932,1763.638916,-0.6311677387,0.7568793511,0.1695904876,,,,
2721,0.0,735.97345,709.327026,1763.220215,-0.5870579768,0.7880079831,0.1854894889,,,,
2722,0.0,732.464172,708.323059,1762.271118,-0.5680800984,0.8006498686,0.1903806444,,,,
2723,0.0,729.936829,707.376526,1762.100342,-0.5656957029,0.80224551,0.1907629769,,,,
2724,0.0,726.549194,706.19873,1760.148682,-0.5656957029,0.80224551,0.1907629769,,,,
2725,0.0,723.881042,704.879395,1759.023071,-0.5709269269,0.8003268554,0.1830829554,,,,
2726,0.0,721.615417,703.912659,1756.625488,-0.5763331603,0.7985737829,0.1735511498,,,,
2727,0.0,720.482056,703.196289,1755.365234,-0.5854516752,0.7946004458,0.1607994639,,,,
2728,0.0,720.094849,702.49939,1753.361938,-0.5962049632,0.7891952688,0.1473447303,,,,
2729,0.0,719.829224,701.974487,1751.781982,-0.6071804732,0.7830872258,0.13455954,,,,
2730,0.0,720.112244,701.352722,1749.535278,-0.6159490501,0.7784107979,0.1211750692,,,,
2731,0.0,720.639893,700.574951,1747.664185,-0.616867059,0.7789837196,0.1125139819,,,,
2732,0.0,720.696045,700.427795,1746.855835,-0.6159326012,0.7808366224,0.1045045444,,,,
2733,0.0,719.800903,702.055298,1747.911133,-0.6129618049,0.7837182402,0.1003172252,,,,
2734,0.0,720.121521,702.150818,1748.092163,-0.5974121818,0.7970251227,0.0885981879,,,,
2735,0.0,720.236572,702.134827,1748.018311,-0.5645122831,0.8212762852,0.0826507445,,,,
2736,0.0,720.415405,702.197876,1748.160278,-0.5292673044,0.8449208706,0.077361767,,,,
2737,0.0,720.926392,702.220215,1748.493164,-0.4690577071,0.87991829,0.0756879797,,,,
2738,0.0,720.493469,702.428467,1748.424927,-0.4375003357,0.8963442126,0.0718366821,,,,
2739,0.0,720.625,702.449463,1748.509644,-0.3881699579,0.9192400562,0.0657404197,,,,
2740,0.0,720.794495,702.3974,1748.554565,-0.3568728561,0.9322622792,0.0594037655,,,,
2741,0.0,721.205383,702.207703,1748.949341,-0.3408273657,0.9384983044,0.0552959267,,,,
2742,0.0,721.438416,702.074463,1749.199951,-0.3344206015,0.9408948325,0.0536635398,,,,
2743,0.0,721.500549,702.032104,1749.27478,-0.3344206015,0.9408948325,0.0536635398,,,,
2744,0.0,721.665161,701.944946,1749.487915,-0.3340121456,0.9410399094,0.0536635398,,,,
2745,0.0,721.040588,702.229614,1749.455933,-0.3336556169,0.9411663794,0.0536635398,,,,
2746,0.0,721.18219,702.188171,1749.775635,-0.3335183868,0.941215018,0.0536635398,,,,
2747,0.0,721.219269,702.1705625,1749.8321535,-0.3365585856,0.9401266486,0.0536635398,,,,
2748,0.0,721.256348,702.152954,1749.888672,-0.3395987845,0.9390382793,0.0536635398,,,,
2749,0.0,721.409851,702.055115,1750.099609,-0.3484815393,0.9354411184,0.0592497327,,,,
2750,0.0,721.51886,701.999634,1750.300293,-0.361574291,0.9293251329,0.0749588513,,,,
2751,0.0,721.485718,702.093567,1750.389282,-0.3653538033,0.9269511857,0.0853117683,,,,
2752,0.0,720.289734,702.877686,1750.07251,-0.3679959098,0.925343079,0.0912096295,,,,
2753,0.0,720.281921,702.990356,1750.103638,-0.3706723128,0.9237541802,0.0963340596,,,,
2754,0.0,720.247192,703.022583,1750.086182,-0.37361252,0.9219846704,0.1017740268,,,,
2755,0.0,720.285156,703.145935,1750.138062,-0.3769422462,0.9196579615,0.1101988062,,,,
2756,0.0,720.356812,703.294861,1750.342896,-0.3794990799,0.9176316477,0.1180364666,,,,
2757,0.0,720.307983,703.351257,1750.290161,-0.3809959685,0.9161412043,0.1246088512,,,,
2758,0.0,720.395935,703.383301,1750.427979,-0.3822284234,0.915232238,0.1274809121,,,,
2759,0.0,720.440979,703.403381,1750.498535,-0.3834612648,0.9143717588,0.1299297698,,,,
2760,0.0,720.906677,703.647278,1750.480347,-0.384369261,0.9138304328,0.1310504152,,,,
2761,0.0,721.210999,703.872742,1750.340454,-0.3858950373,0.9129336585,0.1328049522,,,,
2762,0.0,721.387634,703.892761,1750.459595,-0.3867390631,0.9124345149,0.133776504,,,,
2763,0.0,720.975708,703.934265,1750.413818,-0.3855014828,0.9129376785,0.1339156523,,,,
2764,0.0,721.172058,704.061829,1750.58606,-0.3838757879,0.913622448,0.1339156523,,,,
2765,0.0,720.986816,704.408936,1751.351562,-0.3816249564,0.9145649188,0.1339156523,,,,
2766,0.0,720.598267,704.52948,1751.697876,-0.3798230936,0.9150455916,0.1357423401,,,,
2767,0.0,720.571777,704.673462,1753.987183,-0.3796592547,0.914841805,0.1375620665,,,,
2768,0.0,720.582214,704.876953,1755.301514,-0.3796512166,0.9148221203,0.1377150754,,,,
2769,0.0,720.550293,704.926147,1757.676147,-0.3796512166,0.9148221203,0.1377150754,,,,
2770,0.0,720.491699,705.114624,1759.604126,-0.3796512166,0.9148221203,0.1377150754,,,,
2771,0.0,720.404297,704.976379,1761.130127,-0.3796512166,0.9148221203,0.1377150754,,,,
2772,0.0,720.309814,705.226807,1762.328735,-0.3796512166,0.9148221203,0.1377150754,,,,
2773,0.0,720.113403,705.569702,1764.385498,-0.3796512166,0.9148221203,0.1377150754,,,,
2774,0.0,719.892212,706.27179,1765.298828,-0.3796512166,0.9148221203,0.1377150754,,,,
2775,0.0,719.855591,706.549744,1765.303101,-0.3796512166,0.9148221203,0.1377150754,,,,
2776,0.0,719.750427,707.367065,1765.072021,-0.3796512166,0.9148221203,0.1377150754,,,,
2777,0.0,719.628357,708.142883,1764.855713,-0.3796512166,0.9148221203,0.1377150754,,,,
2778,0.0,719.264343,708.996643,1764.800903,-0.3796512166,0.9148221203,0.1377150754,,,,
2779,0.0,718.687195,710.064087,1764.690552,-0.3776377898,0.9157661697,0.1369745312,,,,
2780,0.0,718.673706,711.4375,1764.097168,-0.3755476851,0.9164231225,0.1383206303,,,,
2781,0.0,718.003845,712.88269,1763.949219,-0.3680951456,0.9193900597,0.1386646385,,,,
2782,0.0,717.370544,714.491516,1763.59021,-0.3592706438,0.9223736975,0.1419555097,,,,
2783,0.0,716.766174,715.927551,1763.292114,-0.3574304081,0.9229506862,0.1428479408,,,,
2784,0.0,715.991089,717.951599,1763.070557,-0.3565570684,0.9232178472,0.1433033972,,,,
2785,0.0,715.211609,719.849609,1762.916626,-0.3563519501,0.923280428,0.1434103863,,,,
2786,0.0,714.156921,722.362366,1763.017944,-0.3563519501,0.923280428,0.1434103863,,,,
2787,0.0,713.325256,724.3573,1763.178345,-0.3563519501,0.923280428,0.1434103863,,,,
2788,0.0,711.600586,727.998962,1763.617065,-0.3563519501,0.923280428,0.1434103863,,,,
2789,0.0,710.583069,730.203674,1763.906006,-0.3563519501,0.923280428,0.1434103863,,,,
2790,0.0,709.779358,732.193054,1764.232422,-0.3563519501,0.923280428,0.1434103863,,,,
2791,0.0,708.898499,734.395081,1764.323975,-0.3563519501,0.923280428,0.1434103863,,,,
2792,0.0,708.2962345,735.769318,1764.4276735,-0.3563519501,0.923280428,0.1434103863,,,,
2793,0.0,710.942444,738.726929,1765.701294,-0.3563519501,0.923280428,0.1434103863,,,,
2794,0.0,709.970642,741.216003,1765.701294,-0.3563519501,0.923280428,0.1434103863,,,,
2795,0.0,709.004944,743.691956,1765.701294,-0.3563519501,0.923280428,0.1434103863,,,,
2796,0.0,708.059387,746.11853,1765.701294,-0.3563519501,0.923280428,0.1434103863,,,,
2797,0.0,707.157227,748.435669,1765.701294,-0.3563519501,0.923280428,0.1434103863,,,,
2798,0.0,706.445435,750.26532,1765.701294,-0.3563519501,0.923280428,0.1434103863,,,,
2799,0.0,705.164368,753.56012,1765.701294,-0.3563519501,0.923280428,0.1434103863,,,,
2800,0.0,704.267944,755.867188,1765.701294,-0.3563519501,0.923280428,0.1434103863,,,,
2801,0.0,703.184326,758.657837,1765.701294,-0.3563519501,0.923280428,0.1434103863,,,,
2802,0.0,702.279907,760.987854,1765.701294,-0.3563519501,0.923280428,0.1434103863,,,,
2803,0.0,701.370911,763.331604,1765.701294,-0.3563519501,0.923280428,0.1434103863,,,,
2804,0.0,700.408508,765.813293,1765.701294,-0.3563519501,0.923280428,0.1434103863,,,,
2805,0.0,699.304993,768.660339,1765.701294,-0.3563519501,0.923280428,0.1434103863,,,,
2806,0.0,698.206177,771.495911,1765.701294,-0.3563519501,0.923280428,0.1434103863,,,,
2807,0.0,697.282776,773.879456,1765.701294,-0.3563519501,0.923280428,0.1434103863,,,,
2808,0.0,696.343323,776.305359,1765.701294,-0.3563519501,0.923280428,0.1434103863,,,,
2809,0.0,695.201294,779.266968,1765.701294,-0.3559131331,0.9234496726,0.1434104036,,,,
2810,0.0,694.126221,782.055176,1765.701294,-0.3555087981,0.9236054085,0.1434104036,,,,
2811,0.0,693.164246,784.638733,1765.701294,-0.3517389152,0.9249249423,0.144199815,,,,
2812,0.0,692.156982,787.367798,1765.701294,-0.3471998992,0.9266135492,0.144359137,,,,
2813,0.0,691.224548,789.899597,1765.701294,-0.3431148089,0.928133968,0.1443591543,,,,
2814,0.0,690.150208,792.90802,1765.701294,-0.335545226,0.9308973257,0.1443591715,,,,
2815,0.0,689.096436,795.837585,1765.701294,-0.3293639809,0.9331022493,0.144359137,,,,
2816,0.0,688.133301,798.63446,1765.701294,-0.320051646,0.9363372114,0.1443591715,,,,
2817,0.0,687.063782,801.768921,1765.701294,-0.3099300764,0.93973602,0.144359137,,,,
2818,0.0,686.175232,804.333862,1765.701294,-0.3042761176,0.9415819023,0.1443591543,,,,
2819,0.0,685.257141,806.895325,1765.701294,-0.3028479424,0.9420422275,0.1443591543,,,,
2820,0.0,684.350281,809.417297,1765.701294,-0.3026385822,0.942109507,0.1443591543,,,,
2821,0.0,683.161499,812.749207,1765.701294,-0.3026385822,0.942109507,0.1443591543,,,,
2822,0.0,682.016846,815.988647,1765.701294,-0.3026385822,0.942109507,0.1443591543,,,,
2823,0.0,681.247131,818.18634,1765.701294,-0.3026385822,0.942109507,0.1443591543,,,,
2824,0.0,679.846252,822.20874,1765.701294,-0.3026385822,0.942109507,0.1443591543,,,,
2825,0.0,678.84198,825.115601,1765.701294,-0.3026385822,0.942109507,0.1443591543,,,,
2826,0.0,677.667236,828.539001,1765.701294,-0.3026385822,0.942109507,0.1443591543,,,,
2827,0.0,675.828552,833.965332,1765.701294,-0.3018421103,0.9423649877,0.1443591715,,,,
2828,0.0,675.2350155,835.744751,1765.701294,-0.3009964239,0.9426350284,0.1443591629,,,,
2829,0.0,673.813416,840.24469,1765.701294,-0.2914526794,0.945694119,0.1439373789,,,,
2830,0.0,673.224091,842.1591185,1765.701294,-0.2863288554,0.9472814254,0.1436831581,,,,
2831,0.0,672.634766,844.073547,1765.701294,-0.2812050313,0.9488687319,0.1434289373,,,,
2832,0.0,671.848145,847.429932,1765.701172,-0.2490623997,0.9580872206,0.1415513995,,,,
2833,0.0,670.688416,853.990356,1765.701294,-0.157012765,0.9780460372,0.1370143817,,,,
2834,0.0,670.353149,857.416321,1765.701294,-0.0908655924,0.9866669346,0.1350251985,,,,
2835,0.0,670.308838,860.571533,1765.701172,-0.0133212566,0.9908366444,0.1344071733,,,,
2836,0.0,670.156555,863.617859,1765.701294,0.0457669793,0.9899197292,0.1340310163,,,,
2837,0.0,669.769897,867.71814,1765.701294,0.1445997819,0.9799933107,0.1367626194,,,,
2838,0.0,669.057007,870.541016,1765.701294,0.2135468872,0.9669616353,0.139222566,,,,
2839,0.0,668.142151,873.895264,1765.701294,0.2734499597,0.9509545572,0.144604805,,,,
2840,0.0,667.646912,876.960938,1765.701294,0.3385081377,0.9282831454,0.1539566259,,,,
2841,0.0,666.841858,880.299622,1765.701294,0.3752106742,0.9132787571,0.1585523944,,,,
2842,0.0,666.168701,882.95343,1765.701294,0.4023288676,0.9010909029,0.161761142,,,,
2843,0.0,665.26355,886.092102,1765.701294,0.4204965994,0.8925514431,0.1628942335,,,,
2844,0.0,664.225708,889.475159,1765.701294,0.4325698735,0.8866834407,0.1633272192,,,,
2845,0.0,663.286865,892.504456,1765.701294,0.436230347,0.8848748694,0.1633999688,,,,
2846,0.0,662.050476,896.488586,1765.701294,0.4388309384,0.883588062,0.1633999515,,,,
2847,0.0,661.168884,899.318787,1765.701294,0.4388309384,0.883588062,0.1633999515,,,,
2848,0.0,660.054565,902.903687,1765.701294,0.4396585113,0.8831765675,0.1633999515,,,,
2849,0.0,659.098328,905.973877,1765.701294,0.441306228,0.8825157695,0.1625260892,,,,
2850,0.0,658.233643,908.747437,1765.701294,0.4428672894,0.8820171234,0.1609793714,,,,
2851,0.0,657.120056,912.319763,1765.701294,0.4448216483,0.8812609042,0.1597276429,,,,
2852,0.0,656.023499,915.84137,1765.701294,0.4477477036,0.880455574,0.1559486332,,,,
2853,0.0,655.21521,918.441589,1765.701294,0.4492477805,0.8799826853,0.1542948644,,,,
2854,0.0,654.171143,921.80249,1765.701294,0.4512065953,0.8793265327,0.152307115,,,,
2855,0.0,653.313721,924.603333,1765.701294,0.4534350541,0.8785763637,0.1500007496,,,,
2856,0.0,652.017822,928.534607,1765.701294,0.4558332036,0.877759232,0.1474951566,,,,
2857,0.0,650.840576,932.083313,1765.701294,0.4590413314,0.8764366071,0.1453957697,,,,
2858,0.0,649.898438,934.940735,1765.701294,0.4617076815,0.8753073167,0.1437467156,,,,
2859,0.0,648.746338,938.515686,1765.701294,0.467678597,0.8724679292,0.1416913635,,,,
2860,0.0,647.840454,941.493164,1765.701294,0.4779307716,0.8669235218,0.1415124903,,,,
2861,0.0,647.056702,944.239075,1765.701294,0.4922207784,0.8586762001,0.1428071733,,,,
2862,0.0,646.104858,947.964233,1765.701294,0.5218392899,0.8397692372,0.1499045822,,,,
2863,0.0,645.292236,951.16864,1765.701294,0.5435787627,0.8249631752,0.1547833589,,,,
2864,0.0,644.424438,954.40863,1765.701294,0.5590625143,0.8139063167,0.1581316308,,,,
2865,0.0,643.429077,957.964905,1765.701294,0.5615274145,0.812102927,0.1586688334,,,,
2866,0.0,642.630798,960.794312,1765.701294,0.5615274145,0.812102927,0.1586688334,,,,
2867,0.0,641.699341,964.17572,1765.701294,0.5615274145,0.812102927,0.1586688334,,,,
2868,0.0,640.75,967.717529,1765.701294,0.5615274145,0.812102927,0.1586688334,,,,
2869,0.0,639.104065,974.039307,1765.701294,0.5615274145,0.812102927,0.1586688334,,,,
2870,0.0,638.648102,975.8411255,1765.701294,0.5615274145,0.812102927,0.1586688334,,,,
2871,0.0,637.352112,981.048462,1765.701294,0.5615274145,0.812102927,0.1586688334,,,,
2872,0.0,636.473328,984.649658,1765.701294,0.5615274145,0.812102927,0.1586688334,,,,
2873,0.0,635.811523,987.386658,1765.701294,0.5615274145,0.812102927,0.1586688334,,,,
2874,0.0,634.866211,991.40033,1765.701294,0.5615274145,0.812102927,0.1586688334,,,,
2875,0.0,634.411499,993.3453065,1765.701294,0.5615274145,0.812102927,0.1586688334,,,,
2876,0.0,633.234436,998.429626,1765.701294,0.5615274145,0.812102927,0.1586688334,,,,
2877,0.0,632.544861,1001.454895,1765.701294,0.5615274145,0.812102927,0.1586688334,,,,
2878,0.0,631.788757,1004.455627,1765.701538,0.5560265747,0.8188068269,0.1427929565,,,,
2879,0.0,630.978943,1007.746704,1765.701416,0.5502732078,0.8253112336,0.1267310718,,,,
2880,0.0,629.993591,1012.10498,1765.701294,0.5511987099,0.8260009305,0.1179086301,,,,
2881,0.0,629.53717,1014.263123,1765.701294,0.5551852735,0.8233498613,0.1177468385,,,,
2882,0.0,628.635803,1018.560669,1765.701294,0.5609787587,0.8194135185,0.1177468385,,,,
2883,0.0,628.044739,1021.295776,1765.701294,0.5629471045,0.8180159894,0.1180694653,,,,
2884,0.0,627.242188,1025.033569,1765.701294,0.5650808544,0.8164670696,0.1185965948,,,,
2885,0.0,626.46228,1028.611694,1765.701294,0.5654941808,0.8161659808,0.1186988765,,,,
2886,0.0,625.841431,1031.42041,1765.701294,0.5654941808,0.8161659808,0.1186988765,,,,
2887,0.0,624.964294,1035.790161,1765.701294,0.5654941808,0.8161659808,0.1186988765,,,,
2888,0.0,624.402588,1038.631104,1765.701294,0.5654941808,0.8161659808,0.1186988765,,,,
2889,0.0,623.713867,1042.143799,1765.701294,0.5654941808,0.8161659808,0.1186988765,,,,
2890,0.0,623.040283,1045.596069,1765.701294,0.5654941808,0.8161659808,0.1186988765,,,,
2891,0.0,622.475891,1048.50769,1765.701294,0.5654941808,0.8161659808,0.1186988765,,,,
2892,0.0,621.715515,1052.446777,1765.701294,0.5654941808,0.8161659808,0.1186988765,,,,
2893,0.0,621.020264,1056.063599,1765.701294,0.5654941808,0.8161659808,0.1186988765,,,,
2894,0.0,620.450195,1059.056763,1765.701294,0.5658194155,0.8159405406,0.1186988765,,,,
2895,0.0,619.652161,1063.261963,1765.701294,0.5662410542,0.815647991,0.1186988765,,,,
2896,0.0,618.980774,1066.809448,1765.701294,0.5662764152,0.8156234415,0.1186988765,,,,
2897,0.0,618.40741,1069.852295,1765.701294,0.5662764152,0.8156234415,0.1186988765,,,,
2898,0.0,617.719238,1073.510986,1765.701294,0.5662764152,0.8156234415,0.1186988765,,,,
2899,0.0,617.181458,1076.377563,1765.701294,0.5662764152,0.8156234415,0.1186988765,,,,
2900,0.0,616.582275,1079.58667,1765.701294,0.5662764152,0.8156234415,0.1186988765,,,,
2901,0.0,615.809753,1083.731323,1765.701294,0.5662764152,0.8156234415,0.1186988765,,,,
2902,0.0,615.111877,1087.486694,1765.701294,0.5662764152,0.8156234415,0.1186988765,,,,
2903,0.0,614.546387,1090.539429,1765.701294,0.5662764152,0.8156234415,0.1186988765,,,,
2904,0.0,613.795959,1094.594604,1765.701294,0.5662764152,0.8156234415,0.1186988765,,,,
2905,0.0,613.191284,1097.908447,1765.701294,0.5677340889,0.8146094678,0.1186988592,,,,
2906,0.0,612.612854,1101.091919,1765.701294,0.5690593357,0.8138208042,0.1177589535,,,,
2907,0.0,612.085632,1103.990601,1765.701294,0.5699617413,0.813289535,0.1170629986,,,,
2908,0.0,611.412903,1107.761108,1765.701294,0.5733429866,0.8111537222,0.115357959,,,,
2909,0.0,610.720337,1111.776245,1765.701294,0.5805854661,0.8064463881,0.1120925499,,,,
2910,0.0,610.199402,1114.883057,1765.701294,0.5878584323,0.801522421,0.1094727011,,,,
2911,0.0,609.200989,1121.09729,1765.701294,0.6057937876,0.7889917117,0.1024986133,,,,
2912,0.0,608.910065,1123.2003175,1765.701294,0.6111307127,0.7850191527,0.1010837081,,,,
2913,0.0,608.337158,1127.873169,1765.701294,0.622840238,0.7761604543,0.098208895,,,,
2914,0.0,608.132507,1131.433838,1765.701294,0.6284506753,0.7718710609,0.0962539043,,,,
2915,0.0,608.223816,1134.926636,1765.701294,0.632049634,0.7689807045,0.0958224206,,,,
2916,0.0,608.461975,1138.126221,1765.701294,0.6330527764,0.7681550924,0.0958224206,,,,
2917,0.0,608.848694,1141.237061,1765.701294,0.6331692745,0.7680590691,0.0958224206,,,,
2918,0.0,609.1661685,1143.0471805,1765.701294,0.6331692745,0.7680590691,0.0958224206,,,,
2919,0.0,610.233643,1148.172729,1765.701294,0.6331692745,0.7680590691,0.0958224206,,,,
2920,0.0,611.090637,1151.332031,1765.701294,0.6331692745,0.7680590691,0.0958224206,,,,
2921,0.0,611.873474,1153.791626,1765.701294,0.6331692745,0.7680590691,0.0958224206,,,,
2922,0.0,612.99762,1157.090576,1765.701294,0.6331692745,0.7680590691,0.0958224206,,,,
2923,0.0,614.397339,1160.794434,1765.701294,0.6331692745,0.7680590691,0.0958224206,,,,
2924,0.0,615.428711,1163.795532,1765.701294,0.6332226985,0.7681237652,0.0949468028,,,,
2925,0.0,616.234619,1166.488892,1765.701294,0.6338879743,0.7675845818,0.0948680442,,,,
2926,0.0,617.201904,1169.98291,1765.701294,0.6345892895,0.7670048791,0.0948680616,,,,
2927,0.0,618.028259,1173.381958,1765.701294,0.6359871909,0.7658461642,0.0948680442,,,,
2928,0.0,618.613708,1176.218628,1765.701294,0.638504479,0.763853755,0.0940184625,,,,
2929,0.0,619.286682,1179.773926,1765.701294,0.6409723928,0.7618945743,0.09311847,,,,
2930,0.0,619.841736,1183.021606,1765.701172,0.6438455319,0.7596273265,0.0918109796,,,,
2931,0.0,620.240417,1185.938477,1765.701294,0.6464660739,0.7575475076,0.0905725618,,,,
2932,0.0,620.724731,1189.636353,1765.701294,0.6494430918,0.7551401799,0.0893699009,,,,
2933,0.0,621.046509,1192.796875,1765.701294,0.6518300278,0.7531848249,0.0884886119,,,,
2934,0.0,621.409241,1196.576416,1765.701294,0.6541026626,0.7513349573,0.0874384846,,,,
2935,0.0,621.692322,1200.432861,1765.701294,0.6561616789,0.7496604406,0.0863775144,,,,
2936,0.0,621.934265,1204.154175,1765.701294,0.6584784841,0.7477432904,0.0853584073,,,,
2937,0.0,622.09259,1207.029297,1765.701294,0.6619474422,0.7448290218,0.0839959054,,,,
2938,0.0,622.281311,1210.903931,1765.701294,0.6655244986,0.741792593,0.082588684,,,,
2939,0.0,622.441406,1214.455444,1765.701294,0.6719336555,0.7363005608,0.0797912694,,,,
2940,0.0,622.569214,1217.746948,1765.701294,0.6781118534,0.7308199162,0.0778881534,,,,
2941,0.0,622.678955,1220.576904,1765.701172,0.685808395,0.7238464669,0.0755853002,,,,
2942,0.0,622.797424,1224.248169,1765.701294,0.6933716405,0.7168423332,0.0732996417,,,,
2943,0.0,623.028076,1228.319336,1765.701172,0.7124058295,0.6983672874,0.0690004778,,,,
2944,0.0,623.21051,1231.335938,1765.701294,0.7277770675,0.6826729164,0.0655608818,,,,
2945,0.0,623.44928,1234.446411,1765.701294,0.7465810973,0.6623883977,0.0621150195,,,,
2946,0.0,623.793152,1238.023071,1765.701294,0.7720531039,0.6327603951,0.059567501,,,,
2947,0.0,624.057068,1240.51709,1765.701416,0.7895492369,0.6105703117,0.0617729474,,,,
2948,0.0,624.406128,1244.312256,1765.701416,0.8079369649,0.5857098144,0.0646674107,,,,
2949,0.0,624.748413,1248.213135,1765.701294,0.8215222217,0.5657577373,0.0708478786,,,,
2950,0.0,624.897156,1250.87854,1765.701294,0.8215940855,0.5656484574,0.070887102,,,,
2951,0.0,625.15094,1254.816895,1765.701294,0.8215940855,0.5656484574,0.070887102,,,,
2952,0.0,625.384521,1258.050415,1765.701294,0.8215940855,0.5656484574,0.070887102,,,,
2953,0.0,625.970032,1265.036743,1765.701294,0.8215940855,0.5656484574,0.070887102,,,,
2954,0.0,626.300842,1268.565918,1765.701294,0.8215940855,0.5656484574,0.070887102,,,,
2955,0.0,626.643921,1272.009155,1765.701294,0.8215940855,0.5656484574,0.070887102,,,,
2956,0.0,627.084412,1275.765747,1765.701294,0.8215940855,0.5656484574,0.070887102,,,,
2957,0.0,627.52771,1279.225708,1765.701294,0.8215940855,0.5656484574,0.070887102,,,,
2958,0.0,627.991577,1282.720947,1765.701294,0.8215940855,0.5656484574,0.070887102,,,,
2959,0.0,628.416382,1285.824951,1765.701294,0.8215940855,0.5656484574,0.070887102,,,,
2960,0.0,628.858521,1289.033447,1765.701294,0.8203281939,0.5679006579,0.0674573715,,,,
2961,0.0,629.380005,1292.750244,1765.701294,0.8189962161,0.5702306313,0.0638922931,,,,
2962,0.0,630.007385,1296.454468,1765.701294,0.8287171325,0.5561831396,0.0623556694,,,,
2963,0.0,630.565857,1299.544556,1765.701294,0.8386323394,0.5410715965,0.062748122,,,,
2964,0.0,631.200134,1303.131592,1765.701294,0.8471035024,0.5276565141,0.0632001534,,,,
2965,0.0,631.824219,1306.633179,1765.701294,0.8539968863,0.5163064929,0.0641632569,,,,
2966,0.0,632.254761,1309.252808,1765.701294,0.8556843867,0.5134484815,0.0646133664,,,,
2967,0.0,632.941345,1313.042603,1765.701294,0.857327232,0.5106416351,0.0650779356,,,,
2968,0.0,632.980591,1320.054321,1763.870972,0.8575741799,0.5102178571,0.0651480186,,,,
2969,0.0,633.666138,1323.508179,1764.287964,0.8575741799,0.5102178571,0.0651480186,,,,
2970,0.0,634.427429,1327.39856,1764.452759,0.8575741799,0.5102178571,0.0651480186,,,,
2971,0.0,635.047852,1330.479614,1764.424805,0.8575741799,0.5102178571,0.0651480186,,,,
2972,0.0,635.715149,1333.795044,1764.628662,0.8549606413,0.5143568659,0.0669276945,,,,
2973,0.0,636.642639,1337.484985,1764.495361,0.8524212598,0.518330298,0.0686418099,,,,
2974,0.0,637.553833,1341.503174,1764.294556,0.8419084496,0.5346120031,0.0733496326,,,,
2975,0.0,638.362488,1345.27417,1764.058105,0.8200079137,0.5668133647,0.079433186,,,,
2976,0.0,638.753113,1348.201416,1764.139526,0.7827165847,0.6166047357,0.0845774667,,,,
2977,0.0,639.598694,1352.186768,1763.384399,0.734815811,0.6721937527,0.0905609336,,,,
2978,0.0,639.969849,1356.101074,1763.412109,0.6610487021,0.7443538618,0.0946147024,,,,
2979,0.0,640.27655,1359.840332,1763.06189,0.5624664509,0.8211376383,0.0967701947,,,,
2980,0.0,639.908997,1362.826782,1762.769043,0.4976882542,0.8618930429,0.0971945687,,,,
2981,0.0,639.396423,1367.414429,1762.487549,0.4151926802,0.9044716053,0.0977044195,,,,
2982,0.0,638.79303,1370.511108,1762.195312,0.3574770867,0.9287942733,0.0977309084,,,,
2983,0.0,638.461426,1374.390747,1762.117676,0.3253792378,0.9407954158,0.095038609,,,,
2984,0.0,638.179321,1377.645752,1762.150269,0.3223039951,0.9420482025,0.0930876944,,,,
2985,0.0,637.87915,1380.886841,1762.095459,0.3221860805,0.9421012392,0.092959048,,,,
2986,0.0,637.410889,1384.343384,1762.473145,0.3221860805,0.9421012392,0.092959048,,,,
2987,0.0,636.859009,1387.920166,1763.019897,0.3221860805,0.9421012392,0.092959048,,,,
2988,0.0,636.222717,1391.285156,1763.06897,0.3221860805,0.9421012392,0.092959048,,,,
2989,0.0,635.621582,1394.508789,1763.937134,0.3221860805,0.9421012392,0.092959048,,,,
2990,0.0,634.879944,1397.676758,1763.99292,0.3221860805,0.9421012392,0.092959048,,,,
2991,0.0,634.034363,1401.488892,1764.833008,0.3221860805,0.9421012392,0.092959048,,,,
2992,0.0,633.197266,1404.528198,1765.095947,0.3221860805,0.9421012392,0.092959048,,,,
2993,0.0,631.898499,1408.694702,1765.299805,0.3221860805,0.9421012392,0.092959048,,,,
2994,0.0,629.795959,1415.13269,1765.322998,0.3221860805,0.9421012392,0.092959048,,,,
2995,0.0,628.499146,1418.981934,1765.193115,0.3204423649,0.9425180374,0.0947440759,,,,
2996,0.0,627.275513,1422.264648,1765.043091,0.3003750625,0.9487529758,0.0981968063,,,,
2997,0.0,625.696167,1426.164185,1764.732544,0.243136823,0.964386427,0.1041311897,,,,
2998,0.0,624.084412,1429.600952,1764.103882,0.1828861197,0.977302487,0.1069229452,,,,
2999,0.0,622.464966,1433.530518,1763.709229,0.0866380381,0.9903577357,0.1080990552,,,,
3000,0.0,620.251831,1437.313477,1763.642944,-0.0015604424,0.9941256457,0.1082209106,,,,
3001,0.0,618.063416,1440.502075,1763.969238,-0.1008410599,0.989303278,0.1054044821,,,,
3002,0.0,616.176636,1443.658813,1764.335938,-0.1796126917,0.978337447,0.102932603,,,,
3003,0.0,614.221191,1446.893555,1764.899902,-0.2734057351,0.9567758033,0.0991431606,,,,
3004,0.0,612.336548,1450.154785,1765.511353,-0.3650777368,0.9261155418,0.0950170996,,,,
3005,0.0,610.851868,1453.412231,1765.946777,-0.4229435722,0.9014697701,0.0920379718,,,,
3006,0.0,609.623413,1456.212158,1766.304688,-0.4657070885,0.880313791,0.090357828,,,,
3007,0.0,608.369263,1459.650146,1766.564331,-0.4940148184,0.864592499,0.0918105103,,,,
3008,0.0,607.054688,1462.843872,1766.510254,-0.5036621829,0.8588069647,0.0936749859,,,,
3009,0.0,605.909241,1466.196167,1766.671753,-0.5046901605,0.8581771833,0.0939135979,,,,
3010,0.0,604.639404,1469.628906,1766.788696,-0.5046901605,0.8581771833,0.0939135979,,,,
3011,0.0,603.303406,1472.976074,1766.839355,-0.5046901605,0.8581771833,0.0939135979,,,,
3012,0.0,601.947876,1476.266357,1766.707642,-0.5046901605,0.8581771833,0.0939135979,,,,
3013,0.0,600.578979,1479.180542,1766.5271,-0.5046901605,0.8581771833,0.0939135979,,,,
3014,0.0,599.07843,1482.372192,1766.636108,-0.5046901605,0.8581771833,0.0939135979,,,,
3015,0.0,598.031494,1484.802856,1766.536499,-0.5046901605,0.8581771833,0.0939135979,,,,
3016,0.0,596.610168,1488.535645,1766.307373,-0.5046901605,0.8581771833,0.0939135979,,,,
3017,0.0,595.570801,1491.431641,1765.699585,-0.5046901605,0.8581771833,0.0939135979,,,,
3018,0.0,594.696045,1494.744751,1765.554077,-0.5046901605,0.8581771833,0.0939135979,,,,
3019,0.0,593.869446,1498.058838,1764.929199,-0.5046901605,0.8581771833,0.0939135979,,,,
3020,0.0,593.367798,1500.967041,1764.792114,-0.5037141135,0.8584870719,0.0962914283,,,,
3021,0.0,592.93219,1504.205566,1764.782715,-0.5028629453,0.8587517756,0.0983577456,,,,
3022,0.0,592.46405,1507.740234,1764.854614,-0.5085764686,0.8552376908,0.0995915048,,,,
3023,0.0,592.231506,1510.763062,1764.76001,-0.5141041811,0.8518252887,0.1004518223,,,,
3024,0.0,591.871521,1514.31189,1765.249512,-0.5233079325,0.8459708535,0.1023822393,,,,
3025,0.0,591.738464,1517.858398,1765.175171,-0.5359140541,0.8380273104,0.1025005057,,,,
3026,0.0,591.668518,1520.911377,1765.437256,-0.5466209204,0.8310831581,0.1025005057,,,,
3027,0.0,591.664856,1524.04126,1765.798096,-0.5545260938,0.8258295616,0.102500471,,,,
3028,0.0,591.632874,1528.140259,1766.173706,-0.5619596231,0.8207892738,0.1025004883,,,,
3029,0.0,591.684387,1531.235596,1766.159912,-0.5648874263,0.8187770426,0.1025004883,,,,
3030,0.0,591.874756,1534.792969,1766.078613,-0.5660596405,0.8179670713,0.1025005057,,,,
3031,0.0,591.845215,1537.80957,1765.908936,-0.5661288068,0.8179192017,0.1025005057,,,,
3032,0.0,592.136902,1541.447266,1765.845825,-0.5661288068,0.8179192017,0.1025005057,,,,
3033,0.0,592.099304,1544.961914,1765.373657,-0.5661288068,0.8179192017,0.1025005057,,,,
3034,0.0,592.248779,1547.887329,1765.1073,-0.5661288068,0.8179192017,0.1025005057,,,,
3035,0.0,592.517578,1551.232422,1764.73645,-0.5661288068,0.8179192017,0.1025005057,,,,
3036,0.0,592.798401,1554.66687,1764.228882,-0.5666565886,0.8178885755,0.0997927286,,,,
3037,0.0,593.135071,1558.001343,1763.894287,-0.5672186301,0.8178485072,0.0968857311,,,,
3038,0.0,593.563354,1561.442505,1763.805664,-0.5667268085,0.8187379757,0.0921349648,,,,
3039,0.0,593.818665,1567.733276,1763.654785,-0.5606301692,0.8241829145,0.0801020396,,,,
3040,0.0,593.921387,1571.196289,1763.818848,-0.5567732975,0.8272633,0.0750927932,,,,
3041,0.0,593.564209,1574.182373,1764.103516,-0.5535885452,0.8297948505,0.0705707351,,,,
3042,0.0,593.109741,1577.583374,1764.415039,-0.550811133,0.831967233,0.0666154554,,,,
3043,0.0,592.444885,1581.151611,1765.134888,-0.5482268218,0.8339291061,0.063321385,,,,
3044,0.0,591.748352,1583.915039,1765.848877,-0.5461040522,0.8354530329,0.0615515556,,,,
3045,0.0,590.634827,1586.928223,1766.25061,-0.5450868593,0.8362005373,0.0604067644,,,,
3046,0.0,589.567688,1589.496704,1766.776123,-0.5450523038,0.8362261665,0.0603637682,,,,
3047,0.0,588.662842,1591.423462,1767.104004,-0.5441024713,0.8369000907,0.0595880768,,,,
3048,0.0,587.000122,1594.741699,1767.139648,-0.5427510868,0.8378548102,0.0584856808,,,,
3049,0.0,585.216858,1597.131714,1766.418335,-0.5397884321,0.8398903469,0.0566802762,,,,
3050,0.0,583.563721,1599.671753,1766.325317,-0.5372096132,0.8416143209,0.0555982581,,,,
3051,0.0,581.979492,1601.11145,1766.05542,-0.5361624823,0.8423360019,0.0547709083,,,,
3052,0.0,579.631409,1603.668213,1766.136719,-0.5348667381,0.8432267619,0.0537233706,,,,
3053,0.0,577.175476,1605.59021,1765.867676,-0.5347927837,0.8432774769,0.0536635398,,,,
3054,0.0,574.932678,1607.466431,1765.935791,-0.5347927837,0.8432774769,0.0536635398,,,,
3055,0.0,572.609192,1609.057983,1765.868896,-0.5351595784,0.8430447498,0.0536635398,,,,
3056,0.0,569.870117,1610.70813,1765.719116,-0.5355737544,0.8427816906,0.0536635398,,,,
3057,0.0,567.272278,1612.24707,1765.442505,-0.53802121,0.8411949872,0.0540756063,,,,
3058,0.0,564.325378,1613.763306,1765.341553,-0.5409072906,0.839310211,0.0545680558,,,,
3059,0.0,561.308105,1615.455322,1764.94043,-0.5434854904,0.8376395892,0.0546208778,,,,
3060,0.0,559.035278,1616.435669,1765.033569,-0.5457096257,0.8361649925,0.0550373492,,,,
3061,0.0,555.607727,1618.227295,1764.803467,-0.5483191479,0.8344214493,0.0555603907,,,,
3062,0.0,553.067261,1619.776978,1764.312256,-0.550246095,0.8331211213,0.0560217121,,,,
3063,0.0,550.657471,1621.183716,1764.415649,-0.5520005437,0.8319310603,0.0564456439,,,,
3064,0.0,547.835938,1623.027954,1764.077881,-0.553117414,0.8311828178,0.0565353848,,,,
3065,0.0,545.418335,1624.760986,1764.161133,-0.5535481021,0.8308636704,0.0570092964,,,,
3066,0.0,542.934753,1626.69165,1764.090698,-0.5538914371,0.8306052856,0.0574381007,,,,
3067,0.0,541.385254,1629.410645,1765.701294,-0.5539348258,0.8305725828,0.0574925521,,,,
3068,0.0,538.746155,1631.858398,1765.701294,-0.5539348258,0.8305725828,0.0574925521,,,,
3069,0.0,536.41864,1634.092773,1765.701294,-0.5543167572,0.8303177338,0.0574925521,,,,
3070,0.0,533.957581,1636.560547,1765.701294,-0.5547262274,0.8300442272,0.0574925521,,,,
3071,0.0,531.761292,1638.818359,1765.701294,-0.5554574753,0.8295550612,0.0574925521,,,,
3072,0.0,529.351624,1641.391724,1765.701294,-0.5562746308,0.829007323,0.0574925521,,,,
4510,0.0,-376.483124,-699.588989,1859.701294,0.6973979987,-0.6867812714,0.2048597488,,,,
4511,0.0,-376.411469,-699.659546,1859.701294,0.6973979987,-0.6867812714,0.2048597488,,,,
4512,0.0,-376.343262,-699.726807,1859.701294,0.6973979987,-0.6867812714,0.2048597488,,,,
4513,0.0,-376.301544,-699.783264,1859.701294,0.6973979987,-0.6867812714,0.2048597488,,,,
4514,0.0,-376.449799,-700.056152,1859.701294,0.6973979987,-0.6867812714,0.2048597488,,,,
4515,0.0,-373.055664,-700.024536,1859.701294,0.7011165643,-0.6827084531,0.205778355,,,,
4516,0.0,-370.320435,-699.995056,1859.701294,0.7059778108,-0.6772356014,0.2072372333,,,,
4517,0.0,-366.600983,-699.952209,1859.701294,0.7167572762,-0.6649397364,0.2100336973,,,,
4518,0.0,-362.927063,-699.89679,1859.701294,0.7419317988,-0.6351725474,0.2146928991,,,,
4519,0.0,-359.458221,-699.809082,1859.701294,0.7853712049,-0.5794838738,0.2176936162,,,,
4520,0.0,-356.153564,-699.648926,1859.701294,0.8485705844,-0.4847515877,0.2119996733,,,,
4521,0.0,-352.976257,-699.441406,1859.701294,0.8891512811,-0.4080614087,0.2071132203,0.1228885225,427.5094444542,890.1127450724,3.0
4522,0.0,-349.21759,-698.863953,1859.701294,0.9474489959,-0.2530636887,0.1957017366,0.0878815764,362.209491926,883.5955392558,3.0
4523,0.0,-346.172241,-696.723694,1859.701904,0.9780000268,-0.0853314624,0.1903535897,,,,
4524,0.0,-342.685822,-694.551086,1859.701538,0.9791032675,0.0810359354,0.1865206923,,,,
4525,0.0,-340.068024,-692.822998,1859.70105,0.9526091848,0.2382017337,0.1891974498,,,,
4526,0.0,-337.347107,-691.592834,1859.701172,0.9053288862,0.37729696,0.1950041325,,,,
4527,0.0,-334.67923,-691.226196,1859.701294,0.8465457897,0.4940443482,0.1981928555,,,,
4528,0.0,-332.137115,-691.15387,1859.701294,0.808265327,0.5541377038,0.1990943656,,,,
4529,0.0,-328.735321,-691.112,1859.701294,0.7893618339,0.5807038071,0.199225961,,,,
4530,0.0,-326.283112,-691.065552,1859.701294,0.7882798027,0.5821717694,0.199225961,,,,
4531,0.0,-322.341034,-691.007446,1859.701294,0.7882798027,0.5821717694,0.199225961,,,,
4532,0.0,-318.75705,-690.947998,1859.701294,0.7882798027,0.5821717694,0.199225961,,,,
4533,0.0,-315.295471,-690.886902,1859.701294,0.7882798027,0.5821717694,0.199225961,,,,
4534,0.0,-311.911163,-690.65979,1859.701294,0.7882798027,0.5821717694,0.199225961,,,,
4535,0.0,-309.572479,-690.362671,1859.701294,0.7882798027,0.5821717694,0.199225961,,,,
4536,0.0,-305.587097,-689.752625,1859.701294,0.7882798027,0.5821717694,0.199225961,,,,
4537,0.0,-299.425842,-688.244568,1859.701294,0.7882798027,0.5821717694,0.199225961,,,,
4538,0.0,-297.829147,-687.6162415,1859.701294,0.7882798027,0.5821717694,0.199225961,,,,
4539,0.0,-296.232452,-686.987915,1859.701294,0.7882798027,0.5821717694,0.199225961,,,,
4540,0.0,-293.892456,-685.7547,1859.701294,0.7883500583,0.5822236556,0.1987958765,,,,
4541,0.0,-290.934601,-684.010498,1859.701294,0.788428541,0.5822816816,0.1983140918,,,,
4542,0.0,-287.796326,-680.942139,1859.700806,0.7309447473,0.6534710059,0.1967115166,,,,
4543,0.0,-285.823578,-678.62085,1859.70105,0.6907370843,0.6950256603,0.1995535316,,,,
4544,0.0,-284.825653,-677.1636355,1859.7004395,0.6564512725,0.7252624312,0.2024060687,,,,
4545,0.0,-282.369446,-672.861084,1859.70105,0.5504593359,0.807764222,0.2109774423,,,,
4546,0.0,-281.300201,-670.219299,1859.70105,0.4722978969,0.8547865874,0.2151152866,,,,
4547,0.0,-280.413239,-666.943054,1859.701294,0.3656507814,0.9051163186,0.2169422869,,,,
4548,0.0,-279.88858,-664.309082,1859.701294,0.2892369016,0.9323274327,0.2170427908,0.1351693959,92.947486081,185.1308383322,6.0
4549,0.0,-279.580994,-661.469543,1859.701294,0.2126917069,0.9527091226,0.2170427737,0.1030216095,80.6322626327,182.3952355285,6.0
4550,0.0,-279.323517,-657.828369,1859.701294,0.1366621323,0.9665484447,0.2170427737,0.0764775614,68.604127209,178.8688025246,6.0
4551,0.0,-279.223389,-655.562683,1859.701172,0.1181533397,0.968814533,0.217803097,0.070580304,65.2174072757,176.7292413858,6.0
4552,0.0,-279.386871,-652.700989,1859.701294,0.0961442057,0.9710251615,0.2187839743,0.0632622341,60.9725629828,174.1914273777,6.0
4553,0.0,-279.62561,-649.571106,1859.701294,0.0922722917,0.9711611695,0.2198449614,0.0614436296,59.2406911991,171.6494707857,6.0
4554,0.0,-279.932465,-647.297791,1859.701294,0.0937670009,0.971016952,0.2198495585,0.0609124602,58.4573960882,170.0934884283,6.0
4555,0.0,-280.337891,-644.818115,1859.701294,0.1031587857,0.9699786348,0.2202265039,0.0627779374,58.8038178308,168.6212478358,6.0
4556,0.0,-281.062775,-641.286011,1859.701294,0.1153772507,0.9684849835,0.2207372345,0.0658913794,59.2748189131,166.0410632762,6.0
4557,0.0,-281.770966,-638.520264,1859.701294,0.121295251,0.9677507807,0.2207847107,0.0673495679,59.1416644116,163.9266189829,6.0
4558,0.0,-282.76123,-635.3526,1859.701294,0.1273925626,0.966967031,0.2207847277,0.0684232261,58.4358329267,160.7390798325,6.0
4559,0.0,-283.819427,-632.377869,1859.701294,0.1285592954,0.966812608,0.2207847107,0.0677832088,57.0461037423,157.6293190868,6.0
4560,0.0,-284.737732,-629.998901,1859.701294,0.1300674434,0.9666108688,0.2207847107,0.0672855072,55.9430498968,155.1320468478,6.0
4561,0.0,-285.944519,-627.062317,1859.701294,0.1319359665,0.9663576045,0.2207846937,0.0665003812,54.5183619004,152.0402886891,6.0
4562,0.0,-287.101562,-624.415771,1859.701294,0.1338860067,0.9662715314,0.219986056,0.0655206769,53.1342667357,149.2462603286,6.0
4563,0.0,-288.611847,-621.145813,1859.701294,0.135739757,0.9662222814,0.2190644228,0.0639550546,51.2997221492,145.7873555574,6.0
4564,0.0,-290.128113,-617.982727,1859.701294,0.1385613013,0.9660455849,0.2180749728,0.0625395707,49.5823959247,142.4405495077,6.0
4565,0.0,-291.451447,-615.35376,1859.701294,0.1403468674,0.9659771411,0.2172347111,0.0610277282,48.0408515102,139.6565455796,6.0
4566,0.0,-293.102692,-612.126587,1859.701294,0.1453860519,0.9654844081,0.2161081987,0.0598053386,46.410141902,136.2449038983,6.0
4567,0.0,-294.522034,-609.444641,1859.701294,0.1490571936,0.9650893959,0.2153704041,0.058524243,44.9708755994,133.4127864621,6.0
4568,0.0,-296.19809,-606.228088,1859.701294,0.159167938,0.9636891295,0.2144034263,0.0584480219,43.8032224249,130.030921825,6.0
4569,0.0,-297.789062,-603.151001,1859.701294,0.1738795145,0.9613601962,0.2134302875,0.0596403048,43.138301442,126.8095586681,6.0
4570,0.0,-299.227478,-600.062927,1859.701294,0.2060135978,0.9550196359,0.2132976617,0.066326739,44.2615095966,123.591998098,6.0
4571,0.0,-300.661774,-596.582703,1859.701294,0.2608021409,0.9415340374,0.2132976788,0.0811994239,47.3094016472,119.8549737859,6.0
4572,0.0,-301.212433,-594.426208,1859.701294,0.3344303535,0.9179653761,0.2132976958,0.1090076095,53.4132483849,117.645600887,6.0
4573,0.0,-302.348724,-591.165466,1859.701294,0.4183856258,0.8828689418,0.2132976788,0.1464626678,59.5813745158,114.3526883114,6.0
4574,0.0,-302.861023,-588.467407,1859.701294,0.5369528134,0.8157615834,0.2149760804,,,,
4583,0.0,-292.118011,-568.273682,1859.701294,0.9380669868,0.2121199756,0.2739259831,,,,
4584,0.0,-290.548157,-565.974792,1859.701294,0.9448253179,0.1726485116,0.2783839257,,,,
4585,0.0,-288.762177,-563.31189,1859.701294,0.9508018258,0.1243183388,0.2837619401,,,,
4586,0.0,-287.236969,-560.993774,1859.701294,0.9542388174,0.0771233419,0.2889295233,,,,
4587,0.0,-285.560883,-558.386108,1859.701294,0.954962978,0.0529206344,0.2919676644,,,,
4588,0.0,-284.542877,-556.668274,1859.701294,0.9552012349,0.0294538345,0.2944878139,,,,
4589,0.0,-283.059662,-553.852417,1859.701294,0.9548238908,0.0042723219,0.2971415231,,,,
4590,0.0,-281.648132,-550.915955,1859.701294,0.9528916435,-0.0358861687,0.3011805086,,,,
4591,0.0,-280.555054,-548.282104,1859.701294,0.9502101315,-0.0643353329,0.3048961641,,,,
4592,0.0,-279.512238,-545.476318,1859.701294,0.9486745355,-0.0767912704,0.3067893845,,,,
4593,0.0,-278.66687,-542.962524,1859.701294,0.9486808518,-0.0744262492,0.3073521999,,,,
4594,0.0,-277.642639,-539.759766,1859.701294,0.9488042121,-0.0710116184,0.307779007,,,,
4595,0.0,-276.695831,-536.536682,1859.701294,0.9488234027,-0.0704467495,0.3078496483,,,,
4596,0.0,-276.028351,-534.009094,1859.701294,0.9488234027,-0.0704467495,0.3078496483,,,,
4597,0.0,-275.144012,-530.515503,1859.701294,0.9488234027,-0.0704467495,0.3078496483,,,,
4598,0.0,-274.289001,-526.845886,1859.701294,0.9488234027,-0.0704467495,0.3078496483,,,,
4599,0.0,-273.604034,-523.633179,1859.701294,0.9488234027,-0.0704467495,0.3078496483,,,,
4600,0.0,-273.291107,-520.871155,1859.701294,0.9488234027,-0.0704467495,0.3078496483,,,,
4601,0.0,-273.054413,-518.044006,1859.701294,0.9488234027,-0.0704467495,0.3078496483,,,,
4602,0.0,-272.955048,-514.304626,1859.701294,0.9513642741,-0.060577803,0.3020535512,,,,
4603,0.0,-273.164429,-511.07843,1859.701294,0.9555706524,-0.0464790558,0.2910746049,,,,
4607,0.0,-275.699493,-499.154083,1859.701294,0.9523019461,-0.1140871445,0.2830284913,,,,
4608,0.0,-276.427185,-497.572876,1859.701294,0.9421704498,-0.1721590017,0.2875345574,,,,
4609,0.0,-277.751251,-494.342285,1859.701294,0.9225405459,-0.2497323058,0.2941984307,,,,
4610,0.0,-279.146301,-491.40976,1859.701294,0.9019593255,-0.3110056079,0.2995745099,,,,
4611,0.0,-280.888153,-488.433167,1859.701294,0.8730962144,-0.3797744326,0.3057358022,,,,
4612,0.0,-283.209442,-486.137634,1859.701294,0.8078483428,-0.4955650709,0.3190553487,,,,
4613,0.0,-285.813263,-485.26712,1859.701294,0.7064209532,-0.6232479063,0.3354571271,,,,
4614,0.0,-289.250458,-483.53183,1859.701294,0.5492629873,-0.7546997213,0.3588014793,,,,
4615,0.0,-291.827515,-482.838684,1859.701294,0.4251893102,-0.8265994043,0.3687105577,,,,
4616,0.0,-294.758942,-482.309174,1859.701294,0.2963685393,-0.8776434788,0.376706269,,,,
4617,0.0,-296.687958,-482.292603,1859.701294,0.1947961693,-0.9053833099,0.3772737926,,,,
4618,0.0,-297.829529,-482.302887,1859.701294,0.1010127485,-0.9230529938,0.3711732686,,,,
4619,0.0,-298.863068,-482.298615,1859.701294,0.029830686,-0.9310644184,0.3636333028,,,,
4620,0.0,-300.694427,-482.287689,1859.701294,-0.0346497219,-0.9351327211,0.3525991927,,,,
4621,0.0,-301.426239,-482.279175,1859.701294,-0.0405083081,-0.9365265255,0.3482486814,,,,
4622,0.0,-301.754547,-482.273926,1859.701294,-0.0318379849,-0.9385077194,0.3436412006,,,,
4623,0.0,-302.433624,-482.259247,1859.701294,0.003359687,-0.943413699,0.3316011233,,,,
4624,0.0,-302.927429,-482.245483,1859.701294,0.0383226553,-0.9459662903,0.3219924716,,,,
4625,0.0,-303.202301,-482.232635,1859.701294,0.0401144477,-0.9460595064,0.3214999867,,,,
4626,0.0,-303.340973,-482.219788,1859.701294,0.0401144477,-0.9460595064,0.3214999867,,,,
4627,0.0,-303.494171,-482.201599,1859.701294,0.0401144477,-0.9460595064,0.3214999867,,,,
4628,0.0,-303.732513,-482.164734,1859.701294,0.0401144477,-0.9460595064,0.3214999867,,,,
4629,0.0,-304.040802,-482.108795,1859.701294,0.0401144477,-0.9460595064,0.3214999867,,,,
4630,0.0,-304.326782,-482.048096,1859.701294,0.0401144477,-0.9460595064,0.3214999867,,,,
4631,0.0,-304.596252,-481.983032,1859.701294,0.0401144477,-0.9460595064,0.3214999867,,,,
4632,0.0,-304.635925,-481.897491,1859.701294,0.0401144477,-0.9460595064,0.3214999867,,,,
4633,0.0,-304.638885,-481.826996,1859.701294,0.0401144477,-0.9460595064,0.3214999867,,,,
4634,0.0,-304.643188,-481.725677,1858.654785,0.0401144477,-0.9460595064,0.3214999867,,,,
4635,0.0,-304.648102,-481.611053,1857.117432,0.0401144477,-0.9460595064,0.3214999867,,,,
4636,0.0,-304.653198,-481.490417,1855.598511,0.0401144477,-0.9460595064,0.3214999867,,,,
4637,0.0,-304.657196,-481.396332,1854.47937,0.0401144477,-0.9460595064,0.3214999867,,,,
4638,0.0,-304.662476,-481.271637,1853.07373,0.0401144477,-0.9460595064,0.3214999867,,,,
4639,0.0,-304.668488,-481.130402,1851.566528,0.0401144477,-0.9460595064,0.3214999867,,,,
4640,0.0,-304.705719,-481.015778,1850.301025,0.0367394788,-0.9485268421,0.314558485,,,,
4641,0.0,-304.603699,-480.817688,1848.725952,0.0491498843,-0.9518203621,0.3026917363,,,,
4642,0.0,-304.470001,-480.594727,1847.207764,0.0656262044,-0.9545362575,0.2907812483,,,,
4643,0.0,-304.392456,-480.455383,1846.057617,0.0761309212,-0.9568809916,0.280326329,,,,
4644,0.0,-304.273956,-480.396667,1846.03125,0.0907862373,-0.9598312346,0.2654841997,,,,
4645,0.0,-304.184998,-480.508423,1846.03125,0.1002923428,-0.9627756802,0.2510068437,,,,
4646,0.0,-304.109528,-480.659485,1846.03125,0.1075906804,-0.9663167296,0.2337867053,,,,
4647,0.0,-304.006042,-480.695831,1846.03125,0.1098287101,-0.9689703168,0.2214366265,,,,
4648,0.0,-303.849396,-480.719757,1846.03125,0.1113733986,-0.9711109206,0.2110439434,,,,
4649,0.0,-303.711823,-480.723663,1846.03125,0.1109552639,-0.9732691569,0.2010872389,,,,
4650,0.0,-303.580078,-480.718475,1846.03125,0.1084212558,-0.9757281128,0.1902616126,,,,
4651,0.0,-303.467468,-480.715393,1846.03125,0.1069962165,-0.9766437619,0.1863297398,,,,
4652,0.0,-303.319916,-480.713623,1846.03125,0.1061924966,-0.9771724177,0.1840033142,,,,
4653,0.0,-303.112671,-480.712128,1846.03125,0.1057413908,-0.9774930491,0.1825543679,,,,
4654,0.0,-302.904785,-480.711945,1846.03125,0.1056579791,-0.9775521858,0.1822858071,,,,
4655,0.0,-302.691772,-480.711975,1846.03125,0.1056579791,-0.9775521858,0.1822858071,,,,
4656,0.0,-302.452087,-480.711945,1846.03125,0.1056579791,-0.9775521858,0.1822858071,,,,
4657,0.0,-302.265839,-480.711945,1846.03125,0.1056579791,-0.9775521858,0.1822858071,,,,
4658,0.0,-302.011383,-480.711914,1846.03125,0.1056579791,-0.9775521858,0.1822858071,,,,
4659,0.0,-301.739044,-480.711945,1846.03125,0.1056579791,-0.9775521858,0.1822858071,,,,
4660,0.0,-301.478912,-480.711945,1846.03125,0.1056579791,-0.9775521858,0.1822858071,,,,
4661,0.0,-301.197449,-480.711945,1846.03125,0.1056579791,-0.9775521858,0.1822858071,,,,
4662,0.0,-300.902985,-480.711914,1846.03125,0.1056579791,-0.9775521858,0.1822858071,,,,
4663,0.0,-300.327209,-480.711945,1846.03125,0.1056579791,-0.9775521858,0.1822858071,,,,
4664,0.0,-299.968842,-480.711945,1846.03125,0.1056579791,-0.9775521858,0.1822858071,,,,
4665,0.0,-299.608734,-480.711945,1846.03125,0.1056579791,-0.9775521858,0.1822858071,,,,
4666,0.0,-299.295776,-480.711945,1846.03125,0.1056579791,-0.9775521858,0.1822858071,,,,
4667,0.0,-298.951935,-480.711914,1846.03125,0.1056579791,-0.9775521858,0.1822858071,,,,
4668,0.0,-298.582123,-480.711945,1846.03125,0.1056579791,-0.9775521858,0.1822858071,,,,
4669,0.0,-298.14975,-480.711945,1846.03125,0.1056579791,-0.9775521858,0.1822858071,,,,
4670,0.0,-297.834198,-480.714417,1846.03125,0.1067412737,-0.9775017292,0.1819249017,,,,
4671,0.0,-297.264648,-480.717926,1846.03125,0.1084564557,-0.9774190764,0.1813536497,,,,
4672,0.0,-296.861053,-480.724487,1846.03125,0.1159842786,-0.9768091486,0.1799764828,,,,
4673,0.0,-296.323151,-480.727692,1846.03125,0.129216837,-0.9754722857,0.178204458,,,,
4674,0.0,-295.720581,-480.727905,1846.03125,0.1408928659,-0.9741114312,0.1767940042,,,,
4675,0.0,-295.192627,-480.725739,1846.03125,0.1519513804,-0.9726142797,0.1758756406,,,,
4676,0.0,-294.581787,-480.749115,1846.03125,0.1599449444,-0.971698427,0.1738383784,,,,
4677,0.0,-294.212738,-480.784149,1846.03125,0.1616421268,-0.9714252982,0.1737950312,,,,
4678,0.0,-293.576141,-480.820251,1846.03125,0.1637191651,-0.9710774027,0.1737950312,,,,
4679,0.0,-293.125885,-480.819885,1846.03125,0.1638230774,-0.9711999076,0.1730108052,,,,
4680,0.0,-292.574493,-480.819885,1846.03125,0.1638277498,-0.9712276068,0.1728508147,,,,
4681,0.0,-292.119568,-480.819885,1846.03125,0.1638277498,-0.9712276068,0.1728508147,,,,
4682,0.0,-291.523438,-480.819885,1846.03125,0.1638277498,-0.9712276068,0.1728508147,,,,
4683,0.0,-291.029663,-480.819885,1846.03125,0.1638277498,-0.9712276068,0.1728508147,,,,
4684,0.0,-290.429138,-480.819885,1846.03125,0.1638277498,-0.9712276068,0.1728508147,,,,
4685,0.0,-289.96405,-480.819855,1846.03125,0.1638277498,-0.9712276068,0.1728508147,,,,
4686,0.0,-289.252777,-480.819885,1846.03125,0.1638277498,-0.9712276068,0.1728508147,,,,
4687,0.0,-288.849945,-480.819885,1846.03125,0.1638277498,-0.9712276068,0.1728508147,,,,
4688,0.0,-288.098572,-480.819885,1846.03125,0.1638277498,-0.9712276068,0.1728508147,,,,
4689,0.0,-287.517609,-480.819885,1846.03125,0.1638277498,-0.9712276068,0.1728508147,,,,
4690,0.0,-286.906677,-480.819855,1846.03125,0.1638277498,-0.9712276068,0.1728508147,,,,
4691,0.0,-286.255219,-480.819885,1846.03125,0.1638277498,-0.9712276068,0.1728508147,,,,
4692,0.0,-285.561462,-480.819885,1846.03125,0.1638277498,-0.9712276068,0.1728508147,,,,
4693,0.0,-285.003784,-480.819885,1846.03125,0.1638277498,-0.9712276068,0.1728508147,0.1432672451,17.7189129992,34.3549184037,6.0
4694,0.0,-284.278717,-480.819855,1846.03125,0.1638277498,-0.9712276068,0.1728508147,0.1160902605,16.8294854665,35.9867726164,6.0
4695,0.0,-283.791382,-480.819885,1846.03125,0.1638277498,-0.9712276068,0.1728508147,0.0960736341,15.9398386271,37.269772081,6.0
4696,0.0,-282.940735,-480.819885,1846.03125,0.1638277498,-0.9712276068,0.1728508147,0.0759029206,14.8970391704,38.981381455,6.0
4697,0.0,-282.143616,-480.819885,1846.03125,0.1638277498,-0.9712276068,0.1728508147,0.057466935,13.618337727,40.7596900604,6.0
4698,0.0,-281.694305,-480.819885,1846.03125,0.1638277498,-0.9712276068,0.1728508147,0.04605331,12.5961090836,41.9903633525,6.0
4699,0.0,-280.833557,-480.819885,1846.03125,0.1638277498,-0.9712276068,0.1728508147,0.0342210272,11.3414781425,43.727615594,6.0
4700,0.0,-280.031982,-480.819885,1846.03125,0.1638277498,-0.9712276068,0.1728508147,0.0240289703,9.9230726104,45.5395046235,6.0
4701,0.0,-279.378357,-480.819916,1846.03125,0.1638277498,-0.9712276068,0.1728508147,0.0161680046,8.4656931499,47.2695932793,6.0
4702,0.0,-278.628082,-480.819885,1846.03125,0.1638277498,-0.9712276068,0.1728508147,0.0114450893,7.3592844302,48.7817304592,6.0
4703,0.0,-277.050629,-480.819885,1846.03125,0.1638277498,-0.9712276068,0.1728508147,0.0045408861,4.9880882775,52.4013420046,6.0
4704,0.0,-276.205353,-480.819885,1846.03125,0.1638277498,-0.9712276068,0.1728508147,0.0033138426,4.4093167693,54.2063866066,6.0
4705,0.0,-275.780838,-480.819885,1846.03125,0.1638277498,-0.9712276068,0.1728508147,0.0033926514,4.5375882827,55.1257545491,6.0
4706,0.0,-274.595795,-480.819885,1846.03125,0.1638277498,-0.9712276068,0.1728508147,0.004405103,5.3868572219,57.4541283299,6.0
4707,0.0,-274.1631625,-480.819885,1846.03125,0.1638277498,-0.9712276068,0.1728508147,0.0051512552,5.8886517871,58.1914151884,6.0
4708,0.0,-273.135742,-480.819855,1846.03125,0.1638277498,-0.9712276068,0.1728508147,0.007362659,7.2797173542,60.1011860927,6.0
4709,0.0,-272.041534,-480.819885,1846.03125,0.1638277498,-0.9712276068,0.1728508147,0.0088786318,8.1771643922,61.5008105771,6.0
4710,0.0,-271.363312,-480.819885,1846.03125,0.1638277498,-0.9712276068,0.1728508147,0.0099223636,8.7781049208,62.4680845998,6.0
4711,0.0,-270.364532,-480.819885,1846.03125,0.1638277498,-0.9712276068,0.1728508147,0.0112479028,9.542388454,63.801514803,6.0
4712,0.0,-269.604889,-480.819885,1846.03125,0.1638277498,-0.9712276068,0.1728508147,0.0120543875,10.023985183,64.753849803,6.0
4713,0.0,-268.611725,-480.819885,1846.03125,0.1638277498,-0.9712276068,0.1728508147,0.0128497633,10.5249886208,65.8656102196,6.0
4714,0.0,-267.796173,-480.819885,1846.03125,0.1638277498,-0.9712276068,0.1728508147,0.0132273508,10.8040909706,66.6465557669,6.0
4715,0.0,-266.826935,-480.819885,1846.03125,0.1638277498,-0.9712276068,0.1728508147,0.013582922,11.0929052783,67.5326015712,6.0
4716,0.0,-266.170135,-480.819885,1846.03125,0.1638277498,-0.9712276068,0.1728508147,0.0139474339,11.3477424631,68.1815617835,6.0
4717,0.0,-264.949066,-480.819885,1846.03125,0.1638277498,-0.9712276068,0.1728508147,0.0135326585,11.2919573298,68.8710892573,6.0
4718,0.0,-264.116486,-480.819916,1846.03125,0.1638277498,-0.9712276068,0.1728508147,0.0132258875,11.2374143035,69.3233808527,6.0
4719,0.0,-263.101196,-480.819885,1846.03125,0.1638277498,-0.9712276068,0.1728508147,0.0128028076,11.1403683439,69.8435746943,6.0
4720,0.0,-262.276031,-480.819885,1846.03125,0.1638277498,-0.9712276068,0.1728508147,0.0122860992,10.9664620743,70.1750280774,6.0
4721,0.0,-261.264648,-480.819885,1846.03125,0.1638277498,-0.9712276068,0.1728508147,0.0115203519,10.6707460214,70.5019833368,6.0
4722,0.0,-260.285858,-480.819885,1846.03125,0.1638277498,-0.9712276068,0.1728508147,0.0106363291,10.292864012,70.7592562798,6.0
4723,0.0,-259.589722,-480.819885,1846.03125,0.1638277498,-0.9712276068,0.1728508147,0.0101198532,10.074522378,70.9943682847,6.0
4724,0.0,-258.895874,-480.819885,1846.03125,0.1638277498,-0.9712276068,0.1728508147,0.0093775918,9.7129214457,71.0902053833,6.0
4725,0.0,-258.235413,-480.823029,1846.03125,0.1654709381,-0.9706567187,0.1744846788,0.0084660819,9.2433103487,71.185648986,6.0
4726,0.0,-257.804199,-480.825592,1846.03125,0.1669787284,-0.9700330124,0.1765051252,0.007864922,8.9211310689,71.2710766254,6.0
4727,0.0,-257.442078,-480.826935,1846.03125,0.1680146588,-0.9695868534,0.1779674355,0.0072817463,8.58491397,71.2681074382,6.0
4728,0.0,-257.074341,-480.829895,1846.03125,0.1697621724,-0.9687786235,0.1806897438,0.0065663782,8.1492727329,71.2286996473,6.0
4729,0.0,-256.934937,-480.830261,1846.03125,0.1701328629,-0.9683712652,0.1825154832,0.006310374,7.985145131,71.1912290399,6.0
4730,0.0,-256.823608,-480.830261,1846.03125,0.1700848315,-0.9680978779,0.1840044808,0.0061207004,7.8595932518,71.1459326622,6.0
4731,0.0,-256.691132,-480.830994,1846.03125,0.1705252963,-0.9678996117,0.1846387419,0.0058718487,7.693393199,71.0974409911,6.0
4732,0.0,-256.583832,-480.832001,1846.03125,0.1709132936,-0.9677533255,0.1850463377,0.0056711647,7.5574731687,71.0627644291,6.0
4733,0.0,-256.46225,-480.831665,1846.03125,0.1709769455,-0.9677293183,0.1851130752,0.0054924846,7.4333701865,71.0204632587,6.0
4734,0.0,-256.323425,-480.831665,1846.03125,0.1709769455,-0.9677293183,0.1851130752,0.0053001706,7.2975456346,70.9729930253,6.0
4735,0.0,-256.142792,-480.833099,1846.03125,0.1716756639,-0.9669719866,0.1883949137,0.0049491157,7.0467028946,70.9161531356,6.0
4736,0.0,-255.992416,-480.838257,1846.03125,0.1749296229,-0.9647680346,0.1965254854,0.0043975866,6.6387054181,70.866206518,6.0
4737,0.0,-255.728455,-480.846191,1846.03125,0.1796264687,-0.9614974318,0.2079832215,0.0037140963,6.095267692,70.7872160043,6.0
4738,0.0,-255.368301,-480.807312,1846.03125,0.1968584989,-0.9505761065,0.2401078866,0.0029781179,5.4539666559,70.721282161,6.0
4739,0.0,-254.996872,-480.756805,1846.03125,0.2154203784,-0.9370219852,0.2749251896,0.0040858598,6.3817300564,70.6684835971,6.0
4740,0.0,-254.591995,-480.652161,1846.03125,0.2399693366,-0.9198444644,0.3103238289,0.0072922539,8.5175820539,70.6583724275,6.0
4741,0.0,-253.960037,-480.371521,1846.03125,0.2872140784,-0.8852594442,0.3658193403,0.0183337261,13.4882673551,70.764515526,6.0
4742,0.0,-253.311508,-480.032166,1846.03125,0.3358489712,-0.8413312758,0.4235175946,0.0388069341,19.5682157185,70.9310495475,6.0
4743,0.0,-252.763779,-479.626343,1846.03125,0.3817341219,-0.7978453383,0.4666067685,0.0634085533,24.947228372,71.1917019555,6.0
4744,0.0,-252.242538,-479.062164,1846.03125,0.4323174393,-0.7441194183,0.5093014068,0.0981658653,30.9419233871,71.611164824,6.0
4745,0.0,-251.736206,-478.33017,1846.03125,0.4894520064,-0.6672209253,0.5614739267,,,,
4746,0.0,-251.474045,-477.761475,1846.03125,0.5265590916,-0.6097948085,0.5923561552,,,,
4747,0.0,-251.178116,-476.990265,1846.03125,0.5713629529,-0.5241711907,0.6314973784,,,,
4748,0.0,-251.101662,-476.9862215,1846.03125,0.5724321526,-0.5203884329,0.6336381258,,,,
4749,0.0,-250.878723,-477.013275,1846.03125,0.5733892581,-0.5142822121,0.637760586,,,,
4750,0.0,-250.726212,-477.110931,1846.03125,0.5715407938,-0.5190234797,0.6355751321,,,,
4751,0.0,-250.583755,-477.174744,1846.03125,0.5712166819,-0.5199193806,0.6351341118,,,,
4752,0.0,-250.448669,-477.227417,1846.03125,0.5712166819,-0.5199193806,0.6351341118,,,,
4753,0.0,-250.390427,-477.27243,1846.03125,0.5712166819,-0.5199193806,0.6351341118,,,,
4754,0.0,-250.202103,-477.446442,1846.031128,0.5712166819,-0.5199193806,0.6351341118,,,,
4755,0.0,-249.994629,-477.635376,1846.03125,0.5712166819,-0.5199193806,0.6351341118,,,,
4756,0.0,-249.844849,-477.771698,1846.03125,0.5712166819,-0.5199193806,0.6351341118,,,,
4757,0.0,-249.8806,-478.663269,1846.03125,0.5392033749,-0.5941246894,0.5968882424,,,,
4758,0.0,-250.270355,-479.891357,1846.03125,0.4719185695,-0.7017183371,0.5337454815,0.1323492457,34.9266543501,70.2503378568,6.0
4759,0.0,-250.900909,-480.809082,1846.03125,0.4064364705,-0.7747112317,0.4843881738,0.0803831045,27.294606195,69.4843762606,6.0
4760,0.0,-251.449036,-481.28183,1846.03125,0.3597035784,-0.8164478771,0.4516925942,0.0540254368,22.4184355341,69.1413060891,6.0
4761,0.0,-252.222977,-481.745575,1846.03125,0.2980122092,-0.8614942015,0.4111161197,0.0301550205,16.7832635524,68.8621495664,6.0
4762,0.0,-252.987122,-482.074829,1846.03125,0.2391514285,-0.8958847072,0.3744291464,0.0170568223,12.6413121466,68.7365860326,6.0
4763,0.0,-253.750214,-482.298645,1846.03125,0.1840851477,-0.921109082,0.3430316567,0.0125145427,10.8652252942,68.8936611298,6.0
4764,0.0,-254.327759,-482.409698,1846.03125,0.1461130934,-0.9350387527,0.3230379156,0.0133017381,11.2619299501,69.2775737502,6.0
4765,0.0,-254.966827,-482.487946,1846.03125,0.1077920095,-0.9466756142,0.3036217452,0.0167715676,12.8095064038,70.2359072339,6.0
4766,0.0,-255.400208,-482.516205,1846.03125,0.087287326,-0.9521939419,0.2927586372,0.0189681169,13.7774601977,71.0740926134,6.0
4767,0.0,-255.838196,-482.532715,1846.03125,0.0686621366,-0.9573789265,0.2805549895,0.0202943851,14.457320811,72.1272811965,6.0
4768,0.0,-256.138062,-482.532257,1846.03125,0.0595179808,-0.9606298158,0.2713815891,0.0214110514,14.885776466,72.3227125371,6.0
4769,0.0,-256.543335,-482.534912,1846.03125,0.0496969387,-0.9639570186,0.2613753634,0.0230025824,15.470630251,72.5465322125,6.0
4770,0.0,-256.911346,-482.531555,1846.03125,0.0346478575,-0.9685123627,0.2465427534,0.0256343523,16.3663102675,72.7487963821,6.0
4771,0.0,-257.277954,-482.521576,1846.03125,0.0180806001,-0.9729635685,0.2302498347,0.0275049382,16.9987845984,72.9801197189,6.0
4772,0.0,-257.625275,-482.510498,1846.03125,0.0081011367,-0.9755483033,0.2196357884,0.0271145473,16.93417103,73.2169826464,6.0
4773,0.0,-258.085907,-482.489655,1846.03125,0.0011398695,-0.9785394553,0.2060563883,0.0286240428,17.4580201146,73.4927968642,6.0
4774,0.0,-258.458008,-482.471008,1846.03125,-0.0040132235,-0.9808198638,0.1948750593,0.0309082131,18.1794164654,73.6902465517,6.0
4775,0.0,-258.770935,-482.450134,1846.03125,-0.0179561055,-0.9835799481,0.1795774597,0.0355331638,19.5159613026,73.8670335648,6.0
4776,0.0,-259.293793,-482.419525,1846.03125,-0.0374678854,-0.9865540175,0.1590827711,0.0431880806,21.5478395563,74.1220187192,6.0
4777,0.0,-259.723816,-482.386902,1846.03125,-0.0580077407,-0.989315264,0.1337550391,0.0513617908,23.5116649735,74.3186306028,6.0
4778,0.0,-260.223236,-482.34079,1846.03125,-0.0755452077,-0.9915420465,0.1055333674,0.0596137611,25.3505121804,74.5365665695,6.0
4779,0.0,-260.625031,-482.299255,1846.03125,-0.0880641489,-0.9928869662,0.080126013,0.0668304271,26.8530101188,74.7086487945,6.0
4780,0.0,-261.125031,-482.242493,1846.03125,-0.1015992907,-0.993578619,0.0497906822,0.0760310447,28.6543760689,74.9197720581,6.0
4781,0.0,-261.673248,-482.174042,1846.03125,-0.1146521968,-0.9931339954,0.023232326,0.0856327238,30.4262622996,75.1477695362,6.0
4782,0.0,-262.112152,-482.113739,1846.03125,-0.1296228986,-0.9915615618,-0.0018903475,0.0964305532,32.2741640939,75.3291923005,6.0
4783,0.0,-262.670776,-482.030457,1846.03125,-0.1492043304,-0.9884166748,-0.0277586882,0.1099968768,34.4351884794,75.5233118542,6.0
4784,0.0,-263.12677,-481.956787,1846.03125,-0.1616481526,-0.9859101786,-0.0430231846,0.1179865066,35.6545505398,75.6636744987,6.0
4785,0.0,-263.716919,-481.855469,1846.03125,-0.1701614183,-0.9838841256,-0.0549283091,0.1226007184,36.3778931895,75.8250512141,6.0
4786,0.0,-264.216003,-481.76535,1846.03125,-0.1706033256,-0.9837710988,-0.0555781481,0.1205287185,36.1419575315,75.9361465518,6.0
4787,0.0,-264.792755,-481.65506,1846.03125,-0.1715481402,-0.9837113143,-0.053696235,0.1161321881,35.5553306644,76.0156834596,6.0
4788,0.0,-265.816467,-481.458954,1846.03125,-0.1740148081,-0.983672798,-0.0458985076,0.1064386064,34.1472851482,76.0618520699,6.0
4789,0.0,-266.227478,-481.410339,1846.03125,-0.1795134378,-0.9833511485,-0.0282036252,0.0935205057,32.039492272,75.8780449763,6.0
4790,0.0,-266.475403,-481.382263,1846.03125,-0.183767982,-0.9829350348,-0.0082490132,0.0828675879,30.1632366788,75.6762386502,6.0
4791,0.0,-266.685028,-481.344025,1846.03125,-0.189038368,-0.9818361024,0.0161976401,0.0705851226,27.8295591389,75.4113869495,6.0
4792,0.0,-266.756241,-481.313187,1846.03125,-0.1911726316,-0.9811357505,0.0266654123,0.0649776354,26.6741787685,75.2959080766,6.0
4793,0.0,-267.05069,-481.172028,1846.03125,-0.1949343461,-0.9797058741,0.046658342,0.0523794381,23.9829110089,75.0877866288,6.0
4794,0.0,-267.264435,-481.057007,1846.03125,-0.196536691,-0.9788855172,0.0561825,0.04567427,22.4096271093,75.006749887,6.0
4795,0.0,-267.266022,-480.971527,1846.03125,-0.1982021746,-0.9775858805,0.0710052416,0.0375227686,20.3197942294,74.8806412525,6.0
4796,0.0,-267.2704925,-480.9144285,1846.03125,-0.199634345,-0.9764747994,0.0808839867,0.0330520841,19.0348086987,74.8283749147,6.0
4797,0.0,-267.280579,-480.781067,1846.03125,-0.2030247585,-0.9741005808,0.0995439899,0.0238817635,16.2363320922,74.7391692551,6.0
4798,0.0,-267.254425,-480.661499,1846.03125,-0.2027079075,-0.9732025408,0.1085648141,0.0170858231,13.754832174,74.7283484552,6.0
4799,0.0,-267.142456,-480.566071,1846.03125,-0.1931336108,-0.974255075,0.1163032983,0.010978266,11.0482222713,74.7662785645,6.0
4800,0.0,-267.018433,-480.44754,1846.03125,-0.182464067,-0.9754465628,0.1233323451,0.00596491,8.1654664492,74.8708307719,6.0
4801,0.0,-266.840881,-480.319183,1846.03125,-0.1658179628,-0.9771926235,0.1326611467,0.0022836007,5.0685473037,75.042363846,6.0
4802,0.0,-266.485779,-480.445618,1846.03125,-0.1253733685,-0.9810560632,0.1476838492,0.001148117,3.5962436989,75.0698818507,6.0
4803,0.0,-266.192322,-480.525269,1846.03125,-0.0914687496,-0.9829430015,0.1595510065,0.0048231494,7.3746007546,75.1765614553,6.0
4804,0.0,-265.422211,-480.52066,1846.03125,-0.0037861706,-0.9809734926,0.1941047957,0.0258124652,17.071172857,75.6230893291,6.0
4805,0.0,-265.237305,-480.541962,1846.03125,0.017167329,-0.9795691101,0.2003737541,0.0377868886,20.6732260879,75.9214687113,6.0
4806,0.0,-264.997864,-480.680145,1846.03125,0.0445249723,-0.9770254874,0.2084195858,0.056492043,25.2737126381,76.2750043866,6.0
4807,0.0,-264.985504,-480.829315,1846.03125,0.0451783719,-0.9769544551,0.2086118584,0.0634231789,26.7891236094,76.4393769617,6.0
4808,0.0,-264.97699,-481.013458,1846.031372,0.0451783719,-0.9769544551,0.2086118584,0.0723060722,28.6312750288,76.6892099866,6.0
4809,0.0,-264.965607,-481.257996,1846.03125,0.0451783719,-0.9769544551,0.2086118584,0.0812193242,30.3576177319,76.8998219235,6.0
4810,0.0,-265.004578,-481.433777,1846.03125,0.0451783719,-0.9769544551,0.2086118584,0.0892740995,31.8619354518,77.1454326458,6.0
4811,0.0,-265.092529,-481.579254,1846.03125,0.0451783719,-0.9769544551,0.2086118584,0.0967889368,33.2197541405,77.3998425839,6.0
4812,0.0,-265.200012,-481.72052,1846.03125,0.0451783719,-0.9769544551,0.2086118584,0.102108253,34.1353964485,77.5423233937,6.0
4813,0.0,-265.341461,-481.896301,1846.03125,0.0451783719,-0.9769544551,0.2086118584,0.108958154,35.2871559497,77.738511167,6.0
4814,0.0,-265.474243,-482.041718,1846.03125,0.0451783719,-0.9769544551,0.2086118584,0.1139923071,36.1048058546,77.8673710401,6.0
4815,0.0,-265.682861,-482.210541,1846.03125,0.0400350645,-0.976628228,0.2111740936,0.1168186233,36.5740232754,77.9777356328,6.0
4816,0.0,-265.757568,-482.380371,1846.03125,0.0477049753,-0.9747435986,0.2181722995,0.125084526,37.8031781091,78.0612807109,6.0
4817,0.0,-265.819336,-482.604919,1846.03125,0.0631422814,-0.9700686598,0.234477819,0.1388544535,39.7306158866,78.154721859,6.0
4818,0.0,-265.709991,-482.687042,1846.03125,0.0895132846,-0.964989098,0.2465429225,,,,
4819,0.0,-265.64267,-482.848206,1846.03125,0.1227039257,-0.9573761743,0.2614853867,,,,
4820,0.0,-265.108948,-482.729889,1846.03125,0.2066006524,-0.9386025545,0.2762995025,,,,
4821,0.0,-264.613678,-482.418304,1846.03125,0.2904219806,-0.9149617894,0.2801785095,,,,
4822,0.0,-264.273621,-482.036957,1846.03125,0.3536674137,-0.8914490514,0.2832630388,,,,
4823,0.0,-263.925018,-481.437012,1846.03125,0.4359145408,-0.8528453568,0.2874601024,,,,
4824,0.0,-263.727173,-481.025574,1846.03125,0.4908582363,-0.8191649027,0.2966935356,,,,
4825,0.0,-263.569702,-480.895447,1846.03125,0.5198754877,-0.7965600334,0.3085799581,,,,
4826,0.0,-263.41037,-480.979004,1846.03125,0.5318771148,-0.7859033839,0.3153769266,,,,
4827,0.0,-263.265656,-481.18042,1846.03125,0.5327521262,-0.7850407919,0.3160476657,,,,
4828,0.0,-263.122742,-481.391022,1846.03125,0.5327521262,-0.7850407919,0.3160476657,,,,
4829,0.0,-263.009369,-481.558136,1846.03125,0.5327521262,-0.7850407919,0.3160476657,,,,
4830,0.0,-262.759003,-481.927032,1846.03125,0.5327521262,-0.7850407919,0.3160476657,,,,
4831,0.0,-262.692322,-482.0252685,1846.03125,0.5327521262,-0.7850407919,0.3160476657,,,,
4832,0.0,-262.520477,-482.278534,1846.03125,0.5327521262,-0.7850407919,0.3160476657,,,,
4833,0.0,-262.394379,-482.464294,1846.03125,0.5327521262,-0.7850407919,0.3160476657,,,,
4834,0.0,-262.282959,-482.62851,1846.03125,0.5327521262,-0.7850407919,0.3160476657,,,,
4835,0.0,-262.232315,-482.7031405,1846.03125,0.5327521262,-0.7850407919,0.3160476657,,,,
4836,0.0,-262.115601,-482.917725,1846.03125,0.5303088517,-0.7868456049,0.3156683636,,,,
4837,0.0,-262.000183,-483.146973,1846.03125,0.5270125371,-0.7892612288,0.3151578945,,,,
4838,0.0,-261.901947,-483.277008,1846.03125,0.5284723522,-0.7893471137,0.312486971,,,,
4839,0.0,-261.791595,-483.461853,1846.03125,0.527723953,-0.7906771476,0.3103821479,,,,
4840,0.0,-261.652374,-483.706879,1846.03125,0.5259503835,-0.7924324636,0.3089125844,,,,
4841,0.0,-261.51944,-483.936584,1846.03125,0.5243401445,-0.793557573,0.3087617062,,,,
4842,0.0,-261.465424,-484.159424,1846.03125,0.5239511385,-0.7939899709,0.3083101208,,,,
4843,0.0,-261.44696,-484.382385,1846.03125,0.5237064156,-0.794295921,0.3079376239,,,,
4844,0.0,-261.446777,-484.661987,1846.03125,0.5226180596,-0.7956512962,0.3062831675,,,,
4845,0.0,-261.478699,-484.966217,1846.03125,0.5189573066,-0.7995226676,0.3024017491,,,,
4846,0.0,-261.518158,-485.251495,1846.03125,0.5159508447,-0.8026299382,0.2992990281,,,,
4847,0.0,-261.598602,-485.631958,1846.03125,0.507866022,-0.8094845254,0.2946301187,,,,
4848,0.0,-261.684265,-485.993073,1846.03125,0.499227347,-0.8156792319,0.2923002679,,,,
4849,0.0,-261.78598,-486.330841,1846.03125,0.4922225822,-0.82049725,0.290690888,,,,
4850,0.0,-261.903473,-486.630463,1846.03125,0.4880176505,-0.823116218,0.2903764187,,,,
4851,0.0,-262.018616,-486.948792,1846.03125,0.4845932358,-0.8251369049,0.2903764521,,,,
4852,0.0,-262.076874,-487.176697,1846.03125,0.4845345686,-0.8251713684,0.2903764187,,,,
4853,0.0,-262.159058,-487.496307,1846.03125,0.4845345686,-0.8251713684,0.2903764187,,,,
4854,0.0,-262.250549,-487.851959,1846.03125,0.4845345686,-0.8251713684,0.2903764187,,,,
4855,0.0,-262.329559,-488.157562,1846.03125,0.4845345686,-0.8251713684,0.2903764187,,,,
4856,0.0,-262.414062,-488.48407,1846.03125,0.4845345686,-0.8251713684,0.2903764187,,,,
4857,0.0,-262.414337,-488.827759,1846.03125,0.4956422597,-0.8179943967,0.2919313573,,,,
4888,0.0,-253.708145,-497.396149,1846.03125,0.9060612319,-0.0679775666,0.4176506847,,,,
4889,0.0,-253.173904,-497.952484,1859.672974,0.9062889581,-0.0402417352,0.4207385497,,,,
4890,0.0,-252.778946,-498.354767,1859.680298,0.9059046271,-0.0193218118,0.4230407477,,,,
4891,0.0,-252.28038,-498.852905,1859.690186,0.9046885366,0.007888544,0.4260004961,,,,
4892,0.0,-252.045319,-499.347351,1858.437134,0.902569447,0.0361033925,0.4290278993,,,,
4893,0.0,-250.601837,-500.125641,1857.114624,0.8987302633,-0.1093444941,0.4246500859,0.1488691296,24.0762856976,45.8636486618,6.0
4894,0.0,-249.445496,-501.280914,1855.868408,0.8729663912,-0.2473635709,0.4204056893,0.0787513426,18.0822184733,46.4869379143,6.0
4895,0.0,-248.65303,-502.729675,1854.521851,0.8262734985,-0.3905845744,0.4058519383,0.0490564887,14.7605527762,47.7124859279,6.0
4896,0.0,-248.512772,-504.676086,1852.834839,0.7369343204,-0.5561877518,0.3841653187,0.088220731,20.678187332,50.3510191398,6.0
4897,0.0,-248.875412,-505.758118,1851.595459,0.6654569419,-0.6495772592,0.3677178848,,,,
4898,0.0,-249.796783,-506.823669,1850.109497,0.5657941981,-0.747611243,0.3477849259,,,,
4899,0.0,-250.671524,-507.417664,1848.564575,0.474776123,-0.8100493772,0.3441041115,,,,
4900,0.0,-250.887009,-507.468536,1847.449463,0.4348763198,-0.8294745659,0.350506107,,,,
4901,0.0,-251.125595,-507.519104,1846.215576,0.4102235139,-0.8397206329,0.3557891613,,,,
4902,0.0,-251.435852,-507.576111,1846.03125,0.4032497371,-0.8423387714,0.3575682365,,,,
4903,0.0,-251.617813,-507.56958,1846.03125,0.4032497371,-0.8423387714,0.3575682365,,,,
4904,0.0,-251.618469,-507.568207,1846.03125,0.4032497371,-0.8423387714,0.3575682365,,,,
4905,0.0,-251.6539,-507.494232,1846.03125,0.4032497371,-0.8423387714,0.3575682365,,,,
4906,0.0,-251.700394,-507.397064,1846.03125,0.4032497371,-0.8423387714,0.3575682365,,,,
4907,0.0,-251.7397,-507.315002,1846.03125,0.4032497371,-0.8423387714,0.3575682365,,,,
4908,0.0,-251.716019,-507.364441,1846.03125,0.4032497371,-0.8423387714,0.3575682365,,,,
4909,0.0,-251.630737,-507.542633,1846.03125,0.4032497371,-0.8423387714,0.3575682365,,,,
4910,0.0,-251.6027755,-507.6010285,1846.03125,0.4032497371,-0.8423387714,0.3575682365,,,,
4911,0.0,-251.574814,-507.659424,1846.03125,0.4032497371,-0.8423387714,0.3575682365,,,,
4912,0.0,-251.650436,-508.015839,1846.03125,0.3904028272,-0.8672100289,0.3090831575,,,,
4913,0.0,-251.7730255,-508.1111755,1846.03125,0.377332197,-0.8758345006,0.3003546758,,,,
4914,0.0,-250.409378,-509.045776,1842.953247,0.3433719174,-0.8963440734,0.2804693002,,,,
4915,0.0,-250.671112,-508.9861295,1843.0131835,0.3238168588,-0.9058890838,0.2719589609,,,,
4916,0.0,-251.219116,-508.803528,1843.12793,0.2750865294,-0.9279278174,0.2515499296,,,,
4917,0.0,-251.561661,-508.757996,1843.1521,0.2558433933,-0.9360891417,0.2414151548,,,,
4918,0.0,-252.05629,-508.702423,1843.193237,0.2335325665,-0.9452430569,0.2279870691,,,,
4919,0.0,-252.279053,-508.649719,1843.183716,0.2192905867,-0.9508615684,0.2185724509,,,,
4920,0.0,-252.322006,-508.770233,1843.006104,0.2019070304,-0.9574191925,0.2063541638,,,,
4921,0.0,-252.518387,-508.714996,1843.087891,0.1913021975,-0.9608055865,0.2006392139,,,,
4922,0.0,-252.608475,-508.790405,1843.089478,0.1794825714,-0.9642874225,0.1947710794,,,,
4923,0.0,-252.389694,-509.059326,1842.904419,0.1713902812,-0.9664127194,0.1914988962,,,,
4924,0.0,-252.394516,-509.239838,1842.883667,0.1636292343,-0.9683627539,0.1884119173,,,,
4925,0.0,-252.361832,-509.418091,1842.834106,0.1594672969,-0.9694442211,0.1864083782,,,,
4926,0.0,-252.402802,-509.644287,1842.828857,0.157972567,-0.9697567545,0.1860551131,,,,
4927,0.0,-252.383453,-509.855682,1842.791382,0.1578765344,-0.9699331647,0.1852151609,,,,
4928,0.0,-252.422089,-510.052917,1842.800903,0.1626207611,-0.9691685289,0.1851130752,,,,
4929,0.0,-252.416397,-510.266846,1842.776245,0.1735324481,-0.9671855296,0.1855765094,,,,
4930,0.0,-252.478409,-510.467682,1842.810791,0.1830545803,-0.9653441384,0.1860153626,,,,
4931,0.0,-252.430267,-510.66098,1842.797363,0.1975504201,-0.9624037371,0.1864212388,,,,
4932,0.0,-252.387192,-510.904419,1842.815552,0.218084854,-0.9578514719,0.1869747423,,,,
4933,0.0,-252.379883,-511.076294,1842.888062,0.2403366662,-0.9528190033,0.1854028958,,,,
4934,0.0,-252.249817,-511.412445,1842.964233,0.2690234006,-0.9455391741,0.1832541409,,,,
4935,0.0,-251.906525,-511.80777,1843.050659,0.290891807,-0.9393942669,0.1814397087,,,,
4936,0.0,-251.718475,-512.073669,1843.000244,0.3076624325,-0.9342209987,0.180485327,,,,
4937,0.0,-251.373993,-512.302246,1843.024048,0.3244128343,-0.9287166548,0.1795597063,,,,
4938,0.0,-251.017822,-512.506104,1843.083618,0.3429252085,-0.9222329387,0.178574097,,,,
4939,0.0,-250.816513,-512.729126,1842.986938,0.3544079196,-0.9180710608,0.1775966045,,,,
4940,0.0,-250.715073,-512.957397,1842.97522,0.362168158,-0.9153811962,0.17581664,,,,
4941,0.0,-250.527573,-513.146179,1842.979614,0.3664486162,-0.9138694234,0.1748087202,,,,
4942,0.0,-250.481262,-513.426086,1842.955322,0.3701965214,-0.9125265905,0.1739245733,,,,
4943,0.0,-250.390274,-513.696045,1843.004395,0.3738709728,-0.9110520198,0.1737950312,,,,
4944,0.0,-250.358383,-513.95575,1843.015503,0.3742413035,-0.9108999549,0.1737950484,,,,
4945,0.0,-250.399323,-514.24115,1843.096558,0.3742413035,-0.9108999549,0.1737950484,,,,
4946,0.0,-250.549561,-514.663818,1843.101929,0.3742413035,-0.9108999549,0.1737950484,,,,
4947,0.0,-250.643555,-514.92865,1843.011108,0.3742413035,-0.9108999549,0.1737950484,,,,
4948,0.0,-250.841782,-515.340088,1843.02417,0.3742413035,-0.9108999549,0.1737950484,,,,
4949,0.0,-251.048737,-515.803284,1842.954834,0.3742413035,-0.9108999549,0.1737950484,,,,
4950,0.0,-251.237259,-516.190613,1842.790283,0.3742413035,-0.9108999549,0.1737950484,,,,
4951,0.0,-251.445541,-516.674988,1842.727905,0.373997013,-0.9103053541,0.1773989756,,,,
4952,0.0,-251.7798,-517.414062,1842.507324,0.3715719945,-0.9097465456,0.1851903772,,,,
4953,0.0,-251.912979,-517.716156,1842.4735105,0.370637794,-0.9096682596,0.1874178296,,,,
4954,0.0,-252.046158,-518.01825,1842.439697,0.3697035936,-0.9095899735,0.1896452821,,,,
4955,0.0,-252.416458,-518.863159,1842.289673,0.3679498511,-0.9090331823,0.1956312361,,,,
4956,0.0,-252.651886,-519.411194,1842.233643,0.3673431083,-0.9087747545,0.1979582948,,,,
4957,0.0,-252.784897,-519.694794,1842.1674805,0.3667718853,-0.9086683963,0.1994929499,,,,
4958,0.0,-253.120117,-520.43689,1841.895264,0.3651691372,-0.9082367486,0.2043465434,,,,
4959,0.0,-253.34288,-520.929504,1841.852783,0.3641394215,-0.9080255702,0.2071039486,,,,
4960,0.0,-253.602097,-521.55481,1841.775513,0.3628532945,-0.9077797135,0.2104126384,,,,
4961,0.0,-253.794235,-521.996643,1841.58667,0.3618604625,-0.9076614103,0.212621189,,,,
4962,0.0,-254.067917,-522.588257,1841.431152,0.3608809265,-0.9075418366,0.2147854085,,,,
4963,0.0,-254.276352,-523.132629,1841.44458,0.3591964426,-0.9076059039,0.2173233511,,,,
4964,0.0,-254.480988,-523.608337,1841.386597,0.3580053458,-0.9077455179,0.2187012736,,,,
4965,0.0,-254.826004,-524.398193,1841.262939,0.3568733838,-0.907921374,0.2198184855,,,,
4966,0.0,-255.013657,-524.868652,1841.102539,0.3561288487,-0.9078901609,0.2211508511,,,,
4967,0.0,-255.268341,-525.460266,1841.130859,0.3551079271,-0.9078347288,0.2230122535,,,,
4968,0.0,-255.533463,-526.161011,1841.230225,0.3533627974,-0.908026191,0.2249959328,,,,
4969,0.0,-255.801895,-526.755188,1841.456909,0.3520834455,-0.9080417474,0.2269304571,,,,
4970,0.0,-255.907242,-527.435547,1841.591553,0.3510373337,-0.9079702084,0.2288293926,,,,
4971,0.0,-255.977081,-527.910706,1841.914062,0.3497133686,-0.9080187846,0.2306565558,,,,
4972,0.0,-255.966461,-528.285217,1842.407715,0.3479881487,-0.9081087317,0.232900794,,,,
4973,0.0,-255.974564,-528.511963,1842.854858,0.3462842623,-0.9085177999,0.2338431459,,,,
4974,0.0,-256.0042955,-528.57312,1843.207214,0.3455943498,-0.9086892254,0.2341960868,,,,
4975,0.0,-256.034027,-528.634277,1843.55957,0.336718802,-0.9101357296,0.2413988444,,,,
4976,0.0,-256.225891,-528.745728,1844.338257,0.3424781166,-0.9091096506,0.2371252471,,,,
4977,0.0,-256.25116,-528.751404,1844.380127,0.3411570064,-0.909430041,0.2378001208,,,,
4978,0.0,-256.313263,-528.712097,1844.38501,0.3387578073,-0.9097270527,0.2400829807,,,,
4979,0.0,-256.335175,-528.709473,1844.368042,0.3379500375,-0.9099256827,0.2404683433,,,,
4980,0.0,-256.446014,-528.692383,1844.269653,0.3368169966,-0.9101248083,0.241303013,,,,
4981,0.0,-256.621887,-528.661499,1844.111816,0.336064462,-0.9102079509,0.2420375251,,,,
4982,0.0,-256.678162,-528.661377,1844.066895,0.334120702,-0.910622406,0.2431670006,,,,
4983,0.0,-256.889709,-528.625671,1843.882446,0.3338798654,-0.9105013789,0.2439497378,,,,
4984,0.0,-257.021698,-528.608521,1843.760498,0.333427501,-0.9106030066,0.2441889962,,,,
4985,0.0,-257.144562,-528.593201,1843.649658,0.333087844,-0.9107273041,0.2441889962,,,,
4986,0.0,-257.1763,-528.61084,1843.518799,0.3321717153,-0.9110618451,0.2441889962,,,,
4987,0.0,-257.1763,-528.65033,1843.340332,0.3303650568,-0.911718522,0.2441889962,,,,
4988,0.0,-257.170563,-528.664124,1843.303833,0.3288017458,-0.9122834881,0.2441889623,,,,
4989,0.0,-257.134277,-528.693726,1843.229736,0.3286164955,-0.912350225,0.2441889962,,,,
4990,0.0,-257.173492,-528.694397,1843.208374,0.3286164955,-0.912350225,0.2441889962,,,,
4991,0.0,-257.192017,-528.677856,1843.179688,0.3280041132,-0.9125705603,0.2441890131,,,,
4992,0.0,-257.200806,-528.675598,1843.176025,0.3277416341,-0.9126648648,0.2441889962,,,,
4993,0.0,-257.546265,-528.527466,1843.151245,0.3277416341,-0.9126648648,0.2441889962,,,,
4994,0.0,-257.558685,-528.52417,1843.150024,0.3277416341,-0.9126648648,0.2441889962,,,,
4995,0.0,-257.741821,-528.434387,1843.163574,0.3277416341,-0.9126648648,0.2441889962,,,,
4996,0.0,-258.21582,-528.154358,1843.272217,0.327352789,-0.9127029259,0.2445680285,,,,
4997,0.0,-258.21228,-528.161255,1843.269531,0.3269337156,-0.9127436392,0.2449763146,,,,
4998,0.0,-258.611328,-527.667419,1843.56543,0.326787408,-0.9127578319,0.2451186046,,,,
4999,0.0,-258.637161,-527.5952755,1843.6099245,0.3267504688,-0.9126544554,0.245551983,,,,
5000,0.0,-258.710236,-527.409363,1843.718994,0.3260778111,-0.91276156,0.246047954,,,,
5001,0.0,-258.7221375,-527.385498,1843.733032,0.325729971,-0.9128264644,0.246267453,,,,
5002,0.0,-258.782684,-527.235535,1843.80542,0.3249789473,-0.9129289547,0.2468793379,,,,
5003,0.0,-258.808868,-527.180115,1843.828979,0.3242785734,-0.9129934353,0.2475608895,,,,
5004,0.0,-258.809753,-527.186707,1843.828857,0.3238557762,-0.9128338874,0.2487000808,,,,
5005,0.0,-258.82019,-527.1634525,1843.817871,0.3236331336,-0.9128944692,0.2487674119,,,,
5006,0.0,-258.840149,-527.123718,1843.79187,0.323037753,-0.9130870153,0.2488347092,,,,
5007,0.0,-258.842621,-527.118713,1843.787964,0.3229688085,-0.9131113949,0.248834743,,,,
5008,0.0,-258.845856,-527.109558,1843.778809,0.3229688085,-0.9131113949,0.248834743,,,,
5009,0.0,-258.849579,-527.098999,1843.750854,0.3229688085,-0.9131113949,0.248834743,,,,
5010,0.0,-258.849548,-527.09906,1843.74585,0.3229688085,-0.9131113949,0.248834743,,,,
5011,0.0,-258.851959,-527.092163,1843.723145,0.3229688085,-0.9131113949,0.248834743,,,,
5012,0.0,-258.845551,-527.110291,1843.72168,0.3229688085,-0.9131113949,0.248834743,,,,
5013,0.0,-258.836182,-527.136841,1843.732422,0.3229688085,-0.9131113949,0.248834743,,,,
5014,0.0,-258.816711,-527.191895,1843.720581,0.3229688085,-0.9131113949,0.248834743,,,,
5015,0.0,-258.395691,-528.382141,1843.572754,0.3229688085,-0.9131113949,0.248834743,,,,
5016,0.0,-258.397369,-528.377502,1843.561279,0.3229688085,-0.9131113949,0.248834743,,,,
5017,0.0,-258.401337,-528.21875,1843.624512,0.3229688085,-0.9131113949,0.248834743,,,,
5018,0.0,-258.388977,-528.102783,1843.70813,0.3229688085,-0.9131113949,0.248834743,,,,
5019,0.0,-258.375275,-527.963623,1843.842163,0.3229688085,-0.9131113949,0.248834743,,,,
5020,0.0,-258.36441,-527.824341,1843.984253,0.3229688085,-0.9131113949,0.248834743,,,,
5021,0.0,-258.374512,-527.82605,1843.982422,0.3203526066,-0.9140325275,0.2488347768,,,,
5022,0.0,-258.366638,-527.709412,1844.118652,0.3180924186,-0.9150438079,0.2480162149,,,,
5023,0.0,-258.348419,-527.603577,1844.25647,0.316448768,-0.9156433605,0.2479060578,,,,
5024,0.0,-258.181488,-527.479919,1844.526367,0.3134046136,-0.9166897701,0.2479060578,,,,
5025,0.0,-258.243958,-527.490417,1844.491455,0.3127141409,-0.9169255436,0.2479060578,,,,
5026,0.0,-258.112305,-527.468567,1844.576294,0.3125192608,-0.9169919837,0.2479060578,,,,
5027,0.0,-258.011322,-527.439026,1844.654907,0.3125192608,-0.9169919837,0.2479060578,,,,
5028,0.0,-257.898132,-527.427307,1844.70105,0.3125192608,-0.9169919837,0.2479060578,,,,
5029,0.0,-257.779694,-527.395569,1844.772827,0.3125192608,-0.9169919837,0.2479060578,,,,
5030,0.0,-257.6604,-527.388794,1844.817261,0.3125192608,-0.9169919837,0.2479060578,,,,
5031,0.0,-256.466888,-528.721313,1844.449097,0.3125192608,-0.9169919837,0.2479060578,,,,
5032,0.0,-256.57959,-528.653198,1844.538208,0.3125192608,-0.9169919837,0.2479060578,,,,
5033,0.0,-256.706177,-528.55188,1844.549805,0.3125192608,-0.9169919837,0.2479060578,,,,
5034,0.0,-256.694824,-528.557495,1844.54541,0.3125192608,-0.9169919837,0.2479060578,,,,
5035,0.0,-257.016724,-528.316833,1844.637695,0.3125192608,-0.9169919837,0.2479060578,,,,
5036,0.0,-257.215424,-528.128296,1844.732056,0.3125192608,-0.9169919837,0.2479060578,,,,
5037,0.0,-257.291473,-528.048584,1844.779541,0.3125192608,-0.9169919837,0.2479060578,,,,
5038,0.0,-257.499115,-527.830627,1844.912231,0.3125192608,-0.9169919837,0.2479060578,,,,
5039,0.0,-257.588974,-527.737091,1844.970947,0.3125192608,-0.9169919837,0.2479060578,,,,
5040,0.0,-257.781891,-527.553955,1845.087524,0.3125192608,-0.9169919837,0.2479060578,,,,
5041,0.0,-257.839859,-527.496643,1845.11676,0.3125192608,-0.9169919837,0.2479060578,,,,
5042,0.0,-257.908295,-527.417664,1845.142212,0.3125192608,-0.9169919837,0.2479060578,,,,
5043,0.0,-257.9154665,-527.390076,1845.131775,0.3125192608,-0.9169919837,0.2479060578,,,,
5044,0.0,-257.900513,-527.360168,1845.097656,0.3125192608,-0.9169919837,0.2479060578,,,,
5045,0.0,-257.859131,-527.3526,1845.052246,0.3125192608,-0.9169919837,0.2479060578,,,,
5046,0.0,-257.787292,-527.361816,1845.000366,0.3125192608,-0.9169919837,0.2479060578,,,,
5047,0.0,-257.7782285,-527.364349,1844.994629,0.3125192608,-0.9169919837,0.2479060578,,,,
5048,0.0,-257.643036,-527.397644,1844.907593,0.3125192608,-0.9169919837,0.2479060578,,,,
5049,0.0,-257.632019,-527.400635,1844.900635,0.3125192608,-0.9169919837,0.2479060578,,,,
5050,0.0,-257.449707,-527.455566,1844.792603,0.3125192608,-0.9169919837,0.2479060578,,,,
5051,0.0,-257.322968,-527.4953,1844.73291,0.3125192608,-0.9169919837,0.2479060578,,,,
5052,0.0,-257.26355,-527.522217,1844.706909,0.3125192608,-0.9169919837,0.2479060578,,,,
5053,0.0,-257.177399,-527.562317,1844.670044,0.3122685451,-0.9172506565,0.2472642086,,,,
5054,0.0,-257.103333,-527.598145,1844.639648,0.3119361454,-0.9175921022,0.2464154524,,,,
5055,0.0,-257.015442,-527.644043,1844.607788,0.3111034377,-0.9184423098,0.2442915769,,,,
5056,0.0,-256.98642,-527.657898,1844.597046,0.3111196891,-0.9186496881,0.2434898143,,,,
5057,0.0,-256.934204,-527.690186,1844.574951,0.3112302373,-0.918976106,0.2421128991,,,,
5058,0.0,-256.879913,-527.723938,1844.554199,0.3121357852,-0.9190736612,0.2405719371,,,,
5059,0.0,-256.839569,-527.744873,1844.546753,0.3147922202,-0.9185318671,0.239175808,,,,
5060,0.0,-256.770844,-527.776123,1844.536499,0.3210784755,-0.9167022769,0.2378351278,,,,
5061,0.0,-256.712463,-527.810791,1844.529541,0.3276776787,-0.9144056383,0.2376755509,,,,
5062,0.0,-256.592987,-527.867859,1844.519043,0.3419106835,-0.909179534,0.237675534,,,,
5063,0.0,-256.524384,-527.896179,1844.51355,0.3567767394,-0.9034493204,0.2376755848,,,,
5064,0.0,-256.397522,-528.003601,1844.494873,0.3758076091,-0.895531247,0.2383116164,,,,
5065,0.0,-255.835587,-528.228333,1844.260498,0.4099520904,-0.8801065633,0.239482193,,,,
5066,0.0,-255.430466,-528.293213,1844.116455,0.4452342281,-0.8625577692,0.2403343025,,,,
5067,0.0,-254.984497,-528.356995,1843.950928,0.4781808958,-0.8446999459,0.2404683602,,,,
5068,0.0,-254.819641,-528.272949,1844.177856,0.5219395034,-0.8183850748,0.2404683433,,,,
5069,0.0,-254.416061,-528.351501,1843.895874,0.5491309962,-0.800393721,0.2404683771,,,,
5070,0.0,-254.185043,-528.375427,1843.785645,0.5765504135,-0.7811557633,0.2395522786,,,,
5071,0.0,-253.830643,-528.419983,1843.697998,0.6147267091,-0.7520532803,0.2377539416,,,,
5072,0.0,-253.563675,-528.443481,1843.660278,0.6350942685,-0.7352085594,0.2369042937,,,,
5073,0.0,-253.326233,-528.497131,1843.640381,0.6551122104,-0.7177067804,0.2360613674,,,,
5074,0.0,-252.964188,-528.50061,1843.561035,0.6728345466,-0.7012033252,0.235812573,,,,
5075,0.0,-252.572571,-528.516785,1843.525146,0.6903174429,-0.6841430284,0.2353935953,,,,
5076,0.0,-252.309692,-528.589111,1843.489258,0.699972587,-0.674397583,0.2350027182,,,,
5077,0.0,-252.042801,-528.66687,1843.461914,0.7080465184,-0.6659588194,0.2348807754,,,,
5078,0.0,-251.711197,-528.789551,1843.408691,0.7168497342,-0.6564735181,0.2348807754,,,,
5079,0.0,-251.249237,-528.995483,1843.226196,0.7281257991,-0.6439439804,0.2348807585,,,,
5080,0.0,-251.0791855,-529.071228,1843.24353,0.7312143956,-0.640417493,0.23488075,,,,
5081,0.0,-250.909134,-529.146973,1843.260864,0.7343029921,-0.6368910056,0.2348807415,,,,
5082,0.0,-250.390656,-529.476013,1843.101685,0.7419157492,-0.6280064032,0.2348807754,,,,
5083,0.0,-250.15686,-529.646851,1843.054321,0.7441057431,-0.6254100289,0.2348806906,,,,
5084,0.0,-249.967972,-529.807373,1843.001587,0.7450224102,-0.6243177441,0.2348807415,,,,
5085,0.0,-249.774414,-529.954529,1843.0197755,0.7454056588,-0.6238598244,0.23488075,,,,
5086,0.0,-249.364777,-530.319397,1842.907959,0.7458568917,-0.6233205584,0.2348807754,,,,
5087,0.0,-249.128845,-530.517517,1842.866821,0.7458568917,-0.6233205584,0.2348807754,,,,
5088,0.0,-248.85791,-530.744751,1842.85022,0.7458568917,-0.6233205584,0.2348807754,,,,
5089,0.0,-248.672714,-530.899933,1842.836731,0.7458568917,-0.6233205584,0.2348807754,,,,
5090,0.0,-248.227173,-531.27301,1842.744263,0.7458568917,-0.6233205584,0.2348807754,,,,
5091,0.0,-247.938751,-531.514282,1842.695923,0.7458568917,-0.6233205584,0.2348807754,,,,
5092,0.0,-247.673203,-531.73645,1842.691772,0.7458568917,-0.6233205584,0.2348807754,,,,
5093,0.0,-247.175888,-532.152344,1842.650024,0.7458568917,-0.6233205584,0.2348807754,,,,
5094,0.0,-246.881653,-532.398499,1842.593018,0.7458568917,-0.6233205584,0.2348807754,,,,
5095,0.0,-246.601913,-532.609924,1842.587646,0.7458568917,-0.6233205584,0.2348807754,,,,
5096,0.0,-246.200363,-532.881226,1842.598022,0.7458568917,-0.6233205584,0.2348807754,,,,
5097,0.0,-245.850159,-533.055237,1842.68457,0.7458568917,-0.6233205584,0.2348807754,,,,
5098,0.0,-245.589294,-533.029541,1842.785278,0.7458568917,-0.6233205584,0.2348807754,,,,
5099,0.0,-245.269577,-532.961365,1842.833008,0.7458568917,-0.6233205584,0.2348807754,,,,
5100,0.0,-244.995712,-532.875793,1842.886353,0.7458568917,-0.6233205584,0.2348807754,,,,
5101,0.0,-244.817474,-532.731018,1842.917725,0.7458568917,-0.6233205584,0.2348807754,,,,
5102,0.0,-244.510498,-532.589966,1842.936523,0.7458568917,-0.6233205584,0.2348807754,,,,
5103,0.0,-243.996613,-532.455017,1842.945068,0.7458568917,-0.6233205584,0.2348807754,,,,
5104,0.0,-243.655777,-532.351013,1842.935547,0.7458568917,-0.6233205584,0.2348807754,,,,
5105,0.0,-243.37587,-532.251953,1842.883423,0.7458568917,-0.6233205584,0.2348807754,,,,
5106,0.0,-242.567337,-532.385315,1842.851318,0.7458568917,-0.6233205584,0.2348807754,,,,
5107,0.0,-242.377396,-532.244202,1842.808716,0.7458568917,-0.6233205584,0.2348807754,,,,
5108,0.0,-241.260788,-532.358765,1842.74292,0.7457707846,-0.6232486863,0.2353444536,,,,
5109,0.0,-241.082657,-532.280518,1842.580566,0.7457333154,-0.6232171297,0.2355466652,,,,
5110,0.0,-239.934738,-532.372803,1842.534424,0.746985808,-0.619509007,0.2412898525,,,,
5111,0.0,-239.785706,-532.230896,1842.471558,0.7484092072,-0.6162943843,0.2450813955,,,,
5112,0.0,-238.820633,-532.250977,1842.430786,0.7549922324,-0.601921953,0.2601474419,,,,
5113,0.0,-237.450211,-532.195801,1842.255615,0.7646869562,-0.5794878863,0.2818645928,,,,
5114,0.0,-236.98642,-532.006104,1842.121826,0.7699932279,-0.5657179781,0.2950823583,,,,
5115,0.0,-235.85434,-531.894043,1842.036133,0.7826763586,-0.5298676263,0.326585389,,,,
5116,0.0,-234.587875,-531.577271,1841.900879,0.7946087512,-0.4885928174,0.3603803426,,,,
5117,0.0,-233.261475,-531.186096,1841.719604,0.8068734371,-0.4394644462,0.3947483464,,,,
5118,0.0,-231.978394,-530.779968,1841.531494,0.8168371574,-0.3910471913,0.4240980458,,,,
5119,0.0,-229.794815,-529.344543,1841.259766,0.8358935029,-0.2713768733,0.4771128215,,,,
5120,0.0,-228.761353,-528.495667,1841.15918,0.8425566169,-0.2143263364,0.4941280896,,,,
5121,0.0,-228.1601335,-528.011536,1841.1359255,0.8445115893,-0.1864831853,0.501193785,,,,
5122,0.0,-227.558914,-527.527405,1841.112671,0.8464665617,-0.1586400342,0.5082594804,,,,
5123,0.0,-226.584137,-526.733215,1841.096069,0.8474090046,-0.1212683446,0.5169061496,,,,
5124,0.0,-225.517502,-526.108032,1840.912231,0.8469167312,-0.1129668018,0.5195869053,,,,
5125,0.0,-225.0957565,-525.861694,1840.944885,0.8468172991,-0.1121646078,0.5199219144,,,,
5126,0.0,-224.674011,-525.615356,1840.977539,0.846717867,-0.1113624137,0.5202569236,,,,
5127,0.0,-223.8125,-525.09845,1840.890625,0.846717867,-0.1113624137,0.5202569236,,,,
5128,0.0,-223.110855,-524.672363,1840.912842,0.846717867,-0.1113624137,0.5202569236,,,,
5129,0.0,-222.139511,-524.070007,1840.847168,0.846717867,-0.1113624137,0.5202569236,,,,
5130,0.0,-221.420197,-523.586914,1841.001953,0.846717867,-0.1113624137,0.5202569236,,,,
5131,0.0,-220.521042,-522.988464,1841.16333,0.846717867,-0.1113624137,0.5202569236,,,,
5132,0.0,-220.110306,-522.708618,1841.1312255,0.846717867,-0.1113624137,0.5202569236,,,,
5133,0.0,-219.000473,-521.949158,1841.199951,0.846717867,-0.1113624137,0.5202569236,,,,
5134,0.0,-218.420471,-521.634949,1841.490234,0.846717867,-0.1113624137,0.5202569236,,,,
5135,0.0,-217.9923475,-521.436066,1841.672607,0.846717867,-0.1113624137,0.5202569236,,,,
5136,0.0,-217.564224,-521.237183,1841.85498,0.846717867,-0.1113624137,0.5202569236,,,,
5137,0.0,-216.268204,-520.759521,1842.432739,0.8475384932,-0.1007907386,0.5210755507,,,,
5138,0.0,-215.672195,-520.197449,1842.802856,0.8493330177,-0.077305897,0.5221658964,,,,
5139,0.0,-215.021713,-519.533997,1842.868896,0.8499932225,-0.0379874638,0.5254221866,,,,
5140,0.0,-214.374588,-518.944214,1842.77002,0.848889646,-0.0021757077,0.5285656395,,,,
5141,0.0,-213.39949,-518.003113,1842.780518,0.8449441231,0.0685909162,0.5304382293,,,,
5142,0.0,-212.502197,-516.948059,1842.629028,0.8340675319,0.1500625772,0.5308602219,,,,
5143,0.0,-211.637207,-516.033142,1842.401733,0.82330604,0.2181051449,0.5240203339,,,,
5144,0.0,-210.779968,-515.163818,1842.074829,0.8085777568,0.2823350764,0.5162256444,,,,
5145,0.0,-210.013519,-514.295044,1841.879517,0.7942647902,0.3467264335,0.4989230636,,,,
5146,0.0,-209.230988,-513.583557,1841.839722,0.7842080579,0.393767623,0.4795464325,,,,
5147,0.0,-208.67485,-513.323059,1841.761353,0.7845788716,0.4079258754,0.4669394762,,,,
5148,0.0,-207.675751,-512.907349,1841.952637,0.7858361151,0.4185881157,0.4552423417,,,,
5149,0.0,-205.569244,-511.962463,1842.716431,0.7860295589,0.4204322586,0.4532044225,,,,
5150,0.0,-203.899704,-511.180969,1844.119629,0.7860295589,0.4204322586,0.4532044225,,,,
5151,0.0,-203.163513,-510.534332,1845.123535,0.7860295589,0.4204322586,0.4532044225,,,,
5152,0.0,-202.258942,-510.104645,1846.03125,0.7860295589,0.4204322586,0.4532044225,,,,
5153,0.0,-201.3992,-509.841614,1845.893188,0.7860295589,0.4204322586,0.4532044225,,,,
5154,0.0,-200.555038,-509.585358,1845.561157,0.7860295589,0.4204322586,0.4532044225,,,,
5155,0.0,-199.371674,-509.19458,1844.915527,0.7860295589,0.4204322586,0.4532044225,,,,
5156,0.0,-198.417435,-509.030731,1844.162842,0.7860295589,0.4204322586,0.4532044225,,,,
5157,0.0,-197.603683,-508.690186,1843.327637,0.7860295589,0.4204322586,0.4532044225,,,,
5158,0.0,-197.086288,-508.582092,1841.94165,0.7860295589,0.4204322586,0.4532044225,,,,
5159,0.0,-196.344208,-508.303162,1841.00061,0.7868608522,0.4177530611,0.4542382407,,,,
5160,0.0,-195.889679,-508.2146,1839.526001,0.7877387545,0.4148870507,0.455342058,,,,
5161,0.0,-194.835831,-507.500183,1837.356201,0.7760696283,0.4379732872,0.4537569082,,,,
5162,0.0,-193.846832,-506.302032,1833.911011,0.7389299313,0.506999564,0.4437724627,,,,
5163,0.0,-193.4937745,-505.700836,1832.5281985,0.7159212772,0.5428993743,0.4368650679,,,,
5164,0.0,-192.72464,-504.193207,1829.005005,0.6488499566,0.6368491797,0.4164334954,,,,
5165,0.0,-192.5619505,-503.566025,1827.612427,0.6104338597,0.6781983999,0.4050967248,,,,
5166,0.0,-192.003967,-502.089966,1823.604248,0.5181642131,0.7667578091,0.3789304824,,,,
5167,0.0,-191.7733685,-501.546753,1821.729614,0.4774571532,0.7959961814,0.3685164122,,,,
5168,0.0,-191.196518,-500.368439,1817.225586,0.3874217137,0.8540092553,0.3472356658,,,,
5169,0.0,-190.8732455,-499.9374695,1815.050659,0.3553583006,0.8697095274,0.3405982977,,,,
5170,0.0,-190.549973,-499.5065,1812.875732,0.3232948876,0.8854097996,0.3339609296,,,,
5171,0.0,-189.835892,-499.176117,1809.743286,0.3165582023,0.8884042822,0.3324586228,,,,
5172,0.0,-187.878281,-498.357605,1801.237549,0.3124730336,0.8902187786,0.3314681424,,,,
5173,0.0,-187.067001,-498.031677,1797.487915,0.3124730336,0.8902187786,0.3314681424,,,,
5174,0.0,-186.156006,-497.666412,1793.103882,0.3124730336,0.8902187786,0.3314681424,,,,
5175,0.0,-185.375031,-497.347443,1789.174927,0.3124730336,0.8902187786,0.3314681424,,,,
5176,0.0,-184.404556,-496.957001,1784.120483,0.3124730336,0.8902187786,0.3314681424,,,,
5177,0.0,-183.445694,-496.588776,1768.227539,0.3124730336,0.8902187786,0.3314681424,,,,
5178,0.0,-182.638977,-496.296021,1769.938721,0.3124730336,0.8902187786,0.3314681424,,,,
5179,0.0,-181.72876,-495.958344,1770.853149,0.3124730336,0.8902187786,0.3314681424,,,,
5180,0.0,-181.07309,-495.705872,1770.635254,0.3174135324,0.8903701218,0.3263275894,,,,
5181,0.0,-180.674973,-495.559998,1769.435669,0.3210483931,0.8904493502,0.3225335394,,,,
5182,0.0,-179.321777,-495.036316,1754.896484,0.3271389884,0.8935216754,0.3075696634,,,,
5183,0.0,-178.705292,-494.77182,1750.223022,0.3241662398,0.8983713653,0.2963868065,,,,
5184,0.0,-177.789871,-494.382446,1742.078369,0.3132327078,0.9084212591,0.2768683564,,,,
5185,0.0,-177.10141,-494.076233,1735.772461,0.2968184883,0.9192225143,0.2587059222,,,,
5186,0.0,-176.408066,-493.800995,1729.556274,0.2794126426,0.9302022823,0.2380174136,,,,
5187,0.0,-175.816589,-493.588013,1724.473145,0.2679669465,0.9375917115,0.2216201664,,,,
5188,0.0,-174.939575,-493.245758,1717.201416,0.2567640912,0.9444401491,0.2051950444,,,,
5189,0.0,-173.818207,-492.829651,1707.623291,0.2412769287,0.953405253,0.1811183792,,,,
5190,0.0,-172.029572,-491.278534,1696.479492,0.232388727,0.958416463,0.1656301997,,,,
5191,0.0,-171.205246,-490.516083,1685.661743,0.2203983852,0.9642288782,0.1472658216,,,,
5192,0.0,-170.157639,-489.697479,1675.190063,0.1986078686,0.9728577743,0.1187546439,,,,
5193,0.0,-169.44017,-488.839996,1671.635254,0.1861389913,0.9768104456,0.1057999492,,,,
5194,0.0,-168.353622,-487.495239,1667.769897,0.1729750579,0.9806008844,0.0922037683,,,,
5195,0.0,-167.074036,-486.463715,1666.12561,0.1566052139,0.9846444107,0.0771374837,,,,
5196,0.0,-165.954483,-485.956909,1665.105469,0.1432889147,0.9874038543,0.0670963148,,,,
5197,0.0,-164.488541,-485.231934,1663.646729,0.1284961355,0.9899639048,0.0588235524,,,,
5198,0.0,-162.994812,-484.53656,1663.070312,0.1161094414,0.9917298041,0.054686317,,,,
5199,0.0,-161.215042,-483.800201,1663.565063,0.1055245232,0.9930933643,0.0512849362,,,,
5200,0.0,-159.171249,-482.85376,1664.075806,0.0905847277,0.994726721,0.0480952967,,,,
5201,0.0,-157.395844,-482.410583,1664.670288,0.0702132894,0.9965354456,0.0445780184,,,,
5202,0.0,-155.344009,-481.954712,1665.306763,0.0523560556,0.997764894,0.0415217996,,,,
5203,0.0,-151.122162,-481.253418,1666.539551,0.0036521306,0.9996309191,0.026920022,,,,
5204,0.0,-148.976608,-480.933411,1667.227295,-0.0275092797,0.999404922,0.0208096467,,,,
5205,0.0,-146.642639,-480.625671,1667.773438,-0.0534851921,0.9984383695,0.0161293717,,,,
5206,0.0,-144.263153,-480.462372,1668.204102,-0.0925941655,0.9955988052,0.0144685714,,,,
5207,0.0,-141.837433,-480.209198,1668.450439,-0.1253832534,0.9920170346,0.0134626443,,,,
5208,0.0,-139.664886,-480.009155,1668.747803,-0.1528039538,0.9881653725,0.0134219294,,,,
5209,0.0,-137.139008,-479.760162,1668.976929,-0.176087012,0.9842830975,0.0134219294,,,,
5210,0.0,-134.419922,-479.546539,1669.331787,-0.1990363093,0.9799001987,0.0134219294,,,,
5211,0.0,-131.653763,-479.20285,1669.645508,-0.2304629919,0.9729885206,0.0134219294,,,,
5212,0.0,-129.152252,-478.54303,1669.922607,-0.2604756174,0.9653871268,0.0134219294,,,,
5213,0.0,-127.037262,-477.863403,1670.24707,-0.2855052696,0.9582831486,0.0134219294,,,,
5214,0.0,-124.584717,-476.87796,1670.487915,-0.3187171519,0.9477548359,0.0134219294,,,,
5215,0.0,-122.624107,-475.83313,1670.842896,-0.3446258199,0.9386441797,0.0134219294,,,,
5216,0.0,-120.245995,-474.434937,1671.186646,-0.3675331127,0.9299135782,0.0134219294,,,,
5217,0.0,-117.986107,-472.87262,1671.615723,-0.3873272905,0.9218445758,0.0134219294,,,,
5218,0.0,-115.821838,-471.230469,1672.421509,-0.405734039,0.9138796124,0.0142808806,,,,
5219,0.0,-113.584503,-469.266785,1672.630737,-0.4221473455,0.9063977058,0.0153237576,,,,
5220,0.0,-111.839569,-467.545624,1673.128906,-0.4383671177,0.8986503162,0.0161826846,,,,
5221,0.0,-107.75441,-470.849396,1677.380615,-0.4558897959,0.8898788257,0.0167382697,,,,
5222,0.0,-105.946533,-468.115112,1677.535156,-0.4736558985,0.8805409854,0.0172529104,,,,
5223,0.0,-104.903755,-465.813965,1677.664917,-0.4954579992,0.8684418046,0.0181714901,,,,
5224,0.0,-104.072342,-463.310547,1677.700806,-0.5198710904,0.8540505036,0.0182150115,,,,
5225,0.0,-103.562256,-460.978882,1677.701538,-0.5440121692,0.8388602812,0.0190837201,,,,
5226,0.0,-103.346245,-458.675049,1677.701294,-0.5709566135,0.8207563092,0.0191735881,,,,
5227,0.0,-103.148186,-455.638336,1677.701294,-0.5979222781,0.80132473,0.0191735881,,,,
5228,0.0,-103.309128,-453.031952,1677.701294,-0.6259836501,0.7796004382,0.0191735881,,,,
5229,0.0,-103.6577,-450.708649,1677.701294,-0.6534323295,0.7567628363,0.0183357681,,,,
5230,0.0,-104.247467,-447.936981,1677.701294,-0.6818916439,0.7312263667,0.0182150115,,,,
5231,0.0,-104.92054,-445.691895,1677.701416,-0.7025035846,0.711490162,0.0164457579,,,,
5232,0.0,-105.841347,-442.675659,1677.701294,-0.7232102741,0.6904767401,0.0144489035,,,,
5233,0.0,-106.738937,-440.329071,1677.701294,-0.7387703106,0.6738527571,0.0118697055,,,,
5234,0.0,-107.841888,-437.774872,1677.701294,-0.7500106634,0.6613531491,0.0097988197,,,,
5235,0.0,-109.115166,-435.083374,1677.701294,-0.7528925477,0.6580970362,0.0078168138,,,,
5236,0.0,-110.39006,-432.647034,1677.701294,-0.7530385002,0.6579317525,0.0076698266,,,,
5237,0.0,-111.968384,-429.878326,1677.701294,-0.7530385002,0.6579317525,0.0076698266,,,,
5238,0.0,-113.687943,-427.093689,1677.701294,-0.7530385002,0.6579317525,0.0076698266,,,,
5239,0.0,-115.054604,-425.057129,1677.701294,-0.7530385002,0.6579317525,0.0076698266,,,,
5240,0.0,-117.127182,-422.038086,1677.701294,-0.7530385002,0.6579317525,0.0076698266,,,,
5241,0.0,-119.097313,-419.342773,1677.701294,-0.7530385002,0.6579317525,0.0076698266,,,,
5242,0.0,-121.096443,-416.734833,1677.701294,-0.7530385002,0.6579317525,0.0076698266,,,,
5243,0.0,-123.182762,-414.116394,1677.701294,-0.7530385002,0.6579317525,0.0076698266,,,,
5244,0.0,-127.085579,-408.572815,1677.701294,-0.6880690175,0.7256414079,0.0023609745,,,,
5245,0.0,-129.143524,-404.967712,1677.701294,-0.6123689104,0.7905698204,0.0019174699,,,,
5246,0.0,-130.529526,-401.299988,1677.701294,-0.4920973022,0.8705286274,0.0044893208,,,,
5247,0.0,-131.426758,-397.997894,1677.701416,-0.3459764602,0.9382010676,0.0088907646,,,,
5248,0.0,-132.158691,-394.817474,1677.701294,-0.126377587,0.9918959922,0.0130784613,,,,
5249,0.0,-133.212143,-392.680634,1677.701294,0.0971793905,0.9951496563,0.0152750686,,,,
5250,0.0,-133.690552,-390.751434,1677.701294,0.2826010882,0.959086932,0.0169965243,,,,
5251,0.0,-134.519089,-389.210083,1677.701294,0.4404466677,0.8976129168,0.0172564355,,,,
5252,0.0,-135.575607,-387.954224,1677.701294,0.6043949072,0.7965164144,0.0163828473,,,,
5253,0.0,-137.401031,-386.305634,1677.701294,0.6925203657,0.7212142011,0.0162978262,,,,
5254,0.0,-139.331635,-384.484314,1677.701294,0.7151586293,0.6987828295,0.0158332621,,,,
5255,0.0,-141.689621,-382.233673,1677.701294,0.7337868921,0.6792050385,0.0154049582,,,,
5256,0.0,-143.990891,-379.997101,1677.701294,0.7333838699,0.6796139963,0.0165201512,,,,
5257,0.0,-146.522568,-377.506195,1677.701294,0.7292415549,0.6840187201,0.018031782,,,,
5258,0.0,-149.008179,-375.055908,1677.701294,0.7274890523,0.6858541011,0.0190743494,,,,
5259,0.0,-151.445694,-372.643768,1677.701294,0.727344681,0.6860044377,0.0191735881,,,,
5260,0.0,-153.319504,-370.787354,1677.701294,0.7296025258,0.6836026096,0.0191735881,,,,
5261,0.0,-156.027557,-368.083252,1677.701294,0.73223211,0.6807852162,0.0191735881,,,,
5262,0.0,-158.649506,-365.456116,1677.701294,0.739285037,0.6731196086,0.0191735881,,,,
5263,0.0,-160.843079,-363.239319,1677.701294,0.7507640126,0.6603378716,0.017529765,,,,
5264,0.0,-162.763016,-361.280151,1677.701172,0.7646022341,0.6442817822,0.0168644218,,,,
5265,0.0,-165.507736,-358.435577,1677.701294,0.7793391265,0.6263884384,0.0163722371,,,,
5266,0.0,-168.059631,-355.75058,1677.701294,0.7908586721,0.6117046624,0.0189727896,,,,
5267,0.0,-169.937164,-353.743378,1677.701294,0.7914201666,0.610700904,0.0264296369,,,,
5268,0.0,-172.755936,-350.687408,1677.701294,0.7912035954,0.6105337203,0.0352908899,,,,
5269,0.0,-174.790863,-348.452789,1677.701294,0.7911986913,0.6105299361,0.0354658717,,,,
5270,0.0,-176.799286,-346.229156,1677.701294,0.7911986913,0.6105299361,0.0354658717,,,,
5271,0.0,-179.566498,-343.12677,1677.701294,0.7911986913,0.6105299361,0.0354658717,,,,
5272,0.0,-181.403549,-341.053314,1677.701294,0.7911986913,0.6105299361,0.0354658717,,,,
5273,0.0,-183.833496,-338.277893,1677.701294,0.7911986913,0.6105299361,0.0354658717,,,,
5274,0.0,-186.36615,-335.358673,1677.701294,0.7911986913,0.6105299361,0.0354658717,,,,
5275,0.0,-188.431702,-332.957458,1677.701294,0.7911986913,0.6105299361,0.0354658717,,,,
5276,0.0,-190.968872,-330.002014,1677.701294,0.7839286994,0.6202172005,0.0280431533,,,,
5277,0.0,-193.118164,-327.492645,1677.701294,0.7769643555,0.6291915839,0.021079398,,,,
5278,0.0,-195.861618,-324.402435,1677.701294,0.7429341956,0.6692659753,0.0114819547,,,,
5279,0.0,-198.811264,-321.331696,1677.701172,0.6898689974,0.723509904,0.024782761,,,,
5280,0.0,-201.88475,-318.604736,1677.693848,0.595954132,0.8006763208,0.0612870451,,,,
5281,0.0,-205.21727,-315.71701,1677.699707,0.4981832479,0.8617000371,0.0963664759,,,,
5282,0.0,-208.857544,-313.446014,1677.681396,0.3226118265,0.936115124,0.1400360101,,,,
5283,0.0,-211.39444,-311.648682,1677.699585,0.1530795236,0.9719163372,0.1787324619,,,,
5284,0.0,-215.040237,-307.2146,1677.699585,-0.1948483411,0.9530517435,0.2317897714,,,,
5285,0.0,-216.277924,-305.416321,1677.699951,-0.333263364,0.9076089539,0.2553067115,,,,
5286,0.0,-216.988846,-304.029022,1677.697021,-0.4306637748,0.8609848377,0.2706174833,,,,
5287,0.0,-217.530731,-302.219086,1677.700317,-0.5156867982,0.8082671527,0.2842029839,,,,
5288,0.0,-217.71019,-300.793091,1677.701294,-0.5408774894,0.7898835333,0.2890251637,,,,
5289,0.0,-218.07811,-299.678589,1677.701294,-0.5434908138,0.7868174335,0.2924654882,,,,
5290,0.0,-218.666428,-298.47052,1677.701294,-0.5440612661,0.7852211473,0.2956773387,,,,
5291,0.0,-219.375504,-297.730286,1677.701294,-0.541691829,0.7843983867,0.3021409164,,,,
5292,0.0,-220.397705,-297.168091,1677.701294,-0.5392944857,0.7829078054,0.3101883716,,,,
5293,0.0,-221.549377,-296.86972,1677.701294,-0.5382328378,0.7798798718,0.319519636,,,,
5294,0.0,-222.747787,-296.815002,1677.701294,-0.539865094,0.774815133,0.3289486129,,,,
5295,0.0,-224.048737,-296.921661,1677.701294,-0.5423795782,0.7697431047,0.3366302807,,,,
5296,0.0,-225.770401,-297.00235,1677.701294,-0.5450025562,0.764718924,0.343769081,,,,
5297,0.0,-227.192719,-296.999817,1677.701172,-0.5479614171,0.7610251496,0.3472448806,,,,
5298,0.0,-229.553772,-296.977997,1677.701294,-0.5515689706,0.7565570681,0.3512735023,,,,
5299,0.0,-231.36441,-296.893524,1677.701294,-0.5531001252,0.7547156249,0.3528237196,,,,
5300,0.0,-233.473038,-296.729309,1677.701294,-0.5536074808,0.754021364,0.3535117252,,,,
5301,0.0,-236.072845,-296.527649,1677.701294,-0.5538700163,0.7536167799,0.3539629277,,,,
5302,0.0,-238.614395,-296.282898,1677.701294,-0.5538825188,0.7535976007,0.3539841969,,,,
5303,0.0,-240.899231,-296.040924,1677.701294,-0.5538825188,0.7535976007,0.3539841969,,,,
5304,0.0,-243.650467,-295.731476,1677.701294,-0.5538825188,0.7535976007,0.3539841969,,,,
5305,0.0,-246.55809,-295.38327,1677.701294,-0.5538825188,0.7535976007,0.3539841969,,,,
5306,0.0,-249.102554,-295.064178,1677.701294,-0.5538825188,0.7535976007,0.3539841969,,,,
5307,0.0,-251.87999,-295.125397,1677.701538,-0.572427218,0.7410941501,0.3508654167,,,,
5308,0.0,-254.737045,-295.285431,1677.701416,-0.5885091442,0.7297077454,0.3481143396,,,,
5309,0.0,-257.700195,-295.959076,1677.701416,-0.6329938736,0.6955967698,0.339799779,,,,
5310,0.0,-260.575195,-296.656219,1677.701294,-0.6575797959,0.6729597247,0.3386945836,,,,
5311,0.0,-263.427826,-297.422455,1677.701294,-0.6723848783,0.6581675564,0.3386946165,,,,
5312,0.0,-266.070129,-298.292084,1677.701294,-0.6852978871,0.6434938642,0.34100213,,,,
5313,0.0,-268.924408,-299.359802,1677.701294,-0.6958370815,0.6297187473,0.345347731,,,,
5314,0.0,-271.586609,-300.453064,1677.701294,-0.7014935366,0.6210014952,0.349662639,,,,
7414,0.0,-1076.795044,1224.237061,1750.512085,0.4249077802,-0.9030918408,0.062277648,0.0971670366,423.9938040506,986.0517273652,5.0
7415,0.0,-1076.6849975,1224.0175785,1750.054138,0.4249077802,-0.9030918408,0.062277648,0.0960459214,421.6907778851,986.1313404632,5.0
7416,0.0,-1076.574951,1223.798096,1749.596191,0.4249077802,-0.9030918408,0.062277648,0.0949248063,419.3877517195,986.2109535613,5.0
7417,0.0,-1076.263184,1222.728882,1746.797485,0.4249077802,-0.9030918408,0.062277648,0.0913825417,411.6995292829,985.801121134,5.0
7418,0.0,-1076.369263,1221.9413455,1745.6954345,0.4249077802,-0.9030918408,0.062277648,0.0900130862,408.5217769894,985.2791704792,5.0
7419,0.0,-1076.475342,1221.153809,1744.593384,0.4249077802,-0.9030918408,0.062277648,0.0886436306,405.344024696,984.7572198245,5.0
7420,0.0,-1072.841309,1220.995728,1710.863037,0.426443889,-0.9023674994,0.062277648,0.084611263,395.7763765357,983.1217730436,5.0
7421,0.0,-1072.815552,1220.083618,1715.445312,0.4287487874,-0.9012746373,0.062277648,0.0845812778,395.4649744354,982.5146618934,5.0
7422,0.0,-1072.774292,1219.353394,1719.637207,0.4389101717,-0.8962689616,0.0637166353,0.0882895601,403.4704941852,982.0781480673,5.0
7423,0.0,-1072.493408,1218.58606,1724.844604,0.4711950128,-0.8795881108,0.065574501,0.1024126179,432.7364896238,981.6256360322,5.0
7424,0.0,-1072.40564,1218.033569,1728.810059,0.4985808092,-0.8642579052,0.0668988044,0.1154592528,457.7718230671,981.3680617644,5.0
7425,0.0,-1071.965454,1217.272217,1732.716675,0.5409130967,-0.8384007422,0.0670612953,0.138158276,497.3972867133,980.716720741,5.0
7426,0.0,-1070.83606,1216.233032,1732.624756,0.6263556525,-0.7767269895,0.066134563,,,,
7427,0.0,-1069.379883,1215.758667,1732.337524,0.7261566101,-0.6847752739,0.0614768402,,,,
7428,0.0,-1068.02771,1215.354736,1732.223511,0.8124195701,-0.5803060573,0.0567390689,,,,
7429,0.0,-1066.369141,1215.043335,1731.903564,0.8861653811,-0.4604313707,0.0520948193,,,,
7430,0.0,-1064.534302,1215.535522,1731.773193,0.9579648962,-0.2833390135,0.0449695565,,,,
7431,0.0,-1063.443726,1216.170532,1731.721802,0.9915254862,-0.1240191914,0.0386839807,,,,
7432,0.0,-1062.961426,1216.466187,1731.816162,0.998362314,-0.0443342893,0.0361546776,,,,
7433,0.0,-1062.317871,1216.827881,1731.838867,0.9967441612,0.073785274,0.0325086209,,,,
7434,0.0,-1061.76062,1217.034912,1731.953491,0.9831732444,0.180068963,0.0307496338,,,,
7435,0.0,-1061.462524,1216.740967,1732.02124,0.9784099502,0.2044408189,0.030297211,,,,
7436,0.0,-1067.671875,1214.048584,1737.031128,0.9726027669,0.2305630959,0.029740824,,,,
7437,0.0,-1067.284546,1213.341187,1737.031128,0.9719622807,0.2331547591,0.0304660983,,,,
7438,0.0,-1066.93811,1212.687866,1737.03125,0.9718586232,0.2335591436,0.0306747945,,,,
7439,0.0,-1066.369873,1211.558105,1737.031128,0.9718319643,0.2335527548,0.03155541,,,,
7440,0.0,-1065.944214,1210.665283,1737.031128,0.971801514,0.233545419,0.0325323622,,,,
7441,0.0,-1065.650146,1210.026489,1737.031128,0.9717996463,0.2335449701,0.0325913231,,,,
7442,0.0,-1065.276001,1209.208984,1737.031128,0.9717996463,0.2335449701,0.0325913231,,,,
7443,0.0,-1064.79895,1208.071045,1737.031128,0.9717996463,0.2335449701,0.0325913231,,,,
7444,0.0,-1064.396729,1207.107544,1737.031128,0.9717996463,0.2335449701,0.0325913231,,,,
7445,0.0,-1063.970703,1206.040527,1737.031128,0.9717996463,0.2335449701,0.0325913231,,,,
7446,0.0,-1063.590332,1205.067017,1737.031128,0.9717996463,0.2335449701,0.0325913231,,,,
7447,0.0,-1063.212036,1204.077026,1737.031128,0.9717996463,0.2335449701,0.0325913231,,,,
7448,0.0,-1062.833252,1203.062134,1737.031128,0.9717996463,0.2335449701,0.0325913231,,,,
7449,0.0,-1062.469482,1202.067749,1737.031128,0.9717996463,0.2335449701,0.0325913231,,,,
7450,0.0,-1062.261108,1201.505005,1737.031128,0.9715708985,0.234494765,0.0325913231,,,,
7451,0.0,-1061.851807,1200.300415,1737.031128,0.9712190752,0.2359476927,0.0325913231,,,,
7452,0.0,-1061.166016,1198.222046,1737.03125,0.9696778355,0.242417976,0.030958363,,,,
7453,0.0,-1060.813232,1197.134033,1737.03125,0.9688463794,0.2458420554,0.0299729365,,,,
7454,0.0,-1060.6298825,1196.599304,1737.031189,0.968664692,0.246620455,0.0294301213,,,,
7455,0.0,-1060.446533,1196.064575,1737.031128,0.9684830046,0.2473988547,0.0288873061,,,,
7456,0.0,-1060.025269,1194.774902,1737.031128,0.9682626113,0.2483742874,0.0278877925,,,,
7457,0.0,-1059.635498,1193.599609,1737.031128,0.9680119294,0.2493593274,0.0277998271,,,,
7458,0.0,-1059.041626,1191.833374,1737.031128,0.9677156199,0.2506466486,0.0265091786,,,,
7459,0.0,-1058.603516,1190.474731,1737.031128,0.9676010976,0.2511414773,0.0260014279,,,,
7460,0.0,-1058.191895,1189.19397,1737.031128,0.9671622909,0.2528382327,0.0258830298,,,,
7461,0.0,-1057.824463,1188.070435,1737.031128,0.9669013281,0.2539173807,0.0250556457,,,,
7462,0.0,-1057.476685,1186.989868,1737.031128,0.9664895372,0.2555685194,0.024139311,,,,
7463,0.0,-1057.128906,1185.919067,1737.031128,0.9662171046,0.2566128023,0.0239661547,,,,
7464,0.0,-1056.779541,1184.821411,1737.031006,0.9656277529,0.2588862363,0.0232585338,,,,
7465,0.0,-1056.429321,1183.740112,1737.031128,0.9652797484,0.2602610905,0.0223421601,,,,
7466,0.0,-1055.953491,1182.282593,1737.031128,0.9649641292,0.2614537484,0.0220491915,,,,
7467,0.0,-1055.727173,1181.633423,1737.031128,0.9649594791,0.2614709101,0.0220491915,,,,
7468,0.0,-1055.289429,1180.280029,1737.031128,0.9649594791,0.2614709101,0.0220491915,,,,
7469,0.0,-1054.884155,1179.042114,1737.031128,0.9649594791,0.2614709101,0.0220491915,,,,
7470,0.0,-1054.515747,1177.936157,1738.164062,0.9649594791,0.2614709101,0.0220491915,,,,
7471,0.0,-1054.150024,1176.830933,1739.520874,0.9649594791,0.2614709101,0.0220491915,,,,
7472,0.0,-1053.687256,1175.424927,1741.226562,0.9649594791,0.2614709101,0.0220491915,,,,
7473,0.0,-1053.378052,1174.511963,1742.513306,0.9649594791,0.2614709101,0.0220491915,,,,
7474,0.0,-1052.943726,1173.161743,1743.929199,0.9649594791,0.2614709101,0.0220491915,,,,
7475,0.0,-1052.559326,1171.985718,1745.290039,0.9649594791,0.2614709101,0.0220491915,,,,
7476,0.0,-1052.15271,1170.741699,1746.758179,0.9649594791,0.2614709101,0.0220491915,,,,
7477,0.0,-1051.754272,1169.507446,1748.187744,0.9647250429,0.2623345666,0.0220491915,,,,
7478,0.0,-1051.37146,1168.28894,1749.598145,0.9640167731,0.2649986311,0.0211515164,,,,
7479,0.0,-1050.967651,1167.018311,1750.701172,0.9634738593,0.2669706089,0.0210906703,,,,
7480,0.0,-1050.706055,1166.125,1750.701172,0.9627552557,0.2696020149,0.0204223183,,,,
7481,0.0,-1050.221802,1164.600464,1750.701172,0.9619662238,0.2724255526,0.0201321298,,,,
7482,0.0,-1049.740967,1163.034912,1750.701172,0.9615021497,0.2740589598,0.0201321298,,,,
7483,0.0,-1049.2771,1161.542358,1750.70105,0.9614020013,0.274410075,0.0201321298,,,,
7484,0.0,-1048.679077,1159.67688,1750.70105,0.9614020013,0.274410075,0.0201321298,,,,
7485,0.0,-1047.889771,1157.113647,1750.701172,0.9614020013,0.274410075,0.0201321298,,,,
7486,0.0,-1047.191284,1154.862793,1750.701172,0.9614020013,0.274410075,0.0201321298,,,,
7487,0.0,-1046.769897,1153.531372,1750.701172,0.9614020013,0.274410075,0.0201321298,,,,
7488,0.0,-1045.846924,1150.518677,1750.701172,0.9614020013,0.274410075,0.0201321298,,,,
7489,0.0,-1045.017822,1147.835693,1750.701172,0.9614020013,0.274410075,0.0201321298,,,,
7490,0.0,-1044.434204,1145.945801,1750.701294,0.9614020013,0.274410075,0.0201321298,,,,
7491,0.0,-1043.594238,1143.224121,1750.701172,0.9614020013,0.274410075,0.0201321298,,,,
7492,0.0,-1042.730469,1140.424194,1750.701172,0.9614020013,0.274410075,0.0201321298,,,,
7493,0.0,-1041.85791,1137.593872,1750.701172,0.9614020013,0.274410075,0.0201321298,,,,
7494,0.0,-1040.90564,1134.504517,1750.701172,0.9614020013,0.274410075,0.0201321298,,,,
7495,0.0,-1040.001221,1131.566772,1750.701172,0.9614020013,0.274410075,0.0201321298,,,,
7496,0.0,-1039.175903,1128.915894,1750.701172,0.9614020013,0.274410075,0.0201321298,,,,
7497,0.0,-1038.083374,1125.337524,1750.701172,0.9614020013,0.274410075,0.0201321298,,,,
7498,0.0,-1036.384033,1119.81665,1750.701172,0.9614020013,0.274410075,0.0201321298,,,,
7499,0.0,-1035.8349,1118.0309445,1750.701172,0.9614020013,0.274410075,0.0201321298,,,,
7500,0.0,-1034.61145,1114.088989,1750.70105,0.9614020013,0.274410075,0.0201321298,,,,
7501,0.0,-1033.358276,1109.979614,1750.701172,0.9614020013,0.274410075,0.0201321298,,,,
7502,0.0,-1032.8225095,1108.2371215,1750.701172,0.9614020013,0.274410075,0.0201321298,,,,
7511,0.0,-1023.899292,1076.503662,1750.608398,0.9958973901,-0.0853712576,0.0300022798,,,,
7512,0.0,-1022.837891,1071.904785,1738.118408,0.9860679163,-0.1632037621,0.0321651453,,,,
7513,0.0,-1022.030334,1068.401245,1739.239868,0.9745848316,-0.2214556591,0.0337904885,,,,
7514,0.0,-1021.125793,1063.937744,1740.648804,0.9552210668,-0.2937175593,0.0358149251,,,,
7515,0.0,-1020.536987,1059.190063,1742.101685,0.9295677825,-0.3667010414,0.0378693,,,,
7516,0.0,-1020.548706,1053.206299,1743.445068,0.8554437301,-0.5154897823,0.0498629014,,,,
7517,0.0,-1021.160522,1049.061279,1744.75061,0.7650156173,-0.6410022333,0.0621871539,,,,
7518,0.0,-1021.547485,1044.496582,1745.95752,0.6772425514,-0.731981825,0.0744656596,,,,
7519,0.0,-1021.85321,1040.991089,1747.042725,0.6146314134,-0.7843663857,0.0836516508,,,,
7520,0.0,-1022.113831,1036.703003,1747.983765,0.5493868445,-0.8304138322,0.0926658644,,,,
7521,0.0,-1022.257385,1033.082764,1748.018188,0.5113554671,-0.8537716815,0.0979260035,,,,
7522,0.0,-1022.536133,1029.279297,1747.585938,0.4712264306,-0.8759373135,0.1033415403,,,,
7523,0.0,-1022.590332,1025.849731,1747.182007,0.4616746455,-0.880995891,0.1034541529,,,,
7524,0.0,-1022.74884,1022.207092,1746.752808,0.4578414819,-0.8829940086,0.1034541356,,,,
7525,0.0,-1022.990479,1019.174133,1746.395752,0.457728946,-0.8830523506,0.1034541356,,,,
7526,0.0,-1023.218689,1016.377319,1746.065186,0.457728946,-0.8830523506,0.1034541356,,,,
7527,0.0,-1023.614868,1012.351013,1745.589722,0.457728946,-0.8830523506,0.1034541356,,,,
7528,0.0,-1024.109253,1008.698853,1745.158447,0.457728946,-0.8830523506,0.1034541356,,,,
7529,0.0,-1024.451782,1005.189697,1744.743774,0.4564269068,-0.8837260438,0.1034541356,,,,
7530,0.0,-1024.623291,1001.791443,1744.342163,0.4547828988,-0.884573204,0.1034541529,,,,
7531,0.0,-1024.701416,997.872498,1743.878784,0.450069435,-0.8869806906,0.1034541356,,,,
7532,0.0,-1024.634888,995.0224,1743.541626,0.4428208036,-0.8906216805,0.1034541356,,,,
7533,0.0,-1024.417358,991.039978,1743.07019,0.4312376217,-0.8961962558,0.104241953,,,,
7534,0.0,-1024.120239,987.590515,1742.661865,0.419153798,-0.9018393082,0.1048616034,,,,
7535,0.0,-1020.493469,990.585388,1741.545288,0.4110044972,-0.9055407988,0.1052196035,,,,
7536,0.0,-1019.775757,986.097412,1741.402954,0.393681443,-0.913090311,0.1062120772,,,,
7537,0.0,-1018.508484,979.340759,1741.076782,0.3679095204,-0.9235807625,0.1078942068,,,,
7538,0.0,-1017.643433,975.349915,1740.876953,0.351810124,-0.9297945317,0.1082209106,,,,
7539,0.0,-1016.863892,971.756226,1740.469604,0.3410041289,-0.9338117703,0.1082208932,,,,
7540,0.0,-1016.325806,968.183777,1739.974487,0.3330559948,-0.9366760053,0.1082209106,,,,
7541,0.0,-1015.789062,964.886292,1739.521118,0.3295914492,-0.9379006936,0.1082209106,,,,
7542,0.0,-1015.3236385,962.4049075,1739.1209715,0.3287489348,-0.9381959162,0.1082209019,,,,
7543,0.0,-1014.202332,956.535461,1738.138306,0.3279022921,-0.9384925793,0.1082209106,,,,
7544,0.0,-1013.419922,953.486206,1737.914062,0.3271517644,-0.9387544734,0.1082208932,,,,
7545,0.0,-1012.966064,950.761475,1736.969727,0.3259776553,-0.939204955,0.1078546281,,,,
7546,0.0,-1011.80896,946.269104,1736.460083,0.3244181957,-0.9398085293,0.1072975419,,,,
7547,0.0,-1010.991211,943.057739,1735.994385,0.3228139642,-0.9404572565,0.1064485475,,,,
7548,0.0,-1010.414124,940.564087,1735.219849,0.3222180703,-0.9406767486,0.1063144859,,,,
7549,0.0,-1009.182495,936.206604,1734.689331,0.3216971957,-0.9408550071,0.1063144859,,,,
7550,0.0,-1008.275574,933.028564,1734.365723,0.3216631218,-0.9408666569,0.1063144859,,,,
7551,0.0,-1007.338257,929.698425,1734.037354,0.3208026874,-0.9412125868,0.1058513208,,,,
7552,0.0,-1006.164307,926.229553,1733.986206,0.3199706117,-0.9415459694,0.1054039615,,,,
7553,0.0,-1005.311401,923.087891,1733.588135,0.3192006983,-0.9418963274,0.1046050798,,,,
7554,0.0,-1004.026306,919.233154,1733.98877,0.3190204649,-0.9419792873,0.1044076877,,,,
7555,0.0,-1003.27417,916.703735,1734.130859,0.3190204649,-0.9419792873,0.1044076877,,,,
7556,0.0,-1002.066956,912.504639,1734.161743,0.3190204649,-0.9419792873,0.1044076877,,,,
7557,0.0,-1001.447998,909.49292,1733.852295,0.3190204649,-0.9419792873,0.1044076877,,,,
7558,0.0,-1001.031921,906.465515,1733.419556,0.3190204649,-0.9419792873,0.1044076877,,,,
7559,0.0,-1000.551514,902.798157,1732.98999,0.3190204649,-0.9419792873,0.1044076877,,,,
7560,0.0,-1000.254883,899.872986,1732.597656,0.3190204649,-0.9419792873,0.1044076877,,,,
7561,0.0,-1000.230652,896.707458,1732.086426,0.3190204649,-0.9419792873,0.1044076877,,,,
7562,0.0,-1000.294678,893.238159,1731.473999,0.3190461676,-0.9420548015,0.1036450377,,,,
7563,0.0,-1000.178284,890.633484,1730.602539,0.3205169021,-0.9416596072,0.1026942045,,,,
7564,0.0,-1000.71936,886.231812,1730.08728,0.3226384142,-0.9410544275,0.1015924116,,,,
7565,0.0,-1000.888428,883.22699,1728.940552,0.3252976809,-0.9402397859,0.1006507018,,,,
7566,0.0,-1001.141785,881.44043,1728.49231,0.3272478841,-0.9396354024,0.0999706608,,,,
7567,0.0,-1002.013672,876.630249,1727.764526,0.3308127608,-0.938518032,0.0987259892,,,,
7568,0.0,-1002.593994,873.583069,1727.137573,0.3321874623,-0.9380827641,0.0982456997,,,,
7569,0.0,-1003.245239,870.731567,1726.761597,0.3334383828,-0.9376845916,0.0978082382,,,,
7570,0.0,-1003.995422,867.660828,1726.417603,0.3343453025,-0.9374427506,0.0970273574,,,,
7571,0.0,-1004.893738,864.281433,1726.187866,0.335933439,-0.936996341,0.0958466559,,,,
7572,0.0,-1005.843201,860.725342,1725.944824,0.3372309511,-0.9366216541,0.0949482102,,,,
7573,0.0,-1006.81189,857.601807,1725.462524,0.3381060588,-0.9363142335,0.0948680616,,,,
7574,0.0,-1007.664246,854.430298,1725.692383,0.3389851861,-0.9360731823,0.094106541,,,,
7575,0.0,-1008.932312,850.369385,1725.498657,0.3400868115,-0.9357868214,0.092973037,,,,
7576,0.0,-1009.955261,847.60791,1725.024658,0.3408637057,-0.9355055048,0.092959048,,,,
7577,0.0,-1011.04187,844.108093,1724.838379,0.3414486133,-0.9353382034,0.0924948095,,,,
7578,0.0,-1013.601746,837.005859,1724.268188,0.3426382146,-0.9349514633,0.0920044299,,,,
7579,0.0,-1014.2547915,835.241455,1724.023132,0.3431455292,-0.934807208,0.0915760227,,,,
7580,0.0,-1014.907837,833.477051,1723.778076,0.3436528439,-0.9346629526,0.0911476155,,,,
7581,0.0,-1017.657898,826.890991,1722.63147,0.3462439068,-0.93388334,0.0893144128,,,,
7582,0.0,-1018.53949,824.8995055,1722.234497,0.3468235185,-0.9337209263,0.0887581378,,,,
7583,0.0,-1020.863159,820.051819,1721.09021,0.348938071,-0.9330624946,0.0873876639,,,,
7584,0.0,-1022.349182,816.47168,1720.575317,0.3509442833,-0.9324079627,0.0863336616,,,,
7585,0.0,-1023.497437,814.086792,1720.035767,0.3525356058,-0.9318491363,0.0858826743,,,,
7586,0.0,-1025.299927,810.161255,1719.274536,0.3544751147,-0.9311603841,0.085368215,,,,
7587,0.0,-1026.566162,807.193542,1718.82373,0.3560821898,-0.9306199278,0.0845696408,,,,
7588,0.0,-1027.932129,804.122986,1718.265747,0.3593264603,-0.929459275,0.0836059269,,,,
7589,0.0,-1029.299316,801.072754,1717.746826,0.3628643138,-0.9281681258,0.0826645028,,,,
7590,0.0,-1030.687866,797.605957,1717.360718,0.3670103885,-0.9266344425,0.0815597004,,,,
7591,0.0,-1032.017456,794.493896,1716.925537,0.3696023618,-0.9256824713,0.0806601295,,,,
7592,0.0,-1033.114502,791.612183,1716.696411,0.3743700508,-0.9239110081,0.0789652716,,,,
7593,0.0,-1034.244995,788.602173,1716.817505,0.3785940249,-0.9222940782,0.0777187085,,,,
7594,0.0,-1035.824829,784.748474,1716.625366,0.3822653086,-0.9208641284,0.0766973976,,,,
7595,0.0,-1036.939209,782.027771,1716.46936,0.3854341298,-0.9196003345,0.0759983974,,,,
7596,0.0,-1037.875366,779.766907,1716.211182,0.3882281862,-0.9184959203,0.0751273576,,,,
7597,0.0,-1039.833496,774.989502,1715.888794,0.3910395525,-0.9174005377,0.0739210512,,,,
7598,0.0,-1041.046021,771.136414,1715.586426,0.3930623693,-0.9166191282,0.0728789935,,,,
7599,0.0,-1041.782959,768.373291,1715.390869,0.3938672566,-0.9162798698,0.0727996179,,,,
7600,0.0,-1042.355835,765.338928,1715.112549,0.3948139431,-0.9159031469,0.0724111582,,,,
7601,0.0,-1042.547363,764.118469,1714.982666,0.3951109522,-0.9157876345,0.0722519485,,,,
7602,0.0,-1043.270996,757.8974,1714.646851,0.3958723671,-0.9154909036,0.0718434016,,,,
7603,0.0,-1043.487915,754.522034,1714.869263,0.3958985667,-0.9155507907,0.0709300683,,,,
7604,0.0,-1043.331299,752.341797,1714.427612,0.3958995233,-0.9155537047,0.070887102,,,,
7605,0.0,-1043.247314,748.718079,1713.787476,0.3965990258,-0.9153078997,0.0701474274,,,,
7682,0.0,-846.914917,571.739868,1690.51001,-0.5467348218,-0.8351270862,0.0603637682,,,,
7683,0.0,-846.958191,571.673767,1690.659424,-0.5467348218,-0.8351270862,0.0603637682,,,,
7684,0.0,-846.944031,571.695435,1690.769653,-0.5467348218,-0.8351270862,0.0603637682,,,,
7688,0.0,-844.581909,565.215637,1689.896851,-0.5585516628,-0.8277782394,0.0529455039,,,,
7689,0.0,-843.873657,562.646545,1688.800171,-0.5647033499,-0.8238416221,0.0489398431,,,,
7690,0.0,-843.015076,559.732849,1687.747192,-0.5701072878,-0.8203152575,0.0453933779,,,,
7691,0.0,-841.828491,556.448425,1685.91333,-0.5759218771,-0.8164479266,0.0415544788,,,,
7692,0.0,-840.775208,553.415955,1683.850708,-0.5813637332,-0.812758754,0.037939656,,,,
7693,0.0,-839.597778,550.001953,1681.56665,-0.5838069583,-0.8111179964,0.0354546388,,,,
7694,0.0,-839.259094,548.51532,1679.596191,-0.585624813,-0.8098992887,0.0332674109,,,,
7695,0.0,-838.573059,546.193176,1677.52417,-0.5867028948,-0.8091461666,0.0325913231,,,,
7696,0.0,-838.108765,544.334106,1675.526855,-0.5869612317,-0.8089587865,0.0325913231,,,,
7697,0.0,-837.037048,541.92627,1674.512695,-0.5869612317,-0.8089587865,0.0325913231,,,,
7698,0.0,-836.939026,541.014587,1672.708984,-0.5869612317,-0.8089587865,0.0325913231,,,,
7699,0.0,-836.982849,540.457153,1671.759277,-0.5869612317,-0.8089587865,0.0325913231,,,,
7700,0.0,-836.579895,539.815552,1671.928345,-0.5869612317,-0.8089587865,0.0325913231,,,,
7701,0.0,-836.135254,539.443176,1672.009277,-0.5869612317,-0.8089587865,0.0325913231,,,,
7702,0.0,-835.57373,538.720581,1672.057129,-0.5869612317,-0.8089587865,0.0325913231,,,,
7703,0.0,-834.60437,538.113037,1672.215698,-0.5869612317,-0.8089587865,0.0325913231,,,,
7704,0.0,-834.1836545,537.6206665,1672.013916,-0.5869612317,-0.8089587865,0.0325913231,,,,
7705,0.0,-833.762939,537.128296,1671.812134,-0.5869612317,-0.8089587865,0.0325913231,,,,
7706,0.0,-832.78418,535.84552,1671.097412,-0.5887566341,-0.8076904963,0.0316494537,,,,
7707,0.0,-832.306702,535.2997435,1670.875366,-0.5904856008,-0.8064592272,0.0307398344,,,,
7708,0.0,-831.829224,534.753967,1670.65332,-0.5922145675,-0.805227958,0.029830215,,,,
7709,0.0,-830.719238,533.526245,1669.835083,-0.6196368289,-0.7843840362,0.0281404345,,,,
7710,0.0,-829.991272,532.821716,1669.481201,-0.6370165633,-0.7702335621,0.0308246299,,,,
7711,0.0,-829.374329,532.192688,1669.199951,-0.6542600528,-0.755557588,0.0328102796,,,,
7712,0.0,-828.934509,531.79303,1668.950195,-0.6658662223,-0.7453026083,0.0338555172,,,,
7713,0.0,-828.3479005,531.202698,1668.837219,-0.6701509857,-0.7414148745,0.0341769411,,,,
7714,0.0,-827.761292,530.612366,1668.724243,-0.674435749,-0.7375271407,0.034498365,,,,
7715,0.0,-827.003967,529.858337,1668.561279,-0.6752649666,-0.7367675634,0.0345077144,,,,
7716,0.0,-825.655273,528.477966,1668.312134,-0.6752663425,-0.7367663024,0.0345077144,,,,
7717,0.0,-825.070435,527.808838,1668.295532,-0.6752663425,-0.7367663024,0.0345077144,,,,
7718,0.0,-824.48468,527.155762,1668.29834,-0.6752663425,-0.7367663024,0.0345077144,,,,
7719,0.0,-823.573608,526.17572,1668.295898,-0.6752663425,-0.7367663024,0.0345077144,,,,
7720,0.0,-822.755371,525.320251,1668.286377,-0.6762714924,-0.735843792,0.0345077144,,,,
7745,0.0,-807.606323,500.801422,1667.464966,-0.1346824321,-0.9908779138,0.0046478474,,,,
7746,0.0,-806.192566,498.92923,1667.551636,-0.0789381202,-0.9968771895,0.0021546073,,,,
7747,0.0,-805.478149,498.033203,1667.637817,-0.0494516157,-0.9987761522,0.0008576198,,,,
7748,0.0,-805.028839,497.5044095,1667.7183225,-0.029980058,-0.999360295,1.25839e-05,,,,
7749,0.0,-804.579529,496.975616,1667.798828,-0.0105085002,-0.9999444377,-0.0008324521,,,,
7750,0.0,-804.647888,495.751984,1667.801758,-0.0075739549,-0.9999708576,-0.0009587441,,,,
7751,0.0,-805.257751,494.801544,1666.411255,-0.0075739549,-0.9999708576,-0.0009587441,,,,
7752,0.0,-805.692688,494.076965,1665.619263,-0.0075739549,-0.9999708576,-0.0009587441,,,,
7753,0.0,-806.245605,493.141266,1665.367188,-0.0075739549,-0.9999708576,-0.0009587441,,,,
7754,0.0,-806.768127,492.285675,1665.152954,-0.0075739549,-0.9999708576,-0.0009587441,,,,
7755,0.0,-807.373108,491.577271,1664.940552,-0.0205362067,-0.9997837504,-0.0032736384,,,,
7756,0.0,-809.043457,489.937744,1664.509521,-0.0691552852,-0.9975524181,-0.0103305248,,,,
7757,0.0,-810.120911,489.268951,1664.270508,-0.1206821572,-0.9926438276,-0.0096978572,,,,
7758,0.0,-811.38739,488.660522,1664.091797,-0.1863361961,-0.9824740073,-0.0048628172,,,,
7759,0.0,-812.629883,488.08313,1663.828613,-0.2458724466,-0.9693016572,-0.0010185565,,,,
7760,0.0,-813.546814,487.543121,1663.658081,-0.3259421336,-0.9453838117,0.0033427705,,,,
7761,0.0,-814.452332,487.022095,1663.417725,-0.4179612211,-0.9084392554,0.0068217934,,,,
7762,0.0,-815.193665,486.637726,1663.278687,-0.4892982003,-0.8720676007,0.0092396416,,,,
7763,0.0,-816.216125,486.171967,1663.118164,-0.5520040551,-0.8337618309,0.0115209602,,,,
7764,0.0,-817.10675,485.688202,1663.020142,-0.6006827927,-0.7993766044,0.0133126641,,,,
7765,0.0,-818.359192,485.166718,1662.882812,-0.6520983936,-0.757981274,0.0152339534,,,,
7766,0.0,-819.36322,484.834778,1662.763794,-0.6783019324,-0.7346231669,0.0153392019,,,,
7767,0.0,-820.107605,484.477875,1662.74707,-0.6897761262,-0.7238515381,0.0157431445,,,,
7768,0.0,-820.938416,483.847473,1662.849243,-0.6993240803,-0.7146211626,0.0161995248,,,,
7769,0.0,-821.86969,483.371857,1662.875977,-0.7023673355,-0.7116280678,0.0162978262,,,,
7770,0.0,-822.753662,482.850769,1662.941162,-0.7027296053,-0.7112703303,0.0162978262,,,,
7771,0.0,-823.570923,482.465942,1662.897217,-0.7027296053,-0.7112703303,0.0162978262,,,,
7772,0.0,-824.52179,481.877075,1663.023804,-0.7027296053,-0.7112703303,0.0162978262,,,,
7773,0.0,-825.488281,481.271851,1663.06311,-0.7027296053,-0.7112703303,0.0162978262,,,,
7774,0.0,-826.277405,480.799896,1663.057129,-0.7027296053,-0.7112703303,0.0162978262,,,,
7775,0.0,-827.078491,480.298157,1663.013428,-0.7027296053,-0.7112703303,0.0162978262,,,,
7776,0.0,-828.016296,479.564911,1662.969238,-0.7027296053,-0.7112703303,0.0162978262,,,,
7777,0.0,-829.35083,478.633453,1662.861572,-0.7006989735,-0.7132708668,0.0162978262,,,,
7778,0.0,-829.843201,478.371979,1662.814453,-0.6951223135,-0.7186855997,0.0172040136,,,,
7779,0.0,-830.595215,477.56546,1662.766846,-0.6648302414,-0.7467083186,0.0206745524,,,,
7780,0.0,-831.454102,476.662506,1662.650879,-0.6222241668,-0.7824440036,0.024869006,,,,
7781,0.0,-832.026367,475.816193,1662.499268,-0.5307617226,-0.8470533021,0.0281548801,,,,
7782,0.0,-832.284729,474.780975,1662.457153,-0.4240441953,-0.9051847812,0.0287581705,,,,
7783,0.0,-832.319214,473.311462,1662.328491,-0.2897807583,-0.9566817764,0.028055139,,,,
7784,0.0,-831.406738,471.819244,1662.170654,-0.1161569546,-0.9929335877,0.0242992235,,,,
7785,0.0,-830.703735,470.524261,1662.077393,0.0516682523,-0.9984655683,0.0199223658,,,,
7786,0.0,-830.102295,469.143158,1661.916138,0.1896635401,-0.9817436457,0.0143929018,,,,
7787,0.0,-829.459595,468.096375,1661.789429,0.3065387713,-0.9518170693,0.0088458067,,,,
7788,0.0,-829.13385,467.169403,1661.667114,0.408944116,-0.9125517915,0.0037333379,,,,
7789,0.0,-829.231201,466.397308,1661.594727,0.4696517501,-0.8828516601,0.0004240626,,,,
7790,0.0,-829.919922,465.131683,1661.564087,0.516208514,-0.8564600339,-0.0022316808,,,,
7791,0.0,-830.408142,464.5004425,1661.617737,0.5194727811,-0.8544746009,-0.00254734,,,,
7792,0.0,-831.20929,463.21225,1661.435791,0.5228726955,-0.8524071538,-0.0024876676,,,,
7793,0.0,-831.969604,462.320801,1661.640503,0.5172714673,-0.8558202716,-0.0013754586,,,,
7794,0.0,-832.531158,461.603821,1661.7071535,0.5056786414,-0.8626164412,-0.0011671014,,,,
7795,0.0,-833.53772,460.052704,1661.569336,0.4637290807,-0.8859751456,-0.0018387731,,,,
7796,0.0,-834.5035705,458.916809,1661.515869,0.4030063415,-0.9127837158,-0.0023574399,,,,
7797,0.0,-835.469421,457.780914,1661.462402,0.3422836022,-0.9395922859,-0.0028761067,,,,
7798,0.0,-838.988953,455.505615,1661.070801,0.1056859865,-0.9943961854,0.0025881982,,,,
7799,0.0,-841.249329,454.891846,1660.726685,-0.0711465949,-0.9974277215,0.0087236733,,,,
7800,0.0,-842.566223,454.232819,1660.368896,-0.2406671969,-0.9704940112,0.0148551202,,,,
7801,0.0,-843.551147,453.398834,1659.980225,-0.3858806356,-0.9223915699,0.0170272376,,,,
7802,0.0,-845.326599,453.125366,1659.924438,-0.5099610957,-0.8600105053,0.0179335358,,,,
7803,0.0,-847.03009,452.886078,1659.934326,-0.6137989105,-0.7892671424,0.0175577733,,,,
7804,0.0,-848.813354,453.034607,1659.701172,-0.7155651462,-0.6983552231,0.016324945,,,,
7805,0.0,-849.181335,452.576019,1659.751221,-0.7302922846,-0.6829612331,0.0153991294,,,,
7806,0.0,-850.004944,451.314453,1659.504028,-0.7505002073,-0.6607328549,0.0134734294,,,,
7807,0.0,-849.962341,450.425323,1659.640625,-0.7505830101,-0.6606478762,0.0130203119,,,,
7808,0.0,-850.270203,449.601562,1659.706055,-0.7502829811,-0.6609975053,0.0125597048,,,,
7809,0.0,-850.418945,448.74472,1659.865356,-0.7487878173,-0.6627058236,0.0117386579,,,,
7810,0.0,-850.475525,448.296661,1660.200928,-0.7471007557,-0.6646216368,0.0108876375,,,,
7811,0.0,-850.545898,447.73056,1660.495239,-0.7460158159,-0.6658581409,0.0096611896,,,,
7812,0.0,-850.564087,447.468567,1660.876221,-0.745337375,-0.6666372324,0.0081852235,,,,
7813,0.0,-850.465637,446.196655,1660.852417,-0.7419033226,-0.6704671076,0.0073018866,,,,
7814,0.0,-850.491577,446.171143,1661.169922,-0.7372039751,-0.675636397,0.0067644781,,,,
7815,0.0,-850.593933,446.218506,1661.252319,-0.7319513599,-0.6813238347,0.0067111071,,,,
7816,0.0,-850.60498,446.360016,1661.342041,-0.7322497743,-0.6810031051,0.0067111071,,,,
7817,0.0,-850.556885,446.835846,1661.594849,-0.7337525668,-0.6793836409,0.0067111246,,,,
7818,0.0,-850.516785,447.175598,1661.770264,-0.7346126649,-0.6784535308,0.0067111246,,,,
7819,0.0,-850.660278,447.332642,1661.785889,-0.7347873582,-0.6782643284,0.0067111071,,,,
7820,0.0,-850.675232,447.873138,1662.017822,-0.7347873582,-0.6782643284,0.0067111071,,,,
7821,0.0,-850.76123,447.3508,1661.955933,-0.7347873582,-0.6782643284,0.0067111071,,,,
7822,0.0,-850.739136,447.937744,1662.115723,-0.734529368,-0.6785437114,0.0067111246,,,,
7823,0.0,-850.819031,448.856995,1662.174316,-0.7310833028,-0.6822414265,0.0079900148,,,,
7824,0.0,-850.94928,448.951691,1662.193726,-0.7280443058,-0.6854661674,0.0093606749,,,,
7825,0.0,-851.073853,449.769684,1662.061035,-0.7273175115,-0.6862288394,0.0099607958,,,,
7826,0.0,-851.173157,449.931702,1662.067139,-0.7269801154,-0.6865790331,0.0104471589,,,,
7827,0.0,-851.452209,449.396606,1661.8573,-0.7254005812,-0.6882094704,0.0127169813,,,,
7828,0.0,-851.59375,449.796631,1661.645264,-0.7233614212,-0.6903165746,0.0145355151,,,,
7829,0.0,-851.65448,450.14978,1661.596313,-0.7212630181,-0.6924755227,0.0160408601,,,,
7830,0.0,-851.524475,450.565033,1661.591431,-0.7207296492,-0.6930187854,0.0165449664,,,,
7831,0.0,-851.247253,450.82663,1661.671143,-0.7203466377,-0.6934037238,0.0170879313,,,,
7832,0.0,-851.896606,450.173096,1661.482056,-0.7184289886,-0.6953360579,0.019171721,,,,
7833,0.0,-851.90686,450.130951,1661.47644,-0.716267498,-0.6974640038,0.0224685251,,,,
7834,0.0,-851.736389,450.285461,1661.437256,-0.7154285413,-0.6982151993,0.0256424985,,,,
7835,0.0,-851.589661,450.428772,1661.449219,-0.7153802986,-0.6981681173,0.0281479713,,,,
7836,0.0,-851.446167,450.568817,1661.476074,-0.7153678682,-0.698155986,0.0287581705,,,,
7837,0.0,-851.283264,450.727844,1661.550415,-0.7153678682,-0.698155986,0.0287581705,,,,
7838,0.0,-851.300781,450.710754,1661.540405,-0.7153678682,-0.698155986,0.0287581705,,,,
7839,0.0,-851.682007,450.346161,1661.51123,-0.7158839926,-0.697626746,0.0287581705,,,,
7840,0.0,-851.694153,450.363892,1661.507202,-0.7179123791,-0.6955392034,0.0287581705,,,,
7841,0.0,-851.526367,450.550415,1661.571899,-0.7196254496,-0.6937666602,0.0287581879,,,,
7842,0.0,-851.522095,450.560364,1661.573486,-0.7200371579,-0.6933393533,0.0287581705,,,,
7843,0.0,-851.382202,450.695251,1661.629395,-0.7200371579,-0.6933393533,0.0287581705,,,,
7844,0.0,-851.259216,450.813599,1661.709106,-0.7200211185,-0.6933242719,0.0295134376,,,,
7845,0.0,-850.95636,451.105286,1661.937866,-0.720001983,-0.6933054827,0.030408093,,,,
7846,0.0,-850.805786,451.250214,1662.059204,-0.7199961129,-0.6932998301,0.0306747945,,,,
7847,0.0,-850.845093,451.212311,1662.043091,-0.7199961129,-0.6932998301,0.0306747945,,,,
7848,0.0,-850.841858,451.213226,1662.078369,-0.7198114596,-0.6934915418,0.0306748119,,,,
7849,0.0,-850.740173,451.305542,1662.22168,-0.7193368257,-0.6939838522,0.0306748119,,,,
7850,0.0,-851.157166,450.864227,1661.835449,-0.7163486927,-0.6970678643,0.0306747945,,,,
7851,0.0,-851.288147,450.638397,1662.161743,-0.7090683375,-0.7044722491,0.0306747945,,,,
7852,0.0,-851.255371,450.30603,1663.151611,-0.6817917453,-0.7309334551,0.0299382724,,,,
7853,0.0,-851.061218,449.866638,1663.56958,-0.632465446,-0.7740540145,0.0287722495,,,,
7854,0.0,-850.721619,449.130188,1665.098755,-0.5443740822,-0.8384114064,0.0268918626,,,,
7855,0.0,-850.311584,448.36499,1667.035156,-0.4448284793,-0.8952568635,0.0253529553,,,,
7856,0.0,-849.801819,447.931,1668.962036,-0.3463045899,-0.9378250692,0.023606579,,,,
7857,0.0,-849.202637,447.548431,1670.901611,-0.223356937,-0.9745166426,0.0207121213,,,,
7858,0.0,-848.504517,447.338684,1672.707764,-0.0664136499,-0.9976767533,0.0151763991,,,,
7859,0.0,-848.202515,446.837067,1674.833618,0.0187928856,-0.999755996,0.0116093029,,,,
7860,0.0,-848.124451,446.720154,1676.248047,0.0627059306,-0.9979952631,0.0085686066,,,,
7861,0.0,-848.183044,445.340332,1677.483521,0.0710762869,-0.9974413944,0.0076698266,,,,
7862,0.0,-848.283936,444.900909,1677.432007,0.0710762869,-0.9974413944,0.0076698266,,,,
7863,0.0,-848.438538,444.521912,1677.385986,0.0710762869,-0.9974413944,0.0076698266,,,,
7864,0.0,-848.786072,443.950012,1677.319702,0.0710762869,-0.9974413944,0.0076698266,,,,
7865,0.0,-849.179871,443.397614,1677.270264,0.0710762869,-0.9974413944,0.0076698266,,,,
7866,0.0,-849.690796,442.857147,1677.009399,0.0710762869,-0.9974413944,0.0076698266,,,,
7867,0.0,-850.281006,442.162964,1676.791016,0.0710762869,-0.9974413944,0.0076698266,,,,
7868,0.0,-851.256531,440.93042,1676.498657,0.0710762869,-0.9974413944,0.0076698266,,,,
7869,0.0,-851.905518,440.035858,1676.308472,0.0710762869,-0.9974413944,0.0076698266,,,,
7870,0.0,-852.841858,438.617859,1676.084961,0.0710762869,-0.9974413944,0.0076698266,,,,
7871,0.0,-853.733704,437.153259,1676.023315,0.0757826721,-0.9970265108,0.0139686549,,,,
7872,0.0,-854.224915,435.120117,1675.497192,0.0970251551,-0.9951085909,0.0185744884,,,,
7873,0.0,-854.428162,433.288147,1675.254639,0.1420311804,-0.9895211742,0.0259805609,,,,
7874,0.0,-854.573181,431.333313,1675.108032,0.1825946225,-0.98266483,0.0320785867,,,,
7875,0.0,-854.616516,429.375549,1675.026733,0.2204811753,-0.9747453192,0.0354910409,,,,
7876,0.0,-854.671448,426.770508,1675.155273,0.2557632234,-0.965993203,0.0379776942,,,,
7877,0.0,-854.767517,424.196075,1675.269409,0.2633603905,-0.9639353398,0.0383401269,,,,
7878,0.0,-854.825928,421.778412,1675.293335,0.2597615262,-0.9649113874,0.0383401095,,,,
7879,0.0,-854.899963,419.002563,1675.547974,0.2465468713,-0.968405874,0.0374793738,,,,
7880,0.0,-855.062866,414.54892,1675.525757,0.2003539296,-0.9790462689,0.0364239789,,,,
7881,0.0,-855.592163,410.465881,1675.576904,0.1103919301,-0.9931726113,0.0377065771,,,,
7882,0.0,-856.120239,407.060669,1675.638306,0.03120263,-0.998744691,0.0391846674,,,,
7883,0.0,-857.120239,404.322632,1675.677734,-0.0889314389,-0.9950508768,0.0443277764,,,,
7884,0.0,-858.247803,402.075256,1675.716431,-0.20632453,-0.9772379011,0.0493586168,,,,
7885,0.0,-858.525024,399.029022,1675.729736,-0.3135343561,-0.9480375918,0.0540456479,,,,
7886,0.0,-859.247253,396.168457,1675.956787,-0.4294376741,-0.9010977038,0.0600517469,,,,
7887,0.0,-859.790894,393.554657,1676.163086,-0.5304462878,-0.8451533123,0.0658985171,,,,
7888,0.0,-860.251709,389.7099,1676.15979,-0.6226437493,-0.7790645378,0.0733021656,,,,
7889,0.0,-860.537354,387.306976,1676.104858,-0.6565921975,-0.7502651988,0.0773874508,,,,
7890,0.0,-860.722778,384.155273,1676.000244,-0.6858913814,-0.7231635393,0.0811634674,,,,
7891,0.0,-860.821472,380.069824,1675.455688,-0.7136863053,-0.6952505751,0.0853140985,,,,
7892,0.0,-860.534424,377.404449,1675.167725,-0.7185642349,-0.6900977849,0.0862002765,,,,
7893,0.0,-860.128418,374.656464,1674.789673,-0.7195714477,-0.6890381521,0.0862748896,,,,
7894,0.0,-859.562195,371.770233,1674.47644,-0.7196338345,-0.6889729927,0.086274907,,,,
7895,0.0,-858.840881,369.053497,1674.47522,-0.7196338345,-0.6889729927,0.086274907,,,,
7896,0.0,-858.085693,366.697174,1674.492554,-0.7196338345,-0.6889729927,0.086274907,,,,
7897,0.0,-856.977661,363.913879,1674.633423,-0.7196338345,-0.6889729927,0.086274907,,,,
7898,0.0,-855.440735,361.391479,1674.822144,-0.7196338345,-0.6889729927,0.086274907,,,,
7899,0.0,-854.035889,359.101166,1674.982544,-0.720192861,-0.6883886137,0.086274907,,,,
7900,0.0,-852.245972,356.454224,1675.274536,-0.7202940526,-0.6882827314,0.086274907,,,,
7901,0.0,-850.258728,353.577637,1675.653198,-0.7214516769,-0.6870692216,0.0862749244,,,,
7902,0.0,-848.217468,350.72821,1675.938477,-0.722802479,-0.6856480269,0.086274907,,,,
7903,0.0,-846.022034,347.718231,1676.225708,-0.7235538128,-0.6848551113,0.0862748896,,,,
7904,0.0,-844.023071,345.125244,1676.477173,-0.7235851755,-0.6848219726,0.086274907,,,,
7905,0.0,-841.721924,342.183167,1676.581543,-0.7248940233,-0.6835508164,0.0853635546,,,,
7906,0.0,-839.61084,339.438904,1676.697144,-0.7255486772,-0.6828613813,0.085319698,,,,
7907,0.0,-837.308716,336.414276,1676.706787,-0.7256117809,-0.6827943267,0.085319698,,,,
7908,0.0,-835.15155,333.379547,1676.447266,-0.7256117809,-0.6827943267,0.085319698,,,,
7909,0.0,-832.883911,330.412811,1676.222046,-0.7256117809,-0.6827943267,0.085319698,,,,
7910,0.0,-830.975403,328.019409,1675.982178,-0.7250041544,-0.6834394796,0.0853197154,,,,
7911,0.0,-826.275024,322.141418,1675.640137,-0.7179497339,-0.6908463857,0.085319698,,,,
7912,0.0,-825.053009,320.705032,1675.6444705,-0.7062377373,-0.7025656226,0.0857618652,,,,
7913,0.0,-821.69873,316.484741,1675.498169,-0.6417186727,-0.7617950967,0.0886869536,,,,
7914,0.0,-819.545837,313.845947,1675.453247,-0.5373825425,-0.8383961779,0.0911693587,,,,
7915,0.0,-816.572388,310.320496,1675.450806,-0.4096524539,-0.9074167219,0.093700373,,,,
7916,0.0,-814.076843,307.356628,1675.426392,-0.2506999189,-0.9633358886,0.0955694322,,,,
7917,0.0,-810.633911,302.995148,1675.356445,-0.0544188204,-0.9937290137,0.097679268,,,,
7918,0.0,-806.712524,299.46701,1674.880127,0.1437258262,-0.9850151697,0.0953310142,,,,
7919,0.0,-801.664734,296.210754,1674.762695,0.375849394,-0.9227090195,0.0857047159,,,,
7920,0.0,-797.800903,294.698914,1675.886719,0.5552891234,-0.8288168022,0.0686782186,,,,
7921,0.0,-793.695129,292.947174,1677.508911,0.7138076147,-0.6985574583,0.049961651,,,,
7922,0.0,-791.086121,291.314423,1678.669678,0.7969977724,-0.6028969629,0.0361912009,,,,
7923,0.0,-788.542542,289.296875,1679.632568,0.8709719412,-0.4908821723,0.0210373623,,,,
7924,0.0,-786.36499,286.874756,1679.533936,0.8957333377,-0.4442732071,0.0168257333,,,,
7925,0.0,-784.292053,283.962769,1679.042847,0.9061902468,-0.422589485,0.015406616,,,,
7926,0.0,-782.847717,281.647827,1678.777832,0.9067316118,-0.421429108,0.0153392019,,,,
7927,0.0,-780.750732,278.178589,1678.331787,0.9067316118,-0.421429108,0.0153392019,,,,
7928,0.0,-778.901367,275.171814,1678.243164,0.9067316118,-0.421429108,0.0153392019,,,,
7929,0.0,-777.055054,272.277527,1677.425049,0.9067316118,-0.421429108,0.0153392019,,,,
7930,0.0,-775.189636,269.174377,1676.981445,0.9067316118,-0.421429108,0.0153392019,,,,
7931,0.0,-773.464417,266.161652,1676.66333,0.9067316118,-0.421429108,0.0153392019,,,,
7932,0.0,-772.285706,264.020233,1676.450195,0.9067316118,-0.421429108,0.0153392019,,,,
7933,0.0,-770.276917,260.434998,1676.452759,0.9067316118,-0.421429108,0.0153392019,,,,
7934,0.0,-768.617798,257.470428,1676.501953,0.9067316118,-0.421429108,0.0153392019,,,,
7935,0.0,-767.172058,254.799637,1676.637207,0.9067316118,-0.421429108,0.0153392019,,,,
7936,0.0,-765.492798,251.54834,1676.631958,0.9109767629,-0.4122056674,0.0144161471,,,,
7937,0.0,-763.967834,248.827972,1677.109741,0.9258994583,-0.3775275385,0.0135333237,,,,
7938,0.0,-762.164307,245.640015,1677.569946,0.9504827955,-0.3106519854,0.0088203957,,,,
7939,0.0,-760.534485,242.782501,1677.516846,0.9679751331,-0.2510425551,0.0013331344,,,,
7940,0.0,-759.07373,241.017761,1677.914307,0.9828241931,-0.1842209708,-0.0109196798,,,,
7941,0.0,-756.909119,238.1539,1677.795166,0.9942295803,-0.1041705678,-0.0256131692,,,,
7942,0.0,-754.935425,235.716049,1677.790283,0.9988672441,-0.0248379494,-0.0405870046,,,,
7943,0.0,-752.943848,233.976776,1677.783936,0.9980802798,0.032636883,-0.052636384,,,,
7944,0.0,-750.528137,231.669907,1677.734497,0.9942747434,0.0856086751,-0.063944424,,,,
7945,0.0,-748.303528,229.856445,1677.938965,0.9913226208,0.1125580161,-0.067898119,,,,
7946,0.0,-746.167969,228.396408,1677.961792,0.9904419616,0.1199929847,-0.0680176762,,,,
7947,0.0,-743.454468,226.581421,1677.939575,0.9896135369,0.126643756,-0.0680176936,,,,
7948,0.0,-741.208069,225.184601,1678.294922,0.9896085512,0.126682634,-0.0680178329,,,,
7949,0.0,-738.57428,224.055389,1678.042236,0.9899993024,0.1249863701,-0.0654200923,,,,
7950,0.0,-736.050049,222.948792,1677.908936,0.9904525755,0.1231993583,-0.0618515461,,,,
7951,0.0,-730.971802,221.15889,1678.536133,0.9909423026,0.1220281847,-0.0560577836,,,,
7952,0.0,-729.1614075,220.6351395,1679.1035155,0.991028243,0.1220387765,-0.0544704636,,,,
7953,0.0,-727.351013,220.111389,1679.670898,0.9911141835,0.1220493683,-0.0528831435,,,,
7954,0.0,-724.240479,219.312195,1680.55835,0.9911713342,0.1220564061,-0.0517843609,,,,
7955,0.0,-718.550476,218.173004,1682.529053,0.9914040187,0.121120239,-0.0494768579,,,,
7956,0.0,-714.920898,217.519409,1683.9198,0.9914748304,0.1211288726,-0.048015174,,,,
7957,0.0,-711.644897,217.111832,1685.121826,0.9912707013,0.1238572778,-0.0451859666,,,,
7958,0.0,-708.694336,216.568436,1686.521484,0.9905994597,0.1297281261,-0.0433972778,,,,
7959,0.0,-705.374146,216.14682,1687.873413,0.9884578634,0.1464621792,-0.0387283138,,,,
7960,0.0,-702.196411,215.660904,1689.018555,0.9849892545,0.1688880475,-0.0356790683,,,,
7961,0.0,-699.213257,215.273544,1689.873291,0.9786755147,0.2029591333,-0.0316516518,,,,
7962,0.0,-695.992126,214.345749,1691.231567,0.9725178487,0.2311000443,-0.0283161365,,,,
7963,0.0,-692.661865,213.562744,1692.277466,0.9686769498,0.2469480926,-0.0261075952,,,,
7964,0.0,-689.273743,212.543182,1693.358154,0.9678480292,0.2502004457,-0.0258829949,,,,
7965,0.0,-686.358887,211.723145,1694.239624,0.9699001727,0.2420723148,-0.0263562016,,,,
7966,0.0,-682.926636,210.503357,1695.314697,0.971852273,0.2340601327,-0.0268144328,,,,
7967,0.0,-679.587036,209.176056,1696.26416,0.9788815961,0.2026582106,-0.0268415804,,,,
7968,0.0,-676.773132,207.883728,1696.983765,0.9869256135,0.1589256522,-0.0268415804,,,,
7969,0.0,-673.529053,206.048477,1697.700195,0.9991112684,0.035275986,-0.0230711531,,,,
7970,0.0,-670.74054,204.326279,1698.206055,0.9979864918,-0.0603527181,-0.0195067092,,,,
7971,0.0,-667.683899,202.24231,1698.950562,0.9843774228,-0.175298026,-0.016483068,,,,
7972,0.0,-664.717773,200.33226,1699.676392,0.9573136159,-0.2886869602,-0.0145079244,,,,
7973,0.0,-661.927002,198.608093,1700.17749,0.9304804089,-0.3661222536,-0.0126769118,,,,
7974,0.0,-658.596619,196.516403,1701.217407,0.8959158967,-0.4440741516,-0.0115262308,,,,
7975,0.0,-656.237732,195.186783,1701.938599,0.8826035641,-0.4699970709,-0.0106631139,,,,
7976,0.0,-652.454956,193.135712,1703.229614,0.8664856865,-0.499108816,-0.0096407876,,,,
7977,0.0,-649.429688,191.61496,1704.245605,0.8625505607,-0.5058800362,-0.0095874528,,,,
7978,0.0,-646.194885,189.95871,1705.446655,0.862238699,-0.5064114049,-0.009587226,,,,
7979,0.0,-642.997437,188.371155,1706.676392,0.8636646479,-0.5039756509,-0.0095874528,,,,
7980,0.0,-640.192505,187.033844,1708.075317,0.8657615945,-0.5003302305,-0.0112482004,,,,
7981,0.0,-636.816101,185.313477,1709.611572,0.8660799104,-0.4997731813,-0.0115046076,,,,
7982,0.0,-633.546631,183.624268,1711.073853,0.8660799104,-0.4997731813,-0.0115046076,,,,
7983,0.0,-631.27948,182.36937,1711.801514,0.8648901952,-0.5018106017,-0.012291067,,,,
7984,0.0,-627.396729,180.36882,1713.572632,0.8633172006,-0.5044857207,-0.0133254911,,,,
7985,0.0,-623.920654,178.72728,1715.116089,0.8583394636,-0.5129066362,-0.013421912,,,,
7986,0.0,-621.094788,177.079544,1716.056274,0.8519160773,-0.5234830732,-0.0142992745,,,,
7987,0.0,-617.990295,175.573837,1717.200317,0.8410793664,-0.540720532,-0.0143807381,,,,
7988,0.0,-615.079773,174.016739,1718.105347,0.8276417681,-0.5610724535,-0.0143807381,,,,
7989,0.0,-611.565735,172.075882,1719.208862,0.814331133,-0.5802223713,-0.0143807381,,,,
7990,0.0,-608.599976,170.421173,1720.090576,0.7932727518,-0.608755818,-0.0116058299,,,,
7991,0.0,-605.825928,168.731033,1721.095459,0.7723318863,-0.6351561849,-0.0089486374,,,,
7992,0.0,-602.664612,167.118073,1721.956421,0.7475888378,-0.6641607282,0.0012069123,,,,
7993,0.0,-599.304871,165.633499,1722.961182,0.7408656181,-0.6716290033,0.0057112099,,,,
7994,0.0,-593.500732,163.298737,1724.489746,0.7408100887,-0.6716899004,0.005752399,,,,
7995,0.0,-591.4489135,162.5775605,1724.8553465,0.7408100887,-0.6716899004,0.005752399,,,,
7996,0.0,-586.29364,160.756241,1725.597778,0.7408100887,-0.6716899004,0.005752399,,,,
7997,0.0,-584.5154115,160.3323595,1725.965454,0.7408100887,-0.6716899004,0.005752399,,,,
7998,0.0,-580.055054,159.618378,1726.686035,0.7408100887,-0.6716899004,0.005752399,,,,
7999,0.0,-577.188354,159.51123,1726.789307,0.7408100887,-0.6716899004,0.005752399,,,,
8000,0.0,-574.186768,159.698654,1726.455444,0.7408100887,-0.6716899004,0.005752399,,,,
8001,0.0,-571.114014,159.989929,1726.047729,0.7426567667,-0.6696711911,0.0011927752,,,,
8002,0.0,-568.450867,160.509705,1725.655396,0.7444990801,-0.6676147829,-0.0034090229,,,,
8003,0.0,-565.961975,161.317169,1725.50769,0.7092352727,-0.7048829586,-0.0111956518,,,,
8004,0.0,-563.723022,162.405731,1725.815308,0.668812384,-0.7431846453,-0.0191462264,,,,
8005,0.0,-561.866272,163.28949,1726.166382,0.5664991932,-0.8238553804,-0.0184655462,,,,
8006,0.0,-561.702087,165.024582,1727.280518,0.3467646505,-0.9378989676,-0.0099901857,,,,
8007,0.0,-560.461304,168.171021,1728.2323,0.1039616026,-0.994578348,0.0024279251,,,,
8008,0.0,-558.927979,168.798264,1728.203125,-0.1477660557,-0.9888311908,0.0194439939,,,,
8009,0.0,-558.118591,169.917175,1728.520996,-0.3808170707,-0.9238008096,0.039628561,,,,
8010,0.0,-557.575195,171.262421,1728.608032,-0.5924003339,-0.8034127698,0.0599146542,,,,
8011,0.0,-555.54657,173.709076,1728.723267,-0.7772791648,-0.6239383254,0.080858308,,,,
8012,0.0,-553.113464,175.788345,1728.947754,-0.8787002121,-0.4685119243,0.0915560703,,,,
8013,0.0,-549.75885,177.81601,1728.998657,-0.9463719791,-0.3069399276,0.1008362935,,,,
8014,0.0,-546.848999,179.09462,1728.793701,-0.9751119427,-0.1952452819,0.1050522689,,,,
8664,0.0,662.486328,-55.286411,1713.566772,-0.913028737,-0.4077588857,0.0105459216,,,,
8665,0.0,662.233521,-55.672127,1701.493164,-0.913028737,-0.4077588857,0.0105459216,,,,
8666,0.0,662.2390445,-55.8943275,1702.42218,-0.913028737,-0.4077588857,0.0105459216,,,,
8667,0.0,662.244568,-56.116528,1703.351196,-0.913028737,-0.4077588857,0.0105459216,,,,
8668,0.0,660.543274,-57.974953,1705.848389,-0.9198162328,-0.392198053,0.0108988593,,,,
8669,0.0,658.363403,-59.924126,1707.452637,-0.9277889314,-0.3729333407,0.0113323548,,,,
8670,0.0,656.6808165,-61.306864,1708.676758,-0.932359679,-0.3611145701,0.0118673914,,,,
8671,0.0,652.779297,-64.426971,1711.615356,-0.9396849241,-0.3418141461,0.0124632655,,,,
8672,0.0,650.355347,-65.960014,1713.435913,-0.9406808681,-0.3390636687,0.0124632655,,,,
8673,0.0,648.511963,-67.2484055,1714.906738,-0.9409670735,-0.3382675238,0.0124632742,,,,
8674,0.0,644.156799,-70.355873,1718.661377,-0.9412770017,-0.3374052062,0.0124632655,,,,
8675,0.0,641.991882,-71.572426,1721.612915,-0.9412770017,-0.3374052062,0.0124632655,,,,
8676,0.0,637.37616,-73.320328,1727.819702,-0.9412770017,-0.3374052062,0.0124632655,,,,
8677,0.0,634.669617,-74.546844,1730.899902,-0.9412770017,-0.3374052062,0.0124632655,,,,
8678,0.0,632.464844,-75.906303,1732.249878,-0.9412770017,-0.3374052062,0.0124632655,,,,
8679,0.0,628.726135,-78.128304,1734.637451,-0.9407343176,-0.3389153444,0.0124632655,,,,
8680,0.0,626.177856,-79.788704,1737.942627,-0.9402029643,-0.3403712723,0.0128756711,,,,
8681,0.0,622.611389,-81.732361,1743.359253,-0.9396881688,-0.3417708501,0.0133727854,,,,
8682,0.0,619.52124,-83.516525,1747.739746,-0.9396371174,-0.341909256,0.0134219294,,,,
8683,0.0,616.59436,-85.177895,1751.80127,-0.9396371174,-0.341909256,0.0134219294,,,,
8684,0.0,615.250732,-85.986389,1753.917847,-0.9395240666,-0.3422197832,0.0134219294,,,,
8685,0.0,611.96875,-87.702026,1758.180298,-0.9393529702,-0.3426891436,0.0134219294,,,,
8686,0.0,608.538818,-89.527641,1762.381592,-0.9393088821,-0.3428099704,0.0134219294,,,,
8687,0.0,605.660095,-91.087112,1765.910767,-0.9393088821,-0.3428099704,0.0134219294,,,,
8688,0.0,603.233154,-92.380753,1768.769287,-0.9420379266,-0.335237821,0.0134219294,,,,
8689,0.0,600.295959,-94.09095,1772.946655,-0.9450689512,-0.3265953601,0.0134219294,,,,
8690,0.0,599.80835,-95.305779,1774.865601,-0.9513505451,-0.3078181155,0.0134219294,,,,
8691,0.0,600.299683,-96.854927,1777.805664,-0.9593576348,-0.2818736956,0.0134219294,,,,
8692,0.0,600.610962,-98.269775,1780.868652,-0.9689640049,-0.2468372114,0.0134219294,,,,
8693,0.0,600.554199,-99.637924,1782.515625,-0.9751632295,-0.2210803647,0.0134219294,,,,
8694,0.0,600.781799,-101.343224,1785.373413,-0.9831065457,-0.1825414241,0.0134219294,,,,
8695,0.0,600.855103,-102.932762,1787.369751,-0.9894705238,-0.1441108403,0.0134219294,,,,
8696,0.0,600.939636,-104.602173,1789.325195,-0.9938737221,-0.1097935953,0.0126645559,,,,
8697,0.0,601.03418,-105.912712,1790.797485,-0.9968429837,-0.0787518854,0.0101097173,,,,
8698,0.0,601.063538,-107.746216,1792.009399,-0.9987635482,-0.0491826226,0.0072418488,,,,
8699,0.0,601.110413,-109.382744,1792.930054,-0.9996058464,-0.0276053911,0.0051082423,,,,
8700,0.0,601.08844,-111.18026,1793.606689,-0.9999522666,-0.0092950636,0.0030110375,,,,
8701,0.0,601.200745,-112.690269,1794.040527,-0.9999933462,0.0034778212,0.0011010407,,,,
8702,0.0,601.260742,-114.095718,1794.259766,-0.999893933,0.0144998657,-0.0013699085,,,,
8703,0.0,601.261108,-115.864288,1794.327026,-0.9996940205,0.0244715738,-0.0036065929,,,,
8704,0.0,601.328491,-117.363205,1794.146729,-0.9993226891,0.0361993737,-0.0066157619,,,,
8705,0.0,601.45813,-119.162346,1793.807251,-0.998824505,0.0475208063,-0.0095593543,,,,
8706,0.0,601.4552,-120.522842,1793.348267,-0.9983951676,0.0555191131,-0.0111676934,,,,
8707,0.0,601.650391,-123.034767,1791.930054,-0.9975543698,0.0685241318,-0.0137739821,,,,
8708,0.0,601.6750795,-124.0538595,1791.1831055,-0.9974457983,0.0700110045,-0.0140722119,,,,
8709,0.0,601.726746,-126.204979,1789.405518,-0.9973334051,0.0715491297,-0.014380581,,,,
8710,0.0,601.74762,-126.9986915,1788.516785,-0.9973334051,0.0715491297,-0.014380581,,,,
8711,0.0,601.782715,-128.98497,1786.114624,-0.9973334051,0.0715491297,-0.014380581,,,,
8712,0.0,601.764099,-130.114685,1784.516968,-0.9973334051,0.0715491297,-0.014380581,,,,
8713,0.0,601.877075,-131.460861,1782.146851,-0.9973334051,0.0715491297,-0.014380581,,,,
8714,0.0,601.85907,-132.554016,1780.16626,-0.9973334051,0.0715491297,-0.014380581,,,,
8715,0.0,601.919983,-133.237755,1778.576477,-0.9973334051,0.0715491297,-0.014380581,,,,
8716,0.0,601.995422,-134.644287,1775.220093,-0.9973334051,0.0715491297,-0.014380581,,,,
8717,0.0,599.852783,-135.639038,1769.852295,-0.9973334051,0.0715491297,-0.014380581,,,,
8718,0.0,598.741028,-136.212723,1763.254517,-0.9973334051,0.0715491297,-0.014380581,,,,
8719,0.0,596.457886,-135.038574,1761.103394,-0.9973334051,0.0715491297,-0.014380581,,,,
8720,0.0,596.493042,-136.017181,1757.980469,-0.9973334051,0.0715491297,-0.014380581,,,,
8721,0.0,596.908142,-136.961472,1755.353516,-0.9973334051,0.0715491297,-0.014380581,,,,
8722,0.0,597.762085,-137.775864,1754.56665,-0.9973334051,0.0715491297,-0.014380581,,,,
8723,0.0,598.357117,-138.435181,1754.461792,-0.9973334051,0.0715491297,-0.014380581,,,,
8724,0.0,598.569031,-139.012543,1754.432495,-0.9973334051,0.0715491297,-0.014380581,,,,
8725,0.0,598.393433,-139.425781,1756.471924,-0.9973334051,0.0715491297,-0.014380581,,,,
8726,0.0,597.798767,-140.005875,1761.813965,-0.9973334051,0.0715491297,-0.014380581,,,,
8727,0.0,597.329102,-140.514771,1765.776001,-0.9973334051,0.0715491297,-0.014380581,,,,
8728,0.0,596.928955,-140.995773,1769.260742,-0.9973334051,0.0715491297,-0.014380581,,,,
8729,0.0,596.891113,-141.506821,1772.924438,-0.9973334051,0.0715491297,-0.014380581,,,,
8730,0.0,596.942505,-141.945053,1776.060669,-0.9973334051,0.0715491297,-0.014380581,,,,
8731,0.0,596.991943,-142.380722,1779.172485,-0.9973334051,0.0715491297,-0.014380581,,,,
8732,0.0,597.007812,-142.75975,1781.894165,-0.9973334051,0.0715491297,-0.014380581,,,,
8733,0.0,597.007812,-143.140884,1784.644897,-0.9973334051,0.0715491297,-0.014380581,,,,
8734,0.0,597.007812,-143.46405,1786.987793,-0.9973334051,0.0715491297,-0.014380581,,,,
8735,0.0,597.007812,-143.773468,1789.247559,-0.9973334051,0.0715491297,-0.014380581,,,,
8736,0.0,597.007812,-144.05864,1791.354614,-0.9973334051,0.0715491297,-0.014380581,,,,
8737,0.0,597.001526,-144.363861,1793.358887,-0.9974812074,0.0696487063,-0.0134275314,,,,
8738,0.0,596.990662,-144.585709,1794.614746,-0.9976991667,0.0667323352,-0.0119652904,,,,
8739,0.0,596.982849,-144.855209,1796.052979,-0.9978680309,0.0645265026,-0.0097838281,,,,
8740,0.0,596.981323,-144.959763,1796.583008,-0.9979076075,0.0640129608,-0.009096583,,,,
8741,0.0,596.977173,-145.400391,1798.67041,-0.9979941155,0.0629460117,-0.0067487007,,,,
8742,0.0,596.984375,-145.433167,1799.14563,-0.9978815936,0.0648809833,-0.0047731781,,,,
8743,0.0,596.995605,-145.39241,1799.162354,-0.9976788683,0.0680764824,-0.0015710749,,,,
8744,0.0,596.909119,-145.289185,1800.403442,-0.9969083814,0.0784674774,0.0040662045,,,,
8745,0.0,596.8533935,-145.25869,1799.9960325,-0.9966524696,0.0815150838,0.0053137566,,,,
8746,0.0,596.677673,-145.181778,1800.346069,-0.9960177165,0.0887728001,0.0082521721,,,,
8747,0.0,596.596771,-145.1626815,1800.1795655,-0.995891081,0.0901540674,0.0084403556,,,,
8748,0.0,596.515869,-145.143585,1800.013062,-0.9957644454,0.0915353348,0.008628539,,,,
8749,0.0,596.205322,-145.106033,1799.059692,-0.9956684414,0.0925737716,0.008628539,,,,
8750,0.0,596.018066,-145.088638,1798.546265,-0.9956684414,0.0925737716,0.008628539,,,,
8751,0.0,595.813782,-145.069656,1798.044434,-0.9956684414,0.0925737716,0.008628539,,,,
8752,0.0,595.599854,-145.049759,1798.038086,-0.9956684414,0.0925737716,0.008628539,,,,
8753,0.0,595.354309,-145.026962,1798.031006,-0.9956684414,0.0925737716,0.008628539,,,,
8754,0.0,595.115662,-145.004776,1798.024292,-0.9956684414,0.0925737716,0.008628539,,,,
8755,0.0,594.967834,-144.991043,1798.019897,-0.9956684414,0.0925737716,0.008628539,,,,
8756,0.0,594.653931,-144.961884,1798.01062,-0.9956684414,0.0925737716,0.008628539,,,,
8757,0.0,594.370361,-144.935501,1798.002441,-0.9956684414,0.0925737716,0.008628539,,,,
8758,0.0,594.088074,-144.909271,1797.994141,-0.9956684414,0.0925737716,0.008628539,,,,
8759,0.0,593.80011,-144.882507,1797.985962,-0.9956684414,0.0925737716,0.008628539,,,,
8760,0.0,593.537781,-144.858124,1797.978394,-0.9956684414,0.0925737716,0.008628539,,,,
8761,0.0,593.16394,-144.823395,1797.967407,-0.9956684414,0.0925737716,0.008628539,,,,
8762,0.0,592.80719,-144.790222,1797.957031,-0.9956684414,0.0925737716,0.008628539,,,,
8763,0.0,592.451294,-144.757141,1797.946777,-0.9956684414,0.0925737716,0.008628539,,,,
8764,0.0,592.130005,-144.698166,1797.93689,-0.9953448883,0.0959510438,0.0090526548,,,,
8765,0.0,591.784363,-144.638168,1797.92627,-0.9950273516,0.0991522924,0.0094547615,,,,
8766,0.0,591.34552,-144.496094,1797.911865,-0.9937870924,0.1107177072,0.0113491961,,,,
8767,0.0,591.036865,-144.369385,1798.897827,-0.9924861453,0.1216712188,0.0129369969,,,,
8768,0.0,590.559814,-144.089111,1800.588257,-0.9889082864,0.1475450923,0.0170542339,,,,
8769,0.0,590.269653,-143.899689,1801.808838,-0.9861558996,0.1646112257,0.0199921476,,,,
8770,0.0,589.751343,-143.631622,1803.386963,-0.9821905419,0.1863779619,0.0237696168,,,,
8771,0.0,589.384583,-143.381958,1804.560669,-0.9778878973,0.2073845473,0.0269612666,,,,
8772,0.0,588.924927,-143.009506,1806.138794,-0.9705806372,0.2384964598,0.0330554875,,,,
8773,0.0,588.619751,-142.799606,1807.358276,-0.9664633961,0.254130175,0.0369642829,,,,
8774,0.0,588.111877,-142.524841,1808.785156,-0.9615874613,0.2713546843,0.0414269179,,,,
8775,0.0,587.603638,-142.264893,1810.365234,-0.9571255911,0.2858582355,0.0468579985,,,,
8776,0.0,587.284363,-142.133377,1811.3302,-0.9553740646,0.2910945009,0.0502432897,,,,
8777,0.0,586.755981,-141.950668,1811.289185,-0.9535232387,0.2955184155,0.0588413064,,,,
8778,0.0,586.260132,-141.803253,1811.242798,-0.9525319501,0.2966058558,0.0686137763,,,,
8779,0.0,585.670166,-141.631378,1811.185425,-0.951676711,0.2964774617,0.0800784142,,,,
8780,0.0,584.745544,-141.358261,1811.095947,-0.9507141618,0.2961775971,0.0917682605,,,,
8781,0.0,583.681824,-141.081284,1810.992554,-0.9506457559,0.2915149379,0.1062623532,,,,
8782,0.0,582.421326,-140.748123,1810.870361,-0.9512865973,0.2865984896,0.1136446896,,,,
8783,0.0,581.539673,-140.485352,1810.784668,-0.9513148142,0.2863884092,0.1139377171,,,,
8784,0.0,579.679016,-139.926483,1810.605347,-0.9513148142,0.2863884092,0.1139377171,,,,
8785,0.0,577.854797,-139.378326,1810.429688,-0.9513148142,0.2863884092,0.1139377171,,,,
8786,0.0,575.986694,-138.816895,1810.249878,-0.9513148142,0.2863884092,0.1139377171,,,,
8787,0.0,574.509216,-138.372742,1810.1073,-0.9513148142,0.2863884092,0.1139377171,,,,
8788,0.0,569.836182,-136.967758,1809.662598,-0.9513148142,0.2863884092,0.1139377171,,,,
8789,0.0,568.508362,-136.5684205,1809.537781,-0.9513148142,0.2863884092,0.1139377171,,,,
8790,0.0,567.180542,-136.169083,1809.412964,-0.9513148142,0.2863884092,0.1139377171,,,,
8791,0.0,564.557373,-135.380096,1809.166504,-0.9513148142,0.2863884092,0.1139377171,,,,
8792,0.0,559.894165,-133.977493,1808.728027,-0.9513148142,0.2863884092,0.1139377171,,,,
8793,0.0,556.817322,-133.051926,1808.438843,-0.9513148142,0.2863884092,0.1139377171,,,,
8794,0.0,555.197327,-132.6068955,1808.289307,-0.9526708002,0.2819925148,0.1134777242,,,,
8795,0.0,551.698914,-131.64122,1808.078369,-0.95546626,0.2735019551,0.110819252,,,,
8796,0.0,548.00531,-130.598587,1808.073608,-0.957413023,0.2679125277,0.1076251866,,,,
8797,0.0,544.776062,-129.572281,1812.549316,-0.9549858858,0.2754635479,0.1100990084,,,,
8798,0.0,543.071472,-129.0457,1815.079102,-0.9541760841,0.2778324667,0.111162588,,,,
8799,0.0,538.970886,-127.794952,1820.996704,-0.9527961599,0.2818124171,0.1129656548,,,,
8800,0.0,536.814209,-127.150269,1823.952271,-0.9524335534,0.2824727185,0.1143655967,,,,
8801,0.0,533.153992,-126.056602,1828.647949,-0.9518274444,0.2835374735,0.116751947,,,,
8802,0.0,530.826355,-125.367653,1831.509766,-0.951662262,0.2835103298,0.1181559649,,,,
8803,0.0,528.141541,-124.58017,1834.564575,-0.951597182,0.2826658692,0.1206764669,,,,
8804,0.0,524.482788,-123.506813,1838.585571,-0.95158627,0.2815634397,0.1233109895,,,,
8805,0.0,521.433044,-122.613144,1841.684448,-0.9516252302,0.2805441745,0.1253171473,,,,
8806,0.0,519.27002,-121.979309,1843.740112,-0.9517355635,0.2798448672,0.1260407371,,,,
8807,0.0,516.133118,-121.060081,1846.542358,-0.9517127874,0.2787772221,0.1285536106,,,,
8808,0.0,512.901245,-120.113037,1849.197632,-0.9517181674,0.2776868301,0.1308531784,,,,
8809,0.0,509.787964,-119.208733,1851.529297,-0.9518773509,0.2757441844,0.1337708999,,,,
8810,0.0,508.018463,-118.697792,1852.7229,-0.9519933443,0.2742947245,0.135908339,,,,
8811,0.0,504.549774,-117.689095,1854.913086,-0.9521444313,0.2722674209,0.1388936049,,,,
8812,0.0,501.45459,-116.799133,1853.988037,-0.9525195103,0.2693622108,0.1419527454,,,,
8813,0.0,498.674591,-116.007088,1853.368286,-0.9529113609,0.2663879488,0.144904793,,,,
8814,0.0,495.523682,-115.122124,1853.271484,-0.9535526376,0.2623187528,0.1480751133,,,,
8815,0.0,493.900208,-114.663437,1853.206177,-0.9537234092,0.2609160886,0.1494471593,,,,
8816,0.0,489.63855,-113.453865,1853.03479,-0.9540106315,0.258419324,0.151931458,,,,
8817,0.0,487.170166,-112.75943,1852.936279,-0.9541773765,0.2569158571,0.1534267793,,,,
8818,0.0,484.12384,-111.900597,1852.815552,-0.9542649084,0.2560456521,0.1543344054,,,,
8819,0.0,481.325439,-111.110558,1852.704956,-0.9542997785,0.2556654568,0.154748528,,,,
8820,0.0,476.344543,-112.121239,1853.457764,-0.9543800668,0.2548906015,0.1555296414,,,,
8821,0.0,472.896149,-111.049385,1853.15979,-0.9544115758,0.2545899704,0.155828402,,,,
8822,0.0,470.290802,-110.296623,1852.906616,-0.9544764736,0.2539658929,0.1564480317,,,,
8823,0.0,466.967865,-109.358543,1852.584229,-0.9545103988,0.2536363335,0.1567753453,,,,
8824,0.0,463.9935,-108.588043,1852.354736,-0.9545103988,0.2536363335,0.1567753453,0.0907722501,311.4397107936,748.1153535182,0.0
8825,0.0,460.061829,-107.630981,1851.901978,-0.954708895,0.2528881509,0.1567753453,0.0912047427,310.4378365812,744.0228325862,0.0
8826,0.0,456.467651,-106.658829,1851.861572,-0.9548439896,0.2518193882,0.1576703882,0.0921479582,310.3237089756,740.1159327,0.0
8827,0.0,453.665558,-105.990868,1851.573853,-0.9552308807,0.2503151482,0.1577221963,0.0926553949,309.8520962749,737.0628130327,0.0
8828,0.0,448.582977,-104.781601,1850.893677,-0.9556768163,0.2484116143,0.1580300373,0.0934975167,309.3251754418,732.6499801192,0.0
8829,0.0,444.420502,-103.743156,1850.420898,-0.956220951,0.2455455552,0.1592132948,0.0945868663,311.0116471396,732.5995667875,0.0
8830,0.0,442.5040285,-103.343849,1850.1959225,-0.956511612,0.2442762102,0.1594143442,0.0950320149,311.8243420598,732.87878502,0.0
8831,0.0,440.587555,-102.944542,1849.970947,-0.956802273,0.2430068651,0.1596153935,0.0954771635,312.6370369799,733.1580032526,0.0
8832,0.0,434.20813,-101.256287,1849.910889,-0.9575387911,0.2394564279,0.1605617725,0.0969853078,315.1176567867,733.49759404,0.0
8833,0.0,430.884918,-100.480148,1849.994995,-0.9576379539,0.2388027962,0.1609433869,0.097386187,315.9854508779,734.0794774952,0.0
8873,0.0,278.871704,-105.618019,1851.032959,-0.8421495099,0.5081732017,0.180400111,,,,
8874,0.0,278.892639,-105.471542,1851.075684,-0.8421495099,0.5081732017,0.180400111,,,,
8875,0.0,278.876587,-105.492203,1851.161255,-0.8421495099,0.5081732017,0.180400111,,,,
8876,0.0,278.836456,-105.249184,1851.172974,-0.8421495099,0.5081732017,0.180400111,,,,
8877,0.0,276.31134,-105.436836,1851.129517,-0.8421495099,0.5081732017,0.180400111,,,,
8878,0.0,272.587738,-105.615227,1850.618896,-0.8421495099,0.5081732017,0.180400111,,,,
8879,0.0,268.637268,-105.913147,1850.174438,-0.8421495099,0.5081732017,0.180400111,,,,
8933,0.0,70.320526,-105.635597,1838.928711,-0.293985477,0.9494443643,0.11012692,,,,
8934,0.0,70.519241,-105.55571,1838.928711,-0.293985477,0.9494443643,0.11012692,,,,
8935,0.0,70.7799,-105.458115,1838.928711,-0.293985477,0.9494443643,0.11012692,,,,
8936,0.0,71.051659,-105.364799,1838.928711,-0.293985477,0.9494443643,0.11012692,,,,
8937,0.0,71.317062,-105.281776,1838.928711,-0.293985477,0.9494443643,0.11012692,,,,
8938,0.0,68.702713,-104.553032,1836.912842,-0.2854373994,0.9528123777,0.1033153616,,,,
8939,0.0,65.065147,-103.556885,1833.959106,-0.2744581732,0.9570027034,0.0939070645,,,,
8940,0.0,61.700165,-102.636047,1831.010376,-0.2652120705,0.9602641543,0.0869212957,,,,
8941,0.0,59.200871,-101.952507,1828.689941,-0.2583969201,0.9626151719,0.0812592304,,,,
8942,0.0,56.010517,-101.074539,1825.521362,-0.2496978197,0.9655050324,0.0738310991,,,,
8943,0.0,52.110012,-100.014694,1821.474976,-0.2421364876,0.9679020241,0.0673468126,,,,
8944,0.0,48.684616,-99.080124,1817.724121,-0.2363502816,0.9697152998,0.0615693242,,,,
8945,0.0,45.780396,-98.27829,1814.268677,-0.2305230622,0.9714360913,0.0563119726,,,,
8946,0.0,41.661972,-97.158394,1809.264038,-0.2244381188,0.9731503445,0.0510483879,0.0751320317,248.1408361114,652.5070403243,0.0
8947,0.0,38.229408,-96.219604,1804.823364,-0.2205030545,0.9742060222,0.0479690458,0.0729864492,243.3962906394,649.0086022607,0.0
8948,0.0,35.80188,-95.555313,1801.540283,-0.2184566534,0.9748005553,0.0451726459,0.071076018,239.3796874394,646.4995022826,0.0
8949,0.0,32.92123,-94.760841,1797.46521,-0.2159268539,0.975492096,0.0423174235,0.068948022,234.8236012172,643.5523139875,0.0
8950,0.0,28.840286,-93.650795,1791.533203,-0.2133479737,0.9761691187,0.0397050858,0.1319415881,135.7811172817,273.4974607098,3.0
8951,0.0,25.417162,-92.716202,1786.336548,-0.2098366487,0.9770701246,0.0360908925,0.1246435169,130.4943733819,269.9075431692,3.0
8952,0.0,19.437199,-91.081215,1776.674805,-0.2030043934,0.9787558657,0.0287432018,0.1110130681,120.7134036691,263.6051957881,3.0
8953,0.0,17.6403945,-90.590458,1773.617493,-0.2013261147,0.9791538364,0.026811443,0.1068535564,117.6954738523,261.7019763825,3.0
8954,0.0,15.84359,-90.099701,1770.560181,-0.199647836,0.9795518072,0.0248796841,0.1026940447,114.6775440356,259.7987569769,3.0
8955,0.0,12.249497,-89.118256,1764.210449,-0.1965855068,0.9802323328,0.0223318652,0.0946153077,108.6791303659,255.9611870528,3.0
8956,0.0,5.91607,-87.390137,1752.443359,-0.1887840949,0.9819147938,0.014279467,0.0751663674,94.4412401848,248.2866112835,3.0
8957,0.0,3.956602,-86.8559915,1748.62207,-0.18552899,0.9825656064,0.0110673384,0.0690743776,89.7567809452,245.9249808545,3.0
8958,0.0,-0.116442,-85.740166,1740.486572,-0.1781446796,0.9839961005,0.0040183829,0.0563759868,79.7808927694,241.015895187,3.0
8959,0.0,-2.217794,-85.170948,1736.1729125,-0.175210032,0.9845219645,0.0013078398,0.0503937994,74.6984446728,238.6194122906,3.0
8960,0.0,-4.319146,-84.60173,1731.859253,-0.1722753844,0.9850478285,-0.0014027032,0.0444116121,69.6159965762,236.2229293943,3.0
8961,0.0,-10.364631,-82.957954,1698.725464,-0.1595535568,0.9871058198,-0.0128360031,0.0115567199,34.2044783112,225.636353687,3.0
8962,0.0,-13.807991,-82.022911,1698.206055,-0.1538082744,0.9879344558,-0.0181252814,0.0103069979,32.0759780182,223.9859502084,3.0
8963,0.0,-17.030653,-81.144638,1696.417236,-0.1506192704,0.9883520226,-0.0217741762,0.00858825,29.0692462393,222.2802610524,3.0
8964,0.0,-19.989916,-80.348419,1693.896851,-0.1487583286,0.9885817273,-0.0240234897,0.0068370674,25.7573382401,220.6452846712,3.0
8965,0.0,-23.661871,-79.359459,1691.627686,-0.1466272482,0.9888416161,-0.026319353,0.0054705198,22.8565725477,218.8147421367,3.0
8966,0.0,-26.885773,-78.488625,1688.020996,-0.1453798707,0.9889915602,-0.0275751149,0.0039324227,19.2320433274,217.0739501624,3.0
8967,0.0,-30.050339,-77.630112,1683.868896,-0.1451567949,0.9890180355,-0.0277998271,0.1400323857,1130.3889434541,2214.9348980985,5.0
8968,0.0,-31.407936,-77.243484,1681.364014,-0.1451567949,0.9890180355,-0.0277998271,0.1403604427,1130.2624291854,2212.2924597065,5.0
8969,0.0,-31.703228,-77.13765,1679.272827,-0.1451567949,0.9890180355,-0.0277998271,0.1404820558,1129.412747403,2209.7445498261,5.0
8970,0.0,-32.047581,-77.019279,1676.968018,-0.1451567949,0.9890180355,-0.0277998271,0.1405463566,1128.4190653648,2207.333433686,5.0
8971,0.0,-32.270031,-76.937218,1674.846558,-0.1451567949,0.9890180355,-0.0277998271,0.1405748311,1127.3752943129,2205.0852058952,5.0
8972,0.0,-32.401985,-76.880455,1672.701538,-0.1451567949,0.9890180355,-0.0277998271,0.1405738268,1126.2373104311,2202.8666451071,5.0
8973,0.0,-32.408363,-76.85788,1670.471313,-0.1451567949,0.9890180355,-0.0277998271,0.1405573769,1124.9617578464,2200.490745587,5.0
8974,0.0,-32.366035,-76.849411,1670.417725,-0.1451567949,0.9890180355,-0.0277998271,0.140448431,1123.2034304325,2197.8389306879,5.0
8975,0.0,-32.271667,-76.857422,1670.417725,-0.1451567949,0.9890180355,-0.0277998271,0.1403134363,1121.3823392589,2195.2511079655,5.0
8976,0.0,-31.974613,-76.897743,1670.417725,-0.1451567949,0.9890180355,-0.0277998271,0.1400972846,1119.1192195686,2192.3827742599,5.0
9234,0.0,-187.660782,450.912811,1671.229858,0.016569967,0.9989320567,-0.0431298299,0.0111443923,118.8291458454,798.1658698521,0.0
9235,0.0,-187.662598,450.804138,1671.910889,0.016569967,0.9989320567,-0.0431298299,0.0109580004,118.2236265121,800.7863180967,0.0
9236,0.0,-187.665039,450.655609,1672.79834,0.016569967,0.9989320567,-0.0431298299,0.0107215189,117.449802088,804.2227208171,0.0
9237,0.0,-187.667679,450.496857,1673.704468,0.016569967,0.9989320567,-0.0431298299,0.0104907834,116.6907247397,807.717326725,0.0
9238,0.0,-189.513596,452.890778,1674.455078,0.016569967,0.9989320567,-0.0431298299,0.0104569461,116.5659498641,808.1511622642,0.0
9284,0.0,-216.007858,625.905884,1702.643921,0.0615602151,0.9973294324,-0.0392981311,0.0134437915,125.1637695316,765.8916275569,0.0
9285,0.0,-216.015244,625.786194,1702.643921,0.0615602151,0.9973294324,-0.0392981311,0.0144368962,130.1562241549,768.7518557171,0.0
9286,0.0,-216.015244,625.786194,1702.643921,0.0615602151,0.9973294324,-0.0392981311,0.0147251765,131.5642692039,769.510138932,0.0
9287,0.0,-216.015244,625.786194,1702.643921,0.0615602151,0.9973294324,-0.0392981311,0.0150134568,132.9723142529,770.2684221468,0.0
9288,0.0,-215.917953,628.970764,1703.131226,0.0615602151,0.9973294324,-0.0392981311,0.0161966793,138.0143782805,769.9491338858,0.0
9289,0.0,-215.811264,632.171204,1703.620972,0.0615602151,0.9973294324,-0.0392981311,0.0168825448,140.5781257813,768.2889288385,0.0
9290,0.0,-215.672791,636.164307,1704.231934,0.0615602151,0.9973294324,-0.0392981311,0.017579259,142.9591413057,765.7971251682,0.0
9291,0.0,-215.5578,639.259644,1704.705688,0.0615602151,0.9973294324,-0.0392981311,0.0181746696,144.9933159219,763.9800755253,0.0
9292,0.0,-215.432663,642.412964,1705.187988,0.0615602151,0.9973294324,-0.0392981311,0.0189237966,147.6276717389,762.4529408804,0.0
9293,0.0,-215.277451,646.220093,1705.770386,0.0615602151,0.9973294324,-0.0392981311,0.0196253857,149.8486417334,760.0987786197,0.0
9294,0.0,-215.125809,649.797668,1706.317993,0.0615602151,0.9973294324,-0.0392981311,0.0203577933,152.1777277701,758.0404699532,0.0
9295,0.0,-214.954559,653.653931,1706.908081,0.0615602151,0.9973294324,-0.0392981311,0.0212280046,154.9460332959,756.0107978368,0.0
9296,0.0,-214.810806,656.795349,1707.388672,0.0615602151,0.9973294324,-0.0392981311,0.0219457473,157.2137018351,754.5640457091,0.0
9297,0.0,-214.638718,660.436523,1707.945557,0.0615602151,0.9973294324,-0.0392981311,0.0228821655,160.214124367,753.244488134,0.0
9298,0.0,-214.465271,664.049683,1708.498413,0.0615602151,0.9973294324,-0.0392981311,0.0236702737,162.5366086751,751.4841971921,0.0
9299,0.0,-214.298248,667.445068,1709.018066,0.0615602151,0.9973294324,-0.0392981311,0.0244980342,165.0045502429,750.0523378106,0.0
9300,0.0,-214.099701,671.386414,1709.621094,0.0615602151,0.9973294324,-0.0392981311,0.0255202946,168.034806933,748.5659576053,0.0
9305,0.0,-213.256821,687.373291,1712.067017,0.0615602151,0.9973294324,-0.0392981311,,,,
9306,0.0,-213.024811,691.589844,1712.712158,0.0615602151,0.9973294324,-0.0392981311,,,,
9307,0.0,-212.783081,695.974182,1713.383057,0.0615602151,0.9973294324,-0.0392981311,,,,
9308,0.0,-212.568436,699.826294,1713.972534,0.0615602151,0.9973294324,-0.0392981311,,,,
9309,0.0,-212.407654,702.655396,1714.405273,0.0615602151,0.9973294324,-0.0392981311,,,,
9310,0.0,-212.216064,706.029846,1714.921753,0.0615602151,0.9973294324,-0.0392981311,,,,
9311,0.0,-212.009842,709.633728,1715.473267,0.0615602151,0.9973294324,-0.0392981311,,,,
9312,0.0,-211.814484,713.0271,1715.992432,0.0615602151,0.9973294324,-0.0392981311,,,,
9313,0.0,-211.650833,715.85199,1716.424561,0.0615602151,0.9973294324,-0.0392981311,,,,
9314,0.0,-211.413376,719.93512,1717.049194,0.0615602151,0.9973294324,-0.0392981311,,,,
9315,0.0,-211.20607,723.427673,1717.583984,0.0619477525,0.9973206209,-0.0389108597,,,,
9316,0.0,-210.956955,727.579895,1718.219482,0.0625149827,0.9973071891,-0.0383438069,,,,
9317,0.0,-210.739059,730.567078,1718.679199,0.0672432182,0.997115882,-0.035189026,,,,
9318,0.0,-210.499847,733.7052,1719.162476,0.0729231965,0.9967836556,-0.0332347913,,,,
9319,0.0,-210.202621,737.780457,1719.789062,0.078346423,0.9964204022,-0.0317524811,,,,
9320,0.0,-209.914124,741.397705,1720.346313,0.0851461131,0.9959224297,-0.0298102922,,,,
9321,0.0,-209.654205,744.574341,1720.835693,0.0907282765,0.9954737334,-0.0282917989,,,,
9322,0.0,-209.409561,747.660217,1721.309937,0.0948116569,0.9951239986,-0.0271841333,0.1496174924,61.3650401877,116.6269934395,3.0
9323,0.0,-209.10408,751.556641,1721.908447,0.0984903458,0.9947974397,-0.0260327809,0.1431026307,59.2975958773,115.0321737572,3.0
9324,0.0,-208.874908,754.559326,1722.36853,0.099348802,0.9947159826,-0.0258829949,0.1367117676,57.5520212374,114.0296026218,3.0
9325,0.0,-208.575226,758.489563,1722.970093,0.0998196751,0.9946688409,-0.0258829949,0.1326156942,55.7835504973,112.0964447995,3.0
9326,0.0,-208.298264,762.063171,1723.516724,0.0998917198,0.9946616073,-0.0258830298,0.127632974,53.9804664826,110.4230393328,3.0
9327,0.0,-207.78894,768.400879,1724.486694,0.0998917198,0.9946616073,-0.0258830298,0.1191310509,50.9660615827,107.6686628963,3.0
9328,0.0,-207.464233,772.33783,1725.088867,0.0998917198,0.9946616073,-0.0258830298,0.1152297306,49.294162177,105.7752365164,3.0
9329,0.0,-207.170731,775.847656,1725.625732,0.0998917198,0.9946616073,-0.0258830298,0.1120856876,47.8518377937,104.0237251953,3.0
9330,0.0,-206.9935075,777.9154965,1725.9421995,0.0998917198,0.9946616073,-0.0258830298,0.1110936965,47.1189159766,102.8559707577,3.0
9331,0.0,-206.551102,783.042542,1726.726807,0.0998938754,0.994681675,-0.0250914137,0.1090490602,45.3528155473,99.8741645446,3.0
9332,0.0,-206.26001,786.303162,1727.22583,0.1003315074,0.994641815,-0.0249248567,0.1069417855,44.120443376,98.0582567108,3.0
9333,0.0,-205.950424,789.750549,1727.753662,0.1007423352,0.9946002883,-0.0249248567,0.1074041313,43.1698082816,95.7504188994,3.0
9334,0.0,-205.60762,793.562256,1728.599487,0.1008498713,0.9946090813,-0.0241263121,0.1084255524,42.1396600975,93.0493807401,3.0
9335,0.0,-205.31282,796.804871,1729.875854,0.100851906,0.9946305316,-0.0232163431,0.1069654222,40.9019555607,90.8956488589,3.0
9336,0.0,-204.980652,800.428406,1731.060547,0.1008543191,0.9946529465,-0.0222243621,0.1070895578,39.775349369,88.3436638884,3.0
9337,0.0,-204.669724,803.785095,1731.658936,0.1008572602,0.9946847203,-0.0207393426,0.1089696988,38.9950977668,85.9029136222,3.0
9338,0.0,-204.271576,808.062561,1732.138062,0.1008604074,0.9947157584,-0.0191765023,0.1121446231,38.1035777083,82.811789013,3.0
9339,0.0,-204.006454,811.121216,1732.532715,0.0983765518,0.9949952501,-0.0175073236,0.1161612077,37.6843675814,80.558023852,3.0
9340,0.0,-203.720306,814.402405,1732.955811,0.0957046939,0.9952857061,-0.0157154321,0.1214541852,37.2989461627,78.0871232137,3.0
9341,0.0,-203.421326,818.175537,1733.44104,0.0893351531,0.9959184215,-0.012873542,0.130215439,37.1147846849,75.2176777485,3.0
9342,0.0,-203.187561,821.614441,1733.882324,0.0794744244,0.99678646,-0.0100284065,0.1415883634,37.2408977268,72.5997963527,3.0
9343,0.0,-202.947098,825.089355,1734.329956,0.0707214707,0.9974640569,-0.0079955474,,,,
9344,0.0,-202.778183,828.61145,1734.785278,0.0542571558,0.9985084392,-0.0060875138,,,,
9345,0.0,-202.601273,832.172852,1735.246948,0.0405479835,0.9991635664,-0.0052942047,,,,
9346,0.0,-202.374405,836.197937,1735.772583,0.0294757799,0.999553909,-0.0048126396,,,,
9347,0.0,-202.166779,839.81073,1736.251587,0.0224413479,0.9997407481,-0.0038499948,,,,
9348,0.0,-202.034698,842.4552,1736.605347,0.0168614666,0.9998533378,-0.0029989773,,,,
9349,0.0,-201.802872,846.902893,1737.203613,0.0098097094,0.9999500359,-0.0019223394,,,,
9350,0.0,-201.6707,850.15564,1737.644653,0.0028132212,0.999995495,-0.0010467785,,,,
9351,0.0,-201.53215,853.657166,1738.123657,-0.0031153553,0.9999951434,-8.8017e-05,,,,
9352,0.0,-201.415588,857.212463,1738.61377,-0.0097840337,0.9999517504,0.0008772896,,,,
9353,0.0,-201.298401,860.935059,1739.131714,-0.0150068503,0.9998856058,0.0018893876,,,,
9354,0.0,-201.219727,863.893677,1739.546753,-0.0190274162,0.9998129415,0.0034697949,,,,
9355,0.0,-201.137604,867.312073,1740.029541,-0.022928095,0.9997266161,0.0045820841,,,,
9356,0.0,-201.053619,870.92218,1740.543701,-0.0253164989,0.9996639956,0.0055651456,,,,
9357,0.0,-200.974274,874.621765,1741.074829,-0.0265118106,0.9996319492,0.005752399,,,,
9358,0.0,-200.917328,877.867249,1741.544312,-0.0270871679,0.9996139066,0.006190556,,,,
9359,0.0,-200.866699,881.133667,1742.018677,-0.0274756499,0.9996008223,0.0065791108,,,,
9360,0.0,-204.853317,884.203186,1743.530396,-0.0276075197,0.9995963115,0.0067111071,,,,
9361,0.0,-204.443192,887.706238,1744.638672,-0.0276075197,0.9995963115,0.0067111071,,,,
9362,0.0,-204.169586,891.395691,1745.492188,-0.0276075197,0.9995963115,0.0067111071,,,,
9363,0.0,-203.92749,894.815125,1746.18335,-0.0276075197,0.9995963115,0.0067111071,,,,
9364,0.0,-203.699051,897.930298,1746.79895,-0.0276075197,0.9995963115,0.0067111071,,,,
9365,0.0,-203.504852,901.849243,1747.496338,-0.0276075197,0.9995963115,0.0067111071,,,,
9366,0.0,-203.492081,905.552368,1748.080078,-0.0276075197,0.9995963115,0.0067111071,,,,
9367,0.0,-203.215424,909.217163,1748.653564,-0.0276075197,0.9995963115,0.0067111071,,,,
9368,0.0,-203.136917,912.71405,1749.133911,-0.0276075197,0.9995963115,0.0067111071,,,,
9369,0.0,-203.016922,918.721863,1749.843872,-0.02033087,0.9997454978,0.0097772834,,,,
9370,0.0,-203.149025,921.0555115,1749.932129,-0.0163464682,0.9998015627,0.0106311112,,,,
9371,0.0,-203.698181,926.552307,1750.018066,0.0050505805,0.9998910981,0.0138666328,,,,
9372,0.0,-204.011749,928.470886,1749.9943235,0.021189471,0.9995317606,0.0150120242,,,,
9373,0.0,-204.948196,933.797913,1750.089233,0.068234002,0.9974901771,0.0189068106,,,,
9374,0.0,-205.2856445,935.61438,1750.1449585,0.0898617424,0.9955061987,0.0204499167,,,,
9375,0.0,-206.236816,940.313171,1750.385864,0.1430441738,0.9894130687,0.0244978352,,,,
9376,0.0,-206.918167,943.536133,1750.573364,0.1857283433,0.9822193105,0.0273899356,,,,
9377,0.0,-207.830338,947.018616,1750.942993,0.2217588883,0.974678357,0.0287244821,,,,
9378,0.0,-208.726212,950.050049,1750.944092,0.2517465631,0.967310676,0.0305569004,,,,
9379,0.0,-209.647476,952.760864,1750.983276,0.2792163654,0.9596853334,0.032284394,,,,
9380,0.0,-210.914841,956.175659,1751.131836,0.3038083452,0.9521093892,0.034470282,,,,
9381,0.0,-211.871475,958.834717,1751.426025,0.3184137547,0.9472651204,0.0360759274,,,,
9382,0.0,-213.227036,962.53302,1751.92334,0.3322300578,0.942420033,0.0383101816,,,,
9383,0.0,-214.254745,965.270142,1752.28186,0.3370060669,0.9407215033,0.0383401095,,,,
9384,0.0,-215.426697,968.809753,1753.536621,0.3413356753,0.9391203779,0.0392794181,0.0011532113,18.6909282211,389.3020330116,0.0
9403,0.0,-223.535629,1030.855835,1755.703003,0.3434994025,0.9383303341,0.0392981485,,,,
9404,0.0,-223.976959,1036.052612,1756.107056,0.3436767099,0.9382654081,0.0392981311,,,,
9405,0.0,-224.468231,1038.903076,1756.06604,0.3437757817,0.9382291132,0.0392981311,,,,
9406,0.0,-224.572006,1043.784058,1756.828125,0.3439596685,0.9381617149,0.0392981311,,,,
9407,0.0,-224.951279,1047.175903,1757.024048,0.3440960765,0.9381116915,0.0392981485,,,,
9408,0.0,-225.482742,1051.432983,1756.932007,0.3441054585,0.9381082509,0.0392981311,,,,
9409,0.0,-226.01709,1053.381226,1757.05835,0.3441054585,0.9381082509,0.0392981311,,,,
9410,0.0,-228.3134,1060.567017,1757.443848,0.3441054585,0.9381082509,0.0392981311,,,,
9411,0.0,-229.102982,1063.791626,1757.384033,0.3441054585,0.9381082509,0.0392981311,,,,
9432,0.0,-237.159195,1124.45459,1754.161621,0.4266563057,0.9031338789,0.0480998293,0.0447310892,45.4380558148,153.6426384264,0.0
9433,0.0,-238.389618,1127.588867,1754.784668,0.4311675921,0.9009625033,0.0485908962,0.0482624972,45.6959425847,148.8888041214,0.0
9434,0.0,-239.014771,1131.542969,1754.929688,0.4368818526,0.8981715776,0.0492144709,0.0590473866,48.4110278111,143.0001511089,0.0
9435,0.0,-239.31163,1134.308105,1754.884399,0.4411802019,0.8960421076,0.049684715,0.0668794102,50.142160761,139.4528371573,0.0
9436,0.0,-240.070709,1137.608521,1753.865479,0.3941631889,0.9174817899,0.0535027645,0.0568203083,45.1811889548,135.9719672478,0.0
9437,0.0,-241.570267,1139.73291,1753.039062,0.3339354615,0.941024606,0.0544040294,0.0394677245,37.3265686083,134.1868708115,0.0
9438,0.0,-245.364761,1141.625366,1752.516113,0.185492995,0.9811263469,0.0546208778,0.0094050769,18.1355825187,132.5436382356,0.0
9439,0.0,-247.967468,1142.760376,1752.159302,0.0658935003,0.9964535808,0.0523288451,0.0031508822,10.4250522422,131.4284948666,0.0
9440,0.0,-251.03688,1144.69751,1751.427368,-0.1062789056,0.9931766145,0.0480104845,0.0227965431,27.4409613274,129.2525571196,0.0
9441,0.0,-255.649078,1147.11853,1750.757446,-0.3290530567,0.9433838706,0.0418444572,0.1011866009,55.4712146744,126.5508388889,0.0
9442,0.0,-258.998352,1148.470093,1750.192993,-0.4639420996,0.8850275331,0.0385226407,,,,
9443,0.0,-262.204254,1149.161865,1749.914185,-0.5775522134,0.8155850217,0.0354191088,,,,
9444,0.0,-265.907288,1149.787476,1749.140259,-0.6654615065,0.745716536,0.0326776883,,,,
9445,0.0,-269.999908,1150.13562,1748.662476,-0.7420284109,0.6697362657,0.0291062179,,,,
9446,0.0,-272.213135,1150.334473,1748.564941,-0.7607832653,0.648368561,0.0287581705,,,,
9447,0.0,-275.157043,1150.719482,1748.021484,-0.7678197272,0.6399818242,0.0295995146,,,,
9448,0.0,-277.811188,1151.039795,1747.854736,-0.7688389601,0.6387188979,0.0304109017,,,,
9449,0.0,-281.331787,1151.374268,1747.750122,-0.7672577789,0.6404122236,0.0344627989,,,,
9450,0.0,-283.41983,1151.564209,1747.706909,-0.7664312033,0.6413329612,0.0357105514,,,,
9451,0.0,-286.222443,1151.761597,1747.685669,-0.7656307093,0.6422208699,0.036904895,,,,
9452,0.0,-290.112091,1151.890625,1748.134888,-0.7653105436,0.6425747837,0.0373820701,,,,
9453,0.0,-292.725647,1151.9646,1748.282104,-0.7653105436,0.6425747837,0.0373820701,,,,
9454,0.0,-295.568695,1152.003418,1748.584229,-0.7657674304,0.6420302356,0.0373820701,,,,
9455,0.0,-298.791229,1152.03479,1748.86438,-0.7670041159,0.6405273843,0.0378068271,,,,
9456,0.0,-302.002319,1152.05481,1749.133423,-0.7680548484,0.6392423999,0.0382217757,,,,
9457,0.0,-308.696106,1152.04126,1749.490356,-0.7704993662,0.6362866975,0.0383401269,,,,
9458,0.0,-310.6767885,1152.022217,1749.4929195,-0.7722996008,0.634094089,0.0383401182,,,,
9459,0.0,-315.933502,1152.357788,1749.369995,-0.7772386713,0.6280366899,0.0383401095,,,,
9460,0.0,-318.0712125,1152.666809,1749.2947995,-0.7782216479,0.626816278,0.0383401182,,,,
9461,0.0,-323.024292,1153.451416,1749.156128,-0.7792644337,0.6255213642,0.0383401269,,,,
9462,0.0,-325.653687,1153.855225,1749.006714,-0.77965445,0.6250713936,0.0377450865,,,,
9463,0.0,-329.539825,1154.538696,1748.613037,-0.7803814058,0.624185423,0.0373820701,,,,
9464,0.0,-332.320801,1154.929688,1748.378418,-0.7832047306,0.6206760719,0.0367636192,,,,
9465,0.0,-336.50058,1155.267334,1748.356323,-0.7967491803,0.6032602044,0.0356071541,,,,
9466,0.0,-339.57901,1155.32605,1748.023315,-0.8127462352,0.5815373841,0.0354658717,,,,
9467,0.0,-341.756134,1155.159241,1747.691101,-0.8297323026,0.5562282105,0.0350026922,,,,
9468,0.0,-347.519958,1154.631348,1747.349487,-0.8771309799,0.4790098765,0.0345077144,,,,
9469,0.0,-350.182983,1154.470947,1747.234375,-0.88658955,0.4613684612,0.033137787,,,,
9470,0.0,-353.530273,1154.557251,1747.328125,-0.8960900898,0.442768769,0.031278877,,,,
9471,0.0,-356.164703,1154.752319,1747.923706,-0.9022377729,0.4301911027,0.0300435731,,,,
9472,0.0,-359.410004,1155.197266,1748.999634,-0.9189368691,0.3927793313,0.0357690872,,,,
9473,0.0,-361.981232,1156.129883,1749.71875,-0.9222838418,0.3846555634,0.037849871,,,,
9474,0.0,-364.45517,1157.182739,1750.262939,-0.9237040321,0.3811172513,0.0389936127,,,,
9475,0.0,-367.809326,1157.756714,1751.423706,-0.9240797344,0.3801740408,0.0392981311,,,,
9476,0.0,-369.847626,1158.678101,1751.654053,-0.9240797344,0.3801740408,0.0392981311,,,,
9477,0.0,-372.845764,1159.487549,1752.600586,-0.9240797344,0.3801740408,0.0392981311,,,,
9478,0.0,-375.420715,1160.97876,1752.855713,-0.9240797344,0.3801740408,0.0392981311,,,,
9479,0.0,-377.853821,1162.760132,1752.439819,-0.9240797344,0.3801740408,0.0392981311,,,,
9480,0.0,-380.150146,1164.707886,1752.211548,-0.9240797344,0.3801740408,0.0392981311,,,,
9481,0.0,-382.604095,1166.711548,1752.009521,-0.9240797344,0.3801740408,0.0392981311,,,,
9482,0.0,-385.266083,1168.885376,1752.076538,-0.9240797344,0.3801740408,0.0392981311,,,,
9483,0.0,-387.067169,1170.186768,1751.777466,-0.9129433261,0.4061897819,0.0392981485,,,,
9484,0.0,-389.781006,1172.047485,1751.616821,-0.9076802388,0.4176692687,0.0408529815,,,,
9485,0.0,-392.64447,1173.63208,1751.864746,-0.9175740805,0.3951461374,0.0437874066,,,,
9486,0.0,-394.499298,1174.506592,1751.101929,-0.9345052699,0.3527964298,0.0472713401,,,,
9487,0.0,-398.426849,1175.902344,1750.558716,-0.9586243581,0.2796941262,0.053014487,,,,
9488,0.0,-401.701813,1176.930054,1750.285034,-0.973239887,0.2227652015,0.0563896035,,,,
9489,0.0,-403.608978,1177.402832,1750.053589,-0.9792230369,0.1946462,0.056877947,,,,
9490,0.0,-407.306641,1177.694092,1749.70752,-0.9860513592,0.156233869,0.0573907235,,,,
9491,0.0,-410.654449,1177.950684,1749.314331,-0.9872755241,0.1485773707,0.0566727834,,,,
9492,0.0,-413.66687,1178.145752,1748.917847,-0.9835625859,0.1725561192,0.053188582,,,,
9493,0.0,-416.171265,1177.995239,1748.784912,-0.9622661946,0.2672850938,0.0510142065,,,,
9494,0.0,-418.404266,1178.025635,1748.772095,-0.9392112331,0.3397327543,0.049637841,,,,
9495,0.0,-421.941345,1178.21875,1748.609741,-0.8386413215,0.542330309,0.0505823072,,,,
9496,0.0,-424.407928,1178.45752,1748.476074,-0.7105186369,0.7015637762,0.054511783,,,,
9497,0.0,-426.713745,1179.11499,1748.147339,-0.6051092229,0.794071422,0.0573881969,,,,
9498,0.0,-429.255585,1180.725464,1747.287476,-0.4213215998,0.9048111109,0.0616843841,,,,
9499,0.0,-431.562653,1182.093994,1748.081177,-0.1319904833,0.9884798921,0.0740676399,0.0668577969,82.3842488759,229.1586497174,0.0
9500,0.0,-433.091583,1181.95166,1748.824707,-0.0435871048,0.9957194496,0.0815042446,0.0396181141,64.5820450541,231.7365588136,0.0
9501,0.0,-436.36676,1181.782837,1749.709473,0.0347054324,0.9948401519,0.0953341763,0.0235468802,50.913102277,236.004136558,0.0
9502,0.0,-437.998413,1181.721863,1749.9586185,0.03705258,0.9946830672,0.0960554426,0.0235494659,51.3056326724,237.8106849461,0.0
9503,0.0,-442.739685,1181.610962,1750.250244,0.0393997277,0.9945259826,0.096776709,0.0241485688,53.0609938586,242.9139963388,0.0
9504,0.0,-445.122253,1181.59668,1750.233521,0.0393997277,0.9945259826,0.096776709,0.0246048005,54.0978015828,245.3819964721,0.0
9505,0.0,-448.060669,1181.615723,1750.004517,0.0393997277,0.9945259826,0.096776709,0.0247607465,55.0273320159,248.8208308132,0.0
9506,0.0,-451.716217,1181.616577,1749.807495,0.0393997277,0.9945259826,0.096776709,0.025663202,56.7877608089,252.283416342,0.0
9507,0.0,-454.839661,1181.569824,1749.583008,0.0393997277,0.9945259826,0.096776709,0.026286534,58.1931661586,255.4837437833,0.0
12482,0.0,-994.500916,1050.89917,1748.881958,0.887284502,0.4612185338,0.0019174699,0.0042428469,196.4764640359,2135.1481100854,3.0
12483,0.0,-994.311707,1051.58374,1748.964355,0.8889602404,0.4579795208,0.0021094034,0.0039393741,189.2918357003,2134.6732325951,3.0
12484,0.0,-993.964294,1052.865112,1749.119385,0.8920778955,0.4518749014,0.0024701794,0.0033695447,174.8917578372,2132.234105121,3.0
12485,0.0,-993.676636,1054.059082,1749.266479,0.8949976061,0.4460620749,0.002812542,0.0027283039,157.3479598513,2131.5531532447,3.0
12486,0.0,-993.031067,1056.896973,1749.61731,0.9005135609,0.4348127685,0.0036308354,0.0018198534,128.4477960509,2130.0565548138,3.0
12487,0.0,-992.262146,1060.146118,1750.017334,0.9059061471,0.4234611503,0.0038349502,0.0011375087,101.4375056049,2127.3048960908,3.0
12488,0.0,-991.510559,1063.136108,1750.386353,0.9111637032,0.4120266971,0.0038349502,0.0006172118,74.6371938945,2124.6638130732,3.0
12489,0.0,-990.613281,1066.661011,1750.664673,0.9153991887,0.4025290281,0.0038349502,0.0003064772,52.5220950306,2121.5889996994,3.0
12490,0.0,-989.813904,1069.697632,1750.716187,0.9184316769,0.3955546762,0.0044444489,0.000146281,36.2421942787,2118.9532320438,3.0
12491,0.0,-988.75,1073.54248,1750.70105,0.9220984243,0.3869257249,0.0047936681,2.94122e-05,16.2248577348,2115.4638280855,3.0
12492,0.0,-987.809814,1076.857544,1750.701172,0.9243471588,0.381522412,0.0047936681,4.2792e-06,6.18058233,2112.6783196424,3.0
12493,0.0,-986.864868,1080.156616,1750.70105,0.9256501589,0.3783501078,0.0047936681,5.1537e-06,6.7736322112,2109.838073543,3.0
12494,0.0,-986.020081,1083.000977,1750.701172,0.9261760258,0.3770609897,0.0047936681,9.4238e-06,9.1485325056,2107.2931603971,3.0
12495,0.0,-984.630981,1087.411743,1750.701172,0.926651859,0.375890081,0.0047936681,1.54989e-05,11.7105436304,2103.3617036761,3.0
12496,0.0,-982.798767,1092.97583,1750.701172,0.9278367833,0.3729556601,0.0047936681,,,,
12497,0.0,-982.0570375,1095.1378175,1750.701172,0.9286362821,0.3709542174,0.0047936681,,,,
12498,0.0,-981.315308,1097.299805,1750.701172,0.9294357809,0.3689527746,0.0047936681,,,,
12499,0.0,-979.331299,1102.852417,1750.701294,0.9328291588,0.3602870818,0.0047936681,,,,
12500,0.0,-978.567871,1104.9227295,1750.701233,0.9340418554,0.3571152504,0.0047936681,,,,
12501,0.0,-977.804443,1106.993042,1750.701172,0.9352545519,0.353943419,0.0047936681,,,,
12502,0.0,-975.508301,1112.880737,1750.701172,0.9425310202,0.3340559056,0.0064751786,,,,
12503,0.0,-974.490173,1115.178955,1750.701172,0.9491947636,0.3145883813,0.0079656159,,,,
12504,0.0,-973.021667,1118.462036,1750.701172,0.956769206,0.2906834209,0.0097895525,,,,
12505,0.0,-971.133789,1122.500366,1750.701172,0.9666838144,0.2556790839,0.0122722887,,,,
12506,0.0,-969.848755,1125.148926,1750.701172,0.972374091,0.2330088775,0.0139817785,,,,
12507,0.0,-968.414185,1128.039795,1750.701172,0.9777213181,0.2093090182,0.0158353736,,,,
12508,0.0,-967.049622,1130.722656,1750.701172,0.9819185065,0.188487762,0.0175616124,,,,
12509,0.0,-965.233093,1134.014282,1750.701172,0.98788534,0.153831921,0.0204522619,,,,
12510,0.0,-963.669434,1136.823608,1750.701294,0.9913403623,0.1293796288,0.0224766039,,,,
12511,0.0,-961.994385,1139.778198,1750.701172,0.9940539865,0.1061162098,0.024413561,,,,
12512,0.0,-960.493835,1142.285889,1750.701172,0.9960012991,0.0854113701,0.0261975187,,,,
12513,0.0,-958.501221,1145.486084,1750.701172,0.9979035197,0.0581683879,0.0283725927,,,,
12514,0.0,-956.453735,1148.704956,1750.701172,0.9988769943,0.0369506062,0.02965473,,,,
12515,0.0,-955.14209,1150.738281,1750.701172,0.9991541773,0.0277586235,0.0303379108,,,,
12516,0.0,-953.05127,1153.925903,1750.701172,0.9993397353,0.0182711719,0.0314047407,,,,
12517,0.0,-950.80957,1157.289795,1750.701172,0.9993886108,0.0148913797,0.0316330733,,,,
12518,0.0,-948.904175,1160.084351,1750.701172,0.9993906095,0.0147566354,0.0316330733,,,,
12519,0.0,-947.554993,1162.022705,1750.701172,0.9993906095,0.0147566354,0.0316330733,,,,
12520,0.0,-945.166565,1165.352905,1750.701172,0.9993906095,0.0147566354,0.0316330733,,,,
12521,0.0,-943.029785,1168.279053,1750.701172,0.9993906095,0.0147566354,0.0316330733,,,,
12522,0.0,-941.221313,1170.696655,1750.701294,0.9993906095,0.0147566354,0.0316330733,,,,
12523,0.0,-938.894714,1173.736572,1750.701172,0.9993906095,0.0147566354,0.0316330733,,,,
12524,0.0,-936.665222,1176.612549,1750.701172,0.9993906095,0.0147566354,0.0316330733,,,,
12525,0.0,-934.504578,1179.336792,1750.701172,0.9994020366,0.013961298,0.0316330733,,,,
12526,0.0,-932.47467,1181.868286,1750.701294,0.9994042978,0.0137984862,0.0316330733,,,,
12527,0.0,-930.217285,1184.650146,1750.701172,0.9994042978,0.0137984862,0.0316330733,,,,
12528,0.0,-928.196289,1187.059692,1750.701172,0.9994042978,0.0137984862,0.0316330733,,,,
12529,0.0,-925.661438,1190.008057,1750.701172,0.9994042978,0.0137984862,0.0316330733,,,,
12530,0.0,-923.264771,1192.768433,1750.701172,0.9994042978,0.0137984862,0.0316330733,,,,
12531,0.0,-920.971252,1195.378784,1750.701172,0.9994042978,0.0137984862,0.0316330733,,,,
12532,0.0,-918.962097,1197.645508,1750.701172,0.9994042978,0.0137984862,0.0316330733,,,,
12533,0.0,-916.4245,1200.492432,1750.701172,0.9994042978,0.0137984862,0.0316330733,,,,
12534,0.0,-914.004639,1203.190063,1750.701294,0.9994042978,0.0137984862,0.0316330733,,,,
12535,0.0,-911.66333,1205.777344,1750.701172,0.9994042978,0.0137984862,0.0316330733,,,,
12536,0.0,-909.567383,1208.079468,1750.701172,0.9994042978,0.0137984862,0.0316330733,,,,
12537,0.0,-904.481506,1213.629883,1750.701172,0.9994042978,0.0137984862,0.0316330733,,,,
12538,0.0,-902.292725,1215.998779,1750.701172,0.9994042978,0.0137984862,0.0316330733,,,,
12539,0.0,-899.995728,1218.472778,1750.70105,0.9994134831,0.0131163437,0.0316330733,,,,
12540,0.0,-897.51532,1221.126465,1750.701172,0.9994344786,0.0114048999,0.0316330733,,,,
12541,0.0,-894.836182,1223.983643,1750.701172,0.9994485782,0.0100939126,0.0316330908,,,,
12542,0.0,-893.602234,1225.2919925,1750.701172,0.9994570257,0.0091735941,0.031633082,,,,
12543,0.0,-890.293823,1228.79541,1750.701172,0.9994727007,0.0073259335,0.0316330733,,,,
12544,0.0,-889.058441,1230.099243,1750.701172,0.9994735477,0.0072084911,0.0316330733,,,,
12545,0.0,-885.395508,1233.960815,1750.701172,0.9994743947,0.0070910487,0.0316330733,,,,
12546,0.0,-883.072144,1236.402954,1750.701172,0.9994743947,0.0070910487,0.0316330733,,,,
12547,0.0,-881.311279,1238.245483,1750.701172,0.9994743947,0.0070910487,0.0316330733,,,,
12548,0.0,-877.8078,1241.90564,1750.701172,0.9994743947,0.0070910487,0.0316330733,,,,
12549,0.0,-875.546875,1244.261597,1750.70105,0.9994743947,0.0070910487,0.0316330733,,,,
12550,0.0,-873.376038,1246.518066,1750.701172,0.9994743947,0.0070910487,0.0316330733,,,,
12551,0.0,-871.267944,1248.706299,1750.701172,0.9994743947,0.0070910487,0.0316330733,,,,
12552,0.0,-868.079468,1252.008057,1750.701172,0.9994743947,0.0070910487,0.0316330733,,,,
12553,0.0,-866.131836,1254.021973,1750.701172,0.9994743947,0.0070910487,0.0316330733,,,,
12554,0.0,-863.595886,1256.639526,1750.701172,0.9994743947,0.0070910487,0.0316330733,,,,
12555,0.0,-861.505676,1258.794556,1750.70105,0.9994743947,0.0070910487,0.0316330733,,,,
12556,0.0,-858.478943,1261.911987,1750.701172,0.9994743947,0.0070910487,0.0316330733,,,,
12557,0.0,-856.309204,1264.142822,1750.701172,0.9994743947,0.0070910487,0.0316330733,,,,
12558,0.0,-854.185059,1266.324585,1750.70105,0.9994743947,0.0070910487,0.0316330733,,,,
12559,0.0,-851.640381,1268.936035,1750.701172,0.9994743947,0.0070910487,0.0316330733,,,,
12560,0.0,-848.275879,1272.101562,1750.701172,0.9994743947,0.0070910487,0.0316330733,,,,
12561,0.0,-846.13147,1273.849609,1750.701172,0.9994743947,0.0070910487,0.0316330733,,,,
12562,0.0,-844.11731,1275.334351,1750.701172,0.9994743947,0.0070910487,0.0316330733,,,,
12563,0.0,-840.946777,1277.438599,1750.701172,0.9994743947,0.0070910487,0.0316330733,,,,
12564,0.0,-837.876648,1279.348755,1750.701172,0.9994743947,0.0070910487,0.0316330733,,,,
12565,0.0,-834.487,1281.059692,1750.701172,0.9994743947,0.0070910487,0.0316330733,,,,
12566,0.0,-831.357483,1282.562378,1750.701172,0.9994743947,0.0070910487,0.0316330733,,,,
12567,0.0,-828.349182,1284.071533,1750.701172,0.9994743947,0.0070910487,0.0316330733,,,,
12568,0.0,-825.507446,1285.595215,1750.701294,0.9994743947,0.0070910487,0.0316330733,,,,
12569,0.0,-823.362244,1286.822021,1750.701294,0.9994743947,0.0070910487,0.0316330733,,,,
12570,0.0,-820.187134,1288.716431,1750.701172,0.9994743947,0.0070910487,0.0316330733,,,,
12571,0.0,-817.192139,1290.561157,1750.701172,0.9994743947,0.0070910487,0.0316330733,,,,
12572,0.0,-814.613037,1292.265503,1750.701294,0.9994784522,0.0064940225,0.0316330733,,,,
12573,0.0,-811.807922,1294.172607,1750.701294,0.9994807339,0.0061328052,0.0316330733,,,,
12574,0.0,-808.042542,1296.838745,1750.701172,0.9994858766,0.0052279183,0.0316330733,,,,
12575,0.0,-805.424927,1298.764038,1750.701172,0.9994861542,0.0051745736,0.0316330733,,,,
12576,0.0,-803.124451,1300.505981,1750.701294,0.9994881676,0.0047698474,0.0316330733,,,,
12577,0.0,-797.472412,1304.898071,1750.701172,0.9994906559,0.0042163197,0.0316330733,,,,
12578,0.0,-795.833618,1306.227783,1750.701172,0.9994906559,0.0042163197,0.0316330733,,,,
12579,0.0,-794.194824,1307.557495,1750.701172,0.9994906559,0.0042163197,0.0316330733,,,,
12580,0.0,-791.92041,1309.434814,1750.701172,0.9994906559,0.0042163197,0.0316330733,,,,
12581,0.0,-786.763062,1313.78894,1750.701172,0.9994906559,0.0042163197,0.0316330733,,,,
12582,0.0,-784.254211,1315.953003,1750.701172,0.9994906559,0.0042163197,0.0316330733,,,,
12583,0.0,-782.5685115,1317.428345,1750.701172,0.9994906559,0.0042163197,0.0316330733,,,,
12584,0.0,-778.616943,1320.912476,1750.701172,0.9994906559,0.0042163197,0.0316330733,,,,
12585,0.0,-777.1145935,1322.258301,1750.701172,0.9994906559,0.0042163197,0.0316330733,,,,
12586,0.0,-774.037476,1324.974731,1750.701172,0.9994906559,0.0042163197,0.0316330733,,,,
12587,0.0,-770.523743,1327.961792,1750.701172,0.9994906559,0.0042163197,0.0316330733,,,,
12588,0.0,-768.457336,1329.572388,1750.701172,0.9994906559,0.0042163197,0.0316330733,,,,
12589,0.0,-765.15802,1331.689575,1750.701172,0.9994906559,0.0042163197,0.0316330733,,,,
12590,0.0,-761.859131,1333.655273,1750.701172,0.9994906559,0.0042163197,0.0316330733,,,,
12591,0.0,-759.255859,1335.022949,1750.701294,0.9994906559,0.0042163197,0.0316330733,,,,
12592,0.0,-755.598633,1336.761597,1750.701172,0.9994906559,0.0042163197,0.0316330733,,,,
12593,0.0,-753.245972,1337.771118,1750.701172,0.999487435,0.0049209678,0.0316330733,,,,
12594,0.0,-749.766968,1339.200562,1750.701172,0.9992957122,0.0139634585,0.0348296039,,,,
12595,0.0,-746.586609,1340.348022,1750.701172,0.9990647351,0.019362551,0.0386619537,,,,
12596,0.0,-743.863098,1341.262573,1750.701172,0.9989086109,0.0221628389,0.0411144214,,,,
12597,0.0,-739.971802,1342.457031,1750.701172,0.9988370021,0.0233702634,0.0421719581,,,,
12598,0.0,-736.468018,1343.400146,1750.701172,0.9988370021,0.0233702634,0.0421719581,,,,
12599,0.0,-734.037415,1344.008911,1750.701172,0.9988370021,0.0233702634,0.0421719581,,,,
12600,0.0,-730.180176,1344.899658,1750.701172,0.9988370021,0.0233702634,0.0421719581,,,,
12601,0.0,-726.540405,1345.66748,1750.701172,0.9988370021,0.0233702634,0.0421719581,,,,
12602,0.0,-722.814331,1346.387939,1750.701172,0.9988370021,0.0233702634,0.0421719581,,,,
12603,0.0,-719.189331,1347.031738,1750.701172,0.9988370021,0.0233702634,0.0421719581,,,,
12604,0.0,-717.274536,1347.343384,1750.701172,0.9988370021,0.0233702634,0.0421719581,,,,
12605,0.0,-712.939819,1348.016968,1750.701172,0.9988370021,0.0233702634,0.0421719581,,,,
12606,0.0,-709.036926,1348.576904,1750.701172,0.9988370021,0.0233702634,0.0421719581,,,,
12607,0.0,-705.320679,1349.063232,1750.701172,0.9988370021,0.0233702634,0.0421719581,,,,
12608,0.0,-702.600952,1349.394287,1750.701172,0.9988370021,0.0233702634,0.0421719581,,,,
12609,0.0,-698.872681,1349.820435,1750.701172,0.9988370021,0.0233702634,0.0421719581,,,,
12610,0.0,-695.274475,1350.181885,1750.701172,0.9990874064,0.0209109936,0.0372435875,,,,
12611,0.0,-691.867065,1350.651123,1750.701172,0.9993137345,0.0147732419,0.0339677994,,,,
12612,0.0,-688.141663,1351.387207,1750.701172,0.9993950238,0.0091660124,0.0335495255,,,,
12613,0.0,-685.595825,1352.029419,1750.701172,0.9994180112,0.0061698547,0.0335495429,,,,
12614,0.0,-682.073486,1353.127686,1750.701172,0.999425933,0.0047152657,0.0335495255,,,,
12615,0.0,-678.893616,1354.230103,1750.701172,0.9994278102,0.0042988769,0.0335495429,,,,
12616,0.0,-676.05603,1355.305542,1750.701172,0.9994281636,0.0042160561,0.0335495255,,,,
12617,0.0,-672.581482,1356.856445,1750.701172,0.9994281636,0.0042160561,0.0335495255,,,,
12618,0.0,-669.638245,1358.290283,1750.701172,0.9994281636,0.0042160561,0.0335495255,,,,
12619,0.0,-667.008545,1359.635864,1750.701172,0.9994281636,0.0042160561,0.0335495255,,,,
12620,0.0,-663.470764,1361.546997,1750.701172,0.9994281636,0.0042160561,0.0335495255,,,,
12621,0.0,-660.110779,1363.271606,1750.701172,0.9994281636,0.0042160561,0.0335495255,,,,
12622,0.0,-654.157043,1365.858032,1750.701172,0.9994281636,0.0042160561,0.0335495255,,,,
12623,0.0,-652.3373715,1366.5498045,1750.701172,0.9994281636,0.0042160561,0.0335495255,,,,
12624,0.0,-647.604736,1368.223267,1750.701172,0.9994313829,0.0033673503,0.0335495429,,,,
12625,0.0,-644.570007,1369.147217,1750.701172,0.9994317463,0.0032578757,0.0335495255,,,,
12626,0.0,-640.85376,1370.218628,1750.701172,0.9994317463,0.0032578757,0.0335495255,,,,
12627,0.0,-637.364136,1371.116089,1750.701172,0.9994317463,0.0032578757,0.0335495255,,,,
12628,0.0,-633.914124,1371.919067,1750.701172,0.9993992187,0.0032577697,0.0345049061,,,,
12629,0.0,-631.089783,1372.519897,1750.701172,0.9993991218,0.0032577694,0.0345077144,,,,
12630,0.0,-627.512817,1373.215698,1750.701172,0.9994014917,0.0024240546,0.0345077144,,,,
12631,0.0,-624.161316,1373.814819,1750.701172,0.9994017858,0.0022995999,0.0345077144,,,,
12632,0.0,-620.594421,1374.399292,1750.701172,0.9994017858,0.0022995999,0.0345077144,,,,
12633,0.0,-617.323547,1374.879883,1750.701172,0.9994017858,0.0022995999,0.0345077144,,,,
12634,0.0,-614.032776,1375.337402,1750.701172,0.9994017858,0.0022995999,0.0345077144,,,,
12635,0.0,-610.073303,1375.85083,1750.701172,0.999370169,0.0031388394,0.035347037,,,,
12636,0.0,-606.916138,1376.226562,1750.701172,0.9993322619,0.0047751732,0.0362246892,,,,
12637,0.0,-602.90155,1376.669922,1750.701172,0.9992789296,0.0069717743,0.0373231191,,,,
12638,0.0,-599.95575,1376.975586,1750.701172,0.9992293505,0.0093263485,0.0381277361,,,,
12639,0.0,-595.918884,1377.375488,1750.701172,0.9991035256,0.0135173719,0.0401176493,,,,
12640,0.0,-592.697632,1377.682251,1750.701172,0.9989973207,0.0178344905,0.0410643902,,,,
12641,0.0,-588.900879,1378.048462,1750.701172,0.9987087198,0.0256351656,0.043860361,,,,
12642,0.0,-585.52948,1378.420898,1750.70105,0.9981544596,0.0396471894,0.045997555,,,,
12643,0.0,-581.871277,1378.795776,1750.701172,0.9975108965,0.0518906863,0.0477427268,,,,
12644,0.0,-578.154663,1379.212036,1750.701172,0.9964433345,0.0686718408,0.0488350219,,,,
12645,0.0,-575.229553,1379.577759,1750.701172,0.9950579592,0.0860004047,0.0496345464,,,,
12646,0.0,-571.928406,1380.100342,1750.701172,0.9918797719,0.1168285373,0.0502554567,,,,
12647,0.0,-567.850525,1380.69873,1750.701172,0.9876849045,0.1479951855,0.0507538619,,,,
12648,0.0,-564.500793,1381.312012,1750.701172,0.981442481,0.1849078246,0.0507912683,,,,
12649,0.0,-561.267822,1381.976196,1750.701172,0.9729043055,0.225560323,0.0507912683,,,,
12650,0.0,-557.545959,1382.863892,1750.701172,0.9577528201,0.2830720482,0.0507912509,,,,
12651,0.0,-554.314331,1383.691528,1750.701172,0.9412171095,0.3339619737,0.0507912683,,,,
12652,0.0,-552.182922,1384.372925,1750.701416,0.9237853662,0.3796321498,0.0500002792,,,,
12653,0.0,-548.018372,1385.539429,1750.701172,0.8953713196,0.4426297985,0.0488780278,,,,
12654,0.0,-544.969421,1386.420532,1750.701172,0.8780112996,0.4762291799,0.04797839,,,,
12655,0.0,-542.318176,1387.104614,1750.701172,0.8565934742,0.5137620396,0.0479185418,,,,
12656,0.0,-538.598022,1387.887207,1750.701172,0.8324318187,0.552051701,0.0479185418,,,,
12657,0.0,-535.382202,1388.431152,1750.701172,0.8121237897,0.581514199,0.0479185418,,,,
12658,0.0,-532.102722,1388.985962,1750.701172,0.7878358833,0.6140182687,0.0479185418,,,,
12659,0.0,-528.632446,1389.50769,1750.70105,0.7648225272,0.642420682,0.0483959631,,,,
12660,0.0,-524.789246,1389.991089,1750.701172,0.7447643851,0.6655359079,0.0488668187,,,,
12661,0.0,-518.070557,1390.686157,1750.701172,0.7134450286,0.6987382726,0.0525453864,,,,
12662,0.0,-514.724243,1391.004883,1750.701172,0.6985473397,0.7134936911,0.0543908717,,,,
12663,0.0,-511.251373,1391.316895,1750.701172,0.6828711768,0.7283655961,0.05630732,,,,
12664,0.0,-507.861084,1391.611206,1750.701172,0.6692216845,0.7409089602,0.0565353848,,,,
12665,0.0,-504.437103,1391.937744,1750.701172,0.6515967964,0.7563947157,0.0573467439,,,,
12666,0.0,-500.695587,1392.271851,1750.701172,0.6366072405,0.7690421482,0.0574925695,,,,
12667,0.0,-497.571259,1392.609375,1750.701172,0.6181789672,0.7839319938,0.0574925521,,,,
12668,0.0,-493.748505,1393.031006,1750.701172,0.5974468276,0.7998449191,0.0574925521,,,,
12669,0.0,-490.306885,1393.459229,1750.701172,0.5759055902,0.8155554453,0.056586807,,,,
12670,0.0,-486.997589,1393.937012,1750.701172,0.5508135565,0.8328285511,0.0547816608,,,,
12671,0.0,-483.703308,1394.410034,1750.701172,0.5302154496,0.8462088039,0.0529361621,,,,
12672,0.0,-480.092834,1395.048096,1750.701172,0.4972607055,0.866160396,0.0499795881,,,,
12673,0.0,-476.887329,1395.584595,1750.701172,0.4792958131,0.876285463,0.0489827616,,,,
12674,0.0,-473.493866,1396.232788,1750.701172,0.4553629979,0.8890097835,0.0480223391,,,,
12675,0.0,-470.238861,1396.865845,1750.701172,0.438866203,0.8972737983,0.0479185418,,,,
12676,0.0,-466.89743,1397.572266,1750.70105,0.4251636325,0.9038471657,0.0479185418,,,,
12677,0.0,-463.307495,1398.329102,1750.701172,0.4142627394,0.9088950413,0.0479185418,,,,
12678,0.0,-459.887024,1399.123413,1750.701172,0.4068705236,0.912228146,0.0479185418,,,,
12679,0.0,-457.022217,1400.047852,1750.701172,0.4039793137,0.9135121934,0.0479185418,,,,
12680,0.0,-453.103729,1401.473145,1750.701172,0.401604368,0.9145587706,0.0479185418,,,,
12681,0.0,-450.119476,1402.860718,1750.701172,0.400706644,0.9149524571,0.0479185418,,,,
12682,0.0,-447.472015,1404.296753,1750.70105,0.3991433582,0.9155923729,0.0487358832,,,,
12683,0.0,-444.635223,1406.049927,1750.701172,0.3942685087,0.9176497899,0.0497112286,,,,
12684,0.0,-441.767303,1408.053833,1750.701172,0.3902560819,0.9193074219,0.0507351412,,,,
12685,0.0,-439.110168,1410.157227,1750.701172,0.3803790925,0.9233820946,0.0517421806,,,,
12686,0.0,-436.953186,1412.066528,1750.701172,0.368385565,0.9281835863,0.0526051859,,,,
12687,0.0,-434.538544,1414.381836,1750.701172,0.3568716867,0.932562725,0.0544918635,,,,
12688,0.0,-432.632965,1416.41333,1750.701172,0.3401265353,0.9387465768,0.0553967916,,,,
12689,0.0,-432.101379,1421.588379,1751.687378,0.3240864398,0.9443420848,0.0564447204,,,,
12690,0.0,-431.048492,1423.085327,1751.752075,0.3128369937,0.9481048198,0.0568354299,,,,
12691,0.0,-428.407532,1426.959229,1751.678833,0.2919991278,0.9546909842,0.0574598464,,,,
12692,0.0,-426.607452,1429.514282,1751.869873,0.2758837494,0.9594178444,0.0583571478,,,,
12693,0.0,-425.233093,1432.121948,1751.71106,0.2623049288,0.9631658585,0.0592254455,,,,
12694,0.0,-423.846283,1434.505493,1751.455933,0.2489763603,0.9666858893,0.0594067621,,,,
12695,0.0,-421.517914,1438.476562,1751.248413,0.2233125523,0.9728761198,0.0603619042,,,,
12696,0.0,-420.379883,1440.660645,1750.751099,0.2039040872,0.9771281076,0.0603637682,,,,
12697,0.0,-418.761902,1443.794922,1750.419067,0.1835879242,0.9811481486,0.0603637682,,,,
12698,0.0,-417.154297,1446.811035,1750.067261,0.1702421728,0.9835516347,0.0603637682,,,,
12699,0.0,-416.031342,1449.189697,1749.93103,0.1665496627,0.9841836339,0.0603637682,,,,
12700,0.0,-414.217712,1453.415527,1749.91333,0.1659820474,0.984279521,0.0603637682,,,,
12701,0.0,-412.632843,1456.459351,1749.705078,0.1659336885,0.9842876747,0.0603637682,,,,
12702,0.0,-411.137177,1459.454346,1749.354614,0.1659336885,0.9842876747,0.0603637682,,,,
12703,0.0,-409.348999,1463.307007,1748.94397,0.1659420311,0.9843379996,0.059514241,,,,
12704,0.0,-408.081757,1466.140625,1748.085815,0.1645258687,0.9847546645,0.0564755634,,,,
12705,0.0,-405.502014,1471.5979,1745.868164,0.1600877431,0.9858582026,0.0495531921,,,,
12706,0.0,-404.504456,1474.535156,1744.248291,0.1582671154,0.9862437803,0.0476940876,,,,
12707,0.0,-403.834198,1477.020996,1744.448975,0.1570009299,0.9865607889,0.0452605554,,,,
12708,0.0,-403.3160095,1478.033386,1743.4485475,0.1562304372,0.9867354732,0.0440810753,,,,
12709,0.0,-402.058777,1481.233521,1740.002197,0.1534170605,0.9872897671,0.0414984497,,,,
12710,0.0,-401.43927,1483.07312,1737.604614,0.1515461573,0.9876181175,0.0405489355,,,,
12711,0.0,-400.991669,1484.506104,1735.084473,0.1464944321,0.9884812236,0.0380033146,,,,
12712,0.0,-400.408142,1486.437378,1732.924438,0.1397228465,0.9895860434,0.0345975278,,,,
12713,0.0,-399.909637,1488.090088,1732.86792,0.1335939284,0.9905628499,0.0306251981,,,,
12714,0.0,-399.496735,1489.496338,1732.695435,0.1310227866,0.9910559283,0.0253214622,,,,
12715,0.0,-399.143616,1490.130493,1733.446045,0.133157492,0.9909177178,0.0187392363,,,,
12716,0.0,-398.696991,1491.455688,1733.469482,0.1354293415,0.9907014879,0.0130175022,,,,
12717,0.0,-398.252838,1492.777832,1733.473511,0.1358066339,0.9906685632,0.0115046076,,,,
12718,0.0,-397.865814,1494.140625,1733.75769,0.1358078914,0.9906777369,0.0106695014,,,,
12719,0.0,-397.579193,1495.07019,1734.020142,0.1341327963,0.9909072492,0.0105459216,,,,
12720,0.0,-397.392426,1495.812134,1734.152588,0.1304380071,0.9914003782,0.0105459216,,,,
12721,0.0,-397.19162,1496.521851,1734.291138,0.1266942656,0.9918857528,0.0105459216,,,,
12722,0.0,-397.130707,1497.105591,1734.604248,0.1107971668,0.9937870855,0.0105459216,,,,
12723,0.0,-397.18811,1497.839233,1734.65332,0.0786191998,0.9968489379,0.0105459216,,,,
12724,0.0,-397.183258,1498.86145,1734.563232,0.0605159235,0.9981115201,0.0105459216,,,,
12725,0.0,-397.159851,1499.070801,1734.658569,0.0558650129,0.998382634,0.0105459216,,,,
12726,0.0,-397.101685,1499.217896,1734.780762,0.0550041941,0.9984304293,0.0105459216,,,,
12727,0.0,-397.056671,1499.389648,1734.741699,0.0536770007,0.9984992936,0.010860028,,,,
12728,0.0,-397.084778,1499.13916,1735.052246,0.0522599891,0.9985692069,0.0113328086,,,,
12729,0.0,-397.101562,1499.009399,1735.227783,0.0507097001,0.9986471701,0.0115046076,,,,
12730,0.0,-397.123322,1498.775513,1735.425659,0.0498304229,0.9986914303,0.0115046076,,,,
12731,0.0,-397.129517,1498.553833,1735.574951,0.0504256951,0.9986649362,0.011206891,,,,
12732,0.0,-397.687012,1499.291504,1735.332031,0.0516560727,0.9986087742,0.0105908613,,,,
12733,0.0,-397.603027,1499.096436,1735.449585,0.0533227358,0.9985296655,0.0097566895,,,,
12734,0.0,-397.489319,1498.869751,1735.550049,0.0550377668,0.9984446239,0.0088981645,,,,
12735,0.0,-397.463074,1498.830566,1735.560425,0.0563332083,0.9983747382,0.008628539,,,,
12736,0.0,-397.140228,1498.126465,1735.747559,0.0565332802,0.9983634291,0.008628539,,,,
12737,0.0,-397.121887,1497.799072,1735.829102,0.0565332802,0.9983634291,0.008628539,,,,
12738,0.0,-397.143982,1497.409302,1735.949951,0.0565332802,0.9983634291,0.008628539,,,,
12739,0.0,-397.184113,1496.700195,1735.610596,0.0565332802,0.9983634291,0.008628539,,,,
12740,0.0,-397.184113,1496.700195,1735.610596,0.0565332802,0.9983634291,0.008628539,,,,
12741,0.0,-397.304657,1497.086548,1735.057617,0.0565332802,0.9983634291,0.008628539,,,,
12742,0.0,-397.240265,1496.623901,1734.76416,0.0565332802,0.9983634291,0.008628539,,,,
12743,0.0,-397.227753,1496.28479,1734.690308,0.0565332802,0.9983634291,0.008628539,,,,
12744,0.0,-397.215179,1496.151978,1734.666626,0.0565332802,0.9983634291,0.008628539,,,,
12745,0.0,-397.243713,1495.647339,1734.672119,0.0565332802,0.9983634291,0.008628539,,,,
12746,0.0,-397.261444,1495.335449,1734.743652,0.0565332802,0.9983634291,0.008628539,,,,
12747,0.0,-397.277161,1495.057373,1734.834839,0.0565332802,0.9983634291,0.008628539,,,,
12748,0.0,-397.266724,1496.057495,1734.651123,0.0565332802,0.9983634291,0.008628539,,,,
12749,0.0,-397.253632,1495.8809815,1734.733093,0.0565332802,0.9983634291,0.008628539,,,,
12750,0.0,-397.24054,1495.704468,1734.815063,0.0565332802,0.9983634291,0.008628539,,,,
12751,0.0,-397.253357,1495.477295,1734.920044,0.0565332802,0.9983634291,0.008628539,,,,
12752,0.0,-397.272308,1495.143066,1735.077759,0.0565332802,0.9983634291,0.008628539,,,,
12753,0.0,-397.2790525,1495.0239865,1735.1622315,0.0565332802,0.9983634291,0.008628539,,,,
12754,0.0,-397.285797,1494.904907,1735.246704,0.0565332802,0.9983634291,0.008628539,,,,
12755,0.0,-397.305908,1494.549438,1735.508301,0.0565332802,0.9983634291,0.008628539,,,,
12756,0.0,-397.318146,1494.303101,1735.707031,0.0569661226,0.9983388248,0.008628539,,,,
12757,0.0,-397.32428,1493.97583,1736.012207,0.0603855286,0.9981413297,0.0082142474,,,,
12758,0.0,-397.316833,1493.902344,1736.102295,0.0636792288,0.997940381,0.007742849,,,,
12759,0.0,-397.30246,1493.928101,1736.132324,0.0671845949,0.9977110824,0.0076698266,,,,
12760,0.0,-397.262939,1494.297119,1736.030151,0.0708239291,0.997459345,0.0076698266,,,,
12761,0.0,-397.235565,1494.539185,1736.01001,0.0731925013,0.9972929794,0.0070406698,,,,
12762,0.0,-397.188354,1494.634521,1736.081177,0.0823256961,0.9965828821,0.0067111071,,,,
12763,0.0,-397.043335,1495.229248,1735.845947,0.101266167,0.9948367326,0.0067111071,,,,
12764,0.0,-396.842133,1495.646729,1736.327881,0.1296004995,0.9915495023,0.0057701836,,,,
12765,0.0,-396.729675,1495.529785,1736.346924,0.1527291228,0.988251347,0.005752399,,,,
12766,0.0,-396.135895,1496.284546,1737.612915,0.2262042221,0.9740629137,0.005752399,,,,
12767,0.0,-395.658539,1496.372437,1739.199219,0.3457947472,0.9382809882,0.0074013502,,,,
12768,0.0,-395.191956,1496.250122,1741.861328,0.5251885112,0.8509110008,0.0112914294,,,,
12769,0.0,-394.659241,1495.354004,1743.3302,0.676525821,0.7362969309,0.013403099,,,,
12770,0.0,-394.486572,1495.244629,1744.491211,0.7442373704,0.6677594128,0.0144257803,,,,
12771,0.0,-394.384796,1494.101074,1746.096558,0.8654961748,0.500680617,0.0153392019,,,,
12772,0.0,-394.426514,1492.977295,1747.545898,0.9387705516,0.3441417732,0.0166220121,,,,
12773,0.0,-394.459839,1493.197754,1748.94873,0.9768255194,0.2126883714,0.0239908614,,,,
12774,0.0,-394.314026,1493.266968,1750.239014,0.9947528304,0.0967479381,0.0332662422,,,,
12775,0.0,-394.061249,1492.903564,1751.385132,0.9985440435,0.0359562464,0.0402112107,,,,
12776,0.0,-393.290283,1494.716187,1751.417847,0.9985471291,0.0358200521,0.0402561165,,,,
12777,0.0,-392.602753,1495.727539,1751.329834,0.9985471291,0.0358200521,0.0402561165,,,,
12778,0.0,-392.533478,1495.855469,1751.452393,0.9985471291,0.0358200521,0.0402561165,,,,
12779,0.0,-392.011963,1496.697021,1751.299194,0.9985471291,0.0358200521,0.0402561165,,,,
12780,0.0,-391.414551,1498.069824,1750.761597,0.9985471291,0.0358200521,0.0402561165,,,,
12781,0.0,-390.649384,1499.144653,1749.904297,0.9985471291,0.0358200521,0.0402561165,,,,
12782,0.0,-390.540527,1499.970703,1749.928467,0.9985471291,0.0358200521,0.0402561165,,,,
12783,0.0,-390.388031,1501.443481,1749.926392,0.9985471291,0.0358200521,0.0402561165,,,,
12784,0.0,-390.251434,1502.966187,1749.88501,0.9985471291,0.0358200521,0.0402561165,,,,
12785,0.0,-390.153381,1504.479736,1749.744629,0.9985471291,0.0358200521,0.0402561165,,,,
12786,0.0,-390.395599,1507.240723,1749.546143,0.9991515822,0.0247853434,0.0328907657,,,,
12787,0.0,-390.714081,1508.912109,1749.615845,0.9995719839,-0.0147949631,0.0252380273,,,,
12788,0.0,-391.071899,1510.030884,1749.914307,0.9867251637,-0.1617059457,0.0149879424,,,,
12789,0.0,-391.785706,1511.619507,1750.608032,0.9085815983,-0.4172235644,0.0200991672,,,,
12790,0.0,-392.350189,1512.695435,1750.800293,0.8422008188,-0.538619649,0.0242209511,,,,
12791,0.0,-393.025146,1513.680176,1750.641235,0.7590591667,-0.6504550947,0.0271542119,,,,
12792,0.0,-393.763733,1515.012695,1750.622681,0.6797795907,-0.7328894034,0.0277998271,,,,
12793,0.0,-394.376007,1516.663574,1750.649292,0.6225298015,-0.782124736,0.0271577536,,,,
12794,0.0,-394.598358,1517.5794675,1750.6775515,0.60294034,-0.7969568036,0.0268131227,,,,
12795,0.0,-394.820709,1518.495361,1750.705811,0.5833508784,-0.8117888713,0.0264684918,,,,
12796,0.0,-395.216217,1521.035889,1750.794067,0.5487663266,-0.835573307,0.0259377624,,,,
12797,0.0,-395.407745,1523.367676,1750.995728,0.5378135725,-0.8426927509,0.0250097754,,,,
12798,0.0,-395.384003,1527.772217,1751.336548,0.5370967667,-0.8431523154,0.0249246124,,,,
12799,0.0,-395.268799,1529.831177,1751.495972,0.5370967667,-0.8431523154,0.0249246124,,,,
12800,0.0,-395.101471,1532.242554,1751.593994,0.5357556572,-0.8440051182,0.0249246124,,,,
12801,0.0,-394.82135,1534.371338,1751.791992,0.5307174177,-0.8472055889,0.0241187222,,,,
12802,0.0,-394.566528,1536.811035,1751.920044,0.5252916826,-0.8505846646,0.0239661547,,,,
12803,0.0,-394.319641,1539.067017,1751.927856,0.519721874,-0.8539992957,0.0239661547,,,,
12804,0.0,-394.021271,1541.117554,1752.017212,0.5180585246,-0.8550093499,0.0239661547,,,,
12805,0.0,-393.645569,1543.930908,1752.026978,0.516765655,-0.8557913772,0.0239661547,,,,
12806,0.0,-393.316925,1546.259521,1751.929688,0.5159739704,-0.8562689328,0.0239661547,,,,
12807,0.0,-393.129272,1548.342285,1751.780518,0.5135458528,-0.8577273929,0.0239661547,,,,
12808,0.0,-393.006165,1549.639404,1751.713379,0.5123697186,-0.8584304834,0.0239661547,,,,
12809,0.0,-392.587677,1553.344971,1751.551147,0.5102225154,-0.8597084437,0.0239661547,,,,
12810,0.0,-392.334442,1555.640503,1751.530029,0.5101684223,-0.8597405448,0.0239661547,,,,
12811,0.0,-392.064117,1558.022095,1751.317383,0.5101684223,-0.8597405448,0.0239661547,,,,
12812,0.0,-391.757629,1560.383301,1751.240601,0.5101684223,-0.8597405448,0.0239661547,,,,
12813,0.0,-391.359589,1563.225708,1751.227417,0.5101684223,-0.8597405448,0.0239661547,,,,
12814,0.0,-391.117188,1565.095215,1751.228149,0.5101684223,-0.8597405448,0.0239661547,,,,
12815,0.0,-390.616364,1568.175781,1751.278809,0.5101684223,-0.8597405448,0.0239661547,,,,
12816,0.0,-390.21875,1570.537964,1751.318848,0.5094510214,-0.8601658446,0.0239661547,,,,
12817,0.0,-389.604523,1573.256348,1751.458008,0.5093439316,-0.8602292617,0.0239661547,,,,
12818,0.0,-388.978912,1576.036133,1751.580688,0.5093439316,-0.8602292617,0.0239661547,,,,
12819,0.0,-388.400146,1578.512329,1751.670166,0.5093439316,-0.8602292617,0.0239661547,,,,
12820,0.0,-387.677612,1581.348145,1751.854004,0.5093439316,-0.8602292617,0.0239661547,,,,
12821,0.0,-387.044098,1583.733765,1751.991577,0.5093439316,-0.8602292617,0.0239661547,,,,
12822,0.0,-386.278961,1586.548096,1752.156982,0.5093439316,-0.8602292617,0.0239661547,,,,
12823,0.0,-385.521088,1589.466553,1752.268921,0.5093439316,-0.8602292617,0.0239661547,,,,
12824,0.0,-384.696564,1592.310303,1752.358765,0.5093439316,-0.8602292617,0.0239661547,,,,
12825,0.0,-383.81012,1595.307007,1752.324097,0.5093439316,-0.8602292617,0.0239661547,,,,
12826,0.0,-383.142456,1598.100464,1752.291992,0.5093439316,-0.8602292617,0.0239661547,,,,
12827,0.0,-382.198547,1600.710327,1752.023682,0.5093439316,-0.8602292617,0.0239661547,,,,
12828,0.0,-381.211761,1603.878174,1751.717041,0.5093439316,-0.8602292617,0.0239661547,,,,
12829,0.0,-379.783386,1609.0177,1751.209106,0.5093439316,-0.8602292617,0.0239661547,,,,
12830,0.0,-378.962646,1612.03772,1750.841797,0.5093439316,-0.8602292617,0.0239661547,,,,
12831,0.0,-378.197784,1615.067383,1750.476074,0.5093439316,-0.8602292617,0.0239661547,,,,
12832,0.0,-377.470856,1618.040527,1750.173584,0.5093439316,-0.8602292617,0.0239661547,,,,
12833,0.0,-376.708893,1620.977783,1749.903687,0.5093439316,-0.8602292617,0.0239661547,,,,
12834,0.0,-376.049316,1623.644287,1749.782349,0.5093439316,-0.8602292617,0.0239661547,,,,
12835,0.0,-375.369415,1626.51355,1749.700073,0.5093439316,-0.8602292617,0.0239661547,,,,
12836,0.0,-374.692719,1629.308594,1749.720825,0.5093439316,-0.8602292617,0.0239661547,,,,
12837,0.0,-374.271942,1631.942993,1749.798706,0.5093439316,-0.8602292617,0.0239661547,,,,
12838,0.0,-374.016357,1634.860107,1749.950317,0.5093439316,-0.8602292617,0.0239661547,,,,
12839,0.0,-374.048279,1637.884277,1750.167114,0.5093439316,-0.8602292617,0.0239661547,,,,
12840,0.0,-374.429474,1640.777344,1750.491455,0.5093439316,-0.8602292617,0.0239661547,,,,
12841,0.0,-374.875305,1644.029175,1750.918701,0.5093439316,-0.8602292617,0.0239661547,,,,
12842,0.0,-375.60379,1647.718994,1751.524902,0.5093439316,-0.8602292617,0.0239661547,,,,
12843,0.0,-376.311615,1650.946777,1751.920044,0.5093439316,-0.8602292617,0.0239661547,,,,
12844,0.0,-376.928162,1654.378296,1752.094727,0.5093439316,-0.8602292617,0.0239661547,,,,
12845,0.0,-378.147034,1657.391479,1752.555298,0.5093439316,-0.8602292617,0.0239661547,,,,
12846,0.0,-379.232758,1660.909668,1752.660278,0.5093439316,-0.8602292617,0.0239661547,,,,
12847,0.0,-380.167999,1663.878784,1752.709595,0.5093439316,-0.8602292617,0.0239661547,,,,
12848,0.0,-381.118164,1666.890137,1752.483276,0.5093439316,-0.8602292617,0.0239661547,,,,
12849,0.0,-382.225586,1670.40979,1752.315796,0.5093439316,-0.8602292617,0.0239661547,,,,
12850,0.0,-383.306152,1674.00708,1752.043701,0.5093439316,-0.8602292617,0.0239661547,,,,
12851,0.0,-384.240417,1677.02832,1751.924316,0.5093439316,-0.8602292617,0.0239661547,,,,
12852,0.0,-384.975189,1680.074341,1751.869507,0.5100832497,-0.8597910803,0.0239661547,,,,
12853,0.0,-385.689148,1683.153076,1752.001221,0.5189957881,-0.8543907634,0.0256864838,,,,
12854,0.0,-385.960419,1686.395874,1751.851807,0.5438657561,-0.838614315,0.0305952622,,,,
12855,0.0,-386.143738,1689.521362,1751.950073,0.5913457494,-0.8055961352,0.0364015314,,,,
12856,0.0,-386.141663,1692.715942,1751.998291,0.6584882623,-0.7514129032,0.0420934357,,,,
12857,0.0,-386.097809,1695.386108,1751.971313,0.7475809165,-0.6625474614,0.0464072694,,,,
12858,0.0,-385.817932,1699.664307,1752.180542,0.8369931578,-0.544790464,0.0514373813,,,,
12859,0.0,-385.356384,1702.811401,1752.261719,0.9134708022,-0.4034926559,0.0525810814,,,,
12860,0.0,-384.753479,1707.02356,1752.157227,0.9655297605,-0.2549006569,0.0527061351,,,,
12861,0.0,-384.454742,1711.803467,1752.80127,0.998142568,-0.0346538585,0.0501051292,,,,
12862,0.0,-384.716156,1717.494019,1753.014038,0.9797094033,0.1948259409,0.0470354945,,,,
12863,0.0,-385.029297,1721.572998,1753.069702,0.9410638243,0.335182298,0.0452957574,,,,
12864,0.0,-385.673431,1726.137207,1752.886841,0.8756217288,0.4808025283,0.045994748,,,,
12865,0.0,-385.979126,1730.355347,1752.694824,0.8125280254,0.5810399021,0.0468064109,,,,
12866,0.0,-386.707764,1734.942871,1752.421875,0.7531397313,0.6556368355,0.0540452122,,,,
12867,0.0,-387.443298,1738.660034,1752.164307,0.7436980323,0.6661286186,0.0564437794,,,,
12868,0.0,-387.962402,1742.099976,1751.843872,0.7434190468,0.6664321955,0.0565353848,,,,
12869,0.0,-388.480988,1746.013062,1751.442017,0.7434190468,0.6664321955,0.0565353848,,,,
12870,0.0,-389.292053,1753.18396,1750.727661,0.7434190468,0.6664321955,0.0565353848,,,,
12871,0.0,-389.619934,1756.60498,1750.365601,0.7434190468,0.6664321955,0.0565353848,,,,
12872,0.0,-389.920868,1760.62915,1749.973389,0.7434190468,0.6664321955,0.0565353848,,,,
12873,0.0,-390.151062,1764.417236,1749.619995,0.7434190468,0.6664321955,0.0565353848,,,,
12874,0.0,-390.297241,1767.719482,1749.363647,0.7434190468,0.6664321955,0.0565353848,,,,
12875,0.0,-390.520905,1771.633545,1749.335571,0.7434190468,0.6664321955,0.0565353848,,,,
12876,0.0,-390.546722,1774.593872,1749.352539,0.7434190468,0.6664321955,0.0565353848,,,,
12877,0.0,-390.530151,1778.030762,1749.43335,0.7538062341,0.654283311,0.0607413393,,,,
12878,0.0,-390.524628,1781.8125,1749.583496,0.7360086251,0.6739315444,0.0640903826,,,,
12879,0.0,-390.714569,1785.02063,1749.528809,0.7008498365,0.7102513354,0.0659738383,,,,
12880,0.0,-391.107788,1789.181641,1750.02478,0.6619212127,0.746492723,0.0678890468,,,,
12881,0.0,-391.70636,1793.064453,1750.29541,0.6136014746,0.7866016846,0.0689276445,,,,
12882,0.0,-392.214752,1797.296265,1750.541992,0.5498710678,0.8323967497,0.0689743429,,,,
12883,0.0,-392.619934,1800.376221,1750.732788,0.5105236401,0.8572231165,0.0673360335,,,,
12884,0.0,-393.226837,1805.028564,1750.982544,0.4643745544,0.883225429,0.0653384638,,,,
12885,0.0,-393.891602,1809.165771,1751.039917,0.430015115,0.9006039394,0.0632419575,,,,
12886,0.0,-394.433746,1812.355835,1750.914062,0.4153100407,0.9074794598,0.063234485,,,,
12887,0.0,-395.072235,1815.994019,1750.635498,0.4101412481,0.9098272124,0.063234485,,,,
12888,0.0,-395.644226,1819.146851,1750.450073,0.4099337085,0.9099207408,0.063234485,,,,
12889,0.0,-396.346069,1822.711914,1750.188721,0.4099111097,0.9098705787,0.0640968967,,,,
12890,0.0,-397.027863,1826.083618,1750.305542,0.4106519281,0.909470139,0.0650312251,,,,
12891,0.0,-397.830688,1829.66272,1749.672607,0.4115424037,0.9089949311,0.0660383618,,,,
12892,0.0,-398.710938,1833.207153,1749.492554,0.4115750786,0.9089060685,0.0670500807,,,,
12893,0.0,-399.492432,1836.204346,1749.350708,0.4115746567,0.9089054322,0.0670612953,,,,
12894,0.0,-400.325287,1839.242432,1749.283203,0.4115746567,0.9089054322,0.0670612953,,,,
12895,0.0,-401.323334,1843.337646,1749.333008,0.4115746567,0.9089054322,0.0670612953,,,,
12896,0.0,-402.346313,1846.633911,1749.338989,0.4115746567,0.9089054322,0.0670612953,,,,
12897,0.0,-403.180023,1849.591431,1749.424072,0.4115746567,0.9089054322,0.0670612953,,,,
12898,0.0,-404.266052,1853.293091,1749.663696,0.4090666142,0.9099696072,0.0679692509,,,,
12899,0.0,-405.218323,1856.4823,1749.987061,0.4036661584,0.9122667148,0.0694483519,,,,
12900,0.0,-406.361694,1860.389038,1750.380127,0.3983920786,0.9144726117,0.0708773179,,,,
12901,0.0,-407.296722,1863.445679,1750.757202,0.3930588526,0.9166490005,0.0725213644,,,,
12902,0.0,-408.401642,1867.133667,1751.213501,0.3872827185,0.9190123739,0.073677354,,,,
12903,0.0,-409.347229,1870.185303,1751.463989,0.3840425291,0.9203648285,0.073755802,,,,
12904,0.0,-410.524567,1874.015991,1751.790894,0.3825290803,0.9209948897,0.0737557846,,,,
12905,0.0,-411.714264,1877.762085,1751.911621,0.3824359916,0.921033548,0.0737557846,,,,
12906,0.0,-412.744843,1880.946167,1752.013672,0.3824359916,0.921033548,0.0737557846,,,,
12907,0.0,-413.853088,1884.420288,1751.876099,0.3824359916,0.921033548,0.0737557846,,,,
12908,0.0,-414.928833,1887.693115,1751.780151,0.3824359916,0.921033548,0.0737557846,,,,
12909,0.0,-416.111176,1891.20105,1751.660156,0.3824359916,0.921033548,0.0737557846,,,,
12910,0.0,-418.573761,1898.038208,1751.376831,0.3824359916,0.921033548,0.0737557846,,,,
12911,0.0,-419.3438265,1899.8828125,1751.267761,0.3824359916,0.921033548,0.0737557846,,,,
12912,0.0,-420.113892,1901.727417,1751.158691,0.3824359916,0.921033548,0.0737557846,,,,
12913,0.0,-422.874695,1908.457642,1751.106812,0.3848304107,0.9200356728,0.0737557846,,,,
12914,0.0,-424.177002,1911.902344,1751.259888,0.3874371863,0.9190081836,0.0729135461,,,,
12915,0.0,-425.116425,1915.007324,1752.085815,0.3893619379,0.9182711161,0.0719405216,,,,
12916,0.0,-425.702301,1918.164551,1753.202881,0.3895434441,0.9182017375,0.0718434016,,,,
12917,0.0,-425.831329,1920.866333,1753.97229,0.3895434441,0.9182017375,0.0718434016,,,,
12918,0.0,-425.377838,1924.231079,1754.298462,0.3895434441,0.9182017375,0.0718434016,,,,
12919,0.0,-424.822968,1927.65918,1754.527466,0.3895434441,0.9182017375,0.0718434016,,,,
12920,0.0,-424.263397,1930.578003,1754.663696,0.3895434441,0.9182017375,0.0718434016,,,,
12921,0.0,-423.492493,1934.124268,1754.776855,0.3895434441,0.9182017375,0.0718434016,,,,
12922,0.0,-422.861084,1937.047852,1754.774902,0.3895434441,0.9182017375,0.0718434016,,,,
12923,0.0,-422.039734,1940.545532,1754.69043,0.3895434441,0.9182017375,0.0718434016,,,,
12924,0.0,-421.256104,1943.925293,1754.512573,0.3895434441,0.9182017375,0.0718434016,,,,
12925,0.0,-420.456085,1947.326416,1754.276855,0.3895434441,0.9182017375,0.0718434016,,,,
12926,0.0,-419.728912,1950.447754,1753.97998,0.3895434441,0.9182017375,0.0718434016,,,,
12927,0.0,-418.834564,1954.115112,1753.519653,0.3895434441,0.9182017375,0.0718434016,,,,
12928,0.0,-417.951324,1957.564819,1753.075439,0.3895434441,0.9182017375,0.0718434016,,,,
12929,0.0,-417.194458,1960.381714,1752.67627,0.3895434441,0.9182017375,0.0718434016,,,,
12930,0.0,-416.187164,1963.849731,1752.116577,0.3895434441,0.9182017375,0.0718434016,,,,
12931,0.0,-415.066711,1967.533691,1751.628418,0.3895434441,0.9182017375,0.0718434016,,,,
12932,0.0,-414.095795,1970.588989,1751.319214,0.3895434441,0.9182017375,0.0718434016,,,,
12933,0.0,-413.045898,1973.843872,1751.023682,0.3895434441,0.9182017375,0.0718434016,,,,
12934,0.0,-412.114166,1976.731323,1750.926025,0.3895434441,0.9182017375,0.0718434016,,,,
14028,0.0,855.097351,700.619812,1715.68042,-0.5504264382,0.8346409009,0.0201321298,,,,
14029,0.0,855.065918,700.482483,1715.663696,-0.5504264382,0.8346409009,0.0201321298,,,,
14030,0.0,855.118286,700.355713,1715.657959,-0.5504264382,0.8346409009,0.0201321298,,,,
14031,0.0,853.732971,700.445679,1715.42627,-0.5694808404,0.8218261125,0.017129307,,,,
14032,0.0,851.631836,700.272583,1715.540283,-0.5940800336,0.8042979968,0.0131774828,,,,
14033,0.0,850.327332,699.833191,1716.053101,-0.6144470167,0.7888967507,0.0098377038,,,,
14034,0.0,846.90979,698.67981,1718.03064,-0.6664293281,0.7455667188,0.0014894285,,,,
14035,0.0,843.616882,697.739685,1720.034424,-0.704229477,0.7099473252,-0.0059698632,,,,
14036,0.0,840.40802,696.94812,1722.199463,-0.7307304894,0.6825802146,-0.0108260135,,,,
14037,0.0,834.424011,695.849609,1726.321289,-0.7496394254,0.6616996401,-0.0139398074,,,,
14038,0.0,832.2226255,695.466705,1727.809021,-0.7522483138,0.6587155696,-0.0141602728,,,,
14039,0.0,826.851929,694.502014,1731.345825,-0.7548718757,0.6557146104,-0.014380581,,,,
14040,0.0,823.943542,694.099121,1733.246338,-0.7553539748,0.6551746796,-0.0136569339,,,,
14041,0.0,820.011414,693.569275,1735.652832,-0.7566166802,0.6537209279,-0.013421912,,,,
14042,0.0,816.820984,693.057678,1737.740234,-0.7577551345,0.6524160029,-0.0126694599,,,,
14043,0.0,812.645203,692.612244,1740.199707,-0.7592212706,0.6507132413,-0.0124635447,,,,
14044,0.0,809.237427,692.219299,1742.182739,-0.7598343976,0.649997191,-0.0124635447,,,,
14045,0.0,806.075867,691.799377,1744.125122,-0.7618422428,0.6476426925,-0.0124635447,,,,
14046,0.0,801.904785,691.29541,1746.554932,-0.7635545139,0.6456230823,-0.0124635447,,,,
14047,0.0,798.714417,690.905518,1748.429932,-0.7656803466,0.6431005107,-0.0124635447,,,,
14048,0.0,794.752563,690.406006,1750.794922,-0.7672641222,0.6412101269,-0.0124635447,,,,
14049,0.0,791.466675,690.018921,1752.845215,-0.767325259,0.6411369696,-0.0124632655,,,,
14050,0.0,787.563843,689.508362,1755.267578,-0.767325259,0.6411369696,-0.0124632655,,,,
14051,0.0,784.380127,689.115173,1757.162964,-0.767325259,0.6411369696,-0.0124632655,,,,
14052,0.0,781.255798,688.73877,1759.136963,-0.7663383146,0.6423010605,-0.0132263128,,,,
14053,0.0,777.427734,688.330688,1761.610107,-0.7598614991,0.6499464243,-0.013421912,,,,
14054,0.0,774.833679,688.158752,1762.297974,-0.7427687848,0.6694051243,-0.0138315551,,,,
14055,0.0,770.744019,687.879639,1762.611084,-0.7205224256,0.6932827939,-0.0143666896,,,,
14056,0.0,767.570557,687.656555,1762.793945,-0.6876789386,0.7259332464,-0.0108903251,,,,
14057,0.0,764.648071,687.462585,1763.028931,-0.6435854009,0.7653553895,-0.0053814001,,,,
14058,0.0,760.297302,687.180908,1763.41394,-0.592420314,0.8056268378,0.0018893876,,,,
14059,0.0,757.513367,687.200195,1763.442139,-0.5359278328,0.8442135045,0.0092150335,,,,
14060,0.0,753.464111,687.170593,1763.731689,-0.4764885303,0.8790115745,0.01724333,,,,
14061,0.0,750.317261,687.335754,1763.909058,-0.4079544527,0.912599689,0.0271103679,,,,
14062,0.0,747.154297,687.552063,1763.975098,-0.3712040976,0.9280032212,0.0318988924,,,,
14063,0.0,743.578125,688.007019,1764.04187,-0.3231178861,0.9455944528,0.0380258131,,,,
14064,0.0,740.338074,688.445251,1764.037354,-0.288784877,0.9564448884,0.0426200695,,,,
14065,0.0,736.732178,688.896362,1763.741333,-0.2645578599,0.963327419,0.0448265838,,,,
14066,0.0,733.146423,689.468323,1763.435913,-0.239959981,0.9696126855,0.0476492139,,,,
14067,0.0,729.775818,690.110168,1763.274902,-0.2194067782,0.9744136768,0.0487714282,,,,
14068,0.0,726.947083,690.645508,1762.959961,-0.2111219666,0.9762369774,0.0488761625,,,,
14069,0.0,723.499268,691.580139,1762.806519,-0.2046665925,0.9776107132,0.0488761625,,,,
14070,0.0,720.096741,692.440369,1762.756714,-0.2002242986,0.9785301993,0.0488761625,,,,
14071,0.0,717.136719,693.39978,1762.761841,-0.197350465,0.9791138415,0.0488761625,,,,
14072,0.0,712.951599,694.826721,1762.851318,-0.1956229724,0.9795074926,0.0479241553,,,,
14073,0.0,709.854492,696.048462,1762.911865,-0.1928821919,0.9800511586,0.0479185418,,,,
14074,0.0,706.735046,697.39978,1763.154663,-0.1891251651,0.9808284775,0.0469805252,,,,
14075,0.0,703.776672,698.764099,1763.466187,-0.1836977152,0.9819034474,0.0460518121,,,,
14076,0.0,698.637878,701.444214,1764.224487,-0.1740983429,0.983685295,0.0453101242,,,,
14077,0.0,697.23291,702.36203,1764.5757445,-0.1695082998,0.984499822,0.0447774609,,,,
14078,0.0,695.827942,703.279846,1764.927002,-0.1649182568,0.9853143491,0.0442447976,,,,
14079,0.0,693.374207,705.189453,1765.253296,-0.1570601268,0.9866407523,0.0432682622,,,,
14080,0.0,690.852661,707.283752,1765.589233,-0.1509372219,0.9876020316,0.0431298299,,,,
14081,0.0,688.403809,709.701538,1765.785278,-0.1381591767,0.9894704946,0.0431298299,,,,
14082,0.0,686.348633,712.004822,1765.765137,-0.1296987856,0.9906149821,0.0431298299,,,,
14083,0.0,684.415527,714.473267,1765.702026,-0.1172597111,0.9921642898,0.0431298299,,,,
14084,0.0,682.255615,718.484863,1765.808105,-0.0939277326,0.9947413991,0.0408305029,,,,
14085,0.0,680.764343,721.554321,1765.162598,-0.0787095666,0.9961449919,0.0387293079,,,,
14086,0.0,679.524292,724.757141,1763.983032,-0.0618265323,0.9974169286,0.036564332,,,,
14087,0.0,679.021484,727.362061,1762.725586,-0.0453203452,0.9983725661,0.0346162614,,,,
14088,0.0,678.877563,729.786194,1761.485718,-0.0331587587,0.9988989104,0.033188304,,,,
14089,0.0,678.991516,732.794495,1759.839966,0.0079039467,0.9995526971,0.0288432549,,,,
14090,0.0,679.029541,735.137329,1758.25708,0.0224023664,0.9994222641,0.0255591864,,,,
14091,0.0,679.291687,737.339111,1756.53772,0.0229592649,0.9994602088,0.0234981543,,,,
14092,0.0,679.624451,739.498535,1754.778198,0.0161032497,0.9996689161,0.020068473,,,,
14093,0.0,680.175232,741.420532,1752.942993,0.0011332558,0.9998421007,0.0177338496,,,,
14094,0.0,680.429321,743.340149,1750.824341,-0.0190265725,0.9996567218,0.0180118885,,,,
14095,0.0,681.310303,744.866394,1749.206055,-0.0353001853,0.9991804664,0.0198063767,,,,
14096,0.0,682.766113,746.213806,1748.368896,-0.0498268853,0.9984948305,0.0229206234,,,,
14097,0.0,683.150208,746.836792,1747.447021,-0.0614645938,0.9977961595,0.0249985564,,,,
14098,0.0,682.959534,747.812195,1747.914917,-0.0713319934,0.9970953067,0.0266963687,,,,
14099,0.0,682.801941,748.778748,1748.108398,-0.0787344431,0.9964649215,0.0293009834,,,,
14100,0.0,682.67688,749.012756,1748.659668,-0.0851408898,0.9958988122,0.0306036708,,,,
14101,0.0,681.72345,748.513611,1749.300537,-0.088968463,0.995535294,0.0315292082,,,,
14102,0.0,681.033447,748.821716,1749.197876,-0.0950097669,0.9949736142,0.0316330733,,,,
14103,0.0,680.903564,748.543457,1749.374146,-0.104730642,0.9940618486,0.0295386815,,,,
14104,0.0,681.128113,748.304077,1749.530762,-0.1119416577,0.9933322754,0.0275691133,,,,
14105,0.0,681.375671,748.093872,1749.659302,-0.1166198011,0.9928287216,0.026285959,,,,
14106,0.0,681.645508,747.869629,1749.812012,-0.1180881053,0.9926657384,0.0258830298,,,,
14107,0.0,681.758423,747.663208,1749.910034,-0.1180881053,0.9926657384,0.0258830298,,,,
14108,0.0,681.906433,747.416077,1750.016357,-0.1180881053,0.9926657384,0.0258830298,,,,
14109,0.0,682.063965,747.116821,1750.148193,-0.1180903233,0.9926843836,0.0251473687,,,,
14110,0.0,682.171631,745.950012,1751.623291,-0.1180909823,0.9926899232,0.0249246124,,,,
14111,0.0,682.380127,744.988037,1752.03125,-0.1180909823,0.9926899232,0.0249246124,,,,
14112,0.0,682.568726,744.21698,1752.03125,-0.1180909823,0.9926899232,0.0249246124,,,,
14113,0.0,682.800842,743.000793,1752.03125,-0.1180909823,0.9926899232,0.0249246124,,,,
15527,0.0,720.366211,726.202698,1753.165527,-0.110655862,0.9934699038,0.0277998271,,,,
15528,0.0,720.366211,726.202698,1754.489502,-0.110655862,0.9934699038,0.0277998271,,,,
15529,0.0,720.366211,726.202698,1755.766602,-0.110655862,0.9934699038,0.0277998271,,,,
15530,0.0,719.864807,729.092773,1757.628784,-0.110655862,0.9934699038,0.0277998271,,,,
15531,0.0,718.974304,729.752869,1758.938965,-0.110655862,0.9934699038,0.0277998271,,,,
15532,0.0,718.594055,730.577148,1760.21875,-0.110655862,0.9934699038,0.0277998271,,,,
15533,0.0,717.811707,732.764587,1761.537109,-0.110655862,0.9934699038,0.0277998271,,,,
15534,0.0,716.908936,735.116638,1762.82251,-0.110655862,0.9934699038,0.0277998271,,,,
15535,0.0,714.897034,738.900208,1762.864746,-0.110655862,0.9934699038,0.0277998271,,,,
15536,0.0,713.413879,741.430664,1762.819214,-0.110655862,0.9934699038,0.0277998271,,,,
15537,0.0,711.851624,744.208069,1762.744629,-0.110655862,0.9934699038,0.0277998271,,,,
15538,0.0,710.168457,746.94989,1762.734863,-0.110655862,0.9934699038,0.0277998271,,,,
15539,0.0,706.555847,752.436096,1762.844727,-0.110655862,0.9934699038,0.0277998271,,,,
15540,0.0,704.905945,755.09613,1762.965576,-0.110655862,0.9934699038,0.0277998271,,,,
15541,0.0,703.7463075,757.1201475,1763.0303345,-0.110655862,0.9934699038,0.0277998271,,,,
15542,0.0,702.58667,759.144165,1763.095093,-0.110655862,0.9934699038,0.0277998271,,,,
15543,0.0,699.571899,764.53479,1763.265137,-0.1215414719,0.9921541116,0.0292897483,,,,
15544,0.0,698.145081,767.231506,1763.293213,-0.1318670678,0.9908027083,0.0303491281,,,,
15545,0.0,698.559265,768.171692,1765.701294,-0.1439489932,0.9890694028,0.0319437594,,,,
15546,0.0,697.699127,770.1027525,1765.701294,-0.1535684316,0.9875335757,0.0331340393,,,,
15547,0.0,695.663696,774.888489,1765.701294,-0.173950512,0.984122197,0.0352805988,,,,
15548,0.0,694.569336,777.552246,1765.701294,-0.1877021216,0.9815399532,0.0367046844,,,,
15549,0.0,693.054871,781.434143,1765.701294,-0.2053308936,0.9779467563,0.0382016493,,,,
15550,0.0,692.100708,783.980225,1765.701294,-0.2156275875,0.9756736906,0.0395675747,,,,
15686,0.0,618.233093,1253.90918,1765.976196,0.70726619,0.6989075522,0.1063144859,,,,
15687,0.0,618.270874,1253.946411,1765.844482,0.70726619,0.6989075522,0.1063144859,,,,
15688,0.0,618.160767,1253.837769,1765.770874,0.70726619,0.6989075522,0.1063144859,,,,
15689,0.0,618.028931,1253.707397,1765.727905,0.70726619,0.6989075522,0.1063144859,,,,
15690,0.0,617.949463,1253.628906,1765.624878,0.70726619,0.6989075522,0.1063144859,,,,
15691,0.0,617.458557,1255.526978,1765.461792,0.7080985711,0.6980642117,0.1063144859,,,,
15692,0.0,616.626648,1259.19043,1765.358643,0.7096247007,0.6965127551,0.1063144686,,,,
15693,0.0,616.608215,1263.603516,1764.646729,0.711625902,0.694344966,0.1071150956,,,,
15694,0.0,616.269043,1267.337891,1764.413208,0.7148968574,0.6909530446,0.1072677649,,,,
15695,0.0,615.765747,1270.599121,1764.587524,0.7209640799,0.684352935,0.1089580463,,,,
15696,0.0,615.302734,1274.04541,1764.788818,0.7270785151,0.6776751772,0.1100599251,,,,
15697,0.0,614.93457,1277.409912,1764.970947,0.7334807831,0.6705818638,0.1110220914,,,,
15698,0.0,614.781494,1279.141357,1765.045288,0.7375978353,0.6658952517,0.1119506459,,,,
15699,0.0,614.513062,1283.019897,1765.275757,0.7476984926,0.6541528423,0.1141535062,,,,
15700,0.0,614.361938,1286.636719,1765.412964,0.7588445223,0.6408218503,0.1161996005,,,,
15701,0.0,614.298645,1290.000122,1765.530884,0.7700038693,0.627014569,0.1180964499,,,,
15702,0.0,614.295715,1293.396606,1765.594238,0.7815239307,0.6120944898,0.1206676481,,,,
15703,0.0,614.369751,1296.558716,1765.618652,0.7928664062,0.5969068231,0.122739995,,,,
15704,0.0,614.490967,1299.81958,1765.645508,0.8029458104,0.5827721865,0.1251183605,,,,
15705,0.0,614.747864,1304.520386,1765.675171,0.8160833015,0.5635491074,0.1281422983,,,,
15706,0.0,614.956299,1307.727661,1765.703247,0.821143582,0.5559369183,0.1290633974,,,,
15707,0.0,615.196167,1311.070068,1765.801147,0.8234269664,0.5523346383,0.129978761,,,,
15708,0.0,615.490723,1314.34729,1765.858276,0.8241324071,0.5512495438,0.1301142425,,,,
15709,0.0,615.864563,1317.826416,1765.973511,0.8242428276,0.5510844183,0.1301142771,,,,
15710,0.0,616.741516,1324.881714,1766.21814,0.8242428276,0.5510844183,0.1301142771,,,,
15711,0.0,617.163635,1328.098999,1766.336792,0.8242428276,0.5510844183,0.1301142771,,,,
15782,0.0,600.747009,1580.440552,1765.914062,-0.9760890893,0.2120233551,0.0479185418,,,,
15783,0.0,600.574341,1580.478149,1765.912842,-0.9760890893,0.2120233551,0.0479185418,,,,
15784,0.0,600.415344,1580.512573,1765.916138,-0.9760890893,0.2120233551,0.0479185418,,,,
15785,0.0,600.302612,1580.537109,1765.906494,-0.9760890893,0.2120233551,0.0479185418,,,,
15786,0.0,600.13092,1580.574341,1765.896118,-0.9760890893,0.2120233551,0.0479185418,,,,
15787,0.0,598.775146,1582.991821,1765.640015,-0.976401687,0.2105791038,0.0479185418,,,,
15788,0.0,596.411865,1588.717651,1764.884155,-0.9782742448,0.2010694524,0.0505032402,,,,
15789,0.0,595.475952,1590.456909,1764.6729125,-0.9792856048,0.1958676476,0.0510605203,,,,
15790,0.0,594.540039,1592.196167,1764.46167,-0.9802969648,0.1906658427,0.0516178003,,,,
15791,0.0,596.259766,1596.887207,1765.701294,-0.9830884649,0.1753828092,0.05270617,,,,
15792,0.0,594.408386,1599.983032,1765.701294,-0.9841583602,0.1690472652,0.0534354215,,,,
15793,0.0,592.50708,1603.094849,1765.701294,-0.9852661898,0.1623907626,0.0536635398,,,,
15794,0.0,590.605103,1606.134033,1765.701294,-0.9864389742,0.1548317198,0.0544544644,,,,
15795,0.0,588.502869,1609.388184,1765.701294,-0.9883515453,0.1420485285,0.0546208604,,,,
15796,0.0,587.107849,1611.500854,1765.701294,-0.9895908445,0.1331409787,0.0546208778,,,,
15797,0.0,584.500244,1615.376343,1765.701294,-0.991455972,0.1184551273,0.0546208604,,,,
15798,0.0,582.484253,1618.272339,1765.701294,-0.9930640297,0.1041172058,0.0546208778,,,,
15799,0.0,580.473572,1621.053345,1765.701294,-0.9949238373,0.0845169668,0.0546208778,,,,
15800,0.0,578.44696,1623.768066,1765.701294,-0.9965562369,0.0623877097,0.0546208778,,,,
15801,0.0,577.126648,1625.426636,1765.701416,-0.9976270529,0.0427702432,0.0539534025,,,,
15802,0.0,574.291748,1629.046753,1765.701294,-0.9985342409,0.0117730857,0.0528276848,,,,
15803,0.0,572.434814,1631.355957,1765.701294,-0.9986408551,-0.0080955507,0.0514869352,,,,
15804,0.0,569.958862,1634.163452,1765.701416,-0.9978145966,-0.0448547357,0.0485188991,,,,
15805,0.0,567.509155,1636.946411,1765.701294,-0.9965841829,-0.0683942956,0.0462837631,,,,
15806,0.0,564.872864,1639.799805,1765.701294,-0.9942962664,-0.0970872422,0.0441475034,,,,
15807,0.0,563.182861,1641.570801,1765.701416,-0.9925867212,-0.1139929319,0.0421569965,,,,
15808,0.0,560.649048,1644.160522,1765.701294,-0.9898989593,-0.1360594316,0.039848229,,,,
15809,0.0,558.181091,1646.628906,1765.701294,-0.9877379792,-0.1512702763,0.0386133128,,,,
15810,0.0,555.634888,1649.082642,1765.701294,-0.9852724749,-0.1667973555,0.0376403017,,,,
15811,0.0,553.035889,1651.511475,1765.701294,-0.9829190597,-0.1803497888,0.0366616386,,,,
15812,0.0,550.488892,1653.830688,1765.701294,-0.9810255858,-0.190426085,0.0364239789,,,,
15813,0.0,547.205505,1656.68335,1765.701294,-0.9775337933,-0.2077719672,0.0354752382,,,,
15814,0.0,545.262268,1658.327515,1765.701294,-0.975918172,-0.2153471581,0.0347753221,,,,
15815,0.0,541.915161,1661.057739,1765.701294,-0.9722041117,-0.2317136308,0.0335850927,,,,
15816,0.0,539.212891,1663.198853,1765.701294,-0.9697273726,-0.2419993771,0.0326362414,,,,
15817,0.0,536.484436,1665.290527,1765.701294,-0.9669540611,-0.2529735886,0.0316892273,,,,
15818,0.0,533.832825,1667.291016,1765.701294,-0.9652227248,-0.2595080734,0.0316330733,,,,
15819,0.0,530.999756,1669.347168,1765.701294,-0.9625478814,-0.26935992,0.0307702712,,,,
15820,0.0,528.234375,1671.317505,1765.701294,-0.9606629034,-0.2760178291,0.0306748119,,,,
15821,0.0,525.496399,1673.220581,1765.701294,-0.9588702311,-0.2821824512,0.0306748119,,,,
15822,0.0,522.732727,1675.111328,1765.701294,-0.9579046464,-0.2854430685,0.0306747945,,,,
15823,0.0,520.020447,1676.92749,1765.701294,-0.95753455,-0.2866821282,0.0306747945,,,,
15824,0.0,517.082336,1678.852051,1765.701294,-0.957458247,-0.286936861,0.0306747945,,,,
15825,0.0,514.032349,1680.807739,1765.701294,-0.957685792,-0.2862528055,0.0299542175,,,,
15826,0.0,510.969147,1682.731201,1765.701294,-0.9606409185,-0.2762762925,0.0289902723,,,,
15827,0.0,507.864899,1684.664551,1765.701294,-0.9676755881,-0.2505532357,0.0287581705,,,,
15828,0.0,503.571289,1687.472778,1765.701294,-0.9868156476,-0.1592728644,0.0287581705,,,,
15829,0.0,497.867096,1691.024048,1765.701294,-0.9995505571,0.0084647164,0.0287581705,,,,
15830,0.0,494.627777,1693.023071,1765.701294,-0.9926316961,0.1177084637,0.0287581879,,,,
15831,0.0,491.80603,1694.860229,1765.701294,-0.9715821277,0.2349492197,0.0287581879,,,,
15832,0.0,489.037689,1696.395996,1765.701294,-0.9422080781,0.333854747,0.028016879,,,,
15833,0.0,486.240448,1697.701172,1765.701294,-0.9010765336,0.4328200163,0.0269798825,,,,
15834,0.0,483.8284,1698.051392,1765.701294,-0.8702806708,0.4917797712,0.0276443606,,,,
15835,0.0,480.360077,1698.433838,1765.701294,-0.8365919945,0.5470769004,0.0286478588,,,,
15836,0.0,477.316071,1698.719727,1765.701294,-0.8118849806,0.5831086913,0.0287581705,,,,
15837,0.0,474.306335,1698.984497,1765.701294,-0.7990276302,0.6006062053,0.0287581705,,,,
15838,0.0,472.7001495,1699.060486,1765.701294,-0.7963646277,0.6041166548,0.0287581705,,,,
15839,0.0,468.562317,1699.219604,1765.701294,-0.7936470906,0.6076983324,0.0287581705,,,,
15840,0.0,465.759644,1699.28064,1765.701294,-0.7936470906,0.6076983324,0.0287581705,,,,
15841,0.0,461.70636,1699.315796,1765.701294,-0.7936470906,0.6076983324,0.0287581705,,,,
15842,0.0,459.399841,1699.30835,1765.701294,-0.7936470906,0.6076983324,0.0287581705,,,,
15843,0.0,456.098755,1699.27002,1765.107178,-0.7936470906,0.6076983324,0.0287581705,,,,
15844,0.0,452.539307,1699.193481,1764.111694,-0.7936470906,0.6076983324,0.0287581705,,,,
15845,0.0,449.28418,1699.094727,1763.22522,-0.7936470906,0.6076983324,0.0287581705,,,,
15846,0.0,446.163086,1698.976807,1762.37561,-0.7936470906,0.6076983324,0.0287581705,,,,
15847,0.0,442.820709,1698.827515,1761.465454,-0.7936470906,0.6076983324,0.0287581705,,,,
15848,0.0,439.504517,1698.647461,1760.564819,-0.7936470906,0.6076983324,0.0287581705,,,,
15849,0.0,436.173187,1698.357422,1759.679565,-0.7936470906,0.6076983324,0.0287581705,,,,
15850,0.0,431.61673,1696.557251,1756.463379,-0.7936470906,0.6076983324,0.0287581705,,,,
15851,0.0,428.386902,1696.461548,1755.40918,-0.7936470906,0.6076983324,0.0287581705,,,,
15852,0.0,425.069183,1696.296387,1754.539062,-0.7936470906,0.6076983324,0.0287581705,,,,
15853,0.0,421.510437,1696.102051,1753.59082,-0.7936470906,0.6076983324,0.0287581705,,,,
15854,0.0,418.082703,1695.631348,1753.10437,-0.7936470906,0.6076983324,0.0287581705,,,,
15855,0.0,415.734558,1695.596802,1752.585693,-0.7936470906,0.6076983324,0.0287581705,,,,
15856,0.0,412.32312,1695.175293,1752.545898,-0.7936470906,0.6076983324,0.0287581705,,,,
15857,0.0,409.078827,1695.311523,1752.016113,-0.7969759387,0.6033260484,0.0287581705,,,,
15858,0.0,405.746857,1695.203125,1751.947021,-0.80744917,0.5891655906,0.0301619749,,,,
15859,0.0,401.840607,1695.393066,1751.802612,-0.8297458178,0.5571897484,0.0325800891,,,,
15860,0.0,399.003998,1696.064087,1752.057739,-0.8587339001,0.5111949243,0.035437807,,,,
15861,0.0,396.26181,1696.184937,1752.656738,-0.8900694219,0.454302157,0.0372286752,,,,
15862,0.0,393.714905,1696.847168,1752.878052,-0.9240742928,0.380380444,0.0373820701,,,,
15863,0.0,390.819061,1697.84668,1752.364746,-0.9584565568,0.2827783754,0.0373820701,,,,
15864,0.0,388.171204,1699.190796,1752.03833,-0.9800770617,0.1950680242,0.0373820701,,,,
15865,0.0,385.502991,1700.450317,1751.415405,-0.992917955,0.1124861524,0.0382204153,,,,
15866,0.0,385.277771,1704.863892,1750.701294,-0.9978611948,0.0491536381,0.04309241,,,,
15867,0.0,381.13858,1707.973022,1750.701294,-0.9986064347,0.0227975666,0.0475968437,,,,
15868,0.0,379.761978,1709.0572505,1750.701294,-0.9986095264,0.0223149681,0.0477576928,,,,
15869,0.0,378.385376,1710.141479,1750.701294,-0.9986126181,0.0218323695,0.0479185418,,,,
15870,0.0,375.520874,1712.453247,1750.701294,-0.9986126181,0.0218323695,0.0479185418,,,,
15871,0.0,370.738403,1716.435303,1750.701294,-0.9984397812,0.0257531331,0.0495457312,,,,
15872,0.0,367.960693,1718.810425,1750.701294,-0.9983623394,0.028093378,0.0498337383,,,,
15873,0.0,365.336121,1721.092896,1750.701294,-0.9982680662,0.0300328468,0.0505855319,,,,
15874,0.0,363.9572755,1722.3095095,1750.701294,-0.998244028,0.0306457286,0.0506883914,,,,
15875,0.0,362.57843,1723.526123,1750.701294,-0.9982199898,0.0312586104,0.0507912509,,,,
15876,0.0,359.882935,1725.939209,1750.701294,-0.9981882314,0.0322568358,0.0507912509,,,,
15877,0.0,357.271729,1728.303345,1750.701294,-0.9981849621,0.0323578465,0.0507912509,,,,
15878,0.0,352.626434,1732.574463,1750.701294,-0.9981849621,0.0323578465,0.0507912509,,,,
15879,0.0,349.973846,1735.045898,1750.701294,-0.9981849621,0.0323578465,0.0507912509,,,,
15880,0.0,347.158997,1737.691284,1750.701294,-0.9981849621,0.0323578465,0.0507912509,,,,
15881,0.0,344.494843,1740.215332,1750.701294,-0.9981849621,0.0323578465,0.0507912509,,,,
15882,0.0,341.851044,1742.738403,1750.701294,-0.9981849621,0.0323578465,0.0507912509,,,,
15883,0.0,339.231628,1745.254883,1750.701294,-0.9981849621,0.0323578465,0.0507912509,,,,
15884,0.0,336.664948,1747.735596,1750.701294,-0.9981369956,0.0323562916,0.0517262845,,,,
15885,0.0,334.87851,1749.456299,1750.701294,-0.9982030812,0.0290469635,0.0524107107,,,,
15886,0.0,332.33017,1751.904785,1750.701294,-0.9983074721,0.0213937353,0.0540786387,,,,
15887,0.0,329.727814,1754.36853,1750.701294,-0.9983743783,0.0039592937,0.0568588143,,,,
15888,0.0,327.197418,1756.708862,1750.701294,-0.9978479549,-0.0267018495,0.0598871449,,,,
15889,0.0,324.593384,1759.068481,1750.701294,-0.9956791704,-0.0705634826,0.0603637682,,,,
15890,0.0,322.830322,1760.659302,1750.701294,-0.9933727418,-0.0978100885,0.0603637508,,,,
15891,0.0,320.289093,1762.906738,1750.701294,-0.9868013812,-0.1505599179,0.0596216843,,,,
15892,0.0,317.713806,1765.152588,1750.701294,-0.9782399843,-0.1992783063,0.0577467726,,,,
15893,0.0,315.235992,1767.261108,1750.701294,-0.9698118475,-0.2371844385,0.0566438226,,,,
15894,0.0,313.025269,1769.085449,1750.701294,-0.9624343452,-0.2657198623,0.0557950348,,,,
15895,0.0,310.062775,1771.443237,1750.701294,-0.9523013032,-0.3003824119,0.0537832185,,,,
15896,0.0,307.713623,1773.228271,1750.701294,-0.9466363349,-0.3179367,0.0528763114,,,,
15897,0.0,305.677704,1774.731445,1750.701294,-0.9405106849,-0.3357390784,0.052143291,,,,
15898,0.0,302.395874,1777.042847,1750.701294,-0.9324044409,-0.3578008661,0.0509950852,,,,
15899,0.0,300.02536,1778.784302,1750.701294,-0.9298136574,-0.3645090004,0.0507912509,,,,
15900,0.0,296.762177,1781.427124,1750.701294,-0.9284600086,-0.3679432853,0.0507912509,,,,
15901,0.0,294.64505,1783.284424,1750.701294,-0.9283704224,-0.368169265,0.0507912509,,,,
15902,0.0,291.760406,1786.008667,1750.701294,-0.9283704224,-0.368169265,0.0507912509,,,,
15903,0.0,289.901428,1787.881592,1750.701294,-0.9283704224,-0.368169265,0.0507912509,,,,
15904,0.0,287.260742,1790.715698,1750.701294,-0.9283704224,-0.368169265,0.0507912509,,,,
15905,0.0,284.871674,1793.446411,1750.701294,-0.9283704224,-0.368169265,0.0507912509,,,,
15906,0.0,282.519958,1796.294312,1750.701294,-0.9283704224,-0.368169265,0.0507912509,,,,
15907,0.0,280.860931,1798.400269,1750.701294,-0.9283704224,-0.368169265,0.0507912509,,,,
15908,0.0,278.569427,1801.440918,1750.701294,-0.9283704224,-0.368169265,0.0507912509,,,,
15909,0.0,276.379578,1804.485352,1750.701294,-0.9283704224,-0.368169265,0.0507912509,,,,
15910,0.0,274.822937,1806.732422,1750.701294,-0.9283704224,-0.368169265,0.0507912509,,,,
15911,0.0,272.606995,1810.051514,1750.701294,-0.9284070937,-0.3681838079,0.0500095179,,,,
15912,0.0,269.000671,1815.708008,1750.701294,-0.9309658607,-0.3617865298,0.0491230391,,,,
15913,0.0,267.907562,1817.4899295,1750.701294,-0.9334718945,-0.3552179883,0.0489996095,,,,
15914,0.0,265.247345,1821.852783,1750.701294,-0.9457042229,-0.3214373863,0.0481822528,,,,
15915,0.0,262.919098,1825.511353,1750.701294,-0.9669118758,-0.250569826,0.0479185418,,,,
15916,0.0,260.698517,1829.204102,1750.701294,-0.9826679164,-0.1790742289,0.0479185418,,,,
15917,0.0,258.544647,1832.960449,1750.701294,-0.9963344585,-0.0702973771,0.0487434664,,,,
15918,0.0,256.44043,1836.599854,1750.701294,-0.9987920825,0.0050494222,0.0488761625,,,,
15919,0.0,255.3899155,1838.5838625,1750.701294,-0.9961932479,0.0534689517,0.0488761625,,,,
15920,0.0,252.77179,1843.092896,1750.701294,-0.9854517464,0.1627758468,0.0488761625,,,,
15921,0.0,251.7095185,1845.0161135,1750.701294,-0.9759641245,0.2074179718,0.0488761538,,,,
15922,0.0,249.279709,1849.483398,1750.701294,-0.9577101102,0.283422006,0.0496317573,,,,
15923,0.0,247.376953,1852.92981,1750.701294,-0.9466732295,0.318318075,0.0498337209,,,,
15924,0.0,245.983795,1855.38916,1750.701294,-0.9409633421,0.3347227191,0.0504845542,,,,
15925,0.0,244.044983,1858.713623,1750.701294,-0.9356514222,0.349251581,0.0507912335,,,,
15926,0.0,242.16124,1862.0354,1750.701294,-0.9335741993,0.354766773,0.0507912509,,,,
15927,0.0,240.403046,1865.223999,1750.701294,-0.9333987321,0.3552281742,0.0507912509,,,,
15928,0.0,239.120209,1867.606323,1750.701294,-0.9333987321,0.3552281742,0.0507912509,,,,
15929,0.0,237.172394,1871.306274,1750.701294,-0.9333987321,0.3552281742,0.0507912509,,,,
15930,0.0,235.425705,1874.701416,1750.701294,-0.9333987321,0.3552281742,0.0507912509,,,,
15931,0.0,233.87793,1877.735474,1750.701294,-0.9333987321,0.3552281742,0.0507912509,,,,
15932,0.0,232.309387,1880.683105,1750.701294,-0.9333987321,0.3552281742,0.0507912509,,,,
15933,0.0,230.77272,1883.616333,1750.701294,-0.9333987321,0.3552281742,0.0507912509,,,,
15934,0.0,229.424545,1886.226685,1750.701294,-0.9333987321,0.3552281742,0.0507912509,,,,
15935,0.0,227.579132,1889.850098,1750.701294,-0.9333987321,0.3552281742,0.0507912509,,,,
15936,0.0,226.353775,1892.289307,1750.701294,-0.9333987321,0.3552281742,0.0507912509,,,,
15937,0.0,224.615005,1895.749512,1750.701294,-0.9343253821,0.3527836862,0.0507912509,,,,
15938,0.0,223.441086,1898.074341,1750.701294,-0.9358224488,0.3487930521,0.0507912509,,,,
15939,0.0,221.72464,1901.488037,1750.701294,-0.9383342705,0.3418597132,0.0515822953,,,,
15940,0.0,220.13501,1904.638306,1750.701294,-0.94158728,0.3327693835,0.0517487342,,,,
15941,0.0,218.998352,1906.898071,1750.701294,-0.9439617481,0.3258736648,0.0523695775,,,,
15942,0.0,217.211746,1910.376709,1750.701294,-0.9498857896,0.3081218074,0.0527061525,,,,
15943,0.0,215.586517,1913.502808,1750.701294,-0.9563314024,0.2874931482,0.0527061525,,,,
15944,0.0,214.370621,1915.635132,1750.701294,-0.966763477,0.2501808167,0.0527061525,,,,
15945,0.0,212.541855,1918.755615,1750.701294,-0.9773216707,0.205096108,0.0527061525,,,,
15946,0.0,210.886368,1921.200562,1750.701294,-0.9924113143,0.1119619397,0.0508360828,,,,
15947,0.0,209.646957,1923.060059,1750.701416,-0.9986700197,0.0198721116,0.0475740581,,,,
15948,0.0,208.659149,1924.654175,1750.70166,-0.9962792715,-0.0740579496,0.0440798506,,,,
15949,0.0,206.712952,1927.558838,1750.701416,-0.9669933839,-0.2521635375,0.0365697389,,,,
15950,0.0,204.907761,1929.05896,1750.70166,-0.9309828571,-0.3637376526,0.0310779652,,,,
15951,0.0,202.711639,1930.455933,1750.703613,-0.8502095238,-0.525860129,0.024796981,,,,
15952,0.0,200.668457,1931.897339,1750.702271,-0.7710624233,-0.63643297,0.0203915197,,,,
15953,0.0,198.297028,1933.664429,1750.701416,-0.6573030229,-0.7534443924,0.0165615098,,,,
15954,0.0,196.308868,1935.544312,1750.701294,-0.6402879762,-0.7679620357,0.0162978262,,,,
15955,0.0,193.413361,1938.219116,1750.701294,-0.6381544162,-0.7697358781,0.0162978262,,,,
15956,0.0,189.120285,1942.074707,1750.701294,-0.6381544162,-0.7697358781,0.0162978262,,,,
15957,0.0,187.576889,1943.437317,1750.701294,-0.6381544162,-0.7697358781,0.0162978262,,,,
15958,0.0,183.90358,1946.662109,1750.701294,-0.6381544162,-0.7697358781,0.0162978262,,,,
15959,0.0,181.584,1948.673828,1750.701294,-0.6381544162,-0.7697358781,0.0162978262,,,,
15960,0.0,180.0027315,1950.021179,1750.701294,-0.6381544162,-0.7697358781,0.0162978262,,,,
15961,0.0,175.924423,1953.515747,1750.701294,-0.6381544162,-0.7697358781,0.0162978262,,,,
15962,0.0,173.238083,1955.802368,1750.701294,-0.6381544162,-0.7697358781,0.0162978262,,,,
15963,0.0,171.095047,1957.597534,1750.701294,-0.6381544162,-0.7697358781,0.0162978262,,,,
15964,0.0,168.455963,1959.810791,1750.701294,-0.6376305436,-0.7701165437,0.0186493676,,,,
15965,0.0,165.722916,1962.53186,1750.701172,-0.5977891751,-0.8011886205,0.027292792,,,,
15966,0.0,164.458466,1964.526978,1750.700195,-0.5187655987,-0.8540943579,0.0374844142,,,,
15967,0.0,162.602386,1966.68396,1750.700684,-0.375348254,-0.9256411986,0.0479797847,,,,
15968,0.0,161.115265,1968.449097,1750.701172,-0.1827047286,-0.9818648274,0.0506008189,,,,
15969,0.0,159.816635,1970.479126,1750.701416,0.0585474846,-0.9971231175,0.0481422963,,,,
15970,0.0,158.629303,1972.667847,1750.701416,0.2830509714,-0.9582966793,0.0393652394,,,,
15971,0.0,157.651062,1974.382324,1750.702148,0.4260724763,-0.9041283079,0.0318472569,,,,
15972,0.0,155.833817,1976.817383,1750.701416,0.5541274797,-0.8320114454,0.0264516727,,,,
15973,0.0,153.824463,1979.171997,1750.701294,0.6590481655,-0.7516851368,0.0249994114,,,,
15974,0.0,152.065903,1980.73584,1750.701416,0.7006008819,-0.7131853568,0.0229139929,,,,
15975,0.0,149.240601,1982.616577,1750.701294,0.7148870916,-0.6988921801,0.0220491915,,,,
15976,0.0,146.945297,1983.897705,1750.701294,0.7148870916,-0.6988921801,0.0220491915,,,,
15977,0.0,143.967224,1985.350464,1750.701294,0.7148870916,-0.6988921801,0.0220491915,,,,
15978,0.0,140.354752,1986.961182,1750.701294,0.7148870916,-0.6988921801,0.0220491915,,,,
15979,0.0,137.087097,1988.234253,1750.701294,0.7148870916,-0.6988921801,0.0220491915,,,,
15980,0.0,134.804214,1989.02356,1750.701294,0.7148870916,-0.6988921801,0.0220491915,,,,
15981,0.0,131.394348,1990.096558,1750.701294,0.7148870916,-0.6988921801,0.0220491915,,,,
15982,0.0,129.03981,1990.766357,1750.701294,0.7148870916,-0.6988921801,0.0220491915,,,,
15983,0.0,125.261642,1991.729492,1750.701294,0.7148870916,-0.6988921801,0.0220491915,,,,
15984,0.0,122.628036,1992.332397,1750.701294,0.7148870916,-0.6988921801,0.0220491915,,,,
15985,0.0,118.948715,1993.275269,1750.701294,0.7148870916,-0.6988921801,0.0220491915,,,,
15986,0.0,116.524643,1994.018677,1750.701294,0.7148870916,-0.6988921801,0.0220491915,,,,
15987,0.0,113.055634,1995.28418,1750.701294,0.7185143058,-0.6951625893,0.0220491915,,,,
15988,0.0,110.079239,1996.599487,1750.701172,0.7280006536,-0.6851782261,0.0233633646,,,,
15989,0.0,107.493835,1997.806274,1750.701294,0.7349307611,-0.6777010368,0.0244556982,,,,
15990,0.0,104.082993,1999.469971,1750.701294,0.7428223699,-0.6689677021,0.0264034137,,,,
15991,0.0,100.69352,2001.247192,1750.701294,0.7479904684,-0.6630877602,0.0287207486,,,,
15992,0.0,98.381226,2002.497681,1750.701294,0.7495356856,-0.6613059808,0.0295068781,,,,
15993,0.0,95.514145,2004.108032,1750.701294,0.7502377836,-0.6604999602,0.0297165049,,,,
15994,0.0,92.358032,2005.934937,1750.701294,0.7505445637,-0.6601513366,0.0297165049,,,,
15995,0.0,89.629951,2007.581665,1750.701294,0.7510954711,-0.659524467,0.0297165049,,,,
15996,0.0,84.62738,2010.755493,1750.701294,0.7518860329,-0.6585791149,0.0306747945,,,,
15997,0.0,82.8501545,2011.928711,1750.701294,0.7518860329,-0.6585791149,0.0306747945,,,,
15998,0.0,81.072929,2013.101929,1750.701294,0.7518860329,-0.6585791149,0.0306747945,,,,
15999,0.0,76.670692,2016.114014,1750.701416,0.7518860329,-0.6585791149,0.0306747945,,,,
16000,0.0,74.7834125,2017.4467775,1750.701355,0.7518860329,-0.6585791149,0.0306747945,,,,
16001,0.0,70.467537,2020.631348,1750.718018,0.7518860329,-0.6585791149,0.0306747945,,,,
16002,0.0,69.0415385,2021.893921,1750.722229,0.7518860329,-0.6585791149,0.0306747945,,,,
16003,0.0,65.610733,2025.188843,1750.726318,0.7518860329,-0.6585791149,0.0306747945,,,,
16004,0.0,64.062851,2026.95752,1750.725464,0.7518860329,-0.6585791149,0.0306747945,,,,
16005,0.0,62.675091,2028.6895755,1750.724121,0.7518860329,-0.6585791149,0.0306747945,,,,
16006,0.0,59.633186,2032.755493,1750.720459,0.7518860329,-0.6585791149,0.0306747945,,,,
16007,0.0,58.13224,2035.171021,1750.717529,0.7518860329,-0.6585791149,0.0306747945,,,,
16008,0.0,56.551598,2037.790771,1750.714844,0.7518860329,-0.6585791149,0.0306747945,,,,
16009,0.0,54.826775,2041.119263,1750.712036,0.7518860329,-0.6585791149,0.0306747945,,,,
16010,0.0,53.532898,2043.82605,1750.709595,0.7518860329,-0.6585791149,0.0306747945,,,,
16011,0.0,52.402649,2046.383911,1750.708008,0.7518860329,-0.6585791149,0.0306747945,,,,
16012,0.0,50.878258,2050.164307,1750.705322,0.7518860329,-0.6585791149,0.0306747945,,,,
16013,0.0,49.931953,2052.73291,1750.703735,0.7518860329,-0.6585791149,0.0306747945,,,,
16014,0.0,49.046669,2055.332764,1750.702637,0.7518860329,-0.6585791149,0.0306747945,,,,
16015,0.0,48.041168,2058.484375,1750.701782,0.7518860329,-0.6585791149,0.0306747945,,,,
16016,0.0,46.751007,2062.813232,1750.701416,0.7518860329,-0.6585791149,0.0306747945,,,,
16017,0.0,45.995544,2065.614014,1750.701416,0.7518860329,-0.6585791149,0.0306747945,,,,
16018,0.0,45.225746,2068.646484,1750.701416,0.7518860329,-0.6585791149,0.0306747945,,,,
16019,0.0,44.510399,2071.647217,1750.701416,0.7518860329,-0.6585791149,0.0306747945,,,,
16020,0.0,43.79113,2074.858154,1750.701416,0.7518860329,-0.6585791149,0.0306747945,,,,
16021,0.0,42.889503,2079.188721,1750.701416,0.7518860329,-0.6585791149,0.0306747945,,,,
16022,0.0,42.308594,2082.176514,1750.701416,0.7518860329,-0.6585791149,0.0306747945,,,,
16023,0.0,41.774895,2085.061279,1750.701416,0.7518860329,-0.6585791149,0.0306747945,,,,
16024,0.0,41.309265,2087.716553,1750.701294,0.7518860329,-0.6585791149,0.0306747945,,,,
16025,0.0,40.663185,2091.608643,1750.701294,0.7518860329,-0.6585791149,0.0306747945,,,,
16026,0.0,40.070412,2095.2854,1750.701294,0.7518860329,-0.6585791149,0.0306747945,,,,
16027,0.0,39.567123,2098.700439,1750.701294,0.7518860329,-0.6585791149,0.0306747945,,,,
16028,0.0,39.079315,2102.130371,1750.701294,0.7518860329,-0.6585791149,0.0306747945,,,,
16029,0.0,38.644875,2105.323486,1750.701294,0.7518860329,-0.6585791149,0.0306747945,,,,
16030,0.0,38.120674,2109.36499,1750.701294,0.7518860329,-0.6585791149,0.0306747945,,,,
16031,0.0,37.751144,2112.336426,1750.701294,0.7518860329,-0.6585791149,0.0306747945,,,,
16032,0.0,37.229488,2116.645508,1750.701294,0.7512167987,-0.6593423824,0.0306748119,,,,
16033,0.0,36.819237,2119.608887,1750.701294,0.7453076958,-0.6660146362,0.0306747945,,,,
16034,0.0,36.449974,2121.785645,1750.701294,0.7310631282,-0.6815465028,0.0322655717,,,,
16035,0.0,35.717045,2126.607422,1750.701294,0.7038920825,-0.709421435,0.0354565052,,,,
16036,0.0,35.224457,2129.253418,1750.701416,0.6718560588,-0.7396303143,0.0394516707,,,,
16037,0.0,34.639919,2131.604492,1750.70166,0.6206846074,-0.7827271986,0.0457028523,,,,
16038,0.0,33.229343,2137.768555,1750.701294,0.4947286111,-0.8670368609,0.0590820042,,,,
16039,0.0,32.8922575,2139.6081545,1750.701294,0.421156183,-0.9010995592,0.0636624223,,,,
16040,0.0,32.555172,2141.447754,1750.701294,0.347583755,-0.9351622576,0.0682428404,,,,
16041,0.0,30.312365,2147.479248,1750.701294,0.0909331402,-0.9925423547,0.0811839769,,,,
16042,0.0,29.6268235,2149.682251,1750.701294,0.0103474687,-0.99303258,0.0852546968,,,,
16043,0.0,28.028757,2154.705322,1750.701294,-0.1592640607,-0.9827649899,0.0938505918,,,,
16044,0.0,27.100986,2158.345947,1750.701294,-0.2406373486,-0.9656520115,0.0980298894,,,,
16045,0.0,26.4731615,2160.81604,1750.701294,-0.2897975172,-0.9503790541,0.1006973285,,,,
16046,0.0,25.152817,2166.386963,1750.701294,-0.378018397,-0.9199090161,0.1042568637,,,,
16047,0.0,24.461731,2169.565918,1750.701294,-0.4100588845,-0.9059821471,0.1051097541,,,,
16048,0.0,23.825987,2172.905762,1750.701294,-0.4268908605,-0.8981443217,0.1053611439,,,,
16049,0.0,23.227787,2176.000732,1750.701294,-0.4301675572,-0.896579557,0.1053611439,,,,
16050,0.0,22.29686,2180.436523,1750.701294,-0.4286055531,-0.8973273144,0.1053611439,,,,
16051,0.0,21.58091,2183.608887,1750.701294,-0.4184340207,-0.90220759,0.1045678478,,,,
16052,0.0,20.876408,2186.571045,1750.701294,-0.4085860235,-0.9067284598,0.1044076704,,,,
16053,0.0,20.045027,2190.919189,1750.701294,-0.3938327448,-0.9132331616,0.1044076704,,,,
16054,0.0,19.413696,2193.814453,1750.701294,-0.3877515267,-0.9158317467,0.1044076877,,,,
16055,0.0,18.85671,2196.054199,1750.701294,-0.3840612205,-0.9173854226,0.1044076877,,,,
16056,0.0,17.849602,2199.600098,1750.701294,-0.3802472218,-0.9189728424,0.1044076877,,,,
16057,0.0,16.724964,2202.987549,1750.701294,-0.3778097736,-0.9199776137,0.1044076877,,,,
16058,0.0,15.498431,2205.63623,1750.701294,-0.3760447919,-0.9207004647,0.1044077051,,,,
16059,0.0,14.001163,2208.533447,1750.701294,-0.3742580688,-0.9214282027,0.1044076877,,,,
16060,0.0,11.898903,2212.018555,1750.701294,-0.371156804,-0.922681777,0.1044076877,,,,
16061,0.0,10.312529,2214.347168,1750.701294,-0.3681088918,-0.9239019853,0.1044076877,,,,
16062,0.0,8.012583,2217.406006,1750.701294,-0.3611856305,-0.9266304415,0.1044076877,,,,
16063,0.0,6.380244,2219.399658,1750.701294,-0.3524244048,-0.9299978891,0.1044076877,,,,
16064,0.0,4.06335,2222.076416,1750.701294,-0.3331777454,-0.9371670728,0.1034913893,0.0135828366,531.7230475682,3237.0918194324,6.0
16065,0.0,3.018793,2223.285156,1750.701294,-0.315316936,-0.9433826905,0.1029773238,0.0117202849,494.2987105343,3238.035851563,6.0
16066,0.0,0.538419,2225.969971,1750.701416,-0.2467932706,-0.9638657508,0.100279091,0.0076929157,401.1246354787,3240.0798241351,6.0
16067,0.0,-1.692711,2228.125732,1750.701416,-0.1933872754,-0.9762162164,0.0979962277,0.0079524115,407.9807954111,3241.4583337503,6.0
16068,0.0,-3.519439,2229.832031,1750.701904,-0.1252999492,-0.9876398737,0.0941668871,0.0123149167,507.3048596409,3242.496334114,6.0
16069,0.0,-5.400307,2231.258057,1750.701538,-0.055884551,-0.9943548528,0.0901961404,0.0213288288,666.280363709,3243.2968246421,6.0
16070,0.0,-7.478869,2232.689697,1750.701538,0.0181579076,-0.9962041358,0.0851328969,0.0358474496,860.7718523586,3243.9288346393,6.0
16071,0.0,-9.835158,2234.058105,1750.701416,0.1349088076,-0.9880141625,0.0750175207,0.0692171252,1186.0102840568,3244.2548089605,6.0
16072,0.0,-11.577991,2234.569092,1750.70166,0.235382935,-0.969707899,0.0652798937,0.1086424448,1470.4558191122,3243.8846006595,6.0
16073,0.0,-13.361419,2234.57666,1750.701538,0.3199935296,-0.9457162014,0.0567891488,,,,
16074,0.0,-15.254359,2234.330078,1750.701416,0.402884103,-0.9140523723,0.04682585,,,,
16075,0.0,-16.888714,2233.941162,1750.701538,0.4635338487,-0.8852287322,0.0388131776,,,,
16076,0.0,-18.247391,2233.397461,1750.70166,0.5133427085,-0.8575894076,0.0319322984,,,,
16077,0.0,-19.284643,2232.817627,1750.701538,0.553368416,-0.8324502917,0.0284588818,,,,
16078,0.0,-21.071899,2231.612549,1750.701294,0.6015868075,-0.7983876252,0.0258942659,,,,
16079,0.0,-21.909498,2230.490479,1750.701294,0.60596446,-0.7950705264,0.0258830298,,,,
16080,0.0,-22.509727,2229.24292,1750.701294,0.6063754732,-0.794757104,0.0258830298,,,,
16081,0.0,-23.176376,2226.322021,1750.701294,0.6063754732,-0.794757104,0.0258830298,,,,
16082,0.0,-23.230675,2224.605225,1750.701294,0.6063754732,-0.794757104,0.0258830298,,,,
16083,0.0,-23.115253,2222.917236,1750.701294,0.6063754732,-0.794757104,0.0258830298,,,,
16084,0.0,-22.913343,2221.6970215,1750.701294,0.6063754732,-0.794757104,0.0258830298,,,,
16085,0.0,-22.28289,2218.703857,1750.701294,0.6063754732,-0.794757104,0.0258830298,,,,
16086,0.0,-21.895517,2217.422241,1750.701294,0.6063754732,-0.794757104,0.0258830298,,,,
16087,0.0,-21.508144,2216.140625,1750.701294,0.6063754732,-0.794757104,0.0258830298,,,,
16088,0.0,-19.978981,2212.119141,1750.701294,0.6063754732,-0.794757104,0.0258830298,,,,
16089,0.0,-19.076397,2210.040527,1750.701294,0.6063754732,-0.794757104,0.0258830298,,,,
16090,0.0,-18.049934,2207.83667,1750.701294,0.6063754732,-0.794757104,0.0258830298,,,,
16091,0.0,-16.51276,2204.753906,1750.701294,0.6063754732,-0.794757104,0.0258830298,,,,
16092,0.0,-15.383717,2202.617188,1750.701294,0.6063490147,-0.7947221956,0.0275227924,,,,
16093,0.0,-14.42229,2200.59082,1750.701294,0.6062997864,-0.7946575585,0.0303304093,,,,
16094,0.0,-13.209373,2197.632324,1750.701294,0.6080842731,-0.7932111011,0.0323985486,,,,
16095,0.0,-12.100885,2194.415527,1750.701294,0.6092916586,-0.792276139,0.0325913231,,,,
16096,0.0,-11.422594,2192.066406,1750.701294,0.609283038,-0.7922496496,0.0333867077,,,,
16097,0.0,-10.598368,2188.796875,1750.701294,0.6099805661,-0.7916244883,0.0354172076,,,,
16098,0.0,-10.06832,2186.287109,1750.701294,0.6099988141,-0.7916082483,0.0354658717,,,,
16099,0.0,-9.571537,2183.587891,1750.701294,0.6099988141,-0.7916082483,0.0354658717,,,,
16100,0.0,-9.010948,2179.944092,1750.701294,0.6099988141,-0.7916082483,0.0354658717,,,,
16101,0.0,-8.818142,2177.24585,1750.701294,0.6099988141,-0.7916082483,0.0354658717,,,,
16102,0.0,-8.820004,2174.657471,1750.701294,0.6099988141,-0.7916082483,0.0354658717,,,,
16103,0.0,-9.112471,2171.153076,1750.701294,0.6099988141,-0.7916082483,0.0354658717,,,,
16104,0.0,-9.499491,2168.781494,1750.701294,0.6099988141,-0.7916082483,0.0354658717,,,,
16105,0.0,-10.272364,2165.459229,1750.701294,0.6099988141,-0.7916082483,0.0354658717,,,,
16106,0.0,-10.989584,2163.114014,1750.701294,0.6099988141,-0.7916082483,0.0354658717,,,,
16107,0.0,-11.796062,2160.852539,1750.701294,0.6099988141,-0.7916082483,0.0354658717,,,,
16108,0.0,-13.246117,2157.422119,1750.701294,0.6106953272,-0.7910710394,0.0354658717,,,,
16109,0.0,-14.110256,2155.629883,1750.701294,0.6141492919,-0.7883431971,0.036546559,,,,
16110,0.0,-15.928046,2152.196045,1750.701294,0.6194805605,-0.7840794183,0.0382531163,,,,
16111,0.0,-17.176682,2150.037598,1750.701294,0.6235901922,-0.7807758093,0.0390436655,,,,
16112,0.0,-18.943607,2147.241699,1750.701294,0.6309915182,-0.7747495228,0.0401606893,,,,
16113,0.0,-20.290472,2145.228027,1750.701294,0.6391111798,-0.7679867065,0.0416331425,,,,
16114,0.0,-22.287603,2142.404053,1750.701294,0.6577333268,-0.7520694095,0.0421719581,,,,
16115,0.0,-23.788795,2140.379395,1750.701294,0.6724086076,-0.738977801,0.0421719581,,,,
16116,0.0,-25.961731,2137.552246,1750.701294,0.6924761362,-0.7202071405,0.0421719755,,,,
16117,0.0,-27.645485,2135.421875,1750.701294,0.7066679477,-0.7062874327,0.0421719581,,,,
16118,0.0,-29.835693,2132.69751,1750.701294,0.7235646241,-0.6890243508,0.0412271612,,,,
18030,0.0,1158.201416,-198.300659,1675.94873,-0.472872238,0.8802109359,0.0402561165,,,,
18031,0.0,1158.214233,-198.389404,1663.591553,-0.472872238,0.8802109359,0.0402561165,,,,
18032,0.0,1158.217529,-198.474213,1664.816528,-0.472872238,0.8802109359,0.0402561165,,,,
18033,0.0,1156.541504,-196.344177,1666.587036,-0.4790530018,0.8768623988,0.0402561165,,,,
18034,0.0,1156.648438,-195.140259,1667.758423,-0.4841615256,0.8740520944,0.0402560991,,,,
18305,0.0,1526.882446,319.454041,1674.755981,-0.0063225023,0.9991693906,0.0402561165,0.0977611601,119.30383216,276.6551111777,0.0
18306,0.0,1526.880371,319.775024,1674.682739,-0.0063225023,0.9991693906,0.0402561165,0.0982852458,120.006360101,277.5795142586,0.0
18307,0.0,1526.878662,320.040833,1674.691772,-0.0063225023,0.9991693906,0.0402561165,0.098708894,120.666858632,278.5387071084,0.0
18308,0.0,1526.877441,320.233124,1674.727905,-0.0063225023,0.9991693906,0.0402561165,0.0990930649,121.3152104027,279.5201994693,0.0
18309,0.0,1526.876953,320.304718,1674.840332,-0.0063225023,0.9991693906,0.0402561165,0.0993489779,121.9797642575,280.7080686604,0.0
18310,0.0,1528.453491,322.572052,1674.821289,-0.0063225023,0.9991693906,0.0402561165,0.1032467314,124.1753114269,280.6025939747,0.0
18311,0.0,1530.404053,325.273346,1674.894043,-0.0063225023,0.9991693906,0.0402561165,0.1080466686,126.7151218948,280.2641481244,0.0
18312,0.0,1532.271973,328.169373,1674.940552,-0.0063225023,0.9991693906,0.0402561165,0.1130236553,129.1845721461,279.7323855397,0.0
18313,0.0,1534.069214,331.840302,1674.692383,-0.0063225023,0.9991693906,0.0402561165,0.1187115808,131.641899573,278.5607386367,0.0
18314,0.0,1536.085327,335.747345,1674.960571,-0.0063225023,0.9991693906,0.0402561165,0.1251120516,134.4588209727,277.6208420661,0.0
18315,0.0,1537.429932,338.53186,1675.044922,-0.0063225023,0.9991693906,0.0402561165,0.129717185,136.3886664875,276.901866909,0.0
18316,0.0,1538.846069,341.647583,1675.246582,-0.0063225023,0.9991693906,0.0402561165,0.1346204367,138.4046528816,276.1923120981,0.0
18317,0.0,1540.112671,345.066345,1675.351562,-0.0063225023,0.9991693906,0.0402561165,0.1408169601,140.1381610459,273.8847538126,0.0
18318,0.0,1541.098633,348.169434,1675.473633,-0.0063225023,0.9991693906,0.0402561165,0.1457742087,141.3508101624,271.8796154241,0.0
18319,0.0,1542.227295,351.147339,1675.502808,-0.0063225023,0.9991693906,0.0402561165,,,,
18320,0.0,1543.065308,353.491089,1675.518188,-0.0063225023,0.9991693906,0.0402561165,,,,
18321,0.0,1544.122681,356.897461,1675.526611,0.0003118642,0.9991893453,0.0402561165,,,,
18322,0.0,1545.091431,360.30423,1675.570435,-0.0113460125,0.9991249737,0.0402561165,,,,
18323,0.0,1545.940796,363.792694,1675.694824,-0.0270052204,0.9988243905,0.0402561165,,,,
18324,0.0,1546.621948,367.272583,1675.834351,-0.0711216413,0.996617841,0.0411654116,0.1416106452,133.9074663524,261.0288364846,0.0
18325,0.0,1547.020874,369.75293,1675.974854,-0.1164428041,0.9923141062,0.041878252,0.1227220493,124.5890408461,259.5698543105,0.0
18326,0.0,1547.618042,373.182159,1676.065552,-0.1995883604,0.9789421769,0.0428567466,0.0900426495,106.8207502582,257.5844586619,0.0
18327,0.0,1548.277222,376.696228,1676.07605,-0.2969091109,0.9539980586,0.041625522,0.0571980161,85.2035887879,255.5954601404,0.0
18328,0.0,1549.130859,380.365021,1676.03125,-0.4177567653,0.9078153106,0.0367511486,0.0258063312,57.2001866371,253.419153006,0.0
18329,0.0,1549.802734,383.027649,1676.01001,-0.47465055,0.879536416,0.0335044515,0.016341919,45.3705884565,251.9935807231,0.0
18330,0.0,1551.15625,389.279877,1675.826416,-0.5980816921,0.8009096244,0.0290183254,0.0047631619,24.2002290792,248.2416097396,0.0
18331,0.0,1551.4796145,391.0475315,1675.731201,-0.6236049475,0.7805377756,0.028476446,0.0048565185,24.3176396625,247.0653365763,0.0
18332,0.0,1552.308105,395.424316,1675.528564,-0.6755139699,0.7368229415,0.0277998097,0.0062498683,27.2409074622,244.034244165,0.0
18333,0.0,1552.625793,397.4092865,1675.3275755,-0.6931555616,0.719759369,0.0296004173,0.007891809,30.2361606274,242.6344044164,0.0
18334,0.0,1553.362549,401.861572,1675.188965,-0.7176799038,0.6954696209,0.0354621216,0.0095158255,33.1016335627,240.5175805064,0.0
18335,0.0,1553.832642,405.54715,1674.837891,-0.7174660287,0.6954128026,0.040540495,0.0087661537,31.4324277659,237.9097561973,0.0
18336,0.0,1554.270996,409.02359,1674.746948,-0.7126502097,0.7003078462,0.041214065,0.0072898875,28.413214433,235.7425046871,0.0
18337,0.0,1554.526855,411.343536,1674.758423,-0.7121727854,0.7007933537,0.041214065,0.006602233,26.9317601957,234.7590428173,0.0
18338,0.0,1554.861084,414.716492,1674.819336,-0.7121727854,0.7007933537,0.041214065,0.006043068,25.5386901988,232.6547858703,0.0
18339,0.0,1555.099243,417.606567,1674.941284,-0.7121727854,0.7007933537,0.041214065,0.0056741153,24.5308086474,230.6028790252,0.0
18340,0.0,1555.35022,421.500275,1675.268311,-0.7121727854,0.7007933537,0.041214065,,,,
18341,0.0,1555.549805,424.769592,1675.473633,-0.7121727854,0.7007933537,0.041214065,,,,
18342,0.0,1555.761353,428.666199,1675.835815,-0.7121727854,0.7007933537,0.041214065,,,,
18343,0.0,1555.985718,432.355804,1675.710693,-0.7121727854,0.7007933537,0.041214065,,,,
18344,0.0,1556.099487,435.117096,1676.243652,-0.7121727854,0.7007933537,0.041214065,,,,
18345,0.0,1556.317627,439.37439,1676.441528,-0.7121727854,0.7007933537,0.041214065,,,,
18346,0.0,1556.489136,443.234467,1676.462646,-0.7121450257,0.7007660376,0.0421476324,,,,
18347,0.0,1556.486816,445.104614,1676.38208,-0.7184695176,0.6942144461,0.0432186889,,,,
18348,0.0,1556.870483,449.836365,1676.43811,-0.7279347751,0.6841809351,0.044804144,,,,
18349,0.0,1556.950928,453.885712,1676.345093,-0.7428144558,0.6678490945,0.0469496669,,,,
18350,0.0,1557.051636,456.439026,1676.216553,-0.7537554252,0.6553751634,0.04833378,,,,
18351,0.0,1557.498413,459.825348,1675.709106,-0.7689545048,0.6374039917,0.0492455176,,,,
18352,0.0,1557.34375,463.770905,1675.734619,-0.7831536783,0.61983602,0.0497355458,,,,
18353,0.0,1557.698486,467.643524,1675.249756,-0.7957712855,0.6036124716,0.0489902575,,,,
18354,0.0,1557.697266,470.788788,1674.987061,-0.8023038008,0.5949856649,0.0479652977,,,,
18355,0.0,1557.597534,474.678955,1674.707397,-0.8077894236,0.5875947453,0.0469964075,,,,
18356,0.0,1557.462646,478.144806,1674.4552,-0.8116021568,0.5823579231,0.0464885837,,,,
18357,0.0,1557.253906,480.741638,1674.459839,-0.8143358233,0.5785579726,0.0461285076,,,,
18358,0.0,1557.068359,483.913391,1674.308594,-0.8191286594,0.5717621412,0.0460031865,,,,
18359,0.0,1556.756592,486.277344,1674.480347,-0.8248519972,0.5634739475,0.0460031865,,,,
18360,0.0,1556.171021,490.60022,1674.758911,-0.8330780035,0.5512392828,0.0460031865,,,,
18361,0.0,1555.713745,493.735565,1674.944214,-0.8406098372,0.5396839894,0.0460031865,,,,
18362,0.0,1555.294678,496.883453,1675.214478,-0.8463201389,0.5306843971,0.0460031865,,,,
18363,0.0,1554.696289,501.035278,1675.338867,-0.8610552592,0.5064262508,0.0460031865,,,,
18364,0.0,1554.179688,504.000854,1675.869385,-0.8708908158,0.4893188075,0.0460031691,,,,
18365,0.0,1553.596924,507.187103,1676.141602,-0.8829159137,0.4672720794,0.0460031865,,,,
18366,0.0,1555.217651,512.457947,1676.701294,-0.9015397866,0.4302437933,0.0460031691,,,,
18367,0.0,1554.723633,514.78302,1676.674805,-0.9143529407,0.4024272348,0.0448444032,,,,
18368,0.0,1554.016602,518.075806,1676.616821,-0.9266350155,0.3734292722,0.0435674957,,,,
18369,0.0,1553.026245,522.274536,1676.598999,-0.9411979893,0.3355481729,0.0394178725,,,,
18370,0.0,1552.438354,525.211731,1676.620361,-0.9480606779,0.3160444061,0.0360122817,,,,
18371,0.0,1551.566772,530.887024,1676.635254,-0.9558523287,0.2923102032,0.0300178411,,,,
18372,0.0,1551.342102,532.9892885,1676.6428835,-0.9593902737,0.2805070257,0.0269199189,,,,
18373,0.0,1551.117432,535.091553,1676.650513,-0.9629282187,0.2687038482,0.0238219967,,,,
18374,0.0,1550.803101,538.473572,1676.671997,-0.9688144473,0.2469543509,0.0203006243,,,,
18375,0.0,1550.615967,540.992737,1676.674072,-0.9739580189,0.2259017239,0.019343953,,,,
18376,0.0,1550.220215,546.345215,1676.695312,-0.98001843,0.198141662,0.0174286736,,,,
18377,0.0,1550.044922,548.464355,1676.694702,-0.9802362309,0.1971313634,0.0166179809,,,,
18378,0.0,1549.842651,550.968262,1676.694702,-0.980143181,0.1978327234,0.0134743544,,,,
18379,0.0,1549.638062,553.53241,1676.694702,-0.9798012849,0.1998477671,0.0070930982,,,,
18380,0.0,1549.518555,555.105164,1676.694702,-0.9799435498,0.1992747528,-0.0004605575,,,,
18381,0.0,1549.367432,557.187317,1676.694702,-0.9808304861,0.1945465039,-0.0111002406,,,,
18382,0.0,1549.279175,558.343872,1676.694702,-0.9813876816,0.1909542114,-0.020364368,,,,
18383,0.0,1549.1427,559.949585,1675.54248,-0.9820346811,0.1861608975,-0.0308545829,,,,
18384,0.0,1549.0845945,560.551239,1674.8448485,-0.9821460052,0.1851153946,-0.0333773214,,,,
18385,0.0,1548.967896,561.806763,1673.383667,-0.9822771065,0.183437602,-0.038501067,,,,
18386,0.0,1548.869629,563.2146,1671.743896,-0.9823279374,0.1823107823,-0.0423627439,,,,
18387,0.0,1548.809204,564.351501,1670.422852,-0.9823435094,0.1819237281,-0.0436461527,,,,
18388,0.0,1548.749146,565.571472,1668.805176,-0.9822353971,0.1822395027,-0.0447480531,,,,
18389,0.0,1548.724121,567.284485,1667.025391,-0.9820705597,0.1828252797,-0.0459601225,,,,
18390,0.0,1548.713623,568.318359,1665.907471,-0.9815681494,0.184945338,-0.0481579686,,,,
18391,0.0,1548.711182,569.339111,1664.666016,-0.9811988485,0.1862227984,-0.0506940741,,,,
18392,0.0,1548.738647,570.987,1663.024658,-0.9809811456,0.1865396005,-0.0536560283,,,,
18393,0.0,1548.770386,572.060486,1663.024658,-0.98093557,0.186530934,-0.0545125498,,,,
18394,0.0,1548.81604,573.123596,1663.024658,-0.9812073851,0.1850637998,-0.0546210347,,,,
18395,0.0,1548.877319,574.198669,1663.024658,-0.9819329692,0.1813744091,-0.053953385,,,,
18396,0.0,1548.976929,575.694885,1663.024658,-0.983096449,0.1753329091,-0.0527232678,,,,
18397,0.0,1547.470459,577.073975,1658.078735,-0.9842507883,0.1690178145,-0.0518011982,,,,
18398,0.0,1547.161743,578.232056,1657.966431,-0.9862918546,0.1569837068,-0.050837913,,,,
18399,0.0,1547.168457,579.221069,1658.151367,-0.9874920618,0.1491064472,-0.0512512957,,,,
18400,0.0,1547.19458,580.502686,1658.317017,-0.9885760078,0.1415689298,-0.0517273128,,,,
18401,0.0,1547.227173,581.213318,1658.392456,-0.9886790708,0.1408394633,-0.0517488214,,,,
18402,0.0,1547.189331,582.389709,1658.636963,-0.9887325441,0.1402764896,-0.0522538289,,,,
18403,0.0,1547.327515,583.960632,1658.737061,-0.9888232004,0.1394658037,-0.0527064314,,,,
18404,0.0,1547.438232,584.999878,1658.828369,-0.9888430383,0.1393251844,-0.0527061525,,,,
18405,0.0,1547.545654,586.274841,1658.919067,-0.9887965242,0.1393186307,-0.0535887381,,,,
18406,0.0,1547.758057,587.316223,1658.894531,-0.9886507513,0.140038207,-0.0543966227,,,,
18407,0.0,1547.799927,588.052612,1658.947754,-0.9885420189,0.1402494588,-0.0558100909,,,,
18408,0.0,1547.337036,588.602173,1658.438599,-0.9884557895,0.140237225,-0.057346953,,,,
18409,0.0,1547.419189,589.297729,1658.365845,-0.9884117025,0.1402309701,-0.0581169625,,,,
18410,0.0,1547.519531,590.307739,1658.244873,-0.98839247,0.1402282415,-0.058449684,,,,
18411,0.0,1547.63855,591.275757,1658.212524,-0.9884786994,0.1398006214,-0.0580141966,,,,
18412,0.0,1547.773315,592.354431,1658.18811,-0.9885644237,0.139373453,-0.0575796914,,,,
18413,0.0,1547.978882,594.281128,1658.175537,-0.9889715376,0.1367604666,-0.0568495616,,,,
18414,0.0,1548.0075075,594.8269045,1658.1899415,-0.9890018556,0.1366061625,-0.0566924732,,,,
18415,0.0,1548.036133,595.372681,1658.204346,-0.9890321737,0.1364518583,-0.0565353848,,,,
18416,0.0,1548.052246,596.030273,1659.801636,-0.9890321737,0.1364518583,-0.0565353848,,,,
18417,0.0,1548.433594,597.218933,1663.552002,-0.986232735,0.1567720626,-0.0526071554,,,,
18418,0.0,1548.461548,598.382629,1664.901001,-0.9803527055,0.1905322652,-0.0510492768,,,,
18419,0.0,1548.300293,599.749634,1666.826294,-0.9675261227,0.2477579499,-0.0500919162,,,,
18420,0.0,1548.1921385,600.707306,1667.659729,-0.9447675544,0.3161762471,-0.0473308524,,,,
18421,0.0,1548.231567,603.386292,1669.657227,-0.8773792558,0.4781430731,-0.0398100889,,,,
18422,0.0,1548.81189,605.699158,1671.363281,-0.7859325342,0.6174402294,-0.0328270432,,,,
18423,0.0,1549.290771,606.92157,1672.458862,-0.717286342,0.6962021669,-0.0283345424,,,,
18424,0.0,1549.890381,608.101746,1673.736694,-0.6284901726,0.7774559162,-0.0237150034,,,,
18425,0.0,1550.514038,609.555969,1675.101074,-0.4975644752,0.8672613967,-0.0169488313,,,,
18426,0.0,1550.453369,610.921143,1674.81897,-0.4268463026,0.9042611155,-0.0106803044,,,,
18427,0.0,1550.168457,612.679993,1674.671387,-0.3647073649,0.9311219322,0.0006966307,,,,
18428,0.0,1549.808716,613.502686,1674.553833,-0.3621037577,0.9321361716,0.0017395862,,,,
18429,0.0,1549.348267,614.536743,1674.48938,-0.3617720744,0.9322646027,0.0019174699,,,,
18430,0.0,1548.49646,616.18866,1674.639648,-0.3617720744,0.9322646027,0.0019174699,,,,
18431,0.0,1547.716553,617.332153,1674.804321,-0.3617720744,0.9322646027,0.0019174699,,,,
18432,0.0,1546.5979,618.703613,1674.861694,-0.3617720744,0.9322646027,0.0019174699,,,,
18433,0.0,1545.577026,619.817993,1674.719482,-0.3617720744,0.9322646027,0.0019174699,,,,
18434,0.0,1544.161255,621.232178,1674.499878,-0.3617720744,0.9322646027,0.0019174699,,,,
18435,0.0,1541.990479,623.22821,1674.258423,-0.3617720744,0.9322646027,0.0019174699,,,,
18436,0.0,1540.537109,624.393677,1674.285645,-0.3617720744,0.9322646027,0.0019174699,,,,
18437,0.0,1538.168335,626.184265,1674.375854,-0.3617720744,0.9322646027,0.0019174699,,,,
18438,0.0,1536.445435,627.477051,1674.536865,-0.3494973847,0.9368807127,-0.0103008907,,,,
18439,0.0,1534.640869,629.240112,1674.801636,-0.2941036812,0.9554123579,-0.0262726292,0.004915436,164.5027023991,1661.1595963834,6.0
18440,0.0,1533.561768,631.514709,1674.855469,-0.161627052,0.986339217,-0.0318063671,0.0222400627,347.8756643145,1658.7053971641,6.0
18441,0.0,1533.100952,633.833557,1674.685181,0.0066476679,0.9995084778,-0.0306367642,0.0683626021,601.9300213665,1656.4331340327,6.0
18442,0.0,1532.823364,636.882568,1674.375732,0.2734439375,0.9616121163,-0.0230336909,,,,
18443,0.0,1533.800903,638.591431,1673.629272,0.4968251643,0.8677765311,-0.01134232,,,,
18444,0.0,1533.140259,638.966553,1674.109741,0.7063006912,0.707907652,0.0024677534,,,,
18445,0.0,1532.204956,638.883484,1674.595093,0.8286375021,0.5595984504,0.0144728819,,,,
18446,0.0,1530.421387,638.700745,1675.167725,0.9471652129,0.3194396137,0.0289204535,,,,
18447,0.0,1528.402222,639.759094,1675.453613,0.9829851525,0.180351169,0.0348374182,,,,
18448,0.0,1526.28894,641.39624,1675.765381,0.9975522156,0.05913464,0.0373185147,,,,
18449,0.0,1525.013794,642.97229,1675.88855,0.9991715136,0.0142898654,0.0381062493,,,,
18450,0.0,1523.443115,645.662354,1675.998535,0.999175173,-0.0106989452,0.0391727734,,,,
18451,0.0,1520.174927,650.390869,1676.282349,0.9991816071,-0.0095798201,0.0392981311,,,,
18452,0.0,1518.387573,653.210388,1676.203979,0.9991816071,-0.0095798201,0.0392981311,,,,
18453,0.0,1516.68103,655.789062,1676.112793,0.9991816071,-0.0095798201,0.0392981311,,,,
18454,0.0,1515.6519165,657.4101865,1675.975586,0.9991816071,-0.0095798201,0.0392981311,,,,
18455,0.0,1514.622803,659.031311,1675.838379,0.9991816071,-0.0095798201,0.0392981311,,,,
18456,0.0,1510.792603,664.299683,1675.520386,0.9991816071,-0.0095798201,0.0392981311,,,,
18457,0.0,1508.355957,667.480713,1675.33667,0.9991816071,-0.0095798201,0.0392981311,,,,
18458,0.0,1506.180298,670.157654,1675.272339,0.9991816071,-0.0095798201,0.0392981311,,,,
18459,0.0,1504.244995,672.514038,1675.212158,0.9991816071,-0.0095798201,0.0392981311,,,,
18460,0.0,1502.168823,675.163025,1675.097778,0.9991816071,-0.0095798201,0.0392981311,,,,
18461,0.0,1499.982666,677.479309,1675.008667,0.9994632318,-0.0029138762,0.0326306244,,,,
18462,0.0,1498.065918,679.133911,1675.057861,0.999476184,-0.006138883,0.0317753334,,,,
18463,0.0,1495.580688,680.872192,1675.149048,0.9991260429,-0.0273221356,0.0316330733,,,,
18464,0.0,1493.011719,682.397095,1675.233643,0.9983988543,-0.0449589965,0.0343280695,,,,
18465,0.0,1490.351318,683.684082,1675.342041,0.9973244866,-0.0628541453,0.0373259272,,,,
18466,0.0,1487.884277,684.689636,1675.536255,0.9968734165,-0.0691480383,0.038235327,,,,
18467,0.0,1484.806519,685.824951,1675.867432,0.9967524066,-0.0708143671,0.0383401269,,,,
18468,0.0,1482.068359,686.757751,1676.117432,0.9967509418,-0.070834982,0.0383401269,,,,
18469,0.0,1478.618774,687.754211,1676.484497,0.9967509418,-0.070834982,0.0383401269,,,,
18470,0.0,1475.153198,688.664185,1676.788574,0.9967509418,-0.070834982,0.0383401269,,,,
18471,0.0,1472.020874,689.483154,1676.912109,0.9967509418,-0.070834982,0.0383401269,,,,
18472,0.0,1468.850708,690.264648,1677.014648,0.9968077741,-0.0700306801,0.0383401269,,,,
18473,0.0,1465.298218,691.225159,1676.884644,0.9974107627,-0.0608424726,0.0383401095,,,,
18474,0.0,1461.724609,692.211365,1676.726685,0.9984681554,-0.0398920698,0.0383401269,,,,
18475,0.0,1458.255493,693.206116,1676.504272,0.9992255798,0.0035025667,0.0391914864,,,,
18476,0.0,1454.801514,694.263245,1676.300537,0.9959146436,0.0812999355,0.0392981311,,,,
18477,0.0,1451.436157,695.350464,1676.126831,0.9821398222,0.1840027855,0.0392981485,,,,
18478,0.0,1448.345703,696.586792,1675.974121,0.9468832493,0.319388197,0.0374605375,,,,
18479,0.0,1445.430176,697.927795,1675.747314,0.8761797581,0.4808339785,0.0332823776,,,,
18480,0.0,1441.744873,699.556458,1675.680176,0.7652450046,0.643126425,0.0280799652,,,,
18481,0.0,1438.207886,701.817871,1675.606567,0.6369114887,0.770616086,0.0222396823,,,,
18482,0.0,1434.590088,703.334595,1675.574707,0.526889604,0.8497593117,0.0172179392,,,,
18483,0.0,1429.950928,704.858459,1675.662231,0.3822563467,0.9240018615,0.0100322111,,,,
18484,0.0,1425.7146,706.269226,1675.795044,0.2353193495,0.9719049091,0.0050647318,0.1254206791,731.2479776094,1508.0932395445,6.0
18485,0.0,1421.101196,707.517883,1676.001221,0.1101031615,0.9939195958,0.0010634813,0.0707250952,555.341168491,1503.4051781749,6.0
18486,0.0,1417.252808,708.542175,1676.160034,0.0243314267,0.9997036963,-0.0007079404,0.0424135617,432.0831684047,1499.5277350729,6.0
18487,0.0,1413.079834,709.734192,1676.287598,-0.0366547149,0.9993275302,-0.0009587441,0.0266296192,342.6815639631,1494.871836564,6.0
18488,0.0,1408.841187,710.858276,1676.341797,-0.0857934443,0.9963112275,0.0018500829,0.0165140072,269.7547514214,1490.4873664291,6.0
18489,0.0,1405.39917,711.733826,1676.311768,-0.0868478312,0.9962197436,0.0019174699,0.0161912995,266.3378150898,1486.0796401653,6.0
18490,0.0,1401.46228,712.805481,1676.192139,-0.0868478312,0.9962197436,0.0019174699,0.0161684395,265.2065601208,1480.8047948875,6.0
18491,0.0,1398.068115,713.822815,1675.900269,-0.0868478312,0.9962197436,0.0019174699,0.0161560684,264.356864214,1476.6208553577,6.0
18492,0.0,1394.800659,715.418579,1675.654297,-0.0868478312,0.9962197436,0.0019174699,0.0162571501,264.3540488809,1472.0449496194,6.0
18493,0.0,1388.672119,718.618164,1675.072021,-0.0868478312,0.9962197436,0.0019174699,0.016443097,264.5086553022,1464.6226519779,6.0
18494,0.0,1386.9727785,719.5092775,1674.936035,-0.0868478312,0.9962197436,0.0019174699,0.0164518008,264.237821275,1462.739676511,6.0
18495,0.0,1385.273438,720.400391,1674.800049,-0.0868478312,0.9962197436,0.0019174699,0.0164605046,263.9669872479,1460.856701044,6.0
18496,0.0,1378.98999,723.831848,1674.449829,-0.0868478312,0.9962197436,0.0019174699,0.0164013436,262.2263673968,1453.8169968269,6.0
18497,0.0,1375.446899,725.877136,1674.252197,-0.0868478312,0.9962197436,0.0019174699,0.0163907186,261.4494127104,1449.9753118467,6.0
18498,0.0,1372.687012,727.489258,1674.178589,-0.0868478312,0.9962197436,0.0019174699,0.0163905962,260.9308317008,1447.1046647878,6.0
18499,0.0,1369.20166,729.523682,1674.143555,-0.1257662166,0.9920599017,0.0001011069,0.0106302917,209.9310413003,1443.5981531011,6.0
18500,0.0,1366.333374,731.1828,1674.198242,-0.1647358189,0.9863377261,0.0,0.0062522365,160.8693296496,1440.8555651463,6.0
18501,0.0,1362.69751,733.253357,1674.241455,-0.2102944308,0.9776340481,-0.0028143223,0.0032411781,115.6481476372,1437.5548574543,6.0
18502,0.0,1359.750488,735.025024,1674.470337,-0.2600778406,0.9655761769,-0.0047077988,0.0023184354,97.6514373557,1434.8880174159,6.0
18503,0.0,1356.310425,736.932983,1674.631226,-0.3119617871,0.9500561446,-0.0085536845,0.0043055683,132.752398417,1432.1223149089,6.0
18504,0.0,1353.197998,738.574524,1674.883057,-0.3436131234,0.9390193467,-0.0131410784,0.0071386487,170.5681085561,1430.0502066024,6.0
18505,0.0,1351.073853,739.697754,1675.191406,-0.3533901764,0.9353504513,-0.0153269861,0.0082409703,183.0435643351,1428.7192342243,6.0
18506,0.0,1347.391602,741.610657,1675.651245,-0.3639381721,0.9312513358,-0.0178873269,0.009615931,197.3283648001,1426.347691287,6.0
18507,0.0,1344.06604,743.287598,1675.959717,-0.3644435951,0.9310293235,-0.0191119021,0.009716292,198.0948506186,1424.5097082934,6.0
18508,0.0,1341.099609,744.791016,1676.091064,-0.3612593884,0.9322682145,-0.0191736928,0.0092985339,193.6060998215,1423.0125434759,6.0
18509,0.0,1337.969604,746.383484,1676.18396,-0.3561671861,0.9342255104,-0.0191737103,0.0086586332,186.6569009485,1421.4988839406,6.0
18510,0.0,1334.661621,748.142029,1676.123657,-0.3513705212,0.9360401304,-0.0191737103,0.0080819092,180.2081719338,1420.3054732102,6.0
18511,0.0,1331.44165,749.858337,1675.988525,-0.3501279154,0.9365056393,-0.0191736928,0.0078886373,177.9687839504,1419.6655138732,6.0
18512,0.0,1328.209839,751.592834,1675.792603,-0.3500611945,0.9365305834,-0.0191735881,0.0078422642,177.3852296835,1419.1714276147,6.0
18513,0.0,1325.039429,753.272949,1675.475708,-0.3490965233,0.936890595,-0.0191736928,0.0077291408,176.0774634973,1418.9398041798,6.0
18514,0.0,1321.903198,754.910522,1675.149902,-0.3490733206,0.9368992424,-0.0191735881,0.0077328267,176.0777467644,1418.6051884496,6.0
18515,0.0,1319.104492,756.363464,1674.837891,-0.3490733206,0.9368992424,-0.0191735881,0.0077420581,176.1020891318,1417.9584681898,6.0
18516,0.0,1316.431763,757.731995,1674.524658,-0.3490733206,0.9368992424,-0.0191735881,0.0077557344,176.1702409868,1417.2608505768,6.0
18517,0.0,1313.008301,759.317383,1674.174316,-0.3490733206,0.9368992424,-0.0191735881,0.0077642753,176.1472328884,1416.2991716524,6.0
18518,0.0,1310.10498,760.6297,1673.984741,-0.3522722574,0.9357011411,-0.0191737103,0.0080716818,179.4695103349,1415.3759359115,6.0
18519,0.0,1306.680054,762.021118,1673.847046,-0.3685844665,0.9294145011,-0.0182804853,0.0097797832,197.3302857725,1414.420573368,6.0
18520,0.0,1303.29126,763.464844,1673.793945,-0.4041445677,0.914531407,-0.0173053149,0.0146976431,241.4489633986,1413.4751155401,6.0
18521,0.0,1300.192261,764.62854,1673.842407,-0.4462082491,0.8947914579,-0.0156985743,0.0225688145,298.4151511736,1412.5889554816,6.0
18522,0.0,1295.954224,765.81311,1674.012939,-0.54233221,0.8400909596,-0.0110884429,0.0497747253,439.7534544598,1411.4400402078,6.0
18523,0.0,1291.854248,767.168518,1673.929077,-0.6178666873,0.786232693,-0.0088830855,0.0818137514,558.5634552674,1409.9833294926,6.0
18524,0.0,1286.698364,768.482239,1674.530762,-0.7483594311,0.6632904563,-0.0019830418,,,,
18525,0.0,1283.51062,769.29657,1675.766968,-0.8094130681,0.5872118832,0.005717458,,,,
18526,0.0,1279.76416,770.203674,1677.048462,-0.8574791796,0.5142994077,0.0150191803,,,,
18527,0.0,1277.100342,771.603333,1677.604492,-0.8671464234,0.4977616062,0.0170429957,,,,
18528,0.0,1274.217896,773.421509,1678.181274,-0.8681562033,0.4959909496,0.0172564355,,,,
18529,0.0,1271.713623,775.204407,1678.486572,-0.8681562033,0.4959909496,0.0172564355,,,,
18530,0.0,1269.49939,776.946106,1678.689941,-0.8681562033,0.4959909496,0.0172564355,,,,
18531,0.0,1266.94397,779.187866,1678.751953,-0.8681562033,0.4959909496,0.0172564355,,,,
18532,0.0,1264.797119,781.463623,1678.418091,-0.8681562033,0.4959909496,0.0172564355,,,,
18533,0.0,1262.776978,783.818604,1677.866211,-0.8681562033,0.4959909496,0.0172564355,,,,
18534,0.0,1260.606201,786.531128,1677.217163,-0.8681562033,0.4959909496,0.0172564355,,,,
18535,0.0,1258.722046,789.116455,1677.863647,-0.8681562033,0.4959909496,0.0172564355,,,,
18536,0.0,1256.842651,791.820435,1678.945435,-0.8681562033,0.4959909496,0.0172564355,,,,
18537,0.0,1253.56897,797.087952,1681.625,-0.8681562033,0.4959909496,0.0172564355,,,,
18538,0.0,1251.953979,800.015137,1683.250732,-0.8681562033,0.4959909496,0.0172564355,,,,
18539,0.0,1250.390381,803.007996,1684.999023,-0.8681562033,0.4959909496,0.0172564355,,,,
18540,0.0,1248.735352,806.104736,1686.939331,-0.8839524857,0.46706668,0.0218339046,,,,
18541,0.0,1247.080566,809.122864,1687.946411,-0.911934339,0.4098853235,0.0192297425,,,,
18542,0.0,1245.666626,811.700806,1688.19043,-0.9358249451,0.3519862772,0.0183666203,,,,
18543,0.0,1243.700928,814.3125,1688.262939,-0.9728643225,0.2308526746,0.0155580401,,,,
18544,0.0,1242.040771,815.774475,1688.102417,-0.993853617,0.1101120595,0.0114158809,,,,
18545,0.0,1240.117188,817.990662,1688.030151,-0.9999749815,-0.0054980191,0.0044506273,,,,
18546,0.0,1238.297607,819.969177,1687.902588,-0.9924420331,-0.1225514794,-0.0063202664,,,,
18547,0.0,1236.719482,822.307678,1687.811401,-0.9860545573,-0.1660263057,-0.0114750087,,,,
18548,0.0,1234.6521,825.339172,1687.69873,-0.9776540514,-0.2094087947,-0.018452982,,,,
18549,0.0,1232.805664,828.090332,1687.584717,-0.9741166449,-0.2250201619,-0.0215102046,,,,
18550,0.0,1230.601196,831.315002,1687.445801,-0.9731141665,-0.2292654437,-0.0220493834,,,,
18551,0.0,1228.472778,834.261353,1687.264648,-0.9730566273,-0.2295095491,-0.0220491915,,,,
18552,0.0,1226.205322,837.245239,1687.059326,-0.9751241345,-0.2206491559,-0.0211393541,,,,
18553,0.0,1224.29126,839.694336,1686.92749,-0.9804673253,-0.1957152832,-0.019476957,,,,
18554,0.0,1222.051147,842.479248,1686.731445,-0.9877563984,-0.1549223269,-0.0183403924,,,,
18555,0.0,1219.791626,845.4021,1686.567871,-0.9990495377,-0.0399906577,-0.0173426767,,,,
18556,0.0,1217.549438,848.345154,1686.287598,-0.9960765165,0.0872985641,-0.0145097917,,,,
18557,0.0,1215.44873,851.491943,1685.469727,-0.959647491,0.2810975763,-0.0078003558,,,,
18558,0.0,1213.737671,854.048767,1684.891235,-0.9143150529,0.4049794986,-0.0044260358,,,,
18559,0.0,1211.40686,858.718262,1684.590942,-0.7877890266,0.6159451677,-7.4526e-06,,,,
18560,0.0,1209.851807,862.142639,1684.369995,-0.7060576568,0.7081543513,0.0,0.1087700415,600.7872732229,1324.627929265,6.0
18561,0.0,1208.529785,866.496643,1684.257446,-0.5647405561,0.8252685044,0.0,0.0409451919,374.3663467038,1321.8191896493,6.0
18562,0.0,1207.733398,870.192749,1684.24707,-0.4395333398,0.898225886,0.000837182,0.0106894111,192.4202452572,1319.5400518595,6.0
18563,0.0,1206.721436,874.187378,1684.398682,-0.3357596735,0.9419403512,0.0037170541,0.0018830909,80.7696495734,1316.7463091386,6.0
18564,0.0,1205.946899,877.557556,1684.531494,-0.244524599,0.9695837613,0.0107261516,0.0046367699,126.4239504979,1314.3487031453,6.0
18565,0.0,1204.907959,880.576965,1684.700806,-0.2015624776,0.9793543055,0.015417907,0.009240206,177.9754371834,1312.2295411957,6.0
18566,0.0,1203.515625,884.087402,1684.743042,-0.1742594308,0.9844824275,0.0206881805,0.0133410645,213.2528597927,1309.899462258,6.0
18567,0.0,1202.080688,887.515198,1684.6521,-0.1780520635,0.9837295832,0.0239493171,0.0130667916,210.7247504718,1307.7942727109,6.0
18568,0.0,1200.965332,890.337219,1684.524536,-0.1780852485,0.9837231662,0.0239661547,0.0133816758,212.9735255589,1306.2104380761,6.0
18569,0.0,1199.586548,893.901306,1684.348267,-0.1780852485,0.9837231662,0.0239661547,0.0137917014,215.8660733412,1304.2566892089,6.0
18570,0.0,1198.545288,896.730225,1684.159302,-0.1780852485,0.9837231662,0.0239661547,0.0141317785,218.2507500086,1302.8131119911,6.0
18571,0.0,1197.276245,900.152222,1683.884033,-0.1780852485,0.9837231662,0.0239661547,0.014556296,221.1904817765,1301.1045812155,6.0
18572,0.0,1196.137451,903.429016,1683.589844,-0.1780852485,0.9837231662,0.0239661547,0.0149701625,224.0285950619,1299.5909519868,6.0
18573,0.0,1195.001465,906.81134,1683.259155,-0.1780852485,0.9837231662,0.0239661547,0.0154095107,227.0055433616,1298.0953218258,6.0
18574,0.0,1193.96167,910.20929,1682.789307,-0.1780852485,0.9837231662,0.0239661547,0.0158634421,230.0537618052,1296.7159306029,6.0
18575,0.0,1193.121582,913.067871,1682.394165,-0.1780852485,0.9837231662,0.0239661547,0.0162564276,232.6660693636,1295.6202568051,6.0
18576,0.0,1192.031006,917.010437,1681.896606,-0.1780852485,0.9837231662,0.0239661547,0.016799315,236.2353316885,1294.2427285288,6.0
18577,0.0,1191.233276,920.085205,1681.604004,-0.1780852485,0.9837231662,0.0239661547,0.0172347694,239.0445397027,1293.1248025077,6.0
18578,0.0,1190.323853,923.871155,1681.426147,-0.1780852485,0.9837231662,0.0239661547,0.0177751333,242.4924722111,1291.8597533615,6.0
19062,0.0,490.904358,2187.018799,1766.701294,-0.9833872761,0.1617122927,0.0824536215,,,,
19063,0.0,490.641357,2187.062012,1766.701294,-0.9833872761,0.1617122927,0.0824536215,,,,
19064,0.0,490.423218,2187.097656,1766.701294,-0.9833872761,0.1617122927,0.0824536215,,,,
19065,0.0,490.10022,2187.150635,1766.701294,-0.9833872761,0.1617122927,0.0824536215,,,,
19066,0.0,489.824646,2187.196045,1766.701294,-0.9833872761,0.1617122927,0.0824536215,,,,
19067,0.0,487.345917,2187.973877,1766.701294,-0.9894695663,0.1189595634,0.0824536215,,,,
19068,0.0,483.92926,2188.873535,1766.701172,-0.9955973492,0.0431844764,0.0831926639,,,,
19069,0.0,478.953979,2189.795166,1766.584106,-0.9942877119,-0.0665948511,0.0834090631,,,,
19070,0.0,475.143982,2190.265625,1766.075073,-0.9824850029,-0.1666317627,0.0834090805,,,,
19071,0.0,471.685486,2190.629639,1765.538696,-0.9636293517,-0.254154721,0.0826065995,,,,
19072,0.0,468.300201,2190.747559,1765.029785,-0.9309064618,-0.3555003737,0.0838608588,,,,
19073,0.0,464.695526,2190.71167,1763.749634,-0.8894699793,-0.4480844273,0.0897970042,,,,
19074,0.0,460.340424,2190.77832,1761.151611,-0.8554340102,-0.5085214443,0.0981763456,,,,
19075,0.0,457.20105,2190.961182,1759.178101,-0.8435793346,-0.5269728731,0.1033126187,,,,
19076,0.0,453.354675,2191.299805,1756.739624,-0.8411530507,-0.5306228227,0.1044076877,,,,
19077,0.0,450.029602,2191.638916,1754.628052,-0.8411530507,-0.5306228227,0.1044076877,,,,
19078,0.0,446.679443,2192.009521,1752.499878,-0.8411530507,-0.5306228227,0.1044076877,,,,
19079,0.0,439.612122,2192.872803,1751.688477,-0.8411530507,-0.5306228227,0.1044076877,,,,
19080,0.0,437.5828555,2193.14209,1751.6948855,-0.8411530507,-0.5306228227,0.1044076877,,,,
19081,0.0,435.553589,2193.411377,1751.701294,-0.8411530507,-0.5306228227,0.1044076877,,,,
19082,0.0,428.845978,2194.358643,1751.701294,-0.8411530507,-0.5306228227,0.1044076877,,,,
19083,0.0,420.601562,2191.997314,1751.401489,-0.8411530507,-0.5306228227,0.1044076877,,,,
19084,0.0,416.810974,2192.458252,1751.525269,-0.8411530507,-0.5306228227,0.1044076877,,,,
19085,0.0,413.151276,2192.659424,1751.559204,-0.8411530507,-0.5306228227,0.1044076877,,,,
19086,0.0,410.231293,2192.682617,1751.532715,-0.8430528014,-0.5271216413,0.1067930206,,,,
19087,0.0,406.658722,2192.423828,1751.482544,-0.8375403171,-0.5357423367,0.1072677302,,,,
19088,0.0,403.240784,2191.962402,1751.67749,-0.8244507922,-0.5558480311,0.1063666183,,,,
19089,0.0,400.352203,2191.11377,1751.780762,-0.7949320561,-0.5974551169,0.1055007558,,,,
19090,0.0,396.981293,2189.963623,1751.930664,-0.7595634786,-0.6419866027,0.1044821702,,,,
19091,0.0,394.279968,2188.895996,1752.554932,-0.7193369706,-0.6874755787,0.099657671,,,,
19092,0.0,391.447052,2187.768799,1752.756714,-0.6867656445,-0.7205432507,0.0957620667,,,,
19093,0.0,387.7771,2186.623291,1752.985352,-0.6629839333,-0.7432875671,0.0893078766,,,,
19094,0.0,385.552887,2186.051514,1753.002075,-0.6572485012,-0.7486503595,0.0868737415,,,,
19095,0.0,381.13562,2185.02124,1752.945557,-0.6492636967,-0.755970968,0.083453866,,,,
19096,0.0,378.235626,2184.420166,1752.81897,-0.6491588254,-0.7560659678,0.0834090631,,,,
19097,0.0,374.460114,2183.710693,1752.688354,-0.6491588254,-0.7560659678,0.0834090631,,,,
19098,0.0,370.886688,2183.065918,1752.509644,-0.6491588254,-0.7560659678,0.0834090631,,,,
19099,0.0,367.556824,2182.486328,1752.182617,-0.6492075042,-0.7561230638,0.082507751,,,,
19100,0.0,364.709442,2182.040527,1751.773682,-0.6481278705,-0.75713472,0.0817146206,,,,
19101,0.0,360.821838,2181.474365,1751.321045,-0.6464878299,-0.7585588586,0.0814981215,,,,
19102,0.0,357.819336,2180.851562,1751.196899,-0.6422918687,-0.7622794183,0.079945255,,,,
19103,0.0,356.250366,2182.166504,1751.701294,-0.6335963269,-0.7696455874,0.0787487417,,,,
19104,0.0,353.064117,2181.058594,1751.701294,-0.6235559125,-0.7779887431,0.0768865373,,,,
19105,0.0,349.968842,2179.802979,1751.701294,-0.6118916193,-0.7873010443,0.0758004737,,,,
19106,0.0,347.145386,2178.497803,1751.701294,-0.5993733391,-0.7968851673,0.0756678963,,,,
19107,0.0,344.177399,2177.089111,1751.701294,-0.5779711649,-0.8126100266,0.0749284809,,,,
19108,0.0,341.537109,2175.865967,1751.701294,-0.5592353473,-0.8256354891,0.0747118835,,,,
19109,0.0,337.645569,2174.1875,1751.701294,-0.5344987724,-0.8418605566,0.0747118835,,,,
19110,0.0,334.511475,2172.843262,1751.701294,-0.5123961891,-0.855493004,0.0747118835,,,,
19111,0.0,331.532104,2171.609863,1751.701294,-0.4915096424,-0.8676614581,0.0747118835,,,,
19112,0.0,329.503784,2170.810303,1751.701294,-0.4810111027,-0.8735253022,0.0747118835,,,,
19113,0.0,325.214203,2169.125732,1751.701294,-0.4600733322,-0.8846786087,0.0753411462,,,,
19114,0.0,321.735474,2167.771484,1751.701294,-0.4428830191,-0.893380657,0.0756679138,,,,
19115,0.0,318.33609,2166.467773,1751.701294,-0.4276187069,-0.9007188588,0.0764707709,,,,
19116,0.0,314.869934,2165.131104,1751.701294,-0.4127348286,-0.9075421556,0.0775705945,,,,
19117,0.0,313.215485,2164.500488,1751.701294,-0.406728191,-0.9102078047,0.078063634,,,,
19118,0.0,308.699768,2162.731201,1751.701294,-0.3881639132,-0.9181648845,0.0793852714,,,,
19119,0.0,303.507355,2160.676025,1751.701294,-0.3664870324,-0.9269812417,0.0799564416,,,,
19120,0.0,301.507248,2159.861084,1751.701294,-0.3585042207,-0.9300074976,0.080545316,,,,
19121,0.0,299.507141,2159.046143,1751.701294,-0.350521409,-0.9330337534,0.0811341903,,,,
19122,0.0,296.485077,2157.774658,1751.701294,-0.3359235003,-0.9383567862,0.0814981215,,,,
19123,0.0,292.483582,2156.08252,1751.701294,-0.3205186053,-0.9437297721,0.0814981041,,,,
19124,0.0,288.964691,2154.568115,1751.701294,-0.3074156975,-0.9480789235,0.0814981215,,,,
19125,0.0,284.121155,2152.409668,1751.701294,-0.2948262547,-0.9520690814,0.0814981215,,,,
19126,0.0,282.12825,2151.4937745,1751.701294,-0.2899920957,-0.9535392554,0.0814981128,,,,
19127,0.0,280.135345,2150.577881,1751.701294,-0.2851579367,-0.9550094294,0.0814981041,,,,
19128,0.0,276.520325,2148.874268,1751.701294,-0.2758092485,-0.9577511757,0.0814981215,,,,
19129,0.0,270.728302,2146.060547,1751.701294,-0.2604833234,-0.9619510583,0.0824536215,,,,
19130,0.0,268.7003785,2145.041748,1751.701294,-0.2555863304,-0.9632504136,0.0824536215,,,,
19131,0.0,264.972076,2143.155518,1751.701294,-0.2464006602,-0.9656542419,0.0824536215,,,,
19132,0.0,261.164886,2141.172363,1751.701294,-0.234959067,-0.9685017487,0.0824536215,,,,
19133,0.0,257.981812,2139.475342,1751.701294,-0.2263242375,-0.9705558922,0.0824536215,,,,
19134,0.0,254.389175,2137.516357,1751.701294,-0.2169070879,-0.9727038155,0.0824536389,,,,
19135,0.0,250.79892,2135.514893,1751.701294,-0.2089932631,-0.9744348189,0.0824536215,,,,
19136,0.0,248.083374,2133.968506,1751.701294,-0.2023850846,-0.9758287134,0.0824536215,,,,
19173,0.0,237.746429,2012.917236,1749.573853,-0.5175889517,-0.8549714068,0.0335495255,,,,
19174,0.0,237.565292,2012.61792,1749.808594,-0.5175889517,-0.8549714068,0.0335495255,,,,
19175,0.0,237.345596,2012.254883,1750.009644,-0.5175889517,-0.8549714068,0.0335495255,,,,
19176,0.0,237.240799,2012.081787,1750.027832,-0.5175889517,-0.8549714068,0.0335495255,,,,
19177,0.0,236.97467,2011.642456,1750.225098,-0.5175889517,-0.8549714068,0.0335495255,,,,
19178,0.0,235.405457,2011.211548,1750.86084,-0.5202953159,-0.8533271434,0.0335495255,,,,
19179,0.0,235.376358,2006.608643,1750.765503,-0.5229077034,-0.8517596946,0.0327560116,,,,
19180,0.0,235.166656,2002.866333,1750.247925,-0.5253555453,-0.8502734509,0.0321964228,,,,
19181,0.0,235.167358,1998.277954,1749.991089,-0.5281611125,-0.8485542062,0.0316480407,,,,
19182,0.0,235.292282,1995.114502,1749.852051,-0.5295872403,-0.8476654432,0.0316330733,,,,
19296,0.0,-66.886688,1989.871582,1748.968262,-0.6543829656,-0.750427578,0.092959048,,,,
19297,0.0,-67.185776,1990.123047,1748.994995,-0.6543829656,-0.750427578,0.092959048,,,,
19298,0.0,-67.373978,1990.249512,1749.057739,-0.6543829656,-0.750427578,0.092959048,,,,
19299,0.0,-67.530952,1990.315918,1749.139038,-0.6543829656,-0.750427578,0.092959048,,,,
19300,0.0,-67.641708,1990.349731,1749.256836,-0.6543829656,-0.750427578,0.092959048,,,,
19301,0.0,-70.392471,1992.183472,1749.263916,-0.6543829656,-0.750427578,0.092959048,,,,
19304,0.0,-78.488342,1998.325073,1749.121216,-0.6536632099,-0.7510546075,0.092959048,,,,
19305,0.0,-81.123878,2000.593872,1749.10083,-0.6530179389,-0.751730205,0.0920286392,,,,
19306,0.0,-82.560211,2001.486328,1749.109253,-0.6509689336,-0.7535686151,0.0915084143,,,,
19307,0.0,-85.360397,2004.11145,1749.175293,-0.6482617066,-0.7559782529,0.0908495508,,,,
19308,0.0,-88.404747,2007.155151,1749.170776,-0.6453915323,-0.7585131141,0.0901533454,,,,
19309,0.0,-90.230125,2009.683472,1749.092041,-0.6393822604,-0.7638139479,0.0881962475,,,,
19310,0.0,-91.360054,2011.182617,1749.043335,-0.6325164361,-0.7696879916,0.086621901,,,,
19311,0.0,-94.074287,2013.765381,1748.911011,-0.6235499702,-0.777193833,0.0845883011,,,,
19312,0.0,-97.059761,2016.17334,1748.896484,-0.6148315547,-0.7843261743,0.0825506614,,,,
19313,0.0,-100.006134,2018.516724,1748.937744,-0.6063149682,-0.7911326378,0.0805686588,,,,
19314,0.0,-102.337631,2020.42981,1749.084473,-0.6049598688,-0.792171986,0.0805425465,,,,
19315,0.0,-105.354149,2022.839478,1749.305542,-0.6046839903,-0.7923825925,0.0805425292,,,,
19316,0.0,-108.370506,2025.27063,1749.556152,-0.6047276566,-0.792440014,0.0796447456,,,,
19317,0.0,-111.302322,2027.641479,1749.796509,-0.6100180007,-0.788665654,0.0767106578,,,,
19318,0.0,-114.18898,2029.991455,1750.043579,-0.6242827716,-0.7777905719,0.0728892809,,,,
19319,0.0,-116.556488,2031.93396,1750.157227,-0.643110801,-0.7625207677,0.0705023145,,,,
19320,0.0,-119.754013,2034.526978,1750.420898,-0.6826416222,-0.7274825358,0.0690621151,,,,
19321,0.0,-122.621468,2037.041138,1750.590332,-0.7310065823,-0.6787860861,0.0698485939,,,,
19322,0.0,-125.538712,2039.794067,1750.728027,-0.8160003499,-0.5731172865,0.0753658072,,,,
19323,0.0,-128.111115,2042.333374,1750.817139,-0.8666140372,-0.4923966853,0.0807812776,,,,
19324,0.0,-130.600845,2044.968506,1750.823975,-0.9209002845,-0.3801676684,0.0861116131,,,,
19325,0.0,-133.277451,2048.279053,1750.730957,-0.9657159257,-0.2428916407,0.0916318815,,,,
19326,0.0,-135.45369,2051.421143,1750.696167,-0.9842652006,-0.1491737027,0.0947059729,,,,
19327,0.0,-137.132812,2054.388184,1750.675171,-0.9937978104,-0.0536757452,0.0973900736,,,,
19328,0.0,-139.834885,2060.33374,1750.422852,-0.9929364246,0.0631853451,0.1004234478,,,,
19329,0.0,-140.476349,2062.024902,1750.3422245,-0.9914963805,0.0807595144,0.1005081886,,,,
19330,0.0,-141.117813,2063.716064,1750.261597,-0.9900563364,0.0983336837,0.1005929294,,,,
19331,0.0,-142.782532,2069.375732,1749.969482,-0.98765464,0.1207395925,0.0998011165,,,,
19332,0.0,-143.536667,2072.658936,1749.865112,-0.9873374596,0.1234374607,0.0996390195,,,,
19333,0.0,-144.121475,2075.700684,1749.786499,-0.9874024441,0.1236109023,0.0987763043,,,,
19334,0.0,-144.709702,2079.105957,1749.71106,-0.987148358,0.1264302136,0.0977421119,,,,
19431,0.0,-329.318146,2251.152832,1789.86499,0.5031933068,-0.8611020318,0.0727996353,,,,
19432,0.0,-329.259674,2251.052979,1789.953613,0.5031933068,-0.8611020318,0.0727996353,,,,
19433,0.0,-329.183716,2250.922852,1790.326294,0.5031933068,-0.8611020318,0.0727996353,,,,
19434,0.0,-329.137665,2250.844238,1790.661255,0.5031933068,-0.8611020318,0.0727996353,,,,
19435,0.0,-329.060211,2250.711426,1791.147705,0.5031933068,-0.8611020318,0.0727996353,,,,
19436,0.0,-330.358887,2252.816895,1792.946289,0.5031933068,-0.8611020318,0.0727996353,,,,
19437,0.0,-332.249359,2255.884521,1795.714966,0.5031933068,-0.8611020318,0.0727996353,,,,
19438,0.0,-334.022369,2258.754883,1798.393555,0.5031933068,-0.8611020318,0.0727996353,,,,
19439,0.0,-334.84668,2261.019287,1800.408569,0.5031933068,-0.8611020318,0.0727996353,,,,
19440,0.0,-336.838013,2264.468506,1802.369629,0.5031933068,-0.8611020318,0.0727996353,,,,
19441,0.0,-337.829132,2266.012939,1804.051514,0.5031933068,-0.8611020318,0.0727996353,,,,
19442,0.0,-339.809906,2266.433105,1805.604858,0.5031933068,-0.8611020318,0.0727996353,,,,
19443,0.0,-341.364624,2266.622314,1807.218994,0.5031933068,-0.8611020318,0.0727996353,,,,
19444,0.0,-343.015503,2266.726807,1808.147461,0.5031933068,-0.8611020318,0.0727996353,,,,
19445,0.0,-344.877502,2266.851807,1808.819336,0.5031933068,-0.8611020318,0.0727996353,,,,
19446,0.0,-347.029785,2267.015381,1809.39502,0.5031933068,-0.8611020318,0.0727996353,,,,
19447,0.0,-349.122864,2267.156738,1809.646484,0.5031933068,-0.8611020318,0.0727996353,,,,
19448,0.0,-350.732635,2267.133057,1809.687622,0.5031933068,-0.8611020318,0.0727996353,,,,
19449,0.0,-352.906769,2267.401855,1809.520386,0.5031933068,-0.8611020318,0.0727996353,,,,
19450,0.0,-354.454834,2267.537354,1809.235474,0.5031933068,-0.8611020318,0.0727996353,,,,
19451,0.0,-356.291656,2267.684326,1808.738403,0.5031933068,-0.8611020318,0.0727996353,,,,
19452,0.0,-358.029388,2267.811523,1808.057129,0.5031933068,-0.8611020318,0.0727996353,,,,
19453,0.0,-360.33725,2267.926758,1806.969849,0.5031933068,-0.8611020318,0.0727996353,,,,
19454,0.0,-362.073639,2267.996338,1805.926758,0.5031933068,-0.8611020318,0.0727996353,,,,
19455,0.0,-365.689606,2268.128174,1803.173462,0.5060328701,-0.8593691341,0.073589576,,,,
19456,0.0,-366.786789,2268.183838,1802.1796875,0.5082705888,-0.857995272,0.0741479276,,,,
19457,0.0,-367.883972,2268.239502,1801.185913,0.5105083074,-0.8566214099,0.0747062793,,,,
19458,0.0,-370.837677,2267.26001,1797.337036,0.5153813667,-0.8535311399,0.0765939952,,,,
19581,0.0,-355.189789,2266.361328,1786.138306,0.8366526175,-0.5438456889,0.0651480186,,,,
19582,0.0,-355.105301,2266.3063965,1785.591553,0.8366526175,-0.5438456889,0.0651480186,,,,
19583,0.0,-354.828918,2266.126709,1783.776489,0.8366526175,-0.5438456889,0.0651480186,,,,
19584,0.0,-354.7429805,2266.070801,1783.076721,0.8366526175,-0.5438456889,0.0651480186,,,,
19585,0.0,-354.657043,2266.014893,1782.376953,0.8366526175,-0.5438456889,0.0651480186,,,,
19586,0.0,-354.326721,2265.800293,1777.779053,0.8366526175,-0.5438456889,0.0651480186,,,,
19587,0.0,-354.172241,2265.715576,1775.368652,0.8366526175,-0.5438456889,0.0651480186,,,,
19588,0.0,-354.0722505,2265.776489,1774.339111,0.8366526175,-0.5438456889,0.0651480186,,,,
19589,0.0,-353.97226,2265.837402,1773.30957,0.8366526175,-0.5438456889,0.0651480186,,,,
19590,0.0,-353.677094,2266.182373,1771.103271,0.8366526175,-0.5438456889,0.0651480186,,,,
19591,0.0,-353.674896,2266.321045,1770.708984,0.8366526175,-0.5438456889,0.0651480186,,,,
19592,0.0,-353.674805,2266.505371,1770.66394,0.8366526175,-0.5438456889,0.0651480186,,,,
19593,0.0,-353.705627,2266.688477,1770.637817,0.8366526175,-0.5438456889,0.0651480186,,,,
19594,0.0,-353.750793,2266.866943,1770.653809,0.8366526175,-0.5438456889,0.0651480186,,,,
19595,0.0,-353.667267,2266.983154,1770.633179,0.8366526175,-0.5438456889,0.0651480186,,,,
19596,0.0,-353.741058,2267.157959,1770.780762,0.8366526175,-0.5438456889,0.0651480186,,,,
19597,0.0,-353.792023,2267.172852,1770.881958,0.8366526175,-0.5438456889,0.0651480186,,,,
19598,0.0,-353.815582,2267.178223,1770.971069,0.8366526175,-0.5438456889,0.0651480186,,,,
19599,0.0,-353.831573,2267.176758,1771.095459,0.8366526175,-0.5438456889,0.0651480186,,,,
19600,0.0,-353.830994,2267.174561,1771.145996,0.8366526175,-0.5438456889,0.0651480186,,,,
19601,0.0,-353.815552,2267.160645,1771.218018,0.8366526175,-0.5438456889,0.0651480186,,,,
19602,0.0,-353.790894,2267.146484,1771.272461,0.8366526175,-0.5438456889,0.0651480186,,,,
19603,0.0,-353.752655,2267.129883,1771.309326,0.8366526175,-0.5438456889,0.0651480186,,,,
19604,0.0,-353.693726,2267.115967,1771.336548,0.8366526175,-0.5438456889,0.0651480186,,,,
19605,0.0,-353.652863,2267.108887,1771.343018,0.8366526175,-0.5438456889,0.0651480186,,,,
19606,0.0,-353.580536,2267.09668,1771.344849,0.8366526175,-0.5438456889,0.0651480186,,,,
19607,0.0,-353.537109,2267.0896,1771.339233,0.8366526175,-0.5438456889,0.0651480186,,,,
19608,0.0,-353.461304,2267.078857,1771.328003,0.8366526175,-0.5438456889,0.0651480186,,,,
19609,0.0,-353.41803,2267.072998,1771.320923,0.8366526175,-0.5438456889,0.0651480186,,,,
19610,0.0,-353.339783,2267.056152,1771.306885,0.8366526175,-0.5438456889,0.0651480186,,,,
19611,0.0,-353.305695,2267.043945,1771.302246,0.8366526175,-0.5438456889,0.0651480186,,,,
19612,0.0,-353.244446,2267.02002,1771.295898,0.8366526175,-0.5438456889,0.0651480186,,,,
19613,0.0,-353.208466,2267.002441,1771.286011,0.8366526175,-0.5438456889,0.0651480186,,,,
19614,0.0,-353.197205,2266.99707,1771.282349,0.8366526175,-0.5438456889,0.0651480186,,,,
19615,0.0,-353.108582,2266.946289,1771.254517,0.8366526175,-0.5438456889,0.0651480186,,,,
19616,0.0,-353.081268,2266.925049,1771.246826,0.8366526175,-0.5438456889,0.0651480186,,,,
19617,0.0,-353.034424,2266.881592,1771.234009,0.8366526175,-0.5438456889,0.0651480186,,,,
19618,0.0,-353.000641,2266.843262,1771.226196,0.8366526175,-0.5438456889,0.0651480186,,,,
19619,0.0,-352.96994,2266.800781,1771.219727,0.8366526175,-0.5438456889,0.0651480186,,,,
19620,0.0,-352.977814,2266.729248,1771.210449,0.8366526175,-0.5438456889,0.0651480186,,,,
19621,0.0,-352.9727325,2266.731201,1771.208374,0.8366526175,-0.5438456889,0.0651480186,,,,
19622,0.0,-352.967651,2266.733154,1771.206299,0.8366526175,-0.5438456889,0.0651480186,,,,
19623,0.0,-352.960724,2266.737061,1771.202148,0.8366526175,-0.5438456889,0.0651480186,,,,
19624,0.0,-352.949921,2266.736328,1771.197876,0.8366526175,-0.5438456889,0.0651480186,,,,
19625,0.0,-352.9470215,2266.7391355,1771.195984,0.8366526175,-0.5438456889,0.0651480186,,,,
19626,0.0,-352.941711,2266.743896,1771.191162,0.8366526175,-0.5438456889,0.0651480186,,,,
19627,0.0,-352.939728,2266.745605,1771.187378,0.8366526175,-0.5438456889,0.0651480186,,,,
19628,0.0,-352.939392,2266.745361,1771.186646,0.8366526175,-0.5438456889,0.0651480186,,,,
19629,0.0,-352.938782,2266.746338,1771.185913,0.8366526175,-0.5438456889,0.0651480186,,,,
19630,0.0,-352.939178,2266.746094,1771.186768,0.8366526175,-0.5438456889,0.0651480186,,,,
19631,0.0,-352.942139,2266.741455,1771.187866,0.8366526175,-0.5438456889,0.0651480186,,,,
19632,0.0,-352.943176,2266.741699,1771.187744,0.8366526175,-0.5438456889,0.0651480186,,,,
19633,0.0,-352.946869,2266.74292,1771.187622,0.8366526175,-0.5438456889,0.0651480186,,,,
19634,0.0,-352.951752,2266.743164,1771.186523,0.8366526175,-0.5438456889,0.0651480186,,,,
19635,0.0,-352.953857,2266.743408,1771.187378,0.8366526175,-0.5438456889,0.0651480186,,,,
19636,0.0,-352.95697,2266.745117,1771.190186,0.8366526175,-0.5438456889,0.0651480186,,,,
19637,0.0,-352.963989,2266.748779,1771.187134,0.8366526175,-0.5438456889,0.0651480186,,,,
19638,0.0,-352.971954,2266.753662,1771.19104,0.8366526175,-0.5438456889,0.0651480186,,,,
19639,0.0,-352.974609,2266.755127,1771.193726,0.8366526175,-0.5438456889,0.0651480186,,,,
19640,0.0,-352.984375,2266.760498,1771.194214,0.8366526175,-0.5438456889,0.0651480186,,,,
19641,0.0,-352.990631,2266.76416,1771.196167,0.8366526175,-0.5438456889,0.0651480186,,,,
19642,0.0,-352.997589,2266.766357,1771.199829,0.8366526175,-0.5438456889,0.0651480186,,,,
19643,0.0,-353.006622,2266.76709,1771.200684,0.8366526175,-0.5438456889,0.0651480186,,,,
19644,0.0,-353.012085,2266.768555,1771.201172,0.8366526175,-0.5438456889,0.0651480186,,,,
19645,0.0,-353.024963,2266.774902,1771.203247,0.8366526175,-0.5438456889,0.0651480186,,,,
19646,0.0,-353.039124,2266.77832,1771.202515,0.8366526175,-0.5438456889,0.0651480186,,,,
19647,0.0,-353.054474,2266.779053,1771.204956,0.8366526175,-0.5438456889,0.0651480186,,,,
19648,0.0,-353.073181,2266.775391,1771.215576,0.8366526175,-0.5438456889,0.0651480186,,,,
19649,0.0,-353.079834,2266.777588,1771.218262,0.8366526175,-0.5438456889,0.0651480186,,,,
19650,0.0,-353.084015,2266.778809,1771.220337,0.8366526175,-0.5438456889,0.0651480186,,,,
19651,0.0,-353.112549,2266.778564,1771.237183,0.8366526175,-0.5438456889,0.0651480186,,,,
19652,0.0,-353.124756,2266.7771,1771.246216,0.8366526175,-0.5438456889,0.0651480186,,,,
19653,0.0,-353.139862,2266.775635,1771.258667,0.8366526175,-0.5438456889,0.0651480186,,,,
19654,0.0,-353.147186,2266.77417,1771.265015,0.8366526175,-0.5438456889,0.0651480186,,,,
19655,0.0,-353.16098,2266.770752,1771.275635,0.8366526175,-0.5438456889,0.0651480186,,,,
19656,0.0,-353.171448,2266.76709,1771.282959,0.8366526175,-0.5438456889,0.0651480186,,,,
19657,0.0,-353.183044,2266.760254,1771.289429,0.8366526175,-0.5438456889,0.0651480186,,,,
19658,0.0,-353.193756,2266.756104,1771.296875,0.8366526175,-0.5438456889,0.0651480186,,,,
19659,0.0,-353.206177,2266.752441,1771.303955,0.8366526175,-0.5438456889,0.0651480186,,,,
19660,0.0,-353.217743,2266.750732,1771.303955,0.8366526175,-0.5438456889,0.0651480186,,,,
19661,0.0,-353.238068,2266.740723,1771.306519,0.8366526175,-0.5438456889,0.0651480186,,,,
19662,0.0,-353.245697,2266.736816,1771.308105,0.8366526175,-0.5438456889,0.0651480186,,,,
19663,0.0,-353.2511595,2266.734619,1771.309265,0.8366526175,-0.5438456889,0.0651480186,,,,
19664,0.0,-353.26239,2266.730469,1771.311401,0.8366526175,-0.5438456889,0.0651480186,,,,
19665,0.0,-353.892212,2266.957275,1771.744873,0.8366526175,-0.5438456889,0.0651480186,,,,
19666,0.0,-353.898529,2267.063477,1771.918945,0.8370546647,-0.5432266783,0.0651480186,,,,
19667,0.0,-353.893799,2267.25293,1772.073853,0.8388291392,-0.5404825723,0.0651480186,,,,
19668,0.0,-353.8624575,2267.2924805,1772.08429,0.8410763428,-0.5369043692,0.0656216901,,,,
19669,0.0,-353.925659,2267.365234,1772.092407,0.8473046359,-0.5269772532,0.0661046787,,,,
19670,0.0,-354.052856,2267.339111,1772.07666,0.8510289042,-0.5209414298,0.0661046961,,,,
19671,0.0,-354.195618,2267.371094,1772.093018,0.8558362353,-0.5130053701,0.0661046787,,,,
19672,0.0,-354.349701,2267.407715,1772.114014,0.8610817511,-0.504151155,0.0661046961,,,,
19673,0.0,-354.232208,2267.402832,1772.117676,0.8653309613,-0.4968224017,0.0661046787,,,,
19674,0.0,-354.662445,2267.517334,1772.233521,0.8673131905,-0.4933538295,0.0661046787,,,,
19675,0.0,-353.679596,2267.488525,1772.08667,0.8674756608,-0.4930680981,0.0661046787,,,,
19676,0.0,-353.828674,2267.510254,1772.05481,0.8674756608,-0.4930680981,0.0661046787,,,,
19677,0.0,-353.880829,2267.494873,1772.036133,0.8674756608,-0.4930680981,0.0661046787,,,,
19678,0.0,-354.142944,2267.466064,1772.004272,0.8674756608,-0.4930680981,0.0661046787,,,,
19679,0.0,-354.290253,2267.459473,1772.000732,0.8674756608,-0.4930680981,0.0661046787,,,,
19680,0.0,-354.433868,2267.45752,1772.008545,0.8674756608,-0.4930680981,0.0661046787,,,,
19681,0.0,-354.671631,2267.468994,1772.061768,0.8674756608,-0.4930680981,0.0661046787,,,,
19682,0.0,-354.843109,2267.47583,1772.095703,0.8674756608,-0.4930680981,0.0661046787,,,,
19683,0.0,-354.994232,2267.461426,1772.122559,0.8674756608,-0.4930680981,0.0661046787,,,,
19684,0.0,-355.059723,2267.437256,1772.133423,0.8688435135,-0.4906537684,0.0661046787,,,,
19685,0.0,-353.416565,2267.240234,1771.724487,0.8700616548,-0.4884904154,0.0661046961,,,,
19686,0.0,-353.395782,2267.202881,1771.639404,0.8715791674,-0.4856527049,0.0670164542,,,,
19687,0.0,-353.388702,2267.142822,1771.574951,0.8720720302,-0.4845332999,0.068686646,,,,
19688,0.0,-353.450439,2267.066406,1771.498413,0.8723097205,-0.4837165339,0.0713727284,,,,
19689,0.0,-353.439484,2267.051514,1771.491333,0.8721711177,-0.4836396753,0.0735541026,,,,
19690,0.0,-353.680115,2266.991211,1771.458008,0.8728832326,-0.4818822592,0.0765790469,,,,
19691,0.0,-353.832916,2266.984375,1771.497192,0.8728319835,-0.4818197995,0.0775500443,,,,
19692,0.0,-353.947693,2266.984619,1771.530518,0.8728233945,-0.4818151774,0.0776753289,,,,
19693,0.0,-354.131195,2266.997803,1771.595337,0.8727931807,-0.4817983795,0.0781177653,,,,
19694,0.0,-353.381226,2267.010254,1771.548706,0.8727633878,-0.4817819333,0.0785508603,,,,
19695,0.0,-353.579132,2267.156494,1771.719482,0.8727577966,-0.4817789661,0.0786311407,,,,
19696,0.0,-353.669006,2267.243164,1771.801392,0.8727577966,-0.4817789661,0.0786311407,,,,
19697,0.0,-353.807129,2267.356934,1771.905884,0.8723153203,-0.4825796574,0.0786311407,,,,
19698,0.0,-354.179413,2267.418701,1771.992188,0.8722954927,-0.4826154961,0.0786311407,,,,
19699,0.0,-354.32077,2267.452881,1772.050171,0.8722954927,-0.4826154961,0.0786311407,,,,
19700,0.0,-354.601166,2267.540039,1772.177734,0.8722954927,-0.4826154961,0.0786311407,,,,
19701,0.0,-353.392548,2267.486084,1771.95874,0.8722954927,-0.4826154961,0.0786311407,,,,
19702,0.0,-353.493561,2267.510742,1771.964844,0.8722954927,-0.4826154961,0.0786311407,,,,
19703,0.0,-353.593048,2267.523926,1771.965088,0.8722954927,-0.4826154961,0.0786311407,,,,
19704,0.0,-353.877045,2267.529541,1771.96582,0.8722954927,-0.4826154961,0.0786311407,,,,
19705,0.0,-354.269409,2267.566895,1772.009521,0.8722954927,-0.4826154961,0.0786311407,,,,
19706,0.0,-354.552704,2267.607422,1772.0896,0.8722954927,-0.4826154961,0.0786311407,,,,
19707,0.0,-354.779114,2267.623535,1772.151001,0.8722954927,-0.4826154961,0.0786311407,,,,
19708,0.0,-354.830872,2267.628418,1772.165527,0.8722954927,-0.4826154961,0.0786311407,,,,
19709,0.0,-354.960022,2267.640869,1772.202759,0.8722954927,-0.4826154961,0.0786311407,,,,
19710,0.0,-354.347687,2267.55896,1772.0477295,0.872489671,-0.482264198,0.0786311407,,,,
19711,0.0,-354.015778,2267.376953,1771.832397,0.8727577966,-0.4817789661,0.0786311407,,,,
19712,0.0,-354.0319215,2267.3757325,1771.8312375,0.8727577966,-0.4817789661,0.0786311407,,,,
19713,0.0,-354.181549,2267.32666,1771.80481,0.8727073509,-0.48175098,0.0793591392,,,,
19714,0.0,-354.396973,2267.281982,1771.824585,0.8728432904,-0.4814061233,0.07995458,,,,
19715,0.0,-354.514099,2267.253906,1771.84375,0.8730851292,-0.4808694278,0.0805416071,,,,
19716,0.0,-354.446228,2267.261963,1771.83252,0.8734832773,-0.480145671,0.0805425292,,,,
19717,0.0,-353.22049,2267.113037,1771.492554,0.8745362668,-0.4781028605,0.0812648317,,,,
19718,0.0,-353.297485,2267.055176,1771.438599,0.8760367301,-0.4751584004,0.0823659039,,,,
19719,0.0,-353.45752,2267.046631,1771.436401,0.8761557389,-0.4749237007,0.0824536215,,,,
19720,0.0,-353.446899,2267.044434,1771.435303,0.8761215367,-0.4749050822,0.0829229509,,,,
19721,0.0,-353.772278,2267.038086,1771.462524,0.8760966568,-0.4748915563,0.0832625827,,,,
19722,0.0,-354.058838,2267.062744,1771.553101,0.8760858378,-0.4748858106,0.0834090631,,,,
19723,0.0,-352.978516,2267.010986,1771.355469,0.8760858378,-0.4748858106,0.0834090631,,,,
19724,0.0,-353.082397,2267.003662,1771.326294,0.8760858378,-0.4748858106,0.0834090631,,,,
19725,0.0,-353.208984,2266.963867,1771.293457,0.8760858378,-0.4748858106,0.0834090631,,,,
19726,0.0,-353.390533,2266.952881,1771.292236,0.8760858378,-0.4748858106,0.0834090631,,,,
19727,0.0,-353.524078,2266.950684,1771.292969,0.8760858378,-0.4748858106,0.0834090631,,,,
19728,0.0,-353.766571,2266.961426,1771.333862,0.8757307702,-0.4755402678,0.0834090631,,,,
19729,0.0,-353.995728,2266.994141,1771.418335,0.8756301411,-0.4757255344,0.0834090631,,,,
19730,0.0,-354.072937,2266.998291,1771.450073,0.8756301411,-0.4757255344,0.0834090631,,,,
19731,0.0,-354.291046,2267.028564,1771.555542,0.8756301411,-0.4757255344,0.0834090631,,,,
19732,0.0,-354.386322,2267.033447,1771.605469,0.8756301411,-0.4757255344,0.0834090631,,,,
19733,0.0,-354.540009,2267.039551,1771.674927,0.8756301411,-0.4757255344,0.0834090631,,,,
19734,0.0,-354.602295,2267.027588,1771.708374,0.875566073,-0.4756908651,0.0842748636,,,,
19735,0.0,-354.626099,2267.039795,1771.718628,0.8755594715,-0.47568714,0.084364428,,,,
19736,0.0,-354.623352,2267.037842,1771.716431,0.8755594715,-0.47568714,0.084364428,,,,
19737,0.0,-354.575928,2267.061768,1771.685669,0.8755594715,-0.47568714,0.084364428,,,,
19738,0.0,-354.526184,2267.088867,1771.651611,0.8751939132,-0.4765187663,0.083459449,,,,
19739,0.0,-354.470551,2267.095459,1771.61853,0.8739304256,-0.4789985601,0.082498428,,,,
19740,0.0,-354.41095,2267.130371,1771.569946,0.8724665256,-0.4819338438,0.0808822103,,,,
19741,0.0,-354.458008,2267.126953,1771.571289,0.8697552339,-0.4871496296,0.0788103518,,,,
19742,0.0,-354.316711,2267.17749,1771.464233,0.8647252223,-0.496324028,0.0768944028,,,,
19743,0.0,-354.310181,2267.21875,1771.431152,0.8540427187,-0.5148060434,0.0747380251,,,,
19744,0.0,-354.41629,2267.243896,1771.430664,0.8333814391,-0.5479567387,0.0722411905,,,,
19745,0.0,-354.726318,2267.072754,1771.415527,0.7934396563,-0.604528029,0.0707062521,,,,
19746,0.0,-354.792755,2266.791504,1771.253784,0.6708164037,-0.738409028,0.0689743429,,,,
19747,0.0,-354.958328,2266.729248,1771.257263,0.6158508654,-0.7817121472,0.0689743429,,,,
19748,0.0,-354.757843,2266.296143,1770.862183,0.4881634881,-0.8697292861,0.0725767022,,,,
19749,0.0,-354.720642,2266.045654,1770.649536,0.4083746986,-0.9095848199,0.0767174098,,,,
19750,0.0,-354.838974,2265.954956,1770.60083,0.3518654867,-0.9304798362,0.0820924475,,,,
19751,0.0,-355.624298,2265.558105,1770.415894,0.2260226338,-0.9691306603,0.0984862034,0.1281482188,582.4035339065,1189.1372560658,6.0
19752,0.0,-355.902466,2265.4559325,1770.3543095,0.2022374439,-0.973502824,0.1038217179,0.1169761676,556.7878436121,1187.8238598475,6.0
19753,0.0,-356.308685,2265.192627,1770.154175,0.1783843551,-0.9778855091,0.1091739568,0.1047955215,527.8067435446,1184.3376509405,6.0
19754,0.0,-356.46283,2265.10498,1770.131592,0.1783843551,-0.9778855091,0.1091739568,0.1038352737,524.5718453671,1182.2096223642,6.0
19755,0.0,-356.679443,2264.969238,1770.071411,0.1783843551,-0.9778855091,0.1091739568,0.1026111147,520.4577323464,1179.5329745351,6.0
19756,0.0,-356.824768,2264.823486,1769.897705,0.1783843551,-0.9778855091,0.1091739568,0.101704674,517.4376078033,1177.6212805458,6.0
19757,0.0,-357.045929,2264.71167,1769.892212,0.1783843551,-0.9778855091,0.1091739568,0.1008413496,514.5822321213,1175.8578932919,6.0
19758,0.0,-357.279907,2264.612793,1769.828491,0.1783843551,-0.9778855091,0.1091739568,0.0999380658,511.6263448508,1174.0958437783,6.0
19759,0.0,-357.528198,2264.463379,1769.756592,0.1783843551,-0.9778855091,0.1091739568,0.0990291843,508.6360746198,1172.2974849754,6.0
19760,0.0,-357.746582,2264.269043,1769.607544,0.1783843551,-0.9778855091,0.1091739568,0.0982940224,506.2289919352,1170.8783454149,6.0
19761,0.0,-357.973511,2264.137451,1769.586426,0.1783843551,-0.9778855091,0.1091739568,0.097640769,504.1530992309,1169.7702730441,6.0
19762,0.0,-358.238037,2263.981445,1769.46814,0.1783843551,-0.9778855091,0.1091739568,0.0969169429,501.9022362549,1168.6659912949,6.0
19763,0.0,-358.545288,2263.824951,1769.47644,0.1783843551,-0.9778855091,0.1091739568,0.0945408082,495.9051207548,1168.39344418,6.0
19764,0.0,-358.825867,2263.69751,1769.482056,0.1783843551,-0.9778855091,0.1091739568,0.0940093321,494.1048461567,1167.2751629498,6.0
19765,0.0,-359.168213,2263.518555,1769.412231,0.1783843551,-0.9778855091,0.1091739568,0.0933539507,491.8809112873,1165.8926896375,6.0
19766,0.0,-359.448303,2263.400391,1769.369019,0.1783843551,-0.9778855091,0.1091739568,0.0928905909,490.3183780074,1164.9425396927,6.0
19767,0.0,-359.788757,2263.208008,1769.2854,0.1783843551,-0.9778855091,0.1091739568,0.0923849445,488.5913490015,1163.8574778776,6.0
19768,0.0,-360.109192,2263.054199,1769.300537,0.1783843551,-0.9778855091,0.1091739568,0.0920812057,487.4571891108,1162.9767650219,6.0
19769,0.0,-360.36441,2262.722412,1769.387451,0.1783843551,-0.9778855091,0.1091739568,0.091855913,486.4932422747,1162.0308820469,6.0
19770,0.0,-360.519684,2262.265381,1769.454834,0.1918487195,-0.9750212995,0.1119264689,0.0975484681,500.108976272,1160.9075139544,6.0
19771,0.0,-361.023621,2261.741455,1769.439087,0.2176451642,-0.9692741142,0.1146223108,0.108760558,526.0179533084,1159.8226753728,6.0
19772,0.0,-361.488586,2261.262939,1769.409912,0.2438560914,-0.9629293676,0.1153310003,0.1205372884,551.5533128656,1158.8038565358,6.0
19773,0.0,-361.600433,2260.780762,1769.352539,0.2675604078,-0.9565601036,0.1157764932,0.1318616373,574.712444436,1157.9421147465,6.0
19774,0.0,-361.767822,2260.45166,1769.259277,0.2926787014,-0.9488323525,0.1185594563,0.1447486451,599.6775653048,1157.2019832006,6.0
19775,0.0,-361.908783,2260.177979,1769.172852,0.3071360745,-0.9439373906,0.1210356736,,,,
19776,0.0,-362.081848,2259.802979,1769.045166,0.3178775638,-0.9401887181,0.1224705226,,,,
19777,0.0,-362.284882,2259.438965,1768.958496,0.3190234512,-0.9397959143,0.1225058246,,,,
19778,0.0,-362.489227,2259.080811,1768.905029,0.3190783827,-0.9397772654,0.1225058246,,,,
19779,0.0,-362.742615,2258.646484,1768.788452,0.3190783827,-0.9397772654,0.1225058246,,,,
19780,0.0,-362.993073,2258.224121,1768.726318,0.3190783827,-0.9397772654,0.1225058246,,,,
19781,0.0,-363.259857,2257.745117,1768.686523,0.3190783827,-0.9397772654,0.1225058246,,,,
19782,0.0,-363.512115,2257.326416,1768.590088,0.3190783827,-0.9397772654,0.1225058246,,,,
19783,0.0,-363.709442,2256.868896,1768.561768,0.3190783827,-0.9397772654,0.1225058246,,,,
19784,0.0,-363.939026,2256.398193,1768.569458,0.3190783827,-0.9397772654,0.1225058246,,,,
19785,0.0,-364.228729,2255.888916,1768.540161,0.3190783827,-0.9397772654,0.1225058246,,,,
19786,0.0,-364.628418,2254.996582,1768.456665,0.3290212863,-0.9364563925,0.1216323066,,,,
19787,0.0,-364.86142,2254.459473,1768.494751,0.3406370295,-0.9326399843,0.118949879,,,,
19788,0.0,-364.976807,2254.229126,1768.4850465,0.3466929986,-0.93050985,0.117954144,,,,
19789,0.0,-365.322205,2253.432861,1768.440674,0.3644394514,-0.9240848396,0.115113403,,,,
19790,0.0,-365.537598,2252.892334,1768.442505,0.3809415517,-0.9177477094,0.1123506837,,,,
19791,0.0,-365.751953,2252.324951,1768.431152,0.3970674843,-0.9113618816,0.1084293953,,,,
19792,0.0,-365.926697,2251.856934,1768.418701,0.4063145529,-0.9075076062,0.1064820583,,,,
19793,0.0,-366.232452,2251.164062,1768.425293,0.4157641339,-0.9034462329,0.1045231518,,,,
19794,0.0,-366.395294,2250.624512,1768.364258,0.4247107398,-0.8994806858,0.102738909,,,,
19795,0.0,-366.604492,2250.010986,1768.341675,0.4346116848,-0.8949636777,0.1007606021,,,,
19796,0.0,-366.856445,2249.391846,1768.295898,0.4452905617,-0.8898115564,0.0997582567,,,,
19797,0.0,-367.030945,2248.826172,1768.194092,0.459169008,-0.8829380955,0.0978986292,,,,
19798,0.0,-367.209015,2248.156738,1768.164307,0.4720325033,-0.8763286341,0.0960907949,,,,
19799,0.0,-367.364594,2247.485596,1768.101929,0.489357377,-0.8670889233,0.0931995529,,,,
19800,0.0,-367.442108,2247.001953,1768.084351,0.5016228573,-0.8602487984,0.0913592575,,,,
19801,0.0,-367.648743,2246.216309,1768.042725,0.5147801033,-0.8526477699,0.0894048416,,,,
19802,0.0,-367.867615,2245.478271,1767.945435,0.5273310565,-0.8451460357,0.0874650511,,,,
19803,0.0,-368.056519,2244.721436,1767.871582,0.5358036302,-0.8400106047,0.0854204532,,,,
19804,0.0,-368.226196,2244.087402,1767.820557,0.5394455147,-0.8377643065,0.084554737,,,,
19805,0.0,-368.437195,2243.343262,1767.791016,0.5406153146,-0.8370291082,0.0843644106,,,,
19806,0.0,-368.628845,2242.468262,1767.803345,0.5410283003,-0.8367622252,0.084364428,,,,
19807,0.0,-368.855011,2241.704102,1767.743774,0.5410565447,-0.8367439625,0.084364428,,,,
19808,0.0,-369.200287,2240.770264,1767.686768,0.5410565447,-0.8367439625,0.084364428,,,,
19809,0.0,-369.467712,2240.030029,1767.5802,0.5410565447,-0.8367439625,0.084364428,,,,
19810,0.0,-369.464447,2239.178955,1768.394775,0.5410565447,-0.8367439625,0.084364428,,,,
19811,0.0,-369.627594,2238.43457,1769.764526,0.5410565447,-0.8367439625,0.084364428,,,,
19812,0.0,-370.365173,2237.52417,1771.065918,0.5410565447,-0.8367439625,0.084364428,,,,
19813,0.0,-372.327972,2238.326172,1772.480835,0.5418301758,-0.8362432086,0.084364428,,,,
19814,0.0,-372.57605,2237.742188,1772.478394,0.5440475292,-0.8348882538,0.0835098172,,,,
19815,0.0,-372.8349,2237.114502,1772.293945,0.5473405119,-0.8327432331,0.0834090631,,,,
19816,0.0,-372.925964,2236.38916,1771.987061,0.5518411374,-0.8298075612,0.0830106644,,,,
19817,0.0,-373.266846,2235.897217,1771.340088,0.5575386895,-0.8260428422,0.0824853478,,,,
19818,0.0,-373.457062,2235.251221,1770.555908,0.5692835376,-0.8180881517,0.0815354516,,,,
19819,0.0,-373.611328,2234.658447,1769.62854,0.5862860938,-0.8059942136,0.0814981215,,,,
19820,0.0,-373.748779,2234.092529,1768.562866,0.6035933407,-0.7932078266,0.0806003901,,,,
19821,0.0,-373.91803,2233.322754,1767.195801,0.6189131588,-0.7814032411,0.0797212437,,,,
19822,0.0,-374.082581,2232.530518,1765.555786,0.6386205404,-0.7656759932,0.0768380041,,,,
19823,0.0,-374.003876,2231.726807,1763.821289,0.6622551586,-0.7457056448,0.073083488,,,,
19824,0.0,-373.683716,2230.889404,1761.847778,0.6861064141,-0.7242034192,0.0691910128,,,,
19825,0.0,-373.147827,2230.109619,1759.86377,0.7096507936,-0.7014111657,0.0664689985,,,,
19826,0.0,-372.473053,2229.160645,1757.317871,0.7365294344,-0.6734348087,0.0633241719,,,,
19827,0.0,-370.864655,2226.442627,1752.385986,0.7775143087,-0.6262796788,0.0569672152,,,,
19828,0.0,-370.158722,2225.4781495,1750.7595825,0.788732625,-0.611966326,0.0553602462,,,,
19829,0.0,-368.535156,2223.728516,1745.25708,0.8146897101,-0.5774087813,0.0536635398,,,,
19830,0.0,-367.731903,2223.012939,1739.248413,0.8312740829,-0.5532663225,0.0536635398,,,,
19831,0.0,-367.073395,2222.391357,1735.807251,0.841354804,-0.5371319467,0.0600946393,,,,
19832,0.0,-366.436615,2221.734619,1733.480591,0.8443608458,-0.5320590445,0.0629915492,,,,
19833,0.0,-365.52359,2220.99707,1733.714355,0.8445420464,-0.5317425428,0.063234485,,,,
19834,0.0,-364.855652,2220.523438,1733.950073,0.8445420464,-0.5317425428,0.063234485,,,,
19835,0.0,-364.278473,2220.219971,1734.131226,0.8445420464,-0.5317425428,0.063234485,,,,
19836,0.0,-363.796875,2220.051025,1734.290894,0.8445420464,-0.5317425428,0.063234485,,,,
19837,0.0,-363.218384,2219.915771,1734.415405,0.8445420464,-0.5317425428,0.063234485,,,,
19838,0.0,-362.606903,2219.840088,1734.526611,0.8445420464,-0.5317425428,0.063234485,,,,
19839,0.0,-362.078064,2219.811035,1734.582031,0.8445420464,-0.5317425428,0.063234485,,,,
19840,0.0,-361.409088,2219.809326,1734.610596,0.8445420464,-0.5317425428,0.063234485,,,,
19841,0.0,-360.72699,2219.867676,1734.633545,0.8445420464,-0.5317425428,0.063234485,,,,
19842,0.0,-360.196167,2219.958252,1734.625366,0.8445420464,-0.5317425428,0.063234485,,,,
19843,0.0,-359.514984,2220.06665,1734.567383,0.8445420464,-0.5317425428,0.063234485,,,,
19844,0.0,-358.77417,2220.207275,1734.50061,0.8445420464,-0.5317425428,0.063234485,,,,
19845,0.0,-357.964813,2220.265869,1734.546509,0.8445420464,-0.5317425428,0.063234485,,,,
19846,0.0,-357.278046,2220.422852,1734.436279,0.8445420464,-0.5317425428,0.063234485,,,,
19847,0.0,-356.472137,2220.530029,1734.306763,0.8444534885,-0.5316864555,0.0648677021,,,,
19848,0.0,-355.710419,2220.753174,1734.11438,0.8429952063,-0.5339614384,0.0651480186,,,,
19849,0.0,-354.893555,2220.952637,1734.046631,0.8434047501,-0.5333143194,0.0651480186,,,,
19850,0.0,-354.157928,2221.158936,1733.973633,0.8434168597,-0.5332951683,0.0651480186,,,,
19851,0.0,-353.44519,2221.362549,1733.932617,0.8434168597,-0.5332951683,0.0651480186,,,,
19852,0.0,-352.477081,2221.616455,1733.886475,0.8434168597,-0.5332951683,0.0651480186,,,,
19853,0.0,-351.6539,2221.858154,1733.823853,0.8434168597,-0.5332951683,0.0651480186,,,,
19854,0.0,-350.934479,2222.06543,1733.779785,0.8425328833,-0.5346906381,0.0651480012,,,,
19855,0.0,-350.100128,2222.327637,1733.756836,0.8405688825,-0.5377728976,0.0651480186,,,,
19856,0.0,-349.180969,2222.600342,1733.796997,0.8382157854,-0.5413203096,0.066080402,,,,
19857,0.0,-348.422791,2222.831055,1733.856201,0.8354369933,-0.5455961893,0.0661046787,,,,
19858,0.0,-347.521881,2223.108398,1733.953613,0.8315660132,-0.551371033,0.0669921616,,,,
19859,0.0,-346.675079,2223.307617,1734.043945,0.8258238763,-0.5599265202,0.0670612953,,,,
19860,0.0,-345.648224,2223.541504,1734.04126,0.816339264,-0.5735562994,0.0679954226,,,,
19861,0.0,-344.769714,2223.652832,1734.192505,0.8028158663,-0.592041558,0.0705228929,,,,
19862,0.0,-343.68396,2223.654053,1734.699707,0.7798715133,-0.6215158777,0.0742861797,,,,
19863,0.0,-342.622833,2223.645508,1734.933105,0.7528818353,-0.653378046,0.0791585185,,,,
19864,0.0,-341.483917,2223.531738,1735.12915,0.7181044739,-0.6908188077,0.0842338377,,,,
19865,0.0,-340.628876,2223.489258,1735.270752,0.7019358734,-0.7068693372,0.0873027478,,,,
19866,0.0,-339.361542,2223.51001,1735.290283,0.6836087656,-0.724183948,0.0907560748,,,,
19867,0.0,-338.01123,2223.221436,1735.377075,0.6762868412,-0.7307958192,0.092593623,,,,
19868,0.0,-336.625732,2223.134521,1735.375854,0.6742272981,-0.7325393408,0.0938278462,,,,
19869,0.0,-335.318481,2223.094727,1735.354004,0.6741588534,-0.7325913434,0.0939135979,,,,
19870,0.0,-332.840118,2223.014648,1735.243896,0.6786121264,-0.7283543978,0.0947916305,,,,
19871,0.0,-332.0943905,2222.962524,1735.1752315,0.6803969771,-0.726678235,0.094829846,,,,
19872,0.0,-331.348663,2222.9104,1735.106567,0.6821818278,-0.7250020722,0.0948680616,,,,
19873,0.0,-328.777679,2222.824707,1734.979248,0.6858777232,-0.7215066179,0.0948680616,,,,
19874,0.0,-327.357178,2222.732178,1734.912109,0.685946602,-0.7214411342,0.0948680616,,,,
19875,0.0,-326.141479,2222.647705,1734.891479,0.685946602,-0.7214411342,0.0948680616,,,,
19876,0.0,-324.772095,2222.556641,1734.882202,0.685946602,-0.7214411342,0.0948680616,,,,
19877,0.0,-323.676758,2222.630371,1734.892212,0.685946602,-0.7214411342,0.0948680616,,,,
19878,0.0,-322.204224,2222.424805,1734.947388,0.685946602,-0.7214411342,0.0948680616,,,,
19879,0.0,-321.038483,2222.416504,1735.032593,0.685946602,-0.7214411342,0.0948680616,,,,
19880,0.0,-319.803589,2222.384033,1735.158936,0.685946602,-0.7214411342,0.0948680616,,,,
19881,0.0,-318.913086,2222.405029,1735.171875,0.685946602,-0.7214411342,0.0948680616,,,,
19882,0.0,-317.549438,2222.412842,1735.511353,0.685946602,-0.7214411342,0.0948680616,,,,
19883,0.0,-316.301758,2222.489258,1735.722168,0.6838971174,-0.7233842573,0.0948680616,,,,
19884,0.0,-315.245117,2222.560791,1735.894287,0.6791260771,-0.7279873325,0.0939266474,,,,
19885,0.0,-314.438629,2222.644531,1736.083862,0.675266708,-0.7316259348,0.0934792199,,,,
19886,0.0,-313.227325,2222.788086,1736.259521,0.6708800513,-0.7357137754,0.0929795536,,,,
19887,0.0,-312.246368,2222.883789,1736.368896,0.6695374546,-0.7370414256,0.0921386665,,,,
19888,0.0,-311.071747,2222.886719,1736.386841,0.6693469765,-0.7372311781,0.0920044299,,,,
19889,0.0,-310.098785,2223.178955,1736.35791,0.6693469765,-0.7372311781,0.0920044299,,,,
19890,0.0,-309.120667,2223.299805,1736.302246,0.6693469765,-0.7372311781,0.0920044299,,,,
19891,0.0,-307.991516,2223.418701,1736.209961,0.6687455007,-0.7378867363,0.0911187115,,,,
19892,0.0,-307.18927,2223.315186,1736.087158,0.6646158671,-0.7418125427,0.0894421637,,,,
19893,0.0,-305.773712,2222.841309,1735.716309,0.6594195131,-0.7466763367,0.0874091189,,,,
19894,0.0,-304.583527,2222.073486,1735.366211,0.6494158835,-0.7557790532,0.0840061491,,,,
19895,0.0,-303.45224,2221.144287,1735.010742,0.6379274667,-0.7656583484,0.0825581059,,,,
19896,0.0,-302.635712,2220.117676,1734.81189,0.6092684011,-0.7887593093,0.0815522379,,,,
19897,0.0,-302.188965,2218.960205,1734.702515,0.5364870905,-0.8396911486,0.0842637333,,,,
19898,0.0,-301.377045,2218.431885,1734.692505,0.4445535888,-0.8912724498,0.0894736101,,,,
19899,0.0,-300.649078,2217.778809,1734.714111,0.3585198111,-0.928760962,0.0941627343,0.1245525318,514.7859179336,1065.1184955142,6.0
19900,0.0,-299.747833,2216.633301,1735.05481,0.1824808199,-0.9778009353,0.1029858304,0.0522801527,339.8468300506,1065.0047741599,6.0
19901,0.0,-299.836517,2215.973877,1735.366821,0.0426465219,-0.9933811259,0.1066546429,0.0184659123,203.7697591175,1065.2549806825,6.0
19902,0.0,-301.381012,2215.223145,1735.548462,-0.1270311885,-0.9856892945,0.1108137707,0.0047247469,103.4797989404,1065.773444936,6.0
19903,0.0,-303.090454,2214.696045,1735.82605,-0.2969037937,-0.9479832592,0.1147862251,0.022092423,222.5439047087,1064.6112016057,6.0
21249,0.0,2326.947754,-355.139221,1664.536743,-0.2790658396,0.960248519,0.0067111071,,,,
21250,0.0,2326.4365235,-353.6863095,1665.354126,-0.2799125382,0.9600016428,0.0067111071,,,,
21251,0.0,2326.141846,-350.785034,1667.371582,-0.2823295065,0.9592940169,0.0067111071,,,,
21252,0.0,2326.234131,-349.787842,1668.636963,-0.2839854539,0.9588051017,0.0067111071,,,,
21253,0.0,2326.673462,-347.923172,1669.5525515,-0.2874369702,0.95777233,0.0062411166,,,,
21254,0.0,2327.60083,-343.477844,1671.573608,-0.2944615027,0.9556500969,0.0050314838,,,,
21255,0.0,2328.059326,-339.642365,1673.300659,-0.3005955463,0.9537396596,0.0047936681,,,,
21256,0.0,2328.419434,-336.893951,1674.506348,-0.3043898838,0.9525354688,0.0047936681,,,,
21257,0.0,2328.815186,-332.837799,1675.216309,-0.3106690445,0.9505060576,0.0047936681,,,,
21258,0.0,2328.979492,-330.035797,1675.264404,-0.317207826,0.9483439333,0.0047936681,,,,
21259,0.0,2329.013672,-327.057617,1675.296997,-0.3275523091,0.9448208854,0.0047936681,,,,
21260,0.0,2328.980225,-322.912109,1675.409424,-0.3450316203,0.9385788202,0.0047936681,,,,
21261,0.0,2328.65918,-319.409363,1675.442749,-0.3687543422,0.929514527,0.0047936681,,,,
21262,0.0,2328.412109,-316.96524,1675.528687,-0.3896434474,0.920953313,0.0047936681,,,,
21263,0.0,2327.975586,-313.410675,1675.557617,-0.4197905781,0.9076083359,0.0047936681,,,,
21264,0.0,2327.729736,-310.180817,1675.608398,-0.4659011733,0.8848298338,0.0035016993,,,,
21265,0.0,2327.65332,-307.07663,1675.646362,-0.5015502663,0.8651254047,0.0023161197,,,,
21266,0.0,2327.560547,-303.853699,1675.647583,-0.5410316511,0.8410018908,0.000756478,,,,
21267,0.0,2327.530518,-299.825287,1675.568237,-0.6181209671,0.7860829919,0.0,,,,
21268,0.0,2327.583252,-296.549744,1675.561401,-0.6543336228,0.7562059971,0.0,,,,
21269,0.0,2327.614502,-293.342072,1675.49707,-0.6841519406,0.7293302386,0.0036776622,,,,
21270,0.0,2327.640137,-291.59491,1675.47937,-0.6908320296,0.7229962229,0.005250572,,,,
21271,0.0,2327.693604,-287.929871,1675.513062,-0.696436691,0.7175868564,0.0067111071,,,,
21272,0.0,2327.743652,-284.549805,1675.569702,-0.696436691,0.7175868564,0.0067111071,,,,
21273,0.0,2327.785156,-281.066681,1675.652832,-0.696436691,0.7175868564,0.0067111071,,,,
21274,0.0,2327.810791,-277.840607,1675.818726,-0.696436691,0.7175868564,0.0067111071,,,,
21275,0.0,2327.822021,-274.790375,1676.055054,-0.696436691,0.7175868564,0.0067111071,,,,
21276,0.0,2327.844971,-270.084106,1676.4729,-0.696436691,0.7175868564,0.0067111071,,,,
21277,0.0,2327.84375,-266.990295,1676.54126,-0.696436691,0.7175868564,0.0067111071,,,,
21278,0.0,2327.861816,-263.863525,1676.70813,-0.696436691,0.7175868564,0.0067111071,,,,
21279,0.0,2327.87793,-260.737335,1676.860229,-0.696436691,0.7175868564,0.0067111071,,,,
21280,0.0,2327.913086,-257.391479,1676.977539,-0.696436691,0.7175868564,0.0067111071,,,,
21281,0.0,2327.942383,-252.930099,1677.100708,-0.696436691,0.7175868564,0.0067111071,,,,
21285,0.0,2328.69043,-237.9776,1676.27124,-0.7137735013,0.7003266782,0.0083625778,,,,
21286,0.0,2328.7956545,-235.768028,1676.128357,-0.7188821062,0.6950319987,0.0091783016,,,,
21287,0.0,2328.900879,-233.558456,1675.985474,-0.7239907112,0.6897373192,0.0099940253,,,,
21288,0.0,2328.953125,-230.022675,1675.943604,-0.7302582346,0.6830825316,0.0110075344,,,,
21289,0.0,2329.084717,-226.393143,1675.773804,-0.7368486438,0.6759497387,0.0120841562,,,,
21290,0.0,2329.138184,-222.07019,1675.496338,-0.744046055,0.6680120771,0.0124632655,,,,
21291,0.0,2329.100098,-219.425232,1675.405029,-0.7481149894,0.6634520552,0.0124632655,,,,
21292,0.0,2329.050781,-215.443924,1675.206665,-0.7530140793,0.6578863606,0.0124632655,,,,
21293,0.0,2328.745361,-209.613403,1675.547607,-0.7597272452,0.6500723268,0.0148486632,,,,
21294,0.0,2328.6317135,-207.698097,1675.7391355,-0.762143723,0.6471875503,0.0163914224,,,,
21295,0.0,2328.349609,-202.903351,1676.167969,-0.7692042197,0.6386997006,0.0196865657,,,,
21296,0.0,2328.228027,-200.720543,1676.3964845,-0.7725355361,0.6346220679,0.0203829993,,,,
21297,0.0,2328.106445,-198.537735,1676.625,-0.7758668525,0.6305444352,0.0210794329,,,,
21298,0.0,2327.213623,-191.948624,1677.290894,-0.7832434452,0.6213240213,0.022049174,,,,
21299,0.0,2326.575928,-189.04895,1677.650269,-0.7853677664,0.6186366499,0.0220491915,,,,
21300,0.0,2325.411865,-185.123444,1677.904053,-0.7866830122,0.6169632659,0.0220491915,,,,
21301,0.0,2324.22876,-182.30191,1678.221436,-0.7877321327,0.6156231967,0.0220491915,,,,
21302,0.0,2323.026611,-179.733215,1678.403931,-0.7896581166,0.6131507906,0.0220491915,,,,
21303,0.0,2321.217041,-176.353516,1678.627441,-0.7913954569,0.6109067556,0.0220491915,,,,
21304,0.0,2320.043213,-174.447189,1678.668213,-0.7929047598,0.608988091,0.0208697603,,,,
21305,0.0,2318.312988,-171.781876,1678.69104,-0.7944863872,0.6069660232,0.0195864031,,,,
21306,0.0,2316.126709,-168.561737,1678.745728,-0.7960817676,0.6049127505,0.0182861567,,,,
21307,0.0,2314.562012,-166.195694,1678.525269,-0.7976561334,0.602861437,0.0174005955,,,,
21308,0.0,2313.091064,-163.72731,1678.167358,-0.8001853079,0.5995256763,0.0165056495,,,,
21309,0.0,2311.723145,-161.247574,1677.866089,-0.8028327677,0.5959995337,0.0156237961,,,,
21310,0.0,2309.990234,-157.779587,1677.683472,-0.807933456,0.5890966771,0.0144442266,,,,
21311,0.0,2308.844238,-155.322769,1677.55127,-0.81052624,0.5855257579,0.014380581,,,,
21312,0.0,2307.777832,-152.820969,1677.628052,-0.8125552019,0.5827068245,0.0143805636,,,,
21313,0.0,2306.306641,-149.080109,1677.850342,-0.8132834708,0.5816899475,0.014380581,,,,
21314,0.0,2305.334229,-146.447586,1677.930786,-0.8132916711,0.5816958127,0.0136615935,,,,
21315,0.0,2304.111084,-143.141968,1678.237427,-0.8132943111,0.5816977009,0.0134219294,,,,
21316,0.0,2303.016113,-140.087234,1678.516724,-0.8132943111,0.5816977009,0.0134219294,,,,
21317,0.0,2301.811035,-136.534164,1678.846802,-0.8132943111,0.5816977009,0.0134219294,,,,
21318,0.0,2300.676025,-133.027267,1679.043213,-0.8137601835,0.5810457947,0.0134219294,,,,
21319,0.0,2299.564697,-129.270416,1679.030396,-0.8138516265,0.5809177067,0.0134219294,,,,
21320,0.0,2298.512207,-125.545555,1678.951416,-0.8138516265,0.5809177067,0.0134219294,,,,
21321,0.0,2297.584229,-122.079346,1678.825684,-0.8138516265,0.5809177067,0.0134219294,,,,
21322,0.0,2296.794678,-118.946358,1678.615967,-0.814750714,0.5796733078,0.0126542593,,,,
21323,0.0,2296.019531,-115.530357,1678.229004,-0.8166528907,0.5770097193,0.0117405252,,,,
21324,0.0,2295.293457,-112.104874,1677.796021,-0.8183853883,0.5745678886,0.0108211618,,,,
21325,0.0,2294.590576,-108.557678,1677.298462,-0.820415202,0.5716709543,0.0105459216,,,,
21326,0.0,2293.935059,-105.254089,1676.827393,-0.8235625004,0.5671274914,0.0105459216,,,,
21327,0.0,2293.292236,-101.922142,1676.337646,-0.8275938703,0.5612282685,0.0105459216,,,,
21328,0.0,2292.420166,-97.414268,1675.715332,-0.8332877034,0.5527389862,0.0105459216,,,,
21329,0.0,2291.759521,-94.281868,1675.37085,-0.8381608084,0.545321229,0.0105459216,,,,
21330,0.0,2291.117676,-91.122955,1675.117432,-0.8413546551,0.5403805399,0.0105459216,,,,
21331,0.0,2290.445557,-87.815994,1674.893921,-0.844438199,0.5355642131,0.0097520122,,,,
21332,0.0,2289.794189,-84.650749,1674.759277,-0.8469752235,0.5315459113,0.009587226,,,,
21333,0.0,2288.394043,-78.473267,1674.712036,-0.8515945441,0.5241300228,0.008628539,,,,
21334,0.0,2287.604736,-75.303558,1674.784424,-0.852707375,0.5222561634,0.0117742252,,,,
21335,0.0,2286.835693,-72.220261,1674.916504,-0.8523977196,0.5226063798,0.0173406874,,,,
21336,0.0,2286.040039,-68.97171,1675.083374,-0.8511021801,0.5245526152,0.0216710167,,,,
21337,0.0,2285.198242,-65.423355,1675.315308,-0.8503747375,0.5256742839,0.0230076749,,,,
21338,0.0,2284.359619,-61.831947,1675.53064,-0.8503747375,0.5256742839,0.0230076749,,,,
21339,0.0,2283.755249,-59.226709,1675.6396485,-0.8503747375,0.5256742839,0.0230076749,,,,
21340,0.0,2282.375488,-53.422089,1675.71582,-0.8503747375,0.5256742839,0.0230076749,,,,
21341,0.0,2281.539795,-50.127193,1675.674072,-0.8503747375,0.5256742839,0.0230076749,,,,
21342,0.0,2280.71875,-46.935673,1675.594727,-0.8503747375,0.5256742839,0.0230076749,,,,
21343,0.0,2279.928467,-43.897945,1675.499512,-0.8503747375,0.5256742839,0.0230076749,,,,
21344,0.0,2279.11499,-40.954472,1675.328857,-0.8503747375,0.5256742839,0.0230076749,,,,
21345,0.0,2278.080078,-37.275654,1675.079468,-0.8503747375,0.5256742839,0.0230076749,,,,
21346,0.0,2277.189697,-34.005428,1674.852905,-0.8503747375,0.5256742839,0.0230076749,,,,
21347,0.0,2276.324463,-30.884525,1674.601074,-0.8503747375,0.5256742839,0.0230076749,,,,
21348,0.0,2275.542969,-27.802469,1674.289062,-0.8503747375,0.5256742839,0.0230076749,,,,
21349,0.0,2274.649902,-24.255917,1673.964111,-0.8503747375,0.5256742839,0.0230076749,,,,
21350,0.0,2273.864502,-20.939259,1673.784302,-0.8503747375,0.5256742839,0.0230076749,,,,
21351,0.0,2273.109619,-17.410204,1673.695557,-0.8544151539,0.5190015602,0.0247411651,,,,
21352,0.0,2272.385742,-14.107368,1673.754883,-0.8601507849,0.5092473453,0.0284212677,,,,
21353,0.0,2271.633057,-10.737485,1673.837524,-0.864190653,0.5021818506,0.0314309426,,,,
21375,0.0,2253.715088,62.995724,1674.22522,-0.8654220721,0.5007478043,0.0172125993,,,,
21376,0.0,2251.828125,70.434021,1674.697754,-0.8653659163,0.5008995919,0.0155380061,,,,
21377,0.0,2250.683838,74.792206,1675.039917,-0.8653317176,0.5009884006,0.0145478882,,,,
21378,0.0,2249.648193,78.717659,1675.279175,-0.8652977997,0.5010736847,0.0135970747,,,,
21379,0.0,2248.312012,83.702217,1675.444946,-0.8665482785,0.4989544435,0.0117704905,,,,
21380,0.0,2247.9122315,85.111393,1675.5027465,-0.8673633791,0.4975471478,0.0111619496,,,,
21381,0.0,2246.842041,88.962082,1675.556885,-0.8692111118,0.4943427702,0.0098624863,,,,
21382,0.0,2245.710205,92.766861,1675.521362,-0.8708431048,0.4914959174,0.0080031218,,,,
21420,0.0,2201.078125,241.291916,1676.701294,-0.9122022918,0.4096997544,0.005752399,,,,
21421,0.0,2200.920898,241.362579,1676.701294,-0.9122022918,0.4096997544,0.005752399,,,,
21422,0.0,2200.882812,241.379593,1676.701294,-0.9122022918,0.4096997544,0.005752399,,,,
21423,0.0,2199.517822,238.079926,1676.298828,-0.9122022918,0.4096997544,0.005752399,,,,
21424,0.0,2199.295898,238.059937,1676.202881,-0.9122022918,0.4096997544,0.005752399,,,,
21425,0.0,2198.197998,240.566483,1676.060059,-0.9130976324,0.4077004091,0.005752399,,,,
21426,0.0,2196.780029,244.016907,1675.897217,-0.9133769018,0.4070743731,0.005752399,,,,
21427,0.0,2195.291016,247.406815,1675.664429,-0.9133769018,0.4070743731,0.005752399,,,,
21428,0.0,2193.885986,250.729202,1675.312744,-0.9133769018,0.4070743731,0.005752399,,,,
21429,0.0,2192.728027,253.578506,1675.119141,-0.9133769018,0.4070743731,0.005752399,,,,
21465,0.0,2141.657227,388.317535,1676.083496,-0.9304165026,0.3664023471,0.008628539,,,,
21466,0.0,2141.466064,388.152618,1675.941772,-0.9304165026,0.3664023471,0.008628539,,,,
21467,0.0,2141.319336,388.042053,1675.802979,-0.9304165026,0.3664023471,0.008628539,,,,
21468,0.0,2141.111084,387.970581,1675.657471,-0.9304165026,0.3664023471,0.008628539,,,,
21469,0.0,2140.93457,387.873474,1675.539307,-0.9304165026,0.3664023471,0.008628539,,,,
21470,0.0,2139.476318,391.045654,1675.416626,-0.9324357992,0.3612326517,0.008628539,,,,
21471,0.0,2138.223633,393.855682,1675.33667,-0.9345102694,0.3558315678,0.008628539,,,,
21472,0.0,2136.80542,396.671997,1675.186035,-0.9369931004,0.3492412893,0.008628539,,,,
21473,0.0,2135.464844,399.358093,1674.962036,-0.9410086246,0.338272548,0.008628539,,,,
21474,0.0,2133.645508,403.12738,1674.969971,-0.9472051666,0.3205119666,0.008628539,,,,
21475,0.0,2132.468262,405.817566,1674.979736,-0.9525404764,0.3043136146,0.0077372292,,,,
21476,0.0,2131.114502,408.737732,1675.022339,-0.9577829315,0.2873900309,0.0076698266,,,,
21477,0.0,2129.872559,411.386292,1675.227783,-0.9618138897,0.2736175856,0.0068890044,,,,
21478,0.0,2128.575195,414.103607,1675.316895,-0.9653137126,0.2610065077,0.0067111246,,,,
21479,0.0,2126.671631,417.886078,1675.498291,-0.9723195234,0.2335836228,0.0057823483,,,,
21480,0.0,2125.319092,420.520203,1675.589966,-0.9754464656,0.2201615375,0.005752399,,,,
21481,0.0,2123.495605,424.020996,1675.721924,-0.9789439679,0.2040724543,0.0048105277,,,,
21482,0.0,2122.138672,426.559662,1675.718628,-0.9812210777,0.1928269105,0.0047936681,,,,
21483,0.0,2120.49292,429.667389,1675.722778,-0.9843680761,0.1760582614,0.0047936681,,,,
21484,0.0,2118.929199,432.54892,1675.679932,-0.9863112019,0.164844247,0.0040727495,,,,
21485,0.0,2117.344727,435.698486,1675.559937,-0.9879575201,0.1546778318,0.0038349502,,,,
21486,0.0,2115.32959,439.659302,1675.439941,-0.9897907128,0.1424767985,0.0038349502,,,,
21487,0.0,2113.72998,442.45108,1675.405518,-0.9908027537,0.135259737,0.0038349502,,,,
21488,0.0,2112.314941,445.379547,1675.161499,-0.9921723317,0.1248172963,0.0038349502,,,,
21489,0.0,2110.781982,448.129303,1675.047974,-0.9929155345,0.1187604079,0.0038349502,,,,
21490,0.0,2109.007324,451.546112,1674.80127,-0.9935687098,0.1131658612,0.0038349502,,,,
21491,0.0,2107.285156,454.573792,1674.634766,-0.9938200598,0.1109368378,0.0038349502,,,,
21492,0.0,2105.471191,457.492981,1674.513428,-0.9940354523,0.1089899657,0.0038349502,,,,
21493,0.0,2103.901123,460.102203,1674.425171,-0.9940362646,0.1089825576,0.0038349502,,,,
21494,0.0,2102.117188,462.769379,1674.433594,-0.9940362646,0.1089825576,0.0038349502,,,,
21495,0.0,2100.529053,465.04364,1674.554688,-0.9940362646,0.1089825576,0.0038349502,,,,
21496,0.0,2098.181885,468.354309,1674.799561,-0.9940362646,0.1089825576,0.0038349502,,,,
21497,0.0,2096.038086,471.347839,1675.003906,-0.9940362646,0.1089825576,0.0038349502,,,,
21498,0.0,2092.09375,476.688934,1675.475342,-0.9940362646,0.1089825576,0.0038349502,,,,
21499,0.0,2089.927979,479.539948,1675.802246,-0.9941151945,0.1082828598,0.0031308712,,,,
21500,0.0,2088.5493165,481.3575135,1675.9190675,-0.9941293434,0.1081563442,0.0030035413,,,,
21501,0.0,2085.221191,485.753693,1676.055542,-0.9942341684,0.1071920978,0.0028762114,,,,
21502,0.0,2083.090576,488.422333,1676.030884,-0.9942466066,0.1070766671,0.0028762114,,,,
21503,0.0,2080.924805,491.19696,1675.93396,-0.9942466066,0.1070766671,0.0028762114,,,,
21504,0.0,2078.564697,494.200653,1675.848145,-0.9942466066,0.1070766671,0.0028762114,,,,
21505,0.0,2076.327393,497.194366,1675.889771,-0.9942466066,0.1070766671,0.0028762114,,,,
21506,0.0,2074.348145,499.591797,1675.757446,-0.9942466066,0.1070766671,0.0028762114,,,,
21507,0.0,2072.086914,502.164551,1675.342773,-0.9942466066,0.1070766671,0.0028762114,,,,
21508,0.0,2070.589844,504.020142,1675.199951,-0.9942466066,0.1070766671,0.0028762114,,,,
21509,0.0,2068.507812,506.723999,1674.779541,-0.9942466066,0.1070766671,0.0028762114,,,,
21510,0.0,2066.684814,509.126923,1674.505371,-0.9942466066,0.1070766671,0.0028762114,,,,
21511,0.0,2063.793701,512.528442,1674.373535,-0.9942466066,0.1070766671,0.0028762114,,,,
21512,0.0,2061.910645,514.772827,1674.380371,-0.9942466066,0.1070766671,0.0028762114,,,,
21513,0.0,2059.724121,517.262329,1673.795898,-0.9942466066,0.1070766671,0.0028762114,,,,
21514,0.0,2057.586426,519.83252,1673.077393,-0.994335886,0.1062444031,0.0028762114,,,,
21515,0.0,2055.878906,521.778076,1672.305054,-0.9948034275,0.101686113,0.0051063749,,,,
21516,0.0,2053.947266,524.028076,1670.894287,-0.995153307,0.0981194804,0.0065163675,,,,
21517,0.0,2052.327881,525.917114,1669.802612,-0.9952730041,0.0968328807,0.0074189252,,,,
21518,0.0,2050.152832,528.565613,1667.922607,-0.9952953799,0.0965830244,0.0076698266,,,,
21519,0.0,2048.468994,530.652954,1666.142334,-0.9955585175,0.0938318282,0.0076698266,,,,
21520,0.0,2047.01709,532.402893,1664.704956,-0.9962079476,0.0867385349,0.0067935022,,,,
21521,0.0,2045.885742,533.532532,1664.144409,-0.9968524479,0.0789946712,0.0067111071,,,,
21522,0.0,2044.48584,534.937378,1661.89209,-0.9973693522,0.0722416133,0.0059602467,,,,
21523,0.0,2043.767456,536.136047,1660.293701,-0.9976238664,0.0686551608,0.005752399,,,,
21524,0.0,2043.005127,536.954224,1659.009033,-0.9978112803,0.0658753271,0.005752399,,,,
21525,0.0,2042.188721,537.772705,1658.953369,-0.9982505601,0.0586666396,0.0073515049,,,,
21526,0.0,2041.549316,538.405029,1659.082397,-0.9985235139,0.0535336219,0.0092164821,,,,
21527,0.0,2040.956787,539.043335,1659.275879,-0.9986630132,0.0507041088,0.0100637651,,,,
21528,0.0,2040.472778,539.594055,1659.497314,-0.9987385386,0.0491107458,0.0104626042,,,,
21529,0.0,2039.912842,540.002441,1659.724121,-0.9987539838,0.0487776933,0.0105459216,,,,
21530,0.0,2039.390747,539.615601,1659.655151,-0.9987539838,0.0487776933,0.0105459216,,,,
21531,0.0,2039.102417,539.903931,1659.773926,-0.9987539838,0.0487776933,0.0105459216,,,,
21532,0.0,2038.881104,540.158447,1659.849365,-0.9987539838,0.0487776933,0.0105459216,,,,
21533,0.0,2038.916016,541.521057,1659.92749,-0.9985874178,0.0520764109,0.0105459216,,,,
21534,0.0,2039.10907,541.5984495,1659.9611205,-0.9985734991,0.05234195,0.0105459216,,,,
21535,0.0,2039.302124,541.675842,1659.994751,-0.9985595804,0.052607489,0.0105459216,,,,
21536,0.0,2039.608276,541.660156,1660.026367,-0.9985595804,0.052607489,0.0105459216,,,,
21537,0.0,2039.832153,541.64801,1659.991943,-0.9985595804,0.052607489,0.0105459216,,,,
21538,0.0,2040.080139,541.630859,1660.0339355,-0.9985822977,0.0521726815,0.0105459216,,,,
21539,0.0,2040.328125,541.613708,1660.075928,-0.998605015,0.051737874,0.0105459216,,,,
21540,0.0,2040.550903,541.591736,1660.117065,-0.9986648744,0.0505692804,0.0105459216,,,,
21541,0.0,2040.815552,541.54895,1660.144287,-0.9988302611,0.0471899671,0.0105459216,,,,
21542,0.0,2042.131104,541.430115,1660.245605,-0.9991148287,0.0394727842,0.0145416057,,,,
21543,0.0,2043.013428,541.356445,1660.304565,-0.9992755459,0.0334460645,0.0181588561,,,,
21544,0.0,2043.214233,541.341736,1660.310791,-0.999309431,0.032159329,0.0186128616,,,,
21545,0.0,2043.411743,541.325317,1660.31958,-0.9993512672,0.030488721,0.0191698364,,,,
21546,0.0,2043.074585,541.33551,1660.180908,-0.9993515363,0.0304775385,0.0191735881,,,,
21547,0.0,2043.145386,541.327454,1660.119995,-0.9993797385,0.0295383098,0.0191735881,,,,
21548,0.0,2042.17627,541.355957,1660.993286,-0.9993802967,0.0295194196,0.0191735881,,,,
21549,0.0,2042.70813,541.34021,1661.234009,-0.9993802967,0.0295194196,0.0191735881,,,,
21550,0.0,2042.889404,541.3349,1661.320312,-0.9993802967,0.0295194196,0.0191735881,,,,
21551,0.0,2043.150024,541.327148,1661.422485,-0.9993802967,0.0295194196,0.0191735881,,,,
21552,0.0,2043.496582,541.316895,1661.529907,-0.9993802967,0.0295194196,0.0191735881,,,,
21553,0.0,2043.685547,541.311401,1661.596436,-0.9993802967,0.0295194196,0.0191735881,,,,
21554,0.0,2043.876465,541.305725,1661.674561,-0.9993802967,0.0295194196,0.0191735881,,,,
21555,0.0,2042.346436,541.350952,1661.072388,-0.9993802967,0.0295194196,0.0191735881,,,,
21556,0.0,2042.546997,541.345032,1661.226196,-0.9993802967,0.0295194196,0.0191735881,,,,
21557,0.0,2042.559204,541.344666,1661.23584,-0.9993802967,0.0295194196,0.0191735881,,,,
21558,0.0,2042.742432,541.339294,1661.377319,-0.9993802967,0.0295194196,0.0191735881,,,,
21559,0.0,2043.170166,541.326599,1661.488281,-0.9993802967,0.0295194196,0.0191735881,,,,
21560,0.0,2043.243286,541.324402,1661.510742,-0.9993802967,0.0295194196,0.0191735881,,,,
21561,0.0,2043.533691,541.315857,1661.636108,-0.9993628173,0.0295189033,0.0200647387,,,,
21755,0.0,1445.934692,909.5,1664.232666,1.0,0.0,0.0,,,,
21756,0.0,1446.901733,915.5,1666.401001,1.0,0.0,0.0,,,,
21757,0.0,1446.895142,915.5,1668.50708,1.0,0.0,0.0,,,,
21758,0.0,1446.866089,916.717407,1670.426392,0.9210192597,0.3895140734,0.0015198321,,,,
21759,0.0,1441.406616,917.783569,1671.858521,0.1607315527,0.9868765244,0.015494954,,,,
21760,0.0,1439.146851,915.047974,1673.70459,-0.9080263613,0.4174611309,0.0348472559,,,,
21761,0.0,1442.453491,921.041931,1675.715332,0.7405371346,0.6719978189,0.0048665871,,,,
21762,0.0,1446.909546,915.5,1677.641968,1.0,0.0,0.0,,,,
21763,0.0,1446.911377,915.5,1679.422241,1.0,0.0,0.0,,,,
21764,0.0,1446.911377,915.5,1681.301147,1.0,0.0,0.0,,,,
21765,0.0,1446.914307,915.5,1682.705566,1.0,0.0,0.0,,,,
21766,0.0,1446.912109,915.5,1682.705444,1.0,0.0,0.0,,,,
21767,0.0,1446.910767,915.5,1682.705566,1.0,0.0,0.0,,,,
21768,0.0,1446.915039,915.5,1682.705566,1.0,0.0,0.0,,,,
21769,0.0,1446.908203,915.5,1682.705566,1.0,0.0,0.0,,,,
21770,0.0,1446.912231,915.5,1682.705566,1.0,0.0,0.0,,,,
21771,0.0,1446.909546,915.5,1682.705566,1.0,0.0,0.0,,,,
21772,0.0,1446.909546,915.5,1682.705566,1.0,0.0,0.0,,,,
21773,0.0,1446.905151,915.5,1682.705444,1.0,0.0,0.0,,,,
21774,0.0,1446.904175,915.5,1682.705444,1.0,0.0,0.0,,,,
21775,0.0,1446.906616,915.5,1682.705566,1.0,0.0,0.0,,,,
21776,0.0,1446.904297,915.5,1682.705566,1.0,0.0,0.0,,,,
21777,0.0,1446.894897,915.5,1682.705688,1.0,0.0,0.0,,,,
21778,0.0,1446.901489,915.5,1682.705566,1.0,0.0,0.0,,,,
21779,0.0,1446.892578,915.5,1682.705444,1.0,0.0,0.0,,,,
21780,0.0,1446.902588,915.5,1682.705566,1.0,0.0,0.0,,,,
21781,0.0,1446.894531,915.5,1682.705566,1.0,0.0,0.0,,,,
21782,0.0,1446.902222,915.5,1682.705566,1.0,0.0,0.0,,,,
21783,0.0,1446.931885,915.404175,1682.705566,0.9999467533,-0.0101789886,-0.0016966861,,,,
21784,0.0,1447.043945,915.021362,1682.705566,0.9986700158,-0.0504816954,-0.0104784509,,,,
21785,0.0,1447.21521,914.190063,1682.705811,0.9903247556,-0.1364083198,-0.0254882095,,,,
21786,0.0,1447.358276,912.981018,1682.705566,0.965512198,-0.2569395626,-0.0420506432,,,,
21787,0.0,1447.321045,911.687561,1682.705688,0.9232544032,-0.3815241301,-0.0451735002,,,,
21788,0.0,1446.713501,909.006653,1682.7052,0.7825134036,-0.6222341219,-0.0223040516,,,,
21789,0.0,1446.480957,908.4683535,1682.705322,0.743082458,-0.6663543098,-0.016165435,,,,
21790,0.0,1445.799683,907.17926,1682.705444,0.6377023034,-0.7702755451,-0.0033699975,,,,
21791,0.0,1445.42334,906.66391,1682.705505,0.5853594436,-0.8081848769,0.0004310932,,,,
21792,0.0,1444.864502,905.805603,1682.705444,0.5027959327,-0.8643785343,0.0067822975,,,,
21793,0.0,1444.639526,905.567017,1682.705566,0.4739782572,-0.8804381757,0.0131617064,,,,
21794,0.0,1444.637329,905.503571,1682.705566,0.4710165284,-0.8819776946,0.015553563,,,,
21795,0.0,1444.713623,905.384338,1682.705566,0.4720089933,-0.8813895425,0.0189732608,,,,
21796,0.0,1444.7436525,905.3411255,1682.705566,0.4725466998,-0.8810989942,0.0190734244,,,,
21797,0.0,1444.716797,905.190552,1682.705566,0.4730844062,-0.8808084458,0.0191735881,,,,
21798,0.0,1444.48938,904.972656,1682.705566,0.4730844062,-0.8808084458,0.0191735881,,,,
21799,0.0,1444.336792,904.833862,1682.705444,0.4730844062,-0.8808084458,0.0191735881,,,,
21800,0.0,1444.095215,904.624939,1682.705566,0.4730844062,-0.8808084458,0.0191735881,,,,
21801,0.0,1444.154053,904.329834,1682.703613,0.4730844062,-0.8808084458,0.0191735881,,,,
21802,0.0,1444.271484,903.981018,1682.702026,0.4730844062,-0.8808084458,0.0191735881,,,,
21803,0.0,1444.544189,903.277161,1682.701172,0.4730844062,-0.8808084458,0.0191735881,,,,
21804,0.0,1444.940063,902.344055,1682.701294,0.4730844062,-0.8808084458,0.0191735881,,,,
21805,0.0,1445.263306,901.615662,1682.701294,0.4730844062,-0.8808084458,0.0191735881,,,,
21806,0.0,1445.863159,900.300293,1682.701294,0.4730844062,-0.8808084458,0.0191735881,,,,
21807,0.0,1446.537476,898.860229,1682.701294,0.4745764553,-0.880040383,0.0174960679,,,,
21808,0.0,1447.137939,897.60321,1682.701294,0.4814348866,-0.8763727393,0.0138301066,,,,
21809,0.0,1448.015137,895.802185,1682.701294,0.4976759879,-0.8672619016,0.0132440613,,,,
21810,0.0,1448.963501,893.913513,1682.701294,0.5231324283,-0.8520128816,0.0201621433,,,,
21811,0.0,1450.003418,891.925354,1682.701294,0.5679750735,-0.8224981001,0.0300198473,,,,
21812,0.0,1450.827881,890.424683,1682.701294,0.6074725736,-0.7936409847,0.0333325628,,,,
21813,0.0,1452.2229,888.014221,1682.701294,0.6586304063,-0.7516359759,0.0353461125,,,,
21814,0.0,1453.298218,886.261353,1682.701294,0.688670031,-0.7242400259,0.0347846714,,,,
21815,0.0,1454.931519,883.762573,1682.701294,0.7397663321,-0.672103669,0.0319754907,,,,
21816,0.0,1456.653198,881.391907,1682.701294,0.7614324861,-0.6475177846,0.0306804118,,,,
21817,0.0,1458.076904,879.808655,1682.701294,0.7703770857,-0.6369214349,0.02915873,,,,
21818,0.0,1460.256226,877.298706,1682.701294,0.7757368379,-0.6304438311,0.0278016939,,,,
21819,0.0,1461.886475,875.41803,1682.701294,0.7757427099,-0.6304366881,0.0277998271,,,,
21820,0.0,1463.459595,873.654419,1682.701294,0.7757427099,-0.6304366881,0.0277998271,,,,
21821,0.0,1466.015503,870.88269,1682.701294,0.7757427099,-0.6304366881,0.0277998271,,,,
21822,0.0,1467.667725,869.14563,1682.701294,0.7757427099,-0.6304366881,0.0277998271,,,,
21823,0.0,1469.511597,867.243774,1682.701294,0.7757427099,-0.6304366881,0.0277998271,,,,
21824,0.0,1471.602417,865.132141,1682.701294,0.775754795,-0.6304463296,0.0272382708,,,,
21825,0.0,1474.63269,862.142822,1682.701294,0.7757815785,-0.6304680063,0.0259429268,,,,
21826,0.0,1476.931396,859.945801,1682.701294,0.7769611891,-0.6291209216,0.0231986328,,,,
21827,0.0,1481.013062,856.117737,1683.21936,0.7784954851,-0.6273370267,0.0198251004,,,,
21828,0.0,1482.4573365,854.7845765,1683.630737,0.7787046348,-0.6270874382,0.0194993443,,,,
21829,0.0,1485.891113,851.631897,1684.575317,0.7789137846,-0.6268378496,0.0191735881,,,,
21830,0.0,1487.487854,850.188385,1684.998718,0.7789137846,-0.6268378496,0.0191735881,,,,
21831,0.0,1491.126343,846.919556,1685.957764,0.7789137846,-0.6268378496,0.0191735881,,,,
21832,0.0,1492.657654,845.5622865,1686.3562625,0.7789137846,-0.6268378496,0.0191735881,,,,
21833,0.0,1496.226562,842.4151,1687.280762,0.7789137846,-0.6268378496,0.0191735881,,,,
21834,0.0,1497.800598,841.0419005,1687.6845095,0.7789137846,-0.6268378496,0.0191735881,,,,
21835,0.0,1501.481201,837.844482,1688.325684,0.7789137846,-0.6268378496,0.0191735881,,,,
21836,0.0,1503.626099,835.909912,1688.391602,0.7743667367,-0.6324644534,0.0185707366,,,,
21837,0.0,1506.943481,832.851135,1688.368042,0.763116239,-0.6460520144,0.0164438558,,,,
21838,0.0,1509.029053,830.830383,1688.368042,0.7506398949,-0.6605445053,0.0148561324,,,,
21839,0.0,1512.129883,827.85321,1688.368042,0.7340457174,-0.6789477769,0.014380581,,,,
21840,0.0,1514.098633,825.935913,1688.368042,0.7226966981,-0.6910156883,0.014380581,,,,
21841,0.0,1516.978638,823.191711,1688.368042,0.7106926203,-0.7033556699,0.014380581,,,,
21842,0.0,1518.906006,821.341064,1688.368042,0.7029181371,-0.7111253697,0.014380581,,,,
21843,0.0,1522.01355,818.409363,1688.368042,0.6952519042,-0.7186041363,0.0152605666,,,,
21844,0.0,1523.991333,816.590454,1688.368042,0.6943747692,-0.71945006,0.0153392019,,,,
21845,0.0,1526.879517,813.925537,1688.368042,0.6941658455,-0.7196516434,0.0153392019,,,,
21846,0.0,1529.232422,811.735596,1688.368042,0.6941658455,-0.7196516434,0.0153392019,,,,
21847,0.0,1531.672852,809.445007,1688.368042,0.6941658455,-0.7196516434,0.0153392019,,,,
21848,0.0,1533.840088,807.395874,1688.368042,0.6941658455,-0.7196516434,0.0153392019,,,,
21849,0.0,1537.047241,804.338074,1688.368042,0.6941658455,-0.7196516434,0.0153392019,,,,
21850,0.0,1539.340454,802.133545,1688.368042,0.6941574858,-0.7196425998,0.0161218329,,,,
21851,0.0,1541.762817,799.789368,1688.368042,0.6941553166,-0.719640728,0.0162978262,,,,
21852,0.0,1543.963501,797.656372,1688.368042,0.6946011547,-0.719210412,0.0162978262,,,,
21853,0.0,1546.387329,795.29187,1687.759766,0.6948449488,-0.7189748799,0.0162978262,,,,
21854,0.0,1549.634888,792.101685,1685.986328,0.6948449488,-0.7189748799,0.0162978262,,,,
21855,0.0,1551.853638,789.911926,1684.801025,0.6948449488,-0.7189748799,0.0162978262,,,,
21856,0.0,1554.088135,787.699219,1683.604614,0.6948449488,-0.7189748799,0.0162978262,,,,
21857,0.0,1557.243652,784.562317,1681.908447,0.6948449488,-0.7189748799,0.0162978262,,,,
21858,0.0,1559.358276,782.452576,1680.767822,0.6948449488,-0.7189748799,0.0162978262,,,,
21859,0.0,1561.429932,780.335571,1679.630615,0.6921661564,-0.721554151,0.0162978262,,,,
21860,0.0,1564.358887,777.298584,1678.003906,0.6865450116,-0.726904621,0.0162978262,,,,
21861,0.0,1566.244507,775.276794,1677.251831,0.6794646782,-0.7335131111,0.0169194267,,,,
21862,0.0,1569.227051,771.915588,1677.014526,0.6599001078,-0.7511340145,0.018153237,,,,
21863,0.0,1571.071533,769.651367,1677.014404,0.6381484343,-0.7696618147,0.0196790972,,,,
21864,0.0,1573.048096,767.222046,1677.010742,0.6164252359,-0.7871396963,0.0207611894,,,,
21865,0.0,1575.657104,763.728027,1677.004517,0.5743756479,-0.8182497665,0.0236629374,,,,
21866,0.0,1577.27478,761.496033,1676.999756,0.5474811192,-0.8364363154,0.0252728006,,,,
21867,0.0,1579.736206,758.056763,1676.991211,0.5095801705,-0.8600075015,0.026742237,,,,
21868,0.0,1581.280518,755.803772,1676.984741,0.4842075782,-0.8745001434,0.0281517397,,,,
21869,0.0,1583.439209,752.32959,1676.973633,0.4360407291,-0.899325199,0.0329039358,,,,
21870,0.0,1585.387817,749.057678,1676.961426,0.3925784072,-0.9189627833,0.0372773012,,,,
21871,0.0,1586.859985,746.920837,1676.954712,0.3699506009,-0.9281811301,0.0402037641,,,,
21872,0.0,1591.030518,741.819397,1676.942383,0.3328731209,-0.9418784033,0.0453933779,,,,
21873,0.0,1592.190247,740.651642,1676.9329225,0.3307339783,-0.9426049292,0.0458872042,,,,
21874,0.0,1593.349976,739.483887,1676.923462,0.3285948357,-0.943331455,0.0463810305,,,,
21875,0.0,1596.328979,736.669495,1676.88147,0.327161195,-0.9438047595,0.046884202,,,,
21876,0.0,1601.376831,732.323364,1676.821533,0.3283213709,-0.9433979825,0.046960877,,,,
21877,0.0,1604.309082,730.002747,1676.789795,0.3310873319,-0.9423904955,0.0477632982,,,,
21878,0.0,1605.822815,728.8547365,1676.773926,0.3321546248,-0.9420102238,0.04784092,,,,
21879,0.0,1609.48938,726.134949,1676.73645,0.334607432,-0.9411385019,0.0479185418,,,,
21880,0.0,1612.709473,723.866028,1676.705078,0.3366543813,-0.940408231,0.0479185418,,,,
21881,0.0,1615.848267,721.756287,1676.675781,0.3402613834,-0.9390636932,0.0488013424,,,,
21882,0.0,1618.240112,720.204163,1676.66687,0.3432123469,-0.9379852908,0.0488761625,,,,
21883,0.0,1621.883789,717.960205,1676.665771,0.3519654782,-0.9347360178,0.0488761625,,,,
21884,0.0,1624.26001,716.548279,1676.665894,0.3576719294,-0.9325673765,0.0488761625,,,,
21885,0.0,1627.90979,714.470886,1676.665771,0.3688392553,-0.9282072647,0.0488761451,,,,
21886,0.0,1630.220947,713.169556,1676.665771,0.3730695062,-0.9265151182,0.0488761625,,,,
21887,0.0,1633.164673,711.52124,1676.665771,0.3781955738,-0.9244345454,0.0488761625,,,,
21888,0.0,1636.976929,709.379211,1676.682251,0.3831060405,-0.9224103655,0.0488761625,,,,
21889,0.0,1639.423218,708.026733,1676.684692,0.3840096119,-0.9220345657,0.0488761451,,,,
21890,0.0,1642.884888,706.154236,1676.683716,0.3849971353,-0.9216226604,0.0488761451,,,,
21891,0.0,1646.308228,704.341858,1676.683716,0.3851436516,-0.9215614404,0.0488761625,,,,
21892,0.0,1648.807129,703.044495,1676.683716,0.3851436516,-0.9215614404,0.0488761625,,,,
21893,0.0,1652.45874,701.181824,1676.699463,0.3851436516,-0.9215614404,0.0488761625,,,,
21894,0.0,1655.184204,699.815857,1676.702026,0.3851436516,-0.9215614404,0.0488761625,,,,
21895,0.0,1659.05127,697.90802,1676.701294,0.3851436516,-0.9215614404,0.0488761625,,,,
21896,0.0,1661.825195,696.561829,1676.701294,0.3851436516,-0.9215614404,0.0488761625,,,,
21897,0.0,1664.542114,695.257324,1676.701294,0.3851436516,-0.9215614404,0.0488761625,,,,
21898,0.0,1667.408447,693.892761,1676.701294,0.3845827857,-0.9217956399,0.0488761625,,,,
21899,0.0,1670.762451,692.285767,1676.701294,0.3786279835,-0.9242575241,0.0488761625,,,,
21900,0.0,1674.625854,690.364258,1676.701294,0.3589007449,-0.932095154,0.0488761625,,,,
21901,0.0,1677.195801,689.063904,1676.701294,0.3428892134,-0.9381034634,0.0488761625,,,,
21902,0.0,1679.55603,687.704468,1676.701294,0.3105449107,-0.9492688451,0.0495027094,,,,
21903,0.0,1682.745728,685.730408,1676.701294,0.2521054888,-0.9663338708,0.0513972046,,,,
21904,0.0,1685.626221,683.810425,1676.701294,0.184634867,-0.9813493864,0.0535102587,,,,
21905,0.0,1688.122925,682.016418,1676.701294,0.1240989825,-0.990721128,0.0554174071,,,,
21906,0.0,1690.119507,680.138672,1676.701294,0.0513840684,-0.9971312586,0.0555781481,,,,
21907,0.0,1691.474854,678.338623,1676.701294,-0.0433657514,-0.9975121458,0.0555781481,,,,
21908,0.0,1693.020386,676.646667,1676.701294,-0.1159984833,-0.9917826323,0.0539588922,,,,
21909,0.0,1693.643188,675.193726,1676.701294,-0.1934901267,-0.979751202,0.0514699234,,,,
21910,0.0,1694.221558,673.523865,1676.701294,-0.2462969278,-0.9679772356,0.0485581576,,,,
21911,0.0,1694.719238,671.419006,1676.701294,-0.287922445,-0.956638011,0.0440951422,,,,
21912,0.0,1694.680176,670.038879,1676.701294,-0.3193307042,-0.9467992856,0.0399876743,0.1354656849,887.6634344601,1766.2350199393,0.0
21913,0.0,1694.578613,668.259521,1676.701294,-0.3491285589,-0.9363812699,0.0360467296,,,,
21914,0.0,1693.688232,665.029236,1676.701294,-0.3900313972,-0.9202423582,0.0320860005,,,,
21915,0.0,1692.821411,663.382019,1676.701294,-0.4107204355,-0.9112868941,0.0294095309,,,,
21916,0.0,1691.733887,661.7052,1676.701294,-0.4289396805,-0.9029233972,0.027204581,,,,
21917,0.0,1691.00293,660.8443295,1676.701294,-0.4428613208,-0.8960742169,0.0261338559,,,,
21918,0.0,1690.271973,659.983459,1676.701294,-0.4567829612,-0.8892250366,0.0250631308,,,,
21919,0.0,1688.70166,658.412476,1676.701294,-0.4752223227,-0.8795386292,0.023990495,,,,
21920,0.0,1685.782959,656.225037,1676.701294,-0.5067887642,-0.8617903016,0.0219687164,,,,
21921,0.0,1683.001221,654.446655,1676.701294,-0.5279667466,-0.849024723,0.0202023301,,,,
21922,0.0,1680.918945,653.263611,1676.701294,-0.5397144741,-0.8416467373,0.0184134745,,,,
21923,0.0,1678.92749,652.158997,1676.701294,-0.5428926224,-0.8396207046,0.0174548844,,,,
21924,0.0,1676.325684,650.826721,1676.701294,-0.5448391686,-0.8383629857,0.0172564355,,,,
21925,0.0,1674.160767,649.811096,1676.701294,-0.5462553156,-0.837455937,0.0165131359,,,,
21926,0.0,1671.225342,648.534851,1676.701294,-0.5473619484,-0.8367539589,0.0154178372,,,,
21927,0.0,1668.512207,647.442932,1676.701294,-0.5474357564,-0.8367230467,0.0144442266,,,,
21928,0.0,1666.105591,646.337341,1676.701294,-0.5474480873,-0.8367423718,0.0127591102,,,,
21929,0.0,1663.26355,644.958862,1676.701294,-0.5466716478,-0.8372677464,0.0115252011,,,,
21930,0.0,1661.328369,643.975647,1676.701294,-0.5466590188,-0.8372864238,0.0107406544,,,,
21931,0.0,1659.007202,642.749634,1676.701294,-0.5466645471,-0.8372948912,0.0097538797,,,,
21932,0.0,1656.76123,641.534729,1676.701294,-0.5466653259,-0.8372963075,0.009587226,,,,
21933,0.0,1655.1604,640.579163,1676.701294,-0.5460216079,-0.8377247274,0.0088139033,,,,
21934,0.0,1653.491211,639.559753,1676.701294,-0.5432168901,-0.8395628543,0.0070444222,,,,
21935,0.0,1651.836304,638.534668,1676.701294,-0.5388544254,-0.8423721679,0.0067111071,,,,
21936,0.0,1650.490356,637.725769,1676.701294,-0.5371286649,-0.8434802342,0.0058216699,,,,
21937,0.0,1649.384033,637.063232,1676.701294,-0.5357089792,-0.8443880024,0.0049790547,,,,
21938,0.0,1648.132812,636.299438,1676.701294,-0.5324792688,-0.8464339194,0.0039304364,,,,
21939,0.0,1647.078857,635.628723,1676.701294,-0.5268098798,-0.8499807146,0.002033569,,,,
21940,0.0,1646.292358,635.118408,1675.689209,-0.5212457585,-0.853404466,0.0019174699,,,,
21941,0.0,1645.352417,634.515686,1674.112549,-0.5146448882,-0.8574012843,0.0019174699,,,,
21942,0.0,1644.697998,634.122253,1672.934204,-0.5123133668,-0.8587964471,0.0019174699,0.0333013667,446.4224592697,1744.4000840971,0.0
21943,0.0,1643.839355,633.627014,1671.238647,-0.5109216724,-0.8596251322,0.0019174699,0.0331790103,445.9705365783,1745.7901406758,0.0
21944,0.0,1643.371582,633.361633,1670.186035,-0.5103050259,-0.8599913394,0.0019174699,0.0330623619,445.417167251,1746.6452952491,0.0
21945,0.0,1643.170654,633.246826,1669.710693,-0.5099057735,-0.8602281241,0.0019174699,0.0330551966,445.4942621871,1747.1337611518,0.0
21946,0.0,1642.317139,632.753418,1667.160278,-0.5060524938,-0.8625005489,0.0019174699,0.0334171989,448.7767846714,1750.6093442435,0.0
21947,0.0,1642.008179,632.592529,1665.695312,-0.505190521,-0.8630046436,0.0023500313,0.0335608581,450.1334308601,1752.2032651081,0.0
21948,0.0,1641.661255,632.408752,1664.249512,-0.5043399535,-0.8635005104,0.0028425092,0.0335089674,450.50341407,1754.9776062883,0.0
21949,0.0,1641.478394,632.321655,1663.024902,-0.5035847342,-0.8639410529,0.0028762114,0.0334830502,450.9947640234,1757.5599430551,0.0
21950,0.0,1641.374512,632.290649,1663.024658,-0.5034534691,-0.864017553,0.0028762114,0.0337174822,453.5368479176,1761.4164593586,0.0
21951,0.0,1641.340088,632.306213,1663.024658,-0.5041022173,-0.8636392082,0.0028762114,0.0332944864,451.2293088208,1763.3619819841,0.0
21952,0.0,1641.326416,632.371399,1663.024658,-0.5082447265,-0.8612043261,0.0037956108,0.0317982937,441.7445046032,1765.7712663494,0.0
21953,0.0,1641.365723,632.466736,1663.024658,-0.5097529406,-0.8603084629,0.0046139186,0.0311742153,437.8941190291,1767.533701633,0.0
21954,0.0,1641.362427,632.467468,1663.024658,-0.5100594199,-0.8601204424,0.0056756232,0.0307937148,435.8347542711,1769.8856592398,0.0
21955,0.0,1641.37561,632.464661,1663.024658,-0.5087356446,-0.8608980962,0.0065201199,0.0306882409,436.1363168251,1774.103764605,0.0
21956,0.0,1641.38623,632.462341,1663.024658,-0.5076998553,-0.8615011279,0.0075275165,0.0306959945,436.8319493404,1776.7125009304,0.0
21957,0.0,1641.3869015,632.4621885,1663.024658,-0.5076382613,-0.861536793,0.0075986716,0.0305641227,436.2568832234,1778.1450605188,0.0
21958,0.0,1641.387573,632.462036,1663.024658,-0.5075766674,-0.8615724581,0.0076698266,0.0302094008,434.6650589668,1781.8602694563,0.0
21959,0.0,1641.387451,632.462097,1663.024658,-0.5075748546,-0.8615691231,0.0081360758,0.0300574967,433.9885432007,1783.5180909079,0.0
21960,0.0,1641.55957,632.732788,1660.461426,-0.5063430016,-0.8622815828,0.0093400635,0.0046916291,211.805937684,2189.1286479185,6.0
21961,0.0,1641.7253415,633.003784,1660.492798,-0.5057260738,-0.86263066,0.0103867594,0.0046211787,210.2412740558,2189.4858115464,6.0
21962,0.0,1641.891113,633.27478,1660.52417,-0.5051091461,-0.8629797371,0.0114334552,0.0045507283,208.6766104275,2189.8429751743,6.0
21963,0.0,1642.274292,633.916321,1660.68042,-0.5042382553,-0.8634602676,0.0134219294,0.004472901,206.9961077836,2190.9815548214,6.0
21964,0.0,1642.347656,634.042053,1660.680054,-0.5042323713,-0.8634496381,0.0142981925,0.004395152,205.9787450157,2199.3694355283,6.0
21965,0.0,1642.427856,634.179382,1660.718262,-0.5042315343,-0.8634487586,0.014380581,0.0043661808,205.4401204624,2200.8678852524,6.0
21966,0.0,1642.525513,634.346375,1660.766846,-0.5042315343,-0.8634487586,0.014380581,0.0043840113,205.4187586695,2196.16910766,6.0
21967,0.0,1641.836182,633.16626,1660.391602,-0.5042315343,-0.8634487586,0.014380581,0.0043004048,203.2695614667,2194.1691047152,6.0
21968,0.0,1641.908691,633.2901,1660.390503,-0.5042315343,-0.8634487586,0.014380581,0.0043436093,204.3107406595,2194.4360837276,6.0
21969,0.0,1641.94104,633.345398,1660.400269,-0.5042315343,-0.8634487586,0.014380581,0.0043853465,205.2937140435,2194.4988310886,6.0
21970,0.0,1642.0177,633.476746,1660.430054,-0.5042315343,-0.8634487586,0.014380581,0.0044449413,206.6828578864,2194.5202097127,6.0
21971,0.0,1642.122925,633.657043,1660.480103,-0.5042315343,-0.8634487586,0.014380581,0.0045103155,208.1854224087,2194.4319148921,6.0
21972,0.0,1642.264648,633.899719,1660.593384,-0.5042315343,-0.8634487586,0.014380581,0.0045791195,209.7539865623,2194.3301924575,6.0
21973,0.0,1642.24292,633.862488,1660.571655,-0.5042315343,-0.8634487586,0.014380581,0.0046413186,211.1294004183,2193.903585611,6.0
21974,0.0,1642.389771,634.104797,1660.716553,-0.5035847835,-0.8638261195,0.014380581,0.0046559896,211.4321542787,2193.5934639467,6.0
21975,0.0,1642.265381,633.876465,1660.740479,-0.502652545,-0.8643689131,0.014380581,0.0046525635,211.2597664574,2192.609934336,6.0
21976,0.0,1641.979614,633.34021,1660.328369,-0.4999704084,-0.8659128955,0.0149815902,0.0044296821,206.0439228105,2191.4926178077,6.0
21977,0.0,1642.123169,633.126587,1660.553467,-0.4728393085,-0.8809666047,0.0179117227,0.0021041123,142.0159867148,2190.3643009504,6.0
21978,0.0,1642.55481,633.315063,1660.925537,-0.4359306939,-0.8998028707,0.01786684,0.000328819,56.1568966806,2190.0060932443,6.0
21979,0.0,1642.719849,632.610779,1662.330444,-0.3787748545,-0.9253272745,0.0172929074,0.0007854901,86.7190832855,2188.3391684466,6.0
21980,0.0,1643.321289,632.125183,1663.813599,-0.2809129915,-0.9595780881,0.017256418,0.010030512,309.0315928965,2187.3491939376,6.0
21981,0.0,1644.153564,631.806763,1666.321411,-0.1528380493,-0.988049583,0.0199637742,0.0367701847,587.3797204309,2186.177759308,6.0
21982,0.0,1645.004883,631.737549,1668.277222,-0.0160730742,-0.9995473019,0.0254331971,0.0824270941,868.9064169647,2185.5566475619,6.0
21983,0.0,1645.852783,631.789368,1669.63269,0.134305494,-0.9904378172,0.0315430593,0.0695539585,472.5613327681,1289.6397867001,3.0
21984,0.0,1646.717407,631.914062,1671.217529,0.3064119639,-0.9511906216,0.0367166144,0.020255027,257.6646312973,1286.7191702584,3.0
21985,0.0,1647.640503,631.825806,1672.760986,0.4749185033,-0.8791584039,0.0391524733,0.0007637005,50.1618028427,1283.7472790822,3.0
21986,0.0,1648.819336,631.111023,1673.837646,0.5881588434,-0.8078219629,0.0386374327,0.0073538422,155.0419657139,1280.7873192413,3.0
21987,0.0,1650.323242,630.729248,1675.386719,0.717547977,-0.695760871,0.0322755498,0.0411779619,362.6659614912,1276.9587898796,3.0
21988,0.0,1651.534546,630.724304,1676.081543,0.8081753274,-0.5885376394,0.0218194218,0.0894492905,526.6595372633,1273.9788513352,3.0
21989,0.0,1652.527222,630.84082,1675.824341,0.8687479606,-0.4951111845,0.0119120093,0.1402542179,649.1848499185,1271.1114169802,3.0
21990,0.0,1653.360229,630.688477,1675.55896,0.8903729667,-0.455178376,0.0069732494,,,,
21991,0.0,1653.740479,630.352173,1675.288208,0.8913865397,-0.4531942164,0.0067111071,,,,
21992,0.0,1654.413696,629.465027,1675.389771,0.8913865397,-0.4531942164,0.0067111071,,,,
21993,0.0,1654.759399,628.775757,1675.478516,0.8913865397,-0.4531942164,0.0067111071,,,,
21994,0.0,1655.346436,627.550781,1675.46936,0.8913865397,-0.4531942164,0.0067111071,,,,
21995,0.0,1656.630859,625.107361,1675.127075,0.8913865397,-0.4531942164,0.0067111071,,,,
21996,0.0,1657.2030025,624.142517,1675.0371095,0.8913865397,-0.4531942164,0.0067111071,,,,
21997,0.0,1658.660156,621.31842,1674.677124,0.8913865397,-0.4531942164,0.0067111071,,,,
21998,0.0,1659.499146,619.644226,1674.504272,0.8913865397,-0.4531942164,0.0067111071,,,,
21999,0.0,1660.751343,617.729797,1674.400635,0.8913865397,-0.4531942164,0.0067111071,,,,
22000,0.0,1661.5733035,616.658081,1674.376404,0.8918016076,-0.452375963,0.0067111071,,,,
22001,0.0,1663.977173,613.993958,1674.491577,0.9007679701,-0.4341360116,0.0119577337,,,,
22002,0.0,1665.5625,612.586304,1674.577759,0.9110343217,-0.4120063039,0.0163483991,,,,
22003,0.0,1667.709351,610.793091,1674.791992,0.9210620578,-0.3887520728,0.02272689,,,,
22004,0.0,1669.481201,609.425049,1674.985962,0.927813244,-0.3721789015,0.0254056996,,,,
22005,0.0,1671.763306,607.786682,1675.151978,0.9352293643,-0.3528231772,0.0293571413,,,,
22006,0.0,1674.13147,606.145081,1675.190186,0.9396539683,-0.340666338,0.0315731861,,,,
22007,0.0,1676.02832,604.899414,1675.196899,0.9425580477,-0.3324682625,0.0323910651,,,,
22008,0.0,1678.099121,603.545532,1675.201294,0.9443666198,-0.3272082633,0.0332631896,,,,
22009,0.0,1680.854736,601.816223,1675.171509,0.9450923303,-0.3250767856,0.0335495255,,,,
22010,0.0,1683.131104,600.465515,1675.167236,0.9451373247,-0.3249459443,0.0335495255,,,,
22011,0.0,1686.111206,598.766785,1675.233398,0.9451373247,-0.3249459443,0.0335495255,,,,
22012,0.0,1688.440918,597.496704,1675.398804,0.9451373247,-0.3249459443,0.0335495255,,,,
22013,0.0,1691.330688,595.986511,1675.538452,0.9451373247,-0.3249459443,0.0335495255,,,,
22014,0.0,1694.321289,594.493103,1675.538574,0.9451373247,-0.3249459443,0.0335495255,,,,
22015,0.0,1697.596924,592.920837,1675.49231,0.9454344258,-0.3240805066,0.0335495429,,,,
22016,0.0,1700.433594,591.594849,1675.408203,0.9454484304,-0.3240396501,0.0335495255,,,,
22017,0.0,1703.373779,590.249756,1675.209351,0.9454484304,-0.3240396501,0.0335495255,,,,
22018,0.0,1706.472534,588.855469,1675.014648,0.9454484304,-0.3240396501,0.0335495255,,,,
22019,0.0,1709.558228,587.493225,1674.862549,0.9454484304,-0.3240396501,0.0335495255,,,,
22020,0.0,1712.890503,586.063782,1674.721924,0.9457532183,-0.3231490032,0.0335495429,,,,
22021,0.0,1715.844849,584.835876,1674.648438,0.9460317371,-0.3223327189,0.0335495255,,,,
22022,0.0,1719.120361,583.48053,1674.649902,0.9463584437,-0.3213722516,0.0335495429,,,,
22023,0.0,1722.240967,582.201843,1674.828491,0.9463765262,-0.3213190003,0.0335495255,,,,
22024,0.0,1725.481812,580.894287,1675.079956,0.9463765262,-0.3213190003,0.0335495255,,,,
22025,0.0,1728.683105,579.62207,1675.369507,0.9463765262,-0.3213190003,0.0335495255,,,,
22026,0.0,1731.529785,578.507812,1675.713623,0.9463765262,-0.3213190003,0.0335495255,,,,
22027,0.0,1735.057007,577.144348,1676.124756,0.9463765262,-0.3213190003,0.0335495255,,,,
22028,0.0,1738.559814,575.804443,1676.473022,0.9463765262,-0.3213190003,0.0335495255,,,,
22029,0.0,1741.536499,574.676636,1676.754883,0.9463765262,-0.3213190003,0.0335495255,,,,
22030,0.0,1744.663208,573.514221,1676.937134,0.9463765262,-0.3213190003,0.0335495255,,,,
22031,0.0,1748.528198,572.570679,1677.161255,0.9463765262,-0.3213190003,0.0335495255,,,,
22032,0.0,1751.987183,571.661926,1677.239868,0.9463765262,-0.3213190003,0.0335495255,,,,
22033,0.0,1755.519043,570.787476,1677.244385,0.9463765262,-0.3213190003,0.0335495255,,,,
22034,0.0,1758.697754,569.899048,1677.046997,0.9463765262,-0.3213190003,0.0335495255,,,,
22035,0.0,1762.150391,568.941711,1676.798828,0.9463765262,-0.3213190003,0.0335495255,,,,
22036,0.0,1765.914062,567.877136,1676.559204,0.9463765262,-0.3213190003,0.0335495255,,,,
22037,0.0,1769.317017,566.888306,1676.424927,0.9463765262,-0.3213190003,0.0335495255,,,,
22038,0.0,1772.656128,565.896912,1676.369629,0.9463765262,-0.3213190003,0.0335495255,,,,
22039,0.0,1779.284058,563.83197,1676.402466,0.9463765262,-0.3213190003,0.0335495255,,,,
22040,0.0,1782.251709,562.830566,1676.536499,0.9463765262,-0.3213190003,0.0335495255,,,,
22041,0.0,1785.714478,561.607788,1676.818604,0.9463765262,-0.3213190003,0.0335495255,,,,
22042,0.0,1788.701538,560.580078,1676.987061,0.9463765262,-0.3213190003,0.0335495255,,,,
22043,0.0,1792.189087,559.250793,1677.320923,0.9463765262,-0.3213190003,0.0335495255,,,,
22044,0.0,1794.916382,557.973572,1677.951782,0.9471893652,-0.3189149351,0.0335495255,,,,
22045,0.0,1797.930542,556.271423,1678.616577,0.9504344039,-0.3090089011,0.0344665492,,,,
22046,0.0,1800.55249,554.810669,1678.808472,0.955108783,-0.2942387299,0.0345077144,,,,
22047,0.0,1803.782593,553.06543,1678.664795,0.9644116575,-0.2621438012,0.0345077144,,,,
22048,0.0,1806.509521,551.482361,1678.507202,0.974230925,-0.2228975602,0.0345077144,,,,
22049,0.0,1809.598389,549.624756,1678.232544,0.986957718,-0.1576227747,0.0327035751,,,,
22050,0.0,1812.285156,547.978882,1677.942261,0.9945109958,-0.1002096537,0.030098247,,,,
22051,0.0,1815.530396,546.022583,1677.53894,0.9996384671,0.0008150534,0.026875096,,,,
22052,0.0,1818.146729,545.109985,1676.951294,0.9956783825,0.0900763413,0.0226011364,,,,
22053,0.0,1821.075439,543.632568,1676.337891,0.9857641708,0.1670182702,0.0193364146,,,,
22054,0.0,1823.851929,542.0448,1675.872681,0.9743384282,0.2244203933,0.0173238126,,,,
22055,0.0,1826.426147,540.494446,1675.551392,0.962375639,0.2712281259,0.0163839292,,,,
22056,0.0,1829.207886,538.615784,1675.249268,0.956112118,0.2924970784,0.0171778026,,,,
22057,0.0,1831.810547,536.778809,1675.00415,0.9549043395,0.296362515,0.0180820916,,,,
22058,0.0,1834.577515,534.842468,1674.874023,0.954783768,0.2967425986,0.0182150115,,,,
22059,0.0,1837.698486,532.852478,1674.876831,0.954783768,0.2967425986,0.0182150115,,,,
22060,0.0,1840.162476,531.349121,1674.938354,0.954783768,0.2967425986,0.0182150115,,,,
22061,0.0,1843.132324,529.589172,1675.101685,0.954783768,0.2967425986,0.0182150115,,,,
22062,0.0,1846.109131,527.846985,1675.241577,0.954783768,0.2967425986,0.0182150115,,,,
22063,0.0,1849.360718,525.887939,1675.612793,0.954783768,0.2967425986,0.0182150115,,,,
22064,0.0,1852.060791,524.295166,1675.828003,0.954783768,0.2967425986,0.0182150115,,,,
22065,0.0,1855.294922,522.388977,1676.137451,0.954783768,0.2967425986,0.0182150115,,,,
22066,0.0,1858.485474,520.550842,1676.322266,0.954783768,0.2967425986,0.0182150115,,,,
22067,0.0,1861.273438,518.965942,1676.321655,0.9596173624,0.2807182417,0.0182150115,,,,
22068,0.0,1864.460571,516.977295,1676.262207,0.9771766542,0.212264165,0.0083492963,,,,
22069,0.0,1867.63916,515.008972,1676.38562,0.9950377379,0.0994612888,-0.0027114878,,,,
22070,0.0,1870.4646,513.305176,1676.417236,0.9995618347,-0.0290905356,-0.0054662044,,,,
22071,0.0,1873.690063,511.508087,1676.297485,0.9849594413,-0.1726899222,-0.0057523641,,,,
22072,0.0,1876.501343,509.838898,1676.15686,0.9542061351,-0.2991092176,-0.0049323154,,,,
22073,0.0,1879.802246,507.501434,1676.447266,0.8980735767,-0.4398400418,-0.0021420759,,,,
22074,0.0,1883.124512,505.570282,1677.031494,0.8389943086,-0.5441401929,-2.61974e-05,0.1235086854,377.9383367277,785.0528932611,3.0
22075,0.0,1885.969727,504.059357,1677.362793,0.7808793455,-0.6246722911,0.0034607017,0.0805884345,306.5751792181,779.5008218269,3.0
22076,0.0,1892.608765,500.342651,1676.278809,0.6539093498,-0.7564791677,0.0119092868,0.0250432186,170.5831862589,767.0300027059,3.0
22077,0.0,1894.4223025,499.417221,1676.091431,0.6220232978,-0.7818190333,0.0135793248,0.0177521959,140.1323076741,763.648987301,3.0
22078,0.0,1899.317871,497.291626,1675.720947,0.5540504841,-0.8322895053,0.0179510561,0.0052884969,77.5314905459,754.8696408837,3.0
22079,0.0,1902.595581,495.786011,1675.40332,0.5034923876,-0.8637682098,0.0199973826,0.0010655516,34.5603210949,748.843825537,3.0
22080,0.0,1905.596924,494.542511,1675.17627,0.463282486,-0.8859425318,0.0217983607,8.76484e-05,9.8426670741,743.4216863025,3.0
22081,0.0,1908.905396,493.219971,1675.105469,0.4299557488,-0.9024874162,0.0255835432,0.0007403351,28.3699790247,737.4120849626,3.0
22082,0.0,1911.942383,492.113159,1675.074829,0.4069630953,-0.9129493307,0.030075882,0.0018932315,45.0254554438,732.0603905566,3.0
22083,0.0,1915.161255,490.929718,1675.140747,0.3929204668,-0.9188086649,0.037471909,0.0029072684,55.3307521137,726.1475743706,3.0
22084,0.0,1918.603516,489.685883,1675.280273,0.391485771,-0.9193463083,0.0392588391,0.0028616859,54.4254940558,719.925121505,3.0
22085,0.0,1921.906372,488.455109,1675.470093,0.3914852943,-0.9193448326,0.0392981311,0.0026433668,51.9071111406,714.365278192,3.0
22086,0.0,1924.806885,487.294617,1675.683838,0.3914852943,-0.9193448326,0.0392981311,0.0024572607,49.6481269553,708.6457931204,3.0
22087,0.0,1927.987793,485.978912,1675.894165,0.3914852943,-0.9193448326,0.0392981311,0.0022456489,47.0604188262,702.6091706807,3.0
22088,0.0,1931.053345,484.694489,1676.416992,0.3914852943,-0.9193448326,0.0392981311,0.0020510238,44.5979267421,696.6860665287,3.0
22089,0.0,1933.592407,483.449432,1676.793091,0.3914852943,-0.9193448326,0.0392981311,0.0018947071,42.5453786914,691.4681284117,3.0
22090,0.0,1936.379639,481.877411,1677.104248,0.3914852943,-0.9193448326,0.0392981311,0.0017236305,40.2270025237,685.4374314331,3.0
22091,0.0,1939.302734,480.035767,1677.293579,0.3914852943,-0.9193448326,0.0392981311,0.001545479,37.731212969,678.9254286143,3.0
22092,0.0,1941.554688,478.43396,1677.343994,0.3914852943,-0.9193448326,0.0392981311,0.0014087137,35.7488082258,673.7335924229,3.0
22093,0.0,1944.283081,476.377686,1677.184448,0.3914852943,-0.9193448326,0.0392981311,0.00124255,33.2578128668,667.3546608452,3.0
22094,0.0,1946.437622,474.61441,1677.017334,0.3914852943,-0.9193448326,0.0392981311,0.0011178757,31.3000398089,662.1471878898,3.0
22095,0.0,1949.087769,472.235443,1676.688477,0.3914852943,-0.9193448326,0.0392981311,0.0009732291,28.9114200655,655.469645129,3.0
22096,0.0,1951.229248,470.132935,1676.453369,0.389169777,-0.9203982337,0.0376028734,0.0008860806,27.3514858161,649.8685724164,3.0
22097,0.0,1953.544434,467.623627,1676.069214,0.3812838216,-0.9238767335,0.0327784794,0.0008909999,27.1581397029,643.4917132614,3.0
22098,0.0,1955.508301,465.242584,1675.811646,0.3468164275,-0.9373666152,0.0325913231,0.0025697315,45.6919468712,637.7639571323,3.0
22099,0.0,1957.331299,462.924683,1675.506226,0.2988189311,-0.953661799,0.0351627576,0.0069115276,74.2062080546,632.2515879135,3.0
22100,0.0,1959.099976,460.52301,1675.261353,0.2491196939,-0.9676973966,0.0387443762,0.0136010634,103.0042441036,626.6650156579,3.0
22101,0.0,1960.840942,457.790833,1675.222656,0.1920931085,-0.9804080651,0.0435920118,0.0241102949,135.4607306977,620.6271976309,3.0
22102,0.0,1962.396851,454.850067,1675.182251,0.1338375215,-0.9898552926,0.0476866609,0.0379759275,167.8122495295,614.7765569298,3.0
22103,0.0,1963.741943,451.905914,1675.226685,0.0872408181,-0.9949454439,0.0497252786,0.0509971597,191.8156323876,608.421801215,3.0
22104,0.0,1964.503784,448.426147,1675.070679,-0.0109291309,-0.998601494,0.0517263019,0.0858382274,244.0007528724,601.9514662156,3.0
22105,0.0,1965.097168,445.537781,1675.21167,-0.0835710747,-0.9950683003,0.0534317615,0.1172723972,280.2937638384,596.515577064,3.0
22106,0.0,1964.942749,441.861511,1675.133667,-0.2205974592,-0.9736271321,0.0581976693,0.1014382986,891.4268394231,2031.2920547536,6.0
22107,0.0,1964.646729,438.806061,1675.075928,-0.3321339878,-0.9412001173,0.0618817695,0.057936276,680.0553890701,2027.3898140127,6.0
22108,0.0,1963.956299,435.526642,1674.567749,-0.4444925095,-0.8934903696,0.0640419273,0.0253283533,452.4298982372,2023.0209207318,6.0
22109,0.0,1963.072876,432.436951,1673.931152,-0.5652860583,-0.8223935504,0.0641912813,0.0050256232,202.1322612932,2018.7010717355,6.0
22110,0.0,1962.827393,429.714203,1673.72644,-0.6372403621,-0.7679871095,0.0641912813,0.0019827538,126.8414353297,2015.2416617213,6.0
22111,0.0,1962.632446,426.761444,1673.583008,-0.7087869341,-0.7024959496,0.0641912987,0.0073405349,243.2856073061,2011.5740312696,6.0
22112,0.0,1962.737549,424.082764,1673.535522,-0.7574066386,-0.6495044142,0.0669268238,0.007708919,253.8973452219,2048.7314022281,0.0
22113,0.0,1963.347168,421.003784,1673.792847,-0.7729809266,-0.63050766,0.0704313691,0.0057487408,219.305475016,2048.2038300429,0.0
22114,0.0,1964.119751,417.490997,1674.151489,-0.7777951157,-0.6241079863,0.0743234787,0.0055107011,214.6721320545,2047.653118813,0.0
22115,0.0,1964.876831,413.821564,1674.419067,-0.778136839,-0.6236354658,0.0747118835,0.0056119146,216.567423392,2047.0703401337,0.0
22116,0.0,1965.483154,410.325958,1674.502319,-0.778136839,-0.6236354658,0.0747118835,0.0057168457,218.509236852,2046.4359468814,0.0
22117,0.0,1965.946899,407.178833,1674.413208,-0.778136839,-0.6236354658,0.0747118835,0.005803483,220.0916013605,2045.8563530847,0.0
22118,0.0,1966.779297,400.268158,1674.09436,-0.778136839,-0.6236354658,0.0747118835,0.0059846575,223.3587728645,2044.6506596455,0.0
22119,0.0,1966.963257,398.392441,1673.9298705,-0.778136839,-0.6236354658,0.0747118835,0.0060308391,224.1760009638,2044.2994696881,0.0
22120,0.0,1967.147217,396.516724,1673.765381,-0.778136839,-0.6236354658,0.0747118835,0.0060770207,224.9932290631,2043.9482797308,0.0
22121,0.0,1967.566406,389.689697,1673.324463,-0.778136839,-0.6236354658,0.0747118835,0.0062920561,228.6128284467,2041.1434820466,0.0
22122,0.0,1967.717651,385.758667,1673.03833,-0.778136839,-0.6236354658,0.0747118835,0.0064302045,230.8501595615,2038.928822506,0.0
22123,0.0,1967.74353,382.82782,1673.271851,-0.778136839,-0.6236354658,0.0747118835,0.0065549642,232.8502587459,2036.9924985454,0.0
22124,0.0,1967.61145,379.596466,1673.595093,-0.7564035088,-0.6511130468,0.0624942569,0.0096527088,282.0084216561,2034.5719105699,0.0
22125,0.0,1967.086426,376.360504,1674.008789,-0.7594340668,-0.6480155289,0.0577561468,0.0090312644,272.4213789049,2031.5835473531,0.0
22126,0.0,1966.6774295,374.784134,1674.218445,-0.7682040509,-0.6375014636,0.0571541736,0.0075844398,248.3937656965,2029.8897725468,0.0
22127,0.0,1965.290527,370.559357,1674.842041,-0.8027797255,-0.5935894731,0.0565353848,0.0030377953,157.7242638843,2025.0433896568,0.0
22128,0.0,1963.932739,367.839691,1675.305542,-0.8534485303,-0.5176800526,0.0602741171,0.0023635427,138.8731342588,2021.0557015625,0.0
22129,0.0,1962.56665,365.394745,1675.73584,-0.882316491,-0.4662894161,0.0639671017,0.0063175454,226.4124700277,2017.4285479792,0.0
22130,0.0,1960.946533,362.899689,1676.172485,-0.9027832816,-0.4249957738,0.0660374039,0.0118828653,310.4061274163,2019.5225854891,0.0
22131,0.0,1959.31897,360.817108,1676.42749,-0.9145434688,-0.3987729101,0.0677525628,0.0162655384,362.1367009122,2016.0279542831,0.0
22132,0.0,1957.410645,358.3797,1676.690918,-0.9243413112,-0.3751440924,0.069714061,0.020805679,408.2631419366,2011.8935972065,0.0
22133,0.0,1955.413452,355.813812,1676.942993,-0.9269904793,-0.3685082644,0.0699307546,0.0220313707,419.0689487831,2007.4975482341,0.0
22134,0.0,1953.581665,353.603699,1677.057129,-0.9271181054,-0.368187056,0.0699307546,0.0219426511,417.4097180686,2003.5425391239,0.0
22135,0.0,1951.432129,351.35144,1677.148315,-0.9271181054,-0.368187056,0.0699307546,0.0217890829,415.0492854221,1999.1431692465,0.0
22839,0.0,1449.561646,172.562729,1675.669312,-0.7925460164,-0.6086652551,0.0373820701,0.0394509755,147.3950352068,529.986892571,3.0
22840,0.0,1449.498779,172.514328,1675.785645,-0.7925460164,-0.6086652551,0.0373820701,0.0392457592,147.8653110941,533.0382230593,3.0
22841,0.0,1449.392334,172.432724,1675.839722,-0.7925460164,-0.6086652551,0.0373820701,0.0390125554,148.2896399075,536.1313520118,3.0
22842,0.0,1449.363525,172.276489,1675.873047,-0.7925460164,-0.6086652551,0.0373820701,0.0386910052,148.476171511,538.987563106,3.0
22843,0.0,1449.605225,171.833191,1675.899292,-0.7925460164,-0.6086652551,0.0373820701,0.0381942352,148.1754174614,541.3139851246,3.0
22844,0.0,1447.628174,170.67511,1676.299438,-0.7915945171,-0.6099022063,0.0373820701,0.037955794,147.9666513475,542.2136054151,3.0
22845,0.0,1444.376465,169.181381,1676.070679,-0.7888455813,-0.613453527,0.0373820701,0.0372197018,146.5607090837,542.2446402238,3.0
22846,0.0,1440.961426,167.865387,1675.596558,-0.7857917608,-0.6173604211,0.0373820701,0.0364668516,145.108388744,542.2808474008,3.0
22847,0.0,1437.749023,166.927277,1675.155273,-0.7839202722,-0.6197350958,0.0373820527,0.0362646159,144.793941492,542.5844792195,3.0
22848,0.0,1434.452393,165.704437,1675.017456,-0.7809228532,-0.6235078815,0.0373820701,0.0355126086,143.3706414764,542.8055984396,3.0
22849,0.0,1431.276611,164.677277,1674.952026,-0.7760457635,-0.6295677515,0.0373820701,0.0339834457,140.4082567835,543.2069985395,3.0
22850,0.0,1428.831055,164.053787,1674.946045,-0.7727020816,-0.6336671634,0.0373820701,0.0329850366,138.4821409416,543.6650969487,3.0
22851,0.0,1425.569946,163.277176,1674.914429,-0.7652886402,-0.6426008699,0.0373820701,0.0307214276,133.8432874428,544.1546199998,3.0
22852,0.0,1421.962036,162.558273,1674.949707,-0.7584791323,-0.6506243053,0.0373820701,0.0287503277,129.7203519899,544.8988634424,3.0
22853,0.0,1418.556763,161.983673,1675.018066,-0.7487512717,-0.6618489318,0.0364352114,0.0258269146,123.2085638993,545.6473102108,3.0
22854,0.0,1415.410889,161.545792,1675.067871,-0.7412451626,-0.6702454048,0.0364239789,0.0238654586,118.5829386306,546.045787956,3.0
22855,0.0,1412.98999,161.204712,1675.072266,-0.7333917608,-0.67886713,0.0357203713,0.0216533185,113.2326736308,547.089437621,3.0
22856,0.0,1409.017944,160.535583,1675.142578,-0.7240686906,-0.6888154348,0.0354658717,0.0193661767,107.3641299334,548.1951241372,3.0
22857,0.0,1405.976807,159.831573,1675.266724,-0.7162477519,-0.6969915448,0.0345245468,0.0174895857,102.2077895249,548.8914887743,3.0
22858,0.0,1403.634033,159.150726,1675.462646,-0.7123411974,-0.7009844764,0.0345077144,0.0166327289,99.7808521098,549.3686622117,3.0
22859,0.0,1400.362183,157.888031,1675.719482,-0.7053532517,-0.7080155422,0.0345077144,0.0150187531,94.9300865747,549.8050625679,3.0
22860,0.0,1398.384766,156.902725,1675.96875,-0.7031963565,-0.7101942239,0.0337497932,0.0144308756,93.0979750511,549.9856880054,3.0
22861,0.0,1396.041748,155.518646,1676.252441,-0.6999586148,-0.7133949586,0.0335495255,0.0135351,90.2175688213,550.1991785731,3.0
22862,0.0,1393.63562,153.792084,1676.52832,-0.6973694289,-0.7159261888,0.0335495429,0.0126114469,87.107180808,550.2120639578,3.0
22863,0.0,1391.518555,151.942383,1676.676758,-0.6964792529,-0.7167922151,0.0335495255,0.0118959766,84.644469963,550.4007123587,3.0
22864,0.0,1389.555664,149.900345,1676.620361,-0.6957903851,-0.7174609183,0.0335495255,0.0111279028,81.863603021,550.2762460894,3.0
22865,0.0,1387.724243,147.710571,1676.551392,-0.6957164387,-0.7175326238,0.0335495255,0.0104343973,79.2394289488,549.9567303758,3.0
22866,0.0,1386.073608,145.493881,1676.486694,-0.6957164387,-0.7175326238,0.0335495255,0.0098705997,76.9914622928,549.3259816016,3.0
22867,0.0,1384.589111,143.262177,1676.427734,-0.6957164387,-0.7175326238,0.0335495255,0.0093398521,74.8162466294,548.6903914993,3.0
22868,0.0,1383.153931,140.872803,1676.382812,-0.6957164387,-0.7175326238,0.0335495255,0.0088479599,72.721594694,547.8852514818,3.0
22869,0.0,1380.552612,135.733322,1676.375977,-0.6957164387,-0.7175326238,0.0335495255,0.0079325737,68.6479174563,546.0951156443,3.0
22870,0.0,1379.350708,132.954346,1676.430908,-0.6957164387,-0.7175326238,0.0335495255,0.0075433775,66.8245746217,545.0782380477,3.0
22871,0.0,1378.678772,131.3727955,1676.4487915,-0.6957164387,-0.7175326238,0.0335495255,0.007371428,65.9757158728,544.4006104568,3.0
22872,0.0,1377.243896,127.500259,1676.443359,-0.6957164387,-0.7175326238,0.0335495255,0.0070595638,64.3631724721,542.6269361853,3.0
22873,0.0,1376.642639,125.8116795,1676.489746,-0.6957164387,-0.7175326238,0.0335495255,0.0069586724,63.7935841624,541.7037000232,3.0
22874,0.0,1376.041382,124.1231,1676.536133,-0.6957164387,-0.7175326238,0.0335495255,0.0068577809,63.2239958526,540.7804638611,3.0
22875,0.0,1375.143921,121.180893,1676.546753,-0.6957164387,-0.7175326238,0.0335495255,0.0064413306,61.0694918101,538.9171455917,3.0
22876,0.0,1374.245361,118.079208,1676.509033,-0.6957164387,-0.7175326238,0.0335495255,0.0062278827,59.8164758171,536.8004252344,3.0
22877,0.0,1373.004028,112.641914,1676.235229,-0.6957164387,-0.7175326238,0.0335495255,0.005563398,56.1648025721,533.1925288089,3.0
22878,0.0,1372.424805,109.971046,1676.032593,-0.6957164387,-0.7175326238,0.0335495255,0.0052571315,54.4119460697,531.3447310801,3.0
22879,0.0,1371.617676,105.975456,1675.788452,-0.6957164387,-0.7175326238,0.0335495255,0.0048249537,51.84433745,528.401755844,3.0
22880,0.0,1371.026978,103.072968,1675.668457,-0.6957164387,-0.7175326238,0.0335495255,0.0045330796,50.0461302198,526.2008681914,3.0
22881,0.0,1370.305298,100.404572,1675.42981,-0.6969891499,-0.7162964151,0.0335495255,0.0043912702,49.0638072503,524.1172668239,3.0
22882,0.0,1368.97644,96.485573,1675.115723,-0.702064432,-0.7113226853,0.0335495255,0.0045153087,49.4463207303,520.9140314824,3.0
22883,0.0,1368.255859,94.345085,1675.156494,-0.7124025374,-0.7009686542,0.0335495255,0.0054077304,53.9185245197,519.1626210804,3.0
22884,0.0,1366.871948,91.323318,1675.145508,-0.733264156,-0.67911568,0.0335495255,0.0078931343,64.7731653195,516.5520125298,3.0
22885,0.0,1365.876099,89.579155,1675.29895,-0.7485394429,-0.6622055496,0.0342419707,0.0104131484,74.1330969193,515.0384621488,3.0
22886,0.0,1363.926025,87.127396,1675.47876,-0.7793412962,-0.6255956994,0.0354565226,0.0174460006,95.3138083266,512.5017681075,3.0
22887,0.0,1362.873291,85.806847,1675.836182,-0.7910906144,-0.6106243721,0.0362424624,0.0207948675,103.7040784318,511.1782342586,3.0
22888,0.0,1360.921509,83.94545,1676.094604,-0.8019915073,-0.5962238807,0.0364239789,0.0243103822,111.5322637196,508.9150153196,3.0
22889,0.0,1359.082397,82.61422,1676.116333,-0.8038258875,-0.5936997265,0.0372099085,0.0249951176,112.6663187723,507.0869404297,3.0
22890,0.0,1357.267578,81.465286,1676.372925,-0.8041275015,-0.5932803235,0.0373820701,0.0252072639,112.7515731979,505.3578258488,3.0
22891,0.0,1354.069824,79.680336,1676.729004,-0.8008282364,-0.5976683605,0.0382970838,0.0244211942,110.3630864619,502.4504160386,3.0
22892,0.0,1351.968018,78.416725,1677.12793,-0.796400499,-0.603503218,0.0391166343,0.0231294973,107.0249115357,500.5098977866,3.0
22893,0.0,1349.854736,76.991081,1677.545288,-0.790587636,-0.6110866114,0.0392981311,0.0214583033,102.7420797648,498.6296035686,3.0
22894,0.0,1346.906494,74.707413,1677.867676,-0.778992809,-0.6258001762,0.0392981311,0.0181254381,93.9480623482,495.6846713071,3.0
22895,0.0,1344.882202,73.129608,1677.977051,-0.7693914111,-0.6375217866,0.040035336,0.0156910702,87.1016555878,493.6231092765,3.0
22896,0.0,1342.886963,71.488121,1678.10498,-0.7622195764,-0.6460656023,0.0402561165,0.0140230443,82.0399367539,491.6058708909,3.0
22897,0.0,1339.836304,68.954811,1678.174438,-0.7521440961,-0.6577679711,0.0402561165,0.0118482648,74.998973497,488.6559382868,3.0
22898,0.0,1337.813477,67.309563,1678.117432,-0.7475766927,-0.6629543978,0.0402561165,0.0107168389,71.059423016,486.6761042249,3.0
22899,0.0,1334.970459,64.900154,1677.973022,-0.7416778772,-0.6695471391,0.0402561165,0.0093124349,65.8382065023,483.5538149576,3.0
22900,0.0,1332.828125,63.113354,1677.849609,-0.7372485963,-0.674421198,0.0402561165,0.0084227842,62.327524797,481.2308588404,3.0
22901,0.0,1329.73938,60.539215,1677.669312,-0.7320518675,-0.6800584595,0.0402561165,0.0073904472,57.9959524305,477.9156157335,3.0
22902,0.0,1327.873779,58.9133,1677.473633,-0.7281199537,-0.6842665988,0.0402561165,0.0066584351,54.8318969535,475.9445122069,3.0
22903,0.0,1325.022095,56.473186,1676.980469,-0.7197665315,-0.6930953697,0.0394328358,0.0052884907,48.55783969,472.7738394742,3.0
22904,0.0,1323.027832,54.788052,1676.777344,-0.7151967132,-0.6978175394,0.0392981311,0.0046241444,45.1848845424,470.3976310736,3.0
22905,0.0,1319.907959,52.087975,1676.3927,-0.7056515471,-0.707514475,0.0384598728,0.0034170309,38.5523201076,466.7479164663,3.0
22906,0.0,1317.023438,49.576927,1676.318848,-0.6977658069,-0.7152991776,0.0383401269,0.0026191362,33.5105933755,463.3110270318,3.0
22907,0.0,1315.040527,47.8559,1676.350098,-0.6940455966,-0.7189477651,0.0376141054,0.0022369892,30.8120599804,460.9107191189,3.0
22908,0.0,1312.087524,45.260147,1676.403442,-0.6879301993,-0.7248135082,0.0373820701,0.0017816669,27.3057980624,457.6359671136,3.0
22909,0.0,1309.290405,42.847649,1676.599731,-0.6813207864,-0.7310297989,0.0373820701,0.0015168598,25.0499285879,454.9708025268,3.0
22910,0.0,1307.013428,40.872074,1676.797363,-0.6781703243,-0.7339533992,0.0373820701,0.0014163092,24.0829230249,452.6567422714,3.0
22911,0.0,1303.908936,38.215332,1677.234009,-0.6740569814,-0.7377328559,0.0373820701,0.0013294159,23.1688830229,449.4734599126,3.0
22912,0.0,1301.851318,36.429535,1677.456543,-0.6728978813,-0.7387529549,0.0381118477,0.0013355699,23.1099502642,447.2967717074,3.0
22913,0.0,1298.776001,33.9007,1677.927734,-0.6719149972,-0.7396352285,0.0383401269,0.0013694347,23.2426721335,444.2721914355,3.0
22914,0.0,1293.900635,29.753279,1678.393433,-0.6711361695,-0.7403419998,0.0383401269,0.0014871056,23.9915350347,440.0820478433,3.0
22915,0.0,1290.92334,27.177364,1678.612427,-0.6705537364,-0.740869571,0.0383401269,0.0015920242,24.697627454,437.8630769555,3.0
22916,0.0,1289.4869385,25.8953035,1678.673523,-0.6701587792,-0.7412041106,0.0387714223,0.00165608,25.1267539389,436.878753847,3.0
22917,0.0,1285.959961,22.800978,1678.829834,-0.6692127121,-0.7420309986,0.0392981311,0.0018140007,26.170114994,434.6792906115,3.0
22918,0.0,1283.072632,20.167877,1678.805786,-0.668421473,-0.7427438253,0.0392981485,0.0019160605,26.8032340172,433.1873064467,3.0
22919,0.0,1281.7178955,18.848031,1678.794861,-0.6677304626,-0.7433645284,0.0392981485,0.0019481853,26.9855757729,432.5469692541,3.0
22920,0.0,1278.373291,15.602783,1678.644287,-0.6654276215,-0.7453940097,0.0399230615,0.0020108024,27.3163646803,430.9646406076,3.0
22921,0.0,1275.675171,12.854473,1678.367798,-0.6619792779,-0.7484402987,0.0402561165,0.0019472545,26.7929517646,429.5420908124,3.0
22922,0.0,1272.977173,9.931149,1678.039185,-0.6572449605,-0.7525553474,0.0411036618,0.0018414977,25.9946772278,428.5326026836,3.0
22923,0.0,1271.189087,7.985109,1677.97644,-0.6530410359,-0.7561667549,0.0418239675,0.0017768243,25.491746417,427.8143586202,3.0
22924,0.0,1268.412109,4.857074,1677.426758,-0.6472698451,-0.7610934723,0.0421719581,0.0016356604,24.4019318342,426.8156134842,3.0
22925,0.0,1266.388306,2.505067,1676.988281,-0.6400890178,-0.767103899,0.0428679065,0.0014683649,23.0602357995,425.6878329143,3.0
22926,0.0,1264.012207,-0.222996,1676.510132,-0.6291383289,-0.7760958581,0.0431298299,0.0012733774,21.442645691,425.0334458775,3.0
22927,0.0,1261.805664,-2.805379,1676.156372,-0.6132278836,-0.7887660504,0.0424226421,0.0011793249,20.5963673218,424.2159303232,3.0
22928,0.0,1259.786255,-5.201777,1675.919556,-0.597199196,-0.8010157188,0.0415564493,0.0013803719,22.2307143598,423.2434908915,3.0
22929,0.0,1257.088135,-8.591572,1675.738159,-0.5662891053,-0.8232599675,0.0394927237,0.0026722042,30.8428406203,422.1772972572,3.0
22930,0.0,1255.381226,-10.910934,1675.775024,-0.5385923269,-0.8416816742,0.0386039474,0.0048845085,41.6018050206,421.4224981142,3.0
22931,0.0,1252.962402,-14.204186,1675.84314,-0.5208640493,-0.8527782116,0.0383401095,0.0065283799,47.9741244184,420.5322615796,3.0
22932,0.0,1251.102905,-16.696747,1675.90625,-0.5200380375,-0.8532821774,0.0383401269,0.0063043847,47.0792075242,419.9314141504,3.0
22933,0.0,1249.344482,-19.152859,1676.035034,-0.5200380375,-0.8532821774,0.0383401269,0.005993523,45.8455515106,419.3656254047,3.0
22934,0.0,1247.201416,-22.199257,1676.348755,-0.5200380375,-0.8532821774,0.0383401269,0.005641451,44.4069409282,418.6526343004,3.0
22935,0.0,1245.17041,-25.267431,1676.795532,-0.5200380375,-0.8532821774,0.0383401269,0.005376044,43.2909457366,418.0566650837,3.0
22936,0.0,1243.062012,-28.460508,1677.192749,-0.5200380375,-0.8532821774,0.0383401269,0.0050913317,42.0718425067,417.4594805447,3.0
22937,0.0,1241.543579,-30.716742,1677.458618,-0.5200380375,-0.8532821774,0.0383401269,0.0049031724,41.2546941943,417.1121144436,3.0
22938,0.0,1239.609863,-34.095684,1677.970215,-0.5200380375,-0.8532821774,0.0383401269,0.0047336088,40.5032834452,416.7672694335,3.0
22939,0.0,1237.716187,-37.225754,1678.028931,-0.5200380375,-0.8532821774,0.0383401269,0.0045403621,39.6373320065,416.4258658843,3.0
22940,0.0,1236.266357,-39.707016,1677.854248,-0.5200380375,-0.8532821774,0.0383401269,0.0044380351,39.1726577455,416.2507803357,3.0
22941,0.0,1234.619751,-43.348698,1677.758423,-0.5200380375,-0.8532821774,0.0383401269,0.0043460903,38.753722053,416.1227237542,3.0
22942,0.0,1233.167725,-46.830269,1677.469116,-0.5200380375,-0.8532821774,0.0383401269,0.0042407401,38.2588667778,415.8696238437,3.0
22943,0.0,1232.255859,-49.448418,1677.232178,-0.5200380375,-0.8532821774,0.0383401269,0.0043128772,38.5171779186,415.1687764853,3.0
22944,0.0,1231.235474,-53.28146,1676.970337,-0.5200380375,-0.8532821774,0.0383401269,0.00434771,38.6657011997,415.1004162017,3.0
22945,0.0,1230.384644,-56.964581,1676.750366,-0.5200194241,-0.8532514018,0.0392663208,0.0044170572,38.9356930672,414.7119100138,3.0
22946,0.0,1229.894775,-59.538937,1676.51062,-0.5181909592,-0.8542959231,0.0407014211,0.0046462106,39.9129747573,414.5287872727,3.0
22947,0.0,1229.395264,-63.437069,1676.10083,-0.513921303,-0.8567650051,0.042879136,0.0051959964,42.2164593402,414.6648959738,3.0
22948,0.0,1229.301514,-67.014259,1675.970581,-0.5040451624,-0.8625086448,0.0449144947,0.0064579077,47.0931404131,415.0486751039,3.0
22949,0.0,1229.115723,-70.531494,1675.855103,-0.490307268,-0.8702857701,0.0469197326,0.0083236063,53.4742642983,415.316959296,3.0
22950,0.0,1228.827148,-73.547897,1675.87561,-0.476057746,-0.8780215463,0.0494690484,0.0104950682,60.0386000796,415.4946301587,3.0
22951,0.0,1227.75061,-80.112373,1676.039307,-0.4545248544,-0.8891334011,0.0533755724,0.0141252478,69.647190951,415.8432338566,3.0
22952,0.0,1227.3465575,-81.8255345,1676.128357,-0.4509315807,-0.8909174079,0.0539486706,0.0147391385,71.1299963145,415.9126093897,3.0
22953,0.0,1226.942505,-83.538696,1676.217407,-0.447338307,-0.8927014147,0.0545217688,0.0153530292,72.612801678,415.9819849228,3.0
22954,0.0,1225.967529,-86.729156,1676.583374,-0.4435171589,-0.8945466862,0.0554865378,0.0159661309,74.0333916272,415.9616212852,3.0
22955,0.0,1223.666626,-93.150589,1677.242432,-0.442320363,-0.8951333788,0.0555781481,0.0158789669,73.7812958747,415.6722928471,3.0
22956,0.0,1222.520996,-96.07457,1677.518066,-0.442320363,-0.8951333788,0.0555781481,0.0157220222,73.3893042711,415.5060119367,3.0
22957,0.0,1221.006348,-99.602386,1677.876343,-0.4414829374,-0.8954898431,0.0564867854,0.0156901193,73.2585393567,415.1837863819,3.0
22958,0.0,1219.560913,-102.972641,1678.160034,-0.439723853,-0.8963518748,0.0565353848,0.015834304,73.5615753993,415.0138239974,3.0
22959,0.0,1218.239624,-105.942802,1678.387329,-0.4380958356,-0.897092059,0.0574271407,0.0160025825,73.9037636343,414.7639165646,3.0
22960,0.0,1216.745728,-109.310577,1678.597534,-0.4345801915,-0.8987962303,0.0574925521,0.0164887731,74.9597209517,414.4922924371,3.0
22961,0.0,1215.420532,-112.471153,1678.700195,-0.4277789844,-0.901993135,0.0584253783,0.0179808724,78.1155270128,413.788167325,3.0
22962,0.0,1214.216919,-115.350266,1678.761353,-0.420810305,-0.9052636752,0.058449684,0.0194273796,81.2230077953,414.0726728892,3.0
22963,0.0,1212.688965,-118.42411,1678.878418,-0.4103168616,-0.9100679686,0.058449684,0.0216642941,85.7115715863,414.0160635775,3.0
22964,0.0,1211.264038,-121.665375,1678.434204,-0.3883641808,-0.9196504214,0.058449684,0.0269278713,95.3740797905,413.768922201,3.0
22965,0.0,1209.977417,-124.428261,1677.793701,-0.3587930242,-0.9315853156,0.058449684,0.0346344322,107.8403984226,413.3384208717,3.0
22966,0.0,1208.26709,-127.664383,1677.11145,-0.3097015677,-0.9490924788,0.057518741,0.0491615399,127.7799776399,412.6096816731,3.0
22967,0.0,1206.786743,-130.23526,1676.635742,-0.2605272295,-0.9638024366,0.0566606206,0.0655933508,146.8048028035,412.1321238645,3.0
22968,0.0,1204.885742,-133.414978,1676.039307,-0.1695068631,-0.9840135969,0.0546320835,0.1012666082,180.5055137016,411.6473711846,3.0
22969,0.0,1203.288208,-135.825302,1675.791016,-0.091893364,-0.9943600945,0.0529491466,0.1367255262,207.5966162751,411.2984298242,3.0
22970,0.0,1201.437134,-138.776505,1675.403076,0.0310210547,-0.998222262,0.0508921399,,,,
22971,0.0,1200.266113,-141.555344,1675.055542,0.1595376751,-0.985979865,0.0489023111,,,,
22972,0.0,1199.548584,-143.73877,1674.763306,0.2636219088,-0.9634693396,0.0472262737,,,,
22973,0.0,1198.911499,-146.25769,1674.597778,0.4114480363,-0.9103611339,0.0441941106,,,,
22974,0.0,1198.05249,-148.392822,1674.606567,0.5075264161,-0.8606372882,0.0414776459,,,,
22975,0.0,1196.902588,-150.691757,1674.741577,0.5835717457,-0.8111386777,0.0387048218,,,,
22976,0.0,1195.510742,-153.319977,1675.095337,0.6573135035,-0.7527250681,0.0366596503,,,,
22977,0.0,1194.099609,-156.236267,1675.502808,0.7008487356,-0.7124658434,0.034691091,,,,
22978,0.0,1192.477417,-159.162018,1675.82373,0.7405048664,-0.6712954901,0.0318576189,,,,
22979,0.0,1190.728149,-162.196777,1676.067505,0.7677057384,-0.6400662253,0.030710365,,,,
22980,0.0,1188.953491,-165.24173,1676.149292,0.7752456998,-0.6309597891,0.0297296065,,,,
22981,0.0,1187.442383,-167.773102,1676.188721,0.7768727666,-0.6289559872,0.0297165049,,,,
22982,0.0,1185.532104,-170.939484,1676.188232,0.7771483992,-0.6286153792,0.0297165049,,,,
22983,0.0,1183.963867,-173.468658,1676.123779,0.7741376735,-0.6323193749,0.0297165049,,,,
22984,0.0,1182.154419,-176.357178,1676.037354,0.7688361513,-0.6387549622,0.0297165049,,,,
22985,0.0,1180.267212,-179.279617,1675.865601,0.7624483607,-0.6464057525,0.0288461509,,,,
22986,0.0,1178.490601,-181.921997,1675.679688,0.7526384838,-0.6578056555,0.0287581705,,,,
22987,0.0,1176.436401,-184.823242,1675.453247,0.7321623489,-0.6805597003,0.0278709392,,,,
22988,0.0,1174.386597,-187.517258,1675.279907,0.6844749295,-0.7285380353,0.0269518453,,,,
22989,0.0,1171.930786,-190.485962,1675.041504,0.6143746645,-0.7885888576,0.0259111027,,,,
22990,0.0,1169.45752,-193.293961,1674.765137,0.4931422499,-0.869563563,0.0258830298,,,,
22991,0.0,1167.130249,-195.888824,1674.502075,0.3622594225,-0.9317178648,0.0258830298,,,,
22992,0.0,1164.131958,-198.807755,1674.272583,0.2148029064,-0.9763366935,0.0250274326,,,,
22993,0.0,1161.234253,-201.996323,1674.068115,0.0671391301,-0.9974956016,0.0222454929,,,,
22994,0.0,1158.376099,-205.038132,1674.052002,-0.0789910755,-0.9967043554,0.0184617944,0.094451963,173.2951320786,408.4801139701,3.0
22995,0.0,1152.911255,-210.402023,1674.369751,-0.3080968965,-0.951289614,0.0111522482,0.0187717035,78.5511318466,407.3177568084,3.0
22996,0.0,1149.636963,-213.495865,1674.897705,-0.4090129235,-0.9124946362,0.0078719296,0.0031897321,32.4537019611,406.6480894925,3.0
22997,0.0,1148.011963,-214.895012,1675.077881,-0.448454393,-0.8926886759,0.0068252628,0.0016500054,19.2433167657,406.4426910545,3.0
22998,0.0,1143.794189,-218.382584,1675.40979,-0.5289106478,-0.848658021,0.005752399,0.0022655549,27.3232314917,406.1401168446,3.0
22999,0.0,1140.458008,-220.956558,1675.481323,-0.5607814134,-0.8279439089,0.005752399,0.0062364049,45.2890716158,406.1527836928,3.0
23000,0.0,1137.811401,-222.871536,1675.398682,-0.5699676653,-0.8216332559,0.0074601138,0.0082084256,51.9564043505,406.3377856725,3.0
23001,0.0,1134.596069,-225.14389,1675.199829,-0.5710000934,-0.8209141655,0.0076698266,0.0091888095,54.9600594598,406.3521237992,3.0
23002,0.0,1131.99585,-226.838196,1675.013184,-0.5710000934,-0.8209141655,0.0076698266,0.0099436042,57.1903783021,406.5541171112,3.0
23003,0.0,1128.790649,-228.783569,1674.740112,-0.5710000934,-0.8209141655,0.0076698266,0.0107924778,59.559811812,406.4926421667,3.0
23004,0.0,1125.477051,-230.608246,1674.515869,-0.5710000934,-0.8209141655,0.0076698266,0.0117828645,62.2434628845,406.6646282889,3.0
23005,0.0,1122.879028,-231.921814,1674.339355,-0.5710000934,-0.8209141655,0.0076698266,0.0126429501,64.4954214232,406.880356059,3.0
23006,0.0,1119.540527,-233.331711,1674.068237,-0.5710000934,-0.8209141655,0.0076698266,0.0137906036,67.3193348004,406.7575869297,3.0
23007,0.0,1115.98877,-235.099731,1673.806641,-0.5710000934,-0.8209141655,0.0076698266,0.0151435298,70.6397501759,407.4469231147,3.0
23008,0.0,1113.088623,-236.545242,1673.816772,-0.5710000934,-0.8209141655,0.0076698266,0.0162428283,73.1851584181,407.7067819016,3.0
23009,0.0,1109.874268,-238.31012,1673.766479,-0.5710000934,-0.8209141655,0.0076698266,0.0173977077,75.7639020583,407.9420905097,3.0
23010,0.0,1107.107422,-240.010452,1673.783691,-0.5703651503,-0.8213554462,0.0076698266,0.0182473072,77.6157792515,408.1557340628,3.0
23011,0.0,1103.720703,-242.324646,1673.870239,-0.5595191432,-0.8288118694,0.0030353673,0.016958507,74.923249195,408.560988343,3.0
23012,0.0,1100.788086,-244.475571,1674.047241,-0.5583630869,-0.8295961156,0.000973719,0.0176852004,76.5647133127,408.9190622146,3.0
23013,0.0,1098.13208,-246.460876,1674.21936,-0.5774640859,-0.8164160855,6.92896e-05,0.0232868843,87.8123039539,409.2869122264,3.0
23014,0.0,1095.593018,-248.477646,1674.424438,-0.5966895738,-0.8024717391,0.0008126776,0.0296932818,99.0842360415,409.6458375169,3.0
23015,0.0,1092.546021,-250.954056,1674.759766,-0.6239610543,-0.7814422128,0.0045465147,0.0400153569,114.8235773719,410.0071137022,3.0
23016,0.0,1089.659058,-253.404526,1675.13623,-0.6370901436,-0.7707520861,0.0075743424,0.046345871,123.4489393389,410.2588884493,3.0
23017,0.0,1087.204224,-255.587662,1675.554565,-0.6432053788,-0.7656370958,0.009310115,0.0500510673,128.2351519776,410.4769743091,3.0
23018,0.0,1084.451782,-258.155243,1676.040894,-0.6428644369,-0.7658969667,0.0112761762,0.0513211207,129.8857316792,410.7175307846,3.0
23019,0.0,1081.775146,-260.809387,1676.341309,-0.6377849281,-0.7700837883,0.0141895917,0.0505820362,129.0351420557,410.9200840363,3.0
23020,0.0,1074.241455,-262.39267,1675.701294,-0.6249208411,-0.7804606153,0.0188459618,0.0504303611,128.6189865576,410.1943442185,3.0
23021,0.0,1071.85022,-265.084686,1675.701294,-0.6075485309,-0.7939228817,0.0239006363,0.0447977067,121.4893828778,410.5013465114,3.0
23022,0.0,1070.040039,-267.405884,1675.701294,-0.5792235961,-0.8146841354,0.0281031166,0.0359246088,109.0580890804,410.5658120277,3.0
23023,0.0,1067.861816,-270.136169,1675.701294,-0.5517065208,-0.8334484035,0.0313635712,0.028727635,97.7241119885,410.6562892672,3.0
23024,0.0,1066.025513,-272.511292,1675.701172,-0.5075053248,-0.8609105257,0.0356568644,0.0186466811,78.9699707897,410.8471160465,3.0
23025,0.0,1063.700562,-275.129822,1675.701294,-0.4656811937,-0.8841670032,0.0372791674,0.0115928941,62.4118363756,411.0724525112,3.0
23026,0.0,1061.460327,-277.562561,1675.701294,-0.4132446518,-0.9097784566,0.0391409979,0.0052783313,42.20636775,411.3282174328,3.0
23027,0.0,1059.285034,-279.743073,1675.701294,-0.3636553741,-0.9307042633,0.0392981311,0.0018783552,25.2133331908,411.5574274839,3.0
23028,0.0,1060.869629,-283.556152,1674.860718,-0.3162302978,-0.9478681629,0.0392981485,0.0007233307,15.6587082763,411.7665107989,3.0
23029,0.0,1058.513794,-285.560211,1674.525513,-0.2921663914,-0.9556313571,0.0375167848,0.0009366787,17.8216706135,411.8507103163,3.0
23030,0.0,1055.9375,-287.678894,1674.337891,-0.2615910846,-0.9645232496,0.0355669148,0.0017863681,24.6087508943,411.8917853768,3.0
23031,0.0,1053.450562,-289.655426,1674.278564,-0.2286868778,-0.9728851176,0.0345956614,0.0034345791,34.1283405606,412.132287626,3.0
23032,0.0,1050.782715,-291.768219,1674.268799,-0.1955930343,-0.9800778452,0.0345077144,0.0057531236,44.1521644394,412.2025629877,3.0
23033,0.0,1048.190063,-293.937408,1674.531006,-0.1788688371,-0.983236128,0.0353928755,0.0067936299,47.9567402337,412.1189469214,3.0
23034,0.0,1045.44043,-296.411926,1674.976196,-0.1767229874,-0.983621451,0.0354658543,0.0061497775,45.611687517,411.9079501585,3.0
23035,0.0,1043.234985,-298.602295,1675.330933,-0.1767042576,-0.9836248153,0.0354658717,0.0058033052,44.0043746716,409.0478843736,3.0
23036,0.0,1040.696777,-301.280365,1675.801025,-0.1767042576,-0.9836248153,0.0354658717,0.0054169496,42.1550815451,405.5519318574,3.0
23037,0.0,1036.316162,-306.549072,1676.396851,-0.1767042576,-0.9836248153,0.0354658717,0.0047761911,38.9490538526,398.9883872733,3.0
23038,0.0,1035.216919,-307.9864655,1676.5436405,-0.1767042576,-0.9836248153,0.0354658717,0.0046252259,38.1620653677,397.2652768838,3.0
23039,0.0,1032.188965,-312.101349,1676.901855,-0.1767042576,-0.9836248153,0.0354658717,0.0029421731,31.4135881311,409.8152511983,3.0
23040,0.0,1030.117554,-315.267578,1677.072876,-0.1767042576,-0.9836248153,0.0354658717,0.00251134,28.9393514553,408.5957758982,3.0
23041,0.0,1029.2056275,-316.794357,1677.0788575,-0.1767042576,-0.9836248153,0.0354658717,0.0023022199,27.6687101123,408.405671496,3.0
23042,0.0,1026.854736,-320.906372,1677.076416,-0.1767042576,-0.9836248153,0.0354658717,0.0017533176,24.171692908,408.3684852089,3.0
23043,0.0,1025.260498,-324.013397,1676.976074,-0.1767042576,-0.9836248153,0.0354658717,0.0014561567,21.9771915189,407.3908757383,3.0
23044,0.0,1023.670227,-327.319214,1676.833252,-0.1767042576,-0.9836248153,0.0354658717,0.0011886425,19.8106825227,406.432015213,3.0
23045,0.0,1022.420776,-330.219238,1676.557861,-0.1767042576,-0.9836248153,0.0354658717,0.0009623416,17.8254737443,406.4114833472,3.0
23046,0.0,1021.043579,-333.716187,1676.185791,-0.1766807239,-0.9834923359,0.0390736099,0.0009011097,17.2028104768,405.3157091676,3.0
23047,0.0,1019.975769,-336.722931,1675.872559,-0.1700930197,-0.9845760828,0.0409670827,0.0009604811,17.7596349639,405.3021802957,3.0
23048,0.0,1018.761108,-340.385284,1675.497681,-0.1588055302,-0.9863262929,0.0440595896,0.0018595627,23.7551793834,389.7085211327,3.0
23049,0.0,1017.793701,-343.437592,1675.261841,-0.1498996606,-0.9876375287,0.0458497944,0.0021377276,25.3297760723,387.5898543422,3.0
23050,0.0,1016.900818,-346.340668,1674.873291,-0.1415349751,-0.988791225,0.0475369769,0.002568201,27.5841553671,385.131642274,3.0
23051,0.0,1015.894287,-349.833679,1674.615845,-0.1355810942,-0.9895667724,0.048737766,0.0029021906,29.0942178529,382.1589635182,3.0
23052,0.0,1014.976807,-353.149719,1674.467651,-0.1332707001,-0.9898737501,0.0488761625,0.0030008495,29.3775759756,379.4939999813,3.0
23053,0.0,1014.058105,-356.599182,1674.531982,-0.1329964124,-0.9899106399,0.0488761625,0.0023951014,27.5480369468,398.2666209812,3.0
23054,0.0,1013.268799,-359.79657,1674.628662,-0.1329964124,-0.9899106399,0.0488761625,0.0023567873,27.5114735845,400.954136319,3.0
23055,0.0,1012.460205,-363.25116,1674.817139,-0.1346572199,-0.9896860886,0.0488761625,0.0024535673,28.0322128366,400.414646443,3.0
23056,0.0,1011.660583,-366.790619,1675.012695,-0.1375126177,-0.9893364235,0.0479970958,0.0023673918,27.5158848026,400.1203128124,3.0
23057,0.0,1010.878357,-370.434662,1675.464233,-0.1405537519,-0.9890021491,0.0460368531,0.0021913189,26.4535340651,399.8102867507,3.0
23058,0.0,1010.281067,-373.467834,1675.798828,-0.1406091835,-0.9890339483,0.0451763945,0.0021607767,26.2562841651,399.6207683715,3.0
23059,0.0,1009.581726,-377.292725,1676.311279,-0.1406102921,-0.9890397638,0.0450454363,0.0021984856,26.4950630187,399.785445979,3.0
23060,0.0,1008.987244,-380.617737,1676.710083,-0.1406156927,-0.9890797334,0.0441419064,0.0021801241,26.3915346055,399.8949034217,3.0
23061,0.0,1008.531433,-383.670135,1677.111206,-0.1406163062,-0.9890820664,0.0440876446,0.0022438192,26.8107544693,400.445912026,3.0
23062,0.0,1007.973206,-387.550842,1677.44165,-0.1406163062,-0.9890820664,0.0440876446,0.0022572613,26.8562188908,399.930174014,3.0
23063,0.0,1007.490173,-390.661896,1677.540283,-0.1406163062,-0.9890820664,0.0440876446,0.0022935599,27.0592453729,399.7558293739,3.0
23064,0.0,1006.964478,-394.419312,1677.743286,-0.1406163062,-0.9890820664,0.0440876446,0.002315075,27.1139751213,398.7008526088,3.0
23065,0.0,1006.443542,-398.03302,1677.898926,-0.1397053783,-0.9892111437,0.0440876446,0.0023756068,27.3557703514,397.1044491409,3.0
23066,0.0,1005.970337,-401.623566,1678.066406,-0.1340197102,-0.9899974724,0.0440876621,0.0026830526,28.989540471,396.007344691,3.0
23067,0.0,1005.503479,-405.028809,1678.141357,-0.128444937,-0.9907361797,0.0440876446,0.0030025984,30.5434358085,394.4396021727,3.0
23068,0.0,1005.135986,-408.260742,1678.062256,-0.1231785625,-0.9914047205,0.0440876621,0.0033299229,32.0301599317,392.8157264417,3.0
23069,0.0,1004.643982,-411.781616,1677.97998,-0.1173795698,-0.9920688936,0.0449593915,0.0037517011,33.8264805932,390.8727729119,3.0
23070,0.0,999.367615,-415.786316,1676.969971,-0.1143424482,-0.9923808876,0.0458909409,0.0030827726,30.0570071678,383.0848359735,3.0
23071,0.0,998.853943,-419.125824,1677.168701,-0.1116043454,-0.992687351,0.0460031865,0.0032797473,30.837612926,381.0675329851,3.0
23079,0.0,996.098938,-447.904266,1677.701294,-0.1061888714,-0.9932364269,0.046960877,0.0041208929,32.6603080985,360.1285040197,3.0
23080,0.0,995.938171,-452.275269,1677.701294,-0.1059530397,-0.9932616118,0.046960877,0.0042704989,32.8855420843,356.2171769626,3.0
23081,0.0,995.8471065,-454.720459,1677.701294,-0.1058161551,-0.9932761944,0.046960877,0.0043603537,33.0140296746,353.9552138644,3.0
23082,0.0,995.756042,-457.165649,1677.701294,-0.1056792705,-0.9932907771,0.046960877,0.0044502084,33.1425172649,351.6932507661,3.0
23083,0.0,996.063538,-464.302643,1677.701294,-0.1054353644,-0.9933166967,0.046960877,0.0048620942,33.9728130049,344.9319026785,3.0
23084,0.0,996.75592,-466.809479,1677.701294,-0.1054353644,-0.9933166967,0.046960877,0.0051459028,34.7250069137,342.7330479717,3.0
23085,0.0,997.766052,-470.674896,1677.701294,-0.1054353644,-0.9933166967,0.046960877,0.0055754456,35.8095902775,339.586764953,3.0
23086,0.0,998.538513,-473.214386,1677.701294,-0.1054353644,-0.9933166967,0.046960877,0.0058952911,36.6140805619,337.692584826,3.0
23087,0.0,999.686707,-476.616333,1677.737549,-0.1054353644,-0.9933166967,0.046960877,0.0063784154,37.8134532981,335.3270416972,3.0
23088,0.0,1000.866455,-479.771606,1677.746704,-0.1054353644,-0.9933166967,0.046960877,0.0068694763,39.0091536036,333.3779279708,3.0
23089,0.0,1002.217224,-483.088745,1677.745483,-0.1054353644,-0.9933166967,0.046960877,0.0074317835,40.3506006154,331.5865296302,3.0
23090,0.0,1003.485657,-485.984589,1677.745483,-0.1054353644,-0.9933166967,0.046960877,0.0079637843,41.5956133311,330.247221407,3.0
23091,0.0,1004.894043,-489.015808,1677.745361,-0.1054353644,-0.9933166967,0.046960877,0.0085784428,42.9836498877,328.8648499921,3.0
23092,0.0,1006.424622,-492.124817,1677.745361,-0.1046483936,-0.9933623758,0.0477483403,0.009354548,44.7686479634,328.0693182786,3.0
23093,0.0,1008.262756,-495.602692,1677.745239,-0.098130518,-0.9939748942,0.0488294087,0.0111127899,48.6426283464,327.1902879599,3.0
23117,0.0,1025.41687,-567.326965,1677.740601,0.35865578,-0.9306588051,0.072389364,,,,
23118,0.0,1025.995361,-571.372253,1677.741333,0.3782490934,-0.9228043459,0.073210399,,,,
23119,0.0,1026.607666,-575.570251,1677.742188,0.3992758735,-0.9138318053,0.074095941,,,,
23120,0.0,1027.062988,-578.632019,1677.74292,0.415287932,-0.9066117503,0.0747734431,,,,
23121,0.0,1027.634399,-582.384766,1677.744141,0.4360410166,-0.8967410132,0.0756557141,,,,
23122,0.0,1027.528442,-585.711487,1677.743896,0.5419486101,-0.8361852604,0.0841778725,,,,
23123,0.0,1027.284058,-588.800232,1677.743774,0.6167517623,-0.7822334946,0.0879091781,,,,
23124,0.0,1027.229614,-594.987732,1677.741089,0.7800125028,-0.6195190813,0.0881850513,,,,
23125,0.0,1027.2229615,-596.6905825,1677.739075,0.8115991508,-0.5750798867,0.0872728583,,,,
23126,0.0,1027.239502,-601.27887,1677.733765,0.8815311795,-0.4643292741,0.0854465026,,,,
23127,0.0,1027.336426,-604.511292,1677.72998,0.9149542725,-0.3944353285,0.085319698,,,,
23128,0.0,1027.439209,-607.562927,1677.726318,0.9335111611,-0.3482491368,0.085319698,,,,
23129,0.0,1027.559082,-611.377075,1677.722046,0.9425892133,-0.3228716927,0.0853196632,,,,
23130,0.0,1027.772461,-614.526184,1677.71875,0.9449152886,-0.315999436,0.0853197154,,,,
23131,0.0,1028.103149,-617.634521,1677.715332,0.9451327795,-0.3153483444,0.085319698,,,,
23132,0.0,1028.567017,-621.003845,1677.71167,0.9451327795,-0.3153483444,0.085319698,,,,
23133,0.0,1029.229736,-624.910095,1677.70752,0.9451327795,-0.3153483444,0.085319698,,,,
23134,0.0,1029.870117,-628.118469,1677.704102,0.9451327795,-0.3153483444,0.085319698,,,,
23135,0.0,1030.589111,-631.335327,1677.70166,0.9451327795,-0.3153483444,0.085319698,,,,
23136,0.0,1031.538086,-635.167969,1677.701294,0.9451327795,-0.3153483444,0.085319698,,,,
23137,0.0,1032.350952,-638.174683,1677.701294,0.9451327795,-0.3153483444,0.085319698,,,,
23138,0.0,1033.496826,-642.129456,1677.701294,0.9451327795,-0.3153483444,0.085319698,,,,
23139,0.0,1034.449829,-645.201416,1677.701294,0.9451327795,-0.3153483444,0.085319698,,,,
23140,0.0,1035.468872,-648.336487,1677.701294,0.9451327795,-0.3153483444,0.085319698,,,,
23141,0.0,1036.852173,-652.424622,1677.701294,0.941117176,-0.3276128501,0.0834762326,,,,
23142,0.0,1038.047974,-655.997437,1677.701294,0.9270260545,-0.3661959425,0.0807664908,,,,
23143,0.0,1039.257446,-659.903748,1677.701294,0.9021110808,-0.4242500045,0.0787878896,,,,
23144,0.0,1040.298584,-663.776367,1677.701294,0.8536074872,-0.5150685025,0.0778376229,,,,
23145,0.0,1041.007324,-668.095764,1677.701294,0.7639066906,-0.6406349282,0.0776753289,,,,
23146,0.0,1041.680786,-673.05658,1677.701294,0.6047746466,-0.7925996279,0.0776753289,,,,
23147,0.0,1041.842651,-675.53479,1677.701294,0.5048083189,-0.8597956112,0.0769419788,,,,
23148,0.0,1041.317139,-679.08197,1677.701294,0.2920456515,-0.9533877031,0.0759027338,,,,
23149,0.0,1041.255249,-681.969604,1677.701294,0.1102956294,-0.9910142486,0.0756679138,,,,
23150,0.0,1041.108765,-684.400696,1677.701294,-0.0880652343,-0.9930614914,0.0779319498,0.0762816959,128.2215340217,334.7187645873,3.0
23151,0.0,1041.432617,-686.631348,1677.701294,-0.2439028662,-0.9664302798,0.0807707007,0.0305204753,82.3012518437,335.687414942,3.0
23152,0.0,1042.482178,-689.569946,1677.701294,-0.3776859495,-0.9220829218,0.0843588107,0.0090096291,45.2029038595,337.5035140209,3.0
23153,0.0,1043.740601,-692.083435,1677.701294,-0.4238743046,-0.901526901,0.0870621662,0.0058598899,36.628574511,338.8421694826,3.0
23154,0.0,1045.115479,-694.761353,1677.701294,-0.4551765512,-0.8859474615,0.0889460669,0.0047752838,33.2003423831,340.1316604851,3.0
23155,0.0,1046.551514,-697.480225,1677.701294,-0.4611127905,-0.8828527897,0.0891400372,0.0049808934,34.0194829368,341.2719188784,3.0
23156,0.0,1047.967407,-700.261108,1677.701294,-0.4617540708,-0.8825175533,0.0891400372,0.0055067082,35.8829391511,342.3936373113,3.0
23157,0.0,1049.766235,-703.940857,1677.701294,-0.4617540708,-0.8825175533,0.0891400372,0.0064298058,38.9260606297,343.8157457493,3.0
23158,0.0,1051.074707,-706.726135,1677.701294,-0.4617540708,-0.8825175533,0.0891400372,,,,
23159,0.0,1052.45874,-709.388306,1677.701294,-0.4617540708,-0.8825175533,0.0891400372,,,,
23160,0.0,1054.1521,-712.27832,1677.701294,-0.4617540708,-0.8825175533,0.0891400372,,,,
23161,0.0,1056.49353,-715.740723,1677.701294,-0.4617540708,-0.8825175533,0.0891400372,,,,
23162,0.0,1058.446289,-718.30896,1677.701294,-0.4617540708,-0.8825175533,0.0891400372,,,,
23163,0.0,1062.682007,-723.294006,1677.701294,-0.4617540708,-0.8825175533,0.0891400372,,,,
23164,0.0,1064.877563,-725.635559,1677.701294,-0.4617540708,-0.8825175533,0.0891400372,,,,
23165,0.0,1067.21582,-727.942627,1677.701416,-0.4547053045,-0.8873643462,0.0763387399,,,,
23166,0.0,1068.5720215,-729.420044,1677.701355,-0.4624778704,-0.883630394,0.0722530134,,,,
23167,0.0,1071.638062,-733.136169,1677.701294,-0.5061552721,-0.8600199681,0.0645948523,,,,
23168,0.0,1073.383667,-735.691345,1677.701294,-0.5562578512,-0.8285268132,0.0641912987,,,,
23169,0.0,1075.128906,-738.277832,1677.701294,-0.6223403944,-0.7801101928,0.0641912813,,,,
23170,0.0,1076.51123,-740.58136,1677.701294,-0.6867141598,-0.7240877985,0.0641912987,,,,
23171,0.0,1077.813965,-742.993652,1677.701294,-0.7303387298,-0.6800623642,0.0641912813,,,,
23172,0.0,1078.906616,-745.292908,1677.701294,-0.7768163795,-0.6264469569,0.0641912987,,,,
23173,0.0,1079.923584,-747.709351,1677.701294,-0.8057286431,-0.5889762299,0.0625168322,,,,
23174,0.0,1080.860107,-750.291626,1677.701294,-0.834870131,-0.5470994272,0.0606141999,,,,
23175,0.0,1081.594238,-752.71814,1677.701294,-0.8678628022,-0.4933172064,0.0587561946,,,,
23176,0.0,1082.21106,-755.221313,1677.701294,-0.9018402681,-0.4278684522,0.0601058937,,,,
23177,0.0,1082.712891,-757.861145,1677.701294,-0.9236337766,-0.3778094092,0.0645034658,,,,
23178,0.0,1083.098633,-760.78418,1677.701294,-0.9390759614,-0.336597885,0.0695571886,,,,
23179,0.0,1083.298584,-763.185547,1677.701294,-0.9401058076,-0.3336326725,0.0699307546,,,,
23180,0.0,1083.424438,-766.384216,1677.701294,-0.9401058076,-0.3336326725,0.0699307546,,,,
23181,0.0,1083.395264,-769.764282,1677.701294,-0.9401058076,-0.3336326725,0.0699307546,,,,
23182,0.0,1083.277954,-772.280518,1677.701294,-0.9401058076,-0.3336326725,0.0699307546,,,,
23183,0.0,1082.963013,-775.971924,1677.701294,-0.9401058076,-0.3336326725,0.0699307546,,,,
23184,0.0,1082.560059,-779.276794,1677.701294,-0.9401058076,-0.3336326725,0.0699307546,,,,
23185,0.0,1082.095825,-782.704529,1677.701294,-0.9401058076,-0.3336326725,0.0699307546,,,,
23186,0.0,1081.552856,-786.024414,1677.701294,-0.9401058076,-0.3336326725,0.0699307546,,,,
23187,0.0,1081.108765,-788.411682,1677.701294,-0.9401058076,-0.3336326725,0.0699307546,0.0561670747,128.8336008562,389.9049739061,3.0
23188,0.0,1080.372559,-791.978821,1677.701294,-0.9401058076,-0.3336326725,0.0699307546,0.0530277778,125.7488466482,391.3563805124,3.0
23189,0.0,1079.591431,-795.397644,1677.701294,-0.9401058076,-0.3336326725,0.0699307546,0.0502001434,122.8231921444,392.5842609893,3.0
23190,0.0,1078.723145,-798.892212,1677.701294,-0.9401058076,-0.3336326725,0.0699307546,0.0474836896,119.8627560936,393.6540245082,3.0
23191,0.0,1078.11084,-801.406006,1677.701294,-0.9376252566,-0.3410253543,0.0675321102,0.0432286184,114.6691180704,394.2672923382,3.0
23192,0.0,1077.104004,-805.635376,1677.701294,-0.929614467,-0.363814396,0.0587879918,0.0334842046,101.3685935949,395.0342105272,3.0
23193,0.0,1076.076416,-809.252869,1677.701294,-0.9290259746,-0.3663286619,0.0520965449,0.0300610492,96.3061361906,395.7541782153,3.0
23194,0.0,1075.27002,-811.77301,1677.701294,-0.9315660078,-0.3598705902,0.0517487342,0.0301072691,96.3495472247,395.6331805034,3.0
23195,0.0,1074.106323,-815.10968,1677.701294,-0.9377042719,-0.3435589717,0.0517487342,0.0321202802,99.5444780537,395.9389585274,3.0
23196,0.0,1072.874756,-818.551514,1677.701294,-0.9430094299,-0.3285885471,0.0525621707,0.0337724783,102.1036795076,396.226065307,3.0
23197,0.0,1071.6521,-821.800903,1677.701294,-0.9484286411,-0.3122898442,0.0543890244,0.0359930672,105.422782912,396.5094471803,3.0
23198,0.0,1070.766113,-824.204712,1677.701294,-0.9503643613,-0.3063072648,0.0546208778,0.0360662489,105.456097586,396.2395226263,3.0
23199,0.0,1069.439209,-827.812805,1677.701294,-0.9513431686,-0.3032535855,0.0546208604,0.0342065585,102.9261205797,396.9190761096,3.0
23200,0.0,1068.103882,-831.385437,1677.701294,-0.9514192108,-0.3030149254,0.0546208778,0.0317866584,99.3796067802,397.3184671323,3.0
23201,0.0,1066.822266,-834.724548,1677.701294,-0.9514192108,-0.3030149254,0.0546208778,0.0295899352,95.9830625086,397.5065480561,3.0
23202,0.0,1065.799561,-837.332825,1677.701294,-0.9514192108,-0.3030149254,0.0546208778,0.027912562,93.3115572346,397.7154879861,3.0
23203,0.0,1064.403809,-840.820618,1677.701294,-0.9514192108,-0.3030149254,0.0546208778,0.0257321609,89.6991156525,397.966940961,3.0
23204,0.0,1062.96582,-844.340942,1677.701294,-0.9514192108,-0.3030149254,0.0546208778,,,,
23205,0.0,1060.503784,-850.228027,1677.701294,-0.9514192108,-0.3030149254,0.0546208778,,,,
23206,0.0,1059.736389,-852.024231,1677.701294,-0.9514192108,-0.3030149254,0.0546208778,,,,
23207,0.0,1058.968994,-853.820435,1677.701294,-0.9514192108,-0.3030149254,0.0546208778,,,,
23208,0.0,1056.40271,-859.722168,1677.701294,-0.9514192108,-0.3030149254,0.0546208778,,,,
23209,0.0,1054.833862,-863.204468,1677.701294,-0.9514192108,-0.3030149254,0.0546208778,,,,
23210,0.0,1053.9596555,-865.0772095,1677.701294,-0.9514192108,-0.3030149254,0.0546208778,,,,
23211,0.0,1051.771729,-869.739075,1677.701294,-0.9514192108,-0.3030149254,0.0546208778,,,,
26230,0.0,-199.168106,1061.276978,1750.701294,0.3876673265,-0.9203989857,0.0507912509,,,,
26231,0.0,-199.036774,1060.96521,1750.701294,0.3876673265,-0.9203989857,0.0507912509,,,,
26232,0.0,-198.910034,1060.664307,1750.701294,0.3876673265,-0.9203989857,0.0507912509,,,,
26233,0.0,-198.823929,1060.459839,1750.701294,0.3876673265,-0.9203989857,0.0507912509,,,,
26234,0.0,-198.692398,1060.147583,1750.701294,0.3876673265,-0.9203989857,0.0507912509,,,,
26235,0.0,-199.058273,1057.327148,1750.701294,0.3710601837,-0.9272187384,0.0507912509,,,,
26236,0.0,-199.53038,1054.154663,1750.701294,0.3533784308,-0.9341006014,0.0507912509,,,,
26237,0.0,-200.280807,1049.872681,1750.751099,0.3253843193,-0.944216762,0.0507912509,,,,
26238,0.0,-201.024551,1046.217651,1750.896362,0.2976008761,-0.9533383279,0.0507912509,,,,
26257,0.0,-216.796906,975.052307,1755.367432,0.1429237701,-0.9885541838,0.0483055039,,,,
26258,0.0,-217.717987,971.152222,1755.63269,0.141555902,-0.9887553372,0.048216282,,,,
26259,0.0,-218.64325,967.237244,1755.85376,0.1401272087,-0.98896336,0.0481231547,,,,
26260,0.0,-219.573227,963.313782,1756.008789,0.1386122351,-0.9891816343,0.0480243962,,,,
26261,0.0,-220.39888,959.817749,1756.162964,0.1371659287,-0.9893877956,0.0479301349,,,,
26262,0.0,-220.674591,955.264587,1755.884399,0.1369877444,-0.9894130438,0.0479185418,,,,
26263,0.0,-220.405701,952.216125,1755.526489,0.1369877444,-0.9894130438,0.0479185418,,,,
26264,0.0,-220.336884,948.646057,1755.251343,0.1369877444,-0.9894130438,0.0479185418,,,,
26265,0.0,-220.239471,945.350098,1755.097656,0.1369877444,-0.9894130438,0.0479185418,,,,
26266,0.0,-220.119156,942.030884,1754.658691,0.1369877444,-0.9894130438,0.0479185418,,,,
26267,0.0,-219.968597,938.692383,1754.421021,0.1369877444,-0.9894130438,0.0479185418,,,,
26268,0.0,-219.783325,935.410828,1754.039429,0.1369877444,-0.9894130438,0.0479185418,,,,
26269,0.0,-219.442535,931.306335,1753.72522,0.1369877444,-0.9894130438,0.0479185418,,,,
26270,0.0,-219.140091,928.036682,1753.362915,0.1369936427,-0.9894536112,0.0470562758,,,,
26271,0.0,-218.815887,924.641785,1752.784912,0.1386982926,-0.9892206324,0.046960877,,,,
26272,0.0,-218.531631,922.42981,1752.45166,0.1409830959,-0.9889224973,0.0464334037,,,,
26273,0.0,-217.895172,918.20166,1751.90564,0.1442204757,-0.9885112418,0.0452325018,,,,
26274,0.0,-217.284393,914.331177,1751.586304,0.1481431229,-0.987979983,0.0441493866,,,,
26275,0.0,-216.676788,910.738342,1751.323975,0.1511897015,-0.9875211148,0.0440876621,,,,
26276,0.0,-216.213425,908.196228,1751.195068,0.152607992,-0.9873029324,0.0440876446,,,,
26277,0.0,-215.6689,904.500244,1750.616333,0.1546318982,-0.9870216874,0.0433262575,,,,
26278,0.0,-214.970154,900.88916,1750.476562,0.1558247905,-0.9868426685,0.0431298299,,,,
26279,0.0,-214.017227,896.954285,1749.803955,0.1559672285,-0.9868201667,0.0431298299,,,,
26280,0.0,-213.606323,894.103577,1749.364624,0.1559672285,-0.9868201667,0.0431298299,,,,
26281,0.0,-213.04274,890.227234,1748.825317,0.1559672285,-0.9868201667,0.0431298299,,,,
26282,0.0,-212.68277,887.291748,1748.428833,0.1559672285,-0.9868201667,0.0431298299,,,,
26283,0.0,-212.43721,883.67688,1747.877441,0.1559672285,-0.9868201667,0.0431298299,,,,
26284,0.0,-211.986923,880.403503,1747.433594,0.1568467755,-0.9866807522,0.0431298299,,,,
26285,0.0,-211.119476,877.208862,1746.94751,0.1578052815,-0.9865279068,0.0431298299,,,,
26286,0.0,-210.15831,873.99353,1746.451904,0.1596765416,-0.9862267588,0.0431298299,,,,
26287,0.0,-208.151947,869.030029,1745.37439,0.1674090626,-0.9849739746,0.0424320061,,,,
26288,0.0,-207.238983,865.810242,1744.438599,0.1749308551,-0.9837079958,0.0414460477,,,,
26289,0.0,-206.93309,863.983368,1743.9691165,0.1786146477,-0.9830765612,0.04052739,,,,
26290,0.0,-206.086014,858.909119,1742.877441,0.1909544417,-0.9808719241,0.0377712827,,,,
26291,0.0,-205.7677005,856.97287,1742.517578,0.1958843384,-0.9799433775,0.0362321375,,,,
26292,0.0,-205.449387,855.036621,1742.157715,0.2008142352,-0.9790148309,0.0346929923,,,,
26293,0.0,-204.412628,848.99762,1741.20874,0.2283037917,-0.973163346,0.0288180628,,,,
26294,0.0,-203.871109,845.367554,1740.815308,0.2421648697,-0.9698803553,0.0262349431,,,,
26295,0.0,-203.5138245,843.4770815,1740.531067,0.2538674842,-0.9668678129,0.0237891662,,,,
26296,0.0,-202.59874,838.206787,1739.884521,0.2809008282,-0.9595436816,0.0192522182,,,,
26297,0.0,-201.984894,835.074951,1739.432983,0.2971044896,-0.9546692841,0.018316119,,,,
26298,0.0,-201.432816,831.652466,1739.055664,0.3095571093,-0.9507063739,0.0182150115,,,,
26299,0.0,-200.78389,828.401123,1738.579712,0.3108067059,-0.9502985873,0.0182150115,,,,
26300,0.0,-200.284439,824.945068,1738.172241,0.3108067059,-0.9502985873,0.0182150115,,,,
26301,0.0,-199.666977,821.652405,1737.634155,0.3108067059,-0.9502985873,0.0182150115,,,,
26302,0.0,-199.149078,818.305847,1737.070923,0.3108067059,-0.9502985873,0.0182150115,,,,
26303,0.0,-198.366318,814.068298,1736.371094,0.3108067059,-0.9502985873,0.0182150115,,,,
26304,0.0,-197.592468,810.710876,1735.835815,0.3108067059,-0.9502985873,0.0182150115,,,,
26305,0.0,-196.894318,807.248718,1735.174316,0.3108067059,-0.9502985873,0.0182150115,,,,
26306,0.0,-196.068939,803.855774,1734.446411,0.3108067059,-0.9502985873,0.0182150115,,,,
26307,0.0,-195.198425,800.614746,1733.651733,0.3108067059,-0.9502985873,0.0182150115,,,,
26308,0.0,-194.308929,797.418701,1732.80603,0.3108067059,-0.9502985873,0.0182150115,,,,
26309,0.0,-193.4263,794.329407,1731.956421,0.3108067059,-0.9502985873,0.0182150115,,,,
26310,0.0,-192.416275,791.02832,1731.005371,0.3191477789,-0.9475141931,0.0190144431,,,,
26311,0.0,-191.424484,787.8526,1730.114258,0.3316044801,-0.9432078468,0.0199355579,,,,
26312,0.0,-190.422195,784.713867,1729.295044,0.3445363424,-0.9385414742,0.0208473028,,,,
26313,0.0,-189.15715,780.740967,1728.365601,0.3557340884,-0.9343279625,0.0220117458,,,,
26314,0.0,-188.088135,777.585022,1727.790771,0.3644057834,-0.9309575234,0.0229459066,,,,
26315,0.0,-187.062454,774.741882,1727.359253,0.3715526995,-0.9281069119,0.0237939398,,,,
26316,0.0,-185.923737,771.704041,1726.923584,0.3797984176,-0.9247394126,0.0247018374,,,,
26317,0.0,-186.307404,765.523926,1726.6521,0.3858917268,-0.9221832254,0.0258006603,,,,
26318,0.0,-185.201309,762.451904,1726.181763,0.391564604,-0.9197386829,0.027530277,,,,
26319,0.0,-184.105164,759.411377,1725.716064,0.3952290161,-0.918138416,0.0285635067,,,,
26320,0.0,-182.692963,755.607239,1725.133423,0.4010489554,-0.9155446486,0.0306224068,,,,
26321,0.0,-181.522781,752.551636,1724.665283,0.4068019585,-0.9129085322,0.0333193406,,,,
26322,0.0,-180.387421,749.641357,1724.21936,0.4123810272,-0.9103339168,0.0351290237,,,,
26323,0.0,-179.207413,746.649292,1723.760864,0.4173954417,-0.9079748799,0.036914261,,,,
26324,0.0,-177.664688,742.762451,1723.165527,0.4220161595,-0.9057785,0.0383101816,,,,
26325,0.0,-176.419724,739.678162,1722.692871,0.4253495441,-0.9041783113,0.0392345105,,,,
26326,0.0,-175.189133,736.61731,1722.224609,0.4263523528,-0.9037031195,0.0392981311,,,,
26327,0.0,-173.980957,733.668335,1721.773193,0.427849468,-0.9029608283,0.0400821081,,,,
26328,0.0,-171.426315,727.558411,1720.837769,0.4311618451,-0.9013440861,0.0409670827,,,,
26329,0.0,-170.611137,725.657013,1720.546631,0.4326040642,-0.9006457158,0.0410905738,,,,
26330,0.0,-169.795959,723.755615,1720.255493,0.4340462833,-0.8999473456,0.041214065,,,,
26331,0.0,-167.229965,717.997559,1719.372925,0.4430867119,-0.8954156451,0.0436461701,,,,
26332,0.0,-166.3975295,716.187836,1719.095276,0.446923258,-0.8934637093,0.0443083951,,,,
26333,0.0,-164.237198,711.519653,1718.37915,0.4562569947,-0.8886663412,0.0458441804,,,,
26334,0.0,-162.86409,708.40094,1717.900513,0.4641799276,-0.8844623634,0.0475743893,,,,
26335,0.0,-161.708893,705.399536,1717.439331,0.4721191386,-0.8801913962,0.0486479707,,,,
26336,0.0,-160.454071,701.641357,1716.861084,0.4851587656,-0.8730085364,0.0497701477,,,,
26337,0.0,-159.996086,700.0222165,1716.61145,0.4914095552,-0.8694738922,0.0498019343,,,,
26338,0.0,-158.75351,695.231934,1715.868896,0.5129240394,-0.8570371829,0.0489509649,,,,
26339,0.0,-158.077866,691.809326,1715.342407,0.5244726394,-0.8501277252,0.0470244763,,,,
26340,0.0,-157.568161,688.911743,1714.890381,0.5387888699,-0.8412648464,0.0444973247,,,,
26408,0.0,-149.000732,444.252045,1676.740234,0.9490527974,-0.3132219746,0.0345077144,,,,
26409,0.0,-148.720474,444.159515,1676.740234,0.9490527974,-0.3132219746,0.0345077144,,,,
26410,0.0,-148.504333,444.088196,1676.740234,0.9490527974,-0.3132219746,0.0345077144,,,,
26411,0.0,-148.271942,444.011536,1676.740234,0.9490527974,-0.3132219746,0.0345077144,,,,
26736,0.0,466.735901,148.150925,1677.692261,-0.8276583115,0.5463910503,0.1282128684,,,,
26737,0.0,466.47644,148.322174,1677.692261,-0.8276583115,0.5463910503,0.1282128684,,,,
26738,0.0,466.308807,148.432877,1677.692261,-0.8276583115,0.5463910503,0.1282128684,,,,
26739,0.0,466.057922,148.598495,1677.692261,-0.8276583115,0.5463910503,0.1282128684,,,,
26740,0.0,465.807465,148.763824,1677.692261,-0.8276583115,0.5463910503,0.1282128684,,,,
26741,0.0,467.401337,146.445526,1677.692261,-0.8285982496,0.544964583,0.1282128857,,,,
26742,0.0,470.850189,141.862518,1677.692261,-0.8311254661,0.541326929,0.1272619955,,,,
26743,0.0,471.90036,140.509697,1677.7938845,-0.8313141234,0.5411394128,0.1268254817,,,,
26744,0.0,472.950531,139.156876,1677.895508,-0.8315027807,0.5409518966,0.1263889679,,,,
26745,0.0,476.829834,134.843292,1678.390259,-0.8315111062,0.540957313,0.1263109883,,,,
26746,0.0,478.159073,133.461212,1678.595093,-0.831748008,0.5405928194,0.1263109883,,,,
26747,0.0,481.487915,130.084549,1679.112061,-0.8320293637,0.540159858,0.1263109883,,,,
26748,0.0,483.679413,127.967751,1679.444214,-0.8320293637,0.540159858,0.1263109883,,,,
26749,0.0,486.473236,125.362701,1679.913086,-0.8320293637,0.540159858,0.1263109883,,,,
26750,0.0,488.635925,123.594131,1680.303589,-0.8320293637,0.540159858,0.1263109883,,,,
26751,0.0,491.428802,121.669395,1680.774658,-0.8239750602,0.5529345001,0.1238084762,,,,
26752,0.0,493.663452,120.423363,1681.113525,-0.8076737549,0.577179408,0.1205281572,,,,
26753,0.0,496.44278,119.944138,1681.494751,-0.7120252536,0.692514582,0.1159465049,,,,
26754,0.0,498.773529,120.264969,1681.717407,-0.6021686051,0.7900379124,0.1150350728,,,,
26755,0.0,501.894836,121.072693,1681.919678,-0.431974053,0.8940671943,0.1185000828,,,,
26756,0.0,507.174805,121.760368,1682.143921,-0.1545778735,0.9794199103,0.1297779658,,,,
26757,0.0,511.519531,121.366074,1682.28772,0.0902612568,0.9854845258,0.1437816223,,,,
26758,0.0,515.704407,120.193535,1682.462891,0.4409105894,0.8818638579,0.1670747986,,,,
26759,0.0,521.182434,117.597015,1682.631104,0.6866368949,0.7035383601,0.1832035768,,,,
26760,0.0,525.742859,114.528648,1682.799438,0.8503503656,0.4893989444,0.1933725131,,,,
26761,0.0,529.517456,111.32032,1682.97937,0.9409825026,0.2739165681,0.1988005119,,,,
26762,0.0,533.611084,107.56131,1683.250244,0.9783133798,0.0564740549,0.1992827441,,,,
26763,0.0,536.140808,105.61235,1683.46228,0.9802337247,-0.018583557,0.1969682625,,,,
26764,0.0,539.441101,103.379097,1683.775146,0.9782505503,-0.0693187809,0.1955013235,,,,
26765,0.0,542.057312,101.871964,1684.048462,0.9782288542,-0.0697222087,0.1954664229,,,,
26766,0.0,544.620667,100.29454,1684.336426,0.9782365914,-0.0696135193,0.19546644,,,,
26767,0.0,547.064148,98.696579,1684.672729,0.9782365914,-0.0696135193,0.19546644,,,,
26768,0.0,550.520142,96.288063,1685.122192,0.9782365914,-0.0696135193,0.19546644,,,,
26769,0.0,552.387695,94.911385,1685.334961,0.9782365914,-0.0696135193,0.19546644,,,,
26770,0.0,555.090332,92.839531,1685.652344,0.9782365914,-0.0696135193,0.19546644,,,,
26771,0.0,558.33905,90.227455,1686.067627,0.9782365914,-0.0696135193,0.19546644,,,,
26772,0.0,561.000977,87.991341,1686.430908,0.9782365914,-0.0696135193,0.19546644,,,,
26773,0.0,563.38385,85.919159,1686.773071,0.9782365914,-0.0696135193,0.19546644,,,,
26774,0.0,566.232544,83.372185,1687.198486,0.9806172624,-0.0519558993,0.1889189486,,,,
26775,0.0,568.459839,81.351364,1687.53833,0.9872807008,0.009155217,0.1587230284,,,,
26776,0.0,571.289062,78.738007,1687.980469,0.9900594825,-0.0207353841,0.1391124185,,,,
26777,0.0,573.667358,76.541893,1688.314453,0.9808457273,-0.1440953202,0.1310656244,,,,
26778,0.0,575.432739,73.377205,1688.53186,0.9447340969,-0.3021168715,0.1272905419,,,,
26779,0.0,577.066772,69.073792,1688.744019,0.8239134564,-0.5526502261,0.1254764675,,,,
26780,0.0,577.820801,66.053902,1688.884766,0.6716200261,-0.7308280997,0.1217243989,,,,
26781,0.0,579.28363,63.120354,1689.057983,0.4893435883,-0.8644634182,0.1150906218,,,,
26782,0.0,579.911682,61.209316,1689.184937,0.3113029072,-0.9440012597,0.109325759,,,,
26783,0.0,580.674377,59.57848,1689.329224,0.1319431647,-0.9853320453,0.1082208932,,,,
26784,0.0,582.32843,57.73774,1689.561401,-0.0406669448,-0.9930992353,0.1100004932,,,,
26785,0.0,584.163025,56.226231,1690.062134,-0.1286648698,-0.9852640135,0.1126950527,,,,
26786,0.0,586.319702,54.665653,1690.586914,-0.1606961812,-0.980251975,0.1152510425,,,,
26787,0.0,589.406372,52.390625,1691.204346,-0.1740992444,-0.9771970192,0.1215542629,,,,
26788,0.0,593.744202,48.899994,1692.075684,-0.1740992444,-0.9771970192,0.1215542629,,,,
26789,0.0,596.216614,46.571198,1692.703125,-0.1740992444,-0.9771970192,0.1215542629,,,,
26790,0.0,597.307892,45.3371415,1693.1065065,-0.1740992444,-0.9771970192,0.1215542629,,,,
26791,0.0,598.39917,44.103085,1693.509888,-0.1740992444,-0.9771970192,0.1215542629,,,,
26792,0.0,600.331665,41.504028,1694.422363,-0.1740992444,-0.9771970192,0.1215542629,,,,
26793,0.0,602.815369,37.299458,1695.983521,-0.1740992444,-0.9771970192,0.1215542629,,,,
26794,0.0,604.167786,34.429173,1697.095093,-0.1740992444,-0.9771970192,0.1215542629,,,,
26795,0.0,605.282654,31.601618,1698.219482,-0.1740992444,-0.9771970192,0.1215542629,,,,
26796,0.0,606.21051,28.784229,1699.364502,-0.1740992444,-0.9771970192,0.1215542629,,,,
26797,0.0,606.987366,25.943768,1700.540283,-0.1740992444,-0.9771970192,0.1215542629,,,,
26798,0.0,607.667236,23.119879,1701.724121,-0.1453086007,-0.9838537259,0.1044856765,,,,
26799,0.0,608.60437,20.296421,1702.974243,-0.1170617186,-0.9883086398,0.0976861639,,,,
26800,0.0,609.449585,17.358725,1704.392944,-0.0920100339,-0.9911128335,0.0960703127,,,,
26801,0.0,610.293701,14.225032,1705.925415,-0.062705286,-0.9932048061,0.0980421346,,,,
26802,0.0,611.183167,11.161047,1707.377441,-0.0207202711,-0.9944458474,0.1031897619,,,,
26901,0.0,777.851501,216.708496,1676.621216,0.9711899643,-0.2160349873,0.1005929294,,,,
26902,0.0,778.049377,216.664459,1676.577148,0.9711899643,-0.2160349873,0.1005929294,,,,
26903,0.0,778.207275,216.629349,1676.496216,0.9711899643,-0.2160349873,0.1005929294,,,,
26904,0.0,778.361145,216.595139,1676.423462,0.9711899643,-0.2160349873,0.1005929294,,,,
26905,0.0,778.539246,216.555496,1676.417358,0.9711899643,-0.2160349873,0.1005929294,,,,
26906,0.0,778.570801,219.37294,1677.890015,0.9656932332,-0.2394110386,0.100592912,,,,
26907,0.0,781.079712,221.503876,1677.075195,0.9502282584,-0.2948683087,0.1005929294,,,,
26908,0.0,783.16217,223.279831,1675.793457,0.939159814,-0.3286425647,0.0998644507,,,,
26909,0.0,786.225891,225.778976,1674.887085,0.9233997706,-0.3709288983,0.0987148216,,,,
26910,0.0,788.116882,227.646896,1675.14917,0.911543732,-0.3991857948,0.0986849832,,,,
29655,0.0,-159.149567,1052.967407,1750.701294,0.1437736401,-0.9888300144,0.0392981311,0.0807544382,549.5928422112,1396.0230700647,0.0
29656,0.0,-156.316681,1053.379272,1738.02832,0.1437736401,-0.9888300144,0.0392981311,0.0805965939,550.1435588282,1398.7321516413,0.0
29657,0.0,-156.316681,1053.379272,1738.253418,0.1437736401,-0.9888300144,0.0392981311,0.0804302248,550.9600815089,1402.1954107233,0.0
29658,0.0,-155.633118,1052.560791,1739.750366,0.1437736401,-0.9888300144,0.0392981311,0.0806000503,552.551891322,1404.8264444413,0.0
29659,0.0,-154.855164,1051.629272,1741.244507,0.1437736401,-0.9888300144,0.0392981311,0.0808198486,554.2981644098,1407.4291851214,0.0
29660,0.0,-154.190201,1050.833008,1742.521729,0.1437736401,-0.9888300144,0.0392981311,0.0810340534,555.9027526724,1409.7152858232,0.0
29661,0.0,-152.35228,1048.713867,1743.757568,0.1437736401,-0.9888300144,0.0392981311,0.0816547861,558.4242780084,1410.9450073168,0.0
29662,0.0,-148.178177,1043.942993,1746.342163,0.1437736401,-0.9888300144,0.0392981311,0.0831006894,564.0822777399,1413.3199568397,0.0
29663,0.0,-146.9737395,1042.371399,1747.1551515,0.144137787,-0.9887467714,0.0400428063,0.0837637154,566.4961770016,1413.9934887274,0.0
29664,0.0,-145.769302,1040.799805,1747.96814,0.1445019339,-0.9886635284,0.0407874815,0.0844267415,568.9100762634,1414.667020615,0.0
29665,0.0,-143.603577,1037.691772,1749.525391,0.1463714919,-0.9882614792,0.0437565439,0.0863360798,575.5005585998,1415.8483939432,0.0
29685,0.0,-108.87191,976.844421,1750.699341,0.2265955884,-0.9633335694,0.1436762799,0.0370591678,277.7127811214,1029.6613984807,6.0
29686,0.0,-106.53064,972.672607,1750.699829,0.230581297,-0.9616580842,0.1484789368,0.0396971333,285.4163724183,1023.1462619476,6.0
29687,0.0,-104.957336,969.869873,1750.700195,0.2333555462,-0.9604651965,0.1518281774,0.0417322448,291.1010154287,1018.2907785013,6.0
29688,0.0,-102.852806,966.122559,1750.700684,0.237243569,-0.9587563114,0.1565305857,0.0444602082,298.3859710567,1011.9506310781,6.0
29689,0.0,-101.340256,963.430359,1750.70105,0.2402130101,-0.9574218104,0.1601286568,0.0466596644,304.1309453122,1007.3974505903,6.0
29690,0.0,-98.529213,957.726746,1750.701294,0.2434601596,-0.9561160251,0.1630009116,0.0491846245,309.5875820729,999.449298252,6.0
29691,0.0,-98.095543,955.879761,1755.161865,0.2466962996,-0.9550579409,0.1643327885,0.0521928584,317.2238652596,994.9181064229,6.0
29692,0.0,-97.071976,953.364868,1758.513184,0.2473973026,-0.9547507549,0.1650623238,0.054112277,321.55768718,990.950823099,6.0
29693,0.0,-95.824356,950.32666,1762.414795,0.2494462277,-0.9539510822,0.1665950549,0.0567863415,327.7009542176,986.4963528003,6.0
29694,0.0,-94.489296,947.072205,1766.405396,0.2515019984,-0.9531941959,0.1678319689,0.0595766611,333.8541578936,981.9072451732,6.0
29695,0.0,-92.937866,943.283081,1770.805786,0.2535770719,-0.9524501254,0.1689302437,0.062693462,340.4974513016,977.0202540322,6.0
29696,0.0,-91.421036,939.619812,1774.814575,0.2573603818,-0.9509155802,0.171828965,0.0666839962,349.1713580779,972.4703749554,6.0
29762,0.0,-61.809311,770.080322,1774.127197,0.129813098,-0.9782963462,0.1615079522,0.1323846172,726.3588141933,1460.7931635958,0.0
29763,0.0,-61.823494,770.187195,1774.127197,0.129813098,-0.9782963462,0.1615079522,0.1327957339,727.1597790586,1460.2992823059,0.0
29764,0.0,-61.845085,770.349976,1774.127197,0.129813098,-0.9782963462,0.1615079522,0.132875427,726.381192065,1458.3293176712,0.0
29765,0.0,-61.866364,770.510315,1774.127197,0.129813098,-0.9782963462,0.1615079522,0.13322578,726.2152202164,1456.2143742271,0.0
29766,0.0,-61.886826,770.66449,1774.127197,0.129813098,-0.9782963462,0.1615079522,0.1339547337,726.7765604939,1453.6531455379,0.0
29767,0.0,-61.886826,769.010315,1773.876831,0.129813098,-0.9782963462,0.1615079522,0.1348026494,727.3132525599,1450.4738119207,0.0
29768,0.0,-61.886833,765.856567,1773.399658,0.129813098,-0.9782963462,0.1615079522,0.1363933502,728.2827842033,1444.5291816319,0.0
29821,0.0,-63.478889,572.902222,1744.249756,-0.0327709507,-0.9875375296,0.1539340519,0.0709957911,193.372540533,522.5308235227,6.0
29822,0.0,-63.474106,573.046143,1744.249756,-0.0327709507,-0.9875375296,0.1539340519,0.0728665719,196.4992776161,524.3736943786,6.0
29823,0.0,-63.470547,573.153442,1744.249756,-0.0327709507,-0.9875375296,0.1539340519,0.0742612919,198.8048171634,525.7108897264,6.0
29824,0.0,-63.467255,573.252625,1744.249756,-0.0327709507,-0.9875375296,0.1539340519,0.0761171089,201.4438809128,526.4093824131,6.0
29825,0.0,-63.511608,570.162231,1743.772827,-0.0327709507,-0.9875375296,0.1539340519,0.0812875944,207.9820631138,526.633891254,6.0
29826,0.0,-63.568798,566.555054,1743.220093,-0.0327709507,-0.9875375296,0.1539340519,0.0847359429,211.6084948576,525.2728280111,6.0
29827,0.0,-63.630604,562.988525,1742.673828,-0.0327709507,-0.9875375296,0.1539340519,0.0882663772,215.1982989075,523.8747828925,6.0
29828,0.0,-63.693935,559.59259,1742.153442,-0.0327709507,-0.9875375296,0.1539340519,0.0912159694,218.0685564954,522.6118023804,6.0
29829,0.0,-63.697937,556.902039,1741.73877,-0.0273118369,-0.9877035847,0.1539340519,0.0954074546,222.3762605787,521.670439692,6.0
29830,0.0,-63.707348,552.705322,1741.091675,-0.0189836143,-0.9880504862,0.1529570496,0.1016534082,228.5199695057,520.2060897499,6.0
29831,0.0,-63.70129,549.174683,1740.558838,-0.0105598403,-0.988186493,0.1528919384,0.1077914297,234.4144321629,519.0482457245,6.0
29832,0.0,-63.642948,542.887817,1740.040771,0.0082603604,-0.9882083924,0.1528919211,0.1209936304,246.5641092955,517.1118372171,6.0
29833,0.0,-63.603544,540.843689,1740.312988,0.0158081928,-0.9881516103,0.1524773794,0.1261065666,251.0698625771,516.6102065535,6.0
29834,0.0,-63.55867,536.185547,1740.710083,0.0350419767,-0.9877676652,0.151944396,0.1387358862,262.122809646,515.8297738473,6.0
29835,0.0,-63.6328545,534.0132445,1740.6852415,0.0485258272,-0.9871687706,0.1515279386,,,,
29836,0.0,-63.841797,529.182495,1740.6604,0.0917752917,-0.9843631781,0.1503543464,,,,
29837,0.0,-64.210732,525.567688,1740.6604,0.130239589,-0.9801752732,0.1493120333,,,,
29838,0.0,-64.660225,522.357117,1740.660522,0.1679893002,-0.9747810579,0.146906379,,,,
29839,0.0,-65.195419,519.204346,1740.660522,0.2098871125,-0.9671597026,0.1433510019,,,,
29840,0.0,-65.730507,515.940735,1740.660522,0.2823642246,-0.9493907815,0.1375775733,,,,
29841,0.0,-66.294037,513.492737,1740.660522,0.3160248698,-0.9391072935,0.1349287696,,,,
29842,0.0,-67.053146,510.213898,1740.6521,0.385463308,-0.9135756764,0.129605253,,,,
29843,0.0,-67.798676,507.359558,1740.428711,0.437970306,-0.8903748333,0.1241558187,,,,
29844,0.0,-68.699249,504.115601,1739.930664,0.4821197755,-0.8679025885,0.1196060992,,,,
29845,0.0,-69.6492,500.793304,1739.383789,0.5470236083,-0.8296046901,0.1118983028,,,,
29846,0.0,-70.334412,498.344238,1739.00293,0.5760400103,-0.8101891413,0.1084963675,,,,
29847,0.0,-71.297287,494.699982,1738.445923,0.6046043661,-0.7895793977,0.1049663527,,,,
29848,0.0,-72.182861,491.239288,1737.907471,0.6382091539,-0.7630948055,0.1018596765,,,,
29849,0.0,-72.678291,489.5725705,1737.6554565,0.6498057163,-0.7532304289,0.1008145498,,,,
29850,0.0,-73.829384,485.91571,1737.111206,0.6702135287,-0.7354494512,0.0996390021,,,,
29851,0.0,-75.220047,482.24527,1736.569702,0.6897086742,-0.717293395,0.0989551925,,,,
29852,0.0,-76.730858,478.353516,1736.018311,0.7050956787,-0.7022117591,0.0986850006,,,,
29853,0.0,-78.063713,475.155212,1735.572144,0.7159511136,-0.6912676834,0.0977905559,,,,
29854,0.0,-79.387833,472.219757,1735.164062,0.724629236,-0.6821738341,0.0977309084,,,,
29855,0.0,-80.819664,469.177124,1734.732788,0.7367719472,-0.669040931,0.0977309084,,,,
29856,0.0,-82.297562,466.206573,1734.275391,0.7475079934,-0.6571379767,0.096961226,,,,
29857,0.0,-83.774933,463.382843,1733.825073,0.7555225157,-0.648038082,0.0960852357,,,,
29858,0.0,-85.753777,459.803741,1733.244629,0.7610657008,-0.6415583056,0.095822438,,,,
29859,0.0,-86.70665,458.116028,1732.963379,0.7642629755,-0.6378101508,0.0953955751,,,,
29860,0.0,-88.73394,454.644562,1732.348267,0.7691919547,-0.6320216306,0.0942994979,,,,
29861,0.0,-91.249657,450.482117,1732.116699,0.7713813984,-0.629405257,0.0939135805,,,,
29862,0.0,-92.855263,447.818695,1731.952393,0.7714074204,-0.6293733613,0.0939135979,,,,
29863,0.0,-94.539345,445.025238,1731.622925,0.7714074204,-0.6293733613,0.0939135979,,,,
29864,0.0,-96.459122,441.842529,1731.045654,0.7714074204,-0.6293733613,0.0939135979,,,,
29865,0.0,-98.458214,438.530762,1730.21814,0.7714074204,-0.6293733613,0.0939135979,,,,
29866,0.0,-100.184097,435.674469,1729.310059,0.7714074204,-0.6293733613,0.0939135979,,,,
29867,0.0,-101.843391,432.936798,1728.27417,0.7718809143,-0.6287925653,0.0939135979,,,,
29868,0.0,-103.463692,430.260315,1727.110962,0.7720104739,-0.6286334897,0.0939135979,,,,
29869,0.0,-105.223648,427.352661,1725.672974,0.7720104739,-0.6286334897,0.0939135979,,,,
29870,0.0,-107.120003,424.221497,1723.918823,0.7720104739,-0.6286334897,0.0939135979,,,,
29871,0.0,-110.74218,418.001495,1720.001465,0.7515343967,-0.6531115239,0.0929590653,,,,
29872,0.0,-112.062298,415.5254055,1718.4833375,0.7099505048,-0.6956137122,0.0924985186,,,,
29873,0.0,-113.382416,413.049316,1716.96521,0.668366613,-0.7381159004,0.0920379718,,,,
29874,0.0,-117.843445,406.262329,1712.389404,0.4880305068,-0.8679923486,0.0917360733,,,,
29875,0.0,-120.0361865,403.9259645,1710.6032715,0.370788587,-0.9151964828,0.0945998029,,,,
29876,0.0,-122.228928,401.5896,1708.817139,0.2535466673,-0.9624006169,0.0974635325,,,,
29877,0.0,-126.201401,401.918671,1704.405884,-0.0191579052,-0.9942604462,0.1052574925,0.1271894535,436.2133787043,893.7715110339,0.0
29878,0.0,-128.650009,399.537445,1701.357544,-0.1777661209,-0.9781220619,0.1080575688,0.0632063102,311.8983577838,891.4380924834,0.0
29879,0.0,-129.845436,396.7670745,1698.2453615,-0.2608404065,-0.9553773742,0.1086157714,0.0420812695,246.2408925825,889.0863176936,0.0
29880,0.0,-131.980759,392.329773,1692.581543,-0.381361981,-0.9179564711,0.1091739741,0.0150829736,153.1710585599,885.2420787963,0.0
29881,0.0,-134.605453,387.592621,1685.796143,-0.4701650135,-0.8758001483,0.1091739915,0.00706221,104.6351637384,881.983523264,0.0
29882,0.0,-136.084938,385.3582765,1683.067688,-0.5093263274,-0.8522169122,0.1105502388,0.0058798785,74.3840757584,668.9175174478,3.0
29883,0.0,-138.542236,381.61084,1678.479614,-0.5642443624,-0.817727761,0.1137963459,0.0033009859,36.8503348136,453.9032620413,6.0
29884,0.0,-141.176758,378.095886,1674.996826,-0.5867955174,-0.800759374,0.120230802,0.0019512142,28.0270892697,448.871956308,6.0
29885,0.0,-142.600723,376.336548,1675.072876,-0.5822337919,-0.8031309368,0.1264298619,0.0027231064,32.8688537574,445.6902309251,6.0
29886,0.0,-144.235855,374.916718,1674.934204,-0.5814971395,-0.8035331142,0.1272619782,0.0031386654,35.0489037593,442.7188110825,6.0
29887,0.0,-146.098206,373.531586,1674.628052,-0.5814971395,-0.8035331142,0.1272619782,0.0034853485,36.6641695187,439.5239036137,6.0
29888,0.0,-148.801361,371.729919,1674.243774,-0.5814971395,-0.8035331142,0.1272619782,0.0039686495,38.7106935883,434.9365449956,6.0
29889,0.0,-150.826172,370.453705,1674.022583,-0.5814971395,-0.8035331142,0.1272619782,0.0043145571,40.0409535715,431.5093977834,6.0
29890,0.0,-152.796173,369.314026,1673.868774,-0.5814971395,-0.8035331142,0.1272619782,0.0046328842,41.1732237966,428.2306470364,6.0
29891,0.0,-156.003891,367.23288,1674.172485,-0.5814971395,-0.8035331142,0.1272619782,0.0051992446,43.0361378502,422.584342744,6.0
29892,0.0,-158.132935,365.705353,1674.413208,-0.5814971395,-0.8035331142,0.1272619782,0.0056148831,44.3129791973,418.7512125753,6.0
29893,0.0,-160.22966,364.1026,1674.721436,-0.5814971395,-0.8035331142,0.1272619782,0.0060703424,45.6442721063,414.882172615,6.0
29894,0.0,-163.57901,361.455841,1675.201904,-0.5814971395,-0.8035331142,0.1272619782,0.0068637116,47.7983658842,408.6627364795,6.0
29895,0.0,-166.051865,359.370148,1675.442505,-0.5814971395,-0.8035331142,0.1272619782,0.0075749644,49.6459354019,404.1126119824,6.0
29896,0.0,-168.329803,357.352203,1675.736328,-0.5814971395,-0.8035331142,0.1272619782,0.0083346483,51.5016822711,399.7326226197,6.0
29897,0.0,-170.558548,355.173553,1676.007812,-0.5723132295,-0.8120727798,0.1139972265,0.01119595,58.9775345024,395.239318065,6.0
29898,0.0,-172.601898,353.104736,1676.187744,-0.5727349282,-0.8120488997,0.1120325245,0.0118471099,132.0466522758,860.391866951,0.0
29899,0.0,-174.807281,350.753845,1676.324463,-0.5734620006,-0.811936117,0.1090920519,0.0116321833,130.6894953948,859.3334160254,0.0
29900,0.0,-177.092178,348.248138,1676.449951,-0.5728352534,-0.8123914093,0.108995278,0.0114720047,129.6407904707,858.3336851026,0.0
29901,0.0,-179.315338,345.698212,1676.448853,-0.5665811352,-0.8164148145,0.1115915224,0.0106934368,125.0542778681,857.4109810522,0.0
29902,0.0,-186.435257,345.0177,1676.701294,-0.5555201652,-0.8235951187,0.1144046609,0.0100293628,120.9086499269,855.8494331246,0.0
29903,0.0,-188.266449,342.698883,1676.701294,-0.5398329484,-0.8337974307,0.1155951228,0.008060131,108.3651349987,855.225052216,0.0
29904,0.0,-189.888626,340.404449,1676.701294,-0.5136494531,-0.8500641778,0.1164265135,0.0055570205,89.9829741068,854.7291832696,0.0
29905,0.0,-192.313156,336.843994,1676.701294,-0.4713767236,-0.8741641586,0.116794727,0.0034675572,71.0704912687,854.160168468,0.0
29906,0.0,-193.577637,334.547638,1676.701294,-0.4237158092,-0.8986148025,0.1138259624,0.0037495558,73.8785621378,853.9275260779,0.0
29907,0.0,-195.553925,331.165588,1676.701294,-0.3715549752,-0.9218449162,0.1102218257,0.0071285431,101.76632076,853.8155099074,0.0
29908,0.0,-196.572144,328.864014,1676.701416,-0.3063574016,-0.9459479271,0.1064314884,0.0157892893,151.1752456431,854.093658342,0.0
29909,0.0,-198.153076,325.631592,1676.701416,-0.238440771,-0.965886599,0.1010399751,0.0292859589,205.2697428723,854.4436147812,0.0
29910,0.0,-199.250015,323.30957,1676.701416,-0.1935766289,-0.9762581389,0.097201517,0.0406112907,241.0666948557,854.5815589346,0.0
29911,0.0,-202.017807,317.917297,1676.701294,-0.0652949305,-0.994019792,0.0875284244,0.0832983077,341.5345853655,854.7504469903,0.0
29912,0.0,-202.9119035,316.4299315,1676.701355,-0.0289703856,-0.9952935563,0.0849937277,0.0985431274,368.7852579187,854.8014874125,0.0
29913,0.0,-203.806,314.942566,1676.701416,0.0073541593,-0.9965673206,0.082459031,0.1137879471,396.0359304719,854.8525278347,0.0
29914,0.0,-205.670303,312.014679,1676.701416,0.0670097179,-0.9946891213,0.0781232985,0.1421174468,439.2485105992,854.8255042195,0.0
29915,0.0,-207.298431,308.895203,1676.701416,0.1451896547,-0.9866866992,0.0732756557,,,,
29916,0.0,-209.044327,305.78653,1676.701294,0.2052057361,-0.9761399466,0.0710028913,,,,
29917,0.0,-211.876846,300.122833,1676.701294,0.3444802846,-0.9362432211,0.0691517499,,,,
29918,0.0,-213.34346,297.435455,1676.701294,0.4059631039,-0.9112828873,0.0689743255,,,,
29919,0.0,-214.3268585,295.701416,1676.701294,0.4564095931,-0.8852366505,0.0694469426,,,,
29920,0.0,-216.578201,292.09256,1676.701294,0.5434180583,-0.8364894718,0.070584541,,,,
29921,0.0,-218.916046,288.874786,1676.701294,0.6058375743,-0.7924240357,0.070887102,,,,
29922,0.0,-220.788559,286.26712,1682.63501,0.6663959506,-0.7422206231,0.0708871194,,,,
29923,0.0,-223.028778,283.550323,1685.172974,0.6965685105,-0.7139799219,0.070887102,,,,
29924,0.0,-224.972351,281.242493,1685.649658,0.7155808042,-0.69518141,0.0683148587,,,,
29925,0.0,-227.295929,278.543488,1686.167969,0.7308139619,-0.679269068,0.0671154702,,,,
29926,0.0,-229.678146,275.769318,1686.702026,0.7348557375,-0.6749934994,0.0661121846,,,,
29927,0.0,-231.789856,273.271454,1687.175049,0.7348814556,-0.6749662345,0.0661046787,,,,
29928,0.0,-234.094757,270.549805,1687.69104,0.7348814556,-0.6749662345,0.0661046787,,,,
29929,0.0,-236.411163,267.820129,1688.208252,0.7348814556,-0.6749662345,0.0661046787,,,,
29930,0.0,-238.769669,265.045074,1688.734253,0.7348814556,-0.6749662345,0.0661046787,,,,
29931,0.0,-240.756378,262.711731,1689.176758,0.7348814556,-0.6749662345,0.0661046787,,,,
29932,0.0,-243.208481,259.836243,1689.722168,0.7348814556,-0.6749662345,0.0661046787,,,,
29933,0.0,-245.586502,257.051147,1690.25061,0.7348814556,-0.6749662345,0.0661046787,,,,
29934,0.0,-247.926559,254.315155,1690.769653,0.7348814556,-0.6749662345,0.0661046787,,,,
29935,0.0,-249.951141,251.951294,1691.218506,0.7348814556,-0.6749662345,0.0661046787,,,,
29936,0.0,-252.285461,249.228577,1691.735596,0.7348814556,-0.6749662345,0.0661046787,,,,
29937,0.0,-254.662048,246.460815,1692.26123,0.7348814556,-0.6749662345,0.0661046787,,,,
29938,0.0,-257.013763,243.726135,1692.781006,0.7348814556,-0.6749662345,0.0661046787,,,,
29939,0.0,-259.191742,241.195511,1693.261963,0.7348814556,-0.6749662345,0.0661046787,,,,
29940,0.0,-261.317566,238.728821,1693.730957,0.7348814556,-0.6749662345,0.0661046787,,,,
29941,0.0,-263.752747,235.855499,1694.264038,0.7290367875,-0.6811915422,0.0669585349,,,,
29942,0.0,-266.203186,232.712585,1694.828247,0.7138982094,-0.6967550897,0.0698691036,,,,
29943,0.0,-268.224487,229.725616,1695.319458,0.6772796228,-0.731974659,0.0741984579,,,,
29944,0.0,-270.506805,226.246597,1695.88562,0.6253034946,-0.7767119696,0.075591374,,,,
29945,0.0,-272.984467,222.680466,1696.467773,0.5526237008,-0.8299054011,0.0765772196,,,,
29946,0.0,-275.437836,219.399384,1696.984009,0.4555562299,-0.886682083,0.0791416767,,,,
29947,0.0,-278.304138,215.730667,1697.613647,0.3574680282,-0.9302166532,0.0831479818,,,,
29948,0.0,-280.467682,212.718292,1698.178589,0.2598775159,-0.9615732155,0.0885473203,,,,
29949,0.0,-282.532928,209.584717,1698.789795,0.200091756,-0.9753849918,0.0926682626,,,,
29950,0.0,-284.728271,206.371552,1699.423706,0.1337330013,-0.9861084206,0.098517345,0.1241071099,407.4677434479,844.4829475136,0.0
29951,0.0,-286.573425,203.384338,1700.019775,0.0764833642,-0.9919952484,0.1004774704,0.0966560041,362.0143067892,844.0198729968,0.0
29952,0.0,-288.05304,200.394775,1700.614624,0.0414534443,-0.9939771955,0.1014443042,0.0812753917,333.1645294662,843.6705695501,0.0
29953,0.0,-289.759277,197.08844,1701.282471,-0.0140189607,-0.9946391502,0.1024520847,0.0599799204,287.6438949112,843.2359346128,0.0
29954,0.0,-291.017273,194.128357,1701.876099,-0.0452841711,-0.9936150408,0.103336801,0.0491903681,261.118690929,842.9279952151,0.0
29955,0.0,-292.546448,190.557343,1702.599243,-0.0919045989,-0.9902794347,0.1044039558,0.0352231655,221.6519601475,842.5598697415,0.0
29956,0.0,-295.002136,184.699692,1703.799438,-0.1728331789,-0.9792996077,0.1053611439,0.0165998894,152.7826328703,842.0080158754,0.0
29957,0.0,-296.278534,181.406601,1704.473511,-0.211081721,-0.9717733977,0.1053611439,0.010287834,120.4245954398,841.7014854276,0.0
29958,0.0,-297.657166,178.079895,1705.165527,-0.2577609717,-0.9606317318,0.1036627094,0.0049560664,83.6637165903,841.3803473116,0.0
29959,0.0,-298.901855,174.607895,1705.872803,-0.2874971917,-0.9523743865,0.1016287002,0.0029468779,64.5177012472,841.0135742358,0.0
29960,0.0,-299.954437,171.781235,1706.452271,-0.3136118638,-0.9442752275,0.0999594598,0.0020992623,54.4462991429,840.7135638044,0.0
29961,0.0,-301.284332,168.066254,1707.207397,-0.3405974797,-0.935013286,0.0987092291,0.0021658343,55.2712555604,840.2470519228,0.0
29962,0.0,-302.40918,164.778015,1707.86853,-0.3561225383,-0.9293121312,0.0977532632,0.0027474374,62.2084176215,839.7862490969,0.0
29963,0.0,-303.372437,161.92749,1708.437866,-0.3617523906,-0.9272217834,0.0969276651,0.0032020145,67.1172456032,839.3738127,0.0
29964,0.0,-304.396484,158.349243,1709.152832,-0.3643901008,-0.9262041476,0.096776709,0.0035844748,70.9630219171,838.8684655492,0.0
29965,0.0,-305.168793,154.897156,1709.842773,-0.3669771888,-0.9247855355,0.1004960509,0.0036989652,72.0475865737,838.4290147855,0.0
29966,0.0,-305.678619,151.913376,1710.439575,-0.3706048151,-0.9223757212,0.1089729321,0.0035538641,70.5930249105,838.07441519,0.0
29967,0.0,-306.104919,148.554214,1711.111572,-0.3710927667,-0.9220424177,0.11012692,0.0036889811,71.8742912917,837.5413545071,0.0
29968,0.0,-306.383514,145.154037,1711.791992,-0.3710927667,-0.9220424177,0.11012692,0.0038032107,72.919005904,836.8813133287,0.0
29969,0.0,-306.508759,142.211334,1712.381226,-0.3710927667,-0.9220424177,0.11012692,0.0039019734,73.8007905423,836.2342050251,0.0
29970,0.0,-306.443939,138.579193,1713.10144,-0.3710927667,-0.9220424177,0.11012692,0.0040302832,74.9215313901,835.3373316604,0.0
29971,0.0,-306.236877,135.355682,1713.737915,-0.3710927667,-0.9220424177,0.11012692,0.0041460488,75.9200300397,834.5930942749,0.0
29972,0.0,-305.891235,131.705338,1714.459473,-0.3710927667,-0.9220424177,0.11012692,0.0042632355,76.8995895975,833.6864258466,0.0
29973,0.0,-305.490814,128.487076,1715.095581,-0.3710927667,-0.9220424177,0.11012692,0.0043304593,77.4210657506,832.8136821301,0.0
29974,0.0,-304.976349,125.045624,1715.776245,-0.3710927667,-0.9220424177,0.11012692,0.0044057445,78.0071483644,831.9335258063,0.0
29975,0.0,-304.377197,121.597351,1716.458496,-0.3710927667,-0.9220424177,0.11012692,0.0044894232,78.6556272531,831.012405337,0.0
29976,0.0,-303.728394,118.286591,1717.113892,-0.3710927667,-0.9220424177,0.11012692,0.0045649976,79.225825472,830.0948161462,0.0
29977,0.0,-303.001923,114.843102,1717.796753,-0.3730852787,-0.92199508,0.1035975252,0.0052199212,84.6018659526,829.087675055,0.0
29978,0.0,-302.360626,111.543625,1718.458252,-0.3869544234,-0.9165869237,0.1006711747,0.0067800625,96.2678073315,828.1073112268,0.0
29979,0.0,-302.098419,108.767212,1719.039185,-0.4321461349,-0.8961756416,0.1005929294,0.012793102,131.9034966524,827.2691603513,0.0
29980,0.0,-301.867279,105.415527,1719.765869,-0.5005408414,-0.8595327323,0.1032586467,0.0271298369,191.133613999,826.160120901,0.0
29981,0.0,-301.132965,101.935349,1720.46582,-0.562893282,-0.8194275627,0.1081185577,0.0462961104,248.0801642624,824.879323403,0.0
29982,0.0,-300.726837,99.257156,1721.045654,-0.6069703647,-0.7870988033,0.1098291862,0.064229698,290.5129390122,823.8926504129,0.0
29983,0.0,-300.307556,96.131447,1721.735596,-0.6461523156,-0.7552213255,0.1101269026,0.0837665578,329.595115057,822.6615964318,0.0
29984,0.0,-299.813568,92.796967,1722.44458,-0.6725226394,-0.7319689147,0.1092465446,0.0992420311,356.6352046732,821.1320046431,0.0
29985,0.0,-299.524292,90.093185,1723.04895,-0.7052953608,-0.7006979964,0.1076139946,0.1207196527,390.4922454817,819.8372353947,0.0
29986,0.0,-299.280212,86.677879,1723.770996,-0.7281409202,-0.676981854,0.1072677476,0.1381184226,414.8278573314,818.0240666645,0.0
29987,0.0,-299.367279,83.416542,1724.476196,-0.7538824573,-0.648349968,0.1063181998,,,,
29988,0.0,-299.642303,80.555145,1725.081055,-0.7703456592,-0.6287008791,0.1063144859,,,,
29989,0.0,-300.082642,77.686684,1725.651733,-0.7814504374,-0.6146918016,0.1071876997,,,,
29990,0.0,-300.736176,74.651978,1725.703247,-0.7897646265,-0.6033097651,0.1108564933,,,,
29991,0.0,-301.499847,72.020729,1725.701294,-0.7976866429,-0.5919759307,0.1151543188,,,,
29992,0.0,-302.506042,69.180725,1725.701294,-0.8049078067,-0.581320211,0.1191227724,,,,
29993,0.0,-303.854218,66.178719,1725.701294,-0.8183592866,-0.5613062664,0.1233829541,,,,
29994,0.0,-306.555939,61.4879,1725.701294,-0.8431800052,-0.5217669292,0.1296408515,,,,
29995,0.0,-308.282928,58.979069,1725.701294,-0.8570817726,-0.4980426305,0.1317739475,,,,
29996,0.0,-310.172699,56.512238,1725.701294,-0.8701985273,-0.4741928567,0.1337746533,,,,
29997,0.0,-311.814362,54.308937,1725.701294,-0.8823327454,-0.4509298031,0.1347265344,,,,
29998,0.0,-313.591644,51.85437,1725.701294,-0.8969151612,-0.4208670196,0.1356987302,,,,
29999,0.0,-315.454498,49.298748,1725.701294,-0.9150047169,-0.3795684808,0.136726502,,,,
30000,0.0,-317.02832,47.062092,1725.701294,-0.9289005216,-0.344149736,0.1367654203,,,,
30001,0.0,-318.802032,44.42868,1725.701294,-0.9419056519,-0.3067718414,0.1367654203,,,,
30002,0.0,-320.529541,41.877567,1725.84375,-0.9542603928,-0.2668020638,0.134921316,,,,
30003,0.0,-322.076263,39.913235,1726.012329,-0.963718955,-0.2316974761,0.1325219055,,,,
30004,0.0,-324.152771,37.718033,1726.244507,-0.9760758485,-0.175939861,0.1277540732,,,,
30005,0.0,-326.304413,35.726261,1726.487305,-0.9843006445,-0.1250379866,0.1245702336,,,,
30006,0.0,-328.281219,34.34145,1726.716553,-0.990801543,-0.0587136897,0.121922127,,,,
30007,0.0,-330.681641,32.713066,1726.995361,-0.9927998371,-0.0025228904,0.1197585842,0.1385990822,241.495438655,475.4543149304,6.0
30008,0.0,-333.032745,31.54929,1727.278564,-0.9902324574,0.0731152667,0.1187174715,0.106251165,213.9947915524,477.0623723598,6.0
30009,0.0,-334.955322,30.806749,1727.516357,-0.983365429,0.1381570559,0.1179197223,0.0823434238,190.0437724755,478.2486638874,6.0
30010,0.0,-337.585419,29.868769,1727.841309,-0.9702967513,0.2113288823,0.1177468385,0.0602127124,163.9545968644,479.7361522518,6.0
30011,0.0,-339.955536,29.122679,1728.130249,-0.9575304814,0.2616607825,0.1211156973,0.0486797616,148.2187953693,480.9110801804,6.0
30012,0.0,-342.610352,28.323437,1728.443359,-0.9478630204,0.2927888946,0.1258187499,0.0434950107,140.6233791769,482.0558181442,6.0
30013,0.0,-345.360199,27.556118,1728.677002,-0.9466454966,0.2964925599,0.1263109883,0.0431190906,140.3246424401,483.0776550666,6.0
30014,0.0,-348.243134,26.923574,1728.703125,-0.9466138267,0.2965936568,0.1263109883,0.0432127848,140.7427099033,484.0029180964,6.0
30015,0.0,-351.382141,26.414072,1728.701294,-0.9466138267,0.2965936568,0.1263109883,0.0432997219,141.1410139427,484.8959160426,6.0
30016,0.0,-354.196838,26.10565,1728.701294,-0.9466138267,0.2965936568,0.1263109883,0.0433633053,141.445632442,485.5939370358,6.0
30017,0.0,-357.061707,25.911051,1728.701294,-0.9466138267,0.2965936568,0.1263109883,0.0434179822,141.7129430819,486.211997034,6.0
30018,0.0,-359.803497,25.82518,1728.701294,-0.9466138267,0.2965936568,0.1263109883,0.0434566887,141.9270227222,486.7344033087,6.0
30019,0.0,-363.301544,25.726145,1728.701294,-0.9466138267,0.2965936568,0.1263109883,0.0435403504,142.228092958,487.3084916048,6.0
30020,0.0,-366.196167,25.717548,1728.701294,-0.9466138267,0.2965936568,0.1263109883,0.0435982021,142.4426699819,487.7269895404,6.0
30021,0.0,-369.523224,25.798096,1728.701294,-0.9466138267,0.2965936568,0.1263109883,0.0436475852,142.6435502639,488.1445933492,6.0
30022,0.0,-372.482574,25.948067,1728.701294,-0.9467150552,0.2966253737,0.1254750649,0.0434818811,142.4720117247,488.4650075173,6.0
30023,0.0,-375.847504,26.211193,1728.701294,-0.9493100656,0.2993018689,0.096066595,0.0368923513,131.5347007111,488.7650189875,6.0
30024,0.0,-378.857513,26.81003,1728.701172,-0.9402950685,0.3296893388,0.0845584064,0.0292796906,117.4492992092,488.9390135365,6.0
30025,0.0,-382.037445,27.689316,1728.701294,-0.9225240633,0.3770125186,0.0825282583,0.0224226203,102.9889432798,489.0808723602,6.0
30026,0.0,-384.97229,28.358644,1728.701294,-0.897803432,0.4327631189,0.081639944,0.0180388215,92.4089586523,488.7226017436,6.0
30027,0.0,-388.085022,29.262917,1728.701294,-0.8622714402,0.499845996,0.0814981215,0.0180056635,92.4348780378,489.3055066493,6.0
30028,0.0,-390.805878,30.703674,1728.701294,-0.8226701132,0.5626472642,0.0814981041,0.0239204689,106.4592827924,489.6620904005,6.0
30029,0.0,-393.130585,32.159595,1728.701294,-0.7884067125,0.6096172316,0.0823509972,0.0329182028,124.6654448237,489.9105847578,6.0
30030,0.0,-395.392975,33.8363,1728.701294,-0.7526775974,0.6527573634,0.0859317106,0.0456890193,146.4629607437,490.1455395387,6.0
30031,0.0,-397.513885,35.443584,1728.701294,-0.7337013756,0.6735391622,0.0895951361,0.0541103349,159.0656350859,490.2043346528,6.0
30032,0.0,-399.695526,37.225151,1728.701294,-0.7283736729,0.6791186251,0.0909378118,0.05731396,163.5424900264,490.1162342998,6.0
30033,0.0,-401.62146,39.08585,1728.701294,-0.7284855829,0.6788738113,0.0918645954,0.0583702843,164.9394995459,489.9430069258,6.0
30034,0.0,-403.605316,41.336052,1728.701294,-0.7315659214,0.6754112168,0.0929031263,0.0584497699,164.9471188159,489.6423975363,6.0
30035,0.0,-406.792999,45.690258,1728.701294,-0.7453189375,0.6598021005,0.0957124317,0.0555401538,160.6015286744,488.7048468896,6.0
30036,0.0,-408.375885,47.903004,1728.701294,-0.753823749,0.64980549,0.0974811806,0.0535186115,157.5118495519,488.0178247158,6.0
30037,0.0,-409.189987,49.1417125,1728.701294,-0.7598019621,0.6425804656,0.0985004807,0.0519542363,155.1012592272,487.586336723,6.0
30038,0.0,-410.004089,50.380421,1728.701294,-0.7657801751,0.6353554412,0.0995197808,0.0503898611,152.6906689024,487.1548487302,6.0
30039,0.0,-413.356415,54.796261,1728.701294,-0.7960508731,0.5960474383,0.1050259908,0.0422379616,139.3998740352,484.7646630077,6.0
30040,0.0,-415.308167,56.971256,1728.701294,-0.8177256958,0.5653698948,0.1080813051,0.0372043558,130.6134613218,483.3408495423,6.0
30041,0.0,-417.409546,58.839554,1728.701294,-0.8533772315,0.5099367917,0.1082209279,0.0294350525,116.0679862654,481.9307812494,6.0
30042,0.0,-419.303528,60.518452,1728.701294,-0.8766047252,0.4692677827,0.1065453136,,,,
30043,0.0,-421.729553,62.416748,1728.701294,-0.9072971746,0.4077682325,0.1026494303,,,,
30589,0.0,2787.979248,-164.127075,1676.701294,-0.866135995,-0.4966006327,0.0565353848,0.1478623965,402.7766751072,769.6598246023,5.0
30590,0.0,2787.979248,-164.127075,1676.701294,-0.866135995,-0.4966006327,0.0565353848,0.1479655782,404.6860193231,773.0602203246,5.0
30591,0.0,2787.979248,-164.127075,1676.701294,-0.866135995,-0.4966006327,0.0565353848,0.1480780989,406.8565702725,776.9348183727,5.0
30592,0.0,2787.138184,-164.583084,1676.701294,-0.866135995,-0.4966006327,0.0565353848,0.1485097032,408.5391412025,779.1041835487,5.0
30593,0.0,2786.0354,-165.180771,1676.701294,-0.866135995,-0.4966006327,0.0565353848,0.1490662042,410.5840203303,781.6584083119,5.0
30594,0.0,2784.952881,-165.767578,1676.701294,-0.866135995,-0.4966006327,0.0565353848,0.1495992059,412.5496719492,784.1130808374,5.0
30595,0.0,2781.861084,-167.450943,1676.701294,-0.866135995,-0.4966006327,0.0565353848,,,,
30596,0.0,2778.740479,-169.157349,1676.701294,-0.866135995,-0.4966006327,0.0565353848,,,,
30597,0.0,2776.236572,-170.531876,1676.701294,-0.866135995,-0.4966006327,0.0565353848,,,,
30598,0.0,2772.736084,-172.459442,1676.701294,-0.866135995,-0.4966006327,0.0565353848,,,,
30599,0.0,2770.042236,-173.940491,1676.701294,-0.8665244241,-0.495922547,0.0565353848,,,,
30600,0.0,2766.645752,-175.558456,1676.701294,-0.8792650263,-0.4729659204,0.0565354023,,,,
30601,0.0,2763.041016,-176.833481,1676.701294,-0.9096582223,-0.4117316364,0.0547629267,,,,
30602,0.0,2759.408203,-177.984863,1676.701294,-0.9376815172,-0.3431762404,0.0546208778,,,,
30603,0.0,2755.926758,-178.571564,1676.701294,-0.9696751375,-0.238215632,0.0546208778,0.1354095234,719.8028227356,1432.5085072246,3.0
30604,0.0,2752.993164,-179.150452,1676.701294,-0.9850712503,-0.1635199838,0.0538130727,0.1010466543,625.9523319422,1428.9701108856,3.0
30605,0.0,2749.480713,-180.560989,1676.701294,-0.9977857937,-0.0447807452,0.049175144,0.0567068754,473.0122252676,1424.903159778,3.0
30606,0.0,2746.523193,-181.614685,1676.701294,-0.9976808199,0.052605684,0.0431928648,0.02975325,344.1621655201,1421.4631652023,3.0
30607,0.0,2742.818359,-182.764893,1676.728394,-0.9893859686,0.1396110104,0.0403010048,0.0131635785,229.1808522081,1417.131950353,3.0
30608,0.0,2739.999023,-183.497498,1676.776001,-0.9819206843,0.1851336277,0.0394627623,0.007296047,170.4735062895,1413.8120937446,3.0
30609,0.0,2736.116699,-184.295395,1676.834839,-0.9650269211,0.2593314314,0.0383438417,0.0016257983,80.3236694583,1409.1973151608,3.0
30610,0.0,2733.295166,-184.505112,1676.868774,-0.9580244661,0.28411117,0.0383401269,0.0009219556,60.34925906,1405.7305065343,3.0
30611,0.0,2729.61792,-184.678299,1676.903564,-0.9498121162,0.3104625259,0.0383401095,0.0007534227,54.3815131997,1401.1955678419,3.0
30612,0.0,2726.612549,-184.725769,1676.923584,-0.9439295301,0.3279132175,0.0383401095,0.0009543819,61.0401160522,1397.4712937282,3.0
30613,0.0,2722.893311,-184.741699,1676.926025,-0.9396190961,0.340067624,0.0383401269,0.0011944446,68.0578718072,1392.8684194878,3.0
30614,0.0,2719.938477,-184.71463,1676.943359,-0.9387564439,0.3424417816,0.0383401269,0.0011897108,67.7447312991,1389.2135994523,3.0
30615,0.0,2716.498047,-184.605774,1676.946045,-0.9386371032,0.3427687605,0.0383401269,0.0011112511,65.2728891749,1384.9446491078,3.0
30616,0.0,2712.944824,-184.384567,1676.939453,-0.9386371032,0.3427687605,0.0383401269,0.0010305658,62.6586978645,1380.5127761231,3.0
30617,0.0,2709.414062,-184.059494,1676.926636,-0.9386371032,0.3427687605,0.0383401269,0.0009613482,60.3242733774,1376.0719707342,3.0
30618,0.0,2706.038574,-183.657608,1676.909058,-0.9386371032,0.3427687605,0.0383401269,0.0009048624,58.3438427221,1371.7881047057,3.0
30619,0.0,2703.32251,-183.272964,1676.891235,-0.9386371032,0.3427687605,0.0383401269,0.0008657088,56.9239038897,1368.3203243289,3.0
30620,0.0,2699.544434,-182.662827,1676.861938,-0.9386371032,0.3427687605,0.0383401269,0.0008202675,55.2138116594,1363.4651644679,3.0
30621,0.0,2695.843506,-181.984375,1676.828491,-0.9386371032,0.3427687605,0.0383401269,0.0007850081,53.8259954081,1358.7052079175,3.0
30622,0.0,2689.748779,-180.703278,1676.76355,-0.9386371032,0.3427687605,0.0383401269,0.0007473822,52.2165581143,1350.8372275294,3.0
30623,0.0,2686.036377,-179.838028,1676.718628,-0.9386371032,0.3427687605,0.0383401269,0.0007368657,51.6628851277,1346.0137467886,3.0
30624,0.0,2684.173584,-179.373909,1676.710083,-0.9386371032,0.3427687605,0.0383401269,0.0007366824,51.5633382378,1343.586947086,3.0
30625,0.0,2680.611572,-183.186005,1675.552734,-0.939869352,0.3394735651,0.0374606421,0.0007300745,51.2033671698,1340.2296261876,3.0
30626,0.0,2677.238037,-182.465698,1675.839355,-0.9433455891,0.3296993807,0.0373820527,0.0009692441,58.810645462,1336.0712828138,3.0
30627,0.0,2673.864258,-181.876297,1676.039795,-0.9528442178,0.3008480387,0.039728507,0.0024388283,92.9837585621,1332.1908280239,3.0
30628,0.0,2670.047607,-181.427338,1676.368042,-0.9693896919,0.2418029429,0.0426023705,0.0086359241,174.2547822606,1328.7857508562,3.0
30629,0.0,2666.399658,-180.546661,1676.53479,-0.9872641578,0.1526759046,0.0447163373,0.0248171468,293.2440736556,1324.4929945457,3.0
30630,0.0,2662.469971,-179.683182,1676.756958,-0.9987507055,0.0216318144,0.0450454537,0.0630322837,461.2369040633,1320.022506658,3.0
30631,0.0,2658.655029,-179.199036,1676.930908,-0.9916957305,-0.1214172256,0.0423961718,0.1240322544,635.0176295544,1316.4542781078,3.0
30632,0.0,2655.97583,-178.978485,1676.967163,-0.9663583266,-0.254130876,0.0396116446,,,,
30633,0.0,2652.345215,-178.695419,1676.977051,-0.9137121149,-0.4047348524,0.0363300203,,,,
30634,0.0,2649.081543,-179.183533,1676.94165,-0.8503699808,-0.5251284305,0.0333320744,,,,
30635,0.0,2645.804443,-180.464966,1676.401245,-0.7674888602,-0.6403856309,0.0294464461,0.1440582767,442.8098251749,856.3789294413,5.0
30636,0.0,2642.675049,-181.650085,1675.854736,-0.6953356283,-0.7182934164,0.0237261878,0.0994505949,372.7419612427,857.3635411709,5.0
30637,0.0,2639.433838,-182.732651,1675.481934,-0.642815995,-0.7657783734,0.0192634211,0.0752768417,326.7581336282,858.4432225005,5.0
30638,0.0,2636.537598,-183.683228,1675.268555,-0.6130774353,-0.7898523691,0.016410158,0.0641262713,302.772921581,859.3310897575,5.0
30639,0.0,2634.42334,-184.362045,1675.140747,-0.6032054093,-0.7974322504,0.0156537597,0.0607817814,295.2382440458,859.9487312098,5.0
30640,0.0,2630.826172,-185.6026,1674.839355,-0.5982571985,-0.8011573087,0.0153392019,0.0593050999,292.0408890265,860.8332008526,5.0
30641,0.0,2627.557617,-186.906357,1674.745117,-0.6011572087,-0.7989452528,0.0172189863,0.0599924836,293.7537087186,861.0596362417,5.0
30642,0.0,2625.441162,-187.849976,1674.630005,-0.6044361277,-0.7964517985,0.0179304296,0.0609247437,295.8855017161,860.8539921206,5.0
30643,0.0,2622.127197,-189.455658,1674.407104,-0.6084384697,-0.7933516984,0.0198924917,0.0616120779,297.2174396245,860.0446787716,5.0
30644,0.0,2619.86377,-190.673706,1674.314941,-0.609869757,-0.7922285913,0.0208023703,0.0615313791,296.7374883443,859.2008624012,5.0
30645,0.0,2616.728516,-192.644699,1674.421997,-0.6103229643,-0.7918718728,0.0210906703,0.0608593926,294.6260659742,857.635421099,5.0
30646,0.0,2613.866943,-194.7397,1674.408569,-0.6103229643,-0.7918718728,0.0210906703,0.0600272739,292.0836961897,855.9239788395,5.0
30647,0.0,2611.171631,-196.869675,1674.495361,-0.6103229643,-0.7918718728,0.0210906703,0.0591201548,289.3257941733,854.1222737592,5.0
30648,0.0,2609.351318,-198.395035,1674.552979,-0.6092308202,-0.7927124266,0.0210906703,0.0580465149,286.3054022186,852.750643858,5.0
30649,0.0,2606.669678,-200.686859,1675.286621,-0.6075672921,-0.7939881417,0.0210906703,0.0561705294,281.0558656362,850.5685369204,5.0
30650,0.0,2603.984863,-202.703964,1675.522705,-0.6066509907,-0.7946884667,0.0210906703,,,,
30651,0.0,2601.333008,-204.664948,1676.02124,-0.6059008846,-0.7952605244,0.0210906703,,,,
30652,0.0,2598.518311,-206.507812,1676.349976,-0.6057577034,-0.7953695923,0.0210906703,,,,
30653,0.0,2595.74292,-208.201233,1676.48291,-0.6057577034,-0.7953695923,0.0210906703,,,,
30654,0.0,2592.856689,-209.793747,1676.549561,-0.6051497112,-0.7958322755,0.0210906703,,,,
30655,0.0,2589.912109,-211.392502,1676.482666,-0.6049948691,-0.7959499934,0.0210906703,,,,
30656,0.0,2586.866699,-212.909042,1676.289429,-0.6049948691,-0.7959499934,0.0210906703,,,,
30657,0.0,2584.097656,-214.216599,1676.05249,-0.6043686136,-0.7964256165,0.0210906703,,,,
30658,0.0,2581.234375,-215.453598,1675.829224,-0.6042314926,-0.7965296523,0.0210906703,,,,
30659,0.0,2578.391846,-216.711823,1675.36792,-0.6030764448,-0.7974235073,0.0203605465,,,,
30660,0.0,2572.516846,-214.579651,1676.701294,-0.6006606872,-0.7992505466,0.0201321298,,,,
32585,0.0,1688.846924,560.935425,1674.506592,-0.9959303825,-0.088458401,-0.0172564355,0.0185556749,185.9338918842,969.6818021592,0.0
32586,0.0,1688.731934,560.925232,1674.609863,-0.9959303825,-0.088458401,-0.0172564355,0.0179428428,183.2786154535,971.8697881326,0.0
32587,0.0,1688.650513,560.917969,1674.802979,-0.9959303825,-0.088458401,-0.0172564355,0.0173246909,180.5253320862,974.0463101817,0.0
32588,0.0,1688.62793,560.915955,1674.983032,-0.9959303825,-0.088458401,-0.0172564355,0.0169098914,178.63902062,975.5166706504,0.0
32589,0.0,1688.549316,560.908997,1675.207031,-0.9959303825,-0.088458401,-0.0172564355,0.0160399701,174.4366309698,977.8437258796,0.0
32590,0.0,1685.061035,560.102234,1675.416748,-0.9759917332,-0.2166056071,-0.0228505493,0.0012128362,48.0637682907,976.1879900875,0.0
32591,0.0,1682.635986,559.606445,1675.489624,-0.9536433144,-0.299901239,-0.0249735013,0.0012621432,48.9654264389,974.8937811841,0.0
32592,0.0,1679.248291,559.075745,1675.509521,-0.9108574194,-0.4118615037,-0.0266244867,0.0144816256,164.9835382568,972.9600336357,0.0
32593,0.0,1675.68042,558.533752,1675.027222,-0.8658212095,-0.4997142647,-0.0252841242,0.0367691527,260.7599387595,970.5398561451,0.0
32594,0.0,1671.820679,558.967407,1675.028564,-0.8501885386,-0.5259291519,-0.0240411299,0.0461959737,290.7862687429,967.9018768656,0.0
32595,0.0,1668.702881,559.670837,1675.096313,-0.8495987409,-0.5268848099,-0.0239661547,0.0470190109,292.6227097071,965.655626307,0.0
32596,0.0,1664.976196,560.519043,1675.116699,-0.8495987409,-0.5268848099,-0.0239661547,0.0475931593,293.4967252351,962.8216161629,0.0
32597,0.0,1661.440552,561.276001,1675.119141,-0.8495987409,-0.5268848099,-0.0239661547,0.0481571199,294.3173090654,959.9820749299,0.0
32598,0.0,1657.703491,562.14856,1675.140991,-0.8495987409,-0.5268848099,-0.0239661547,0.0486880358,294.9414827273,956.8885953845,0.0
32599,0.0,1654.015137,562.974915,1675.218506,-0.8495987409,-0.5268848099,-0.0239661547,0.0492621239,295.7204998601,953.9495494603,0.0
32600,0.0,1651.459595,563.650635,1675.37146,-0.8495987409,-0.5268848099,-0.0239661547,0.0496925296,296.3834744428,952.0437145151,0.0
32609,0.0,1624.077759,569.959778,1675.826782,-0.7431408773,-0.6690349466,-0.0115705068,0.1296957767,459.0143547177,931.9813525411,0.0
32610,0.0,1619.174805,570.835754,1675.882202,-0.7145245046,-0.6995570238,-0.008643077,,,,
32611,0.0,1616.010376,571.401855,1675.898315,-0.6955342249,-0.7184610561,-0.0067714767,,,,
32612,0.0,1611.385254,572.183533,1676.032593,-0.666271469,-0.7456986209,-0.003987037,,,,
32613,0.0,1607.347046,572.843506,1676.028687,-0.6361588988,-0.7715570801,-0.0012359197,,,,
32614,0.0,1603.663696,573.016846,1675.959351,-0.6143405895,-0.7890409612,-4.11898e-05,,,,
32615,0.0,1601.255859,573.126953,1675.897217,-0.6029685564,-0.7977649528,0.0,,,,
32616,0.0,1597.630493,573.208862,1675.7854,-0.5946485068,-0.8039857918,0.0,,,,
32617,0.0,1594.317627,573.148376,1675.527954,-0.5929941878,-0.8052067394,0.0,,,,
32618,0.0,1590.901489,573.10553,1675.390137,-0.5928463208,-0.8053156151,0.0,,,,
32619,0.0,1587.739624,572.907104,1675.001587,-0.5928463208,-0.8053156151,0.0,,,,
32620,0.0,1584.488647,572.768555,1674.81543,-0.5928463208,-0.8053156151,0.0,,,,
32621,0.0,1581.319702,572.60022,1674.464355,-0.5928463208,-0.8053156151,0.0,,,,
32622,0.0,1578.209595,572.440552,1674.172852,-0.5928463208,-0.8053156151,0.0,,,,
32623,0.0,1575.050781,572.245178,1673.81189,-0.5921704265,-0.8058127487,0.0,,,,
32624,0.0,1571.811401,572.038696,1673.610474,-0.5886884955,-0.8083599787,0.0,,,,
32625,0.0,1568.690186,571.842957,1673.484253,-0.5725718486,-0.819854547,0.0,,,,
32626,0.0,1562.721313,571.267639,1673.704468,-0.5273953284,-0.8496200136,0.0,,,,
32627,0.0,1559.231934,570.510559,1674.074829,-0.4924478952,-0.8703419274,0.0,,,,
32628,0.0,1556.29541,569.571594,1674.523071,-0.4498550268,-0.8931015927,0.0,,,,
32629,0.0,1553.851685,568.509216,1675.042725,-0.4077854508,-0.9130777766,0.0,,,,
32630,0.0,1551.472656,567.231628,1675.655029,-0.3736242405,-0.9275801458,0.0,,,,
32631,0.0,1549.013672,565.621582,1676.383545,-0.3491861746,-0.9370533685,0.0,,,,
32632,0.0,1546.957275,564.000488,1677.056763,-0.336581535,-0.9416543263,0.0,,,,
32633,0.0,1545.113037,562.293213,1677.744995,-0.3360773113,-0.941834402,0.0,,,,
32634,0.0,1543.518433,560.346252,1677.94165,-0.3360773113,-0.941834402,0.0,,,,
32635,0.0,1542.449097,558.595093,1677.607788,-0.33750865,-0.9413221198,0.0007602479,,,,
32636,0.0,1541.299194,556.344238,1677.247803,-0.3414218051,-0.9399069521,0.0024642453,,,,
32637,0.0,1540.369019,553.863647,1676.901489,-0.3446041734,-0.9387409379,0.00366267,,,,
32638,0.0,1539.704956,551.4375,1676.647095,-0.3479391015,-0.9375018405,0.0053554299,,,,
32639,0.0,1539.119629,548.362427,1676.450562,-0.3513433332,-0.9362227159,0.0066998849,,,,
32640,0.0,1538.891968,545.774475,1676.32605,-0.3531009779,-0.9355460473,0.0085611194,,,,
32641,0.0,1538.787231,543.218933,1676.338745,-0.3548075165,-0.9348910167,0.009508585,,,,
32642,0.0,1538.813232,540.706543,1676.344727,-0.3579153164,-0.9336871769,0.0111750582,,,,
32643,0.0,1538.977051,537.9646,1676.315308,-0.3606540592,-0.9326190134,0.0122648018,,,,
32644,0.0,1539.323608,534.548645,1676.209595,-0.3655938916,-0.9306644077,0.0143131659,,,,
32645,0.0,1539.743652,531.757202,1676.071045,-0.3705904234,-0.9286565272,0.0161180809,,,,
32646,0.0,1540.268677,529.148315,1675.917847,-0.376853416,-0.9260854508,0.0186343952,,,,
32647,0.0,1540.833984,526.34906,1675.714966,-0.3837420546,-0.9232253148,0.0199262048,,,,
32648,0.0,1541.340576,523.468262,1675.508667,-0.3916758626,-0.9198477583,0.0216822539,,,,
32649,0.0,1541.882568,520.425598,1675.196289,-0.3986708456,-0.9168080588,0.0229028432,,,,
32650,0.0,1542.28125,517.577393,1675.079956,-0.4116460066,-0.9110092461,0.0246924853,,,,
32651,0.0,1542.590942,514.756653,1675.108887,-0.4245570872,-0.9050332693,0.0258081627,,,,
32652,0.0,1542.883789,512.457214,1675.242798,-0.4469566785,-0.8941810758,0.0258830298,,,,
32653,0.0,1542.959839,510.557068,1675.354614,-0.4659887911,-0.8843899551,0.0266243122,,,,
32654,0.0,1542.808105,508.325165,1675.401367,-0.4938159383,-0.86912805,0.0276089091,,,,
32689,0.0,1492.148804,560.129639,1676.369629,-0.827221187,0.5618681451,0.0030488237,,,,
32690,0.0,1483.84082,567.881592,1675.506226,-0.7121056246,0.7020723463,0.0,,,,
32691,0.0,1483.889404,567.83374,1675.680664,-0.7121056246,0.7020723463,0.0,,,,
32692,0.0,1483.855957,567.86676,1675.737671,-0.7121056246,0.7020723463,0.0,,,,
32693,0.0,1483.807983,567.914062,1675.77478,-0.7121056246,0.7020723463,0.0,,,,
32694,0.0,1481.805176,569.102295,1676.053101,-0.6979880524,0.7160937316,-0.0047377483,,,,
32695,0.0,1477.713623,570.82019,1675.501221,-0.6819151767,0.7313593863,-0.0102537693,,,,
32696,0.0,1473.918945,572.697388,1675.20459,-0.67274523,0.7397175152,-0.0152267286,,,,
32697,0.0,1470.489014,574.097839,1675.19397,-0.6712040184,0.7410947946,-0.0162379519,,,,
32698,0.0,1467.703003,574.885315,1675.427612,-0.671105811,0.741164874,-0.017076885,,,,
32699,0.0,1464.583618,575.61554,1675.685669,-0.6705042871,0.7416668675,-0.0188217584,,,,
32700,0.0,1461.375244,576.259277,1675.880859,-0.6685000113,0.743397087,-0.0216449999,,,,
32701,0.0,1458.515259,576.799255,1675.980591,-0.6659270576,0.7455968623,-0.0250294391,,,,
32702,0.0,1454.749512,577.47522,1675.956909,-0.660320584,0.750435582,-0.0286908286,,,,
32703,0.0,1448.902588,578.661499,1675.971924,-0.6351561045,0.7714364531,-0.038242931,,,,
32704,0.0,1447.0975955,579.077301,1675.994446,-0.6234342981,0.7806524105,-0.0410063285,,,,
32705,0.0,1445.292603,579.493103,1676.016968,-0.6117124917,0.7898683679,-0.0437697259,,,,
32706,0.0,1442.036499,580.382446,1675.98877,-0.5814191605,0.8121538359,-0.0485582796,,,,
32707,0.0,1436.225952,581.922302,1675.990723,-0.5336371074,0.8439613932,-0.0544114361,,,,
32708,0.0,1432.957397,582.879944,1676.010376,-0.4961959962,0.8663414139,-0.0569393353,,,,
32709,0.0,1430.9163815,583.5059815,1676.0303345,-0.4727806954,0.878857258,-0.0581544066,,,,
32710,0.0,1428.875366,584.132019,1676.050293,-0.4493653947,0.8913731021,-0.059369478,,,,
32711,0.0,1422.653198,586.165833,1676.067261,-0.3858576228,0.9205241208,-0.0612310208,,,,
32712,0.0,1420.9804075,586.70575,1676.1170045,-0.3715107688,0.9262753926,-0.0612758872,,,,
32713,0.0,1416.942261,587.969727,1676.227905,-0.3461254954,0.9361820916,-0.0613207363,,,,
32714,0.0,1413.13855,589.029541,1676.26416,-0.3398417455,0.9384814091,-0.0613207363,,,,
32715,0.0,1409.509766,590.09021,1676.275635,-0.340277308,0.9382677224,-0.0621694034,,,,
32716,0.0,1405.848999,591.202271,1676.23645,-0.3455590125,0.9362663256,-0.063200763,,,,
32717,0.0,1403.250977,592.025879,1676.211914,-0.3509435193,0.9342117753,-0.0639296887,,,,
32718,0.0,1399.635498,593.194031,1676.135376,-0.3564594633,0.9321030638,-0.064191351,,,,
32719,0.0,1396.271118,594.330322,1675.987671,-0.3580609049,0.9314890546,-0.064191351,,,,
32720,0.0,1392.354126,595.44519,1675.677124,-0.3590761711,0.9310981548,-0.064191351,,,,
32721,0.0,1388.777466,596.255493,1675.351685,-0.3591527937,0.9310686066,-0.0641912813,,,,
32722,0.0,1385.983154,596.743958,1675.106567,-0.3591527937,0.9310686066,-0.0641912813,,,,
32723,0.0,1382.16626,597.213074,1674.776978,-0.3591527937,0.9310686066,-0.0641912813,,,,
32724,0.0,1378.568481,597.506348,1674.467163,-0.3591527937,0.9310686066,-0.0641912813,,,,
32725,0.0,1374.975342,597.636292,1674.132935,-0.3591527937,0.9310686066,-0.0641912813,,,,
32726,0.0,1372.618774,597.651123,1673.974243,-0.3585633249,0.9312957707,-0.064191351,,,,
32727,0.0,1368.874634,597.428345,1674.138184,-0.3568851342,0.9319401652,-0.064191351,,,,
32728,0.0,1365.37085,597.115723,1674.476074,-0.3506019723,0.9343220696,-0.0641913336,,,,
32729,0.0,1361.63501,596.714478,1674.917603,-0.3370509725,0.9393589395,-0.0632568153,,,,
32730,0.0,1359.114746,596.37616,1675.238037,-0.3287716263,0.9422900991,-0.0632343805,,,,
32731,0.0,1355.86853,595.870117,1675.687622,-0.3085760079,0.949095496,-0.0632343805,,,,
32732,0.0,1352.85437,595.329956,1675.900024,-0.2890865262,0.9552122243,-0.0632343805,,,,
32733,0.0,1349.544556,594.738159,1676.010498,-0.2662828487,0.9618185171,-0.0632343631,,,,
32734,0.0,1345.812622,594.486633,1675.915894,-0.2470753025,0.9669308186,-0.0632343805,,,,
32735,0.0,1342.234131,594.521423,1675.729614,-0.2278864447,0.9716322254,-0.0632343805,,,,
32736,0.0,1338.793579,594.760681,1675.485718,-0.2129207969,0.9750809954,-0.0623039861,,,,
32737,0.0,1335.450806,595.17041,1675.142944,-0.1978779997,0.9782462727,-0.0622778222,,,,
32738,0.0,1332.320435,595.698608,1674.766357,-0.1852516926,0.9807156995,-0.0622778222,,,,
32739,0.0,1329.169678,596.366455,1674.318848,-0.178279699,0.9820070375,-0.0622778222,,,,
32740,0.0,1326.179565,597.119202,1673.866577,-0.1752854701,0.9825459159,-0.0622778222,,,,
32741,0.0,1323.213135,597.778687,1673.514404,-0.1749651943,0.98260301,-0.062277648,,,,
32742,0.0,1320.373291,598.490356,1673.225464,-0.1749651943,0.98260301,-0.062277648,,,,
32743,0.0,1317.345947,599.23407,1673.045532,-0.1740596849,0.9827638063,-0.0622778222,,,,
32744,0.0,1314.540283,600.038147,1672.942993,-0.1731541667,0.9829237535,-0.0622778396,,,,
32745,0.0,1311.443604,601.195557,1673.087891,-0.1721748076,0.9830957779,-0.0622778222,,,,
32746,0.0,1306.207031,603.332825,1673.445068,-0.1721382966,0.9831021826,-0.062277648,,,,
32747,0.0,1303.062378,604.751953,1673.856445,-0.1721382966,0.9831021826,-0.062277648,,,,
32748,0.0,1299.929565,606.247375,1674.251221,-0.1714458775,0.9832231608,-0.0622778222,,,,
32749,0.0,1296.582397,607.90033,1674.694458,-0.171195674,0.9832667673,-0.062277648,,,,
32750,0.0,1293.321899,609.552856,1675.144531,-0.171195674,0.9832667673,-0.062277648,,,,
32751,0.0,1289.962158,611.244507,1675.458862,-0.1703632907,0.9834113189,-0.0622778222,,,,
32752,0.0,1286.7052,612.928101,1675.711548,-0.1702528941,0.9834304483,-0.062277648,,,,
32753,0.0,1283.555176,614.615234,1675.837036,-0.1694165788,0.9835748552,-0.0622778222,,,,
32754,0.0,1281.060669,615.985718,1675.92688,-0.1693099749,0.9835932223,-0.062277648,,,,
32755,0.0,1277.5802,617.991821,1675.8302,-0.1693099749,0.9835932223,-0.062277648,,,,
32756,0.0,1274.732056,619.684692,1675.741699,-0.1693099749,0.9835932223,-0.062277648,,,,
32757,0.0,1275.089233,622.196289,1676.666626,-0.1693099749,0.9835932223,-0.062277648,,,,
32758,0.0,1272.22644,623.841858,1676.666626,-0.1693099749,0.9835932223,-0.062277648,,,,
32759,0.0,1268.83667,625.820496,1676.666626,-0.1693099749,0.9835932223,-0.062277648,,,,
32760,0.0,1266.336182,627.299866,1676.666626,-0.1693099749,0.9835932223,-0.062277648,,,,
32761,0.0,1263.087036,629.243958,1676.666016,-0.1693099749,0.9835932223,-0.062277648,,,,
32762,0.0,1259.849609,631.203979,1676.664551,-0.1693099749,0.9835932223,-0.062277648,,,,
32763,0.0,1257.419922,632.689148,1676.664429,-0.1693099749,0.9835932223,-0.062277648,,,,
32764,0.0,1254.281128,634.623657,1676.689209,-0.1693099749,0.9835932223,-0.062277648,,,,
32765,0.0,1251.217529,636.512329,1676.689087,-0.1709453356,0.9833103097,-0.0622778222,,,,
32766,0.0,1248.297729,638.233337,1676.68103,-0.1821232155,0.9813514661,-0.0614852368,,,,
32767,0.0,1244.790771,640.118103,1676.672852,-0.2141742788,0.9749795308,-0.0595339631,,,,
32768,0.0,1241.684204,641.840942,1676.670776,-0.2463732784,0.9674562183,-0.0576946568,,,,
32769,0.0,1238.264893,643.419983,1676.670532,-0.3092509361,0.9494396935,-0.0541121697,,,,
32770,0.0,1234.812134,644.718445,1676.670532,-0.3915313513,0.9188267078,-0.0496052609,,,,
32771,0.0,1230.858643,645.953613,1676.670654,-0.4951416059,0.867635974,-0.0451952074,,,,
32772,0.0,1227.538452,646.797302,1676.670532,-0.586309069,0.8089305167,-0.0432792649,,,,
32773,0.0,1224.187988,647.727051,1676.670532,-0.6697803984,0.7414470537,-0.040626155,,,,
32774,0.0,1220.884399,648.826904,1676.670532,-0.7297639984,0.6825957937,-0.0388263973,,,,
32775,0.0,1216.151855,650.014221,1676.685547,-0.8181615291,0.5739421051,-0.0346723575,,,,
32776,0.0,1212.598389,650.685486,1676.686523,-0.8704990493,0.4911840708,-0.0311386209,,,,
32777,0.0,1208.541382,651.605164,1676.686401,-0.9064307018,0.4214371985,-0.0278221238,,,,
32778,0.0,1205.138428,652.336731,1676.686279,-0.934689307,0.3547501872,-0.0225433807,,,,
32779,0.0,1201.690674,653.153015,1676.686279,-0.9532734855,0.3015805644,-0.0178556717,,,,
32780,0.0,1197.990479,653.965393,1676.686279,-0.9709046051,0.2391612626,-0.0120887635,0.1412992264,487.7304085475,951.7112464679,0.0
32781,0.0,1194.17749,654.914551,1676.686401,-0.9798425794,0.1996558734,-0.0067861546,0.121809928,455.3815068,952.0599063535,0.0
32782,0.0,1191.118164,655.747253,1676.686401,-0.9827228365,0.1850528771,-0.0033554939,0.1152592592,443.9098412838,952.4255822662,0.0
32783,0.0,1187.32666,656.832458,1676.686401,-0.983101421,0.1830391308,-0.0028762114,0.1149334792,443.5196608103,952.8537761848,0.0
32784,0.0,1183.967529,657.771301,1676.686401,-0.983101421,0.1830391308,-0.0028762114,0.1154749933,444.6653063758,953.2094101442,0.0
32785,0.0,1180.72644,658.652771,1676.686401,-0.983101421,0.1830391308,-0.0028762114,0.1159808695,445.7322987266,953.538583624,0.0
32786,0.0,1177.015991,659.635498,1676.686401,-0.983101421,0.1830391308,-0.0028762114,0.1165419825,446.912520583,953.9010986003,0.0
32787,0.0,1173.203125,660.618652,1676.686401,-0.983101421,0.1830391308,-0.0028762114,0.117100592,448.0829420806,954.2568946863,0.0
32788,0.0,1169.825684,661.467712,1676.686401,-0.983101421,0.1830391308,-0.0028762114,0.1175803812,449.0854290917,954.5601766454,0.0
32789,0.0,1163.102051,663.106995,1676.686401,-0.983101421,0.1830391308,-0.0028762114,0.1185006579,451.0003845582,955.1344201979,0.0
32790,0.0,1159.345215,663.996887,1676.686401,-0.983101421,0.1830391308,-0.0028762114,0.1189968682,452.0295855392,955.4420154238,0.0
32791,0.0,1156.149414,664.740173,1676.686401,-0.983101421,0.1830391308,-0.0028762114,0.1194096528,452.8832186064,955.6952098767,0.0
32792,0.0,1152.498047,665.576416,1676.686401,-0.983101421,0.1830391308,-0.0028762114,0.1198721732,453.8381077587,955.9784045372,0.0
32793,0.0,1148.789429,666.411987,1676.686401,-0.983101421,0.1830391308,-0.0028762114,0.1203357323,454.7944134454,956.2637126643,0.0
32794,0.0,1145.424194,667.159241,1676.686401,-0.983101421,0.1830391308,-0.0028762114,0.1207494925,455.6462051569,956.517152629,0.0
32795,0.0,1141.790527,667.936462,1676.686401,-0.9835771809,0.1804651136,-0.0028761067,0.119936605,454.3395585333,956.7939691435,0.0
32796,0.0,1138.208618,668.661621,1676.686401,-0.9847290425,0.1740702183,-0.0028761067,0.1172642901,449.6929963004,957.058653366,0.0
32797,0.0,1135.101318,669.253113,1676.686401,-0.9862712177,0.165120265,-0.0020936256,0.113348445,442.6844874398,957.2837163111,0.0
32798,0.0,1131.185303,669.944763,1676.686401,-0.9888344897,0.1490056189,-0.0019176619,0.106280571,429.5876479012,957.5622763021,0.0
32799,0.0,1127.545288,670.468201,1676.686401,-0.9926862177,0.1207231249,-1.49749e-05,0.0940976297,405.6265407456,957.8261658649,0.0
32800,0.0,1124.373413,670.855591,1676.686401,-0.9959604645,0.0897885213,0.0008800996,0.0815414536,378.9263193254,958.0525629208,0.0
32801,0.0,1120.763794,671.245667,1676.686401,-0.9986700496,0.051548161,0.0009587441,0.0672220365,345.4264977693,958.3162095721,0.0
32802,0.0,1117.658569,671.62439,1676.686401,-0.9995060211,0.0314198572,-0.0007115707,0.0603050569,327.820895801,958.5020586327,0.0
32803,0.0,1113.875488,672.037231,1676.686401,-0.9999636525,0.0064593535,-0.0055651107,0.0522350789,305.8005041509,958.7134039251,0.0
32804,0.0,1110.785034,672.572449,1676.686401,-0.999945766,-0.0051833408,-0.0090331603,0.0487957661,295.8993129597,958.9622721602,0.0
32805,0.0,1107.057373,673.416931,1676.686401,-0.9997988226,-0.0142470704,-0.0141186162,0.0463684217,288.7453297094,959.36192581,0.0
32806,0.0,1104.034912,674.260315,1676.686401,-0.9996249543,-0.0186897541,-0.0200160887,0.0453977776,285.8992157879,959.7684589993,0.0
32807,0.0,1100.386841,675.446838,1676.686401,-0.999466584,-0.0203456857,-0.0255460483,0.0453854516,286.0337638044,960.3474922107,0.0
32808,0.0,1097.004883,676.701172,1676.686401,-0.9992996382,-0.0204096552,-0.0313636584,0.0458983413,287.7966390304,960.9784430389,0.0
32809,0.0,1094.049194,677.911255,1676.686401,-0.9991225865,-0.0204060391,-0.0365739075,0.0464253601,289.5944684999,961.6070027126,0.0
32810,0.0,1090.566528,679.466919,1676.686401,-0.9989496941,-0.0186058126,-0.0418728113,0.0476231473,293.4661225305,962.4254572542,0.0
32811,0.0,1087.477173,680.955383,1676.686401,-0.99891801,-0.0176173954,-0.0430399417,0.0484086323,296.0640981228,963.2297684242,0.0
32812,0.0,1084.060425,682.457153,1676.686401,-0.9989157113,-0.0175276796,-0.0431298299,0.0488877088,297.7366974514,964.031872013,0.0
32813,0.0,1081.259644,683.564636,1676.686401,-0.9989157113,-0.0175276796,-0.0431298299,0.0492228456,298.9088662453,964.6096634304,0.0
32814,0.0,1077.868408,684.787109,1676.686401,-0.9989157113,-0.0175276796,-0.0431298299,0.0495979953,300.2100912199,965.2307693192,0.0
32815,0.0,1074.226318,685.968689,1676.686401,-0.9989157113,-0.0175276796,-0.0431298299,0.049966619,301.4766788425,965.8122674639,0.0
32816,0.0,1070.762329,684.766724,1677.383301,-0.9989157113,-0.0175276796,-0.0431298299,0.0495853204,300.2844202724,965.5900011136,0.0
32817,0.0,1067.584595,685.625427,1677.108398,-0.9989157113,-0.0175276796,-0.0431298299,0.0498635763,301.2549193903,966.0729876006,0.0
32818,0.0,1064.161011,686.439392,1676.743164,-0.9989157113,-0.0175276796,-0.0431298299,0.0501345454,302.1990561594,966.5453602833,0.0
32819,0.0,1061.056152,687.107971,1676.448975,-0.9989157113,-0.0175276796,-0.0431298299,0.0503599419,302.9811922539,966.93179317,0.0
32820,0.0,1057.621216,687.798523,1676.122803,-0.9989157113,-0.0175276796,-0.0431298299,0.0505950752,303.7979653496,967.3412522882,0.0
32821,0.0,1054.137085,688.418579,1675.848877,-0.9989157113,-0.0175276796,-0.0431298299,0.0508106045,304.538751531,967.6946996337,0.0
32822,0.0,1050.65686,688.97522,1675.623047,-0.9989157113,-0.0175276796,-0.0431298299,0.0510036874,305.2022411469,968.0135174193,0.0
32823,0.0,1047.391357,689.404785,1675.533203,-0.9989157113,-0.0175276796,-0.0431298299,0.0511340342,305.6547026505,968.244564545,0.0
32824,0.0,1043.673462,689.769592,1675.577393,-0.9989157113,-0.0175276796,-0.0431298299,0.0512362771,306.0108631842,968.4305200341,0.0
32825,0.0,1040.748169,689.997986,1675.675659,-0.9989157113,-0.0175276796,-0.0431298299,0.0512706613,306.1403168378,968.5238194689,0.0
32826,0.0,1036.931763,690.270569,1675.883911,-0.9989157113,-0.0175276796,-0.0431298299,0.0513435505,306.3889543149,968.6402606209,0.0
32827,0.0,1033.276367,690.550171,1676.168335,-0.9989157113,-0.0175276796,-0.0431298299,0.0514639092,306.7524849143,968.6847805464,0.0
32828,0.0,1030.253906,690.73407,1676.496338,-0.9989157113,-0.0175276796,-0.0431298299,0.0515613,307.0321406074,968.6759956883,0.0
32829,0.0,1023.313171,690.940613,1677.418823,-0.9987806538,-0.0240215308,-0.0431297078,0.0497173739,301.5616275638,968.4410995315,0.0
32830,0.0,1021.3016965,690.911621,1677.6467895,-0.9984912811,-0.031783443,-0.0440877028,0.0474514013,294.6445221786,968.2806248663,0.0
32831,0.0,1016.054504,690.887268,1678.084839,-0.9980110715,-0.0431757395,-0.0459320872,0.0442324274,284.6383003917,967.7525636568,0.0
32832,0.0,1012.802063,690.857605,1678.317505,-0.9979591707,-0.0442854969,-0.0460031342,0.0441285714,284.3230194214,967.7917983415,0.0
32833,0.0,1008.986389,690.819092,1678.502563,-0.9979530263,-0.0444236882,-0.0460031865,0.0442601382,284.6002238413,967.3270016715,0.0
32834,0.0,1005.633789,690.792053,1678.573486,-0.9979530263,-0.0444236882,-0.0460031865,0.0444215503,284.9913282164,966.9347499912,0.0
32835,0.0,1001.818115,690.718872,1678.542236,-0.9979530263,-0.0444236882,-0.0460031865,0.0446157051,285.5138244917,966.6454246792,0.0
32836,0.0,998.718933,690.660706,1678.463135,-0.9979530263,-0.0444236882,-0.0460031865,0.0447884315,286.04204895,966.6073077657,0.0
32837,0.0,994.847351,690.56897,1678.289673,-0.9979530263,-0.0444236882,-0.0460031865,0.0449972375,286.695318334,966.6160175844,0.0
32838,0.0,991.704773,690.521484,1678.129272,-0.9979530263,-0.0444236882,-0.0460031865,0.045164589,287.219600868,966.6292755359,0.0
32839,0.0,987.778564,690.490356,1677.765747,-0.9979530263,-0.0444236882,-0.0460031865,0.0453781457,287.8917207654,966.6615131013,0.0
32840,0.0,984.749939,690.465393,1677.57019,-0.9979149929,-0.0444219951,-0.0468225723,0.0455662898,288.4787747848,966.6773849001,0.0
32841,0.0,980.763489,690.49054,1677.311279,-0.9980573597,-0.0386723293,-0.0488462659,0.0475848435,294.6498439805,966.6868427879,0.0
32842,0.0,977.464905,690.531799,1677.152222,-0.9982894652,-0.0307070066,-0.0497516179,0.050238363,302.5518863847,966.6992118911,0.0
32843,0.0,973.667419,690.672119,1677.186401,-0.9987101435,-0.0097277289,-0.0498339301,0.0571997793,322.2793733588,966.7657631227,0.0
32844,0.0,970.345642,690.822937,1677.21814,-0.9987472555,0.0205066679,-0.0456442356,0.0676683323,349.6074868649,966.823398248,0.0
32845,0.0,966.817017,691.117126,1677.28125,-0.9980114945,0.0492521703,-0.0393354871,0.0784547909,375.4368364217,966.9451592981,0.0
32846,0.0,962.883728,691.25116,1677.152344,-0.997830017,0.0535284209,-0.0383401269,0.0803832837,379.8123760218,966.8942527324,0.0
32847,0.0,959.062805,691.167053,1677.036865,-0.997830017,0.0535284209,-0.0383401269,0.0805764694,380.2449708259,966.883066494,0.0
32848,0.0,955.694885,690.910828,1676.889404,-0.997830017,0.0535284209,-0.0383401269,0.0806665097,380.4505071998,966.8883193841,0.0
32849,0.0,952.546631,690.451355,1676.815918,-0.997830017,0.0535284209,-0.0383401269,0.0806519373,380.4249110178,966.9069380053,0.0
32850,0.0,949.068054,689.754272,1676.73645,-0.997830017,0.0535284209,-0.0383401269,0.0805554895,380.2049522952,966.9019099723,0.0
32851,0.0,945.609314,688.888306,1676.657471,-0.997830017,0.0535284209,-0.0383401269,0.0803873094,379.8108620534,966.8672015731,0.0
32852,0.0,942.268677,687.884888,1676.6073,-0.997830017,0.0535284209,-0.0383401269,0.0801495609,379.2538648659,966.8202606652,0.0
32853,0.0,938.947632,686.746277,1676.602417,-0.997830017,0.0535284209,-0.0383401269,0.0798211535,378.4534254427,966.6797035727,0.0
32854,0.0,936.001526,685.578857,1676.621582,-0.997830017,0.0535284209,-0.0383401269,0.0794384871,377.5097083619,966.4925971219,0.0
32855,0.0,932.586304,684.096375,1676.709595,-0.997830017,0.0535284209,-0.0383401269,0.0789153003,376.2101061861,966.2212718255,0.0
32856,0.0,929.495178,682.47522,1676.605469,-0.997830017,0.0535284209,-0.0383401269,0.0783524503,374.7001458124,965.6521294584,0.0
32857,0.0,926.253235,680.674438,1676.529785,-0.997830017,0.0535284209,-0.0383401269,0.0777149573,373.0503846381,965.1755069431,0.0
32858,0.0,922.990784,678.612549,1676.274658,-0.9986743757,0.0119707678,-0.0500618819,0.0623277858,335.2537741306,964.7008707626,0.0
32859,0.0,920.231873,676.817261,1676.091675,-0.9983704025,0.0111082082,-0.0559745227,0.0616874292,333.4826672596,964.41293022,0.0
32860,0.0,917.669617,675.360168,1679.575439,-0.9967061024,0.058904294,-0.0557425298,0.0782603691,373.9711092265,964.3170229391,0.0
32861,0.0,914.975098,673.986145,1684.404541,-0.9871068376,0.1528838713,-0.0473984494,0.1172778858,453.3154168226,964.7156263923,0.0
32862,0.0,913.175415,673.090271,1688.157593,-0.9651114036,0.2596892636,-0.0334882814,,,,
32863,0.0,911.95697,672.126709,1692.438354,-0.9096602857,0.4152458631,-0.0094359826,,,,
32864,0.0,909.796875,670.997009,1696.146484,-0.8396143251,0.5430686208,0.0111471173,,,,
32865,0.0,907.611267,669.970093,1699.391357,-0.7540102232,0.6562669712,0.027968657,,,,
32866,0.0,904.990051,668.597229,1703.448975,-0.6037760122,0.7955630641,0.0503382375,,,,
32867,0.0,902.698669,667.239746,1706.634399,-0.4964378958,0.8658129028,0.0625894002,,,,
32868,0.0,900.161255,665.494873,1710.359741,-0.3296369801,0.9412282039,0.0736812703,,,,
32869,0.0,897.975098,664.00061,1713.027344,-0.2468882168,0.9661702555,0.0745737606,,,,
32870,0.0,895.165405,662.092224,1716.217896,-0.1774965233,0.981281367,0.0747118661,,,,
32871,0.0,889.682373,658.481628,1721.527832,-0.109659504,0.9915457956,0.0693666237,,,,
32872,0.0,888.0104675,657.451721,1722.916443,-0.1086247949,0.9917054593,0.0686978352,,,,
32873,0.0,883.499573,654.788147,1726.341675,-0.1215528214,0.9903116511,0.0671397452,,,,
32874,0.0,880.727295,653.093567,1728.277588,-0.1227996513,0.9901631322,0.0670612953,,,,
32875,0.0,877.711426,651.268982,1730.161743,-0.1227996513,0.9901631322,0.0670612953,,,,
32876,0.0,874.463806,649.346497,1731.905396,-0.1227996513,0.9901631322,0.0670612953,,,,
32877,0.0,871.746277,647.77179,1733.075195,-0.1227996513,0.9901631322,0.0670612953,,,,
32878,0.0,868.524902,645.923462,1734.261108,-0.1227996513,0.9901631322,0.0670612953,,,,
32879,0.0,865.871155,644.40863,1734.918213,-0.1227996513,0.9901631322,0.0670612953,,,,
32880,0.0,862.775269,642.622803,1735.384888,-0.1227996513,0.9901631322,0.0670612953,,,,
32881,0.0,860.064026,641.065979,1735.608643,-0.1227996513,0.9901631322,0.0670612953,,,,
32882,0.0,857.026184,639.333374,1735.668335,-0.1227996513,0.9901631322,0.0670612953,,,,
32883,0.0,853.96167,637.485229,1735.517944,-0.1227996513,0.9901631322,0.0670612953,,,,
32884,0.0,850.768311,637.788452,1733.001831,-0.1473321486,0.9871676285,0.0615898626,,,,
32885,0.0,848.094971,638.553894,1729.580322,-0.1526422598,0.9865282218,0.0588422299,,,,
32886,0.0,844.781067,639.259827,1726.852051,-0.1454499878,0.9873713702,0.0627859732,,,,
32887,0.0,841.361938,640.130737,1723.733765,-0.1418451764,0.9874969755,0.0687725918,,,,
32888,0.0,838.618347,640.616943,1721.097534,-0.1426172569,0.9868832961,0.075641774,,,,
32889,0.0,837.001343,640.939026,1722.151001,-0.1522200987,0.9849454615,0.0819236188,,,,
32890,0.0,835.344421,641.623108,1723.712646,-0.1688974094,0.9819027239,0.0856779193,,,,
32891,0.0,833.386597,642.291138,1725.364136,-0.1920647542,0.977506505,0.0871330181,,,,
32892,0.0,831.145569,643.089905,1727.188354,-0.2267275276,0.970044098,0.0872300192,,,,
32893,0.0,829.132141,643.887085,1728.772461,-0.253659254,0.9634294122,0.0863756365,,,,
32894,0.0,826.698425,644.883789,1730.843628,-0.2863644992,0.9545572429,0.0825581233,,,,
32895,0.0,824.500183,645.804016,1732.656616,-0.3136679581,0.9462403016,0.0790044536,,,,
32896,0.0,821.953674,646.844238,1734.793335,-0.3312753484,0.9404106557,0.0767101184,,,,
32897,0.0,819.559448,647.803833,1736.743164,-0.3443875414,0.935907335,0.0739910909,,,,
34036,0.0,-332.660339,2221.392334,1752.175903,-0.6650411487,-0.3574417605,0.6557100414,,,,
34037,0.0,-331.720245,2221.43042,1752.381592,-0.6650411487,-0.3574417605,0.6557100414,,,,
34038,0.0,-334.166931,2220.28833,1751.118896,-0.6552068251,-0.3643563264,0.6617767628,,,,
34039,0.0,-335.5999295,2219.408203,1750.38739,-0.6478588199,-0.3692807552,0.6661928612,,,,
34040,0.0,-337.032928,2218.528076,1749.655884,-0.6405108147,-0.3742051839,0.6706089595,,,,
34041,0.0,-341.999634,2217.018799,1748.549683,-0.5989444956,-0.3991147452,0.6942426891,,,,
34042,0.0,-345.719482,2216.247314,1748.310791,-0.5647597426,-0.4157198209,0.7128979335,,,,
34043,0.0,-348.983612,2215.773926,1748.630981,-0.5412727105,-0.4247113123,0.7257025245,,,,
34044,0.0,-351.62204,2215.379639,1748.763428,-0.5306818796,-0.4274106091,0.7319131874,,,,
34045,0.0,-355.13504,2214.841797,1749.010498,-0.515577531,-0.4300052203,0.7411311085,,,,
34046,0.0,-358.573853,2214.393066,1749.170166,-0.5001083841,-0.4314364217,0.7508356799,,,,
34047,0.0,-361.203003,2214.12793,1749.309082,-0.4925399605,-0.4318491942,0.7555863026,,,,
34048,0.0,-364.470551,2213.875977,1749.439453,-0.4843082007,-0.4322076112,0.7606853145,,,,
34049,0.0,-368.075928,2213.685547,1749.248901,-0.4712843061,-0.4349615655,0.76726758,,,,
34050,0.0,-371.923279,2213.520752,1748.754639,-0.4566145151,-0.4380408228,0.7743535511,,,,
34051,0.0,-375.730621,2213.070557,1747.924927,-0.4323654122,-0.4410241391,0.7864844938,,,,
34052,0.0,-379.704376,2212.619385,1746.788208,-0.398277815,-0.4399265232,0.8048847348,,,,
34053,0.0,-382.570343,2212.202148,1745.856201,-0.3740288554,-0.4370905265,0.817957387,,,,
34054,0.0,-386.101929,2212.023926,1743.728149,-0.3359127491,-0.4315510563,0.8372134201,,,,
34055,0.0,-389.126343,2211.744873,1741.987305,-0.3063792277,-0.429160013,0.8496784404,,,,
34056,0.0,-391.601562,2211.105469,1739.764648,-0.2754722053,-0.4289493667,0.8603008223,,,,
34057,0.0,-393.407593,2210.695068,1737.486206,-0.2581070935,-0.431206602,0.8645470459,,,,
34058,0.0,-395.489868,2210.142578,1734.911865,-0.2342969787,-0.4377164227,0.868049111,,,,
34059,0.0,-397.208282,2209.582031,1732.298828,-0.2094604149,-0.4518926442,0.8671328461,,,,
34060,0.0,-398.497803,2209.202881,1734.04541,-0.1953308896,-0.4664484391,0.8627118274,,,,
34061,0.0,-400.083893,2208.711426,1736.793091,-0.1768833017,-0.4921258384,0.8523640401,,,,
34062,0.0,-401.208832,2208.30957,1738.800293,-0.1607379393,-0.5269230526,0.8345749885,,,,
34063,0.0,-402.254669,2207.929688,1737.897827,-0.1431566579,-0.5768584486,0.8042017791,,,,
34064,0.0,-403.128387,2207.671875,1737.085205,-0.12848723,-0.6143579663,0.7784955498,,,,
34065,0.0,-403.852356,2207.158691,1736.327148,-0.0953579509,-0.6679565963,0.7380656114,,,,
34066,0.0,-404.468475,2206.845947,1735.529419,-0.0639467726,-0.6998919931,0.7113803542,,,,
34067,0.0,-404.856201,2206.571289,1734.685181,-0.0276831347,-0.7225170763,0.6907986093,,,,
34068,0.0,-405.286682,2206.320801,1733.883545,0.0112131498,-0.7364957523,0.6763492235,,,,
34069,0.0,-405.667145,2206.156738,1734.779663,0.0541794584,-0.743306148,0.6667537452,,,,
34070,0.0,-405.777985,2206.075195,1735.572021,0.0903844745,-0.7431810301,0.6629574672,,,,
34071,0.0,-405.907623,2206.04541,1736.288574,0.1282579274,-0.7360291912,0.6646885991,,,,
34072,0.0,-406.309814,2205.941895,1736.9104,0.1382682045,-0.7314826172,0.6676938553,,,,
34073,0.0,-406.67572,2205.94751,1737.591675,0.1387474738,-0.7311780225,0.6679280185,,,,
34074,0.0,-407.036255,2205.845947,1738.322998,0.1387474738,-0.7311780225,0.6679280185,,,,
34075,0.0,-407.245483,2205.729004,1738.90564,0.1387474738,-0.7311780225,0.6679280185,,,,
34076,0.0,-407.311127,2205.717285,1739.421387,0.1387474738,-0.7311780225,0.6679280185,,,,
34077,0.0,-407.323914,2205.711426,1739.952393,0.1387474738,-0.7311780225,0.6679280185,,,,
34078,0.0,-407.288727,2205.708496,1740.41394,0.1387474738,-0.7311780225,0.6679280185,,,,
34079,0.0,-407.230042,2205.704102,1741.376343,0.1387474738,-0.7311780225,0.6679280185,,,,
34080,0.0,-407.197693,2205.701904,1741.79187,0.1387474738,-0.7311780225,0.6679280185,,,,
34081,0.0,-407.185181,2205.701172,1742.247681,0.1387474738,-0.7311780225,0.6679280185,,,,
34082,0.0,-407.177948,2205.700684,1742.743774,0.1387474738,-0.7311780225,0.6679280185,,,,
34083,0.0,-407.171692,2205.7003175,1742.9872435,0.1387474738,-0.7311780225,0.6679280185,,,,
34084,0.0,-407.159088,2205.699463,1743.713379,0.1387474738,-0.7311780225,0.6679280185,,,,
34085,0.0,-407.162323,2205.699707,1744.19751,0.1386670412,-0.7365737766,0.6619898212,,,,
34086,0.0,-406.99826,2205.690186,1744.637817,0.1525933177,-0.750656037,0.6428302991,,,,
34087,0.0,-406.869781,2205.68457,1745.245972,0.175992792,-0.7875647887,0.5905660342,,,,
34088,0.0,-406.739777,2205.68042,1745.822266,0.1998690911,-0.8216328467,0.5338275112,,,,
34089,0.0,-406.462585,2205.568604,1746.442993,0.236757357,-0.8695880387,0.4333158166,0.1145816299,1030.2284798869,2216.5227162988,3.0
34090,0.0,-406.386414,2205.504883,1747.131714,0.2577381621,-0.903169314,0.3433019517,0.0790502959,863.6495630466,2216.2962450142,3.0
34091,0.0,-406.408051,2205.611816,1747.694946,0.2663350983,-0.9304076382,0.251807947,0.0509081704,698.1102788005,2216.2264678788,3.0
34092,0.0,-406.481476,2205.716064,1748.233032,0.264021738,-0.9481499876,0.1769297116,0.0332725742,566.9133930894,2216.1616172611,3.0
34093,0.0,-406.651642,2205.88916,1748.759521,0.2535517636,-0.9623590763,0.0978596521,0.0197544686,438.3303168829,2216.2018486868,3.0
34094,0.0,-406.741394,2205.883789,1749.21106,0.2414177746,-0.9702505951,0.0182000216,0.0126963987,351.99999977,2216.0026578675,3.0
34095,0.0,-406.684296,2205.875,1749.581177,0.2366343238,-0.9713354795,-0.0226182014,0.011932062,341.2835606134,2215.8584225099,3.0
34096,0.0,-406.477112,2205.720703,1749.895264,0.2339527843,-0.9701339986,-0.064079009,0.0133330438,360.5789881095,2215.5075201578,3.0
34097,0.0,-406.326111,2205.534668,1750.171265,0.2390163887,-0.967773047,-0.0792874235,0.0153881477,387.1122428291,2215.1642940728,3.0
34098,0.0,-406.169281,2205.197754,1750.393799,0.2555797968,-0.9642998123,-0.0693169493,0.0178890484,417.0248435891,2214.6460597338,3.0
34099,0.0,-406.088348,2204.834473,1750.548462,0.2671507603,-0.9625549897,-0.0460256774,0.0190246346,429.8553597855,2214.2397674732,3.0
34100,0.0,-406.128754,2204.597168,1750.725342,0.2744362505,-0.9611552371,-0.0294169105,0.0199935931,440.5240582806,2214.0677665454,3.0
34101,0.0,-406.090668,2204.414551,1750.879761,0.2750967878,-0.96101453,-0.0277998271,0.0200837267,441.4577213462,2213.8263549485,3.0
34102,0.0,-406.041168,2204.155273,1751.008057,0.2750967878,-0.96101453,-0.0277998271,0.0200690858,441.1759614376,2213.2120594392,3.0
34103,0.0,-405.986023,2203.963867,1751.09314,0.2750967878,-0.96101453,-0.0277998271,0.0200589931,440.950621364,2212.632407358,3.0
34104,0.0,-405.893066,2203.634277,1751.054077,0.2750967878,-0.96101453,-0.0277998271,0.0200443807,440.5944268375,2211.6426195326,3.0
34105,0.0,-405.864746,2203.267334,1750.931274,0.2750967878,-0.96101453,-0.0277998271,0.0200101885,440.0053724358,2210.5528987849,3.0
34106,0.0,-405.910492,2203.039307,1750.98584,0.2750967878,-0.96101453,-0.0277998271,0.0200044357,439.7708018702,2209.688880237,3.0
34107,0.0,-406.010162,2202.776855,1751.096191,0.2750967878,-0.96101453,-0.0277998271,0.0199912471,439.4111972949,2208.6028155089,3.0
34108,0.0,-406.148071,2202.377441,1750.96228,0.2750967878,-0.96101453,-0.0277998271,0.0199604868,438.8583656624,2207.5059779269,3.0
34109,0.0,-406.429047,2201.281006,1750.57312,0.2750967878,-0.96101453,-0.0277998271,0.0198983674,437.758862224,2205.3751859623,3.0
34110,0.0,-406.681244,2200.255127,1750.273926,0.2750844125,-0.9609712987,-0.0293722494,0.0198739625,437.1675841659,2203.7346554216,3.0
34111,0.0,-406.906464,2198.998535,1750.140137,0.2791833238,-0.958579551,-0.0564084753,0.0215808989,454.9570034663,2201.7927728845,3.0
34112,0.0,-406.905212,2198.019775,1750.103027,0.2682231502,-0.9609441178,-0.0681376853,0.0199568672,437.418019573,2200.4583903758,3.0
34113,0.0,-407.255096,2196.641357,1750.0802,0.2584822325,-0.9630502623,-0.0756381367,0.0185107218,421.1043378681,2198.7820122688,3.0
34114,0.0,-407.838898,2195.140137,1750.083252,0.2560528823,-0.9636211382,-0.0766239092,0.0180610978,415.6778705371,2197.0487900087,3.0
34115,0.0,-408.61969,2193.499756,1749.885498,0.255872216,-0.9636691308,-0.076623857,0.0179534525,414.1302620179,2195.3615543968,3.0
34116,0.0,-409.596191,2191.544189,1749.743896,0.255872216,-0.9636691308,-0.076623857,0.0178538118,412.6242950291,2193.4183773519,3.0
34117,0.0,-410.296295,2190.179199,1749.659668,0.255872216,-0.9636691308,-0.076623857,0.0177869024,411.6125051172,2192.1144712678,3.0
34118,0.0,-411.323944,2188.145264,1749.775635,0.255872216,-0.9636691308,-0.076623857,0.0176814579,410.0363570622,2190.1638616716,3.0
34119,0.0,-412.455078,2185.904541,1749.958496,0.255872216,-0.9636691308,-0.076623857,0.0175640857,408.2833056607,2188.0098379374,3.0
34120,0.0,-413.316406,2184.22876,1750.104858,0.255872216,-0.9636691308,-0.076623857,0.0174752064,406.9605426908,2186.4111461909,3.0
34121,0.0,-414.582977,2181.781494,1750.285034,0.255872216,-0.9636691308,-0.076623857,0.0173468559,405.0451130766,2184.0855205455,3.0
34122,0.0,-415.654968,2179.839111,1750.574463,0.255872216,-0.9636691308,-0.076623857,0.0172416697,403.5027734652,2182.3377827994,3.0
34123,0.0,-418.21405,2175.665527,1751.498047,0.255872216,-0.9636691308,-0.076623857,0.0169894505,399.8925594259,2178.6684536228,3.0
34124,0.0,-418.951492,2174.453125,1751.801941,0.255872216,-0.9636691308,-0.076623857,0.0169143287,398.8157225278,2177.58322772,3.0
34125,0.0,-419.688934,2173.240723,1752.105835,0.255872216,-0.9636691308,-0.076623857,0.0168392068,397.7388856297,2176.4980018172,3.0
34126,0.0,-421.35907,2170.436279,1752.701416,0.255872216,-0.9636691308,-0.076623857,0.0166682956,395.2290299483,2173.7298139124,3.0
34127,0.0,-423.82843,2166.258789,1753.533447,0.255872216,-0.9636691308,-0.076623857,0.016415066,391.4546748548,2169.3756754101,3.0
34128,0.0,-424.71022,2164.494751,1753.7785035,0.255872216,-0.9636691308,-0.076623857,0.0163238213,390.0327134833,2167.4815088074,3.0
34129,0.0,-426.515533,2160.393066,1754.274658,0.255872216,-0.9636691308,-0.076623857,0.0161324242,386.9559507608,2162.9942914993,3.0
34130,0.0,-427.164093,2158.587402,1754.397827,0.2559083446,-0.9638049278,-0.0747492232,0.0159478959,384.3846767056,2160.9407094612,3.0
34131,0.0,-428.35141,2154.266357,1754.705566,0.2567908978,-0.9640148686,-0.0688023836,0.0155946953,379.2594987651,2155.9209400269,3.0
34132,0.0,-428.703033,2151.506592,1754.819946,0.2569819181,-0.9641208429,-0.0665679659,0.0154438511,376.8540246684,2152.6016034408,3.0
34133,0.0,-428.451141,2147.954834,1754.685547,0.2587454098,-0.9639154959,-0.0625917692,0.0155264246,377.0951755043,2148.2884162211,3.0
34134,0.0,-428.179169,2145.491455,1754.581543,0.2609478799,-0.9635985119,-0.0581731193,0.0156953345,378.5602626329,2145.0902058875,3.0
34135,0.0,-427.567169,2141.624023,1754.223877,0.2672305545,-0.9622800796,-0.0510380167,0.0165374461,387.5981931483,2140.1071637148,3.0
34136,0.0,-427.18335,2139.127441,1754.044556,0.2752030278,-0.9603652308,-0.0442935318,0.0178034914,401.415578091,2136.8216735629,3.0
34137,0.0,-426.512756,2135.325684,1753.692749,0.2909484056,-0.9561680471,-0.0330407475,0.0206945527,431.443272535,2131.7647133535,3.0
34138,0.0,-426.048645,2132.761719,1753.436279,0.3087038153,-0.9507853016,-0.0266320238,0.0245114071,468.3258014221,2128.2698866988,3.0
34139,0.0,-425.258423,2129.131104,1753.212402,0.3506258258,-0.9363660814,-0.0167359488,0.0351629665,558.0864678453,2123.2223199224,3.0
34140,0.0,-424.746063,2126.800781,1753.119141,0.4056410024,-0.9139509475,-0.0122083097,0.0524986467,677.9036483252,2120.0935890271,3.0
34141,0.0,-424.074524,2123.310059,1753.15918,0.4792815277,-0.8775978593,-0.0105458343,0.0819638701,838.5432287701,2114.8805170147,3.0
34142,0.0,-423.630554,2120.5979,1753.215942,0.5646633907,-0.8251879094,-0.0148381051,0.1037937133,448.2861440898,1010.4783193303,0.0
34143,0.0,-423.185608,2116.63501,1753.495483,0.6655921109,-0.7456526072,-0.0314536381,0.0551119302,328.9849600396,1004.8608522942,0.0
34144,0.0,-422.948456,2114.110107,1753.777466,0.6720182072,-0.7397592433,-0.0338790656,0.0524608823,320.0892600571,1001.4060538555,0.0
34145,0.0,-422.687805,2110.177246,1754.264038,0.6735692776,-0.7383181197,-0.0345077144,0.0519073143,316.8097943756,996.2756413532,0.0
34146,0.0,-422.540466,2107.659912,1754.408936,0.6735692776,-0.7383181197,-0.0345077144,0.0519531345,315.9505015679,993.146854257,0.0
34147,0.0,-422.19696,2103.87085,1754.576416,0.6735692776,-0.7383181197,-0.0345077144,0.0519796885,314.5101110567,988.3733692858,0.0
34148,0.0,-421.996063,2101.20874,1754.601562,0.6735692776,-0.7383181197,-0.0345077144,0.0519967823,313.5180496003,985.0980946511,0.0
34149,0.0,-421.686066,2097.095459,1754.537598,0.6735692776,-0.7383181197,-0.0345077144,0.0520225653,312.0108728875,980.1259450443,0.0
34150,0.0,-421.435638,2094.380371,1754.401855,0.6735692776,-0.7383181197,-0.0345077144,0.0520096298,310.9156356658,976.8036617368,0.0
34151,0.0,-421.084167,2090.588135,1754.091553,0.6735692776,-0.7383181197,-0.0345077144,0.051968794,309.3246557392,972.1768254801,0.0
34152,0.0,-420.909454,2087.931885,1753.868408,0.6735692776,-0.7383181197,-0.0345077144,0.0519358541,308.2265683582,969.0246064579,0.0
34153,0.0,-420.613861,2084.106689,1753.610596,0.6735692776,-0.7383181197,-0.0345077144,0.0518436782,306.501395665,964.4343105596,0.0
34154,0.0,-420.516266,2081.421387,1753.557861,0.6735692776,-0.7383181197,-0.0345077144,0.0517908331,305.4005904003,961.4476282359,0.0
34155,0.0,-420.378937,2077.421143,1753.515503,0.6735692776,-0.7383181197,-0.0345077144,0.0516942209,303.7262712052,957.0459769839,0.0
34156,0.0,-420.288361,2074.827393,1753.473022,0.6815920271,-0.7306888134,-0.0390661805,0.0483442398,293.0867233941,954.1621153797,0.0
34157,0.0,-420.202271,2070.952881,1753.594604,0.6883333402,-0.7241254299,-0.042890261,0.0455474218,283.4276784527,949.9435351632,0.0
34158,0.0,-420.156891,2068.060547,1753.84436,0.7037095645,-0.7090423939,-0.0452960538,0.0394313001,263.2794472095,946.9027471316,0.0
34159,0.0,-420.061401,2064.990967,1754.185181,0.7357307499,-0.6757549736,-0.0453373931,0.0276723908,220.4560753336,943.6462176791,0.0
34160,0.0,-419.872711,2060.795166,1754.591431,0.8042534655,-0.5927127819,-0.0432194562,0.0084202715,121.6362398566,939.2930106016,0.0
34161,0.0,-419.558136,2057.891113,1754.839111,0.8527092188,-0.5209797598,-0.0383024555,0.0012309325,46.4317426039,936.0877207309,0.0
34162,0.0,-418.325134,2053.199707,1754.977661,0.9315106838,-0.3629538966,-0.0235013823,0.0101855803,132.3701165255,929.8026419041,0.0
34163,0.0,-417.9122925,2051.4626465,1754.9886475,0.9472339494,-0.3161384316,-0.018431665,0.0121439253,121.7378287629,796.8590353235,3.0
34164,0.0,-416.854919,2047.299072,1754.992065,0.976069221,-0.2173258163,-0.0076397205,0.0065134923,75.686023127,664.2049153279,6.0
34165,0.0,-416.3327025,2045.3933715,1754.969482,0.9826871136,-0.1815929345,-0.0034846436,0.0037147253,52.0580754148,664.2992583568,6.0
34166,0.0,-415.810486,2043.487671,1754.946899,0.9893050063,-0.1458600527,0.0006704333,0.0009159583,28.4301277026,664.3936013858,6.0
34167,0.0,-414.240326,2037.454468,1754.764648,0.9933214747,-0.1152155942,0.0061493671,0.0001901505,12.9571376004,664.4556779429,6.0
34168,0.0,-413.598984,2035.2450565,1754.5552975,0.9934478862,-0.1140991156,0.0064302371,0.0001727661,12.3306947852,664.2105280421,6.0
34169,0.0,-412.137207,2030.240845,1753.957153,0.9935690521,-0.1129822864,0.0074526265,0.0001555586,11.7036586911,663.5543359828,6.0
34170,0.0,-411.4602205,2028.1168215,1753.5356445,0.9934517248,-0.1139262085,0.0085124391,0.0001696474,12.2020058498,663.0558264202,6.0
34171,0.0,-410.783234,2025.992798,1753.114136,0.9933343974,-0.1148701306,0.0095722517,0.0001837361,12.7003530086,662.5573168576,6.0
34172,0.0,-408.922455,2020.453979,1751.643799,0.9929695679,-0.1177382483,0.0122123761,0.0002189824,13.8325464274,661.0074082874,6.0
34173,0.0,-408.4992065,2018.3706665,1751.390381,0.9929136014,-0.1181953072,0.0123378208,0.0002249352,14.0093981874,660.6047694901,6.0
34174,0.0,-407.799713,2013.347412,1750.890015,0.9928531776,-0.1186896572,0.0124632655,0.000231592,14.2000794928,659.8407454731,6.0
34175,0.0,-407.464813,2010.314453,1750.644043,0.9929294151,-0.1180501742,0.0124632655,0.0002228595,13.918731865,659.3155569698,6.0
34176,0.0,-407.080811,2006.322144,1750.380005,0.9930510906,-0.1169332365,0.0132721412,0.0002218433,13.868722602,658.4493971415,6.0
34177,0.0,-406.811859,2003.370361,1750.270386,0.9932248848,-0.1154304124,0.0134219294,0.0002125083,13.5608082229,657.8178750693,6.0
34178,0.0,-406.487518,1999.166016,1750.139038,0.9932887192,-0.1148798163,0.0134219294,0.0002241535,13.901606909,656.6010656738,6.0
34179,0.0,-406.273987,1996.344482,1750.11792,0.9933757732,-0.1141246028,0.0134219294,0.0002273417,13.9833317157,655.814235848,6.0
34180,0.0,-406.009308,1992.379761,1750.179199,0.9934920552,-0.1129923594,0.0143618556,0.0002521101,14.6966385043,654.5385980227,6.0
34181,0.0,-405.871948,1989.46106,1750.240967,0.9935841437,-0.1121773077,0.014380581,0.0002606026,14.9188614088,653.5210352915,6.0
34182,0.0,-405.725159,1986.47998,1750.399292,0.9936017854,-0.1120209397,0.014380581,0.0002770686,15.3559050154,652.3743331577,6.0
34183,0.0,-405.389435,1981.924927,1750.429565,0.9936017854,-0.1120209397,0.014380581,0.000301693,15.9758587639,650.4282323571,6.0
34184,0.0,-405.179199,1979.40271,1750.856812,0.9936017854,-0.1120209397,0.014380581,0.0003180313,16.3705780916,649.1552866049,6.0
34185,0.0,-404.501617,1975.578857,1751.110718,0.9937029174,-0.1111202566,0.0143805636,0.0003174646,16.297216858,646.8226901047,6.0
34186,0.0,-403.783783,1974.018311,1748.813354,0.9937087282,-0.1110682783,0.014380581,0.0002334957,13.935829635,644.9168675268,6.0
34187,0.0,-402.808197,1971.337036,1748.836426,0.9937087282,-0.1110682783,0.014380581,0.000218698,13.4338025368,642.3701043359,6.0
34188,0.0,-401.200531,1968.449829,1748.801636,0.9937087282,-0.1110682783,0.014380581,0.0001854129,12.295989664,638.5555603051,6.0
34189,0.0,-400.529755,1967.633301,1748.76709,0.9935648166,-0.1123483608,0.014380581,0.0001937179,12.541416879,637.1883164245,6.0
34190,0.0,-397.849762,1965.442139,1748.919434,0.9907821253,-0.1349455065,0.0118528643,0.0006096526,22.0628541599,631.933927342,6.0
34191,0.0,-396.145569,1964.499023,1749.297119,0.9848470684,-0.1732547166,0.0076847312,0.0024162094,43.6736223247,628.6362641034,6.0
34192,0.0,-394.618652,1963.423462,1749.581543,0.9705467727,-0.2408874856,0.0034901627,0.0091833998,84.6288029562,625.8940534427,6.0
34193,0.0,-392.804596,1961.058472,1749.813965,0.912905406,-0.4081698427,0.0010484714,0.006667234,91.733163445,795.7261311696,0.0
34194,0.0,-391.639832,1959.048706,1749.745239,0.8469475438,-0.5316278156,0.0071919162,0.0002758591,18.5881010673,791.4186703679,0.0
34195,0.0,-390.56012,1956.755493,1749.666626,0.7461873251,-0.6655305359,0.016540307,0.0180578585,148.8782927563,786.9602045546,0.0
34196,0.0,-389.485626,1954.247437,1749.83252,0.6293011853,-0.7768446998,0.0221885219,0.0610470195,269.2525199782,782.607319112,0.0
34197,0.0,-388.366577,1950.78125,1749.905273,0.4713481725,-0.8815749837,0.0256212474,0.084513269,778.2806518334,1934.3462224273,3.0
34198,0.0,-387.666107,1947.678833,1749.993896,0.3444059757,-0.938410015,0.0277699063,0.0377366972,525.6787817693,1931.7897752095,3.0
34199,0.0,-387.208588,1945.631836,1749.859985,0.2969195614,-0.9544755313,0.0285523062,0.0254209019,432.4153187118,1930.0489601974,3.0
34200,0.0,-386.941162,1943.316406,1749.642944,0.2332274984,-0.9719579065,0.030045998,0.012879,308.4345819754,1928.0124645626,3.0
34201,0.0,-386.788147,1940.151978,1749.288574,0.1666338758,-0.9853639859,0.0359300252,0.0045431483,183.2988751076,1925.1304927258,3.0
34202,0.0,-386.743805,1938.209595,1749.032715,0.1493814755,-0.9878664333,0.0424862892,0.0033235284,156.6859169017,1923.4301294287,3.0
34203,0.0,-386.817078,1935.338745,1748.533813,0.144569568,-0.9881185046,0.0521676226,0.003407248,158.4361076279,1920.9123292934,3.0
34204,0.0,-387.021179,1933.2677,1748.339111,0.1446321794,-0.988080763,0.0527061525,0.0034781519,159.9193388329,1919.0649870766,3.0
34205,0.0,-387.696289,1928.787476,1748.338379,0.1446321794,-0.988080763,0.0527061525,0.0036242761,162.9128088561,1915.2411166022,3.0
34206,0.0,-387.851761,1927.09314,1748.4968875,0.1446321794,-0.988080763,0.0527061525,0.0036761591,163.9379732402,1913.7279052519,3.0
34207,0.0,-388.168396,1922.716675,1748.92688,0.1446321794,-0.988080763,0.0527061525,0.0037956183,166.2337028993,1909.7446838072,3.0
34208,0.0,-388.2382815,1920.855774,1749.1660765,0.1446321794,-0.988080763,0.0527061525,0.0038555167,167.3826572035,1908.0481201264,3.0
34209,0.0,-388.349335,1916.380737,1749.661255,0.1446321794,-0.988080763,0.0527061525,0.0039509338,169.0649428781,1903.7857802363,3.0
34210,0.0,-388.3533325,1914.5827635,1749.829834,0.1446321794,-0.988080763,0.0527061525,0.0039721841,169.3529680975,1901.9430864887,3.0
34211,0.0,-388.310242,1910.036621,1750.350464,0.1446321794,-0.988080763,0.0527061525,0.0040455288,170.4822445568,1897.2134352835,3.0
34212,0.0,-388.3205875,1908.0614015,1750.538452,0.1446321794,-0.988080763,0.0527061525,0.0040795235,171.0021879859,1895.0956476062,3.0
34213,0.0,-388.467987,1903.251343,1750.908203,0.1461788843,-0.9878531243,0.0527061525,0.0042776261,174.6152929401,1889.8651024616,3.0
34214,0.0,-388.534012,1901.190491,1751.036865,0.1633783039,-0.9851460553,0.0498335148,0.005805226,201.252455864,1887.5630279912,3.0
34215,0.0,-388.715302,1896.005493,1751.211426,0.1703249246,-0.9842683049,0.046960877,0.0063083942,211.0277315688,1881.7032261629,3.0
34216,0.0,-388.81601,1893.030884,1751.19165,0.1634858685,-0.9852839669,0.0498786072,0.005847047,202.8178439665,1878.272664573,3.0
34217,0.0,-388.915466,1888.90625,1751.088013,0.1480950066,-0.9872655828,0.0580907745,0.0050272944,187.6176966589,1873.4329734626,3.0
34218,0.0,-388.905945,1886.21106,1751.044312,0.1403856596,-0.9880196626,0.064101582,0.0048631746,184.2205491129,1870.216135128,3.0
34219,0.0,-388.817505,1882.029175,1750.806274,0.1369514485,-0.9881813039,0.0688622631,0.0050301391,186.8419658421,1865.1607140571,3.0
34220,0.0,-388.662689,1878.978516,1750.701172,0.1369134256,-0.9881787573,0.0689743255,0.0051189781,188.1072737482,1861.4674805263,3.0
34221,0.0,-388.489502,1876.194336,1750.498047,0.1375497243,-0.9880903885,0.0689743255,0.005230759,189.8117545585,1858.2083989902,3.0
34222,0.0,-388.260162,1873.18103,1750.229614,0.1383860783,-0.9879736007,0.0689743255,0.0054015757,192.4921101642,1854.4919968915,3.0
34223,0.0,-387.894012,1868.585449,1749.880615,0.1413492971,-0.987554008,0.0689743255,0.0058047908,198.9236800584,1848.8827159667,3.0
34224,0.0,-387.613068,1865.048462,1749.76123,0.1442448618,-0.98713523,0.0689743255,0.0061921641,204.956055794,1844.581621244,3.0
34225,0.0,-387.270752,1861.31543,1749.593872,0.1454310434,-0.9869611703,0.0689743429,0.0064627726,208.8516641921,1839.9936665833,3.0
34226,0.0,-386.945007,1858.092285,1749.518677,0.1454348505,-0.9869606105,0.0689743255,0.0066000583,210.6002020686,1836.0634144635,3.0
34227,0.0,-386.63678,1854.998413,1749.477295,0.1454348505,-0.9869606105,0.0689743255,0.0067813671,213.0055601558,1832.1239204063,3.0
34228,0.0,-386.378723,1851.877563,1749.573486,0.1454348505,-0.9869606105,0.0689743255,0.0069635452,215.3690897758,1828.144637758,3.0
34229,0.0,-385.951813,1847.53186,1749.76416,0.1454348505,-0.9869606105,0.0689743255,0.0071897017,218.1631853479,1822.6070757009,3.0
34230,0.0,-385.599243,1844.475098,1749.898071,0.1454348505,-0.9869606105,0.0689743255,0.0074093835,220.9621101844,1818.5185385087,3.0
34231,0.0,-385.211945,1841.486084,1750.10083,0.1454348505,-0.9869606105,0.0689743255,0.0076149011,223.5157437341,1814.6352528005,3.0
34232,0.0,-384.78952,1838.365723,1750.55957,0.1454348505,-0.9869606105,0.0689743255,0.0078531446,226.4688087699,1810.6142009563,3.0
34233,0.0,-384.05426,1833.795288,1751.215088,0.1454348505,-0.9869606105,0.0689743255,0.0082252939,231.0119659957,1804.8397899273,3.0
34234,0.0,-383.58255,1830.643188,1751.543335,0.142961973,-0.9873218405,0.0689743255,0.0082433999,230.7606422001,1800.9034160545,3.0
34235,0.0,-383.213043,1827.290283,1751.806641,0.1357176596,-0.9884504301,0.0674274725,0.0076070163,221.2089909808,1796.8345907819,3.0
34236,0.0,-382.763947,1823.869263,1751.767578,0.1275718901,-0.9897060562,0.064863975,0.0067950622,208.6460803468,1792.8234973586,3.0
34237,0.0,-382.195129,1820.55896,1751.692383,0.1161324193,-0.9913705528,0.0608086194,0.0056611723,190.0995702566,1789.0747147821,3.0
34238,0.0,-381.189484,1816.113525,1751.52771,0.0913768506,-0.9943162423,0.0546395598,0.0037819738,155.0048685339,1783.9475925896,3.0
34239,0.0,-380.432159,1813.165527,1751.349243,0.0645869645,-0.9966369056,0.0504321564,0.0024786931,125.2939448015,1780.6271607217,3.0
34240,0.0,-379.407349,1810.2146,1751.182251,0.0408251026,-0.9979593235,0.0490968385,0.0020175239,112.8434109024,1777.3420684084,3.0
34241,0.0,-378.304047,1807.414917,1751.019897,0.016563616,-0.9986374694,0.0494858702,0.0021499175,116.2706910009,1774.0992189718,3.0
34242,0.0,-376.936127,1804.303345,1750.815796,-0.0068713402,-0.9985506653,0.0533793369,0.0029679762,136.2981155922,1770.3825833629,3.0
34243,0.0,-374.752045,1800.277344,1750.611694,-0.0315369728,-0.9974586059,0.0638885658,0.0047444793,171.7559213557,1765.2986057954,3.0
34244,0.0,-373.39801,1797.507812,1750.526489,-0.045750777,-0.9960463194,0.0761485132,0.0065404808,201.1590294121,1761.6960610329,3.0
34245,0.0,-372.021271,1794.460571,1750.288086,-0.0566010554,-0.9940821136,0.0927203971,0.0088049466,232.7460788022,1757.7702376116,3.0
34246,0.0,-370.848145,1791.573975,1750.071045,-0.0586507923,-0.9936142295,0.0963890422,0.0091528493,236.7334813794,1753.7293518652,3.0
34247,0.0,-369.753876,1788.570923,1749.904297,-0.0588421368,-0.9935652326,0.096776709,0.0090136916,234.3747612957,1749.5459675056,3.0
34248,0.0,-367.880981,1782.045166,1749.740479,-0.0588421368,-0.9935652326,0.096776709,0.0086924631,229.0043354386,1740.6165418533,3.0
34249,0.0,-367.202026,1778.932007,1749.705933,-0.0588421368,-0.9935652326,0.096776709,0.0085439071,226.4421933616,1735.9760405071,3.0
34250,0.0,-366.8041685,1776.826172,1749.8250735,-0.0588421368,-0.9935652326,0.096776709,0.0084653422,225.0014204359,1732.8868429656,3.0
34251,0.0,-365.950958,1771.980347,1750.088257,-0.0588421368,-0.9935652326,0.096776709,0.0082933267,221.7970068815,1725.7528741401,3.0
34252,0.0,-365.63327,1769.006714,1750.376343,-0.0588421368,-0.9935652326,0.096776709,0.0082248606,220.3473676307,1721.5650571311,3.0
34253,0.0,-365.338745,1765.417603,1750.797607,-0.0588421368,-0.9935652326,0.096776709,0.008120471,218.2334483147,1715.9284342304,3.0
34254,0.0,-365.140381,1762.201294,1751.113403,-0.0588421368,-0.9935652326,0.096776709,0.0080347315,216.4522798363,1710.9432285889,3.0
34255,0.0,-365.020691,1758.943726,1751.466431,-0.0582274865,-0.9937219235,0.0955316624,0.0077951247,212.6592114069,1706.4975369156,3.0
34256,0.0,-364.802734,1754.567627,1751.828735,-0.0544696585,-0.9955290048,0.0771690148,0.0056365839,180.4377527349,1701.8343000112,3.0
34257,0.0,-364.864075,1751.422852,1752.155884,-0.0644629845,-0.9952249542,0.0732926617,0.0058214185,183.0313988693,1698.7488050729,3.0
34258,0.0,-364.900238,1748.393066,1752.243164,-0.0739852673,-0.9947441968,0.070782506,0.0061817927,188.2609161384,1695.7435390861,3.0
34259,0.0,-364.983521,1745.210327,1752.2323,-0.0854448704,-0.993885741,0.0699307371,0.0068701902,198.0608200697,1692.5690646783,3.0
34260,0.0,-365.00592,1741.610596,1752.162842,-0.0967644271,-0.9928026528,0.0705658429,0.0077477764,209.8392804969,1688.9861534668,3.0
34261,0.0,-364.997955,1737.325928,1752.104126,-0.1059347246,-0.9917813798,0.071746281,0.008542409,219.7172577703,1684.5676609172,3.0
34262,0.0,-364.944183,1734.258179,1751.988037,-0.1110375182,-0.9911618618,0.0725867288,0.008971856,224.7159637063,1681.3343215254,3.0
34263,0.0,-364.85614,1731.13855,1751.766235,-0.112299931,-0.9909568792,0.0734383347,0.0090011537,224.6431167686,1678.0640055695,3.0
34264,0.0,-364.771423,1727.978516,1751.513428,-0.1122974314,-0.9909335856,0.0737557846,0.0088489679,222.3086725381,1674.7808747304,3.0
34265,0.0,-364.700958,1723.216064,1751.109619,-0.1114027645,-0.9910345646,0.0737557846,0.0085065115,217.3557151305,1669.9592406422,3.0
34266,0.0,-364.71228,1720.164429,1750.988647,-0.1082292537,-0.9913861573,0.0737557846,0.0080920887,211.6213433113,1666.8423338232,3.0
34267,0.0,-364.74707,1716.718262,1750.624512,-0.1052289326,-0.9917091085,0.0737557846,0.0076579317,205.3934310619,1662.8338403482,3.0
34268,0.0,-364.823944,1713.745972,1750.422363,-0.1040549041,-0.9918329805,0.0737557846,0.0074443209,202.0969533669,1659.365245899,3.0
34269,0.0,-364.986694,1709.456543,1750.151489,-0.1037429419,-0.9918656594,0.0737557846,0.0072682917,199.0634320735,1654.0586179677,3.0
34270,0.0,-365.11673,1705.755981,1750.157837,-0.1037429419,-0.9918656594,0.0737557846,0.0071264849,196.5260902287,1649.0835624278,3.0
34271,0.0,-365.177155,1704.043091,1750.133057,-0.1037429419,-0.9918656594,0.0737557846,0.0070649882,195.3937477475,1646.6768279783,3.0
34272,0.0,-365.287506,1699.785645,1750.168457,-0.1037429419,-0.9918656594,0.0737557846,0.006928703,192.8076548512,1640.72909962,3.0
34273,0.0,-365.4422,1695.977539,1750.27002,-0.1037429419,-0.9918656594,0.0737557846,0.0067827494,190.0896385325,1634.8512337036,3.0
34274,0.0,-365.570587,1692.69751,1750.554077,-0.1037429419,-0.9918656594,0.0737557846,0.0066784976,188.0545289914,1629.8803935011,3.0
34275,0.0,-365.683472,1689.367432,1750.931763,-0.1037429419,-0.9918656594,0.0737557846,0.0065874263,186.2040551076,1624.9225032742,3.0
34276,0.0,-365.784027,1686.212524,1751.333008,-0.1037429419,-0.9918656594,0.0737557846,0.0065005901,184.4319486996,1620.1368742217,3.0
34277,0.0,-365.886719,1682.840942,1751.789917,-0.1037429419,-0.9918656594,0.0737557846,0.0064106695,182.5740008261,1614.988333563,3.0
34278,0.0,-366.056763,1679.372192,1752.10083,-0.1083525498,-0.991415589,0.0731768742,0.0065968959,184.5882519303,1609.6693549852,3.0
34279,0.0,-366.309174,1675.761353,1752.314331,-0.1185936388,-0.9903582371,0.0715968646,0.0071505592,191.4874372879,1604.1059053877,3.0
34280,0.0,-366.595123,1672.108154,1752.436646,-0.1303826257,-0.9889714354,0.0702557538,0.0079398071,201.027748767,1598.4527560736,3.0
34281,0.0,-366.861237,1668.550049,1752.562744,-0.1417992785,-0.9874222269,0.0699307546,0.0089111814,212.2201904881,1593.212630595,3.0
34282,0.0,-367.171844,1664.888794,1752.575073,-0.1587582687,-0.9848378048,0.0699307546,0.010598707,230.4786406637,1587.2416222361,3.0
34283,0.0,-367.507568,1661.098755,1752.528809,-0.1752771212,-0.982032394,0.0699307371,0.0124759888,249.000819798,1581.2738773107,3.0
34284,0.0,-367.8591,1657.630127,1752.411255,-0.1904971852,-0.9791431263,0.0706368224,0.0144726672,267.1258163338,1575.8092272,3.0
34285,0.0,-368.420593,1653.512085,1752.018433,-0.2107014421,-0.9749170565,0.0717051973,0.017484932,292.1851087796,1569.3429340001,3.0
34286,0.0,-368.866425,1649.973999,1751.556641,-0.2397154663,-0.968061907,0.0734345924,0.0226761365,331.1340341104,1563.7970338638,3.0
34287,0.0,-369.134552,1646.27478,1751.05542,-0.2761234576,-0.9581595346,0.0754065143,0.0303935071,381.1810731136,1557.9416464133,3.0
34288,0.0,-369.222107,1642.685669,1750.626587,-0.315302625,-0.9458275265,0.0774244452,0.0402434598,435.9243810593,1552.2527676798,3.0
34289,0.0,-369.161041,1639.235718,1750.220947,-0.3592201198,-0.929877363,0.0793031864,0.0532884681,498.1902056703,1546.7772175569,3.0
34290,0.0,-368.985443,1635.641968,1749.889282,-0.4149693839,-0.9061250447,0.0820841876,0.0732448467,578.9286574494,1541.0731232477,3.0
34291,0.0,-368.716736,1632.367798,1749.58313,-0.4543866436,-0.8869089131,0.0832187357,0.0895117717,635.2672722898,1536.1874839429,3.0
34292,0.0,-367.986877,1625.739502,1749.195679,-0.5167142429,-0.8520852771,0.0834090631,0.1185022833,720.196476371,1525.2315671485,3.0
34293,0.0,-367.628876,1622.635376,1749.149658,-0.5412303542,-0.8367273325,0.0834090805,0.1313451417,753.2258823949,1520.3853669267,3.0
34294,0.0,-367.3511965,1620.3775635,1749.1380005,-0.5555711639,-0.8270944052,0.0834090805,0.1393180955,771.9201049164,1516.9260902327,3.0
34295,0.0,-367.073517,1618.119751,1749.126343,-0.5699119735,-0.8174614778,0.0834090805,0.1472910493,790.6143274379,1513.4668135387,3.0
34296,0.0,-366.716522,1614.855957,1749.060059,-0.5936517699,-0.8005670586,0.0816698286,,,,
34297,0.0,-366.372894,1611.596802,1749.154785,-0.6105081856,-0.787805694,0.0814981215,,,,
34298,0.0,-366.041656,1608.148438,1749.265869,-0.6306259287,-0.7719730281,0.0798033956,,,,
34299,0.0,-365.496582,1601.61731,1749.608032,-0.657639625,-0.749378389,0.0770853668,,,,
34300,0.0,-365.221741,1598.459106,1749.805908,-0.6692658352,-0.7392048223,0.0752294662,,,,
34301,0.0,-364.957397,1595.205322,1749.979858,-0.6806464212,-0.7289283814,0.0733748194,,,,
34302,0.0,-364.692902,1592.079224,1750.051636,-0.6944061796,-0.7160087959,0.0716342232,,,,
34303,0.0,-364.455536,1588.761353,1750.011841,-0.7077074189,-0.702940414,0.0708871194,,,,
34304,0.0,-364.310486,1586.2957765,1749.9055175,-0.7155058696,-0.694910842,0.0708871107,,,,
34305,0.0,-364.092407,1582.161987,1749.666016,-0.7282269866,-0.6816600874,0.070887102,,,,
34306,0.0,-363.998108,1576.715454,1749.003052,-0.741120306,-0.6676194357,0.070887102,,,,
34307,0.0,-363.94165,1573.272095,1748.878052,-0.7450154047,-0.6632699756,0.0708871368,,,,
34308,0.0,-363.96698,1569.939575,1748.577881,-0.7450304207,-0.6632531123,0.070887102,,,,
34309,0.0,-364.048859,1566.735229,1748.238037,-0.7450304207,-0.6632531123,0.070887102,,,,
34310,0.0,-364.149719,1563.425293,1747.902832,-0.7456484948,-0.6625581775,0.0708871194,,,,
34311,0.0,-364.171265,1560.271484,1747.645264,-0.7462661063,-0.6618624592,0.0708871194,,,,
34312,0.0,-364.191956,1557.12085,1747.388916,-0.746885516,-0.6611634024,0.070887102,,,,
34313,0.0,-364.14328,1554.103516,1747.226562,-0.748566761,-0.6592593007,0.0708870846,,,,
34314,0.0,-364.174103,1550.911133,1747.176392,-0.7520228824,-0.6553141255,0.070887102,,,,
34315,0.0,-364.295197,1547.97644,1747.24939,-0.7553117824,-0.6515206291,0.070887102,,,,
34316,0.0,-364.447693,1544.985474,1747.422974,-0.7597956119,-0.646286043,0.0708870846,,,,
34317,0.0,-364.63916,1541.415405,1747.651245,-0.7672807573,-0.6373815641,0.070887102,,,,
34318,0.0,-364.859924,1538.042725,1747.925293,-0.7730376747,-0.6303870001,0.0708871194,,,,
34319,0.0,-365.138153,1534.483154,1748.30481,-0.7791999149,-0.6227539734,0.070887102,,,,
34320,0.0,-365.445129,1530.702637,1748.721802,-0.7871269865,-0.6127039464,0.070887102,,,,
34321,0.0,-365.781494,1526.825317,1749.151855,-0.7965215821,-0.6005357468,0.0700727196,,,,
34322,0.0,-366.053314,1522.991577,1749.4104,-0.8051584442,-0.5889223817,0.0699307371,,,,
34323,0.0,-366.209137,1521.016113,1749.516724,-0.8097797388,-0.5826057715,0.0694786995,,,,
34324,0.0,-366.671631,1515.572876,1749.778442,-0.8228873173,-0.564116564,0.0680364995,,,,
34325,0.0,-367.046875,1512.230469,1749.741089,-0.8270914541,-0.557936646,0.0680178329,,,,
34326,0.0,-367.459564,1508.826904,1749.634888,-0.8331758491,-0.5489159779,0.0671509772,,,,
34327,0.0,-367.941956,1505.149048,1749.43335,-0.8377238961,-0.5419607519,0.0670612953,,,,
34328,0.0,-368.389038,1501.81665,1749.250122,-0.8412215853,-0.5366214397,0.0662093257,,,,
34329,0.0,-368.863464,1498.362183,1749.003906,-0.8434369053,-0.533247469,0.0652788139,,,,
34330,0.0,-369.348724,1494.856812,1748.727783,-0.8467994925,-0.5280074318,0.0643332839,,,,
34331,0.0,-370.319305,1488.710083,1748.173218,-0.8516131332,-0.5204109238,0.0626701025,,,,
34332,0.0,-370.742233,1486.5494995,1748.055054,-0.8533319936,-0.5176502531,0.0620627056,,,,
34333,0.0,-371.758179,1481.563721,1747.89209,-0.8575824091,-0.5107585036,0.0606478576,,,,
34334,0.0,-372.226517,1479.588562,1747.8319705,-0.8602346548,-0.5063204407,0.0600740368,,,,
34335,0.0,-374.460052,1478.533691,1750.701294,-0.8658024641,-0.4968469904,0.0594067447,,,,
34336,0.0,-374.8377685,1476.540405,1750.701294,-0.8675730834,-0.4937874028,0.058976817,,,,
34337,0.0,-375.215485,1474.547119,1750.701294,-0.8693437026,-0.4907278151,0.0585468892,,,,
34338,0.0,-376.54184,1467.913452,1750.701294,-0.8744900931,-0.4816240043,0.0574925695,,,,
34339,0.0,-377.083313,1465.317627,1750.701294,-0.8762913115,-0.4784113539,0.0568868512,,,,
34340,0.0,-377.890747,1461.61731,1750.701294,-0.879523984,-0.4725677763,0.0558324137,,,,
34341,0.0,-378.695404,1458.102905,1750.701294,-0.8832348166,-0.4657148353,0.0548265529,,,,
34342,0.0,-379.487,1454.833862,1750.701294,-0.8877496411,-0.4570745393,0.0546208778,,,,
34343,0.0,-380.385162,1451.214722,1750.701294,-0.8922467855,-0.4483318308,0.0537981718,,,,
34344,0.0,-381.283997,1447.702393,1750.701294,-0.8963531691,-0.4401872023,0.0527846876,,,,
34345,0.0,-382.112946,1444.591675,1750.701294,-0.9003336918,-0.4320964709,0.0518833623,,,,
34346,0.0,-383.111328,1441.01123,1750.701294,-0.9056215408,-0.4210284229,0.0508398652,,,,
34347,0.0,-383.968445,1438.04248,1750.701294,-0.9099642459,-0.4115644786,0.0507912509,,,,
34348,0.0,-385.038361,1434.494507,1750.701294,-0.9158185315,-0.3984818638,0.0498860854,,,,
34349,0.0,-385.967834,1431.389771,1750.701294,-0.9188092066,-0.3915434104,0.0498337209,,,,
34350,0.0,-387.050293,1427.920166,1750.701294,-0.9226698414,-0.3823571158,0.0498337209,,,,
34351,0.0,-388.080627,1424.658203,1750.701294,-0.925255972,-0.3760558291,0.0498337209,,,,
34352,0.0,-389.172455,1421.249023,1750.701294,-0.9271536915,-0.3713524372,0.0498337209,,,,
34353,0.0,-390.189941,1418.155518,1750.701294,-0.928826996,-0.3671471255,0.0498337209,,,,
34354,0.0,-391.507141,1414.818237,1750.701294,-0.9296866629,-0.3650937754,0.0488798931,,,,
34355,0.0,-392.786377,1412.098999,1750.701294,-0.9296895601,-0.3650868974,0.0488761625,,,,
34356,0.0,-394.476105,1408.936035,1750.701294,-0.9285959409,-0.3677316284,0.0498299905,,,,
34357,0.0,-396.052307,1406.338135,1750.701294,-0.9243161037,-0.3781284553,0.0515617278,,,,
34358,0.0,-397.965515,1403.227173,1750.701294,-0.9108967798,-0.4090151718,0.0545311447,,,,
34359,0.0,-399.477234,1400.609497,1750.701172,-0.881131501,-0.4694029923,0.0571673745,,,,
34360,0.0,-401.076538,1397.792847,1750.701294,-0.8251409478,-0.5619004915,0.0583973787,,,,
34361,0.0,-402.203369,1395.644653,1750.701172,-0.7460842026,-0.6632095637,0.0592573812,,,,
34362,0.0,-403.624573,1392.984375,1750.701172,-0.5852002336,-0.8086458704,0.0602705806,0.083076072,488.6697737336,1224.545877634,3.0
34363,0.0,-405.875153,1390.216309,1750.701294,-0.4572030747,-0.8873114233,0.0603637857,0.0352121723,321.4137946121,1221.9692385446,3.0
34364,0.0,-407.386963,1387.960815,1750.701416,-0.2861884703,-0.9563218446,0.0595372908,0.0070218697,144.3201705895,1219.9706561242,3.0
34365,0.0,-408.989685,1385.655518,1750.701538,-0.0708215378,-0.9958638984,0.0569157767,0.0182734404,231.7877047592,1218.031078351,3.0
34366,0.0,-410.698242,1383.710571,1750.701416,0.1260691754,-0.9905979951,0.0531241484,0.0693248063,445.0172531606,1216.4041918194,3.0
34367,0.0,-412.600525,1382.092285,1750.701416,0.278557327,-0.9590653243,0.050985481,0.1363584236,612.6147544368,1215.2489964805,3.0
34368,0.0,-414.732147,1380.615967,1750.701294,0.3967851766,-0.916505195,0.0507912509,,,,
34369,0.0,-417.123047,1379.186279,1750.701172,0.4794369124,-0.8758335797,0.0552791798,,,,
34370,0.0,-419.587646,1377.84729,1750.70105,0.5218726145,-0.850215685,0.0691539089,,,,
34371,0.0,-422.531525,1376.265015,1750.701294,0.5280609405,-0.8461686806,0.0717649427,,,,
34372,0.0,-425.442963,1374.654175,1750.701294,0.5281912427,-0.8460806916,0.0718434016,,,,
34373,0.0,-431.159912,1372.058716,1750.701294,0.5281912427,-0.8460806916,0.0718434016,,,,
34374,0.0,-434.371948,1370.897583,1750.701294,0.5281912427,-0.8460806916,0.0718434016,,,,
34375,0.0,-437.739746,1369.870239,1750.701294,0.5281912427,-0.8460806916,0.0718434016,,,,
34376,0.0,-440.540649,1369.157104,1750.701294,0.5281912427,-0.8460806916,0.0718434016,,,,
34377,0.0,-443.989594,1368.41626,1750.701294,0.5281912427,-0.8460806916,0.0718434016,,,,
34378,0.0,-446.851471,1367.917847,1750.701294,0.5281912427,-0.8460806916,0.0718434016,,,,
34379,0.0,-450.406525,1367.413574,1750.701294,0.5281912427,-0.8460806916,0.0718434016,,,,
34380,0.0,-453.269409,1367.103149,1750.701294,0.5281912427,-0.8460806916,0.0718434016,,,,
34381,0.0,-456.70578,1366.791016,1750.701294,0.5247607843,-0.8486300122,0.0667324631,,,,
34382,0.0,-459.989197,1366.859741,1750.701416,0.5542395811,-0.8303200285,0.0581991155,,,,
34383,0.0,-463.278992,1367.487183,1750.701294,0.6346988477,-0.7708867346,0.0537681607,,,,
34384,0.0,-465.871979,1368.096924,1750.701416,0.7565589197,-0.6518658376,0.0518606862,,,,
34385,0.0,-468.46994,1368.395996,1750.701294,0.8523822792,-0.5205334694,0.0498934589,,,,
34386,0.0,-471.07254,1368.638184,1750.701416,0.9147611235,-0.4012341352,0.0471514127,,,,
34387,0.0,-473.467651,1369.017822,1750.70166,0.9694603779,-0.2414799057,0.0428255862,0.1003001318,351.0456843822,804.2117058527,0.0
34388,0.0,-476.399811,1369.017822,1750.701416,0.9897815483,-0.1374200628,0.0380553924,0.0595004816,273.463060686,804.7883111713,0.0
34389,0.0,-479.567505,1368.675903,1750.701416,0.9968917117,-0.0714603075,0.0331713661,0.0394256015,223.9757505745,805.6013277163,0.0
34390,0.0,-482.993652,1368.015137,1750.701294,0.999213732,-0.0250550806,0.0307271994,0.0280358693,189.6333772266,806.5072216096,0.0
34391,0.0,-485.795807,1367.171631,1750.701294,0.9993489617,-0.0189923615,0.0306747945,0.027121686,186.7432065936,807.302543263,0.0
34392,0.0,-489.130859,1365.974243,1750.701294,0.9993635888,-0.0182064398,0.0306747945,0.0275938824,188.586810552,808.3635838063,0.0
34393,0.0,-492.13205,1364.749634,1750.701294,0.9993635888,-0.0182064398,0.0306747945,0.0282413187,190.9879979065,809.3506311204,0.0
34394,0.0,-494.898682,1363.488159,1750.701294,0.9992622175,-0.0207091326,0.0323442799,0.0295907193,195.6630089878,810.3128846745,0.0
34395,0.0,-498.193237,1361.85022,1750.701294,0.9990952061,-0.0248801023,0.0344927484,0.0316152869,202.4671866908,811.6169209804,0.0
34396,0.0,-500.890503,1360.410278,1750.701294,0.9989624385,-0.0275457113,0.0362667938,0.033026848,207.1212873059,812.6283266041,0.0
34397,0.0,-503.99585,1358.679443,1750.701294,0.9989501933,-0.0277813799,0.0364239789,0.0338904502,210.0930614637,813.8965061866,0.0
34398,0.0,-506.906433,1356.963135,1750.701294,0.9989501933,-0.0277813799,0.0364239789,0.0343446912,211.8939075705,815.5206828174,0.0
34399,0.0,-509.360229,1355.445312,1750.701294,0.9989501933,-0.0277813799,0.0364239789,0.0345705582,212.7862688371,816.3223260712,0.0
34400,0.0,-512.462891,1353.449707,1750.701294,0.9989501933,-0.0277813799,0.0364239789,0.0350396241,214.3279355298,816.812100932,0.0
34401,0.0,-514.98291,1351.762207,1750.701294,0.9989501933,-0.0277813799,0.0364239789,0.0356112944,216.0696454674,816.9324834606,0.0
34402,0.0,-517.850952,1349.779785,1750.701294,0.9989501933,-0.0277813799,0.0364239789,0.0364777434,218.7999962256,817.5520539025,0.0
34403,0.0,-520.724182,1347.72876,1750.701294,0.9989501933,-0.0277813799,0.0364239789,0.0375401641,222.2799467434,818.9394869026,0.0
34404,0.0,-523.729248,1345.52124,1750.701294,0.9989501933,-0.0277813799,0.0364239789,0.0387624221,226.1996219568,820.3918141734,0.0
34405,0.0,-526.193237,1343.661377,1750.701294,0.9989501933,-0.0277813799,0.0364239789,0.0398281315,229.5835982019,821.672621153,0.0
34406,0.0,-529.138855,1341.390625,1750.701294,0.9989501933,-0.0277813799,0.0364239789,0.0412529902,234.025761718,823.278506952,0.0
34407,0.0,-531.821777,1339.536377,1750.701294,0.9989501933,-0.0277813799,0.0364239789,0.0425754937,238.1002032875,824.7786473913,0.0
34408,0.0,-534.478088,1337.888184,1750.701294,0.9989501933,-0.0277813799,0.0364239789,0.0438862215,242.157671932,826.4890067702,0.0
34409,0.0,-537.556091,1336.173584,1750.701294,0.9989501933,-0.0277813799,0.0364239789,0.0453566951,246.7186933068,828.6050906236,0.0
34410,0.0,-540.184021,1334.861816,1750.701294,0.9989501933,-0.0277813799,0.0364239789,0.0465677776,250.5014035655,830.5546877925,0.0
34411,0.0,-546.250854,1331.601074,1750.701294,0.9982032352,-0.0499862727,0.0330404859,0.0566073527,277.1491321268,835.5969049815,0.0
34412,0.0,-547.8463745,1330.575012,1750.701294,0.9972196746,-0.0658418554,0.0310041439,0.0630676762,292.2448956832,837.246717012,0.0
34413,0.0,-549.441895,1329.54895,1750.701294,0.9962361141,-0.0816974381,0.0289678019,0.0695279997,307.3406592397,838.8965290425,0.0
34414,0.0,-555.282654,1324.782471,1750.701294,0.9675384239,-0.252254431,0.0153980649,,,,
34415,0.0,-558.717102,1321.888672,1750.701172,0.9258092802,-0.3778051001,0.0118525501,,,,
34416,0.0,-562.74292,1318.889404,1750.701294,0.8159464228,-0.578045279,0.0097514363,,,,
34417,0.0,-566.853699,1316.169189,1750.701294,0.71425423,-0.6998089582,0.010407542,,,,
34418,0.0,-571.867065,1313.356445,1750.701294,0.5309380708,-0.8472746923,0.0151776382,,,,
34419,0.0,-577.550842,1310.782593,1750.701294,0.333465907,-0.9425696658,0.0190503032,,,,
34420,0.0,-583.096436,1309.088135,1750.701294,0.1035236906,-0.9944046169,0.0210310107,0.0641320235,419.5355839624,1190.675625335,3.0
34421,0.0,-587.470337,1307.926025,1750.701294,-0.036439675,-0.9990944743,0.021963185,0.0251714345,265.3279568876,1190.0475902757,3.0
34422,0.0,-592.969116,1307.259399,1750.701294,-0.2476295794,-0.9685585025,0.0239586868,0.0036595714,101.7556511488,1190.4910232746,3.0
34423,0.0,-597.11676,1307.007446,1750.701294,-0.3811195714,-0.9241438124,0.0265722849,0.0149133774,204.9591864982,1191.2136267028,3.0
34424,0.0,-601.245544,1306.851318,1750.701294,-0.4830900229,-0.8750749869,0.0294583964,0.038584021,328.0073988207,1192.3260783031,3.0
34425,0.0,-605.236206,1306.89917,1750.701294,-0.5817971836,-0.8127596161,0.0305588543,0.0760809095,456.7023698339,1193.7187495261,3.0
34426,0.0,-609.086182,1306.534912,1750.701294,-0.6298679,-0.7760963113,0.0306748119,0.1008541572,522.8726560917,1194.7302775223,3.0
34427,0.0,-612.930725,1306.22522,1750.701294,-0.6733773086,-0.7387748619,0.027833499,0.1270926701,583.7472599472,1196.4827960523,3.0
34428,0.0,-616.070435,1305.76062,1750.701294,-0.6870555857,-0.7261051737,0.0269425111,0.1365648995,604.177843875,1197.6726011553,3.0
34429,0.0,-619.683838,1305.214478,1750.701294,-0.6938447722,-0.7196892277,0.0250369242,0.1416451786,615.1852672702,1199.0594293492,3.0
34430,0.0,-622.819824,1304.783325,1750.701294,-0.694169794,-0.7193796361,0.0249246124,0.1423610325,617.2717450921,1200.3286640918,3.0
34431,0.0,-626.605713,1304.312134,1750.701294,-0.694169794,-0.7193796361,0.0249246124,0.1431025731,619.3925616651,1201.5678706818,3.0
34432,0.0,-630.19635,1303.910278,1750.701294,-0.694169794,-0.7193796361,0.0249246124,0.1436166609,621.4229600515,1203.5137370645,3.0
34433,0.0,-633.419983,1303.58606,1750.701294,-0.694169794,-0.7193796361,0.0249246124,0.1442675673,623.5205517782,1205.0601899599,3.0
34434,0.0,-637.155396,1303.245972,1750.701294,-0.694169794,-0.7193796361,0.0249246124,0.1452640836,626.2180595278,1206.4391521489,3.0
34435,0.0,-640.871704,1302.905518,1750.701294,-0.694169794,-0.7193796361,0.0249246124,0.1461505765,629.145407941,1208.6861247089,3.0
34436,0.0,-644.41925,1302.549438,1750.701294,-0.694169794,-0.7193796361,0.0249246124,0.1471650933,632.1155895942,1210.5304945099,3.0
34437,0.0,-647.413452,1302.272583,1750.701294,-0.694169794,-0.7193796361,0.0249246124,0.1481115244,634.8303715821,1212.1485761743,3.0
34438,0.0,-650.957947,1301.962524,1750.701294,-0.6935687566,-0.7199591263,0.0249246124,0.1488447435,637.3269307371,1214.1549005156,3.0
34439,0.0,-654.677795,1301.661987,1750.701294,-0.6928269398,-0.7206730154,0.0249246124,0.1496480602,640.0027894095,1216.2396322272,3.0
34440,0.0,-658.032776,1301.412109,1750.701294,-0.6921573973,-0.7213160896,0.0249246124,,,,
34441,0.0,-661.611206,1301.170654,1750.701294,-0.6920978474,-0.7213732275,0.0249246124,,,,
34442,0.0,-664.945923,1300.963989,1750.701294,-0.6920978474,-0.7213732275,0.0249246124,,,,
34443,0.0,-668.497559,1300.759399,1750.701294,-0.6920978474,-0.7213732275,0.0249246124,,,,
34444,0.0,-671.663574,1300.585327,1750.701294,-0.6915139706,-0.7219329554,0.0249246124,,,,
34445,0.0,-675.241211,1300.396118,1750.701294,-0.6901881202,-0.7232006101,0.0249246124,,,,
34446,0.0,-678.971558,1300.205811,1750.701294,-0.6880182808,-0.7252651991,0.0249246124,,,,
34447,0.0,-682.068176,1300.047607,1750.701294,-0.6849292045,-0.7281831834,0.0249246124,,,,
34448,0.0,-685.711365,1299.859985,1750.701294,-0.6798924011,-0.7328881815,0.0249246124,,,,
34449,0.0,-688.870728,1299.701904,1750.701294,-0.6752974193,-0.7370669768,0.0265643988,,,,
34450,0.0,-692.411987,1299.50354,1750.701294,-0.6661048585,-0.7453103966,0.0285784929,0.1478960457,648.5027972968,1239.084410837,3.0
34451,0.0,-695.875244,1299.292236,1750.701294,-0.6535376743,-0.7561212369,0.0341933219,0.1413575413,636.4156679186,1241.6049769055,3.0
34452,0.0,-699.017395,1299.085449,1750.701294,-0.6389403046,-0.7682326407,0.0396723692,0.1336713981,621.3686472717,1244.0448419067,3.0
34453,0.0,-702.704956,1298.75415,1750.701294,-0.6255822379,-0.7788621118,0.0449519116,0.127317708,608.7891650733,1246.7818077593,3.0
34454,0.0,-705.945923,1298.401001,1750.701294,-0.6087836534,-0.7916722951,0.051356017,0.1192238628,591.3196690846,1248.7404443715,3.0
34455,0.0,-712.430786,1297.643555,1750.701294,-0.5770513954,-0.8142445303,0.0633840035,0.1053693106,560.3171368316,1254.0491320349,3.0
34456,0.0,-716.143921,1297.178833,1750.701294,-0.5620755946,-0.8242250963,0.0687314821,0.0995521483,546.6315137614,1256.7282244396,3.0
34457,0.0,-719.631104,1296.688843,1750.701294,-0.5429786017,-0.8364223899,0.0746446497,0.0920870237,527.8513646481,1259.3114423317,3.0
34458,0.0,-722.591858,1296.261841,1750.701294,-0.5322895115,-0.8429553775,0.078064765,0.0884473092,518.6860469199,1261.4473128803,3.0
34459,0.0,-726.310547,1295.680298,1750.701294,-0.5163268813,-0.8522525795,0.0840957329,0.0832224456,504.8911077096,1264.1296780477,3.0
34460,0.0,-729.842896,1295.101318,1750.701294,-0.5058130374,-0.8582260196,0.0871852656,0.0801719442,496.9058895996,1266.5775021689,3.0
34461,0.0,-732.77478,1294.579956,1750.701294,-0.4950132042,-0.8641628813,0.090467907,0.0770428904,488.2401187942,1268.4763658816,3.0
34462,0.0,-736.504456,1293.884521,1750.701294,-0.4835334197,-0.870387748,0.092847187,0.0739229685,479.4544843766,1270.635133559,3.0
34463,0.0,-740.138916,1293.177612,1750.701294,-0.4771052068,-0.8739160355,0.092959048,0.0725532645,475.8678996129,1272.5262160582,3.0
34982,0.0,-216.580627,1049.897461,1752.142944,0.0587085082,-0.9945400703,0.086274907,0.0035911459,84.870111857,1002.3364098387,3.0
34983,0.0,-216.562759,1049.893921,1752.040771,0.0587085082,-0.9945400703,0.086274907,0.0035966097,84.9321735637,1002.3085499351,3.0
34984,0.0,-216.533264,1049.887939,1751.953003,0.0587085082,-0.9945400703,0.086274907,0.003870002,88.0655239876,1001.9727709999,3.0
34985,0.0,-216.522171,1049.885742,1751.990234,0.0587085082,-0.9945400703,0.086274907,0.004053219,90.1030312687,1001.7627664228,3.0
34986,0.0,-216.512939,1049.883911,1752.130737,0.0587085082,-0.9945400703,0.086274907,0.0045019885,94.9351055484,1001.6107950266,3.0
34987,0.0,-216.339859,1048.227417,1753.794434,0.0587085082,-0.9945400703,0.086274907,0.005090717,100.7415827991,999.6724330473,3.0
34988,0.0,-215.865753,1044.746948,1753.296265,0.0587085082,-0.9945400703,0.086274907,0.0055100833,104.4134297196,996.0046276925,3.0
34989,0.0,-215.279785,1040.761963,1752.474487,0.0587085082,-0.9945400703,0.086274907,0.006059162,109.02023389,991.8470179782,3.0
34990,0.0,-214.808273,1037.419556,1751.470459,0.0587085082,-0.9945400703,0.086274907,,,,
35007,0.0,-207.403778,976.392761,1752.708984,0.0009676535,-0.9958765998,0.0907130735,,,,
35008,0.0,-206.778885,972.285217,1752.649902,-0.0029329632,-0.9958454154,0.0910126714,,,,
35009,0.0,-206.289597,968.2901,1752.553589,-0.006849361,-0.9957986418,0.0913134777,,,,
35010,0.0,-205.715607,964.160461,1752.296143,-0.0111704519,-0.995729058,0.0916453162,,,,
35011,0.0,-205.263062,960.584717,1752.140991,-0.0152153539,-0.9956468206,0.0919559764,,,,
35012,0.0,-204.772491,956.761292,1752.106323,-0.0222691957,-0.9955939146,0.0910869917,,,,
35013,0.0,-204.514374,953.343506,1752.114136,-0.0300492265,-0.9954784082,0.0901098377,,,,
35014,0.0,-204.301086,950.023926,1752.153931,-0.0328999445,-0.9954715808,0.089184783,,,,
35015,0.0,-204.286575,946.470032,1752.207886,-0.0348911249,-0.9954077889,0.0891400198,,,,
35016,0.0,-204.326385,943.936218,1752.302612,-0.0349450608,-0.9954661288,0.0884648468,0.0323897701,127.673734244,505.7409179642,6.0
35017,0.0,-204.412827,940.003845,1752.487793,-0.0349459311,-0.9954909219,0.0881850687,0.0327754653,127.4591433005,501.9605612437,6.0
35018,0.0,-204.54567,936.237854,1752.749023,-0.0349459311,-0.9954909219,0.0881850687,0.0331656314,127.2588955763,498.2647001904,6.0
35019,0.0,-204.761307,933.53363,1753.06311,-0.0349459311,-0.9954909219,0.0881850687,0.0335326201,127.2717988324,495.6271225231,6.0
35020,0.0,-205.094879,929.643982,1753.365356,-0.0349459311,-0.9954909219,0.0881850687,,,,
35021,0.0,-205.37941,926.03418,1753.092651,-0.0349459311,-0.9954909219,0.0881850687,,,,
35022,0.0,-205.651749,922.461975,1752.777344,-0.0349459311,-0.9954909219,0.0881850687,,,,
35023,0.0,-205.812347,919.029724,1752.36853,-0.0349459311,-0.9954909219,0.0881850687,,,,
35024,0.0,-206.017151,916.536743,1752.148315,-0.0349459311,-0.9954909219,0.0881850687,,,,
35025,0.0,-206.260986,912.741821,1751.659912,-0.0349459311,-0.9954909219,0.0881850687,,,,
35026,0.0,-206.375793,909.344604,1751.138184,-0.0349459311,-0.9954909219,0.0881850687,,,,
35027,0.0,-206.535736,905.8172,1750.543335,-0.0349459311,-0.9954909219,0.0881850687,,,,
35028,0.0,-206.647034,902.006592,1749.849854,-0.0349459311,-0.9954909219,0.0881850687,,,,
35029,0.0,-206.677628,898.10022,1749.046997,-0.0349459311,-0.9954909219,0.0881850687,,,,
35030,0.0,-206.674194,895.402954,1748.456543,-0.0349459311,-0.9954909219,0.0881850687,,,,
35031,0.0,-206.668839,891.225037,1747.488892,-0.0349459311,-0.9954909219,0.0881850687,,,,
35032,0.0,-206.625366,888.467163,1746.759155,-0.0349459311,-0.9954909219,0.0881850687,,,,
35033,0.0,-206.642288,884.419556,1745.667725,-0.0374650649,-0.9954733055,0.0873456754,,,,
35034,0.0,-206.716766,881.72113,1745.028076,-0.0403070617,-0.995480847,0.0859838593,,,,
35035,0.0,-206.817078,877.685547,1743.978394,-0.0439686231,-0.9955148379,0.0837673426,,,,
35036,0.0,-206.913345,873.823486,1743.215088,-0.0454863693,-0.9955507549,0.0825208138,,,,
35037,0.0,-207.004288,870.850464,1742.651611,-0.0478395739,-0.9956316958,0.0801804312,0.0694424084,301.2186997639,822.6747375911,3.0
35038,0.0,-207.079361,866.929199,1742.11731,-0.0493255764,-0.995677436,0.0786983539,0.0726601338,306.8397699198,819.9443910974,3.0
35039,0.0,-207.091736,864.236877,1741.741821,-0.049395715,-0.99573299,0.0779479058,0.0726979992,305.8939363307,817.2120331462,3.0
35040,0.0,-207.095825,860.278625,1741.339111,-0.0494066104,-0.9959526231,0.0750823508,0.0724673929,303.9309264166,813.2099959301,3.0
35041,0.0,-207.125275,856.714722,1740.968506,-0.049414347,-0.996108579,0.0729789086,0.0734677922,305.083721352,810.9282008211,3.0
35042,0.0,-207.10054,850.415161,1740.792725,-0.0471001401,-0.9966758256,0.0664746234,0.0744403234,305.6833315464,807.4007358695,3.0
35043,0.0,-206.998077,846.79718,1740.865356,-0.0443004304,-0.9970336634,0.0629392236,0.0745511268,305.1646479272,805.454698475,3.0
35044,0.0,-206.88324,843.026001,1740.841797,-0.0386977497,-0.9975083433,0.0589880428,0.0736814,302.7027104391,803.4767534845,3.0
35045,0.0,-206.8275375,841.062317,1740.710388,-0.034531899,-0.9977751942,0.0568343741,0.0727695221,300.510335233,802.4605460617,3.0
35046,0.0,-206.771835,839.098633,1740.578979,-0.0303660482,-0.998042045,0.0546807054,0.0718576442,298.3179600268,801.4443386389,3.0
35047,0.0,-206.586456,833.165283,1740.018433,-0.0180030004,-0.9985489168,0.0507538444,0.0697036647,292.8998767154,798.5082174239,3.0
35048,0.0,-206.454071,829.330505,1739.566284,-0.0090140252,-0.9988252418,0.0476118016,0.0680472649,288.8142460293,796.5536386263,3.0
35049,0.0,-206.268524,825.756531,1738.943359,0.000353181,-0.9990016768,0.0446713005,0.0661706301,284.2043497009,794.4910504693,3.0
35050,0.0,-206.072098,821.95343,1738.22876,0.0175878686,-0.9990170045,0.0406901904,0.0617564061,274.0613216209,792.1411272592,3.0
35051,0.0,-205.923843,818.403137,1737.481812,0.0299594868,-0.9988740767,0.0367832584,0.0589809002,267.2449962356,789.8397374995,3.0
35052,0.0,-205.755814,814.726013,1736.749146,0.0431444936,-0.9985327023,0.0327260604,0.0560963448,259.9964780499,787.3409046305,3.0
35053,0.0,-205.659088,811.947937,1736.043701,0.0575846856,-0.997922118,0.0289041589,0.0525387243,251.2187037046,785.3763026739,3.0
35054,0.0,-205.485474,807.923035,1734.880981,0.0743315774,-0.9969397661,0.0242057712,0.0488889823,241.6494574404,782.418904839,3.0
35055,0.0,-209.896896,803.105225,1733.788208,0.0833372981,-0.9963140642,0.0203268337,0.0492393708,241.8100937986,780.2183984302,3.0
35056,0.0,-209.836853,800.036682,1733.325806,0.086127136,-0.9961112696,0.0185594987,0.0495620516,241.863211473,777.9095595525,3.0
35057,0.0,-209.778473,796.877686,1732.845337,0.0866425775,-0.9960729276,0.0182150115,0.0510978688,244.825233133,775.8178508267,3.0
35058,0.0,-209.677628,792.525574,1732.177612,0.0866425775,-0.9960729276,0.0182150115,0.0533048658,248.9909726332,772.9496462444,3.0
35059,0.0,-209.586792,789.395752,1731.693848,0.0866425775,-0.9960729276,0.0182150115,0.0548939227,251.9422277872,771.022739125,3.0
35060,0.0,-209.454132,785.442932,1731.079102,0.0866425775,-0.9960729276,0.0182150115,0.0569287398,255.6463908861,768.6515665747,3.0
35061,0.0,-209.448273,782.495667,1730.434692,0.0866425775,-0.9960729276,0.0182150115,0.0584815089,258.4416689209,766.977257557,3.0
35062,0.0,-209.583267,779.324463,1729.237305,0.0866425775,-0.9960729276,0.0182150115,0.0602018725,261.5273657932,765.3038036127,3.0
35063,0.0,-209.958908,775.507874,1728.15564,0.0866425775,-0.9960729276,0.0182150115,0.0624536977,265.5913473443,763.499573739,3.0
35064,0.0,-210.552368,771.655579,1727.547974,0.0866425775,-0.9960729276,0.0182150115,0.0649369641,270.0905448503,761.9313303151,3.0
35065,0.0,-210.70961,770.78064,1727.414307,0.0866425775,-0.9960729276,0.0182150115,0.0655206848,271.1409775029,761.5946743319,3.0
35066,0.0,-211.864029,765.822571,1726.65564,0.0866425775,-0.9960729276,0.0182150115,0.0690444464,277.4907606142,759.9727367134,3.0
35067,0.0,-212.986496,761.911194,1726.057251,0.0866425775,-0.9960729276,0.0182150115,0.0720056337,282.7597324394,758.8945662811,3.0
35068,0.0,-214.052185,758.696899,1725.56543,0.0866425775,-0.9960729276,0.0182150115,0.0743816289,286.8480303226,757.9384154206,3.0
35069,0.0,-215.108948,755.822754,1725.125732,0.0866425775,-0.9960729276,0.0182150115,0.076951799,291.4464967107,757.6251196904,3.0
35070,0.0,-216.472961,752.416931,1724.604492,0.0866425775,-0.9960729276,0.0182150115,0.0798977785,296.5318111094,757.079981696,3.0
35071,0.0,-217.580811,749.098938,1724.099854,0.0958900207,-0.9952252596,0.0182150115,0.0790872066,294.8324445749,756.4292790452,3.0
35072,0.0,-218.416916,746.086914,1723.643066,0.1081611255,-0.9939504785,0.0190687479,,,,
35073,0.0,-219.087204,743.017151,1723.171875,0.1302145226,-0.9912846875,0.019971138,,,,
35074,0.0,-219.700119,739.851746,1722.688232,0.14783653,-0.9887749299,0.0216448254,,,,
35075,0.0,-220.197937,736.727234,1722.210449,0.1651780724,-0.9859683274,0.0241383863,,,,
35076,0.0,-220.644806,732.620605,1721.57605,0.1957590753,-0.9802073261,0.0295293481,,,,
35077,0.0,-220.834381,730.148376,1721.194092,0.213166714,-0.9764785748,0.0323966821,,,,
35078,0.0,-220.936646,726.128113,1720.562256,0.2533198175,-0.9665684542,0.0396798856,,,,
35079,0.0,-221.12648,723.033081,1720.077881,0.2799243655,-0.9590358444,0.0435040086,,,,
35080,0.0,-221.378265,719.374268,1719.48877,0.3271094094,-0.9436261487,0.050686544,,,,
35081,0.0,-221.773651,716.321045,1719.011108,0.3498424912,-0.9352357342,0.0542618906,,,,
35082,0.0,-222.745056,709.953308,1718.003052,0.4050317779,-0.9121075845,0.0633167691,,,,
35083,0.0,-223.298721,706.973755,1717.539307,0.4225018567,-0.9039846818,0.0656039335,,,,
35084,0.0,-223.993256,703.363159,1716.972046,0.4472510737,-0.8917229201,0.0692582905,,,,
35085,0.0,-224.635071,700.244202,1716.488159,0.4630101031,-0.8834753203,0.0713652774,,,,
35086,0.0,-225.311813,697.041992,1715.99231,0.4780021003,-0.8753048551,0.0731806166,,,,
35087,0.0,-226.262207,692.666687,1715.319092,0.4942933883,-0.8660795896,0.074700675,,,,
35088,0.0,-226.971344,689.413147,1714.817871,0.5069125376,-0.8585857176,0.0766175227,,,,
35155,0.0,-240.076126,443.341034,1676.701294,0.931311708,-0.3596569324,0.0574925521,0.004084862,65.1607794337,721.6498752675,3.0
35156,0.0,-239.848053,443.25296,1676.701294,0.931311708,-0.3596569324,0.0574925521,0.0039463753,64.1690321971,723.003160853,3.0
35157,0.0,-239.59256,443.154297,1676.701294,0.931311708,-0.3596569324,0.0574925521,0.0037460173,62.7095517375,725.1718017965,3.0
35561,0.0,327.906586,448.349274,1674.501831,0.9131624104,-0.4071886856,0.0182150115,,,,
35562,0.0,327.838348,448.134277,1674.086182,0.9131624104,-0.4071886856,0.0182150115,,,,
35563,0.0,327.736023,447.83728,1673.373413,0.9131624104,-0.4071886856,0.0182150115,,,,
35564,0.0,327.57373,447.505402,1671.927856,0.9131624104,-0.4071886856,0.0182150115,,,,
35565,0.0,327.262451,447.249329,1670.572998,0.9131624104,-0.4071886856,0.0182150115,,,,
35585,0.0,342.596039,455.291748,1662.613892,0.8808161048,-0.4730467457,0.0197424926,,,,
35586,0.0,343.350586,455.6567385,1662.5122685,0.879523634,-0.4754353764,0.0197990128,,,,
35587,0.0,345.004974,456.476715,1662.203247,0.8765786764,-0.4808458493,0.0199271994,,,,
35588,0.0,346.270752,457.073608,1661.883545,0.8741928263,-0.4851656494,0.0200298566,,,,
35589,0.0,347.203339,457.467163,1661.721069,0.8723894253,-0.4883977943,0.020106845,,,,
35590,0.0,348.415222,458.120667,1661.511353,0.871794109,-0.4894586078,0.0201321298,,,,
35591,0.0,349.144653,458.410583,1661.390259,0.871794109,-0.4894586078,0.0201321298,,,,
35592,0.0,350.347961,458.946533,1661.258179,0.871794109,-0.4894586078,0.0201321298,,,,
35593,0.0,351.083801,459.304443,1661.130127,0.871794109,-0.4894586078,0.0201321298,,,,
35594,0.0,352.237305,459.797729,1660.963989,0.871794109,-0.4894586078,0.0201321298,,,,
35595,0.0,353.068726,460.10318,1660.895508,0.871794109,-0.4894586078,0.0201321298,,,,
35596,0.0,354.247131,460.555573,1660.770874,0.871794109,-0.4894586078,0.0201321298,,,,
35597,0.0,355.43866,460.937378,1660.699951,0.871794109,-0.4894586078,0.0201321298,,,,
35598,0.0,356.699097,461.336487,1660.625854,0.871794109,-0.4894586078,0.0201321298,,,,
35599,0.0,357.619019,461.595184,1660.63147,0.871794109,-0.4894586078,0.0201321298,,,,
35600,0.0,358.868042,461.929169,1660.642212,0.871794109,-0.4894586078,0.0201321298,,,,
35601,0.0,359.863098,462.171082,1660.681641,0.871794109,-0.4894586078,0.0201321298,,,,
35602,0.0,361.393005,462.505951,1660.796631,0.871794109,-0.4894586078,0.0201321298,,,,
35603,0.0,362.761292,462.804382,1660.899536,0.871794109,-0.4894586078,0.0201321298,,,,
35604,0.0,363.719788,462.988129,1661.005249,0.871794109,-0.4894586078,0.0201321298,,,,
35605,0.0,365.305298,463.220184,1661.231323,0.871794109,-0.4894586078,0.0201321298,,,,
35606,0.0,367.417542,462.973328,1661.112549,0.871794109,-0.4894586078,0.0201321298,,,,
35607,0.0,369.0177,462.587036,1660.889038,0.871794109,-0.4894586078,0.0201321298,,,,
35608,0.0,370.91571,462.244781,1660.646729,0.871794109,-0.4894586078,0.0201321298,,,,
35609,0.0,372.69165,461.999603,1660.447388,0.871794109,-0.4894586078,0.0201321298,,,,
35610,0.0,373.771057,461.908813,1660.373169,0.871794109,-0.4894586078,0.0201321298,,,,
35611,0.0,375.170654,461.792297,1660.254272,0.871794109,-0.4894586078,0.0201321298,,,,
35612,0.0,376.712524,461.633514,1660.05188,0.871794109,-0.4894586078,0.0201321298,,,,
35633,0.0,403.105225,461.254456,1663.03125,0.871794109,-0.4894586078,0.0201321298,,,,
35634,0.0,404.599304,461.254456,1663.03125,0.871794109,-0.4894586078,0.0201321298,,,,
35635,0.0,405.97821,461.254486,1663.03125,0.871794109,-0.4894586078,0.0201321298,,,,
35636,0.0,407.282532,461.254456,1663.03125,0.871794109,-0.4894586078,0.0201321298,,,,
35637,0.0,408.599731,461.254486,1663.03125,0.871794109,-0.4894586078,0.0201321298,,,,
35638,0.0,410.233521,461.254456,1663.03125,0.871794109,-0.4894586078,0.0201321298,,,,
35639,0.0,410.873596,461.254456,1663.03125,0.871794109,-0.4894586078,0.0201321298,,,,
35640,0.0,412.129211,461.254486,1663.03125,0.871794109,-0.4894586078,0.0201321298,,,,
35641,0.0,413.36145,461.254517,1663.03125,0.871794109,-0.4894586078,0.0201321298,,,,
35642,0.0,414.607727,461.254486,1663.03125,0.871794109,-0.4894586078,0.0201321298,,,,
35643,0.0,415.863281,461.254456,1663.03125,0.871794109,-0.4894586078,0.0201321298,,,,
35644,0.0,417.086243,461.254486,1663.03125,0.871794109,-0.4894586078,0.0201321298,,,,
35645,0.0,418.043091,461.254456,1663.03125,0.871794109,-0.4894586078,0.0201321298,,,,
35646,0.0,419.270691,461.254486,1663.03125,0.871794109,-0.4894586078,0.0201321298,,,,
35722,0.0,501.774078,443.146729,1663.03125,-0.6678888688,-0.7433216261,0.0373820701,,,,
35723,0.0,501.704315,443.069061,1663.03125,-0.6678888688,-0.7433216261,0.0373820701,,,,
35724,0.0,501.642029,442.999725,1663.03125,-0.6678888688,-0.7433216261,0.0373820701,,,,
35725,0.0,501.601685,442.954895,1663.03125,-0.6678888688,-0.7433216261,0.0373820701,,,,
36583,0.0,1228.456055,-86.444725,1662.215698,0.2449883883,-0.9689780675,0.0325913231,,,,
36584,0.0,1228.552246,-86.824959,1664.080444,0.2449883883,-0.9689780675,0.0325913231,,,,
36585,0.0,1228.589478,-86.972473,1665.541626,0.2449883883,-0.9689780675,0.0325913231,,,,
36586,0.0,1227.341309,-90.166786,1666.969849,0.2746389155,-0.9610457606,0.0310565952,,,,
36587,0.0,1226.046692,-91.393219,1667.810303,0.2956689907,-0.9545820136,0.0294338202,,,,
36588,0.0,1222.824707,-95.403091,1670.029541,0.3521277564,-0.9355927449,0.0259279569,,,,
36589,0.0,1220.693726,-97.771309,1671.402832,0.3836500809,-0.9231885191,0.0231424657,,,,
36590,0.0,1218.381836,-99.896317,1672.781616,0.4122583901,-0.9108597946,0.0194281842,,,,
36591,0.0,1216.169312,-101.921265,1674.099976,0.4429338363,-0.8963993405,0.0166685012,,,,
36624,0.0,1140.807739,-185.24678,1675.292603,-0.32741895,-0.9446036387,0.0228209737,0.148149,450.4056434682,859.9069145845,0.0
36625,0.0,1138.066162,-188.290741,1675.45752,-0.3557623759,-0.9342851576,0.02333187,0.1311610586,424.2215969102,856.8491699283,0.0
36626,0.0,1135.012207,-191.678726,1675.652222,-0.3853167171,-0.9224757778,0.0238635063,0.1143020706,396.2147168577,853.4291877293,0.0
36627,0.0,1129.964722,-197.111526,1675.753418,-0.4444993277,-0.89543236,0.0249246124,0.0849826306,341.6802312857,846.9707424618,0.0
36628,0.0,1129.811401,-197.420303,1675.870972,-0.4444993277,-0.89543236,0.0249246124,0.0833437121,338.8230949781,847.7434951417,0.0
36629,0.0,1127.511597,-199.871628,1675.797485,-0.4672953481,-0.8837498635,0.0249246124,0.0720771884,315.1735542507,845.485238767,0.0
36630,0.0,1125.004883,-202.799652,1675.635986,-0.4753503599,-0.8794434598,0.0249246124,0.0675203602,304.4218346375,842.7542675797,0.0
36631,0.0,1122.938721,-205.320969,1675.483276,-0.4760612554,-0.8790588403,0.0249246124,0.0661959401,300.7271972029,840.525310249,0.0
36632,0.0,1120.216187,-208.802383,1675.236206,-0.4744799207,-0.8799133869,0.0249246124,0.0654952554,298.1188105263,837.5284336408,0.0
36633,0.0,1118.032349,-211.705994,1675.096191,-0.471221176,-0.881662842,0.0249246124,0.0657437097,297.8130843215,835.1407251142,0.0
36634,0.0,1115.852539,-214.668015,1674.945679,-0.4685677879,-0.8830758698,0.0249246124,0.0657195212,296.911749213,832.7611641998,0.0
36635,0.0,1114.182129,-216.966888,1674.88208,-0.4678220423,-0.8834914608,0.0241945346,0.0651413295,295.0145445496,830.9798531105,0.0
36636,0.0,1112.155151,-219.814011,1674.696533,-0.4669805328,-0.8839427614,0.0239661547,0.0642430098,292.3019900609,828.8833470165,0.0
36637,0.0,1110.066895,-222.828598,1674.505859,-0.4654040823,-0.8847737923,0.0239661547,0.0637078117,290.3489467811,826.6819673349,0.0
36723,0.0,985.162048,-486.241241,1676.705322,0.4495839511,-0.8927436363,0.0297165049,,,,
36724,0.0,985.266418,-486.448547,1676.895264,0.4495839511,-0.8927436363,0.0297165049,,,,
36725,0.0,985.406921,-486.727539,1677.047607,0.4495839511,-0.8927436363,0.0297165049,,,,
36726,0.0,985.549744,-487.011047,1677.137329,0.4495839511,-0.8927436363,0.0297165049,,,,
36727,0.0,985.634277,-487.178925,1677.154663,0.4495839511,-0.8927436363,0.0297165049,,,,
36728,0.0,985.082153,-489.121552,1677.377075,0.4818457078,-0.8757520444,0.0297165049,,,,
36729,0.0,984.244934,-492.179382,1677.22876,0.5480604993,-0.8359718487,0.0279420337,,,,
36730,0.0,984.055542,-495.51767,1676.792603,0.6035557924,-0.7970007398,0.0225881894,,,,
36731,0.0,984.18335,-498.610992,1676.371216,0.6417565324,-0.7666474826,0.0200047638,,,,
36732,0.0,984.093445,-502.433289,1676.173218,0.6818409882,-0.731207866,0.0206863134,,,,
36733,0.0,983.7901,-506.400177,1676.039795,0.6963099982,-0.7173513679,0.0236516657,,,,
36734,0.0,983.332336,-510.047455,1676.00647,0.6972146285,-0.7164617124,0.0239661547,,,,
36735,0.0,982.919067,-513.5755,1676.101074,0.6972146285,-0.7164617124,0.0239661547,,,,
36736,0.0,982.457458,-517.375488,1676.174683,0.6972146285,-0.7164617124,0.0239661547,,,,
36737,0.0,982.153137,-519.951538,1676.318726,0.6972146285,-0.7164617124,0.0239661547,,,,
36846,0.0,973.583984,-916.842773,1677.701294,-0.9693874714,-0.2384775981,0.058449684,0.1257985234,413.225359968,851.0225285351,5.0
36847,0.0,973.481384,-916.867981,1677.701294,-0.9693874714,-0.2384775981,0.058449684,0.1271063636,413.3871505963,847.2601283465,5.0
36848,0.0,973.418518,-916.883545,1677.701294,-0.9693874714,-0.2384775981,0.058449684,0.1279601731,413.4787046932,844.8083459504,5.0
36849,0.0,973.326355,-916.90625,1677.701294,-0.9693874714,-0.2384775981,0.058449684,0.1293578299,413.6837022547,840.9626168044,5.0
36850,0.0,973.180298,-916.665344,1677.701294,-0.9693874714,-0.2384775981,0.058449684,0.1305227857,413.4792573008,837.0482104293,5.0
36851,0.0,971.68866,-919.622925,1677.701294,-0.9693874714,-0.2384775981,0.058449684,0.1337443992,415.9902257613,832.6447772944,5.0
36852,0.0,970.513245,-921.927368,1677.701294,-0.9693874714,-0.2384775981,0.058449684,0.136153318,417.8936389464,829.5576130373,5.0
36853,0.0,968.813843,-925.192566,1677.701294,-0.9693874714,-0.2384775981,0.058449684,0.1396188756,420.5303670734,825.1337134801,5.0
36854,0.0,966.875793,-928.209656,1677.701294,-0.9693874714,-0.2384775981,0.058449684,0.1430449868,422.7601185374,820.2703218637,5.0
36855,0.0,965.030884,-931.251038,1677.701294,-0.9693874714,-0.2384775981,0.058449684,0.1464400951,424.9588197031,815.6682032784,5.0
36856,0.0,962.970947,-934.165222,1677.701294,-0.9696103504,-0.2375697894,0.0584496666,0.1493241628,426.2039198166,810.7504865718,5.0
36857,0.0,961.490845,-936.012512,1677.701294,-0.9702456054,-0.2349619112,0.058449684,,,,
36858,0.0,958.837463,-938.743652,1677.701294,-0.9738312858,-0.219850681,0.0576047302,0.1452950077,415.9869121474,801.340145166,5.0
36859,0.0,956.182068,-940.892761,1677.701294,-0.9807003185,-0.1868729295,0.0574925521,0.1311088644,393.8214271908,795.5936565955,5.0
36860,0.0,954.147278,-941.99408,1677.701294,-0.9892300602,-0.1346049497,0.0574925695,0.1077994079,357.3633257451,791.2581684944,5.0
36861,0.0,951.373169,-943.087524,1677.701294,-0.997348585,-0.0446139479,0.0574925695,0.072377737,293.3186727251,785.2830874834,5.0
36862,0.0,948.342163,-943.874023,1677.701294,-0.9957967185,0.069914849,0.0591676371,0.0372739649,210.6053832916,778.640215272,5.0
36863,0.0,945.560791,-943.466736,1677.701294,-0.962189868,0.2654096893,0.0612238086,0.0042817162,71.3604017184,771.9669925165,5.0
36864,0.0,944.055481,-942.662964,1677.701294,-0.9029357885,0.4251941936,0.062584819,0.0067093919,88.7775956088,767.6733908597,5.0
36865,0.0,942.088013,-941.715393,1677.701294,-0.7876804302,0.61283027,0.063234485,0.0521687459,242.7390387321,761.4804617348,5.0
36866,0.0,940.695862,-940.557129,1677.701294,-0.622634003,0.7798841516,0.0640906264,,,,
36867,0.0,940.038147,-939.535889,1677.701294,-0.4481068712,0.8916724238,0.0641912813,,,,
36868,0.0,939.303894,-939.132812,1677.701294,-0.3760130515,0.9245277278,0.0621503464,,,,
36869,0.0,937.96283,-938.603394,1677.701294,-0.2897557829,0.9553882282,0.0572269148,,,,
36870,0.0,936.534912,-938.030334,1677.701294,-0.2583709374,0.964390071,0.0565353848,,,,
36871,0.0,935.731262,-937.458008,1677.701294,-0.2559612748,0.9649499326,0.0579262754,,,,
36872,0.0,934.812561,-936.42041,1677.701294,-0.2787703393,0.9582160929,0.0641016168,,,,
36873,0.0,934.181519,-935.204285,1677.701294,-0.2889173394,0.9550747632,0.0660224791,,,,
36874,0.0,933.618408,-932.661682,1677.701294,-0.2894666462,0.9549027344,0.0661046787,,,,
36875,0.0,933.5864255,-931.6739805,1677.701294,-0.2894666462,0.9549027344,0.0661046787,,,,
36876,0.0,933.638306,-929.338684,1677.701294,-0.2894666462,0.9549027344,0.0661046787,,,,
36877,0.0,933.783356,-928.2029115,1677.701294,-0.2894666462,0.9549027344,0.0661046787,,,,
36878,0.0,934.219849,-925.50824,1677.701294,-0.2894666462,0.9549027344,0.0661046787,,,,
36879,0.0,934.775635,-923.102966,1677.701294,-0.2894666462,0.9549027344,0.0661046787,,,,
36880,0.0,935.405029,-920.808411,1677.701294,-0.2894666462,0.9549027344,0.0661046787,,,,
36881,0.0,936.132568,-918.453308,1677.701294,-0.2894666462,0.9549027344,0.0661046787,,,,
36882,0.0,936.979004,-915.955811,1677.701294,-0.2894666462,0.9549027344,0.0661046787,,,,
36883,0.0,937.606323,-914.224976,1677.701294,-0.2895419599,0.9551507616,0.0620683175,,,,
36884,0.0,938.645508,-911.492371,1677.701294,-0.2925657888,0.9546594455,0.0550509072,,,,
36885,0.0,939.484436,-908.981384,1677.701294,-0.2661296406,0.9630536944,0.0412625264,,,,
36886,0.0,940.025024,-906.729858,1677.701294,-0.2364251663,0.9709986622,0.0355631647,,,,
36887,0.0,940.417542,-903.283569,1677.701294,-0.1671613336,0.9853583184,0.0335570087,,,,
36888,0.0,940.422913,-901.438171,1677.701294,-0.1342950032,0.9903733041,0.0335495255,,,,
36889,0.0,940.46582,-898.710022,1677.701294,-0.0772287324,0.9963690089,0.0358402161,,,,
36890,0.0,940.57666,-896.041138,1677.701294,-0.0266767885,0.9989509169,0.0372211581,,,,
36891,0.0,940.455261,-893.908203,1677.701294,0.00618015,0.9992577901,0.0380220284,0.0064124095,45.9116489367,406.0641097238,0.0
36892,0.0,939.979126,-890.738037,1677.701294,0.0458041317,0.9982144139,0.0383401269,0.003121724,31.8432728536,403.3152559725,0.0
36893,0.0,939.432495,-888.506287,1677.701294,0.0649676132,0.997179342,0.0375841593,0.0020515791,25.6992227036,401.4058739927,0.0
36894,0.0,938.715088,-886.022766,1677.701294,0.0853332873,0.9957044081,0.0359299555,0.0012208994,19.7248410276,399.2925244809,0.0
36895,0.0,937.968506,-883.875549,1677.701294,0.0977361187,0.9946002167,0.0349007177,0.0008954907,16.8175976157,397.4803495388,0.0
36896,0.0,936.728027,-880.544739,1677.701294,0.1186710592,0.9923904588,0.0328383469,0.0005595806,13.2989961121,397.5880197571,0.0
36897,0.0,935.924316,-878.490417,1677.701294,0.1334965264,0.9905735187,0.0307047476,,,,
36898,0.0,934.746033,-875.165527,1677.701294,0.1553622296,0.987460828,0.0279944777,,,,
36899,0.0,933.996521,-872.671143,1677.701294,0.1661812351,0.9857032853,0.0277998271,,,,
36900,0.0,933.403198,-870.177063,1677.701294,0.180169004,0.9831646995,0.0304352377,,,,
36901,0.0,932.644348,-866.661011,1677.701294,0.1880342942,0.9816246744,0.0324977358,,,,
36902,0.0,932.182556,-864.182983,1677.701294,0.188309513,0.9815688122,0.0325913231,,,,
36903,0.0,931.677246,-860.732605,1677.701294,0.188309513,0.9815688122,0.0325913231,,,,
36904,0.0,931.406311,-858.293579,1677.701294,0.188309513,0.9815688122,0.0325913231,,,,
36905,0.0,931.098267,-854.339417,1677.701294,0.188309513,0.9815688122,0.0325913231,,,,
36906,0.0,930.976562,-851.707214,1677.701294,0.188309513,0.9815688122,0.0325913231,,,,
36907,0.0,930.895142,-847.928284,1677.701294,0.188309513,0.9815688122,0.0325913231,,,,
36908,0.0,930.903381,-845.313721,1677.701294,0.188309513,0.9815688122,0.0325913231,,,,
36909,0.0,930.987366,-841.587341,1677.701294,0.188309513,0.9815688122,0.0325913231,,,,
36910,0.0,930.941895,-839.036194,1677.701294,0.188309513,0.9815688122,0.0325913231,,,,
36911,0.0,930.511536,-833.389038,1677.701294,0.1825893867,0.9826788585,0.0316761264,,,,
36912,0.0,930.18335,-831.1987,1677.701294,0.1770529658,0.9837030199,0.0307917688,,,,
36913,0.0,929.3526,-826.263306,1677.701294,0.1666592739,0.9856554318,0.0266093251,,,,
36914,0.0,928.9465025,-824.5181275,1677.701294,0.1752169268,0.9841538976,0.0257669688,,,,
36915,0.0,928.540405,-822.772949,1677.701294,0.1837745796,0.9826523635,0.0249246124,,,,
36916,0.0,926.975952,-817.011841,1677.701294,0.2423853397,0.9697809325,0.0278260667,,,,
36917,0.0,925.898254,-813.466675,1677.701294,0.2795981799,0.9595889218,0.0318427213,,,,
36918,0.0,925.086304,-810.857178,1677.701294,0.3119384003,0.9494785855,0.034421651,,,,
36919,0.0,924.034363,-807.016663,1677.701294,0.3537694619,0.9346600129,0.0354658717,,,,
36920,0.0,923.271301,-804.467163,1677.701294,0.374200899,0.9266692286,0.0354658717,,,,
36921,0.0,922.726196,-802.539795,1677.701294,0.3961438868,0.9172447124,0.0340566648,,,,
36922,0.0,921.450256,-798.183777,1677.701294,0.4379935862,0.8985121053,0.0289415806,,,,
36923,0.0,920.376953,-794.608154,1677.701294,0.4679712681,0.8834549566,0.0225883115,,,,
36924,0.0,919.652832,-792.211365,1677.701294,0.4845872026,0.8745398808,0.0188478115,,,,
36925,0.0,918.382019,-788.010498,1677.701294,0.5097149308,0.8602381858,0.0134518766,,,,
36926,0.0,917.529724,-785.274048,1677.701294,0.51880591,0.8548210551,0.0110177788,,,,
36927,0.0,916.660828,-782.418823,1677.701294,0.5269840148,0.8498256657,0.009175294,,,,
36928,0.0,915.802917,-779.52063,1677.701294,0.5369620522,0.8435782845,0.0068871195,,,,
36929,0.0,914.668518,-775.554871,1677.701294,0.5503443226,0.8349273372,0.0041794929,,,,
36930,0.0,913.656006,-771.842957,1677.701294,0.5636390545,0.8260204869,0.0010823308,,,,
36931,0.0,912.941345,-769.137756,1677.701294,0.5709331844,0.8209963509,-0.0005392893,,,,
36932,0.0,911.960083,-765.282959,1677.701294,0.5825200809,0.8128115355,-0.0027862226,,,,
36933,0.0,911.337402,-762.6521,1677.701294,0.5935684703,0.8047754289,-0.0036027881,,,,
36934,0.0,910.440552,-758.734497,1677.701294,0.6078944668,0.7940085704,-0.00383502,,,,
36935,0.0,909.890198,-756.198608,1677.701294,0.6166495278,0.7872315186,-0.0031457937,,,,
36936,0.0,909.018555,-752.047668,1677.701294,0.6270930721,0.778944331,-8.98845e-05,,,,
36937,0.0,908.446716,-749.162048,1677.701294,0.6273264751,0.7787563763,0.0,,,,
36938,0.0,907.925842,-746.428711,1677.701294,0.6273264751,0.7787563763,0.0,,,,
36939,0.0,907.20343,-742.452637,1677.701294,0.6273264751,0.7787563763,0.0,,,,
36940,0.0,906.673279,-739.397949,1677.701294,0.6273264751,0.7787563763,0.0,,,,
36941,0.0,905.992432,-735.307251,1677.701294,0.6273264751,0.7787563763,0.0,,,,
36942,0.0,905.552979,-732.547607,1677.701294,0.6273264751,0.7787563763,0.0,,,,
36943,0.0,905.102783,-729.64209,1677.701294,0.6273264751,0.7787563763,0.0,,,,
36944,0.0,904.465027,-725.372864,1677.701294,0.6273264751,0.7787563763,0.0,,,,
36945,0.0,904.465393,-722.700256,1677.701294,0.6273264751,0.7787563763,0.0,,,,
36946,0.0,904.512146,-718.602356,1677.701294,0.6273264751,0.7787563763,0.0,,,,
36947,0.0,904.488342,-715.552124,1677.701294,0.6273264751,0.7787563763,0.0,,,,
37008,0.0,938.769958,-488.06662,1676.463379,0.5976600626,0.8016670715,0.0115046076,,,,
37009,0.0,938.840088,-488.031555,1676.357544,0.5976600626,0.8016670715,0.0115046076,,,,
37010,0.0,938.740845,-487.868347,1676.317383,0.5976600626,0.8016670715,0.0115046076,,,,
37011,0.0,938.396423,-487.640961,1676.416504,0.5976600626,0.8016670715,0.0115046076,,,,
37012,0.0,937.954468,-487.418945,1676.577881,0.5976600626,0.8016670715,0.0115046076,,,,
37013,0.0,936.9104,-485.820557,1678.400635,0.5872474996,0.8093534441,0.0093475506,,,,
37014,0.0,939.238892,-482.55722,1678.205078,0.5686019943,0.8226031025,0.0039884507,,,,
37015,0.0,942.664734,-478.435577,1677.710938,0.5440765937,0.8390278817,-0.0035880227,,,,
37016,0.0,945.858337,-475.218689,1677.509766,0.5115944668,0.8590898359,-0.0153543321,,,,
37017,0.0,947.640625,-472.155334,1677.694214,0.5035387071,0.8637636094,-0.0190051946,,,,
37110,0.0,1123.577393,-213.138885,1675.575562,0.3665296261,0.9291715916,0.0479185418,,,,
37111,0.0,1123.285278,-213.034103,1675.422607,0.3665296261,0.9291715916,0.0479185418,,,,
37112,0.0,1122.970581,-212.923813,1675.250244,0.3665296261,0.9291715916,0.0479185418,,,,
37113,0.0,1122.519531,-212.79451,1675.152344,0.3665296261,0.9291715916,0.0479185418,,,,
37114,0.0,1122.043579,-212.671494,1675.096558,0.3665296261,0.9291715916,0.0479185418,,,,
37115,0.0,1123.400879,-211.283859,1675.841431,0.3226317612,0.9454895473,0.0442522603,,,,
37118,0.0,1131.458008,-202.043396,1674.061157,0.180275186,0.9830884625,0.0322169547,,,,
37119,0.0,1135.94165,-204.036911,1675.907715,0.1366222694,0.9901699557,0.0299635509,,,,
37120,0.0,1137.61084,-202.462631,1675.957397,0.0961698578,0.9949473428,0.0288295597,,,,
37121,0.0,1140.199707,-199.837509,1676.038818,0.0560932816,0.9980377089,0.027825805,,,,
37122,0.0,1142.316406,-197.707336,1676.105103,0.0246230041,0.9993310581,0.0270396731,,,,
37246,0.0,1501.082764,45.48254,1676.701294,0.5407234784,0.8406409322,0.0306747945,,,,
37247,0.0,1501.314209,45.33807,1676.701294,0.5407234784,0.8406409322,0.0306747945,,,,
37248,0.0,1501.746704,45.044422,1676.701294,0.5407234784,0.8406409322,0.0306747945,,,,
37249,0.0,1501.892212,44.9361265,1676.701294,0.5407234784,0.8406409322,0.0306747945,,,,
37250,0.0,1502.03772,44.827831,1676.701294,0.5407234784,0.8406409322,0.0306747945,,,,
37251,0.0,1506.193237,48.974541,1676.701294,0.5379072851,0.8424457309,0.0306747945,,,,
37252,0.0,1507.74353,50.598362,1676.701294,0.5376610887,0.8426028277,0.0306747945,,,,
37253,0.0,1509.293823,52.222183,1676.701294,0.5374148923,0.8427599246,0.0306747945,,,,
37254,0.0,1513.546265,56.885361,1676.701294,0.5366066689,0.8432747712,0.0306747945,,,,
37255,0.0,1515.582031,59.19128,1676.701294,0.5360729041,0.8436141875,0.0306748119,,,,
37256,0.0,1518.344849,62.393112,1676.701294,0.5357979376,0.8437888522,0.0306747945,,,,
37257,0.0,1520.171143,64.55098,1676.701294,0.5357979376,0.8437888522,0.0306747945,,,,
37258,0.0,1522.861816,67.789612,1676.701294,0.5357979376,0.8437888522,0.0306747945,,,,
37259,0.0,1524.838623,70.210899,1676.701294,0.5351848922,0.8441778172,0.0306748119,,,,
37260,0.0,1527.567505,73.607628,1676.701294,0.5349887138,0.8443021575,0.0306747945,,,,
37261,0.0,1529.335205,75.841232,1676.701294,0.5349887138,0.8443021575,0.0306747945,,,,
37262,0.0,1531.201538,78.222046,1676.701294,0.5349887138,0.8443021575,0.0306747945,,,,
37263,0.0,1533.974121,81.802902,1676.701294,0.5349887138,0.8443021575,0.0306747945,,,,
37264,0.0,1535.727783,84.093933,1676.701294,0.5349887138,0.8443021575,0.0306747945,,,,
37265,0.0,1538.140259,87.273293,1676.701294,0.5349887138,0.8443021575,0.0306747945,,,,
37266,0.0,1539.832153,89.521812,1676.701294,0.5349887138,0.8443021575,0.0306747945,,,,
37267,0.0,1542.470825,93.055428,1676.701294,0.5349887138,0.8443021575,0.0306747945,,,,
37268,0.0,1544.217163,95.412773,1676.701294,0.5349887138,0.8443021575,0.0306747945,,,,
37269,0.0,1545.932373,97.740486,1676.701294,0.5349887138,0.8443021575,0.0306747945,,,,
37270,0.0,1548.430908,101.148399,1676.701294,0.5349887138,0.8443021575,0.0306747945,,,,
37271,0.0,1550.090576,103.460403,1676.701294,0.5349887138,0.8443021575,0.0306747945,,,,
37272,0.0,1551.762085,105.92469,1676.701294,0.5349887138,0.8443021575,0.0306747945,,,,
37273,0.0,1553.844116,109.012001,1676.701294,0.5349887138,0.8443021575,0.0306747945,,,,
37274,0.0,1556.408081,112.835915,1676.701294,0.5349887138,0.8443021575,0.0306747945,,,,
37275,0.0,1558.291382,115.659012,1676.701294,0.5349887138,0.8443021575,0.0306747945,,,,
37276,0.0,1560.070435,118.336739,1676.701294,0.5349887138,0.8443021575,0.0306747945,,,,
37277,0.0,1561.67981,120.767174,1676.701294,0.5349887138,0.8443021575,0.0306747945,,,,
37278,0.0,1563.851685,124.058372,1676.701294,0.5349887138,0.8443021575,0.0306747945,,,,
37279,0.0,1566.023682,127.36216,1676.701294,0.5349887138,0.8443021575,0.0306747945,,,,
37280,0.0,1567.575195,129.742416,1676.701294,0.5343652717,0.8447238647,0.0299223796,,,,
37281,0.0,1569.76355,133.093643,1676.701294,0.5341944843,0.8448391458,0.0297165049,,,,
37282,0.0,1571.283691,135.426117,1676.701294,0.5341944843,0.8448391458,0.0297165049,,,,
37283,0.0,1573.427002,138.721237,1676.701294,0.5341944843,0.8448391458,0.0297165049,,,,
37284,0.0,1575.424683,141.800568,1676.701294,0.5341944843,0.8448391458,0.0297165049,,,,
37285,0.0,1577.387207,144.848953,1676.701294,0.5333874116,0.8453489211,0.0297165049,,,,
37286,0.0,1578.828125,147.079086,1676.701294,0.5333842542,0.8453509133,0.0297165049,,,,
37287,0.0,1580.87207,150.24881,1676.701294,0.5333842542,0.8453509133,0.0297165049,,,,
37288,0.0,1584.301758,155.580551,1676.701294,0.5333842542,0.8453509133,0.0297165049,,,,
37289,0.0,1585.3007205,157.136879,1676.701294,0.5333842542,0.8453509133,0.0297165049,,,,
37290,0.0,1586.299683,158.693207,1676.701294,0.5333842542,0.8453509133,0.0297165049,,,,
37291,0.0,1588.338379,161.874069,1676.701294,0.5333842542,0.8453509133,0.0297165049,,,,
37292,0.0,1591.776978,167.249649,1676.701294,0.5333842542,0.8453509133,0.0297165049,,,,
37293,0.0,1593.814575,170.440063,1676.701294,0.5333842542,0.8453509133,0.0297165049,,,,
37294,0.0,1594.855774,172.072258,1676.701294,0.5333842542,0.8453509133,0.0297165049,,,,
37295,0.0,1597.395264,176.055344,1676.701294,0.5333842542,0.8453509133,0.0297165049,,,,
37296,0.0,1598.586548,177.9261325,1676.701294,0.5333842542,0.8453509133,0.0297165049,,,,
37297,0.0,1601.355469,182.276428,1676.701294,0.5333842542,0.8453509133,0.0297165049,,,,
37298,0.0,1602.984009,184.837479,1676.701294,0.5333842542,0.8453509133,0.0297165049,,,,
37299,0.0,1605.340942,188.546463,1676.701294,0.5333842542,0.8453509133,0.0297165049,,,,
37300,0.0,1606.820923,190.876495,1676.701294,0.5333952288,0.8453683067,0.0290164761,,,,
37301,0.0,1608.879517,194.145691,1676.701294,0.532056332,0.8462204366,0.0287581705,,,,
37302,0.0,1610.935669,197.437683,1676.701294,0.5295253832,0.8478362386,0.0278672056,,,,
37303,0.0,1612.325806,199.711273,1676.701294,0.5254687844,0.850379752,0.0271446859,,,,
37304,0.0,1614.451904,203.318344,1676.701294,0.5130660303,0.8579548457,0.0260140599,,,,
37305,0.0,1616.310913,206.725601,1676.701294,0.4898025172,0.8715270958,0.0231087724,,,,
37306,0.0,1617.53418,209.040604,1676.701416,0.4716473934,0.8815539584,0.0202818833,,,,
37307,0.0,1619.291016,212.695221,1676.701416,0.4289867333,0.9031871972,0.0149422025,,,,
37308,0.0,1620.723999,216.053284,1676.701294,0.3743378746,0.9272584539,0.0079319147,,,,
37309,0.0,1621.621582,218.88092,1676.701294,0.3176545621,0.9482048523,0.0017712116,,,,
37310,0.0,1622.368164,221.696671,1676.701294,0.2665951303,0.9638043065,-0.0028801383,,,,
37311,0.0,1622.894287,225.050873,1676.701416,0.1896669476,0.9818055404,-0.0091831302,,,,
37312,0.0,1623.113159,227.446396,1676.701416,0.1370160828,0.9904904117,-0.01246344,,,,
37313,0.0,1623.175537,230.409897,1676.701294,0.0690380444,0.997478428,-0.0164479218,,,,
37314,0.0,1623.034424,233.347748,1676.701416,0.0043192593,0.9997809991,-0.0204767612,,,,
37315,0.0,1622.725098,235.881256,1676.701416,-0.0518695446,0.9983676813,-0.0239065513,,,,
37316,0.0,1621.43042,241.919975,1676.701355,-0.0604657178,0.9978340404,-0.0244269317,,,,
37317,0.0,1620.135742,247.958694,1676.701294,-0.2954052561,0.9546774473,-0.0364239789,,,,
37318,0.0,1619.47876,248.479965,1676.701416,-0.1782087142,0.9834838701,-0.0316406617,,,,
37319,0.0,1619.220215,248.34935,1676.701294,-0.2292752859,0.9727526538,-0.0344255408,,,,
37320,0.0,1619.034668,248.415909,1676.701294,-0.259500803,0.9650962572,-0.0353347924,,,,
37321,0.0,1618.846558,248.446747,1676.701294,-0.2910143861,0.9560301855,-0.0362892762,,,,
37322,0.0,1618.796265,248.527725,1676.701294,-0.2954052561,0.9546774473,-0.0364239789,,,,
37323,0.0,1618.759033,248.648499,1676.701294,-0.2954052561,0.9546774473,-0.0364239789,,,,
37324,0.0,1618.730469,248.740891,1676.701294,-0.2954052561,0.9546774473,-0.0364239789,,,,
37325,0.0,1618.691895,248.865677,1676.701294,-0.2954052561,0.9546774473,-0.0364239789,,,,
37326,0.0,1618.616455,249.1091,1676.701294,-0.2954052561,0.9546774473,-0.0364239789,,,,
37327,0.0,1618.54895,249.327057,1676.701294,-0.2954052561,0.9546774473,-0.0364239789,,,,
37328,0.0,1618.489746,249.518799,1676.701294,-0.2954052561,0.9546774473,-0.0364239789,,,,
37329,0.0,1618.367065,249.915207,1676.701294,-0.2954052561,0.9546774473,-0.0364239789,,,,
37330,0.0,1618.301636,250.126846,1676.701294,-0.2954052561,0.9546774473,-0.0364239789,,,,
37331,0.0,1618.24585,250.307205,1676.701294,-0.2954052561,0.9546774473,-0.0364239789,,,,
37332,0.0,1618.185425,250.502274,1676.701294,-0.2954052561,0.9546774473,-0.0364239789,,,,
37333,0.0,1618.125732,250.695343,1676.701294,-0.2954052561,0.9546774473,-0.0364239789,,,,
37334,0.0,1618.074341,250.861206,1676.701294,-0.2954052561,0.9546774473,-0.0364239789,,,,
37335,0.0,1618.020264,251.035873,1676.701294,-0.2954052561,0.9546774473,-0.0364239789,,,,
37336,0.0,1617.972534,251.190384,1676.701294,-0.2954052561,0.9546774473,-0.0364239789,,,,
37337,0.0,1617.921875,251.353653,1676.701294,-0.2954052561,0.9546774473,-0.0364239789,,,,
37338,0.0,1617.878296,251.494461,1676.701294,-0.2954052561,0.9546774473,-0.0364239789,,,,
37339,0.0,1617.875244,251.504395,1676.701294,-0.2954052561,0.9546774473,-0.0364239789,,,,
37340,0.0,1617.875244,251.504395,1676.701294,-0.2954052561,0.9546774473,-0.0364239789,,,,
37341,0.0,1617.875244,251.504395,1676.701294,-0.2954052561,0.9546774473,-0.0364239789,,,,
37342,0.0,1617.875244,251.504395,1676.701294,-0.2954052561,0.9546774473,-0.0364239789,,,,
37343,0.0,1617.875244,251.504395,1676.701294,-0.2954052561,0.9546774473,-0.0364239789,,,,
37344,0.0,1617.875244,251.504395,1676.701294,-0.2954052561,0.9546774473,-0.0364239789,,,,
37345,0.0,1617.875244,251.504395,1676.701294,-0.2954052561,0.9546774473,-0.0364239789,,,,
37346,0.0,1617.875244,251.504395,1676.701294,-0.2954052561,0.9546774473,-0.0364239789,,,,
37347,0.0,1617.875244,251.504395,1676.701294,-0.2954052561,0.9546774473,-0.0364239789,,,,
37348,0.0,1617.875244,251.504395,1676.701294,-0.2954052561,0.9546774473,-0.0364239789,,,,
37349,0.0,1617.875244,251.504395,1676.701294,-0.2954052561,0.9546774473,-0.0364239789,,,,
37350,0.0,1617.875244,251.504395,1676.701294,-0.2954052561,0.9546774473,-0.0364239789,,,,
37351,0.0,1617.875244,251.504395,1676.701294,-0.2954052561,0.9546774473,-0.0364239789,,,,
37352,0.0,1617.875244,251.504395,1676.701294,-0.2954052561,0.9546774473,-0.0364239789,,,,
37353,0.0,1617.875244,251.504395,1676.701294,-0.2954052561,0.9546774473,-0.0364239789,,,,
37354,0.0,1617.875244,251.504395,1676.701294,-0.2954052561,0.9546774473,-0.0364239789,,,,
37355,0.0,1617.875244,251.504395,1676.701294,-0.2954052561,0.9546774473,-0.0364239789,,,,
37356,0.0,1617.875244,251.504395,1676.701294,-0.2954052561,0.9546774473,-0.0364239789,,,,
37357,0.0,1617.875244,251.504395,1676.701294,-0.2954052561,0.9546774473,-0.0364239789,,,,
37358,0.0,1617.875244,251.504395,1676.701294,-0.2954052561,0.9546774473,-0.0364239789,,,,
37359,0.0,1617.875244,251.504395,1676.701294,-0.2954052561,0.9546774473,-0.0364239789,,,,
37360,0.0,1617.875244,251.504395,1676.701294,-0.2954052561,0.9546774473,-0.0364239789,,,,
37361,0.0,1617.875244,251.504395,1676.701294,-0.2954052561,0.9546774473,-0.0364239789,,,,
37362,0.0,1617.875244,251.504395,1676.701294,-0.2954052561,0.9546774473,-0.0364239789,,,,
37363,0.0,1617.875244,251.504395,1676.701294,-0.2954052561,0.9546774473,-0.0364239789,,,,
37364,0.0,1617.875244,251.504395,1676.701294,-0.2954052561,0.9546774473,-0.0364239789,,,,
37365,0.0,1617.875244,251.504395,1676.701294,-0.2954052561,0.9546774473,-0.0364239789,,,,
37366,0.0,1617.875244,251.504395,1676.701294,-0.2954052561,0.9546774473,-0.0364239789,,,,
37367,0.0,1617.875244,251.504395,1676.701294,-0.2954052561,0.9546774473,-0.0364239789,,,,
37368,0.0,1617.875244,251.504395,1676.701294,-0.2954052561,0.9546774473,-0.0364239789,,,,
37369,0.0,1617.875244,251.504395,1676.701294,-0.2954052561,0.9546774473,-0.0364239789,,,,
37370,0.0,1617.875244,251.504395,1676.701294,-0.2954052561,0.9546774473,-0.0364239789,,,,
37371,0.0,1617.875244,251.504395,1676.701294,-0.2954052561,0.9546774473,-0.0364239789,,,,
37372,0.0,1617.875244,251.504395,1676.701294,-0.2954052561,0.9546774473,-0.0364239789,,,,
37373,0.0,1617.875244,251.504395,1676.701294,-0.2954052561,0.9546774473,-0.0364239789,,,,
37374,0.0,1617.875244,251.504395,1676.701294,-0.2954052561,0.9546774473,-0.0364239789,,,,
37375,0.0,1617.875244,251.504395,1676.701294,-0.2954052561,0.9546774473,-0.0364239789,,,,
37376,0.0,1617.875244,251.504395,1676.701294,-0.2954052561,0.9546774473,-0.0364239789,,,,
37377,0.0,1617.875244,251.504395,1676.701294,-0.2954052561,0.9546774473,-0.0364239789,,,,
37378,0.0,1617.875244,251.504395,1676.701294,-0.2954052561,0.9546774473,-0.0364239789,,,,
37379,0.0,1617.875244,251.504395,1676.701294,-0.2954052561,0.9546774473,-0.0364239789,,,,
37380,0.0,1617.875244,251.504395,1676.701294,-0.2954052561,0.9546774473,-0.0364239789,,,,
37381,0.0,1617.875244,251.504395,1676.701294,-0.2954052561,0.9546774473,-0.0364239789,,,,
37382,0.0,1617.875244,251.504395,1676.701294,-0.2954052561,0.9546774473,-0.0364239789,,,,
37383,0.0,1617.875244,251.504395,1676.701294,-0.2954052561,0.9546774473,-0.0364239789,,,,
37384,0.0,1617.875244,251.504395,1676.701294,-0.2954052561,0.9546774473,-0.0364239789,,,,
37385,0.0,1617.875244,251.504395,1676.701294,-0.2954052561,0.9546774473,-0.0364239789,,,,
37386,0.0,1617.875244,251.504395,1676.701294,-0.2954052561,0.9546774473,-0.0364239789,,,,
37387,0.0,1617.875244,251.504395,1676.701294,-0.2954052561,0.9546774473,-0.0364239789,,,,
37388,0.0,1617.875244,251.504395,1676.701294,-0.2954052561,0.9546774473,-0.0364239789,,,,
37389,0.0,1617.875244,251.504395,1676.701294,-0.2954052561,0.9546774473,-0.0364239789,,,,
37390,0.0,1617.875244,251.504395,1676.701294,-0.2954052561,0.9546774473,-0.0364239789,,,,
37391,0.0,1617.875244,251.504395,1676.701294,-0.2954052561,0.9546774473,-0.0364239789,,,,
37392,0.0,1617.875244,251.504395,1676.701294,-0.2954052561,0.9546774473,-0.0364239789,,,,
37393,0.0,1617.875244,251.504395,1676.701294,-0.2954052561,0.9546774473,-0.0364239789,,,,
37394,0.0,1617.875244,251.504395,1676.701294,-0.2954052561,0.9546774473,-0.0364239789,,,,
37395,0.0,1617.875244,251.504395,1676.701294,-0.2954052561,0.9546774473,-0.0364239789,,,,
37396,0.0,1617.875244,251.504395,1676.701294,-0.2954052561,0.9546774473,-0.0364239789,,,,
37397,0.0,1617.875244,251.504395,1676.701294,-0.2954052561,0.9546774473,-0.0364239789,,,,
37398,0.0,1617.875244,251.504395,1676.701294,-0.2954052561,0.9546774473,-0.0364239789,,,,
37399,0.0,1617.875244,251.504395,1676.701294,-0.2954052561,0.9546774473,-0.0364239789,,,,
37400,0.0,1617.875244,251.504395,1676.701294,-0.2954052561,0.9546774473,-0.0364239789,,,,
37401,0.0,1617.875244,251.504395,1676.701294,-0.2954052561,0.9546774473,-0.0364239789,,,,
37402,0.0,1617.875244,251.504395,1676.701294,-0.2954052561,0.9546774473,-0.0364239789,,,,
37403,0.0,1617.875244,251.504395,1676.701294,-0.2954052561,0.9546774473,-0.0364239789,,,,
37404,0.0,1617.875244,251.504395,1676.701294,-0.2954052561,0.9546774473,-0.0364239789,,,,
37405,0.0,1617.875244,251.504395,1676.701294,-0.2954052561,0.9546774473,-0.0364239789,,,,
37406,0.0,1617.875244,251.504395,1676.701294,-0.2954052561,0.9546774473,-0.0364239789,,,,
37407,0.0,1617.875244,251.504395,1676.701294,-0.2954052561,0.9546774473,-0.0364239789,,,,
37408,0.0,1617.875244,251.504395,1676.701294,-0.2954052561,0.9546774473,-0.0364239789,,,,
37409,0.0,1617.875244,251.504395,1676.701294,-0.2954052561,0.9546774473,-0.0364239789,,,,
37410,0.0,1617.875244,251.504395,1676.701294,-0.2954052561,0.9546774473,-0.0364239789,,,,
37411,0.0,1617.875244,251.504395,1676.701294,-0.2954052561,0.9546774473,-0.0364239789,,,,
37412,0.0,1617.875244,251.504395,1676.701294,-0.2954052561,0.9546774473,-0.0364239789,,,,
37413,0.0,1617.875244,251.504395,1676.701294,-0.2954052561,0.9546774473,-0.0364239789,,,,
37414,0.0,1617.875244,251.504395,1676.701294,-0.2954052561,0.9546774473,-0.0364239789,,,,
37415,0.0,1617.875244,251.504395,1676.701294,-0.2954052561,0.9546774473,-0.0364239789,,,,
37416,0.0,1617.875244,251.504395,1676.701294,-0.2954052561,0.9546774473,-0.0364239789,,,,
37417,0.0,1617.875244,251.504395,1676.701294,-0.2954052561,0.9546774473,-0.0364239789,,,,
37418,0.0,1617.875244,251.504395,1676.701294,-0.2954052561,0.9546774473,-0.0364239789,,,,
37419,0.0,1617.875244,251.504395,1676.701294,-0.2954052561,0.9546774473,-0.0364239789,,,,
37420,0.0,1617.875244,251.504395,1676.701294,-0.2954052561,0.9546774473,-0.0364239789,,,,
37421,0.0,1617.875244,251.504395,1676.701294,-0.2954052561,0.9546774473,-0.0364239789,,,,
37422,0.0,1617.875244,251.504395,1676.701294,-0.2954052561,0.9546774473,-0.0364239789,,,,
37423,0.0,1617.875244,251.504395,1676.701294,-0.2954052561,0.9546774473,-0.0364239789,,,,
37424,0.0,1617.875244,251.504395,1676.701294,-0.2954052561,0.9546774473,-0.0364239789,,,,
37425,0.0,1617.875244,251.504395,1676.701294,-0.2954052561,0.9546774473,-0.0364239789,,,,
37426,0.0,1617.875244,251.504395,1676.701294,-0.2954052561,0.9546774473,-0.0364239789,,,,
37427,0.0,1617.875244,251.504395,1676.701294,-0.2954052561,0.9546774473,-0.0364239789,,,,
37428,0.0,1617.875244,251.504395,1676.701294,-0.2954052561,0.9546774473,-0.0364239789,,,,
37429,0.0,1617.875244,251.504395,1676.701294,-0.2954052561,0.9546774473,-0.0364239789,,,,
37430,0.0,1617.875244,251.504395,1676.701294,-0.2954052561,0.9546774473,-0.0364239789,,,,
37431,0.0,1617.875244,251.504395,1676.701294,-0.2954052561,0.9546774473,-0.0364239789,,,,
37432,0.0,1617.875244,251.504395,1676.701294,-0.2954052561,0.9546774473,-0.0364239789,,,,
37433,0.0,1617.875244,251.504395,1676.701294,-0.2954052561,0.9546774473,-0.0364239789,,,,
37434,0.0,1617.875244,251.504395,1676.701294,-0.2954052561,0.9546774473,-0.0364239789,,,,
37435,0.0,1617.875244,251.504395,1676.701294,-0.2954052561,0.9546774473,-0.0364239789,,,,
37436,0.0,1617.875244,251.504395,1676.701294,-0.2954052561,0.9546774473,-0.0364239789,,,,
37437,0.0,1617.875244,251.504395,1676.701294,-0.2954052561,0.9546774473,-0.0364239789,,,,
37438,0.0,1617.875244,251.504395,1676.701294,-0.2954052561,0.9546774473,-0.0364239789,,,,
37439,0.0,1617.875244,251.504395,1676.701294,-0.2954052561,0.9546774473,-0.0364239789,,,,
37440,0.0,1617.875244,251.504395,1676.701294,-0.2954052561,0.9546774473,-0.0364239789,,,,
37441,0.0,1617.875244,251.504395,1676.701294,-0.2954052561,0.9546774473,-0.0364239789,,,,
37442,0.0,1617.875244,251.504395,1676.701294,-0.2954052561,0.9546774473,-0.0364239789,,,,
37443,0.0,1617.875244,251.504395,1676.701294,-0.2954052561,0.9546774473,-0.0364239789,,,,
37444,0.0,1617.875244,251.504395,1676.701294,-0.2954052561,0.9546774473,-0.0364239789,,,,
37445,0.0,1617.875244,251.504395,1676.701294,-0.2954052561,0.9546774473,-0.0364239789,,,,
37446,0.0,1617.875244,251.504395,1676.701294,-0.2954052561,0.9546774473,-0.0364239789,,,,
37447,0.0,1617.875244,251.504395,1676.701294,-0.2954052561,0.9546774473,-0.0364239789,,,,
37448,0.0,1617.875244,251.504395,1676.701294,-0.2954052561,0.9546774473,-0.0364239789,,,,
37449,0.0,1617.875244,251.504395,1676.701294,-0.2954052561,0.9546774473,-0.0364239789,,,,
37450,0.0,1617.875244,251.504395,1676.701294,-0.2954052561,0.9546774473,-0.0364239789,,,,
37451,0.0,1617.875244,251.504395,1676.701294,-0.2954052561,0.9546774473,-0.0364239789,,,,
37452,0.0,1617.875244,251.504395,1676.701294,-0.2954052561,0.9546774473,-0.0364239789,,,,
37453,0.0,1617.875244,251.504395,1676.701294,-0.2954052561,0.9546774473,-0.0364239789,,,,
37454,0.0,1617.875244,251.504395,1676.701294,-0.2954052561,0.9546774473,-0.0364239789,,,,
37455,0.0,1617.875244,251.504395,1676.701294,-0.2954052561,0.9546774473,-0.0364239789,,,,
37456,0.0,1617.875244,251.504395,1676.701294,-0.2954052561,0.9546774473,-0.0364239789,,,,
37457,0.0,1617.875244,251.504395,1676.701294,-0.2954052561,0.9546774473,-0.0364239789,,,,
37458,0.0,1617.875244,251.504395,1676.701294,-0.2954052561,0.9546774473,-0.0364239789,,,,
37459,0.0,1617.875244,251.504395,1676.701294,-0.2954052561,0.9546774473,-0.0364239789,,,,
37460,0.0,1617.875244,251.504395,1676.701294,-0.2954052561,0.9546774473,-0.0364239789,,,,
37461,0.0,1617.875244,251.504395,1676.701294,-0.2954052561,0.9546774473,-0.0364239789,,,,
37462,0.0,1617.875244,251.504395,1676.701294,-0.2954052561,0.9546774473,-0.0364239789,,,,
37463,0.0,1617.875244,251.504395,1676.701294,-0.2954052561,0.9546774473,-0.0364239789,,,,
37464,0.0,1617.875244,251.504395,1676.701294,-0.2954052561,0.9546774473,-0.0364239789,,,,
37465,0.0,1617.875244,251.504395,1676.701294,-0.2954052561,0.9546774473,-0.0364239789,,,,
37466,0.0,1617.875244,251.504395,1676.701294,-0.2954052561,0.9546774473,-0.0364239789,,,,
37467,0.0,1617.875244,251.504395,1676.701294,-0.2954052561,0.9546774473,-0.0364239789,,,,
37468,0.0,1617.875244,251.504395,1676.701294,-0.2954052561,0.9546774473,-0.0364239789,,,,
37469,0.0,1617.875244,251.504395,1676.701294,-0.2954052561,0.9546774473,-0.0364239789,,,,
37470,0.0,1617.875244,251.504395,1676.701294,-0.2954052561,0.9546774473,-0.0364239789,,,,
37471,0.0,1617.875244,251.504395,1676.701294,-0.2954052561,0.9546774473,-0.0364239789,,,,
37472,0.0,1617.875244,251.504395,1676.701294,-0.2954052561,0.9546774473,-0.0364239789,,,,
37473,0.0,1617.875244,251.504395,1676.701294,-0.2954052561,0.9546774473,-0.0364239789,,,,
37474,0.0,1617.875244,251.504395,1676.701294,-0.2954052561,0.9546774473,-0.0364239789,,,,
37475,0.0,1617.875244,251.504395,1676.701294,-0.2954052561,0.9546774473,-0.0364239789,,,,
37476,0.0,1617.875244,251.504395,1676.701294,-0.2954052561,0.9546774473,-0.0364239789,,,,
37477,0.0,1617.875244,251.504395,1676.701294,-0.2954052561,0.9546774473,-0.0364239789,,,,
37478,0.0,1617.875244,251.504395,1676.701294,-0.2954052561,0.9546774473,-0.0364239789,,,,
37479,0.0,1617.875244,251.504395,1676.701294,-0.2954052561,0.9546774473,-0.0364239789,,,,
37480,0.0,1617.875244,251.504395,1676.701294,-0.2954052561,0.9546774473,-0.0364239789,,,,
37481,0.0,1617.875244,251.504395,1676.701294,-0.2954052561,0.9546774473,-0.0364239789,,,,
37482,0.0,1617.875244,251.504395,1676.701294,-0.2954052561,0.9546774473,-0.0364239789,,,,
37483,0.0,1617.875244,251.504395,1676.701294,-0.2954052561,0.9546774473,-0.0364239789,,,,
37484,0.0,1617.875244,251.504395,1676.701294,-0.2954052561,0.9546774473,-0.0364239789,,,,
37485,0.0,1617.875244,251.504395,1676.701294,-0.2954052561,0.9546774473,-0.0364239789,,,,
37486,0.0,1617.875244,251.504395,1676.701294,-0.2954052561,0.9546774473,-0.0364239789,,,,
37487,0.0,1617.875244,251.504395,1676.701294,-0.2954052561,0.9546774473,-0.0364239789,,,,
37488,0.0,1617.875244,251.504395,1676.701294,-0.2954052561,0.9546774473,-0.0364239789,,,,
37489,0.0,1617.875244,251.504395,1676.701294,-0.2954052561,0.9546774473,-0.0364239789,,,,
37490,0.0,1617.875244,251.504395,1676.701294,-0.2954052561,0.9546774473,-0.0364239789,,,,
37491,0.0,1617.875244,251.504395,1676.701294,-0.2954052561,0.9546774473,-0.0364239789,,,,
37492,0.0,1617.875244,251.504395,1676.701294,-0.2954052561,0.9546774473,-0.0364239789,,,,
37493,0.0,1617.875244,251.504395,1676.701294,-0.2954052561,0.9546774473,-0.0364239789,,,,
37494,0.0,1617.875244,251.504395,1676.701294,-0.2954052561,0.9546774473,-0.0364239789,,,,
37495,0.0,1617.875244,251.504395,1676.701294,-0.2954052561,0.9546774473,-0.0364239789,,,,
37496,0.0,1617.875244,251.504395,1676.701294,-0.2954052561,0.9546774473,-0.0364239789,,,,
37497,0.0,1617.875244,251.504395,1676.701294,-0.2954052561,0.9546774473,-0.0364239789,,,,
37498,0.0,1617.875244,251.504395,1676.701294,-0.2954052561,0.9546774473,-0.0364239789,,,,
37499,0.0,1617.875244,251.504395,1676.701294,-0.2954052561,0.9546774473,-0.0364239789,,,,
37500,0.0,1617.875244,251.504395,1676.701294,-0.2954052561,0.9546774473,-0.0364239789,,,,
37501,0.0,1617.875244,251.504395,1676.701294,-0.2954052561,0.9546774473,-0.0364239789,,,,
37502,0.0,1617.875244,251.504395,1676.701294,-0.2954052561,0.9546774473,-0.0364239789,,,,
37503,0.0,1617.875244,251.504395,1676.701294,-0.2954052561,0.9546774473,-0.0364239789,,,,
37504,0.0,1617.875244,251.504395,1676.701294,-0.2954052561,0.9546774473,-0.0364239789,,,,
37505,0.0,1617.875244,251.504395,1676.701294,-0.2954052561,0.9546774473,-0.0364239789,,,,
37506,0.0,1617.875244,251.504395,1676.701294,-0.2954052561,0.9546774473,-0.0364239789,,,,
37507,0.0,1617.875244,251.504395,1676.701294,-0.2954052561,0.9546774473,-0.0364239789,,,,
37508,0.0,1617.875244,251.504395,1676.701294,-0.2954052561,0.9546774473,-0.0364239789,,,,
37509,0.0,1617.875244,251.504395,1676.701294,-0.2954052561,0.9546774473,-0.0364239789,,,,
37510,0.0,1617.875244,251.504395,1676.701294,-0.2954052561,0.9546774473,-0.0364239789,,,,
37511,0.0,1617.875244,251.504395,1676.701294,-0.2954052561,0.9546774473,-0.0364239789,,,,
37512,0.0,1617.875244,251.504395,1676.701294,-0.2954052561,0.9546774473,-0.0364239789,,,,
37513,0.0,1617.875244,251.504395,1676.701294,-0.2954052561,0.9546774473,-0.0364239789,,,,
37514,0.0,1617.875244,251.504395,1676.701294,-0.2954052561,0.9546774473,-0.0364239789,,,,
37515,0.0,1617.875244,251.504395,1676.701294,-0.2954052561,0.9546774473,-0.0364239789,,,,
37516,0.0,1617.875244,251.504395,1676.701294,-0.2954052561,0.9546774473,-0.0364239789,,,,
37517,0.0,1617.875244,251.504395,1676.701294,-0.2954052561,0.9546774473,-0.0364239789,,,,
37518,0.0,1617.875244,251.504395,1676.701294,-0.2954052561,0.9546774473,-0.0364239789,,,,
37519,0.0,1617.875244,251.504395,1676.701294,-0.2954052561,0.9546774473,-0.0364239789,,,,
37520,0.0,1617.875244,251.504395,1676.701294,-0.2954052561,0.9546774473,-0.0364239789,,,,
37521,0.0,1617.875244,251.504395,1676.701294,-0.2954052561,0.9546774473,-0.0364239789,,,,
37522,0.0,1617.875244,251.504395,1676.701294,-0.2954052561,0.9546774473,-0.0364239789,,,,
37523,0.0,1617.875244,251.504395,1676.701294,-0.2954052561,0.9546774473,-0.0364239789,,,,
37524,0.0,1617.875244,251.504395,1676.701294,-0.2954052561,0.9546774473,-0.0364239789,,,,
37525,0.0,1617.875244,251.504395,1676.701294,-0.2954052561,0.9546774473,-0.0364239789,,,,
37526,0.0,1617.875244,251.504395,1676.701294,-0.2954052561,0.9546774473,-0.0364239789,,,,
37527,0.0,1617.875244,251.504395,1676.701294,-0.2954052561,0.9546774473,-0.0364239789,,,,
37528,0.0,1617.875244,251.504395,1676.701294,-0.2954052561,0.9546774473,-0.0364239789,,,,
37529,0.0,1617.875244,251.504395,1676.701294,-0.2954052561,0.9546774473,-0.0364239789,,,,
37530,0.0,1617.875244,251.504395,1676.701294,-0.2954052561,0.9546774473,-0.0364239789,,,,
37531,0.0,1617.875244,251.504395,1676.701294,-0.2954052561,0.9546774473,-0.0364239789,,,,
37532,0.0,1617.875244,251.504395,1676.701294,-0.2954052561,0.9546774473,-0.0364239789,,,,
37533,0.0,1617.875244,251.504395,1676.701294,-0.2954052561,0.9546774473,-0.0364239789,,,,
37534,0.0,1617.875244,251.504395,1676.701294,-0.2954052561,0.9546774473,-0.0364239789,,,,
37535,0.0,1617.875244,251.504395,1676.701294,-0.2954052561,0.9546774473,-0.0364239789,,,,
37536,0.0,1617.875244,251.504395,1676.701294,-0.2954052561,0.9546774473,-0.0364239789,,,,
37537,0.0,1617.875244,251.504395,1676.701294,-0.2954052561,0.9546774473,-0.0364239789,,,,
37538,0.0,1617.875244,251.504395,1676.701294,-0.2954052561,0.9546774473,-0.0364239789,,,,
37539,0.0,1617.875244,251.504395,1676.701294,-0.2954052561,0.9546774473,-0.0364239789,,,,
37540,0.0,1617.875244,251.504395,1676.701294,-0.2954052561,0.9546774473,-0.0364239789,,,,
37541,0.0,1617.875244,251.504395,1676.701294,-0.2954052561,0.9546774473,-0.0364239789,,,,
37542,0.0,1617.875244,251.504395,1676.701294,-0.2954052561,0.9546774473,-0.0364239789,,,,
37543,0.0,1617.875244,251.504395,1676.701294,-0.2954052561,0.9546774473,-0.0364239789,,,,
37544,0.0,1617.875244,251.504395,1676.701294,-0.2954052561,0.9546774473,-0.0364239789,,,,
37545,0.0,1617.875244,251.504395,1676.701294,-0.2954052561,0.9546774473,-0.0364239789,,,,
37546,0.0,1617.875244,251.504395,1676.701294,-0.2954052561,0.9546774473,-0.0364239789,,,,
37547,0.0,1617.875244,251.504395,1676.701294,-0.2954052561,0.9546774473,-0.0364239789,,,,
37548,0.0,1617.875244,251.504395,1676.701294,-0.2954052561,0.9546774473,-0.0364239789,,,,
37549,0.0,1617.875244,251.504395,1676.701294,-0.2954052561,0.9546774473,-0.0364239789,,,,
37550,0.0,1617.875244,251.504395,1676.701294,-0.2954052561,0.9546774473,-0.0364239789,,,,
37551,0.0,1617.875244,251.504395,1676.701294,-0.2954052561,0.9546774473,-0.0364239789,,,,
37552,0.0,1617.875244,251.504395,1676.701294,-0.2954052561,0.9546774473,-0.0364239789,,,,
37553,0.0,1617.875244,251.504395,1676.701294,-0.2954052561,0.9546774473,-0.0364239789,,,,
37554,0.0,1617.875244,251.504395,1676.701294,-0.2954052561,0.9546774473,-0.0364239789,,,,
37555,0.0,1617.875244,251.504395,1676.701294,-0.2954052561,0.9546774473,-0.0364239789,,,,
37556,0.0,1617.875244,251.504395,1676.701294,-0.2954052561,0.9546774473,-0.0364239789,,,,
37557,0.0,1617.875244,251.504395,1676.701294,-0.2954052561,0.9546774473,-0.0364239789,,,,
37558,0.0,1617.875244,251.504395,1676.701294,-0.2954052561,0.9546774473,-0.0364239789,,,,
37559,0.0,1617.875244,251.504395,1676.701294,-0.2954052561,0.9546774473,-0.0364239789,,,,
37560,0.0,1617.875244,251.504395,1676.701294,-0.2954052561,0.9546774473,-0.0364239789,,,,
37561,0.0,1617.875244,251.504395,1676.701294,-0.2954052561,0.9546774473,-0.0364239789,,,,
37562,0.0,1617.875244,251.504395,1676.701294,-0.2954052561,0.9546774473,-0.0364239789,,,,
37563,0.0,1617.875244,251.504395,1676.701294,-0.2954052561,0.9546774473,-0.0364239789,,,,
37564,0.0,1617.875244,251.504395,1676.701294,-0.2954052561,0.9546774473,-0.0364239789,,,,
37565,0.0,1617.875244,251.504395,1676.701294,-0.2954052561,0.9546774473,-0.0364239789,,,,
37566,0.0,1617.875244,251.504395,1676.701294,-0.2954052561,0.9546774473,-0.0364239789,,,,
37567,0.0,1617.875244,251.504395,1676.701294,-0.2954052561,0.9546774473,-0.0364239789,,,,
37568,0.0,1617.875244,251.504395,1676.701294,-0.2954052561,0.9546774473,-0.0364239789,,,,
37569,0.0,1617.875244,251.504395,1676.701294,-0.2954052561,0.9546774473,-0.0364239789,,,,
37570,0.0,1617.875244,251.504395,1676.701294,-0.2954052561,0.9546774473,-0.0364239789,,,,
37571,0.0,1617.875244,251.504395,1676.701294,-0.2954052561,0.9546774473,-0.0364239789,,,,
37572,0.0,1617.875244,251.504395,1676.701294,-0.2954052561,0.9546774473,-0.0364239789,,,,
37573,0.0,1617.875244,251.504395,1676.701294,-0.2954052561,0.9546774473,-0.0364239789,,,,
37574,0.0,1617.875244,251.504395,1676.701294,-0.2954052561,0.9546774473,-0.0364239789,,,,
37575,0.0,1617.875244,251.504395,1676.701294,-0.2954052561,0.9546774473,-0.0364239789,,,,
37576,0.0,1617.875244,251.504395,1676.701294,-0.2954052561,0.9546774473,-0.0364239789,,,,
37577,0.0,1617.875244,251.504395,1676.701294,-0.2954052561,0.9546774473,-0.0364239789,,,,
37578,0.0,1617.875244,251.504395,1676.701294,-0.2954052561,0.9546774473,-0.0364239789,,,,
37579,0.0,1617.875244,251.504395,1676.701294,-0.2954052561,0.9546774473,-0.0364239789,,,,
37580,0.0,1617.875244,251.504395,1676.701294,-0.2954052561,0.9546774473,-0.0364239789,,,,
37581,0.0,1617.875244,251.504395,1676.701294,-0.2954052561,0.9546774473,-0.0364239789,,,,
37582,0.0,1617.875244,251.504395,1676.701294,-0.2954052561,0.9546774473,-0.0364239789,,,,
37583,0.0,1617.875244,251.504395,1676.701294,-0.2954052561,0.9546774473,-0.0364239789,,,,
37584,0.0,1617.875244,251.504395,1676.701294,-0.2954052561,0.9546774473,-0.0364239789,,,,
37585,0.0,1617.875244,251.504395,1676.701294,-0.2954052561,0.9546774473,-0.0364239789,,,,
37586,0.0,1617.875244,251.504395,1676.701294,-0.2954052561,0.9546774473,-0.0364239789,,,,
37587,0.0,1617.875244,251.504395,1676.701294,-0.2954052561,0.9546774473,-0.0364239789,,,,
