timestamp,is_bot,loc_x,loc_y,loc_z,s_x,s_y,s_z,d_a,d_p,d_e,tar
0,0.0,-230.390732,2209.390381,1749.776733,0.9970776234,0.0756637059,0.0105459216,,,,
1,0.0,-230.390732,2209.390381,1749.776733,0.9970776234,0.0756637059,0.0105459216,,,,
2,0.0,-230.390732,2209.390381,1749.776733,0.9970776234,0.0756637059,0.0105459216,,,,
3,0.0,-230.390732,2209.390381,1749.776733,0.9970776234,0.0756637059,0.0105459216,,,,
4,0.0,-230.390732,2209.390381,1749.776733,0.9970776234,0.0756637059,0.0105459216,,,,
5,0.0,-230.390732,2209.390381,1749.776733,0.9970776234,0.0756637059,0.0105459216,,,,
6,0.0,-230.390732,2209.390381,1749.776733,0.9970776234,0.0756637059,0.0105459216,,,,
7,0.0,-230.390732,2209.390381,1749.776733,0.9970776234,0.0756637059,0.0105459216,,,,
8,0.0,-230.390732,2209.390381,1749.776733,0.9970776234,0.0756637059,0.0105459216,,,,
9,0.0,-230.390732,2209.390381,1749.776733,0.9970776234,0.0756637059,0.0105459216,,,,
10,0.0,-230.390732,2209.390381,1749.776733,0.9970776234,0.0756637059,0.0105459216,,,,
11,0.0,-230.390732,2209.390381,1749.776733,0.9970776234,0.0756637059,0.0105459216,,,,
12,0.0,-230.390732,2209.390381,1749.776733,0.9970776234,0.0756637059,0.0105459216,,,,
13,0.0,-230.390732,2209.390381,1749.776733,0.9970776234,0.0756637059,0.0105459216,,,,
14,0.0,-230.390732,2209.390381,1749.776733,0.9970776234,0.0756637059,0.0105459216,,,,
15,0.0,-230.390732,2209.390381,1749.776733,0.9970776234,0.0756637059,0.0105459216,,,,
16,0.0,-230.390732,2209.390381,1749.776733,0.9970776234,0.0756637059,0.0105459216,,,,
17,0.0,-230.390732,2209.390381,1749.776733,0.9970776234,0.0756637059,0.0105459216,,,,
18,0.0,-230.390732,2209.390381,1749.776733,0.9970776234,0.0756637059,0.0105459216,,,,
19,0.0,-230.390732,2209.390381,1749.776733,0.9970776234,0.0756637059,0.0105459216,,,,
20,0.0,-230.390732,2209.390381,1749.776733,0.9970776234,0.0756637059,0.0105459216,,,,
21,0.0,-230.390732,2209.390381,1749.776733,0.9970776234,0.0756637059,0.0105459216,,,,
22,0.0,-230.390732,2209.390381,1749.776733,0.9970776234,0.0756637059,0.0105459216,,,,
23,0.0,-230.390732,2209.390381,1749.776733,0.9970776234,0.0756637059,0.0105459216,,,,
24,0.0,-230.390732,2209.390381,1749.776733,0.9970776234,0.0756637059,0.0105459216,,,,
25,0.0,-230.390732,2209.390381,1749.776733,0.9970776234,0.0756637059,0.0105459216,,,,
26,0.0,-230.390732,2209.390381,1749.776733,0.9970776234,0.0756637059,0.0105459216,,,,
27,0.0,-230.390732,2209.390381,1749.776733,0.9970776234,0.0756637059,0.0105459216,,,,
28,0.0,-230.390732,2209.390381,1749.776733,0.9970776234,0.0756637059,0.0105459216,,,,
29,0.0,-230.390732,2209.390381,1749.776733,0.9970776234,0.0756637059,0.0105459216,,,,
30,0.0,-230.390732,2209.390381,1749.776733,0.9970776234,0.0756637059,0.0105459216,,,,
31,0.0,-230.390732,2209.390381,1749.776733,0.9970776234,0.0756637059,0.0105459216,,,,
32,0.0,-230.390732,2209.390381,1749.776733,0.9970776234,0.0756637059,0.0105459216,,,,
33,0.0,-230.390732,2209.390381,1749.776733,0.9970776234,0.0756637059,0.0105459216,,,,
34,0.0,-230.390732,2209.390381,1749.776733,0.9970776234,0.0756637059,0.0105459216,,,,
35,0.0,-230.390732,2209.390381,1749.776733,0.9970776234,0.0756637059,0.0105459216,,,,
36,0.0,-230.390732,2209.390381,1749.776733,0.9970776234,0.0756637059,0.0105459216,,,,
37,0.0,-230.390732,2209.390381,1749.776733,0.9970776234,0.0756637059,0.0105459216,,,,
38,0.0,-230.390732,2209.390381,1749.776733,0.9970776234,0.0756637059,0.0105459216,,,,
39,0.0,-230.390732,2209.390381,1749.776733,0.9970776234,0.0756637059,0.0105459216,,,,
40,0.0,-230.390732,2209.390381,1749.776733,0.9970776234,0.0756637059,0.0105459216,,,,
41,0.0,-230.390732,2209.390381,1749.776733,0.9970776234,0.0756637059,0.0105459216,,,,
42,0.0,-230.390732,2209.390381,1749.776733,0.9970776234,0.0756637059,0.0105459216,,,,
43,0.0,-230.390732,2209.390381,1749.776733,0.9970776234,0.0756637059,0.0105459216,,,,
44,0.0,-230.390732,2209.390381,1749.776733,0.9970776234,0.0756637059,0.0105459216,,,,
45,0.0,-230.390732,2209.390381,1749.776733,0.9970776234,0.0756637059,0.0105459216,,,,
46,0.0,-230.390732,2209.390381,1749.776733,0.9970776234,0.0756637059,0.0105459216,,,,
47,0.0,-230.390732,2209.390381,1749.776733,0.9970776234,0.0756637059,0.0105459216,,,,
48,0.0,-230.390732,2209.390381,1749.776733,0.9970776234,0.0756637059,0.0105459216,,,,
49,0.0,-230.390732,2209.390381,1749.776733,0.9970776234,0.0756637059,0.0105459216,,,,
50,0.0,-230.390732,2209.390381,1749.776733,0.9970776234,0.0756637059,0.0105459216,,,,
51,0.0,-230.390732,2209.390381,1749.776733,0.9970776234,0.0756637059,0.0105459216,,,,
52,0.0,-230.390732,2209.390381,1749.776733,0.9970776234,0.0756637059,0.0105459216,,,,
53,0.0,-230.390732,2209.390381,1749.776733,0.9970776234,0.0756637059,0.0105459216,,,,
54,0.0,-230.390732,2209.390381,1749.776733,0.9970776234,0.0756637059,0.0105459216,,,,
55,0.0,-230.390732,2209.390381,1749.776733,0.9970776234,0.0756637059,0.0105459216,,,,
56,0.0,-230.390732,2209.390381,1749.776733,0.9970776234,0.0756637059,0.0105459216,,,,
57,0.0,-230.390732,2209.390381,1749.776733,0.9970776234,0.0756637059,0.0105459216,,,,
58,0.0,-230.390732,2209.390381,1749.776733,0.9970776234,0.0756637059,0.0105459216,,,,
59,0.0,-230.390732,2209.390381,1749.776733,0.9970776234,0.0756637059,0.0105459216,,,,
60,0.0,-230.390732,2209.390381,1749.776733,0.9970776234,0.0756637059,0.0105459216,,,,
61,0.0,-230.390732,2209.390381,1749.776733,0.9970776234,0.0756637059,0.0105459216,,,,
62,0.0,-230.390732,2209.390381,1749.776733,0.9970776234,0.0756637059,0.0105459216,,,,
63,0.0,-230.390732,2209.390381,1749.776733,0.9970776234,0.0756637059,0.0105459216,,,,
64,0.0,-230.390732,2209.390381,1749.776733,0.9970776234,0.0756637059,0.0105459216,,,,
65,0.0,-230.390732,2209.390381,1749.776733,0.9970776234,0.0756637059,0.0105459216,,,,
66,0.0,-230.390732,2209.390381,1749.776733,0.9970776234,0.0756637059,0.0105459216,,,,
67,0.0,-230.390732,2209.390381,1749.776733,0.9970776234,0.0756637059,0.0105459216,,,,
68,0.0,-230.390732,2209.390381,1749.776733,0.9970776234,0.0756637059,0.0105459216,,,,
69,0.0,-230.390732,2209.390381,1749.776733,0.9970776234,0.0756637059,0.0105459216,,,,
70,0.0,-230.390732,2209.390381,1749.776733,0.9970776234,0.0756637059,0.0105459216,,,,
71,0.0,-230.390732,2209.390381,1749.776733,0.9970776234,0.0756637059,0.0105459216,,,,
72,0.0,-230.390732,2209.390381,1749.776733,0.9970776234,0.0756637059,0.0105459216,,,,
73,0.0,-230.390732,2209.390381,1749.776733,0.9970776234,0.0756637059,0.0105459216,,,,
74,0.0,-230.390732,2209.390381,1749.776733,0.9970776234,0.0756637059,0.0105459216,,,,
75,0.0,-230.390732,2209.390381,1749.776733,0.9970776234,0.0756637059,0.0105459216,,,,
76,0.0,-230.390732,2209.390381,1749.776733,0.9970776234,0.0756637059,0.0105459216,,,,
77,0.0,-230.390732,2209.390381,1749.776733,0.9970776234,0.0756637059,0.0105459216,,,,
78,0.0,-230.390732,2209.390381,1749.776733,0.9970776234,0.0756637059,0.0105459216,,,,
79,0.0,-230.390732,2209.390381,1749.776733,0.9970776234,0.0756637059,0.0105459216,,,,
80,0.0,-230.390732,2209.390381,1749.776733,0.9970776234,0.0756637059,0.0105459216,,,,
81,0.0,-230.390732,2209.390381,1749.776733,0.9970776234,0.0756637059,0.0105459216,,,,
82,0.0,-230.390732,2209.390381,1749.776733,0.9970776234,0.0756637059,0.0105459216,,,,
83,0.0,-230.390732,2209.390381,1749.776733,0.9970776234,0.0756637059,0.0105459216,,,,
84,0.0,-230.390732,2209.390381,1749.776733,0.9970776234,0.0756637059,0.0105459216,,,,
85,0.0,-230.390732,2209.390381,1749.776733,0.9970776234,0.0756637059,0.0105459216,,,,
86,0.0,-230.390732,2209.390381,1749.776733,0.9970776234,0.0756637059,0.0105459216,,,,
87,0.0,-230.390732,2209.390381,1749.776733,0.9970776234,0.0756637059,0.0105459216,,,,
88,0.0,-230.390732,2209.390381,1749.776733,0.9970776234,0.0756637059,0.0105459216,,,,
89,0.0,-230.390732,2209.390381,1749.776733,0.9970776234,0.0756637059,0.0105459216,,,,
90,0.0,-230.390732,2209.390381,1749.776733,0.9970776234,0.0756637059,0.0105459216,,,,
91,0.0,-230.390732,2209.390381,1749.776733,0.9970776234,0.0756637059,0.0105459216,,,,
92,0.0,-230.390732,2209.390381,1749.776733,0.9970776234,0.0756637059,0.0105459216,,,,
93,0.0,-230.390732,2209.390381,1749.776733,0.9970776234,0.0756637059,0.0105459216,,,,
94,0.0,-230.390732,2209.390381,1749.776733,0.9970776234,0.0756637059,0.0105459216,,,,
95,0.0,-230.390732,2209.390381,1749.776733,0.9970776234,0.0756637059,0.0105459216,,,,
96,0.0,-230.390732,2209.390381,1749.776733,0.9970776234,0.0756637059,0.0105459216,,,,
97,0.0,-230.390732,2209.390381,1749.776733,0.9970776234,0.0756637059,0.0105459216,,,,
98,0.0,-230.390732,2209.390381,1749.776733,0.9970776234,0.0756637059,0.0105459216,,,,
99,0.0,-230.390732,2209.390381,1749.776733,0.9970776234,0.0756637059,0.0105459216,,,,
100,0.0,-230.390732,2209.390381,1749.776733,0.9970776234,0.0756637059,0.0105459216,,,,
101,0.0,-230.390732,2209.390381,1749.776733,0.9970776234,0.0756637059,0.0105459216,,,,
102,0.0,-230.390732,2209.390381,1749.776733,0.9970776234,0.0756637059,0.0105459216,,,,
103,0.0,-230.390732,2209.390381,1749.776733,0.9970776234,0.0756637059,0.0105459216,,,,
104,0.0,-230.390732,2209.390381,1749.776733,0.9970776234,0.0756637059,0.0105459216,,,,
105,0.0,-230.390732,2209.390381,1749.776733,0.9970776234,0.0756637059,0.0105459216,,,,
106,0.0,-230.390732,2209.390381,1749.776733,0.9970776234,0.0756637059,0.0105459216,,,,
107,0.0,-230.390732,2209.390381,1749.776733,0.9970776234,0.0756637059,0.0105459216,,,,
108,0.0,-230.390732,2209.390381,1749.776733,0.9970776234,0.0756637059,0.0105459216,,,,
109,0.0,-230.390732,2209.390381,1749.776733,0.9970776234,0.0756637059,0.0105459216,,,,
110,0.0,-230.390732,2209.390381,1749.776733,0.9970776234,0.0756637059,0.0105459216,,,,
111,0.0,-230.390732,2209.390381,1749.776733,0.9970776234,0.0756637059,0.0105459216,,,,
112,0.0,-230.390732,2209.390381,1749.776733,0.9970776234,0.0756637059,0.0105459216,,,,
113,0.0,-230.390732,2209.390381,1749.776733,0.9970776234,0.0756637059,0.0105459216,,,,
114,0.0,-230.390732,2209.390381,1749.776733,0.9970776234,0.0756637059,0.0105459216,,,,
115,0.0,-230.390732,2209.390381,1749.776733,0.9970776234,0.0756637059,0.0105459216,,,,
116,0.0,-230.390732,2209.390381,1749.776733,0.9970776234,0.0756637059,0.0105459216,,,,
117,0.0,-230.390732,2209.390381,1749.776733,0.9970776234,0.0756637059,0.0105459216,,,,
118,0.0,-230.390732,2209.390381,1749.776733,0.9970776234,0.0756637059,0.0105459216,,,,
119,0.0,-230.390732,2209.390381,1749.776733,0.9970776234,0.0756637059,0.0105459216,,,,
120,0.0,-230.390732,2209.390381,1749.776733,0.9970776234,0.0756637059,0.0105459216,,,,
121,0.0,-230.390732,2209.390381,1749.776733,0.9970776234,0.0756637059,0.0105459216,,,,
122,0.0,-230.390732,2209.390381,1749.776733,0.9970776234,0.0756637059,0.0105459216,,,,
123,0.0,-230.390732,2209.390381,1749.776733,0.9970776234,0.0756637059,0.0105459216,,,,
124,0.0,-230.390732,2209.390381,1749.776733,0.9970776234,0.0756637059,0.0105459216,,,,
125,0.0,-230.390732,2209.390381,1749.776733,0.9970776234,0.0756637059,0.0105459216,,,,
126,0.0,-230.390732,2209.390381,1749.776733,0.9970776234,0.0756637059,0.0105459216,,,,
127,0.0,-230.390732,2209.390381,1749.776733,0.9970776234,0.0756637059,0.0105459216,,,,
128,0.0,-230.390732,2209.390381,1749.776733,0.9970776234,0.0756637059,0.0105459216,,,,
129,0.0,-230.390732,2209.390381,1749.776733,0.9970776234,0.0756637059,0.0105459216,,,,
130,0.0,-230.390732,2209.390381,1749.776733,0.9970776234,0.0756637059,0.0105459216,,,,
131,0.0,-230.390732,2209.390381,1749.776733,0.9970776234,0.0756637059,0.0105459216,,,,
132,0.0,-230.390732,2209.390381,1749.776733,0.9970776234,0.0756637059,0.0105459216,,,,
133,0.0,-230.390732,2209.390381,1749.776733,0.9970776234,0.0756637059,0.0105459216,,,,
134,0.0,-230.390732,2209.390381,1749.776733,0.9970776234,0.0756637059,0.0105459216,,,,
135,0.0,-230.390732,2209.390381,1749.776733,0.9970776234,0.0756637059,0.0105459216,,,,
136,0.0,-230.390732,2209.390381,1749.776733,0.9970776234,0.0756637059,0.0105459216,,,,
137,0.0,-230.390732,2209.390381,1749.776733,0.9970776234,0.0756637059,0.0105459216,,,,
138,0.0,-230.390732,2209.390381,1749.776733,0.9970776234,0.0756637059,0.0105459216,,,,
139,0.0,-230.390732,2209.390381,1749.776733,0.9970776234,0.0756637059,0.0105459216,,,,
140,0.0,-230.390732,2209.390381,1749.776733,0.9970776234,0.0756637059,0.0105459216,,,,
141,0.0,-230.390732,2209.390381,1749.776733,0.9970776234,0.0756637059,0.0105459216,,,,
142,0.0,-230.390732,2209.390381,1749.776733,0.9970776234,0.0756637059,0.0105459216,,,,
143,0.0,-230.390732,2209.390381,1749.776733,0.9970776234,0.0756637059,0.0105459216,,,,
144,0.0,-230.390732,2209.390381,1749.776733,0.9970776234,0.0756637059,0.0105459216,,,,
145,0.0,-230.390732,2209.390381,1749.776733,0.9970776234,0.0756637059,0.0105459216,,,,
146,0.0,-230.390732,2209.390381,1749.776733,0.9970776234,0.0756637059,0.0105459216,,,,
147,0.0,-230.390732,2209.390381,1749.776733,0.9970776234,0.0756637059,0.0105459216,,,,
148,0.0,-230.390732,2209.390381,1749.776733,0.9970776234,0.0756637059,0.0105459216,,,,
149,0.0,-230.390732,2209.390381,1749.776733,0.9970776234,0.0756637059,0.0105459216,,,,
150,0.0,-230.390732,2209.390381,1749.776733,0.9970776234,0.0756637059,0.0105459216,,,,
151,0.0,-230.390732,2209.390381,1749.776733,0.9970776234,0.0756637059,0.0105459216,,,,
152,0.0,-230.390732,2209.390381,1749.776733,0.9970776234,0.0756637059,0.0105459216,,,,
153,0.0,-230.390732,2209.390381,1749.776733,0.9970776234,0.0756637059,0.0105459216,,,,
154,0.0,-230.390732,2209.390381,1749.776733,0.9970776234,0.0756637059,0.0105459216,,,,
155,0.0,-230.390732,2209.390381,1749.776733,0.9970776234,0.0756637059,0.0105459216,,,,
156,0.0,-230.390732,2209.390381,1749.776733,0.9970776234,0.0756637059,0.0105459216,,,,
157,0.0,-230.390732,2209.390381,1749.776733,0.9970776234,0.0756637059,0.0105459216,,,,
158,0.0,-230.390732,2209.390381,1749.776733,0.9970776234,0.0756637059,0.0105459216,,,,
159,0.0,-230.390732,2209.390381,1749.776733,0.9970776234,0.0756637059,0.0105459216,,,,
160,0.0,-230.390732,2209.390381,1749.776733,0.9970776234,0.0756637059,0.0105459216,,,,
161,0.0,-230.390732,2209.390381,1749.776733,0.9970776234,0.0756637059,0.0105459216,,,,
162,0.0,-230.390732,2209.390381,1749.776733,0.9970776234,0.0756637059,0.0105459216,,,,
163,0.0,-230.390732,2209.390381,1749.776733,0.9970776234,0.0756637059,0.0105459216,,,,
164,0.0,-230.390732,2209.390381,1749.776733,0.9970776234,0.0756637059,0.0105459216,,,,
165,0.0,-230.390732,2209.390381,1749.776733,0.9970776234,0.0756637059,0.0105459216,,,,
166,0.0,-230.390732,2209.390381,1749.776733,0.9970776234,0.0756637059,0.0105459216,,,,
167,0.0,-230.390732,2209.390381,1749.776733,0.9970776234,0.0756637059,0.0105459216,,,,
168,0.0,-230.390732,2209.390381,1749.776733,0.9970776234,0.0756637059,0.0105459216,,,,
169,0.0,-230.390732,2209.390381,1749.776733,0.9970776234,0.0756637059,0.0105459216,,,,
170,0.0,-230.390732,2209.390381,1749.776733,0.9970776234,0.0756637059,0.0105459216,,,,
171,0.0,-230.390732,2209.390381,1749.776733,0.9970776234,0.0756637059,0.0105459216,,,,
172,0.0,-230.390732,2209.390381,1749.776733,0.9970776234,0.0756637059,0.0105459216,,,,
173,0.0,-230.390732,2209.390381,1749.776733,0.9970776234,0.0756637059,0.0105459216,,,,
174,0.0,-230.390732,2209.390381,1749.776733,0.9970776234,0.0756637059,0.0105459216,,,,
175,0.0,-230.390732,2209.390381,1749.776733,0.9970776234,0.0756637059,0.0105459216,,,,
176,0.0,-230.390732,2209.390381,1749.776733,0.9970776234,0.0756637059,0.0105459216,,,,
177,0.0,-230.390732,2209.390381,1749.776733,0.9970776234,0.0756637059,0.0105459216,,,,
178,0.0,-230.390732,2209.390381,1749.776733,0.9970776234,0.0756637059,0.0105459216,,,,
179,0.0,-230.390732,2209.390381,1749.776733,0.9970776234,0.0756637059,0.0105459216,,,,
180,0.0,-230.390732,2209.390381,1749.776733,0.9970776234,0.0756637059,0.0105459216,,,,
181,0.0,-230.390732,2209.390381,1749.776733,0.9970776234,0.0756637059,0.0105459216,,,,
182,0.0,-230.390732,2209.390381,1749.776733,0.9970776234,0.0756637059,0.0105459216,,,,
183,0.0,-230.390732,2209.390381,1749.776733,0.9970776234,0.0756637059,0.0105459216,,,,
184,0.0,-230.390732,2209.390381,1749.776733,0.9970776234,0.0756637059,0.0105459216,,,,
185,0.0,-230.390732,2209.390381,1749.776733,0.9970776234,0.0756637059,0.0105459216,,,,
186,0.0,-230.390732,2209.390381,1749.776733,0.9970776234,0.0756637059,0.0105459216,,,,
187,0.0,-230.390732,2209.390381,1749.776733,0.9970776234,0.0756637059,0.0105459216,,,,
188,0.0,-230.390732,2209.390381,1749.776733,0.9970776234,0.0756637059,0.0105459216,,,,
189,0.0,-230.390732,2209.390381,1749.776733,0.9970776234,0.0756637059,0.0105459216,,,,
190,0.0,-230.390732,2209.390381,1749.776733,0.9970776234,0.0756637059,0.0105459216,,,,
191,0.0,-230.390732,2209.390381,1749.776733,0.9970776234,0.0756637059,0.0105459216,,,,
192,0.0,-230.390732,2209.390381,1749.776733,0.9970776234,0.0756637059,0.0105459216,,,,
193,0.0,-230.390732,2209.390381,1749.776733,0.9970776234,0.0756637059,0.0105459216,,,,
194,0.0,-230.390732,2209.390381,1749.776733,0.9970776234,0.0756637059,0.0105459216,,,,
195,0.0,-230.390732,2209.390381,1749.776733,0.9970776234,0.0756637059,0.0105459216,,,,
196,0.0,-230.390732,2209.390381,1749.776733,0.9970776234,0.0756637059,0.0105459216,,,,
197,0.0,-230.390732,2209.390381,1749.776733,0.9970776234,0.0756637059,0.0105459216,,,,
198,0.0,-230.390732,2209.390381,1749.776733,0.9970776234,0.0756637059,0.0105459216,,,,
199,0.0,-230.390732,2209.390381,1749.776733,0.9970776234,0.0756637059,0.0105459216,,,,
200,0.0,-230.390732,2209.390381,1749.776733,0.9970776234,0.0756637059,0.0105459216,,,,
201,0.0,-230.390732,2209.390381,1749.776733,0.9970776234,0.0756637059,0.0105459216,,,,
202,0.0,-230.390732,2209.390381,1749.776733,0.9970776234,0.0756637059,0.0105459216,,,,
203,0.0,-230.390732,2209.390381,1749.776733,0.9970776234,0.0756637059,0.0105459216,,,,
204,0.0,-230.390732,2209.390381,1749.776733,0.9970776234,0.0756637059,0.0105459216,,,,
205,0.0,-230.390732,2209.390381,1749.776733,0.9970776234,0.0756637059,0.0105459216,,,,
206,0.0,-230.390732,2209.390381,1749.776733,0.9970776234,0.0756637059,0.0105459216,,,,
207,0.0,-230.390732,2209.390381,1749.776733,0.9970776234,0.0756637059,0.0105459216,,,,
208,0.0,-230.390732,2209.390381,1749.776733,0.9970776234,0.0756637059,0.0105459216,,,,
209,0.0,-230.390732,2209.390381,1749.776733,0.9970776234,0.0756637059,0.0105459216,,,,
210,0.0,-230.390732,2209.390381,1749.776733,0.9970776234,0.0756637059,0.0105459216,,,,
211,0.0,-230.390732,2209.390381,1749.776733,0.9970776234,0.0756637059,0.0105459216,,,,
212,0.0,-230.390732,2209.390381,1749.776733,0.9970776234,0.0756637059,0.0105459216,,,,
213,0.0,-230.390732,2209.390381,1749.776733,0.9970776234,0.0756637059,0.0105459216,,,,
214,0.0,-230.390732,2209.390381,1749.776733,0.9970776234,0.0756637059,0.0105459216,,,,
215,0.0,-230.390732,2209.390381,1749.776733,0.9970776234,0.0756637059,0.0105459216,,,,
216,0.0,-230.390732,2209.390381,1749.776733,0.9970776234,0.0756637059,0.0105459216,,,,
217,0.0,-230.390732,2209.390381,1749.776733,0.9970776234,0.0756637059,0.0105459216,,,,
218,0.0,-230.390732,2209.390381,1749.776733,0.9970776234,0.0756637059,0.0105459216,,,,
219,0.0,-230.390732,2209.390381,1749.776733,0.9970776234,0.0756637059,0.0105459216,,,,
220,0.0,-230.390732,2209.390381,1749.776733,0.9970776234,0.0756637059,0.0105459216,,,,
221,0.0,-230.390732,2209.390381,1749.776733,0.9970776234,0.0756637059,0.0105459216,,,,
222,0.0,-230.390732,2209.390381,1749.776733,0.9970776234,0.0756637059,0.0105459216,,,,
223,0.0,-230.390732,2209.390381,1749.776733,0.9970776234,0.0756637059,0.0105459216,,,,
224,0.0,-230.390732,2209.390381,1749.776733,0.9970776234,0.0756637059,0.0105459216,,,,
225,0.0,-230.390732,2209.390381,1749.776733,0.9970776234,0.0756637059,0.0105459216,,,,
226,0.0,-230.390732,2209.390381,1749.776733,0.9970776234,0.0756637059,0.0105459216,,,,
227,0.0,-230.390732,2209.390381,1749.776733,0.9970776234,0.0756637059,0.0105459216,,,,
228,0.0,-231.7133905,2207.64032,1750.008331,0.9970776234,0.0756637059,0.0105459216,,,,
229,0.0,-233.036049,2205.890259,1750.239929,0.9970776234,0.0756637059,0.0105459216,,,,
230,0.0,-234.3587075,2204.140198,1750.471527,0.9970776234,0.0756637059,0.0105459216,,,,
824,0.0,687.899597,857.265564,1765.701294,0.2497683111,-0.9517082668,0.1785137688,,,,
825,0.0,687.624939,857.233948,1765.701294,0.2497683111,-0.9517082668,0.1785137688,,,,
826,0.0,687.358093,857.21051,1765.701294,0.2497683111,-0.9517082668,0.1785137688,,,,
827,0.0,687.603088,855.5926205,1765.701294,0.2531730862,-0.9506353399,0.1793943142,,,,
849,0.0,716.950378,788.400452,1765.676636,0.7466072563,-0.6050953276,0.2764728726,,,,
850,0.0,718.725098,784.664307,1765.683716,0.7656188219,-0.5785616759,0.2812369228,,,,
855,0.0,727.621765,771.929504,1765.700684,0.8282933354,-0.4735678604,0.299438862,,,,
856,0.0,730.226379,769.51593,1765.700439,0.8379615744,-0.4540350932,0.3027747248,,,,
857,0.0,733.698242,766.289429,1765.700562,0.8478324275,-0.4328140779,0.3063529808,,,,
858,0.0,736.163757,763.995789,1765.701172,0.8548399646,-0.4168428886,0.3090156001,,,,
859,0.0,739.815674,760.791687,1765.701172,0.861019581,-0.4021885769,0.3112709909,,,,
860,0.0,742.190674,759.134888,1765.701294,0.8662634198,-0.3892235202,0.3131976035,,,,
861,0.0,745.171936,756.915222,1765.701294,0.8702838444,-0.3786053147,0.3150619716,,,,
862,0.0,747.994141,754.901917,1765.701294,0.8734717306,-0.3704184815,0.3159703852,0.0903628212,820.1346485435,1974.3076972929,5.0
863,0.0,751.165771,752.719299,1765.701294,0.8765876447,-0.3621328134,0.3169446744,0.0927718203,828.790414535,1970.3135911332,5.0
864,0.0,753.822693,750.955566,1765.701294,0.87821693,-0.3574486528,0.3177506642,0.0942671863,833.7148215131,1967.0085337435,5.0
865,0.0,757.13446,748.832886,1765.701294,0.8800861818,-0.3527170608,0.3178663046,0.0955816919,837.4828175472,1962.9415803507,5.0
866,0.0,760.00354,747.06189,1765.701294,0.8813554738,-0.3495333342,0.317866288,0.0964706631,839.6818454745,1959.4642510869,5.0
867,0.0,770.112793,742.827026,1765.520142,0.8836778814,-0.3427765551,0.3187752109,0.0983559569,841.7735603525,1946.3920990955,5.0
868,0.0,771.932617,741.864624,1765.468262,0.884411969,-0.3408719066,0.3187752274,0.0987299505,842.0685030989,1943.5828106825,5.0
869,0.0,776.527344,739.481628,1764.977661,0.8860135903,-0.3359686346,0.3195387212,0.0999000911,843.7411769628,1936.591778158,5.0
870,0.0,778.349518,738.5701595,1764.8966675,0.8867182671,-0.3340285828,0.3196112562,0.1003135714,844.1843154082,1933.831832902,5.0
871,0.0,782.875488,736.330872,1764.778931,0.8884951136,-0.3292093107,0.319683692,0.1012884587,845.1455005454,1927.1787902316,5.0
872,0.0,786.408875,734.607788,1764.761597,0.8901839115,-0.3246150656,0.319683692,0.1022263268,846.6104366975,1922.1179353016,5.0
873,0.0,789.060913,733.31488,1764.819824,0.8912537909,-0.3216659369,0.3196837581,0.1027734031,847.1079538547,1918.3983341666,5.0
874,0.0,792.422729,731.669617,1763.865967,0.8925797617,-0.3179681229,0.3196836589,0.1032913856,846.9884107528,1913.573323207,5.0
875,0.0,795.389709,730.40686,1762.054565,0.8936956036,-0.3148182097,0.319683692,0.1036508301,846.5903920629,1909.5357351091,5.0
876,0.0,798.803711,728.752258,1760.027222,0.8947487106,-0.3118126767,0.3196835927,0.1036586299,844.3854865799,1904.4946980779,5.0
877,0.0,802.191528,727.151978,1758.019531,0.8954282358,-0.3098557918,0.319683692,0.103463408,841.4036942445,1899.4611328746,5.0
878,0.0,804.621948,725.750854,1756.730469,0.8959078321,-0.3084663913,0.3196836589,0.1032992663,839.1032046912,1895.6901577393,5.0
879,0.0,808.029419,724.13385,1754.739136,0.8965442866,-0.3066116099,0.319683692,0.1030446117,835.8548322466,1890.5564751642,5.0
880,0.0,811.440918,722.792786,1752.587402,0.8971560311,-0.3056677592,0.3188703137,0.1023123246,830.93134014,1885.7703147533,5.0
881,0.0,814.82251,721.272156,1750.580933,0.8972170908,-0.3055877929,0.3187751448,0.101543964,825.7649175888,1880.7414635471,5.0
882,0.0,817.288452,720.048706,1749.110718,0.8972170908,-0.3055877929,0.3187751448,0.1009555198,821.8070720559,1876.8833047555,5.0
883,0.0,821.051086,718.508179,1746.708252,0.8972170908,-0.3055877929,0.3187751448,0.1001265134,816.1665530391,1871.2934847151,5.0
884,0.0,823.838379,717.512207,1744.955688,0.8972170908,-0.3055877929,0.3187751448,0.0995451176,812.2444667333,1867.4457641445,5.0
885,0.0,827.513367,716.085999,1742.519409,0.8972170908,-0.3055877929,0.3187751448,0.0987417712,806.7976352168,1862.0597247527,5.0
886,0.0,830.501892,715.030212,1740.470825,0.8972170908,-0.3055877929,0.3187751448,0.0981179765,802.4937297065,1857.6999500149,5.0
887,0.0,834.351685,713.747314,1737.694092,0.8972170908,-0.3055877929,0.3187751448,0.0973179601,796.9997087419,1852.1602300715,5.0
888,0.0,837.312866,712.767029,1735.600342,0.8972170908,-0.3055877929,0.3187751448,0.0967395616,792.9141153237,1847.8851764731,5.0
889,0.0,840.888367,711.614624,1732.940796,0.8972170908,-0.3055877929,0.3187751448,0.0960301886,787.9567059656,1842.7585544748,5.0
890,0.0,843.67572,710.715088,1730.880371,0.8972170908,-0.3055877929,0.3187751448,0.0953962339,783.7865652931,1838.7804631126,5.0
891,0.0,847.297668,709.510681,1728.05188,0.8972170908,-0.3055877929,0.3187751448,0.0945989945,778.4490812014,1833.5542128566,5.0
892,0.0,850.423706,708.531006,1725.690918,0.8972170908,-0.3055877929,0.3187751448,0.0938615993,773.567073443,1828.8445216125,5.0
893,0.0,853.71344,707.545959,1723.138672,0.8972170908,-0.3055877929,0.3187751448,0.0931810063,768.9419561992,1824.2112322187,5.0
894,0.0,857.223694,706.387512,1720.825317,0.8972170908,-0.3055877929,0.3187751448,0.092457945,763.9220711501,1819.030071703,5.0
895,0.0,859.865051,705.574463,1719.148926,0.8972170908,-0.3055877929,0.3187751448,0.0919463581,760.2800782885,1815.1438757248,5.0
896,0.0,863.658142,704.391052,1716.705688,0.8972170908,-0.3055877929,0.3187751448,0.091126561,754.6913584224,1809.4988823248,5.0
897,0.0,867.001709,703.426331,1714.615601,0.8972170908,-0.3055877929,0.3187751448,0.0904513946,749.9663454665,1804.5494296291,5.0
898,0.0,869.926758,702.724365,1713.185669,0.8972170908,-0.3055877929,0.3187751448,0.0898827073,745.9619851442,1800.3154368355,5.0
899,0.0,873.591797,701.760681,1711.284668,0.8972170908,-0.3055877929,0.3187751448,0.0891957958,741.0283678981,1794.9590599825,5.0
900,0.0,876.920349,700.916321,1709.677856,0.8972170908,-0.3055877929,0.3187751448,0.0885960506,736.6531090578,1790.1095333138,5.0
901,0.0,880.202026,700.021057,1708.017578,0.8972170908,-0.3055877929,0.3187751448,0.0880168685,732.3743043847,1785.2872924866,5.0
902,0.0,883.620667,698.998901,1706.13147,0.8972170908,-0.3055877929,0.3187751448,0.0873539469,727.6678035307,1780.2237429263,5.0
903,0.0,887.214355,697.93335,1704.118774,0.8972170908,-0.3055877929,0.3187751448,0.0866883396,722.8611364944,1774.9318179532,5.0
904,0.0,890.075256,697.054443,1702.372681,0.8972170908,-0.3055877929,0.3187751448,0.0861391582,718.9346906699,1770.6549996034,5.0
905,0.0,893.647278,695.981201,1700.21582,0.8972170908,-0.3055877929,0.3187751448,0.0854737884,714.1497080659,1765.3959586859,5.0
906,0.0,899.982178,694.034912,1696.091553,0.8971940924,-0.3088274466,0.3157029756,0.0825282891,698.5411593869,1756.0064107488,5.0
907,0.0,901.882233,693.428833,1694.7961425,0.8969022007,-0.310808551,0.3145778299,0.0813317992,692.5392545286,1753.162086084,5.0
908,0.0,903.782288,692.822754,1693.500732,0.896610309,-0.3127896554,0.3134526842,0.0801353092,686.5373496704,1750.3177614191,5.0
909,0.0,907.273743,691.561951,1691.203003,0.8959120013,-0.3175586367,0.3106415912,0.0774065855,673.1342601864,1744.8938605223,5.0
910,0.0,913.346008,689.527893,1686.483276,0.8940965485,-0.3266626999,0.3064030719,0.0728335407,650.3132077743,1735.7902670502,5.0
911,0.0,916.963074,688.188477,1684.007812,0.8929561478,-0.3324270463,0.3035153652,0.0699645174,635.7725873697,1730.1359505422,5.0
912,0.0,919.930298,687.081177,1681.830322,0.8915059327,-0.3378619365,0.3017722383,0.0676671335,623.9465297254,1725.5101314021,5.0
913,0.0,923.967957,685.567993,1678.830078,0.8897135936,-0.3444867772,0.299563986,0.0648447549,609.0242974989,1719.2510059023,5.0
914,0.0,926.846008,684.417053,1677.064819,0.8884737458,-0.3490039972,0.2980110955,0.0629495311,598.7552774279,1714.6782402771,5.0
915,0.0,930.518555,682.914856,1676.742676,0.8864996048,-0.355683698,0.2959857389,0.0606855669,586.2116129088,1708.7856809492,5.0
916,0.0,933.337708,681.688904,1676.800537,0.8847897263,-0.3617989025,0.2936812802,0.058646573,575.0329803603,1704.19438789,5.0
917,0.0,936.826294,680.117737,1676.91687,0.8817642352,-0.3708133643,0.2915292135,0.0561182367,560.954805637,1698.403758094,5.0
918,0.0,940.367615,678.64978,1676.952271,0.8790038947,-0.3795105831,0.2886587438,0.0536225657,546.8356258623,1692.6590026525,5.0
919,0.0,942.929321,677.22168,1677.381714,0.8763137995,-0.3873784971,0.2863774166,0.051502702,534.7626892309,1688.0922953391,5.0
920,0.0,946.640198,675.315857,1677.617188,0.8708008845,-0.4019370163,0.283112088,0.0482844662,516.2344510616,1681.6476594263,5.0
921,0.0,949.422668,673.812622,1677.754517,0.8646997232,-0.4171089999,0.2798472278,0.0453491408,499.2180360385,1676.7609006728,5.0
922,0.0,952.837463,671.934204,1677.880981,0.8571340934,-0.4350328677,0.2758034626,0.0422462211,480.4787722441,1670.710629342,5.0
923,0.0,955.404602,670.47821,1677.953979,0.8489950615,-0.453014438,0.2720023979,0.0396923013,464.7508759369,1666.1149248617,5.0
924,0.0,958.964478,668.442871,1678.003296,0.8361913061,-0.4797392406,0.2657712563,0.0366060762,444.9576943044,1659.7336908396,5.0
925,0.0,961.599976,666.90686,1678.009766,0.8244316004,-0.5026133717,0.2601775063,0.034686063,432.0709349523,1654.8612303456,5.0
926,0.0,964.863892,665.014526,1677.964355,0.8096722795,-0.5294938521,0.2531147178,0.0333160334,422.0183055227,1648.6837472633,5.0
927,0.0,968.108459,663.220276,1677.996948,0.7932682015,-0.556920967,0.2460987546,0.0331374865,419.321661069,1642.4816033528,5.0
928,0.0,970.608093,661.676697,1677.846069,0.7824846101,-0.5736634242,0.242132424,0.0337823479,422.0323427069,1637.5140084929,5.0
929,0.0,974.078674,659.703369,1677.591797,0.7710187145,-0.590410558,0.2386325939,0.0350471038,427.9285621727,1630.6814668476,5.0
930,0.0,977.04718,658.06543,1677.27417,0.7643237563,-0.600124003,0.2359245146,0.0358438716,431.1115974987,1624.7788096167,5.0
931,0.0,979.761292,656.557434,1676.953003,0.7607716238,-0.6049713346,0.2350238728,0.0364733897,433.3508796519,1619.3220264003,5.0
932,0.0,982.652283,654.938904,1676.654785,0.7592544023,-0.6069298064,0.2348807415,0.0368288968,433.8251008468,1613.3970006634,5.0
933,0.0,985.490356,653.217468,1676.667847,0.7590119163,-0.6072330131,0.2348807754,0.0369781318,433.0742341549,1607.412326436,5.0
934,0.0,989.155701,651.004944,1676.260742,0.7590119163,-0.6072330131,0.2348807754,0.0370483735,431.3551886373,1599.5420250747,5.0
935,0.0,991.789246,649.347412,1675.703125,0.7590119163,-0.6072330131,0.2348807754,0.0370466397,429.783153889,1593.7492283917,5.0
936,0.0,994.963989,647.249084,1675.468506,0.7590119163,-0.6072330131,0.2348807754,0.037115304,428.2506616944,1586.6244306653,5.0
937,0.0,997.518494,645.52771,1675.335815,0.7590119163,-0.6072330131,0.2348807754,0.0371625823,426.9515731817,1580.8239674724,5.0
938,0.0,1000.851807,643.259399,1675.362061,0.7590119163,-0.6072330131,0.2348807754,0.0372625541,425.4523723607,1573.1985449368,5.0
939,0.0,1003.329102,641.644104,1675.431885,0.7590119163,-0.6072330131,0.2348807754,0.0373435193,424.3666414856,1567.5141488464,5.0
940,0.0,1006.423645,639.638184,1675.593628,0.7590119163,-0.6072330131,0.2348807754,0.0374542304,423.044641539,1560.3637870092,5.0
941,0.0,1008.822205,638.072205,1675.775391,0.7590119163,-0.6072330131,0.2348807754,0.0375478015,422.0474294313,1554.7818407109,5.0
942,0.0,1011.989929,635.993469,1676.249146,0.7590119163,-0.6072330131,0.2348807754,0.0377203845,420.9918955428,1547.4094113426,5.0
943,0.0,1015.253784,633.737488,1676.380249,0.7590119163,-0.6072330131,0.2348807754,0.0378677217,419.6948807524,1539.6958623121,5.0
944,0.0,1017.68634,632.25116,1677.142944,0.7590119163,-0.6072330131,0.2348807754,0.038046782,419.1313193783,1534.0758243489,5.0
945,0.0,1023.307373,628.582703,1677.882324,0.7590119163,-0.6072330131,0.2348807754,0.0382792461,416.7775410446,1520.9117903529,5.0
946,0.0,1026.507935,626.499207,1678.22522,0.7590119163,-0.6072330131,0.2348807754,0.0384039213,415.3791112431,1513.3942330781,5.0
947,0.0,1028.0477295,625.398499,1678.260376,0.7590119163,-0.6072330131,0.2348807754,0.038447366,414.5853122575,1509.6674764827,5.0
948,0.0,1032.240112,622.723328,1678.581909,0.7590119163,-0.6072330131,0.2348807754,0.0386739482,413.1144295407,1499.9825633961,5.0
949,0.0,1035.533813,620.50415,1678.538086,0.7590119163,-0.6072330131,0.2348807754,0.0388631522,412.0126037021,1492.407901817,5.0
950,0.0,1037.045776,619.383972,1678.545471,0.7590119163,-0.6072330131,0.2348807754,0.0389481043,411.4680761225,1488.8461414247,5.0
951,0.0,1041.152588,616.653931,1678.373291,0.7590119163,-0.6072330131,0.2348807754,0.0392297957,410.3788516954,1479.665675887,5.0
952,0.0,1044.38269,614.389832,1678.184448,0.7590119163,-0.6072330131,0.2348807754,0.0394276729,409.3843504622,1472.4455040034,5.0
953,0.0,1046.691162,612.608582,1678.214966,0.7590119163,-0.6072330131,0.2348807754,0.0395889909,408.7073462242,1467.0727878292,5.0
954,0.0,1049.698608,610.424683,1677.842896,0.7590119163,-0.6072330131,0.2348807754,0.0397999469,407.9260089734,1460.4609579525,5.0
955,0.0,1052.773926,608.173645,1677.508911,0.7600616558,-0.6059185595,0.2348807754,0.0397605501,405.8358613458,1453.6828471273,5.0
956,0.0,1055.204224,606.38208,1677.328247,0.7628371794,-0.6024204869,0.2348808094,0.0392464324,401.7664173338,1448.3116799799,5.0
957,0.0,1058.509033,604.001587,1676.977905,0.7695354729,-0.593840195,0.2348807754,0.0378449829,392.7006122653,1441.0888702908,5.0
958,0.0,1061.174683,602.007568,1676.915039,0.7788734249,-0.5802525697,0.2380402136,0.0365491073,384.4939184091,1435.2946498809,5.0
959,0.0,1064.30835,599.684937,1676.935547,0.7964035692,-0.5545637584,0.241247576,0.0340465136,369.5644114251,1428.457094483,5.0
960,0.0,1066.999023,597.7276,1677.00415,0.8160535554,-0.5243948653,0.2430362524,,,,
961,0.0,1069.507568,595.897034,1677.183228,0.8373691896,-0.4895281603,0.2432591633,,,,
962,0.0,1072.93103,593.50415,1677.464355,0.8726979652,-0.42385062,0.2423817513,,,,
963,0.0,1075.796509,591.915466,1677.395386,0.9008906542,-0.3638542373,0.2366561284,,,,
964,0.0,1078.828979,589.853027,1677.989258,0.9316813801,-0.2847735816,0.2255522404,,,,
965,0.0,1081.756348,588.428406,1677.911255,0.9515675972,-0.219548708,0.2152149457,,,,
966,0.0,1085.277588,586.685852,1678.096924,0.9710253852,-0.127945884,0.2018404122,,,,
967,0.0,1088.081055,585.469543,1678.507202,0.9796192003,-0.0620394836,0.1910427304,,,,
968,0.0,1091.521851,584.336426,1678.578003,0.9833895403,0.0018696956,0.1814979788,,,,
969,0.0,1094.823242,583.638306,1678.524048,0.9829727525,0.062028943,0.1729652513,,,,
970,0.0,1097.938843,582.698608,1678.507812,0.9802711591,0.1062035172,0.1667011326,,,,
971,0.0,1101.67334,581.617249,1678.530029,0.9763714762,0.1442936689,0.1608666456,,,,
972,0.0,1104.49707,580.870789,1678.46582,0.97339577,0.1663548994,0.1575649781,,,,
973,0.0,1108.149414,580.037231,1678.381592,0.9705946352,0.1840975429,0.1550940003,,,,
974,0.0,1111.144897,579.503113,1678.561646,0.9694627667,0.1907368823,0.1541472861,,,,
975,0.0,1114.269409,579.086731,1678.151733,0.9690779841,0.1928527117,0.1539340519,,,,
976,0.0,1117.760376,578.804871,1677.335815,0.9690214254,0.1931366997,0.1539340519,,,,
977,0.0,1121.517334,578.529053,1676.874878,0.9690214254,0.1931366997,0.1539340519,,,,
978,0.0,1124.509521,578.331604,1676.543091,0.9690214254,0.1931366997,0.1539340519,,,,
979,0.0,1128.910767,578.129944,1676.038818,0.9690214254,0.1931366997,0.1539340519,,,,
980,0.0,1132.036743,578.078796,1675.928711,0.9690214254,0.1931366997,0.1539340519,,,,
981,0.0,1133.794556,578.056091,1675.810913,0.9690214254,0.1931366997,0.1539340519,,,,
982,0.0,1138.657593,578.214539,1675.802246,0.9690214254,0.1931366997,0.1539340519,,,,
983,0.0,1141.871216,578.392395,1675.841187,0.9690214254,0.1931366997,0.1539340519,,,,
984,0.0,1146.050659,578.615906,1675.870972,0.9690214254,0.1931366997,0.1539340519,,,,
985,0.0,1149.114014,579.002625,1676.139771,0.9690214254,0.1931366997,0.1539340519,,,,
986,0.0,1152.841309,579.450317,1676.585449,0.9691934123,0.1922717795,0.1539340519,,,,
987,0.0,1155.980347,579.836426,1676.821777,0.9693605607,0.1914273134,0.1539340346,,,,
988,0.0,1159.919556,580.410095,1677.414917,0.9700833153,0.1885659733,0.1529092382,,,,
989,0.0,1165.466797,581.352905,1678.187744,0.9709662035,0.1842696726,0.1525428447,,,,
990,0.0,1167.798645,581.67572,1678.2901,0.971376544,0.182320963,0.15225843,,,,
991,0.0,1170.130493,581.998535,1678.392456,0.9717868845,0.1803722533,0.1519740153,,,,
992,0.0,1176.584961,583.305786,1679.046753,0.9734865492,0.1709878485,0.1519443788,,,,
993,0.0,1179.820557,583.803101,1679.175537,0.9745188728,0.1650026437,0.1519443788,,,,
994,0.0,1183.073975,584.4151,1679.167725,0.9756497456,0.1581786157,0.151944396,,,,
995,0.0,1186.762085,585.208069,1679.160645,0.9771569925,0.1485837238,0.1519443615,,,,
996,0.0,1190.411499,585.993042,1678.886841,0.9783959514,0.1401936806,0.1519443788,,,,
997,0.0,1193.583374,586.548706,1678.548096,0.9795694365,0.131744504,0.1519444133,,,,
998,0.0,1197.831055,586.996582,1678.490112,0.9809144292,0.1213251561,0.1519443615,,,,
999,0.0,1201.013672,587.356934,1678.322998,0.9817367298,0.1144809303,0.1519444305,,,,
1000,0.0,1204.163452,587.723328,1677.940918,0.9823364236,0.1092156667,0.1519443615,,,,
1001,0.0,1207.393066,588.081726,1677.656982,0.9829629284,0.103425273,0.1519443788,,,,
1002,0.0,1211.20752,588.465637,1677.395142,0.9834274767,0.0978311088,0.1526416464,,,,
1003,0.0,1214.916016,588.819641,1677.314697,0.9838463105,0.0923432153,0.1533596033,,,,
1004,0.0,1218.389038,589.156006,1677.28186,0.984149235,0.088280758,0.1538076428,,,,
1005,0.0,1222.286255,589.423035,1677.325684,0.9843780929,0.0840677398,0.1547009543,,,,
1006,0.0,1226.18042,589.615295,1677.515015,0.984776707,0.0789088728,0.1548813326,,,,
1007,0.0,1229.654297,589.821472,1677.70166,0.9848747375,0.0758952039,0.155761579,,,,
1008,0.0,1233.190552,589.95813,1677.983276,0.9851454752,0.0721519725,0.1558283847,,,,
1009,0.0,1236.181763,589.870972,1678.391235,0.9853223957,0.0696943455,0.1558283502,,,,
1010,0.0,1239.818848,589.930908,1678.561401,0.9855244567,0.0667763122,0.155828333,,,,
1011,0.0,1243.393433,590.224915,1678.582275,0.9855918041,0.0638787883,0.156615121,,,,
1012,0.0,1247.268921,590.32373,1678.742798,0.985815883,0.0599043904,0.1567753453,0.1489793126,593.6776368462,1130.5299456478,5.0
1013,0.0,1250.979614,590.246338,1678.843384,0.9860454556,0.0559987629,0.1567753109,0.1466766674,586.5811757426,1125.0504768172,5.0
1014,0.0,1254.181519,590.338867,1678.77002,0.9861473621,0.051748447,0.1575927613,0.144318184,579.7487894555,1120.2825382269,5.0
1015,0.0,1257.928345,590.515198,1678.69458,0.9863784991,0.0467032382,0.1577221102,0.1414905207,571.6557851796,1114.7783873157,5.0
1016,0.0,1261.614136,590.756348,1678.637451,0.9866399815,0.0408076788,0.1577221619,0.1381929555,562.6812360194,1109.3080015688,5.0
1017,0.0,1265.003296,590.889465,1678.304321,0.9868524181,0.0352991486,0.1577221446,0.135112175,554.2824085175,1104.2247981016,5.0
1018,0.0,1268.563354,591.142578,1677.947754,0.9869220631,0.0286365994,0.1586341277,0.1316331708,544.9823024085,1098.926519261,5.0
1019,0.0,1271.455078,591.335693,1677.738037,0.9870419087,0.0239263824,0.1586688334,0.129067846,537.9143498838,1094.6494913087,5.0
1020,0.0,1275.380737,591.611389,1677.298218,0.987175286,0.0175826783,0.1586688506,0.1255383652,528.1561388201,1088.769182166,5.0
1021,0.0,1278.399658,591.769226,1677.234131,0.9872501074,0.0127051683,0.1586688506,0.1229396129,520.9497667167,1084.4531759201,5.0
1022,0.0,1282.635986,592.028259,1676.772583,0.9873087561,0.0067543634,0.1586688334,0.1195789831,511.1806786954,1078.0017208352,5.0
1023,0.0,1284.6427,593.646484,1676.54834,0.9873298891,0.0019712925,0.1586688506,0.1173414731,505.2152896619,1074.8922697905,5.0
1024,0.0,1287.675903,594.847107,1676.378296,0.9873263433,-0.003298804,0.1586688679,0.1146591527,497.6549800329,1070.3579814585,5.0
1025,0.0,1290.800049,595.292786,1676.351929,0.9873083368,-0.0068145712,0.1586688679,0.112846798,491.8762760153,1065.8784383419,5.0
1026,0.0,1293.828491,596.102295,1676.026245,0.9872546756,-0.0123450962,0.1586688506,0.1099574909,483.8278465229,1061.3109958147,5.0
1027,0.0,1294.975342,596.131165,1675.761719,0.9871690167,-0.0179310568,0.1586688679,0.1063607101,474.7845695304,1057.9310260599,5.0
1028,0.0,1295.558716,596.135071,1675.591309,0.9870600395,-0.0231663488,0.1586688334,0.1030499476,466.7444819805,1055.6679990167,5.0
1029,0.0,1296.61731,596.127502,1675.507812,0.9869458483,-0.0276061469,0.1586688162,0.1003216738,459.6458475574,1052.897083005,5.0
1030,0.0,1297.985474,596.098389,1675.538208,0.9867177621,-0.0348175917,0.1586688162,0.0963641972,449.4474324232,1049.3711441699,5.0
1031,0.0,1303.529053,593.340515,1675.127686,0.9864859265,-0.0408620507,0.1586688679,0.0928034665,438.2478392833,1041.6935135755,5.0
1032,0.0,1306.510864,593.257324,1674.758301,0.9860107422,-0.0510589623,0.1586688334,0.0872416923,422.8717136599,1035.1816062578,5.0
1033,0.0,1307.2351685,593.177551,1674.505371,0.9857970594,-0.0548961912,0.1586688248,0.0852891433,417.6080959938,1033.4597526481,5.0
1034,0.0,1307.959473,593.097778,1674.252441,0.9855833765,-0.0587334202,0.1586688162,0.0833365942,412.3444783277,1031.7378990384,5.0
1035,0.0,1309.43689,592.827698,1674.186523,0.9843715928,-0.0763987114,0.1586688506,0.0752335238,390.6734474021,1026.6423372498,5.0
1036,0.0,1310.208862,592.664612,1674.185547,0.9833787977,-0.0882629118,0.1586688334,0.0702902846,377.1078907346,1023.9340313685,5.0
1037,0.0,1311.138184,592.448792,1674.175171,0.9817625081,-0.1047214355,0.1586688334,0.0639126253,359.0540434686,1020.713871374,5.0
1038,0.0,1311.605347,592.3901675,1674.558777,0.9809440335,-0.1118966104,0.1586688334,0.0612688141,351.1675626116,1019.1295419382,5.0
1039,0.0,1312.824341,592.048523,1674.568481,0.9787295838,-0.1310205492,0.1578670879,0.0541843225,329.5608107056,1014.9575762996,5.0
1040,0.0,1313.840454,591.789124,1674.382202,0.9768305073,-0.144657821,0.1577221446,0.0493913783,313.9897744993,1011.5907796106,5.0
1041,0.0,1314.456177,591.585876,1674.412231,0.9753662417,-0.1542219288,0.1577221963,0.046143031,302.9933686157,1009.0987776897,5.0
1042,0.0,1315.285156,591.313904,1674.401245,0.9734094117,-0.1652910068,0.1585969747,0.0426657235,290.654745296,1005.7854759988,5.0
1043,0.0,1315.986084,591.178101,1674.377075,0.9719569945,-0.1728501228,0.1594441469,0.0403910346,282.2360064327,1003.1946806133,5.0
1044,0.0,1316.878296,590.922974,1674.358643,0.9702561736,-0.1812329273,0.1604916933,0.0379603177,272.8988659313,999.9606680842,5.0
1045,0.0,1317.738037,590.805908,1674.398682,0.9693536651,-0.1851825965,0.161433819,0.0367224941,267.7264864521,997.0901092218,5.0
1046,0.0,1318.548828,590.650391,1674.401123,0.9689896463,-0.1870140577,0.1615079178,0.0358799371,263.9841175875,994.4156404971,5.0
1047,0.0,1319.378662,590.522766,1674.36377,0.9686689586,-0.1886680713,0.1615079178,0.0350646575,260.3218185501,991.748692936,5.0
1048,0.0,1320.523193,590.338074,1674.363403,0.9684027783,-0.1900295632,0.1615079694,0.0342617274,256.4495384255,988.1763305845,5.0
1049,0.0,1321.402222,590.192139,1674.360962,0.9682405211,-0.1908545906,0.1615079522,0.0336681303,253.5547008536,985.4481033644,5.0
1050,0.0,1322.518555,589.993347,1674.309326,0.9677329572,-0.1926945082,0.1623630191,0.0329521404,250.0268910877,982.0586891285,5.0
1051,0.0,1323.451904,589.83783,1674.269897,0.9675329763,-0.1936198124,0.1624540179,0.032400506,247.2650426534,979.3061333231,5.0
1052,0.0,1324.636353,589.616821,1674.222656,0.9671478413,-0.1955345115,0.1624540179,0.0315292042,243.1086102071,975.8416445634,5.0
1053,0.0,1325.581543,589.437805,1674.127075,0.9669702133,-0.1964110736,0.1624539835,0.030950492,240.2126238521,973.0468037738,5.0
1054,0.0,1326.807495,589.21991,1674.006348,0.9669359883,-0.1965794663,0.1624540179,0.0304121848,237.2848811864,969.5240412169,5.0
1055,0.0,1327.739136,589.100403,1673.928467,0.9669359883,-0.1965794663,0.1624540179,0.0300382349,235.215238215,966.9396081854,5.0
1056,0.0,1328.936768,588.851562,1673.813965,0.9669359883,-0.1965794663,0.1624540179,0.0295259082,232.3796945297,963.4100647692,5.0
1057,0.0,1330.058838,588.578369,1673.691406,0.9669359883,-0.1965794663,0.1624540179,0.0290502606,229.7418244906,960.1238874848,5.0
1058,0.0,1331.223022,588.324341,1673.606689,0.9669359883,-0.1965794663,0.1624540179,0.0285616531,227.0057640398,956.6511874961,5.0
1252,0.0,395.042694,-401.932892,1676.586914,-0.865993445,0.5000553501,0.0,0.0238179795,86.8036390621,400.1031787589,6.0
1253,0.0,394.787354,-402.098389,1676.504883,-0.865993445,0.5000553501,0.0,0.024019207,87.1610196729,400.0843935335,6.0
1254,0.0,394.875153,-402.089294,1676.56604,-0.865993445,0.5000553501,0.0,0.023738434,86.7704086251,400.6114864607,6.0
1255,0.0,395.249756,-401.765289,1676.584595,-0.8003479114,0.5995353427,0.0007704406,0.0046422682,38.622035519,401.2912241375,6.0
1256,0.0,398.898224,-400.615875,1676.64856,-0.1539833095,0.9880434484,0.0076996359,,,,
1257,0.0,404.713379,-402.793671,1677.876221,0.7243740265,0.6892168937,0.0161970118,0.0585611759,547.0611239312,1622.4417151158,5.0
1258,0.0,404.626251,-401.967743,1677.74353,0.7357457796,0.6770616874,0.0162978262,0.0529308157,520.032201649,1619.8889843861,5.0
1259,0.0,398.611908,-398.573181,1677.869141,-0.7899901048,0.6131189467,0.000889664,0.0016811709,23.536618083,406.0745142069,6.0
1260,0.0,398.424469,-399.47113,1677.870117,-0.865993445,0.5000553501,0.0,0.0189963199,79.0151231121,407.3172875094,6.0
1261,0.0,398.492523,-399.510437,1677.835083,-0.865993445,0.5000553501,0.0,0.0185687431,78.389636596,408.6748311327,6.0
1262,0.0,398.518585,-399.525482,1677.794312,-0.865993445,0.5000553501,0.0,0.0182195936,77.9134690692,410.0298113028,6.0
1263,0.0,396.798737,-398.532379,1677.828125,-0.865993445,0.5000553501,0.0,0.0180849863,77.5325230021,409.5267835574,6.0
1264,0.0,396.746246,-398.502045,1677.829468,-0.865993445,0.5000553501,0.0,0.0177620651,77.1024982523,410.9072749071,6.0
1265,0.0,396.770355,-398.515991,1677.840454,-0.865993445,0.5000553501,0.0,0.0177307095,77.0999757372,411.2537373254,6.0
1266,0.0,396.83988175,-398.556137,1677.8716125,-0.865993445,0.5000553501,0.0,0.0175967944,76.974911178,412.1514580097,6.0
1267,0.0,396.9094085,-398.596283,1677.902771,-0.865993445,0.5000553501,0.0,0.0174628792,76.8498466189,413.049178694,6.0
1268,0.0,396.97893525,-398.636429,1677.9339295,-0.865993445,0.5000553501,0.0,0.0173289641,76.7247820597,413.9468993782,6.0
1269,0.0,397.048462,-398.676575,1677.965088,-0.8413569964,0.5389061193,-0.041214065,0.0106349919,60.3408303549,414.8446200625,6.0
1270,0.0,397.3952865,-398.88090525,1678.1014405,-0.8475161085,0.529193427,-0.0309105488,0.0116613882,63.4408153236,417.4380575333,6.0
1271,0.0,397.742111,-399.0852355,1678.237793,-0.8536752207,0.5194807347,-0.0206070325,0.0126877845,66.5408002923,420.0314950042,6.0
1272,0.0,398.0889355,-399.28956575,1678.3741455,-0.8598343328,0.5097680424,-0.0103035162,0.0137141808,69.640785261,422.624932475,6.0
1273,0.0,398.315765,-400.955383,1678.755249,-0.8627852785,0.5055307043,-0.0063458873,0.0124486429,68.2744629832,434.0483486567,6.0
1274,0.0,398.2128903333,-400.6976213333,1678.7015786667,-0.8617647096,0.5072244719,-0.0083233847,0.0120638701,67.2251497325,434.2164832167,6.0
1275,0.0,398.1100156667,-400.4398596667,1678.6479083333,-0.8607441406,0.5089182394,-0.0103008821,0.0116790974,66.1758364818,434.3846177767,6.0
1276,0.0,398.007141,-400.182098,1678.594238,-0.7923903213,0.5967940289,-0.1263109883,0.0089706238,58.0754603269,434.5527523367,6.0
1277,0.0,398.010712,-402.07196,1678.944824,-0.8174671089,0.5715645098,-0.07114448,0.0051085874,44.8339953729,444.1170009165,6.0
1278,0.0,397.9803366667,-402.0233353333,1678.9358723333,-0.8154532653,0.5740842428,-0.0736853642,0.0050652601,44.6913591528,444.6009650975,6.0
1279,0.0,397.9499613333,-401.9747106667,1678.9269206667,-0.8134394217,0.5766039757,-0.0762262483,0.0050219328,44.5487229327,445.0849292785,6.0
1280,0.0,397.919586,-401.926086,1678.917969,-0.8022736239,0.5828153964,-0.1291636408,0.0098609215,62.4187875469,445.5688934595,6.0
1281,0.0,397.8296355,-402.065765,1678.96960475,-0.7978173194,0.589191385,-0.1270682039,0.009338178,60.9926311288,448.1367483425,6.0
1282,0.0,397.739685,-402.205444,1679.0212405,-0.793361015,0.5955673736,-0.124972767,0.0088154345,59.5664747107,450.7046032256,6.0
1283,0.0,397.6497345,-402.345123,1679.07287625,-0.7889047106,0.6019433621,-0.1228773302,0.0082926911,58.1403182926,453.2724581087,6.0
1284,0.0,397.232544,-402.562897,1679.396484,-0.8022736239,0.5828153964,-0.1291636408,,,,
1285,0.0,397.2231546667,-402.564321,1679.405314,-0.8022736239,0.5828153964,-0.1291636408,,,,
1286,0.0,397.2137653333,-402.565745,1679.414144,-0.8022736239,0.5828153964,-0.1291636408,,,,
1287,0.0,397.204376,-402.567169,1679.422974,-0.8022736239,0.5828153964,-0.1291636408,,,,
1288,0.0,397.079315,-402.316315,1679.530151,-0.8022736239,0.5828153964,-0.1291636408,,,,
1289,0.0,396.60496,-401.9478353333,1678.973185,-0.8022736239,0.5828153964,-0.1291636408,,,,
1290,0.0,396.130605,-401.5793556667,1678.416219,-0.8022736239,0.5828153964,-0.1291636408,,,,
1291,0.0,395.65625,-401.210876,1677.859253,-0.802669302,0.5807547748,-0.1358156222,,,,
1292,0.0,393.977386,-399.474854,1678.395874,-0.8022736239,0.5828153964,-0.1291636408,,,,
1293,0.0,393.891001,-399.461782,1678.5629476667,-0.8022736239,0.5828153964,-0.1291636408,,,,
1294,0.0,393.804616,-399.44871,1678.7300213333,-0.8022736239,0.5828153964,-0.1291636408,,,,
1295,0.0,388.485535,-394.924713,1675.948242,-0.8022736239,0.5828153964,-0.1291636408,,,,
1296,0.0,387.7586215,-394.1599425,1675.8302,-0.8023746598,0.5823039534,-0.1308204655,,,,
1297,0.0,385.212982,-392.229462,1675.348755,-0.806288403,0.5749689595,-0.1389593707,,,,
1298,0.0,382.42627,-390.652466,1675.113892,-0.8246362108,0.5476763182,-0.1415124385,,,,
1299,0.0,380.464386,-389.632996,1675.244385,-0.8485022789,0.512383992,-0.1323122344,,,,
1300,0.0,378.713501,-388.721527,1675.373291,-0.8768228134,0.4658651725,-0.1189596354,,,,
1301,0.0,376.600586,-387.653351,1675.528564,-0.9125944148,0.3970845117,-0.0974439562,,,,
1302,0.0,374.472015,-386.59314,1675.698242,-0.9456277989,0.3162956651,-0.075796558,,,,
1303,0.0,372.138336,-385.624634,1675.867554,-0.9760090011,0.2101731949,-0.0568652616,,,,
1304,0.0,369.558167,-385.227966,1676.007568,-0.9916532309,0.1204637738,-0.0459602968,,,,
1305,0.0,367.953217,-385.037048,1676.007202,-0.9973619195,0.0608183695,-0.0396273577,,,,
1306,0.0,367.4454553333,-384.9919533333,1676.0579426667,-0.9980565637,0.0400033035,-0.0375004678,,,,
1307,0.0,366.9376936667,-384.9468586667,1676.1086833333,-0.9987512078,0.0191882376,-0.0353735778,,,,
1308,0.0,366.429932,-384.901764,1676.159424,-0.9792334937,-0.2026994278,-0.0038349502,,,,
1309,0.0,356.606384,-383.387878,1676.357666,-0.9759952679,-0.2165635674,-0.0230967154,,,,
1310,0.0,353.933167,-383.033417,1676.417969,-0.9736206998,-0.2273202705,-0.0197034921,,,,
2422,0.0,-174.728378,120.500412,1676.448242,0.9897042885,0.1427382391,0.0105459216,,,,
2423,0.0,-174.185989,120.578644,1675.591064,0.9897042885,0.1427382391,0.0105459216,,,,
2424,0.0,-173.540146,120.671799,1673.87793,0.9897042885,0.1427382391,0.0105459216,,,,
2425,0.0,-173.104126,120.734673,1673.058838,0.9897042885,0.1427382391,0.0105459216,,,,
2426,0.0,-170.638107,121.104279,1670.537354,0.989791307,0.1420829834,0.011206891,,,,
2427,0.0,-169.382462,121.306778,1669.300171,0.9899454501,0.1409810266,0.0115046076,,,,
2428,0.0,-168.987534,121.377991,1667.574829,0.9900552323,0.1402079918,0.0115046076,,,,
2429,0.0,-167.984161,121.535706,1665.116821,0.9903522149,0.1380946577,0.0115046076,,,,
2430,0.0,-167.421875,121.627663,1663.612061,0.9904639226,0.137291158,0.0115046076,,,,
2431,0.0,-167.023132,121.707603,1661.346069,0.9904985303,0.1370412548,0.0115046076,,,,
2432,0.0,-166.348999,121.819618,1660.136597,0.9906179633,0.1360909287,0.0124623405,,,,
2433,0.0,-165.475372,121.954239,1660.122314,0.9906180778,0.1360900108,0.0124632655,,,,
2434,0.0,-164.348297,122.129234,1660.035645,0.9906180778,0.1360900108,0.0124632655,,,,
2435,0.0,-163.079651,122.322922,1659.961182,0.9906180778,0.1360900108,0.0124632655,,,,
2481,0.0,-89.198822,133.834503,1660.031738,0.9743499452,0.2198772333,0.0479185418,0.0924785451,721.479490279,1717.7848961103,7.0
2482,0.0,-89.192688,134.524658,1662.429565,0.9743499452,0.2198772333,0.0479185418,0.0916472409,717.1338046896,1714.7908957411,7.0
2483,0.0,-89.209671,134.986633,1663.99231,0.9743499452,0.2198772333,0.0479185418,0.091019926,713.9531384102,1712.7767943987,7.0
2484,0.0,-89.095573,135.438217,1666.18811,0.9743499452,0.2198772333,0.0479185418,0.0902810333,709.9335266134,1709.7581984886,7.0
2485,0.0,-88.946503,135.509109,1666.869629,0.9743499452,0.2198772333,0.0479185418,0.0897740964,707.0613032293,1707.415356383,7.0
2486,0.0,-86.378777,136.036316,1669.067383,0.9727419474,0.2263432206,0.0504167648,0.0866906726,693.2026869454,1702.0858328046,7.0
2487,0.0,-82.442123,137.000504,1671.564209,0.9697122416,0.2382913283,0.0536228625,0.0817157063,671.3322794402,1695.6190020202,7.0
2488,0.0,-79.550774,137.64064,1672.675903,0.9676757352,0.2457503646,0.0566606554,0.0785951993,656.905225314,1690.4225243032,7.0
2489,0.0,-75.885323,138.153732,1674.335327,0.9658898575,0.2522761548,0.0584253783,0.075964636,643.7371878563,1683.8226329882,7.0
2490,0.0,-73.626938,138.68013,1675.351074,0.9647959002,0.2560689552,0.0599796727,0.0744903289,636.1572008427,1679.7383951033,7.0
2491,0.0,-70.55172,139.560455,1675.101685,0.9638217865,0.2594246108,0.0612081301,0.073000894,627.5346550201,1673.1422593291,7.0
2492,0.0,-67.121544,140.7444,1674.671997,0.9632514151,0.261508085,0.0613207363,0.0721213991,621.4867816607,1666.7097773652,7.0
2493,0.0,-65.057037,141.427612,1674.376831,0.9632274218,0.2615964473,0.0613207363,0.0720621952,619.8710458349,1663.0338812705,7.0
2494,0.0,-61.483734,142.483353,1674.370972,0.9632274218,0.2615964473,0.0613207363,0.0719398436,616.6206070991,1655.6670277431,7.0
2495,0.0,-58.315723,143.442215,1673.979858,0.9632274218,0.2615964473,0.0613207363,0.0718148115,613.7771802619,1649.4127757063,7.0
2496,0.0,-52.927826,144.739731,1671.082031,0.9632274218,0.2615964473,0.0613207363,0.0714606332,608.279915754,1638.5352656609,7.0
2497,0.0,-51.464844,145.0144425,1670.324646,0.9632274218,0.2615964473,0.0613207363,0.07136074,606.8259308294,1635.7185052229,7.0
2498,0.0,-50.001862,145.289154,1669.567261,0.9632274218,0.2615964473,0.0613207363,0.0712608469,605.3719459047,1632.9017447848,7.0
2499,0.0,-47.409641,145.724274,1668.054565,0.9632274218,0.2615964473,0.0613207363,0.0710182482,602.5125502988,1627.8600325089,7.0
2746,0.0,-586.819885,-537.015564,1787.378296,0.126501092,-0.9896970528,-0.0670612953,,,,
2747,0.0,-586.819885,-537.015564,1787.378296,0.126501092,-0.9896970528,-0.0670612953,,,,
2748,0.0,-586.819885,-537.015564,1787.378296,0.126501092,-0.9896970528,-0.0670612953,,,,
2749,0.0,-586.797363,-537.191528,1787.378296,0.126501092,-0.9896970528,-0.0670612953,,,,
2750,0.0,-586.570557,-539.080322,1788.790894,0.1396136381,-0.9880067516,-0.0659597668,,,,
2751,0.0,-586.423401,-540.301941,1789.648804,0.1475669586,-0.9868946926,-0.0652905697,,,,
2752,0.0,-585.942383,-543.405579,1791.874023,0.1776991053,-0.9821824904,-0.0611603106,,,,
2753,0.0,-585.373474,-547.071838,1794.504028,0.2089554947,-0.9763191762,-0.0560220258,,,,
2754,0.0,-584.946472,-549.611938,1796.332642,0.2311631815,-0.9715005065,-0.052443774,,,,
2755,0.0,-584.220703,-553.507568,1799.155151,0.2678534106,-0.9623912521,-0.0453610877,,,,
2756,0.0,-583.452209,-557.166016,1801.829346,0.3057187957,-0.951463657,-0.0353967128,,,,
2757,0.0,-582.745667,-560.447998,1804.211792,0.3340369435,-0.9421273035,-0.0285563363,,,,
2758,0.0,-581.94043,-563.766541,1806.647339,0.36688986,-0.9300652108,-0.0192492691,,,,
2759,0.0,-581.050232,-567.142151,1809.134766,0.4007626401,-0.9161244977,-0.0102572423,,,,
2760,0.0,-580.044434,-570.564209,1811.688477,0.4392744555,-0.8983528993,-0.0001451067,,,,
2761,0.0,-579.103333,-573.539673,1813.912354,0.4719162858,-0.8816153983,0.0070220127,,,,
2762,0.0,-578.10907,-576.539673,1816.140991,0.5012384169,-0.8652054972,0.0133976541,,,,
2763,0.0,-577.23175,-579.483765,1818.341797,0.5311979861,-0.8470380908,0.0188460141,,,,
2764,0.0,-576.483826,-582.498047,1820.567383,0.5564892127,-0.8305221762,0.0235089549,,,,
2765,0.0,-575.601257,-586.652649,1823.665527,0.5947664667,-0.8033155437,0.0306102476,,,,
2766,0.0,-575.051636,-589.878296,1826.027588,0.6170855599,-0.7861455399,0.0343598855,,,,
2767,0.0,-574.575134,-593.039124,1828.365601,0.6417661145,-0.7658673292,0.039793068,,,,
2768,0.0,-574.173401,-596.135193,1830.624146,0.6608770571,-0.7491376896,0.0451025203,,,,
2769,0.0,-573.801147,-599.305908,1832.954346,0.6823981443,-0.7291758959,0.0513350309,,,,
2770,0.0,-573.443787,-602.686462,1835.424805,0.7028427407,-0.7089055129,0.058864723,,,,
2771,0.0,-573.104736,-606.141296,1837.939697,0.7219321702,-0.6887395804,0.0667213005,,,,
2772,0.0,-572.786072,-609.548889,1840.43103,0.7416404165,-0.6665568594,0.0753090015,,,,
2773,0.0,-572.470764,-613.022705,1842.985596,0.7629663356,-0.640797602,0.0852103514,,,,
2774,0.0,-572.236389,-615.611877,1844.893433,0.7788559117,-0.620225201,0.0932961356,,,,
2775,0.0,-571.899963,-619.261169,1847.59082,0.8015797952,-0.5884900354,0.1055902944,,,,
2831,0.0,-407.75943,-709.71759,1858.435791,0.7685713503,-0.5829067857,0.2636622058,,,,
2832,0.0,-407.809906,-709.836365,1858.529419,0.7685713503,-0.5829067857,0.2636622058,,,,
2833,0.0,-408.035828,-710.326172,1858.809326,0.7685713503,-0.5829067857,0.2636622058,,,,
2834,0.0,-408.170685,-710.591553,1858.9021,0.7685713503,-0.5829067857,0.2636622058,,,,
2835,0.0,-406.785187,-710.944824,1859.440552,0.7611159936,-0.5918109597,0.2654472306,,,,
2836,0.0,-403.749908,-710.697144,1858.672974,0.75333391,-0.6013483146,0.2662108648,,,,
2837,0.0,-399.221832,-710.438293,1857.147095,0.7431168905,-0.6134302559,0.267358576,,,,
2838,0.0,-396.334167,-710.510498,1856.305786,0.7360835264,-0.6211647521,0.2689523989,,,,
2839,0.0,-392.692383,-710.089233,1855.14917,0.7295261438,-0.6283971899,0.2700158833,,,,
2840,0.0,-389.203339,-709.607788,1853.713257,0.7249290425,-0.6336463815,0.2701298697,,,,
2841,0.0,-385.845734,-709.047974,1852.144775,0.7219672657,-0.6366388036,0.2710245393,,,,
2842,0.0,-383.255524,-708.552612,1851.06958,0.7208879257,-0.6378486838,0.2710528641,,,,
2843,0.0,-380.326965,-708.275085,1850.290405,0.7206639909,-0.6381016753,0.2710528809,,,,
2844,0.0,-377.933624,-707.698364,1848.437988,0.7201461295,-0.6386860637,0.2710528809,,,,
2845,0.0,-376.115875,-707.3125,1847.152222,0.7200518835,-0.6387923144,0.2710528809,,,,
2846,0.0,-374.522308,-706.741089,1844.808228,0.7200518835,-0.6387923144,0.2710528809,,,,
2847,0.0,-373.236237,-706.412537,1843.802124,0.7200518835,-0.6387923144,0.2710528809,,,,
2848,0.0,-372.873901,-705.720703,1841.559448,0.7200518835,-0.6387923144,0.2710528809,,,,
2849,0.0,-372.576874,-705.196777,1840.304077,0.7200518835,-0.6387923144,0.2710528809,,,,
2850,0.0,-371.453247,-705.046204,1840.301514,0.7210056737,-0.6377155819,0.2710528641,,,,
2851,0.0,-370.392029,-704.830688,1840.302368,0.7271687587,-0.6306789309,0.2710529145,,,,
2852,0.0,-369.34491,-704.6026,1840.333008,0.7418635009,-0.6133260811,0.2710528809,,,,
2853,0.0,-368.37384,-704.416199,1840.358643,0.7692321891,-0.5796250269,0.2689175848,,,,
2854,0.0,-366.95047,-704.196106,1840.379639,0.8122376776,-0.520269103,0.2637991954,,,,
2855,0.0,-365.431427,-703.979553,1840.421753,0.8562005235,-0.4466277582,0.2597004221,,,,
2856,0.0,-363.610046,-703.561462,1840.532593,0.9065897463,-0.3344179529,0.2574095272,,,,
2857,0.0,-361.761261,-702.902893,1840.616089,0.9405564847,-0.2218346644,0.2571825826,,,,
2858,0.0,-360.229248,-702.194275,1840.692383,0.9591506061,-0.110950148,0.2602310117,,,,
2859,0.0,-358.85376,-701.314941,1840.971436,0.9630643227,-0.0024314427,0.2692604657,,,,
2860,0.0,-356.960541,-700.585449,1841.039185,0.9576326313,0.0759977373,0.277784246,,,,
2861,0.0,-355.223328,-699.83252,1841.029785,0.9473447029,0.1447686229,0.2856222326,,,,
2862,0.0,-352.230377,-698.390259,1840.913574,0.922871355,0.2477679602,0.2948211324,,,,
2863,0.0,-350.058533,-696.930359,1840.75769,0.8979231034,0.3242204187,0.2976830874,,,,
2864,0.0,-348.729248,-695.786255,1840.672485,0.8742978332,0.3827590738,0.2984942047,,,,
2865,0.0,-346.983917,-694.30127,1840.500854,0.8459401341,0.4412548018,0.2994653393,,,,
2866,0.0,-345.740906,-693.511597,1840.415161,0.8326447017,0.4658113789,0.2995372431,,,,
2867,0.0,-344.280457,-692.842834,1840.391968,0.8236202607,0.4821061322,0.2987027677,,,,
2868,0.0,-343.219147,-692.428223,1840.396729,0.8226860003,0.4837483307,0.2986223325,,,,
2869,0.0,-340.985504,-691.641174,1840.340454,0.8226091834,0.483878925,0.2986223658,,,,
2870,0.0,-340.272812,-691.3667295,1840.3154905,0.8226091834,0.483878925,0.2986223658,,,,
2871,0.0,-338.540894,-690.706543,1840.276123,0.8226091834,0.483878925,0.2986223658,,,,
2872,0.0,-337.382935,-690.196045,1840.280273,0.8226091834,0.483878925,0.2986223658,,,,
2873,0.0,-336.307587,-689.695068,1840.29541,0.8226091834,0.483878925,0.2986223658,,,,
2874,0.0,-335.174011,-689.068787,1840.331055,0.8226091834,0.483878925,0.2986223658,,,,
2875,0.0,-334.557678,-688.760773,1840.369324,0.8226091834,0.483878925,0.2986223658,,,,
2876,0.0,-332.810028,-687.684692,1840.25061,0.8226091834,0.483878925,0.2986223658,,,,
2877,0.0,-331.844543,-687.596863,1840.475586,0.8226091834,0.483878925,0.2986223658,,,,
2878,0.0,-330.661102,-687.763611,1840.615723,0.8226091834,0.483878925,0.2986223658,,,,
2879,0.0,-329.733307,-687.870728,1840.745605,0.8226091834,0.483878925,0.2986223658,0.0703461174,827.255638368,2245.3288716795,3.0
2880,0.0,-328.34137,-688.055969,1840.906006,0.8228416721,0.4840156418,0.297759032,0.0700676222,825.1561957716,2243.9151407894,3.0
2881,0.0,-327.482666,-688.12738,1840.967773,0.822694048,0.4847134398,0.297030949,0.0697966608,823.2864618785,2243.0147004302,3.0
2882,0.0,-326.295502,-688.117004,1841.087524,0.8208181132,0.4885128022,0.295994708,0.0693366181,820.1883756697,2241.7077979725,3.0
2883,0.0,-325.470581,-688.04303,1841.115479,0.817319455,0.4944150163,0.2958761568,0.0691778781,818.934834877,2240.7561326141,3.0
2884,0.0,-324.346771,-687.934021,1841.231079,0.811629591,0.5037009897,0.2958761902,0.0690875738,818.2908911038,2240.4046092587,3.0
2885,0.0,-323.313568,-687.814636,1841.317993,0.8055129448,0.5129949428,0.2966227982,0.0694246343,820.1399680386,2240.2051765488,3.0
2886,0.0,-322.29657,-687.752075,1841.355957,0.8027393942,0.5180859988,0.2952903026,0.069014559,817.6441187491,2239.7753408862,3.0
2887,0.0,-321.160339,-687.688843,1841.36438,0.8002077126,0.5236370055,0.2923557818,0.0680560896,811.873376549,2239.0178066356,3.0
2888,0.0,-320.394501,-687.649841,1841.33606,0.7986274372,0.5268466919,0.2909068232,0.0676269964,809.1557349923,2238.342733651,3.0
2889,0.0,-319.315765,-687.609131,1841.29248,0.7970139296,0.5299716895,0.2896529034,0.0673055667,806.880834122,2237.1871136586,3.0
2890,0.0,-318.313171,-687.595581,1841.18335,0.7965209302,0.5312125221,0.2887345911,0.0670404122,804.8856714661,2235.9107860832,3.0
2891,0.0,-317.328369,-687.584167,1841.092651,0.7962442121,0.5321191911,0.2878268944,0.0667753009,802.8304713855,2234.4711585932,3.0
2892,0.0,-316.332581,-687.572998,1841.00293,0.7961397866,0.5331613446,0.2861824956,0.0662452188,799.1625839646,2232.8377844725,3.0
2893,0.0,-315.345917,-687.570862,1840.946289,0.7961277258,0.5333920027,0.2857859615,0.0661605903,798.0327581856,2231.0578423007,3.0
2894,0.0,-314.319946,-687.5755,1840.832397,0.7963166474,0.5335185769,0.2850223239,0.0659290687,795.9640784102,2229.0448112145,3.0
2895,0.0,-313.270996,-687.575867,1840.751465,0.7965610795,0.5336823423,0.2840309915,0.0656248706,793.3971706123,2226.824893034,3.0
2896,0.0,-312.287903,-687.570007,1840.700195,0.7965815161,0.5336960344,0.2839479372,0.0656599087,792.808704813,2224.5996069033,3.0
2897,0.0,-311.305603,-687.534119,1840.713135,0.7967952771,0.5338393313,0.2830774711,0.0654153006,790.5100179251,2222.1523623246,3.0
2898,0.0,-310.548492,-687.559631,1840.740601,0.7968073151,0.5338473159,0.2830285248,0.0654674184,790.0041452669,2219.8761132222,3.0
2899,0.0,-309.995361,-687.539124,1840.737061,0.7968073151,0.5338473159,0.2830285248,0.0655193066,789.6346407845,2217.9887864544,3.0
2900,0.0,-309.107391,-687.4422,1840.732788,0.7968073151,0.5338473159,0.2830285248,0.0656026661,788.9658584636,2214.7495531525,3.0
2901,0.0,-308.30011,-687.302368,1840.703247,0.7968073151,0.5338473159,0.2830285248,0.0656748662,788.2600056385,2211.5927436298,3.0
2902,0.0,-307.477478,-687.112122,1840.669312,0.7968073151,0.5338473159,0.2830285248,0.0657477748,787.4732555681,2208.2016555389,3.0
2903,0.0,-306.68277,-686.886169,1840.644165,0.7968073151,0.5338473159,0.2830285248,0.0658188259,786.668493812,2204.7944942427,3.0
2904,0.0,-305.8526,-686.609009,1840.619385,0.7968073151,0.5338473159,0.2830285248,0.0658917579,785.7930040316,2201.1630967832,3.0
2905,0.0,-305.09259,-686.329773,1840.608521,0.7968073151,0.5338473159,0.2830285248,0.0659608647,784.9525717936,2197.6959992148,3.0
2906,0.0,-304.267426,-686.005127,1840.665039,0.7968073151,0.5338473159,0.2830285248,0.0660393646,784.1246781126,2194.1174133758,3.0
2907,0.0,-303.727264,-685.786072,1840.579956,0.7968073151,0.5338473159,0.2830285248,0.0660865319,783.3031170651,2191.0629498679,3.0
2908,0.0,-302.838226,-685.37616,1840.75061,0.7968073151,0.5338473159,0.2830285248,0.0661964796,782.4019613367,2186.7861289751,3.0
2909,0.0,-301.818085,-684.888672,1840.831787,0.7968073151,0.5338473159,0.2830285248,0.0662985731,781.2543756805,2181.9543646173,3.0
2910,0.0,-300.997864,-684.469666,1840.850098,0.7968073151,0.5338473159,0.2830285248,0.0663714805,780.2854774777,2178.0921504896,3.0
2911,0.0,-299.311401,-683.570862,1841.00061,0.7968073151,0.5338473159,0.2830285248,0.0665385236,778.3584298109,2170.0777363867,3.0
2912,0.0,-298.721466,-683.241791,1841.05896,0.7968073151,0.5338473159,0.2830285248,0.0665962031,777.6943910784,2167.3209208522,3.0
2913,0.0,-297.582703,-682.550537,1841.297241,0.7968073151,0.5338473159,0.2830285248,0.0667422128,776.3543987858,2161.2989044428,3.0
2914,0.0,-296.921753,-682.030029,1841.519775,0.7968073151,0.5338473159,0.2830285248,0.0668589367,775.4401353717,2156.9335707485,3.0
2915,0.0,-296.289948,-681.419922,1841.688965,0.7968073151,0.5338473159,0.2830285248,0.0669748375,774.4122923303,2152.2744486466,3.0
2916,0.0,-295.794037,-680.840515,1841.766968,0.7968073151,0.5338473159,0.2830285248,0.0670675759,773.4445408713,2148.1496754021,3.0
2917,0.0,-295.268646,-680.18042,1841.821533,0.7968073151,0.5338473159,0.2830285248,0.0671584973,772.4826115501,2144.0756566162,3.0
2918,0.0,-295.026947,-679.80011,1841.8984375,0.7968073151,0.5338473159,0.2830285248,0.0672198313,771.9836583252,2141.7482647915,3.0
2919,0.0,-294.313446,-678.63446,1842.085938,0.7968073151,0.5338473159,0.2830285248,0.0673930547,770.5513284506,2135.119734209,3.0
2920,0.0,-293.832886,-677.807495,1842.182617,0.7968073151,0.5338473159,0.2830285248,0.0675034876,769.6589684409,2130.962803684,3.0
2921,0.0,-293.384216,-676.996643,1842.215942,0.7968073151,0.5338473159,0.2830285248,0.0676068084,768.7120567471,2126.7709827218,3.0
2922,0.0,-292.853424,-676.093262,1842.329834,0.7968073151,0.5338473159,0.2830285248,0.0677266214,767.8190075851,2122.4861662503,3.0
2923,0.0,-292.203217,-674.910339,1842.305542,0.7968073151,0.5338473159,0.2830285248,0.0678582384,766.5640665615,2117.0332203917,3.0
2924,0.0,-291.739655,-673.957275,1842.308838,0.7968073151,0.5338473159,0.2830285248,0.0679684355,765.6037761471,2112.7267022126,3.0
2925,0.0,-291.178314,-672.889709,1842.269531,0.7968073151,0.5338473159,0.2830285248,0.0680787438,764.5631297558,2108.2051676698,3.0
2926,0.0,-290.824493,-671.917908,1842.346191,0.7968073151,0.5338473159,0.2830285248,0.0682044231,763.7315203299,2104.0393670104,3.0
2927,0.0,-290.452087,-670.814392,1842.456665,0.7968073151,0.5338473159,0.2830285248,0.0683500242,762.8622407705,2099.4839857762,3.0
2928,0.0,-289.755066,-669.447083,1842.280884,0.7968073151,0.5338473159,0.2830285248,0.0684569667,761.6444835226,2094.5526461687,3.0
2929,0.0,-289.299438,-668.260376,1842.098389,0.7968073151,0.5338473159,0.2830285248,0.0685539285,760.5800708248,2090.1982260407,3.0
2930,0.0,-288.944031,-667.078918,1841.90918,0.7968073151,0.5338473159,0.2830285248,0.0686552209,759.5438063124,2085.8647133211,3.0
2931,0.0,-288.758759,-666.084229,1841.776611,0.7968073151,0.5338473159,0.2830285248,0.0687527083,758.7148846112,2082.1631454418,3.0
2932,0.0,-288.861786,-664.654846,1841.625244,0.7968073151,0.5338473159,0.2830285248,0.0688897082,757.822512985,2077.7189032537,3.0
2933,0.0,-289.078522,-663.643311,1841.590576,0.7968073151,0.5338473159,0.2830285248,0.0690180138,757.2198680591,2074.2049231422,3.0
2934,0.0,-289.18103,-662.666626,1841.660522,0.7968073151,0.5338473159,0.2830285248,0.0691843954,756.5733207556,2070.0295622174,3.0
2935,0.0,-289.24884,-661.670898,1841.700195,0.7968073151,0.5338473159,0.2830285248,0.0693508455,755.9025241998,2065.7998226966,3.0
2936,0.0,-289.305359,-660.663696,1841.70752,0.7968073151,0.5338473159,0.2830285248,0.0695106464,755.2488714529,2061.7248993156,3.0
2937,0.0,-289.276825,-659.69458,1841.779785,0.7968073151,0.5338473159,0.2830285248,0.0696711798,754.7115944781,2057.9688279335,3.0
2938,0.0,-289.275269,-658.689209,1841.812988,0.7968073151,0.5338473159,0.2830285248,0.0698313604,754.1536011895,2054.1725923074,3.0
2939,0.0,-289.230927,-657.620483,1841.972778,0.7968073151,0.5338473159,0.2830285248,0.0700237574,753.6928382757,2050.1975091052,3.0
2940,0.0,-289.217041,-656.622925,1842.033203,0.7968073151,0.5338473159,0.2830285248,0.0701914359,753.2231700632,2046.5600535803,3.0
2941,0.0,-289.192749,-655.649353,1842.235229,0.7968073151,0.5338473159,0.2830285248,0.0703862416,752.9676339061,2043.1357698436,3.0
2942,0.0,-289.182556,-654.691956,1842.321045,0.7968073151,0.5338473159,0.2830285248,0.0705587088,752.6635415333,2039.9042513544,3.0
2943,0.0,-289.150665,-653.512451,1842.550049,0.7968073151,0.5338473159,0.2830285248,0.0707984703,752.4941470174,2036.1154076041,3.0
2944,0.0,-289.170929,-652.689514,1842.748901,0.7968073151,0.5338473159,0.2830285248,0.0709842656,752.4885624842,2033.5318144243,3.0
2945,0.0,-289.170807,-651.823547,1842.892822,0.7968073151,0.5338473159,0.2830285248,0.0711883763,752.4252525863,2030.55104677,3.0
2946,0.0,-289.174469,-650.864685,1843.116577,0.7968073151,0.5338473159,0.2830285248,0.0714539074,752.5018209708,2027.1204380297,3.0
2947,0.0,-289.217407,-650.031616,1843.315796,0.7968073151,0.5338473159,0.2830285248,0.0716794706,752.6836121823,2024.5357654254,3.0
2948,0.0,-289.280762,-649.039978,1843.327637,0.7968073151,0.5338473159,0.2830285248,0.0718987678,752.7764604778,2021.8102323655,3.0
2949,0.0,-289.30423,-647.857666,1843.338989,0.7968073151,0.5338473159,0.2830285248,0.0721563775,752.9661231901,2018.8412729633,3.0
2950,0.0,-289.425018,-646.996155,1843.310913,0.7968073151,0.5338473159,0.2830285248,0.0723520535,753.1500996353,2016.7044047452,3.0
2951,0.0,-289.457947,-645.970703,1843.277832,0.7968073151,0.5338473159,0.2830285248,0.0725631516,753.2077251827,2014.0331676605,3.0
2952,0.0,-289.587311,-645.110901,1843.199219,0.7968073151,0.5338473159,0.2830285248,0.0727365409,753.1629460933,2011.6020989644,3.0
2953,0.0,-289.57782,-642.950012,1842.954346,0.7968073151,0.5338473159,0.2830285248,0.0731138918,752.6092150215,2005.1254892378,3.0
2954,0.0,-289.525208,-641.845825,1842.780273,0.7968073151,0.5338473159,0.2830285248,0.0732908062,752.1675794699,2001.6206636638,3.0
2955,0.0,-289.340149,-640.680481,1842.777344,0.7968073151,0.5338473159,0.2830285248,0.0734959517,751.8035370295,1997.9641565126,3.0
2956,0.0,-286.720123,-637.800659,1846.03125,0.7968073151,0.5338473159,0.2830285248,0.0743666565,753.5627151989,1991.3310960486,3.0
2957,0.0,-286.514435,-636.632507,1846.03125,0.7968073151,0.5338473159,0.2830285248,0.0745689636,753.1141252978,1987.5485948997,3.0
2958,0.0,-286.23288,-635.486633,1846.03125,0.7968073151,0.5338473159,0.2830285248,0.074770728,752.5977984235,1983.6082731706,3.0
2959,0.0,-285.921173,-634.499146,1846.03125,0.7968073151,0.5338473159,0.2830285248,0.0749467204,752.0856536315,1980.0201531614,3.0
2960,0.0,-285.489868,-633.366394,1846.03125,0.7968073151,0.5338473159,0.2830285248,0.0751507937,751.4256097989,1975.6993208041,3.0
2961,0.0,-285.052734,-632.392456,1846.03125,0.7968073151,0.5338473159,0.2830285248,0.0753279064,750.7916349285,1971.8010884308,3.0
2962,0.0,-284.483795,-631.283936,1846.03125,0.7968073151,0.5338473159,0.2830285248,0.075532939,750.0003926787,1967.1526303301,3.0
2963,0.0,-283.872925,-630.231873,1846.03125,0.7968073151,0.5338473159,0.2830285248,0.0757313828,749.1803156849,1962.5266648633,3.0
2964,0.0,-283.287659,-629.32251,1846.03125,0.7968073151,0.5338473159,0.2830285248,0.0759068728,748.4162464619,1958.3468436478,3.0
2965,0.0,-282.602173,-628.34082,1846.03125,0.7968073151,0.5338473159,0.2830285248,0.0760991257,747.5379427924,1953.6738410433,3.0
2966,0.0,-281.968567,-627.500854,1846.03125,0.7968073151,0.5338473159,0.2830285248,0.076267823,746.7403036471,1949.5151409561,3.0
2967,0.0,-281.263519,-626.62146,1846.03125,0.7968073151,0.5338473159,0.2830285248,0.076447279,745.8621070343,1945.0263111644,3.0
2968,0.0,-280.536133,-625.765259,1846.03125,0.7968073151,0.5338473159,0.2830285248,0.0766367781,745.0424136478,1940.5807724891,3.0
2969,0.0,-279.7099,-624.803162,1846.03125,0.7968073151,0.5338473159,0.2830285248,0.0768844163,744.1403668269,1935.2318792309,3.0
2970,0.0,-279.084869,-624.074219,1846.03125,0.7968073151,0.5338473159,0.2830285248,0.07711155,743.4240925939,1930.6336413836,3.0
2971,0.0,-278.595581,-623.503662,1846.03125,0.7968073151,0.5338473159,0.2830285248,0.0773157458,742.7885824707,1926.5365820909,3.0
2972,0.0,-278.045593,-622.862122,1846.03125,0.7968073151,0.5338473159,0.2830285248,0.0775686159,741.8639044739,1921.1257626702,3.0
2973,0.0,-277.6539,-622.405151,1846.03125,0.7968073151,0.5338473159,0.2830285248,0.0777617504,740.9163009649,1916.3839655331,3.0
2974,0.0,-277.246704,-621.930359,1846.03125,0.7968073151,0.5338473159,0.2830285248,0.0779635798,739.6653499976,1910.7707390725,3.0
2975,0.0,-276.925659,-621.555847,1846.03125,0.7968073151,0.5338473159,0.2830285248,0.0781539839,738.9356362149,1906.6534211304,3.0
2976,0.0,-276.71463,-621.309753,1846.03125,0.7968073151,0.5338473159,0.2830285248,0.0782756239,737.886712097,1902.5271859632,3.0
2977,0.0,-276.533142,-621.098083,1846.03125,0.7968073151,0.5338473159,0.2830285248,0.0784109694,736.7555086356,1898.0372201377,3.0
2978,0.0,-276.42569,-620.972778,1846.03125,0.7968073151,0.5338473159,0.2830285248,0.0785606341,735.9203977004,1894.152791888,3.0
2979,0.0,-276.385468,-620.925903,1846.03125,0.7968073151,0.5338473159,0.2830285248,0.0787163923,735.1236634443,1890.3058282786,3.0
2980,0.0,-276.384918,-620.925171,1846.03125,0.7968073151,0.5338473159,0.2830285248,0.078859559,734.6005326242,1887.3155129422,3.0
2981,0.0,-276.385406,-620.925659,1846.03125,0.7968073151,0.5338473159,0.2830285248,0.079040876,734.014741669,1883.7351776429,3.0
2982,0.0,-276.385406,-620.925659,1846.03125,0.7968073151,0.5338473159,0.2830285248,0.079199347,733.542515165,1880.7165320933,3.0
2983,0.0,-276.385406,-620.925659,1846.03125,0.7968073151,0.5338473159,0.2830285248,0.079390228,732.9755039778,1877.0955017944,3.0
2984,0.0,-276.385406,-620.925659,1846.03125,0.7968073151,0.5338473159,0.2830285248,0.0795650078,732.457534425,1873.7929062741,3.0
2985,0.0,-276.385406,-620.925659,1846.03125,0.7968073151,0.5338473159,0.2830285248,0.0797521712,731.9074563941,1870.2784617149,3.0
2986,0.0,-276.385406,-620.925659,1846.03125,0.7968073151,0.5338473159,0.2830285248,0.0799174625,731.4237741629,1867.1890022685,3.0
2987,0.0,-276.385406,-620.925659,1846.03125,0.7968073151,0.5338473159,0.2830285248,0.0801066831,730.8749545516,1863.6749019265,3.0
2988,0.0,-276.385406,-620.925659,1846.03125,0.7968073151,0.5338473159,0.2830285248,0.0802866588,730.356415728,1860.3513113306,3.0
2989,0.0,-276.385406,-620.925659,1846.03125,0.7968073151,0.5338473159,0.2830285248,0.0804535115,729.878697667,1857.2863589181,3.0
2990,0.0,-276.385406,-620.925659,1846.03125,0.7968073151,0.5338473159,0.2830285248,0.0806241511,729.3932525472,1854.1682966666,3.0
2991,0.0,-276.385406,-620.925659,1846.03125,0.7968073151,0.5338473159,0.2830285248,0.0808201764,728.8398177398,1850.6076763437,3.0
2992,0.0,-276.385406,-620.925659,1846.03125,0.7968073151,0.5338473159,0.2830285248,0.0810065122,728.317911559,1847.2440374134,3.0
2993,0.0,-276.385406,-620.925659,1846.03125,0.7968073151,0.5338473159,0.2830285248,0.081202635,727.77311672,1843.7260475689,3.0
2994,0.0,-276.385406,-620.925659,1846.03125,0.7968073151,0.5338473159,0.2830285248,0.0815516834,726.813705855,1837.5179546769,3.0
2995,0.0,-276.385406,-620.925659,1846.03125,0.7968073151,0.5338473159,0.2830285248,0.0817579258,726.2542907247,1833.8848919309,3.0
2996,0.0,-276.385406,-620.925659,1846.03125,0.7968073151,0.5338473159,0.2830285248,0.0819372735,725.7886400333,1830.7877979335,3.0
2997,0.0,-276.385406,-620.925659,1846.03125,0.7968073151,0.5338473159,0.2830285248,0.0821485088,725.2775429674,1827.2454995869,3.0
2998,0.0,-276.385406,-620.925659,1846.03125,0.7968073151,0.5338473159,0.2830285248,0.0823308036,724.8367750331,1824.1989275249,3.0
2999,0.0,-276.385406,-620.925659,1846.03125,0.7968073151,0.5338473159,0.2830285248,0.0825080499,724.4013516319,1821.2279894306,3.0
3000,0.0,-276.385406,-620.925659,1846.03125,0.7968073151,0.5338473159,0.2830285248,0.0826871931,723.9502446617,1818.2060889139,3.0
3001,0.0,-276.385406,-620.925659,1846.03125,0.7968073151,0.5338473159,0.2830285248,0.0828731952,723.4293198847,1814.9457364203,3.0
3002,0.0,-276.385406,-620.925659,1846.03125,0.7968073151,0.5338473159,0.2830285248,0.0830181365,722.9944517014,1812.3391506376,3.0
3003,0.0,-276.385406,-620.925659,1846.03125,0.7968073151,0.5338473159,0.2830285248,0.0831884135,724.8938973787,1815.3204903768,3.0
3004,0.0,-276.385406,-620.925659,1846.03125,0.7968073151,0.5338473159,0.2830285248,0.0834142149,724.5413703946,1812.0869111499,3.0
3005,0.0,-276.385406,-620.925659,1846.03125,0.7968073151,0.5338473159,0.2830285248,0.0836200959,724.1650050936,1809.0117978911,3.0
3006,0.0,-276.385406,-620.925659,1846.03125,0.7968073151,0.5338473159,0.2830285248,0.083749332,723.6272277992,1806.3340311369,3.0
3007,0.0,-276.385406,-620.925659,1846.03125,0.7968073151,0.5338473159,0.2830285248,0.083900417,722.9878551399,1803.1834147878,3.0
3008,0.0,-276.385406,-620.925659,1846.03125,0.7968073151,0.5338473159,0.2830285248,0.0840178827,722.2028153263,1800.0210546899,3.0
3009,0.0,-276.385406,-620.925659,1846.03125,0.7968073151,0.5338473159,0.2830285248,0.0841653969,721.4943235472,1796.7478103213,3.0
3010,0.0,-276.385406,-620.925659,1846.03125,0.7968073151,0.5338473159,0.2830285248,0.0842866317,720.6192490495,1793.3342565638,3.0
3011,0.0,-276.385406,-620.925659,1846.03125,0.7968073151,0.5338473159,0.2830285248,0.0844302862,719.839873499,1789.9371746269,3.0
3012,0.0,-276.385406,-620.925659,1846.03125,0.7968073151,0.5338473159,0.2830285248,0.0844179692,718.4173740544,1786.524593749,3.0
3013,0.0,-276.385406,-620.925659,1846.03125,0.7968073151,0.5338473159,0.2830285248,0.0844960171,717.5107737309,1783.4821949463,3.0
3014,0.0,-276.385406,-620.925659,1846.03125,0.7968073151,0.5338473159,0.2830285248,0.0845920645,716.4712967064,1779.9317215443,3.0
3015,0.0,-276.385406,-620.925659,1846.03125,0.7968073151,0.5338473159,0.2830285248,0.0846327439,715.6758371798,1777.5470900806,3.0
3016,0.0,-276.385406,-620.925659,1846.03125,0.7968073151,0.5338473159,0.2830285248,0.0847558337,714.4934501812,1773.3782505784,3.0
3017,0.0,-276.385406,-620.925659,1846.03125,0.7968073151,0.5338473159,0.2830285248,0.0848678188,713.3751639534,1769.4858255708,3.0
3018,0.0,-276.385406,-620.925659,1846.03125,0.7968073151,0.5338473159,0.2830285248,0.0849245563,712.1351721624,1765.846093233,3.0
3019,0.0,-276.385406,-620.925659,1846.03125,0.7968073151,0.5338473159,0.2830285248,0.0850414167,711.2128764983,1762.4007742686,3.0
3020,0.0,-276.385406,-620.925659,1846.03125,0.7968073151,0.5338473159,0.2830285248,0.0852349097,710.6531706419,1759.1026985463,3.0
3021,0.0,-276.385406,-620.925659,1846.03125,0.7968073151,0.5338473159,0.2830285248,0.0854451773,710.3733188791,1756.341487902,3.0
3022,0.0,-276.385406,-620.925659,1846.03125,0.7968073151,0.5338473159,0.2830285248,0.0857274949,710.1134577216,1752.9349329722,3.0
3023,0.0,-276.385406,-620.925659,1846.03125,0.7968073151,0.5338473159,0.2830285248,0.0859750872,709.9659137078,1750.1585442543,3.0
3024,0.0,-276.385406,-620.925659,1846.03125,0.7968073151,0.5338473159,0.2830285248,0.0862939804,709.8623456074,1746.8124456563,3.0
3025,0.0,-276.385406,-620.925659,1846.03125,0.7968073151,0.5338473159,0.2830285248,0.0866016939,709.7507119053,1743.5722602151,3.0
3026,0.0,-276.385406,-620.925659,1846.03125,0.7968073151,0.5338473159,0.2830285248,0.0868669606,709.6756808324,1740.8446777633,3.0
3027,0.0,-276.385406,-620.925659,1846.03125,0.7968073151,0.5338473159,0.2830285248,0.0871847106,709.6357497859,1737.7160154767,3.0
3028,0.0,-276.385406,-620.925659,1846.03125,0.7968073151,0.5338473159,0.2830285248,0.0874791946,709.4947633919,1734.5775547074,3.0
3029,0.0,-276.385406,-620.925659,1846.03125,0.7968073151,0.5338473159,0.2830285248,0.0877230963,709.3600228287,1731.9459857228,3.0
3030,0.0,-276.385406,-620.925659,1846.03125,0.7968073151,0.5338473159,0.2830285248,0.0879966938,709.1481551772,1728.8586232131,3.0
3031,0.0,-276.385406,-620.925659,1846.03125,0.7968073151,0.5338473159,0.2830285248,0.0882556997,708.9039284425,1725.8422620978,3.0
3032,0.0,-276.385406,-620.925659,1846.03125,0.7968073151,0.5338473159,0.2830285248,0.0884629022,708.6180517374,1723.2181276193,3.0
3033,0.0,-276.385406,-620.925659,1846.03125,0.7968073151,0.5338473159,0.2830285248,0.0887037674,708.2785210629,1720.1607633592,3.0
3034,0.0,-276.351868,-620.95166,1846.03125,0.7995627435,0.5301982717,0.2821156002,0.0877412381,703.3709410486,1717.1538698511,3.0
3035,0.0,-276.256622,-621.02832,1846.03125,0.8069377599,0.5193521019,0.2812913897,0.0853810596,693.1963472579,1714.4874874905,3.0
3036,0.0,-276.085388,-621.178101,1846.03125,0.8200591033,0.4989236415,0.2803181533,0.0815336027,676.8126835062,1711.2878782274,3.0
3037,0.0,-275.839142,-621.424255,1846.03125,0.8383573502,0.4670218728,0.2811539145,0.0776403422,659.9220179817,1708.1719120981,3.0
3038,0.0,-275.691284,-621.804626,1846.03125,0.8570127235,0.4276719319,0.2874472306,0.0768486862,655.5268073515,1705.1614476101,3.0
3039,0.0,-275.363373,-622.725586,1846.03125,0.8898167118,0.3306422614,0.3144867475,0.0878762065,696.6025777205,1699.3836044496,3.0
3040,0.0,-275.146027,-623.447998,1846.03125,0.9040912916,0.2552256332,0.3427518237,0.1072987607,764.4844591715,1696.4078563453,3.0
3041,0.0,-274.828461,-624.213928,1846.03125,0.9119407902,0.1756017832,0.3708476897,0.1341924344,847.2807946853,1693.2844562804,3.0
3042,0.0,-274.67157,-624.552917,1846.03125,0.9145280031,0.1019859714,0.3914554804,,,,
3043,0.0,-274.535522,-624.64386,1846.03125,0.9111894368,-0.0056788399,0.4119484931,,,,
3044,0.0,-274.410614,-624.730164,1846.03125,0.9023779525,-0.0811948274,0.4232273986,,,,
3045,0.0,-274.252533,-624.845703,1846.03125,0.8885630121,-0.1562832887,0.4313134674,,,,
3046,0.0,-274.101593,-624.961548,1846.03125,0.8758438826,-0.2126713672,0.4332070901,,,,
3047,0.0,-273.953156,-625.079041,1846.03125,0.8668147703,-0.2466519972,0.4333531426,,,,
3048,0.0,-273.751343,-625.241028,1846.03125,0.8560816174,-0.2803715203,0.434184379,,,,
3049,0.0,-273.573029,-625.387207,1846.03125,0.845556061,-0.3015184982,0.4405922638,,,,
3050,0.0,-273.36734,-625.555298,1846.03125,0.8361583073,-0.308084024,0.4537879674,,,,
3051,0.0,-273.189148,-625.696838,1846.03125,0.8342241652,-0.302193877,0.461247117,,,,
3052,0.0,-272.95282,-625.88147,1846.03125,0.8338893465,-0.3010786799,0.4625799242,,,,
3053,0.0,-272.716705,-626.059875,1846.03125,0.8338893465,-0.3010786799,0.4625799242,,,,
3054,0.0,-272.475677,-626.238647,1846.03125,0.8338893465,-0.3010786799,0.4625799242,,,,
3055,0.0,-272.243256,-626.407471,1847.30835,0.8338893465,-0.3010786799,0.4625799242,,,,
3056,0.0,-271.975983,-626.596741,1848.748291,0.8338893465,-0.3010786799,0.4625799242,,,,
3057,0.0,-271.723511,-626.773071,1850.054321,0.8338893465,-0.3010786799,0.4625799242,,,,
3058,0.0,-271.4328,-626.972168,1851.501099,0.8338893465,-0.3010786799,0.4625799242,,,,
3059,0.0,-271.123535,-627.180054,1852.97937,0.8338893465,-0.3010786799,0.4625799242,,,,
3060,0.0,-270.839539,-627.367004,1854.286133,0.8338893465,-0.3010786799,0.4625799242,,,,
3061,0.0,-270.493927,-627.591553,1855.822754,0.8338893465,-0.3010786799,0.4625799242,,,,
3062,0.0,-270.177582,-627.793823,1857.178223,0.8356980402,-0.3008927923,0.4594260693,,,,
3063,0.0,-269.877991,-627.984253,1858.423828,0.8362394954,-0.303968403,0.4564063061,,,,
3064,0.0,-269.485779,-628.229248,1859.701294,0.8365476278,-0.3064627757,0.4541680676,,,,
3065,0.0,-269.10553,-628.465332,1859.701294,0.8353919163,-0.3097594183,0.4540588606,,,,
3066,0.0,-268.772095,-628.670105,1859.701294,0.8342263249,-0.3117837831,0.4548156896,,,,
3067,0.0,-268.216125,-628.971741,1859.701294,0.8329469254,-0.311616397,0.4572686743,,,,
3068,0.0,-267.42511,-629.365417,1859.701294,0.8312011286,-0.3109633046,0.4608758042,,,,
3069,0.0,-266.528473,-629.786194,1859.701294,0.8305030714,-0.3054877436,0.4657702083,,,,
3070,0.0,-265.380737,-630.303772,1859.701294,0.8305274233,-0.2999254719,0.4693281479,,,,
3071,0.0,-264.182404,-630.619751,1859.701294,0.8314426102,-0.293626675,0.4716848118,,,,
3072,0.0,-262.69458,-630.82251,1859.701294,0.8333291756,-0.2852472875,0.4734938965,,,,
3448,0.0,896.291077,680.898926,1908.675781,0.9966730372,-0.081498084,-0.0009587441,,,,
3449,0.0,896.278442,680.883728,1908.675781,0.9966730372,-0.081498084,-0.0009587441,,,,
3450,0.0,896.278442,680.883728,1908.675781,0.9966730372,-0.081498084,-0.0009587441,,,,
3451,0.0,896.516907,680.875366,1908.669922,0.9966257476,-0.0820743568,-0.0009587441,,,,
3459,0.0,908.95697,685.61261,1906.932373,0.999778337,-0.020480583,0.0048808462,,,,
3460,0.0,911.374023,685.771057,1895.901733,0.9997389171,-0.0222798078,0.0050702819,,,,
3461,0.0,914.161621,685.75824,1897.400269,0.9996874454,-0.024432638,0.0052969622,,,,
3462,0.0,916.639465,685.768555,1898.792603,0.9996352753,-0.0264381688,0.005508144,,,,
3463,0.0,918.690979,685.714905,1900.134644,0.9995810156,-0.0283754271,0.0057121349,,,,
3464,0.0,921.509277,685.72699,1901.53772,0.999523647,-0.0303214292,0.005752399,,,,
3465,0.0,923.613708,685.796936,1902.932861,0.9995128804,-0.0306742869,0.005752399,,,,
3466,0.0,926.335327,685.719116,1904.447388,0.9995128804,-0.0306742869,0.005752399,,,,
3467,0.0,929.028198,685.704041,1905.854736,0.9995128804,-0.0306742869,0.005752399,,,,
3468,0.0,931.851013,685.725037,1907.29895,0.9995128804,-0.0306742869,0.005752399,,,,
3469,0.0,934.258606,685.713623,1907.75293,0.9995128804,-0.0306742869,0.005752399,,,,
3470,0.0,937.363525,685.674988,1907.818604,0.9995128804,-0.0306742869,0.005752399,,,,
3471,0.0,940.536804,685.697937,1907.905884,0.9995128804,-0.0306742869,0.005752399,,,,
3472,0.0,942.942139,685.433899,1908.036987,0.9995128804,-0.0306742869,0.005752399,,,,
3473,0.0,946.319702,685.199951,1908.056152,0.9995128804,-0.0306742869,0.005752399,,,,
3474,0.0,949.760071,684.978394,1908.055542,0.9995128804,-0.0306742869,0.005752399,,,,
3475,0.0,952.273865,684.820618,1908.204224,0.9995128804,-0.0306742869,0.005752399,,,,
3476,0.0,955.927246,684.643433,1908.294434,0.9995128804,-0.0306742869,0.005752399,,,,
3477,0.0,959.689514,684.536377,1908.407593,0.9995128804,-0.0306742869,0.005752399,,,,
3478,0.0,962.700012,684.525879,1908.424805,0.9995128804,-0.0306742869,0.005752399,,,,
3479,0.0,966.017151,684.705933,1908.337769,0.9995128804,-0.0306742869,0.005752399,,,,
3480,0.0,969.428894,684.991699,1908.260986,0.9997532293,-0.0210011451,0.0072410285,,,,
3481,0.0,972.962402,685.222839,1908.295532,0.9997208973,0.018388609,0.0148319448,,,,
3482,0.0,976.156738,685.389954,1908.407959,0.9959529226,0.086588809,0.0240863906,,,,
3483,0.0,979.420593,685.524109,1908.605103,0.9760193107,0.2137251221,0.041326473,,,,
3484,0.0,982.368896,685.68512,1908.747314,0.9357120781,0.3475079735,0.060672195,,,,
3485,0.0,985.48407,685.738098,1908.674561,0.8740268796,0.4784810425,0.0844565308,,,,
3486,0.0,988.199951,685.865723,1908.435059,0.7815125458,0.614039095,0.1104270377,,,,
3487,0.0,991.110352,686.673889,1907.802246,0.6771849194,0.7234511131,0.134309612,,,,
3488,0.0,994.751892,687.763428,1906.743896,0.5115581875,0.8433761256,0.1643926139,,,,
3489,0.0,997.355164,688.40564,1905.724854,0.4027732205,0.8975060084,0.179601497,,,,
3490,0.0,1000.6427,689.161804,1904.202271,0.2499242599,0.9487590021,0.1933758523,,,,
3491,0.0,1006.449097,690.175415,1901.07251,0.0603287913,0.9785149523,0.1971520352,,,,
3492,0.0,1008.2850345,690.633911,1899.915039,0.0199797283,0.9793185482,0.1972493078,,,,
3493,0.0,1013.074768,691.765747,1896.851807,-0.0429862139,0.9795507306,0.196551651,,,,
3494,0.0,1014.9739685,692.141754,1895.567505,-0.0447979106,0.9794824202,0.1964791172,,,,
3495,0.0,1016.873169,692.517761,1894.283203,-0.0466096073,0.9794141098,0.1964065834,,,,
3496,0.0,1023.174072,693.805786,1889.440186,-0.0466096073,0.9794141098,0.1964065834,,,,
3497,0.0,1025.1048585,694.212616,1887.7785645,-0.0466096073,0.9794141098,0.1964065834,,,,
3498,0.0,1030.262939,695.324768,1883.124268,-0.0466096073,0.9794141098,0.1964065834,,,,
3499,0.0,1033.775391,696.087585,1879.667114,-0.0466096073,0.9794141098,0.1964065834,,,,
3500,0.0,1036.961548,696.780945,1876.345825,-0.0466096073,0.9794141098,0.1964065834,,,,
3501,0.0,1040.369141,697.533142,1872.605835,-0.0466096073,0.9794141098,0.1964065834,,,,
3502,0.0,1043.726562,698.268127,1868.726685,-0.0466096073,0.9794141098,0.1964065834,,,,
3503,0.0,1046.908447,698.950684,1864.876709,-0.0466096073,0.9794141098,0.1964065834,,,,
3504,0.0,1050.393921,699.695374,1860.462891,-0.0466096073,0.9794141098,0.1964065834,,,,
3505,0.0,1054.1427,700.476807,1855.502686,-0.0466096073,0.9794141098,0.1964065834,,,,
3506,0.0,1058.466309,701.187927,1850.059814,-0.0466096073,0.9794141098,0.1964065834,,,,
3507,0.0,1062.203979,701.986938,1844.852051,-0.0466096073,0.9794141098,0.1964065834,,,,
3508,0.0,1065.769531,702.748413,1839.673584,-0.0466096073,0.9794141098,0.1964065834,,,,
3509,0.0,1068.782227,703.390259,1835.133545,-0.0466237941,0.9797147401,0.1948980497,,,,
3510,0.0,1072.447632,704.169373,1829.401489,-0.0483721173,0.9808077387,0.1888817568,,,,
3511,0.0,1076.351929,705.004456,1823.037354,-0.0524241908,0.9818311336,0.1823714048,,,,
3512,0.0,1079.57251,705.706055,1817.585693,-0.0559669818,0.9822867681,0.1788306519,,,,
3513,0.0,1083.140381,706.49585,1811.363403,-0.0589984146,0.9828094999,0.1749419161,,,,
3514,0.0,1086.511108,707.252808,1805.301514,-0.0609200762,0.9833385538,0.1712718099,,,,
3515,0.0,1090.118652,708.071838,1798.648071,-0.06020827,0.9839019256,0.1682615971,,,,
3516,0.0,1093.726929,708.882446,1791.763184,-0.0611292227,0.9843440952,0.1653176346,,,,
3517,0.0,1096.980957,709.615173,1785.377441,-0.0611648121,0.9847835415,0.1626660446,,,,
3518,0.0,1100.713013,710.454041,1777.855103,-0.0611864977,0.9851265759,0.1605672506,,,,
3519,0.0,1103.745117,711.142822,1771.602661,-0.0587726477,0.985801227,0.1572949989,,,,
3520,0.0,1107.295044,711.956055,1764.160156,-0.052664949,0.9867597329,0.1534002366,,,,
3521,0.0,1111.183105,712.855774,1755.892822,-0.0399590737,0.9881266537,0.1483542678,,,,
3522,0.0,1114.348511,713.591858,1749.080933,-0.0244776189,0.989012917,0.1457885322,,,,
3523,0.0,1118.423218,714.544556,1740.383179,0.0091436184,0.9901001558,0.1400645415,,,,
3524,0.0,1122.218018,715.350403,1732.211548,0.0458895304,0.9896284793,0.1361235612,,,,
3525,0.0,1125.888672,716.019348,1724.199341,0.0845530672,0.9871194941,0.1358156222,,,,
3526,0.0,1129.313477,716.624329,1716.626221,0.1227266785,0.9832028271,0.1350939051,,,,
3527,0.0,1133.79541,717.374451,1706.692871,0.1802524471,0.9744479503,0.1340158479,,,,
3528,0.0,1138.079346,718.007324,1697.328857,0.2485588248,0.9598064168,0.1303462806,,,,
3529,0.0,1142.47583,718.533325,1687.75708,0.3271636891,0.936729492,0.1245061419,,,,
3530,0.0,1146.099731,718.877625,1679.698608,0.3915335606,0.9123589178,0.1195937963,,,,
3531,0.0,1148.52771,719.134766,1676.768799,0.4941291865,0.8622001877,0.1115669456,,,,
3532,0.0,1150.10791,719.519958,1676.661499,0.5705275725,0.814562776,0.1048130382,,,,
3533,0.0,1152.369751,719.731689,1676.701294,0.6690542447,0.7368766098,0.0968466806,,,,
3534,0.0,1155.161011,719.438538,1676.701294,0.7698733037,0.6321545129,0.0876114611,,,,
3535,0.0,1157.384521,719.372681,1676.701294,0.832138336,0.5484774249,0.0819652615,,,,
3536,0.0,1161.398926,719.980164,1676.701294,0.901027823,0.4279322819,0.0708718862,,,,
3537,0.0,1162.437195,720.378998,1676.701294,0.9125968162,0.4021473122,0.0681045219,,,,
3538,0.0,1165.085327,721.839905,1676.701294,0.9331856506,0.3540522885,0.0617374977,,,,
3539,0.0,1166.853638,723.269226,1676.701294,0.9367733417,0.3446837643,0.0604053707,,,,
3540,0.0,1167.688538,724.0270995,1676.701294,0.9370218956,0.344093033,0.0599107356,,,,
3541,0.0,1169.907227,726.165283,1676.701294,0.9367017375,0.345051726,0.0594067447,,,,
3542,0.0,1171.485107,727.861511,1676.701294,0.9336429552,0.3532444916,0.0594067447,,,,
3543,0.0,1172.3259885,728.8400575,1676.701294,0.9306825676,0.3608791286,0.0594067447,,,,
3544,0.0,1174.463135,731.445984,1676.701294,0.9232927353,0.379475116,0.0594067447,,,,
3545,0.0,1175.849609,733.288879,1676.701294,0.9174633179,0.3934787054,0.058613725,,,,
3546,0.0,1177.237549,735.248779,1676.701294,0.9117422329,0.4065829992,0.058449684,,,,
3547,0.0,1178.744019,737.50415,1676.701294,0.9071474168,0.4168509581,0.0576093999,,,,
3548,0.0,1180.123169,739.689514,1676.701294,0.9031450793,0.4255817932,0.0566489457,,,,
3549,0.0,1181.548462,742.065613,1676.701294,0.8996287201,0.4330962021,0.0556403251,,,,
3550,0.0,1182.932251,744.490479,1676.701294,0.8970187598,0.4386014117,0.0546456419,,,,
3551,0.0,1184.094604,746.615662,1676.701294,0.8958699399,0.4409462671,0.0546208778,,,,
3552,0.0,1185.394287,749.093567,1676.701294,0.8953659384,0.4420694451,0.0538000191,,,,
3553,0.0,1186.70166,751.90271,1676.701294,0.8953120786,0.4421951,0.0536635398,,,,
3554,0.0,1187.904907,754.572754,1676.701294,0.8953120786,0.4421951,0.0536635398,,,,
3555,0.0,1189.025269,757.130127,1676.701294,0.8953120786,0.4421951,0.0536635398,,,,
3556,0.0,1190.375488,760.329041,1676.701294,0.8945186386,0.4437979604,0.0536635398,,,,
3557,0.0,1191.478516,763.020142,1676.701294,0.8937310907,0.445381818,0.0536635224,,,,
3558,0.0,1192.681763,766.059814,1676.701294,0.8920622339,0.4487150492,0.0536635398,,,,
3559,0.0,1193.853271,769.231934,1676.701294,0.8874357066,0.4576935176,0.0545390742,,,,
3560,0.0,1194.961304,772.442444,1676.701294,0.8803115159,0.4711365643,0.0555155179,,,,
3561,0.0,1195.92395,775.80957,1676.701294,0.8638320549,0.500602903,0.0564881794,,,,
3562,0.0,1196.705444,779.083435,1676.701294,0.8411252902,0.5378773044,0.0565354023,,,,
3563,0.0,1197.156616,782.393555,1676.701294,0.7969746271,0.6017157225,0.0526273034,,,,
3564,0.0,1197.547974,786.212891,1676.701416,0.7344903686,0.6771683564,0.0443499203,,,,
3565,0.0,1197.464722,790.29071,1678.035522,0.6278954386,0.777894225,0.0250577918,,,,
3566,0.0,1197.340454,793.667847,1678.371948,0.5319728364,0.8467071432,0.009587226,,,,
3567,0.0,1197.007812,796.486328,1678.601196,0.4244531081,0.9054396347,-0.0043158891,,,,
3568,0.0,1196.935547,800.560608,1678.79126,0.2951511784,0.9553201866,-0.0157836311,,,,
3569,0.0,1196.84082,804.336304,1678.968384,0.1768535459,0.983936379,-0.0243315724,,,,
3570,0.0,1196.755371,807.884399,1679.135864,0.0754828251,0.9966975271,-0.0299396506,,,,
3571,0.0,1196.705933,811.860962,1679.318237,-0.0159168111,0.9993742227,-0.0315882582,,,,
3572,0.0,1196.671753,814.94281,1679.450317,-0.0744959767,0.9967194648,-0.031633178,,,,
3573,0.0,1196.645874,818.708862,1679.596802,-0.1294168963,0.9912303606,-0.0267140251,,,,
3574,0.0,1196.62085,822.575378,1679.727417,-0.1695054705,0.9853693987,-0.0177494678,,,,
3575,0.0,1196.694946,826.062134,1679.827148,-0.1732411034,0.9847432966,-0.0163755877,,,,
3576,0.0,1196.724365,829.373047,1679.906738,-0.1733943376,0.9847176167,-0.0162978262,,,,
3577,0.0,1196.630371,836.644653,1680.039307,-0.1733943376,0.9847176167,-0.0162978262,,,,
3578,0.0,1196.5665895,838.5505065,1680.063843,-0.1733943376,0.9847176167,-0.0162978262,,,,
3579,0.0,1196.502808,840.45636,1680.088379,-0.1733943376,0.9847176167,-0.0162978262,,,,
3580,0.0,1196.146851,847.431274,1680.145752,-0.1733943376,0.9847176167,-0.0162978262,,,,
3581,0.0,1195.88269,851.402771,1680.14978,-0.1733943376,0.9847176167,-0.0162978262,,,,
3582,0.0,1195.627808,854.756287,1680.165161,-0.1733943376,0.9847176167,-0.0162978262,,,,
3583,0.0,1195.29187,858.734497,1680.165649,-0.1733943376,0.9847176167,-0.0162978262,,,,
3584,0.0,1194.970215,862.213867,1680.15625,-0.1733943376,0.9847176167,-0.0162978262,,,,
3585,0.0,1194.585693,866.083801,1680.139038,-0.1733943376,0.9847176167,-0.0162978262,,,,
3586,0.0,1194.212769,869.601135,1680.116943,-0.1733943376,0.9847176167,-0.0162978262,,,,
3587,0.0,1193.830322,873.024475,1680.090576,-0.1733943376,0.9847176167,-0.0162978262,,,,
3588,0.0,1193.441406,876.358643,1680.060303,-0.1733943376,0.9847176167,-0.0162978262,,,,
3589,0.0,1193.000244,879.995789,1680.023071,-0.1733943376,0.9847176167,-0.0162978262,,,,
3590,0.0,1192.561401,883.487061,1679.983032,-0.1733943376,0.9847176167,-0.0162978262,,,,
3591,0.0,1192.001465,887.5401,1679.931274,-0.1779023757,0.9838810843,-0.0181316508,,,,
3592,0.0,1191.466064,891.014526,1679.881958,-0.1869494258,0.9820632704,-0.0245284566,,,,
3593,0.0,1190.97937,894.283813,1679.831665,-0.1907346922,0.9812818676,-0.0265739249,,,,
3594,0.0,1190.458984,897.768494,1679.77417,-0.1928260484,0.9808205006,-0.0284475069,,,,
3595,0.0,1189.87561,901.704895,1679.705322,-0.1922365131,0.9808727768,-0.0305568132,,,,
3596,0.0,1189.376099,905.182251,1679.641479,-0.1879016355,0.9816239145,-0.0332786097,,,,
3597,0.0,1188.834839,909.002319,1679.568848,-0.1810686626,0.9827993052,-0.0363271947,,,,
3598,0.0,1188.41272,912.094849,1679.509033,-0.1730823242,0.9841740419,-0.03799953,,,,
3599,0.0,1187.913696,915.755615,1679.437378,-0.1634870089,0.9857037723,-0.0407439718,,,,
3600,0.0,1187.424561,919.756714,1679.360229,-0.1468162467,0.9881482968,-0.0448099676,,,,
3601,0.0,1187.104492,922.772705,1679.303955,-0.1297568309,0.9903124057,-0.0494419243,,,,
3602,0.0,1186.666748,926.998352,1679.246094,-0.1068717785,0.9926831265,-0.0562017205,,,,
3603,0.0,1186.297241,929.889709,1679.456177,-0.1005659836,0.9932800783,-0.0572814888,,,,
3604,0.0,1185.769165,933.844116,1679.799072,-0.0964698957,0.9936740611,-0.0574927786,,,,
3605,0.0,1185.357666,936.879089,1680.052856,-0.0954827779,0.9937693986,-0.0574927961,,,,
3606,0.0,1184.904419,940.344055,1680.343506,-0.0937855275,0.9939310103,-0.0574927961,,,,
3607,0.0,1184.484131,943.70636,1680.627075,-0.091227281,0.994169082,-0.0574927786,,,,
3608,0.0,1183.99231,947.712463,1680.965332,-0.088797277,0.9943890697,-0.0574927961,,,,
3609,0.0,1183.590332,951.072754,1681.252197,-0.0869583428,0.9945515698,-0.0574927961,,,,
3610,0.0,1183.192017,954.548645,1681.5625,-0.0842317581,0.9947862028,-0.0574927961,,,,
3611,0.0,1182.814697,957.885132,1681.863403,-0.0822763071,0.9949498418,-0.0574927961,,,,
3612,0.0,1182.464233,961.056519,1682.149902,-0.0805416822,0.9950917625,-0.0574927961,,,,
3613,0.0,1182.007324,965.236084,1682.528442,-0.0791424844,0.9952040221,-0.0574927961,,,,
3614,0.0,1181.683472,968.392761,1682.81543,-0.0766903732,0.9953959851,-0.0574927786,,,,
3615,0.0,1181.291138,972.263916,1683.167969,-0.0744138508,0.9955687617,-0.0574927786,,,,
3616,0.0,1180.952637,975.614624,1683.473877,-0.0734426214,0.9956408789,-0.0574927961,,,,
3617,0.0,1180.646118,978.712891,1683.757446,-0.0725963421,0.9957029424,-0.0574927961,,,,
3618,0.0,1180.246826,982.849243,1684.136475,-0.0714671932,0.9957846257,-0.0574927786,,,,
3619,0.0,1179.948975,986.018555,1684.566895,-0.0706050986,0.9958941835,-0.0566541732,,,,
3620,0.0,1179.362671,992.596252,1685.737915,-0.0673627103,0.9961254999,-0.0565354197,,,,
3621,0.0,1179.202881,994.519226,1686.0894165,-0.0657875138,0.9962526541,-0.0561247376,,,,
3622,0.0,1179.043091,996.4422,1686.440918,-0.0642123172,0.9963798083,-0.0557140555,,,,
3623,0.0,1178.490479,1003.279968,1687.718384,-0.0595662706,0.9967288508,-0.0546210347,,,,
3624,0.0,1178.244019,1006.509705,1688.323608,-0.0569173179,0.9968836248,-0.0546210347,,,,
3625,0.0,1177.98999,1009.942017,1688.967285,-0.0541050932,0.9970776749,-0.0539328201,,,,
3626,0.0,1177.729858,1013.666382,1689.755249,-0.0503028294,0.99733136,-0.0529129817,,,,
3751,0.0,1172.869141,1476.372437,1762.900513,-0.0868166998,0.99586264,0.0268414408,,,,
3752,0.0,1172.884277,1476.338501,1763.012817,-0.0868166998,0.99586264,0.0268414408,,,,
3753,0.0,1172.90271,1476.306885,1763.161133,-0.0868166998,0.99586264,0.0268414408,,,,
3754,0.0,1172.987183,1476.199463,1763.355103,-0.0868166998,0.99586264,0.0268414408,,,,
3755,0.0,1172.948608,1478.661865,1763.619263,-0.0868166998,0.99586264,0.0268414408,,,,
3756,0.0,1172.827515,1482.08606,1763.811279,-0.0868166998,0.99586264,0.0268414408,,,,
3757,0.0,1172.630615,1485.845581,1763.86731,-0.0868166998,0.99586264,0.0268414408,,,,
3758,0.0,1172.703125,1489.017212,1763.832397,-0.0868166998,0.99586264,0.0268414408,,,,
5016,0.0,-390.558014,9.500341,1728.512451,0.9902685233,0.1106837616,0.084364428,,,,
5017,0.0,-390.651337,9.525017,1728.494019,0.9902685233,0.1106837616,0.084364428,,,,
5018,0.0,-387.845367,9.91176,1726.59082,0.9899203241,0.1137558576,0.084364428,,,,
5019,0.0,-386.454773,10.339823,1725.67395,0.9895106552,0.1172659653,0.084364428,,,,
5020,0.0,-385.355713,10.363544,1725.401245,0.9890806226,0.1208394198,0.084364428,,,,
5021,0.0,-381.467438,10.272324,1724.913086,0.9875934286,0.13244571,0.0843644106,,,,
5022,0.0,-378.361908,10.376009,1725.045654,0.9865511663,0.1399980091,0.0843644106,,,,
5023,0.0,-375.338226,10.540985,1725.343384,0.9850095138,0.150462291,0.084364428,,,,
5024,0.0,-371.265533,10.757198,1725.797241,0.9825754692,0.1656142826,0.084364428,,,,
5025,0.0,-368.62619,10.989127,1725.969727,0.9807241666,0.1758884596,0.0851079249,,,,
5026,0.0,-364.616608,11.395807,1726.258911,0.9770340137,0.1944264395,0.087194585,,,,
5027,0.0,-361.691528,11.788853,1726.357666,0.9732447965,0.2119057542,0.0888285844,,,,
5028,0.0,-359.080566,12.150036,1726.553833,0.9683948464,0.2319955182,0.0915942193,,,,
5029,0.0,-355.025696,13.05247,1726.796265,0.9578215187,0.2703537547,0.097400131,,,,
5030,0.0,-352.297668,14.052971,1726.744019,0.9493831276,0.2972932449,0.1014317679,,,,
5031,0.0,-349.604858,15.100814,1726.704224,0.9400909339,0.3241639996,0.1055781106,,,,
5032,0.0,-345.918304,16.733526,1726.646118,0.9246363981,0.3641609921,0.1115092061,,,,
5033,0.0,-343.074432,18.288527,1726.554443,0.9151378008,0.3865463602,0.1144758359,,,,
5034,0.0,-340.625336,19.73394,1726.507202,0.9072135412,0.4042809473,0.116277712,,,,
5035,0.0,-338.064392,21.378227,1726.480713,0.8987966557,0.4223442913,0.1174302831,,,,
5036,0.0,-334.887329,23.813538,1726.478027,0.8875543631,0.445169547,0.1186226246,,,,
5037,0.0,-333.021301,25.424078,1726.473145,0.8830692588,0.4538040791,0.1193756336,,,,
5038,0.0,-328.788147,29.688396,1726.53125,0.8763802162,0.4663638374,0.120260084,,,,
5039,0.0,-327.5922395,31.088039,1726.543152,0.874297042,0.4700954099,0.1208156244,,,,
5040,0.0,-324.83371,34.562431,1726.436279,0.8689174101,0.4796515003,0.1221350596,,,,
5041,0.0,-323.665619,36.4853265,1726.173584,0.8640663921,0.4878639428,0.1236318183,,,,
5042,0.0,-321.184631,41.084091,1725.464844,0.8488561221,0.5128510098,0.1281683489,,,,
5043,0.0,-320.222717,43.003601,1725.155945,0.836365181,0.5315835989,0.131876744,,,,
5044,0.0,-318.070007,47.323696,1724.690918,0.8017713958,0.5809793293,0.1400915693,,,,
5045,0.0,-316.915009,49.34782,1724.698364,0.7736621499,0.6169130692,0.1444477167,,,,
5046,0.0,-315.618042,50.357925,1724.542236,0.7278064871,0.6696917424,0.1476844188,,,,
5047,0.0,-314.982895,50.608379,1724.7474365,0.7030784656,0.6945715533,0.1483915376,,,,
5048,0.0,-313.594879,51.126957,1725.282593,0.6470399221,0.7480397189,0.147566657,,,,
5049,0.0,-312.912537,51.512825,1725.331787,0.608103918,0.7803526179,0.1458060925,,,,
5050,0.0,-312.348297,51.770233,1725.030273,0.5835235036,0.7992898233,0.1436527033,,,,
5051,0.0,-311.706482,51.976086,1724.849243,0.551768993,0.822192089,0.1398254168,,,,
5052,0.0,-311.470428,51.965271,1724.904175,0.5378265505,0.8316585255,0.1381546182,,,,
5053,0.0,-311.337219,51.836876,1725.223511,0.5275465906,0.8383969456,0.1370589519,,,,
5054,0.0,-311.349792,51.596386,1725.694702,0.5217000948,0.8421881907,0.1361912718,,,,
5055,0.0,-311.521881,51.280228,1726.180298,0.5190455773,0.843887318,0.1358156222,,,,
5056,0.0,-311.659973,51.137085,1726.322632,0.5190009195,0.8439147838,0.1358156222,,,,
5057,0.0,-311.715424,51.150887,1726.297729,0.5190009195,0.8439147838,0.1358156222,,,,
5058,0.0,-311.806366,51.147964,1726.315308,0.5190009195,0.8439147838,0.1358156222,,,,
5059,0.0,-311.86142,51.150349,1726.311279,0.5190009195,0.8439147838,0.1358156222,,,,
5060,0.0,-311.940277,51.151321,1726.326416,0.5190009195,0.8439147838,0.1358156222,,,,
5061,0.0,-312.000122,51.145321,1726.317261,0.5190009195,0.8439147838,0.1358156222,,,,
5062,0.0,-312.078186,51.16293,1726.312012,0.5190009195,0.8439147838,0.1358156222,,,,
5063,0.0,-312.125824,51.186447,1726.298828,0.5190009195,0.8439147838,0.1358156222,,,,
5064,0.0,-312.175323,51.208241,1726.283325,0.5190009195,0.8439147838,0.1358156222,,,,
5065,0.0,-312.260468,51.245533,1726.29126,0.5174782384,0.8448493323,0.1358156049,,,,
5066,0.0,-312.347076,51.301105,1726.273926,0.5132727699,0.8475407845,0.1350025268,,,,
5067,0.0,-312.467987,51.378956,1726.272339,0.5053016561,0.8523388291,0.1348656992,,,,
5068,0.0,-312.682617,51.510536,1726.253784,0.4898406472,0.8613172374,0.1348656992,,,,
5069,0.0,-312.882599,51.635696,1726.250732,0.4733844353,0.870470229,0.1348656992,,,,
5070,0.0,-313.377808,51.09087,1726.750732,0.45065391,0.8827362769,0.1329951835,,,,
5071,0.0,-313.442413,51.190971,1726.797852,0.4202803394,0.8982600343,0.1284264269,,,,
5072,0.0,-313.503876,51.298435,1726.636597,0.4012013902,0.907412139,0.1250626023,,,,
5073,0.0,-313.352386,51.417728,1726.001831,0.3854063506,0.9146040482,0.1223167199,,,,
5074,0.0,-313.194977,51.709709,1724.874756,0.3711494556,0.9208950319,0.119165523,,,,
5075,0.0,-312.957947,52.296768,1723.196045,0.3463037869,0.9313394911,0.1126074573,,,,
5076,0.0,-312.769775,52.587212,1721.682129,0.3415568863,0.9332441895,0.1113291343,,,,
5077,0.0,-312.642731,52.767673,1720.193481,0.3406296755,0.9336127195,0.1110797646,,,,
5078,0.0,-312.660828,52.722313,1720.292358,0.3398259472,0.9339055668,0.111079782,,,,
5079,0.0,-312.469604,53.243187,1716.870972,0.3398763221,0.9334528881,0.1146725396,,,,
5080,0.0,-312.455963,53.3131445,1716.1153565,0.338854641,0.9338685766,0.1143051284,,,,
5081,0.0,-312.442322,53.383102,1715.359741,0.3378329598,0.934284265,0.1139377171,,,,
5082,0.0,-312.289398,53.806015,1712.763916,0.3378329598,0.934284265,0.1139377171,,,,
5083,0.0,-312.449158,53.621433,1712.228516,0.3378329598,0.934284265,0.1139377171,,,,
5084,0.0,-312.623474,53.566689,1712.104248,0.3378329598,0.934284265,0.1139377171,,,,
5085,0.0,-312.7009275,53.5242025,1712.055908,0.3378329598,0.934284265,0.1139377171,,,,
5086,0.0,-312.997101,53.513199,1711.899902,0.3378329598,0.934284265,0.1139377171,,,,
5087,0.0,-313.418243,52.904274,1712.764771,0.3378329598,0.934284265,0.1139377171,,,,
5088,0.0,-314.242798,53.06678,1712.893066,0.3515095908,0.9298002786,0.1091441686,,,,
5089,0.0,-314.5950015,52.0097485,1713.392761,0.3639643749,0.925331685,0.1053652516,,,,
5090,0.0,-315.222534,49.998371,1714.412598,0.3684337095,0.9241788904,0.1007471099,,,,
5091,0.0,-315.680969,49.424805,1714.811523,0.3392586321,0.9350711478,0.1026914267,,,,
5092,0.0,-316.161194,48.959793,1715.053345,0.3043237582,0.9470037829,0.1028148107,,,,
5093,0.0,-316.676239,48.477402,1715.195679,0.2564472003,0.9616851033,0.096936038,,,,
5269,0.0,2064.846191,-515.226013,1683.549194,0.7071067812,-0.7071067812,0.0,,,,
5270,0.0,2064.846191,-515.226013,1683.549194,0.7071067812,-0.7071067812,0.0,,,,
5271,0.0,2065.625244,-514.213867,1683.567139,0.9969370606,-0.0727684657,0.0286574193,,,,
5272,0.0,2063.153076,-509.814911,1683.449341,0.8673440983,0.4940172032,0.0605079999,,,,
5273,0.0,2058.97998,-511.238281,1683.587402,0.2631204234,0.9601041067,0.094698189,,,,
5274,0.0,2059.306641,-509.705078,1683.708984,0.1893991931,0.9771193449,0.096776709,,,,
5275,0.0,2066.416504,-511.574402,1683.75647,0.8492056185,-0.5280142918,0.0071221572,,,,
5276,0.0,2066.104248,-513.563293,1683.756348,0.7071067812,-0.7071067812,0.0,,,,
5277,0.0,2066.667969,-513.660706,1683.732544,0.7071067812,-0.7071067812,0.0,,,,
5278,0.0,2067.414307,-513.96283,1683.674438,0.7071067812,-0.7071067812,0.0,,,,
5279,0.0,2068.310547,-514.475769,1683.587646,0.7071067812,-0.7071067812,0.0,,,,
5280,0.0,2069.202881,-515.303345,1683.473389,0.7071067812,-0.7071067812,0.0,,,,
5281,0.0,2070.131348,-516.237976,1683.344116,0.7071067812,-0.7071067812,0.0,,,,
5282,0.0,2071.324951,-517.450867,1683.171875,0.7071067812,-0.7071067812,0.0,,,,
5283,0.0,2072.504639,-518.646606,1682.997437,0.7071067812,-0.7071067812,0.0,,,,
5284,0.0,2075.169189,-521.207275,1682.603149,0.7071067812,-0.7071067812,0.0,,,,
5285,0.0,2076.719727,-522.679077,1682.390747,0.7071067812,-0.7071067812,0.0,,,,
5286,0.0,2078.044434,-522.211121,1680.30896,0.7077510386,-0.7064619363,0.0,,,,
5287,0.0,2079.875488,-523.868713,1680.047485,0.7078521134,-0.7063606625,0.0,,,,
5288,0.0,2081.657471,-525.495361,1679.914307,0.7078521134,-0.7063606625,0.0,,,,
5289,0.0,2083.601074,-527.27771,1679.932007,0.7084862431,-0.7057246229,0.0,,,,
5290,0.0,2085.4646,-529.008972,1679.948853,0.7085289949,-0.7056817012,0.0,,,,
5291,0.0,2087.183838,-530.616516,1679.89917,0.7085289949,-0.7056817012,0.0,,,,
5292,0.0,2089.228271,-532.537659,1679.822876,0.7085289949,-0.7056817012,0.0,,,,
5293,0.0,2091.230225,-534.432434,1679.668823,0.7085289949,-0.7056817012,0.0,,,,
5294,0.0,2093.074707,-536.186401,1679.525024,0.7085289949,-0.7056817012,0.0,,,,
5295,0.0,2094.950684,-537.979248,1679.363647,0.7085289949,-0.7056817012,0.0,,,,
5296,0.0,2097.311523,-540.248718,1679.172363,0.7085289949,-0.7056817012,0.0,,,,
5297,0.0,2099.404785,-542.270569,1679.026733,0.7085289949,-0.7056817012,0.0,,,,
5298,0.0,2101.993896,-544.778748,1678.833008,0.7085289949,-0.7056817012,0.0,,,,
5299,0.0,2104.001465,-546.729126,1678.555664,0.7085289949,-0.7056817012,0.0,,,,
5300,0.0,2106.558838,-549.217896,1678.079468,0.7085289949,-0.7056817012,0.0,,,,
5301,0.0,2108.896973,-551.497803,1677.611328,0.7085289949,-0.7056817012,0.0,,,,
5302,0.0,2111.290039,-553.835022,1677.115112,0.7085289949,-0.7056817012,0.0,,,,
5303,0.0,2113.363525,-555.863403,1676.723389,0.7085289949,-0.7056817012,0.0,,,,
5304,0.0,2115.783691,-558.225952,1676.310181,0.7091609763,-0.705046601,0.0,,,,
5305,0.0,2118.329102,-560.680359,1676.109253,0.7125746301,-0.7015956658,0.0009582729,,,,
5306,0.0,2120.529297,-562.754517,1675.9021,0.7192253062,-0.6947717023,0.0026908232,,,,
5307,0.0,2123.344727,-565.270996,1675.861694,0.737522674,-0.6752892841,0.0066849103,,,,
5308,0.0,2125.716064,-567.184937,1675.915039,0.7656610516,-0.6431658758,0.0100404312,,,,
5309,0.0,2128.689209,-569.323059,1675.983154,0.8104628467,-0.5855594659,0.0164342927,,,,
5310,0.0,2131.881592,-571.268799,1676.12146,0.8644139291,-0.5023176307,0.0215767735,,,,
5311,0.0,2134.549072,-572.981873,1676.338501,0.91535041,-0.4019800851,0.0233588978,,,,
5312,0.0,2137.565918,-575.475098,1676.592896,0.9527854085,-0.302637048,0.0247140161,,,,
5313,0.0,2140.560303,-577.781189,1676.981812,0.9746088882,-0.2225225353,0.0249246124,,,,
5314,0.0,2143.202637,-579.493774,1677.042358,0.9897728067,-0.1407336474,0.023320197,,,,
6696,0.0,-299.861084,-774.593323,1676.701294,-0.9952117241,0.0400958611,0.0891400372,,,,
6697,0.0,-300.081329,-774.584473,1676.701294,-0.9952117241,0.0400958611,0.0891400372,,,,
6698,0.0,-300.416534,-774.570984,1676.701294,-0.9952117241,0.0400958611,0.0891400372,,,,
6755,0.0,-488.667358,-862.555237,1676.250854,-0.9845870178,0.1417111522,0.1025005057,,,,
6756,0.0,-488.116638,-861.213623,1676.6296385,-0.9845870178,0.1417111522,0.1025005057,,,,
6757,0.0,-487.443604,-859.889648,1677.008423,-0.9845870178,0.1417111522,0.1025005057,,,,
6758,0.0,-487.398987,-859.895996,1677.008423,-0.9845870178,0.1417111522,0.1025005057,,,,
6759,0.0,-487.398987,-859.895996,1677.008423,-0.9845870178,0.1417111522,0.1025005057,,,,
6760,0.0,-490.19986,-859.807617,1677.020996,-0.9844897641,0.1439953931,0.1002259009,,,,
6761,0.0,-493.594696,-859.694153,1677.036133,-0.9846058998,0.1446056792,0.098185638,,,,
6762,0.0,-496.949463,-859.554199,1677.051025,-0.9847164039,0.1446219086,0.0970469344,,,,
6763,0.0,-501.423889,-859.324219,1677.071289,-0.9849226421,0.1446521981,0.094884828,,,,
6764,0.0,-504.586578,-859.139709,1677.085449,-0.985047486,0.1438106437,0.0948680616,,,,
6765,0.0,-507.831055,-858.936768,1677.100098,-0.9853586964,0.1421800766,0.094090729,,,,
6817,0.0,-700.445923,-816.305237,1677.701294,-0.4746493055,0.875649525,0.0891400372,,,,
6818,0.0,-700.411316,-816.212646,1677.701294,-0.4746493055,0.875649525,0.0891400372,,,,
6819,0.0,-700.169128,-815.97821,1677.701294,-0.4746493055,0.875649525,0.0891400372,,,,
6820,0.0,-700.018555,-815.839966,1677.701294,-0.4746493055,0.875649525,0.0891400372,,,,
6821,0.0,-699.788086,-815.638489,1677.701294,-0.4746493055,0.875649525,0.0891400372,,,,
8391,0.0,690.06604,41.667812,1664.788208,-0.6777393964,-0.6045139169,0.418607495,,,,
8392,0.0,689.115173,43.26012,1666.485352,-0.6777393964,-0.6045139169,0.418607495,,,,
8393,0.0,689.35791,42.995571,1666.038574,-0.6777393964,-0.6045139169,0.418607495,,,,
8394,0.0,689.669678,43.042847,1666.973389,-0.6757073438,-0.6180160026,0.4018405232,,,,
8395,0.0,689.962402,43.37907,1668.370728,-0.6726424049,-0.6344309188,0.3808537835,,,,
8396,0.0,690.280579,43.502384,1670.1604,-0.6690242413,-0.6502773397,0.3599249171,,,,
8397,0.0,690.568542,43.395706,1671.594238,-0.6555762847,-0.6887271689,0.3096362732,,,,
8398,0.0,690.739746,43.117706,1673.112183,-0.6275151766,-0.7421457686,0.2354662636,,,,
8399,0.0,690.907959,42.962173,1674.456055,-0.5877915615,-0.7944031578,0.1530513087,,,,
8400,0.0,691.270325,42.943886,1675.89209,-0.5595094851,-0.823053988,0.097628218,,,,
8401,0.0,691.509399,43.002777,1678.032227,-0.5431135274,-0.837243782,0.0636438983,,,,
8402,0.0,691.630127,42.899055,1679.969116,-0.5209437917,-0.853371092,0.0193738275,,,,
8403,0.0,691.56488,42.124695,1681.337646,-0.512212406,-0.8588541285,-0.0028349869,,,,
8404,0.0,691.298645,41.386257,1682.439087,-0.5037564756,-0.8635404607,-0.0229627097,,,,
8405,0.0,690.997437,40.746552,1682.476196,-0.4967018307,-0.8670580427,-0.0386993805,,,,
8406,0.0,690.69043,40.222157,1682.465698,-0.4925098204,-0.8689443289,-0.0486809009,,,,
8407,0.0,690.361938,39.613876,1682.415649,-0.4897193644,-0.8702025329,-0.054060113,,,,
8408,0.0,689.873108,38.930363,1682.341187,-0.4886303526,-0.8707245964,-0.0554892389,,,,
8409,0.0,689.361572,38.080341,1682.213257,-0.488550715,-0.8707636122,-0.0555781481,,,,
8410,0.0,688.712219,37.058483,1682.145996,-0.488550715,-0.8707636122,-0.0555781481,,,,
8411,0.0,687.756958,34.60619,1682.036255,-0.488550715,-0.8707636122,-0.0555781481,,,,
8412,0.0,687.106873,32.999634,1682.155151,-0.488550715,-0.8707636122,-0.0555781481,,,,
8413,0.0,686.362549,31.129148,1682.273193,-0.488550715,-0.8707636122,-0.0555781481,,,,
8414,0.0,685.865387,30.1337585,1682.328369,-0.488550715,-0.8707636122,-0.0555781481,,,,
8415,0.0,685.368225,29.138369,1682.383545,-0.488550715,-0.8707636122,-0.0555781481,,,,
8416,0.0,684.517944,27.144485,1682.832642,-0.488550715,-0.8707636122,-0.0555781481,,,,
8417,0.0,683.59491,25.080103,1683.481323,-0.488550715,-0.8707636122,-0.0555781481,,,,
8418,0.0,681.812073,21.077015,1684.795532,-0.488550715,-0.8707636122,-0.0555781481,,,,
8419,0.0,680.608398,18.743656,1685.600952,-0.488550715,-0.8707636122,-0.0555781481,,,,
8420,0.0,679.9393615,17.474719,1686.062561,-0.488550715,-0.8707636122,-0.0555781481,,,,
8421,0.0,678.331604,14.396026,1687.125488,-0.488550715,-0.8707636122,-0.0555781481,,,,
8436,0.0,656.277405,-25.565248,1707.878662,-0.488550715,-0.8707636122,-0.0555781481,,,,
8437,0.0,654.170227,-29.318956,1703.965454,-0.488550715,-0.8707636122,-0.0555781481,,,,
8438,0.0,652.202881,-33.103027,1705.2677,-0.488550715,-0.8707636122,-0.0555781481,,,,
8439,0.0,650.290649,-36.723213,1706.934692,-0.488550715,-0.8707636122,-0.0555781481,,,,
8440,0.0,648.777039,-39.582375,1708.637817,-0.488550715,-0.8707636122,-0.0555781481,,,,
8441,0.0,645.97644,-44.722488,1710.816284,-0.4879832701,-0.8710817488,-0.0555780087,,,,
8442,0.0,645.691589,-45.471012,1712.978149,-0.4869625445,-0.8715990182,-0.0564148182,,,,
8443,0.0,644.366211,-47.915478,1715.049805,-0.4851099823,-0.8726236597,-0.0565354197,,,,
8444,0.0,642.63031,-51.34201,1718.215332,-0.4808424655,-0.8749824385,-0.0565354371,,,,
8445,0.0,640.905579,-54.688637,1721.641479,-0.4752374319,-0.8779800754,-0.0574488516,,,,
8446,0.0,639.615784,-57.1959,1724.417725,-0.470974699,-0.8802213927,-0.0582506024,,,,
8447,0.0,638.387573,-59.703957,1727.335815,-0.4672912501,-0.8821692186,-0.0584496143,,,,
8448,0.0,636.368774,-63.92305,1732.292847,-0.4631805414,-0.884272173,-0.0593844265,,,,
8449,0.0,635.186218,-66.254898,1733.5354,-0.4618805439,-0.8849503858,-0.0594068841,,,,
8450,0.0,633.394287,-70.013672,1735.378418,-0.4606443316,-0.8855945031,-0.0594068667,,,,
8451,0.0,631.992798,-72.810295,1736.622437,-0.4598863752,-0.8859883442,-0.0594068667,,,,
8452,0.0,630.648865,-75.565048,1737.624146,-0.4597253345,-0.8860719234,-0.0594067621,,,,
8453,0.0,628.701904,-79.488426,1739.057251,-0.4597253345,-0.8860719234,-0.0594067621,,,,
8454,0.0,627.162048,-82.421555,1740.039551,-0.4597253345,-0.8860719234,-0.0594067621,,,,
8455,0.0,625.75293,-85.135971,1740.880371,-0.4597253345,-0.8860719234,-0.0594067621,,,,
8484,0.0,597.938782,-144.542694,1790.651367,-0.9993747868,-0.0114228321,0.0334597438,,,,
8485,0.0,597.638855,-146.264694,1792.920776,-0.9989122926,0.0287867082,0.036681836,,,,
8486,0.0,597.416809,-147.889038,1795.178223,-0.9968942456,0.0679799953,0.0397565498,,,,
8487,0.0,597.143311,-150.035843,1798.086182,-0.9915244644,0.122275714,0.0439077011,,,,
8488,0.0,597.322937,-151.65947,1802.012329,-0.9912185524,0.1246678025,0.0440876446,,,,
8489,0.0,598.387268,-149.775543,1802.738892,-0.9912185524,0.1246678025,0.0440876446,,,,
8490,0.0,599.617371,-148.569565,1805.862549,-0.9912185524,0.1246678025,0.0440876446,,,,
8491,0.0,598.908081,-147.397675,1805.78772,-0.9912185524,0.1246678025,0.0440876446,,,,
8492,0.0,598.825317,-146.203918,1805.777954,-0.990956569,0.1267334131,0.0440876446,,,,
8493,0.0,598.837952,-145.269409,1806.35791,-0.9901101821,0.1328822896,0.04499027,,,,
8494,0.0,598.719482,-144.859909,1806.685059,-0.9893252124,0.1385876354,0.0450454363,,,,
8495,0.0,597.164001,-145.159348,1807.716919,-0.9868092424,0.1554941405,0.0450454363,,,,
8496,0.0,596.5294185,-145.3614505,1807.978882,-0.985663877,0.1624438957,0.0450454363,,,,
8497,0.0,595.894836,-145.563553,1808.240845,-0.9845185116,0.1693936509,0.0450454363,,,,
8498,0.0,594.426147,-145.475922,1807.905151,-0.9818506137,0.1842288777,0.0450454537,,,,
8499,0.0,593.403442,-145.081421,1807.936157,-0.9789504257,0.1992441094,0.0442475874,,,,
8500,0.0,590.683533,-143.957916,1807.900146,-0.9729658781,0.2268509864,0.0433131623,,,,
8501,0.0,589.7532045,-143.6274335,1807.8679805,-0.9716891409,0.2322105785,0.0432214874,,,,
8502,0.0,587.424561,-142.849594,1807.896606,-0.9693525984,0.2418581355,0.0431298299,,,,
8503,0.0,585.174622,-142.142914,1807.795166,-0.9677350742,0.2482511711,0.0431298299,,,,
8504,0.0,584.0106205,-141.7969665,1807.6500855,-0.9672944639,0.2499562689,0.0431298299,,,,
8505,0.0,581.089172,-140.947754,1807.3479,-0.9666360767,0.2524965574,0.0431298473,,,,
8506,0.0,578.592102,-140.240021,1807.103271,-0.9663622973,0.2535423598,0.0431298299,,,,
8507,0.0,576.766418,-139.73262,1806.911621,-0.966344674,0.2536095204,0.0431298299,,,,
8508,0.0,573.85083,-138.928848,1806.585327,-0.966344674,0.2536095204,0.0431298299,,,,
8509,0.0,572.0354,-138.430023,1806.425537,-0.966344674,0.2536095204,0.0431298299,,,,
8510,0.0,569.015625,-137.605133,1806.134766,-0.966344674,0.2536095204,0.0431298299,,,,
8511,0.0,566.875366,-137.023544,1806.038696,-0.966344674,0.2536095204,0.0431298299,,,,
8512,0.0,563.335754,-136.065582,1806.03894,-0.966344674,0.2536095204,0.0431298299,,,,
8513,0.0,561.053345,-135.450333,1806.053345,-0.966344674,0.2536095204,0.0431298299,,,,
8514,0.0,557.505554,-134.496262,1806.243408,-0.9663046335,0.2535990121,0.0440782988,,,,
8537,0.0,513.245483,-112.191422,1849.348877,-0.9796212026,0.1528597875,0.1302926887,,,,
8538,0.0,508.416199,-111.161873,1856.189331,-0.9800812909,0.1425874134,0.1382370889,,,,
8539,0.0,507.1985015,-110.782883,1858.2228395,-0.9801782256,0.1395293953,0.1405961166,,,,
8540,0.0,504.573639,-109.827713,1862.735474,-0.9803700754,0.1324546751,0.1460488762,,,,
8541,0.0,504.1791075,-109.1994135,1863.914185,-0.9804412765,0.1312774623,0.1466267587,,,,
8542,0.0,504.547058,-107.757072,1866.038208,-0.9805240451,0.1300130404,0.1472046412,,,,
8543,0.0,504.741409,-107.059139,1866.521179,-0.9805240451,0.1300130404,0.1472046412,,,,
8544,0.0,504.832764,-105.482857,1867.056885,-0.9805240451,0.1300130404,0.1472046412,,,,
8545,0.0,504.6638645,-104.818142,1866.9813235,-0.9805240451,0.1300130404,0.1472046412,,,,
8546,0.0,504.255493,-103.205544,1866.620361,-0.9805240451,0.1300130404,0.1472046412,,,,
8547,0.0,503.915771,-101.930153,1866.009155,-0.9803920755,0.1299955418,0.1480963787,,,,
8548,0.0,503.674469,-100.988113,1865.389648,-0.9803703264,0.1292371433,0.1489019271,,,,
8549,0.0,503.415771,-99.997536,1864.593262,-0.980366594,0.1290358382,0.1491009517,,,,
8550,0.0,503.085205,-98.697113,1863.302856,-0.980366594,0.1290358382,0.1491009517,,,,
8551,0.0,501.624634,-97.023384,1861.487305,-0.9803533079,0.128353405,0.1497758161,,,,
8552,0.0,500.408752,-95.526855,1857.710938,-0.9804539478,0.1272610932,0.1500488932,,,,
8553,0.0,499.618103,-94.775558,1855.183594,-0.9806497086,0.1257436403,0.150048945,,,,
8554,0.0,498.697205,-93.830925,1851.894775,-0.9806903112,0.1243705143,0.1509254407,,,,
8555,0.0,498.131226,-93.183517,1849.770508,-0.980688454,0.1242986263,0.150996714,,,,
8556,0.0,496.981049,-92.225456,1847.84082,-0.9807930765,0.1234703959,0.1509966967,,,,
8557,0.0,495.530212,-91.299011,1847.352783,-0.9808071739,0.1233583399,0.150996714,,,,
8558,0.0,494.763306,-90.556831,1847.242798,-0.9808071739,0.1233583399,0.150996714,,,,
8559,0.0,493.238281,-89.941116,1847.175903,-0.9808071739,0.1233583399,0.150996714,,,,
8560,0.0,492.056763,-89.290359,1847.109009,-0.9808071739,0.1233583399,0.150996714,,,,
8561,0.0,490.330322,-88.368851,1847.033203,-0.9808071739,0.1233583399,0.150996714,,,,
8562,0.0,488.384705,-87.364189,1846.986694,-0.9809108986,0.1225307964,0.1509967312,,,,
8563,0.0,486.855988,-86.637527,1846.956299,-0.9809249922,0.1224179401,0.150996714,,,,
8564,0.0,484.607849,-85.750221,1846.970215,-0.9810207293,0.1216483069,0.1509967485,,,,
8565,0.0,482.76413,-85.124603,1846.973999,-0.9810419067,0.1214774449,0.150996714,,,,
8566,0.0,480.165466,-84.30307,1846.956177,-0.9810419067,0.1214774449,0.150996714,,,,
8567,0.0,477.358002,-83.43528,1846.942627,-0.9810419067,0.1214774449,0.150996714,,,,
8568,0.0,475.173767,-82.738739,1846.925049,-0.9810188405,0.1206865553,0.1517787532,,,,
8569,0.0,472.859558,-82.01635,1846.894531,-0.9810921142,0.1198797895,0.151944396,,,,
8570,0.0,469.639404,-81.08577,1846.852051,-0.9812229289,0.1188042893,0.1519444133,,,,
8571,0.0,467.397308,-80.518021,1846.796631,-0.9811951977,0.117468814,0.1531569843,,,,
8572,0.0,464.137848,-79.761864,1846.73877,-0.9814095827,0.1146277575,0.1539341036,,,,
8573,0.0,460.825165,-79.106186,1846.731812,-0.9816127643,0.110589061,0.1555841914,,,,
8574,0.0,458.3927,-78.7481,1846.615845,-0.9818095284,0.1075587011,0.156464615,,,,
8575,0.0,455.092621,-78.29113,1846.384155,-0.9819709459,0.1034956585,0.1581825217,,,,
8576,0.0,451.774506,-77.864082,1846.09375,-0.9821864502,0.0994437294,0.1594387711,,,,
8577,0.0,448.339294,-77.362617,1845.884521,-0.9822053983,0.0961448297,0.1613342097,,,,
8578,0.0,445.258789,-76.87085,1845.699707,-0.982248937,0.0924348792,0.163226281,,,,
8579,0.0,439.542419,-76.212585,1845.755127,-0.9821331814,0.0904355477,0.1650328019,,,,
8824,0.0,-197.571198,192.75087,1675.709351,-0.3260741576,0.942536926,0.0727996353,,,,
8825,0.0,-197.536346,192.650146,1675.930786,-0.3260741576,0.942536926,0.0727996353,,,,
8826,0.0,-197.402603,192.263565,1676.161011,-0.3260741576,0.942536926,0.0727996353,,,,
8827,0.0,-197.303726,191.977722,1676.31604,-0.3260741576,0.942536926,0.0727996353,,,,
8828,0.0,-198.049622,192.15567,1676.335571,-0.3263680774,0.9424351934,0.0727996179,,,,
8829,0.0,-201.589996,194.721481,1676.376587,-0.3269776595,0.9422238711,0.0727996353,,,,
8830,0.0,-203.3713835,196.182083,1676.3011475,-0.3273110964,0.9421080264,0.072799644,,,,
8831,0.0,-205.152771,197.642685,1676.225708,-0.3276445332,0.9419921817,0.0727996527,,,,
8832,0.0,-210.880737,201.645157,1676.331543,-0.3293572428,0.9413462771,0.0734233828,,,,
8833,0.0,-214.294159,203.741699,1676.600342,-0.3296631188,0.941213213,0.0737557846,,,,
8834,0.0,-215.362534,204.36351,1676.730225,-0.3298163809,0.9411595184,0.0737557846,,,,
8835,0.0,-220.420502,207.270844,1677.275757,-0.3305653335,0.9408967236,0.0737557846,,,,
8836,0.0,-222.811615,208.710953,1677.629028,-0.3311466162,0.9406922984,0.073755802,,,,
8837,0.0,-226.146225,210.541245,1678.112793,-0.3314672608,0.9405793636,0.0737557846,,,,
8838,0.0,-227.500488,212.747223,1678.255615,-0.3314672608,0.9405793636,0.0737557846,,,,
8839,0.0,-227.534943,214.086304,1678.320801,-0.3321486269,0.9403389675,0.0737557846,,,,
8840,0.0,-227.505829,216.096359,1678.204102,-0.332368867,0.9402611448,0.0737557846,,,,
8841,0.0,-227.518433,217.492111,1678.077148,-0.332368867,0.9402611448,0.0737557846,,,,
8884,0.0,-316.085785,292.081299,1685.273804,-0.009587226,0.9999540415,0.0,,,,
8885,0.0,-316.088257,292.337433,1685.214355,-0.009587226,0.9999540415,0.0,,,,
8886,0.0,-316.083099,291.799164,1685.599487,-0.009587226,0.9999540415,0.0,,,,
8887,0.0,-316.01297,291.243317,1685.868896,-0.009587226,0.9999540415,0.0,,,,
8888,0.0,-315.167236,290.945801,1685.997314,-0.009587226,0.9999540415,0.0,,,,
8889,0.0,-314.884491,293.463104,1685.471436,-0.0042900743,0.9999904078,-0.0008829096,,,,
8946,0.0,-276.346893,456.655609,1675.376587,-0.0249236845,0.9996521186,0.008628539,,,,
8947,0.0,-276.358215,456.514679,1675.472656,-0.0249236845,0.9996521186,0.008628539,,,,
8948,0.0,-276.343689,456.402832,1675.568237,-0.0249236845,0.9996521186,0.008628539,,,,
8949,0.0,-276.334167,456.305054,1675.616699,-0.0249236845,0.9996521186,0.008628539,,,,
9013,0.0,-278.730133,697.229736,1713.536011,-0.019172707,0.9997702198,0.009587226,,,,
9014,0.0,-278.730133,697.229736,1713.536011,-0.019172707,0.9997702198,0.009587226,,,,
9015,0.0,-278.730133,697.229736,1713.536011,-0.019172707,0.9997702198,0.009587226,,,,
9016,0.0,-278.730133,697.229736,1713.536011,-0.019172707,0.9997702198,0.009587226,,,,
9017,0.0,-278.730133,697.229736,1713.536011,-0.019172707,0.9997702198,0.009587226,,,,
9018,0.0,-278.797943,700.730957,1714.071777,-0.019172707,0.9997702198,0.009587226,,,,
9019,0.0,-278.844818,703.154358,1714.442505,-0.019172707,0.9997702198,0.009587226,,,,
9020,0.0,-278.922211,707.149902,1715.053833,-0.019172707,0.9997702198,0.009587226,,,,
9021,0.0,-278.991364,710.726685,1715.601074,-0.019172707,0.9997702198,0.009587226,,,,
9022,0.0,-279.057648,714.152344,1716.125244,-0.019172707,0.9997702198,0.009587226,,,,
9023,0.0,-279.135193,718.164978,1716.739136,-0.019172707,0.9997702198,0.009587226,,,,
9024,0.0,-279.197296,721.381348,1717.231323,-0.019172707,0.9997702198,0.009587226,,,,
9025,0.0,-279.271301,725.208679,1717.816772,-0.019172707,0.9997702198,0.009587226,,,,
9026,0.0,-279.336121,728.569153,1718.331055,-0.019172707,0.9997702198,0.009587226,,,,
9027,0.0,-279.39563,731.648132,1718.802124,-0.019172707,0.9997702198,0.009587226,,,,
9028,0.0,-279.474396,735.726074,1719.426025,-0.019172707,0.9997702198,0.009587226,,,,
9029,0.0,-279.531982,738.712341,1719.883057,-0.019172707,0.9997702198,0.009587226,,,,
9030,0.0,-279.608856,742.694153,1720.49231,-0.019172707,0.9997702198,0.009587226,,,,
9031,0.0,-279.665955,745.656494,1720.945435,-0.019172707,0.9997702198,0.009587226,,,,
9032,0.0,-279.745209,749.765198,1721.574219,-0.019172707,0.9997702198,0.009587226,,,,
9033,0.0,-279.803864,752.803101,1722.039185,-0.019172707,0.9997702198,0.009587226,,,,
9034,0.0,-279.87796,756.644165,1722.626587,-0.019172707,0.9997702198,0.009587226,,,,
9035,0.0,-279.927734,759.225403,1723.021729,-0.019172707,0.9997702198,0.009587226,,,,
9036,0.0,-280.015167,763.763306,1723.716064,-0.019172707,0.9997702198,0.009587226,,,,
9037,0.0,-280.085754,767.422424,1724.275879,-0.019172707,0.9997702198,0.009587226,,,,
9038,0.0,-280.196716,773.881165,1725.265015,-0.0176225427,0.9997987453,0.009587226,,,,
9039,0.0,-280.221832,775.9293215,1725.7317505,-0.0160348414,0.9998242083,0.009587226,,,,
9040,0.0,-280.246948,777.977478,1726.198486,-0.0144471401,0.9998496713,0.009587226,,,,
9041,0.0,-280.302948,784.564514,1729.108887,-0.0072613764,0.9999276761,0.009587226,,,,
9042,0.0,-280.2043,786.485748,1729.9638065,-0.0041830682,0.9999405536,0.0095872347,,,,
9043,0.0,-279.774384,791.276367,1732.094971,0.0030061457,0.9999416054,0.0103802117,,,,
9044,0.0,-279.175476,794.738037,1733.637207,0.0097066545,0.9998972769,0.0105459216,,,,
9045,0.0,-278.517334,797.65686,1734.936279,0.0142522354,0.9998428163,0.0105459216,,,,
9046,0.0,-277.501892,801.265503,1735.960938,0.0205390484,0.99973343,0.0105459216,,,,
9047,0.0,-276.612152,804.001587,1736.402466,0.0225721724,0.9996895921,0.0105459216,,,,
9048,0.0,-275.283112,807.594421,1736.925537,0.0238982604,0.9996587701,0.0105459216,,,,
9049,0.0,-274.161926,810.291565,1737.326538,0.0239648219,0.9996571767,0.0105459216,,,,
9050,0.0,-272.885803,813.102051,1737.744385,0.0239648219,0.9996571767,0.0105459216,,,,
9051,0.0,-271.219421,816.457397,1738.24292,0.0239648219,0.9996571767,0.0105459216,,,,
9052,0.0,-269.820648,819.067383,1738.630981,0.0239648219,0.9996571767,0.0105459216,,,,
9053,0.0,-267.847382,822.510742,1739.1427,0.0239648219,0.9996571767,0.0105459216,,,,
9054,0.0,-266.31424,825.039368,1739.518555,0.0231981602,0.9996668788,0.0113126862,,,,
9055,0.0,-264.379303,828.096741,1739.972046,0.0213493924,0.9997058805,0.0115046076,,,,
9056,0.0,-262.285675,831.26709,1740.441895,0.0182810947,0.9997554841,0.0124408048,,,,
9057,0.0,-260.558502,833.789185,1740.817383,0.0148885523,0.9998114812,0.0124632655,,,,
9058,0.0,-258.767487,836.338562,1741.194824,0.0106814676,0.999855785,0.0132028577,,,,
9059,0.0,-256.439362,839.566895,1741.671875,0.0042837733,0.9998884922,0.0143056792,,,,
9060,0.0,-254.492538,842.217834,1742.062622,-0.0028310115,0.9998802562,0.0152137623,,,,
9061,0.0,-252.155151,845.375,1742.526855,-0.0143581068,0.9997792525,0.0153392019,,,,
9062,0.0,-250.449036,847.628601,1742.858521,-0.0221292611,0.9996374366,0.0153392019,,,,
9063,0.0,-248.144485,850.659668,1743.303955,-0.0344255543,0.9992895427,0.0153392019,,,,
9064,0.0,-246.249695,853.137451,1743.667847,-0.0455164327,0.9988458155,0.0153392019,,,,
9065,0.0,-244.052338,856.002747,1744.088623,-0.0592638059,0.9981244963,0.0153392019,,,,
9066,0.0,-241.798187,858.904907,1744.515381,-0.0717110317,0.9973203549,0.0144788677,,,,
9067,0.0,-239.523743,861.821411,1744.944702,-0.0839202854,0.9963815816,0.0134584384,,,,
9068,0.0,-237.730835,864.108398,1745.281738,-0.0927371019,0.9956001616,0.0134219294,,,,
9069,0.0,-235.357147,867.08136,1745.721191,-0.0999418198,0.9949138679,0.0125709264,,,,
9070,0.0,-232.947754,870.116211,1746.169678,-0.1082049581,0.9940504786,0.0124632655,,,,
9071,0.0,-231.049438,872.485291,1746.520508,-0.1124274321,0.9935918533,0.0116319208,,,,
9072,0.0,-228.74501,875.355713,1746.677246,-0.1165734386,0.9931154401,0.0115046076,,,,
9073,0.0,-226.973938,877.56842,1746.656128,-0.1196571435,0.9927564627,0.0108061877,,,,
9074,0.0,-224.371124,880.830872,1746.589233,-0.1241958788,0.9922016767,0.0105459216,,,,
9075,0.0,-222.29538,883.434204,1746.544434,-0.1269832622,0.9918573241,0.009710807,,,,
9076,0.0,-219.926041,886.416077,1746.495239,-0.1300833446,0.9914567104,0.009587226,,,,
9077,0.0,-218.030243,888.812622,1746.457397,-0.1325696825,0.99112732,0.009587226,,,,
9078,0.0,-213.782669,894.239929,1746.377563,-0.1398881836,0.9901208922,0.009587226,,,,
9079,0.0,-211.589859,897.064026,1746.339478,-0.1437656533,0.9895653197,0.009587226,,,,
9080,0.0,-209.544357,899.71283,1746.30603,-0.1473929205,0.9890315526,0.009587226,,,,
9081,0.0,-207.280029,902.671753,1746.27124,-0.1522289949,0.9882905911,0.0103942608,,,,
9082,0.0,-206.0602415,904.264557,1746.254089,-0.1540063421,0.9880127438,0.0104700912,,,,
9083,0.0,-204.840454,905.857361,1746.236938,-0.1557836893,0.9877348965,0.0105459216,,,,
9084,0.0,-200.707703,911.324158,1746.186523,-0.1631823682,0.9865288433,0.0115046076,,,,
9085,0.0,-198.883743,913.758789,1746.460449,-0.1664683571,0.9859702608,0.0122853952,,,,
9086,0.0,-196.48111,916.985474,1746.944458,-0.1708101259,0.9852130132,0.0133872877,,,,
9087,0.0,-194.753784,919.321533,1747.297363,-0.1739438218,0.9846534355,0.0141830473,,,,
9088,0.0,-192.505096,922.381775,1747.759399,-0.1780365223,0.9839061202,0.0152231162,,,,
9089,0.0,-190.710617,924.860168,1748.133179,-0.1827612911,0.9830260909,0.0160628484,,,,
9090,0.0,-188.475327,927.99884,1748.518921,-0.1907032504,0.9814836551,0.0179472868,,,,
9091,0.0,-186.209457,931.230042,1748.783813,-0.2001727121,0.9795731082,0.0191679692,,,,
9092,0.0,-184.589447,933.542603,1748.97583,-0.2054965991,0.9784385839,0.0207143723,,,,
9093,0.0,-182.530319,936.553711,1749.231812,-0.215576307,0.9762411901,0.0219087788,,,,
9094,0.0,-180.561035,939.466187,1749.47998,-0.2251629316,0.9740326451,0.0237078147,,,,
9095,0.0,-178.482285,942.563354,1749.728882,-0.2342840819,0.9718501505,0.0248647138,,,,
9096,0.0,-176.812744,945.092529,1749.916748,-0.242338066,0.9698514034,0.0257005291,,,,
9097,0.0,-174.677429,948.37085,1750.158447,-0.2527803222,0.9671277748,0.0276762705,,,,
9098,0.0,-172.854462,951.228027,1750.361206,-0.2627376112,0.9644147761,0.0295480499,,,,
9099,0.0,-171.001419,954.162476,1750.484863,-0.272043129,0.9617987365,0.0305896449,,,,
9100,0.0,-169.405731,956.738037,1750.552124,-0.280797907,0.959252274,0.0314262674,,,,
9101,0.0,-167.323761,960.112976,1750.631226,-0.2897473476,0.9565200876,0.0334035407,,,,
9102,0.0,-165.732315,962.731262,1750.686401,-0.29617861,0.9544877904,0.0350897257,,,,
9103,0.0,-163.696213,966.163635,1750.698242,-0.306297952,0.9512403457,0.0363781421,,,,
9104,0.0,-162.204544,968.729736,1750.69812,-0.3140615575,0.9486430545,0.0379696366,,,,
9105,0.0,-160.18428,972.296814,1750.69812,-0.3265726898,0.9443552,0.0392878416,,,,
9106,0.0,-158.690399,974.970032,1750.69812,-0.3346317344,0.9414940118,0.0401326296,,,,
9124,0.0,-137.203445,1031.791504,1750.687866,-0.6875985183,0.7214670839,0.0818139626,,,,
9125,0.0,-135.91333,1035.655151,1750.689697,-0.7042223352,0.7049729285,0.0841669333,,,,
9126,0.0,-134.498657,1039.874878,1750.692139,-0.7226948137,0.6856903378,0.0868387408,,,,
9127,0.0,-133.410004,1043.110718,1750.694336,-0.7372981713,0.6696797481,0.0889968632,,,,
9128,0.0,-132.148499,1047.053955,1750.697754,-0.7557802648,0.6483598634,0.091791497,,,,
9129,0.0,-131.162033,1051.870361,1750.69812,-0.7691178945,0.6324498763,0.0920044473,,,,
9130,0.0,-131.506668,1054.109985,1750.69812,-0.788167048,0.6086856652,0.0910739561,,,,
9131,0.0,-131.380066,1057.156128,1750.69812,-0.8035594954,0.588472237,0.089401139,,,,
9132,0.0,-131.298538,1061.002686,1750.69812,-0.822423156,0.5622899916,0.0863140652,,,,
9226,0.0,-139.101425,1231.578857,1750.69812,0.6447457552,0.7628328991,0.0488761625,,,,
9227,0.0,-138.819275,1231.446411,1750.69812,0.6447457552,0.7628328991,0.0488761625,,,,
9228,0.0,-138.54216,1231.305908,1750.69812,0.6447457552,0.7628328991,0.0488761625,,,,
9229,0.0,-138.35144,1231.203125,1750.69812,0.6447457552,0.7628328991,0.0488761625,,,,
9230,0.0,-138.08403,1231.049683,1750.69812,0.6447457552,0.7628328991,0.0488761625,,,,
9231,0.0,-138.614182,1234.130859,1750.69812,0.6532455493,0.7556264199,0.0479475332,,,,
9232,0.0,-139.032257,1236.671631,1750.69812,0.6600789677,0.7496663056,0.0479185418,,,,
9233,0.0,-139.55275,1240.111816,1750.69812,0.6715503671,0.7394078156,0.0479185418,,,,
9234,0.0,-139.692673,1243.662842,1750.69812,0.6866721817,0.7253861925,0.0479185418,,,,
9235,0.0,-139.877777,1246.27124,1750.69812,0.7023709564,0.7101963482,0.0479185418,,,,
9236,0.0,-140.06929,1249.680298,1750.69812,0.7207243836,0.6915052675,0.0487527231,,,,
9237,0.0,-140.156342,1253.131226,1750.69812,0.7435947792,0.6668417542,0.0488761625,,,,
9238,0.0,-140.094589,1255.918213,1750.69812,0.7692370636,0.6368949413,0.0513728895,,,,
9239,0.0,-139.975266,1259.394775,1750.69812,0.7987869671,0.5993011244,0.0527024053,,,,
9240,0.0,-139.846985,1262.120361,1750.69812,0.8190214111,0.5713370193,0.0527061525,,,,
9241,0.0,-139.532715,1264.835815,1750.69812,0.8499469576,0.5242253625,0.0527061525,,,,
9242,0.0,-139.20018,1267.670044,1750.69812,0.8756648177,0.479954561,0.053429827,,,,
9243,0.0,-138.371063,1273.598511,1750.69812,0.9165580055,0.3959573204,0.0560287696,,,,
9244,0.0,-138.0629425,1275.390625,1750.69812,0.9256571455,0.3731410553,0.0576084218,,,,
9245,0.0,-137.271179,1279.75354,1750.69812,0.9440611099,0.3241054401,0.0608628334,,,,
9246,0.0,-136.603119,1283.012329,1750.69812,0.9526185631,0.29760029,0.0628644624,,,,
9276,0.0,-90.488297,1361.314087,1750.691284,0.7155549766,0.6915050912,0.0990039607,,,,
9277,0.0,-88.612267,1364.179077,1750.692627,0.7025264712,0.704566318,0.1002140751,,,,
9278,0.0,-86.46814,1367.464966,1750.694336,0.6867069883,0.719792616,0.1016469486,,,,
9279,0.0,-84.586807,1370.361572,1750.696045,0.6718126971,0.7335302355,0.1029616125,,,,
9280,0.0,-82.888405,1372.990845,1750.697876,0.6573254676,0.7463668614,0.104210066,,,,
9281,0.0,-79.920197,1374.261108,1750.69812,0.6293731593,0.7699307499,0.1053378693,,,,
9282,0.0,-77.556038,1374.898438,1750.69812,0.6110548084,0.7845451209,0.1053611613,,,,
9283,0.0,-74.189362,1375.798218,1750.69812,0.593232105,0.7979870829,0.1062651647,,,,
9284,0.0,-71.450722,1376.494995,1750.69812,0.5847692056,0.8042028367,0.1063145033,,,,
9285,0.0,-65.105026,1378.046997,1750.69812,0.5723951158,0.8130566164,0.1063144859,,,,
9286,0.0,-63.343662,1378.464966,1750.69812,0.5702188351,0.8145800483,0.1063144773,,,,
9287,0.0,-61.582298,1378.882935,1750.69812,0.5680425544,0.8161034801,0.1063144686,,,,
9288,0.0,-55.04501,1380.421997,1750.69812,0.5543983619,0.8255438488,0.1054505103,,,,
9289,0.0,-51.618458,1381.232178,1750.69812,0.5437619897,0.8327134118,0.1044570361,,,,
9290,0.0,-48.377384,1382.018433,1750.69812,0.5241317892,0.8454357227,0.1025880413,,,,
9291,0.0,-45.66584,1382.688843,1750.69812,0.502928971,0.8584101811,0.100967376,,,,
9292,0.0,-42.265877,1383.544922,1750.69812,0.4732816358,0.8753383122,0.0989309472,,,,
9293,0.0,-39.322716,1384.306519,1750.698242,0.4347204337,0.8953987852,0.0963283963,,,,
9294,0.0,-36.300823,1385.105347,1750.69812,0.3914447314,0.9152789181,0.0950553752,,,,
9295,0.0,-32.77356,1386.077881,1750.69812,0.3453548052,0.9336648807,0.0948680616,,,,
9296,0.0,-29.901501,1387.069092,1750.69812,0.3119990063,0.9453341584,0.0948680616,,,,
9297,0.0,-26.169392,1388.467285,1750.69812,0.2702722164,0.9580986275,0.0948680616,,,,
9298,0.0,-23.237576,1389.569946,1750.69812,0.249212385,0.9637910776,0.0948680442,,,,
9299,0.0,-20.17783,1390.742065,1750.69812,0.2335770743,0.9676205036,0.0956677131,,,,
9300,0.0,-16.462301,1392.221436,1750.69812,0.2200580708,0.9707690281,0.095822438,,,,
9301,0.0,-13.206459,1393.599487,1750.69812,0.2162210353,0.9716308597,0.0958224206,,,,
9302,0.0,-10.202959,1394.931274,1750.69812,0.2161372103,0.9716495099,0.0958224206,,,,
9303,0.0,-7.015924,1396.396362,1750.69812,0.2161372103,0.9716495099,0.0958224206,,,,
9304,0.0,-3.784496,1397.933716,1750.69812,0.2161372103,0.9716495099,0.0958224206,,,,
9384,0.0,-77.561829,1332.873291,1750.873657,-0.7544188302,-0.6448601024,0.1225058246,0.1289433328,191.2183593671,389.3020330116,7.0
9385,0.0,-77.643181,1332.803955,1750.868408,-0.7544188302,-0.6448601024,0.1225058246,,,,
9386,0.0,-77.740578,1332.720703,1750.858398,-0.7544188302,-0.6448601024,0.1225058246,,,,
9387,0.0,-77.816177,1332.656006,1750.847168,-0.7544188302,-0.6448601024,0.1225058246,,,,
9388,0.0,-77.907394,1332.578003,1750.835083,-0.7544188302,-0.6448601024,0.1225058246,,,,
9389,0.0,-80.831879,1332.601318,1750.834595,-0.7544188302,-0.6448601024,0.1225058246,,,,
9390,0.0,-84.783287,1332.558838,1750.820312,-0.7532015858,-0.6462814357,0.1225058246,,,,
9391,0.0,-87.932846,1332.440552,1750.796509,-0.752637967,-0.64693772,0.1225058246,,,,
9392,0.0,-91.218788,1332.52478,1750.771973,-0.750987797,-0.6487073639,0.1232724002,,,,
9427,0.0,-200.237335,1283.4198,1751.455566,-0.9221405858,-0.3782402284,0.0811854033,,,,
9428,0.0,-212.99559,1277.270874,1751.516479,-0.937939567,-0.3384431054,0.0756679138,,,,
9429,0.0,-213.002457,1277.437256,1751.50293,-0.937939567,-0.3384431054,0.0756679138,,,,
9430,0.0,-213.030411,1277.583008,1751.460449,-0.937939567,-0.3384431054,0.0756679138,,,,
9431,0.0,-212.999359,1277.780151,1751.483398,-0.937939567,-0.3384431054,0.0756679138,,,,
9432,0.0,-214.519592,1276.400635,1751.730957,-0.9688045141,-0.2404205066,0.0601314688,,,,
9433,0.0,-217.287659,1274.940674,1751.61792,-0.9967504421,-0.0726971297,0.0346941435,,,,
9434,0.0,-222.418869,1273.513794,1750.698364,-0.9894047186,0.1450674006,0.0058096623,,,,
9435,0.0,-225.525345,1273.000488,1750.252441,-0.9440126105,0.3296165844,-0.0138959864,,,,
9436,0.0,-229.522095,1273.10437,1749.625488,-0.834571106,0.5499117026,-0.032987701,,,,
9437,0.0,-231.977051,1273.52063,1749.174805,-0.729865995,0.6824059156,-0.0402218311,,,,
9438,0.0,-235.187775,1273.727295,1748.865723,-0.5779033383,0.8149145046,-0.0440690575,,,,
9439,0.0,-236.840027,1273.676392,1748.899536,-0.4550454511,0.8894506043,-0.0425588989,,,,
9440,0.0,-238.529709,1273.322388,1749.096069,-0.34557618,0.9376286654,-0.0378099141,,,,
9441,0.0,-241.094345,1272.823242,1749.492554,-0.1910443054,0.9813314248,-0.0221519314,,,,
9442,0.0,-242.942795,1272.718872,1749.521851,-0.107753474,0.9941270009,-0.0100346894,,,,
9443,0.0,-245.411224,1272.71582,1749.680298,-0.0271715607,0.9996162547,0.0053897775,,,,
9444,0.0,-247.943634,1272.982544,1749.742798,0.0282580562,0.9993820098,0.020906474,,,,
9445,0.0,-251.554352,1273.737427,1749.750488,0.0586825727,0.9976235369,0.0361058751,,,,
9446,0.0,-253.874313,1274.449097,1749.645752,0.0558651916,0.9974738689,0.04387438,,,,
9447,0.0,-257.437683,1275.512817,1749.669556,0.0317632915,0.9979607193,0.0553669225,,,,
9448,0.0,-259.930603,1276.596313,1749.613403,0.0099869856,0.9980638951,0.0613899128,,,,
9449,0.0,-263.607544,1278.135254,1749.603271,0.0028704552,0.9979945693,0.063234485,,,,
9450,0.0,-265.977417,1279.206177,1749.549438,0.0028704552,0.9979945693,0.063234485,,,,
9451,0.0,-268.404419,1280.168335,1749.509155,0.0028704552,0.9979945693,0.063234485,,,,
9452,0.0,-272.114655,1281.866699,1749.347046,0.0028704552,0.9979945693,0.063234485,,,,
9453,0.0,-274.562805,1283.069946,1749.140747,0.0028704552,0.9979945693,0.063234485,,,,
9454,0.0,-277.213898,1284.448242,1748.843994,0.0028704552,0.9979945693,0.063234485,,,,
9455,0.0,-280.496674,1286.270142,1748.444336,0.0028704552,0.9979945693,0.063234485,,,,
9456,0.0,-282.857544,1287.743286,1748.260742,0.0028704552,0.9979945693,0.063234485,,,,
9457,0.0,-288.1604,1291.313477,1747.874634,0.0028704552,0.9979945693,0.063234485,,,,
9458,0.0,-289.578308,1292.397583,1747.7766115,0.0028704552,0.9979945693,0.063234485,,,,
9459,0.0,-293.163452,1295.186401,1747.689697,0.0028704552,0.9979945693,0.063234485,,,,
9460,0.0,-294.6277925,1296.38092,1747.724365,0.0024158372,0.9979956698,0.063234485,,,,
9461,0.0,-298.12619,1299.330444,1747.916382,0.0026586169,0.9980420639,0.0624897628,,,,
9462,0.0,-300.134521,1301.173096,1748.126831,0.0028711009,0.9981281953,0.061088973,,,,
9463,0.0,-302.896118,1303.872192,1748.501587,0.0044357168,0.9982135875,0.059581526,,,,
9464,0.0,-304.864075,1305.754395,1748.673828,0.0060208372,0.9982157012,0.0594067621,,,,
9465,0.0,-307.657776,1308.556519,1749.142334,0.0115953,0.9982147382,0.0585908308,,,,
9466,0.0,-309.74472,1310.582153,1749.355103,0.0165970611,0.9981523792,0.058449684,,,,
9467,0.0,-311.270706,1312.0465695,1749.439209,0.0210907536,0.9980574194,0.058449684,,,,
9468,0.0,-315.094452,1315.822632,1749.625854,0.0365115652,0.9976737479,0.0575673376,,,,
9469,0.0,-317.023346,1317.76001,1749.605713,0.0476635643,0.9970870415,0.0595450785,,,,
9470,0.0,-319.87088,1320.695679,1749.529785,0.0700500877,0.9954973917,0.0638586596,,,,
9471,0.0,-321.864197,1322.819702,1749.433228,0.0923855475,0.9933556848,0.0686250246,,,,
9472,0.0,-324.467804,1325.647461,1749.191162,0.1208003686,0.9899607597,0.0733823215,,,,
9473,0.0,-326.910522,1328.408203,1748.781372,0.1551073639,0.9848416145,0.0776447039,,,,
9474,0.0,-328.628113,1330.365723,1748.321899,0.1828538017,0.9798234084,0.0806881377,,,,
9475,0.0,-331.06424,1333.216064,1747.729858,0.2172191182,0.9726397183,0.0823883073,,,,
9476,0.0,-332.675018,1335.169189,1747.494751,0.2427341974,0.966639462,0.0817817822,,,,
9477,0.0,-334.850494,1337.942139,1747.052002,0.2694573396,0.9596213483,0.0807441018,,,,
9478,0.0,-336.937469,1340.63623,1746.821899,0.2882322444,0.9542329865,0.0797595187,,,,
9479,0.0,-338.861969,1343.204102,1746.666016,0.3022723112,0.9499566999,0.0788271418,,,,
9480,0.0,-340.848969,1345.836548,1746.744019,0.3087368731,0.9479548879,0.0778657419,,,,
9481,0.0,-342.901215,1348.570557,1746.876343,0.3096465188,0.9476737712,0.0776753289,,,,
9482,0.0,-345.097595,1351.609253,1747.015991,0.3096465188,0.9476737712,0.0776753289,,,,
9483,0.0,-346.502594,1353.678955,1747.060913,0.3096465188,0.9476737712,0.0776753289,,,,
9484,0.0,-348.831451,1356.826538,1747.694336,0.3096465188,0.9476737712,0.0776753289,,,,
9485,0.0,-350.972565,1359.972656,1747.990479,0.3096465188,0.9476737712,0.0776753289,,,,
9486,0.0,-352.653076,1362.262329,1748.491821,0.3096465188,0.9476737712,0.0776753289,,,,
9487,0.0,-355.261261,1365.851929,1749.100342,0.3096465188,0.9476737712,0.0776753289,,,,
9488,0.0,-357.355469,1369.067383,1749.325195,0.3096465188,0.9476737712,0.0776753289,,,,
9489,0.0,-359.005707,1371.383667,1749.63269,0.3096465188,0.9476737712,0.0776753289,,,,
9490,0.0,-361.240784,1374.61145,1749.942139,0.3096465188,0.9476737712,0.0776753289,,,,
9491,0.0,-363.251312,1377.804932,1749.894043,0.3096465188,0.9476737712,0.0776753289,,,,
9492,0.0,-365.150665,1380.868652,1749.84082,0.3096465188,0.9476737712,0.0776753289,,,,
9493,0.0,-367.078003,1383.948608,1749.662354,0.3096465188,0.9476737712,0.0776753289,,,,
9494,0.0,-368.439392,1386.147461,1749.547607,0.3096465188,0.9476737712,0.0776753289,,,,
9495,0.0,-370.916687,1390.170654,1749.226196,0.3096465188,0.9476737712,0.0776753289,,,,
9496,0.0,-372.948425,1393.564453,1748.965454,0.3096465188,0.9476737712,0.0776753289,,,,
9497,0.0,-374.425171,1395.935547,1748.695557,0.3096465188,0.9476737712,0.0776753289,,,,
9498,0.0,-376.551849,1399.440552,1748.361572,0.3096465188,0.9476737712,0.0776753289,,,,
9499,0.0,-379.814026,1405.333252,1748.086792,0.3105549532,0.9473764639,0.0776753289,,,,
9500,0.0,-381.208374,1407.803955,1747.984375,0.3110827135,0.9472032985,0.0776753289,,,,
9501,0.0,-383.310486,1411.73938,1747.985352,0.3122567291,0.9468169192,0.0776753289,,,,
9502,0.0,-384.1467285,1413.347046,1748.0834355,0.3131752778,0.9465129958,0.0776753376,,,,
9503,0.0,-386.485931,1417.914429,1748.407349,0.318456842,0.9447495875,0.0776753289,,,,
9504,0.0,-387.541321,1420.122437,1748.74231,0.3218647165,0.9435940057,0.0776753289,,,,
9505,0.0,-389.124023,1423.354492,1749.201294,0.3303415481,0.9406598774,0.0776753289,,,,
9506,0.0,-390.602936,1426.385864,1749.515625,0.3395218252,0.9373854441,0.0776753463,,,,
9507,0.0,-391.983215,1429.200562,1749.750732,0.3498584845,0.9335767678,0.0776753463,,,,
9508,0.0,-393.435486,1432.209717,1749.959839,0.3633676188,0.9284655616,0.0769134228,,,,
9509,0.0,-394.998596,1436.12793,1749.922852,0.3802810435,0.9217636665,0.0757500569,,,,
9510,0.0,-395.865906,1438.912354,1749.915039,0.3894228187,0.9179456602,0.0756679138,,,,
9511,0.0,-396.733154,1442.535156,1749.829224,0.4010685144,0.9129907628,0.0747790996,,,,
9512,0.0,-397.241608,1444.985229,1749.791016,0.4049579515,0.9112777798,0.0747118835,,,,
9513,0.0,-397.681366,1448.167603,1749.502441,0.4104075359,0.9088991926,0.0739453319,,,,
9514,0.0,-398.002594,1451.55481,1749.321411,0.4147370002,0.9069472448,0.0737557846,,,,
9515,0.0,-398.127808,1453.883179,1749.255127,0.4167426531,0.9060273977,0.0737557846,,,,
9516,0.0,-398.102509,1456.968262,1748.964478,0.4189095868,0.9050870496,0.073021851,,,,
9517,0.0,-398.180817,1460.202271,1748.779907,0.4200320079,0.9045846148,0.0727996353,,,,
9518,0.0,-398.331451,1463.458374,1748.503418,0.4209200213,0.9041717474,0.0727996353,,,,
9519,0.0,-398.673615,1466.995117,1748.307007,0.4210539007,0.9041094103,0.0727996353,,,,
9520,0.0,-398.98526,1469.418457,1748.131104,0.4217389879,0.9038486401,0.0720684529,,,,
9521,0.0,-399.380493,1473.028076,1748.256958,0.4235085018,0.9031057147,0.070997303,,,,
9522,0.0,-399.826874,1476.505371,1748.353271,0.4262138235,0.9019807981,0.0690826782,,,,
9523,0.0,-400.394379,1480.023682,1748.721924,0.4272267449,0.901509762,0.0689743255,,,,
9524,0.0,-400.940552,1483.381226,1749.291016,0.4280597749,0.9010411596,0.0699260885,,,,
9525,0.0,-401.40332,1485.886108,1749.753784,0.4267569844,0.9014960384,0.071995618,,,,
9526,0.0,-402.17276,1489.704346,1750.647217,0.4247688249,0.9021789759,0.0751301596,,,,
9527,0.0,-402.794617,1492.670166,1751.09729,0.4240203101,0.9028888301,0.0707003328,,,,
9528,0.0,-403.937836,1497.366089,1751.829468,0.4221004903,0.9039937779,0.0680178329,,,,
9529,0.0,-404.680542,1500.207275,1752.285645,0.4220632862,0.9040111486,0.0680178329,,,,
9530,0.0,-405.885651,1504.386963,1753.028809,0.4220632862,0.9040111486,0.0680178329,,,,
9531,0.0,-406.538147,1507.241943,1753.380615,0.4220632862,0.9040111486,0.0680178329,,,,
9532,0.0,-407.260986,1511.343994,1753.593628,0.4220632862,0.9040111486,0.0680178329,,,,
9533,0.0,-407.574615,1513.996216,1753.695801,0.4220632862,0.9040111486,0.0680178329,,,,
9534,0.0,-407.804749,1517.635254,1753.682739,0.4220632862,0.9040111486,0.0680178329,,,,
9535,0.0,-408.031799,1524.153076,1753.386963,0.4220632862,0.9040111486,0.0680178329,,,,
9536,0.0,-408.159988,1526.029358,1753.3493045,0.4220632862,0.9040111486,0.0680178329,,,,
9537,0.0,-408.288177,1527.90564,1753.311646,0.4220632862,0.9040111486,0.0680178329,,,,
9538,0.0,-408.933258,1535.082764,1753.11145,0.4220632862,0.9040111486,0.0680178329,,,,
9539,0.0,-409.212845,1537.086426,1753.104431,0.4157968909,0.906884225,0.0680178329,,,,
9540,0.0,-409.492432,1539.090088,1753.097412,0.4095304956,0.9097573015,0.0680178329,,,,
9541,0.0,-409.949188,1542.027954,1753.127808,0.4025352883,0.912873987,0.0680178329,,,,
9542,0.0,-410.906891,1548.370117,1753.239502,0.4026234767,0.9130456648,0.0651302541,,,,
9543,0.0,-411.390167,1551.973145,1753.457642,0.4071303383,0.9113504767,0.0607058178,,,,
9544,0.0,-411.846466,1555.55127,1753.781982,0.4132201161,0.9088359302,0.0571523195,,,,
9545,0.0,-412.247406,1558.537354,1754.09436,0.4156994529,0.9077431999,0.0565353674,,,,
9546,0.0,-412.88446,1562.141113,1754.778931,0.4162856083,0.907474541,0.0565353848,,,,
9547,0.0,-413.407837,1565.765991,1755.443848,0.4162856083,0.907474541,0.0565353848,,,,
9548,0.0,-413.762726,1569.201294,1755.850708,0.4162856083,0.907474541,0.0565353848,,,,
9549,0.0,-413.905182,1571.437866,1756.190063,0.4162856083,0.907474541,0.0565353848,,,,
9550,0.0,-413.82666,1574.30957,1756.553711,0.4162856083,0.907474541,0.0565353848,,,,
9551,0.0,-413.536713,1577.408691,1756.66687,0.4162856083,0.907474541,0.0565353848,,,,
9552,0.0,-413.001831,1580.217285,1756.665161,0.4162856083,0.907474541,0.0565353848,,,,
9553,0.0,-412.385895,1582.071289,1756.605957,0.4162856083,0.907474541,0.0565353848,,,,
9554,0.0,-411.539856,1584.579102,1756.277954,0.4163023812,0.9075107705,0.0558258789,,,,
9555,0.0,-410.402832,1587.254761,1755.674438,0.4155991461,0.9078482358,0.0555781481,,,,
9556,0.0,-408.914856,1589.996948,1754.899292,0.4138069092,0.9086665568,0.0555781481,,,,
9557,0.0,-407.351562,1592.389282,1754.21814,0.4128501945,0.909101637,0.0555781481,,,,
9558,0.0,-406.294403,1593.955933,1753.7229,0.4110691689,0.9099476903,0.0549303132,,,,
9559,0.0,-404.393494,1596.296143,1753.153198,0.408864097,0.9109592252,0.0546208778,,,,
9560,0.0,-402.142883,1598.692871,1752.810913,0.4050528757,0.9126602476,0.0546208778,,,,
9561,0.0,-400.500641,1600.292603,1752.565552,0.4015625076,0.91424485,0.0538879084,,,,
9562,0.0,-397.953552,1602.61853,1752.387939,0.3970972667,0.9162063006,0.0536635398,,,,
9563,0.0,-396.246338,1604.077637,1752.236206,0.3930669574,0.9179425862,0.0536635398,,,,
9564,0.0,-393.413086,1606.282593,1752.158447,0.3877405091,0.9202051522,0.0536635398,,,,
9565,0.0,-390.816162,1608.217407,1752.116943,0.3840710126,0.9217427416,0.0536635398,,,,
9566,0.0,-388.823853,1609.624146,1752.017822,0.3814388168,0.9228351172,0.0536635398,,,,
9567,0.0,-385.956573,1611.574707,1751.874268,0.3777516319,0.9243505445,0.0536635398,,,,
9568,0.0,-383.148682,1613.540771,1751.551758,0.3747005335,0.9255915593,0.0536635398,,,,
9569,0.0,-380.329376,1615.391724,1751.227051,0.3705595412,0.9272571655,0.0536635398,,,,
9570,0.0,-377.508667,1617.258301,1750.787354,0.3666575291,0.9288070203,0.0536635398,,,,
9571,0.0,-374.492432,1619.20459,1750.282104,0.3610574218,0.9310496678,0.0527641388,,,,
9572,0.0,-371.606598,1621.041504,1750.068359,0.3562928591,0.9328866276,0.0527061525,,,,
9573,0.0,-369.683319,1622.242554,1749.939941,0.353788149,0.9338393904,0.0527061525,,,,
9574,0.0,-366.938843,1623.991333,1749.637207,0.349442787,0.9355130375,0.0520105296,,,,
9575,0.0,-364.06781,1625.679199,1749.292236,0.3454959744,0.936992316,0.0517487342,,,,
9576,0.0,-361.127899,1627.360352,1748.896973,0.3410244068,0.9386711727,0.0509782647,,,,
9577,0.0,-358.055786,1629.066406,1748.602417,0.3378029618,0.939845417,0.0507912509,,,,
9578,0.0,-354.944672,1630.755615,1748.346924,0.3348344012,0.9409071009,0.0507912509,,,,
9579,0.0,-351.837372,1632.357056,1748.359009,0.3319805261,0.9419178197,0.0507912509,,,,
9580,0.0,-346.699738,1634.999023,1748.407837,0.3295243357,0.9428310085,0.0498337383,,,,
9581,0.0,-343.561829,1636.645386,1748.60437,0.3279015501,0.9433966153,0.0498337209,,,,
9582,0.0,-340.309875,1638.348145,1748.766968,0.3260247555,0.9440468521,0.0498337209,,,,
9583,0.0,-337.084381,1640.058472,1749.026367,0.3249017019,0.9444339482,0.0498337383,,,,
9584,0.0,-333.728668,1641.873901,1749.322998,0.322384017,0.9453396886,0.0490042731,,,,
9585,0.0,-332.0037535,1642.8105465,1749.467041,0.3209013728,0.9458460262,0.0489402178,,,,
9586,0.0,-327.785339,1645.20813,1749.802368,0.3173099602,0.9470615133,0.0488761625,,,,
9587,0.0,-324.219147,1647.268311,1749.984375,0.3135169417,0.9483653081,0.0480663054,,,,
9588,0.0,-321.692993,1648.686035,1750.021729,0.3106227813,0.9493246553,0.0479185418,,,,
9589,0.0,-317.6297,1650.846436,1750.032104,0.3052147968,0.9511203388,0.047053469,,,,
9590,0.0,-314.969574,1652.11792,1750.001709,0.301531249,0.9522991023,0.0469608944,,,,
9591,0.0,-310.866028,1654.011719,1749.847168,0.295952871,0.9540911046,0.0460658471,,,,
9592,0.0,-307.767029,1655.350342,1749.636353,0.2911001201,0.9556238926,0.0452072553,,,,
9593,0.0,-304.805237,1656.607666,1749.448364,0.2876020906,0.9566900993,0.0450454363,,,,
9594,0.0,-300.47934,1658.443726,1749.192749,0.2828726376,0.9580991491,0.0450454363,,,,
9595,0.0,-297.766754,1659.691284,1749.118896,0.2805360746,0.958823233,0.0442438561,,,,
9596,0.0,-294.057037,1661.372437,1748.923706,0.2764623766,0.9600129335,0.0440876621,,,,
9597,0.0,-291.406799,1662.617554,1748.674194,0.2741429288,0.9606778514,0.0440876446,,,,
9598,0.0,-287.848328,1664.339844,1748.455811,0.2709870152,0.9615728343,0.0440876621,,,,
9599,0.0,-285.197784,1665.697144,1748.363647,0.2693744158,0.9620616032,0.0433000672,,,,
9600,0.0,-282.796021,1666.935791,1748.295288,0.2673485114,0.9626341947,0.0431298125,,,,
9601,0.0,-278.925781,1669.084351,1748.552246,0.2626591385,0.9639242682,0.0431298299,,,,
9602,0.0,-276.391632,1670.48938,1748.653198,0.260285453,0.9645679347,0.0431298299,,,,
9603,0.0,-272.840973,1672.491943,1749.037598,0.2560350886,0.9657470686,0.0421738414,,,,
9604,0.0,-270.390594,1673.860596,1749.188354,0.2516796491,0.9668913487,0.0421719581,,,,
9605,0.0,-266.54364,1676.04834,1749.59082,0.2459701701,0.9683996284,0.0412411818,,,,
9606,0.0,-263.991547,1677.492798,1749.698608,0.2422284252,0.9693434845,0.041214065,,,,
9607,0.0,-260.430908,1679.91748,1749.871094,0.2348490901,0.9711969247,0.0402795024,,,,
9608,0.0,-257.988098,1681.78894,1750.115479,0.2300994757,0.9723341382,0.0402561165,,,,
9609,0.0,-254.982941,1684.455322,1750.293579,0.2216625547,0.9742921312,0.0402561165,,,,
9610,0.0,-253.030731,1686.411377,1750.378052,0.2161643149,0.9755595017,0.0394543738,,,,
9611,0.0,-251.142258,1688.554199,1750.449829,0.2097005491,0.9769756063,0.0392981485,,,,
9612,0.0,-248.689224,1691.56311,1750.428223,0.2023714393,0.9785200336,0.0392981485,,,,
9613,0.0,-247.112671,1693.781128,1750.417969,0.1975652574,0.9795316123,0.038545941,,,,
9614,0.0,-245.127136,1696.792725,1750.297241,0.1929019935,0.9804686925,0.0383401095,,,,
9615,0.0,-243.710236,1699.155884,1750.243286,0.190459714,0.9809460393,0.0383401269,,,,
9616,0.0,-241.771973,1702.492798,1750.029053,0.1887961099,0.98126758,0.0383401269,,,,
9617,0.0,-240.497299,1704.936646,1750.094604,0.1879971717,0.9814209587,0.0383401269,,,,
9618,0.0,-239.096649,1708.155762,1750.086914,0.1878006295,0.9814585871,0.0383401269,,,,
9619,0.0,-238.268982,1710.459473,1750.227051,0.1871426875,0.9815842547,0.0383401269,,,,
9620,0.0,-236.753326,1716.443115,1750.410034,0.1852363805,0.9819457823,0.0383401095,,,,
9621,0.0,-236.405342,1718.236389,1750.2774655,0.1851066754,0.981970232,0.0383401182,,,,
9622,0.0,-235.721298,1722.733276,1749.952759,0.1849769703,0.9819946818,0.0383401269,,,,
9623,0.0,-235.657051,1724.580505,1749.871094,0.1849769703,0.9819946818,0.0383401269,,,,
9624,0.0,-235.559143,1728.965942,1749.522949,0.1849769703,0.9819946818,0.0383401269,,,,
9625,0.0,-235.676384,1730.7855225,1749.451294,0.1849769703,0.9819946818,0.0383401269,,,,
9626,0.0,-236.095352,1735.035522,1749.275757,0.1849769703,0.9819946818,0.0383401269,,,,
9627,0.0,-236.695297,1738.564941,1749.185669,0.1849769703,0.9819946818,0.0383401269,,,,
9628,0.0,-237.251862,1741.125122,1749.096436,0.1849769703,0.9819946818,0.0383401269,,,,
9629,0.0,-238.114258,1744.480591,1749.117432,0.1849769703,0.9819946818,0.0383401269,,,,
9630,0.0,-239.062973,1747.756592,1749.100708,0.1849769703,0.9819946818,0.0383401269,,,,
9631,0.0,-240.155487,1751.091064,1749.235352,0.1849769703,0.9819946818,0.0383401269,,,,
9632,0.0,-240.965271,1753.387939,1749.40564,0.1849769703,0.9819946818,0.0383401269,,,,
9633,0.0,-242.277191,1756.759277,1749.660278,0.1849769703,0.9819946818,0.0383401269,,,,
9634,0.0,-243.779312,1760.281982,1749.749634,0.1849769703,0.9819946818,0.0383401269,,,,
9635,0.0,-244.823532,1762.60083,1749.788452,0.1849769703,0.9819946818,0.0383401269,,,,
9636,0.0,-246.359497,1766.033081,1749.705688,0.1849769703,0.9819946818,0.0383401269,,,,
9637,0.0,-247.950104,1769.492432,1749.574707,0.1849769703,0.9819946818,0.0383401269,,,,
9638,0.0,-249.440323,1772.734863,1749.385132,0.1849769703,0.9819946818,0.0383401269,,,,
9639,0.0,-251.010834,1776.078613,1749.177734,0.1849769703,0.9819946818,0.0383401269,,,,
9640,0.0,-252.185593,1778.333374,1749.095337,0.181675141,0.9826108992,0.0383401095,,,,
9641,0.0,-253.836349,1781.685303,1748.686768,0.1718184313,0.9843203322,0.039898751,,,,
9642,0.0,-255.51329,1784.78479,1748.386841,0.151090217,0.9875957157,0.0427369698,,,,
9643,0.0,-257.308014,1788.00769,1747.980103,0.115601961,0.9921442916,0.0478109958,,,,
9644,0.0,-258.731232,1790.181274,1747.810669,0.0771942394,0.9956571788,0.052036831,,,,
9645,0.0,-260.817017,1793.127686,1747.476196,0.0060278954,0.9984613259,0.0551239081,,,,
9646,0.0,-263.074493,1796.011719,1747.265259,-0.0729039869,0.9957465682,0.0563363162,,,,
9647,0.0,-265.700806,1799.264526,1747.157715,-0.1710119801,0.9836968157,0.0556370141,,,,
9648,0.0,-267.778351,1801.345459,1747.138672,-0.2284161777,0.9720136111,0.054914385,,,,
9649,0.0,-270.838135,1804.279785,1747.22998,-0.2931680973,0.9544993591,0.0546208778,,,,
9650,0.0,-273.755768,1807.041382,1747.347168,-0.33852458,0.9393193804,0.0554996424,,,,
9651,0.0,-275.717896,1808.937622,1747.382935,-0.3550978252,0.9331369649,0.0562222306,,,,
9652,0.0,-278.163879,1811.255127,1748.049194,-0.3665411014,0.9286825998,0.0565353848,,,,
9653,0.0,-281.024384,1813.891235,1748.666138,-0.3695676209,0.9274823577,0.0565353848,,,,
9654,0.0,-283.906464,1816.433472,1749.02063,-0.3695676209,0.9274823577,0.0565353848,,,,
9655,0.0,-286.968872,1819.040771,1749.548584,-0.3670159159,0.9284950553,0.0565353848,,,,
9656,0.0,-289.190887,1820.85791,1749.791138,-0.3634878978,0.9298818734,0.0565353848,,,,
9657,0.0,-292.292053,1823.285278,1750.072754,-0.3593025977,0.9314558454,0.0573729156,,,,
9658,0.0,-294.969238,1825.124146,1750.204224,-0.3554077906,0.9328959702,0.0582272373,,,,
9659,0.0,-300.806458,1829.142822,1749.983154,-0.3423608766,0.9376460617,0.0600740642,,,,
9660,0.0,-304.064209,1831.295898,1749.682617,-0.3324578782,0.9411382205,0.0610787122,,,,
9661,0.0,-305.7160645,1832.3539425,1749.5445555,-0.3253306712,0.9435876941,0.0611997242,,,,
9662,0.0,-307.36792,1833.411987,1749.406494,-0.3182034642,0.9460371677,0.0613207363,,,,
9663,0.0,-310.660645,1835.450806,1749.100586,-0.3037373677,0.9507271336,0.0621412011,,,,
9664,0.0,-316.346466,1838.97937,1748.593994,-0.2751219809,0.9593901137,0.062277648,,,,
9665,0.0,-319.707916,1841.091919,1748.280273,-0.2592786926,0.9637451026,0.063007435,,,,
9666,0.0,-321.369995,1842.145996,1748.2022095,-0.2531193808,0.9653526761,0.06312096,,,,
9667,0.0,-325.489471,1844.758789,1748.053833,-0.2411534014,0.9684247193,0.063234485,,,,
9668,0.0,-328.911865,1846.869873,1747.989136,-0.2345924419,0.9700349407,0.063234485,,,,
9669,0.0,-332.063599,1848.92627,1748.090332,-0.2310648763,0.9708812609,0.063234485,,,,
9670,0.0,-334.347961,1850.442139,1748.247559,-0.228828363,0.9714108195,0.063234485,,,,
9671,0.0,-337.394867,1852.470703,1748.459839,-0.2244551535,0.9724306062,0.063234485,,,,
9672,0.0,-340.215576,1854.579346,1748.994019,-0.2179594027,0.9739071304,0.063234485,,,,
9673,0.0,-343.204865,1856.671997,1749.38501,-0.2090152527,0.975922121,0.0623589442,,,,
9674,0.0,-345.261047,1858.129639,1749.628052,-0.2005817356,0.9777371686,0.0616197729,,,,
9675,0.0,-348.253693,1860.266968,1749.948975,-0.1856520111,0.9807482142,0.0605497413,,,,
9676,0.0,-351.329651,1862.467163,1750.06311,-0.1668623489,0.9841306682,0.0603637682,,,,
9677,0.0,-353.840424,1864.089478,1750.057251,-0.1492234036,0.9870566035,0.0587506366,,,,
9678,0.0,-356.771057,1866.471802,1749.887817,-0.1285465642,0.9899795014,0.0584497014,,,,
9679,0.0,-359.103943,1868.243408,1749.709106,-0.1089713303,0.9923737468,0.057615934,,,,
9680,0.0,-361.555786,1870.210693,1749.37915,-0.0884809295,0.9944635917,0.0566858872,,,,
9681,0.0,-363.725647,1871.987671,1749.02063,-0.0729586085,0.9957697431,0.0558539175,,,,
9682,0.0,-365.850342,1873.748291,1748.600708,-0.0570362841,0.9968239221,0.0555781481,,,,
9683,0.0,-369.088593,1876.295654,1747.966675,-0.0332865283,0.9978993318,0.0555781481,,,,
9684,0.0,-372.099426,1878.645874,1747.628296,-0.0143589738,0.998403916,0.0546208778,,,,
9685,0.0,-374.219238,1880.311279,1747.524536,-0.0067871249,0.9984840983,0.0546208778,,,,
9686,0.0,-376.48407,1882.026367,1747.11084,0.000112092,0.9985071593,0.0546208778,,,,
9687,0.0,-378.876068,1883.80542,1746.885376,0.0048875662,0.9985226418,0.0541169623,,,,
9688,0.0,-382.588562,1886.59436,1746.851318,0.0075606573,0.9985304507,0.0536635398,,,,
9689,0.0,-384.588013,1888.163452,1746.879517,0.0076587749,0.9985297029,0.0536635398,,,,
9852,0.0,367.923767,2178.322021,1751.932129,1.0,0.0,0.0,,,,
9853,0.0,366.983856,2177.486572,1750.756958,1.0,0.0,0.0,,,,
9854,0.0,367.039246,2180.85376,1750.574219,0.8856552992,0.4643262796,0.003974558,,,,
9855,0.0,367.842957,2183.241455,1750.973145,0.5737158939,0.8190100844,0.0085179066,,,,
9856,0.0,365.948883,2184.283203,1751.018677,0.0498212248,0.9986699275,0.0132748462,,,,
9857,0.0,365.795044,2185.211914,1750.558716,0.02875558,0.9994963574,0.0134219294,,,,
9858,0.0,369.135864,2180.841797,1750.654175,0.9957838251,0.0917285973,0.0006618812,,,,
9859,0.0,370.31369,2180.822266,1750.813965,1.0,0.0,0.0,,,,
9860,0.0,371.351746,2181.354004,1750.433838,1.0,0.0,0.0,,,,
9861,0.0,372.342865,2181.724365,1749.992676,1.0,0.0,0.0,,,,
9862,0.0,373.969879,2182.174316,1749.703613,1.0,0.0,0.0,,,,
9863,0.0,375.720734,2182.582275,1749.539429,1.0,0.0,0.0,,,,
9864,0.0,377.404175,2182.900146,1749.449951,1.0,0.0,0.0,,,,
9865,0.0,379.620056,2183.233887,1749.237671,1.0,0.0,0.0,,,,
9866,0.0,381.7146,2183.508057,1749.060547,0.9999996258,0.0008651072,0.0,,,,
9867,0.0,384.119293,2183.807129,1748.876587,0.999990351,0.0043929447,0.0,,,,
9868,0.0,386.394592,2184.091797,1748.879028,0.999972201,0.0074563614,0.0,,,,
9869,0.0,390.909943,2184.554443,1748.956421,0.9999456079,0.0104298287,0.0,,,,
10454,0.0,932.654724,746.820435,1676.701294,-0.9709489397,0.2104194696,-0.1139377171,,,,
10455,0.0,932.5158995,746.850525,1676.701294,-0.9709489397,0.2104194696,-0.1139377171,,,,
10753,0.0,527.881348,1581.686157,1764.322021,-0.3853265093,0.9177916675,0.0958224206,,,,
10754,0.0,527.759033,1581.977539,1764.178833,-0.3853265093,0.9177916675,0.0958224206,,,,
10755,0.0,529.444275,1581.267944,1764.922241,-0.3853265093,0.9177916675,0.0958224206,,,,
10756,0.0,530.712463,1580.971191,1765.258545,-0.3853265093,0.9177916675,0.0958224206,,,,
10757,0.0,531.32135,1580.803223,1765.428467,-0.3853265093,0.9177916675,0.0958224206,,,,
10758,0.0,529.528931,1583.87207,1765.396484,-0.3853265093,0.9177916675,0.0958224206,,,,
10759,0.0,524.515076,1589.078735,1764.841675,-0.3853265093,0.9177916675,0.0958224206,,,,
10760,0.0,523.081848,1592.20813,1764.493896,-0.3883119331,0.9163219595,0.0978156898,,,,
10772,0.0,506.771088,1621.120361,1764.584595,-0.9732123273,0.1517331187,0.1727276084,0.0973334535,249.2945854684,579.2958781265,6.0
10773,0.0,505.505981,1624.694824,1764.524536,-0.9832425105,0.021416433,0.1810400564,0.0587458407,195.5672056343,579.116940348,6.0
10774,0.0,504.659241,1626.857544,1764.505615,-0.9782598189,-0.088179369,0.1877022259,0.03766083,157.5282892369,579.4641552983,6.0
10775,0.0,504.075287,1628.774292,1764.419922,-0.9611091227,-0.196561775,0.1939915538,0.0272624268,134.2885773862,579.0581238552,6.0
10776,0.0,503.626465,1630.369995,1764.372925,-0.9349663426,-0.2934253083,0.1993477529,0.0276394923,135.0838195082,578.5556676276,6.0
10777,0.0,501.616638,1633.194458,1764.259644,-0.8959172092,-0.3913965494,0.2100978233,0.0391083469,159.8563403967,577.2558433259,6.0
10778,0.0,500.499725,1631.733154,1764.176147,-0.8744204931,-0.4342241884,0.2164212452,0.0488462957,177.6215606631,575.3526572127,6.0
10779,0.0,498.526031,1632.627441,1764.424927,-0.8692068596,-0.443807144,0.2179785636,0.0505975701,180.148562468,573.6080255462,6.0
10780,0.0,496.369751,1633.537964,1764.959595,-0.8692068596,-0.443807144,0.2179785636,0.0506111877,179.4935684061,571.4475730483,6.0
10781,0.0,494.097046,1634.189331,1765.422241,-0.8692068596,-0.443807144,0.2179785636,0.0507154528,179.1502991792,569.7833628988,6.0
10782,0.0,491.856567,1634.619385,1765.549194,-0.8692068596,-0.443807144,0.2179785636,0.0507853167,178.7328396115,568.074684195,6.0
10783,0.0,489.27829,1634.879639,1765.481445,-0.8692068596,-0.443807144,0.2179785636,0.0507546605,178.209779748,566.578796546,6.0
10784,0.0,486.888123,1634.939575,1765.272705,-0.8692068596,-0.443807144,0.2179785636,0.0508615566,177.9122392524,565.0536161854,6.0
10785,0.0,484.133026,1634.840576,1765.00354,-0.8692068596,-0.443807144,0.2179785636,0.0509932637,177.5103058769,563.0675481209,6.0
10786,0.0,481.502289,1634.605103,1764.849854,-0.8692068596,-0.443807144,0.2179785636,0.0512084209,177.2274776739,561.0191263942,6.0
10787,0.0,477.560486,1634.055542,1764.668701,-0.8692068596,-0.443807144,0.2179785636,0.0712398161,164.0011651282,442.4318896989,3.0
10788,0.0,475.679077,1633.6848755,1764.5776365,-0.8692068596,-0.443807144,0.2179785636,0.0715052732,163.8025522195,441.1086096495,3.0
10789,0.0,473.797668,1633.314209,1764.486572,-0.8692068596,-0.443807144,0.2179785636,0.0717707304,163.6039393108,439.7853296002,3.0
10790,0.0,471.134216,1632.715576,1764.386719,-0.8692068596,-0.443807144,0.2179785636,0.0722834084,163.3718710722,437.6595191249,3.0
10791,0.0,468.156342,1631.976074,1764.374268,-0.8692068596,-0.443807144,0.2179785636,0.0728929906,163.1274629918,435.2424858263,3.0
10792,0.0,465.149445,1631.155029,1764.445923,-0.8692068596,-0.443807144,0.2179785636,0.0736208446,162.9372774688,432.6624173184,3.0
10793,0.0,462.277039,1630.306152,1764.578003,-0.8692068596,-0.443807144,0.2179785636,0.0744164891,162.8062709634,430.0860551306,3.0
10794,0.0,459.219879,1629.333008,1764.721436,-0.8692068596,-0.443807144,0.2179785636,0.0753032383,162.646858342,427.226019351,3.0
10795,0.0,454.558014,1627.745239,1764.783447,-0.8692068596,-0.443807144,0.2179785636,0.0762625884,161.9638676069,422.853055074,3.0
10796,0.0,452.3919525,1626.9193115,1764.5291135,-0.8696001825,-0.4434885806,0.2170536568,0.0763779343,161.2579918157,420.7064384966,3.0
10797,0.0,450.225891,1626.093384,1764.27478,-0.8699935054,-0.4431700171,0.2161287499,0.0764932802,160.5521160244,418.5598219192,3.0
10798,0.0,445.101349,1623.304565,1762.779541,-0.8722445449,-0.4417816292,0.2098057339,0.075233064,157.092281085,412.8206339778,3.0
10799,0.0,441.436707,1621.772217,1762.066895,-0.8767298418,-0.4375704288,0.1996920237,0.0738539242,154.2851775947,409.0654558922,3.0
10800,0.0,439.800323,1621.012939,1761.807983,-0.8817112931,-0.4309448535,0.1920201265,0.0734142467,153.1746398095,407.2888511812,3.0
10801,0.0,439.108948,1621.011475,1761.727905,-0.8845610405,-0.4265672292,0.1886588575,0.0732940581,152.8453158163,406.7335818626,3.0
10802,0.0,438.472809,1620.448364,1761.734009,-0.8891449098,-0.4188244437,0.1844109938,0.0739801426,153.1375963393,405.6895898682,3.0
10803,0.0,437.798096,1619.868286,1761.532715,-0.89771837,-0.4026674649,0.1787753923,0.0774682219,156.0573382176,404.3762472528,3.0
10804,0.0,437.202484,1619.622559,1761.380371,-0.9074034459,-0.3837245081,0.1713898723,0.0823717406,160.3647362832,403.4944283761,3.0
10805,0.0,437.804962,1619.605957,1762.296753,-0.9149359346,-0.3680095436,0.1657142464,0.0868305569,164.5446243529,403.7110972398,3.0
10806,0.0,438.290985,1619.478516,1762.71521,-0.9248554555,-0.3464345671,0.1569250682,0.0934947158,170.5952814007,404.0680157244,3.0
10807,0.0,438.611694,1619.325928,1762.950928,-0.9323047134,-0.3293293264,0.1494995522,0.0989929209,175.4966328257,404.5524649887,3.0
10808,0.0,438.781433,1619.172485,1763.063599,-0.9421025199,-0.3067926755,0.1353554442,0.1062168368,181.6470314601,405.0107003465,3.0
10809,0.0,438.927155,1619.129883,1763.090942,-0.9477454317,-0.2939667687,0.1239440829,0.1100614696,184.8464235454,405.2934255728,3.0
11574,0.0,1309.683228,109.88797,1677.720825,-0.6330801124,-0.7682510151,0.0948680616,,,,
11575,0.0,1309.515869,109.361053,1677.897095,-0.6330801124,-0.7682510151,0.0948680616,,,,
11576,0.0,1309.397949,109.41571,1677.89209,-0.6330801124,-0.7682510151,0.0948680616,,,,
11577,0.0,1311.396851,113.332802,1677.886963,-0.6478482564,-0.7557282412,0.0957468653,,,,
11578,0.0,1311.437256,113.334953,1677.833496,-0.6640011735,-0.7414489978,0.0967255154,,,,
11579,0.0,1309.646729,109.560989,1677.598022,-0.7218109034,-0.684963849,0.0990633401,,,,
11580,0.0,1308.6287845,107.259113,1677.4317015,-0.7608990314,-0.6382450454,0.0998239412,,,,
11581,0.0,1306.480591,102.352356,1677.077759,-0.8395547334,-0.5335006347,0.1025910448,0.0974689915,914.7899144981,2124.3313571995,6.0
11582,0.0,1305.437073,99.8962405,1676.8859865,-0.868947445,-0.4798719874,0.1044499626,0.076033548,803.245565618,2123.3604315191,6.0
11583,0.0,1303.112305,94.67672,1676.49707,-0.9289660721,-0.3537162639,0.1091184746,0.0340020294,548.4745428263,2121.3509489876,6.0
11584,0.0,1301.267578,91.134079,1676.235596,-0.9559514092,-0.270918995,0.1129592904,0.0180055238,400.5340347293,2120.2414717861,6.0
11585,0.0,1299.325806,87.575394,1676.011841,-0.9744438951,-0.1918123429,0.1169064602,0.0095211154,291.8101836065,2119.7163097366,6.0
11586,0.0,1297.518188,84.353119,1675.841919,-0.983777583,-0.1328739664,0.120524588,0.0073299343,256.2107612285,2119.9695695065,6.0
11587,0.0,1295.314087,80.506325,1675.667603,-0.9881827302,-0.0912171291,0.1231841188,0.0077456956,263.3901302807,2120.297971384,6.0
11588,0.0,1293.214233,76.962151,1675.53418,-0.9896124578,-0.0707305813,0.1251573737,0.0085656698,276.9170399394,2120.2448755735,6.0
11589,0.0,1290.583984,72.963486,1675.253296,-0.9900970856,-0.0631876093,0.1253598304,0.0088342767,281.0698937799,2119.2155232195,6.0
11590,0.0,1287.952759,69.267555,1674.90625,-0.9901016896,-0.0631153593,0.125359865,0.0087307442,279.1723178444,2117.2967217838,6.0
11591,0.0,1286.141846,66.155518,1675.028809,-0.9901016896,-0.0631153593,0.125359865,0.008650352,277.7842836508,2116.4938950278,6.0
11592,0.0,1284.345825,63.184116,1675.104248,-0.9901016896,-0.0631153593,0.125359865,0.0085645794,276.3793526832,2116.2621310682,6.0
11593,0.0,1282.451416,60.192104,1675.152588,-0.9901016896,-0.0631153593,0.125359865,0.0084853384,275.0881899155,2116.1459018483,6.0
11594,0.0,1280.934448,57.870693,1675.199951,-0.9901016896,-0.0631153593,0.125359865,0.008429909,274.1889863191,2116.1223079187,6.0
11595,0.0,1278.707153,54.576996,1675.29541,-0.9901016896,-0.0631153593,0.125359865,0.0083601565,273.0623943042,2116.1638250254,6.0
11596,0.0,1276.550781,51.476955,1675.387085,-0.9901016896,-0.0631153593,0.125359865,0.0083016824,272.1270299664,2116.2981183567,6.0
11597,0.0,1274.329834,48.442631,1675.540527,-0.9901016896,-0.0631153593,0.125359865,0.0082542645,271.3718627223,2116.453232787,6.0
11598,0.0,1272.240967,45.611969,1675.588745,-0.9901016896,-0.0631153593,0.125359865,0.0082092663,270.6656731722,2116.6992448731,6.0
11599,0.0,1269.994629,42.77235,1675.764771,-0.9901016896,-0.0631153593,0.125359865,0.0081760108,270.1437681127,2116.8922169968,6.0
11600,0.0,1267.829956,39.980103,1675.825928,-0.9901016896,-0.0631153593,0.125359865,0.0081428998,269.5986728917,2116.8940239897,6.0
11601,0.0,1265.512939,37.118725,1675.9552,-0.9901016896,-0.0631153593,0.125359865,0.008118642,269.1535898764,2116.5412998052,6.0
11602,0.0,1263.263184,34.387218,1676.080933,-0.9901016896,-0.0631153593,0.125359865,0.0080999665,268.7357450739,2115.6803691988,6.0
11603,0.0,1261.079956,31.794792,1676.252563,-0.9901016896,-0.0631153593,0.125359865,0.0080855894,268.2510676445,2113.7337487791,6.0
11604,0.0,1258.987915,29.393688,1676.307739,-0.9901016896,-0.0631153593,0.125359865,0.0080725048,267.8042108361,2111.9152362313,6.0
11605,0.0,1256.695679,26.862221,1676.367798,-0.9901016896,-0.0631153593,0.125359865,0.0080635793,267.3609586653,2109.5815673156,6.0
11606,0.0,1254.359253,24.161896,1676.329102,-0.9901016896,-0.0631153593,0.125359865,0.0080470417,266.7713143743,2107.0821293749,6.0
11607,0.0,1251.521484,20.95756,1676.123169,-0.9901016896,-0.0631153593,0.125359865,0.0080194511,265.9639213268,2104.3009818818,6.0
11608,0.0,1249.230713,18.480331,1675.911865,-0.9901592258,-0.0622061692,0.1253598823,0.0080161503,265.6002352248,2101.8543742053,6.0
11609,0.0,1247.081421,16.112551,1675.774048,-0.990367182,-0.0588025549,0.1253598996,0.0080770932,266.2841879343,2099.3341420976,6.0
11610,0.0,1244.747559,13.794821,1675.379517,-0.9908535541,-0.0478607201,0.1261688778,0.0084740875,272.3441835753,2096.4217215065,6.0
11611,0.0,1242.466431,11.561666,1675.048706,-0.9915603601,-0.0215659054,0.1278396028,0.0099278814,294.2461586719,2093.3801564525,6.0
11612,0.0,1240.172119,9.553433,1674.825073,-0.9911466321,0.0201142785,0.1312393591,0.0137809104,345.8009539973,2090.1317244759,6.0
11613,0.0,1237.556396,7.674007,1674.641724,-0.9884694396,0.0694990671,0.1345289804,0.0092742728,301.9258712331,2222.0543613,5.0
11614,0.0,1234.789673,6.116471,1674.565063,-0.9816393476,0.1320033029,0.1376928443,0.0133423126,361.3200896553,2219.2949926445,5.0
11615,0.0,1232.297363,4.979393,1674.563354,-0.9718681066,0.1890691539,0.1404465675,0.0205327251,446.9148988494,2216.8043915199,5.0
11616,0.0,1229.654663,4.2039,1674.516113,-0.9545013544,0.2614830412,0.1433659085,0.0345989827,577.3941593255,2214.191265751,5.0
11617,0.0,1227.047729,3.439736,1674.551147,-0.936450637,0.3184554813,0.147126853,0.0500092433,690.6948202906,2211.7945366388,5.0
11618,0.0,1224.597168,2.684081,1674.669189,-0.9204893548,0.3608734477,0.149898974,0.0643131721,778.896707874,2207.5591829981,5.0
11619,0.0,1222.022583,1.981269,1674.900513,-0.9072229427,0.392320122,0.1517611743,0.076482556,845.0201072328,2203.1181162131,5.0
11620,0.0,1219.40686,1.180524,1675.426758,-0.8947530079,0.4192675975,0.153726174,0.0880367999,901.9091875709,2198.320058298,5.0
11621,0.0,1216.502319,0.322603,1675.98291,-0.8882179102,0.4325468533,0.1548294664,0.0939904103,928.154502693,2192.8855327779,5.0
11622,0.0,1213.759644,-0.349873,1676.509766,-0.8867824688,0.4354637028,0.1548812981,0.0950641487,931.6162146767,2189.2153238455,5.0
11623,0.0,1210.749023,-0.938904,1677.060425,-0.8866637956,0.4357052869,0.1548812981,0.0952464358,931.1358433617,2186.0962579962,5.0
11624,0.0,1207.859375,-1.327909,1677.465332,-0.8869184035,0.4348833371,0.1557312706,0.0952054188,929.3430402458,2182.3336212727,5.0
11625,0.0,1202.36377,-1.490465,1677.939575,-0.8932019573,0.4187111044,0.1639246,0.0896156577,899.2529974165,2173.3494960596,5.0
11626,0.0,1199.055054,-1.486825,1678.018555,-0.9023330453,0.3923481399,0.1784881295,0.0816747456,858.4354480817,2168.7157107993,5.0
11627,0.0,1195.65332,-1.192413,1677.928833,-0.9127667713,0.3570106542,0.1984948715,0.0727990704,810.5834397998,2164.0700354161,5.0
11628,0.0,1192.232544,-0.847402,1677.77478,-0.9195006248,0.327903069,0.2167906323,0.067287904,778.7848037017,2159.5605536037,5.0
11629,0.0,1189.027466,-0.465208,1677.582886,-0.9250459093,0.2975461107,0.2361278841,0.0629928786,752.9522705625,2155.5401231647,5.0
11630,0.0,1185.054443,0.074469,1677.301514,-0.9286152625,0.2703031308,0.2541847983,0.060503562,736.7793173407,2150.8120505914,5.0
11631,0.0,1182.271362,0.526443,1677.003662,-0.9289890523,0.2621363548,0.2612735582,0.0603942491,735.05528625,2147.6597637902,5.0
11632,0.0,1178.986572,1.172571,1676.585815,-0.9288577479,0.2556987851,0.2680324896,0.0606882711,735.5558065953,2144.0723365481,5.0
11633,0.0,1175.104248,2.029812,1676.314209,-0.9285480303,0.2526824016,0.271937786,0.0610091189,736.0346544056,2139.9962036445,5.0
11634,0.0,1172.150269,2.694507,1676.05603,-0.9283161223,0.2517631588,0.2735772083,0.0611699492,735.946984704,2137.0151400116,5.0
11635,0.0,1168.297974,3.624384,1675.950073,-0.9277736647,0.25149031,0.2756603908,0.0616013887,737.1524240717,2133.2438470155,5.0
11636,0.0,1165.591064,4.290938,1675.958862,-0.9269623064,0.2512703762,0.2785750896,0.0623351204,740.4404928972,2130.5141657036,5.0
11637,0.0,1161.814819,5.279456,1675.979004,-0.9257755019,0.2484524668,0.2849755985,0.0635259504,745.8775651196,2126.6015103897,5.0
11638,0.0,1158.101074,6.278151,1676.029175,-0.9244668179,0.2432759655,0.2935607384,0.0649455588,752.4845030307,2122.639478587,5.0
11639,0.0,1154.5448,7.216381,1676.124023,-0.922973221,0.2362336069,0.303832382,0.06664269,760.5219006327,2118.7484753683,5.0
11640,0.0,1151.769287,7.878977,1676.438354,-0.9209735144,0.2273400296,0.3164242352,,,,
11641,0.0,1148.033936,8.813828,1676.862305,-0.9172923553,0.2150865532,0.3351305859,,,,
11642,0.0,1144.654907,9.596774,1677.119751,-0.9115953104,0.2012923798,0.3584346076,,,,
11643,0.0,1141.011597,10.491648,1677.338501,-0.9038820637,0.18864771,0.383939131,,,,
11644,0.0,1137.978638,11.156112,1677.408569,-0.894837484,0.177505255,0.4095824235,,,,
11645,0.0,1134.190063,12.144851,1677.596558,-0.8848825368,0.1671709555,0.4347835872,,,,
11646,0.0,1131.195557,12.960059,1677.691406,-0.8796597578,0.1628244969,0.4468633949,,,,
11647,0.0,1127.503662,13.981853,1677.791748,-0.8759331822,0.1606045819,0.4549145288,,,,
11648,0.0,1123.967529,14.902012,1677.80603,-0.8735813513,0.1600497695,0.459608196,,,,
11649,0.0,1121.157837,15.602227,1677.818115,-0.8718759459,0.1609961417,0.4625068403,,,,
11650,0.0,1117.29541,16.606884,1677.701782,-0.8698952297,0.1626107474,0.4656608575,,,,
11651,0.0,1114.386597,17.329948,1677.587891,-0.8686004273,0.1632206518,0.4678592914,,,,
11652,0.0,1110.372437,18.177198,1677.192749,-0.8673946965,0.163217704,0.4700919288,,,,
11653,0.0,1107.338013,18.817091,1677.074585,-0.8663483821,0.1644287906,0.4715969186,,,,
11654,0.0,1104.074707,19.484005,1676.601929,-0.8642238007,0.1670448165,0.4745663826,,,,
11655,0.0,1100.160278,20.316854,1676.177734,-0.8606729021,0.1719310844,0.4792513513,,,,
11656,0.0,1097.082031,21.020744,1675.997192,-0.8569211383,0.1779739293,0.4837472928,,,,
11657,0.0,1093.867676,21.770222,1675.514404,-0.8530167667,0.1837242471,0.4884749704,,,,
11658,0.0,1089.95105,22.684658,1675.154663,-0.8466683463,0.1911122373,0.4966173821,,,,
11659,0.0,1086.849609,23.393522,1675.030518,-0.8420264222,0.1955947791,0.5027267516,,,,
11660,0.0,1083.658447,24.051769,1674.916626,-0.8366305407,0.1992368972,0.510248956,,,,
11661,0.0,1079.697754,24.847023,1674.886475,-0.82945189,0.2025481997,0.5205610329,,,,
11662,0.0,1076.455933,25.520826,1674.911377,-0.8208018683,0.204384224,0.5333960835,,,,
11663,0.0,1072.64978,26.228819,1674.96814,-0.8084223701,0.2050383636,0.5517359341,,,,
11664,0.0,1065.977417,27.2547,1675.307373,-0.775961411,0.2055127372,0.5963626443,,,,
11665,0.0,1064.2476195,27.5989695,1675.4782715,-0.7631794512,0.2051821289,0.6124023668,,,,
11666,0.0,1058.96875,28.691818,1676.031738,-0.7146567903,0.2061792983,0.6683979122,,,,
11667,0.0,1057.2419435,29.0840015,1676.166626,-0.6930155125,0.2077686336,0.6896655079,,,,
11668,0.0,1052.023438,30.404701,1676.420776,-0.6217388211,0.2094580566,0.7546973969,,,,
11669,0.0,1048.778442,31.233934,1676.536255,-0.573722626,0.204531811,0.793100931,,,,
11670,0.0,1045.44043,32.197109,1676.555664,-0.527032178,0.1968141286,0.8267413635,,,,
11671,0.0,1041.591797,33.303848,1676.536255,-0.467714142,0.1854548644,0.8642048221,,,,
11672,0.0,1038.953125,34.153706,1676.420654,-0.4261363376,0.1787094072,0.8868318722,,,,
11673,0.0,1036.453735,34.987705,1676.342896,-0.3826439268,0.174444516,0.9072776511,,,,
11674,0.0,1034.000732,35.846893,1676.19043,-0.3473067165,0.1729847795,0.9216584567,,,,
11675,0.0,1031.224121,36.893368,1676.045166,-0.3036266074,0.174176841,0.9367354543,,,,
11676,0.0,1029.281006,37.718403,1676.0177,-0.276417853,0.1775912195,0.9444863839,,,,
11677,0.0,1027.490601,38.565247,1675.826172,-0.2517177507,0.1861322118,0.9497331066,,,,
11678,0.0,1025.928589,39.24575,1675.757812,-0.2312513138,0.1964086513,0.9528622522,,,,
11679,0.0,1024.33606,40.165047,1675.412231,-0.2182217603,0.2064136511,0.9538200396,,,,
11680,0.0,1023.192017,41.076267,1675.166138,-0.2059747633,0.2181084109,0.9539408357,,,,
11681,0.0,1021.718567,42.273212,1674.767822,-0.1910958578,0.2347262941,0.9530928286,,,,
11682,0.0,1020.770447,43.032257,1674.517822,-0.1840897069,0.2487160454,0.9509212946,,,,
11683,0.0,1019.916809,43.754169,1674.268066,-0.1790215087,0.2681792681,0.9465892349,,,,
11684,0.0,1019.223816,44.347927,1674.083984,-0.178795438,0.2937258844,0.9390193269,,,,
11685,0.0,1018.43866,44.921108,1673.952759,-0.1800936974,0.3266047823,0.9278445863,,,,
11686,0.0,1017.862488,45.2393,1673.936646,-0.1832491824,0.350076832,0.9186217659,,,,
11687,0.0,1017.344482,45.519665,1673.854126,-0.1877566643,0.3784863748,0.9063638889,,,,
11688,0.0,1016.867126,45.756794,1673.823486,-0.1919148477,0.4033204865,0.8947073692,,,,
11689,0.0,1016.419067,46.009953,1673.758545,-0.199605761,0.4401278114,0.8754684745,,,,
11690,0.0,1016.315369,46.182785,1673.752441,-0.2073190859,0.4701947751,0.8578669303,,,,
11691,0.0,1016.189392,46.35894,1673.681885,-0.2144734874,0.4963847671,0.8411915871,,,,
11692,0.0,1016.146606,46.602631,1673.401245,-0.2220384381,0.5217552454,0.8236931443,,,,
11693,0.0,1016.12207,46.787231,1673.188477,-0.2285354736,0.5429639258,0.8080604635,,,,
11694,0.0,1015.639587,47.409721,1672.957275,-0.2351912512,0.563133183,0.7921906927,,,,
11695,0.0,1016.067932,47.482189,1672.891235,-0.2438953566,0.584847112,0.773607724,,,,
11696,0.0,1016.385071,47.643589,1672.859619,-0.2527656481,0.6018937863,0.7575179187,,,,
11697,0.0,1016.725403,47.705929,1672.871216,-0.2601653597,0.6126696048,0.7462907885,,,,
11698,0.0,1017.31958,47.732567,1672.919189,-0.2706530377,0.6250441564,0.7321657843,,,,
11699,0.0,1017.732361,47.748737,1673.009399,-0.2781427332,0.6306834836,0.7244825488,,,,
11700,0.0,1018.084656,47.736851,1673.105225,-0.2836349049,0.6330840896,0.7202470245,,,,
11701,0.0,1018.214661,47.730949,1673.237671,-0.2871535266,0.6344864551,0.7176139564,,,,
11702,0.0,1018.353516,47.754452,1673.348511,-0.2918277312,0.6370545033,0.7134410523,,,,
11703,0.0,1018.408936,47.652393,1673.602295,-0.2978713985,0.642024565,0.7064538823,,,,
11704,0.0,1018.322021,47.547924,1673.824585,-0.3021075781,0.64672321,0.7003428453,,,,
11705,0.0,1018.290955,47.407608,1674.12561,-0.3100107843,0.65691239,0.6872840937,,,,
11706,0.0,1018.06604,47.313499,1674.264282,-0.3135070191,0.6601387151,0.6825908187,,,,
11707,0.0,1017.829468,47.302986,1674.315918,-0.3174120227,0.6630917636,0.6779077525,,,,
11708,0.0,1017.7105105,47.329502,1674.3290405,-0.3196005361,0.6648476136,0.6751426737,,,,
11735,0.0,1017.097717,47.11932,1675.580078,-0.4637769971,0.767270605,0.4429522725,,,,
11736,0.0,1017.012817,47.12516,1675.601074,-0.4687022758,0.7697084034,0.4334364433,,,,
11737,0.0,1016.921936,47.140648,1675.587158,-0.4732465618,0.771881261,0.4245432966,,,,
11738,0.0,1016.729065,47.063507,1675.619263,-0.4790692447,0.7745553731,0.4129850273,,,,
11739,0.0,1016.595032,47.110386,1675.623535,-0.483970922,0.7767080305,0.4031088959,,,,
11740,0.0,1016.45813,47.321068,1675.521851,-0.4886992921,0.7794142523,0.3920286025,,,,
11741,0.0,1015.84967,48.464092,1675.470947,-0.4936830638,0.782363657,0.3797158683,,,,
11742,0.0,1015.919067,48.9436,1675.456787,-0.4981720949,0.7862454149,0.3655717596,,,,
11743,0.0,1015.802307,49.54855,1675.515381,-0.5025650187,0.7912664724,0.3483184918,,,,
11744,0.0,1015.590637,50.261833,1675.541748,-0.5054548657,0.7971390438,0.3302797656,,,,
11745,0.0,1014.51355,51.948666,1675.355591,-0.5062412047,0.8102806153,0.2952374758,,,,
11746,0.0,1013.912201,52.6412795,1675.269043,-0.5052952759,0.8147831854,0.284002926,,,,
11747,0.0,1013.310852,53.333893,1675.182495,-0.5043493471,0.8192857554,0.2727683763,,,,
11748,0.0,1012.370178,54.702209,1675.091064,-0.5040293273,0.8244029309,0.2575155232,,,,
11749,0.0,1010.745361,57.347927,1674.587769,-0.5050109179,0.8296984473,0.2378328392,,,,
11750,0.0,1009.479675,59.087769,1674.528442,-0.5058479788,0.8310742038,0.2311568516,,,,
11751,0.0,1008.204102,60.548595,1674.712646,-0.5061431092,0.8315590832,0.2287545501,,,,
11752,0.0,1007.4034425,61.568054,1674.868469,-0.5062284201,0.8316992432,0.228054024,,,,
11753,0.0,1005.700317,63.865551,1675.199097,-0.5063170601,0.8318451016,0.2273252329,,,,
11754,0.0,1003.975098,66.322838,1675.508423,-0.5063170601,0.8318451016,0.2273252329,,,,
11755,0.0,1003.032288,67.812111,1675.64209,-0.5063170601,0.8318451016,0.2273252329,,,,
11756,0.0,1001.68866,70.071274,1675.977661,-0.5063170601,0.8318451016,0.2273252329,,,,
11757,0.0,1000.264038,72.41996,1676.160889,-0.5063170601,0.8318451016,0.2273252329,,,,
11758,0.0,998.822571,74.853119,1676.258057,-0.5063170601,0.8318451016,0.2273252329,,,,
11759,0.0,997.364197,77.298737,1676.353638,-0.5063170601,0.8318451016,0.2273252329,,,,
11760,0.0,995.782898,79.966583,1676.393677,-0.5063170601,0.8318451016,0.2273252329,,,,
11761,0.0,994.32019,82.695107,1676.469727,-0.5063170601,0.8318451016,0.2273252329,,,,
11762,0.0,992.746643,85.557922,1676.579346,-0.5063170601,0.8318451016,0.2273252329,,,,
11763,0.0,991.345825,88.369072,1676.772461,-0.5063170601,0.8318451016,0.2273252329,,,,
11764,0.0,989.700317,91.391411,1676.895264,-0.5063170601,0.8318451016,0.2273252329,,,,
11765,0.0,988.499268,93.682457,1677.068726,-0.5063170601,0.8318451016,0.2273252329,,,,
11766,0.0,986.764343,96.806328,1677.200073,-0.5063170601,0.8318451016,0.2273252329,,,,
11767,0.0,985.069702,99.648804,1677.282959,-0.5063170601,0.8318451016,0.2273252329,,,,
11768,0.0,982.813477,103.16375,1677.236084,-0.5063170601,0.8318451016,0.2273252329,,,,
11769,0.0,981.006653,105.874435,1677.166504,-0.5063170601,0.8318451016,0.2273252329,,,,
11770,0.0,979.212524,108.633629,1677.068726,-0.5063170601,0.8318451016,0.2273252329,,,,
11771,0.0,977.427612,111.353226,1676.835327,-0.5063170601,0.8318451016,0.2273252329,,,,
11772,0.0,975.741577,114.04554,1676.711792,-0.5063170601,0.8318451016,0.2273252329,,,,
11773,0.0,973.60675,117.588242,1676.556396,-0.5063170601,0.8318451016,0.2273252329,,,,
11774,0.0,971.937866,120.32785,1676.526245,-0.5063170601,0.8318451016,0.2273252329,,,,
11775,0.0,970.258362,122.90818,1676.613403,-0.5063170601,0.8318451016,0.2273252329,,,,
11776,0.0,968.627441,125.365936,1676.731689,-0.5063170601,0.8318451016,0.2273252329,,,,
11777,0.0,966.419617,128.766998,1676.915283,-0.5063170601,0.8318451016,0.2273252329,,,,
11778,0.0,964.768066,131.476318,1676.981567,-0.5063170601,0.8318451016,0.2273252329,,,,
11779,0.0,962.644653,134.820099,1677.429199,-0.5063170601,0.8318451016,0.2273252329,,,,
11780,0.0,961.050964,137.361618,1677.783569,-0.5063170601,0.8318451016,0.2273252329,,,,
11781,0.0,959.384338,139.990417,1678.109375,-0.5063170601,0.8318451016,0.2273252329,,,,
11782,0.0,957.208435,143.377655,1678.682129,-0.5063170601,0.8318451016,0.2273252329,,,,
11783,0.0,955.354126,146.086243,1678.967041,-0.5063170601,0.8318451016,0.2273252329,,,,
11784,0.0,953.111877,149.340851,1679.256104,-0.5063170601,0.8318451016,0.2273252329,,,,
11785,0.0,951.268921,152.101517,1679.352539,-0.5063170601,0.8318451016,0.2273252329,,,,
11786,0.0,947.55072,157.558197,1679.394165,-0.5063170601,0.8318451016,0.2273252329,,,,
11787,0.0,945.711304,160.273621,1679.321777,-0.5063170601,0.8318451016,0.2273252329,,,,
11788,0.0,943.667114,163.345215,1679.12793,-0.5063170601,0.8318451016,0.2273252329,,,,
11789,0.0,941.733337,166.292297,1678.952515,-0.5063170601,0.8318451016,0.2273252329,,,,
11790,0.0,940.593872,168.098976,1678.7472535,-0.5063170601,0.8318451016,0.2273252329,,,,
11791,0.0,937.828308,172.544876,1678.391846,-0.5063170601,0.8318451016,0.2273252329,,,,
11792,0.0,936.7686155,174.2764205,1678.192444,-0.5063170601,0.8318451016,0.2273252329,,,,
11793,0.0,933.923157,178.971375,1677.693237,-0.5063170601,0.8318451016,0.2273252329,,,,
11794,0.0,932.366028,181.29454,1677.307373,-0.5063170601,0.8318451016,0.2273252329,,,,
11795,0.0,930.486023,184.811478,1677.133667,-0.5063170601,0.8318451016,0.2273252329,,,,
11796,0.0,927.66571,188.322021,1676.473389,-0.5063170601,0.8318451016,0.2273252329,,,,
11797,0.0,926.114197,191.07251,1676.280518,-0.5063170601,0.8318451016,0.2273252329,,,,
11798,0.0,925.522766,192.138168,1676.237427,-0.5065057381,0.8321553486,0.2257640652,,,,
11799,0.0,925.311096,193.027267,1676.287476,-0.5037054586,0.8346824555,0.2226791625,,,,
11800,0.0,925.084045,193.607544,1676.227783,-0.4969629342,0.8394414121,0.2199226177,,,,
11801,0.0,925.031128,194.716171,1676.159546,-0.4777944116,0.8515940654,0.215638698,,,,
11802,0.0,924.925781,196.877167,1676.937744,-0.4361027399,0.8751314655,0.2096647761,,,,
11803,0.0,925.955811,197.604324,1676.741821,-0.3884515002,0.8985258506,0.2043446298,,,,
11804,0.0,927.007019,197.95163,1676.175171,-0.3255924402,0.9242052125,0.1995852904,,,,
11805,0.0,928.94928,199.206741,1676.070068,-0.2318251113,0.9532276641,0.193943647,,,,
11806,0.0,930.315613,199.744492,1676.1521,-0.137207329,0.971997109,0.1907767517,,,,
11807,0.0,931.178528,200.027527,1676.407593,-0.0634553747,0.9797475013,0.1899164267,,,,
11808,0.0,931.658081,200.621048,1676.363281,0.0091984009,0.9817754762,0.1898217685,,,,
11809,0.0,932.2948,201.295792,1676.369019,0.080728711,0.9784940324,0.1898217685,,,,
11810,0.0,932.805542,202.145004,1676.361938,0.1521795034,0.9699531406,0.1898217685,,,,
11811,0.0,933.488098,203.018524,1676.375244,0.2127496798,0.9583068241,0.1907501102,,,,
11812,0.0,934.062744,203.798111,1676.365112,0.2455274198,0.9502766504,0.1915478372,,,,
11813,0.0,934.741943,204.732346,1676.372559,0.2850827803,0.9391365011,0.1917040443,,,,
11814,0.0,935.448425,205.87323,1676.370605,0.3173569983,0.9290952754,0.1899118344,,,,
11815,0.0,935.963806,206.834167,1676.351807,0.3323184692,0.9241922777,0.1882367363,,,,
11816,0.0,936.591431,208.11795,1676.401611,0.3436347814,0.9204797018,0.1860974355,,,,
11817,0.0,937.041199,209.153183,1676.406494,0.3453380147,0.9200069576,0.1852804727,,,,
11818,0.0,937.641174,210.559387,1676.401733,0.3465398566,0.9195886456,0.1851130752,,,,
11819,0.0,938.111084,211.691238,1676.345703,0.3465442703,0.9195869823,0.1851130752,,,,
11820,0.0,938.600769,212.882309,1676.296875,0.3465442703,0.9195869823,0.1851130752,,,,
11821,0.0,939.100037,214.107574,1676.213867,0.3465442703,0.9195869823,0.1851130752,,,,
11822,0.0,939.701416,215.593628,1676.124878,0.3465442703,0.9195869823,0.1851130752,,,,
11823,0.0,940.25354,216.969345,1676.018677,0.3465442703,0.9195869823,0.1851130752,,,,
11824,0.0,940.740662,218.192917,1675.889404,0.3465972672,0.9197276143,0.1843134555,,,,
11825,0.0,941.303467,219.628342,1675.785645,0.3458142848,0.9200508599,0.184170833,,,,
11826,0.0,941.895752,221.15274,1675.686768,0.3448518906,0.9204120187,0.1841708158,,,,
11827,0.0,942.910156,223.742615,1675.525146,0.3448424448,0.9204155577,0.1841708158,,,,
11828,0.0,943.141876,224.3296585,1675.5984495,0.3448424448,0.9204155577,0.1841708158,,,,
11829,0.0,943.373596,224.916702,1675.671753,0.3448424448,0.9204155577,0.1841708158,,,,
12322,0.0,2491.375244,14.674077,1676.968262,-0.9792223377,0.1955603176,0.0536635398,,,,
12323,0.0,2491.408447,14.667383,1676.968262,-0.9792223377,0.1955603176,0.0536635398,,,,
12324,0.0,2490.874512,14.764977,1676.974609,-0.9790915939,0.1962523196,0.053522685,,,,
12325,0.0,2489.388916,15.035937,1676.992676,-0.978714131,0.1982347386,0.0531190941,,,,
12326,0.0,2488.145752,15.262104,1677.008057,-0.9783875693,0.1999318029,0.0527734633,,,,
12327,0.0,2485.01709,15.847494,1677.047119,-0.9775057295,0.2050203119,0.0494896006,,,,
12328,0.0,2481.585938,16.50849,1677.089966,-0.9762823648,0.2114566205,0.0464633387,,,,
12329,0.0,2477.931885,17.182697,1677.135254,-0.9758919345,0.21335098,0.0460031691,,,,
12330,0.0,2474.333252,17.874748,1677.180054,-0.9751319677,0.216987898,0.0450987542,,,,
12331,0.0,2470.906982,18.580391,1677.267578,-0.9734859449,0.2242677503,0.0450454363,,,,
12332,0.0,2467.596924,19.269751,1677.389282,-0.97199697,0.2306356413,0.0450454363,,,,
12333,0.0,2461.277588,20.681553,1677.626831,-0.9674903589,0.2488640474,0.0450454363,,,,
12334,0.0,2457.904785,21.462795,1677.707764,-0.9648866634,0.2587752605,0.0450454363,,,,
12335,0.0,2454.685059,22.239641,1677.740479,-0.9619357645,0.2695375523,0.0450454537,,,,
12336,0.0,2452.9089355,22.670416,1677.752869,-0.9605413119,0.2744185263,0.045045445,,,,
12337,0.0,2447.524902,23.984667,1677.793579,-0.9567603846,0.2873681847,0.0450454537,,,,
12338,0.0,2445.8068845,24.4128875,1677.807556,-0.9557420844,0.2907158941,0.0450454537,,,,
12339,0.0,2444.088867,24.841108,1677.821533,-0.9547237842,0.2940636035,0.0450454537,,,,
12340,0.0,2438.950439,26.137806,1677.864624,-0.952581917,0.3009295573,0.0450454537,,,,
12341,0.0,2436.1973875,26.8509885,1677.88855,-0.9517811582,0.303441238,0.045045445,,,,
12342,0.0,2430.373047,28.357548,1677.939941,-0.9509692332,0.3059876243,0.0450454363,,,,
12343,0.0,2427.188477,29.194559,1677.96875,-0.9509692332,0.3059876243,0.0450454363,,,,
12344,0.0,2424.130127,30.005453,1677.99707,-0.9511818537,0.3053260386,0.0450454363,,,,
12345,0.0,2420.980225,30.846052,1678.026245,-0.9516424651,0.303887357,0.0450454537,,,,
12346,0.0,2417.530029,31.771185,1678.058716,-0.9524237466,0.3014297828,0.0450454537,,,,
12347,0.0,2413.095947,32.980583,1678.101196,-0.9532707937,0.2987401925,0.0450454363,,,,
12348,0.0,2410.190674,33.77615,1678.12915,-0.9539935615,0.2964240094,0.0450454363,,,,
12349,0.0,2406.952881,34.675316,1678.160645,-0.9545838035,0.294517689,0.0450454537,,,,
12350,0.0,2403.627441,35.606365,1678.193237,-0.9551358654,0.2927223697,0.0450454537,,,,
12351,0.0,2399.456299,36.79702,1678.220581,-0.9552711772,0.2922804932,0.0450454363,,,,
12352,0.0,2396.471191,37.657318,1678.213867,-0.9552711772,0.2922804932,0.0450454363,,,,
12353,0.0,2393.674316,38.466476,1678.206909,-0.9552711772,0.2922804932,0.0450454363,,,,
12354,0.0,2390.515625,39.384087,1678.180054,-0.9552711772,0.2922804932,0.0450454363,,,,
12355,0.0,2386.1521,40.65773,1678.05603,-0.9552711772,0.2922804932,0.0450454363,,,,
12356,0.0,2383.177246,41.52993,1677.9552,-0.9552711772,0.2922804932,0.0450454363,,,,
12357,0.0,2380.133789,42.42482,1677.852539,-0.9552711772,0.2922804932,0.0450454363,,,,
12358,0.0,2377.189697,43.292976,1677.753418,-0.9552711772,0.2922804932,0.0450454363,,,,
12359,0.0,2372.561279,44.662735,1677.597534,-0.9552711772,0.2922804932,0.0450454363,,,,
12360,0.0,2369.105225,45.688614,1677.480957,-0.9552711772,0.2922804932,0.0450454363,,,,
12361,0.0,2366.236084,46.542557,1677.384399,-0.9552711772,0.2922804932,0.0450454363,,,,
12362,0.0,2362.666016,47.60714,1677.264404,-0.9552711772,0.2922804932,0.0450454363,,,,
12363,0.0,2359.434082,48.580509,1677.179565,-0.9550297822,0.2930682921,0.0450454363,,,,
12364,0.0,2355.895752,49.673702,1677.140381,-0.95395353,0.2965528136,0.0450454363,,,,
12365,0.0,2352.465088,50.757828,1677.105469,-0.9522307277,0.3020389847,0.0450454537,,,,
12366,0.0,2349.104736,51.920364,1677.063477,-0.9472536165,0.3173034741,0.0450454363,,,,
12367,0.0,2345.807129,53.176666,1677.021606,-0.9384295639,0.3425213312,0.0450454363,,,,
12368,0.0,2342.958496,54.379543,1676.985229,-0.9264921176,0.3735096583,0.0458572915,0.1440316686,1025.4705542771,1983.3936459464,3.0
12369,0.0,2336.5625,57.233089,1676.903076,-0.8945695522,0.4445548596,0.0460031865,0.1070996549,890.132525137,1976.9548883397,3.0
12370,0.0,2334.904663,58.0913885,1676.8812865,-0.8816313435,0.4689223146,0.0455706028,0.095512017,840.7445682812,1975.1927127654,3.0
12371,0.0,2333.246826,58.949688,1676.859497,-0.8686931348,0.4932897695,0.045138019,0.083924379,791.3566114253,1973.430537191,3.0
12372,0.0,2327.187744,62.291939,1676.778931,-0.8163274365,0.575830205,0.0450454363,0.0494891053,611.2863804462,1967.5044730508,3.0
12373,0.0,2324.054932,64.049515,1676.737183,-0.7923495973,0.6084020252,0.0450454363,0.0377634191,534.8881203093,1964.9505009967,3.0
12374,0.0,2321.275146,65.688805,1676.704956,-0.7703876108,0.6359825767,0.0450454363,0.0288198826,467.8739144983,1962.9967185577,3.0
12375,0.0,2318.288574,67.34156,1676.700928,-0.7579049709,0.6508079316,0.0450454363,0.0244641992,431.1845477405,1961.3506070298,3.0
12376,0.0,2315.383545,68.939972,1676.701294,-0.7511951699,0.6584857189,0.04585166,0.022427569,412.4829722088,1958.6134153508,3.0
12377,0.0,2312.03418,70.783836,1676.701294,-0.7489821025,0.6609913138,0.0460031865,0.021908575,407.0779457405,1955.4527611965,3.0
12378,0.0,2309.175781,72.403923,1676.701294,-0.7489139641,0.6610685147,0.0460031865,0.0220422225,407.730785756,1952.7079979842,3.0
12379,0.0,2305.98877,74.281876,1676.701294,-0.7489139641,0.6610685147,0.0460031865,0.0222366257,409.1337938516,1950.9392455131,3.0
12380,0.0,2302.98584,76.120926,1676.701294,-0.7489139641,0.6610685147,0.0460031865,0.0224176506,410.4968803468,1949.6090147037,3.0
12381,0.0,2300.471436,77.711678,1676.701294,-0.7489139641,0.6610685147,0.0460031865,0.0225573727,411.3053277978,1947.4581387029,3.0
12382,0.0,2297.476807,79.657661,1676.701294,-0.7489139641,0.6610685147,0.0460031865,0.0227365051,412.3974234953,1945.0098941679,3.0
12383,0.0,2294.48584,81.655899,1676.701294,-0.7489139641,0.6610685147,0.0460031865,0.0229066342,413.3448161117,1942.308746782,3.0
12384,0.0,2291.601807,83.632294,1676.701294,-0.7489139641,0.6610685147,0.0460031865,0.0230811259,414.3507235092,1939.7474193734,3.0
12385,0.0,2288.713135,85.646179,1676.701294,-0.7495145329,0.6603875164,0.0460031865,0.0234746138,417.3335326969,1937.4604915496,3.0
12386,0.0,2285.888184,87.66581,1676.701294,-0.7495474155,0.660350194,0.0460031865,0.0236897618,418.7570973167,1935.326635291,3.0
12387,0.0,2283.345703,89.516884,1676.701294,-0.7495474155,0.660350194,0.0460031865,0.0238828844,420.0442538866,1933.5050890464,3.0
12388,0.0,2280.415283,91.683815,1676.701294,-0.7495474155,0.660350194,0.0460031865,0.0240917697,421.4117336635,1931.4740918746,3.0
12389,0.0,2277.860352,93.602341,1676.701294,-0.7495474155,0.660350194,0.0460031865,0.0242625238,422.5253466381,1929.834919934,3.0
12390,0.0,2274.791504,95.936943,1676.701294,-0.7495474155,0.660350194,0.0460031865,0.0244551864,423.7745066749,1927.9949669255,3.0
12391,0.0,2272.316895,97.844658,1676.701294,-0.7495474155,0.660350194,0.0460031865,0.0245991723,424.6966061087,1926.5972108714,3.0
12392,0.0,2269.309814,100.187386,1676.701294,-0.7495474155,0.660350194,0.0460031865,0.0247643079,425.7513001812,1925.0119183896,3.0
12393,0.0,2266.862793,102.114967,1676.701294,-0.7495474155,0.660350194,0.0460031865,0.0248901017,426.5534871945,1923.8204111815,3.0
12394,0.0,2263.931152,104.444176,1676.701294,-0.7495474155,0.660350194,0.0460031865,0.0250328525,427.4635040074,1922.4893084437,3.0
12395,0.0,2261.355469,106.513916,1676.701294,-0.7495474155,0.660350194,0.0460031865,0.0251507921,428.1994463319,1921.335901856,3.0
12396,0.0,2258.483643,108.83802,1676.701294,-0.7495474155,0.660350194,0.0460031865,0.0252981852,429.2265937414,1920.3976923715,3.0
12397,0.0,2256.091553,110.788155,1676.701294,-0.7495474155,0.660350194,0.0460031865,0.0254355251,430.2489601115,1919.8346052421,3.0
12398,0.0,2253.292969,113.082626,1676.701294,-0.7495474155,0.660350194,0.0460031865,0.0255962317,431.4255791129,1919.1100894243,3.0
12399,0.0,2250.477539,115.404778,1676.701294,-0.7495474155,0.660350194,0.0460031865,0.0257664355,432.6803109778,1918.4067598492,3.0
12400,0.0,2247.747803,117.669098,1676.701294,-0.7495474155,0.660350194,0.0460031865,0.0259237837,433.7949962187,1917.5795334446,3.0
12401,0.0,2245.163818,119.82341,1676.701294,-0.7495474155,0.660350194,0.0460031865,0.0260720961,434.8290172612,1916.7474772618,3.0
12402,0.0,2242.294678,122.2257,1676.701294,-0.7495474155,0.660350194,0.0460031865,0.0262292928,435.8877649978,1915.7244350298,3.0
12403,0.0,2239.819092,124.307114,1676.701294,-0.7495474155,0.660350194,0.0460031865,0.0263615787,436.7588813569,1914.794809505,3.0
12404,0.0,2236.809814,126.847008,1676.701294,-0.7495474155,0.660350194,0.0460031865,0.0265294854,437.8778133203,1913.6971358879,3.0
12405,0.0,2234.491455,128.810959,1676.701294,-0.7495474155,0.660350194,0.0460031865,0.0266632223,438.7740483121,1912.86363584,3.0
12406,0.0,2231.66333,131.21376,1676.701294,-0.7495474155,0.660350194,0.0460031865,0.0268321764,439.9141307851,1911.8682014149,3.0
12407,0.0,2228.922119,133.549896,1676.701294,-0.7495474155,0.660350194,0.0460031865,0.0269820113,440.9098748521,1910.9404033512,3.0
12408,0.0,2226.444824,135.666367,1676.701294,-0.7495474155,0.660350194,0.0460031865,,,,
12409,0.0,2223.832031,137.922714,1676.701294,-0.7484743808,0.6615661782,0.0460031865,,,,
12410,0.0,2220.845947,140.555313,1676.701294,-0.7444878561,0.6659834178,0.0469459186,,,,
12411,0.0,2218.349609,142.80365,1676.701294,-0.7388941135,0.6720539198,0.0487751762,,,,
12412,0.0,2216.087158,144.918167,1676.701294,-0.7297935866,0.6817414215,0.0512830886,,,,
12413,0.0,2213.27002,147.58873,1676.701294,-0.7172571558,0.6946748282,0.0544890403,,,,
12414,0.0,2208.496338,152.246155,1676.701294,-0.6923085942,0.7191725278,0.0591581417,,,,
12415,0.0,2207.1640625,153.555878,1676.701294,-0.6861878479,0.7248810426,0.0601880398,,,,
12416,0.0,2203.487061,157.110947,1676.701294,-0.6750259718,0.7350977522,0.063017712,,,,
12417,0.0,2200.894287,159.57016,1676.701294,-0.6731600563,0.7367882574,0.0632345024,,,,
12418,0.0,2198.54248,161.809448,1676.701294,-0.6730458577,0.7368925793,0.063234485,,,,
12419,0.0,2195.784424,164.463959,1676.701294,-0.6730458577,0.7368925793,0.063234485,,,,
12420,0.0,2193.363281,166.820114,1676.701294,-0.6730458577,0.7368925793,0.063234485,,,,
12421,0.0,2190.78418,169.333038,1676.701294,-0.6743376806,0.7357106037,0.063234485,,,,
12422,0.0,2188.51709,171.538864,1676.701294,-0.6767438235,0.733497919,0.063234485,,,,
12423,0.0,2185.682861,174.132797,1676.701294,-0.6804347988,0.730075261,0.0632344676,,,,
12424,0.0,2182.730225,176.509689,1676.701294,-0.6856454454,0.7252657584,0.0622888661,,,,
12425,0.0,2179.953125,178.468658,1676.701294,-0.6917993382,0.7194790601,0.0613478425,,,,
12426,0.0,2177.421387,180.072464,1676.701294,-0.6972929483,0.7142274141,0.0605123553,,,,
12427,0.0,2174.297119,181.868393,1676.701294,-0.7032120132,0.7084859681,0.0595020802,,,,
12428,0.0,2171.577637,183.283157,1676.701294,-0.7070546587,0.7047235971,0.0586375426,,,,
12429,0.0,2168.165039,184.888504,1676.701294,-0.7109486523,0.7008107078,0.058449684,,,,
12430,0.0,2165.254639,186.119614,1676.701294,-0.7135106975,0.6982020617,0.058449684,,,,
12431,0.0,2162.135986,187.312729,1676.701294,-0.7161800235,0.6955307479,0.0576467924,,,,
12432,0.0,2158.760498,188.485168,1676.701294,-0.7178070914,0.6938642403,0.0574925695,,,,
12433,0.0,2155.447998,189.52478,1676.701294,-0.7185581939,0.6930863773,0.0574925695,,,,
12434,0.0,2151.969971,190.506607,1676.701294,-0.7192640226,0.6923538621,0.0574925695,,,,
12435,0.0,2149.029541,191.257736,1676.701294,-0.7192763849,0.6923410204,0.0574925521,,,,
12436,0.0,2145.401123,192.100677,1676.701294,-0.7192763849,0.6923410204,0.0574925521,,,,
12437,0.0,2142.164307,192.775345,1676.863159,-0.7192763849,0.6923410204,0.0574925521,,,,
12438,0.0,2139.125,193.351608,1677.048706,-0.7192763849,0.6923410204,0.0574925521,,,,
12439,0.0,2135.403564,193.990631,1677.279907,-0.7192763849,0.6923410204,0.0574925521,,,,
12440,0.0,2131.756348,194.552307,1677.505737,-0.7192763849,0.6923410204,0.0574925521,,,,
12441,0.0,2128.653564,194.982117,1677.697754,-0.7192763849,0.6923410204,0.0574925521,,,,
12442,0.0,2124.966064,195.445633,1677.926025,-0.7192763849,0.6923410204,0.0574925521,,,,
12443,0.0,2121.394531,195.848389,1678.147217,-0.7192763849,0.6923410204,0.0574925521,,,,
12444,0.0,2118.14917,196.177292,1678.347778,-0.7192763849,0.6923410204,0.0574925521,,,,
12445,0.0,2114.562988,196.505539,1678.570068,-0.7192763849,0.6923410204,0.0574925521,,,,
12446,0.0,2110.970215,196.799469,1678.792236,-0.7192763849,0.6923410204,0.0574925521,,,,
12447,0.0,2107.271484,197.068893,1679.02124,-0.7192763849,0.6923410204,0.0574925521,,,,
12448,0.0,2104.013672,197.280182,1679.223022,-0.7192763849,0.6923410204,0.0574925521,,,,
12449,0.0,2100.302002,197.495743,1679.340576,-0.7192763849,0.6923410204,0.0574925521,,,,
12450,0.0,2096.708984,197.680145,1679.344849,-0.7192763849,0.6923410204,0.0574925521,,,,
12451,0.0,2093.560059,197.822922,1679.344849,-0.7192763849,0.6923410204,0.0574925521,,,,
12452,0.0,2086.551025,198.080505,1679.367188,-0.7205531701,0.6910910789,0.0565353848,,,,
12453,0.0,2084.6989745,198.1350705,1679.3670045,-0.7209014828,0.6907275504,0.0565353848,,,,
12454,0.0,2082.846924,198.189636,1679.366821,-0.7212497955,0.6903640219,0.0565353848,,,,
12455,0.0,2075.966553,198.338669,1679.382202,-0.7238099013,0.6877574399,0.0555781481,,,,
12456,0.0,2072.118896,198.393951,1679.384888,-0.7259079309,0.6856161733,0.0546638708,,,,
12457,0.0,2070.29895,198.4078365,1679.384888,-0.727558464,0.6838618941,0.0546423743,,,,
12458,0.0,2065.046387,198.421066,1679.384888,-0.7342425769,0.6768291254,0.0528220901,,,,
12459,0.0,2061.838379,198.384094,1679.384888,-0.7420175812,0.6683052961,0.05270617,,,,
12460,0.0,2057.866699,198.317856,1679.384888,-0.7512084803,0.6579573547,0.0527061525,,,,
12461,0.0,2054.474854,198.213943,1679.384888,-0.7610101749,0.6465953721,0.0527061525,,,,
12462,0.0,2050.771484,198.0336,1679.384888,-0.7742951685,0.630625922,0.0527061525,,,,
12463,0.0,2046.998291,197.831253,1679.38269,-0.7862731878,0.6155512349,0.0535831262,,,,
12464,0.0,2043.198608,197.574341,1679.377075,-0.7989718008,0.5989693532,0.0536635398,,,,
12465,0.0,2039.984375,197.375992,1679.370361,-0.8057516569,0.5897424245,0.0544806403,,,,
12466,0.0,2036.525024,197.140152,1679.361572,-0.8122990469,0.5806778954,0.0546208778,,,,
12467,0.0,2032.498535,196.84697,1679.350098,-0.8181806227,0.5723609249,0.0546208778,,,,
12468,0.0,2029.169434,196.594208,1679.338501,-0.8213350989,0.5678249863,0.0546208778,,,,
12469,0.0,2025.295044,196.284531,1679.32373,-0.8228177292,0.5656744154,0.0546208778,,,,
12470,0.0,2021.824707,195.958115,1679.149536,-0.8228706047,0.5655974961,0.0546208778,,,,
12471,0.0,2018.604492,195.820694,1678.952026,-0.8228706047,0.5655974961,0.0546208778,,,,
12472,0.0,2015.027832,195.85051,1678.730103,-0.8228706047,0.5655974961,0.0546208778,,,,
12473,0.0,2011.815186,196.038315,1678.53125,-0.8228706047,0.5655974961,0.0546208778,,,,
12474,0.0,2008.140259,196.421265,1678.303833,-0.8228706047,0.5655974961,0.0546208778,,,,
12475,0.0,2005.135376,196.868973,1678.11792,-0.8228706047,0.5655974961,0.0546208778,,,,
12476,0.0,2001.50354,197.549591,1677.892944,-0.8228706047,0.5655974961,0.0546208778,,,,
12477,0.0,1998.116211,198.320053,1677.683472,-0.8228706047,0.5655974961,0.0546208778,,,,
12478,0.0,1994.759277,199.203201,1677.475586,-0.8228706047,0.5655974961,0.0546208778,,,,
12479,0.0,1991.720947,200.09494,1677.287964,-0.8233607331,0.5648837605,0.0546208778,,,,
12480,0.0,1988.233643,201.194473,1677.073853,-0.8255445721,0.5617767103,0.0536943876,,,,
12935,0.0,641.180054,74.598381,1681.691406,-0.9406985523,0.3329293759,0.0651480186,,,,
12936,0.0,641.012573,74.657646,1681.600098,-0.9406985523,0.3329293759,0.0651480186,,,,
12937,0.0,640.75177,74.622887,1681.590576,-0.9406985523,0.3329293759,0.0651480186,,,,
12938,0.0,640.495483,74.513092,1681.642334,-0.9406985523,0.3329293759,0.0651480186,,,,
12939,0.0,639.299011,70.313591,1683.831055,-0.9409762737,0.3321436288,0.0651480012,,,,
12940,0.0,637.69696,66.822319,1684.407715,-0.941017314,0.3320273337,0.0651480186,,,,
12941,0.0,636.67041,62.795631,1685.154419,-0.9412582871,0.331343587,0.0651480186,,,,
12942,0.0,634.84967,58.343918,1685.997314,-0.9416318321,0.33028053,0.0651480186,,,,
12943,0.0,633.931824,55.650043,1687.063843,-0.9416522365,0.330222351,0.0651480186,,,,
12944,0.0,632.787537,52.073925,1688.643921,-0.9416522365,0.330222351,0.0651480186,,,,
12945,0.0,632.032104,49.59761,1689.763428,-0.9418465154,0.3296678285,0.0651480186,,,,
12946,0.0,630.764099,45.631405,1691.478149,-0.9427456153,0.3270878177,0.0651480186,,,,
12947,0.0,629.682739,42.016293,1693.092529,-0.9454380831,0.3190395906,0.0660346175,,,,
12948,0.0,629.019775,39.516075,1694.209839,-0.9497002344,0.3056649857,0.0681056632,,,,
12949,0.0,627.831177,35.371471,1696.035156,-0.9627639229,0.259343321,0.0763326316,,,,
12950,0.0,626.921143,32.32552,1697.383301,-0.975534176,0.2041023742,0.0817024616,,,,
12951,0.0,625.85675,28.580322,1699.133423,-0.9905105298,0.1054194873,0.088179488,,,,
12952,0.0,625.081909,25.816257,1700.512817,-0.9954322031,0.0081177892,0.0951253411,,,,
12953,0.0,623.676941,18.019947,1703.829224,-0.9661220559,-0.2337073019,0.1094946121,,,,
12954,0.0,623.458069,15.742549,1704.7838135,-0.94777608,-0.2920225838,0.1126762745,,,,
12955,0.0,623.082397,9.870577,1707.354492,-0.8896609043,-0.4408809507,0.1188590033,,,,
12956,0.0,622.998779,7.5637315,1708.4284665,-0.8646453092,-0.4853487765,0.1192548956,,,,
12957,0.0,623.012878,2.20411,1710.834595,-0.8015341198,-0.5861161344,0.1183677821,,,,
12958,0.0,623.249817,-2.144262,1712.631348,-0.7545106986,-0.6459202697,0.1161921291,,,,
12959,0.0,623.30957,-5.377079,1713.814453,-0.7288674546,-0.6751031664,0.1139646802,,,,
12960,0.0,623.339325,-7.763223,1714.7408445,-0.7136957539,-0.6910608717,0.1121839679,,,,
12961,0.0,623.480408,-13.490036,1717.14917,-0.6858593112,-0.7197066957,0.1077927525,,,,
12962,0.0,623.541992,-16.76737,1718.528931,-0.6781125895,-0.7271875116,0.1065909891,,,,
12963,0.0,623.595154,-20.1549,1719.852173,-0.6750490283,-0.7301617041,0.1057009712,,,,
12964,0.0,623.645569,-24.70549,1721.427368,-0.6745743667,-0.7306493367,0.1053611439,,,,
12965,0.0,623.727356,-27.673494,1722.554321,-0.6745743667,-0.7306493367,0.1053611439,,,,
12966,0.0,623.79364,-31.862572,1724.057983,-0.6745743667,-0.7306493367,0.1053611439,,,,
12967,0.0,623.876587,-34.93639,1725.215332,-0.6740101186,-0.7310687815,0.106060345,,,,
12968,0.0,624.039124,-39.358891,1726.473267,-0.6724441816,-0.7324725586,0.1063145033,,,,
12969,0.0,624.148743,-42.234192,1727.08313,-0.6724014573,-0.7325117816,0.1063144859,,,,
12970,0.0,624.317322,-45.303478,1727.803345,-0.6724014573,-0.7325117816,0.1063144859,,,,
12971,0.0,624.578491,-49.580166,1728.904419,-0.6724014573,-0.7325117816,0.1063144859,,,,
12972,0.0,624.743469,-52.46376,1729.635498,-0.6718950581,-0.7329763006,0.1063145033,,,,
12973,0.0,625.044434,-56.476994,1730.812378,-0.671698857,-0.7331561059,0.1063144859,,,,
12974,0.0,625.2099,-59.636486,1731.660522,-0.6711379007,-0.7336696427,0.1063145033,,,,
12975,0.0,625.382446,-62.601028,1732.542114,-0.6709956519,-0.7337997446,0.1063144859,,,,
12976,0.0,625.594971,-66.530724,1733.723633,-0.671598575,-0.7333555713,0.1055696931,,,,
12977,0.0,625.307007,-70.780907,1734.487671,-0.6774072961,-0.7286642815,0.1008351128,,,,
12978,0.0,624.821472,-73.741394,1735.032593,-0.6854270756,-0.7216606066,0.0969313825,,,,
12979,0.0,623.787292,-77.989883,1735.900513,-0.7026141932,-0.7058185824,0.0902963133,,,,
12980,0.0,622.80426,-80.856125,1736.406494,-0.7188402828,-0.6899813564,0.0848196652,,,,
12981,0.0,621.561646,-83.718735,1736.919556,-0.7410789764,-0.6668171556,0.0784654813,,,,
12982,0.0,619.723328,-87.56546,1737.772339,-0.7797450317,-0.6222149473,0.0696149757,,,,
12983,0.0,618.540649,-89.877098,1738.665283,-0.8055670983,-0.5888272085,0.0659103073,,,,
12984,0.0,617.259094,-92.104904,1739.4375,-0.8293079762,-0.5552104655,0.0631634353,,,,
12985,0.0,615.370972,-95.181824,1740.550537,-0.8606088417,-0.5054442759,0.062277648,,,,
12986,0.0,614.000244,-97.329834,1741.388794,-0.8780995917,-0.4744076347,0.0622776306,,,,
12987,0.0,612.160522,-100.817184,1742.72583,-0.8989425689,-0.4333470334,0.0641296066,,,,
12988,0.0,610.824097,-103.157684,1743.858521,-0.9150293604,-0.3977359981,0.0672855512,,,,
12989,0.0,608.715942,-106.143875,1745.207031,-0.9323690197,-0.3541115918,0.0727529497,,,,
12990,0.0,607.366028,-108.191483,1746.349365,-0.9406337199,-0.3310021163,0.0751385657,,,,
12991,0.0,605.808899,-109.998238,1749.248291,-0.9504956685,-0.3005789683,0.0788052538,,,,
12992,0.0,603.624268,-112.648132,1755.180786,-0.9605163398,-0.2655380561,0.0830536078,,,,
12993,0.0,602.121277,-114.349503,1758.451538,-0.9661488102,-0.2434919261,0.0852534954,,,,
12994,0.0,600.176025,-116.834068,1763.496826,-0.9733220097,-0.21192995,0.0879202006,,,,
12995,0.0,599.121887,-118.349686,1766.664307,-0.9768726928,-0.1939369718,0.0900455056,,,,
12996,0.0,598.193542,-121.079338,1771.164917,-0.9808324522,-0.1714390955,0.0926085162,,,,
12997,0.0,598.36853,-123.658798,1775.209839,-0.9840468981,-0.1505883329,0.0947357186,,,,
12998,0.0,598.532349,-125.672554,1778.150513,-0.9853016783,-0.1410488735,0.0963629494,,,,
12999,0.0,598.829834,-128.482788,1782.137329,-0.9867550406,-0.1288125522,0.0985992713,,,,
13000,0.0,598.870239,-130.489426,1784.573364,-0.9874025663,-0.1230746459,0.0994424642,,,,
13001,0.0,599.174316,-135.296143,1790.417358,-0.9881942788,-0.1155557132,0.1005929641,,,,
13002,0.0,599.2668455,-136.778244,1792.047119,-0.98822918,-0.1148691873,0.101032134,,,,
13003,0.0,599.226257,-140.693802,1795.702881,-0.9882650945,-0.1141067816,0.1015467642,,,,
13004,0.0,599.228394,-143.148605,1797.866943,-0.9882737448,-0.1134159984,0.1022341266,,,,
13005,0.0,599.261047,-145.519699,1799.804321,-0.9882835008,-0.1125273669,0.1031179602,,,,
13006,0.0,599.313354,-148.604935,1802.065186,-0.988299535,-0.1105470965,0.1050874335,,,,
13007,0.0,599.309387,-150.233917,1803.252075,-0.9883701582,-0.1090713174,0.1059616821,,,,
13008,0.0,599.313354,-150.87175,1804.89209,-0.9884113658,-0.1075867274,0.1070890662,,,,
13009,0.0,599.424377,-150.670944,1806.091675,-0.9884113805,-0.1064735217,0.108195804,,,,
13010,0.0,599.516113,-150.589523,1806.766113,-0.9884099032,-0.1056908299,0.1089739036,,,,
13011,0.0,599.633911,-150.443344,1807.432007,-0.9885001039,-0.1036874201,0.1100748091,,,,
13012,0.0,599.710815,-150.355606,1807.643066,-0.9885792584,-0.1020452131,0.1108955558,,,,
13013,0.0,599.682129,-150.301086,1807.717773,-0.9887102844,-0.0999092641,0.1116696581,,,,
13014,0.0,599.689514,-150.207321,1807.570923,-0.9888490911,-0.0971519633,0.1128670501,,,,
13015,0.0,599.710327,-150.157303,1807.338379,-0.9890788034,-0.0939229901,0.1135851778,,,,
13016,0.0,599.680298,-150.006607,1806.754028,-0.9897905673,-0.084615102,0.1146948884,,,,
13017,0.0,599.635681,-149.851059,1805.959106,-0.990940695,-0.0681088007,0.1157485649,,,,
13018,0.0,599.644653,-149.686325,1805.207275,-0.9922772364,-0.0478028724,0.1144586014,,,,
13019,0.0,599.725647,-149.397827,1803.948364,-0.994107105,-0.007618763,0.1081342604,,,,
13020,0.0,599.896118,-149.081833,1802.479614,-0.9948380592,0.0379885188,0.0940962719,,,,
13021,0.0,600.016052,-148.766113,1801.348389,-0.994035856,0.0757704939,0.0784318133,,,,
13022,0.0,600.272278,-148.375961,1799.892334,-0.9909932909,0.1219814025,0.0552524648,,,,
13023,0.0,600.519714,-147.894775,1797.610474,-0.9840064215,0.1766951799,0.0225870727,,,,
13024,0.0,600.791382,-147.460556,1796.058105,-0.9786157922,0.2056819823,0.0024603533,,,,
13025,0.0,600.778259,-146.768646,1784.158081,-0.9690064789,0.2455669979,-0.0268941133,,,,
13026,0.0,600.609192,-146.031982,1782.913574,-0.9591942085,0.2779479463,-0.0518787957,,,,
13027,0.0,600.433838,-145.485397,1781.737671,-0.9548269068,0.2902668188,-0.0636455182,,,,
13028,0.0,600.209656,-144.647644,1779.585327,-0.9495291362,0.3030408706,-0.0809978417,,,,
13029,0.0,599.987915,-143.805481,1779.770508,-0.9474215204,0.3065621697,-0.0917174944,,,,
13030,0.0,599.827759,-142.941101,1777.90686,-0.9469462836,0.3058148162,-0.0988434833,,,,
13031,0.0,599.710449,-141.983643,1774.633911,-0.9472904504,0.302988386,-0.104109752,,,,
13032,0.0,599.65741,-140.989319,1770.843384,-0.9480446182,0.2992307336,-0.1080387429,,,,
13033,0.0,598.49585,-140.432922,1767.516602,-0.9481300869,0.2976403197,-0.1116224819,,,,
13034,0.0,596.700134,-139.039993,1761.055542,-0.9478726308,0.2969880661,-0.1154797143,,,,
13035,0.0,595.039246,-138.182968,1752.675171,-0.9475430788,0.2968848106,-0.1184125122,,,,
13036,0.0,594.596802,-136.593491,1744.336304,-0.9468540717,0.2974187051,-0.1225131864,,,,
13037,0.0,595.213135,-134.735107,1738.024536,-0.9461710511,0.297451397,-0.1276048917,,,,
13038,0.0,596.130676,-135.113846,1736.691895,-0.9448848032,0.2970470343,-0.1376799481,,,,
13039,0.0,596.502502,-134.056656,1737.04834,-0.9439522857,0.2967538753,-0.1445379531,,,,
13040,0.0,596.748779,-133.3810655,1737.374451,-0.943663027,0.2957986202,-0.1482843095,,,,
13041,0.0,596.995056,-132.705475,1737.700562,-0.9433737683,0.2948433651,-0.1520306659,,,,
13042,0.0,597.516296,-131.597717,1738.209229,-0.9424907098,0.2933734267,-0.160135238,,,,
13043,0.0,597.302673,-130.639374,1738.449707,-0.9406907703,0.2927581889,-0.1714453776,,,,
13044,0.0,596.925598,-130.203278,1738.564087,-0.9397849497,0.2924762829,-0.1768102721,,,,
13045,0.0,596.798279,-129.916855,1738.696167,-0.9392175279,0.292299692,-0.180086994,,,,
13046,0.0,597.336914,-129.736786,1739.052246,-0.9386871805,0.2913503455,-0.1843403191,,,,
13047,0.0,598.08667,-129.723679,1739.351685,-0.9383941236,0.2901635247,-0.1876741797,,,,
13048,0.0,598.479553,-129.756546,1739.519653,-0.9380755435,0.288129921,-0.1923419436,,,,
13049,0.0,598.730225,-129.783112,1739.685791,-0.937869254,0.2872306353,-0.1946787726,,,,
13050,0.0,598.728455,-129.824142,1739.816406,-0.9378026392,0.2852660624,-0.1978622843,,,,
13051,0.0,598.724548,-129.857727,1739.921631,-0.9375423538,0.2839657937,-0.2009421876,,,,
13052,0.0,598.718262,-129.880356,1740.002197,-0.937652457,0.2825061317,-0.2024800124,,,,
13053,0.0,598.705444,-129.904877,1740.120361,-0.937772383,0.2811369062,-0.2038259002,,,,
13054,0.0,598.694275,-129.92952,1740.239746,-0.9378347635,0.2804071941,-0.2045428118,,,,
13055,0.0,598.683716,-129.957153,1740.393677,-0.938083509,0.2793416001,-0.2048599538,,,,
13056,0.0,598.677185,-129.970596,1740.492676,-0.9381301072,0.279185217,-0.2048597488,,,,
13057,0.0,598.678528,-129.984482,1740.585571,-0.9379912604,0.2791438965,-0.2055506762,,,,
13058,0.0,598.678223,-130.008759,1740.698608,-0.9381056494,0.2785767458,-0.2057979284,,,,
13059,0.0,598.683105,-130.044312,1740.713623,-0.9382086094,0.2782296922,-0.205798065,,,,
13060,0.0,598.683105,-130.06131,1740.713867,-0.9384092633,0.2775522656,-0.2057979455,,,,
13061,0.0,598.685059,-130.080582,1740.713745,-0.9383056819,0.2772800656,-0.2066354583,,,,
13062,0.0,598.685364,-130.083359,1740.713745,-0.938285278,0.277274036,-0.2067361751,,,,
13063,0.0,598.685852,-130.0952,1740.713745,-0.938285278,0.277274036,-0.2067361751,,,,
13064,0.0,598.683044,-130.101334,1740.713745,-0.9385328521,0.2764348227,-0.2067362434,,,,
13065,0.0,598.673645,-130.098267,1740.713745,-0.9385506816,0.276374333,-0.2067361751,,,,
13066,0.0,598.661316,-130.086243,1740.713745,-0.9385506816,0.276374333,-0.2067361751,,,,
13067,0.0,598.660828,-130.07933,1740.713745,-0.9385506816,0.276374333,-0.2067361751,,,,
13068,0.0,598.653625,-130.059784,1740.713745,-0.9385506816,0.276374333,-0.2067361751,,,,
13069,0.0,598.662598,-130.046631,1740.713745,-0.9383734926,0.2763221563,-0.2076084157,,,,
13070,0.0,598.670532,-130.033279,1740.713867,-0.9383601153,0.2763182171,-0.2076741122,,,,
13071,0.0,598.676392,-130.011444,1740.713745,-0.9384210695,0.2755218687,-0.208455262,,,,
13072,0.0,598.675232,-129.982071,1740.713745,-0.9382430098,0.275306473,-0.2095385419,,,,
13073,0.0,598.669189,-129.951797,1740.713745,-0.9379707052,0.2743979454,-0.2119356595,,,,
13074,0.0,598.652527,-129.931381,1740.713745,-0.9377529514,0.2729271916,-0.214779306,,,,
13075,0.0,598.621521,-129.907822,1740.713745,-0.9372521324,0.2713605902,-0.218910645,,,,
13076,0.0,598.607422,-129.908997,1740.585327,-0.9363421849,0.2692162782,-0.2253572903,,,,
13077,0.0,598.591797,-129.90802,1740.406494,-0.9354003882,0.2686380564,-0.2299123928,,,,
13078,0.0,598.57074,-129.923309,1740.27417,-0.9343365272,0.2657096391,-0.2375155607,,,,
13079,0.0,598.5681765,-129.9279175,1740.263794,-0.933980344,0.2650614752,-0.2396208507,,,,
13080,0.0,598.565613,-129.932526,1740.253418,-0.9336241609,0.2644133112,-0.2417261407,,,,
13081,0.0,598.559692,-129.950195,1740.27417,-0.932778737,0.262332147,-0.2471956156,,,,
13082,0.0,598.560547,-129.959381,1740.281128,-0.9324940605,0.2612011109,-0.249457024,,,,
13083,0.0,598.566437,-129.9658205,1740.2890015,-0.9320395041,0.2609943201,-0.2513572506,,,,
13084,0.0,598.186523,-129.950897,1740.09668,-0.9310263169,0.2599302278,-0.2561762557,,,,
13085,0.0,598.2322995,-129.9829025,1740.128601,-0.9307073006,0.259710557,-0.257550594,,,,
13086,0.0,597.819641,-129.861908,1739.887573,-0.9300398833,0.2587427411,-0.2609176297,,,,
13087,0.0,598.038574,-129.923981,1740.035034,-0.929392294,0.2582530095,-0.2636955572,,,,
13088,0.0,598.081177,-129.962143,1740.012939,-0.9285552424,0.2580204154,-0.2668531937,,,,
13089,0.0,598.182617,-129.991287,1739.982666,-0.9277290053,0.2584589679,-0.2692913936,,,,
13090,0.0,598.339233,-130.042313,1739.937866,-0.9265939598,0.2592312261,-0.2724386264,,,,
13091,0.0,598.450439,-130.100388,1739.895874,-0.9250563691,0.2602581581,-0.2766521376,,,,
13092,0.0,598.59729,-130.200134,1739.827271,-0.9228326386,0.262447144,-0.2819599577,,,,
13093,0.0,598.750122,-130.306305,1739.717163,-0.9206857281,0.2642534305,-0.2872419094,,,,
13094,0.0,598.868835,-130.375336,1739.608398,-0.9193694647,0.2654470866,-0.2903405441,,,,
13095,0.0,599.071289,-130.471039,1739.453491,-0.9177339628,0.2663456615,-0.2946597397,,,,
13096,0.0,599.189575,-130.531158,1739.324585,-0.9171068475,0.2668584064,-0.2961445952,,,,
13097,0.0,599.435303,-130.619125,1739.153931,-0.9165909724,0.2670453767,-0.2975697501,,,,
13098,0.0,599.657715,-130.701706,1738.965576,-0.9162955518,0.266959307,-0.298555171,,,,
13099,0.0,599.794983,-130.772705,1738.745483,-0.9160660219,0.2668924343,-0.2993183458,,,,
13100,0.0,600.072144,-130.857864,1738.633423,-0.9157784088,0.2668086393,-0.3002716371,,,,
13101,0.0,600.24176,-130.927704,1738.368774,-0.9155098106,0.2660491345,-0.3017609067,,,,
13102,0.0,600.591553,-131.039032,1738.178955,-0.9153999903,0.2647970583,-0.3031919781,,,,
13103,0.0,600.79126,-131.120255,1737.941284,-0.9148779599,0.2638388134,-0.3055935192,,,,
13104,0.0,601.013123,-131.20784,1737.709595,-0.9145610825,0.2629276825,-0.3073224042,,,,
13105,0.0,601.333496,-131.298798,1737.528809,-0.9139544585,0.260947813,-0.3107949269,,,,
13106,0.0,601.685181,-131.387939,1737.379639,-0.9135384148,0.2596193502,-0.3131219534,,,,
13107,0.0,602.015198,-131.486801,1737.209229,-0.913120902,0.2568178019,-0.316630439,,,,
13108,0.0,602.286621,-131.554031,1737.09375,-0.9126470481,0.2557827838,-0.3188268073,,,,
13109,0.0,602.735291,-131.683411,1737.018433,-0.9115708896,0.2528370649,-0.3242097035,,,,
13110,0.0,603.166565,-131.811172,1736.845825,-0.9103317154,0.24929923,-0.3303726107,,,,
13111,0.0,603.459534,-131.882156,1736.64502,-0.9094909904,0.2475537133,-0.3339809836,,,,
13112,0.0,603.966736,-132.011734,1736.549316,-0.9084597313,0.2442889042,-0.3391516592,,,,
13113,0.0,604.387634,-132.118256,1736.362549,-0.9073153289,0.2419369445,-0.3438683017,,,,
13114,0.0,604.682922,-132.17543,1736.177979,-0.9063150684,0.2409346097,-0.3471937651,,,,
13115,0.0,605.148254,-132.288284,1736.010254,-0.905497298,0.2390258001,-0.3506298764,,,,
13116,0.0,605.634949,-132.399277,1735.821655,-0.9047462718,0.2376019005,-0.3535244271,,,,
13117,0.0,606.139343,-132.512146,1735.632935,-0.9042234968,0.2364604553,-0.3556210354,,,,
13118,0.0,606.65332,-132.617264,1735.430176,-0.9038589491,0.2362846302,-0.3566631096,,,,
13119,0.0,607.079956,-132.712982,1735.296997,-0.9037672434,0.2354852883,-0.3574233468,,,,
13120,0.0,607.540955,-132.802628,1735.127319,-0.9037501837,0.2353307498,-0.3575682365,,,,
13121,0.0,608.158691,-132.940033,1734.920532,-0.9034281252,0.2352468879,-0.3584362207,,,,
13122,0.0,608.562195,-133.009201,1734.676025,-0.9033388566,0.2345435388,-0.3591214815,,,,
13123,0.0,609.622803,-133.213028,1734.196167,-0.9030779333,0.234231403,-0.359980411,,,,
13124,0.0,609.949768,-133.2927325,1734.0913695,-0.9029794692,0.2338085654,-0.3605012803,,,,
13125,0.0,610.276733,-133.372437,1733.986572,-0.9028810052,0.2333857277,-0.3610221496,,,,
13126,0.0,611.398254,-133.574509,1733.435791,-0.9025297977,0.233165973,-0.3620408725,,,,
13127,0.0,612.047913,-133.731842,1733.211548,-0.9019561943,0.2330177842,-0.3635625611,,,,
13128,0.0,612.529236,-133.803864,1732.958252,-0.9014450969,0.2328857436,-0.364912274,,,,
13129,0.0,613.259705,-133.961731,1732.665771,-0.9004081779,0.2326178586,-0.3676330303,,,,
13130,0.0,614.026428,-134.153564,1732.373047,-0.8991861893,0.2323021614,-0.3708097933,,,,
13131,0.0,614.515137,-134.248795,1732.176636,-0.8982897067,0.2326821071,-0.3727393726,,,,
13132,0.0,615.28363,-134.454697,1731.942627,-0.8967978872,0.2333569503,-0.3758963731,,,,
13133,0.0,616.017578,-134.625671,1731.638062,-0.8957464238,0.2340601394,-0.377960574,,,,
13134,0.0,616.765625,-134.801392,1731.326782,-0.8946538604,0.233878258,-0.380651324,,,,
13135,0.0,617.551147,-134.977737,1731.005005,-0.8933003191,0.2344378238,-0.3834754839,,,,
13136,0.0,618.110596,-135.059875,1730.732666,-0.8926259353,0.2349183062,-0.3847496965,,,,
13137,0.0,618.891052,-135.257721,1730.40564,-0.8920823518,0.2350343783,-0.3859377134,,,,
13138,0.0,619.734863,-135.439972,1730.015137,-0.8916910007,0.2349312701,-0.38690368,,,,
13139,0.0,620.435913,-135.557739,1729.650024,-0.8914796907,0.235541691,-0.3870194735,,,,
13140,0.0,621.262329,-135.832108,1729.228149,-0.8914184043,0.2357736317,-0.3870194092,,,,
13141,0.0,622.148865,-136.052719,1728.682861,-0.8914184043,0.2357736317,-0.3870194092,,,,
13142,0.0,622.755249,-136.195114,1728.343018,-0.8914184043,0.2357736317,-0.3870194092,,,,
13143,0.0,623.722473,-136.43927,1727.771851,-0.8914184043,0.2357736317,-0.3870194092,,,,
13144,0.0,624.387573,-136.75975,1727.543945,-0.8914184043,0.2357736317,-0.3870194092,,,,
13145,0.0,624.744263,-137.00946,1727.601074,-0.8914184043,0.2357736317,-0.3870194092,,,,
13146,0.0,625.296448,-137.329453,1727.622192,-0.8914184043,0.2357736317,-0.3870194092,,,,
13147,0.0,625.681091,-137.556885,1727.740845,-0.8914184043,0.2357736317,-0.3870194092,,,,
13148,0.0,625.904785,-137.775955,1727.766724,-0.8914184043,0.2357736317,-0.3870194092,,,,
13149,0.0,626.034912,-137.975891,1727.844971,-0.8914184043,0.2357736317,-0.3870194092,,,,
13150,0.0,626.308105,-138.097244,1728.060181,-0.8914184043,0.2357736317,-0.3870194092,,,,
13151,0.0,626.741333,-138.208527,1728.480591,-0.8910834334,0.2356850344,-0.3878438852,,,,
13152,0.0,626.720947,-138.211609,1728.483643,-0.8910592772,0.2356786452,-0.387903262,,,,
13153,0.0,626.784058,-138.238052,1728.564453,-0.8907549832,0.2355981617,-0.3886503135,,,,
13154,0.0,626.735779,-138.228897,1728.565552,-0.8906993376,0.2355834439,-0.3887867422,,,,
13155,0.0,626.683655,-138.2155,1728.608276,-0.8906993376,0.2355834439,-0.3887867422,,,,
13156,0.0,626.566772,-138.18425,1728.676392,-0.8903699584,0.2354963255,-0.3895931439,,,,
13157,0.0,626.413147,-138.151535,1728.740723,-0.8903385728,0.2354880242,-0.3896698811,,,,
13158,0.0,626.236145,-138.120514,1728.789307,-0.8900451139,0.2354104065,-0.390386521,,,,
13159,0.0,625.802124,-138.038239,1728.878784,-0.8872585485,0.2378774773,-0.395204471,,,,
13160,0.0,625.683899,-138.0165635,1728.908142,-0.8862212358,0.2386206778,-0.397073008,,,,
13161,0.0,625.565674,-137.994888,1728.9375,-0.885183923,0.2393638782,-0.3989415449,,,,
13162,0.0,625.137756,-137.918747,1729.044556,-0.8804216952,0.2441708855,-0.4064950397,,,,
13163,0.0,624.993347,-137.918289,1729.072266,-0.8797187594,0.2446523406,-0.4077228265,,,,
13164,0.0,624.677551,-137.902771,1729.140259,-0.8780453218,0.2462801053,-0.4103443951,,,,
13165,0.0,624.52002,-137.732483,1729.205078,-0.8754833885,0.2501791011,-0.4134480062,,,,
13166,0.0,624.373108,-137.577408,1729.292358,-0.8715058501,0.2568342404,-0.4177484005,,,,
13167,0.0,624.27002,-137.393311,1729.4021,-0.8667730641,0.2640278906,-0.4230765042,,,,
13840,0.0,1661.16394,227.18811,1676.701294,-0.9300346957,-0.3493617917,0.1139377171,0.0209545117,189.6746481286,931.4137102839,3.0
13841,0.0,1661.137695,227.178299,1676.701294,-0.9300346957,-0.3493617917,0.1139377171,0.0209383751,189.6128720142,931.4652763201,3.0
13842,0.0,1661.096313,227.162704,1676.701294,-0.9300346957,-0.3493617917,0.1139377171,0.0209377335,189.5967963642,931.4004251988,3.0
13863,0.0,1600.269409,201.901871,1674.369995,-0.9153772402,-0.3931639117,0.0866409057,,,,
13864,0.0,1596.206665,200.189911,1674.330078,-0.9146039796,-0.3950824297,0.0860780707,,,,
13865,0.0,1592.608154,198.600632,1674.379639,-0.9138796245,-0.396868512,0.0855535865,,,,
13866,0.0,1588.591919,196.85817,1674.428345,-0.9130194882,-0.3989756836,0.0849341978,0.0318375141,213.5473550055,853.0886157516,3.0
13867,0.0,1586.08252,195.843903,1674.462036,-0.9124512164,-0.400359797,0.0845269812,0.0322077059,214.1116885587,850.4932137829,3.0
13868,0.0,1579.154419,192.985657,1674.595703,-0.9122235494,-0.4009125081,0.084364428,0.0324086726,213.0946370249,843.8678642028,3.0
13869,0.0,1579.287842,192.814194,1674.773926,-0.9122235494,-0.4009125081,0.084364428,0.0322796521,212.6691931587,843.8368213091,3.0
13870,0.0,1576.203613,191.410889,1675.128174,-0.9122235494,-0.4009125081,0.084364428,0.0322981074,211.8837571775,840.4840504763,3.0
13871,0.0,1573.11853,190.054932,1675.337646,-0.9122235494,-0.4009125081,0.084364428,0.032170096,210.6208612236,837.1078759107,3.0
13872,0.0,1569.954468,188.615189,1675.723999,-0.9122235494,-0.4009125081,0.084364428,0.0322231854,209.9560266954,833.7890563909,3.0
13873,0.0,1566.6698,187.098099,1676.143311,-0.9122235494,-0.4009125081,0.084364428,0.0321844711,208.9155629258,830.1477855367,3.0
13874,0.0,1563.497192,185.637146,1676.420898,-0.9122235494,-0.4009125081,0.084364428,0.032162155,208.0753648596,827.0912767893,3.0
13875,0.0,1557.646729,182.903061,1676.966431,-0.9122235494,-0.4009125081,0.084364428,0.0321536465,206.6627946184,821.5832727069,3.0
13876,0.0,1555.7397465,182.0070725,1677.0610355,-0.9122235494,-0.4009125081,0.084364428,0.0322694345,206.5705389377,819.7705378696,3.0
13877,0.0,1553.832764,181.111084,1677.15564,-0.9122235494,-0.4009125081,0.084364428,0.0323852226,206.478283257,817.9578030324,3.0
13940,0.0,1398.01416,16.797256,1674.894043,-0.9137543209,-0.3974112281,0.084364428,0.0243480229,162.4896708343,740.8643312603,3.0
13941,0.0,1397.903442,16.87858,1674.923096,-0.9137543209,-0.3974112281,0.084364428,0.0239392588,161.7860012406,743.8501354411,3.0
13942,0.0,1397.744019,16.805433,1675.036865,-0.9137543209,-0.3974112281,0.084364428,0.0236280845,161.3430860417,746.6236887256,3.0
13943,0.0,1397.55896,16.740852,1675.1604,-0.9137543209,-0.3974112281,0.084364428,0.0233429581,160.9638220263,749.3499246657,3.0
13944,0.0,1397.332642,16.591179,1675.305664,-0.9137543209,-0.3974112281,0.084364428,0.0230439068,160.6609471402,752.7205198967,3.0
13945,0.0,1394.895874,13.208288,1674.911987,-0.9145307984,-0.395809669,0.0834752934,0.0231974836,161.1963435298,752.7540580183,3.0
13946,0.0,1392.369263,10.819697,1673.999878,-0.9159170639,-0.3926052256,0.0834090457,0.0227572055,159.6880308041,752.8057001806,3.0
13947,0.0,1389.580078,9.199547,1673.281494,-0.9173839995,-0.3893317286,0.082628098,0.0220877423,157.347151768,752.8001756986,3.0
13948,0.0,1387.067261,7.644196,1673.062866,-0.9191663608,-0.3852974096,0.0817258055,0.0212945317,154.5643152833,752.9820276572,3.0
13949,0.0,1384.593262,5.619628,1673.251343,-0.9213496633,-0.3803936853,0.0800964551,0.0204395685,151.5339671204,753.3377829404,3.0
13950,0.0,1381.952026,3.364534,1673.412231,-0.9241931528,-0.3736934879,0.0788682033,0.0192846774,147.2889521866,753.6209316161,3.0
13951,0.0,1378.809204,0.711048,1673.610962,-0.9287931734,-0.3625753821,0.0766963709,0.0173234406,139.743455841,754.0297266241,3.0
13952,0.0,1376.106201,-1.431115,1673.69458,-0.9330717661,-0.3518351294,0.0747604246,0.0155018269,132.3221309823,754.4243424951,3.0
13953,0.0,1373.398438,-3.374092,1673.636841,-0.9377555934,-0.3397510961,0.0719974981,0.0135469471,123.8141195008,754.7624806583,3.0
13954,0.0,1368.309082,-7.405695,1673.416382,-0.9458390848,-0.3179055429,0.0657608655,0.0105907832,109.7005975613,755.7582426587,3.0
13955,0.0,1365.901245,-9.490894,1673.305542,-0.950111756,-0.3053370268,0.0636942011,0.0090806716,101.6805024615,756.2264574583,3.0
13956,0.0,1364.4021605,-10.881439,1673.277832,-0.9535252824,-0.2947164544,0.0616701034,0.0079477153,94.9431046446,756.5275877228,3.0
13957,0.0,1360.477539,-14.486505,1673.22229,-0.9647271216,-0.2570502317,0.05680457,0.004405787,70.9917104326,757.1113762258,3.0
13958,0.0,1358.224365,-16.752142,1673.270752,-0.9745012693,-0.2177419278,0.0541823684,0.002076364,48.7797235038,757.3526450381,3.0
13959,0.0,1356.829773,-18.2117035,1673.3252565,-0.9794089974,-0.1931931284,0.05297397,0.0016891944,43.7142145389,757.4865845437,3.0
13960,0.0,1353.302124,-21.756739,1673.41272,-0.9912752738,-0.1215803933,0.0509071651,0.0026820029,55.3821946639,756.6881534866,3.0
13961,0.0,1351.222046,-23.919155,1673.582642,-0.9960551577,-0.0727624325,0.0507912509,0.0061572489,83.7836924676,756.1721705251,3.0
13962,0.0,1348.372681,-26.898003,1673.728149,-0.9984804738,-0.0234159393,0.0498842376,0.0117452386,115.4089392443,755.2183126045,3.0
13963,0.0,1346.076782,-29.154278,1673.772339,-0.9985986248,0.0200619791,0.0489724765,0.0184485065,144.2147498809,754.2692325662,3.0
13964,0.0,1343.740723,-31.464743,1673.767578,-0.9971745074,0.0577429707,0.048049465,0.0255157773,169.0322961407,753.0753897721,3.0
13965,0.0,1341.404175,-33.747894,1673.743774,-0.9946736342,0.0920676805,0.0463454815,0.0330089619,191.5528972418,751.7468232807,3.0
13966,0.0,1338.935913,-36.176746,1673.613892,-0.9920440624,0.1174959847,0.0452025651,0.0389974216,207.5681301198,750.5915031142,3.0
13967,0.0,1336.603027,-38.393581,1673.571777,-0.990062595,0.1337083535,0.0435675829,0.0429311365,217.2662178616,749.5540548112,3.0
13968,0.0,1333.534058,-41.348183,1673.375244,-0.9882496843,0.1469133567,0.0421785147,0.0458179008,223.6485881407,747.4223006686,3.0
13969,0.0,1331.15271,-43.516163,1673.234009,-0.9868305009,0.1566318616,0.0403982974,0.0480006155,227.8223514409,744.2744129773,3.0
13970,0.0,1328.547363,-45.839043,1673.082275,-0.9857355768,0.1636353875,0.0393552115,0.0496057527,230.5359230093,741.1589934423,3.0
13971,0.0,1325.996826,-47.969109,1673.030518,-0.9843560593,0.1719539431,0.0384055983,0.0518558955,234.7693536525,738.6382534191,3.0
13972,0.0,1323.938599,-49.644764,1672.984985,-0.9829338761,0.1800662407,0.0376449758,0.054291635,239.4675414004,736.7859267884,3.0
13973,0.0,1321.026489,-51.927391,1672.991577,-0.979895725,0.1962753346,0.0357821339,0.0594622078,249.4204367865,734.2610106955,3.0
13974,0.0,1318.354126,-53.915413,1672.983887,-0.9754825027,0.2173320113,0.0346508854,0.0663814617,262.2635605759,732.0304505854,3.0
13975,0.0,1315.757324,-55.69511,1673.118164,-0.9702642131,0.2396877226,0.033721692,0.0742513322,276.0395995206,729.9942859451,3.0
13976,0.0,1313.19043,-57.26577,1673.34082,-0.9630033904,0.2674846117,0.0328093377,0.0848578736,293.3694024648,727.7265823564,3.0
13977,0.0,1309.915771,-59.22543,1673.63147,-0.9535714709,0.2993981556,0.0325913231,0.0977754993,312.5849867623,724.8067157382,3.0
13978,0.0,1307.502319,-60.768017,1673.732788,-0.9449610518,0.3256357516,0.031779991,0.1090288234,328.0049519425,722.382610949,3.0
13979,0.0,1305.098022,-62.025181,1674.12561,-0.9360551632,0.350490494,0.0309377605,0.1204870815,342.569739223,719.8733516515,3.0
13980,0.0,1301.808105,-64.002853,1674.412231,-0.9278687566,0.3716431453,0.0306747945,0.1303781366,353.838685354,716.6812440608,3.0
13981,0.0,1298.963989,-65.746155,1674.564453,-0.9204481809,0.3896590846,0.0306748119,0.1391442265,363.3113903924,713.9866003248,3.0
13982,0.0,1296.346069,-67.306267,1674.536621,-0.9153954074,0.4014411567,0.0299373652,0.1450542993,369.1064379632,711.5750580982,3.0
13983,0.0,1293.366699,-69.025368,1674.424805,-0.9114472617,0.4103423187,0.0297165049,0.149476928,372.8906664849,709.0015409048,3.0
13984,0.0,1289.862183,-70.939072,1674.263672,-0.9072336896,0.419575931,0.0297165049,,,,
13985,0.0,1287.102295,-72.38829,1674.082031,-0.9056457925,0.4229924679,0.0297165049,,,,
13986,0.0,1284.427734,-73.702507,1673.845581,-0.9032881147,0.4280041019,0.0297165049,,,,
13987,0.0,1280.649658,-75.43103,1673.280884,-0.9005058693,0.4338272799,0.0297165049,,,,
13988,0.0,1277.929688,-76.673393,1673.063965,-0.8978499333,0.4392976515,0.0297165049,,,,
13989,0.0,1275.133179,-77.895027,1672.821655,-0.8954660283,0.4441368274,0.0297165049,,,,
13990,0.0,1272.392578,-79.048737,1672.533813,-0.8930628509,0.4489495223,0.0297165049,,,,
13991,0.0,1268.831177,-80.55323,1672.319092,-0.8907756328,0.4534707281,0.0297165049,,,,
13992,0.0,1266.168579,-81.674744,1672.265991,-0.890316267,0.4543719556,0.0297165049,,,,
13993,0.0,1260.255615,-84.088371,1672.313721,-0.8897936605,0.4553945225,0.0297165049,,,,
13994,0.0,1258.475891,-84.8119125,1672.4151,-0.8897936605,0.4553945225,0.0297165049,,,,
13995,0.0,1254.000977,-86.595932,1672.588135,-0.8924327849,0.4501516516,0.0304502057,,,,
13996,0.0,1252.1254885,-87.3910255,1672.758667,-0.8978128182,0.4391128908,0.030998595,,,,
13997,0.0,1247.26355,-89.491379,1673.210327,-0.9206580305,0.3890862881,0.0316330733,0.1303756035,331.1073107617,670.6461269767,3.0
13998,0.0,1243.455566,-91.240707,1673.596313,-0.9470825378,0.319427637,0.0316330733,0.0975294816,287.7999724324,668.1343840347,3.0
13999,0.0,1240.397217,-92.672447,1673.784668,-0.9712372713,0.236101495,0.0308908859,0.0659881962,237.9372262051,666.0390698777,3.0
14000,0.0,1236.236328,-95.631073,1674.160522,-0.9938253194,0.1066315641,0.0306748119,0.0311798526,163.963129605,661.768586896,3.0
14001,0.0,1233.020386,-98.08387,1674.357544,-0.9994294399,0.0064071989,0.0331623652,0.0159636357,117.1856893126,658.4667677677,3.0
14002,0.0,1229.840576,-100.844368,1674.488403,-0.9939150311,-0.1043742329,0.0351984449,0.0118593121,100.6447513109,655.4473709141,3.0
14003,0.0,1226.805298,-103.987854,1674.49585,-0.971621712,-0.2334540292,0.0380849717,0.0237044882,141.2598125042,652.6455655359,3.0
14004,0.0,1224.161987,-106.465012,1674.535522,-0.951461483,-0.3052713005,0.0391213431,0.0390204197,179.9306398966,650.4630345069,3.0
14005,0.0,1221.266846,-109.554352,1674.698486,-0.9104617895,-0.4114005288,0.0425315744,0.0729573656,243.0216503386,648.1338922615,3.0
14006,0.0,1218.798706,-112.415512,1674.769043,-0.8685769631,-0.4934694769,0.0454085292,0.1102449894,294.9367411285,646.1698564229,3.0
14007,0.0,1216.641968,-115.602425,1674.834106,-0.8181771392,-0.5728850327,0.0488764589,,,,
14008,0.0,1214.203491,-119.138474,1675.000366,-0.749844244,-0.6594024611,0.0540555643,,,,
14009,0.0,1212.003662,-121.549217,1675.114014,-0.7082150959,-0.7036350505,0.0576982985,,,,
14010,0.0,1209.393799,-124.572868,1675.369507,-0.647637431,-0.7594139579,0.0620982967,,,,
14011,0.0,1207.275146,-126.605675,1675.656372,-0.620102322,-0.7818547572,0.0646239035,,,,
14012,0.0,1204.902344,-128.869614,1675.926392,-0.5888300237,-0.8054437655,0.0673761372,,,,
14013,0.0,1201.971558,-131.73056,1676.389771,-0.5472032301,-0.8339175112,0.0717649601,,,,
14014,0.0,1199.675537,-133.875168,1676.740723,-0.5253982222,-0.8476710613,0.073555965,,,,
14015,0.0,1197.445435,-136.028854,1676.938721,-0.508696499,-0.8575842203,0.0760077427,,,,
14016,0.0,1194.355103,-138.881485,1677.213257,-0.4966688889,-0.8644595914,0.0776506897,,,,
14017,0.0,1192.127808,-141.055252,1677.385498,-0.4936087893,-0.8662083504,0.0776753289,,,,
14018,0.0,1189.87085,-143.42218,1677.50708,-0.4924941715,-0.8668425676,0.0776753115,,,,
14019,0.0,1187.587402,-145.807053,1677.657104,-0.4923235638,-0.8669394741,0.0776753289,,,,
14020,0.0,1184.917847,-148.860779,1677.755005,-0.4923235638,-0.8669394741,0.0776753289,,,,
14021,0.0,1182.897461,-151.393036,1677.763794,-0.4923235638,-0.8669394741,0.0776753289,,,,
14022,0.0,1180.904053,-153.870178,1677.718506,-0.4923235638,-0.8669394741,0.0776753289,,,,
14023,0.0,1178.466797,-157.178375,1677.482666,-0.4923235638,-0.8669394741,0.0776753289,,,,
14024,0.0,1176.748169,-159.599182,1677.387695,-0.4910054386,-0.8676200303,0.0784164669,,,,
14025,0.0,1174.490845,-162.911179,1676.991455,-0.4844401651,-0.8711235042,0.0803838712,,,,
14026,0.0,1172.920044,-165.317612,1676.716553,-0.4721092335,-0.8777228582,0.0819478843,,,,
14027,0.0,1170.859009,-168.626022,1676.325562,-0.444999729,-0.8915022538,0.0848467595,,,,
14028,0.0,1169.180176,-171.462662,1676.197998,-0.4103911514,-0.9078413555,0.0860417112,,,,
14029,0.0,1167.124634,-175.261124,1675.823608,-0.3407284766,-0.936278023,0.0853672586,,,,
14030,0.0,1166.230591,-178.162842,1675.815674,-0.2596663583,-0.9621519804,0.0826858447,,,,
14031,0.0,1165.350342,-180.693008,1675.876343,-0.1897473552,-0.978364626,0.0824536215,,,,
14032,0.0,1164.608887,-183.611923,1675.63269,-0.0917137313,-0.9923658558,0.0824536215,,,,
14033,0.0,1164.176147,-185.867905,1675.32605,-0.0108456037,-0.9964620678,0.0833409887,,,,
14034,0.0,1163.910034,-187.947586,1675.312134,0.0777225498,-0.9934798103,0.0834090631,,,,
14035,0.0,1163.86145,-189.778061,1675.468994,0.1534569236,-0.9846288137,0.0834090631,,,,
14036,0.0,1163.79895,-191.813263,1675.440918,0.2150241217,-0.9732481626,0.0809483849,,,,
14037,0.0,1164.343506,-195.193237,1673.359741,0.2804610899,-0.9573313726,0.0697009333,,,,
14038,0.0,1164.8309325,-195.7503205,1672.458923,0.2933967219,-0.9537574256,0.0636247873,,,,
14039,0.0,1165.936279,-196.829025,1670.536621,0.3139516309,-0.9482238172,0.0480204737,,,,
14040,0.0,1166.308105,-196.683258,1668.93103,0.3155661504,-0.9480408843,0.0404535094,,,,
14041,0.0,1167.015381,-197.026672,1669.041016,0.3134665053,-0.949016234,0.0332706729,,,,
14042,0.0,1167.670166,-197.450562,1667.851562,0.309612295,-0.9504257458,0.0288292981,,,,
14043,0.0,1168.449463,-197.572372,1665.713989,0.3051729162,-0.9519674789,0.0250481606,,,,
14044,0.0,1169.107056,-197.574936,1663.456421,0.303391064,-0.9525835528,0.0232042512,,,,
14045,0.0,1169.776733,-197.624191,1662.284546,0.3025104389,-0.9529359587,0.0200123196,,,,
14046,0.0,1170.698975,-197.67865,1659.951904,0.3023347986,-0.9530748491,0.0155563997,,,,
14047,0.0,1171.572998,-198.146652,1657.801392,0.3031125572,-0.9528871555,0.0113510635,,,,
14048,0.0,1172.868286,-199.211151,1658.899536,0.3058830738,-0.9520502358,0.0059911384,,,,
14049,0.0,1173.744629,-199.370529,1658.891602,0.3092274627,-0.950985113,0.002385601,,,,
14050,0.0,1174.78064,-199.477386,1659.015503,0.3123741628,-0.9499573018,-0.0018727197,,,,
14051,0.0,1175.600952,-199.466446,1659.136963,0.313223975,-0.9496685868,-0.0045074197,,,,
14052,0.0,1176.384521,-199.3918,1659.148315,0.3125850698,-0.9498633634,-0.0070827312,,,,
14053,0.0,1177.386353,-199.375107,1659.268311,0.3098946396,-0.9507151558,-0.0102958644,,,,
14054,0.0,1178.299683,-199.661453,1659.075562,0.3034058355,-0.9527611615,-0.013822742,,,,
14055,0.0,1179.187134,-199.563141,1658.947388,0.2889787061,-0.9571273515,-0.0199634776,,,,
14056,0.0,1179.801636,-199.385544,1658.832031,0.2649868388,-0.9639183178,-0.0253663551,,,,
14057,0.0,1180.472168,-199.194397,1658.687744,0.2440806364,-0.9693262032,-0.0288332234,,,,
14058,0.0,1181.707275,-198.847717,1658.546509,0.2049163195,-0.9782371924,-0.0325775597,,,,
14059,0.0,1182.856445,-198.810913,1658.241577,0.1745080165,-0.9840612153,-0.0342122302,,,,
14060,0.0,1184.088989,-198.499664,1658.081665,0.1329479879,-0.9904536306,-0.0364202987,,,,
14061,0.0,1185.14563,-198.193924,1657.950317,0.1097690831,-0.9932895038,-0.0364240312,,,,
14062,0.0,1186.224976,-197.919632,1657.84082,0.0959160759,-0.9946924178,-0.0372437967,,,,
14063,0.0,1187.456543,-197.575211,1657.842651,0.0875342398,-0.9954598539,-0.0373822968,,,,
14064,0.0,1188.740723,-197.464844,1657.729492,0.0863162883,-0.9955662018,-0.0373822968,,,,
14065,0.0,1189.729858,-197.21727,1657.717773,0.0862146048,-0.9955750212,-0.0373820701,,,,
14066,0.0,1190.741943,-196.995911,1657.738159,0.0862146048,-0.9955750212,-0.0373820701,,,,
14067,0.0,1191.68689,-196.78389,1657.754883,0.0845142836,-0.9957207941,-0.0373822968,,,,
14068,0.0,1192.470215,-196.635635,1657.855591,0.0752672505,-0.9964624453,-0.0373822968,,,,
14069,0.0,1193.272217,-196.463196,1657.851074,0.06188015,-0.9973550275,-0.0381286779,,,,
14070,0.0,1194.440308,-196.506393,1657.777588,0.0466331372,-0.9981474003,-0.0390783536,,,,
14071,0.0,1195.304565,-196.4151,1657.879028,0.0321448299,-0.9986273915,-0.0413526655,,,,
14072,0.0,1196.439209,-196.344467,1658.016846,0.0125401273,-0.9988636147,-0.0459806956,,,,
14073,0.0,1197.278198,-196.246414,1658.147339,0.0012944257,-0.9987622723,-0.0497217051,,,,
14074,0.0,1198.179565,-196.16806,1658.327148,-0.0046684687,-0.9985016086,-0.0545228668,,,,
14075,0.0,1199.017212,-196.157303,1658.686401,-0.0084190983,-0.9982127803,-0.0591638738,,,,
14076,0.0,1200.912964,-196.291687,1658.705811,-0.0173470151,-0.9974632785,-0.0690368682,,,,
14077,0.0,1201.284729,-196.278595,1658.7208865,-0.0230720055,-0.9970252356,-0.0731988564,,,,
14078,0.0,1201.656494,-196.265503,1658.735962,-0.0287969958,-0.9965871927,-0.0773608447,,,,
14079,0.0,1202.454468,-196.173691,1658.643555,-0.0445404619,-0.9953703592,-0.0851703895,,,,
14080,0.0,1203.226807,-196.048569,1658.564209,-0.0612093668,-0.9938578147,-0.0921957566,,,,
14081,0.0,1204.06665,-195.843964,1658.493896,-0.0845379751,-0.9912460906,-0.1014126162,,,,
14082,0.0,1205.119629,-195.894547,1658.225464,-0.0959642375,-0.9898059069,-0.1052384525,,,,
14083,0.0,1206.110229,-195.794022,1658.077759,-0.1028487345,-0.9888994574,-0.1072380572,,,,
14084,0.0,1207.78186,-195.606354,1657.742432,-0.1128909577,-0.9876962114,-0.1082211882,,,,
14085,0.0,1209.039062,-195.564072,1657.723511,-0.1195996904,-0.9869893308,-0.1074615045,,,,
14086,0.0,1210.379639,-195.687576,1657.586182,-0.1270830056,-0.9860748033,-0.1072678517,,,,
14087,0.0,1211.578491,-195.715637,1657.697144,-0.1311469577,-0.9856400143,-0.1063684058,,,,
14088,0.0,1212.079956,-196.049896,1658.210693,-0.1352734208,-0.9851585831,-0.1056582591,,,,
14089,0.0,1212.723999,-196.238953,1659.703369,-0.141484867,-0.9843970992,-0.1046154075,,,,
14110,0.0,1212.951538,-194.990692,1662.209595,-0.2269348972,-0.9731593273,-0.0382292577,,,,
14111,0.0,1212.843994,-194.963348,1662.18103,-0.2297752791,-0.9726232695,-0.0347461753,,,,
14112,0.0,1212.753784,-194.878403,1662.168579,-0.2319096304,-0.9722067159,-0.0321251455,,,,
14113,0.0,1212.607056,-194.665268,1662.167847,-0.2356386672,-0.9714504728,-0.0275390178,,,,
14114,0.0,1212.510376,-194.53064,1662.175049,-0.238270991,-0.9708947619,-0.0242960131,,,,
14115,0.0,1212.733398,-195.32077,1662.10083,-0.2370187565,-0.9712284579,-0.0231817076,,,,
14116,0.0,1212.66272,-195.261475,1662.102539,-0.2360318977,-0.9715190435,-0.0209688209,,,,
14117,0.0,1212.608154,-195.203857,1662.089233,-0.2334795242,-0.9721883112,-0.0183629906,,,,
14118,0.0,1212.569702,-195.034683,1662.092285,-0.2260452449,-0.9740434524,-0.0119540862,,,,
14119,0.0,1212.575195,-194.980988,1662.08667,-0.2190208096,-0.9756891068,-0.0077879295,,,,
14128,0.0,1213.404663,-195.646042,1662.195923,-0.1672227649,-0.985758621,-0.0177901101,,,,
14129,0.0,1213.40564,-195.418945,1662.217407,-0.1654682013,-0.9858906,-0.0252982045,,,,
14130,0.0,1213.396118,-195.241211,1662.227173,-0.1645442228,-0.9859363265,-0.0292362594,,,,
14131,0.0,1213.733032,-195.814285,1662.190063,-0.1633076019,-0.985972227,-0.0344876028,,,,
14132,0.0,1213.628296,-195.892517,1661.951538,-0.1695514952,-0.9849414068,-0.0338040769,,,,
14133,0.0,1213.562988,-195.934906,1661.764282,-0.1748684749,-0.984040587,-0.0329414575,,,,
14134,0.0,1213.651123,-195.935089,1661.649536,-0.1782775021,-0.9834403488,-0.0325916022,,,,
14135,0.0,1213.756714,-195.975998,1661.576294,-0.1785132155,-0.9833975989,-0.0325913231,,,,
14136,0.0,1213.947632,-195.922028,1661.547241,-0.1785132155,-0.9833975989,-0.0325913231,,,,
14137,0.0,1214.344849,-196.706879,1661.283325,-0.1785132155,-0.9833975989,-0.0325913231,,,,
14138,0.0,1214.609619,-196.71817,1661.310913,-0.1785132155,-0.9833975989,-0.0325913231,,,,
14139,0.0,1214.781494,-196.732468,1661.244751,-0.1785132155,-0.9833975989,-0.0325913231,,,,
14140,0.0,1214.983643,-196.672699,1661.19873,-0.1777561639,-0.9835347146,-0.0325915847,,,,
14141,0.0,1215.171509,-196.546982,1661.296021,-0.1761993042,-0.9837915769,-0.0332857093,,,,
14142,0.0,1215.423218,-196.004074,1661.089111,-0.1740499022,-0.9841462459,-0.0340998268,,,,
14143,0.0,1215.917969,-196.224747,1660.736694,-0.1718432347,-0.9844871775,-0.0354245683,,,,
14144,0.0,1215.953369,-196.079666,1660.668945,-0.1725208699,-0.9843427687,-0.0361367299,,,,
14145,0.0,1216.083862,-195.795715,1660.478638,-0.1760595009,-0.9837054143,-0.0364240312,,,,
14146,0.0,1216.295898,-195.492645,1660.364624,-0.1845794202,-0.9822379823,-0.0337488338,,,,
14147,0.0,1216.347534,-195.380264,1660.307129,-0.1925875698,-0.9808093437,-0.0303818903,,,,
14148,0.0,1216.503174,-195.194397,1660.286377,-0.2046475907,-0.9786095192,-0.0210421609,,,,
14149,0.0,1216.096436,-196.724289,1660.847046,-0.223184521,-0.9747699122,0.0035053994,,,,
14150,0.0,1216.161865,-196.600784,1660.475098,-0.2568996415,-0.9653941859,0.0449070148,,,,
14151,0.0,1216.102783,-196.389526,1660.242798,-0.2813653612,-0.9574813907,0.0637410377,,,,
14152,0.0,1216.251587,-196.073883,1659.698975,-0.3656442096,-0.9242978785,0.1094428792,,,,
14153,0.0,1216.428589,-196.274124,1659.688354,-0.43293294,-0.8928805928,0.1238277696,,,,
14154,0.0,1216.621704,-196.377899,1659.698608,-0.5136420579,-0.8480933786,0.1300363699,,,,
14319,0.0,1057.166504,-1340.769409,1665.549438,1.0,0.0,0.0,,,,
14320,0.0,1055.776245,-1340.769409,1667.056885,1.0,0.0,0.0,,,,
14321,0.0,1055.582031,-1339.714478,1668.379761,0.7942039761,-0.6059524666,0.0454054257,,,,
14322,0.0,1052.857056,-1342.790527,1669.828491,0.1958602119,-0.9740919552,0.1130647613,,,,
14323,0.0,1049.1604,-1344.407715,1671.140259,-0.437466599,-0.8844218279,0.1625453942,,,,
14324,0.0,1048.399048,-1345.553955,1672.586182,-0.5311125237,-0.8306162141,0.1673206265,,,,
14325,0.0,1054.346924,-1344.26416,1674.04895,0.9648068555,-0.2625244254,0.0151214275,,,,
14326,0.0,1055.404419,-1342.79834,1675.422119,0.9999995404,0.0009587441,0.0,,,,
14327,0.0,1055.993408,-1343.517578,1675.917847,0.9999995404,0.0009587441,0.0,,,,
14328,0.0,1058.650513,-1343.802002,1675.002197,0.9999995404,0.0009587441,0.0,,,,
14329,0.0,1059.921143,-1344.042603,1674.660889,0.9999995404,0.0009587441,0.0,,,,
14330,0.0,1061.384277,-1344.289551,1674.586548,0.9999995404,0.0009587441,0.0,,,,
14331,0.0,1062.716553,-1344.476807,1674.605103,0.9999995404,0.0009587441,0.0,,,,
14332,0.0,1064.456055,-1344.657471,1674.557495,0.9999937837,0.0035259767,0.0,,,,
14954,0.0,960.809753,86.312706,1677.729492,-0.106067524,0.982222716,0.1548812981,,,,
14955,0.0,960.804901,86.357853,1670.926941,-0.106067524,0.982222716,0.1548812981,,,,
14956,0.0,960.800049,86.403,1664.12439,-0.106067524,0.982222716,0.1548812981,,,,
14957,0.0,960.788147,86.513741,1666.818848,-0.106067524,0.982222716,0.1548812981,,,,
14958,0.0,960.77832,86.604393,1668.332153,-0.106067524,0.982222716,0.1548812981,,,,
14959,0.0,960.461731,88.468849,1669.130066,-0.1069188948,0.9821300321,0.1548812981,,,,
14960,0.0,960.145142,90.333305,1669.927979,-0.1077702657,0.9820373482,0.1548812981,,,,
14961,0.0,959.154724,95.776245,1672.44104,-0.110193415,0.9817684018,0.1548812981,,,,
14962,0.0,958.44043,100.156509,1674.121948,-0.1116091208,0.9816084669,0.1548813154,,,,
14963,0.0,958.114197,102.1996265,1674.2271725,-0.1125924624,0.9814956654,0.1548812982,,,,
14964,0.0,957.353149,107.020744,1674.344727,-0.114320238,0.9812964214,0.1548812981,,,,
14965,0.0,956.708069,111.236816,1674.342041,-0.1161810013,0.9810778582,0.1548812809,,,,
14966,0.0,956.210876,114.509354,1674.475952,-0.1178270111,0.9808815288,0.1548813154,,,,
14967,0.0,955.516907,119.015182,1674.660767,-0.1219807174,0.9803736444,0.1548813154,,,,
14968,0.0,955.08197,121.826385,1674.829468,-0.1249906375,0.9799944537,0.1548812809,,,,
14969,0.0,954.559326,125.234055,1675.014404,-0.1285719801,0.9795310225,0.1548813154,,,,
14970,0.0,953.995605,128.839874,1675.203491,-0.133823531,0.9788273777,0.1548813326,,,,
14971,0.0,953.427368,132.408386,1675.327148,-0.1402356322,0.977929318,0.1548812981,,,,
14972,0.0,953.679993,130.473297,1676.701294,-0.1475564501,0.9768515098,0.1548813154,,,,
14973,0.0,953.18219,133.738174,1676.701294,-0.1550408647,0.9755892029,0.1555250381,,,,
14974,0.0,952.447388,138.399857,1676.701294,-0.1695666728,0.9729728508,0.1567513163,,,,
14975,0.0,951.944702,141.494125,1676.701294,-0.1799773929,0.9710971265,0.1567753453,,,,
14976,0.0,951.405457,144.695175,1676.701294,-0.1926929617,0.9684317078,0.1581437633,,,,
14977,0.0,950.614868,149.190186,1676.701294,-0.2119531488,0.9641625512,0.1595820715,,,,
14978,0.0,950.09668,151.956451,1676.701294,-0.2266361292,0.960581562,0.1609941855,,,,
14979,0.0,949.192749,156.495255,1676.701294,-0.2543314596,0.9532191956,0.1633666849,,,,
14980,0.0,948.596497,159.308167,1676.701294,-0.2719886987,0.9479513239,0.1655609718,,,,
14981,0.0,947.866516,162.542709,1676.701294,-0.2952260469,0.9406336251,0.1674812367,,,,
14982,0.0,946.715332,167.216522,1676.701294,-0.3333413479,0.9270315621,0.1717440791,,,,
14983,0.0,945.79541,170.533997,1676.701294,-0.3678833412,0.9133706182,0.1744017235,,,,
14984,0.0,944.894653,173.540329,1676.701172,-0.4010599449,0.8986970053,0.1774672173,,,,
14985,0.0,943.52124,177.811523,1676.701294,-0.445764525,0.8766303526,0.1811441776,,,,
14986,0.0,942.509644,180.505127,1676.701172,-0.4861131033,0.8543131909,0.1839647319,,,,
14987,0.0,940.82074,184.662415,1676.701294,-0.5457559891,0.8168578494,0.1867984321,,,,
14988,0.0,939.576233,187.398987,1676.701172,-0.5880431396,0.7864456637,0.1889668861,,,,
14989,0.0,937.649353,191.3517,1676.701294,-0.6422171036,0.7424348021,0.1906508759,,,,
14990,0.0,936.143677,194.050964,1676.701172,-0.6854506471,0.7023208531,0.1921010923,,,,
14991,0.0,934.349915,196.944748,1676.701172,-0.7344767999,0.6501882891,0.1944196986,,,,
14992,0.0,931.83136,200.587158,1676.701172,-0.7930397546,0.5764233426,0.1970382646,,,,
14993,0.0,930.047119,202.944061,1676.701294,-0.8269767821,0.5264634102,0.1973465975,,,,
14994,0.0,925.220276,208.381866,1676.701538,-0.9019024714,0.3880681735,0.1896708327,,,,
14995,0.0,923.798065,209.806793,1676.701416,-0.9158997182,0.352367857,0.1883946261,,,,
14996,0.0,920.30304,213.177383,1676.701294,-0.9426991925,0.275863812,0.1876629681,,,,
14997,0.0,918.856415,214.473724,1676.701294,-0.9479260079,0.2554629392,0.1890227657,,,,
14998,0.0,915.407837,217.553116,1676.701294,-0.9541077057,0.2308418779,0.1907629769,,,,
14999,0.0,912.33429,220.078049,1676.701294,-0.9541077057,0.2308418779,0.1907629769,,,,
15178,0.0,98.909515,-130.332153,1680.157349,-0.865993445,0.5000553501,0.0,,,,
15179,0.0,98.755577,-130.243256,1680.157349,-0.865993445,0.5000553501,0.0,,,,
15180,0.0,98.656265,-130.185913,1680.157349,-0.865993445,0.5000553501,0.0,,,,
15181,0.0,98.463188,-130.556381,1680.164917,-0.8879822358,0.4598563012,-0.0044419705,,,,
15182,0.0,98.961357,-133.762177,1680.241821,-0.9951017456,0.0878655801,-0.0453007265,,,,
15183,0.0,102.238136,-135.027573,1680.195801,-0.8961802173,-0.4318651005,-0.1017524103,,,,
15184,0.0,101.754356,-135.299988,1680.22229,-0.8835774053,-0.4564975396,-0.1044076877,,,,
15185,0.0,96.597961,-133.111679,1680.308594,-0.9669735824,0.2534247497,-0.0271659188,,,,
15186,0.0,95.53643,-130.823074,1680.335815,-0.865993445,0.5000553501,0.0,,,,
15187,0.0,94.564407,-130.712692,1680.396729,-0.865993445,0.5000553501,0.0,,,,
15188,0.0,93.040909,-130.399292,1680.491699,-0.865993445,0.5000553501,0.0,,,,
15189,0.0,91.716537,-130.028275,1680.573975,-0.865993445,0.5000553501,0.0,,,,
15190,0.0,90.282585,-129.563721,1680.662964,-0.865993445,0.5000553501,0.0,,,,
15191,0.0,88.848541,-129.051331,1680.751953,-0.865993445,0.5000553501,0.0,,,,
15192,0.0,86.514877,-128.139633,1680.896362,-0.865993445,0.5000553501,0.0,,,,
15193,0.0,84.862106,-127.448151,1680.998779,-0.865993445,0.5000553501,0.0,,,,
15194,0.0,83.176781,-126.715805,1681.103027,-0.865993445,0.5000553501,0.0,,,,
15195,0.0,80.608986,-125.553177,1681.261841,-0.865993445,0.5000553501,0.0,,,,
15196,0.0,78.87088,-124.741341,1681.369385,-0.865993445,0.5000553501,0.0,,,,
15197,0.0,75.999359,-123.362167,1681.546021,-0.865993445,0.5000553501,0.0,,,,
15198,0.0,73.959579,-122.356728,1681.669678,-0.865993445,0.5000553501,0.0,,,,
15199,0.0,71.76635,-121.258995,1681.802368,-0.865993445,0.5000553501,0.0,,,,
15200,0.0,69.24939,-119.979836,1681.955078,-0.865993445,0.5000553501,0.0,,,,
15201,0.0,66.043457,-118.325401,1682.149414,-0.865993445,0.5000553501,0.0,,,,
15202,0.0,63.591522,-117.043846,1682.297974,-0.865993445,0.5000553501,0.0,,,,
15203,0.0,60.497765,-115.410324,1682.485474,-0.865993445,0.5000553501,0.0,,,,
15204,0.0,55.372536,-112.667755,1682.685791,-0.865993445,0.5000553501,0.0,,,,
15205,0.0,53.8066485,-111.788967,1682.6870115,-0.8643504452,0.5028754739,0.0013987836,,,,
15206,0.0,49.942619,-109.507874,1682.688232,-0.8550542538,0.5184945797,0.0067523309,,,,
15207,0.0,47.27169,-107.841553,1682.687988,-0.8449539228,0.5347015349,0.0121300026,,,,
15208,0.0,44.19006,-105.764534,1682.685791,-0.8263394446,0.5629450395,0.0160001468,,,,
15209,0.0,41.703529,-103.866386,1682.683716,-0.8005479385,0.5990470591,0.0162978262,,,,
15210,0.0,38.80027,-101.597733,1682.681152,-0.7695090503,0.6384049443,0.0171740681,,,,
15211,0.0,36.588722,-99.827301,1682.67688,-0.7456618722,0.6659976145,0.0208698301,,,,
15212,0.0,33.652107,-97.406708,1682.651978,-0.7133994501,0.7001991049,0.0279720939,,,,
15213,0.0,30.868246,-95.236305,1682.620728,-0.6953435677,0.7179502923,0.0323218292,,,,
15214,0.0,28.597189,-93.396759,1682.592773,-0.6802884323,0.7320405684,0.0363903164,,,,
15215,0.0,25.656845,-91.073875,1682.702515,-0.669596763,0.7416951351,0.0390960552,,,,
15216,0.0,22.698143,-88.77108,1682.858154,-0.6666232432,0.7443074974,0.0402467517,,,,
15217,0.0,20.516312,-87.048782,1682.973511,-0.6666019854,0.7443260295,0.0402561165,,,,
15218,0.0,17.873392,-84.909058,1683.114502,-0.6666019854,0.7443260295,0.0402561165,,,,
15219,0.0,15.04104,-82.550072,1683.267578,-0.6666019854,0.7443260295,0.0402561165,,,,
15220,0.0,12.127655,-80.057945,1683.360229,-0.6666019854,0.7443260295,0.0402561165,,,,
15221,0.0,9.986307,-78.182953,1683.399536,-0.6666019854,0.7443260295,0.0402561165,,,,
15222,0.0,7.33069,-75.814331,1683.44458,-0.6666019854,0.7443260295,0.0402561165,,,,
15223,0.0,4.392396,-73.139938,1683.495605,-0.6666019854,0.7443260295,0.0402561165,,,,
15224,0.0,1.896248,-70.824249,1683.539185,-0.6666019854,0.7443260295,0.0402561165,,,,
15253,0.0,-55.666275,13.496389,1681.08667,-0.3013103488,0.9533458214,-0.018542345,,,,
15254,0.0,-58.035927,17.195583,1680.952759,-0.2837486315,0.9586674604,-0.0210574117,,,,
15255,0.0,-60.120937,20.462008,1680.834595,-0.2673624627,0.9633122814,-0.0233829419,,,,
15256,0.0,-62.209152,23.742281,1680.716553,-0.2498052791,0.9679509158,-0.0258524095,,,,
15257,0.0,-65.12561,29.309336,1680.247314,-0.2495818143,0.9679873761,-0.0266337685,,,,
15258,0.0,-64.172569,29.861095,1679.967896,-0.248799086,0.9681605798,-0.0276424764,,,,
15378,0.0,-115.104958,456.383148,1675.037476,-0.2328332441,0.9721192571,-0.0277998271,,,,
15379,0.0,-115.296265,456.420044,1674.926636,-0.2328332441,0.9721192571,-0.0277998271,,,,
15380,0.0,-115.516335,456.45401,1674.893188,-0.2328332441,0.9721192571,-0.0277998271,,,,
15381,0.0,-115.702797,456.480438,1674.891357,-0.2328332441,0.9721192571,-0.0277998271,,,,
15425,0.0,-110.661598,615.111755,1699.549194,-0.2616252593,0.9647962276,-0.0268414408,,,,
15426,0.0,-110.560089,615.150085,1699.367554,-0.2616252593,0.9647962276,-0.0268414408,,,,
15427,0.0,-110.485596,615.181763,1699.30603,-0.2616252593,0.9647962276,-0.0268414408,,,,
15428,0.0,-110.325546,615.211548,1699.270264,-0.2616252593,0.9647962276,-0.0268414408,,,,
15429,0.0,-110.232231,615.157349,1699.417603,-0.2616252593,0.9647962276,-0.0268414408,,,,
15430,0.0,-108.786407,616.859009,1700.790039,-0.2651967961,0.9638409321,-0.0261020469,,,,
15431,0.0,-107.262787,621.157471,1701.142944,-0.269939313,0.9625545864,-0.024928608,,,,
15432,0.0,-107.508453,624.332458,1700.559082,-0.2720399555,0.9619631043,-0.0249248567,,,,
15433,0.0,-105.913025,627.96698,1700.825317,-0.2745203295,0.9612819311,-0.0239924492,,,,
15434,0.0,-104.609375,630.463745,1701.373657,-0.2767252532,0.9606501727,-0.0239662245,,,,
15435,0.0,-103.117371,633.239441,1701.95874,-0.2785683039,0.9601173471,-0.0239662245,,,,
15436,0.0,-100.988022,637.169189,1702.703613,-0.2817477732,0.9592109976,-0.0230749744,,,,
15437,0.0,-99.379318,640.186707,1703.252197,-0.28360126,0.958666249,-0.0230075702,,,,
15438,0.0,-97.865845,642.909485,1703.724854,-0.2874364946,0.9575413216,-0.0222458767,,,,
15439,0.0,-96.196198,645.881836,1704.196045,-0.2918187485,0.9562514507,-0.0206150668,,,,
15452,0.0,-79.165787,682.727234,1710.10498,-0.3809537271,0.924535475,-0.0104121669,,,,
15453,0.0,-77.712021,686.907898,1710.767456,-0.3886996288,0.9213134655,-0.0097003529,,,,
15454,0.0,-76.406113,690.702026,1711.447266,-0.3958989385,0.9182496226,-0.0090366508,,,,
15455,0.0,-74.585701,696.011169,1712.420654,-0.4068337481,0.913466971,-0.0080246062,,,,
15456,0.0,-72.594215,703.474487,1714.028687,-0.4138599857,0.9103082381,-0.0076696695,,,,
15457,0.0,-74.062088,703.588867,1714.388916,-0.4176835107,0.9085655076,-0.007014508,,,,
15458,0.0,-74.334137,706.809021,1715.292114,-0.4213826128,0.9068581215,-0.0067112642,,,,
15459,0.0,-74.781296,710.044739,1716.014038,-0.4252153086,0.9050719315,-0.0060613692,,,,
15460,0.0,-75.299629,713.043213,1716.695923,-0.4279643379,0.9037773154,-0.0057523641,,,,
15461,0.0,-75.898293,716.143555,1717.405396,-0.4310523536,0.902312128,-0.0051664483,,,,
15462,0.0,-76.55883,719.217957,1718.08667,-0.4339175342,0.9009426526,-0.0042320617,,,,
15463,0.0,-76.9909935,721.4162295,1718.34729,-0.4361912545,0.8998413738,-0.0040335409,,,,
15464,0.0,-77.423157,723.614502,1718.60791,-0.4384649748,0.8987400951,-0.00383502,,,,
15465,0.0,-77.787621,726.634766,1718.897583,-0.4417229929,0.8971466559,-0.0029453959,,,,
15466,0.0,-78.418304,732.73468,1719.156006,-0.449188183,0.8934364912,-0.0011010756,,,,
15467,0.0,-78.512589,735.919189,1719.220947,-0.4526179553,0.8917045289,-0.0001404466,,,,
15468,0.0,-78.500725,738.971741,1719.353882,-0.4559145427,0.8900232099,0.0007845952,,,,
15469,0.0,-78.413582,742.054382,1719.554565,-0.4592163072,0.8883210524,0.0024679978,,,,
15470,0.0,-78.259842,745.113403,1719.827637,-0.4631292212,0.8862834753,0.0035952658,,,,
15471,0.0,-78.009399,748.333984,1720.344971,-0.4673956839,0.8840364725,0.0045596045,,,,
15472,0.0,-77.675659,751.674255,1720.958374,-0.4710922311,0.882066509,0.005548286,,,,
15473,0.0,-77.323624,754.796753,1721.581177,-0.4755593617,0.8796598974,0.0064620715,,,,
15474,0.0,-76.92131,758.322937,1722.329834,-0.4802159964,0.8771184343,0.0074732209,,,,
15475,0.0,-76.54274,761.551331,1723.017944,-0.4842150546,0.8749088177,0.0083869941,,,,
15476,0.0,-76.08828,765.178162,1723.79895,-0.4892696347,0.8720819948,0.0093924909,,,,
15477,0.0,-75.627258,768.624451,1724.523926,-0.4942384113,0.8692735345,0.009587226,,,,
15478,0.0,-75.089767,772.300903,1725.300659,-0.4991544414,0.8664422724,0.0110739401,,,,
15479,0.0,-74.630302,776.333069,1726.352417,-0.5041721002,0.8635162138,0.0122573149,,,,
15480,0.0,-74.534653,779.673279,1726.998291,-0.508738032,0.8608212486,0.0131298394,,,,
15481,0.0,-74.488029,783.018311,1727.516235,-0.5137997591,0.8577957399,0.0140098581,,,,
15482,0.0,-74.36731,786.510437,1727.934326,-0.518891438,0.8547095763,0.014940405,,,,
15483,0.0,-74.234314,790.150391,1728.322144,-0.5243419006,0.8513482332,0.0164850574,,,,
15484,0.0,-74.066742,795.025574,1728.717285,-0.5328349909,0.8460240258,0.0181719613,,,,
15485,0.0,-74.050613,798.200439,1729.024292,-0.5387231962,0.8422483019,0.0198775197,,,,
15486,0.0,-73.951309,801.33429,1729.208496,-0.5432323871,0.8393409742,0.0201321298,,,,
15487,0.0,-73.86721,804.503296,1729.396606,-0.547603137,0.8364804046,0.0207686578,,,,
15488,0.0,-73.779533,808.097351,1729.631226,-0.5520038706,0.8335575511,0.0217608799,,,,
15489,0.0,-73.750618,811.407288,1729.949585,-0.5553208211,0.8313438632,0.0220491915,,,,
15490,0.0,-73.726898,814.857849,1730.286133,-0.5601552873,0.8280765778,0.0226987974,,,,
15491,0.0,-73.696442,818.168701,1730.699585,-0.5640322915,0.825432142,0.0230076749,,,,
15492,0.0,-73.713249,821.567993,1731.19519,-0.567222366,0.8232249918,0.0236516483,,,,
15493,0.0,-73.84481,825.284241,1731.877441,-0.5701616717,0.8211828612,0.0239661547,,,,
15494,0.0,-73.940254,828.823486,1732.575439,-0.5719920399,0.8199089765,0.0239661547,,,,
15495,0.0,-74.035591,832.215881,1733.292969,-0.5742053833,0.8183604348,0.0239661547,,,,
15496,0.0,-74.095184,835.813354,1734.13623,-0.5766116917,0.8166667499,0.0239661547,,,,
15497,0.0,-74.135292,839.513245,1735.022461,-0.5783403581,0.81541822,0.0248104159,,,,
15498,0.0,-74.155479,843.071289,1735.817993,-0.5805611298,0.8138350805,0.0249246124,,,,
15499,0.0,-74.178749,846.626282,1736.610596,-0.5828510725,0.8121711294,0.0257426474,,,,
15500,0.0,-74.272911,849.988586,1737.16272,-0.5863489846,0.809644945,0.0258830298,,,,
15501,0.0,-74.491341,856.907288,1738.193726,-0.5933079092,0.8045014252,0.0276257451,,,,
15502,0.0,-74.623184,860.046692,1738.58374,-0.5974598718,0.8014167905,0.0277998097,,,,
15503,0.0,-74.795799,863.14978,1738.874878,-0.6012221012,0.7985752361,0.0284530722,,,,
15504,0.0,-74.969788,866.38739,1739.143555,-0.6049375972,0.7957303516,0.0293889624,,,,
15505,0.0,-75.123634,869.48291,1739.374878,-0.6080425408,0.7933480938,0.0297165049,,,,
15506,0.0,-75.253105,873.867859,1739.619263,-0.6120767523,0.7902058905,0.0306055549,,,,
15507,0.0,-75.291023,876.930725,1739.899292,-0.614201133,0.7885531214,0.0306747945,,,,
15508,0.0,-75.352936,880.083252,1740.130371,-0.6169761973,0.7863837663,0.0306748119,,,,
15509,0.0,-75.403511,882.952759,1740.377808,-0.619083734,0.7847003189,0.031316767,,,,
15510,0.0,-75.446579,886.101318,1740.87085,-0.6207640422,0.7833590183,0.0316330908,,,,
15511,0.0,-75.483154,890.483337,1741.584961,-0.6227191685,0.7818057213,0.0316330733,,,,
15512,0.0,-75.509033,893.437012,1742.133423,-0.6240115017,0.780743067,0.0324022991,,,,
15513,0.0,-75.478203,896.607056,1742.768555,-0.6253810611,0.7796385919,0.0325913231,,,,
15514,0.0,-75.493774,900.081116,1743.598511,-0.6263265637,0.7788792212,0.0325913231,,,,
15515,0.0,-75.531929,903.585876,1744.410156,-0.6275829754,0.7778672218,0.0325913231,,,,
15516,0.0,-75.592758,906.937317,1745.189697,-0.6285074878,0.7771204176,0.0325913231,,,,
15517,0.0,-75.653709,910.28302,1745.949341,-0.629606068,0.7762079004,0.0331284546,,,,
15518,0.0,-75.73645,914.012268,1746.821045,-0.630689691,0.7753095788,0.0335495255,,,,
15519,0.0,-75.863655,919.090637,1747.817261,-0.6317254394,0.7744658796,0.0335495255,,,,
15520,0.0,-75.867882,922.516968,1748.35144,-0.6324256173,0.7738942227,0.0335495255,,,,
15521,0.0,-75.779587,926.273376,1748.607544,-0.6346151557,0.7720997562,0.0335495255,,,,
15522,0.0,-75.6819,929.862976,1748.811401,-0.6360699361,0.7708642771,0.0343991671,,,,
15523,0.0,-75.491844,933.23822,1748.918213,-0.6368221169,0.7702381509,0.0345077144,,,,
15524,0.0,-75.267319,936.988525,1749.00708,-0.6381724995,0.7691196777,0.0345077144,,,,
15525,0.0,-75.027336,940.681213,1749.091431,-0.6390722937,0.7683721891,0.0345077144,,,,
15526,0.0,-74.819054,944.014099,1749.181396,-0.63974728,0.767776106,0.0352600168,,,,
15527,0.0,-74.580688,947.562622,1749.267334,-0.6410870467,0.7666482704,0.0354658717,,,,
15528,0.0,-74.44178,950.807678,1749.166748,-0.6430189077,0.7650286645,0.0354658543,,,,
15529,0.0,-74.356049,953.914124,1748.998169,-0.6450006692,0.7633290999,0.0360946251,,,,
15530,0.0,-74.284225,958.437317,1748.833252,-0.6485881188,0.7602219631,0.0373633384,,,,
15531,0.0,-74.27166,961.61908,1748.73999,-0.6532639795,0.7561631156,0.0382559242,,,,
15532,0.0,-74.261589,964.67865,1748.755737,-0.6578483573,0.7521333318,0.0391278656,,,,
15533,0.0,-74.259483,967.789673,1748.848511,-0.663632604,0.7469870739,0.040025971,,,,
15534,0.0,-74.250244,970.842346,1749.036499,-0.6689824173,0.7421161399,0.041547085,,,,
15535,0.0,-74.234825,975.203674,1749.239014,-0.6796912542,0.7321753156,0.0440352833,,,,
15536,0.0,-74.257294,978.255371,1749.431274,-0.6868575222,0.7254050287,0.0448808264,,,,
15537,0.0,-74.277077,981.621155,1749.678955,-0.6956013034,0.7169220336,0.0464932736,,,,
15538,0.0,-74.28019,985.104187,1749.837769,-0.704104161,0.7084521361,0.0483001171,,,,
15539,0.0,-74.399475,992.05127,1749.897461,-0.7253264202,0.6864827524,0.0514102599,,,,
15540,0.0,-74.491554,995.31488,1749.825439,-0.7360968679,0.674851905,0.052309725,,,,
15541,0.0,-74.567703,997.681976,1749.740051,-0.7437130287,0.6662602389,0.0534335054,,,,
15542,0.0,-74.643852,1000.049072,1749.654663,-0.7513291895,0.6576685727,0.0545572857,,,,
15543,0.0,-74.953339,1006.046997,1749.488159,-0.7736288331,0.6309767856,0.0580234836,,,,
15544,0.0,-75.152252,1008.911255,1749.311646,-0.7828137891,0.6193842849,0.0597133076,,,,
15545,0.0,-73.447777,1016.588196,1750.701294,-0.7916057396,0.6079799925,0.0609973922,,,,
15546,0.0,-73.6004755,1018.733307,1750.701294,-0.7963574876,0.6016294111,0.061591733,,,,
15547,0.0,-74.001404,1024.01416,1750.701294,-0.8063524949,0.5880649784,0.0630494661,,,,
15548,0.0,-74.255219,1026.932861,1750.701294,-0.8110196122,0.58152384,0.0638530512,,,,
15549,0.0,-74.661697,1031.137573,1750.701294,-0.8172182022,0.5727424285,0.0641912813,,,,
15550,0.0,-74.945206,1033.883057,1750.701294,-0.8200005662,0.5686822372,0.0648042013,,,,
15551,0.0,-75.445251,1038.33728,1750.701294,-0.8251360506,0.5611650681,0.0651480186,,,,
15552,0.0,-75.776932,1041.392456,1750.701294,-0.8271525845,0.5580987175,0.0659122404,,,,
15553,0.0,-76.108963,1044.284424,1750.701294,-0.8289185343,0.5554495792,0.0661046787,,,,
15554,0.0,-76.630112,1048.464355,1750.701294,-0.8318740959,0.5509167792,0.0669043421,,,,
15555,0.0,-77.157715,1052.394531,1750.701294,-0.8348498184,0.5463776746,0.0670612953,,,,
15556,0.0,-77.551094,1055.165039,1750.701294,-0.836899051,0.5431420054,0.0677992649,,,,
15557,0.0,-78.149216,1059.286377,1750.701294,-0.838976529,0.5398999498,0.0680178504,,,,
15558,0.0,-78.564392,1062.026245,1750.701294,-0.8402028566,0.5379895298,0.0680178329,,,,
15559,0.0,-79.178856,1066.015991,1750.701294,-0.8410972992,0.5365900742,0.0680178329,,,,
15560,0.0,-79.645851,1068.917725,1750.701294,-0.841872214,0.5352830344,0.0687258928,,,,
15561,0.0,-82.507057,1067.64624,1749.856812,-0.8425856816,0.5341272406,0.0689743429,,,,
15562,0.0,-82.898338,1070.667847,1749.839722,-0.8426367462,0.5340466799,0.0689743255,,,,
15563,0.0,-83.221931,1075.123047,1749.744507,-0.8431453949,0.5332432705,0.0689743255,,,,
15564,0.0,-83.657562,1078.451904,1749.897705,-0.8431483731,0.5332385614,0.0689743255,,,,
15565,0.0,-84.232224,1082.147583,1750.182007,-0.8431483731,0.5332385614,0.0689743255,,,,
15566,0.0,-84.856728,1085.359741,1750.462402,-0.8431483731,0.5332385614,0.0689743255,,,,
15567,0.0,-85.275337,1086.886841,1752.647339,-0.8431483731,0.5332385614,0.0689743255,,,,
15568,0.0,-85.564735,1087.54541,1755.873901,-0.8431483731,0.5332385614,0.0689743255,,,,
15569,0.0,-85.836632,1088.464844,1758.930176,-0.8431483731,0.5332385614,0.0689743255,,,,
15570,0.0,-87.006035,1089.537354,1761.054443,-0.8431483731,0.5332385614,0.0689743255,,,,
15571,0.0,-89.305367,1090.380127,1762.086548,-0.8431483731,0.5332385614,0.0689743255,,,,
15572,0.0,-91.183746,1091.068604,1763.435059,-0.8431483731,0.5332385614,0.0689743255,,,,
15573,0.0,-93.356453,1090.989258,1764.998291,-0.8431483731,0.5332385614,0.0689743255,,,,
15574,0.0,-95.5681,1090.913208,1766.721924,-0.8431483731,0.5332385614,0.0689743255,,,,
15575,0.0,-97.595741,1090.870117,1768.487183,-0.8431483731,0.5332385614,0.0689743255,,,,
15576,0.0,-99.749573,1090.836548,1770.516113,-0.8431483731,0.5332385614,0.0689743255,,,,
15577,0.0,-101.974777,1090.843018,1772.319702,-0.8431483731,0.5332385614,0.0689743255,,,,
15578,0.0,-104.075699,1090.853149,1773.963501,-0.8431483731,0.5332385614,0.0689743255,,,,
15579,0.0,-106.229851,1090.870117,1775.682373,-0.8431483731,0.5332385614,0.0689743255,,,,
15580,0.0,-108.229111,1090.889282,1776.848633,-0.8431483731,0.5332385614,0.0689743255,,,,
15581,0.0,-111.969795,1090.930054,1778.925537,-0.844122274,0.5316132347,0.069605713,,,,
15582,0.0,-113.308216,1090.9274905,1779.642578,-0.846273675,0.5280833129,0.0702240016,,,,
15583,0.0,-114.646637,1090.924927,1780.359619,-0.8484250761,0.5245533911,0.0708422901,,,,
15584,0.0,-118.510445,1090.789062,1782.218018,-0.8634171217,0.4984907321,0.0775748925,,,,
15585,0.0,-120.471222,1090.569946,1782.364868,-0.8768150312,0.4736291752,0.0828903212,,,,
15586,0.0,-122.710197,1089.804688,1782.232544,-0.8980035278,0.4302836721,0.0919000843,,,,
15587,0.0,-124.359047,1088.941162,1782.181641,-0.910332907,0.4024523537,0.0965717422,,,,
15588,0.0,-127.122795,1087.680054,1782.455933,-0.9301903373,0.3517254294,0.1050483636,,,,
15589,0.0,-128.384491,1086.532104,1782.296265,-0.93814512,0.3291804654,0.1073496861,,,,
15590,0.0,-130.59964,1085.999146,1782.547363,-0.9498815156,0.2924021074,0.1105717588,,,,
15591,0.0,-132.412369,1085.870972,1782.699707,-0.9576082213,0.2655366757,0.1116994552,,,,
15592,0.0,-134.974442,1085.684204,1782.705078,-0.9649807446,0.2371937358,0.1120325592,,,,
15593,0.0,-136.686264,1085.596069,1782.501221,-0.9676580026,0.2266592341,0.1107410568,,,,
15594,0.0,-139.005524,1085.476807,1782.021118,-0.9694499625,0.2199194734,0.1086379099,,,,
15595,0.0,-141.333679,1085.414917,1779.892456,-0.9699532488,0.2183134094,0.1073776062,,,,
15596,0.0,-143.403595,1085.473145,1778.68042,-0.9701569245,0.218246874,0.1056590922,,,,
15597,0.0,-145.083817,1085.434937,1777.440308,-0.9703266116,0.2182850468,0.1040091593,,,,
15598,0.0,-147.044754,1085.467041,1775.973267,-0.9704416987,0.2183109369,0.1028748963,,,,
15599,0.0,-149.807175,1085.505493,1776.410522,-0.9707380936,0.2175469158,0.1016901821,,,,
15600,0.0,-151.645523,1085.494385,1776.018921,-0.9709094774,0.2174384174,0.1002762257,,,,
15601,0.0,-154.26944,1085.45813,1773.437866,-0.9710513644,0.2174701934,0.098822885,,,,
15602,0.0,-156.446915,1085.240112,1771.439697,-0.9711299511,0.2174877932,0.0980085599,,,,
15603,0.0,-159.650986,1085.540649,1767.806885,-0.9711565959,0.2174937604,0.0977309084,,,,
15604,0.0,-161.71106,1085.641479,1764.861938,-0.9707960386,0.2190975149,0.0977309084,,,,
15605,0.0,-163.801422,1085.787842,1761.28479,-0.9693308354,0.2251661236,0.0984781618,,,,
15606,0.0,-165.934448,1085.870972,1756.821167,-0.966774753,0.2354982979,0.0994340413,,,,
15607,0.0,-168.078827,1085.879761,1764.739502,-0.9634997219,0.2481902249,0.100348882,,,,
15608,0.0,-170.343445,1086.045288,1760.168091,-0.9603538268,0.2600030509,0.1005929468,,,,
15609,0.0,-173.389755,1086.712646,1751.568115,-0.9533912233,0.2850925114,0.0988303358,,,,
15610,0.0,-175.105164,1087.223633,1744.196777,-0.9464808462,0.3080316899,0.096387166,,,,
15611,0.0,-177.225189,1087.827393,1735.965698,-0.938802959,0.3315435076,0.0934232662,,,,
15612,0.0,-178.306168,1088.345947,1732.804443,-0.9323633645,0.3501019597,0.0901508424,,,,
15613,0.0,-179.045715,1088.420654,1732.539673,-0.9308301154,0.3543868679,0.0892482161,,,,
15614,0.0,-180.643875,1088.775269,1732.574829,-0.9302003705,0.3564668871,0.0875135938,,,,
15615,0.0,-181.632278,1088.930908,1732.610474,-0.9297044998,0.3581906215,0.0857264348,,,,
15616,0.0,-182.451218,1089.053589,1732.507324,-0.9289597133,0.3605351441,0.083953922,,,,
15617,0.0,-183.477066,1089.259033,1732.425903,-0.9269627784,0.3661499436,0.0816959385,,,,
15618,0.0,-184.401932,1089.473267,1732.376709,-0.9252431214,0.3709054822,0.0797137975,,,,
15619,0.0,-185.256302,1089.677002,1732.361938,-0.9243160786,0.3735911084,0.0779068065,,,,
15620,0.0,-187.183746,1090.086426,1732.299316,-0.9248348175,0.3728263472,0.0753729079,,,,
15621,0.0,-187.609848,1090.2003785,1732.312744,-0.9254310708,0.3715182074,0.074489649,,,,
15622,0.0,-189.063782,1090.586548,1732.394409,-0.9281456279,0.3652759709,0.0715482948,,,,
15623,0.0,-190.035828,1090.874634,1732.459961,-0.9289141408,0.3634467468,0.070887102,,,,
15624,0.0,-191.325882,1091.002686,1732.474121,-0.9289570829,0.3634635483,0.0702352272,,,,
15625,0.0,-192.255402,1091.283936,1732.562012,-0.9285502603,0.3645601509,0.0699307546,,,,
15626,0.0,-193.203934,1091.595215,1732.639282,-0.9277068086,0.3667011922,0.069930772,,,,
15627,0.0,-194.365814,1092.003662,1732.752808,-0.9264945307,0.3697533931,0.069930772,,,,
15628,0.0,-195.432907,1092.386963,1732.818848,-0.9253770154,0.3725413621,0.069930772,,,,
15629,0.0,-196.454361,1092.723755,1732.904297,-0.9246022483,0.3744601074,0.0699307546,,,,
15630,0.0,-197.949097,1092.903564,1732.864868,-0.9243748038,0.3750212149,0.0699307546,,,,
15631,0.0,-199.398376,1093.346069,1732.837646,-0.9247213774,0.3741658238,0.0699307546,,,,
15632,0.0,-200.442291,1093.659546,1732.815918,-0.9256642626,0.37182706,0.0699307546,,,,
15633,0.0,-201.0713575,1093.834656,1732.791443,-0.926717854,0.3691823486,0.0699307372,,,,
15634,0.0,-202.263199,1094.314697,1733.416992,-0.9292299084,0.3628242954,0.0699307371,,,,
15635,0.0,-203.332748,1094.519531,1733.650024,-0.9306118977,0.3592647845,0.0699307546,,,,
15636,0.0,-204.815628,1094.523071,1733.75769,-0.9313699752,0.3572949186,0.0699307546,,,,
15637,0.0,-205.846985,1094.85022,1734.010254,-0.931706783,0.3564157124,0.0699307546,,,,
15638,0.0,-206.385605,1095.009155,1734.485229,-0.9320287486,0.3555729198,0.0699307546,,,,
15639,0.0,-206.601395,1095.120361,1734.770508,-0.9324050176,0.3545850712,0.0699307546,,,,
15640,0.0,-207.72345,1094.656494,1734.055542,-0.9324189909,0.3545483253,0.0699307546,,,,
15641,0.0,-208.21994,1093.490723,1734.641602,-0.9326444735,0.353954765,0.0699307546,,,,
15642,0.0,-209.076843,1092.726807,1734.753418,-0.9327584835,0.3536542111,0.0699307546,,,,
15643,0.0,-209.453903,1092.324585,1734.964478,-0.9332371139,0.3523892467,0.0699307371,,,,
15644,0.0,-209.732941,1091.956421,1735.125366,-0.9336493783,0.3511455621,0.0706797895,,,,
15645,0.0,-209.83902,1091.844482,1735.197876,-0.9339536238,0.3500388622,0.0721347595,,,,
15646,0.0,-208.288132,1097.029175,1734.52478,-0.9346770279,0.3470620745,0.0769855174,,,,
15647,0.0,-208.553253,1097.255371,1734.572754,-0.9348139424,0.3455081698,0.0821401104,,,,
15648,0.0,-208.46405,1097.214355,1734.673828,-0.9347623315,0.344432938,0.0870938279,,,,
15649,0.0,-208.779388,1097.328979,1734.71875,-0.9346260632,0.3441503797,0.0896361427,,,,
15650,0.0,-208.705658,1097.302246,1734.860352,-0.9345191605,0.3441110157,0.0908930557,,,,
15651,0.0,-208.962769,1097.397095,1734.844727,-0.9344735054,0.3440942045,0.0914245378,,,,
15652,0.0,-208.935028,1097.382446,1735.006714,-0.9346113741,0.3435647937,0.0920044125,,,,
15653,0.0,-209.272385,1097.503418,1735.3927,-0.9347528368,0.3431797182,0.0920044299,,,,
15654,0.0,-209.401245,1097.555054,1735.508789,-0.9345025435,0.3436753709,0.0926943125,,,,
15655,0.0,-209.607605,1097.63916,1735.659546,-0.9340463235,0.3445746018,0.0939457785,,,,
15656,0.0,-209.884338,1097.749023,1735.768555,-0.933585491,0.3454769513,0.0952040283,,,,
15657,0.0,-210.185532,1097.868042,1735.812012,-0.9331108708,0.3464004983,0.0964924747,,,,
15658,0.0,-210.509689,1097.989624,1735.847046,-0.9328425252,0.3465437253,0.0985508485,,,,
15659,0.0,-211.436066,1098.348267,1735.78186,-0.9318894721,0.3480534859,0.1021801485,,,,
16333,0.0,1312.408203,91.699425,1676.523682,-0.9266215691,-0.367475712,0.0795868628,,,,
16334,0.0,1312.408203,91.699417,1676.523682,-0.9266215691,-0.367475712,0.0795868628,,,,
16335,0.0,1312.408203,91.699417,1676.523682,-0.9266215691,-0.367475712,0.0795868628,,,,
16336,0.0,1312.408203,91.699417,1676.523682,-0.9266215691,-0.367475712,0.0795868628,,,,
16337,0.0,1316.134033,94.291412,1676.454102,-0.9266215691,-0.367475712,0.0795868628,,,,
16338,0.0,1314.965332,93.499237,1676.352295,-0.9266215691,-0.367475712,0.0795868628,,,,
16339,0.0,1311.865723,91.487518,1676.179077,-0.9266215691,-0.367475712,0.0795868628,0.0234125305,293.067049363,1362.337761922,6.0
16340,0.0,1309.319092,89.90284,1675.970581,-0.9266215691,-0.367475712,0.0795868628,0.0234232741,292.5316434957,1359.5406956133,6.0
16341,0.0,1305.76123,87.647934,1675.753052,-0.9266215691,-0.367475712,0.0795868628,0.0234361203,291.7639996884,1355.6057979974,6.0
16342,0.0,1301.944824,85.285072,1675.549683,-0.9266215691,-0.367475712,0.0795868628,0.0234568608,290.9879083882,1351.4091313364,6.0
16343,0.0,1298.411133,83.135307,1675.394531,-0.9266215691,-0.367475712,0.0795868628,0.0235700567,290.1133206482,1344.1466193233,6.0
16344,0.0,1295.02124,81.129448,1675.239136,-0.9269337127,-0.3666876336,0.0795868802,0.0238689513,290.3762703528,1337.0159321693,6.0
16345,0.0,1291.70752,79.182747,1675.144775,-0.9281140117,-0.3636898576,0.0795868628,0.0246664438,293.5950380369,1330.0722127462,6.0
16346,0.0,1288.311157,77.280426,1675.015259,-0.930450841,-0.3576690701,0.0795868628,0.0261852584,300.7879907894,1323.0579501766,6.0
16347,0.0,1284.925415,75.46357,1674.979004,-0.9346027446,-0.3466751231,0.0795868628,0.0289637968,314.4622826914,1316.114022669,6.0
16348,0.0,1280.557495,73.24173,1674.960327,-0.9413322088,-0.3279628002,0.0795868976,0.0339667395,337.8164041468,1307.2491691142,6.0
16349,0.0,1277.036987,71.483604,1674.866699,-0.9486490773,-0.3061549552,0.0795868802,0.0401864888,364.8781554997,1300.1709519018,6.0
16350,0.0,1272.917358,69.410362,1674.683472,-0.9569211961,-0.2792270684,0.0795868628,0.0484978504,397.6645337555,1292.6206743693,6.0
16351,0.0,1269.137817,67.94722,1674.854126,-0.9695000632,-0.2314997799,0.0804827891,0.0650219619,455.7173668768,1284.7763240131,6.0
16352,0.0,1266.227783,66.831474,1674.907959,-0.9798134054,-0.1826178375,0.0813413546,0.0840898842,513.2919556115,1278.8070312301,6.0
16353,0.0,1263.221802,65.935127,1675.169189,-0.988690899,-0.1258902793,0.0814981215,0.1089746494,577.7741190122,1272.7604408402,6.0
16354,0.0,1260.037964,65.064224,1675.383423,-0.9950591513,-0.056704008,0.0814981041,0.1431542076,652.9584858252,1266.4720004232,6.0
16355,0.0,1257.056519,64.346169,1675.60144,-0.9966631349,0.0045444196,0.0814981215,,,,
16356,0.0,1252.735718,63.542763,1675.945435,-0.9937042479,0.0768760294,0.0814981215,,,,
16357,0.0,1249.599976,62.849762,1676.066772,-0.9899527485,0.1155491628,0.0814981389,,,,
16358,0.0,1246.447876,62.452999,1676.242188,-0.9859038017,0.1461223899,0.0814981041,,,,
16359,0.0,1243.157227,61.979321,1676.31311,-0.9831234881,0.16378725,0.0814981215,,,,
16360,0.0,1239.762329,61.658409,1676.460083,-0.9813873181,0.1735590257,0.0821960852,,,,
16361,0.0,1235.650513,61.312534,1676.516968,-0.9808062416,0.1766932845,0.0824536215,,,,
16362,0.0,1232.473755,61.069691,1676.560791,-0.9807910406,0.1767776428,0.0824536215,,,,
16363,0.0,1228.472534,60.951134,1676.544556,-0.9807910406,0.1767776428,0.0824536215,,,,
16364,0.0,1225.255493,60.923397,1676.512695,-0.9807910406,0.1767776428,0.0824536215,,,,
16365,0.0,1222.157227,60.911293,1676.43396,-0.980392313,0.1789757166,0.0824536562,,,,
16366,0.0,1218.090942,60.961666,1676.162964,-0.9796141572,0.1831870718,0.0824536215,,,,
16367,0.0,1214.775757,61.080555,1675.921509,-0.9785943338,0.1885590895,0.0824536215,,,,
16368,0.0,1211.805176,61.245495,1675.795532,-0.9772121115,0.1955962407,0.0824536215,,,,
16369,0.0,1207.798096,61.578587,1675.407227,-0.9747659518,0.2074433472,0.0824536041,,,,
16370,0.0,1204.735718,61.960663,1675.132202,-0.9721574781,0.2193427409,0.0824536215,,,,
16371,0.0,1201.592529,62.240101,1675.032837,-0.9691147908,0.2321420244,0.0832262146,,,,
16372,0.0,1198.031372,62.414059,1674.978027,-0.9651276728,0.2478515969,0.0842505855,,,,
16373,0.0,1191.238037,62.476955,1674.806885,-0.952286496,0.2925744648,0.0868942585,,,,
16374,0.0,1187.868042,62.294136,1674.752563,-0.9443145753,0.3168496682,0.0887483556,,,,
16375,0.0,1184.373535,62.099911,1674.690186,-0.9341581355,0.3449440219,0.0914450638,,,,
16376,0.0,1182.308838,61.8818495,1674.800049,-0.9285702372,0.3593133786,0.0917247469,,,,
16377,0.0,1177.297241,61.267281,1674.984619,-0.9116647577,0.4001224256,0.0936451503,,,,
16378,0.0,1173.906372,60.783115,1675.369019,-0.899582889,0.4263558391,0.0947170754,,,,
16379,0.0,1170.779419,60.258858,1675.63208,-0.8867369917,0.4524351429,0.0948680616,,,,
16380,0.0,1166.944946,59.501015,1675.914551,-0.8683175079,0.4865242163,0.0965344103,,,,
16381,0.0,1163.293213,58.945301,1676.035278,-0.8539215777,0.5113239752,0.096776709,,,,
16382,0.0,1160.336182,58.506733,1676.115234,-0.8410562802,0.5320819591,0.0975352364,,,,
16383,0.0,1156.648315,57.773323,1676.219604,-0.8284702527,0.5514396703,0.0977309084,,,,
16384,0.0,1153.112427,57.107464,1676.229614,-0.8158716753,0.5699140949,0.0977309258,,,,
16385,0.0,1149.386597,56.365032,1676.197144,-0.8047243884,0.5855487441,0.097730891,,,,
16386,0.0,1145.931519,55.669342,1676.15686,-0.7949635259,0.5987333814,0.0977309084,,,,
16387,0.0,1143.220825,54.947144,1676.20105,-0.7871128641,0.6088908345,0.0985154344,,,,
16388,0.0,1139.877563,54.27821,1676.064941,-0.7792738054,0.6188647727,0.0986850006,,,,
16389,0.0,1136.432007,53.883862,1675.949219,-0.7719477649,0.6279792318,0.098685018,,,,
16390,0.0,1133.839722,53.792664,1675.870605,-0.7683583113,0.6323660117,0.098685018,,,,
16391,0.0,1130.376465,53.952797,1675.737061,-0.7641307458,0.637468018,0.0986850006,,,,
16392,0.0,1127.628052,54.297657,1675.794067,-0.7623300426,0.6396203434,0.0986849659,,,,
16393,0.0,1124.008179,54.993759,1675.851074,-0.7596434879,0.6429516371,0.097749494,,,,
16394,0.0,1121.294067,55.62101,1676.056152,-0.7590581109,0.643645441,0.0977309084,,,,
16395,0.0,1118.411377,56.458385,1676.195068,-0.7579903587,0.6449025396,0.0977309084,,,,
16396,0.0,1114.852661,57.69558,1676.583618,-0.7578133533,0.6452510021,0.0967991007,,,,
16397,0.0,1111.846558,58.940502,1676.83728,-0.7578150112,0.6452524137,0.096776709,,,,
16398,0.0,1109.087891,60.253967,1677.052002,-0.7578150112,0.6452524137,0.096776709,,,,
16399,0.0,1106.349976,61.709118,1677.360474,-0.7578761813,0.6453041557,0.0959491557,,,,
16400,0.0,1103.566162,63.218353,1677.512939,-0.7578853077,0.6453122687,0.0958224206,,,,
16401,0.0,1100.842407,64.881172,1677.742798,-0.7576261533,0.6460371499,0.0929441379,,,,
16402,0.0,1097.252808,67.067795,1677.893433,-0.7579816992,0.6466492797,0.0854894893,,,,
16403,0.0,1094.604248,68.698166,1677.940308,-0.7578660752,0.647667034,0.0785265882,,,,
16404,0.0,1092.435059,70.229553,1678.036621,-0.757558984,0.649191247,0.0682283705,,,,
16405,0.0,1089.389282,72.293503,1678.03186,-0.7549865554,0.6533835871,0.0555444805,,,,
17415,0.0,2280.39624,-399.546326,1677.018066,-0.4227789284,0.9019320215,0.0881850687,0.0020807717,19.0334585621,295.2001213401,3.0
17416,0.0,2280.397705,-399.571579,1677.0134275,-0.4227789284,0.9019320215,0.0881850687,0.0022155233,19.6859775772,296.0123438337,3.0
17417,0.0,2280.39917,-399.596832,1677.008789,-0.4227789284,0.9019320215,0.0881850687,0.0023502749,20.3384965923,296.8245663272,3.0
17418,0.0,2281.502686,-405.393066,1677.021606,-0.4256273655,0.9006421944,0.0876640367,0.0027999761,22.865031343,305.7622468255,3.0
17419,0.0,2281.336914,-404.322662,1677.021851,-0.4286680517,0.8992530728,0.0871069029,0.0030945465,24.0763189359,306.2759032789,3.0
17420,0.0,2281.101807,-402.981842,1676.974976,-0.4321240634,0.8976587763,0.0864726267,0.0034512753,25.4642405692,306.7615840352,3.0
17421,0.0,2280.603271,-399.154999,1676.937134,-0.4463234711,0.8907857998,0.0854167319,0.003448189,25.3413008431,305.4169103148,3.0
17422,0.0,2280.269775,-395.931854,1676.933105,-0.4534618638,0.8871825558,0.085319698,0.0037035524,26.1442786367,304.0569245772,3.0
17423,0.0,2279.889893,-391.356659,1677.120239,-0.4631959873,0.8821394581,0.0853197154,0.0040713595,27.2486345171,302.2751951666,3.0
17424,0.0,2279.61792,-388.300659,1677.236572,-0.4691618848,0.8789810436,0.085319698,0.0042567257,27.7540766595,301.1179276619,3.0
17425,0.0,2279.297119,-383.56015,1677.177856,-0.4826107926,0.8716693019,0.085319698,0.0041845363,27.3969022125,299.7903151521,3.0
17426,0.0,2279.105713,-380.142273,1677.079468,-0.4909123787,0.8670210987,0.085319698,0.0042550034,27.5540516,299.0081226353,3.0
17427,0.0,2278.930176,-376.590637,1677.015381,-0.498521464,0.8626684757,0.085319698,0.0044913627,28.2446362358,298.3459299962,3.0
17428,0.0,2278.756592,-371.649841,1676.820801,-0.5051782079,0.8587872422,0.085319698,0.005329786,30.6794458126,297.5480271061,3.0
17429,0.0,2278.607422,-367.420044,1676.666016,-0.5065105258,0.8580021191,0.085319698,0.0067402141,34.4246288449,296.9959094632,3.0
17430,0.0,2278.555908,-364.41217,1676.616333,-0.5065635362,0.8579708229,0.085319698,0.008089326,37.6797706769,296.8363976754,3.0
17431,0.0,2278.352539,-359.499451,1676.89917,-0.5065635362,0.8579708229,0.085319698,0.010541143,42.8899984482,296.1724771761,3.0
17432,0.0,2278.234375,-355.402496,1677.049438,-0.5065635362,0.8579708229,0.085319698,0.0128870296,47.3316028514,295.7764008971,3.0
17433,0.0,2278.712891,-352.29248,1677.203247,-0.5065635362,0.8579708229,0.085319698,0.0153411087,51.7189261764,296.3999925273,3.0
17434,0.0,2279.371338,-348.188232,1677.43042,-0.5065635362,0.8579708229,0.085319698,0.0188838054,57.4713660256,297.1336159745,3.0
17435,0.0,2279.837891,-345.483459,1677.687134,-0.5065635362,0.8579708229,0.085319698,0.0214397889,61.3156234592,297.7050902429,3.0
17436,0.0,2280.618408,-341.208984,1677.99585,-0.5065635362,0.8579708229,0.085319698,0.0257001171,67.2335596315,298.4777718872,3.0
17437,0.0,2281.125,-338.389954,1678.067383,-0.5065635362,0.8579708229,0.085319698,0.0288387243,71.3170412811,299.119148204,3.0
17438,0.0,2281.78125,-335.289246,1678.010986,-0.5065635362,0.8579708229,0.085319698,0.0324482452,75.738322114,299.7484798857,3.0
17439,0.0,2282.764893,-330.897308,1677.822388,-0.5065635362,0.8579708229,0.085319698,0.0380009475,82.1104469249,300.7127253629,3.0
17440,0.0,2283.302734,-328.333038,1677.772217,-0.5065635362,0.8579708229,0.085319698,0.0414997495,85.950531061,301.4838211129,3.0
17441,0.0,2284.447266,-323.984833,1677.684082,-0.5065635362,0.8579708229,0.085319698,0.0476333077,92.4069532273,303.0181108403,3.0
17442,0.0,2285.037109,-321.42395,1677.672852,-0.5065635362,0.8579708229,0.085319698,0.0514838413,96.3086983959,304.0731241839,3.0
17443,0.0,2285.814697,-318.489777,1677.56189,-0.5080277584,0.8571046277,0.0853197154,0.0554582128,100.339505166,305.5486575549,3.0
17444,0.0,2286.4646,-314.444214,1677.45752,-0.5096750932,0.8561260687,0.0853197154,0.0611711116,105.8173737914,307.2656779486,3.0
17445,0.0,2286.886963,-310.59491,1677.360107,-0.511384989,0.8551058076,0.085319698,0.0647200504,109.0042139278,308.0008856139,3.0
17446,0.0,2290.409668,-306.379974,1679.71814,-0.5122412145,0.8545931706,0.085319698,0.0733239988,116.9334486923,311.1081180811,3.0
17461,0.0,2276.525146,-254.598907,1682.493042,-0.4252930209,0.9023456056,0.0699875303,,,,
17462,0.0,2275.374268,-251.09407,1682.716919,-0.4187909444,0.905467028,0.068873842,,,,
17463,0.0,2274.259521,-247.684555,1682.934082,-0.412104462,0.9086155217,0.0677329033,,,,
17464,0.0,2273.096436,-244.101135,1683.162231,-0.4044651903,0.9121372333,0.0664347612,,,,
17465,0.0,2271.509766,-240.095779,1683.392456,-0.4025175179,0.9130223542,0.0661046787,,,,
17466,0.0,2270.323242,-237.260468,1683.551392,-0.4025175179,0.9130223542,0.0661046787,,,,
17467,0.0,2268.847168,-233.744843,1683.74939,-0.4025175179,0.9130223542,0.0661046787,,,,
17468,0.0,2267.670654,-230.956345,1683.907104,-0.4025175179,0.9130223542,0.0661046787,,,,
17469,0.0,2266.367188,-227.878098,1684.078369,-0.4025175179,0.9130223542,0.0661046787,,,,
17470,0.0,2264.8125,-224.219131,1684.226685,-0.4025175179,0.9130223542,0.0661046787,,,,
17471,0.0,2263.694824,-221.597763,1684.081665,-0.4025175179,0.9130223542,0.0661046787,,,,
17472,0.0,2262.161865,-218.01152,1683.834229,-0.4025175179,0.9130223542,0.0661046787,,,,
17473,0.0,2260.83252,-214.925995,1683.704956,-0.4032491505,0.9126994532,0.0661046961,,,,
17474,0.0,2259.441895,-211.72905,1683.878418,-0.4048377087,0.9119959436,0.0661046787,,,,
17475,0.0,2258.126465,-208.716095,1684.073486,-0.4064698112,0.9112696989,0.0661046787,,,,
17476,0.0,2256.409424,-204.837204,1684.286865,-0.4102513478,0.9095735281,0.0661046787,,,,
17477,0.0,2254.967773,-201.622833,1684.463013,-0.4145657369,0.9076152385,0.0661046787,,,,
17478,0.0,2253.491699,-198.448029,1684.604004,-0.4230340917,0.9036323653,0.0670127276,,,,
17479,0.0,2251.94751,-195.284256,1684.733398,-0.4372615959,0.896762784,0.0679617982,,,,
17480,0.0,2250.843262,-192.220093,1684.8125,-0.4668854937,0.8814128494,0.0716193042,,,,
17481,0.0,2250.567627,-189.869064,1684.821167,-0.4895139785,0.8688598248,0.0738828112,,,,
17482,0.0,2250.352539,-186.808182,1684.81665,-0.5248444991,0.8476551153,0.0775825836,,,,
17483,0.0,2249.945557,-183.535828,1684.81665,-0.5891580229,0.8038342406,0.0821178283,,,,
17484,0.0,2249.715332,-181.461792,1684.81665,-0.6318457788,0.770555115,0.0837599337,,,,
17485,0.0,2249.299805,-178.560928,1684.831299,-0.6898999481,0.7189719799,0.0843644106,,,,
17486,0.0,2248.695312,-175.573547,1684.871338,-0.7390302168,0.6683688988,0.0843644106,0.1219385648,118.7233512521,248.0908288657,3.0
17487,0.0,2245.177246,-172.101883,1683.489136,-0.7896073362,0.6077852423,0.0843644106,0.090207533,101.8316014485,245.339842818,3.0
17488,0.0,2244.475586,-169.640198,1683.262939,-0.8134452658,0.5756041423,0.0835863085,0.07811735,94.5545104828,244.0310374874,3.0
17489,0.0,2243.503174,-167.121857,1682.938721,-0.8433946015,0.5312167599,0.0805872209,0.0623289706,84.3201045455,242.6309150161,3.0
17490,0.0,2241.854004,-164.108002,1682.474976,-0.8682161254,0.4900550534,0.0777612004,0.0502413801,75.2263599642,240.3526101295,3.0
17491,0.0,2241.107178,-162.715393,1682.355469,-0.8745301453,0.4788702095,0.0766834239,0.0478246106,73.1278788442,239.3303844968,3.0
17492,0.0,2239.186523,-159.546356,1681.856201,-0.8849928038,0.4595364393,0.0749266187,0.0445888756,69.9611159428,236.932385605,3.0
17493,0.0,2237.23584,-156.607193,1681.605835,-0.8876579657,0.4544023251,0.0747118661,0.045849706,70.1831850107,234.4692069361,3.0
17494,0.0,2236.216309,-155.210892,1681.484985,-0.8876988681,0.4543224121,0.0747118835,0.0472094354,70.8065273527,233.2013489238,3.0
17495,0.0,2234.061279,-152.615738,1681.39624,-0.8876988681,0.4543224121,0.0747118835,0.0498449886,71.8754686835,230.5342053473,3.0
17496,0.0,2230.365967,-148.611069,1681.292236,-0.8876988681,0.4543224121,0.0747118835,0.0542171476,73.4686609142,226.196877659,3.0
17497,0.0,2227.724365,-146.063629,1681.239502,-0.8876988681,0.4543224121,0.0747118835,0.0569909073,74.2097441501,223.0081485391,3.0
17498,0.0,2226.475952,-144.9016265,1681.2841795,-0.8876988681,0.4543224121,0.0747118835,0.0584274404,74.6266578586,221.6033951271,3.0
17499,0.0,2225.227539,-143.739624,1681.328857,-0.8876988681,0.4543224121,0.0747118835,0.0598639734,75.043571567,220.1986417151,3.0
17500,0.0,2221.157227,-140.266052,1681.583862,-0.8876988681,0.4543224121,0.0747118835,0.0693558666,80.3146674307,219.4836375813,3.0
17501,0.0,2217.939941,-137.833588,1682.171143,-0.8876988681,0.4543224121,0.0747118835,0.0765668886,83.030841132,216.3617042888,3.0
17502,0.0,2216.413696,-136.7230915,1682.2608645,-0.8876988681,0.4543224121,0.0747118835,0.0783125779,83.3016603786,214.7634189202,3.0
17503,0.0,2214.887451,-135.612595,1682.350586,-0.8876988681,0.4543224121,0.0747118835,0.0800582672,83.5724796251,213.1651335515,3.0
17504,0.0,2210.012451,-132.314133,1682.619019,-0.8876988681,0.4543224121,0.0747118835,0.0855249416,84.2199540105,208.1343448793,3.0
17505,0.0,2206.609863,-130.278992,1682.814453,-0.8876988681,0.4543224121,0.0747118835,0.0887599679,84.6253563426,205.4633313831,3.0
17506,0.0,2203.583496,-128.445312,1682.833496,-0.8876988681,0.4543224121,0.0747118835,0.0919599843,84.8292668396,202.5128240802,3.0
17507,0.0,2201.845215,-127.445339,1682.80542,-0.8876988681,0.4543224121,0.0747118835,0.0938686286,84.9293696766,200.808273211,3.0
17508,0.0,2198.339111,-125.417831,1682.75647,-0.8875366326,0.4547074976,0.074295474,0.0977777998,85.068842147,197.2512519982,3.0
17509,0.0,2194.601318,-123.407425,1682.519165,-0.886793782,0.4563431121,0.0731283274,0.1023184272,85.2241647044,193.4078758846,3.0
17510,0.0,2191.240723,-121.500763,1682.292847,-0.8851993715,0.4595973114,0.0720581997,0.107931328,85.8704518843,190.0209742622,3.0
17511,0.0,2187.941162,-119.622604,1681.95166,-0.8810637666,0.4678900818,0.0693217897,0.1160506385,87.2960476778,186.6965109669,3.0
17512,0.0,2184.724609,-117.774254,1681.643311,-0.873358061,0.4828055002,0.0643781504,0.1279449645,89.7923463807,183.4714170453,3.0
17513,0.0,2183.280762,-116.927773,1681.536499,-0.8695724136,0.4898377947,0.0624720126,0.13386143,90.9788899097,182.0291573856,3.0
17514,0.0,2179.986816,-115.001831,1681.142456,-0.8586209115,0.5093544064,0.057690719,,,,
17515,0.0,2176.458496,-112.874924,1681.008423,-0.8462792616,0.5300523233,0.0534410508,,,,
17516,0.0,2173.469238,-110.850662,1680.803955,-0.8342158984,0.5491154514,0.0505574506,,,,
17517,0.0,2170.52124,-108.634453,1680.665527,-0.8193965393,0.5712445118,0.0476342211,,,,
17518,0.0,2167.565186,-106.420853,1680.539673,-0.807041532,0.5887429914,0.0454494846,,,,
17519,0.0,2164.855713,-104.353615,1680.54895,-0.8004276415,0.5977880329,0.0443289795,,,,
17520,0.0,2162.091553,-102.22599,1680.561157,-0.7956507664,0.6041996172,0.0433898672,,,,
17521,0.0,2159.405029,-100.10598,1680.583984,-0.7939980741,0.6063883872,0.0431298299,,,,
17522,0.0,2156.660156,-97.957176,1680.629761,-0.7938186177,0.6066232933,0.0431298299,,,,
17523,0.0,2154.026611,-95.879082,1680.650757,-0.7938186177,0.6066232933,0.0431298299,,,,
17524,0.0,2151.315186,-93.712982,1680.664185,-0.7938186177,0.6066232933,0.0431298299,,,,
17525,0.0,2148.276855,-91.340904,1680.633179,-0.7938186177,0.6066232933,0.0431298299,,,,
17526,0.0,2145.541748,-89.219009,1680.684814,-0.7938186177,0.6066232933,0.0431298299,,,,
17527,0.0,2142.895264,-87.20063,1680.690552,-0.7938186177,0.6066232933,0.0431298299,,,,
17528,0.0,2140.078613,-85.040222,1680.672485,-0.7938186177,0.6066232933,0.0431298299,,,,
17529,0.0,2137.525635,-82.960991,1680.690063,-0.7938186177,0.6066232933,0.0431298299,,,,
17530,0.0,2135.01416,-80.977867,1680.345459,-0.7938186177,0.6066232933,0.0431298299,,,,
17531,0.0,2132.340332,-78.68119,1679.836914,-0.7938186177,0.6066232933,0.0431298299,,,,
17532,0.0,2129.958984,-76.326866,1679.365234,-0.7938186177,0.6066232933,0.0431298299,,,,
17533,0.0,2127.773193,-73.898903,1678.870728,-0.7938186177,0.6066232933,0.0431298299,,,,
17534,0.0,2125.77002,-71.380707,1678.396484,-0.7938186177,0.6066232933,0.0431298299,,,,
17535,0.0,2123.89624,-68.730515,1677.979248,-0.7938186177,0.6066232933,0.0431298299,,,,
17536,0.0,2122.315674,-66.26696,1677.651978,-0.7938186177,0.6066232933,0.0431298299,,,,
17537,0.0,2120.824707,-63.693153,1677.425293,-0.7938186177,0.6066232933,0.0431298299,,,,
17538,0.0,2118.09668,-58.628235,1677.241333,-0.7938186177,0.6066232933,0.0431298299,,,,
17539,0.0,2117.036499,-56.5711425,1677.319824,-0.7938186177,0.6066232933,0.0431298299,,,,
17540,0.0,2115.976318,-54.51405,1677.398315,-0.7938186177,0.6066232933,0.0431298299,,,,
17541,0.0,2114.545654,-51.299957,1677.44751,-0.7938186177,0.6066232933,0.0431298299,,,,
17542,0.0,2113.146729,-47.87458,1677.667358,-0.7938186177,0.6066232933,0.0431298299,,,,
17543,0.0,2111.36084,-43.022774,1677.947998,-0.7938186177,0.6066232933,0.0431298299,,,,
17544,0.0,2110.5147705,-40.5076485,1677.981079,-0.7938186177,0.6066232933,0.0431298299,,,,
17545,0.0,2109.668701,-37.992523,1678.01416,-0.7938186177,0.6066232933,0.0431298299,,,,
17546,0.0,2107.911621,-32.497589,1677.628296,-0.7938186177,0.6066232933,0.0431298299,,,,
17547,0.0,2107.1970215,-30.234887,1677.415161,-0.7938186177,0.6066232933,0.0431298299,,,,
17548,0.0,2105.665039,-25.082973,1676.925415,-0.7938186177,0.6066232933,0.0431298299,,,,
17549,0.0,2104.82959,-22.397642,1676.530762,-0.7938186177,0.6066232933,0.0431298299,,,,
17550,0.0,2103.862793,-19.009264,1676.091919,-0.7938186177,0.6066232933,0.0431298299,,,,
17551,0.0,2102.962891,-15.965922,1675.534302,-0.7938186177,0.6066232933,0.0431298299,,,,
17552,0.0,2102.082275,-12.450386,1675.308838,-0.7938186177,0.6066232933,0.0431298299,,,,
17553,0.0,2101.34375,-9.407619,1674.970703,-0.7938186177,0.6066232933,0.0431298299,,,,
17554,0.0,2100.458496,-5.511059,1674.754517,-0.7938186177,0.6066232933,0.0431298299,,,,
17555,0.0,2099.807129,-2.467096,1674.669312,-0.7938186177,0.6066232933,0.0431298299,,,,
17556,0.0,2099.265869,0.511727,1674.703369,-0.7938186177,0.6066232933,0.0431298299,,,,
17557,0.0,2098.630371,4.433007,1674.843628,-0.7938186177,0.6066232933,0.0431298299,,,,
17558,0.0,2098.084717,7.46021,1674.951538,-0.7938186177,0.6066232933,0.0431298299,,,,
17559,0.0,2097.467041,11.152374,1675.200195,-0.7938186177,0.6066232933,0.0431298299,,,,
17560,0.0,2096.891602,14.213382,1675.468872,-0.7938186177,0.6066232933,0.0431298299,,,,
17561,0.0,2096.186768,17.939693,1675.867554,-0.7938186177,0.6066232933,0.0431298299,,,,
17562,0.0,2095.519043,21.425968,1676.210327,-0.7938186177,0.6066232933,0.0431298299,,,,
17563,0.0,2094.798584,25.144741,1676.548462,-0.7938186177,0.6066232933,0.0431298299,,,,
17564,0.0,2094.10498,28.693619,1676.824829,-0.7938186177,0.6066232933,0.0431298299,,,,
17565,0.0,2093.39502,32.309982,1677.061768,-0.7938186177,0.6066232933,0.0431298299,,,,
17566,0.0,2092.746338,35.631588,1677.206299,-0.7938186177,0.6066232933,0.0431298299,,,,
17567,0.0,2091.988525,39.632526,1677.22998,-0.7938186177,0.6066232933,0.0431298299,,,,
17568,0.0,2091.442871,42.8241,1677.165161,-0.7938186177,0.6066232933,0.0431298299,,,,
17569,0.0,2091.014893,46.76775,1677.0,-0.7938186177,0.6066232933,0.0431298299,,,,
17570,0.0,2090.625244,50.58514,1676.826172,-0.7938186177,0.6066232933,0.0431298299,,,,
17571,0.0,2090.346191,53.859444,1676.633789,-0.7938186177,0.6066232933,0.0431298299,,,,
17572,0.0,2090.088135,57.557644,1676.371216,-0.7938186177,0.6066232933,0.0431298299,,,,
17573,0.0,2089.794434,61.288319,1676.148315,-0.7938186177,0.6066232933,0.0431298299,,,,
17574,0.0,2089.541748,64.437897,1675.971069,-0.7938186177,0.6066232933,0.0431298299,,,,
17575,0.0,2089.13623,68.215645,1675.814697,-0.7938186177,0.6066232933,0.0431298299,,,,
17576,0.0,2088.792969,71.261185,1675.732422,-0.7938186177,0.6066232933,0.0431298299,,,,
17577,0.0,2088.360352,74.941887,1675.713623,-0.7938186177,0.6066232933,0.0431298299,,,,
17578,0.0,2087.509277,81.45871,1675.919556,-0.7938186177,0.6066232933,0.0431298299,,,,
17579,0.0,2087.022217,85.057755,1676.155396,-0.7938186177,0.6066232933,0.0431298299,,,,
17580,0.0,2086.781372,86.8542025,1676.313538,-0.7938186177,0.6066232933,0.0431298299,,,,
17581,0.0,2086.098877,91.848877,1676.704102,-0.7938186177,0.6066232933,0.0431298299,,,,
17582,0.0,2085.525635,95.808899,1676.972046,-0.7938186177,0.6066232933,0.0431298299,,,,
17583,0.0,2084.991943,99.556656,1677.116333,-0.7938186177,0.6066232933,0.0431298299,,,,
17584,0.0,2084.540527,102.73175,1677.218872,-0.7938186177,0.6066232933,0.0431298299,,,,
17585,0.0,2083.956543,106.538582,1677.224365,-0.7938186177,0.6066232933,0.0431298299,,,,
17586,0.0,2083.358643,110.39019,1677.143188,-0.7938186177,0.6066232933,0.0431298299,,,,
17587,0.0,2082.881592,113.591125,1677.027832,-0.7938186177,0.6066232933,0.0431298299,,,,
17588,0.0,2082.352539,117.091377,1676.877197,-0.7938186177,0.6066232933,0.0431298299,,,,
17589,0.0,2081.815674,120.332275,1676.693481,-0.7938186177,0.6066232933,0.0431298299,,,,
17590,0.0,2081.225586,123.851601,1676.472778,-0.7938186177,0.6066232933,0.0431298299,,,,
17591,0.0,2080.744629,126.784195,1676.251221,-0.7938186177,0.6066232933,0.0431298299,,,,
17592,0.0,2080.147461,130.413437,1675.891968,-0.7938186177,0.6066232933,0.0431298299,,,,
17593,0.0,2079.703857,133.455826,1675.550293,-0.7938186177,0.6066232933,0.0431298299,,,,
17594,0.0,2079.183838,137.008179,1675.103394,-0.7938186177,0.6066232933,0.0431298299,,,,
17595,0.0,2078.720215,140.301453,1674.813599,-0.7938186177,0.6066232933,0.0431298299,,,,
17596,0.0,2078.294922,143.360016,1674.591309,-0.7938186177,0.6066232933,0.0431298299,,,,
17597,0.0,2077.856201,146.806808,1674.713013,-0.7938186177,0.6066232933,0.0431298299,,,,
17598,0.0,2077.453613,149.781738,1674.907227,-0.7938186177,0.6066232933,0.0431298299,,,,
17599,0.0,2076.993408,153.36174,1675.199463,-0.7938186177,0.6066232933,0.0431298299,,,,
17600,0.0,2076.568115,156.457153,1675.515503,-0.7938186177,0.6066232933,0.0431298299,,,,
17601,0.0,2075.96582,160.420395,1676.039795,-0.7938186177,0.6066232933,0.0431298299,,,,
17602,0.0,2075.386963,164.146667,1676.504028,-0.7938186177,0.6066232933,0.0431298299,,,,
17603,0.0,2074.873291,167.389938,1676.930908,-0.7938186177,0.6066232933,0.0431298299,,,,
17604,0.0,2074.197021,171.197189,1677.373047,-0.7938186177,0.6066232933,0.0431298299,,,,
17605,0.0,2073.630127,174.432602,1677.71521,-0.7938186177,0.6066232933,0.0431298299,,,,
17606,0.0,2072.933105,178.225327,1677.991455,-0.7938474014,0.6066452894,0.0422823389,,,,
17607,0.0,2072.252441,182.08046,1678.203979,-0.7949629195,0.6051904503,0.0421719755,,,,
17608,0.0,2071.796631,185.417664,1678.247803,-0.7975890964,0.6017251526,0.0421719581,,,,
17609,0.0,2071.426758,189.368805,1678.274658,-0.8028225317,0.5947247321,0.0421719755,,,,
17610,0.0,2071.140137,192.61554,1678.268921,-0.815937107,0.5767167373,0.0405517257,,,,
17611,0.0,2070.72998,196.507141,1678.211182,-0.8469166017,0.5305183981,0.0358119948,0.1324317779,851.755417639,1712.6970986387,5.0
17612,0.0,2070.194336,199.663757,1678.1427,-0.8884032835,0.458151832,0.02892239,0.094660334,727.0830006117,1712.0394594091,5.0
17613,0.0,2069.573486,203.089233,1678.018311,-0.9254831887,0.3779966516,0.0244826205,0.0613660536,590.2489616706,1711.2884835271,5.0
17614,0.0,2068.773438,206.478134,1677.876709,-0.9593570222,0.2811756166,0.0239661547,0.0315281872,426.0932239509,1710.3717999003,5.0
17615,0.0,2067.718262,209.78775,1677.749634,-0.988382475,0.1499307167,0.0249171273,0.0072711334,205.7400176366,1709.2028581267,5.0
17616,0.0,2066.958984,212.300156,1677.7854,-0.9961606965,0.0839203816,0.0249246124,0.0017251027,100.3033614372,1708.3639223025,5.0
17617,0.0,2065.964844,215.15509,1677.856567,-0.9996632187,-0.0098035629,0.0240278866,0.0010770881,79.21899568,1707.283739603,5.0
17618,0.0,2064.72168,218.113678,1677.881958,-0.9966915791,-0.076018838,0.0287581705,0.005824715,183.859861618,1705.9563902466,5.0
17619,0.0,2063.413818,220.656281,1677.96106,-0.9928196713,-0.1143794678,0.0350205311,0.0105591756,247.057467524,1704.5803050578,5.0
17620,0.0,2061.891602,223.41127,1678.008301,-0.9924864342,-0.1171018784,0.0354658717,0.010738361,248.9013045192,1702.990472232,5.0
17621,0.0,2060.100586,226.381851,1678.19397,-0.9924864342,-0.1171018784,0.0354658717,0.0105003186,245.8725235074,1701.1273327965,5.0
17622,0.0,2058.295166,229.187439,1678.421753,-0.9924864342,-0.1171018784,0.0354658717,0.0102790477,243.014615185,1699.2601244715,5.0
17623,0.0,2054.488525,234.760056,1679.071655,-0.9924864342,-0.1171018784,0.0354658717,0.0098498725,237.3643625297,1695.3418841619,5.0
17624,0.0,2052.441895,237.581482,1679.270142,-0.9924864342,-0.1171018784,0.0354658717,0.0096319989,234.446932468,1693.244418022,5.0
17625,0.0,2050.176514,240.510651,1679.43042,-0.9924864342,-0.1171018784,0.0354658717,0.009408608,231.4083895252,1690.9289214747,5.0
17626,0.0,2047.755859,243.398392,1679.394775,-0.9924864342,-0.1171018784,0.0354658717,0.009186027,228.3343620012,1688.4650423612,5.0
17627,0.0,2045.689575,245.784119,1679.431519,-0.9924864342,-0.1171018784,0.0354658717,0.009004481,225.7956417524,1686.3630221826,5.0
17628,0.0,2043.333496,248.368607,1679.324463,-0.9924864342,-0.1171018784,0.0354658717,0.0087901318,222.7788313668,1683.9054752773,5.0
17629,0.0,2041.232056,250.61113,1679.083496,-0.9924864342,-0.1171018784,0.0354658717,0.0085793342,219.8077074516,1681.6461535859,5.0
17630,0.0,2038.817627,253.096313,1678.716064,-0.9924864342,-0.1171018784,0.0354658717,0.0083299486,216.2700969216,1679.0615520688,5.0
17631,0.0,2036.507935,255.442184,1678.375366,-0.9924864342,-0.1171018784,0.0354658717,0.0080564449,212.3928438647,1676.6007137725,5.0
17632,0.0,2034.161621,257.783203,1678.014038,-0.9931320219,-0.1125888967,0.0318202354,0.0071133361,199.3538419899,1674.3515301249,5.0
17633,0.0,2032.089844,259.842377,1677.661133,-0.9930771782,-0.1139827899,0.0283838281,0.0069138952,196.3482771308,1672.6407290159,5.0
17634,0.0,2029.746094,262.113464,1677.168823,-0.9917812154,-0.1257346506,0.0236816072,0.007945731,210.1956800867,1670.7300130817,5.0
17635,0.0,2027.325317,264.342773,1676.786255,-0.9882606089,-0.1518163516,0.0171103555,0.0110370579,247.2884860213,1669.0290269062,5.0
17636,0.0,2024.851074,266.559509,1676.426025,-0.9837270155,-0.1793286815,0.0110626834,0.0150554756,288.1888225722,1667.0771774382,5.0
17637,0.0,2022.208984,268.863037,1676.294434,-0.9781763061,-0.2077397363,0.0039135767,0.0199634973,330.9989182969,1664.8367863006,5.0
17638,0.0,2019.985229,270.696198,1676.22168,-0.9703229184,-0.2417834805,-0.0037659753,0.0270826299,384.3753184873,1662.8597745284,5.0
17639,0.0,2017.234009,272.872681,1676.331909,-0.9635375557,-0.2673778768,-0.0102200688,0.033024424,423.1686870829,1660.337645429,5.0
17640,0.0,2014.737671,274.77655,1676.341309,-0.9579988463,-0.2864341898,-0.0139163699,0.037780733,451.4006552191,1657.8805155502,5.0
17641,0.0,2011.620361,276.973053,1676.406738,-0.9527503904,-0.3034137241,-0.0143807381,0.0421045039,475.0484242678,1654.5460188826,5.0
17642,0.0,2008.808716,278.941528,1676.520752,-0.9501141127,-0.3116129378,-0.0134368855,0.0439560202,484.2519985331,1651.4785306637,5.0
17643,0.0,2006.161987,280.747437,1676.654907,-0.9495361624,-0.313370274,-0.013421912,0.0438878891,483.0319476612,1648.5671385967,5.0
17644,0.0,2003.45459,282.586548,1676.773193,-0.9494727147,-0.3135624591,-0.0134219294,0.0433200313,479.0754796787,1645.5067294047,5.0
17645,0.0,2000.107788,284.859161,1676.863892,-0.9494727147,-0.3135624591,-0.0134219294,0.0425255784,473.660149862,1641.6995735017,5.0
17646,0.0,1997.041626,286.939178,1676.835571,-0.9494727147,-0.3135624591,-0.0134219294,0.0417731179,468.5379787908,1638.1921856219,5.0
17647,0.0,1994.274536,288.77301,1676.797852,-0.9494727147,-0.3135624591,-0.0134219294,0.0410909586,463.878460543,1635.0232603303,5.0
17648,0.0,1991.238403,290.876251,1676.574707,-0.9494727147,-0.3135624591,-0.0134219294,0.0403108989,458.5677854511,1631.5437061574,5.0
17649,0.0,1988.062134,293.046783,1676.29248,-0.9494727147,-0.3135624591,-0.0134219294,0.0394860007,452.9328133216,1627.8981751643,5.0
17650,0.0,1984.827637,295.280243,1675.904053,-0.9491834334,-0.3144765013,-0.0124635447,0.0388769385,448.4690001068,1624.1793184403,5.0
17651,0.0,1982.204102,297.039459,1675.593506,-0.9486617414,-0.3160788782,-0.0116208038,0.0390633343,448.3950066331,1620.1093509443,5.0
17652,0.0,1979.083984,299.155853,1675.230713,-0.9483120461,-0.3171623238,-0.0105982786,0.0385179359,444.3040624612,1616.4289138797,5.0
17653,0.0,1976.447876,300.875427,1675.05603,-0.948046834,-0.3179817408,-0.0097371951,0.0380418577,440.7600092424,1613.3420612329,5.0
17654,0.0,1973.387329,302.870422,1674.835205,-0.9480005186,-0.3181243496,-0.009587226,0.0372611072,435.3378551206,1609.7828301005,5.0
17655,0.0,1970.331665,304.772583,1674.675903,-0.9480005186,-0.3181243496,-0.009587226,0.0364550111,429.7431310274,1606.2380063924,5.0
17656,0.0,1967.684692,306.358246,1674.575684,-0.9480005186,-0.3181243496,-0.009587226,0.0357668325,424.9242271644,1603.152116659,5.0
17657,0.0,1964.629395,308.180725,1674.454712,-0.9480005186,-0.3181243496,-0.009587226,0.0349627003,419.2616760674,1599.5480232538,5.0
17658,0.0,1961.672852,309.900269,1674.37793,-0.9480005186,-0.3181243496,-0.009587226,0.0341737639,413.6445587365,1595.9098124892,5.0
17659,0.0,1958.993286,311.353119,1674.428101,-0.9480005186,-0.3181243496,-0.009587226,0.0334785103,408.5959703618,1592.4348315861,5.0
17660,0.0,1953.195312,314.43988,1674.738037,-0.9480005186,-0.3181243496,-0.009587226,0.0320563757,397.9853042389,1584.5410685505,5.0
17661,0.0,1951.552734,315.3063355,1674.863159,-0.9480005186,-0.3181243496,-0.009587226,0.0316776316,395.0771165998,1582.2009604841,5.0
17662,0.0,1947.007812,317.679077,1675.218994,-0.9480005186,-0.3181243496,-0.009587226,0.0306809648,387.3164639892,1575.6995555277,5.0
17663,0.0,1943.613403,319.406677,1675.499756,-0.9480005186,-0.3181243496,-0.009587226,0.0299880995,381.788147046,1570.7734244595,5.0
17664,0.0,1940.132202,321.212494,1675.721069,-0.9471175702,-0.3207434942,-0.0095874528,0.029956047,380.3324758614,1565.6086103856,5.0
17665,0.0,1938.4820555,322.055237,1675.8206175,-0.9457093002,-0.324868204,-0.0086416769,0.0306812354,384.188450076,1563.1089217847,5.0
17666,0.0,1933.984985,324.279144,1675.887817,-0.9417554767,-0.3362450932,-0.0059882761,0.0327399604,394.9445231849,1556.2025955873,5.0
17667,0.0,1930.674805,325.830292,1675.815552,-0.93622288,-0.3513842201,-0.0039810681,0.0362187662,413.6368213788,1550.9786269039,5.0
17668,0.0,1927.742065,327.182037,1675.705688,-0.9309858352,-0.3650489067,-0.0021610825,0.039537431,430.4828708182,1546.2238740965,5.0
17669,0.0,1924.491211,328.628448,1675.540039,-0.9248903581,-0.3802290731,-0.0019176619,0.0433997291,448.996398208,1540.8071789553,5.0
17670,0.0,1921.368042,329.986877,1675.403687,-0.9179341517,-0.3967315641,-0.000979339,0.0479483499,469.7691172081,1535.5076247829,5.0
17671,0.0,1918.621948,331.142456,1675.167358,-0.9126600545,-0.4087194793,-0.0001104793,0.0512946758,483.9800296662,1530.7991460351,5.0
17672,0.0,1915.444824,332.43634,1674.822998,-0.9067359966,-0.4216977843,0.0009006945,0.0550219897,498.9751233496,1525.2934346627,5.0
17673,0.0,1912.695923,333.62027,1674.517456,-0.9025527872,-0.4305755548,0.0017770409,0.0574951713,508.1490516932,1520.5278525128,5.0
17674,0.0,1909.401245,335.013428,1674.1427,-0.8958039607,-0.4444403043,0.0028425092,0.0617893177,524.1924921442,1514.7243432892,5.0
17675,0.0,1906.738281,336.120331,1674.023682,-0.8892866086,-0.4573353963,0.003696372,0.0660963279,539.8659327026,1510.0100505475,5.0
17676,0.0,1903.718384,337.354828,1673.841553,-0.8834940676,-0.46841903,0.0046738351,0.0697202172,551.9876536631,1504.6651670994,5.0
17677,0.0,1900.582886,338.620575,1673.79834,-0.8777888472,-0.4790141198,0.0056756232,0.0732199778,563.1548967724,1499.3292061366,5.0
17678,0.0,1897.474121,339.85022,1673.824463,-0.8747252817,-0.4845733881,0.0066568111,0.0746499645,566.3788782425,1493.9545923211,5.0
17679,0.0,1894.235596,341.107086,1673.87854,-0.8732039683,-0.4872950169,0.007641745,0.0748420184,564.9868828379,1488.4437684224,5.0
17680,0.0,1890.889038,342.401581,1673.964966,-0.8731484139,-0.4873603877,0.009576004,0.0738702262,559.3148539467,1482.7873301748,5.0
17681,0.0,1888.006836,343.450012,1674.102783,-0.8731411262,-0.48735632,0.0104111023,0.0730342607,554.4453878819,1477.9456369359,5.0
17682,0.0,1884.589233,344.65274,1674.310913,-0.8743416017,-0.4851572222,0.0122161108,0.0711402246,545.3588674951,1472.2258366547,5.0
18108,0.0,1316.523438,246.550629,1676.711792,0.8675046503,0.493634935,0.0613207363,,,,
18109,0.0,1316.741699,247.331146,1676.590332,0.8675046503,0.493634935,0.0613207363,,,,
18110,0.0,1316.724976,246.649231,1676.697388,0.8675046503,0.493634935,0.0613207363,,,,
18111,0.0,1316.860962,246.836731,1676.676758,0.8675046503,0.493634935,0.0613207363,,,,
18112,0.0,1316.957764,246.893875,1676.665894,0.8675046503,0.493634935,0.0613207363,,,,
18113,0.0,1318.424805,253.305771,1676.457031,0.8782718932,0.4738560166,0.064023099,,,,
18114,0.0,1319.55249,257.366608,1675.675659,0.889190302,0.452765316,0.0659103595,,,,
18115,0.0,1321.66687,261.325806,1675.098755,0.9009945609,0.4283356388,0.0688286408,,,,
18116,0.0,1323.394043,264.777924,1674.79187,0.9128926675,0.4020211969,0.0707526312,,,,
18117,0.0,1324.670044,267.897827,1674.778931,0.9223623904,0.3794532247,0.0725456476,,,,
18118,0.0,1326.834351,273.853394,1674.924438,0.9350171242,0.3465627328,0.0750816198,,,,
18119,0.0,1327.5074465,275.916901,1674.977844,0.9389419062,0.3354015096,0.0758508764,,,,
18120,0.0,1328.180542,277.980408,1675.03125,0.9428666883,0.3242402865,0.076620133,,,,
18121,0.0,1329.160889,281.145935,1675.077637,0.9455982554,0.3161846401,0.0766238396,,,,
18122,0.0,1330.249268,284.28598,1675.06958,0.9479272115,0.3091323076,0.0766238744,,,,
18123,0.0,1332.303589,290.318878,1675.186279,0.950150983,0.3019596873,0.0776753289,,,,
18124,0.0,1333.346191,293.299438,1675.27771,0.9503102844,0.3014579683,0.0776753289,,,,
18125,0.0,1334.726929,296.956268,1675.419067,0.9505594613,0.3006713384,0.0776753289,,,,
18126,0.0,1335.918091,299.979919,1675.535278,0.9505988687,0.3005467254,0.0776753289,,,,
18127,0.0,1337.223755,303.155212,1675.618286,0.9508220498,0.2998399121,0.0776753289,,,,
18128,0.0,1338.486084,306.352783,1675.878052,0.9511090773,0.2989281959,0.0776753289,,,,
18129,0.0,1339.827759,309.493652,1675.997681,0.9513885194,0.2980376248,0.0776753463,,,,
18130,0.0,1341.474243,313.401001,1676.216187,0.9517377754,0.2969204442,0.0776753289,,,,
18131,0.0,1342.876221,316.612305,1676.42981,0.952304275,0.2950984768,0.0776753289,,,,
18132,0.0,1343.861206,318.794586,1676.52063,0.9525013305,0.2944618163,0.0776753115,,,,
18133,0.0,1345.693359,322.900604,1676.64978,0.9531381303,0.2923939941,0.0776753289,,,,
18134,0.0,1347.167603,325.965881,1676.708252,0.9534158472,0.2914871666,0.0776753115,,,,
18135,0.0,1348.56189,328.982727,1676.717407,0.9534365899,0.2914193065,0.0776753289,,,,
18136,0.0,1350.114868,332.174652,1676.652344,0.9537068916,0.2905334842,0.0776753463,,,,
18137,0.0,1351.636841,335.296265,1676.422607,0.9537433949,0.2904136359,0.0776753289,,,,
18138,0.0,1353.176758,338.388031,1676.317139,0.9539763729,0.2896474119,0.0776753289,,,,
18139,0.0,1354.709961,341.43335,1676.119507,0.9540213889,0.2894991066,0.0776753289,,,,
18140,0.0,1356.225098,344.269226,1676.140991,0.9542260791,0.2888237108,0.0776753115,,,,
18141,0.0,1358.28186,347.669586,1676.260742,0.954298501,0.2885843278,0.0776753289,,,,
18142,0.0,1360.160889,350.364258,1676.471436,0.954298501,0.2885843278,0.0776753289,,,,
18143,0.0,1362.174927,352.865387,1676.719238,0.954298501,0.2885843278,0.0776753289,,,,
18144,0.0,1364.322998,355.255524,1677.06897,0.9545542638,0.2877372078,0.0776753289,,,,
18145,0.0,1366.621338,357.550079,1677.323608,0.9548259369,0.2868344009,0.0776753289,,,,
18146,0.0,1368.938232,359.574219,1677.608398,0.955087114,0.285963543,0.0776753289,,,,
18147,0.0,1371.533203,361.34317,1677.768066,0.9558170228,0.2835143021,0.0776753463,,,,
18148,0.0,1374.064087,362.950958,1677.854736,0.9564159919,0.281707462,0.0768723375,,,,
18149,0.0,1377.472534,365.095093,1677.874756,0.9575919436,0.2777525052,0.076623857,,,,
18150,0.0,1380.145264,366.75827,1677.841919,0.9583477324,0.2751334421,0.0766238396,,,,
18151,0.0,1382.900757,368.270508,1677.74585,0.9597112945,0.2703387006,0.0766238744,,,,
18152,0.0,1385.6698,369.773163,1677.62561,0.9615754958,0.2638378748,0.0759087726,,,,
18153,0.0,1389.4729,371.708923,1677.385498,0.9645686949,0.2527480952,0.0756679138,,,,
18154,0.0,1391.681274,372.791931,1677.245728,0.9672600731,0.2420274666,0.0763587352,,,,
18155,0.0,1395.542358,374.610138,1676.868896,0.9712786767,0.2252698753,0.076623857,,,,
18156,0.0,1398.71167,376.101044,1676.406738,0.9742334976,0.211745022,0.0776732757,,,,
18157,0.0,1400.98938,377.122009,1676.16394,0.9756405725,0.2048984036,0.078371663,,,,
18158,0.0,1404.190186,378.502655,1675.81311,0.9769505155,0.1981736035,0.0793404883,,,,
18159,0.0,1410.513916,381.030792,1675.246338,0.9775995134,0.1948464077,0.0795868628,,,,
18160,0.0,1413.818848,382.233978,1674.984863,0.9775995134,0.1948464077,0.0795868628,,,,
18161,0.0,1415.831665,382.912857,1674.9197995,0.9775995134,0.1948464077,0.0795868628,,,,
18162,0.0,1417.844482,383.591736,1674.854736,0.9775995134,0.1948464077,0.0795868628,,,,
18163,0.0,1421.223877,384.698547,1674.942383,0.9775995134,0.1948464077,0.0795868628,,,,
18164,0.0,1427.475586,386.732574,1675.187134,0.9775995134,0.1948464077,0.0795868628,,,,
18165,0.0,1430.547485,387.728088,1675.436401,0.9775995134,0.1948464077,0.0795868628,,,,
18166,0.0,1433.603882,388.613708,1675.642578,0.9774683108,0.1955035363,0.0795868628,,,,
18167,0.0,1437.236206,389.652191,1676.109497,0.9766815211,0.1993969346,0.0795868628,,,,
18168,0.0,1440.474731,390.587219,1676.522461,0.9741739866,0.2113077799,0.0795868454,,,,
18169,0.0,1444.506958,391.792511,1677.133057,0.9683102176,0.2367303398,0.0795868628,,,,
18170,0.0,1447.677856,392.859131,1677.574707,0.9592115396,0.2712547709,0.0795868802,,,,
18171,0.0,1450.848267,393.90448,1677.845459,0.9431188262,0.3227891121,0.0795868628,,,,
18172,0.0,1453.97998,395.37677,1678.254517,0.9141586158,0.3976164543,0.0788364154,,,,
18173,0.0,1456.952759,396.652496,1678.356201,0.8718328082,0.4835611665,0.0779496806,,,,
18174,0.0,1460.180176,398.527649,1678.419556,0.8070625307,0.5854449385,0.0768394136,,,,
18175,0.0,1463.199097,400.237488,1678.314453,0.7301170313,0.678830908,0.0782158485,,,,
18176,0.0,1466.265991,401.975494,1677.98584,0.6284336918,0.7735567611,0.0817375819,,,,
18177,0.0,1468.734253,403.803284,1677.512329,0.5371554809,0.8392233359,0.0846651158,,,,
18178,0.0,1471.404053,406.066833,1676.155396,0.4084122395,0.9085294684,0.0881682919,,,,
18179,0.0,1473.226807,407.201782,1675.714355,0.3464996324,0.9337605125,0.0896064177,,,,
18180,0.0,1475.701782,408.667511,1675.253052,0.2641723383,0.9601900686,0.0908185429,,,,
18181,0.0,1478.362183,410.112732,1674.811035,0.200862259,0.9753790562,0.0910497099,,,,
18182,0.0,1481.016724,411.492371,1674.668579,0.1504446673,0.9846302647,0.0887110138,,,,
18183,0.0,1483.360596,412.715485,1674.579712,0.1175462936,0.9892623725,0.0868494514,,,,
18184,0.0,1486.823853,414.491486,1674.65332,0.0875810466,0.9926352711,0.0836945571,,,,
18185,0.0,1489.518311,415.940765,1674.807007,0.0708455731,0.9940580947,0.0826402388,,,,
18186,0.0,1496.151611,414.498108,1676.701294,0.0576281195,0.994988916,0.0817071408,,,,
18187,0.0,1498.875,416.077179,1676.701294,0.0497450792,0.9954841169,0.0808504797,,,,
18188,0.0,1501.678345,417.776733,1676.701294,0.0431702112,0.995862642,0.0799620609,,,,
18189,0.0,1505.723022,420.359192,1676.701294,0.0368396929,0.9961469612,0.0795868628,,,,
18190,0.0,1508.253296,422.045258,1676.701294,0.031989647,0.9963145054,0.0795868628,,,,
18191,0.0,1511.12439,424.019714,1676.701294,0.0247798582,0.996519888,0.0795868802,,,,
18192,0.0,1512.62439,425.071014,1676.701294,0.019193149,0.9966684306,0.0792695553,,,,
18193,0.0,1517.252319,428.454437,1676.701294,-0.0021976333,0.9969746855,0.0776958616,,,,
18194,0.0,1519.782715,430.379608,1676.701294,-0.0188758316,0.9970047683,0.0750013,,,,
18195,0.0,1522.234985,432.304199,1676.701294,-0.034606731,0.9967189246,0.0731693894,,,,
18196,0.0,1524.678711,434.278748,1676.701294,-0.0517257429,0.9961041339,0.0714212988,,,,
18197,0.0,1527.122192,436.311523,1676.701416,-0.0713503734,0.9951033659,0.0683989435,,,,
18198,0.0,1529.579224,438.489807,1676.701294,-0.0922197951,0.9935548973,0.0659103595,,,,
18199,0.0,1532.25415,440.956512,1676.701294,-0.1121236001,0.9916371127,0.0639072375,,,,
18200,0.0,1534.688965,443.27124,1676.701294,-0.1316995616,0.9893084443,0.062642058,,,,
18201,0.0,1538.0177,446.57608,1676.701294,-0.1593774429,0.9853099091,0.0613450378,,,,
18202,0.0,1540.153931,448.775848,1676.701294,-0.1727758081,0.9831011093,0.0605039582,,,,
18203,0.0,1543.901367,453.417999,1676.701294,-0.2021429356,0.9775312883,0.059756288,,,,
18204,0.0,1544.9938965,455.1246795,1676.701294,-0.2112692455,0.9755655609,0.059581525,,,,
18205,0.0,1546.086426,456.83136,1676.701294,-0.2203955554,0.9735998335,0.0594067621,,,,
18206,0.0,1547.537476,459.57666,1676.701294,-0.2347623295,0.9702357896,0.0594067447,,,,
18207,0.0,1548.754517,462.371429,1676.701294,-0.255274296,0.9650419009,0.0594067621,,,,
18208,0.0,1549.845947,465.443298,1676.701294,-0.2783948037,0.9586277535,0.0594067621,,,,
18209,0.0,1550.629028,468.465607,1676.701294,-0.3125141503,0.9480536601,0.0594067621,,,,
18210,0.0,1551.606567,474.268677,1676.701294,-0.3755016891,0.9248180931,0.0609095737,,,,
18211,0.0,1551.818359,477.033997,1676.701294,-0.4073056407,0.9112309709,0.0613207363,,,,
18212,0.0,1551.854614,480.674286,1676.701294,-0.4533295099,0.8891738454,0.0621468277,,,,
18213,0.0,1551.74585,483.023529,1676.701294,-0.4824305034,0.8737175208,0.0622776306,,,,
18214,0.0,1551.374512,486.603363,1676.701294,-0.5281882849,0.8468403806,0.062277648,,,,
18215,0.0,1550.883179,490.099762,1676.701294,-0.5603390551,0.825918663,0.062277648,,,,
18216,0.0,1550.416138,492.564392,1676.701294,-0.5810742588,0.8115686319,0.0609020653,,,,
18217,0.0,1549.618652,496.108459,1676.701294,-0.6059827988,0.7933106394,0.058677738,,,,
18218,0.0,1548.94812,498.658112,1676.701294,-0.6192186438,0.7831906834,0.0563970268,,,,
18219,0.0,1547.773682,502.529785,1676.701294,-0.6368729425,0.7690980931,0.0536747461,,,,
18220,0.0,1546.934448,504.985596,1676.701294,-0.6434912995,0.7636764892,0.052126454,,,,
18221,0.0,1545.831909,507.912842,1676.701294,-0.6512972068,0.7571062833,0.0510100406,,,,
18222,0.0,1544.674561,510.455566,1676.701294,-0.6578885849,0.7514428092,0.0501628792,,,,
18223,0.0,1542.942627,513.488281,1676.701294,-0.6638165364,0.7462837879,0.0490725379,,,,
18224,0.0,1541.016479,516.222473,1676.701294,-0.669319063,0.7413657078,0.0488761625,,,,
18225,0.0,1539.546021,517.9953,1676.701294,-0.6727040241,0.7382956161,0.0488761625,,,,
18226,0.0,1537.103027,520.513794,1676.610718,-0.6783976068,0.7330673965,0.0488761625,,,,
18227,0.0,1535.302124,522.111755,1676.592163,-0.6824422767,0.7293035443,0.0488761625,,,,
18228,0.0,1532.904297,523.982422,1676.609253,-0.6875110468,0.7245272123,0.0488761625,,,,
18229,0.0,1530.527222,525.607178,1676.614746,-0.6922544173,0.7199964878,0.0488761625,,,,
18230,0.0,1524.995728,529.824646,1673.641357,-0.7017147917,0.7107794831,0.0488761451,,,,
18231,0.0,1522.768799,530.900146,1673.454712,-0.7089910079,0.7035217621,0.0488761799,,,,
18232,0.0,1519.755005,532.137146,1673.252563,-0.7220330989,0.6901299332,0.0488761625,,,,
18233,0.0,1517.475586,532.950684,1673.092773,-0.7323558349,0.6792127612,0.0482177987,,,,
18234,0.0,1514.198975,533.907288,1673.041138,-0.7513522381,0.6582130499,0.0471740942,,,,
18235,0.0,1511.099121,534.644531,1672.997192,-0.7704893916,0.6357750925,0.0462182787,,,,
18236,0.0,1507.727051,535.093445,1673.064209,-0.8047972582,0.5917643788,0.0460031865,,,,
18237,0.0,1503.830078,535.490967,1673.571899,-0.8381666708,0.543621187,0.044188653,,,,
18238,0.0,1500.316284,535.662537,1673.936035,-0.8674362368,0.4957518528,0.0422430518,,,,
18239,0.0,1497.791626,535.66925,1674.258179,-0.8876060293,0.4589020984,0.0395525068,,,,
18240,0.0,1493.609619,535.351807,1674.685303,-0.924722498,0.3793027181,0.0319021894,,,,
18241,0.0,1489.902344,535.031067,1674.939331,-0.9450979909,0.3257229127,0.0263509325,,,,
18242,0.0,1486.026611,534.5896,1674.877563,-0.9623735252,0.2710892886,0.0186492803,,,,
18243,0.0,1482.447876,533.98584,1674.568237,-0.9745421098,0.2238921054,0.0118322185,,,,
18244,0.0,1479.03479,533.422424,1673.774658,-0.979899651,0.1993356587,0.0078720518,,,,
18245,0.0,1473.475708,532.257874,1671.657104,-0.9843392729,0.1762565457,0.0031346237,,,,
18246,0.0,1470.822388,531.651855,1669.993042,-0.9844763829,0.1754935296,0.0028762114,,,,
18247,0.0,1468.196533,531.077087,1668.523804,-0.9839435149,0.1784569607,0.0028762114,,,,
18248,0.0,1466.178711,530.557434,1666.601807,-0.9826712874,0.1853209352,0.0036458102,,,,
18249,0.0,1464.21814,530.142639,1665.292114,-0.9811075092,0.1934253047,0.0038349502,,,,
18250,0.0,1463.036133,529.618469,1663.241699,-0.9800292767,0.1988011017,0.0045539846,,,,
18251,0.0,1461.55542,529.161194,1661.807495,-0.9786707842,0.2053789591,0.0047936681,,,,
18252,0.0,1460.914185,528.692139,1660.263428,-0.9776604742,0.2101357133,0.0047936681,,,,
18253,0.0,1459.92395,528.338074,1659.357788,-0.9766617247,0.2147571671,0.0033518287,,,,
18254,0.0,1458.7201535,528.2974855,1659.376526,-0.9756898864,0.2190967316,0.0021627738,,,,
18255,0.0,1457.516357,528.256897,1659.395264,-0.9747180482,0.2234362961,0.000973719,,,,
18256,0.0,1454.312256,528.337341,1659.396362,-0.97254424,0.2326978827,-0.0030653868,,,,
18257,0.0,1452.100464,528.658752,1659.286011,-0.9701226694,0.2424419338,-0.0091605117,,,,
18258,0.0,1450.148438,529.071106,1659.170532,-0.9683192513,0.2493112633,-0.0142028723,,,,
18259,0.0,1448.471924,529.533752,1659.022827,-0.9661399036,0.2571318311,-0.0213754089,,,,
18260,0.0,1447.066528,529.999207,1658.887939,-0.9643140333,0.2633828639,-0.0269798476,,,,
18261,0.0,1445.544434,530.550598,1658.553833,-0.9629864783,0.2677174898,-0.0313749626,,,,
18262,0.0,1443.666016,531.15271,1658.277344,-0.9620421813,0.2706055315,-0.0353197919,,,,
18263,0.0,1442.493652,531.592102,1658.202271,-0.9619836757,0.2706902496,-0.0362518461,,,,
18264,0.0,1440.918945,532.165894,1658.005615,-0.9624083058,0.2691533815,-0.0364240312,,,,
18265,0.0,1439.470215,532.831604,1657.940674,-0.963423372,0.2653722753,-0.037322404,,,,
18266,0.0,1438.403687,533.42749,1657.884644,-0.9643866426,0.261841493,-0.0373822968,,,,
18267,0.0,1437.276611,534.100647,1657.831787,-0.96590686,0.2560594269,-0.0381773197,,,,
18268,0.0,1436.40332,534.751404,1657.77832,-0.9681616387,0.2471163929,-0.0399565974,,,,
18269,0.0,1435.563599,535.500854,1657.799683,-0.9706730053,0.2367189999,-0.0419288918,,,,
18270,0.0,1434.978271,536.116638,1657.818604,-0.971802069,0.2318856012,-0.0427762387,,,,
18271,0.0,1434.137207,537.023926,1657.90625,-0.9724082609,0.2291316462,-0.0438276501,,,,
18272,0.0,1433.282471,537.999634,1658.006714,-0.9726462418,0.2280692003,-0.0440877318,,,,
18273,0.0,1432.470337,538.991577,1658.171875,-0.9726756936,0.2279435778,-0.0440876446,,,,
18274,0.0,1431.918823,539.677429,1658.307983,-0.9726756936,0.2279435778,-0.0440876446,,,,
18275,0.0,1431.156006,540.585022,1658.638794,-0.9726756936,0.2279435778,-0.0440876446,,,,
18276,0.0,1430.243164,541.698669,1658.923218,-0.9728476702,0.2270253026,-0.0450213577,,,,
18277,0.0,1429.53894,542.568359,1659.038818,-0.9731321735,0.225253321,-0.0476939655,,,,
18278,0.0,1428.825439,543.432556,1659.15625,-0.9741301054,0.220096993,-0.0512625731,,,,
18279,0.0,1428.078491,544.320679,1659.213379,-0.9753530244,0.2136694902,-0.0550620256,,,,
18280,0.0,1427.297119,545.313293,1659.183594,-0.9763110353,0.2083810386,-0.0582589484,,,,
18281,0.0,1426.786743,545.965271,1659.155396,-0.9768888951,0.2050740176,-0.0602721659,,,,
18282,0.0,1425.960327,547.087036,1658.917725,-0.9775563866,0.2010795708,-0.0628531402,,,,
18283,0.0,1425.259155,548.067688,1658.756104,-0.977754137,0.1997505409,-0.0640044449,,,,
18284,0.0,1424.495483,549.154358,1658.53894,-0.9778421504,0.198690946,-0.0659290288,,,,
18285,0.0,1423.940674,549.915161,1658.485962,-0.9780258423,0.1972738816,-0.0674423262,,,,
18286,0.0,1423.246338,550.92041,1658.237427,-0.9782770514,0.1953463402,-0.0693816844,,,,
18287,0.0,1422.522705,551.966736,1658.167114,-0.9785415135,0.1932508184,-0.071488653,,,,
18288,0.0,1421.325195,553.738586,1657.951904,-0.9792341338,0.1880354887,-0.0757836797,,,,
18289,0.0,1420.643433,554.707031,1657.883301,-0.9793698405,0.1857962278,-0.0794636849,,,,
18290,0.0,1419.886353,555.716553,1657.822144,-0.9795371241,0.1837956018,-0.0820134096,,,,
18291,0.0,1419.148804,556.708252,1657.808228,-0.9795971781,0.1825937244,-0.0839577308,,,,
18292,0.0,1418.362671,557.746277,1657.851929,-0.9796806204,0.1815806225,-0.0851725285,,,,
18293,0.0,1417.607178,558.714905,1657.886841,-0.9797719195,0.1806431057,-0.0861107089,,,,
18294,0.0,1416.934692,559.594543,1657.918701,-0.979787714,0.1804790181,-0.086274907,,,,
18295,0.0,1416.229736,560.534607,1657.942993,-0.9798578819,0.1797427873,-0.087011848,,,,
18296,0.0,1415.528809,561.426331,1658.118408,-0.9800073583,0.1788196864,-0.087230141,,,,
18297,0.0,1414.782593,562.366577,1658.279297,-0.9800501544,0.1785850456,-0.0872300192,,,,
18298,0.0,1414.000854,563.191833,1658.428589,-0.9801219589,0.1778075267,-0.0880081198,,,,
18299,0.0,1413.274414,564.056885,1658.525513,-0.980138177,0.1776303681,-0.0881850687,,,,
18300,0.0,1412.518066,564.840332,1658.695679,-0.980138177,0.1776303681,-0.0881850687,,,,
18301,0.0,1411.779907,565.750793,1658.781616,-0.980138177,0.1776303681,-0.0881850687,,,,
18302,0.0,1410.999512,566.590332,1658.873901,-0.9802855029,0.1768153764,-0.0881853469,,,,
18303,0.0,1410.212402,567.502869,1658.901367,-0.9803080286,0.1766905848,-0.0881850687,,,,
18304,0.0,1409.660034,568.180664,1658.900269,-0.9802484758,0.176679851,-0.0888659432,,,,
18305,0.0,1408.861206,569.1651,1658.83667,-0.9803643252,0.1758972705,-0.0891400024,,,,
18306,0.0,1408.139526,570.170349,1658.771118,-0.9805403878,0.1749131349,-0.0891400198,,,,
18307,0.0,1407.483765,571.183289,1658.6875,-0.9806323778,0.1739747112,-0.0899607661,,,,
18308,0.0,1406.843018,572.153503,1658.621948,-0.9807793014,0.1730746617,-0.0900950801,,,,
18309,0.0,1406.220093,573.230408,1658.483765,-0.9810031394,0.1714042975,-0.0908482646,,,,
18310,0.0,1405.563965,574.297363,1658.379028,-0.9814417481,0.1687663197,-0.0910495709,,,,
18311,0.0,1404.941284,575.337769,1658.314819,-0.9815983728,0.1674593977,-0.0917713714,,,,
18312,0.0,1404.301147,576.353821,1658.262573,-0.9818483489,0.1658583485,-0.0920044994,,,,
18313,0.0,1403.609741,577.388428,1657.883789,-0.9821068715,0.1639165367,-0.0927224998,,,,
18314,0.0,1402.790649,578.679077,1657.930176,-0.9824715321,0.1615805126,-0.0929592739,,,,
18315,0.0,1402.168457,579.546448,1657.987793,-0.9823960582,0.1615492927,-0.0938073074,,,,
18316,0.0,1401.559814,580.682861,1658.018311,-0.9823861703,0.1615476667,-0.0939135979,,,,
18317,0.0,1401.053955,580.39325,1658.124268,-0.9822378487,0.1624470719,-0.0939135632,,,,
18318,0.0,1400.79834,580.414917,1658.25769,-0.9816477746,0.165975578,-0.0939135458,,,,
18319,0.0,1400.609253,580.689392,1658.418457,-0.9810901502,0.1697236862,-0.0930375602,,,,
18320,0.0,1400.36792,580.614746,1658.368286,-0.9804782242,0.1732657553,-0.0929592912,,,,
18321,0.0,1400.152588,580.948181,1658.576172,-0.9790357221,0.1812391465,-0.0929592739,,,,
18322,0.0,1399.954834,581.361511,1658.743286,-0.9768620491,0.1926112851,-0.0929592912,,,,
18323,0.0,1399.760742,581.814758,1658.935913,-0.9740638643,0.2062962881,-0.0929592912,,,,
18324,0.0,1399.575684,582.293945,1659.123169,-0.9714238303,0.2191530156,-0.0911465727,,,,
18325,0.0,1399.435547,582.621826,1659.18457,-0.9706153901,0.223015285,-0.0903877596,,,,
18326,0.0,1399.245728,583.0896,1659.504272,-0.970336766,0.2251538584,-0.0880471503,,,,
18327,0.0,1399.033447,583.554016,1659.791382,-0.9708276508,0.2247771038,-0.0834800937,,,,
18328,0.0,1399.040771,583.905396,1659.735596,-0.9716376625,0.2229265437,-0.0788923878,,,,
18329,0.0,1398.415649,583.789673,1659.356934,-0.9725048964,0.220002846,-0.07637391,,,,
18330,0.0,1398.669434,584.477844,1659.412354,-0.9748415158,0.2114729001,-0.0704502066,,,,
18331,0.0,1398.760254,584.571411,1659.449463,-0.9751427344,0.2102987037,-0.0697795359,,,,
18332,0.0,1399.205078,584.78894,1659.615845,-0.9755094388,0.2088632981,-0.0689743255,,,,
18333,0.0,1399.4248655,584.9113765,1659.7630005,-0.9755094388,0.2088632981,-0.0689743255,,,,
18334,0.0,1398.979614,585.787415,1661.554443,-0.9755094388,0.2088632981,-0.0689743255,,,,
18335,0.0,1399.321289,585.998108,1662.002563,-0.9755094388,0.2088632981,-0.0689743255,,,,
18336,0.0,1399.225342,586.159058,1662.161255,-0.9756889618,0.2080230456,-0.0689743603,,,,
18337,0.0,1398.102173,585.917603,1661.834717,-0.976176879,0.2055141595,-0.0695890159,,,,
18338,0.0,1398.057861,586.106995,1661.923828,-0.9771250017,0.200388494,-0.0712122359,,,,
18339,0.0,1398.419922,586.326355,1662.177612,-0.9778815666,0.1958274613,-0.0734795698,,,,
18935,0.0,-204.333313,-1302.820923,1722.701294,1.0,0.0,0.0,0.051673337,576.5575160548,1817.0986129262,3.0
18936,0.0,-204.163071,-1302.820923,1722.701294,1.0,0.0,0.0,0.0519606285,577.1643658856,1814.1092897859,3.0
18937,0.0,-204.028503,-1302.820923,1722.701294,1.0,0.0,0.0,0.0522148216,577.755264413,1811.6591165601,3.0
18938,0.0,-204.906128,-1301.452026,1722.693481,0.9847259827,0.1741095207,0.0007834957,0.011380736,272.1712482767,1809.1778019035,3.0
18939,0.0,-210.195755,-1300.791382,1722.639404,0.3066728917,0.9517478995,0.0112992655,0.0188586994,229.3101935318,1186.3416174348,5.0
18940,0.0,-211.176407,-1297.308472,1722.69458,-0.783008231,0.6215975765,0.0226839834,,,,
18941,0.0,-212.330399,-1296.505005,1722.701294,-0.8311962599,0.5555028573,0.0230076749,,,,
18942,0.0,-205.023987,-1294.301392,1722.702271,0.9880832205,0.153919117,0.0006743952,0.0146539638,306.5123448334,1797.017499808,3.0
18943,0.0,-204.346298,-1295.450439,1722.701294,1.0,0.0,0.0,0.052949466,576.0705783196,1794.1398446381,3.0
18944,0.0,-203.987106,-1295.275024,1722.701294,1.0,0.0,0.0,0.0532962251,577.0434766029,1791.4734461125,3.0
18945,0.0,-203.368423,-1295.121216,1722.701294,1.0,0.0,0.0,0.0537172007,578.2092945174,1788.2383735285,3.0
18946,0.0,-202.495468,-1294.994629,1722.701294,1.0,0.0,0.0,0.0541635386,579.4217451638,1784.7940367845,3.0
18947,0.0,-201.576904,-1294.903076,1722.701294,1.0,0.0,0.0,0.0545508894,580.4463183357,1781.7682074718,3.0
18948,0.0,-200.304642,-1295.030029,1722.701294,1.0,0.0,0.0,0.055068242,581.9207837724,1778.1200481159,3.0
18949,0.0,-198.831299,-1295.166748,1722.701294,1.0,0.0,0.0,0.0556464579,583.6414113038,1774.351746865,3.0
18950,0.0,-197.075073,-1295.307007,1722.701294,1.0,0.0,0.0,0.0562072004,585.1163345938,1770.1956157101,3.0
18951,0.0,-195.500092,-1295.411865,1722.701294,1.0,0.0,0.0,0.0566920031,586.3658347078,1766.5947585807,3.0
18952,0.0,-193.533447,-1295.482056,1722.701294,1.0,0.0,0.0,0.057170054,587.4064416381,1762.5319932937,3.0
18953,0.0,-189.380249,-1295.53186,1722.701294,1.0,0.0,0.0,0.0582725127,589.7388672297,1753.2091930367,3.0
18954,0.0,-188.04245,-1295.5516965,1722.701294,1.0,0.0,0.0,0.0585746463,590.281583591,1750.4402823099,3.0
18955,0.0,-184.409103,-1295.610718,1722.701294,1.0,0.0,0.0,0.0593812537,591.6714296452,1742.953522303,3.0
18956,0.0,-182.073486,-1295.654541,1722.701294,1.0,0.0,0.0,0.0598833468,592.4647300607,1738.1831972911,3.0
18957,0.0,-179.199631,-1295.710693,1722.701294,1.0,0.0,0.0,0.0604874975,593.3619093572,1732.3696360805,3.0
18958,0.0,-176.446991,-1295.77063,1722.701294,1.0,0.0,0.0,0.0610658389,594.2186560478,1726.8936312506,3.0
18959,0.0,-173.607101,-1295.835693,1722.701294,1.0,0.0,0.0,0.0616579437,595.0776915027,1721.3292223292,3.0
18960,0.0,-171.122681,-1295.893921,1722.701294,1.0,0.0,0.0,0.062167547,595.7909956492,1716.5401152773,3.0
18961,0.0,-167.916138,-1295.971558,1722.701294,1.0,0.0,0.0,0.0628296314,596.7092677671,1710.3957879787,3.0
18962,0.0,-164.636581,-1296.054932,1722.701294,1.0,0.0,0.0,0.0634780958,597.4857686554,1704.1366366992,3.0
18963,0.0,-161.879684,-1296.126831,1722.701294,1.0,0.0,0.0,0.06401635,598.1069040322,1698.9575148678,3.0
18964,0.0,-158.579559,-1296.215454,1722.701294,1.0,0.0,0.0,0.0646055008,598.5457901149,1692.6917629685,3.0
18965,0.0,-155.735672,-1296.293945,1722.701294,0.9999966978,0.0024380298,0.0008126776,0.064231292,594.9378959424,1687.2194437739,3.0
18966,0.0,-152.403091,-1296.384644,1722.701294,0.9999338571,0.011358532,0.0018069908,0.061659771,581.0832183655,1680.8245189464,3.0
18967,0.0,-149.052811,-1296.468628,1722.701294,0.9995946068,0.0282338789,0.0036701574,0.056473038,554.7249665502,1674.4101658021,3.0
18968,0.0,-145.528809,-1296.541382,1722.701294,0.9980790591,0.0617685665,0.0047786933,0.0463549118,501.8614839334,1667.6816574002,3.0
18969,0.0,-142.443024,-1296.578491,1722.701294,0.9944544157,0.105059202,0.0047936681,0.0345254987,432.8953691653,1661.8019052998,3.0
18970,0.0,-139.178604,-1296.570801,1722.701294,0.9824304085,0.1865876233,0.0039435089,0.0166694366,301.0284495918,1655.5775524297,3.0
18971,0.0,-135.633575,-1296.470581,1722.701294,0.9564568305,0.2918486329,0.0038349502,0.0031163004,130.0638543924,1648.7719061165,3.0
18972,0.0,-133.190796,-1294.876343,1722.701172,0.9006175914,0.4345223661,0.0088468888,0.0038992755,144.9373855752,1642.8474451181,3.0
18973,0.0,-130.768875,-1293.382568,1722.70105,0.8188214421,0.5736638986,0.0210042258,0.0304043953,400.4713935119,1636.4953688683,3.0
18974,0.0,-128.110535,-1292.188721,1722.701172,0.7460924453,0.6649626502,0.0342160328,0.0656888978,581.1782104567,1630.4225518111,3.0
18975,0.0,-126.260048,-1291.102661,1722.700684,0.6399132858,0.7665108171,0.0545174643,0.0336775002,293.120439354,1139.0657806708,5.0
18976,0.0,-123.904716,-1290.04541,1722.70105,0.5453811606,0.8351750407,0.0710073307,0.0119178879,175.0302696301,1137.0939655431,5.0
18977,0.0,-121.931503,-1289.131958,1722.700562,0.4497487087,0.8890126622,0.085921973,0.0037209655,97.8576767808,1135.419782506,5.0
18978,0.0,-119.553963,-1287.981812,1722.700928,0.369176204,0.9242420295,0.0973940514,0.0057700129,121.5749093095,1133.3601521492,5.0
18979,0.0,-116.862,-1285.85437,1722.70105,0.2793902938,0.953784145,0.1106203803,0.0166031057,205.1102310887,1130.2846838126,5.0
18980,0.0,-114.239594,-1283.923828,1722.701294,0.2644157748,0.9578805219,0.1120232284,0.01895338,218.4626780436,1127.4221681106,5.0
18981,0.0,-112.101425,-1282.209473,1722.701294,0.2642990521,0.9579116476,0.1120325245,0.0187977619,217.0981959189,1124.964292581,5.0
18982,0.0,-109.528198,-1279.91394,1722.701294,0.2642990521,0.9579116476,0.1120325245,0.018599912,215.3552541904,1121.7961318441,5.0
18983,0.0,-107.435181,-1277.826172,1722.701294,0.2642990521,0.9579116476,0.1120325245,0.0184518326,213.9743594502,1119.0246792797,5.0
18984,0.0,-105.082588,-1275.249512,1722.701294,0.2642990521,0.9579116476,0.1120325245,0.0182989151,212.461293373,1115.7016514499,5.0
18985,0.0,-103.261536,-1273.062744,1722.701294,0.2642990521,0.9579116476,0.1120325245,0.0181919754,211.323735106,1112.9548776422,5.0
18986,0.0,-101.016205,-1270.150879,1722.701294,0.2642990521,0.9579116476,0.1120325245,0.0180731203,209.9603693741,1109.3713465724,5.0
18987,0.0,-99.25605,-1267.674927,1722.701294,0.2642990521,0.9579116476,0.1120325245,0.0179908414,208.9226996755,1106.386997774,5.0
18988,0.0,-97.266296,-1264.685181,1722.701294,0.2642990521,0.9579116476,0.1120325245,0.0179095935,207.7869834828,1102.843134377,5.0
18989,0.0,-95.641434,-1262.071777,1722.701294,0.2642990521,0.9579116476,0.1120325245,0.0178527989,206.8863890245,1099.7926462199,5.0
18990,0.0,-93.377266,-1256.843628,1723.848145,0.2642990521,0.9579116476,0.1120325245,0.0179770998,206.5227545911,1094.0917940718,5.0
18991,0.0,-91.584358,-1253.643433,1723.68811,0.2642990521,0.9579116476,0.1120325245,0.0179173247,205.4940368172,1090.439962604,5.0
18992,0.0,-89.953491,-1250.578979,1723.535767,0.2642990521,0.9579116476,0.1120325245,0.0178704676,204.5762936948,1086.9794446348,5.0
18993,0.0,-88.495392,-1247.688965,1723.248779,0.2642990521,0.9579116476,0.1120325245,0.0178219341,203.6941724235,1083.7518554757,5.0
18994,0.0,-85.583534,-1241.553101,1722.546997,0.2642990521,0.9579116476,0.1120325245,0.0179607661,203.2038085676,1076.9940178597,5.0
18995,0.0,-84.8604695,-1239.8793945,1722.340088,0.2642990521,0.9579116476,0.1120325245,0.0180411838,203.3236031369,1075.2528930572,5.0
18996,0.0,-84.137405,-1238.205688,1722.133179,0.2642990521,0.9579116476,0.1120325245,0.0181216016,203.4433977062,1073.5117682547,5.0
18997,0.0,-81.614151,-1231.834961,1721.523071,0.2626819256,0.9585570952,0.1103018641,0.018420091,203.8921925213,1067.207613247,5.0
18998,0.0,-80.9642105,-1230.145996,1721.3918455,0.2627938435,0.9592972486,0.1031320421,0.0175514963,198.7095803463,1065.5646004576,5.0
18999,0.0,-79.271423,-1225.569336,1721.176392,0.262308065,0.9611115135,0.0863662991,0.0157650448,187.6747830396,1061.1133304298,5.0
19000,0.0,-78.123398,-1222.159424,1721.174683,0.2605980245,0.9621400782,0.0798444713,0.0153568004,184.6652758568,1057.7758537915,5.0
19001,0.0,-77.18486,-1219.185303,1721.232666,0.254132789,0.9642282125,0.0753689572,0.0160506167,188.219879554,1054.761659932,5.0
19002,0.0,-76.175293,-1215.79187,1721.358276,0.2506643326,0.965384902,0.0721067503,0.0163731371,189.4672041636,1051.3276982027,5.0
19003,0.0,-75.169464,-1212.324707,1721.632324,0.2478086601,0.9664078262,0.0681673043,0.0166720748,190.533899443,1047.8042774158,5.0
19004,0.0,-74.308456,-1209.211914,1721.965088,0.2435467,0.9675012038,0.0680178329,0.0175166244,194.6609277971,1044.5970692271,5.0
19005,0.0,-73.414368,-1205.735107,1722.420044,0.2370104733,0.9690602921,0.0689070812,0.0188805569,201.3268635179,1040.9718776638,5.0
19006,0.0,-72.541397,-1202.151489,1722.910767,0.2246616668,0.9718577299,0.0708497588,0.0215157557,214.0120653498,1037.274396047,5.0
19007,0.0,-71.732201,-1198.689087,1723.318604,0.2123926151,0.9743995167,0.073722174,0.0243260466,226.6168365028,1033.7101215519,5.0
19008,0.0,-71.005722,-1195.334961,1723.653564,0.1952102747,0.9776946401,0.0774992863,0.0284942645,244.1882566432,1030.2604448826,5.0
19009,0.0,-70.339333,-1191.928711,1724.282471,0.177769713,0.9807760439,0.0804753433,0.0330139412,261.6448361546,1026.7455766684,5.0
19010,0.0,-69.595543,-1189.033569,1724.638062,0.1584541703,0.9837976375,0.083871833,0.038303587,280.6163043192,1023.710785241,5.0
19011,0.0,-68.420631,-1185.693481,1724.491699,0.1319767736,0.9872828179,0.0886271333,0.0460412035,305.9719739985,1020.118477561,5.0
19012,0.0,-67.081078,-1182.352295,1724.200928,0.1048957848,0.9901500074,0.0927353075,0.0546210981,331.3295235953,1016.4308117073,5.0
19013,0.0,-65.872482,-1179.511353,1723.89856,0.0669910299,0.9928662449,0.0986347893,0.0678000225,366.7474298006,1013.2721906428,5.0
19014,0.0,-64.427757,-1176.294922,1723.463135,0.0247167716,0.9942810397,0.1038955984,0.0839900823,405.0264070716,1009.6490935335,5.0
19015,0.0,-62.809364,-1173.02124,1722.908936,-0.0298210045,0.9937846517,0.1072509849,0.1071053836,452.9177371773,1005.8899299022,5.0
19016,0.0,-61.518486,-1170.516724,1722.518066,-0.0792384094,0.9907074848,0.1105439007,0.1304158046,495.2572120225,1002.9820989421,5.0
19017,0.0,-59.898499,-1167.349976,1721.986206,-0.1455575021,0.9827845728,0.113787069,,,,
19018,0.0,-58.647106,-1164.696777,1721.522461,-0.189810775,0.9749910138,0.115604467,,,,
19019,0.0,-57.354946,-1161.823853,1721.24231,-0.2474044357,0.9618589362,0.1166980383,,,,
19020,0.0,-56.165421,-1159.317505,1721.065063,-0.291413284,0.949440514,0.116794727,,,,
19021,0.0,-54.631161,-1156.273682,1720.987793,-0.3344427513,0.9351508124,0.1167947097,,,,
19022,0.0,-53.053143,-1153.215576,1721.047974,-0.3675881347,0.9228526328,0.1149868747,,,,
19023,0.0,-51.506924,-1150.225342,1721.208252,-0.3920717933,0.9130736002,0.112144146,,,,
19024,0.0,-49.825569,-1147.045776,1721.466187,-0.4078805437,0.9063689678,0.1101306323,,,,
19025,0.0,-48.41048,-1144.352295,1721.694214,-0.4154387447,0.9031283381,0.108488959,,,,
19026,0.0,-46.631107,-1140.966309,1721.987793,-0.4215079376,0.900343986,0.1082209106,,,,
19027,0.0,-45.119705,-1137.997437,1722.212158,-0.4256232064,0.8985026126,0.1074148096,,,,
19028,0.0,-43.437302,-1134.689087,1722.434814,-0.4292789899,0.8967793369,0.1072677476,,,,
19029,0.0,-41.696476,-1131.180542,1722.478638,-0.4337941511,0.8946039751,0.1072677129,,,,
19030,0.0,-40.055866,-1127.883301,1722.386353,-0.4373284893,0.8928815299,0.1072677302,,,,
19031,0.0,-38.550594,-1124.863892,1722.33728,-0.4398120816,0.8917638441,0.1064076091,,,,
19032,0.0,-36.845978,-1121.477905,1722.187866,-0.4425396578,0.8904245512,0.1063144859,,,,
19033,0.0,-35.458324,-1118.567017,1721.977661,-0.4456615361,0.8888661438,0.1063145033,,,,
19034,0.0,-33.986603,-1115.48999,1721.720215,-0.4490340512,0.8871672037,0.1063145033,,,,
19035,0.0,-32.44648,-1112.107544,1721.415161,-0.45357615,0.8848536052,0.1063145033,,,,
19036,0.0,-31.170408,-1109.192505,1721.213013,-0.4583384033,0.8823962478,0.1063144859,,,,
19037,0.0,-28.68012,-1103.045776,1720.740112,-0.4658676262,0.8784444099,0.1063145033,,,,
19038,0.0,-28.037937,-1101.347107,1720.6541135,-0.4681468316,0.8772280754,0.1063145033,,,,
19039,0.0,-26.379395,-1096.827026,1720.517334,-0.4770557798,0.8724190561,0.1063145033,,,,
19040,0.0,-25.249155,-1093.558228,1720.575562,-0.4840845646,0.8685386373,0.1063144859,,,,
19041,0.0,-24.130049,-1090.186035,1720.75708,-0.491300116,0.8645897172,0.1053983728,,,,
19042,0.0,-23.096073,-1086.924438,1721.012085,-0.5005648817,0.8592635406,0.1053611266,,,,
19043,0.0,-22.203566,-1084.056274,1721.225342,-0.5091295863,0.8543168643,0.1045454911,,,,
19044,0.0,-21.172371,-1080.521729,1721.546631,-0.5272551537,0.8432680699,0.1044076877,,,,
19045,0.0,-20.211626,-1077.133667,1721.753784,-0.5456014988,0.8317247229,0.1027277459,,,,
19046,0.0,-19.246138,-1073.411255,1721.976074,-0.5754868234,0.8117075548,0.0997284389,,,,
19047,0.0,-18.492052,-1070.246338,1722.015259,-0.5977823754,0.795767606,0.0970059216,,,,
19048,0.0,-17.749428,-1066.659912,1722.012207,-0.6311850512,0.7699237089,0.0939303659,,,,
19049,0.0,-17.18018,-1063.692017,1721.937866,-0.6587713611,0.7468786787,0.0905126127,,,,
19050,0.0,-16.705444,-1060.348389,1721.725098,-0.6917310924,0.716844332,0.0874202462,,,,
19051,0.0,-16.339117,-1057.072021,1721.447021,-0.7208381852,0.6878264461,0.0853644589,,,,
19052,0.0,-16.079414,-1054.348145,1721.248047,-0.7451320575,0.6617513432,0.0828454988,,,,
19053,0.0,-15.792758,-1051.152466,1720.969238,-0.7632112559,0.6408665846,0.0824536215,,,,
19054,0.0,-15.521193,-1048.154663,1720.596191,-0.777642495,0.6233811206,0.0816586088,,,,
19055,0.0,-15.228659,-1044.643921,1720.096924,-0.7905358187,0.6069688376,0.0814981563,,,,
19056,0.0,-14.961531,-1041.256836,1719.814697,-0.7940721889,0.6023349738,0.0814980867,,,,
19057,0.0,-14.754583,-1038.172852,1719.574829,-0.7947369266,0.6014576241,0.0814981215,,,,
19058,0.0,-14.57431,-1034.783203,1719.618774,-0.7948067606,0.6013653378,0.0814981215,,,,
19059,0.0,-14.469067,-1031.359619,1719.742798,-0.7948652157,0.601409566,0.0805966672,,,,
19938,0.0,-817.700623,-309.429749,1678.909424,0.870908265,0.4385877008,0.221719694,,,,
19939,0.0,-817.657532,-309.747009,1679.030762,0.870908265,0.4385877008,0.221719694,,,,
19940,0.0,-817.58905,-309.769501,1679.046509,0.870908265,0.4385877008,0.221719694,,,,
19941,0.0,-817.492065,-309.723816,1679.043945,0.870908265,0.4385877008,0.221719694,,,,
19942,0.0,-817.403137,-309.665253,1679.036865,0.870908265,0.4385877008,0.221719694,,,,
19943,0.0,-814.422729,-307.431091,1678.358765,0.870908265,0.4385877008,0.221719694,,,,
19944,0.0,-810.401123,-305.322449,1678.027588,0.870908265,0.4385877008,0.221719694,,,,
19945,0.0,-808.01593,-304.071777,1677.463623,0.870908265,0.4385877008,0.221719694,,,,
19946,0.0,-804.168335,-302.060333,1676.953979,0.870908265,0.4385877008,0.221719694,,,,
19947,0.0,-801.609497,-300.711487,1676.790161,0.870908265,0.4385877008,0.221719694,,,,
19948,0.0,-800.092346,-299.890045,1675.773804,0.870908265,0.4385877008,0.221719694,,,,
19949,0.0,-797.153015,-298.35968,1675.564575,0.870908265,0.4385877008,0.221719694,,,,
19950,0.0,-793.945435,-296.694641,1675.351074,0.870908265,0.4385877008,0.221719694,,,,
19951,0.0,-791.120911,-295.231171,1675.295044,0.870908265,0.4385877008,0.221719694,,,,
19952,0.0,-788.355469,-293.755859,1675.24231,0.8680912387,0.4448998662,0.2201856272,,,,
19953,0.0,-785.509094,-292.244568,1675.233521,0.8657900701,0.4506580525,0.2175198246,,,,
19954,0.0,-782.425598,-290.641357,1675.300781,0.8656153292,0.4516426381,0.216168983,,,,
20032,0.0,-569.560059,-410.176178,1703.759277,0.010893893,-0.9966916394,0.0805425292,0.0101547364,62.1990185736,437.5619531709,5.0
20033,0.0,-569.617493,-410.231903,1703.766968,0.010893893,-0.9966916394,0.0805425292,0.0102139052,62.2227944062,436.4659863659,5.0
20034,0.0,-569.738831,-410.301636,1703.787354,0.010893893,-0.9966916394,0.0805425292,0.0104028908,62.6143536938,435.2254779176,5.0
20035,0.0,-569.7724,-410.359894,1703.797119,0.010893893,-0.9966916394,0.0805425292,0.0105668472,62.9598633804,434.2365627201,5.0
20036,0.0,-568.961609,-413.992004,1704.551636,-0.0098023479,-0.9968035385,0.0792882064,0.0103796784,61.6773048435,429.1887554887,5.0
20037,0.0,-568.6560365,-416.570114,1705.7103275,-0.0236439573,-0.9965359484,0.078516299,0.0104371901,61.4503920129,426.4453244585,5.0
20038,0.0,-568.350464,-419.148224,1706.869019,-0.0374855667,-0.9962683584,0.0777443916,0.0104947018,61.2234791823,423.7018934283,5.0
20039,0.0,-567.674927,-426.510742,1709.633667,-0.0515131962,-0.9957284646,0.076623857,0.0116140742,63.2413834735,416.1584560508,5.0
20040,0.0,-567.410828,-428.610504,1711.312195,-0.0523185712,-0.995686146,0.076623857,0.0125498151,65.3436248442,414.1161476083,5.0
20041,0.0,-566.833008,-433.437775,1715.205322,-0.053126818,-0.9956927522,0.0759834484,0.0147534291,70.0798151479,409.4861647774,5.0
20042,0.0,-566.6289065,-435.537323,1716.854797,-0.0531273269,-0.9957047394,0.0758256811,0.0158795074,72.2811373356,407.5428582382,5.0
20043,0.0,-566.177795,-440.484772,1720.840698,-0.0531278358,-0.9957167267,0.0756679138,0.0188227535,77.8247645795,403.0088399151,5.0
20044,0.0,-565.973877,-443.262543,1723.016724,-0.0531278358,-0.9957167267,0.0756679138,0.0206665072,80.9855691968,400.4189386832,5.0
20045,0.0,-565.722412,-447.505798,1726.226929,-0.0531278358,-0.9957167267,0.0756679138,0.0236028215,85.6160433415,396.4022220989,5.0
20046,0.0,-565.576294,-450.522034,1728.489746,-0.0538289422,-0.9956790707,0.0756679138,0.0257718506,88.7268636865,393.3540786145,5.0
20047,0.0,-565.469055,-453.709686,1730.778564,-0.0565090774,-0.9957115436,0.0732478403,0.0274202895,90.7684998279,390.2849989073,5.0
20048,0.0,-565.418762,-456.2368165,1732.4803465,-0.0586388917,-0.9957703362,0.0706515206,0.0284518458,91.9406721914,388.2951854763,5.0
20049,0.0,-565.305786,-461.769989,1736.464966,-0.0624965901,-0.995949737,0.0646397528,0.0311266386,95.0339798556,383.8874494986,5.0
20050,0.0,-565.272583,-465.047546,1738.730347,-0.0634840934,-0.9961054278,0.0611861628,0.0331164073,97.2321375901,380.9771223334,5.0
20051,0.0,-565.252136,-468.455231,1741.034912,-0.0636995963,-0.9962660636,0.0582777136,0.0358029795,100.1567441554,377.6835671607,5.0
20052,0.0,-565.25116,-472.86615,1743.976929,-0.0637062065,-0.9963631662,0.0565858661,0.0399799798,104.9710653906,374.9886009873,5.0
20053,0.0,-565.257568,-475.914612,1746.132812,-0.0629266426,-0.9964155699,0.0565353848,0.0435012364,108.9684722678,373.5169139216,5.0
20054,0.0,-565.287537,-480.190491,1748.927368,-0.060847793,-0.9965446786,0.0565353848,0.048532721,114.3821827984,371.6724949021,5.0
20055,0.0,-565.299133,-482.999847,1750.9021,-0.0570426431,-0.9967697262,0.0565353848,0.0525874351,118.5704526287,370.5156012513,5.0
20056,0.0,-565.313965,-487.29541,1753.773804,-0.0484899095,-0.9972223819,0.0565353848,0.0595128126,125.3099895479,368.7440882033,5.0
20057,0.0,-565.314514,-490.00946,1755.624268,-0.0411501318,-0.9975522126,0.0565353848,0.0646739442,130.1252048806,367.8067375963,5.0
20058,0.0,-565.30658,-494.371399,1758.473633,-0.0275297048,-0.9980209745,0.0565353848,0.0739279745,138.2561421113,366.3901324543,5.0
20059,0.0,-565.312988,-497.18454,1760.40271,-0.020593994,-0.9981881775,0.0565353848,0.0797571109,143.0310085362,365.4831936662,5.0
20060,0.0,-565.318909,-500.283875,1762.437134,-0.0130061044,-0.9982794648,0.0571747452,0.0864638205,148.2998551373,364.5903564394,5.0
20061,0.0,-565.321533,-504.391327,1765.223999,-0.0029279437,-0.9983416417,0.0574925521,0.0958807038,155.3897408385,363.6718273021,5.0
20062,0.0,-565.314392,-507.137817,1767.069946,0.0045439048,-0.9983004206,0.0581001137,0.102961816,160.4585845135,363.0670392202,5.0
20063,0.0,-565.275635,-511.307526,1770.036987,0.0186900132,-0.9980674325,0.0592628345,0.1156670523,168.9656345257,361.9217878133,5.0
20064,0.0,-565.217407,-514.162476,1772.022949,0.0314071591,-0.9977396589,0.0594067621,0.1258338725,175.3896396489,361.1612209905,5.0
20065,0.0,-565.15033,-518.248962,1775.024536,0.0546250131,-0.9967381525,0.0594067621,0.143419131,185.8585402016,360.1820312146,5.0
20066,0.0,-565.16095,-521.051453,1777.010742,0.0812416964,-0.9949224208,0.0594067621,,,,
20067,0.0,-565.147644,-525.566223,1780.36499,0.1186363455,-0.9912112034,0.0585300582,,,,
20068,0.0,-565.102051,-528.52063,1782.731567,0.1534129973,-0.9864740525,0.0577355689,,,,
20069,0.0,-564.956055,-532.81488,1786.209961,0.2088867808,-0.9762483902,0.0574925521,,,,
20070,0.0,-564.815247,-535.853638,1788.592163,0.2472564312,-0.9672879546,0.0567297987,,,,
20071,0.0,-564.655823,-538.660034,1790.773926,0.2900874177,-0.9553287604,0.0565353848,,,,
20072,0.0,-564.592285,-543.066467,1793.952148,0.3643014448,-0.9296605105,0.0549162322,,,,
20073,0.0,-564.431946,-546.981445,1796.708618,0.4209530734,-0.9054935308,0.0536654046,,,,
20074,0.0,-564.325439,-549.536804,1798.450317,0.4650204941,-0.8837160761,0.05293238,,,,
20075,0.0,-564.222534,-553.587769,1801.124512,0.5222661621,-0.8511522282,0.05270617,,,,
20076,0.0,-564.248596,-556.248413,1802.851929,0.5499061186,-0.8335618287,0.0527061525,,,,
20077,0.0,-564.380249,-562.790833,1807.045166,0.6132260883,-0.788210527,0.0517487168,,,,
20078,0.0,-564.4310915,-564.8241275,1808.2511595,0.6316789908,-0.773101618,0.052216219,,,,
20079,0.0,-564.557007,-569.295288,1810.88623,0.6655400006,-0.7444988711,0.0527061525,,,,
20080,0.0,-564.631317,-571.2571105,1812.127441,0.6754086558,-0.7353697464,0.0535999404,,,,
20081,0.0,-564.836121,-575.99585,1815.30188,0.6932136248,-0.7186594674,0.0546208778,,,,
20082,0.0,-564.938599,-578.947449,1817.45166,0.7007851027,-0.7112284571,0.0552659181,,,,
20083,0.0,-565.072754,-582.705139,1820.207275,0.7088224722,-0.7030717388,0.0571037043,,,,
20084,0.0,-565.1745,-586.27179,1822.843262,0.7153490899,-0.6963295274,0.058316969,,,,
20085,0.0,-565.225952,-590.00177,1825.656494,0.7205712397,-0.6908351854,0.0593618992,,,,
20086,0.0,-565.246765,-593.498352,1828.315552,0.7251886313,-0.6858192841,0.0612646598,,,,
20087,0.0,-565.21051,-596.036377,1830.312866,0.7292967633,-0.6812630569,0.0632999082,,,,
20088,0.0,-565.147522,-600.026855,1833.391479,0.7382562241,-0.6711560245,0.0672854989,,,,
20089,0.0,-565.098145,-603.645264,1836.092041,0.7481118315,-0.65957174,0.0727585547,,,,
20090,0.0,-565.045532,-607.048584,1838.641357,0.7585208735,-0.6469178286,0.078379893,,,,
20091,0.0,-564.937134,-610.577332,1841.150391,0.771346935,-0.6306738802,0.0852898747,,,,
20092,0.0,-564.847961,-614.977173,1844.001099,0.7904125705,-0.6049652583,0.0962548945,,,,
20093,0.0,-564.701843,-618.49231,1846.359131,0.8109165339,-0.5746887347,0.1102144879,,,,
20094,0.0,-564.626953,-621.979797,1848.4552,0.8294423118,-0.5449163675,0.1228478888,,,,
20095,0.0,-564.489258,-625.286682,1850.653076,0.8457148291,-0.5160009259,0.1360495215,,,,
20096,0.0,-564.391846,-628.805847,1852.754272,0.8601708579,-0.48763134,0.1494047235,,,,
20097,0.0,-564.137329,-632.077637,1854.200317,0.8719437327,-0.4620249264,0.1620095504,,,,
20098,0.0,-563.829468,-636.274231,1854.92334,0.884827939,-0.4312224038,0.1764277664,,,,
20099,0.0,-563.50824,-638.74176,1855.413818,0.8902336408,-0.4169896496,0.1833131117,,,,
20100,0.0,-563.007812,-642.13855,1856.039795,0.8967245334,-0.3989945493,0.1915423213,,,,
20101,0.0,-562.369446,-645.633179,1856.81311,0.9027301894,-0.3819614363,0.1979486459,,,,
20102,0.0,-561.675415,-649.028381,1856.918335,0.9068626155,-0.369731576,0.2022344143,,,,
20103,0.0,-560.813904,-652.335754,1856.865845,0.9098402639,-0.3610577936,0.2045188595,,,,
20104,0.0,-559.773254,-655.406494,1857.115845,0.9108616105,-0.3574300872,0.2063367616,,,,
20105,0.0,-558.416809,-658.559021,1857.245361,0.9110018827,-0.3568413144,0.2067361751,,,,
20106,0.0,-556.784912,-661.688782,1857.532959,0.9110018827,-0.3568413144,0.2067361751,,,,
20107,0.0,-555.088196,-664.449951,1857.771118,0.9110018827,-0.3568413144,0.2067361751,,,,
20108,0.0,-553.76001,-666.38031,1858.150757,0.9110018827,-0.3568413144,0.2067361751,,,,
20109,0.0,-551.623718,-669.054382,1858.668213,0.9110018827,-0.3568413144,0.2067361751,,,,
20110,0.0,-549.821472,-671.10199,1859.013306,0.9110018827,-0.3568413144,0.2067361751,,,,
20111,0.0,-547.678528,-673.248779,1859.490479,0.9110018827,-0.3568413144,0.2067361751,,,,
20112,0.0,-544.723389,-675.940186,1859.787842,0.9110018827,-0.3568413144,0.2067361751,,,,
20113,0.0,-542.478333,-677.764709,1860.101074,0.9110018827,-0.3568413144,0.2067361751,,,,
20114,0.0,-539.585632,-679.938477,1860.3396,0.9110018827,-0.3568413144,0.2067361751,,,,
20115,0.0,-537.63208,-681.353027,1860.441772,0.9110018827,-0.3568413144,0.2067361751,,,,
20116,0.0,-534.54657,-683.379883,1860.517578,0.9110018827,-0.3568413144,0.2067361751,,,,
20117,0.0,-532.190002,-684.90979,1860.495972,0.9110018827,-0.3568413144,0.2067361751,,,,
20118,0.0,-529.008911,-686.870056,1860.426514,0.9110018827,-0.3568413144,0.2067361751,,,,
20119,0.0,-525.730042,-688.823914,1860.266479,0.9110018827,-0.3568413144,0.2067361751,,,,
20120,0.0,-523.65033,-690.007446,1860.130005,0.9110018827,-0.3568413144,0.2067361751,,,,
20121,0.0,-517.916992,-693.302917,1859.5,0.9069393236,-0.3666757971,0.2073883392,,,,
20122,0.0,-514.60675,-695.141785,1859.233521,0.9007691709,-0.3810139034,0.2084305789,,,,
20123,0.0,-511.563812,-696.833313,1859.00354,0.8921543447,-0.4006765572,0.2086118925,,,,
20124,0.0,-509.854828,-697.82901,1859.0319825,0.8851411426,-0.4153952434,0.209059619,,,,
20125,0.0,-505.530212,-700.487488,1858.899292,0.868121063,-0.4493387914,0.2108565163,,,,
20126,0.0,-501.735077,-703.133728,1858.537598,0.8448440107,-0.491115322,0.2122365146,,,,
20127,0.0,-498.49411,-705.514282,1857.874512,0.8291854801,-0.5170631441,0.2123608829,,,,
20128,0.0,-495.253052,-708.036011,1856.92981,0.810416259,-0.5460112827,0.2123609341,,,,
20129,0.0,-492.524567,-710.261597,1855.804443,0.7933111829,-0.5709050046,0.2114824883,,,,
20130,0.0,-489.820953,-712.487915,1854.189331,0.7775927454,-0.5921565997,0.211423943,,,,
20131,0.0,-487.279938,-714.473206,1852.444946,0.773133499,-0.5979669919,0.2114239089,,,,
20132,0.0,-485.695801,-715.871643,1850.602905,0.771887773,-0.5995741734,0.2114239259,,,,
20133,0.0,-483.211121,-717.739136,1848.4823,0.7713318477,-0.6002891839,0.2114239259,,,,
20134,0.0,-481.183685,-719.181885,1846.676147,0.7713318477,-0.6002891839,0.2114239259,,,,
20135,0.0,-479.668182,-720.421143,1844.870483,0.7713318477,-0.6002891839,0.2114239259,,,,
20136,0.0,-478.437073,-721.350586,1843.459473,0.7713318477,-0.6002891839,0.2114239259,,,,
20137,0.0,-477.712494,-721.313477,1841.822998,0.7713318477,-0.6002891839,0.2114239259,,,,
20138,0.0,-476.317474,-721.61145,1841.86499,0.7707828151,-0.6007476082,0.2121229906,,,,
20139,0.0,-474.97113,-721.882874,1841.942261,0.7696405441,-0.602126478,0.2123608659,,,,
20140,0.0,-473.851715,-722.102112,1841.948975,0.768468775,-0.6036212366,0.2123608829,,,,
20141,0.0,-473.047241,-722.200928,1841.963135,0.7674572833,-0.6049067539,0.2123608659,,,,
20142,0.0,-472.355774,-722.248474,1841.949707,0.7671263956,-0.6053263158,0.2123608829,,,,
20143,0.0,-471.343079,-722.272949,1841.944946,0.7671263956,-0.6053263158,0.2123608829,,,,
20144,0.0,-470.437195,-722.284851,1842.000854,0.7671263956,-0.6053263158,0.2123608829,,,,
20145,0.0,-469.319946,-722.245544,1842.114502,0.7671263956,-0.6053263158,0.2123608829,,,,
20146,0.0,-468.369202,-722.221008,1842.205566,0.7671263956,-0.6053263158,0.2123608829,,,,
20147,0.0,-467.466766,-722.136292,1842.310913,0.766735061,-0.6058219284,0.2123608659,,,,
20148,0.0,-466.160919,-722.053589,1842.461548,0.76654569,-0.6060615155,0.2123608829,,,,
20149,0.0,-464.971191,-722.154541,1842.308716,0.76654569,-0.6060615155,0.2123608829,,,,
20150,0.0,-464.017059,-722.044922,1842.435303,0.76654569,-0.6060615155,0.2123608829,,,,
20151,0.0,-462.930878,-721.924744,1842.542603,0.76654569,-0.6060615155,0.2123608829,,,,
20152,0.0,-462.089417,-722.066406,1842.540527,0.766143343,-0.6063917406,0.2128695256,,,,
20153,0.0,-460.587067,-722.299438,1842.675171,0.7652446364,-0.6071268748,0.2140037487,,,,
20154,0.0,-459.232452,-722.652039,1842.902466,0.7629614647,-0.6093903636,0.2157155257,,,,
20155,0.0,-458.029999,-722.971069,1843.164429,0.7618098843,-0.6104265829,0.2168526851,,,,
20156,0.0,-456.979126,-723.248901,1843.432861,0.7616580307,-0.6105485064,0.2170427737,,,,
20157,0.0,-456.071198,-723.512268,1843.690552,0.7616580307,-0.6105485064,0.2170427737,,,,
20158,0.0,-454.466248,-724.248413,1843.643066,0.7616580307,-0.6105485064,0.2170427737,,,,
20159,0.0,-453.728119,-724.545227,1843.912598,0.7616580307,-0.6105485064,0.2170427737,,,,
20160,0.0,-453.167664,-724.712708,1844.074463,0.7616580307,-0.6105485064,0.2170427737,,,,
20161,0.0,-452.832153,-724.754822,1844.190552,0.7616580307,-0.6105485064,0.2170427737,,,,
20162,0.0,-452.631592,-724.770508,1844.309326,0.7616580307,-0.6105485064,0.2170427737,,,,
20163,0.0,-452.583405,-724.761169,1844.401978,0.7616580307,-0.6105485064,0.2170427737,,,,
20164,0.0,-452.591156,-724.746033,1844.552612,0.7616580307,-0.6105485064,0.2170427737,,,,
20165,0.0,-452.629639,-724.71814,1844.779663,0.7616580307,-0.6105485064,0.2170427737,,,,
20166,0.0,-451.565857,-725.103027,1844.591919,0.7616580307,-0.6105485064,0.2170427737,,,,
20167,0.0,-451.571808,-725.091614,1844.642822,0.7616580307,-0.6105485064,0.2170427737,,,,
20168,0.0,-451.617615,-725.094604,1844.669556,0.7615710843,-0.6104787224,0.2175435889,,,,
20169,0.0,-451.754364,-725.070801,1844.73291,0.7612852571,-0.6102495366,0.2191808851,,,,
20170,0.0,-451.901489,-725.045105,1844.78125,0.7605406152,-0.6104742198,0.2211316342,,,,
20171,0.0,-452.071686,-725.009155,1844.862915,0.7597224863,-0.6110396159,0.2223788019,,,,
20172,0.0,-452.2374115,-724.975891,1844.8428345,0.7589521886,-0.6117773383,0.2229766102,,,,
20173,0.0,-452.412903,-724.93512,1844.824951,0.7581608851,-0.6125357274,0.2235890314,,,,
20174,0.0,-452.527237,-724.8427125,1844.79718,0.7581608851,-0.6125357274,0.2235890314,,,,
20175,0.0,-452.665222,-724.731323,1844.771484,0.7581608851,-0.6125357274,0.2235890314,,,,
20176,0.0,-452.724457,-724.683411,1844.770508,0.7581608851,-0.6125357274,0.2235890314,,,,
20177,0.0,-452.799866,-724.622437,1844.797852,0.7580269338,-0.6124272427,0.2243391184,,,,
20178,0.0,-452.851929,-724.580383,1844.786011,0.7579937924,-0.6124007293,0.2245234007,,,,
20179,0.0,-452.900269,-724.541382,1844.77832,0.7578608874,-0.6122931774,0.2252641566,,,,
20180,0.0,-452.923309,-724.514893,1844.74292,0.7582866696,-0.6116945491,0.2254575466,,,,
20181,0.0,-452.945892,-724.494446,1844.706909,0.7582914991,-0.611440716,0.2261288419,,,,
20182,0.0,-452.939423,-724.486877,1844.666138,0.7587804705,-0.6102890256,0.2275950412,,,,
20183,0.0,-451.832397,-725.357727,1844.075317,0.7594524717,-0.6088367599,0.2292373071,,,,
20184,0.0,-451.995209,-725.226624,1843.867432,0.7594710767,-0.6087954341,0.2292854184,,,,
20185,0.0,-452.134613,-725.114807,1844.008789,0.7594710767,-0.6087954341,0.2292854184,,,,
20186,0.0,-452.175201,-725.082336,1844.037598,0.7594710767,-0.6087954341,0.2292854184,,,,
20187,0.0,-452.176697,-725.081238,1843.936157,0.7594710767,-0.6087954341,0.2292854184,,,,
20188,0.0,-452.224884,-725.042603,1844.072998,0.7594710767,-0.6087954341,0.2292854184,,,,
20189,0.0,-452.166962,-725.089111,1844.080688,0.7594710767,-0.6087954341,0.2292854184,,,,
20190,0.0,-452.092163,-725.148987,1844.096924,0.7594710767,-0.6087954341,0.2292854184,,,,
20191,0.0,-451.12854,-725.921509,1843.668457,0.7594710767,-0.6087954341,0.2292854184,,,,
20192,0.0,-451.067505,-725.970398,1843.638672,0.7594710767,-0.6087954341,0.2292854184,,,,
20193,0.0,-450.964905,-726.052612,1843.597412,0.7594710767,-0.6087954341,0.2292854184,,,,
20194,0.0,-450.920044,-726.082275,1843.496826,0.7597913405,-0.6083956902,0.2292854184,,,,
20195,0.0,-450.895844,-726.088928,1843.621704,0.7602205626,-0.6073668891,0.2305865526,,,,
20196,0.0,-450.772003,-726.157898,1843.63269,0.7612692248,-0.6049772765,0.2333916501,,,,
20197,0.0,-450.533966,-726.32251,1843.782471,0.7621728542,-0.6030265975,0.2354813432,,,,
20198,0.0,-450.377777,-726.434143,1843.895386,0.7626238369,-0.602044698,0.2365313192,,,,
20199,0.0,-450.217468,-726.551208,1843.995117,0.7630980697,-0.6013597307,0.2367441877,,,,
20200,0.0,-449.21524,-727.240417,1843.682739,0.7632917316,-0.6011139077,0.2367441708,,,,
20201,0.0,-448.948425,-727.341125,1843.753906,0.7632917316,-0.6011139077,0.2367441708,,,,
20202,0.0,-448.661194,-727.461853,1843.783325,0.7631655684,-0.601014378,0.2374026804,,,,
20203,0.0,-448.512512,-727.529724,1843.745605,0.762977368,-0.6008659923,0.2383811974,,,,
20204,0.0,-448.145264,-727.676575,1844.007812,0.7624781204,-0.6004728209,0.2409554052,,,,
20205,0.0,-447.790039,-727.848022,1844.057251,0.7618773559,-0.5999997882,0.2440146484,,,,
20206,0.0,-447.597473,-727.941772,1844.009888,0.7616262303,-0.5998018474,0.2452819381,,,,
20207,0.0,-447.230499,-728.060364,1844.310303,0.7614735021,-0.5996820004,0.2460479709,,,,
20208,0.0,-446.921844,-728.228821,1844.371216,0.7613394788,-0.599576281,0.2467194386,,,,
20209,0.0,-446.663452,-728.461853,1844.425049,0.7611467422,-0.5994244955,0.247681067,,,,
20210,0.0,-446.029755,-728.91217,1844.4646,0.7655328892,-0.5930330163,0.2495420546,,,,
20211,0.0,-445.4245,-728.915771,1845.045288,0.7706725575,-0.5854295414,0.2516665675,,,,
20212,0.0,-444.811005,-728.906799,1846.068237,0.7832845439,-0.5672532296,0.2543405135,,,,
20213,0.0,-444.3833315,-728.909271,1846.9086915,0.7974764625,-0.5456591618,0.2561568996,,,,
20214,0.0,-443.955658,-728.911743,1847.749146,0.8116683812,-0.5240650941,0.2579732856,,,,
20215,0.0,-442.45697,-728.625366,1851.085205,0.8916390972,-0.3645744273,0.2684496365,,,,
20216,0.0,-441.680054,-728.202393,1852.400879,0.9280686938,-0.2491878883,0.2767560223,,,,
20217,0.0,-440.944672,-727.309937,1853.743896,0.9485402681,-0.1292106048,0.2890951044,,,,
20218,0.0,-440.400848,-726.345154,1855.004639,0.9522972269,-0.0039244572,0.3051468339,,,,
20219,0.0,-439.868103,-725.111511,1856.737671,0.9340143557,0.1560592934,0.3213451108,,,,
20220,0.0,-439.499207,-724.260559,1858.042236,0.9086831416,0.2633905929,0.3239140992,,,,
20221,0.0,-439.030029,-723.550293,1859.237061,0.8822014699,0.3420525715,0.3236056318,,,,
20222,0.0,-438.512878,-722.602051,1859.827393,0.8387650249,0.4405919689,0.3199249129,,,,
20223,0.0,-438.296844,-722.306519,1859.420898,0.8223429664,0.4729928415,0.3162749082,,,,
20224,0.0,-437.913452,-722.085205,1859.074707,0.8149430817,0.4888918707,0.3112113628,,,,
20225,0.0,-437.340607,-721.842102,1858.717163,0.8139203211,0.4915649269,0.3096734304,,,,
20226,0.0,-436.212433,-721.300293,1858.30542,0.8139203211,0.4915649269,0.3096734304,,,,
20227,0.0,-435.423431,-720.907166,1857.811768,0.8139203211,0.4915649269,0.3096734304,,,,
20228,0.0,-433.657501,-719.958679,1857.671021,0.8139203211,0.4915649269,0.3096734304,,,,
20229,0.0,-432.356354,-719.242126,1857.707764,0.8139203211,0.4915649269,0.3096734304,,,,
20230,0.0,-430.385498,-718.144836,1857.799683,0.8139203211,0.4915649269,0.3096734304,,,,
20231,0.0,-429.053772,-717.402649,1857.614258,0.8139203211,0.4915649269,0.3096734304,,,,
20232,0.0,-427.500244,-716.523682,1857.659668,0.8139203211,0.4915649269,0.3096734304,,,,
20233,0.0,-425.461609,-715.359253,1857.785645,0.8139203211,0.4915649269,0.3096734304,,,,
20234,0.0,-423.637848,-714.308899,1857.916138,0.8139203211,0.4915649269,0.3096734304,,,,
20235,0.0,-421.260223,-712.931702,1858.020996,0.8139203211,0.4915649269,0.3096734304,,,,
20236,0.0,-419.173218,-711.716858,1858.060181,0.8139203211,0.4915649269,0.3096734304,,,,
20237,0.0,-416.876099,-710.375122,1858.057251,0.8139203211,0.4915649269,0.3096734304,,,,
20238,0.0,-414.6315,-709.058838,1858.036865,0.8139203211,0.4915649269,0.3096734304,,,,
20239,0.0,-412.295959,-707.74176,1858.042969,0.8173734611,0.4872821119,0.307338199,,,,
20240,0.0,-409.957458,-706.452454,1858.078247,0.8229789729,0.4808876545,0.3024114313,,,,
20241,0.0,-407.473969,-705.095764,1858.146729,0.828925995,0.4730708307,0.2984722499,,,,
20242,0.0,-404.729248,-703.602234,1858.187134,0.8348085856,0.464534211,0.2954701207,,,,
20243,0.0,-401.969604,-702.118469,1858.112549,0.8404360254,0.4555446837,0.2935069477,,,,
20244,0.0,-399.305298,-700.867615,1858.02002,0.8458063811,0.4461743602,0.292472231,,,,
20245,0.0,-396.615326,-699.804504,1857.858765,0.8505831089,0.4371741767,0.2922107358,,,,
20246,0.0,-392.486084,-698.45813,1857.515137,0.8551922807,0.4287036358,0.2913062918,,,,
20247,0.0,-387.533478,-697.239563,1857.157959,0.8543484261,0.4295622055,0.292515091,,,,
20248,0.0,-385.762131,-696.930542,1857.1187745,0.8533884612,0.430725971,0.2935980645,,,,
20249,0.0,-381.337646,-696.299744,1857.191528,0.8513739628,0.4333206486,0.2956274529,,,,
20250,0.0,-377.91806,-696.031616,1857.338867,0.851079605,0.4337289542,0.2958761568,,,,
20251,0.0,-376.1792145,-695.962921,1857.510742,0.851079605,0.4337289542,0.2958761568,,,,
20252,0.0,-372.131805,-695.877136,1858.033081,0.851079605,0.4337289542,0.2958761568,,,,
20253,0.0,-368.429138,-695.939087,1858.740967,0.851079605,0.4337289542,0.2958761568,,,,
20254,0.0,-365.056793,-696.109802,1859.133057,0.851079605,0.4337289542,0.2958761568,,,,
20255,0.0,-361.621887,-696.156921,1859.423462,0.851872473,0.4321696078,0.2958761902,,,,
20256,0.0,-358.316589,-696.226379,1859.567383,0.8547735955,0.4264028614,0.2958761568,,,,
20257,0.0,-355.833557,-696.402771,1859.573608,0.8580177952,0.4193403666,0.2965790283,,,,
20258,0.0,-352.126434,-696.624146,1859.481079,0.8629287934,0.4077521791,0.2984829275,,,,
20259,0.0,-348.790192,-696.736023,1859.557129,0.8672098296,0.3971327974,0.3003875041,,,,
20260,0.0,-345.940887,-696.723999,1859.603027,0.8696955437,0.3910127338,0.301228656,,,,
20261,0.0,-342.574982,-696.553284,1859.552368,0.8716406733,0.3852585461,0.3030154934,,,,
20262,0.0,-339.147278,-696.280945,1859.59375,0.8715172705,0.3846187116,0.3041810216,,,,
20263,0.0,-336.28186,-696.010559,1859.498657,0.8697978843,0.3865423882,0.3066539134,,,,
20264,0.0,-333.192474,-695.590027,1859.286255,0.8637433653,0.3953695118,0.312458554,,,,
20265,0.0,-329.654327,-695.034119,1859.091675,0.8567573299,0.4062867999,0.3176443198,,,,
20266,0.0,-326.629639,-694.438232,1858.983276,0.8459585299,0.4239483111,0.3234532349,,,,
20267,0.0,-322.875305,-693.638733,1858.898682,0.8294136665,0.4490122808,0.332356648,,,,
20268,0.0,-319.52655,-692.80719,1858.842041,0.8127620775,0.4734644238,0.3394837917,,,,
20269,0.0,-316.319641,-691.968628,1858.869873,0.798034083,0.4937266855,0.3455076879,,,,
20270,0.0,-313.203064,-691.015686,1858.893433,0.7751253581,0.5229519618,0.3545446725,,,,
20271,0.0,-309.595978,-689.840027,1859.025391,0.7505104168,0.5512631464,0.3644764159,,,,
20272,0.0,-306.525177,-688.742126,1859.177368,0.7312151992,0.5717219891,0.3720998518,,,,
20273,0.0,-303.161072,-687.459167,1859.380371,0.708597762,0.594184585,0.3805704804,,,,
20274,0.0,-300.18576,-686.127258,1859.569092,0.6883084809,0.6123229357,0.3889627972,,,,
20275,0.0,-296.927917,-684.612793,1859.768799,0.6704105517,0.6277336662,0.3956009814,,,,
20276,0.0,-294.138245,-683.200073,1859.870117,0.6581006595,0.6371714637,0.4011434254,,,,
20277,0.0,-290.921387,-681.46991,1859.990967,0.6495560365,0.6433322922,0.40521663,,,,
20278,0.0,-288.135712,-679.870483,1860.07605,0.6466295133,0.6456265764,0.4062469648,,,,
20279,0.0,-284.969971,-677.970886,1860.119995,0.6442582626,0.6474063076,0.4071809966,,,,
20280,0.0,-282.062256,-675.921936,1859.908081,0.6440744912,0.6475418092,0.4072562523,,,,
20281,0.0,-279.307922,-673.650574,1859.643311,0.6440744912,0.6475418092,0.4072562523,,,,
20282,0.0,-277.097443,-671.543884,1859.44104,0.6440744912,0.6475418092,0.4072562523,,,,
20283,0.0,-274.729004,-668.769775,1859.111206,0.6440744912,0.6475418092,0.4072562523,,,,
20284,0.0,-272.925842,-666.362732,1858.866333,0.6440744912,0.6475418092,0.4072562523,,,,
20285,0.0,-270.889893,-663.389221,1858.456055,0.6440744912,0.6475418092,0.4072562523,,,,
20286,0.0,-269.192871,-660.691833,1858.052612,0.6440744912,0.6475418092,0.4072562523,,,,
20287,0.0,-267.551788,-657.855347,1857.65332,0.6440744912,0.6475418092,0.4072562523,,,,
20288,0.0,-266.052521,-654.954895,1857.244751,0.6440744912,0.6475418092,0.4072562523,,,,
20289,0.0,-264.65274,-652.013367,1856.839722,0.6440744912,0.6475418092,0.4072562523,,,,
20290,0.0,-262.361237,-646.565613,1856.061646,0.6440744912,0.6475418092,0.4072562523,,,,
20291,0.0,-261.46875,-643.551758,1855.696899,0.6440744912,0.6475418092,0.4072562523,,,,
20292,0.0,-260.733795,-640.694702,1855.436523,0.6440744912,0.6475418092,0.4072562523,,,,
20293,0.0,-260.028137,-637.449524,1855.217896,0.6440744912,0.6475418092,0.4072562523,,,,
20294,0.0,-259.440918,-634.661072,1855.167603,0.6440744912,0.6475418092,0.4072562523,,,,
20295,0.0,-258.721497,-631.089783,1855.267578,0.6440744912,0.6475418092,0.4072562523,,,,
20296,0.0,-258.149963,-628.052185,1855.356323,0.6440744912,0.6475418092,0.4072562523,,,,
20297,0.0,-257.668854,-625.023743,1855.640625,0.6440744912,0.6475418092,0.4072562523,,,,
20298,0.0,-257.1203,-621.288391,1856.061279,0.6440744912,0.6475418092,0.4072562523,,,,
20299,0.0,-256.632111,-617.706665,1856.454712,0.6440744912,0.6475418092,0.4072562523,,,,
20300,0.0,-256.255005,-614.512817,1856.860229,0.6443700801,0.6467747412,0.4080069044,,,,
20301,0.0,-255.879135,-610.906555,1857.39209,0.6449443611,0.6461232854,0.4081316835,,,,
20302,0.0,-255.603958,-607.061401,1857.788818,0.64751051,0.6430631813,0.4089008245,,,,
20303,0.0,-255.386429,-603.270691,1858.133911,0.651999457,0.6369474433,0.4113327881,,,,
20304,0.0,-255.189468,-599.527466,1858.351196,0.6585272559,0.6289785338,0.4131922764,,,,
20305,0.0,-255.014587,-596.006226,1858.509766,0.6676587946,0.6166699891,0.4170729656,,,,
20306,0.0,-254.71608,-592.067749,1858.56665,0.6806221643,0.5984240311,0.422660796,,,,
20307,0.0,-254.049133,-588.545471,1858.556763,0.6929647442,0.5800742652,0.4281515036,,,,
20308,0.0,-253.311554,-585.436157,1858.405396,0.702413359,0.5654914479,0.4322440231,,,,
20309,0.0,-252.347214,-582.169189,1858.238037,0.7081942269,0.5561180252,0.4349639974,,,,
20310,0.0,-251.378754,-579.34729,1858.127563,0.7108591986,0.5520391251,0.4358118907,,,,
20311,0.0,-250.074554,-576.076721,1858.001953,0.7125972804,0.548451394,0.4374999251,,,,
20312,0.0,-248.657761,-572.893433,1858.010254,0.7132863277,0.5454255919,0.4401517221,,,,
20313,0.0,-247.117081,-569.934082,1858.081665,0.7140312275,0.5416178522,0.4436321769,,,,
20314,0.0,-245.448685,-567.190002,1858.250244,0.7141967646,0.5385205213,0.4471226113,,,,
20315,0.0,-243.792542,-564.73584,1858.52063,0.7143523718,0.5356666732,0.4502909106,,,,
20316,0.0,-241.644852,-561.927185,1858.836914,0.7146721646,0.5313458238,0.4548794485,,,,
20317,0.0,-239.714676,-559.560059,1859.061157,0.7152496674,0.5278261682,0.4580583472,,,,
20318,0.0,-237.466843,-557.053772,1859.421143,0.7158594466,0.5239491003,0.4615437064,,,,
20319,0.0,-235.400864,-554.822937,1859.645386,0.7166103679,0.5188742444,0.4660891536,,,,
20320,0.0,-232.950195,-552.360474,1859.935181,0.7176303946,0.5140632284,0.4698357309,,,,
20321,0.0,-230.439651,-549.899292,1860.146484,0.7184116421,0.5082804936,0.4749059405,,,,
20322,0.0,-228.194199,-547.732544,1860.28833,0.7188427677,0.5046204114,0.4781457056,,,,
20323,0.0,-225.520493,-545.182007,1860.357178,0.7196533129,0.5007202641,0.4810180103,,,,
20324,0.0,-223.006668,-542.799377,1860.328003,0.720890062,0.4964631749,0.4835719537,,,,
20325,0.0,-220.505829,-540.429199,1860.195923,0.7213388439,0.4925585841,0.4868842917,,,,
20326,0.0,-218.265747,-538.267212,1860.00708,0.7215727028,0.4899289385,0.4891855167,,,,
20327,0.0,-213.099716,-532.345093,1859.172241,0.7207713821,0.4859140029,0.4943442085,,,,
20328,0.0,-211.7427825,-530.901764,1859.0183105,0.7203213845,0.4860755744,0.494840544,,,,
20329,0.0,-210.385849,-529.458435,1858.86438,0.7198713869,0.486237146,0.4953368794,,,,
20330,0.0,-205.382202,-524.860229,1858.693237,0.715836402,0.4889846964,0.4984698709,,,,
20331,0.0,-202.574066,-522.622742,1858.626465,0.7133323375,0.4907982803,0.5002739494,,,,
20332,0.0,-199.904251,-520.726013,1858.454956,0.7114078561,0.4926438723,0.5011994387,,,,
20333,0.0,-197.78035,-519.314331,1858.194946,0.7090735682,0.4945419226,0.5026360131,,,,
20334,0.0,-195.254135,-517.293152,1857.628906,0.7068234511,0.4953135748,0.5050396733,,,,
20335,0.0,-192.555786,-515.052246,1856.775635,0.7052842782,0.4963884083,0.5061349968,,,,
20336,0.0,-190.233429,-513.130249,1855.848877,0.704524778,0.4959801197,0.5075909358,,,,
20337,0.0,-187.644989,-510.984222,1854.618652,0.70405559,0.4956499619,0.5085635077,,,,
20338,0.0,-185.019562,-508.797455,1853.137817,0.7040065359,0.4956154282,0.5086650614,,,,
20339,0.0,-182.382904,-506.59021,1851.434326,0.7036293153,0.4953497942,0.5094451571,,,,
20340,0.0,-179.773239,-504.39386,1849.536743,0.7036074391,0.4953344669,0.5094902723,,,,
20341,0.0,-177.433289,-502.409027,1847.649414,0.7028336179,0.4956819177,0.5102198958,,,,
20342,0.0,-174.809509,-500.170593,1845.338867,0.7019326478,0.4960843709,0.5110683465,,,,
20343,0.0,-172.431152,-498.141602,1843.070068,0.7014585833,0.4966815176,0.5111392433,,,,
20344,0.0,-169.749802,-495.846588,1840.316406,0.7002615745,0.4968819318,0.512583723,,,,
20345,0.0,-166.937759,-493.438477,1837.218506,0.6991911853,0.4981784816,0.512786395,,,,
20346,0.0,-164.513397,-491.374908,1834.374634,0.6983429144,0.4985486724,0.5135819265,,,,
20347,0.0,-161.84494,-489.099731,1831.062134,0.6970224482,0.4995275566,0.5144238786,,,,
20348,0.0,-159.250549,-486.907288,1827.675781,0.6964600554,0.5002188658,0.5145138264,,,,
20349,0.0,-156.469025,-484.575592,1823.868286,0.6963943904,0.5003102484,0.5145138563,,,,
20350,0.0,-153.59436,-482.168915,1819.721191,0.6963943904,0.5003102484,0.5145138563,,,,
20351,0.0,-150.809189,-479.837219,1815.490479,0.6963943904,0.5003102484,0.5145138563,,,,
20352,0.0,-148.122009,-477.580353,1811.202759,0.695917228,0.5009737245,0.5145138862,,,,
20353,0.0,-145.428436,-475.302246,1806.696045,0.6948718714,0.5032617641,0.5136931761,,,,
20354,0.0,-143.146469,-473.3479,1802.687744,0.6936952503,0.5085141288,0.5100983048,,,,
20355,0.0,-140.287277,-470.764526,1797.615845,0.6932120625,0.5155876498,0.5036133555,,,,
20356,0.0,-137.258057,-467.992188,1791.956299,0.6928646279,0.5286101082,0.490418149,,,,
20357,0.0,-134.756149,-465.727203,1787.06311,0.6917583112,0.5384906299,0.481142682,,,,
20358,0.0,-131.977234,-465.456451,1781.305054,0.690059654,0.5528293753,0.4671159982,,,,
20359,0.0,-129.569611,-465.417664,1776.096069,0.6876864011,0.5692141818,0.4506469006,,,,
20360,0.0,-126.905563,-465.367126,1770.137451,0.6831654495,0.5893373198,0.4312383241,,,,
20361,0.0,-124.499611,-465.31311,1764.557129,0.6766744379,0.6122663087,0.4089519193,,,,
20362,0.0,-121.639122,-465.254761,1757.720337,0.6680618502,0.6366708816,0.3851539339,,,,
20363,0.0,-119.301468,-465.202637,1751.952026,0.6592901595,0.6560044975,0.3674160923,,,,
20364,0.0,-116.654716,-465.143738,1745.244141,0.648732882,0.6754835955,0.3505246924,,,,
20365,0.0,-113.993942,-465.099335,1738.294556,0.6376230171,0.693421894,0.3355636525,,,,
20366,0.0,-111.275688,-465.065491,1731.0,0.6274230892,0.7081214968,0.3238891985,,,,
20367,0.0,-108.651543,-465.046631,1723.775757,0.6197042183,0.7189909917,0.3146722671,,,,
20368,0.0,-106.237503,-465.029114,1716.950562,0.6120628294,0.7294359615,0.3054542042,,,,
20369,0.0,-102.022804,-463.535034,1704.448608,0.6055959119,0.7387853565,0.2957191041,,,,
20370,0.0,-98.836227,-462.244171,1693.835693,0.5980401638,0.7489817111,0.2852619127,,,,
20371,0.0,-95.781227,-461.151184,1684.389771,0.5869500105,0.7621771949,0.2730853506,,,,
20372,0.0,-90.819809,-461.089783,1668.588135,0.5615447004,0.7889387906,0.2494857396,,,,
20373,0.0,-88.614708,-461.324982,1666.437134,0.5404681718,0.8083387314,0.2334151892,,,,
20374,0.0,-86.62867,-461.193024,1664.718628,0.5146570949,0.8286733502,0.2200648845,,,,
20375,0.0,-84.885056,-460.948029,1663.154907,0.4863341316,0.8490648611,0.2063200766,,,,
20376,0.0,-83.110283,-460.215088,1663.399536,0.4442851391,0.8757546086,0.1888506834,,,,
20666,0.0,424.758728,1594.789795,1754.072266,0.1145108841,0.9859573107,0.1215542629,,,,
20667,0.0,424.758728,1594.789795,1754.072266,0.1145108841,0.9859573107,0.1215542629,,,,
20668,0.0,425.060577,1595.508911,1754.151733,0.1145108841,0.9859573107,0.1215542629,,,,
20669,0.0,425.310333,1596.1038205,1754.217407,0.1145108841,0.9859573107,0.1215542629,,,,
20670,0.0,425.890167,1597.485107,1754.369995,0.1145108841,0.9859573107,0.1215542629,,,,
20671,0.0,426.793671,1599.782593,1754.607788,0.1145108841,0.9859573107,0.1215542629,,,,
20672,0.0,427.4644625,1601.614258,1754.784363,0.1145108841,0.9859573107,0.1215542629,,,,
20673,0.0,429.004791,1606.006226,1755.189697,0.1145108841,0.9859573107,0.1215542629,,,,
20674,0.0,429.886871,1608.747925,1755.421753,0.1145108841,0.9859573107,0.1215542629,,,,
20675,0.0,430.828522,1611.855713,1755.669556,0.1145108841,0.9859573107,0.1215542629,,,,
20676,0.0,431.761322,1615.126831,1755.915039,0.1145108841,0.9859573107,0.1215542629,,,,
20677,0.0,432.587067,1618.187622,1756.132324,0.1145108841,0.9859573107,0.1215542629,,,,
20678,0.0,433.780823,1622.457764,1756.420898,0.126325164,0.9846258208,0.1206397362,,,,
20679,0.0,434.804565,1625.429077,1756.612427,0.1599857214,0.9797242411,0.1206025722,,,,
20680,0.0,436.093811,1628.452393,1756.807251,0.2200450549,0.9679142513,0.1213349744,,,,
20681,0.0,438.003296,1631.885498,1757.04541,0.325251161,0.9375740454,0.1231527169,,,,
20682,0.0,439.97171,1634.775879,1757.28064,0.4347065309,0.8918518606,0.125021961,,,,
20683,0.0,441.232635,1637.956421,1757.548096,0.5767643165,0.8061020295,0.1324478812,,,,
20684,0.0,442.413361,1641.047852,1757.839722,0.7013054606,0.6980543535,0.1445363988,,,,
20685,0.0,444.270172,1643.330688,1758.160278,0.8101096048,0.5634397436,0.1620434619,,,,
20686,0.0,447.515198,1644.833374,1758.643066,0.9193441243,0.3468217765,0.1857983758,,,,
20687,0.0,449.611938,1645.844482,1759.045776,0.9589812057,0.2037595003,0.1970713403,,,,
20688,0.0,451.68103,1646.370605,1759.501709,0.9776213301,0.026806911,0.2086574332,,,,
20689,0.0,453.430786,1646.879395,1759.963867,0.9696910469,-0.1166867544,0.2146706195,,,,
20690,0.0,455.584259,1647.267456,1760.640869,0.9263462398,-0.3085133978,0.2161067502,,,,
20691,0.0,457.231201,1647.86499,1761.17041,0.8945109291,-0.394028647,0.2111672868,,,,
21122,0.0,359.7052,-640.634949,1677.565674,-0.9594714633,-0.2750532284,0.0613207363,,,,
21123,0.0,359.885895,-640.647339,1666.423584,-0.9594714633,-0.2750532284,0.0613207363,,,,
21124,0.0,358.002441,-641.68689,1667.687012,-0.9583258712,-0.2791022369,0.0609382136,,,,
21125,0.0,356.459106,-641.650635,1669.175537,-0.9562613412,-0.2862387759,0.0602628454,,,,
21126,0.0,355.695435,-641.261292,1670.477539,-0.9544118869,-0.2924673994,0.0596721913,,,,
21127,0.0,353.563812,-639.983154,1672.015625,-0.9493020222,-0.3089481544,0.0581094528,,,,
21128,0.0,350.930115,-638.280762,1673.369629,-0.9423151731,-0.3299639854,0.0562661781,,,,
21129,0.0,348.255524,-636.555847,1674.712646,-0.9362066921,-0.3472082576,0.0544376295,,,,
21130,0.0,346.3187105,-635.337494,1675.092346,-0.9318167339,-0.3588012934,0.0531399287,,,,
21131,0.0,341.655365,-632.379395,1675.538452,-0.9227464501,-0.3821389446,0.0500880813,,,,
21132,0.0,338.88089,-630.679382,1675.522949,-0.9179578855,-0.3936307997,0.0490725379,,,,
21133,0.0,335.270386,-628.549316,1675.481689,-0.9139219601,-0.4031624013,0.0469758354,,,,
21134,0.0,332.747162,-627.081482,1675.471069,-0.9114334832,-0.4089345046,0.0454045888,,,,
21135,0.0,330.219269,-625.704773,1675.420288,-0.9100972888,-0.411939114,0.0450454363,,,,
21136,0.0,326.123047,-623.608704,1675.345337,-0.9089226584,-0.4146271996,0.0440895277,,,,
21137,0.0,323.455597,-622.131042,1675.394043,-0.9085604189,-0.4154205618,0.0440876621,,,,
21138,0.0,320.785461,-620.645447,1675.392944,-0.9085868113,-0.415531221,0.0424712929,,,,
21139,0.0,318.119354,-619.178345,1675.396851,-0.9086549127,-0.4155623664,0.0406714786,,,,
21140,0.0,315.303619,-617.917542,1675.369629,-0.9087220503,-0.415593071,0.0388153925,,,,
21141,0.0,312.451324,-616.836853,1675.380005,-0.9090979993,-0.415001478,0.0362574275,,,,
21142,0.0,309.649872,-615.874084,1675.581909,-0.9100739927,-0.4130341016,0.0341783383,,,,
21143,0.0,306.827209,-615.103882,1675.804321,-0.9112561584,-0.4106106621,0.0317977669,,,,
21144,0.0,302.576935,-614.286987,1676.040894,-0.9140399197,-0.4045976383,0.0288405333,,,,
21145,0.0,299.75116,-613.872314,1676.308594,-0.9158308539,-0.400647267,0.0271222144,,,,
21146,0.0,296.594116,-613.577332,1676.569092,-0.9174039384,-0.3971039267,0.0260477507,,,,
21749,0.0,225.328842,-257.001831,1716.715576,0.6193641956,-0.7494080042,0.2340419543,,,,
21750,0.0,225.521255,-257.234619,1716.715576,0.6193641956,-0.7494080042,0.2340419543,,,,
21751,0.0,225.674942,-257.420563,1716.715576,0.6193641956,-0.7494080042,0.2340419543,,,,
21752,0.0,225.845596,-257.627045,1716.715576,0.6193641956,-0.7494080042,0.2340419543,,,,
21753,0.0,228.035339,-257.732422,1718.417847,0.6138938831,-0.7532706349,0.2360458659,,,,
21754,0.0,233.493546,-260.713959,1723.397827,0.60809456,-0.7570463633,0.2389598499,,,,
21755,0.0,235.299698,-260.782379,1725.25,0.6045225688,-0.7595021106,0.2402269921,,,,
21756,0.0,235.112473,-260.004852,1725.973877,0.6013032479,-0.7617134088,0.2413028944,,,,
21757,0.0,235.001511,-259.972717,1726.738403,0.5994838673,-0.7630863419,0.241491879,,,,
21758,0.0,234.883301,-259.881073,1728.043457,0.5979852765,-0.7642612652,0.241491879,,,,
21759,0.0,234.988678,-259.926758,1728.087891,0.5976431119,-0.7645288582,0.2414918959,,,,
21760,0.0,235.779434,-260.630005,1727.529785,0.5972822118,-0.7648108471,0.241491879,,,,
21761,0.0,236.705429,-261.262665,1727.331543,0.5971691571,-0.7648991242,0.241491879,,,,
21762,0.0,237.808823,-261.858734,1727.30188,0.5971691571,-0.7648991242,0.241491879,,,,
21763,0.0,238.953171,-262.348053,1727.276001,0.5971691571,-0.7648991242,0.241491879,,,,
21764,0.0,240.2659,-262.771942,1727.28125,0.5971691571,-0.7648991242,0.241491879,,,,
21765,0.0,241.871185,-263.035339,1727.261963,0.5971691571,-0.7648991242,0.241491879,,,,
21766,0.0,243.501617,-263.476532,1727.353394,0.5971691571,-0.7648991242,0.241491879,,,,
21767,0.0,245.202972,-263.899536,1727.393433,0.5971691571,-0.7648991242,0.241491879,,,,
21768,0.0,247.697296,-264.573792,1727.492798,0.5971691571,-0.7648991242,0.241491879,,,,
21769,0.0,249.571716,-264.822083,1727.490234,0.6044804952,-0.7591343722,0.2414918959,,,,
21770,0.0,251.98259,-265.134125,1727.440552,0.6117511645,-0.7532875792,0.2414918959,,,,
21771,0.0,254.186356,-265.146149,1727.389526,0.6289578992,-0.7402678347,0.2375194601,,,,
21772,0.0,256.275726,-265.027863,1727.248535,0.6524912555,-0.7216376414,0.2312882963,,,,
21773,0.0,258.815521,-264.86908,1727.063721,0.6885133022,-0.6912962956,0.2192233209,,,,
21774,0.0,261.635315,-264.704437,1726.816895,0.7314054615,-0.6512533189,0.202274975,,,,
21775,0.0,264.904846,-264.473755,1726.624512,0.7852896117,-0.5933411177,0.1768234822,,,,
21776,0.0,267.877258,-264.118652,1726.39978,0.8368941345,-0.5268772958,0.1483526971,,,,
21777,0.0,270.413635,-263.704773,1725.98584,0.8699729077,-0.4762801508,0.1276885189,,,,
21778,0.0,274.470154,-263.186859,1725.881226,0.9126336317,-0.3977369532,0.0943672101,,,,
21779,0.0,277.059418,-262.74231,1725.827637,0.9355849163,-0.346008505,0.0704200178,,,,
21780,0.0,281.299652,-262.19342,1725.718994,0.961452239,-0.2723428026,0.0379340226,,,,
21781,0.0,283.956329,-261.907959,1725.614014,0.9715333396,-0.2359274503,0.0214757598,,,,
21782,0.0,287.967896,-261.661499,1725.504761,0.98138787,-0.192036038,-9.31657e-05,,,,
21783,0.0,291.454224,-261.54895,1725.442871,0.9862331034,-0.164699148,-0.0147802713,,,,
21784,0.0,295.775452,-261.492065,1725.455811,0.9895517798,-0.1415274659,-0.0275182039,,,,
21785,0.0,298.692505,-261.550262,1725.573242,0.990368247,-0.134688646,-0.032089001,,,,
21786,0.0,302.741333,-261.68335,1725.900269,0.9909462089,-0.1290165785,-0.0371528408,,,,
21787,0.0,305.436737,-261.797791,1726.047485,0.9911811628,-0.1267394552,-0.0386912533,,,,
21788,0.0,312.170959,-262.132477,1726.205688,0.991830741,-0.1198086385,-0.0437912252,,,,
21789,0.0,314.1295315,-262.235123,1726.191711,0.9920531459,-0.1167424412,-0.0467297772,,,,
21790,0.0,318.80368,-262.486572,1726.174194,0.9924778539,-0.1092394915,-0.055267016,,,,
21791,0.0,321.067276,-262.617645,1726.1401365,0.992569748,-0.1055725088,-0.0601839618,,,,
21792,0.0,326.082184,-262.88623,1729.027954,0.9927028442,-0.0952539679,-0.0739442006,,,,
21793,0.0,329.853516,-263.062073,1734.389404,0.9924732618,-0.0847163866,-0.088430529,,,,
21794,0.0,331.603348,-263.1442415,1736.8115845,0.992286198,-0.079825731,-0.0945244142,,,,
21795,0.0,336.047272,-263.369568,1742.744629,0.9918238628,-0.0689407904,-0.107389909,,,,
21796,0.0,337.9166565,-263.476456,1745.022461,0.9916564226,-0.0654629003,-0.1109388542,,,,
21804,0.0,356.640442,-263.349426,1769.098755,0.9955090754,-0.0595186583,-0.0736152846,,,,
21805,0.0,357.99176,-263.369873,1771.515381,0.9959346413,-0.0601706609,-0.0670349305,,,,
21806,0.0,360.114105,-263.45694,1775.270752,0.9965066013,-0.0611743327,-0.0568532731,,,,
21807,0.0,362.063751,-263.652069,1778.46228,0.9969495002,-0.0621143091,-0.0472599907,,,,
21808,0.0,363.399323,-263.795654,1780.774902,0.9972315415,-0.0628469771,-0.0397430516,,,,
21809,0.0,363.985901,-264.049072,1783.371826,0.9974891219,-0.0654526052,-0.0270445583,,,,
21810,0.0,363.34967,-264.268127,1784.239502,0.9976116341,-0.0676840048,-0.0137805265,,,,
21811,0.0,363.172699,-264.603821,1785.331055,0.9975609153,-0.0697935908,0.0010368301,,,,
21812,0.0,363.180328,-264.803925,1785.828735,0.9974485195,-0.0705898305,0.0106548938,,,,
21813,0.0,363.153412,-265.201691,1786.376953,0.9970615487,-0.072538771,0.0246250837,,,,
21814,0.0,363.131165,-265.513977,1786.599609,0.9967346589,-0.0734380178,0.0335689924,,,,
21815,0.0,363.088562,-265.93692,1786.683228,0.9962010758,-0.0745223604,0.0450536833,,,,
21816,0.0,363.116638,-266.294586,1786.521362,0.9957603847,-0.0746037963,0.0538101274,,,,
21817,0.0,363.099213,-266.605499,1786.242798,0.9954588453,-0.0745812045,0.059155145,,,,
21818,0.0,363.051697,-267.131012,1785.607178,0.9949483384,-0.0745429566,0.0672395092,,,,
21819,0.0,363.029816,-267.537384,1784.953979,0.9947173417,-0.0745256674,0.070592741,,,,
21820,0.0,362.999817,-267.95282,1784.217041,0.9944920686,-0.0745087722,0.0737154554,,,,
21821,0.0,362.904785,-268.690857,1782.810181,0.9941206331,-0.0744809612,0.0785923229,,,,
21822,0.0,362.898102,-269.146088,1781.763184,0.9936524631,-0.0766297334,0.082356946,,,,
21823,0.0,362.874512,-269.715698,1780.490723,0.992238384,-0.085014246,0.0907500261,,,,
21824,0.0,362.82547,-270.390656,1779.143555,0.9877064406,-0.1164547317,0.1042798286,,,,
21825,0.0,362.640076,-271.663208,1776.369751,0.9760090347,-0.1779068232,0.1255210197,,,,
21826,0.0,362.369354,-272.843933,1774.27063,0.9518640161,-0.2699886727,0.145124124,,,,
21827,0.0,361.081909,-275.500977,1770.183105,0.8329107552,-0.5240256101,0.1779236743,,,,
21828,0.0,360.383438,-276.3652195,1768.5949095,0.7566093286,-0.615179766,0.1867799712,,,,
21829,0.0,358.760284,-278.21344,1764.690796,0.5622940514,-0.8009471793,0.2056915548,,,,
21830,0.0,358.064163,-278.9649505,1762.7251585,0.4434353744,-0.8598358884,0.2153125295,,,,
21831,0.0,356.727234,-280.562927,1758.103516,0.1804761534,-0.9545733811,0.2371033914,,,,
21832,0.0,356.2930605,-281.1074675,1756.0192875,0.086354552,-0.9609612114,0.245216119,,,,
21833,0.0,356.676697,-284.127319,1748.180176,-0.1047342524,-0.9593090459,0.2622153521,,,,
21834,0.0,356.8032535,-285.844589,1742.496643,-0.1654665668,-0.9471780694,0.2676003503,,,,
21835,0.0,356.789246,-288.59845,1732.692261,-0.2745905309,-0.9208726572,0.2767554689,,,,
21836,0.0,356.348267,-289.778198,1727.576416,-0.3105824886,-0.9085474262,0.2794281519,,,,
21837,0.0,355.829773,-291.482666,1719.925781,-0.3375163816,-0.8985704869,0.2804527987,,,,
21838,0.0,355.530762,-292.826324,1717.88623,-0.3398673296,-0.8976839232,0.2804527987,,,,
21839,0.0,355.232056,-294.435852,1718.45813,-0.3402943883,-0.8975221206,0.2804527987,,,,
21840,0.0,354.979095,-295.588318,1718.855103,-0.3402943883,-0.8975221206,0.2804527987,,,,
21841,0.0,354.645782,-297.120972,1719.211182,-0.3402943883,-0.8975221206,0.2804527987,,,,
21842,0.0,354.361816,-298.313141,1719.535034,-0.3391173749,-0.897967491,0.2804528322,,,,
21843,0.0,353.895386,-300.285187,1719.701782,-0.3348742265,-0.9003449973,0.2779175026,,,,
21844,0.0,353.617065,-301.54776,1719.86084,-0.3293107675,-0.9032512484,0.2751210654,,,,
21845,0.0,353.0354,-303.799469,1719.874634,-0.322235239,-0.9070670296,0.2709130019,,,,
21846,0.0,352.518463,-305.782288,1719.937866,-0.3150348752,-0.91123822,0.2653260898,,,,
21847,0.0,351.947174,-308.048096,1719.948608,-0.3039136419,-0.917198903,0.2576483469,,,,
21848,0.0,351.444794,-310.110657,1720.001465,-0.2919441553,-0.9230725014,0.2504111965,,,,
21849,0.0,350.694916,-313.331146,1720.082031,-0.270101485,-0.932772708,0.2387053895,,,,
21850,0.0,350.251465,-315.672729,1720.142334,-0.2453040092,-0.9420997792,0.2286349693,,,,
21851,0.0,349.779663,-318.179047,1720.935913,-0.2193956205,-0.950829618,0.2186060365,,,,
21852,0.0,349.333954,-320.555298,1720.953369,-0.1963829007,-0.9575898882,0.210844403,,,,
21853,0.0,348.941895,-322.830322,1722.039062,-0.1725764456,-0.9636087654,0.2041458244,,,,
21854,0.0,347.873749,-326.788788,1723.891846,-0.1416314449,-0.9702735175,0.1962392291,,,,
21855,0.0,346.990326,-329.261658,1724.426514,-0.1231760316,-0.9733525964,0.1934228228,,,,
21856,0.0,346.100525,-331.460327,1724.913696,-0.1067033003,-0.9757932153,0.1908978958,,,,
21857,0.0,344.486938,-334.425354,1725.066406,-0.0886567098,-0.9781173577,0.1882190808,,,,
21858,0.0,343.351013,-336.44455,1724.493408,-0.0767799641,-0.9795709319,0.1858645378,,,,
21859,0.0,342.424194,-337.91861,1724.043579,-0.0697486764,-0.9804899514,0.1837786095,,,,
21860,0.0,341.328003,-341.651154,1722.430542,-0.0618380688,-0.9815492503,0.1809340278,,,,
21861,0.0,340.642517,-344.044556,1721.302002,-0.0590529145,-0.9818966102,0.1799772211,,,,
21862,0.0,339.746948,-346.9104,1719.576904,-0.0571923247,-0.9822284613,0.1787632173,,,,
21863,0.0,338.985474,-349.537506,1717.868652,-0.0564203803,-0.9824149574,0.1779819996,,,,
21893,0.0,334.504089,-444.080505,1681.263428,0.5454899463,-0.8272130786,0.1347562284,,,,
21894,0.0,334.613708,-447.276367,1675.459351,0.5624906112,-0.8159717749,0.1333955579,,,,
21895,0.0,334.887817,-451.780121,1673.703247,0.586131548,-0.7994757598,0.1314850482,,,,
21896,0.0,335.058197,-454.792297,1671.928833,0.6027333296,-0.7872602585,0.1301300073,,,,
21897,0.0,335.06958,-457.394867,1671.506714,0.6187152397,-0.7749827538,0.1288145314,,,,
21898,0.0,335.544281,-467.611816,1669.890381,0.6614177425,-0.7389446751,0.1284030254,,,,
21899,0.0,338.008514,-462.79776,1673.557373,0.7300618013,-0.6712096794,0.1284030081,,,,
21900,0.0,340.443207,-466.157684,1674.517822,0.795991411,-0.5915321979,0.1284030081,,,,
21901,0.0,342.060272,-468.429169,1675.105347,0.824829289,-0.550791167,0.1276155724,,,,
21902,0.0,343.402588,-470.149658,1675.611938,0.846784119,-0.5167477302,0.1262079203,,,,
21903,0.0,345.958435,-473.49762,1676.116089,0.8739898796,-0.4698579673,0.123996697,,,,
21904,0.0,348.147644,-476.344025,1676.571533,0.8879988327,-0.4437540019,0.1205838256,,,,
21905,0.0,350.280334,-478.803467,1676.845215,0.8983136364,-0.4234164933,0.1172650157,,,,
21906,0.0,352.493866,-481.301971,1677.134033,0.9007568635,-0.418519184,0.1160980858,,,,
21907,0.0,354.783417,-483.58783,1677.177002,0.9009656948,-0.4183291497,0.1151587572,,,,
21908,0.0,357.0224,-485.621887,1677.213135,0.8993547448,-0.4220215913,0.1142751918,,,,
21909,0.0,359.28363,-487.676849,1677.165161,0.8954727055,-0.4298479205,0.115582866,,,,
21910,0.0,361.76532,-490.082184,1676.882202,0.889276714,-0.4420153266,0.1175133055,,,,
21911,0.0,364.728455,-492.914185,1676.646729,0.8774948578,-0.46412627,0.1207873335,,,,
21912,0.0,367.181732,-495.007904,1676.55896,0.8665686205,-0.4839921379,0.1216981364,,,,
21942,0.0,397.394226,-585.364441,1677.076294,-0.178433815,-0.9722267933,0.1514477998,,,,
21943,0.0,398.116974,-589.449768,1677.730957,-0.2268362757,-0.9618728864,0.1527935027,,,,
21944,0.0,398.488831,-591.780945,1678.084595,-0.2565992364,-0.9542332581,0.1536089875,,,,
21945,0.0,398.55011,-592.853882,1678.262573,-0.2699625218,-0.9504803159,0.1539720948,,,,
21946,0.0,399.029877,-599.613953,1679.014526,-0.3328809088,-0.930551173,0.1525280795,,,,
21947,0.0,398.149658,-601.445496,1679.201416,-0.3982650593,-0.9048523065,0.1504235553,,,,
21948,0.0,397.305603,-605.055298,1678.676392,-0.4776659298,-0.8660549661,0.1475942247,,,,
21949,0.0,396.514221,-608.183105,1678.161011,-0.5537093457,-0.8194174221,0.1481926072,,,,
21950,0.0,392.723541,-609.982788,1677.701294,-0.6332766362,-0.7597311341,0.1475442506,,,,
21951,0.0,392.426025,-612.460327,1677.701294,-0.7026409415,-0.6965792453,0.1451656374,,,,
21952,0.0,392.065796,-615.458984,1677.701294,-0.7835848226,-0.6055157878,0.1390879449,,,,
21953,0.0,391.781372,-617.532837,1677.701294,-0.8385826396,-0.5275853312,0.1357677244,,,,
21954,0.0,391.576477,-620.654602,1677.701294,-0.8770249825,-0.46183172,0.1324335399,,,,
21955,0.0,391.069885,-626.091797,1677.701294,-0.9235198308,-0.3610120513,0.1295431239,,,,
21956,0.0,390.706024,-629.397766,1677.701294,-0.9351127226,-0.3298966529,0.1293537568,,,,
21957,0.0,390.4676515,-631.177124,1677.701294,-0.9383180198,-0.3206986681,0.1289053148,,,,
21958,0.0,389.780273,-635.721619,1677.701294,-0.9450304447,-0.3007160224,0.1284030081,,,,
21959,0.0,389.408279,-637.682892,1677.701294,-0.9462347748,-0.2966739986,0.1288653851,,,,
21960,0.0,388.482117,-642.17157,1677.701294,-0.9476897941,-0.2918075578,0.1293537914,,,,
21961,0.0,387.9960025,-644.169861,1677.701294,-0.947725801,-0.2916905724,0.1293537828,,,,
21962,0.0,387.509888,-646.168152,1677.701294,-0.9477618079,-0.2915735869,0.1293537741,,,,
21963,0.0,385.853271,-652.088928,1677.701294,-0.9477618079,-0.2915735869,0.1293537741,,,,
21964,0.0,384.717682,-655.751099,1677.701294,-0.9477618079,-0.2915735869,0.1293537741,,,,
21965,0.0,383.896332,-658.251099,1677.701294,-0.9479548739,-0.2909452915,0.1293537568,,,,
21966,0.0,382.706085,-661.701538,1677.701294,-0.9482551576,-0.2899650964,0.1293537741,,,,
21967,0.0,381.700958,-664.487244,1677.701294,-0.9488545993,-0.2879974679,0.1293538087,,,,
21968,0.0,380.240753,-668.506653,1677.701294,-0.9501433103,-0.2837169286,0.1293537568,,,,
21969,0.0,379.24765,-671.140137,1677.701294,-0.9514076417,-0.2794478574,0.1293537568,,,,
21970,0.0,377.726501,-674.590942,1677.701294,-0.9532813442,-0.273355887,0.1285738615,,,,
21971,0.0,376.036835,-677.732788,1677.701294,-0.9547563944,-0.2682403761,0.1284029908,,,,
21972,0.0,374.315125,-680.467834,1677.701294,-0.955800319,-0.2644965195,0.1284030427,,,,
21973,0.0,372.801849,-682.597229,1677.701294,-0.9565268074,-0.2621901806,0.1277214778,,,,
21974,0.0,370.68634,-685.237366,1677.701294,-0.9575524393,-0.2585522639,0.1274521587,,,,
21975,0.0,368.296356,-687.870911,1677.701294,-0.9587656776,-0.2544469816,0.1265903194,,,,
21976,0.0,366.68811,-689.47937,1677.701294,-0.9595496343,-0.2518183038,0.1259048895,,,,
21977,0.0,363.71347,-692.14386,1677.701294,-0.9615426819,-0.2447157248,0.1246991775,,,,
21978,0.0,361.663574,-693.770569,1677.701294,-0.9637372007,-0.236703006,0.1232164559,,,,
21979,0.0,358.578644,-695.914673,1677.701294,-0.9687856531,-0.2168877241,0.1200586249,,,,
21980,0.0,356.361877,-697.166016,1677.701294,-0.9748897756,-0.1899008776,0.1163081347,,,,
21981,0.0,353.02179,-698.803223,1677.701294,-0.9837170654,-0.1430481468,0.1088024037,,,,
21982,0.0,350.585541,-699.687683,1677.701294,-0.9909398008,-0.0927940219,0.0970957292,,,,
21983,0.0,348.042084,-700.804688,1677.701294,-0.9965416247,-0.0267367408,0.0786761525,,,,
21984,0.0,345.001495,-701.477966,1677.701294,-0.9973177676,0.0438586418,0.0585976956,,,,
21985,0.0,342.185608,-701.522705,1677.701294,-0.9927549813,0.1139642946,0.0380747515,,,,
21986,0.0,340.243225,-701.449524,1677.701294,-0.9881151037,0.1510151063,0.0286876185,,,,
21987,0.0,337.47757,-701.173218,1677.701294,-0.9807091265,0.1946149955,0.0182924214,,,,
21988,0.0,334.830811,-700.812866,1677.701294,-0.9751604985,0.2211966178,0.0115783603,,,,
21989,0.0,332.295929,-700.264709,1677.701294,-0.9723051946,0.2335990812,0.0073537563,,,,
21990,0.0,329.677277,-699.438354,1677.701294,-0.971746264,0.2359297845,0.0068069933,,,,
21991,0.0,327.905518,-698.727173,1677.701294,-0.9717308039,0.2359934525,0.0068069933,,,,
21992,0.0,324.935242,-697.385559,1677.701294,-0.972395545,0.2332647393,0.0058707303,,,,
21993,0.0,323.184723,-696.524963,1677.701294,-0.9734829512,0.2287189176,0.0043128174,,,,
21994,0.0,320.805878,-695.267822,1677.701294,-0.9745997212,0.2239340296,0.0029889417,,,,
21995,0.0,317.517029,-693.695129,1677.701294,-0.9764187509,0.2158770628,-0.0018753028,,,,
21996,0.0,316.52388,-693.25769,1677.701294,-0.9770348066,0.2129805685,-0.0049211574,,,,
21997,0.0,313.714325,-692.044495,1677.701294,-0.9786354393,0.2051266588,-0.0139903821,,,,
21998,0.0,312.079193,-691.382812,1677.701294,-0.9796752584,0.1993655464,-0.0221306785,,,,
21999,0.0,310.295013,-690.677551,1677.701294,-0.9805837487,0.1939192429,-0.0291691452,,,,
22000,0.0,309.3743285,-690.3074035,1677.701294,-0.9808909258,0.192019809,-0.0312017764,,,,
22001,0.0,307.162811,-689.407471,1677.701294,-0.9814590089,0.1882648801,-0.0359798396,,,,
22002,0.0,306.096375,-688.962158,1676.672607,-0.9816276444,0.1873349298,-0.0362324683,,,,
22003,0.0,304.883026,-688.446838,1675.068604,-0.9816288001,0.1871503635,-0.0371435098,,,,
22004,0.0,303.951385,-688.069824,1673.827148,-0.9816270847,0.1871500365,-0.0371904616,,,,
22005,0.0,302.812256,-687.631775,1672.319336,-0.9816270847,0.1871500365,-0.0371904616,,,,
22006,0.0,301.676605,-687.218079,1670.825195,-0.9816270847,0.1871500365,-0.0371904616,,,,
22007,0.0,300.792847,-686.890137,1669.668945,-0.9811707781,0.1893774914,-0.0379482543,,,,
22008,0.0,299.810516,-686.518127,1668.388916,-0.9802497215,0.1939161198,-0.0388203804,,,,
22009,0.0,298.559418,-686.05426,1666.765747,-0.9788978281,0.200411969,-0.0399259913,,,,
22010,0.0,297.586548,-685.704285,1665.507812,-0.9778197284,0.2054393443,-0.0407830172,,,,
22011,0.0,296.417084,-685.282227,1664.03125,-0.976389338,0.2119178548,-0.0418889415,,,,
22012,0.0,295.620728,-684.982849,1664.03125,-0.9751105191,0.2175631643,-0.0427287394,,,,
22013,0.0,294.764496,-684.596191,1664.03125,-0.9720366408,0.2305695929,-0.0445245074,,,,
22014,0.0,294.027161,-684.217224,1664.03125,-0.9680059841,0.2465816296,-0.0464963943,,,,
22015,0.0,293.352753,-683.903503,1664.03125,-0.9650954528,0.2576885279,-0.0467695376,,,,
22016,0.0,292.875366,-683.713196,1664.03125,-0.9638424641,0.2621838366,-0.0476165958,,,,
22017,0.0,292.469208,-683.567932,1664.03125,-0.9633029545,0.2642839613,-0.0469191399,,,,
22018,0.0,292.132965,-683.438293,1664.03125,-0.9626033028,0.2669918971,-0.0459370038,,,,
22019,0.0,291.898499,-683.323181,1664.03125,-0.9614272608,0.2715013204,-0.0440982459,,,,
22020,0.0,291.757629,-683.265808,1664.03125,-0.9610811136,0.272906497,-0.0429550577,,,,
22021,0.0,291.73291,-683.257324,1664.03125,-0.9611118383,0.2729326418,-0.0420928428,,,,
22022,0.0,291.779724,-683.278442,1664.03125,-0.9614336112,0.2720868345,-0.0401766811,,,,
22023,0.0,291.934937,-683.34668,1664.03125,-0.9622924925,0.2694415455,-0.0373418335,,,,
22024,0.0,291.936798,-683.373169,1664.03125,-0.963161648,0.2665951912,-0.0353078439,,,,
22025,0.0,291.937927,-683.390564,1664.03125,-0.9637445565,0.2647313353,-0.0333728924,,,,
22026,0.0,291.939514,-683.412659,1664.03125,-0.9644311795,0.2623249606,-0.0325286815,,,,
22027,0.0,291.94162,-683.439636,1664.03125,-0.9652598953,0.2593846635,-0.0315108042,,,,
22028,0.0,291.943176,-683.45813,1664.03125,-0.965802433,0.2573656683,-0.0314415838,,,,
22029,0.0,291.943787,-683.465942,1664.03125,-0.966027559,0.2565193598,-0.0314415838,,,,
22030,0.0,291.943878,-683.466919,1664.03125,-0.9660573435,0.2564071874,-0.0314414268,,,,
22031,0.0,291.943878,-683.466919,1664.03125,-0.9660573435,0.2564071874,-0.0314414268,,,,
22032,0.0,291.943878,-683.466919,1664.03125,-0.9660573435,0.2564071874,-0.0314414268,,,,
22033,0.0,291.943878,-683.466919,1664.03125,-0.9660573435,0.2564071874,-0.0314414268,,,,
22034,0.0,291.943878,-683.466919,1664.03125,-0.9660573435,0.2564071874,-0.0314414268,,,,
22035,0.0,291.943878,-683.466919,1664.03125,-0.9660573435,0.2564071874,-0.0314414268,,,,
22036,0.0,291.943878,-683.466919,1664.03125,-0.9660573435,0.2564071874,-0.0314414268,,,,
22037,0.0,291.943878,-683.466919,1664.03125,-0.9660573435,0.2564071874,-0.0314414268,,,,
22038,0.0,291.943878,-683.466919,1664.03125,-0.9660573435,0.2564071874,-0.0314414268,,,,
22039,0.0,291.943878,-683.466919,1664.03125,-0.9660573435,0.2564071874,-0.0314414268,,,,
22040,0.0,291.943878,-683.466919,1664.03125,-0.9660817769,0.2564136724,-0.0306272566,,,,
22041,0.0,291.943878,-683.466919,1664.03125,-0.9661368119,0.2564282796,-0.0287088504,,,,
22042,0.0,291.943878,-683.466919,1664.03125,-0.9661841542,0.256440845,-0.026949455,,,,
22043,0.0,291.943878,-683.466919,1664.03125,-0.9662784495,0.2564658725,-0.023048086,,,,
22044,0.0,291.84491,-683.440674,1664.03125,-0.9663364773,0.256481274,-0.0202772941,,,,
22045,0.0,291.84491,-683.440674,1664.03125,-0.9664212768,0.2565037811,-0.0153533723,,,,
22046,0.0,291.84491,-683.440674,1664.03125,-0.9664578243,0.2565134814,-0.0126533692,,,,
22047,0.0,291.84491,-683.440674,1664.03125,-0.9664728779,0.2565174769,-0.0113560723,,,,
22048,0.0,291.819427,-683.536743,1664.03125,-0.9664822597,0.256519967,-0.010466531,,,,
22049,0.0,291.785065,-683.66626,1664.03125,-0.9664833901,0.256520267,-0.0103541902,,,,
22050,0.0,291.752228,-683.7901,1664.03125,-0.9664833901,0.256520267,-0.0103541902,,,,
22051,0.0,291.708984,-683.953125,1664.03125,-0.9664833901,0.256520267,-0.0103541902,,,,
22052,0.0,291.671234,-684.095398,1664.03125,-0.9664833901,0.256520267,-0.0103541902,,,,
22053,0.0,291.619324,-684.281982,1664.03125,-0.9667236507,0.2556483519,-0.0094500493,,,,
22054,0.0,291.569397,-684.468811,1664.03125,-0.9667380362,0.2555959588,-0.0093954927,,,,
22055,0.0,291.520691,-684.653076,1664.03125,-0.9667455934,0.2555979569,-0.0085230377,,,,
22056,0.0,291.465698,-684.861206,1664.03125,-0.9667531051,0.2555999429,-0.0075566452,,,,
22057,0.0,291.415558,-685.061218,1664.03125,-0.9665478961,0.2563999005,-0.0066524828,,,,
22058,0.0,291.362762,-685.280884,1664.03125,-0.9660887951,0.2581475358,-0.0056824124,,,,
22059,0.0,291.301666,-685.533813,1664.03125,-0.9655503792,0.2602017568,-0.0027405998,,,,
22060,0.0,291.246826,-685.748108,1665.217773,-0.9653328845,0.261019701,-0.0010666403,,,,
22061,0.0,291.177673,-686.015381,1666.667969,-0.9650735907,0.261973643,0.0016657938,,,,
22062,0.0,291.105621,-686.292297,1668.101685,-0.9648117128,0.2629153027,0.0037285906,,,,
22063,0.0,291.020691,-686.605957,1669.620605,-0.9647755832,0.2630103397,0.0057995919,,,,
22064,0.0,290.946686,-686.878174,1670.881226,-0.9647645395,0.263007329,0.0075185283,,,,
22065,0.0,290.861267,-687.203308,1672.361572,-0.9645223617,0.2638593703,0.0086513845,,,,
22066,0.0,290.768341,-687.543152,1673.822754,-0.9644853121,0.2639248841,0.0105706341,,,,
22067,0.0,290.683929,-687.852539,1675.102783,-0.9644660496,0.263919613,0.0123157267,,,,
22068,0.0,290.581909,-688.22583,1676.596924,-0.9644270415,0.2639089387,0.0152497119,,,,
22069,0.0,290.482391,-688.600708,1677.701294,-0.964127115,0.2648052216,0.0183603033,,,,
22070,0.0,290.392761,-688.93927,1677.701294,-0.9638441493,0.265638148,0.0209959548,,,,
22071,0.0,290.281616,-689.342957,1677.701294,-0.963794033,0.2657231956,0.0221866025,,,,
22072,0.0,290.143707,-689.853638,1677.701294,-0.9635381273,0.2665032548,0.0238807976,,,,
22073,0.0,289.927704,-690.647583,1677.701294,-0.9632378584,0.2674803826,0.0250414257,,,,
22074,0.0,289.650818,-691.656738,1677.701294,-0.9629150273,0.2684497665,0.0270069078,,,,
22075,0.0,289.365692,-692.703979,1677.701294,-0.9623741014,0.2701079517,0.0296274101,,,,
22076,0.0,288.608185,-695.455872,1677.701294,-0.9611523817,0.2736524292,0.0360617122,,,,
22077,0.0,288.354889,-696.3773805,1677.701294,-0.9605240054,0.2755471902,0.038194839,,,,
22078,0.0,287.620544,-699.019897,1677.701294,-0.959194676,0.2791751544,0.0447973964,,,,
22079,0.0,287.055115,-701.027832,1677.701294,-0.9585075629,0.2810125785,0.0479080644,,,,
22080,0.0,286.498108,-702.995911,1677.701294,-0.9577899261,0.2826768092,0.052271206,,,,
22081,0.0,285.84024,-705.315735,1677.701294,-0.9566019415,0.2853469759,0.0590747737,,,,
22082,0.0,285.574738,-706.26001,1677.701294,-0.9557796973,0.2870830687,0.0637846518,,,,
22083,0.0,285.325287,-707.142395,1677.701294,-0.9548006112,0.2888094325,0.0703200146,,,,
22084,0.0,285.046021,-708.131531,1677.701294,-0.9535630664,0.2915348692,0.0756630582,,,,
22085,0.0,284.759277,-709.128357,1677.701294,-0.9528909724,0.2934279584,0.0768038271,,,,
22086,0.0,284.483246,-710.060242,1677.701294,-0.9528835035,0.2934492744,0.0768150512,,,,
22087,0.0,284.166962,-711.123108,1677.701294,-0.9528835035,0.2934492744,0.0768150512,,,,
22088,0.0,283.829163,-712.263977,1677.701294,-0.9525495705,0.2942937979,0.0777205007,,,,
22089,0.0,283.533264,-713.268127,1677.701294,-0.9520489779,0.2958959724,0.0777709273,,,,
22090,0.0,283.202667,-714.410095,1677.701294,-0.95064572,0.3001550049,0.0786109924,,,,
22091,0.0,282.839355,-715.663757,1677.701294,-0.9489558262,0.3051808156,0.0796712599,,,,
22092,0.0,282.559052,-716.585083,1677.701294,-0.9442008837,0.3193785276,0.0805111631,,,,
22093,0.0,282.208252,-717.705872,1677.701294,-0.9369399872,0.3394076139,0.0833422584,,,,
22094,0.0,281.910919,-718.666199,1677.701294,-0.9316918484,0.3529549652,0.0858667114,,,,
22095,0.0,281.521301,-719.892334,1677.701294,-0.9240920852,0.3714276321,0.0899740638,,,,
22096,0.0,281.177704,-720.962402,1677.701294,-0.9183296577,0.3847819351,0.0928089555,,,,
22097,0.0,280.7612,-722.263489,1677.701294,-0.9142241,0.3939191099,0.0949843663,,,,
22098,0.0,280.361359,-723.502991,1677.701294,-0.9125534381,0.3975422477,0.0959499028,,,,
22099,0.0,279.947479,-724.777344,1677.701294,-0.9124440465,0.3977779646,0.0960132958,,,,
22100,0.0,279.519409,-726.070618,1677.701294,-0.9124440465,0.3977779646,0.0960132958,,,,
22101,0.0,279.040649,-727.490112,1677.701294,-0.9124440465,0.3977779646,0.0960132958,,,,
22102,0.0,278.545441,-728.931885,1677.701294,-0.9124440465,0.3977779646,0.0960132958,,,,
22103,0.0,278.052582,-730.337769,1677.701294,-0.9124440465,0.3977779646,0.0960132958,,,,
22104,0.0,277.767731,-731.084045,1677.701294,-0.9120667267,0.3986423625,0.0960132958,,,,
22105,0.0,277.522827,-731.711487,1677.701294,-0.9117260274,0.3994209534,0.0960132958,,,,
22106,0.0,277.205841,-732.500854,1677.701294,-0.9116796418,0.3995268173,0.0960132958,,,,
22107,0.0,276.906403,-733.234558,1677.701294,-0.9116796418,0.3995268173,0.0960132958,,,,
22108,0.0,276.565826,-734.059753,1677.701294,-0.9116796418,0.3995268173,0.0960132958,,,,
22109,0.0,276.196625,-734.94574,1677.701294,-0.9116796418,0.3995268173,0.0960132958,,,,
22110,0.0,275.908234,-735.656067,1677.701294,-0.9104182246,0.4023929714,0.0960132958,,,,
22111,0.0,275.480194,-736.697571,1677.701294,-0.9089884276,0.405612482,0.0960132958,,,,
22112,0.0,275.150452,-737.525085,1677.701294,-0.9053127179,0.4139615608,0.0951036755,,,,
22113,0.0,274.825745,-738.314575,1677.701294,-0.9005990515,0.4243162418,0.0942182323,,,,
22114,0.0,274.457886,-739.191101,1677.701294,-0.8948518615,0.4365147883,0.093246906,,,,
22115,0.0,274.057251,-740.134827,1677.701294,-0.8890303957,0.4484811961,0.0921388751,,,,
22116,0.0,273.663239,-741.036377,1677.701294,-0.8825857966,0.4614108041,0.0902351459,,,,
22117,0.0,273.287231,-741.916748,1677.701294,-0.8798427996,0.4671104219,0.0876612897,,,,
22118,0.0,272.361084,-744.078918,1677.701172,-0.8887534055,0.4478478009,0.0977227273,,,,
22119,0.0,272.1100615,-744.6810605,1677.701172,-0.8960916368,0.4311893875,0.1035846335,,,,
22120,0.0,271.859039,-745.283203,1677.701172,-0.903429868,0.4145309741,0.1094465397,,,,
22121,0.0,271.474579,-745.880676,1677.701294,-0.904489758,0.4119809805,0.1103174936,,,,
22122,0.0,271.51413,-745.657532,1677.701294,-0.904489758,0.4119809805,0.1103174936,,,,
22123,0.0,271.64859,-745.259399,1677.701294,-0.904489758,0.4119809805,0.1103174936,,,,
22124,0.0,271.873383,-744.653687,1677.701294,-0.904489758,0.4119809805,0.1103174936,,,,
22125,0.0,272.246094,-743.833374,1677.701294,-0.904489758,0.4119809805,0.1103174936,,,,
22126,0.0,272.482544,-743.313385,1677.701294,-0.904489758,0.4119809805,0.1103174936,,,,
22127,0.0,273.149048,-741.847839,1677.701294,-0.904489758,0.4119809805,0.1103174936,,,,
22128,0.0,273.814667,-740.384705,1677.701294,-0.904489758,0.4119809805,0.1103174936,,,,
22129,0.0,274.375366,-739.152344,1677.701294,-0.904489758,0.4119809805,0.1103174936,,,,
22130,0.0,270.835724,-742.539246,1674.873413,-0.904489758,0.4119809805,0.1103174936,,,,
22131,0.0,271.202118,-741.284363,1674.829346,-0.904489758,0.4119809805,0.1103174936,,,,
22132,0.0,271.695099,-739.834961,1674.819336,-0.9043922202,0.4128652202,0.1077822895,,,,
22133,0.0,272.340393,-738.401367,1674.792114,-0.9039005293,0.4147043846,0.1048050886,,,,
22134,0.0,272.926086,-737.072388,1674.775879,-0.9032286302,0.4172104635,0.1005657535,,,,
22135,0.0,273.590118,-735.577209,1674.758911,-0.9025737934,0.4201486391,0.0939982368,,,,
22136,0.0,274.32814,-734.594116,1675.057007,-0.9024321081,0.4209415417,0.0917541498,,,,
22137,0.0,275.624939,-731.92572,1674.478027,-0.9031026782,0.4218993008,0.0800408187,,,,
22138,0.0,275.957306,-731.014648,1673.892822,-0.9059126909,0.4164695187,0.0766507431,,,,
22139,0.0,276.384613,-729.838806,1672.069458,-0.9105832304,0.4068592873,0.0728265116,,,,
22140,0.0,276.587372,-729.2699585,1671.300293,-0.9125279166,0.4028619488,0.0704972736,,,,
22141,0.0,277.345184,-727.717712,1668.741699,-0.9167421759,0.3941831383,0.064833914,,,,
22142,0.0,278.262299,-725.923767,1666.233154,-0.9185876221,0.3903553722,0.0618018122,,,,
22143,0.0,278.540924,-724.932739,1664.427979,-0.9219556874,0.3831229204,0.0566968999,,,,
22144,0.0,279.029846,-723.144409,1661.999634,-0.9243059944,0.3778312514,0.053869975,,,,
22145,0.0,279.373169,-722.319458,1660.672852,-0.9261282217,0.3736201736,0.0519084089,,,,
22146,0.0,279.955078,-720.922424,1659.365479,-0.929642452,0.3652707446,0.0483962246,,,,
22147,0.0,280.225983,-720.330444,1659.556519,-0.9323545504,0.358502901,0.0468045106,,,,
22148,0.0,280.664886,-719.335022,1659.887573,-0.9388540846,0.3415733779,0.0433662925,,,,
22149,0.0,280.868256,-719.235657,1659.798706,-0.9432326971,0.3292952112,0.0433213926,,,,
22150,0.0,281.528748,-718.618347,1659.848267,-0.9468922192,0.3187128447,0.0426291893,,,,
22151,0.0,282.081879,-718.049622,1659.770996,-0.9483267907,0.3144544905,0.0423635635,,,,
22152,0.0,282.747467,-717.292603,1659.670288,-0.9487358276,0.3132182298,0.042363546,,,,
22153,0.0,283.320801,-716.945068,1659.906372,-0.9490275384,0.3123332537,0.042363546,,,,
22154,0.0,284.189026,-716.578064,1660.407349,-0.9490356877,0.3123084909,0.042363546,,,,
22155,0.0,284.004395,-716.544922,1660.44519,-0.949946268,0.3095277337,0.042363546,,,,
22156,0.0,284.451538,-716.225159,1660.63208,-0.9509347665,0.3064774052,0.042363546,,,,
22157,0.0,284.676544,-715.938171,1660.692749,-0.951511592,0.3046818345,0.042363546,,,,
22158,0.0,285.128052,-715.466797,1660.822144,-0.9519834176,0.3032043907,0.042363546,,,,
22159,0.0,285.297424,-715.176208,1660.846436,-0.9522317223,0.3024236714,0.042363546,,,,
22160,0.0,285.603455,-714.757141,1660.928101,-0.9525647413,0.301373097,0.042363546,,,,
22161,0.0,285.216919,-714.687073,1660.927979,-0.9525658669,0.3013695391,0.042363546,,,,
22162,0.0,285.528503,-714.231995,1661.062744,-0.9525658669,0.3013695391,0.042363546,,,,
22163,0.0,285.807129,-713.746338,1661.155273,-0.9528001417,0.3004998642,0.0432633973,,,,
22164,0.0,286.052704,-713.378113,1661.224976,-0.9527535058,0.3004243487,0.0447880334,,,,
22165,0.0,286.248993,-712.683594,1661.416748,-0.9524868805,0.3003402758,0.0506405091,,,,
22166,0.0,286.3799895,-712.4222415,1661.4664305,-0.9525555012,0.2994545084,0.054320209,,,,
22167,0.0,286.706848,-711.755554,1661.568115,-0.9527247959,0.2970767679,0.0637248565,,,,
22168,0.0,286.926666,-711.248779,1661.621582,-0.9527001621,0.2957734079,0.0698605202,,,,
22169,0.0,287.048187,-710.8940125,1661.6348875,-0.9525814945,0.2955469205,0.0723481878,,,,
22170,0.0,287.258606,-710.178833,1661.678589,-0.9521772367,0.2960292717,0.0756649204,,,,
22171,0.0,286.778015,-709.8974,1661.627808,-0.9521054238,0.2962104966,0.0758591045,,,,
22172,0.0,286.88266,-709.655029,1661.809814,-0.9521054238,0.2962104966,0.0758591045,,,,
22173,0.0,287.184662,-709.306641,1662.091187,-0.9521054238,0.2962104966,0.0758591045,,,,
22174,0.0,287.588989,-709.224426,1662.391602,-0.9521054238,0.2962104966,0.0758591045,,,,
22175,0.0,288.091309,-709.170898,1662.677246,-0.9521054238,0.2962104966,0.0758591045,,,,
22176,0.0,288.386108,-709.113647,1662.826538,-0.9521054238,0.2962104966,0.0758591045,,,,
22177,0.0,288.473999,-709.108521,1662.869873,-0.9521054238,0.2962104966,0.0758591045,,,,
22178,0.0,288.38855,-709.117371,1662.839966,-0.9530196558,0.2931161206,0.0763968288,,,,
22179,0.0,288.224365,-709.382446,1662.583862,-0.9575797674,0.2772175317,0.0786856351,,,,
22180,0.0,287.90863,-709.403625,1662.705078,-0.9678908084,0.237531039,0.0822580607,,,,
22181,0.0,287.32608,-709.523682,1663.402588,-0.980339541,0.1767466838,0.0877211152,,,,
22182,0.0,286.620239,-709.760071,1664.632812,-0.9913797539,0.0907792381,0.0944738771,,,,
22183,0.0,286.018311,-710.435364,1666.400635,-0.9929339636,-0.059732512,0.1025386312,,,,
22184,0.0,285.869415,-711.631775,1668.315674,-0.9716754011,-0.2083503984,0.1115214166,,,,
22185,0.0,286.181854,-713.069397,1670.402222,-0.9080231793,-0.3988178047,0.1282117952,,,,
22186,0.0,286.192413,-714.824646,1671.938721,-0.7957443266,-0.5853259232,0.1555137625,,,,
22187,0.0,287.366333,-716.489441,1673.743164,-0.5748200609,-0.791759322,0.2066375417,,,,
22188,0.0,288.230469,-717.514771,1674.885742,-0.3908868139,-0.8876059071,0.2436457519,,,,
22189,0.0,289.454834,-718.841492,1676.673828,-0.1342459433,-0.9477718548,0.289320822,,,,
22190,0.0,290.292633,-719.553955,1676.555908,0.016683771,-0.9518682062,0.306053214,,,,
22191,0.0,291.182648,-719.915833,1676.477417,0.1647254928,-0.9332106042,0.3193485246,,,,
22192,0.0,292.041992,-720.137512,1676.439087,0.3038492561,-0.8949442627,0.3267267915,,,,
22193,0.0,292.54718,-720.539307,1676.15918,0.3627742304,-0.8728120093,0.3264874488,,,,
22194,0.0,293.225616,-721.210144,1675.998047,0.4241488979,-0.8460986708,0.3228230965,,,,
22195,0.0,293.754456,-721.957153,1675.643188,0.4497593335,-0.8342228685,0.3190434886,,,,
22196,0.0,294.166748,-722.703735,1675.508179,0.4566830039,-0.8308693413,0.3179571852,,,,
22197,0.0,294.863831,-724.085754,1675.576294,0.4566830039,-0.8308693413,0.3179571852,,,,
22198,0.0,295.477234,-725.271729,1675.490601,0.4566830039,-0.8308693413,0.3179571852,,,,
22199,0.0,296.155212,-726.571777,1675.559326,0.4566830039,-0.8308693413,0.3179571852,,,,
22200,0.0,296.995209,-728.165894,1675.503296,0.4566830039,-0.8308693413,0.3179571852,,,,
22201,0.0,297.931976,-729.931335,1675.192871,0.4566830039,-0.8308693413,0.3179571852,,,,
22202,0.0,299.066284,-732.062439,1675.157227,0.4566830039,-0.8308693413,0.3179571852,,,,
22203,0.0,300.022827,-733.85437,1675.166504,0.4566830039,-0.8308693413,0.3179571852,,,,
22204,0.0,301.026733,-735.730103,1675.180908,0.4566830039,-0.8308693413,0.3179571852,,,,
22205,0.0,302.030579,-737.602051,1675.2146,0.4566830039,-0.8308693413,0.3179571852,,,,
22206,0.0,303.970703,-741.21051,1675.424805,0.4566830039,-0.8308693413,0.3179571852,,,,
22207,0.0,304.974518,-743.073181,1675.589355,0.4566830039,-0.8308693413,0.3179571852,,,,
22208,0.0,305.945465,-744.87207,1675.740845,0.4566830039,-0.8308693413,0.3179571852,,,,
22209,0.0,306.853394,-746.55188,1675.893799,0.4566830039,-0.8308693413,0.3179571852,,,,
22210,0.0,307.872589,-748.370667,1676.113892,0.4604620346,-0.8287809983,0.3179571852,,,,
22211,0.0,308.6249085,-749.4986575,1676.2626345,0.476366343,-0.8205188522,0.3154303816,,,,
22212,0.0,309.377228,-750.626648,1676.411377,0.4922706515,-0.8122567061,0.3129035779,,,,
22213,0.0,310.515625,-752.113708,1676.533569,0.5296944667,-0.7918105004,0.3040722008,,,,
22214,0.0,313.106476,-755.630493,1676.894409,0.5941144728,-0.7497767044,0.2913123526,,,,
22215,0.0,314.305542,-757.276489,1676.965332,0.6165508039,-0.7331899252,0.2868756521,,,,
22216,0.0,315.476257,-758.904785,1677.014893,0.6329001427,-0.7197521585,0.2852967572,,,,
22217,0.0,316.71167,-760.652466,1677.059204,0.6431354342,-0.7109801932,0.2844010868,,,,
22218,0.0,317.935974,-762.39917,1677.112305,0.6474899625,-0.7073678989,0.2835267256,,,,
22219,0.0,319.219086,-764.213684,1677.205566,0.6490274509,-0.7063182031,0.2826268989,,,,
22511,0.0,981.722717,-487.660248,1677.673706,0.2629443061,0.9427703046,0.2050474203,,,,
22512,0.0,981.772522,-487.48172,1677.658813,0.2629443061,0.9427703046,0.2050474203,,,,
22513,0.0,981.805054,-487.365051,1677.648926,0.2629443061,0.9427703046,0.2050474203,,,,
22514,0.0,981.853149,-487.192535,1677.637939,0.2629443061,0.9427703046,0.2050474203,,,,
22515,0.0,981.882385,-487.08783,1677.623047,0.2629443061,0.9427703046,0.2050474203,,,,
22516,0.0,982.202576,-484.379059,1677.619019,0.3289880998,0.9221442483,0.2035112174,,,,
22517,0.0,982.600098,-480.636963,1677.595703,0.3820072094,0.9017441502,0.2023066473,,,,
22518,0.0,982.891052,-478.09256,1677.557373,0.4119076066,0.8889275399,0.2003495756,,,,
22519,0.0,983.332825,-474.391632,1677.461426,0.4412747512,0.8754225801,0.1972609952,,,,
22520,0.0,983.935791,-470.492035,1677.331909,0.4624038334,0.8649882531,0.1948794931,,,,
22521,0.0,984.684814,-466.986877,1677.187744,0.4741107158,0.8590571282,0.1929763709,,,,
22522,0.0,985.577148,-463.390289,1677.000977,0.4789498592,0.8566022937,0.1919362989,,,,
22523,0.0,986.769104,-459.867584,1676.789917,0.4832781945,0.8547729503,0.1892231226,,,,
22524,0.0,988.518372,-456.831696,1676.369263,0.4874746073,0.853630406,0.1835310251,,,,
22525,0.0,990.679565,-453.901276,1675.835449,0.4926008179,0.8525374417,0.1747121765,,,,
22600,0.0,1139.761597,-209.445648,1674.037476,0.3266503707,0.9433243117,0.058641097,,,,
22601,0.0,1139.56958,-209.473022,1674.193481,0.3266503707,0.9433243117,0.058641097,,,,
22602,0.0,1139.311646,-209.361008,1674.50293,0.3266503707,0.9433243117,0.058641097,,,,
22603,0.0,1138.93457,-209.262024,1674.77417,0.3266503707,0.9433243117,0.058641097,,,,
22605,0.0,1139.915771,-206.837708,1675.285645,0.250488957,0.9658768396,0.0658575213,,,,
22606,0.0,1141.819946,-204.313141,1674.971558,0.1747176272,0.9818748428,0.0734543658,,,,
22607,0.0,1142.93103,-200.159653,1674.964111,0.0647249468,0.9944059861,0.0834710497,,,,
22608,0.0,1143.279419,-198.210144,1674.697021,-0.009398058,0.9959936265,0.0889290304,,,,
22700,0.0,1037.792725,108.529449,1675.44751,-0.7278245669,0.6784581121,0.0998298053,,,,
22701,0.0,1037.712402,108.604271,1675.286255,-0.7278245669,0.6784581121,0.0998298053,,,,
22702,0.0,1037.734863,108.583282,1676.058838,-0.7278245669,0.6784581121,0.0998298053,,,,
22703,0.0,1037.845947,108.479683,1676.30249,-0.7278245669,0.6784581121,0.0998298053,,,,
22704,0.0,1037.828491,108.267624,1676.44812,-0.7278245669,0.6784581121,0.0998298053,,,,
22705,0.0,1037.536621,111.362526,1676.270874,-0.7521457015,0.650893521,0.1030265407,,,,
22706,0.0,1036.244507,117.957954,1675.508545,-0.7947873021,0.5972357094,0.1078084037,,,,
22707,0.0,1035.901489,121.643524,1675.566772,-0.8216251437,0.5593196095,0.1099713496,,,,
22708,0.0,1035.581055,124.855591,1675.641235,-0.8419769637,0.527954461,0.1110805105,,,,
22709,0.0,1035.4412845,126.5224915,1675.6577755,-0.8514037273,0.512266261,0.1111754402,,,,
22710,0.0,1035.114502,131.339584,1675.639404,-0.8756612329,0.469744286,0.1120611931,,,,
22711,0.0,1034.946655,134.391586,1675.566528,-0.8912945302,0.439317705,0.1122230572,,,,
22712,0.0,1034.564697,137.573639,1675.554688,-0.9065461221,0.4066917903,0.1130305987,,,,
22713,0.0,1034.158936,140.580521,1675.522583,-0.9188890126,0.3777032339,0.1139440634,,,,
22714,0.0,1033.432495,144.144897,1675.571777,-0.9306137926,0.3474465724,0.1150601947,,,,
22715,0.0,1032.602417,146.849274,1675.631104,-0.9387923383,0.3246927731,0.1150806181,,,,
22716,0.0,1031.639282,149.394882,1675.711548,-0.943117746,0.3116180603,0.1158581103,,,,
22717,0.0,1030.448608,151.936661,1675.779541,-0.9458576597,0.3031330408,0.116032957,,,,
22718,0.0,1028.681885,155.032471,1675.918823,-0.9481585129,0.2951794924,0.1177476185,,,,
22719,0.0,1027.05249,157.481308,1676.123657,-0.9494588615,0.2905560557,0.1187646779,,,,
22720,0.0,1025.433105,159.637772,1676.240845,-0.9496275045,0.2884602214,0.1224675606,,,,
22721,0.0,1023.125854,162.328598,1676.206299,-0.9496245754,0.2879660496,0.1236475637,,,,
22722,0.0,1021.210815,164.357452,1676.168213,-0.9496245754,0.2879660496,0.1236475637,,,,
22723,0.0,1018.638672,166.82019,1676.096191,-0.9496245754,0.2879660496,0.1236475637,,,,
22724,0.0,1016.449707,168.733963,1676.0802,-0.9496245754,0.2879660496,0.1236475637,,,,
22725,0.0,1014.149109,170.593063,1675.866577,-0.9496245754,0.2879660496,0.1236475637,,,,
22726,0.0,1011.843323,172.338531,1675.698608,-0.9496245754,0.2879660496,0.1236475637,,,,
22727,0.0,1008.49231,174.688583,1675.452026,-0.9496245754,0.2879660496,0.1236475637,,,,
22728,0.0,1006.59198,175.940186,1675.465698,-0.9496245754,0.2879660496,0.1236475637,,,,
22729,0.0,1003.726318,177.728256,1675.378296,-0.9496245754,0.2879660496,0.1236475637,,,,
22730,0.0,999.990662,179.917999,1675.171753,-0.9496245754,0.2879660496,0.1236475637,,,,
22731,0.0,997.949768,181.058014,1675.100952,-0.9496245754,0.2879660496,0.1236475637,,,,
22732,0.0,994.896301,182.69725,1675.043579,-0.9496245754,0.2879660496,0.1236475637,,,,
22733,0.0,991.785461,184.301697,1675.05957,-0.9496245754,0.2879660496,0.1236475637,,,,
22734,0.0,988.87323,185.760071,1675.192871,-0.9496245754,0.2879660496,0.1236475637,,,,
22735,0.0,985.699341,187.273575,1675.345703,-0.9502416804,0.2865503527,0.1221869234,,,,
22736,0.0,982.003418,188.942703,1675.508179,-0.9524342912,0.2828551934,0.1134101427,,,,
22737,0.0,978.915283,190.309555,1675.751831,-0.9536276247,0.2811317232,0.1075142205,,,,
22738,0.0,976.515259,191.286667,1675.933105,-0.9556898367,0.2749055683,0.1052799342,,,,
22739,0.0,973.169678,192.614319,1676.165405,-0.958099488,0.2669598554,0.1038162161,,,,
22740,0.0,969.508057,194.045959,1676.447876,-0.9597994377,0.2612152873,0.1027210446,,,,
22741,0.0,966.643433,195.158478,1676.692383,-0.9600534416,0.2602919502,0.1026912358,,,,
22742,0.0,963.535217,196.342636,1676.839844,-0.9600914195,0.260151833,0.1026912358,,,,
22743,0.0,959.776367,197.741806,1677.092407,-0.9600914195,0.260151833,0.1026912358,,,,
22744,0.0,956.785034,198.825638,1677.208008,-0.9600914195,0.260151833,0.1026912358,,,,
22745,0.0,953.733154,199.908112,1677.269653,-0.9600914195,0.260151833,0.1026912358,,,,
22746,0.0,949.705627,201.303726,1677.114746,-0.9600914195,0.260151833,0.1026912358,,,,
22747,0.0,946.805908,202.288895,1676.987915,-0.9600914195,0.260151833,0.1026912358,,,,
22748,0.0,942.881531,203.601196,1676.680176,-0.9600914195,0.260151833,0.1026912358,,,,
22749,0.0,936.799988,205.588623,1676.242798,-0.9600914195,0.260151833,0.1026912358,,,,
22750,0.0,934.8443605,206.215149,1676.0494995,-0.9600914195,0.260151833,0.1026912358,,,,
22751,0.0,929.633667,207.870026,1675.742676,-0.9600914195,0.260151833,0.1026912358,,,,
22752,0.0,926.557068,208.833603,1675.449585,-0.9600914195,0.260151833,0.1026912358,,,,
22753,0.0,923.4953,209.781601,1675.419434,-0.9600914195,0.260151833,0.1026912358,,,,
22754,0.0,919.553955,210.990143,1675.379272,-0.9600914195,0.260151833,0.1026912358,,,,
22755,0.0,917.923706,211.435135,1675.4166255,-0.9600914195,0.260151833,0.1026912358,,,,
22756,0.0,914.032471,212.42038,1675.505127,-0.9600914195,0.260151833,0.1026912358,,,,
22757,0.0,910.621765,213.176041,1675.85376,-0.9600914195,0.260151833,0.1026912358,,,,
22758,0.0,906.175354,214.201782,1676.208252,-0.9600914195,0.260151833,0.1026912358,,,,
22759,0.0,903.868225,214.667999,1676.520752,-0.9600914195,0.260151833,0.1026912358,,,,
22760,0.0,900.360046,215.339539,1677.128052,-0.9600914195,0.260151833,0.1026912358,,,,
22761,0.0,896.156189,216.13681,1677.581787,-0.9600914195,0.260151833,0.1026912358,,,,
22762,0.0,892.814453,216.865692,1677.7677,-0.9600914195,0.260151833,0.1026912358,,,,
22763,0.0,889.725769,217.358398,1678.137939,-0.9600914195,0.260151833,0.1026912358,,,,
22764,0.0,886.137268,217.987961,1678.391479,-0.9600914195,0.260151833,0.1026912358,,,,
22765,0.0,882.745483,218.615692,1678.498901,-0.9600914195,0.260151833,0.1026912358,,,,
22766,0.0,878.900574,219.393082,1678.529419,-0.9600914195,0.260151833,0.1026912358,,,,
22767,0.0,875.581116,219.978455,1678.511353,-0.9600914195,0.260151833,0.1026912358,,,,
22768,0.0,871.974487,220.735123,1678.437256,-0.9600914195,0.260151833,0.1026912358,,,,
22769,0.0,869.580383,221.16153,1678.289429,-0.9600914195,0.260151833,0.1026912358,,,,
22770,0.0,865.650696,222.011963,1677.825317,-0.9600914195,0.260151833,0.1026912358,,,,
22771,0.0,862.438721,222.758667,1677.682739,-0.9600914195,0.260151833,0.1026912358,,,,
22772,0.0,859.304138,223.546829,1677.321533,-0.9600914195,0.260151833,0.1026912358,,,,
22773,0.0,855.177856,224.706345,1677.127075,-0.9600914195,0.260151833,0.1026912358,,,,
22774,0.0,851.984985,225.609131,1677.12915,-0.9600914195,0.260151833,0.1026912358,,,,
22775,0.0,848.246155,226.723633,1677.162109,-0.9600914195,0.260151833,0.1026912358,0.0826507864,135.304785724,339.8905210002,6.0
22776,0.0,844.923279,227.716187,1677.231079,-0.9600914195,0.260151833,0.1026912358,0.0842284812,135.48967501,337.2910830879,6.0
22777,0.0,841.619385,228.785828,1677.398804,-0.9600914195,0.260151833,0.1026912358,0.0854716853,135.1313889059,334.0521028629,6.0
22778,0.0,838.402405,229.793503,1677.579102,-0.9600914195,0.260151833,0.1026912358,0.0886639163,135.3537737288,328.7974071262,6.0
22779,0.0,835.075439,230.947342,1677.939575,-0.9600914195,0.260151833,0.1026912358,0.091904065,135.5410222599,323.6706299268,6.0
22780,0.0,831.830322,232.003448,1678.14502,-0.9600914195,0.260151833,0.1026912358,0.0958875807,135.9047132824,318.0585283412,6.0
22781,0.0,828.371948,233.28035,1678.522095,-0.9600914195,0.260151833,0.1026912358,0.1008623886,136.8782438953,312.745869778,6.0
22782,0.0,825.864807,234.163528,1678.643433,-0.9600914195,0.260151833,0.1026912358,0.1043704715,137.0959401605,308.2187386857,6.0
22783,0.0,821.962341,235.632217,1678.859985,-0.9597467252,0.2617374504,0.1018809629,0.1110318731,137.98682496,301.3016246881,6.0
22784,0.0,818.663452,236.791733,1678.859009,-0.957343725,0.2704486469,0.1017375131,0.1209054294,140.8323286167,295.4643853769,6.0
22785,0.0,815.253845,238.146591,1678.850586,-0.9484514008,0.3007034334,0.1000868898,,,,
22786,0.0,811.93811,239.51358,1678.755615,-0.9320715509,0.3484903881,0.0989801671,,,,
22787,0.0,808.773682,240.769531,1678.686157,-0.9075009024,0.4086478873,0.0972060507,,,,
22788,0.0,805.559448,242.269516,1678.453491,-0.8705902238,0.4823587392,0.0969675664,,,,
22789,0.0,802.361633,243.654556,1678.322266,-0.8327173746,0.5456138954,0.0942722183,,,,
22790,0.0,799.300293,245.115326,1677.927246,-0.7930533582,0.602414379,0.09035091,,,,
22791,0.0,793.390869,247.708939,1677.02832,-0.7448456531,0.662032239,0.0831761234,,,,
22792,0.0,790.515869,249.093964,1676.683716,-0.7279318414,0.6807490572,0.0818288178,,,,
22793,0.0,786.829773,250.969955,1676.107056,-0.720071787,0.6891916196,0.0806940699,,,,
22794,0.0,783.917969,252.529099,1675.644165,-0.7198426484,0.6894374956,0.0806380883,,,,
22795,0.0,780.744202,254.38858,1675.459595,-0.7229339378,0.6861953222,0.0806380883,,,,
22796,0.0,777.96991,256.052124,1675.281738,-0.729934495,0.6785439365,0.0823028505,,,,
22797,0.0,775.419312,257.586823,1675.312134,-0.7432703445,0.6635303626,0.0853032996,,,,
22798,0.0,771.582947,259.840393,1675.488159,-0.7791897482,0.6201476119,0.0909960205,,,,
22799,0.0,769.268677,261.169434,1675.662842,-0.8124878458,0.57502343,0.0959768479,,,,
22800,0.0,766.032532,262.81366,1675.973877,-0.8609438638,0.4986298967,0.1007168783,,,,
22801,0.0,762.622986,264.305511,1676.400879,-0.9190613158,0.3803605204,0.1032093615,,,,
22802,0.0,758.520508,265.714966,1676.963623,-0.9743250755,0.1993784562,0.1045890935,,,,
22803,0.0,756.096191,266.092468,1677.195557,-0.9933802516,0.0474853093,0.1045983798,,,,
22804,0.0,751.886047,265.635712,1677.558472,-0.9745314378,-0.1978993225,0.1054719623,,,,
22805,0.0,749.202148,264.944702,1677.376343,-0.9089195985,-0.4018567631,0.1112488448,,,,
22806,0.0,746.869995,264.349579,1677.116333,-0.829093895,-0.5466656655,0.1173028706,,,,
22807,0.0,743.987122,263.87027,1676.880737,-0.7273784909,-0.674745431,0.1250565243,,,,
22808,0.0,741.758972,263.513245,1676.771118,-0.6497715599,-0.7492831196,0.1279520483,,,,
22876,0.0,591.228088,89.896286,1681.271118,-0.9985767624,-0.0282500437,0.0452369827,,,,
22877,0.0,590.674438,89.88063,1681.288208,-0.9985767624,-0.0282500437,0.0452369827,,,,
22878,0.0,591.056152,89.891426,1681.701416,-0.9985767624,-0.0282500437,0.0452369827,,,,
22879,0.0,588.933472,89.018471,1682.687866,-0.9985767624,-0.0282500437,0.0452369827,,,,
22880,0.0,585.094055,88.014275,1682.607544,-0.9985553256,-0.0289978557,0.0452370001,,,,
22881,0.0,581.585632,87.194328,1682.572998,-0.9985492189,-0.0292074103,0.0452369827,,,,
22882,0.0,576.739563,86.064438,1682.843384,-0.9985492189,-0.0292074103,0.0452369827,,,,
22883,0.0,574.139343,85.433571,1683.238892,-0.9985492189,-0.0292074103,0.0452369827,,,,
22884,0.0,569.979492,84.479683,1683.857544,-0.9985492189,-0.0292074103,0.0452369827,,,,
22885,0.0,567.392517,83.922356,1684.132812,-0.9985492189,-0.0292074103,0.0452369827,,,,
22886,0.0,563.404236,83.104523,1684.692261,-0.9985492189,-0.0292074103,0.0452369827,,,,
22887,0.0,560.710327,82.613342,1685.025146,-0.9985492189,-0.0292074103,0.0452369827,,,,
22888,0.0,557.100647,81.978455,1685.563843,-0.9985492189,-0.0292074103,0.0452369827,,,,
22889,0.0,554.227051,81.523666,1685.93396,-0.9985492189,-0.0292074103,0.0452369827,,,,
22890,0.0,551.548584,81.122238,1686.262817,-0.9985492189,-0.0292074103,0.0452369827,,,,
22891,0.0,547.137146,80.519371,1686.811401,-0.9985492189,-0.0292074103,0.0452369827,,,,
22892,0.0,544.202393,80.155464,1687.119141,-0.9985492189,-0.0292074103,0.0452369827,,,,
22893,0.0,541.189697,79.802261,1687.475342,-0.9985492189,-0.0292074103,0.0452369827,,,,
22894,0.0,536.872498,79.334,1688.031616,-0.9985492189,-0.0292074103,0.0452369827,,,,
22895,0.0,533.961304,79.0383,1688.343628,-0.9985492189,-0.0292074103,0.0452369827,,,,
22896,0.0,531.063538,78.757851,1688.602051,-0.9985492189,-0.0292074103,0.0452369827,,,,
22897,0.0,526.676331,78.360466,1688.802002,-0.9985492189,-0.0292074103,0.0452369827,,,,
22898,0.0,523.908569,78.119987,1688.963501,-0.9985492189,-0.0292074103,0.0452369827,,,,
22899,0.0,519.979187,77.798561,1689.183105,-0.9985492189,-0.0292074103,0.0452369827,,,,
22900,0.0,517.038757,77.571419,1689.377808,-0.9985492189,-0.0292074103,0.0452369827,,,,
22901,0.0,512.877136,77.264313,1689.534546,-0.9985492189,-0.0292074103,0.0452369827,,,,
22902,0.0,510.143188,77.078812,1689.767212,-0.9985492189,-0.0292074103,0.0452369827,,,,
22903,0.0,506.291779,76.819557,1689.832886,-0.9985492189,-0.0292074103,0.0452369827,,,,
22904,0.0,503.664307,76.650711,1689.881714,-0.9985492189,-0.0292074103,0.0452369827,,,,
22905,0.0,499.526794,76.398216,1689.858765,-0.9985492189,-0.0292074103,0.0452369827,,,,
22906,0.0,495.689697,76.177254,1689.979736,-0.9985492189,-0.0292074103,0.0452369827,,,,
22907,0.0,493.05957,76.032417,1690.064087,-0.9985492189,-0.0292074103,0.0452369827,,,,
22908,0.0,489.190063,75.825752,1690.240601,-0.9985492189,-0.0292074103,0.0452369827,,,,
22909,0.0,485.504517,75.637939,1690.466431,-0.9985492189,-0.0292074103,0.0452369827,,,,
22910,0.0,482.497833,75.490585,1690.677734,-0.9985492189,-0.0292074103,0.0452369827,,,,
22911,0.0,478.396393,75.296455,1690.937622,-0.9985492189,-0.0292074103,0.0452369827,,,,
22912,0.0,475.687775,75.171921,1691.14978,-0.9985492189,-0.0292074103,0.0452369827,,,,
22913,0.0,471.676239,74.993179,1691.582397,-0.9985492189,-0.0292074103,0.0452369827,,,,
22914,0.0,465.195465,74.717537,1692.153809,-0.9985492189,-0.0292074103,0.0452369827,,,,
22915,0.0,461.142944,74.745491,1692.601318,-0.9985492189,-0.0292074103,0.0452369827,,,,
22916,0.0,459.152649,74.7982255,1692.7403565,-0.9985492189,-0.0292074103,0.0452369827,,,,
22917,0.0,454.30954,74.91333,1693.074829,-0.9985492189,-0.0292074103,0.0452369827,,,,
22918,0.0,450.227631,75.01416,1693.267456,-0.9985492189,-0.0292074103,0.0452369827,,,,
22919,0.0,448.2542575,75.0801465,1693.2770385,-0.9985492189,-0.0292074103,0.0452369827,,,,
22920,0.0,443.389893,75.308701,1693.11792,-0.9985492189,-0.0292074103,0.0452369827,,,,
22921,0.0,439.466858,75.371956,1692.871948,-0.9985492189,-0.0292074103,0.0452369827,,,,
22922,0.0,435.384003,75.537315,1692.559082,-0.9985492189,-0.0292074103,0.0452369827,,,,
22923,0.0,432.713776,75.710747,1691.920166,-0.9985492189,-0.0292074103,0.0452369827,,,,
22924,0.0,428.638885,75.993904,1690.837158,-0.9985492189,-0.0292074103,0.0452369827,,,,
22925,0.0,425.666321,76.366348,1690.091064,-0.998507561,-0.0305984648,0.0452369827,,,,
22926,0.0,422.739807,76.94136,1689.186035,-0.9984446177,-0.0325877401,0.0452369827,,,,
22927,0.0,419.166412,77.80175,1688.249146,-0.9983820959,-0.0344500494,0.0452369827,,,,
22928,0.0,415.993927,78.61866,1687.334473,-0.9982983904,-0.0367958698,0.0452370175,,,,
22929,0.0,412.341705,79.897957,1686.314453,-0.9980878756,-0.0421213477,0.0452369827,,,,
22930,0.0,409.858582,80.817345,1685.589844,-0.9978493571,-0.0467654239,0.0459309888,,,,
22931,0.0,406.297485,82.246635,1684.698975,-0.9974956773,-0.053557644,0.0461947245,,,,
22932,0.0,403.558624,83.388016,1684.098633,-0.9971590824,-0.0594963045,0.046194742,,,,
22933,0.0,400.898621,84.564705,1683.587769,-0.9968468934,-0.0640422092,0.0468494035,,,,
22934,0.0,397.657379,86.16037,1683.224609,-0.9965906415,-0.0677033275,0.0471524413,,,,
22935,0.0,394.407288,87.800926,1683.186768,-0.9963252764,-0.0715023949,0.0471524239,,,,
22936,0.0,390.943115,89.528847,1683.075806,-0.9961446744,-0.0739759186,0.0471524239,,,,
22937,0.0,388.375916,90.71669,1683.238525,-0.9960327383,-0.0754680932,0.0471524239,,,,
22938,0.0,384.609131,92.225677,1683.439819,-0.9959262077,-0.0768611594,0.0471524239,,,,
22939,0.0,381.19339,93.355057,1683.287231,-0.9957809615,-0.0787205538,0.0471524239,,,,
22940,0.0,378.510315,94.086197,1683.34729,-0.9956571314,-0.0802715746,0.0471524239,,,,
22941,0.0,374.706268,94.953087,1683.218872,-0.9955440122,-0.0816625295,0.0471524239,,,,
22942,0.0,371.127686,95.671783,1683.030396,-0.9954586158,-0.0826970065,0.0471524065,,,,
22943,0.0,368.522736,96.093025,1682.797974,-0.995454737,-0.0827436729,0.0471524239,,,,
22944,0.0,364.696106,96.607796,1682.43335,-0.9953853078,-0.0835747449,0.0471524239,,,,
22945,0.0,360.982269,97.034653,1681.967285,-0.9952969533,-0.0846204687,0.0471524239,,,,
22946,0.0,358.369904,97.235733,1681.579956,-0.9952942486,-0.0846522753,0.0471524239,,,,
22947,0.0,354.517334,97.575417,1680.776733,-0.9952233616,-0.0854816319,0.0471524239,,,,
22948,0.0,350.884369,97.880424,1680.156372,-0.9951357684,-0.0864953831,0.0471524239,,,,
22949,0.0,347.240509,98.165512,1679.622192,-0.9951301007,-0.0865605665,0.0471524239,,,,
22950,0.0,344.113647,98.351692,1679.087158,-0.9950572972,-0.0873935022,0.0471524239,,,,
22951,0.0,337.066193,98.732124,1678.501953,-0.9949622924,-0.0884685567,0.0471524239,,,,
22952,0.0,335.207962,98.842987,1678.413147,-0.9949241058,-0.0888959455,0.0471524152,,,,
22953,0.0,333.349731,98.95385,1678.324341,-0.9948859193,-0.0893233343,0.0471524065,,,,
22954,0.0,329.772705,99.105339,1678.125854,-0.994877018,-0.0894224129,0.0471524239,,,,
22955,0.0,322.630859,99.464561,1678.434814,-0.9947972512,-0.0903054698,0.0471524239,,,,
22956,0.0,319.381714,99.65078,1678.721436,-0.9947908276,-0.0903762043,0.0471524239,,,,
22957,0.0,315.445068,99.852074,1679.069458,-0.9947908276,-0.0903762043,0.0471524239,,,,
22958,0.0,311.709778,100.017815,1679.306763,-0.9947908276,-0.0903762043,0.0471524239,,,,
22959,0.0,308.387787,100.11055,1679.500488,-0.9947097045,-0.0912647398,0.0471524239,,,,
22960,0.0,304.611084,100.246864,1679.084351,-0.9947037227,-0.0913299127,0.0471524239,,,,
22961,0.0,301.060669,100.349289,1679.172119,-0.9947037227,-0.0913299127,0.0471524239,,,,
22962,0.0,297.875916,100.377083,1679.159058,-0.9947037227,-0.0913299127,0.0471524239,,,,
22963,0.0,294.194977,100.379654,1679.10791,-0.9946238101,-0.0921961151,0.0471524413,,,,
22964,0.0,290.509766,100.318977,1678.966064,-0.9946157051,-0.0922835197,0.0471524239,,,,
22965,0.0,287.309082,100.224846,1678.848633,-0.9946157051,-0.0922835197,0.0471524239,,,,
22966,0.0,283.445801,100.032127,1678.493286,-0.9945292302,-0.0932108316,0.0471524239,,,,
22967,0.0,280.305908,99.822159,1678.208252,-0.9945267717,-0.0932370592,0.0471524239,,,,
22968,0.0,276.367126,99.530464,1677.766968,-0.9945267717,-0.0932370592,0.0471524239,,,,
22969,0.0,273.286652,99.290497,1677.509766,-0.9944483816,-0.0940694702,0.0471524239,,,,
22970,0.0,269.543335,99.021675,1677.078491,-0.9944369242,-0.094190513,0.0471524239,,,,
22971,0.0,265.89679,98.774719,1677.085815,-0.9944369242,-0.094190513,0.0471524239,,,,
22972,0.0,262.849884,98.559349,1676.797119,-0.9944369242,-0.094190513,0.0471524239,,,,
22973,0.0,259.121765,98.152679,1676.279175,-0.9944369242,-0.094190513,0.0471524239,,,,
22974,0.0,255.796875,97.921104,1676.307007,-0.9944369242,-0.094190513,0.0471524239,,,,
22975,0.0,252.482956,97.668503,1676.237549,-0.9944369242,-0.094190513,0.0471524239,,,,
22976,0.0,249.510834,97.405632,1676.309692,-0.9944369242,-0.094190513,0.0471524239,,,,
22977,0.0,245.508789,97.00515,1676.419556,-0.9944369242,-0.094190513,0.0471524239,,,,
22978,0.0,241.984451,96.626747,1676.662964,-0.9944369242,-0.094190513,0.0471524239,,,,
22979,0.0,238.37355,96.215698,1677.075684,-0.9944369242,-0.094190513,0.0471524239,,,,
22980,0.0,234.813278,95.78846,1677.493652,-0.9943474054,-0.0951308991,0.0471524065,,,,
22981,0.0,231.813782,95.419548,1677.899048,-0.9943461642,-0.095143863,0.0471524239,,,,
22982,0.0,228.015717,94.90374,1678.38623,-0.9943461642,-0.095143863,0.0471524239,,,,
22983,0.0,223.356552,97.88266,1676.816406,-0.9943461642,-0.095143863,0.0471524239,,,,
22984,0.0,219.771912,97.572731,1676.805298,-0.9943461642,-0.095143863,0.0471524239,,,,
22985,0.0,216.078018,97.250504,1676.790527,-0.9943461642,-0.095143863,0.0471524239,,,,
22986,0.0,212.712723,96.954567,1676.776978,-0.9943461642,-0.095143863,0.0471524239,,,,
22987,0.0,209.012466,96.626892,1676.762451,-0.9943461642,-0.095143863,0.0471524239,,,,
22988,0.0,205.654343,96.327507,1676.749268,-0.9943461642,-0.095143863,0.0471524239,,,,
22989,0.0,201.851852,95.986511,1676.734131,-0.9943461642,-0.095143863,0.0471524239,,,,
22990,0.0,198.329926,95.668839,1676.720337,-0.9943461642,-0.095143863,0.0471524239,,,,
22991,0.0,195.189117,95.376831,1676.707764,-0.9942661764,-0.0959761395,0.0471524239,,,,
22992,0.0,191.619568,95.050407,1676.702026,-0.9942544886,-0.0960971428,0.0471524239,,,,
22993,0.0,187.981842,94.717163,1676.70166,-0.9942544886,-0.0960971428,0.0471524239,,,,
22994,0.0,184.467331,94.393707,1676.70166,-0.9942544886,-0.0960971428,0.0471524239,,,,
22995,0.0,177.790131,93.759697,1676.701538,-0.9940832902,-0.0978522496,0.0471524065,,,,
22996,0.0,173.976135,93.377953,1676.701538,-0.9937938168,-0.1007496831,0.0471524239,,,,
22997,0.0,172.123703,93.189934,1676.701538,-0.9936380773,-0.1022629262,0.0471524239,,,,
22998,0.0,167.230164,92.625694,1676.701538,-0.9924160502,-0.1135210721,0.0471524065,,,,
22999,0.0,163.293732,92.070709,1676.701538,-0.9898911617,-0.132745539,0.0499410644,,,,
23000,0.0,160.129562,91.483971,1676.701538,-0.9851719664,-0.1627541679,0.0542888336,,,,
23001,0.0,156.484207,90.642494,1676.701538,-0.9748632443,-0.214185886,0.0613682418,,,,
23002,0.0,153.731735,89.794815,1676.701416,-0.9585945184,-0.2763401936,0.0687942348,,,,
23003,0.0,150.470825,88.742897,1676.701416,-0.9326337158,-0.3534236843,0.0727052369,,,,
23004,0.0,147.488556,87.78376,1676.70166,-0.9074755101,-0.4137986008,0.0725183878,,,,
23005,0.0,144.430817,86.900352,1676.701538,-0.8859157526,-0.458206126,0.0721139745,,,,
23006,0.0,141.15477,85.819672,1676.748413,-0.8548787833,-0.5138027594,0.0720346467,,,,
23007,0.0,137.65831,84.656403,1676.833374,-0.8299740452,-0.5530062941,0.072987142,,,,
23008,0.0,134.786774,83.664322,1676.901855,-0.8154757973,-0.5739531928,0.0746790237,,,,
23009,0.0,131.363266,82.469131,1677.085327,-0.8095120684,-0.5823055393,0.0749030707,,,,
23010,0.0,128.293747,81.343529,1677.318359,-0.8086246999,-0.5835371643,0.0749030881,,,,
23011,0.0,124.339653,79.821327,1677.654419,-0.8112128967,-0.5799337579,0.0749030881,,,,
23012,0.0,120.779549,78.430038,1677.976562,-0.8206905392,-0.5666896763,0.0730058194,,,,
23013,0.0,117.44828,77.159584,1678.275024,-0.8366095562,-0.5430336075,0.0721037561,,,,
23014,0.0,114.042618,75.979568,1678.570068,-0.8615587133,-0.5024043784,0.0728452067,,,,
23015,0.0,109.983986,74.684128,1678.920166,-0.8924901064,-0.4446738246,0.0756743007,,,,
23016,0.0,105.983246,73.766319,1679.251099,-0.9301856523,-0.3579499021,0.0814034388,,,,
23017,0.0,102.658684,73.315765,1679.534058,-0.9611460485,-0.2631943601,0.0832286148,,,,
23018,0.0,98.931808,73.10939,1679.854736,-0.9869654631,-0.137572379,0.0835045822,,,,
23019,0.0,95.345772,73.048927,1680.051514,-0.9964321207,0.0004925138,0.0843966014,,,,
23020,0.0,92.649132,72.766174,1680.107788,-0.9884721404,0.1256556425,0.0844599742,,,,
23021,0.0,89.211143,72.904961,1680.130859,-0.9631779742,0.2552541982,0.0844599568,,,,
23022,0.0,86.745934,73.196609,1680.153931,-0.9310947073,0.3542670076,0.0869340753,,,,
23023,0.0,84.102974,73.741875,1680.172852,-0.8769219177,0.4719804837,0.0907875175,,,,
23024,0.0,82.106949,74.20874,1680.176758,-0.830294973,0.5494098648,0.0935898404,,,,
23025,0.0,78.931496,74.718246,1680.174316,-0.771653936,0.6286556123,0.0966556993,,,,
23026,0.0,76.141129,75.226967,1680.172363,-0.7278354612,0.6787987284,0.0974054811,,,,
23027,0.0,73.588814,75.917564,1680.168823,-0.6860859916,0.7209080851,0.0978649324,,,,
23028,0.0,70.383209,76.601913,1680.152588,-0.655371871,0.7489319364,0.0979217306,,,,
23029,0.0,67.496742,77.088272,1679.938599,-0.6431742457,0.7595466822,0.0970346706,,,,
23030,0.0,64.284256,77.58744,1679.632812,-0.6367154163,0.7649776269,0.0969675664,,,,
23031,0.0,61.219234,78.051147,1679.365845,-0.6357931518,0.7658535679,0.0961008884,,,,
23032,0.0,57.899044,78.540688,1679.099609,-0.6357312469,0.765915941,0.0960132958,,,,
23033,0.0,54.701202,79.000351,1678.845093,-0.6357312469,0.765915941,0.0960132958,,,,
23034,0.0,51.241047,79.486168,1678.569336,-0.6357312469,0.765915941,0.0960132958,,,,
23035,0.0,48.290592,79.891785,1678.334595,-0.6357312469,0.765915941,0.0960132958,,,,
23036,0.0,44.709476,80.308228,1678.054688,-0.6364165441,0.7653466074,0.0960132958,,,,
23037,0.0,37.859783,81.006226,1677.525757,-0.6364652588,0.7653060965,0.0960132958,,,,
23038,0.0,36.076702,81.182934,1677.3879395,-0.6364652588,0.7653060965,0.0960132958,,,,
23039,0.0,31.059387,81.674545,1677.000122,-0.6364652588,0.7653060965,0.0960132958,,,,
23040,0.0,27.332018,82.031517,1676.712646,-0.6364652588,0.7653060965,0.0960132958,,,,
23041,0.0,25.539876,82.2001115,1676.70697,-0.6364652588,0.7653060965,0.0960132958,,,,
23042,0.0,20.772703,82.644356,1676.701294,-0.6364652588,0.7653060965,0.0960132958,,,,
23043,0.0,17.251066,82.966072,1676.701294,-0.6364652588,0.7653060965,0.0960132958,,,,
23044,0.0,13.560951,83.298775,1676.701294,-0.6364652588,0.7653060965,0.0960132958,,,,
23045,0.0,10.380266,83.575096,1676.701294,-0.6370913605,0.7647849667,0.0960132958,,,,
23046,0.0,6.616948,83.903984,1676.701294,-0.637198699,0.7646955375,0.0960132958,,,,
23047,0.0,3.397399,84.175911,1676.701294,-0.6378369168,0.7641632753,0.0960133132,,,,
23048,0.0,-0.471418,84.504494,1676.701294,-0.6379315402,0.7640842866,0.0960132958,,,,
23049,0.0,-3.689272,84.768272,1676.701294,-0.638605257,0.7635213004,0.0960132784,,,,
23050,0.0,-6.732841,85.020416,1676.701294,-0.6386638083,0.7634723224,0.0960132958,,,,
23051,0.0,-10.375729,85.319504,1676.701294,-0.6386638083,0.7634723224,0.0960132958,,,,
23052,0.0,-13.828937,85.599686,1676.701294,-0.6386638083,0.7634723224,0.0960132958,,,,
23053,0.0,-17.420561,85.880821,1676.701294,-0.6393182758,0.7629243667,0.0960132958,,,,
23054,0.0,-20.710644,86.140564,1676.701294,-0.6393954894,0.7628596563,0.0960132958,,,,
23055,0.0,-24.255363,86.418045,1676.701294,-0.6393954894,0.7628596563,0.0960132958,,,,
23056,0.0,-27.853111,86.696632,1676.701294,-0.6393954894,0.7628596563,0.0960132958,,,,
23057,0.0,-31.54932,87.008064,1676.701294,-0.6393954894,0.7628596563,0.0960132958,,,,
23058,0.0,-34.632866,87.293953,1676.701294,-0.6393954894,0.7628596563,0.0960132958,,,,
23059,0.0,-38.530151,87.653915,1676.701294,-0.6393954894,0.7628596563,0.0960132958,,,,
23060,0.0,-41.914764,87.965233,1676.701294,-0.6393954894,0.7628596563,0.0960132958,,,,
23061,0.0,-45.00544,88.248581,1676.701294,-0.6393954894,0.7628596563,0.0960132958,,,,
23062,0.0,-48.923592,88.606659,1676.701294,-0.6393954894,0.7628596563,0.0960132958,,,,
23063,0.0,-52.068935,88.889687,1676.701294,-0.6400108597,0.7623434571,0.0960132958,,,,
23064,0.0,-55.851986,89.232468,1676.739624,-0.6401265694,0.7622463002,0.0960132958,,,,
23065,0.0,-59.490101,89.561386,1676.884521,-0.6401265694,0.7622463002,0.0960132958,,,,
23066,0.0,-63.100956,89.88681,1677.003296,-0.6401265694,0.7622463002,0.0960132958,,,,
23067,0.0,-66.527237,90.194702,1677.11438,-0.6401265694,0.7622463002,0.0960132958,,,,
23068,0.0,-69.7621,90.484695,1677.219482,-0.6401265694,0.7622463002,0.0960132958,,,,
23069,0.0,-73.318443,90.802795,1677.335205,-0.6401265694,0.7622463002,0.0960132958,,,,
24279,0.0,948.300415,-767.418823,1664.981812,0.8624358784,0.504638497,0.0392981311,,,,
24280,0.0,948.300415,-767.418823,1665.294678,0.8624358784,0.504638497,0.0392981311,,,,
24281,0.0,948.300415,-767.418823,1666.43457,0.8624358784,0.504638497,0.0392981311,,,,
24282,0.0,949.489014,-765.2771,1668.184082,0.8624358784,0.504638497,0.0392981311,,,,
24283,0.0,950.220886,-763.814331,1669.439209,0.8624358784,0.504638497,0.0392981311,,,,
24284,0.0,950.579102,-762.810913,1670.557129,0.8624358784,0.504638497,0.0392981311,,,,
24285,0.0,951.893982,-759.491455,1672.306641,0.8624358784,0.504638497,0.0392981311,,,,
24286,0.0,952.864014,-756.94812,1673.454834,0.8624358784,0.504638497,0.0392981311,,,,
24287,0.0,954.319885,-752.679504,1674.129883,0.8624358784,0.504638497,0.0392981311,,,,
24288,0.0,956.227844,-747.120178,1674.473267,0.8624358784,0.504638497,0.0392981311,,,,
24289,0.0,956.962494,-744.936432,1674.5477905,0.8622046434,0.5050332668,0.0392981311,,,,
24290,0.0,957.697144,-742.752686,1674.622314,0.8619734083,0.5054280367,0.0392981311,,,,
24291,0.0,959.571289,-736.712646,1674.687866,0.8572131985,0.5135145023,0.0385796356,,,,
24292,0.0,960.492371,-733.650879,1674.714233,0.8494798329,0.5262262329,0.0383401269,,,,
24293,0.0,961.38446,-730.636719,1674.740112,0.836709279,0.5463035955,0.0383401095,,,,
24294,0.0,962.358276,-727.239624,1674.766846,0.8112883144,0.5833877843,0.0383401095,,,,
24295,0.0,962.9773865,-724.931885,1674.798706,0.7819727868,0.6202301587,0.0401625322,,,,
24296,0.0,964.050842,-719.165344,1674.789429,0.7072568094,0.7055009886,0.0453449077,,,,
24297,0.0,964.278992,-715.482788,1674.85437,0.6523986084,0.7561753799,0.050742985,,,,
24298,0.0,964.009033,-710.506104,1674.923218,0.5554273413,0.8293418829,0.060766025,,,,
24299,0.0,963.663086,-707.521729,1675.073975,0.4931586617,0.8671996203,0.0689880633,,,,
24300,0.0,963.108582,-704.26593,1675.248169,0.4158661709,0.9058672057,0.0803737115,,,,
24301,0.0,962.227417,-699.977112,1675.313843,0.3104141291,0.9457108341,0.0963020601,,,,
24302,0.0,961.720398,-696.937805,1675.296143,0.2510302071,0.9622243589,0.1053950578,,,,
24303,0.0,961.12738,-693.371948,1675.041504,0.1838961416,0.9759761141,0.1168453417,,,,
24304,0.0,960.047852,-688.394043,1674.625732,0.1010621128,0.986127255,0.1316794829,,,,
24305,0.0,959.150635,-685.185669,1674.424194,0.0484982763,0.988887049,0.140535837,,,,
24306,0.0,958.156738,-681.975281,1674.101929,0.0062324065,0.9890314897,0.1475732685,,,,
24307,0.0,956.812805,-678.197998,1673.686279,-0.0340096719,0.9876382983,0.1530161234,,,,
24308,0.0,955.797363,-674.846802,1673.342041,-0.0515812802,0.9866250685,0.1546297051,,,,
24309,0.0,955.011536,-671.969604,1673.158203,-0.0575292027,0.9861605893,0.1554917458,,,,
24310,0.0,954.274292,-668.929626,1672.956177,-0.0588701215,0.9860283048,0.155828402,,,,
24311,0.0,953.587585,-665.843933,1672.822388,-0.0588701215,0.9860283048,0.155828402,,,,
24312,0.0,952.732544,-661.663696,1672.789795,-0.0580484366,0.9860770221,0.1558283847,,,,
24313,0.0,952.194031,-658.745178,1672.854858,-0.0565163863,0.9862776989,0.1551199496,,,,
24314,0.0,951.686584,-655.865784,1672.988892,-0.0548649637,0.9865012134,0.1542893117,,,,
24315,0.0,951.133118,-652.487305,1673.235352,-0.0529654673,0.9866605125,0.1539340519,,,,
24316,0.0,950.43988,-647.927124,1673.693726,-0.0522671639,0.9866977507,0.1539340519,,,,
24317,0.0,949.995789,-644.831482,1673.949463,-0.0522671639,0.9866977507,0.1539340519,,,,
24318,0.0,949.544067,-641.425415,1674.414673,-0.0522671639,0.9866977507,0.1539340519,,,,
24319,0.0,948.955688,-636.724976,1675.026245,-0.0522671639,0.9866977507,0.1539340519,,,,
24320,0.0,948.575989,-633.561584,1675.248047,-0.0522671639,0.9866977507,0.1539340519,,,,
24321,0.0,948.228394,-630.520386,1675.510254,-0.0522671639,0.9866977507,0.1539340519,,,,
24322,0.0,947.752136,-626.204895,1675.685059,-0.0522671639,0.9866977507,0.1539340519,,,,
24323,0.0,947.405396,-622.920105,1675.822388,-0.0522671639,0.9866977507,0.1539340519,,,,
24324,0.0,946.962769,-618.596985,1675.740356,-0.0522671639,0.9866977507,0.1539340519,,,,
24720,0.0,1163.168945,1498.954712,1764.693115,-0.0444266055,-0.9707825231,0.235812573,,,,
24721,0.0,1163.169189,1498.960327,1764.693115,-0.0444266055,-0.9707825231,0.235812573,,,,
24722,0.0,1163.169678,1498.97168,1764.693115,-0.0444266055,-0.9707825231,0.235812573,,,,
24723,0.0,1163.119019,1498.070679,1764.693115,-0.044661236,-0.9707717612,0.235812556,,,,
24724,0.0,1163.052612,1496.883179,1764.693115,-0.0449759866,-0.9707572256,0.235812573,,,,
24725,0.0,1162.988159,1495.73938,1764.693115,-0.0452796352,-0.9707431097,0.235812573,,,,
24726,0.0,1162.814575,1492.744019,1764.692993,-0.0467758639,-0.9703218551,0.237249902,,,,
25034,0.0,848.782898,731.732422,1716.130493,-0.998275604,0.0569123654,-0.014380581,,,,
25035,0.0,848.67572,731.738525,1716.130493,-0.998275604,0.0569123654,-0.014380581,,,,
25036,0.0,848.586243,731.743591,1716.130493,-0.998275604,0.0569123654,-0.014380581,,,,
25037,0.0,848.514587,731.747681,1716.130493,-0.998275604,0.0569123654,-0.014380581,,,,
25038,0.0,848.449768,732.016418,1716.130493,-0.998275604,0.0569123654,-0.014380581,,,,
25039,0.0,845.173279,732.254639,1718.253296,-0.9982369749,0.0578007711,-0.0134912127,,,,
25040,0.0,841.686768,732.498291,1720.514526,-0.9982046661,0.0587482417,-0.0116657081,,,,
25041,0.0,838.101562,732.881042,1722.824707,-0.998060418,0.0614876741,-0.0097297429,,,,
25042,0.0,831.559753,733.757324,1727.033325,-0.9973399957,0.0728533507,-0.0023069916,,,,
25043,0.0,827.871765,734.199219,1729.418579,-0.9962290178,0.0866839576,0.0036926371,,,,
25044,0.0,824.218933,734.742371,1731.781128,-0.994002878,0.1087736938,0.0112499805,,,,
25045,0.0,822.1906435,735.1519165,1733.095703,-0.9910985486,0.1298978864,0.0185141016,,,,
25046,0.0,820.162354,735.561462,1734.410278,-0.9881942192,0.1510220791,0.0257782228,,,,
25047,0.0,813.509216,736.970032,1738.76123,-0.9758502662,0.2142763406,0.0424488856,,,,
25048,0.0,809.952454,737.799316,1741.106567,-0.9674798967,0.2482623252,0.0484609875,,,,
25049,0.0,806.338989,738.681458,1743.500732,-0.9583408341,0.2805585441,0.0535700376,,,,
25050,0.0,803.628723,739.315857,1745.296021,-0.9528646928,0.2980659573,0.0566176847,,,,
25051,0.0,800.166992,740.119385,1747.587891,-0.9472076024,0.3151471512,0.0589917887,,,,
25052,0.0,796.762024,740.968506,1749.8479,-0.9412275554,0.3319583402,0.0624047221,,,,
25053,0.0,793.228394,741.857544,1752.189087,-0.9365408403,0.3445158733,0.0648079284,,,,
25054,0.0,789.801697,742.771118,1754.46167,-0.9320637357,0.3560933501,0.0667436779,,,,
25055,0.0,786.049683,743.814514,1756.949951,-0.9279075375,0.3663940045,0.068869698,,,,
25056,0.0,782.728699,744.814331,1759.158936,-0.9239859982,0.3759896087,0.0698690862,,,,
25057,0.0,779.811584,745.78833,1761.113159,-0.9184923336,0.3887791952,0.0722673542,,,,
25058,0.0,776.371521,746.994995,1763.423828,-0.9115156704,0.4043207457,0.0752590005,,,,
25059,0.0,773.241394,748.163208,1765.344482,-0.9042411911,0.4198227795,0.078081382,,,,
26902,0.0,958.183594,2184.297852,1766.701294,1.0,0.0,0.0,,,,
26903,0.0,958.042053,2184.297852,1766.701294,1.0,0.0,0.0,,,,
26904,0.0,957.9021,2184.297852,1766.701294,1.0,0.0,0.0,,,,
26905,0.0,958.120117,2184.163818,1766.70105,0.9998770198,-0.0156826065,-3.29344e-05,,,,
26906,0.0,957.701965,2180.965088,1766.702026,0.5817173052,-0.8133817828,-0.0038797176,,,,
26907,0.0,945.025208,2177.910645,1766.701538,-0.6818568759,-0.7314120469,-0.0103739288,,,,
26908,0.0,944.193848,2177.530029,1766.701294,-0.7044668434,-0.7095638716,-0.0156709491,,,,
26909,0.0,948.628052,2182.997559,1766.697144,0.9998470453,-0.0173552704,-0.0021634735,,,,
26910,0.0,948.948914,2182.730225,1766.701172,0.9953816801,0.0959253612,0.0036927069,,,,
26911,0.0,949.604736,2182.534668,1766.701294,0.9905379355,0.1367714542,0.0113211156,,,,
26912,0.0,950.284668,2182.474121,1766.701294,0.9904063369,0.1377059614,0.0115046076,,,,
26913,0.0,951.43634,2182.454102,1766.701294,0.9904063369,0.1377059614,0.0115046076,,,,
26914,0.0,952.477905,2182.485352,1766.701294,0.9904063369,0.1377059614,0.0115046076,,,,
26915,0.0,955.307556,2182.654785,1766.701294,0.9904063369,0.1377059614,0.0115046076,,,,
26916,0.0,957.173035,2182.804199,1766.701294,0.9904063369,0.1377059614,0.0115046076,,,,
26917,0.0,958.224976,2182.8990475,1766.701294,0.9904063369,0.1377059614,0.0115046076,,,,
26918,0.0,959.276917,2182.993896,1766.701294,0.9904063369,0.1377059614,0.0115046076,,,,
26919,0.0,962.970703,2183.358154,1766.701294,0.9904063369,0.1377059614,0.0115046076,,,,
26920,0.0,965.721802,2183.651611,1766.701294,0.9904063369,0.1377059614,0.0115046076,,,,
26921,0.0,967.628723,2183.862549,1766.701294,0.9904063369,0.1377059614,0.0115046076,,,,
26922,0.0,970.490662,2184.189453,1766.701294,0.9904063369,0.1377059614,0.0115046076,,,,
26923,0.0,973.389771,2184.529785,1766.701294,0.9904063369,0.1377059614,0.0115046076,,,,
26924,0.0,975.601135,2184.795166,1766.701294,0.9904063369,0.1377059614,0.0115046076,,,,
26925,0.0,978.789307,2185.184082,1766.701294,0.9904063369,0.1377059614,0.0115046076,,,,
26926,0.0,980.965515,2185.453125,1766.701294,0.9904063369,0.1377059614,0.0115046076,,,,
26927,0.0,984.657043,2185.915527,1766.701294,0.9904063369,0.1377059614,0.0115046076,,,,
26928,0.0,987.20697,2186.239014,1766.701294,0.990429287,0.1377091523,0.0092745292,,,,
26929,0.0,991.009888,2186.711914,1766.701294,0.9911202088,0.1329654558,0.0009587441,,,,
26930,0.0,994.04834,2187.041992,1766.701294,0.9934207972,0.1145086659,-0.0016985711,,,,
26931,0.0,996.855225,2187.270508,1766.701416,0.9966665262,0.0815513119,0.0022845293,,,,
26932,0.0,1001.55365,2187.345947,1766.701416,0.9997497742,-0.0164904679,0.0151146739,,,,
26933,0.0,1004.827393,2187.054688,1766.702026,0.9932086724,-0.1133602117,0.0261915168,,,,
26934,0.0,1008.093506,2186.428467,1766.702148,0.9732035103,-0.2271771019,0.0355737522,,,,
26935,0.0,1012.419128,2184.712891,1766.70166,0.9027325532,-0.4277529383,0.0458406062,,,,
26936,0.0,1014.626892,2183.381348,1766.701416,0.8314521647,-0.5533435341,0.0499823074,,,,
26937,0.0,1017.109985,2181.066162,1766.701294,0.651803589,-0.7560863249,0.0590385517,,,,
26938,0.0,1019.546814,2180.551758,1766.701294,0.5028272009,-0.8619486711,0.0648790751,,,,
26939,0.0,1021.513977,2178.976318,1766.701294,0.2541328615,-0.9644035388,0.0730910599,,,,
26940,0.0,1022.056213,2177.705566,1766.701294,0.0882545226,-0.9931937578,0.0760085432,,,,
26941,0.0,1022.485962,2176.288086,1766.701294,-0.1283478915,-0.9884712089,0.0803211556,,,,
26942,0.0,1023.296631,2175.251465,1766.701294,-0.2117497658,-0.9734964743,0.0864097866,,,,
26943,0.0,1024.613159,2173.612305,1766.701294,-0.283507849,-0.9544917692,0.0925676077,,,,
26944,0.0,1025.788086,2172.161377,1766.701294,-0.2956176099,-0.9507727599,0.0929590653,,,,
26945,0.0,1027.298218,2169.956055,1766.701294,-0.2979669625,-0.9500391069,0.092959048,,,,
26946,0.0,1028.184692,2168.309082,1766.701294,-0.2979669625,-0.9500391069,0.092959048,,,,
26947,0.0,1029.134521,2166.10498,1766.701294,-0.2979669625,-0.9500391069,0.092959048,,,,
26948,0.0,1029.96167,2163.561523,1766.701294,-0.2979669625,-0.9500391069,0.092959048,,,,
26949,0.0,1030.407227,2161.74707,1766.701294,-0.2979669625,-0.9500391069,0.092959048,,,,
26950,0.0,1030.899414,2158.982178,1766.701294,-0.2979669625,-0.9500391069,0.092959048,,,,
26951,0.0,1031.214478,2156.190674,1766.701294,-0.2979669625,-0.9500391069,0.092959048,,,,
26952,0.0,1031.343628,2154.139404,1766.701294,-0.2979669625,-0.9500391069,0.092959048,,,,
26953,0.0,1031.405518,2151.172119,1766.701294,-0.2979669625,-0.9500391069,0.092959048,,,,
26954,0.0,1031.345947,2148.249268,1766.701294,-0.2979669625,-0.9500391069,0.092959048,,,,
26955,0.0,1031.18811,2145.414307,1766.701294,-0.2979669625,-0.9500391069,0.092959048,,,,
26956,0.0,1030.928955,2142.383789,1766.701294,-0.2979669625,-0.9500391069,0.092959048,,,,
26957,0.0,1030.661621,2139.985352,1766.701294,-0.2979669625,-0.9500391069,0.092959048,,,,
26958,0.0,1029.850342,2134.253418,1766.701294,-0.2979669625,-0.9500391069,0.092959048,,,,
26959,0.0,1029.5527955,2132.5178225,1766.701294,-0.2979786562,-0.9500763912,0.0925386036,,,,
26960,0.0,1028.654175,2128.322266,1766.701294,-0.3113613559,-0.9468373377,0.0809516032,,,,
26961,0.0,1028.081482,2126.6185305,1766.701294,-0.330005153,-0.9407214479,0.0756765135,,,,
26962,0.0,1026.592041,2122.80127,1766.701294,-0.3880989616,-0.9192645658,0.0658168214,,,,
26963,0.0,1024.957642,2119.722168,1766.701294,-0.4543806139,-0.8886786742,0.0615505626,,,,
26964,0.0,1023.35498,2118.09375,1766.701294,-0.5190160627,-0.8527539877,0.0585914929,,,,
27021,0.0,837.360107,2104.063965,1766.701294,-0.9747012365,0.1714379206,0.1434103863,,,,
27022,0.0,837.382935,2104.277832,1766.701294,-0.9747012365,0.1714379206,0.1434103863,,,,
27023,0.0,837.422302,2104.57666,1766.701294,-0.9747012365,0.1714379206,0.1434103863,,,,
27024,0.0,837.473999,2104.894043,1766.701294,-0.9747012365,0.1714379206,0.1434103863,,,,
27025,0.0,837.511414,2105.091064,1766.701294,-0.9747012365,0.1714379206,0.1434103863,,,,
27026,0.0,835.193176,2105.507324,1766.701294,-0.9765707416,0.1571771832,0.1469861206,,,,
27027,0.0,831.604858,2106.101807,1766.701294,-0.980641482,0.12703636,0.1490102247,,,,
27028,0.0,828.168335,2106.657227,1766.701294,-0.9839269086,0.0982687116,0.149100969,,,,
27029,0.0,825.614868,2107.060059,1766.701294,-0.9839577688,0.0979592538,0.1491009517,,,,
27030,0.0,821.919312,2107.633545,1766.701294,-0.9839577688,0.0979592538,0.1491009517,,,,
27031,0.0,819.325012,2108.029541,1766.701294,-0.9839577688,0.0979592538,0.1491009517,,,,
27032,0.0,815.504578,2108.604736,1766.701294,-0.9839577688,0.0979592538,0.1491009517,,,,
27033,0.0,811.967407,2109.12915,1766.701294,-0.9839577688,0.0979592538,0.1491009517,,,,
27034,0.0,808.605652,2109.621582,1766.701294,-0.9839577688,0.0979592538,0.1491009517,,,,
27035,0.0,805.724792,2110.039307,1766.701294,-0.9839577688,0.0979592538,0.1491009517,,,,
27036,0.0,801.806274,2110.602539,1766.701294,-0.9839577688,0.0979592538,0.1491009517,,,,
27037,0.0,795.643555,2111.477539,1766.701294,-0.9839577688,0.0979592538,0.1491009517,,,,
27038,0.0,791.939453,2111.999023,1766.701294,-0.9839577688,0.0979592538,0.1491009517,,,,
27039,0.0,788.477234,2112.483643,1766.701294,-0.9846162264,0.0980248074,0.1446444738,,,,
27040,0.0,785.077454,2112.960938,1766.701294,-0.9849130223,0.1068253648,0.1361421315,,,,
27041,0.0,781.477112,2113.471924,1766.701294,-0.9837193232,0.1255844539,0.1285489719,,,,
27042,0.0,777.779175,2114.013672,1766.701294,-0.9804062181,0.1576704752,0.1180833129,,,,
27083,0.0,623.802856,2157.896484,1766.701294,-0.9580900605,0.2731667558,0.086274907,,,,
27084,0.0,623.775879,2157.904297,1766.701294,-0.9580900605,0.2731667558,0.086274907,,,,
27085,0.0,623.762543,2157.908081,1766.701294,-0.9580900605,0.2731667558,0.086274907,,,,
27086,0.0,623.717224,2157.920898,1766.701294,-0.9580900605,0.2731667558,0.086274907,,,,
27087,0.0,623.696106,2157.927002,1766.701294,-0.9580900605,0.2731667558,0.086274907,,,,
27088,0.0,622.1599425,2158.3725585,1766.701294,-0.95869524,0.2710260602,0.0862749244,,,,
27089,0.0,617.968811,2159.583252,1766.701294,-0.9603106166,0.265254902,0.0862748896,,,,
27090,0.0,614.372986,2160.604248,1766.701294,-0.9618386271,0.2596595769,0.086274907,,,,
27091,0.0,610.721375,2161.642822,1766.701294,-0.9630101232,0.2552805182,0.086274907,,,,
27092,0.0,607.474915,2162.57373,1766.701294,-0.9635481101,0.2532423343,0.086274907,,,,
27093,0.0,603.95636,2163.577393,1766.701294,-0.9640508022,0.2513218937,0.0862748896,,,,
27094,0.0,600.843689,2164.463135,1766.701294,-0.964307313,0.2503358676,0.086274907,,,,
27095,0.0,596.783447,2165.61084,1766.701294,-0.9645944826,0.2492270544,0.086274907,,,,
27096,0.0,593.677307,2166.488037,1766.701294,-0.9646009852,0.2492018855,0.086274907,,,,
27097,0.0,590.330444,2167.413086,1766.701294,-0.965018593,0.2475797903,0.0862749244,,,,
27098,0.0,587.255676,2168.247803,1766.701294,-0.9656303921,0.245182761,0.086274907,,,,
27099,0.0,583.98877,2169.119385,1766.701294,-0.9665340882,0.2418470657,0.0855678283,,,,
27100,0.0,579.759216,2170.234863,1766.701294,-0.9677163752,0.2371614709,0.0853197154,,,,
27101,0.0,576.489197,2171.054932,1766.701294,-0.9694074519,0.2301515618,0.085319698,,,,
27102,0.0,573.249817,2171.856201,1766.701294,-0.9710472731,0.2231316643,0.0853197154,,,,
27103,0.0,570.05481,2172.600342,1766.701294,-0.9734320422,0.2124867179,0.0853197154,,,,
27104,0.0,565.956177,2173.546143,1766.701294,-0.9760087094,0.1999139034,0.0862637263,,,,
27105,0.0,562.85498,2174.222656,1766.701294,-0.9783362325,0.1881883459,0.0862749244,,,,
27106,0.0,559.579224,2174.932617,1766.701294,-0.9803642095,0.1773207832,0.0862748896,,,,
27107,0.0,556.363647,2175.625,1766.701294,-0.9819542966,0.1682926015,0.086274907,,,,
27108,0.0,552.883179,2176.380859,1766.701294,-0.9830770684,0.1616048207,0.086274907,,,,
27109,0.0,549.396362,2177.137451,1766.701294,-0.9837716681,0.1573211444,0.0862749244,,,,
27110,0.0,546.021484,2177.866943,1766.701294,-0.9841940436,0.1550573585,0.0855529083,,,,
27111,0.0,541.942017,2178.737549,1766.701294,-0.9844254189,0.1537112348,0.085319698,,,,
27112,0.0,538.460144,2179.454102,1766.701294,-0.984712644,0.1518603141,0.0853197154,,,,
27113,0.0,535.295593,2180.097168,1766.701294,-0.9848530057,0.1509473725,0.0853196806,,,,
27114,0.0,532.033875,2180.733398,1766.701294,-0.9852217054,0.1485218516,0.085319698,,,,
27115,0.0,528.000305,2181.490479,1766.701294,-0.985927608,0.144310838,0.0843868103,,,,
27116,0.0,524.589294,2182.104248,1766.701294,-0.9865949871,0.1396888601,0.0843644106,,,,
27117,0.0,521.409058,2182.654297,1766.701294,-0.9873105858,0.1345379364,0.0843643932,,,,
27118,0.0,517.978027,2183.225342,1766.701294,-0.9881622339,0.1281329106,0.084364428,,,,
27119,0.0,514.497314,2183.772217,1766.701294,-0.9891253801,0.1198974167,0.0851797626,,,,
27120,0.0,511.226654,2184.272217,1766.701294,-0.9899642039,0.1126562345,0.0853196806,,,,
27121,0.0,507.748352,2184.76709,1766.701294,-0.9909627184,0.102886067,0.0860659509,,,,
27122,0.0,501.025909,2185.654297,1766.701294,-0.9926529029,0.0831555211,0.0878941047,,,,
27123,0.0,499.1349335,2185.8864745,1766.701294,-0.9930599696,0.0777946225,0.088039578,,,,
27124,0.0,494.075592,2186.498535,1766.701294,-0.9939303689,0.0648992097,0.088828567,,,,
27125,0.0,491.916397,2186.748535,1766.701294,-0.9941763278,0.0606381334,0.0889842934,,,,
27126,0.0,487.082764,2187.308594,1766.701294,-0.9945978041,0.0531908643,0.0891400024,,,,
27127,0.0,484.92305,2187.554932,1766.701294,-0.9946754524,0.051696839,0.0891400198,,,,
27128,0.0,480.011658,2188.108154,1766.701294,-0.9947953125,0.0493592942,0.0891400372,,,,
27129,0.0,477.8571625,2188.340698,1766.701294,-0.9948026389,0.0492111914,0.0891400372,,,,
27130,0.0,472.827209,2188.870361,1766.609863,-0.9948099653,0.0490630886,0.0891400372,,,,
27131,0.0,470.664566,2189.0848385,1766.304138,-0.9948099653,0.0490630886,0.0891400372,,,,
27132,0.0,465.671875,2189.566895,1765.526367,-0.9948099653,0.0490630886,0.0891400372,,,,
27133,0.0,461.623718,2189.936035,1764.851562,-0.9948099653,0.0490630886,0.0891400372,,,,
27134,0.0,458.99707,2190.166504,1763.56543,-0.9948099653,0.0490630886,0.0891400372,,,,
27135,0.0,455.001373,2190.504883,1760.995239,-0.9948099653,0.0490630886,0.0891400372,,,,
27136,0.0,451.319489,2190.805664,1758.594604,-0.9948099653,0.0490630886,0.0891400372,,,,
27137,0.0,448.581482,2191.021973,1756.814941,-0.9948099653,0.0490630886,0.0891400372,,,,
27138,0.0,444.638031,2191.325195,1754.251831,-0.9948099653,0.0490630886,0.0891400372,,,,
27139,0.0,440.803345,2191.610107,1751.93457,-0.9948099653,0.0490630886,0.0891400372,,,,
27140,0.0,437.043457,2191.881348,1751.697998,-0.9948099653,0.0490630886,0.0891400372,,,,
27151,0.0,403.858154,2195.917236,1751.699829,-0.9830655501,-0.1554986052,0.0969654993,,,,
27152,0.0,400.071045,2196.677734,1751.699951,-0.9787022722,-0.1805243135,0.0977386032,,,,
27153,0.0,396.122345,2197.472656,1751.700073,-0.9733962253,-0.2068497287,0.0985544438,,,,
27154,0.0,390.776062,2198.539551,1751.700684,-0.9645063029,-0.2445042017,0.0997260597,,,,
27155,0.0,387.54657,2199.168701,1751.701172,-0.9576464071,-0.2698325839,0.1005173403,,,,
27156,0.0,384.271179,2200.23291,1751.701294,-0.9444700071,-0.3131002444,0.0997228296,,,,
27157,0.0,381.476074,2201.269531,1751.701294,-0.9283161354,-0.3581915995,0.0996390021,,,,
27158,0.0,378.656281,2202.304688,1751.701294,-0.9105582685,-0.4011928533,0.0996390195,,,,
27159,0.0,376.062408,2203.268066,1751.701294,-0.8924357774,-0.4401901445,0.0989495827,,,,
27160,0.0,373.132416,2204.1521,1751.701294,-0.8687592376,-0.4853026456,0.0986850006,,,,
27161,0.0,368.995544,2205.322754,1751.701294,-0.8360545754,-0.5396980832,0.0986849832,,,,
27162,0.0,366.281555,2206.019043,1751.701294,-0.8124834945,-0.5745710068,0.0986850006,,,,
27163,0.0,362.407532,2206.944092,1751.701294,-0.7740481974,-0.6252501783,0.0995570322,,,,
27164,0.0,356.756104,2208.176025,1751.701294,-0.7230628331,-0.6835584896,0.0996390021,,,,
27165,0.0,354.7278445,2208.5411375,1751.701294,-0.7026690814,-0.7039161126,0.0996390021,,,,
27166,0.0,349.773132,2209.394531,1751.701294,-0.6592873728,-0.7453511908,0.0989533341,,,,
27167,0.0,347.825241,2209.6621095,1751.701294,-0.6415626614,-0.7603781269,0.0983980342,,,,
27168,0.0,343.17691,2210.244629,1751.701294,-0.6035856833,-0.791285658,0.0977309084,,,,
27169,0.0,341.0951535,2210.440796,1751.701294,-0.5884990012,-0.8024029724,0.0972985398,,,,
27170,0.0,336.095093,2210.831543,1751.701294,-0.5543706707,-0.8267086785,0.0960516546,,,,
27171,0.0,333.973404,2210.9281005,1751.701294,-0.5412323712,-0.8352354594,0.095937029,,,,
27172,0.0,328.834991,2211.041504,1751.701294,-0.508041189,-0.8559861062,0.0958224206,,,,
27173,0.0,326.10141,2211.016846,1751.701294,-0.490132605,-0.8663648711,0.095822438,,,,
27174,0.0,321.994812,2210.876709,1751.701294,-0.4652303484,-0.8800784749,0.0949873721,,,,
27175,0.0,319.155975,2210.707031,1751.701294,-0.4502381409,-0.8878545305,0.0948680616,,,,
27176,0.0,314.919159,2210.3479,1751.701294,-0.4272315745,-0.899151394,0.0948680789,,,,
27177,0.0,312.102203,2210.036133,1751.701294,-0.4142608218,-0.9052005426,0.0948680616,,,,
27178,0.0,307.98642,2209.511719,1751.701294,-0.3970221286,-0.9128929165,0.0948680789,,,,
27179,0.0,305.187134,2209.071045,1751.701294,-0.3855545103,-0.9177950591,0.0948680616,,,,
27180,0.0,301.049957,2208.341309,1751.701294,-0.368412593,-0.9248092825,0.0948680789,,,,
27181,0.0,298.033295,2207.726074,1751.701294,-0.357369355,-0.9291324942,0.0948680789,,,,
27182,0.0,295.128448,2207.083252,1751.701294,-0.3486493771,-0.9324396296,0.0948680616,,,,
27183,0.0,290.986694,2206.072021,1751.701294,-0.3366073965,-0.9367632092,0.0957609027,,,,
27184,0.0,288.281342,2205.351074,1751.701294,-0.3292750064,-0.9392876224,0.0965232228,,,,
27185,0.0,284.609406,2204.301025,1751.701294,-0.321681456,-0.9418892253,0.0967766916,,,,
27186,0.0,281.558441,2203.369141,1751.701294,-0.3166236786,-0.9436014615,0.0967766916,,,,
27187,0.0,278.389587,2202.217041,1751.701294,-0.3125898538,-0.9448778139,0.0974345937,,,,
27188,0.0,275.289032,2200.818115,1751.701294,-0.3089478103,-0.9460443542,0.0977309084,,,,
27189,0.0,272.648193,2199.415771,1751.701294,-0.3062157566,-0.9468743291,0.0982899555,,,,
27190,0.0,269.071136,2197.160645,1751.701294,-0.3019100017,-0.9482149659,0.0986850006,,,,
27191,0.0,266.798859,2195.510742,1751.701294,-0.2987762898,-0.9492070371,0.0986850006,,,,
27192,0.0,264.578094,2193.720459,1751.701294,-0.2938618506,-0.9506788583,0.0992719557,,,,
27193,0.0,261.500397,2190.914795,1751.701294,-0.2872680343,-0.952653735,0.0996390368,,,,
27194,0.0,259.463654,2188.844727,1751.701294,-0.2831496053,-0.9538058281,0.100402905,,,,
27195,0.0,257.444366,2186.615723,1751.701294,-0.2789088043,-0.9550345237,0.1005929294,,,,
27196,0.0,254.889679,2183.532959,1751.701294,-0.274169825,-0.9564057558,0.1005929294,,,,
27197,0.0,253.204773,2181.318848,1751.701294,-0.2710458176,-0.9572156126,0.1013530251,,,,
27198,0.0,251.296524,2178.660156,1751.701294,-0.2695770204,-0.9576097769,0.1015467642,,,,
27199,0.0,249.651627,2176.231689,1751.701294,-0.2693763027,-0.9576662583,0.1015467642,,,,
27200,0.0,247.30574,2172.514893,1751.701294,-0.2684959236,-0.9579134583,0.1015467642,,,,
27201,0.0,245.895172,2170.136475,1751.701294,-0.2684580388,-0.9579240764,0.1015467642,,,,
27202,0.0,244.385788,2167.470215,1751.701294,-0.2678445658,-0.9580957884,0.1015467816,,,,
27203,0.0,242.305405,2163.591797,1751.701294,-0.2675395113,-0.9581810187,0.1015467642,,,,
27204,0.0,239.651459,2158.291992,1751.701294,-0.2675395113,-0.9581810187,0.1015467642,,,,
27205,0.0,238.6565095,2156.1765135,1751.701294,-0.2675395113,-0.9581810187,0.1015467642,,,,
27206,0.0,237.66156,2154.061035,1751.701294,-0.2675395113,-0.9581810187,0.1015467642,,,,
27207,0.0,236.37764,2151.192139,1751.701294,-0.2667393036,-0.9584040912,0.1015467468,,,,
27208,0.0,233.843155,2145.19165,1751.701294,-0.2619068309,-0.9597359359,0.1015467642,,,,
27209,0.0,232.683685,2142.292969,1751.701294,-0.258435245,-0.9607940688,0.1004289873,,,,
27210,0.0,231.858749,2140.1694335,1751.701294,-0.2566823414,-0.9613872622,0.0992159858,,,,
27211,0.0,229.97435,2135.248535,1751.701294,-0.2534371053,-0.9626007437,0.0957572023,,,,
27212,0.0,229.1922835,2133.1419675,1751.701294,-0.2532039264,-0.9628790854,0.0935228,,,,
27213,0.0,227.328339,2128.064697,1751.701294,-0.2538166808,-0.9633172119,0.087161011,,,,
27214,0.0,226.250244,2125.080322,1751.701294,-0.2560650603,-0.963092837,0.0829630769,,,,
27215,0.0,225.0439,2121.719238,1751.701294,-0.2601884687,-0.9623879158,0.0781758289,,,,
27216,0.0,223.942749,2118.624268,1751.701294,-0.2645306854,-0.9615972178,0.0731731318,,,,
27217,0.0,222.861023,2115.607666,1751.701294,-0.2707481131,-0.9602162541,0.0684120202,,,,
27218,0.0,221.207672,2110.971436,1751.701294,-0.281669332,-0.9575272723,0.0616758482,,,,
27219,0.0,220.171875,2108.012207,1751.701294,-0.2875406283,-0.9559519362,0.0589600093,,,,
27220,0.0,219.235138,2105.338623,1751.701294,-0.2933652002,-0.9543572974,0.0560268527,,,,
27221,0.0,217.801559,2101.169434,1751.701294,-0.3001799451,-0.9524139525,0.0529118489,,,,
27222,0.0,216.8004,2098.310547,1751.701294,-0.3069444895,-0.9503854078,0.0505238263,,,,
27223,0.0,215.743851,2095.307373,1751.701294,-0.3144455907,-0.9480333121,0.0485469832,,,,
27224,0.0,214.45755,2091.045166,1751.701294,-0.3250563791,-0.9445719673,0.0460667886,,,,
27225,0.0,213.867477,2088.5896,1751.701294,-0.3338382421,-0.941573246,0.0446301518,,,,
27226,0.0,213.148041,2084.862061,1751.701294,-0.3487882019,-0.9362399276,0.0424451191,,,,
27227,0.0,212.642502,2081.207764,1751.701294,-0.3638167535,-0.9305981384,0.0403047717,,,,
27228,0.0,212.390503,2078.617432,1751.701294,-0.3757614621,-0.9259042725,0.0387891974,,,,
27229,0.0,212.194809,2074.887451,1751.701294,-0.3896880368,-0.9201841183,0.037475624,,,,
27230,0.0,212.148865,2072.498535,1751.701294,-0.3986227783,-0.916377186,0.0367795259,,,,
27231,0.0,212.21669,2068.614746,1751.701294,-0.4109953071,-0.910940094,0.0356511259,,,,
27232,0.0,212.413681,2064.797607,1751.701294,-0.4211841986,-0.9063167854,0.0345507635,,,,
27233,0.0,212.599365,2062.345947,1751.701294,-0.4275554728,-0.9033302471,0.0345077144,,,,
27234,0.0,212.955963,2058.737793,1751.701294,-0.4348607477,-0.8998362894,0.0345077144,,,,
27235,0.0,213.440979,2054.791992,1751.701294,-0.4410996798,-0.8967944525,0.0345077144,,,,
27236,0.0,213.817322,2052.118164,1751.701294,-0.4451761469,-0.8948042239,0.0338171419,,,,
27237,0.0,214.388184,2048.231934,1751.701294,-0.4520937536,-0.8913392549,0.0335495255,,,,
27238,0.0,214.777573,2045.712769,1751.701294,-0.4557168989,-0.889492292,0.0335495255,,,,
27239,0.0,215.294067,2042.529053,1751.701294,-0.4589302308,-0.8878386523,0.0335495255,,,,
27240,0.0,215.772614,2039.60022,1751.701294,-0.463853408,-0.88530751,0.0327204609,,,,
27241,0.0,216.247894,2036.785767,1751.701294,-0.4677863996,-0.8832404486,0.0325913231,,,,
27242,0.0,216.666718,2034.339355,1751.701294,-0.4713391432,-0.8813496569,0.0325913231,,,,
27243,0.0,217.033386,2032.239136,1751.701294,-0.4737784339,-0.8800734709,0.031696711,,,,
27244,0.0,217.361771,2030.356323,1751.701294,-0.4761162295,-0.8788132252,0.0316330733,,,,
27245,0.0,218.424149,2027.823608,1734.355835,-0.4800920686,-0.8767066643,0.0299504668,,,,
27246,0.0,218.636719,2026.241821,1733.98999,-0.4819476233,-0.8756959619,0.0297165049,,,,
27247,0.0,218.740555,2025.504089,1733.8867795,-0.4828381318,-0.8752173931,0.0293374778,,,,
27248,0.0,218.844391,2024.766357,1733.783569,-0.4837286402,-0.8747388243,0.0289584508,,,,
27249,0.0,219.185944,2022.381226,1733.662842,-0.4863614401,-0.8732843273,0.0287581879,,,,
27250,0.0,219.364746,2021.066895,1733.690674,-0.4878831011,-0.872435125,0.0287581705,,,,
27251,0.0,219.568039,2019.755127,1733.717407,-0.4889735959,-0.8718502804,0.0279626728,,,,
27252,0.0,219.773117,2018.509766,1733.756104,-0.490537546,-0.8709765126,0.0277998271,,,,
27253,0.0,220.00737,2017.328491,1733.875488,-0.4907886073,-0.8708350662,0.0277998271,,,,
27254,0.0,220.279068,2015.983765,1734.01355,-0.4907886073,-0.8708350662,0.0277998271,,,,
27255,0.0,220.547379,2014.875244,1734.095581,-0.4908007246,-0.8708562824,0.0269069542,,,,
27256,0.0,220.85907,2013.788574,1734.297119,-0.4892775618,-0.871714979,0.0268414408,,,,
27257,0.0,221.199799,2012.666016,1734.46582,-0.4875709848,-0.8726978837,0.0259410599,,,,
27258,0.0,221.477707,2011.892822,1734.592285,-0.4846649627,-0.8743356691,0.0252390916,,,,
27259,0.0,221.906403,2010.775879,1734.834106,-0.4789481027,-0.8775091696,0.0242151234,,,,
27260,0.0,222.339005,2009.710938,1734.936768,-0.4698356766,-0.8824660903,0.0225396641,,,,
27261,0.0,222.799759,2008.627441,1735.036987,-0.4605512079,-0.8873954488,0.0205402604,,,,
27262,0.0,223.225723,2007.552734,1735.054321,-0.4501712615,-0.8927474651,0.0186493676,,,,
27263,0.0,223.725449,2006.609375,1734.991943,-0.4397566246,-0.8979743133,0.0160076158,,,,
27264,0.0,224.156982,2005.558105,1734.970947,-0.430223386,-0.902615476,0.0138975047,,,,
27265,0.0,224.650269,2004.664307,1734.873657,-0.4221471952,-0.9064380577,0.0127197911,,,,
27266,0.0,225.124496,2003.691162,1734.798584,-0.4155244155,-0.9095150662,0.0110365051,,,,
27267,0.0,225.573669,2002.731079,1734.685669,-0.4101620604,-0.9119667263,0.0091528326,,,,
27268,0.0,226.048721,2001.731079,1734.553711,-0.4054049203,-0.9141030785,0.0079001507,,,,
27269,0.0,226.520676,2000.685181,1734.396973,-0.4007377958,-0.9161723484,0.0061194003,,,,
27270,0.0,226.939728,1999.635376,1734.28894,-0.3977589956,-0.9174719022,0.005752399,,,,
27271,0.0,227.414536,1998.678223,1734.061401,-0.3943922765,-0.9189325913,0.0041982027,,,,
27272,0.0,227.687683,1997.455566,1733.820312,-0.3909910531,-0.9203892865,0.0030915491,,,,
27273,0.0,227.818939,1996.053345,1733.359253,-0.3888741642,-0.921288354,0.0021571555,,,,
27274,0.0,227.960892,1994.83374,1733.204346,-0.387166203,-0.9220091202,0.0012302474,,,,
27275,0.0,228.051025,1993.221436,1732.989624,-0.3849589199,-0.9229337077,3.37023e-05,,,,
27276,0.0,228.027969,1991.9375,1732.845337,-0.3848965782,-0.9229592945,-0.0008744797,,,,
27277,0.0,227.992523,1990.796509,1732.796753,-0.384199464,-0.9232485233,-0.0017135111,,,,
27278,0.0,227.734253,1988.973877,1732.714478,-0.3822845902,-0.9240426476,-0.0019176619,,,,
27279,0.0,227.597015,1987.358643,1732.672485,-0.3805979542,-0.9247363567,-0.0028049673,,,,
27280,0.0,227.438919,1985.642456,1732.635254,-0.3787824957,-0.9254812526,-0.0028761067,,,,
27281,0.0,227.242218,1984.033813,1732.629761,-0.3760599411,-0.9265908745,-0.0028761067,,,,
27282,0.0,226.862823,1982.614258,1732.666992,-0.3727022168,-0.9279465424,-0.0028761067,,,,
27283,0.0,226.238937,1981.167847,1732.703979,-0.3700524753,-0.9290064012,-0.0028761067,,,,
27284,0.0,225.57692,1979.627686,1732.757935,-0.3671332144,-0.9301639269,-0.0028761067,,,,
27285,0.0,225.056442,1978.56189,1732.782471,-0.3663718432,-0.930464078,-0.0028761067,,,,
27286,0.0,223.865616,1976.378174,1732.823242,-0.3601865837,-0.9328691495,-0.0045579465,,,,
27287,0.0,223.198807,1975.529785,1732.790283,-0.3554042778,-0.9347003892,-0.0047939299,,,,
27288,0.0,222.570114,1974.823975,1732.74231,-0.350316715,-0.9366148149,-0.0055576757,,,,
27289,0.0,221.854675,1974.140503,1732.647461,-0.3463480517,-0.9380834388,-0.0065183572,,,,
27290,0.0,221.077179,1973.526123,1732.534912,-0.3449310655,-0.9386040267,-0.0067112642,,,,
27291,0.0,220.229111,1972.875854,1732.411011,-0.3439926625,-0.9389483517,-0.0067112642,,,,
27292,0.0,219.364899,1972.325562,1732.298584,-0.3438236177,-0.9390102667,-0.0067111071,,,,
27293,0.0,218.403366,1971.718628,1732.219238,-0.3438236177,-0.9390102667,-0.0067111071,,,,
27294,0.0,217.448914,1971.177856,1732.127319,-0.3438236177,-0.9390102667,-0.0067111071,,,,
27295,0.0,216.466324,1970.636475,1732.055664,-0.3438236177,-0.9390102667,-0.0067111071,,,,
27296,0.0,215.446777,1970.11145,1732.019653,-0.3438236177,-0.9390102667,-0.0067111071,,,,
27297,0.0,214.454269,1969.61084,1731.990845,-0.3438236177,-0.9390102667,-0.0067111071,,,,
27298,0.0,213.366714,1969.029053,1732.024536,-0.3438236177,-0.9390102667,-0.0067111071,,,,
27299,0.0,212.278473,1968.485107,1732.033203,-0.3438236177,-0.9390102667,-0.0067111071,,,,
27300,0.0,211.197449,1967.941772,1732.130249,-0.3438236177,-0.9390102667,-0.0067111071,,,,
27301,0.0,210.223785,1967.582275,1732.23584,-0.3438236177,-0.9390102667,-0.0067111071,,,,
27302,0.0,209.078415,1966.991333,1732.438965,-0.3438236177,-0.9390102667,-0.0067111071,,,,
27303,0.0,208.092468,1966.604858,1732.537598,-0.3438236177,-0.9390102667,-0.0067111071,,,,
27304,0.0,206.72081,1966.146973,1732.643188,-0.3438236177,-0.9390102667,-0.0067111071,,,,
27305,0.0,205.812683,1965.680298,1732.633789,-0.3438236177,-0.9390102667,-0.0067111071,,,,
27306,0.0,204.677536,1965.101562,1732.628418,-0.3438236177,-0.9390102667,-0.0067111071,,,,
27307,0.0,203.653534,1964.590454,1732.591064,-0.3438236177,-0.9390102667,-0.0067111071,,,,
27308,0.0,202.563782,1964.062256,1732.491089,-0.3438236177,-0.9390102667,-0.0067111071,,,,
27309,0.0,201.45723,1963.512939,1732.359985,-0.3431359136,-0.9392562866,-0.0074412997,,,,
27310,0.0,200.310883,1962.955811,1732.167114,-0.3421821166,-0.9396023495,-0.0076696695,,,,
27311,0.0,199.194061,1962.412598,1731.969604,-0.3412488435,-0.9399346674,-0.0084880974,,,,
27312,0.0,198.356247,1962.008179,1731.750732,-0.3399860123,-0.9403909076,-0.0086285739,,,,
27313,0.0,197.049072,1961.375732,1731.562012,-0.3385594871,-0.9409054266,-0.0086285564,,,,
27314,0.0,195.955048,1960.832886,1731.478638,-0.3368603866,-0.9415150705,-0.0086285564,,,,
27315,0.0,194.885437,1960.308838,1731.369019,-0.335833909,-0.9418816983,-0.0086285564,,,,
27316,0.0,193.784561,1959.779907,1731.247314,-0.3357010516,-0.9419210181,-0.0094657042,,,,
27317,0.0,192.712692,1959.246704,1731.151245,-0.3349068555,-0.9422024617,-0.0095874528,,,,
27318,0.0,191.672989,1958.723511,1731.098755,-0.3340209556,-0.9425168868,-0.0095874528,,,,
27319,0.0,190.620316,1958.185547,1731.026245,-0.3331170379,-0.9428367408,-0.0095874528,,,,
27320,0.0,189.591278,1957.656128,1731.033081,-0.331471119,-0.9434166513,-0.0095874528,,,,
27321,0.0,188.570801,1957.118896,1731.051025,-0.3303631426,-0.9438052104,-0.0095874354,,,,
27322,0.0,187.59584,1956.585205,1731.062134,-0.3294829059,-0.9441128618,-0.0095874354,,,,
27323,0.0,186.780243,1955.982056,1731.082642,-0.3286428652,-0.9444056056,-0.0095874528,,,,
27324,0.0,185.833344,1955.220337,1731.209839,-0.3276153688,-0.9447625369,-0.0095874354,,,,
27325,0.0,185.067612,1954.490967,1731.372681,-0.3266864061,-0.945084162,-0.0095874354,,,,
27326,0.0,184.358551,1954.02478,1731.470703,-0.3265622443,-0.9451207047,-0.0101957925,,,,
27327,0.0,183.329651,1953.298706,1731.661377,-0.3265610584,-0.9451172725,-0.0105459216,,,,
27328,0.0,181.499466,1952.146362,1731.906494,-0.324278103,-0.9458731451,-0.0129501032,,,,
27329,0.0,180.922432,1951.793518,1731.9385375,-0.3231685767,-0.9462269878,-0.0145790546,,,,
27330,0.0,180.345398,1951.440674,1731.970581,-0.3220590504,-0.9465808305,-0.016208006,,,,
27331,0.0,179.334213,1950.978394,1732.077759,-0.320245245,-0.9470847914,-0.0217573203,,,,
27332,0.0,177.272446,1950.31604,1732.104858,-0.3175103962,-0.9478076318,-0.0291177148,,,,
27333,0.0,176.203308,1950.073608,1732.089844,-0.3151009826,-0.9483506428,-0.0366391739,,,,
27334,0.0,175.527153,1949.9667965,1732.061951,-0.3138954647,-0.9485939504,-0.0403017106,,,,
27335,0.0,173.777145,1949.730835,1731.970703,-0.3108689944,-0.9491204841,-0.0503068091,,,,
27336,0.0,172.686829,1949.645264,1731.918579,-0.3098593432,-0.9491898293,-0.0550077758,,,,
27337,0.0,171.67247,1949.559692,1731.820801,-0.3089194526,-0.9492692294,-0.058793724,,,,
27338,0.0,170.615662,1949.55481,1731.763184,-0.3087226507,-0.9491596947,-0.0615320972,,,,
27339,0.0,169.633789,1949.522827,1731.712036,-0.3086823617,-0.9490366718,-0.0635971312,,,,
27340,0.0,168.268753,1949.549927,1731.691406,-0.3086154838,-0.9488302128,-0.0669156961,,,,
27341,0.0,167.143585,1949.604248,1731.672974,-0.308572306,-0.9486979143,-0.0689594036,,,,
27342,0.0,166.349091,1949.673218,1731.685913,-0.3079127346,-0.9488137755,-0.0703005501,,,,
27343,0.0,165.385193,1949.714355,1731.800049,-0.3062280639,-0.9492072934,-0.0723179582,,,,
27344,0.0,164.199158,1949.862061,1731.921265,-0.3049859225,-0.9494502054,-0.0743498125,,,,
27345,0.0,163.01944,1950.019531,1732.207397,-0.3030351347,-0.9497539258,-0.0783402045,,,,
27346,0.0,161.873566,1950.212769,1732.339355,-0.3011463737,-0.9500355367,-0.0821178457,,,,
27347,0.0,160.630325,1950.446899,1732.669556,-0.2982827065,-0.9504292571,-0.087816025,,,,
27348,0.0,159.466568,1950.800293,1732.797852,-0.295477062,-0.9506953328,-0.0941896493,,,,
27349,0.0,157.97348,1951.419922,1732.983276,-0.2933382121,-0.9507465386,-0.1001684212,,,,
27350,0.0,156.731262,1951.842529,1733.044922,-0.2914842922,-0.9508253829,-0.1047282134,,,,
27351,0.0,155.073029,1952.558472,1733.145874,-0.2903365003,-0.950822856,-0.1078916735,,,,
27352,0.0,153.709488,1953.027466,1733.187744,-0.2893776404,-0.9508881566,-0.1098739952,,,,
27353,0.0,152.040543,1953.843994,1733.112793,-0.2883575412,-0.9508718509,-0.1126616691,,,,
27354,0.0,150.607834,1954.388794,1733.072754,-0.2873797334,-0.9510253994,-0.1138577116,,,,
27355,0.0,149.167145,1955.006958,1732.935303,-0.2862928896,-0.9509970395,-0.1167947443,,,,
27356,0.0,148.391418,1955.44397,1732.794067,-0.28487457,-0.9511616309,-0.1189034535,,,,
27357,0.0,147.191299,1955.933594,1732.626099,-0.2835611855,-0.9512607641,-0.1212271123,,,,
27358,0.0,146.019104,1956.445312,1732.421875,-0.2824838102,-0.9512084011,-0.1241187922,,,,
27359,0.0,144.928833,1956.851929,1732.30835,-0.2806794552,-0.9513718475,-0.1269277401,,,,
27360,0.0,143.783295,1957.266357,1732.183716,-0.2795305813,-0.9513153744,-0.1298526568,,,,
27361,0.0,142.759628,1957.624268,1732.126587,-0.277812571,-0.951348141,-0.1332549813,,,,
27362,0.0,141.540131,1958.058105,1732.080811,-0.2755871698,-0.9511486113,-0.1391690739,,,,
27363,0.0,140.456238,1958.406738,1732.061523,-0.273643084,-0.9510177435,-0.143821814,,,,
27364,0.0,139.369644,1958.745361,1732.047852,-0.2724802626,-0.9506529284,-0.1483695258,,,,
27365,0.0,138.296127,1959.060181,1732.062012,-0.2707034772,-0.9504372271,-0.1529336614,,,,
27366,0.0,137.219025,1959.341553,1732.152954,-0.2687615842,-0.9501399649,-0.1581178611,,,,
27367,0.0,135.858795,1959.654663,1732.30188,-0.2662723152,-0.9495496839,-0.1656938502,,,,
27368,0.0,134.808411,1959.868286,1732.454346,-0.2643100733,-0.9488916102,-0.1724670905,,,,
27369,0.0,132.727951,1960.151367,1732.799927,-0.260107388,-0.9481077478,-0.182854711,,,,
27370,0.0,132.0792465,1960.211975,1732.8913575,-0.2585106218,-0.9479662036,-0.1857985452,,,,
27371,0.0,131.430542,1960.272583,1732.982788,-0.2569138557,-0.9478246594,-0.1887423795,,,,
27372,0.0,130.520126,1960.446899,1733.03186,-0.2549997726,-0.9476250026,-0.1923069693,,,,
27373,0.0,128.854248,1960.676514,1733.118896,-0.2511826497,-0.9473752418,-0.1984626607,,,,
27374,0.0,128.002991,1960.796265,1733.136963,-0.2492337733,-0.94741451,-0.2007193875,,,,
27375,0.0,127.139969,1960.927368,1733.104614,-0.2480271916,-0.9473259303,-0.2026230342,,,,
27376,0.0,126.279564,1961.073975,1733.020996,-0.2461581049,-0.9472185245,-0.2053856234,,,,
27377,0.0,125.429146,1961.21167,1732.942505,-0.2442519653,-0.9474452992,-0.2066116705,,,,
27378,0.0,124.658897,1961.314697,1732.844971,-0.2423430387,-0.947552014,-0.2083627423,,,,
27379,0.0,123.828568,1961.500244,1732.789307,-0.2404751808,-0.9476243044,-0.210190069,,,,
27380,0.0,122.723648,1961.681152,1732.721802,-0.2392462159,-0.94766784,-0.2113927936,0.036731655,150.9020894969,561.9338228737,5.0
27381,0.0,121.963165,1961.835083,1732.70105,-0.2378724709,-0.9478561781,-0.2120975087,0.0368646608,150.9976276721,561.293331194,5.0
27382,0.0,120.742607,1962.030151,1732.670166,-0.2364769224,-0.9479554161,-0.2132116183,0.037066117,151.3972932692,561.276331471,5.0
27383,0.0,119.630051,1962.253662,1732.664062,-0.2345839886,-0.9482021589,-0.2142032169,0.0373143733,151.8966300465,561.2866230944,5.0
27384,0.0,118.786026,1962.39856,1732.698975,-0.2337933384,-0.9482293699,-0.2149458932,0.0378122736,154.0665954031,565.6161644097,5.0
27385,0.0,117.639297,1962.537842,1732.772217,-0.2327904857,-0.9484250522,-0.215170886,0.0389730977,157.4282208015,569.4536073345,5.0
27386,0.0,116.338211,1962.72168,1732.866699,-0.2326539839,-0.9484586079,-0.2151706133,0.0393899127,158.1134609275,568.9586694695,5.0
27387,0.0,115.486244,1962.850098,1732.925171,-0.2326539839,-0.9484586079,-0.2151706133,0.0383869604,156.0104226339,568.5322184877,5.0
27388,0.0,114.106583,1963.010376,1733.049561,-0.2326539839,-0.9484586079,-0.2151706133,0.0376333504,153.2805325618,564.0407499804,5.0
27389,0.0,112.660576,1963.253174,1733.144043,-0.2326539839,-0.9484586079,-0.2151706133,0.0372845605,152.5010959688,563.7412075553,5.0
27390,0.0,111.265228,1963.497437,1733.188354,-0.2326539839,-0.9484586079,-0.2151706133,0.0369909518,151.8458628814,563.5001813785,5.0
27391,0.0,109.808098,1963.817505,1733.213257,-0.2308455005,-0.9489003345,-0.215170886,0.0368069392,151.3348251892,562.9794241747,5.0
27392,0.0,108.33493,1964.087891,1733.224365,-0.2291014078,-0.9495301876,-0.2142544464,0.0365057191,150.664470996,562.7500948526,5.0
27393,0.0,106.931244,1964.479248,1733.18396,-0.2255661376,-0.9505856838,-0.2133231709,0.0364416809,150.5198204754,562.6943945131,5.0
27394,0.0,105.845192,1964.774414,1733.150635,-0.2236156747,-0.9513458216,-0.2119838618,0.0361487819,149.9088865127,562.6343632271,5.0
27395,0.0,103.939026,1965.349243,1733.088135,-0.222188777,-0.9519572745,-0.2107356041,0.0356996289,148.9865146811,562.6148105292,5.0
27396,0.0,102.784836,1965.383057,1732.790649,-0.2212594843,-0.9522287774,-0.2104865699,0.0357276712,148.9807907197,562.3763793172,5.0
27397,0.0,101.259682,1965.88916,1732.744873,-0.2210794281,-0.9524248537,-0.2097874745,0.0353363434,148.1846882798,562.4040274255,5.0
27398,0.0,99.628906,1966.440063,1732.569092,-0.22038662,-0.9526377755,-0.2095495323,0.0351641339,147.8468784404,562.4696048178,5.0
27399,0.0,97.979172,1966.988037,1732.391846,-0.2194125481,-0.9528625962,-0.2095495323,0.0350820268,147.6924947241,562.527652096,5.0
27400,0.0,96.427841,1967.529785,1732.153687,-0.2176765904,-0.9534438691,-0.2087143754,0.0349150807,147.3610514709,562.5816017848,5.0
27401,0.0,95.300385,1967.946533,1731.963867,-0.2158279143,-0.9538864845,-0.2086118072,0.0349916017,147.537110785,562.6484903089,5.0
27402,0.0,94.232872,1968.290649,1731.91687,-0.2133264481,-0.954625149,-0.2078043586,0.0349306466,147.4127716601,562.6558751828,5.0
27403,0.0,93.157272,1968.644165,1731.873413,-0.2099322809,-0.9555752893,-0.2068920103,0.0349144987,147.3816810414,562.6649653267,5.0
27404,0.0,92.055656,1968.928223,1731.882935,-0.2064057895,-0.9567067336,-0.2052044736,0.0347496433,147.0354624107,562.649548342,5.0
27405,0.0,90.8526,1969.265259,1731.887329,-0.2033063287,-0.9574439707,-0.2048599025,0.034816712,147.1669749163,562.6197248508,5.0
27406,0.0,89.605652,1969.570557,1731.940063,-0.2021419431,-0.9578849309,-0.2039487534,0.0345347693,146.5646871722,562.5593964263,5.0
27407,0.0,88.774376,1969.770264,1731.999756,-0.201509247,-0.9581620236,-0.2032721326,0.0343372988,146.1474221269,562.5402438459,5.0
27408,0.0,87.47007,1970.019043,1732.111694,-0.2012382111,-0.9582803655,-0.2029825692,0.0341285808,145.6856246397,562.4449630105,5.0
27409,0.0,86.208603,1970.259155,1732.203857,-0.2012382111,-0.9582803655,-0.2029825692,0.0339431542,145.2684707947,562.3377399732,5.0
27410,0.0,84.917549,1970.471802,1732.319702,-0.2012382111,-0.9582803655,-0.2029825692,0.0337503526,144.8262333489,562.1972923294,5.0
27411,0.0,82.914261,1970.794434,1732.470581,-0.1984075001,-0.9588704865,-0.2029823983,0.0337376791,144.6942208104,561.7885136423,5.0
27412,0.0,82.332863,1970.8632205,1732.6037595,-0.1969566124,-0.95924332,-0.2026276782,0.0336481337,144.4771204469,561.6790899286,5.0
27413,0.0,80.787727,1971.046753,1733.037598,-0.1921367072,-0.9604910141,-0.2013467097,0.0333723883,143.8130453753,561.3627265328,5.0
27414,0.0,79.946152,1970.902222,1733.161011,-0.1881172986,-0.9614691423,-0.2004718691,0.0333769157,143.6929250475,560.8564489696,5.0
27415,0.0,79.517033,1970.9869385,1733.336548,-0.185680066,-0.9620617133,-0.1998838058,0.0333138091,143.4950816001,560.605501913,5.0
27416,0.0,79.087914,1971.071655,1733.512085,-0.1832428333,-0.9626542843,-0.1992957425,0.0332507024,143.2972381526,560.3545548565,5.0
27417,0.0,78.467133,1971.670776,1734.369019,-0.182048474,-0.9628953056,-0.199225961,0.0326771471,141.7689739001,559.1409641637,5.0
27418,0.0,78.172005,1972.065674,1734.738403,-0.182048474,-0.9628953056,-0.199225961,0.0323674014,140.9377605316,558.4720525746,5.0
27419,0.0,77.89093,1972.61499,1735.198853,-0.1812873184,-0.9630388867,-0.1992260295,0.0321485465,140.3111274974,557.8472384257,5.0
27420,0.0,77.686562,1972.852417,1735.364258,-0.1805120663,-0.9631845046,-0.1992260124,0.0320843499,140.0535444587,557.3708380207,5.0
27421,0.0,77.6124345,1973.023987,1735.4846805,-0.179957429,-0.9632881214,-0.1992260038,0.0320815587,139.9965745519,557.1679478876,5.0
27422,0.0,77.538307,1973.195557,1735.605103,-0.1794027916,-0.9633917382,-0.1992259953,0.0320787675,139.9396046452,556.9650577546,5.0
27423,0.0,77.963799,1972.634644,1735.562744,-0.1792782306,-0.9634149327,-0.199225961,0.0322173549,139.9310741701,555.7515270118,5.0
27424,0.0,78.005501,1972.947632,1735.732422,-0.1792782306,-0.9634149327,-0.199225961,0.032126627,139.7053597181,555.625190991,5.0
27425,0.0,77.995476,1973.111206,1735.786133,-0.1792782306,-0.9634149327,-0.199225961,0.0320741431,139.5857335911,555.5960329342,5.0
27426,0.0,77.934921,1973.628784,1735.90271,-0.1792782306,-0.9634149327,-0.199225961,0.031977972,139.4022391014,555.6858176735,5.0
27427,0.0,77.870476,1974.016479,1735.957886,-0.1792782306,-0.9634149327,-0.199225961,0.0319155785,139.315492734,555.8737852403,5.0
27428,0.0,77.825638,1974.317871,1736.001465,-0.1799692511,-0.9632860691,-0.1992260466,0.0317944095,139.0941665768,556.0301031817,5.0
27429,0.0,77.784019,1974.67041,1736.063599,-0.1809287527,-0.9631063123,-0.1992260466,0.0316385899,138.8046049824,556.2152525927,5.0
27430,0.0,77.679924,1975.386841,1736.138794,-0.1811252201,-0.963069401,-0.199225961,0.0315283317,138.6922864616,556.720518382,5.0
27431,0.0,77.567139,1976.123169,1736.179199,-0.1819238382,-0.9629188436,-0.1992260466,0.0313693841,138.4857465301,557.2755162234,5.0
27432,0.0,77.907074,1974.758301,1735.816528,-0.182048474,-0.9628953056,-0.199225961,0.0316630712,138.8010003392,555.9892017361,5.0
27433,0.0,77.879089,1974.82251,1735.770508,-0.1829154045,-0.9627309892,-0.1992259953,0.0315810906,138.6320900947,556.0213203407,5.0
27434,0.0,77.784683,1974.922119,1735.621094,-0.1838872874,-0.9625458266,-0.1992259953,0.0315139434,138.5055804954,556.0959407753,5.0
27435,0.0,77.739288,1975.055298,1735.583252,-0.1846948294,-0.9623912005,-0.1992259953,0.031422744,138.3348313092,556.2029138777,5.0
27436,0.0,77.694855,1975.223145,1735.555786,-0.1854803237,-0.9622401149,-0.1992260295,0.0313232202,138.1681093069,556.4003614435,5.0
27437,0.0,77.626938,1975.421021,1735.577881,-0.1864422221,-0.9620541982,-0.1992260466,0.0311801853,137.9000717575,556.5730337893,5.0
27438,0.0,77.523743,1975.706177,1735.635254,-0.1883155443,-0.9616892699,-0.1992260124,0.030906038,137.3494197714,556.7650194431,5.0
27439,0.0,77.411133,1976.000244,1735.697754,-0.18997513,-0.9613628066,-0.1992260124,0.0307162419,136.9863517119,556.979370913,5.0
27440,0.0,77.287315,1976.294556,1735.768799,-0.1920958427,-0.9609412971,-0.1992260295,0.0304841473,136.5157986024,557.1423195653,5.0
27441,0.0,77.215164,1976.43689,1735.799805,-0.1935565102,-0.9606481527,-0.1992260124,0.0303272998,136.1980179128,557.2587316852,5.0
27442,0.0,77.195206,1976.66333,1735.855347,-0.1948550807,-0.9603855963,-0.1992260124,0.0301927596,135.9471417874,557.4511449875,5.0
27443,0.0,77.210548,1976.759644,1735.876709,-0.1955816535,-0.9602378974,-0.1992259953,0.0301171729,135.7756163381,557.43532251,5.0
27444,0.0,77.224785,1976.837646,1735.881714,-0.1958766263,-0.9601777771,-0.199225961,0.0301047848,135.6814831083,557.16170099,5.0
27445,0.0,77.23645,1976.91687,1735.892456,-0.1966678668,-0.9600160171,-0.1992259953,0.0300537797,135.4467568464,556.6623856203,5.0
27446,0.0,77.233368,1976.929688,1735.879761,-0.197677641,-0.9598085988,-0.1992260124,0.0299893604,135.1028269633,555.8358433207,5.0
27447,0.0,77.126678,1976.452637,1735.747803,-0.199063915,-0.9596616606,-0.1985523986,0.0297630771,134.2950875159,554.5771667795,5.0
27448,0.0,77.130569,1976.532837,1735.731079,-0.2012070243,-0.9594358263,-0.1974807043,0.0293631195,133.132648839,553.4522707322,5.0
27449,0.0,77.040749,1976.237549,1735.632446,-0.205568614,-0.9587088794,-0.1965167407,0.0288098567,131.5048809906,551.8322324031,5.0
27450,0.0,77.029373,1976.334961,1735.63501,-0.2106720178,-0.9578122658,-0.1954813657,0.0281246816,129.6087140797,550.3648247352,5.0
27451,0.0,76.922806,1976.311157,1735.374634,-0.2263825582,-0.9546068202,-0.1935891425,0.0266026547,125.7357970022,548.7685079818,5.0
27452,0.0,76.626518,1975.764038,1735.388916,-0.2498661962,-0.9494428545,-0.1900661729,0.0245318048,120.3939457806,546.8961640584,5.0
27453,0.0,76.318642,1975.294678,1736.16333,-0.2818189101,-0.9413983431,-0.185330142,0.0224431279,114.6744132424,544.3275849823,5.0
27454,0.0,76.159416,1975.215576,1737.67981,-0.341120637,-0.9235449642,-0.1752181786,0.0216571982,112.1695679344,541.9049746956,5.0
27455,0.0,75.961189,1975.264404,1739.598145,-0.42116977,-0.8924781327,-0.1615512536,0.0278086679,126.3591585961,539.5629367288,5.0
27456,0.0,75.699265,1975.284668,1741.066895,-0.5136467199,-0.8456125956,-0.1452803678,0.0463474965,161.6136002662,537.0826287819,5.0
27457,0.0,74.97377,1976.022217,1745.238037,-0.6704400215,-0.7323617998,-0.118980552,0.1122857127,245.3413938136,532.8935294312,5.0
27458,0.0,74.778938,1976.575317,1746.605835,-0.7203089926,-0.6848979285,-0.1098625631,0.145666448,275.9570679893,530.9673647643,5.0
27459,0.0,74.599983,1976.813232,1748.028564,-0.7738869489,-0.6255644865,-0.0988335141,,,,
27460,0.0,74.635643,1976.396057,1748.7811275,-0.7928301958,-0.601281942,-0.0944044582,,,,
27461,0.0,74.671303,1975.978882,1749.533691,-0.8117734428,-0.5769993974,-0.0899754022,,,,
27462,0.0,74.621368,1974.806885,1750.447632,-0.835472348,-0.5433972762,-0.0818862377,,,,
27463,0.0,74.290337,1972.854126,1750.318604,-0.8548752636,-0.5134058965,-0.0748509796,,,,
27464,0.0,73.699493,1972.517578,1750.209229,-0.856218426,-0.5113146296,-0.073806209,,,,
27465,0.0,73.068436,1972.137939,1750.050903,-0.8562759543,-0.511225561,-0.0737557846,,,,
27466,0.0,72.306839,1971.678345,1749.877808,-0.8562759543,-0.511225561,-0.0737557846,,,,
27467,0.0,71.196205,1971.01062,1749.647217,-0.8562759543,-0.511225561,-0.0737557846,,,,
27468,0.0,70.335815,1970.49353,1749.517334,-0.8562759543,-0.511225561,-0.0737557846,,,,
27469,0.0,68.853745,1969.604492,1749.393555,-0.8562759543,-0.511225561,-0.0737557846,,,,
27470,0.0,67.543602,1968.819336,1749.285767,-0.8562759543,-0.511225561,-0.0737557846,,,,
27471,0.0,65.517784,1967.606445,1748.963623,-0.8562759543,-0.511225561,-0.0737557846,,,,
27472,0.0,63.833534,1966.598755,1748.536865,-0.8562759543,-0.511225561,-0.0737557846,,,,
27473,0.0,61.598888,1965.261475,1748.216553,-0.8562759543,-0.511225561,-0.0737557846,,,,
27474,0.0,59.588703,1964.058838,1748.183228,-0.8562759543,-0.511225561,-0.0737557846,,,,
27475,0.0,58.26889,1963.269775,1748.16333,-0.8562759543,-0.511225561,-0.0737557846,,,,
27476,0.0,56.294735,1962.089233,1748.162354,-0.8562759543,-0.511225561,-0.0737557846,,,,
27477,0.0,53.710083,1960.543823,1748.213501,-0.8562759543,-0.511225561,-0.0737557846,,,,
27478,0.0,51.594433,1959.279297,1748.272827,-0.8562759543,-0.511225561,-0.0737557846,,,,
27479,0.0,49.486851,1958.019287,1748.574585,-0.8562759543,-0.511225561,-0.0737557846,,,,
27480,0.0,47.336872,1956.734619,1748.717773,-0.8562759543,-0.511225561,-0.0737557846,,,,
27481,0.0,45.0471,1955.366211,1748.975098,-0.8562759543,-0.511225561,-0.0737557846,,,,
27482,0.0,42.185955,1953.656738,1749.239868,-0.8562759543,-0.511225561,-0.0737557846,,,,
27483,0.0,39.797867,1952.238403,1749.365601,-0.8567236912,-0.5104748807,-0.0737557672,,,,
27484,0.0,37.428627,1950.86853,1749.559448,-0.8590029998,-0.5065206522,-0.0745028537,,,,
27485,0.0,34.223495,1949.041504,1749.69873,-0.8630326592,-0.4994634108,-0.0755706988,,,,
27486,0.0,31.080458,1947.283203,1749.775635,-0.8680756531,-0.4904834455,-0.0766201678,,,,
27487,0.0,28.578657,1945.87793,1749.815063,-0.8712892671,-0.484605578,-0.0775399693,,,,
27488,0.0,25.837252,1944.308472,1749.776978,-0.8728841987,-0.4817049815,-0.0776755203,,,,
27489,0.0,22.816353,1942.564819,1749.733032,-0.8734841086,-0.4804837803,-0.0784910759,,,,
27490,0.0,19.855888,1940.851929,1749.679077,-0.8735418685,-0.4803558553,-0.0786311407,,,,
27491,0.0,16.853415,1939.142456,1749.570435,-0.8735418685,-0.4803558553,-0.0786311407,,,,
27492,0.0,13.823317,1937.537109,1749.433105,-0.8735418685,-0.4803558553,-0.0786311407,,,,
27493,0.0,8.251453,1934.591553,1749.295898,-0.8674687439,-0.4916545486,-0.0759854149,,,,
27494,0.0,6.76904,1933.80188,1749.3172605,-0.8616137204,-0.5019792226,-0.0741236168,,,,
27495,0.0,5.286627,1933.012207,1749.338623,-0.8557586968,-0.5123038966,-0.0722618186,,,,
27496,0.0,2.314275,1931.671631,1749.44104,-0.8408714158,-0.5370104383,-0.0674911189,,,,
27497,0.0,-3.687595,1929.526733,1749.810425,-0.8012326803,-0.5956902322,-0.0563856305,,,,
27498,0.0,-7.21602,1928.479248,1750.114746,-0.7665798547,-0.6403293888,-0.0483073518,,,,
27499,0.0,-10.253017,1927.698975,1750.239868,-0.7374516108,-0.6741413405,-0.0412137685,,,,
27500,0.0,-13.759061,1926.799316,1750.466797,-0.6999263036,-0.7134885835,-0.0322057555,,,,
27501,0.0,-16.822506,1925.99231,1750.526245,-0.6722622843,-0.7398369771,-0.0265455908,,,,
27502,0.0,-20.096506,1925.064575,1750.467285,-0.6417346855,-0.7666532177,-0.0204801639,,,,
27503,0.0,-23.287788,1924.189453,1750.363525,-0.610182455,-0.7921275266,-0.0145379932,,,,
27504,0.0,-25.985312,1923.461792,1750.203613,-0.5890271183,-0.8080251797,-0.0119315905,,,,
27505,0.0,-29.098553,1922.612305,1749.93103,-0.566564529,-0.8239679244,-0.009027401,,,,
27506,0.0,-32.246555,1921.794678,1749.650024,-0.5453489519,-0.83817292,-0.0077895351,,,,
27507,0.0,-35.330917,1920.993896,1749.360352,-0.5228834101,-0.8523830978,-0.0059994984,,,,
27508,0.0,-38.528191,1920.224487,1749.054321,-0.5037150217,-0.8638560156,-0.0048950181,,,,
27509,0.0,-41.83947,1919.420166,1748.754639,-0.4785558947,-0.8780485437,-0.003874342,,,,
27510,0.0,-45.048271,1918.625488,1748.555664,-0.4599999259,-0.8879106717,-0.00383502,,,,
27511,0.0,-48.169052,1917.817505,1748.358276,-0.437714777,-0.8991092406,-0.002889214,,,,
27512,0.0,-50.905025,1917.107666,1748.367188,-0.4235031943,-0.9058900443,-0.0028761067,,,,
27513,0.0,-54.165604,1916.241577,1748.427124,-0.4100101987,-0.912076403,-0.0028761067,,,,
27514,0.0,-57.546284,1915.279907,1748.633789,-0.3951897339,-0.9185974333,-0.0019569666,,,,
27515,0.0,-60.832676,1914.281616,1748.820801,-0.3822879125,-0.9240412732,-0.0019176619,,,,
27516,0.0,-63.63995,1913.292114,1749.031738,-0.3728973006,-0.9278706407,-0.0019176619,,,,
27517,0.0,-67.233459,1911.997437,1749.297363,-0.3636213995,-0.9315448461,-0.0019176619,,,,
27518,0.0,-70.141815,1910.944946,1749.451904,-0.3572426131,-0.9340096563,-0.0019176619,,,,
27519,0.0,-73.693031,1909.631348,1749.65564,-0.3504685203,-0.9365725486,-0.0019176619,,,,
27520,0.0,-77.148308,1908.369141,1749.820312,-0.3457714685,-0.9383167984,-0.0019176619,,,,
27521,0.0,-80.605049,1907.10437,1749.977173,-0.3411636334,-0.9400019669,-0.0019176619,,,,
27522,0.0,-83.985535,1905.834473,1750.021606,-0.3393465438,-0.9406594739,-0.0019176619,,,,
27523,0.0,-86.890411,1904.779907,1749.938477,-0.3377922701,-0.9412187338,-0.0019176619,,,,
27524,0.0,-90.573074,1903.512085,1749.791382,-0.336695329,-0.9416094999,-0.0027937449,,,,
27525,0.0,-94.170471,1902.303955,1749.599121,-0.3348823485,-0.9422555602,-0.0028761067,,,,
27526,0.0,-97.455589,1901.269409,1749.418579,-0.3340015314,-0.9425681434,-0.0028761067,,,,
27527,0.0,-101.146858,1900.057983,1749.182129,-0.3320394655,-0.9432611098,-0.0028761067,,,,
27528,0.0,-104.132843,1899.026489,1749.02002,-0.3304227227,-0.9438286668,-0.0028761067,,,,
27529,0.0,-107.639885,1897.832275,1748.832153,-0.3293517212,-0.9442029293,-0.0028761067,,,,
27530,0.0,-110.958122,1896.618408,1748.701172,-0.3284249397,-0.9445256942,-0.0028761067,,,,
27531,0.0,-113.845001,1895.515869,1748.63562,-0.327602523,-0.9448112589,-0.0028761067,,,,
27532,0.0,-116.849274,1894.330444,1748.517334,-0.3267495398,-0.9451065899,-0.0028761067,,,,
27533,0.0,-120.250465,1892.950073,1748.41626,-0.3257741685,-0.9454432395,-0.0028761067,,,,
27534,0.0,-123.511047,1891.484497,1748.477783,-0.323935761,-0.9460747068,-0.0028761067,,,,
27535,0.0,-126.292549,1890.187622,1748.563965,-0.3206460506,-0.9471947203,-0.0028761067,,,,
27536,0.0,-129.572113,1888.637329,1748.814819,-0.3175706515,-0.9482302512,-0.0028761067,,,,
27537,0.0,-135.592178,1885.766724,1749.210693,-0.3089835472,-0.9510630345,-0.0028761067,,,,
27538,0.0,-138.875916,1884.171143,1749.493042,-0.3042873497,-0.9525759481,-0.0028761067,,,,
27539,0.0,-140.600983,1883.3444215,1749.606323,-0.3018952211,-0.9533346237,-0.0024221566,,,,
27540,0.0,-145.424957,1881.017822,1749.911011,-0.2951413439,-0.9554530211,-0.0010542659,,,,
27541,0.0,-148.664612,1879.386841,1749.914062,-0.2904415355,-0.9568927366,-7.11571e-05,,,,
27542,0.0,-151.578461,1877.903809,1749.859985,-0.2877507246,-0.9577053412,0.0,,,,
27543,0.0,-154.850739,1876.20813,1749.727051,-0.285650182,-0.9583339572,0.0,,,,
27544,0.0,-157.767151,1874.683105,1749.575806,-0.284697338,-0.9586170801,0.0008482648,,,,
27545,0.0,-160.765839,1872.73877,1749.366943,-0.2845912331,-0.9586484814,0.0009587441,,,,
27546,0.0,-163.193329,1871.041626,1749.409912,-0.2845912331,-0.9586484814,0.0009587441,,,,
27547,0.0,-165.776215,1868.988281,1749.360107,-0.2845912331,-0.9586484814,0.0009587441,,,,
27548,0.0,-168.463058,1866.688477,1749.280273,-0.2845912331,-0.9586484814,0.0009587441,,,,
27549,0.0,-170.659317,1864.651611,1749.182495,-0.2845912331,-0.9586484814,0.0009587441,,,,
27550,0.0,-173.016998,1862.259155,1749.043091,-0.2845912331,-0.9586484814,0.0009587441,,,,
27551,0.0,-175.031281,1860.043213,1748.966431,-0.2845912331,-0.9586484814,0.0009587441,,,,
27552,0.0,-177.154404,1857.523315,1748.978516,-0.2845912331,-0.9586484814,0.0009587441,,,,
27553,0.0,-179.35817,1854.70813,1749.100586,-0.2845912331,-0.9586484814,0.0009587441,,,,
27554,0.0,-181.441147,1851.910522,1749.261841,-0.2845912331,-0.9586484814,0.0009587441,,,,
27555,0.0,-183.169556,1849.467651,1749.41687,-0.2845912331,-0.9586484814,0.0009587441,,,,
27556,0.0,-185.229462,1846.449707,1749.766846,-0.2845912331,-0.9586484814,0.0009587441,,,,
27557,0.0,-187.200485,1843.42688,1750.198486,-0.2845912331,-0.9586484814,0.0009587441,,,,
27558,0.0,-189.126328,1840.40332,1750.584351,-0.2845912331,-0.9586484814,0.0009587441,,,,
27559,0.0,-190.758163,1837.748291,1750.886353,-0.2845912331,-0.9586484814,0.0009587441,,,,
27560,0.0,-192.746185,1834.520874,1751.289673,-0.2845912331,-0.9586484814,0.0009587441,,,,
27561,0.0,-194.349594,1831.790161,1751.544556,-0.2845912331,-0.9586484814,0.0009587441,,,,
27562,0.0,-196.298737,1828.425171,1751.842529,-0.2845912331,-0.9586484814,0.0009587441,,,,
27563,0.0,-198.067642,1825.184326,1752.053711,-0.2845912331,-0.9586484814,0.0009587441,,,,
27564,0.0,-199.547256,1822.379517,1752.142334,-0.2845912331,-0.9586484814,0.0009587441,,,,
27565,0.0,-201.270386,1819.043945,1752.197388,-0.2845912331,-0.9586484814,0.0009587441,,,,
27566,0.0,-202.934784,1815.604126,1752.158813,-0.2845912331,-0.9586484814,0.0009587441,,,,
27567,0.0,-204.218414,1812.847168,1752.118042,-0.2845912331,-0.9586484814,0.0009587441,,,,
27568,0.0,-205.657867,1809.543457,1751.897705,-0.2845912331,-0.9586484814,0.0009587441,,,,
27569,0.0,-207.07608,1806.056274,1751.639893,-0.2845912331,-0.9586484814,0.0009587441,,,,
27570,0.0,-208.344528,1802.807251,1751.37854,-0.2845912331,-0.9586484814,0.0009587441,,,,
27571,0.0,-209.455872,1799.865234,1751.099731,-0.2845912331,-0.9586484814,0.0009587441,,,,
27572,0.0,-210.743591,1796.456543,1750.742432,-0.2845912331,-0.9586484814,0.0009587441,,,,
27573,0.0,-211.993042,1793.120605,1750.442139,-0.2845912331,-0.9586484814,0.0009587441,,,,
27574,0.0,-213.200714,1789.678223,1750.223022,-0.2845912331,-0.9586484814,0.0009587441,,,,
27575,0.0,-214.149689,1786.861206,1750.091064,-0.2845912331,-0.9586484814,0.0009587441,,,,
27576,0.0,-215.379578,1783.288208,1750.028198,-0.2845912331,-0.9586484814,0.0009587441,,,,
27577,0.0,-216.378723,1780.446533,1750.066162,-0.2845912331,-0.9586484814,0.0009587441,,,,
27578,0.0,-217.541458,1776.952026,1750.158081,-0.2845912331,-0.9586484814,0.0009587441,,,,
27579,0.0,-219.597778,1770.30603,1750.538208,-0.2845912331,-0.9586484814,0.0009587441,,,,
27580,0.0,-220.1162945,1768.5605465,1750.757141,-0.2845912331,-0.9586484814,0.0009587441,,,,
27581,0.0,-221.558395,1763.648804,1751.335205,-0.2845912331,-0.9586484814,0.0009587441,,,,
27582,0.0,-222.554276,1760.075928,1751.853882,-0.2845912331,-0.9586484814,0.0009587441,,,,
27583,0.0,-223.051163,1758.2936405,1752.054016,-0.2845912331,-0.9586484814,0.0009587441,,,,
27584,0.0,-224.4366,1753.266479,1752.518555,-0.2845912331,-0.9586484814,0.0009587441,,,,
27585,0.0,-225.369263,1749.795532,1752.795776,-0.2845912331,-0.9586484814,0.0009587441,,,,
27586,0.0,-226.168793,1746.805786,1752.88562,-0.2845912331,-0.9586484814,0.0009587441,,,,
27587,0.0,-227.099991,1743.24646,1752.984741,-0.2845912331,-0.9586484814,0.0009587441,,,,
27588,0.0,-228.072388,1739.653809,1752.930298,-0.2845912331,-0.9586484814,0.0009587441,,,,
27589,0.0,-229.050842,1736.053101,1752.860229,-0.2845912331,-0.9586484814,0.0009587441,,,,
27590,0.0,-229.995148,1732.630737,1752.704712,-0.2845912331,-0.9586484814,0.0009587441,,,,
27591,0.0,-230.84819,1729.479126,1752.5271,-0.2845912331,-0.9586484814,0.0009587441,,,,
27592,0.0,-231.862946,1726.011841,1752.134033,-0.2845912331,-0.9586484814,0.0009587441,,,,
27593,0.0,-232.791718,1722.854614,1751.848389,-0.2845912331,-0.9586484814,0.0009587441,,,,
27594,0.0,-233.88765,1719.276611,1751.547119,-0.2845912331,-0.9586484814,0.0009587441,,,,
27595,0.0,-234.94809,1715.792236,1751.291626,-0.2845912331,-0.9586484814,0.0009587441,,,,
27596,0.0,-236.026169,1712.785522,1751.067627,-0.2845912331,-0.9586484814,0.0009587441,,,,
27597,0.0,-237.369461,1709.557129,1750.844971,-0.2845912331,-0.9586484814,0.0009587441,,,,
27598,0.0,-238.673492,1706.949219,1750.751953,-0.2845912331,-0.9586484814,0.0009587441,,,,
27599,0.0,-240.361816,1703.929077,1750.708252,-0.2845912331,-0.9586484814,0.0009587441,,,,
27600,0.0,-242.18866,1701.014526,1750.797485,-0.2845912331,-0.9586484814,0.0009587441,,,,
27601,0.0,-244.118088,1698.211426,1750.909912,-0.2845912331,-0.9586484814,0.0009587441,,,,
27602,0.0,-245.911011,1695.840332,1751.039917,-0.2845912331,-0.9586484814,0.0009587441,,,,
27603,0.0,-248.027054,1693.226807,1751.194702,-0.2837779932,-0.9588895303,0.0009587441,,,,
27604,0.0,-250.327103,1690.570679,1751.276855,-0.2828366111,-0.9591663591,0.0018294706,,,,
27605,0.0,-252.782455,1687.849609,1751.280762,-0.2782842908,-0.9604913193,0.0037787685,,,,
27606,0.0,-255.17392,1685.322388,1751.243652,-0.2727789958,-0.9620598591,0.0056962177,,,,
27607,0.0,-257.373169,1683.064453,1751.086792,-0.2560929651,-0.9666003037,0.0100122979,,,,
27608,0.0,-260.004333,1680.535156,1750.853027,-0.2399004361,-0.9707067175,0.0132758933,,,,
28077,0.0,396.033051,-398.462372,1677.701294,-0.865993445,0.5000553501,0.0,,,,
28078,0.0,395.90033,-398.385681,1677.701294,-0.865993445,0.5000553501,0.0,,,,
28079,0.0,395.771393,-398.311279,1677.701294,-0.865993445,0.5000553501,0.0,,,,
28080,0.0,395.905731,-398.388855,1677.701294,-0.865993445,0.5000553501,0.0,,,,
28081,0.0,398.644867,-403.143494,1677.575684,-0.9718790433,-0.2316752695,0.0421627161,,,,
28082,0.0,399.211029,-403.868042,1677.677979,-0.5678526823,-0.8188581792,0.0837532899,,,,
28083,0.0,398.420807,-405.176147,1677.701294,-0.5031859755,-0.8597643851,0.0872300192,,,,
28084,0.0,391.090668,-402.027313,1677.701294,-0.865993445,0.5000553501,0.0,,,,
28085,0.0,390.523117,-402.0237425,1677.701294,-0.865993445,0.5000553501,0.0,,,,
28086,0.0,388.926514,-401.836639,1677.701294,-0.865993445,0.5000553501,0.0,,,,
28087,0.0,387.693787,-401.504913,1677.701294,-0.865993445,0.5000553501,0.0,,,,
28088,0.0,386.9829865,-401.2671505,1677.701294,-0.865993445,0.5000553501,0.0,,,,
28089,0.0,384.776855,-400.457947,1677.701294,-0.865993445,0.5000553501,0.0,,,,
28090,0.0,383.175293,-399.790649,1677.701294,-0.865993445,0.5000553501,0.0,,,,
28091,0.0,381.485992,-399.042603,1677.701294,-0.865993445,0.5000553501,0.0,,,,
28092,0.0,379.649384,-398.189331,1677.701294,-0.865993445,0.5000553501,0.0,,,,
28093,0.0,377.811981,-397.302399,1677.701294,-0.865993445,0.5000553501,0.0,,,,
28094,0.0,375.719635,-396.259033,1677.701294,-0.865993445,0.5000553501,0.0,,,,
28095,0.0,373.59314,-395.1698,1677.701294,-0.865993445,0.5000553501,0.0,,,,
28096,0.0,371.410583,-394.026642,1677.701294,-0.865993445,0.5000553501,0.0,,,,
28097,0.0,369.163208,-392.825043,1677.701294,-0.865993445,0.5000553501,0.0,,,,
28098,0.0,366.198792,-391.209717,1677.701294,-0.865993445,0.5000553501,0.0,,,,
28099,0.0,363.735809,-389.844543,1677.701294,-0.865993445,0.5000553501,0.0,,,,
28100,0.0,361.920044,-388.827576,1677.701294,-0.865993445,0.5000553501,0.0,,,,
28101,0.0,359.39801,-387.402405,1677.701294,-0.865993445,0.5000553501,0.0,,,,
28102,0.0,356.741791,-385.886566,1677.701294,-0.865993445,0.5000553501,0.0,,,,
28103,0.0,354.003235,-384.309998,1677.701294,-0.865993445,0.5000553501,0.0,,,,
28104,0.0,351.269379,-382.723663,1677.701294,-0.865993445,0.5000553501,0.0,,,,
28105,0.0,348.331848,-381.007385,1677.701294,-0.865993445,0.5000553501,0.0,,,,
28106,0.0,345.393951,-379.279602,1677.701294,-0.865993445,0.5000553501,0.0,,,,
28107,0.0,342.492676,-377.564026,1677.701294,-0.865993445,0.5000553501,0.0,,,,
28108,0.0,340.410675,-376.326447,1677.701294,-0.865993445,0.5000553501,0.0,,,,
28109,0.0,337.605316,-374.652344,1677.701294,-0.865993445,0.5000553501,0.0,,,,
28110,0.0,334.625671,-372.866913,1677.701294,-0.865993445,0.5000553501,0.0,,,,
28111,0.0,331.820801,-371.179352,1677.701294,-0.865993445,0.5000553501,0.0,,,,
28112,0.0,328.605957,-369.238129,1677.701294,-0.865993445,0.5000553501,0.0,,,,
28113,0.0,325.838409,-367.561218,1677.701294,-0.865993445,0.5000553501,0.0,,,,
28114,0.0,322.609283,-365.598694,1677.701294,-0.865993445,0.5000553501,0.0,,,,
28115,0.0,319.864685,-363.925995,1677.701294,-0.8663861667,0.4993739997,0.0007864627,,,,
28116,0.0,317.344788,-362.432159,1677.701294,-0.8708969743,0.4914572191,0.0028743439,,,,
28117,0.0,313.217621,-360.486084,1677.701294,-0.8864905686,0.4626294441,0.0104148546,,,,
28118,0.0,311.053375,-359.605469,1677.701294,-0.8994356115,0.4367281309,0.0168558709,,,,
28119,0.0,307.488373,-358.436401,1677.701172,-0.9285985397,0.3698957575,0.0296964773,,,,
28120,0.0,304.25531,-357.785919,1677.700806,-0.9625860382,0.2665708405,0.0486631894,,,,
28198,0.0,360.10144,-487.556915,1677.701294,-0.6033373597,-0.7942433859,0.0718434016,,,,
28199,0.0,359.988556,-487.705566,1665.006348,-0.6033373597,-0.7942433859,0.0718434016,,,,
28200,0.0,359.795654,-487.959381,1665.418213,-0.6033373597,-0.7942433859,0.0718434016,,,,
28201,0.0,359.692352,-488.095459,1666.406982,-0.6033373597,-0.7942433859,0.0718434016,,,,
28202,0.0,359.527161,-488.312897,1668.010986,-0.6033373597,-0.7942433859,0.0718434016,,,,
29158,0.0,452.489563,250.981705,1677.701294,1.0,0.0,0.0,,,,
29159,0.0,452.489563,250.981705,1677.701294,1.0,0.0,0.0,,,,
29160,0.0,453.338684,250.975113,1677.558838,1.0,0.0,0.0,,,,
29161,0.0,454.380066,250.967026,1677.384277,1.0,0.0,0.0,,,,
29162,0.0,458.167969,250.938782,1676.843262,1.0,0.0,0.0,,,,
29163,0.0,460.172928,250.925316,1676.763428,1.0,0.0,0.0,,,,
29164,0.0,462.177887,250.91185,1676.683594,1.0,0.0,0.0,,,,
29165,0.0,468.803894,250.872543,1676.702026,1.0,0.0,0.0,,,,
29166,0.0,471.0011445,250.86116,1676.702026,1.0,0.0,0.0,,,,
29167,0.0,475.91748,250.836838,1676.702026,1.0,0.0,0.0,,,,
29168,0.0,479.824432,250.819687,1676.702026,1.0,0.0,0.0,,,,
29169,0.0,483.463623,250.805099,1676.702026,1.0,0.0,0.0,,,,
29170,0.0,487.130341,250.791626,1676.702026,1.0,0.0,0.0,,,,
29171,0.0,489.84256,250.782379,1676.702026,1.0,0.0,0.0,,,,
29172,0.0,494.298859,250.768494,1676.702026,1.0,0.0,0.0,,,,
29173,0.0,497.189606,250.760239,1676.702026,1.0,0.0,0.0,,,,
29174,0.0,501.179016,250.749756,1676.702026,1.0,0.0,0.0,,,,
29175,0.0,505.209656,250.740112,1676.702026,1.0,0.0,0.0,,,,
29176,0.0,507.750214,250.734543,1676.702026,1.0,0.0,0.0,,,,
29177,0.0,511.966217,250.725967,1676.702026,1.0,0.0,0.0,,,,
29178,0.0,514.870728,250.720566,1676.70166,1.0,0.0,0.0,,,,
29179,0.0,518.750244,250.713913,1676.701294,1.0,0.0,0.0,,,,
29180,0.0,522.423767,250.708145,1676.701294,1.0,0.0,0.0,,,,
29181,0.0,526.062988,250.702896,1676.701294,1.0,0.0,0.0,,,,
29182,0.0,529.681702,250.698135,1676.701294,1.0,0.0,0.0,,,,
29183,0.0,533.053101,250.694061,1676.701294,1.0,0.0,0.0,,,,
29184,0.0,535.655518,250.691147,1676.701294,1.0,0.0,0.0,,,,
29185,0.0,540.194214,250.686432,1676.701294,1.0,0.0,0.0,,,,
29186,0.0,542.947632,250.683853,1676.701294,1.0,0.0,0.0,,,,
29187,0.0,546.435791,250.680786,1676.701294,1.0,0.0,0.0,,,,
29188,0.0,550.3703,250.677628,1676.701294,1.0,0.0,0.0,,,,
29189,0.0,553.130615,250.675568,1676.701294,1.0,0.0,0.0,,,,
29190,0.0,557.092529,250.672882,1676.701294,1.0,0.0,0.0,,,,
29191,0.0,560.566956,250.6707,1676.701294,1.0,0.0,0.0,,,,
29192,0.0,564.206177,250.668625,1676.701294,1.0,0.0,0.0,,,,
29193,0.0,567.708069,250.666794,1676.701294,1.0,0.0,0.0,,,,
29194,0.0,571.209961,250.665085,1676.701294,1.0,0.0,0.0,,,,
29195,0.0,574.498962,250.663635,1676.701294,1.0,0.0,0.0,,,,
29196,0.0,578.845459,250.66188,1676.701294,1.0,0.0,0.0,,,,
29197,0.0,582.402283,250.660553,1676.701294,1.0,0.0,0.0,,,,
29198,0.0,585.972839,250.659332,1676.701294,1.0,0.0,0.0,,,,
29199,0.0,589.406067,250.658279,1676.701294,1.0,0.0,0.0,,,,
29200,0.0,592.928589,250.657272,1676.701294,1.0,0.0,0.0,,,,
29201,0.0,596.52655,250.656326,1676.701294,1.0,0.0,0.0,,,,
29202,0.0,599.273132,250.655655,1676.701294,1.0,0.0,0.0,,,,
29203,0.0,602.905457,250.654846,1676.701294,1.0,0.0,0.0,,,,
29204,0.0,606.71637,250.654053,1676.701294,1.0,0.0,0.0,,,,
29205,0.0,613.225769,250.652893,1676.701294,1.0,0.0,0.0,,,,
29206,0.0,615.4333495,250.6525345,1676.701294,1.0,0.0,0.0,,,,
29207,0.0,617.64093,250.652176,1676.701294,1.0,0.0,0.0,,,,
29208,0.0,620.524841,250.651749,1676.701294,1.0,0.0,0.0,,,,
29604,0.0,-592.731201,-261.716064,1676.574341,1.0,0.0,0.0,,,,
29605,0.0,-592.411743,-261.26535,1676.619385,1.0,0.0,0.0,,,,
29606,0.0,-592.529297,-261.161438,1676.660522,1.0,0.0,0.0,,,,
29607,0.0,-591.730408,-263.041595,1677.675293,1.0,0.0,0.0,,,,
29608,0.0,-591.210266,-261.303436,1677.746582,0.9065352193,0.4216737857,0.0196243393,,,,
29609,0.0,-594.862671,-257.708771,1677.734741,0.3814574573,0.9227336813,0.0552518026,,,,
29610,0.0,-595.08606,-256.555695,1677.495483,0.2866566145,0.9561897416,0.0594067621,,,,
29611,0.0,-590.846252,-258.097656,1677.185669,0.9855813526,0.1690497399,0.0071821252,,,,
29612,0.0,-590.276428,-258.247528,1676.697388,1.0,0.0,0.0,,,,
29613,0.0,-588.886169,-257.572083,1676.640137,1.0,0.0,0.0,,,,
29614,0.0,-587.772278,-257.743896,1676.605835,1.0,0.0,0.0,,,,
29615,0.0,-586.475769,-257.927734,1676.609253,1.0,0.0,0.0,,,,
29616,0.0,-585.130981,-257.49762,1676.434326,1.0,0.0,0.0,,,,
29617,0.0,-583.008484,-257.052521,1676.203979,1.0,0.0,0.0,,,,
29618,0.0,-580.829468,-256.900696,1675.868286,1.0,0.0,0.0,,,,
29619,0.0,-579.031006,-256.713684,1675.640015,1.0,0.0,0.0,,,,
29620,0.0,-576.313293,-256.422363,1675.607666,1.0,0.0,0.0,,,,
29621,0.0,-574.209839,-256.160583,1675.705688,1.0,0.0,0.0,,,,
29622,0.0,-569.353699,-255.672913,1675.953491,1.0,0.0,0.0,,,,
29623,0.0,-567.7967835,-255.489365,1676.0805055,1.0,0.0,0.0,,,,
29624,0.0,-566.239868,-255.305817,1676.20752,1.0,0.0,0.0,,,,
29625,0.0,-560.861084,-254.704956,1676.636719,0.9999841792,0.0056250618,0.0,,,,
29626,0.0,-559.340729,-254.590042,1676.753357,0.9999500487,0.009281018,0.0004447273,,,,
29627,0.0,-555.469971,-254.264893,1676.930054,0.999839448,0.0178929901,0.0009587441,,,,
29628,0.0,-553.131409,-253.994537,1676.964478,0.9997654701,0.0215998672,0.0015654375,,,,
29629,0.0,-551.235901,-253.8532635,1677.00293,0.9996925846,0.0245547532,0.0017414537,,,,
29630,0.0,-546.799072,-253.540268,1677.276245,0.9995204307,0.0309068261,0.0019174699,,,,
29631,0.0,-544.050659,-253.362274,1677.545166,0.9994757971,0.0323180193,0.0019174699,,,,
29632,0.0,-540.12323,-253.054749,1677.884155,0.9996576904,0.0260926297,0.0019174699,,,,
29633,0.0,-537.506592,-252.924744,1678.068481,0.9999966436,0.0023181252,0.0011572228,,,,
29634,0.0,-534.655029,-252.754608,1678.250854,0.9981647573,-0.0605491386,0.0009587441,,,,
29635,0.0,-530.644226,-253.207474,1678.333862,0.9744706132,-0.2245071673,0.0018856875,,,,
29636,0.0,-528.422241,-254.363266,1678.364136,0.9262087342,-0.3769665751,0.0057950017,,,,
29637,0.0,-526.37677,-255.428665,1678.27771,0.8492661455,-0.5277686053,0.0143983815,,,,
29638,0.0,-523.193909,-257.572235,1678.449341,0.6914264204,-0.7216506873,0.0339085622,,,,
29639,0.0,-520.143616,-260.627899,1677.590698,0.4823210145,-0.8739504102,0.0598090247,,,,
29640,0.0,-518.083069,-263.578552,1676.879883,0.266982366,-0.9595118522,0.0897631424,,,,
29641,0.0,-517.030518,-265.759399,1676.512329,0.1075912834,-0.9876036535,0.1142940913,,,,
29642,0.0,-515.428711,-268.176056,1676.247559,-0.0610946849,-0.9878172036,0.1431244623,,,,
29643,0.0,-514.538391,-269.78183,1676.157593,-0.1607234965,-0.9730766922,0.1651959709,,,,
29644,0.0,-512.983948,-271.818481,1676.046265,-0.2423165904,-0.9517241269,0.18842467,,,,
29645,0.0,-511.865234,-273.231232,1676.109009,-0.2638947816,-0.9426111567,0.204557453,,,,
29646,0.0,-510.085205,-275.224884,1676.223267,-0.2580282411,-0.9405654792,0.2208121511,,,,
29647,0.0,-508.507965,-277.423431,1676.461304,-0.2539210771,-0.9410271153,0.2235890314,,,,
29648,0.0,-507.231049,-279.699921,1676.836182,-0.2539210771,-0.9410271153,0.2235890314,,,,
29649,0.0,-506.490479,-281.267517,1677.236084,-0.2539210771,-0.9410271153,0.2235890314,,,,
29650,0.0,-505.48233,-284.139465,1677.800781,-0.2539210771,-0.9410271153,0.2235890314,,,,
29651,0.0,-504.900726,-286.313354,1678.201416,-0.2539210771,-0.9410271153,0.2235890314,,,,
29652,0.0,-504.370605,-289.274445,1678.759399,-0.2539210771,-0.9410271153,0.2235890314,,,,
29653,0.0,-504.318237,-291.355255,1679.042725,-0.2539210771,-0.9410271153,0.2235890314,,,,
29654,0.0,-504.2453,-294.416229,1679.11499,-0.2539210771,-0.9410271153,0.2235890314,,,,
29655,0.0,-504.237488,-297.836517,1679.122681,-0.2539210771,-0.9410271153,0.2235890314,,,,
29656,0.0,-504.318146,-300.087677,1679.089111,-0.2539210771,-0.9410271153,0.2235890314,,,,
29657,0.0,-504.56308,-303.590912,1679.022217,-0.2539210771,-0.9410271153,0.2235890314,,,,
29658,0.0,-504.819855,-306.815613,1678.908325,-0.2539210771,-0.9410271153,0.2235890314,,,,
29659,0.0,-505.155548,-310.079102,1678.819702,-0.2539210771,-0.9410271153,0.2235890314,,,,
29660,0.0,-505.5177,-312.904205,1678.592163,-0.2539210771,-0.9410271153,0.2235890314,,,,
29661,0.0,-505.90271,-315.656952,1678.487549,-0.2539210771,-0.9410271153,0.2235890314,,,,
29662,0.0,-506.710297,-321.422943,1677.757324,-0.275665963,-0.9380711858,0.209835,,,,
29663,0.0,-507.0358125,-323.2355955,1677.53186,-0.2990545839,-0.9324458569,0.2011387145,,,,
29664,0.0,-507.361328,-325.048248,1677.306396,-0.3224432048,-0.926820528,0.1924424291,,,,
29665,0.0,-508.157623,-328.491608,1676.930664,-0.3960831624,-0.9012799787,0.1755349777,,,,
29666,0.0,-509.405762,-331.783539,1676.645386,-0.4863784061,-0.8586056681,0.1619640478,,,,
29667,0.0,-511.146454,-334.843384,1676.483643,-0.5703910904,-0.8062707969,0.1567845846,,,,
29668,0.0,-512.706421,-337.261658,1676.403198,-0.6364944594,-0.7560353717,0.1525952815,,,,
29669,0.0,-515.967224,-342.594543,1676.061035,-0.7467035184,-0.6496642081,0.142724463,,,,
29670,0.0,-517.364746,-344.890656,1676.405518,-0.7788668756,-0.611701844,0.1385180282,,,,
29671,0.0,-519.525574,-348.148895,1677.250854,-0.8198140019,-0.5574507737,0.1309718949,,,,
29672,0.0,-521.399841,-351.011841,1678.053345,-0.8411300976,-0.5258421992,0.1264521267,,,,
29673,0.0,-522.772888,-353.070679,1678.678223,-0.8506078803,-0.511097707,0.123472134,,,,
29674,0.0,-524.92804,-356.150635,1679.842773,-0.8616682146,-0.4928929114,0.1207661617,,,,
29675,0.0,-526.473328,-358.377502,1680.754761,-0.8646020996,-0.4879441039,0.1198906201,,,,
29676,0.0,-528.731873,-361.369904,1681.931396,-0.8658289265,-0.4860273464,0.1188178801,,,,
29677,0.0,-531.035156,-364.146759,1682.867676,-0.8658994483,-0.4859307793,0.1186988765,,,,
29678,0.0,-532.758362,-366.119843,1683.439819,-0.8658994483,-0.4859307793,0.1186988765,,,,
29679,0.0,-535.319336,-368.95871,1684.313599,-0.8658994483,-0.4859307793,0.1186988765,,,,
29680,0.0,-537.758301,-371.445435,1684.602539,-0.8658994483,-0.4859307793,0.1186988765,,,,
29681,0.0,-539.654724,-373.194489,1684.654419,-0.8652617388,-0.4870653919,0.1186988938,,,,
29682,0.0,-542.376221,-375.870789,1684.654907,-0.8631580852,-0.4909684073,0.1179327902,,,,
29683,0.0,-545.314575,-378.606201,1684.58374,-0.8585046408,-0.4991046621,0.1177468385,,,,
29684,0.0,-547.133545,-380.419403,1684.601074,-0.8517987246,-0.5106237435,0.117056932,,,,
29685,0.0,-549.869629,-383.30014,1684.706177,-0.8351168597,-0.5380768616,0.1142502584,,,,
29686,0.0,-552.475159,-386.131744,1684.467407,-0.8070308385,-0.5805037696,0.108243241,,,,
29687,0.0,-554.231323,-388.265259,1685.426514,-0.7728877422,-0.6265864631,0.1001695674,,,,
29688,0.0,-556.475342,-391.464722,1687.036499,-0.7103384836,-0.6986436625,0.085535206,,,,
29689,0.0,-557.966003,-393.962952,1688.377197,-0.6559988368,-0.7511676791,0.0735706731,,,,
29690,0.0,-559.632935,-397.404144,1690.345337,-0.5558394152,-0.8295423476,0.0538705676,,,,
29691,0.0,-561.122559,-401.265839,1692.517334,-0.4436429608,-0.8956363522,0.0318817794,,,,
29692,0.0,-561.872253,-403.828461,1693.982056,-0.3687001924,-0.9293773225,0.0178314504,,,,
29693,0.0,-562.661682,-406.821198,1695.959595,-0.2906852179,-0.9568162476,0.0021845745,,,,
29694,0.0,-563.101074,-409.991058,1698.488281,-0.2135034739,-0.9767634086,-0.0186951919,,,,
29695,0.0,-563.832153,-413.685181,1701.322632,-0.1378649577,-0.9892542562,-0.0486751481,,,,
29696,0.0,-564.49054,-417.250946,1703.977539,-0.0849232423,-0.9929603027,-0.0825704555,,,,
29697,0.0,-565.39032,-419.390656,1706.095581,-0.064328262,-0.9928333823,-0.1007161837,,,,
29698,0.0,-566.593201,-422.810822,1708.750488,-0.0454656949,-0.9914616155,-0.1222159385,,,,
29699,0.0,-567.691101,-426.232635,1711.371948,-0.03840212,-0.9902046919,-0.1342383902,,,,
29700,0.0,-568.313416,-428.277435,1712.965454,-0.0381793229,-0.9898787408,-0.1366836414,,,,
29701,0.0,-569.715637,-433.236816,1716.721191,-0.0394529794,-0.9895606449,-0.1386116607,,,,
29702,0.0,-570.343994,-436.060577,1718.703369,-0.0394877268,-0.9895518391,-0.1386646212,,,,
29703,0.0,-571.161499,-439.6138,1721.307007,-0.0394877268,-0.9895518391,-0.1386646212,,,,
29704,0.0,-571.830811,-443.510406,1724.003418,-0.0394877268,-0.9895518391,-0.1386646212,,,,
29705,0.0,-572.274902,-445.990784,1725.726074,-0.0394877268,-0.9895518391,-0.1386646212,,,,
29706,0.0,-572.819336,-449.974457,1728.196167,-0.0394877268,-0.9895518391,-0.1386646212,,,,
29707,0.0,-573.258789,-453.635742,1730.512695,-0.0394877268,-0.9895518391,-0.1386646212,,,,
29708,0.0,-573.951965,-460.056854,1734.466675,-0.0394877268,-0.9895518391,-0.1386646212,,,,
29709,0.0,-574.168945,-461.97641,1735.617981,-0.0394877268,-0.9895518391,-0.1386646212,,,,
29710,0.0,-574.385925,-463.895966,1736.769287,-0.0394877268,-0.9895518391,-0.1386646212,,,,
29711,0.0,-574.971924,-470.318207,1740.946411,-0.0394877268,-0.9895518391,-0.1386646212,,,,
29712,0.0,-575.233459,-474.170746,1743.378784,-0.0394877268,-0.9895518391,-0.1386646212,,,,
29713,0.0,-575.476379,-476.843353,1745.272339,-0.0394877268,-0.9895518391,-0.1386646212,,,,
29714,0.0,-575.810852,-481.222137,1748.46167,-0.0394877268,-0.9895518391,-0.1386646212,,,,
29715,0.0,-575.940735,-483.737,1750.316528,-0.0394768043,-0.9892846261,-0.1405614114,,,,
29716,0.0,-576.076172,-487.603119,1753.303589,-0.0394542926,-0.9887070566,-0.1445742546,,,,
29717,0.0,-576.168579,-491.249115,1756.271729,-0.0386039771,-0.9880200005,-0.1494195821,,,,
29718,0.0,-576.21344,-493.976746,1758.513062,-0.0365860961,-0.9875130302,-0.15323013,,,,
29719,0.0,-576.25238,-497.892365,1761.744141,-0.0326291271,-0.9870424922,-0.15710652,,,,
29720,0.0,-576.243591,-501.925842,1765.05249,-0.0282255945,-0.986793017,-0.1595081732,,,,
29721,0.0,-576.133301,-504.539124,1767.255493,-0.0253724765,-0.9868531621,-0.1596153935,,,,
29722,0.0,-575.990417,-508.231781,1770.263306,-0.0213655317,-0.9869480461,-0.1596153763,,,,
29723,0.0,-575.879883,-512.062988,1773.139404,-0.0172114444,-0.9870292312,-0.1596153591,,,,
29724,0.0,-575.733948,-516.030273,1776.077148,-0.010085625,-0.9872791827,-0.1586760709,,,,
29725,0.0,-575.632874,-518.914673,1778.065063,-0.0023250346,-0.9878198858,-0.1555842776,,,,
29726,0.0,-575.470642,-521.862976,1780.023682,0.0098790623,-0.9883697919,-0.1517483395,,,,
29727,0.0,-575.285522,-526.265198,1782.969116,0.0335778805,-0.9889973922,-0.144071802,,,,
29728,0.0,-575.198486,-528.961121,1784.76355,0.0539229397,-0.98891395,-0.1383528678,,,,
29729,0.0,-575.021729,-532.971985,1787.153442,0.0907083642,-0.9874980988,-0.12891663,,,,
29730,0.0,-574.987488,-536.983276,1789.327637,0.1311936494,-0.9841865979,-0.1190166662,,,,
29731,0.0,-575.064453,-539.881897,1790.939453,0.1758365798,-0.9785619981,-0.1072283224,,,,
29732,0.0,-575.248291,-543.825073,1793.118042,0.2438057582,-0.9656579995,-0.0897963262,,,,
29733,0.0,-575.488708,-546.572144,1794.910767,0.2897691805,-0.9539074575,-0.0780665398,,,,
29734,0.0,-575.927551,-550.601624,1797.612183,0.3888094098,-0.9195971425,-0.056287995,,,,
29735,0.0,-576.00354,-553.017273,1799.219116,0.4522114407,-0.8908182855,-0.0441315667,,,,
29736,0.0,-575.642822,-556.044678,1801.621216,0.5727062326,-0.8194850027,-0.021257975,,,,
29737,0.0,-575.19751,-558.869568,1804.139893,0.691353604,-0.7224956699,0.0054955604,,,,
29738,0.0,-574.712219,-560.826904,1806.024658,0.7889029746,-0.6135717639,0.0340850002,,,,
29739,0.0,-574.647339,-562.905212,1808.106323,0.8601123661,-0.5063685679,0.0616245983,,,,
29740,0.0,-575.299683,-566.104431,1811.430054,0.9405557416,-0.3217998509,0.1086266671,,,,
29741,0.0,-576.110779,-568.436157,1813.883667,0.9758286774,-0.1580050317,0.1509728528,,,,
29742,0.0,-576.892822,-570.671143,1816.251831,0.9825405889,-0.0090978327,0.1858257805,,,,
29743,0.0,-578.494934,-576.006409,1821.532471,0.9020214292,0.3383978893,0.2680377021,,,,
29744,0.0,-578.539154,-578.204529,1823.001099,0.8518973702,0.423320502,0.2912197528,,,,
29745,0.0,-578.372864,-582.521606,1826.129761,0.7498554569,0.57100887,0.3341641276,,,,
29746,0.0,-578.3441165,-584.104919,1826.913269,0.70498434,0.6136115838,0.3498615268,,,,
29747,0.0,-578.303406,-587.098145,1828.669189,0.6484018238,0.6656026488,0.3695242736,,,,
29748,0.0,-578.4040835,-587.859772,1829.145874,0.6476403875,0.6661912534,0.3697974333,,,,
29749,0.0,-578.504761,-588.621399,1829.622559,0.6468789511,0.6667798579,0.370070593,,,,
29750,0.0,-579.778259,-589.924133,1830.682129,0.6468789511,0.6667798579,0.370070593,,,,
29751,0.0,-581.188843,-589.969238,1831.438354,0.6468789511,0.6667798579,0.370070593,,,,
29752,0.0,-582.122925,-589.9754025,1831.9280395,0.6468789511,0.6667798579,0.370070593,,,,
29753,0.0,-584.928162,-590.068176,1833.292114,0.6468789511,0.6667798579,0.370070593,,,,
29754,0.0,-586.16272,-590.851685,1833.694336,0.6468789511,0.6667798579,0.370070593,,,,
29755,0.0,-586.977661,-591.200806,1833.800781,0.6468789511,0.6667798579,0.370070593,,,,
29756,0.0,-587.867737,-591.285645,1833.644409,0.6468789511,0.6667798579,0.370070593,,,,
29757,0.0,-589.435364,-590.877563,1833.247192,0.6468789511,0.6667798579,0.370070593,,,,
29758,0.0,-590.782837,-590.784851,1833.00061,0.6468789511,0.6667798579,0.370070593,,,,
29759,0.0,-592.918335,-590.142395,1832.427368,0.6468789511,0.6667798579,0.370070593,,,,
29760,0.0,-594.53241,-589.643433,1831.975098,0.6532192897,0.6612408942,0.3688699492,,,,
29761,0.0,-596.660706,-588.784851,1831.267456,0.6881380689,0.6332634105,0.3541799698,,,,
29762,0.0,-598.539001,-587.368591,1830.433105,0.7086926358,0.6193255363,0.3379210382,,,,
29763,0.0,-599.362854,-586.440369,1829.688721,0.6954794141,0.6346759717,0.3368898863,,,,
29764,0.0,-598.509155,-584.571106,1828.024658,0.6383520082,0.6874314317,0.3463303918,0.1392001916,742.2075187695,1458.3293176712,7.0
29765,0.0,-598.401245,-582.24408,1826.531128,0.5420435452,0.7606812341,0.3571454259,0.1065022085,653.9386733203,1456.2143742271,7.0
29766,0.0,-599.110413,-579.127502,1824.72229,0.4313874723,0.823775613,0.367829564,0.0884573229,597.7501412154,1453.6531455379,7.0
29767,0.0,-600.062866,-577.017456,1823.375,0.324739669,0.8676711913,0.3764184521,0.0871640745,592.2669703378,1450.4738119207,7.0
29768,0.0,-602.02887,-573.013123,1821.763794,0.1058867137,0.9149196814,0.389499654,0.1254491102,700.5009518372,1444.5291816319,7.0
29769,0.0,-603.403137,-570.554688,1820.575195,-0.0301209936,0.9170763193,0.3975723209,,,,
29770,0.0,-604.99469,-567.947815,1820.027466,-0.1876197208,0.8936905337,0.4075733926,,,,
29771,0.0,-606.064514,-565.693176,1819.072388,-0.3007269458,0.8578058703,0.4168121794,,,,
29772,0.0,-606.620605,-563.53833,1818.033447,-0.3438247755,0.8395401187,0.4206624692,,,,
29773,0.0,-606.393066,-560.710632,1815.960571,-0.3498881319,0.8367519481,0.4212178445,,,,
29774,0.0,-606.037354,-558.320251,1814.154053,-0.3498881319,0.8367519481,0.4212178445,,,,
29775,0.0,-605.582764,-555.899048,1812.187256,-0.3498881319,0.8367519481,0.4212178445,,,,
29776,0.0,-605.054688,-553.448914,1810.209961,-0.3498881319,0.8367519481,0.4212178445,,,,
29777,0.0,-604.429565,-550.833496,1808.141724,-0.3498881319,0.8367519481,0.4212178445,,,,
29778,0.0,-603.737122,-548.195923,1806.281494,-0.3498881319,0.8367519481,0.4212178445,,,,
29779,0.0,-603.040039,-545.551514,1804.450562,-0.3498881319,0.8367519481,0.4212178445,,,,
29780,0.0,-602.294312,-542.882507,1802.617188,-0.3498881319,0.8367519481,0.4212178445,,,,
29781,0.0,-601.236511,-539.366028,1800.332764,-0.3498881319,0.8367519481,0.4212178445,,,,
29782,0.0,-600.415649,-536.709473,1798.635742,-0.3498881319,0.8367519481,0.4212178445,,,,
29783,0.0,-599.487061,-533.862793,1796.799072,-0.3498881319,0.8367519481,0.4212178445,,,,
29784,0.0,-598.478027,-531.006348,1795.080322,-0.3498881319,0.8367519481,0.4212178445,,,,
29785,0.0,-597.4198,-527.926941,1793.047607,-0.3498881319,0.8367519481,0.4212178445,,,,
29786,0.0,-595.22229,-521.851501,1789.043823,-0.3457976755,0.8387771513,0.4205673049,,,,
29787,0.0,-594.034302,-518.843262,1786.90625,-0.3411914098,0.8429003338,0.4160618333,,,,
29788,0.0,-593.2834475,-516.810028,1785.3808595,-0.3506400398,0.8408919409,0.4121206903,,,,
29789,0.0,-592.532593,-514.776794,1783.855469,-0.3600886697,0.838883548,0.4081795473,,,,
29790,0.0,-591.537537,-511.658997,1781.545532,-0.399157119,0.8227326719,0.404703033,,,,
29791,0.0,-590.996216,-508.875214,1779.05249,-0.4603517623,0.7909580596,0.4030652588,,,,
29792,0.0,-590.7229,-503.70993,1773.640015,-0.6046927355,0.6860197948,0.4046276519,,,,
29793,0.0,-590.672363,-502.2706145,1771.9679565,-0.6500770461,0.6419216479,0.4016505782,,,,
29794,0.0,-590.430542,-498.382385,1767.855713,-0.7535357942,0.5289391514,0.3903936232,,,,
29795,0.0,-589.835022,-495.914124,1765.72522,-0.7967605894,0.4696757583,0.380233146,,,,
29796,0.0,-589.368103,-492.788452,1763.069214,-0.8376796358,0.4041625408,0.3673492457,,,,
29797,0.0,-589.1651,-490.110779,1760.912476,-0.8648016663,0.3557744293,0.354319959,,,,
29798,0.0,-589.048279,-487.486237,1758.789551,-0.8832511649,0.3223943417,0.3404838736,,,,
29799,0.0,-588.755798,-483.926117,1756.247681,-0.8953686019,0.3023337441,0.3269699894,,,,
29800,0.0,-588.432068,-480.989471,1754.243652,-0.8991445035,0.2983530042,0.3201947013,,,,
29801,0.0,-587.971924,-477.797821,1752.230713,-0.9023511942,0.2947163725,0.3144909889,,,,
29802,0.0,-587.41394,-473.639496,1749.693848,-0.9063372189,0.2874368172,0.3097304017,,,,
29803,0.0,-586.891724,-470.202698,1747.563477,-0.909599609,0.2799559818,0.3070068396,,,,
29804,0.0,-586.357483,-466.781067,1745.515015,-0.9109598741,0.2774693471,0.3052259315,,,,
29805,0.0,-585.806335,-463.445923,1743.363037,-0.911579069,0.2783335205,0.302579002,,,,
29806,0.0,-585.247314,-460.153473,1741.234863,-0.9127927405,0.278805076,0.2984579409,,,,
29807,0.0,-584.631775,-456.743744,1738.842041,-0.9137052276,0.2790837877,0.2953895674,,,,
29808,0.0,-584.012756,-453.425842,1736.473389,-0.9149542605,0.2778626282,0.2926620254,,,,
29809,0.0,-583.406006,-450.257416,1734.099365,-0.9162408004,0.2764028983,0.2900072989,,,,
29810,0.0,-582.833252,-447.090881,1731.599487,-0.9171291602,0.2755358277,0.2880175534,,,,
29811,0.0,-582.19458,-444.001923,1729.197754,-0.9180771798,0.2749063011,0.2855885458,,,,
29812,0.0,-581.378174,-440.079193,1726.015259,-0.9191056569,0.2749630304,0.2822058175,,,,
29813,0.0,-580.728149,-436.963776,1723.464355,-0.919594777,0.2768811973,0.2787153543,,,,
29814,0.0,-579.958069,-433.673828,1720.877686,-0.9205742107,0.2782312813,0.2740993919,,,,
29815,0.0,-579.177979,-430.689636,1718.415894,-0.9209856039,0.2827113913,0.2680667577,,,,
29816,0.0,-578.193359,-427.311401,1715.814453,-0.9198433983,0.2957680889,0.257700136,,,,
29817,0.0,-577.417908,-424.86618,1713.999878,-0.9140817709,0.3213025227,0.2474251504,,,,
29818,0.0,-576.409851,-421.066132,1711.422119,-0.8975118014,0.3784898259,0.226313981,,,,
29819,0.0,-575.246155,-416.91037,1708.623779,-0.8676637697,0.453763559,0.2031211838,,,,
29820,0.0,-573.828247,-413.039581,1706.194458,-0.830045661,0.5261757672,0.184833067,,,,
29821,0.0,-573.295776,-409.410034,1703.491699,-0.7895387808,0.5898651624,0.1693741531,,,,
29822,0.0,-572.100281,-405.400635,1700.158447,-0.7403044232,0.654813509,0.1522124482,,,,
29823,0.0,-571.300903,-402.192871,1697.022461,-0.7106331147,0.6893069024,0.1409133446,,,,
29824,0.0,-570.563965,-399.548004,1694.390991,-0.6858894619,0.7156740296,0.1317813697,,,,
29825,0.0,-568.834961,-394.690338,1689.592773,-0.6545175844,0.7465608365,0.1193886473,,,,
29826,0.0,-567.752075,-390.909973,1684.731201,-0.6510643517,0.7499636764,0.116917467,,,,
29827,0.0,-566.784973,-387.906525,1681.186279,-0.6502419464,0.7506959457,0.116794727,,,,
29828,0.0,-565.057617,-385.207184,1677.009888,-0.6502153487,0.7507189834,0.116794727,,,,
29829,0.0,-563.680725,-383.247742,1673.776733,-0.6502153487,0.7507189834,0.116794727,,,,
29830,0.0,-561.907837,-380.735565,1670.418945,-0.6502838136,0.7507980309,0.1159020217,,,,
29831,0.0,-560.844727,-379.106598,1669.444824,-0.6496796414,0.7514674682,0.1149478478,,,,
29832,0.0,-559.570374,-376.891235,1667.953125,-0.6492822576,0.7525530884,0.1099836315,,,,
29833,0.0,-559.1145935,-376.227478,1667.6082765,-0.649458323,0.7527567592,0.1074936073,,,,
29834,0.0,-558.062012,-374.740021,1666.754272,-0.6499139667,0.7532848746,0.1008649273,,,,
29835,0.0,-557.526123,-374.049637,1666.4317625,-0.649800598,0.7537955432,0.0976782114,,,,
29836,0.0,-556.572266,-372.666168,1665.85083,-0.649714209,0.754515098,0.0926197252,,,,
29837,0.0,-556.25531,-371.917511,1665.70874,-0.6497959922,0.7546100731,0.0912622924,,,,
29838,0.0,-555.826355,-371.214691,1665.490356,-0.6503668031,0.7541438647,0.0910497273,,,,
29839,0.0,-555.926819,-370.904572,1665.337402,-0.6505320806,0.7540013014,0.0910497099,,,,
29840,0.0,-555.556519,-370.309937,1665.672119,-0.6511515418,0.7534664005,0.0910497273,,,,
29841,0.0,-555.346313,-369.961487,1666.073853,-0.6513639393,0.7535036579,0.0892034531,,,,
29842,0.0,-555.139343,-369.601074,1666.800049,-0.6521337118,0.7532901098,0.0852973175,,,,
29843,0.0,-554.073486,-370.434448,1667.983032,-0.6546343505,0.7516698697,0.0802886929,,,,
29844,0.0,-553.915955,-371.102112,1668.589844,-0.6579695323,0.7493810938,0.0741894246,,,,
29845,0.0,-554.002625,-371.126373,1668.589722,-0.6622723593,0.7464282925,0.0651162514,,,,
29846,0.0,-554.06897,-371.198303,1668.590698,-0.6628050791,0.7462541076,0.0615973532,,,,
29847,0.0,-554.146179,-371.314178,1668.588257,-0.6629459314,0.7464130872,0.0580533829,,,,
29848,0.0,-554.181335,-371.432495,1668.574219,-0.6630000365,0.7464736107,0.0566400936,,,,
29849,0.0,-554.260742,-371.4737395,1668.555298,-0.6630186417,0.7464945584,0.0561418387,,,,
29850,0.0,-554.39093,-371.578705,1668.515991,-0.6630396672,0.746518231,0.0555781481,,,,
29851,0.0,-554.477234,-371.685333,1668.445801,-0.6630396672,0.746518231,0.0555781481,,,,
29852,0.0,-554.56311,-371.810974,1668.363403,-0.6630396672,0.746518231,0.0555781481,,,,
29853,0.0,-554.644836,-371.911774,1668.276489,-0.6630396672,0.746518231,0.0555781481,,,,
29854,0.0,-554.711731,-372.018951,1668.200317,-0.6630396672,0.746518231,0.0555781481,,,,
29855,0.0,-555.258667,-372.025757,1668.023193,-0.6624340735,0.7470556658,0.0555781481,,,,
29856,0.0,-555.413818,-372.112183,1667.995117,-0.6611383254,0.7481448786,0.0563502915,,,,
29857,0.0,-555.548584,-372.184845,1667.994995,-0.6597610316,0.7492398559,0.0579225293,,,,
29858,0.0,-555.669128,-372.331055,1668.029663,-0.6579945429,0.750615864,0.0601581763,,,,
29859,0.0,-555.747742,-372.380371,1668.003052,-0.6571530656,0.751266918,0.0612198193,,,,
29860,0.0,-555.800171,-372.622589,1668.158813,-0.6563135612,0.7519135615,0.062277648,,,,
29861,0.0,-556.714539,-372.664307,1668.047485,-0.6563135612,0.7519135615,0.062277648,,,,
29862,0.0,-556.903442,-372.817749,1668.114136,-0.6563135612,0.7519135615,0.062277648,,,,
29863,0.0,-557.055603,-372.994293,1668.215332,-0.6563135612,0.7519135615,0.062277648,,,,
29864,0.0,-557.205017,-373.25,1668.404297,-0.6563135612,0.7519135615,0.062277648,,,,
29865,0.0,-557.375366,-373.530518,1668.59668,-0.6562767204,0.7518713545,0.0631690789,,,,
29866,0.0,-557.555481,-373.769836,1668.744629,-0.6562388032,0.7518279141,0.0640735574,,,,
29867,0.0,-558.380615,-373.89093,1668.753052,-0.6561368301,0.7517110874,0.0664447224,,,,
29868,0.0,-558.57196,-374.087982,1668.887939,-0.655479995,0.7519358201,0.0702744523,,,,
29869,0.0,-558.765808,-374.307587,1669.052612,-0.6541080329,0.7526858274,0.0748780782,,,,
29870,0.0,-558.980652,-374.591461,1669.269775,-0.6533586422,0.7528883307,0.0792568371,,,,
29871,0.0,-559.414612,-375.175323,1669.719849,-0.651898337,0.7536053084,0.0843065678,,,,
29872,0.0,-559.587555,-375.414337,1669.9434205,-0.6517164324,0.7536531524,0.085273949,,,,
29873,0.0,-559.760498,-375.653351,1670.166992,-0.6515345279,0.7537009964,0.0862413303,,,,
29874,0.0,-560.321228,-376.194977,1670.555542,-0.6523807587,0.7525813866,0.0895578145,,,,
29875,0.0,-560.561035,-376.444397,1670.75354,-0.6548841577,0.7501974852,0.0911913094,,,,
29876,0.0,-560.800842,-376.693817,1670.951538,-0.6573875567,0.7478135837,0.0928248042,,,,
29877,0.0,-562.048401,-377.707275,1672.028564,-0.6970633923,0.7094986157,0.1035101029,,,,
29878,0.0,-563.012756,-378.406372,1673.174316,-0.7407413196,0.6625282428,0.1111693526,,,,
29879,0.0,-563.7163695,-378.886322,1674.274536,-0.7838855248,0.6052584689,0.1182947552,,,,
29880,0.0,-564.746216,-379.729279,1675.481323,-0.8524642367,0.5065428351,0.1293022866,,,,
29881,0.0,-566.383484,-381.440979,1678.72583,-0.9285470304,0.3434578311,0.1408443487,,,,
29882,0.0,-567.0097045,-382.750534,1679.9127805,-0.9559262222,0.2190287228,0.1481418236,,,,
29883,0.0,-567.853638,-384.98233,1681.84729,-0.9867862938,0.0046018791,0.1619618261,,,,
29884,0.0,-568.859314,-387.568909,1684.102173,-0.95402149,-0.2373939528,0.1829948297,,,,
29885,0.0,-569.35791,-389.309509,1685.641846,-0.9036039813,-0.3823089892,0.193234784,,,,
29886,0.0,-569.734619,-390.969757,1687.116943,-0.8416797124,-0.5017716336,0.1995005999,,,,
29887,0.0,-569.945007,-392.648834,1688.706787,-0.769216197,-0.6063078148,0.2017356586,,,,
29888,0.0,-569.768494,-394.668518,1690.227173,-0.6615731446,-0.7223943274,0.2011651312,,,,
29889,0.0,-569.637939,-395.703918,1690.136719,-0.6089445684,-0.7676974925,0.1995672134,,,,
29890,0.0,-569.672974,-396.366791,1690.092041,-0.5869268516,-0.7847457339,0.1992260124,,,,
29891,0.0,-570.217712,-397.496216,1690.372803,-0.5809618737,-0.789171919,0.199225961,,,,
29892,0.0,-570.725342,-398.340942,1690.384521,-0.5809618737,-0.789171919,0.199225961,,,,
29893,0.0,-571.368469,-399.356476,1690.689331,-0.5809618737,-0.789171919,0.199225961,,,,
29894,0.0,-572.473328,-401.052246,1691.664551,-0.5809618737,-0.789171919,0.199225961,,,,
29895,0.0,-573.409851,-402.459198,1692.687012,-0.5809618737,-0.789171919,0.199225961,,,,
29896,0.0,-574.251526,-403.718323,1693.669312,-0.5809618737,-0.789171919,0.199225961,,,,
29897,0.0,-575.18219,-405.095276,1694.777954,-0.5809618737,-0.789171919,0.199225961,,,,
29898,0.0,-576.157715,-406.516724,1695.98938,-0.5809618737,-0.789171919,0.199225961,,,,
29899,0.0,-577.316528,-408.190033,1697.40564,-0.5809618737,-0.789171919,0.199225961,,,,
29900,0.0,-578.614319,-410.047485,1698.909546,-0.5809618737,-0.789171919,0.199225961,,,,
29901,0.0,-579.965881,-411.96936,1700.377563,-0.5809618737,-0.789171919,0.199225961,,,,
29902,0.0,-581.411682,-413.825531,1701.77771,-0.5914375354,-0.7823360945,0.1953250546,,,,
29903,0.0,-582.86853,-415.589447,1703.119019,-0.6069125057,-0.7719803298,0.188953912,,,,
29904,0.0,-584.256165,-417.398926,1704.454956,-0.6131830106,-0.7680479284,0.1846861532,,,,
29905,0.0,-586.309937,-420.426666,1706.655884,-0.6015644227,-0.7791896036,0.1760221775,,,,
29906,0.0,-587.437561,-422.475037,1708.058105,-0.5734133518,-0.8033001959,0.1609531711,,,,
29907,0.0,-588.982239,-425.867767,1710.101685,-0.5002344586,-0.8560632219,0.1300816919,,,,
29908,0.0,-589.91333,-428.459961,1711.616821,-0.4264490246,-0.897801414,0.1099720435,,,,
29909,0.0,-591.037354,-432.226379,1713.676147,-0.3081919528,-0.9483024474,0.0757640316,,,,
29910,0.0,-591.696716,-434.853424,1715.225464,-0.2214009382,-0.9740193137,0.0476235344,,,,
29911,0.0,-593.121033,-440.922302,1719.116577,-0.0370724295,-0.9990794039,-0.0215865625,,,,
29912,0.0,-593.485535,-442.672363,1720.288147,0.0060936006,-0.998159836,-0.0385661837,,,,
29913,0.0,-593.850037,-444.422424,1721.459717,0.0492596307,-0.9972402681,-0.0555458049,,,,
29914,0.0,-594.611572,-447.745117,1723.779907,0.1036040203,-0.9916642869,-0.0766038447,,,,
29915,0.0,-595.332336,-450.895935,1726.068481,0.136175201,-0.9872065983,-0.0829424312,,,,
29916,0.0,-596.098694,-454.141479,1728.403076,0.1490507309,-0.9857465856,-0.0780227438,,,,
29917,0.0,-597.364136,-460.112061,1732.922241,0.1497347539,-0.985971393,-0.0737557846,,,,
29918,0.0,-597.851868,-463.180115,1735.254517,0.1497347539,-0.985971393,-0.0737557846,,,,
29919,0.0,-598.121979,-465.284607,1736.7833865,0.1497347539,-0.985971393,-0.0737557846,,,,
29920,0.0,-598.639832,-469.709686,1739.96814,0.1497347539,-0.985971393,-0.0737557846,,,,
29921,0.0,-598.979431,-473.957977,1742.930908,0.1497347539,-0.985971393,-0.0737557846,,,,
29922,0.0,-599.195251,-477.412811,1745.329468,0.1497347539,-0.985971393,-0.0737557846,,,,
29923,0.0,-599.142334,-481.026306,1747.839111,0.1497347539,-0.985971393,-0.0737557846,,,,
29924,0.0,-599.039429,-484.05658,1749.799805,0.1497347539,-0.985971393,-0.0737557846,,,,
29925,0.0,-598.863647,-487.612061,1752.069946,0.1497347539,-0.985971393,-0.0737557846,,,,
29926,0.0,-598.649414,-491.184967,1754.401733,0.1497347539,-0.985971393,-0.0737557846,,,,
29927,0.0,-598.40863,-494.37262,1756.499268,0.1497347539,-0.985971393,-0.0737557846,,,,
29928,0.0,-598.088379,-497.900604,1758.889404,0.1497347539,-0.985971393,-0.0737557846,,,,
29929,0.0,-597.749939,-501.418274,1761.331665,0.1497347539,-0.985971393,-0.0737557846,,,,
29930,0.0,-597.435364,-504.999054,1763.888306,0.1497347539,-0.985971393,-0.0737557846,,,,
29931,0.0,-597.157898,-508.037262,1766.055908,0.1497347539,-0.985971393,-0.0737557846,,,,
29932,0.0,-596.88208,-511.696014,1768.93335,0.151489217,-0.9856361468,-0.0746485309,,,,
29933,0.0,-596.577759,-515.25531,1771.731567,0.1589549416,-0.9843117093,-0.0765753576,,,,
29934,0.0,-596.282104,-518.748901,1774.504761,0.1694576879,-0.9823191597,-0.0795811563,,,,
29935,0.0,-596.041626,-521.771484,1776.928223,0.1802384183,-0.9801891511,-0.0821178457,,,,
29936,0.0,-595.775452,-525.291687,1779.703613,0.1900934365,-0.9780760068,-0.0850400517,,,,
29937,0.0,-595.456055,-528.871155,1782.477417,0.1953611358,-0.9767742505,-0.0880118751,,,,
29938,0.0,-595.10437,-532.431152,1785.225952,0.2028305185,-0.9750665357,-0.0900279494,,,,
29939,0.0,-594.723083,-535.701904,1787.699219,0.2065408748,-0.9744409866,-0.0883494803,,,,
29940,0.0,-594.299377,-538.880432,1790.105713,0.2108008327,-0.9736155289,-0.0873831261,,,,
29941,0.0,-593.792725,-542.496216,1792.78064,0.2132330698,-0.9731755212,-0.0863774448,,,,
29942,0.0,-593.221313,-546.226624,1795.464966,0.213435427,-0.9731402565,-0.086274907,,,,
29943,0.0,-592.680603,-549.393005,1797.53479,0.213435427,-0.9731402565,-0.086274907,,,,
29944,0.0,-592.013489,-552.951111,1799.775024,0.213435427,-0.9731402565,-0.086274907,,,,
29945,0.0,-591.332764,-556.508118,1801.970947,0.213435427,-0.9731402565,-0.086274907,,,,
29946,0.0,-590.726196,-559.605042,1803.891846,0.213435427,-0.9731402565,-0.086274907,,,,
29947,0.0,-590.048157,-563.300354,1806.12146,0.213435427,-0.9731402565,-0.086274907,,,,
29948,0.0,-589.422241,-566.598633,1808.226196,0.213435427,-0.9731402565,-0.086274907,,,,
29949,0.0,-588.775574,-570.051514,1810.439819,0.213435427,-0.9731402565,-0.086274907,,,,
29950,0.0,-588.102417,-573.543701,1812.771729,0.213435427,-0.9731402565,-0.086274907,,,,
29951,0.0,-587.439819,-576.752625,1815.064453,0.213435427,-0.9731402565,-0.086274907,,,,
29952,0.0,-586.749939,-579.943726,1817.37085,0.213435427,-0.9731402565,-0.086274907,,,,
29953,0.0,-585.948242,-583.437683,1820.01709,0.213435427,-0.9731402565,-0.086274907,,,,
29954,0.0,-585.225647,-586.548401,1822.345337,0.213435427,-0.9731402565,-0.086274907,,,,
29955,0.0,-584.29126,-590.277954,1825.433838,0.2171690289,-0.9723978021,-0.0853236628,,,,
29956,0.0,-582.63562,-596.421753,1830.660645,0.2339054326,-0.968942288,-0.0802439479,,,,
29957,0.0,-581.616699,-599.849915,1833.63147,0.2494313581,-0.9654483774,-0.0754548092,,,,
29958,0.0,-580.521973,-603.371582,1836.474243,0.2725131612,-0.9597532948,-0.0678983802,,,,
29959,0.0,-579.338501,-606.966064,1839.294189,0.3024699349,-0.9513984772,-0.057904025,,,,
29960,0.0,-578.383545,-609.909973,1841.490723,0.3295164382,-0.9428499401,-0.0495268351,,,,
29961,0.0,-577.015137,-613.719727,1844.314331,0.3645969701,-0.9304412882,-0.0367159167,,,,
29962,0.0,-575.732056,-617.068054,1846.621094,0.4062041778,-0.9135520505,-0.0205138242,,,,
29963,0.0,-574.619385,-619.960266,1848.527222,0.4358583039,-0.8999863354,-0.0072204516,,,,
29964,0.0,-573.126526,-623.585815,1850.793335,0.4837235765,-0.8750961263,0.0147740062,,,,
29965,0.0,-571.671631,-627.065002,1852.932373,0.5262849772,-0.8496264017,0.0340455612,,,,
29966,0.0,-570.421509,-630.037048,1854.777588,0.55871556,-0.8278202237,0.0505034669,,,,
29967,0.0,-568.938354,-633.352356,1856.081299,0.6000633469,-0.7968958685,0.0698638282,,,,
29968,0.0,-567.383911,-636.697998,1856.555664,0.6327563692,-0.7695505746,0.0860888516,,,,
29969,0.0,-565.912964,-639.521484,1856.918091,0.6608523273,-0.7438644621,0.099698864,,,,
29970,0.0,-563.976318,-642.836914,1857.511963,0.6890913824,-0.7156983868,0.1137052588,,,,
29971,0.0,-562.219971,-645.777222,1858.13208,0.7094106094,-0.6939570826,0.1231265803,,,,
29972,0.0,-560.172913,-649.049316,1858.667847,0.731797188,-0.668325183,0.1334703165,,,,
29973,0.0,-558.353088,-651.906616,1858.709595,0.7454394511,-0.6517099183,0.1399793099,,,,
29974,0.0,-556.397217,-654.974731,1858.846802,0.7565750945,-0.6376251539,0.1450113424,,,,
29975,0.0,-554.380249,-657.97406,1859.106689,0.7682410675,-0.622146271,0.1507968156,,,,
29976,0.0,-552.381409,-660.827148,1859.278809,0.7779493647,-0.608294275,0.1573939674,,,,
29977,0.0,-550.22583,-663.729065,1859.543335,0.7905571252,-0.5899632421,0.1642035465,,,,
29978,0.0,-548.10022,-666.536438,1859.75647,0.7994352159,-0.57650806,0.1689431628,,,,
29979,0.0,-546.210327,-669.002991,1859.95459,0.8071796257,-0.5638778296,0.1746506372,,,,
29980,0.0,-543.718079,-671.975037,1860.167603,0.8186300236,-0.5450685269,0.1809563082,,,,
29981,0.0,-541.209045,-674.745605,1860.308838,0.8285906228,-0.5277452747,0.1868756403,,,,
29982,0.0,-539.101624,-676.993042,1860.373291,0.8346088887,-0.5169734723,0.19017474,,,,
29983,0.0,-536.538574,-679.579956,1860.439697,0.8429058832,-0.5012177347,0.1956794689,,,,
29984,0.0,-533.807922,-682.101013,1860.421143,0.8514714397,-0.4844554156,0.2007469496,,,,
29985,0.0,-531.424194,-684.17688,1860.385742,0.8577502754,-0.4714463318,0.2049458982,,,,
29986,0.0,-528.469421,-686.644897,1860.180542,0.8632302058,-0.4594234301,0.2091978098,,,,
29987,0.0,-525.412292,-689.04364,1859.914795,0.8681424401,-0.4481507106,0.2132830143,,,,
29988,0.0,-522.672729,-691.100952,1859.536499,0.8723269525,-0.4381907177,0.2168745788,,,,
29989,0.0,-519.910156,-693.103638,1859.206177,0.87656757,-0.4282511429,0.2196138744,,,,
29990,0.0,-516.976013,-695.181274,1858.843994,0.8802141392,-0.4191911079,0.2224901889,,,,
29991,0.0,-514.332397,-697.010803,1858.573608,0.8823059862,-0.4133854027,0.2250525617,,,,
29992,0.0,-511.419861,-698.98468,1858.295654,0.8841480937,-0.4087635826,0.2262619762,,,,
29993,0.0,-508.148712,-701.148438,1858.023315,0.8853459851,-0.4055786097,0.2273070128,,,,
29994,0.0,-502.747742,-704.597107,1858.002319,0.8864202772,-0.4022450583,0.2290371266,,,,
29995,0.0,-499.725677,-706.474426,1858.100708,0.8865150012,-0.4019479241,0.2291921004,,,,
29996,0.0,-496.551605,-708.230591,1858.2323,0.8866670593,-0.4010685999,0.2301423563,,,,
29997,0.0,-493.69751,-709.713989,1858.544189,0.8865072534,-0.4009202916,0.2310147386,,,,
29998,0.0,-490.520844,-711.299988,1858.952515,0.8863002786,-0.4008267252,0.2319692925,,,,
29999,0.0,-487.107178,-712.932007,1859.44458,0.8860805288,-0.4007273626,0.2329782765,,,,
30000,0.0,-484.17453,-714.330811,1859.733032,0.8860502001,-0.3998064865,0.2346695893,,,,
30001,0.0,-480.763702,-715.80835,1860.117676,0.8856583846,-0.3995139364,0.2366386282,,,,
30002,0.0,-477.443237,-717.231995,1860.428589,0.8852317541,-0.3993214494,0.2385521359,,,,
30003,0.0,-474.696014,-718.613708,1860.394653,0.8853621609,-0.3985408521,0.2393721649,,,,
30004,0.0,-471.164764,-720.132202,1860.326416,0.885015994,-0.3982037728,0.2412062306,,,,
30005,0.0,-467.694214,-721.376343,1860.173828,0.8849724222,-0.3981838895,0.2413988444,,,,
30006,0.0,-464.592285,-722.218872,1860.263184,0.8847881524,-0.3981012578,0.2422092356,,,,
30007,0.0,-460.96051,-723.0401,1860.265869,0.8845606197,-0.3979988818,0.2432064967,,,,
30008,0.0,-457.463562,-723.558838,1860.375488,0.8839653588,-0.3987302837,0.2441708526,,,,
30009,0.0,-454.61438,-723.929871,1860.252197,0.8829769225,-0.3999727331,0.2457103317,,,,
30010,0.0,-450.80722,-724.181091,1859.998169,0.8816462853,-0.4016328797,0.2477717853,,,,
30011,0.0,-447.536255,-724.255615,1859.738525,0.8787347785,-0.4058668425,0.2511917498,,,,
30012,0.0,-444.02301,-724.216309,1859.337769,0.8742088823,-0.4127193869,0.2557763433,,,,
30013,0.0,-440.551544,-724.056152,1858.91272,0.8630661694,-0.4292949741,0.2661251818,,,,
30014,0.0,-437.051086,-723.894165,1858.589966,0.84905444,-0.4501365779,0.2765567198,,,,
30015,0.0,-433.412903,-723.975342,1858.217896,0.8232847283,-0.4855895264,0.2939473899,,,,
30016,0.0,-430.281677,-724.023438,1858.009399,0.7994613148,-0.5162240784,0.3072040154,,,,
30017,0.0,-427.172485,-724.030273,1857.874023,0.7667568043,-0.5558076534,0.3211881933,,,,
30018,0.0,-424.296906,-724.141296,1857.762573,0.7327979373,-0.5930404276,0.3336318844,,,,
30019,0.0,-420.678101,-724.225342,1857.734497,0.6844288157,-0.6396513619,0.3498618749,,,,
30020,0.0,-417.692291,-724.248657,1857.863525,0.6470479406,-0.6721220315,0.3599735232,,,,
30021,0.0,-414.323486,-724.30127,1858.0979,0.5996391772,-0.7102472303,0.3687570054,,,,
30022,0.0,-411.374176,-724.37146,1858.365723,0.5507211645,-0.745449533,0.3755145705,,,,
30023,0.0,-408.086761,-724.526367,1858.763062,0.5022278532,-0.7765127015,0.3805196551,,,,
30024,0.0,-405.210968,-724.845459,1859.082886,0.4653771677,-0.7974864277,0.3839785012,,,,
30025,0.0,-402.007782,-725.284851,1858.901123,0.4312683189,-0.8147102972,0.3876271003,,,,
30026,0.0,-398.98056,-725.355835,1858.716675,0.411542132,-0.8236555814,0.3901596556,,,,
30027,0.0,-396.060394,-725.015503,1858.901855,0.3905569952,-0.8321770233,0.3936326148,,,,
30028,0.0,-393.149048,-724.720215,1858.843994,0.3786003685,-0.8363186533,0.396526003,,,,
30029,0.0,-390.554901,-724.235596,1858.863159,0.3702662462,-0.8388326711,0.3990772566,,,,
30030,0.0,-387.836609,-723.518494,1858.955078,0.36453648,-0.8400611648,0.4017591245,,,,
30031,0.0,-385.234528,-722.738892,1858.954346,0.3595918277,-0.8413467688,0.403521167,,,,
30032,0.0,-382.426666,-721.950623,1858.784546,0.3533963215,-0.8423701987,0.4068457794,,,,
30033,0.0,-379.703186,-721.140869,1858.585205,0.3473221528,-0.843248216,0.4102435476,,,,
30034,0.0,-377.126251,-719.689758,1857.490234,0.3371855612,-0.8446952653,0.4156871493,,,,
30035,0.0,-369.672607,-716.795471,1855.81311,0.3138023575,-0.8490797697,0.4249607336,,,,
30036,0.0,-366.387787,-715.842163,1855.682739,0.2926892537,-0.8528888173,0.4323351317,,,,
30037,0.0,-364.9521945,-715.480072,1855.6887205,0.2811227846,-0.8547830262,0.4360786318,,,,
30038,0.0,-363.516602,-715.117981,1855.694702,0.2695563156,-0.8566772351,0.4398221318,,,,
30039,0.0,-359.81723,-714.107239,1855.763184,0.2123258088,-0.8638596128,0.4567978988,,,,
30040,0.0,-358.597717,-713.645569,1855.774414,0.1772031219,-0.8675262885,0.4647549811,,,,
30041,0.0,-357.920807,-713.095825,1855.80542,0.1478008818,-0.8696689679,0.4709891565,,,,
30042,0.0,-357.671967,-712.141296,1856.221191,0.1264424642,-0.8701695098,0.4762534278,,,,
30043,0.0,-357.658142,-710.737,1856.919189,0.1031598337,-0.8701773426,0.4818188882,,,,
30463,0.0,1056.941528,1798.098633,1766.701294,0.9994687945,0.0153328576,-0.0287581705,,,,
30464,0.0,1056.885376,1798.097778,1754.272705,0.9994687945,0.0153328576,-0.0287581705,,,,
30465,0.0,1056.816162,1798.09668,1755.7229,0.9994687945,0.0153328576,-0.0287581705,,,,
30466,0.0,1057.524658,1798.096924,1756.766602,0.9994617738,0.0132363493,-0.0300160268,,,,
30467,0.0,1058.752563,1798.096558,1758.381592,0.9994351009,0.009567492,-0.0322171117,,,,
30468,0.0,1059.824707,1798.095337,1759.881226,0.9993939362,0.0061607577,-0.0342608441,,,,
30469,0.0,1062.765015,1798.070312,1761.3479,0.999232292,-0.0047599933,-0.038886618,,,,
30470,0.0,1066.150879,1798.021484,1762.869507,0.9989052601,-0.0181493801,-0.0431147468,,,,
30471,0.0,1068.456421,1797.935669,1763.885742,0.9984036261,-0.0319574195,-0.0465716934,,,,
30472,0.0,1071.768677,1797.731689,1765.324951,0.9969885019,-0.0586277226,-0.0507613745,,,,
30473,0.0,1075.190674,1797.314209,1766.701172,0.9929830471,-0.10482434,-0.0547405328,,,,
30474,0.0,1078.608276,1796.565918,1766.701294,0.9821711233,-0.1790942536,-0.0571413419,,,,
30475,0.0,1081.707886,1795.44165,1766.701172,0.957652756,-0.2818136311,-0.0590108145,,,,
30476,0.0,1085.034668,1794.374023,1766.701294,0.9056964604,-0.4200916505,-0.0568939954,,,,
30477,0.0,1088.279907,1793.889648,1766.701294,0.8275019542,-0.5598680127,-0.0422885816,0.1077172128,1247.7183944648,2763.6370390141,5.0
30478,0.0,1091.461182,1793.231812,1766.701294,0.7213003986,-0.6924167251,-0.0168764279,0.0438457489,808.0622861552,2759.1768842458,5.0
30479,0.0,1093.692871,1791.570923,1766.701294,0.6011806055,-0.7990410193,0.0107391361,0.0091126117,371.0274952024,2754.6175728045,5.0
30480,0.0,1095.608398,1789.622437,1766.701294,0.4853987141,-0.8737509881,0.0307782262,0.000153972,48.2595620824,2750.1996397003,5.0
30481,0.0,1097.31543,1787.463501,1766.701294,0.3436869927,-0.9379508616,0.0461240966,0.0130902854,442.8127549163,2745.7215837617,5.0
30482,0.0,1099.094849,1785.560547,1766.701294,0.2442127081,-0.9683449199,0.0516552922,0.0350700883,719.7013062067,2741.6393795215,5.0
30483,0.0,1100.437988,1784.167603,1766.701294,0.1895721866,-0.9804261006,0.0531699857,0.0512361479,865.3179267645,2738.469184148,5.0
30484,0.0,1102.436646,1782.120972,1766.701294,0.13469904,-0.9892992281,0.0560643009,0.07037135,1007.4168600549,2733.848250401,5.0
30485,0.0,1104.557251,1780.026733,1766.701294,0.1171272474,-0.9912484606,0.0608908637,0.0774302076,1052.7486734456,2728.5281194221,5.0
30486,0.0,1106.599365,1777.910767,1766.701294,0.1231375248,-0.990025014,0.0684662075,0.075731705,1039.4872424859,2722.9990154297,5.0
30487,0.0,1108.420898,1775.752075,1766.701294,0.1262244831,-0.9894774753,0.070722739,0.0749096379,1032.2510889979,2718.2596655439,5.0
30488,0.0,1110.11792,1773.48645,1766.701294,0.1264675554,-0.9894346751,0.070887102,0.0750876446,1031.5944331893,2713.4340423563,5.0
30489,0.0,1111.737549,1771.06604,1766.701294,0.1264675554,-0.9894346751,0.070887102,0.0753371551,1031.5940414495,2709.1115361046,5.0
30490,0.0,1113.24707,1768.554321,1766.701294,0.1264675554,-0.9894346751,0.070887102,0.0755503232,1031.4576618661,2705.0790647673,5.0
30491,0.0,1114.672852,1765.928955,1766.701294,0.1264675554,-0.9894346751,0.070887102,0.0759492347,1032.5188254442,2701.0213339762,5.0
30492,0.0,1115.987427,1763.260132,1766.701294,0.1264675554,-0.9894346751,0.070887102,0.0762335642,1032.9472605219,2697.2975881265,5.0
30493,0.0,1117.282349,1760.38269,1766.701294,0.1264675554,-0.9894346751,0.070887102,0.076517945,1033.4642830505,2693.8273212862,5.0
30494,0.0,1118.451538,1757.540649,1766.701294,0.1264675554,-0.9894346751,0.070887102,0.0767888342,1034.0214123857,2690.7107217209,5.0
30495,0.0,1119.663208,1754.334229,1766.701294,0.1264675554,-0.9894346751,0.070887102,0.0770423067,1034.6538127106,2688.100855194,5.0
30496,0.0,1120.674683,1751.419556,1766.701294,0.1264675554,-0.9894346751,0.070887102,0.077178936,1034.9939353275,2686.6987665056,5.0
30497,0.0,1121.638794,1748.428589,1766.701294,0.1264675554,-0.9894346751,0.070887102,0.077388593,1035.6731638246,2684.9641429784,5.0
30498,0.0,1122.546631,1745.401489,1766.701294,0.1264675554,-0.9894346751,0.070887102,0.077607274,1036.5352399,2683.5630283705,5.0
30499,0.0,1124.19751,1739.329834,1766.701294,0.1264675554,-0.9894346751,0.070887102,0.0779813299,1037.3090073432,2679.3782597863,5.0
30500,0.0,1124.967407,1736.21936,1766.701294,0.1264675554,-0.9894346751,0.070887102,0.0781645524,1037.7149111302,2677.4109478258,5.0
30501,0.0,1125.777466,1732.730469,1766.701294,0.1264675554,-0.9894346751,0.070887102,0.0783544678,1038.0732081294,2675.2197355017,5.0
30502,0.0,1126.498657,1729.436523,1766.701294,0.1264675554,-0.9894346751,0.070887102,0.0785356263,1038.535398503,2673.4482394601,5.0
30503,0.0,1127.193359,1726.086914,1766.701294,0.1273161104,-0.9895017567,0.0683877299,0.0782821032,1036.2475060877,2671.6984493611,5.0
30504,0.0,1127.840088,1722.801392,1766.701294,0.1258788628,-0.9901374872,0.0615001485,0.0787264867,1038.4203074582,2670.0422858275,5.0
30505,0.0,1128.464355,1719.47876,1766.701294,0.1264562677,-0.990589231,0.0523620829,0.0783295537,1035.2427635509,2668.3323520584,5.0
30506,0.0,1129.05127,1716.214478,1766.701294,0.131167801,-0.9900970575,0.0500282393,0.0765329622,1023.1843333573,2666.7803484849,5.0
30507,0.0,1129.637329,1712.837524,1766.701294,0.1367574832,-0.9890712035,0.0550957813,0.0746485023,1010.3848330314,2665.147536284,5.0
30508,0.0,1130.218628,1709.370728,1766.701294,0.1394219975,-0.9882014381,0.0633989309,0.0740403711,1005.6865128485,2663.2058914823,5.0
30509,0.0,1130.755737,1706.0625,1766.701294,0.1411315166,-0.9871138657,0.075419567,0.0739879886,1004.6967016486,2661.4901946325,5.0
30510,0.0,1131.295654,1702.645996,1766.701294,0.1428859869,-0.9859435942,0.0865957498,0.0739601342,1003.7557328928,2659.4789517786,5.0
30511,0.0,1131.918091,1699.21521,1766.701294,0.1439638139,-0.9850863075,0.0942304995,0.0739936373,1002.736006735,2656.198720984,5.0
30512,0.0,1132.636841,1695.42981,1766.701294,0.1441201206,-0.9845807429,0.0991471203,0.0742165307,1002.8548801545,2652.674975694,5.0
30513,0.0,1133.272583,1692.003662,1766.701294,0.1441005897,-0.9844491126,0.1004737022,0.0742605342,1001.7078656439,2648.8860975603,5.0
30514,0.0,1133.743164,1689.320557,1766.701294,0.142220039,-0.9846458471,0.1012226076,0.0749490522,1005.2072967347,2646.3753694771,5.0
30515,0.0,1134.360107,1685.49353,1766.701294,0.1353688545,-0.985501094,0.1022881565,0.0774981351,1020.141448792,2642.9039659952,5.0
30516,0.0,1134.86499,1681.991089,1766.701294,0.1246407154,-0.9868932761,0.1025005057,0.0815238274,1043.9664156053,2639.7697162909,5.0
30517,0.0,1135.324219,1678.330811,1766.701294,0.1084770066,-0.9886292038,0.1041395044,0.0879132574,1080.9374007595,2636.4501405261,5.0
30518,0.0,1135.574951,1674.781738,1766.812134,0.0759357062,-0.9914526974,0.1060910804,0.1015017949,1155.9775233868,2633.3430157916,5.0
30519,0.0,1141.398682,1673.706665,1767.585449,0.0497250556,-0.9929108704,0.1079602807,0.1120553739,1209.52299818,2629.6815539039,5.0
30520,0.0,1141.818359,1670.464722,1767.759521,0.0225997214,-0.9937033916,0.109739793,0.1252928365,1271.8310863346,2624.2161007113,5.0
30521,0.0,1142.349121,1666.376953,1767.830444,0.0035002261,-0.9938074083,0.1110611705,0.1341667024,1311.5283460219,2621.3130461577,5.0
30522,0.0,1142.613281,1663.19165,1767.866333,-0.0105152278,-0.9936593882,0.1119394939,0.1408030461,1340.5048082361,2619.9901063667,5.0
30523,0.0,1142.868774,1659.674438,1767.767822,-0.0261076851,-0.9931610063,0.1137963286,0.1485677471,1373.5579110616,2618.9716254035,5.0
30524,0.0,1143.059448,1656.16333,1767.689697,-0.0443250644,-0.9922902408,0.115738354,,,,
30525,0.0,1143.259399,1652.550903,1767.694702,-0.0556571349,-0.9915975108,0.1167761104,,,,
30526,0.0,1143.402466,1649.121582,1767.519409,-0.0668072962,-0.9906891612,0.1186244962,,,,
30527,0.0,1143.550293,1645.442993,1767.481201,-0.0729414134,-0.9901329422,0.1196507707,0.0215777721,331.1658535823,1602.8126384729,3.0
30528,0.0,1143.658203,1642.141968,1767.491333,-0.0764709487,-0.9898666027,0.1196507534,0.0220120444,333.7780163715,1599.6159200395,3.0
30529,0.0,1143.699219,1638.706055,1767.586426,-0.0767377112,-0.9898459561,0.1196507707,0.0220974073,333.7246942497,1596.3026465764,3.0
30530,0.0,1143.661621,1635.384399,1767.710083,-0.0767377112,-0.9898459561,0.1196507707,0.0221595937,333.5204706108,1593.1107786799,3.0
30531,0.0,1143.571411,1631.956299,1767.957275,-0.0767377112,-0.9898459561,0.1196507707,0.0224205806,334.4883143285,1588.5122050181,3.0
30532,0.0,1143.427246,1627.807861,1768.25415,-0.0767377112,-0.9898459561,0.1196507707,0.0227937238,335.9850526464,1582.6552633531,3.0
30533,0.0,1143.226196,1624.192749,1768.609741,-0.0767377112,-0.9898459561,0.1196507707,0.0231438691,337.4450143112,1577.6021942373,3.0
30534,0.0,1143.012207,1620.725952,1768.868042,-0.0776608591,-0.989773956,0.1196507707,0.0235938335,339.6294130686,1572.7798614569,3.0
30535,0.0,1142.729492,1617.274658,1769.176025,-0.0785799665,-0.9897014105,0.1196507707,0.0240649614,341.9236104856,1568.0148609161,3.0
30536,0.0,1142.374512,1613.969849,1769.484741,-0.0794548753,-0.9896315535,0.119650788,0.0245345885,344.2059961306,1563.4871909266,3.0
30537,0.0,1142.005981,1610.047119,1769.656616,-0.0804962663,-0.9895473936,0.1196507707,0.0250827916,346.7874654844,1558.1203850729,3.0
30538,0.0,1141.664185,1606.556152,1769.469727,-0.0805331568,-0.989544392,0.1196507707,0.0254251611,348.0470318242,1553.3498448939,3.0
30539,0.0,1140.91272,1599.353516,1768.557251,-0.0805331568,-0.989544392,0.1196507707,,,,
30540,0.0,1140.466309,1595.31604,1767.453857,-0.0805331568,-0.989544392,0.1196507707,,,,
30541,0.0,1140.032959,1591.474121,1766.01001,-0.0813707621,-0.9894758674,0.1196507707,,,,
30542,0.0,1139.626465,1587.828735,1764.091187,-0.0832084871,-0.9893230193,0.119650788,,,,
30543,0.0,1139.216309,1584.313721,1762.39624,-0.085179636,-0.9891552571,0.1196507707,,,,
30544,0.0,1138.83313,1581.380737,1759.783569,-0.0860797291,-0.9890773343,0.1196507707,,,,
30545,0.0,1138.394043,1578.320312,1757.863403,-0.0903627516,-0.9885940888,0.1204836118,,,,
30546,0.0,1137.748413,1575.422119,1755.127686,-0.09359686,-0.9882786284,0.1206025722,,,,
30547,0.0,1137.33728,1572.911255,1753.234009,-0.0946110178,-0.9881820555,0.1206025722,,,,
30548,0.0,1136.273193,1570.666016,1750.589722,-0.0940075611,-0.988239646,0.1206025722,,,,
30549,0.0,1135.666504,1568.351685,1748.582397,-0.086510503,-0.9889241389,0.1206025722,,,,
30550,0.0,1135.677856,1566.725952,1747.249512,-0.0766360301,-0.9897383203,0.1206025549,,,,
30551,0.0,1135.708252,1565.772461,1745.856079,-0.0684693317,-0.9902473343,0.1213349397,,,,
30552,0.0,1135.648804,1563.812378,1746.102783,-0.0627629599,-0.9905984918,0.1215542629,,,,
30553,0.0,1135.55835,1561.978516,1745.997437,-0.0615235267,-0.9905590233,0.1225058246,,,,
30554,0.0,1135.491699,1560.72937,1746.053223,-0.0615091407,-0.9903274007,0.1243714799,,,,
30555,0.0,1135.421509,1559.677002,1746.133545,-0.063200547,-0.9901089509,0.1252595551,,,,
30556,0.0,1135.337402,1558.698486,1746.307495,-0.0670817794,-0.9894599569,0.1283317128,,,,
30557,0.0,1135.223022,1557.549072,1746.419922,-0.0733129133,-0.988412469,0.1329135353,,,,
30558,0.0,1135.070557,1556.218628,1746.49646,-0.0826856479,-0.9870455388,0.1374925018,,,,
30559,0.0,1134.929077,1554.791626,1746.401489,-0.0886358099,-0.9862404628,0.1395472775,,,,
30560,0.0,1134.809937,1553.568481,1746.429077,-0.0934010598,-0.985660455,0.1405336597,,,,
30561,0.0,1134.738403,1552.537842,1746.428467,-0.0935481941,-0.9856422732,0.1405633122,,,,
30562,0.0,1134.650024,1551.276855,1746.434082,-0.0935481941,-0.9856422732,0.1405633122,,,,
30563,0.0,1134.55603,1549.979248,1746.408936,-0.0935481941,-0.9856422732,0.1405633122,,,,
30564,0.0,1134.449463,1548.547852,1746.368896,-0.0935481941,-0.9856422732,0.1405633122,,,,
30565,0.0,1134.35437,1547.307861,1746.331543,-0.0935481941,-0.9856422732,0.1405633122,,,,
30777,0.0,-97.884766,2080.349365,1750.726685,-0.5335091655,-0.8457285344,-0.0105459216,,,,
30778,0.0,-97.884766,2080.349365,1750.726685,-0.5335091655,-0.8457285344,-0.0105459216,,,,
30779,0.0,-97.884766,2080.349365,1750.726685,-0.5335091655,-0.8457285344,-0.0105459216,,,,
30780,0.0,-97.791161,2078.104492,1749.102783,-0.5335091655,-0.8457285344,-0.0105459216,,,,
30781,0.0,-98.315834,2077.107666,1748.359375,-0.5335091655,-0.8457285344,-0.0105459216,,,,
30782,0.0,-97.879982,2075.929199,1748.235474,-0.5335091655,-0.8457285344,-0.0105459216,,,,
30783,0.0,-97.179649,2073.515625,1747.758301,-0.5335091655,-0.8457285344,-0.0105459216,,,,
30801,0.0,-79.263405,2011.692139,1748.136475,-0.5262981134,-0.8502347213,-0.0105458343,,,,
30802,0.0,-77.667213,2006.155273,1747.794067,-0.5262429691,-0.8502688533,-0.0105458343,,,,
30803,0.0,-76.795944,2002.938599,1747.723022,-0.5262091186,-0.8502898029,-0.0105458343,,,,
30804,0.0,-75.76799,2001.473999,1750.701294,-0.5261588386,-0.850320917,-0.0105458343,,,,
30805,0.0,-74.678696,1997.512207,1750.701294,-0.5261109462,-0.8503505499,-0.0105458343,,,,
30806,0.0,-73.859207,1992.681885,1750.701294,-0.5261103817,-0.850350898,-0.0105459216,,,,
30807,0.0,-74.357498,1990.809326,1750.701294,-0.5269192983,-0.8498498917,-0.0105458343,,,,
30808,0.0,-74.452126,1987.704102,1750.701294,-0.5276824939,-0.8493762247,-0.0105458343,,,,
30809,0.0,-74.649117,1985.045166,1750.701294,-0.5295461163,-0.8482240971,-0.0098382797,,,,
30810,0.0,-75.135185,1981.004028,1750.701294,-0.5342324488,-0.8452933516,-0.0086510354,,,,
30811,0.0,-75.542107,1978.482544,1750.701294,-0.5361547053,-0.8440826816,-0.0079094006,,,,
30812,0.0,-76.224838,1974.978516,1750.701294,-0.5387737368,-0.8424224483,-0.0068759846,,,,
30813,0.0,-76.948853,1971.824097,1750.701294,-0.5404858502,-0.8413321115,-0.0059433871,,,,
30814,0.0,-77.745415,1968.575073,1750.701294,-0.5414881821,-0.8406886813,-0.0057523641,,,,
30815,0.0,-78.517273,1965.62561,1750.701294,-0.5436644816,-0.8392881081,-0.0049399424,,,,
30816,0.0,-79.27227,1962.871582,1750.701294,-0.5453720859,-0.8381845378,-0.0039960778,,,,
30817,0.0,-80.054283,1960.195923,1750.701294,-0.5483384137,-0.8362477364,-0.00383502,,,,
30818,0.0,-80.86525,1957.544189,1750.701294,-0.5510025795,-0.8344982285,-0.0029772306,,,,
30819,0.0,-81.607178,1955.192383,1750.701294,-0.5519744488,-0.8338560642,-0.0028761067,,,,
30820,0.0,-82.284882,1953.109619,1750.701294,-0.5520555092,-0.8338023999,-0.0028762114,,,,
30821,0.0,-82.876244,1951.342651,1750.701294,-0.5520555092,-0.8338023999,-0.0028762114,,,,
30822,0.0,-83.629944,1949.142334,1750.701294,-0.5520555092,-0.8338023999,-0.0028762114,,,,
30823,0.0,-84.175156,1947.570557,1750.701294,-0.5520555092,-0.8338023999,-0.0028762114,,,,
30824,0.0,-84.62059,1946.286987,1750.701294,-0.5520555092,-0.8338023999,-0.0028762114,,,,
30825,0.0,-85.038155,1945.084351,1749.763306,-0.5520555092,-0.8338023999,-0.0028762114,,,,
30826,0.0,-85.416985,1944.001221,1748.450439,-0.5520529707,-0.8337985658,-0.0041796325,,,,
30827,0.0,-85.867027,1942.783203,1746.912354,-0.5520493355,-0.8337930754,-0.0055352136,,,,
30828,0.0,-86.280876,1941.736694,1745.588501,-0.5520437878,-0.8337846964,-0.0071229426,,,,
30829,0.0,-86.784393,1940.535278,1744.055908,-0.5520383422,-0.8337759973,-0.0084412719,,,,
30830,0.0,-87.327469,1939.305176,1742.473877,-0.5520327755,-0.8337680637,-0.0095200164,,,,
30831,0.0,-87.829147,1938.219971,1741.067627,-0.5520221081,-0.8337519521,-0.0113698944,,,,
30832,0.0,-88.751465,1936.321777,1738.584717,-0.5520032197,-0.8337229497,-0.0140885996,,,,
30833,0.0,-89.098385,1935.63916,1737.8079835,-0.5519982354,-0.8337154216,-0.0147026098,,,,
30834,0.0,-89.445305,1934.956543,1737.03125,-0.5519932511,-0.8337078936,-0.01531662,,,,
30835,0.0,-90.52375,1932.917603,1737.03125,-0.5519844693,-0.8336951041,-0.0162978262,,,,
30836,0.0,-90.820976,1932.372437,1737.03125,-0.5519844693,-0.8336951041,-0.0162978262,,,,
30837,0.0,-91.696075,1930.786133,1737.03125,-0.5519844693,-0.8336951041,-0.0162978262,,,,
30838,0.0,-92.212265,1929.871216,1737.03125,-0.5519844693,-0.8336951041,-0.0162978262,,,,
30839,0.0,-92.770157,1928.894043,1737.03125,-0.5519844693,-0.8336951041,-0.0162978262,,,,
30840,0.0,-93.451378,1927.703491,1737.03125,-0.5512597799,-0.8341744627,-0.0162978785,,,,
30841,0.0,-94.005356,1926.75647,1737.03125,-0.5511849153,-0.8342239328,-0.0162978262,,,,
30842,0.0,-94.695396,1925.591431,1737.03125,-0.5511849153,-0.8342239328,-0.0162978262,,,,
30843,0.0,-95.26593,1924.637817,1737.03125,-0.5511849153,-0.8342239328,-0.0162978262,,,,
30844,0.0,-95.948662,1923.50647,1737.03125,-0.5511849153,-0.8342239328,-0.0162978262,,,,
30845,0.0,-96.52166,1922.56543,1737.03125,-0.5511849153,-0.8342239328,-0.0162978262,,,,
30846,0.0,-97.045929,1921.709351,1737.03125,-0.5511849153,-0.8342239328,-0.0162978262,,,,
30847,0.0,-97.790627,1920.500977,1737.03125,-0.5511849153,-0.8342239328,-0.0162978262,,,,
30848,0.0,-98.324821,1919.640015,1738.140869,-0.5511849153,-0.8342239328,-0.0162978262,,,,
30849,0.0,-99.086952,1918.555054,1739.7229,-0.5511849153,-0.8342239328,-0.0162978262,,,,
30850,0.0,-99.699791,1917.80127,1740.898438,-0.5511849153,-0.8342239328,-0.0162978262,,,,
30851,0.0,-100.625984,1916.795654,1742.568359,-0.5511849153,-0.8342239328,-0.0162978262,,,,
30852,0.0,-101.335663,1916.170532,1743.798828,-0.5511849153,-0.8342239328,-0.0162978262,,,,
32421,0.0,1170.981812,-17.15172,1676.543701,-0.8271931612,0.5574284644,0.070887102,,,,
32423,0.0,1176.217896,-20.142618,1676.536743,-0.8266204032,0.558303985,0.0706779266,,,,
32424,0.0,1174.712402,-19.282717,1676.484375,-0.8260236433,0.5592139852,0.0704603392,,,,
32425,0.0,1173.165161,-18.394751,1676.403442,-0.8254438131,0.5600960234,0.0702492424,,,,
32426,0.0,1171.427979,-17.384914,1676.291626,-0.824819402,0.5610435204,0.070022299,,,,
32427,0.0,1168.084229,-15.406865,1676.152954,-0.8226385094,0.5642477913,0.069930772,,,,
32428,0.0,1164.795654,-13.446531,1676.035645,-0.8203224532,0.5676930499,0.0692508036,,,,
32429,0.0,1161.267822,-11.329738,1675.917236,-0.8177393653,0.5714410494,0.0689743255,,,,
32430,0.0,1157.872559,-9.27269,1675.80249,-0.8155071059,0.5746994441,0.0683279529,,,,
32431,0.0,1153.259766,-6.440735,1675.641968,-0.8115489638,0.580311859,0.0680178329,,,,
32432,0.0,1150.03186,-4.453131,1675.526245,-0.8095606217,0.5831803628,0.0671733888,,,,
32433,0.0,1146.69519,-2.343468,1675.416992,-0.8079058226,0.5854835305,0.0670612953,,,,
32434,0.0,1143.605347,-0.330416,1675.312256,-0.805206997,0.5891896763,0.0670612953,,,,
32435,0.0,1140.474121,1.761933,1675.217285,-0.8035673633,0.5914910042,0.0664671699,,,,
32436,0.0,1135.578735,5.121616,1674.986206,-0.8021311362,0.5934777265,0.0661046787,,,,
32437,0.0,1131.93689,7.559652,1674.852173,-0.8006848868,0.5955124418,0.0653348587,,,,
32438,0.0,1129.38855,9.38363,1674.956787,-0.7999713677,0.5964910281,0.0651480186,,,,
32439,0.0,1126.862671,11.193489,1675.057007,-0.7988628463,0.5980324009,0.0646173374,,,,
32440,0.0,1123.172729,13.852829,1675.207642,-0.7971476909,0.6003624206,0.0641912987,,,,
32441,0.0,1120.669312,15.559246,1675.314453,-0.7965971301,0.6011642081,0.0635185585,,,,
32442,0.0,1118.008667,17.452518,1675.389648,-0.7953513788,0.6028412577,0.0632345024,,,,
32443,0.0,1114.046387,20.119493,1675.317261,-0.7936224003,0.6052125125,0.0623000842,,,,
32444,0.0,1111.628052,21.803322,1675.371216,-0.792172732,0.6071110749,0.062277648,,,,
32445,0.0,1109.030762,23.537947,1675.249756,-0.7910697262,0.6086156998,0.0616085892,,,,
32446,0.0,1106.35144,25.328915,1675.098267,-0.7900158664,0.6100120457,0.0613207537,,,,
32447,0.0,1103.441284,27.348721,1674.901733,-0.7888310521,0.611543407,0.0613207363,,,,
32448,0.0,1099.590698,30.095415,1674.61731,-0.7872751612,0.6136388835,0.0603750051,,,,
32449,0.0,1098.277832,31.056858,1674.693115,-0.7867238228,0.6143466774,0.0603637857,,,,
32450,0.0,1095.11145,33.439251,1674.383911,-0.7857104998,0.6156421249,0.0603637682,,,,
32451,0.0,1091.334106,36.147522,1674.389038,-0.7854937034,0.6159187101,0.0603637682,,,,
32452,0.0,1088.798584,38.026737,1674.394653,-0.7849489832,0.6166127709,0.0603637682,,,,
32453,0.0,1086.523438,39.664921,1674.421631,-0.7849028339,0.6166715145,0.0603637682,,,,
32454,0.0,1083.942261,41.506714,1674.544312,-0.7849028339,0.6166715145,0.0603637682,,,,
32455,0.0,1080.360474,44.113804,1674.852417,-0.7849028339,0.6166715145,0.0603637682,,,,
32456,0.0,1075.869751,47.731827,1675.401611,-0.7849028339,0.6166715145,0.0603637682,,,,
32457,0.0,1074.2892455,49.202114,1675.661987,-0.7849028339,0.6166715145,0.0603637682,,,,
32458,0.0,1070.854126,52.65733,1676.047729,-0.7849028339,0.6166715145,0.0603637682,,,,
32459,0.0,1068.838989,54.820629,1676.156494,-0.7849028339,0.6166715145,0.0603637682,,,,
32460,0.0,1067.5496825,56.4442425,1676.1763305,-0.7849028339,0.6166715145,0.0603637682,,,,
32461,0.0,1064.510132,60.414803,1676.047241,-0.7849028339,0.6166715145,0.0603637682,,,,
32462,0.0,1062.903687,62.759541,1675.892456,-0.7849028339,0.6166715145,0.0603637682,,,,
32463,0.0,1061.38269,65.109955,1675.616821,-0.7849028339,0.6166715145,0.0603637682,,,,
32464,0.0,1059.688477,67.978188,1675.233398,-0.7849028339,0.6166715145,0.0603637682,,,,
32465,0.0,1058.239014,70.691483,1674.880615,-0.7849028339,0.6166715145,0.0603637682,,,,
32466,0.0,1056.436646,74.58667,1674.27002,-0.7849028339,0.6166715145,0.0603637682,,,,
32467,0.0,1055.396606,77.103973,1674.013916,-0.7849028339,0.6166715145,0.0603637682,,,,
32468,0.0,1054.339722,79.781799,1673.651245,-0.7849028339,0.6166715145,0.0603637682,,,,
32469,0.0,1053.292725,82.581505,1673.330933,-0.7856413071,0.6157304199,0.0603637857,,,,
32470,0.0,1052.202637,85.647095,1673.280029,-0.7868295015,0.6142113227,0.0603637857,,,,
32471,0.0,1051.019409,89.16996,1673.255737,-0.7890878657,0.6113072515,0.0603637682,,,,
32472,0.0,1049.939941,92.575287,1673.277466,-0.7916086022,0.6080395024,0.0603637682,0.002177788,36.840517978,558.5210017655,5.0
32473,0.0,1049.040649,95.507347,1673.355713,-0.7937350648,0.605260987,0.0603637682,0.0022037776,36.8979822179,556.0875132436,5.0
32474,0.0,1048.156128,98.364906,1673.553467,-0.7961225339,0.6021172033,0.0603637682,0.0022601476,37.2053565535,553.6911754971,5.0
32475,0.0,1046.835205,102.942169,1673.917358,-0.798876554,0.5984584087,0.0603637682,0.0021690057,36.1375117093,548.9698866896,5.0
32476,0.0,1046.002441,106.144646,1674.045898,-0.8010296606,0.5955734198,0.0603637682,0.0021678268,35.9482369234,546.2429003316,5.0
32477,0.0,1045.068115,109.608078,1674.302124,-0.8033077647,0.5924971314,0.0603637682,0.0023860425,37.7862806479,547.317426302,5.0
32478,0.0,1044.22998,112.759483,1674.508667,-0.8053620866,0.5897017255,0.0603637682,0.0025721809,39.3041669018,548.3429888683,5.0
32479,0.0,1043.355469,116.051521,1674.658691,-0.8074857614,0.5867903873,0.0603637857,0.0027210585,40.480253201,549.1043900494,5.0
32480,0.0,1042.612305,119.065933,1674.755859,-0.8093889468,0.5841624314,0.0603637857,0.0028063448,41.1568687422,549.7455492682,5.0
32481,0.0,1041.717285,123.5355,1674.655151,-0.8121278488,0.5803486648,0.0603637682,0.0028050009,41.1840148974,550.2397314781,5.0
32482,0.0,1041.159058,126.328995,1674.587524,-0.8135143692,0.5784034808,0.0603637682,0.0027548315,40.8384833197,550.5622091852,5.0
32483,0.0,1040.463501,130.961807,1674.331543,-0.8156143675,0.5754384581,0.0603637682,0.0026350431,39.9832217928,551.1314696869,5.0
32484,0.0,1039.932007,134.067001,1674.209106,-0.8174999724,0.572756502,0.0603637682,0.0026175533,39.8837373153,551.5913771352,5.0
32485,0.0,1039.561157,137.127151,1673.970581,-0.8201425622,0.5689660739,0.0603637682,0.0026279732,40.0027308413,552.1406140885,5.0
32486,0.0,1039.014038,141.647705,1673.64209,-0.8239187744,0.5634838672,0.0603637682,0.0026669742,40.3662457725,553.0745938035,5.0
32487,0.0,1038.745605,143.066467,1673.605469,-0.8254788291,0.5611959713,0.0603637682,0.0027167944,40.7583990376,553.31048928,5.0
32488,0.0,1038.084839,148.335098,1673.2146,-0.8323637134,0.55093272,0.0603637857,0.0030102306,42.9926010611,554.5055766641,5.0
32489,0.0,1037.520874,151.297165,1673.184814,-0.8374796311,0.5432139182,0.0595525527,0.0033465791,45.3811083124,555.1664403268,5.0
32490,0.0,1037.018921,154.224945,1673.096436,-0.8440644368,0.5329409584,0.0594067447,,,,
32491,0.0,1036.473755,157.14183,1673.039062,-0.8508207587,0.5220870361,0.0594067621,,,,
32492,0.0,1035.813477,160.26207,1673.119873,-0.8591715752,0.5082934538,0.0588385013,,,,
32493,0.0,1034.82312,164.537125,1673.359863,-0.8717094748,0.4865246385,0.0584497014,,,,
32494,0.0,1034.112915,167.496872,1673.534912,-0.880075985,0.4713193424,0.0576570727,,,,
32495,0.0,1033.373535,170.42804,1673.814331,-0.8894988749,0.4533950973,0.0567858903,,,,
32496,0.0,1032.166382,174.717163,1674.174438,-0.9030378131,0.4259484891,0.0555930999,,,,
32507,0.0,1013.385437,202.224838,1673.789307,-0.9613696023,0.271742428,0.0438695849,,,,
32508,0.0,1009.676758,206.056473,1673.895996,-0.965195995,0.2580527346,0.0424909101,,,,
32509,0.0,1007.199951,208.653427,1673.838379,-0.9677468131,0.2484780661,0.0415301874,,,,
32510,0.0,1004.872375,211.07283,1673.689209,-0.9702219028,0.2387974171,0.0405617182,,,,
32511,0.0,1002.977844,213.085052,1673.762329,-0.9723355089,0.2301897645,0.0397030279,,,,
32512,0.0,999.304749,215.944336,1674.361572,-0.9748398474,0.21956411,0.0384561232,,,,
32513,0.0,997.223633,217.102951,1674.838135,-0.9759182257,0.214854168,0.0377001763,,,,
32514,0.0,993.374512,219.280853,1675.315552,-0.9778944942,0.2057302579,0.0373820701,,,,
32515,0.0,991.007141,220.485535,1675.505249,-0.9788626522,0.2012069682,0.0366560225,,,,
32516,0.0,987.305054,222.267227,1675.846436,-0.9806468121,0.1925412755,0.03549207,,,,
32517,0.0,985.002014,223.402573,1676.166016,-0.9817334999,0.1869264751,0.0354658717,,,,
32518,0.0,981.243835,225.153763,1676.615479,-0.9834059451,0.1779182935,0.0354658717,,,,
32519,0.0,978.92749,226.148148,1676.748291,-0.9840840069,0.1742526954,0.0348520526,,,,
32520,0.0,974.875549,227.970123,1677.052856,-0.9851128353,0.1684099743,0.0345077144,,,,
32521,0.0,971.295288,229.410599,1677.169556,-0.9862765244,0.1614553658,0.0345077144,,,,
32522,0.0,968.724731,230.42485,1677.256592,-0.9868760117,0.1577496596,0.0345077144,,,,
32523,0.0,965.251892,231.722351,1677.250244,-0.9875428301,0.1535199502,0.0345077319,,,,
32524,0.0,961.753113,232.968216,1677.241821,-0.9882729928,0.1487471322,0.0345077144,,,,
32525,0.0,957.991882,234.210022,1677.126587,-0.9890608352,0.1434150685,0.0345077144,,,,
32526,0.0,955.484619,235.055542,1677.018799,-0.9892819337,0.1418818949,0.0345077319,,,,
32527,0.0,951.688782,236.089325,1676.646973,-0.9896989538,0.1389431488,0.0345077144,,,,
32528,0.0,948.701538,236.849579,1676.441162,-0.9900580289,0.1363609808,0.0345077144,,,,
32529,0.0,945.082153,237.708038,1676.154175,-0.990376026,0.13403188,0.0345077144,,,,
32530,0.0,941.565491,238.498688,1675.737183,-0.9906430985,0.1320434362,0.0345077144,,,,
32531,0.0,937.718384,239.36467,1675.373901,-0.9909295062,0.1298766007,0.0345077144,,,,
32532,0.0,934.778137,240.005524,1675.130737,-0.9910390711,0.1290378859,0.0345077319,,,,
32533,0.0,931.988953,240.59877,1674.947021,-0.9911412359,0.1282508021,0.0345077144,,,,
32534,0.0,928.036011,241.405807,1674.759033,-0.9911805693,0.1279464604,0.0345077144,,,,
32535,0.0,925.1521,241.935013,1674.798218,-0.9913512086,0.1266175297,0.0345077144,,,,
32536,0.0,918.271484,243.097626,1674.969971,-0.991713166,0.1237506119,0.0345077144,,,,
32537,0.0,916.3801575,243.3890155,1675.034302,-0.9918890815,0.1223241676,0.0345077144,,,,
32538,0.0,911.666443,244.067337,1675.466431,-0.9924800506,0.1174417593,0.0345077144,,,,
32539,0.0,907.574036,244.595657,1676.018433,-0.9931178186,0.1119205793,0.0345077144,,,,
32540,0.0,905.524414,244.8510055,1676.2561035,-0.9934709544,0.1086928586,0.0345077144,,,,
32541,0.0,903.474792,245.106354,1676.493774,-0.9938240902,0.105465138,0.0345077144,,,,
32542,0.0,897.400085,245.736816,1677.102051,-0.9950334125,0.093368755,0.0345077319,,,,
32543,0.0,893.239929,246.129837,1677.386353,-0.9957016118,0.0859506713,0.0345077144,,,,
32544,0.0,891.2815245,246.305908,1677.457825,-0.9960040954,0.0822895139,0.0345077144,,,,
32545,0.0,886.617004,246.656143,1677.655029,-0.9966713733,0.0741853107,0.033804042,,,,
32546,0.0,882.755127,246.944122,1677.637085,-0.9971581536,0.0678483248,0.0327447952,,,,
32547,0.0,880.7649535,247.064163,1677.5894775,-0.9973434712,0.0650453822,0.0326680592,,,,
32548,0.0,875.972534,247.402603,1677.429321,-0.9977414335,0.0591465383,0.0318389533,,,,
32549,0.0,872.008911,247.653839,1677.196655,-0.9979028869,0.0564727982,0.0316330733,,,,
32550,0.0,869.348999,247.892883,1676.987671,-0.9979855448,0.0549927359,0.0316330733,,,,
32551,0.0,865.190002,248.244766,1676.61792,-0.9980909201,0.0535477454,0.0307758711,,,,
32552,0.0,861.662415,248.561142,1676.378662,-0.9981457012,0.0525758143,0.0306747945,,,,
32553,0.0,857.996521,248.891907,1676.136841,-0.9981502195,0.0524899637,0.0306747945,,,,
32554,0.0,855.446411,249.134918,1676.037964,-0.9981846004,0.0518320306,0.0306748119,,,,
32555,0.0,850.765991,249.611664,1676.080566,-0.9982488439,0.0505796552,0.0306748119,,,,
32556,0.0,847.49884,250.056168,1676.004761,-0.9983412713,0.0487212778,0.0306747945,,,,
32557,0.0,845.296143,250.464951,1675.965942,-0.99843267,0.0468108895,0.0306748119,,,,
32558,0.0,841.861206,251.311981,1676.139893,-0.998572039,0.0437371554,0.0306748119,,,,
32559,0.0,837.950256,252.408234,1676.293579,-0.9988914113,0.0364780938,0.0297539431,,,,
32560,0.0,835.76709,253.113266,1676.3396,-0.9990535292,0.0317643692,0.0297165049,,,,
32561,0.0,831.607727,254.642883,1676.550049,-0.9994428356,0.015196961,0.0297165049,,,,
32562,0.0,828.62085,255.822708,1676.525024,-0.999543465,-0.0054581031,0.0297165049,,,,
32563,0.0,825.474548,257.140137,1676.553589,-0.9987108044,-0.0404675412,0.0306448587,,,,
32567,0.0,813.490662,262.809357,1675.986206,-0.9660927865,-0.2557477293,0.0354658543,,,,
32568,0.0,811.459229,263.780334,1675.612671,-0.9465036682,-0.3208756127,0.0342001073,,,,
32569,0.0,808.113403,265.361908,1675.386353,-0.9222414462,-0.385232543,0.0326588837,,,,
32570,0.0,805.159546,266.761414,1675.05957,-0.9016566782,-0.4313018027,0.0315276033,,,,
32571,0.0,801.563843,268.466034,1674.696533,-0.8718712761,-0.4888104755,0.0300798421,,,,
32572,0.0,798.201294,269.793396,1674.431641,-0.8415554571,-0.5394780502,0.0273467724,,,,
32573,0.0,795.429993,270.7276,1674.244507,-0.8123501535,-0.5826610138,0.0243592102,,,,
32574,0.0,792.190125,271.982819,1674.152954,-0.7971798566,-0.6033007682,0.0230750791,,,,
32575,0.0,789.182861,273.112122,1674.129883,-0.7868438593,-0.616785208,0.0212778847,,,,
32576,0.0,786.112,274.179962,1674.135742,-0.7832184469,-0.6213888059,0.0210906703,,,,
32577,0.0,783.307983,275.117462,1674.234863,-0.7828343636,-0.6218726098,0.0210906703,,,,
32578,0.0,780.570251,276.235931,1674.30249,-0.7828462747,-0.6218820718,0.0203567948,,,,
32579,0.0,777.799866,277.522064,1674.540161,-0.7828498367,-0.6218849014,0.0201321298,,,,
32580,0.0,774.605713,279.428223,1674.881226,-0.7838131264,-0.6206703469,0.0201321472,,,,
32581,0.0,771.439331,281.438416,1675.194214,-0.7865680355,-0.6172013271,0.0193196102,,,,
32582,0.0,768.270874,283.588409,1675.425049,-0.7933375907,-0.6085063574,0.018316119,,,,
32583,0.0,765.317322,285.714325,1675.583252,-0.8084365417,-0.5883272423,0.0173612792,,,,
32584,0.0,760.309021,289.673889,1675.655396,-0.8675950407,-0.4969252106,0.0185520997,,,,
32585,0.0,757.107483,292.340424,1675.572876,-0.9144382378,-0.4041112546,0.0222890804,,,,
32586,0.0,754.030029,294.724976,1675.420776,-0.9590434472,-0.2818587912,0.0281298445,,,,
32587,0.0,750.989807,297.178375,1675.006348,-0.9906332294,-0.1323971038,0.0334187341,,,,
32588,0.0,748.967041,298.866058,1674.783325,-0.9987043358,-0.037038282,0.0348972117,,,,
32589,0.0,745.408813,302.716614,1674.188599,-0.9873891719,0.1536603502,0.03809357,,,,
32590,0.0,742.389282,306.506592,1673.930664,-0.9336834909,0.3556198304,0.0420675056,,,,
32591,0.0,740.563354,308.778473,1673.950439,-0.8995355129,0.4346122705,0.0441365535,,,,
32592,0.0,738.024414,312.607147,1674.070557,-0.8140262959,0.5787785586,0.0487500733,,,,
32593,0.0,735.914978,316.072083,1674.096924,-0.7386369406,0.6721417672,0.0513898317,,,,
32594,0.0,733.937561,319.783875,1674.294922,-0.6569062095,0.7519431098,0.0552792146,,,,
32595,0.0,732.611694,322.555756,1674.377563,-0.6032139917,0.7955352314,0.0570664152,,,,
32596,0.0,731.187622,325.861908,1674.490112,-0.5486766115,0.8339447145,0.0590778227,,,,
32597,0.0,729.974426,329.034668,1674.483887,-0.5072375532,0.8597003879,0.0602105283,,,,
32598,0.0,728.839783,332.262451,1674.530396,-0.4849191647,0.8723515426,0.062098227,,,,
32599,0.0,727.582642,335.505341,1674.808594,-0.4767552819,0.8767611168,0.0632008327,,,,
32600,0.0,726.567932,337.901611,1675.21582,-0.476517718,0.8768878288,0.063234485,,,,
32601,0.0,725.148499,341.18103,1675.661377,-0.476517718,0.8768878288,0.063234485,,,,
32602,0.0,723.508118,344.879669,1676.022461,-0.476517718,0.8768878288,0.063234485,,,,
32603,0.0,722.00824,348.196503,1676.275879,-0.476517718,0.8768878288,0.063234485,,,,
32604,0.0,720.289917,351.927277,1676.50354,-0.476517718,0.8768878288,0.063234485,,,,
32605,0.0,719.402954,354.242126,1676.643799,-0.476517718,0.8768878288,0.063234485,,,,
32606,0.0,718.04834,358.119019,1676.756226,-0.476517718,0.8768878288,0.063234485,,,,
32607,0.0,716.663391,361.837921,1676.821411,-0.476517718,0.8768878288,0.063234485,,,,
32608,0.0,715.721069,364.308228,1676.839844,-0.476517718,0.8768878288,0.063234485,,,,
32609,0.0,714.181946,368.271606,1676.682495,-0.476517718,0.8768878288,0.063234485,,,,
32610,0.0,715.422791,375.700348,1676.701294,-0.476517718,0.8768878288,0.063234485,,,,
32611,0.0,714.300842,377.967651,1676.701294,-0.476517718,0.8768878288,0.063234485,,,,
32612,0.0,712.61853,381.344299,1676.701294,-0.476517718,0.8768878288,0.063234485,,,,
32613,0.0,710.938965,384.689636,1676.701294,-0.476517718,0.8768878288,0.063234485,,,,
32614,0.0,709.274963,387.980591,1676.701294,-0.476517718,0.8768878288,0.063234485,,,,
32615,0.0,708.12439,390.243256,1676.701294,-0.476517718,0.8768878288,0.063234485,,,,
32616,0.0,706.417419,393.583618,1676.701294,-0.476517718,0.8768878288,0.063234485,,,,
32617,0.0,704.790527,396.750671,1676.701294,-0.476517718,0.8768878288,0.063234485,,,,
32618,0.0,703.158508,399.912384,1676.701294,-0.476517718,0.8768878288,0.063234485,,,,
32619,0.0,701.552612,403.010406,1676.701294,-0.476517718,0.8768878288,0.063234485,,,,
32620,0.0,699.973572,406.044403,1676.701294,-0.476517718,0.8768878288,0.063234485,,,,
32621,0.0,698.378662,409.098297,1676.701294,-0.476517718,0.8768878288,0.063234485,,,,
32622,0.0,696.780151,412.148804,1676.701294,-0.476517718,0.8768878288,0.063234485,,,,
32623,0.0,695.128723,415.290924,1676.701294,-0.476517718,0.8768878288,0.063234485,,,,
32624,0.0,693.524658,418.334564,1676.701294,-0.476517718,0.8768878288,0.063234485,,,,
32625,0.0,691.861633,421.481995,1676.701294,-0.476517718,0.8768878288,0.063234485,,,,
32626,0.0,688.811829,427.234833,1676.701294,-0.476517718,0.8768878288,0.063234485,,,,
32627,0.0,686.980774,430.677002,1676.701294,-0.476517718,0.8768878288,0.063234485,,,,
32628,0.0,685.31427,433.803711,1676.701294,-0.476517718,0.8768878288,0.063234485,,,,
32629,0.0,683.780029,436.647858,1676.701294,-0.4779292531,0.8761193006,0.063234485,,,,
32630,0.0,682.129578,439.669983,1676.701294,-0.4809622266,0.8745141046,0.0624533218,,,,
32631,0.0,680.240479,443.112335,1676.701294,-0.4847236154,0.8725104747,0.0613880139,,,,
32632,0.0,678.474792,446.282593,1676.701294,-0.4898901855,0.8697520701,0.0594890134,,,,
32633,0.0,676.715759,449.424957,1676.701294,-0.4950431986,0.8669611738,0.05753742,,,,
32634,0.0,674.947571,452.549469,1676.701294,-0.500894791,0.8635328127,0.0584421919,,,,
32635,0.0,673.512451,455.00235,1676.701294,-0.508580657,0.8585361913,0.0652788139,,,,
32636,0.0,671.656372,457.970581,1676.701172,-0.5267402575,0.8462629051,0.0798986646,,,,
32637,0.0,669.776489,461.144867,1676.701294,-0.5349431975,0.8404439256,0.0865435344,,,,
32638,0.0,668.065918,464.140808,1676.701294,-0.5357794821,0.8398400266,0.0872300192,,,,
32639,0.0,665.976807,467.787048,1676.701294,-0.5357794821,0.8398400266,0.0872300192,,,,
32640,0.0,664.256958,470.758362,1676.701294,-0.5357794821,0.8398400266,0.0872300192,,,,
32641,0.0,662.568298,473.652588,1676.701294,-0.5357794821,0.8398400266,0.0872300192,,,,
32642,0.0,660.947449,476.411499,1676.701294,-0.5357794821,0.8398400266,0.0872300192,,,,
32643,0.0,659.220947,479.331238,1676.701294,-0.5357794821,0.8398400266,0.0872300192,,,,
32644,0.0,657.113892,482.87149,1676.701294,-0.5357794821,0.8398400266,0.0872300192,,,,
32645,0.0,655.286377,485.553009,1676.701294,-0.5357794821,0.8398400266,0.0872300192,,,,
32699,0.0,520.081421,479.574066,1676.701294,-0.9479812266,-0.2990194663,0.1091739568,,,,
32700,0.0,519.811218,479.488861,1676.701294,-0.9479812266,-0.2990194663,0.1091739568,,,,
32701,0.0,519.575256,479.414459,1676.701294,-0.9479812266,-0.2990194663,0.1091739568,,,,
32702,0.0,519.2677,479.317383,1676.701294,-0.9479812266,-0.2990194663,0.1091739568,,,,
32703,0.0,518.70166,476.669586,1676.701294,-0.9479812266,-0.2990194663,0.1091739568,,,,
32704,0.0,518.4226685,474.9022065,1676.701294,-0.9479812266,-0.2990194663,0.1091739568,,,,
32705,0.0,518.143677,473.134827,1676.701294,-0.9479812266,-0.2990194663,0.1091739568,0.082081896,61.1295675351,154.0680565479,5.0
32706,0.0,517.529541,469.95694,1676.701294,-0.9479812266,-0.2990194663,0.1091739568,0.0776526236,58.6078709578,151.6917437699,5.0
32707,0.0,516.219727,464.330688,1676.701294,-0.9479812266,-0.2990194663,0.1091739568,0.0701238545,54.2107449654,147.3627666563,5.0
32708,0.0,515.345459,461.072418,1676.701294,-0.9479812266,-0.2990194663,0.1091739568,0.0706311033,53.246226396,144.2391660074,5.0
32709,0.0,514.744568,459.0291135,1676.701294,-0.9479812266,-0.2990194663,0.1091739568,0.0728801528,53.2594654624,142.1633620547,5.0
32710,0.0,514.143677,456.985809,1676.701294,-0.9479812266,-0.2990194663,0.1091739568,0.0751292022,53.2727045287,140.0875581019,5.0
32711,0.0,511.888519,450.941528,1676.701294,-0.9513886052,-0.288320322,0.1083102667,0.0889603176,55.0677768786,133.5563461854,5.0
32712,0.0,511.055557,449.4606625,1676.701294,-0.9549797276,-0.2760923088,0.1078150793,0.0977381338,56.6621861925,131.6381750359,5.0
32713,0.0,508.966766,446.038635,1676.701294,-0.9626133945,-0.2490070061,0.1066347207,0.1194256827,60.2166986611,127.0640884694,5.0
32714,0.0,506.846008,443.094574,1676.701294,-0.9667646737,-0.233213959,0.1047726827,0.1387658966,62.4438802249,122.8706082506,5.0
32715,0.0,504.737823,440.457947,1676.701294,-0.9679853497,-0.2286465335,0.1035621814,,,,
32716,0.0,502.493866,437.954956,1676.701294,-0.9682554037,-0.2283771108,0.1016138202,,,,
32717,0.0,500.796204,436.281158,1676.701294,-0.9690090361,-0.2264179693,0.0987744459,,,,
32718,0.0,498.303223,434.02829,1676.701294,-0.9698158273,-0.2250215475,0.0939285067,,,,
32719,0.0,495.904205,432.067688,1676.71814,-0.9705481353,-0.22346819,0.0899904728,,,,
32720,0.0,493.033173,429.885681,1676.73999,-0.9699300383,-0.2264724658,0.0891400198,,,,
32721,0.0,490.28418,427.995728,1676.758667,-0.9698553177,-0.226792232,0.0891400372,,,,
32722,0.0,488.064545,426.579712,1676.773804,-0.9698553177,-0.226792232,0.0891400372,,,,
32723,0.0,484.939819,424.712433,1676.796387,-0.9698553177,-0.226792232,0.0891400372,,,,
32724,0.0,481.917877,423.030121,1676.81604,-0.9698553177,-0.226792232,0.0891400372,,,,
32725,0.0,478.822144,421.413208,1676.817505,-0.9698553177,-0.226792232,0.0891400372,,,,
32726,0.0,476.749969,420.385834,1676.817505,-0.9698553177,-0.226792232,0.0891400372,,,,
32727,0.0,473.344391,418.781128,1676.817505,-0.9700224187,-0.2260764561,0.0891400198,,,,
32728,0.0,470.056305,417.315857,1676.817505,-0.9702496321,-0.225099323,0.0891400372,,,,
32729,0.0,466.38559,415.75351,1676.817505,-0.9702884021,-0.2249321467,0.0891400372,,,,
32730,0.0,463.717224,414.668823,1676.817505,-0.9702884021,-0.2249321467,0.0891400372,,,,
32731,0.0,460.228851,413.30191,1676.817505,-0.9702884021,-0.2249321467,0.0891400372,,,,
32732,0.0,457.060364,412.107941,1676.817505,-0.9702884021,-0.2249321467,0.0891400372,,,,
32733,0.0,453.57251,410.839264,1676.817505,-0.9702884021,-0.2249321467,0.0891400372,,,,
32734,0.0,449.997375,409.583069,1676.817505,-0.9702884021,-0.2249321467,0.0891400372,,,,
32735,0.0,446.482391,408.38736,1676.817505,-0.9702884021,-0.2249321467,0.0891400372,,,,
32736,0.0,443.086487,407.265656,1676.809937,-0.9702884021,-0.2249321467,0.0891400372,,,,
32737,0.0,439.630829,406.153931,1676.800293,-0.9702884021,-0.2249321467,0.0891400372,,,,
32738,0.0,436.326752,405.116699,1676.791016,-0.9702884021,-0.2249321467,0.0891400372,,,,
32739,0.0,432.895813,404.062714,1676.78125,-0.9702884021,-0.2249321467,0.0891400372,,,,
32740,0.0,429.568085,403.061371,1676.771851,-0.9702884021,-0.2249321467,0.0891400372,,,,
32741,0.0,425.952545,401.994019,1676.761841,-0.9702884021,-0.2249321467,0.0891400372,,,,
32742,0.0,422.522003,400.999969,1676.752075,-0.9702884021,-0.2249321467,0.0891400372,,,,
32743,0.0,418.899292,399.967804,1676.741821,-0.9702884021,-0.2249321467,0.0891400372,,,,
32744,0.0,415.558746,399.031067,1676.732544,-0.9702884021,-0.2249321467,0.0891400372,,,,
32745,0.0,411.943848,398.031647,1676.722412,-0.9702884021,-0.2249321467,0.0891400372,,,,
32746,0.0,405.906403,396.393097,1676.705322,-0.9702884021,-0.2249321467,0.0891400372,,,,
32747,0.0,402.311035,395.43927,1676.701172,-0.9704448715,-0.2242561083,0.0891400545,,,,
32748,0.0,398.798157,394.514404,1676.701294,-0.9705036085,-0.224001785,0.0891400372,,,,
32749,0.0,395.07843,393.55011,1676.701294,-0.9706753098,-0.2232565786,0.0891400198,,,,
32750,0.0,391.451569,392.62207,1676.701294,-0.9708972555,-0.2222893974,0.0891400198,,,,
32751,0.0,387.806732,391.706543,1676.701294,-0.9712320449,-0.22047986,0.0899830331,,,,
32752,0.0,384.311432,390.83847,1676.701294,-0.9716464178,-0.2186004269,0.0900949063,,,,
32753,0.0,380.918915,390.01828,1676.701294,-0.9723541907,-0.2150743189,0.0909415487,,,,
32754,0.0,378.217224,389.37912,1676.701294,-0.9731321156,-0.2114801003,0.0910497273,,,,
32755,0.0,374.3862,388.512451,1676.701294,-0.9747514464,-0.2031930593,0.0925861677,,,,
32756,0.0,371.195221,387.830292,1676.701294,-0.9767438553,-0.1932098769,0.092959048,,,,
32757,0.0,367.40274,387.035645,1676.701294,-0.9789145621,-0.181472885,0.0937756477,,,,
32758,0.0,364.163635,386.406982,1676.701294,-0.9813371427,-0.167802419,0.0939135805,,,,
32759,0.0,360.310364,385.682068,1676.701294,-0.9839631916,-0.1516465421,0.0939135979,,,,
32760,0.0,357.463989,385.145752,1676.701294,-0.985471563,-0.1419981226,0.0931790302,,,,
32761,0.0,353.742859,384.482147,1676.701294,-0.987482785,-0.1280164532,0.0921386839,,,,
32762,0.0,350.017822,383.845062,1676.701294,-0.9891583031,-0.1144597727,0.0920044125,,,,
32763,0.0,347.202393,383.367279,1676.701294,-0.9900434362,-0.1065325122,0.0920044473,,,,
32764,0.0,343.546936,382.751923,1676.701294,-0.9908436468,-0.0988132035,0.0920044473,,,,
32765,0.0,339.975677,382.161255,1676.701294,-0.9913597362,-0.0934936272,0.0920044299,,,,
32766,0.0,336.650177,381.612823,1676.701294,-0.9915664077,-0.0912756657,0.0920044125,,,,
32767,0.0,332.815948,380.98761,1676.701294,-0.9915964452,-0.0909487484,0.0920044299,,,,
32768,0.0,329.478729,380.462463,1676.701294,-0.9915964452,-0.0909487484,0.0920044299,,,,
32769,0.0,326.043762,379.940216,1676.701294,-0.9915964452,-0.0909487484,0.0920044299,,,,
32770,0.0,322.689362,379.453766,1676.701294,-0.9916700643,-0.0901424719,0.0920044473,,,,
32771,0.0,318.820679,378.928284,1676.701294,-0.9920121517,-0.0872642222,0.0910870264,,,,
32772,0.0,315.481873,378.501495,1676.701294,-0.9924070681,-0.0836520797,0.0901695109,,,,
32773,0.0,312.187775,378.117004,1676.701294,-0.9930578043,-0.0775635454,0.088431294,,,,
32774,0.0,309.153961,377.791107,1676.701294,-0.9936822017,-0.0703153039,0.0874725099,,,,
32775,0.0,304.958099,377.382233,1676.701294,-0.9946503064,-0.058114555,0.0854017943,,,,
32776,0.0,301.760559,377.087921,1676.701294,-0.9952763374,-0.0492877702,0.0836404677,,,,
32777,0.0,297.895569,376.74704,1676.701294,-0.9958066871,-0.0396132771,0.0824610834,,,,
32778,0.0,294.695038,376.493896,1676.701294,-0.9962612128,-0.0308222843,0.0807067693,,,,
32779,0.0,291.35321,376.236145,1676.701294,-0.9965456522,-0.0233166516,0.0797063164,,,,
32780,0.0,287.786194,375.96817,1676.701294,-0.9966793498,-0.0172104467,0.0795868976,,,,
32781,0.0,283.988922,375.674805,1676.701294,-0.9967202325,-0.0146529654,0.0795868628,,,,
32782,0.0,280.872101,375.449921,1676.701294,-0.9968102301,-0.012950195,0.0787506034,,,,
32783,0.0,277.051453,375.177765,1676.701294,-0.9968227346,-0.0127113934,0.0786311407,,,,
32784,0.0,273.680634,374.95343,1676.701294,-0.9968227346,-0.0127113934,0.0786311407,,,,
32785,0.0,270.43222,374.750916,1676.701294,-0.9968227346,-0.0127113934,0.0786311407,,,,
32786,0.0,266.716888,374.534027,1676.701294,-0.9968227346,-0.0127113934,0.0786311407,,,,
32787,0.0,262.904816,374.326477,1676.701294,-0.9968227346,-0.0127113934,0.0786311407,,,,
32788,0.0,259.530884,374.155151,1676.701294,-0.9968227346,-0.0127113934,0.0786311407,,,,
32789,0.0,252.822708,373.843658,1676.701294,-0.9968227346,-0.0127113934,0.0786311407,,,,
32790,0.0,249.077011,373.68457,1676.701294,-0.9968227346,-0.0127113934,0.0786311407,,,,
32791,0.0,245.893494,373.557251,1676.701294,-0.9968227346,-0.0127113934,0.0786311407,,,,
32792,0.0,242.256866,373.419434,1676.701294,-0.9968227346,-0.0127113934,0.0786311407,,,,
32793,0.0,238.562134,373.279663,1676.701294,-0.9968110612,-0.0135959291,0.0786311581,,,,
32794,0.0,235.210892,373.157867,1676.701294,-0.9967982182,-0.0145070027,0.0786311581,,,,
32795,0.0,231.581345,373.02301,1676.701294,-0.9967680611,-0.0164491165,0.0786311581,,,,
32796,0.0,227.99588,372.90152,1676.701294,-0.9967498518,-0.0175178149,0.0786311581,,,,
32797,0.0,224.877457,372.799683,1676.701294,-0.9967345964,-0.018365404,0.0786311407,,,,
32798,0.0,220.934891,372.674347,1676.701294,-0.9967142807,-0.0194367269,0.0786311407,,,,
32799,0.0,217.225937,372.559418,1676.701294,-0.9966941205,-0.0204443422,0.0786311581,,,,
32800,0.0,213.972519,372.468384,1676.701294,-0.9966939641,-0.020452031,0.0786311407,,,,
32801,0.0,210.249527,372.358185,1676.701294,-0.9966743835,-0.0213850345,0.0786311233,,,,
32802,0.0,207.103424,372.265869,1676.701294,-0.9966556715,-0.0222399682,0.0786311407,,,,
32803,0.0,203.270325,372.154541,1676.701294,-0.9966318858,-0.0232814943,0.0786311407,,,,
32804,0.0,200.124176,372.063812,1676.701294,-0.9965467465,-0.0241345605,0.0794487573,,,,
32805,0.0,196.291077,371.953735,1676.701294,-0.9965099733,-0.0251754151,0.0795868802,,,,
32806,0.0,193.147476,371.870544,1676.701294,-0.9965086525,-0.0252276966,0.0795868628,,,,
32807,0.0,189.317307,371.77002,1676.701294,-0.9965086525,-0.0252276966,0.0795868628,,,,
32808,0.0,185.72052,371.675964,1676.701294,-0.9965086525,-0.0252276966,0.0795868628,,,,
32809,0.0,182.535568,371.592896,1676.701294,-0.9965086525,-0.0252276966,0.0795868628,,,,
32810,0.0,178.746567,371.494324,1676.701294,-0.9965086525,-0.0252276966,0.0795868628,,,,
32811,0.0,175.341934,371.405884,1676.701294,-0.9965086525,-0.0252276966,0.0795868628,,,,
32812,0.0,171.621567,371.309631,1676.701294,-0.9965086525,-0.0252276966,0.0795868628,,,,
32813,0.0,168.615067,371.231995,1676.701294,-0.9965086525,-0.0252276966,0.0795868628,,,,
32814,0.0,165.018234,371.139221,1676.701294,-0.9965086525,-0.0252276966,0.0795868628,,,,
32815,0.0,161.201752,371.040955,1676.701294,-0.9965086525,-0.0252276966,0.0795868628,,,,
32816,0.0,157.591202,370.948181,1676.701294,-0.9965086525,-0.0252276966,0.0795868628,,,,
32817,0.0,154.227753,370.861816,1676.701294,-0.9965086525,-0.0252276966,0.0795868628,,,,
32818,0.0,150.617188,370.769287,1676.701294,-0.9965086525,-0.0252276966,0.0795868628,,,,
32819,0.0,147.363541,370.686035,1676.701294,-0.9965086525,-0.0252276966,0.0795868628,,,,
32820,0.0,143.766693,370.594055,1676.701294,-0.9965086525,-0.0252276966,0.0795868628,,,,
32821,0.0,140.156097,370.501831,1676.701294,-0.9965086525,-0.0252276966,0.0795868628,,,,
32822,0.0,136.561523,370.417969,1676.701294,-0.9965310235,-0.024328032,0.0795868454,,,,
32823,0.0,133.206802,370.402008,1676.701294,-0.9966925834,-0.0164263642,0.0795868628,,,,
32824,0.0,129.419724,370.400665,1676.701294,-0.9968090702,-0.0061326097,0.0795868628,,,,
32825,0.0,126.44593,370.48468,1676.701294,-0.9967681787,0.010914634,0.0795868628,,,,
32826,0.0,122.6035,370.478271,1676.701294,-0.9958923143,0.0414561272,0.0804977502,,,,
32827,0.0,119.04081,370.357666,1676.72522,-0.9934508493,0.0800841194,0.0814981215,,,,
32828,0.0,116.136986,370.229248,1676.812988,-0.9890852922,0.1227531823,0.0814981041,,,,
32829,0.0,109.635704,369.893127,1677.017212,-0.9659051033,0.2460015533,0.0806880856,,,,
32830,0.0,107.8224065,369.7845915,1677.068054,-0.9536940274,0.2867656868,0.0801374742,,,,
32831,0.0,103.209793,369.548401,1677.141113,-0.9092670953,0.4090579439,0.0768436596,,,,
32832,0.0,100.170807,368.795776,1677.162598,-0.8788055357,0.4712511075,0.0749881599,,,,
32833,0.0,96.9935,368.346283,1677.166138,-0.8353413205,0.5449961881,0.0720002312,,,,
32834,0.0,94.193703,367.933289,1677.159668,-0.8010536495,0.5948687391,0.0666650867,,,,
32835,0.0,90.864609,367.353516,1677.151733,-0.7703352954,0.634103554,0.0670538247,,,,
32836,0.0,87.988777,366.780273,1677.145752,-0.7577219192,0.6479968308,0.0771854938,,,,
32837,0.0,84.331406,366.060242,1677.138672,-0.7559246401,0.6499192889,0.0786311407,,,,
32838,0.0,81.353424,365.511353,1677.133057,-0.7559246401,0.6499192889,0.0786311407,,,,
32839,0.0,77.614395,364.859802,1677.126465,-0.7559246401,0.6499192889,0.0786311407,,,,
32840,0.0,74.729103,364.387115,1677.121704,-0.7559246401,0.6499192889,0.0786311407,,,,
32841,0.0,70.952301,363.79953,1677.115845,-0.7559246401,0.6499192889,0.0786311407,,,,
32842,0.0,67.82502,363.327515,1677.103027,-0.7559246401,0.6499192889,0.0786311407,,,,
32843,0.0,64.222961,362.728821,1677.077515,-0.7559246401,0.6499192889,0.0786311407,,,,
32844,0.0,61.075539,362.226929,1677.054688,-0.7559246401,0.6499192889,0.0786311407,,,,
32845,0.0,57.711372,361.708862,1677.030396,-0.7559246401,0.6499192889,0.0786311407,,,,
32846,0.0,54.076862,361.168518,1676.991943,-0.7559246401,0.6499192889,0.0786311407,,,,
32847,0.0,50.427643,360.644745,1676.934082,-0.7559246401,0.6499192889,0.0786311407,,,,
32848,0.0,47.127697,360.18634,1676.880005,-0.7559246401,0.6499192889,0.0786311407,,,,
32849,0.0,43.948921,359.756287,1676.828003,-0.7559246401,0.6499192889,0.0786311407,,,,
32850,0.0,40.39259,359.287628,1676.779297,-0.7559246401,0.6499192889,0.0786311407,,,,
32851,0.0,36.822563,358.829498,1676.757202,-0.7559246401,0.6499192889,0.0786311407,,,,
32852,0.0,33.32428,358.398193,1676.739258,-0.7553474483,0.6505900214,0.0786311407,,,,
32853,0.0,29.858732,358.071655,1676.720947,-0.7475073899,0.6607061698,0.0685569778,,,,
32854,0.0,26.767082,357.858459,1676.704468,-0.7346540832,0.6759605985,0.0579710899,,,,
32855,0.0,23.169294,357.685211,1676.701416,-0.7141226089,0.6986031707,0.0445253792,,,,
32856,0.0,20.136644,357.588959,1676.701294,-0.6936554235,0.7193862251,0.0364089616,,,,
32857,0.0,16.805065,357.459717,1676.701294,-0.6762428485,0.7359439937,0.0328944987,,,,
32858,0.0,13.344944,357.37738,1676.701294,-0.656258366,0.753907893,0.0307871057,,,,
32859,0.0,10.246077,357.415039,1676.701294,-0.6292738977,0.7765780184,0.0306747945,,,,
32860,0.0,7.257247,357.479095,1676.701294,-0.6038561572,0.7965028553,0.0306747945,,,,
32861,0.0,3.645384,357.608124,1676.701294,-0.5725622106,0.8192526713,0.0315844204,,,,
32862,0.0,0.6159,357.744171,1676.701294,-0.5388238003,0.8417922944,0.0324753027,,,,
32863,0.0,-3.051787,357.889099,1676.701294,-0.497847235,0.8665433973,0.0353648282,,,,
32864,0.0,-6.333659,358.101074,1676.701294,-0.4640996947,0.8849988661,0.0372623193,,,,
32865,0.0,-9.100771,358.401154,1676.701294,-0.43141523,0.9013461939,0.0381567573,,,,
32866,0.0,-12.500571,358.902527,1676.716675,-0.3841162742,0.9224508843,0.0392307784,,,,
32867,0.0,-15.419108,359.387634,1676.718018,-0.3515581236,0.935340869,0.0392981485,,,,
32868,0.0,-18.873552,360.057678,1676.717773,-0.3103173232,0.9499701084,0.0354958027,,,,
32869,0.0,-21.583239,360.648071,1676.732178,-0.2850102287,0.9579560124,0.0330067845,,,,
32870,0.0,-24.900808,361.452484,1676.735107,-0.2563461063,0.9661468393,0.0291025543,,,,
32871,0.0,-34.498798,363.177246,1674.376587,-0.221002486,0.9749924632,0.0234008092,,,,
32872,0.0,-36.2239875,363.833313,1674.1607055,-0.2142403983,0.9765021072,0.0222569772,,,,
32873,0.0,-40.816868,365.618652,1673.659424,-0.2004626856,0.9795106074,0.0193308481,,,,
32874,0.0,-43.66378,366.831268,1673.28894,-0.195771909,0.9804925664,0.0175410032,,,,
32875,0.0,-46.726101,368.199219,1672.922119,-0.1926063729,0.9811386869,0.0164213964,,,,
32876,0.0,-49.931553,369.673035,1672.660522,-0.1922458599,0.9812264357,0.0153691657,,,,
32877,0.0,-52.519974,370.763367,1672.702515,-0.1914117576,0.9813899571,0.0153392019,,,,
32878,0.0,-55.434334,372.183105,1672.887573,-0.1913079258,0.9814244431,0.0143993064,,,,
32879,0.0,-57.737236,373.512268,1673.085693,-0.1913078403,0.9814247343,0.014380581,,,,
32880,0.0,-60.346489,375.219543,1673.572144,-0.1913078403,0.9814247343,0.014380581,,,,
32881,0.0,-62.527195,376.867737,1674.003052,-0.1913078403,0.9814247343,0.014380581,,,,
32882,0.0,-64.907013,378.873596,1674.624878,-0.1913078403,0.9814247343,0.014380581,,,,
32883,0.0,-67.221977,381.075073,1675.242188,-0.1913078403,0.9814247343,0.014380581,,,,
32903,0.0,-95.425011,438.053955,1676.42749,-0.174962836,0.9840459577,-0.0322731948,,,,
32904,0.0,-97.231674,442.809326,1676.611328,-0.1736883782,0.984147608,-0.0358585128,,,,
32905,0.0,-98.508827,445.752716,1676.562378,-0.1728993902,0.9842033012,-0.0380744376,,,,
32906,0.0,-100.282806,450.549713,1676.272461,-0.1716004287,0.9842829829,-0.0417169327,,,,
32907,0.0,-101.586365,453.800171,1675.649414,-0.1706429819,0.9843322351,-0.0443962131,,,,
32908,0.0,-104.14048,459.508911,1674.633179,-0.1704108679,0.9843429508,-0.0450454363,,,,
32909,0.0,-104.892029,460.948639,1673.63562,-0.1704108679,0.9843429508,-0.0450454363,,,,
33794,0.0,927.109985,711.792908,1665.849365,-0.9579243231,0.2845761271,-0.0373820701,,,,
33795,0.0,927.109985,711.792908,1663.982178,-0.9579243231,0.2845761271,-0.0373820701,,,,
33796,0.0,927.109985,711.792908,1665.355469,-0.9579243231,0.2845761271,-0.0373820701,,,,
34097,0.0,589.412231,1577.755859,1765.323364,-0.8770334488,0.4757258794,0.0670612953,0.0053369722,121.461131831,1177.2130923764,7.0
34098,0.0,589.612732,1577.969727,1765.254761,-0.8770334488,0.4757258794,0.0670612953,0.0052904078,120.904767197,1176.9527023038,7.0
34099,0.0,589.805908,1578.183472,1765.128296,-0.8770334488,0.4757258794,0.0670612953,0.0052414752,120.3237214169,1176.7367665487,7.0
34100,0.0,589.871338,1578.375854,1765.059082,-0.8770334488,0.4757258794,0.0670612953,0.0052020676,119.8572444417,1176.5945663117,7.0
34101,0.0,589.883362,1578.572876,1764.984375,-0.8770334488,0.4757258794,0.0670612953,0.0051701293,119.4666626629,1176.3677191836,7.0
34102,0.0,587.19281,1580.32312,1765.108643,-0.8766304972,0.4764679966,0.0670613127,0.0051058798,118.3819137599,1172.9787366768,7.0
34103,0.0,584.737488,1581.985718,1765.098389,-0.8763059434,0.4771550696,0.0664148561,0.0049912135,116.7378074585,1169.8658214006,7.0
34104,0.0,581.21228,1584.495972,1764.821289,-0.8761756923,0.4774372499,0.0661046787,0.0049101985,115.3358816467,1165.2891233279,7.0
34105,0.0,578.330505,1587.259033,1764.339233,-0.8758059753,0.4782357161,0.0652264785,0.0047113415,112.5812899913,1161.1573073259,7.0
34106,0.0,575.89679,1588.974121,1764.498779,-0.8754647672,0.4789693112,0.0644192547,0.0045921065,110.8585697829,1158.1037048407,7.0
34107,0.0,572.778625,1591.057129,1764.766479,-0.8750000218,0.47984835,0.0641912987,0.0045114593,109.5224026332,1154.3029886076,7.0
34108,0.0,570.136292,1592.762207,1764.958618,-0.8743252251,0.4811621302,0.0635484479,0.0043817939,107.6380252544,1151.0681076464,7.0
34109,0.0,566.098083,1595.25293,1765.238647,-0.8736479388,0.4825511905,0.0623187578,0.0042046609,104.9794981076,1145.9904559675,7.0
34110,0.0,563.494507,1596.817749,1765.34314,-0.8732930588,0.4832989573,0.0614926926,0.0040860656,103.1880563238,1142.630621945,7.0
34122,0.0,528.795776,1614.768433,1766.058838,-0.9276039777,0.3683951741,0.0619342903,0.0158168176,194.9924752138,1100.6960728769,7.0
34123,0.0,520.755127,1618.689941,1766.37854,-0.9394110113,0.3371220312,0.0620941857,0.0209862011,222.5096375841,1091.8362275671,7.0
34124,0.0,518.6654055,1619.6588745,1766.470154,-0.9424530254,0.3283831496,0.0621383791,0.0225909225,230.1194467981,1089.5589517323,7.0
34125,0.0,516.575684,1620.627808,1766.561768,-0.9454950394,0.319644268,0.0621825725,0.024195644,237.7292560122,1087.2816758975,7.0
34126,0.0,512.586975,1622.531006,1766.683838,-0.951666846,0.3007519672,0.0622773519,0.0278622797,253.8407348134,1082.8900734965,7.0
34127,0.0,507.253601,1624.477295,1766.853394,-0.9783524338,0.1966381097,0.0644978227,0.0563600754,356.5647494161,1077.319988063,7.0
34128,0.0,505.1779785,1625.1973875,1766.8351445,-0.9854882044,0.1491538325,0.0652676394,0.0734740951,401.360178783,1075.0379722298,7.0
34129,0.0,500.387177,1626.788574,1766.67981,-0.9970670894,0.0373030152,0.0668259258,0.118115643,504.2780595681,1069.5963142626,7.0
34130,0.0,498.336838,1627.3954465,1766.506836,-0.9960382972,-0.0169631217,0.0683503266,,,,
34131,0.0,493.410553,1628.791504,1766.14856,-0.988141452,-0.1358674726,0.0715297199,,,,
34132,0.0,490.309052,1628.807373,1765.871338,-0.9755129223,-0.2073709449,0.0732927661,,,,
34133,0.0,486.503998,1628.303223,1765.689819,-0.9470224969,-0.3123751462,0.0746334933,,,,
34134,0.0,483.923401,1628.153687,1765.321533,-0.9304536947,-0.3585686402,0.0753953063,,,,
34135,0.0,479.863831,1627.908691,1765.192383,-0.9022762497,-0.4241196823,0.0775890741,,,,
34136,0.0,477.336975,1627.557495,1765.097778,-0.8805888234,-0.4668588737,0.0812780176,,,,
34137,0.0,473.410492,1627.219482,1765.192261,-0.8548030049,-0.5122130612,0.0833642774,,,,
34138,0.0,470.645355,1627.043823,1765.310303,-0.846546371,-0.5258569304,0.0826663813,,,,
34139,0.0,466.712982,1626.760498,1765.603394,-0.8444214784,-0.5292955386,0.0824536215,,,,
34140,0.0,464.113434,1626.581665,1765.826294,-0.8444214784,-0.5292955386,0.0824536215,,,,
34141,0.0,460.223236,1626.180908,1766.015503,-0.8444214784,-0.5292955386,0.0824536215,,,,
34142,0.0,457.271301,1625.710938,1766.070923,-0.8444214784,-0.5292955386,0.0824536215,,,,
34143,0.0,453.100708,1624.978027,1765.371338,-0.8444214784,-0.5292955386,0.0824536215,,,,
34144,0.0,450.456818,1624.358032,1764.741821,-0.8444214784,-0.5292955386,0.0824536215,,,,
34145,0.0,446.479462,1623.329102,1763.871338,-0.8444214784,-0.5292955386,0.0824536215,,,,
34146,0.0,444.018219,1622.544067,1763.31604,-0.8444214784,-0.5292955386,0.0824536215,,,,
34147,0.0,440.312195,1621.275391,1762.418457,-0.8444214784,-0.5292955386,0.0824536215,,,,
34148,0.0,437.727539,1620.332153,1761.763428,-0.8444214784,-0.5292955386,0.0824536215,,,,
34149,0.0,433.800598,1618.816406,1760.749146,-0.8444214784,-0.5292955386,0.0824536215,,,,
34150,0.0,431.168915,1617.747314,1760.040894,-0.8444214784,-0.5292955386,0.0824536215,,,,
34151,0.0,427.467651,1616.179443,1758.989014,-0.8444214784,-0.5292955386,0.0824536215,,,,
34152,0.0,424.884674,1615.043701,1758.081055,-0.8444214784,-0.5292955386,0.0824536215,,,,
34153,0.0,421.102814,1613.323486,1756.733765,-0.8444214784,-0.5292955386,0.0824536215,,,,
34154,0.0,418.562134,1612.035034,1755.88855,-0.8444214784,-0.5292955386,0.0824536215,,,,
34155,0.0,414.794281,1610.064941,1754.452759,-0.8444214784,-0.5292955386,0.0824536215,,,,
34156,0.0,412.297852,1608.752808,1753.619873,-0.8448565953,-0.5288017042,0.0811547347,,,,
34157,0.0,408.611908,1606.778198,1752.313843,-0.8461160273,-0.5272555392,0.0780337407,,,,
34158,0.0,405.978058,1605.32959,1751.411255,-0.8460306479,-0.5277696142,0.075441217,,,,
34159,0.0,403.167755,1603.744751,1750.46106,-0.8446251622,-0.5303049785,0.0733823215,,,,
34160,0.0,399.476624,1601.541992,1749.636719,-0.8441523453,-0.5313841524,0.07097676,,,,
34161,0.0,396.859802,1599.966431,1749.647095,-0.8442532544,-0.5314476735,0.0692806815,,,,
34162,0.0,391.654144,1596.646973,1749.866577,-0.8392201469,-0.5399094459,0.064863975,,,,
34163,0.0,389.88562,1595.4552005,1750.1362915,-0.8364985001,-0.5442786892,0.0632605658,,,,
34164,0.0,385.696075,1592.658325,1750.665283,-0.8313409165,-0.5523694848,0.0613207363,,,,
34165,0.0,383.9130095,1591.4504395,1750.9075925,-0.8307140696,-0.5533106028,0.0613207363,,,,
34166,0.0,382.129944,1590.242554,1751.149902,-0.8300872227,-0.5542517208,0.0613207363,,,,
34167,0.0,377.214813,1586.708374,1752.066406,-0.8332122971,-0.5495425691,0.0613207363,,,,
34168,0.0,375.410385,1585.4086305,1752.321228,-0.8376274146,-0.5427821214,0.060847862,,,,
34169,0.0,371.301636,1582.644897,1752.629028,-0.8546490001,-0.5156852742,0.0603637682,,,,
34170,0.0,369.5126955,1581.5119015,1752.7614745,-0.864910744,-0.4978579137,0.0603637682,,,,
34171,0.0,367.723755,1580.378906,1752.893921,-0.8751724878,-0.4800305532,0.0603637682,,,,
34172,0.0,362.305573,1577.470215,1752.747314,-0.9121646691,-0.4053539589,0.0603637682,,,,
34173,0.0,360.4171755,1576.44635,1752.633728,-0.9221607042,-0.381170697,0.0603637682,,,,
34174,0.0,355.942657,1574.13147,1752.394653,-0.9455736266,-0.3199020653,0.0596086002,,,,
34175,0.0,353.187256,1572.76062,1752.101196,-0.9566777256,-0.2851570733,0.058763704,,,,
34176,0.0,349.497192,1571.047241,1751.628906,-0.9683345448,-0.2431009053,0.0568344889,,,,
34177,0.0,346.729401,1569.832642,1751.408936,-0.9732133911,-0.2230155423,0.0558548411,,,,
34178,0.0,342.70224,1568.124146,1751.019043,-0.9763294344,-0.209026087,0.0555781481,,,,
34179,0.0,339.945831,1567.033569,1750.949463,-0.9767230343,-0.2071791056,0.0555781656,,,,
34180,0.0,335.943024,1565.569336,1750.921509,-0.9769991985,-0.2058728626,0.0555781481,,,,
34181,0.0,333.023346,1564.56543,1750.950195,-0.9770030358,-0.2058546512,0.0555781481,,,,
34182,0.0,330.047089,1563.655396,1751.085083,-0.9770030358,-0.2058546512,0.0555781481,,,,
34183,0.0,325.653687,1562.421753,1751.33728,-0.9770030358,-0.2058546512,0.0555781481,,,,
34184,0.0,322.882629,1561.651367,1751.460205,-0.9770030358,-0.2058546512,0.0555781481,,,,
34185,0.0,318.996613,1560.664551,1751.711304,-0.9770030358,-0.2058546512,0.0555781481,,,,
34186,0.0,316.346588,1560.108398,1751.950317,-0.9770030358,-0.2058546512,0.0555781481,,,,
34187,0.0,312.990448,1559.424805,1752.252686,-0.9770030358,-0.2058546512,0.0555781481,,,,
34188,0.0,308.598114,1558.508545,1752.492554,-0.9770030358,-0.2058546512,0.0555781481,,,,
34189,0.0,307.11261,1558.359497,1752.638794,-0.9770030358,-0.2058546512,0.0555781481,,,,
34190,0.0,301.739655,1557.18457,1752.767578,-0.9770485145,-0.2058642335,0.0547368034,,,,
34191,0.0,298.605927,1556.337158,1752.760132,-0.9770547263,-0.2058655423,0.0546208778,,,,
34192,0.0,295.586639,1555.659546,1752.709595,-0.9771871459,-0.205236063,0.0546208778,,,,
34193,0.0,291.339233,1554.709839,1752.657471,-0.97742936,-0.2040794109,0.0546208778,,,,
34194,0.0,288.241089,1553.95874,1752.495605,-0.9777642937,-0.2024686286,0.0546208778,,,,
34195,0.0,285.048523,1553.206055,1752.345459,-0.9781648989,-0.2007184801,0.0539028964,,,,
34196,0.0,282.074188,1552.405884,1752.068237,-0.9787537995,-0.1978919513,0.0536635398,,,,
34197,0.0,277.867432,1551.355225,1751.767944,-0.9805142421,-0.1892090583,0.0528370441,,,,
34198,0.0,274.035034,1550.408691,1751.466187,-0.9823054373,-0.179716692,0.0527061525,,,,
34199,0.0,271.289551,1549.720703,1751.083252,-0.9835755703,-0.1728578476,0.0519544234,,,,
34200,0.0,268.2435,1549.068237,1750.635254,-0.9852335972,-0.1634105107,0.0511054205,,,,
34201,0.0,263.996185,1548.17981,1750.174805,-0.986863929,-0.153648876,0.0499160153,,,,
34202,0.0,261.93045,1547.904663,1750.373535,-0.9874667666,-0.1497530748,0.0498337383,,,,
34203,0.0,258.153809,1547.052368,1750.393677,-0.9878542711,-0.1474736333,0.0489435039,,,,
34204,0.0,255.517105,1546.374146,1750.506958,-0.9878674682,-0.147407551,0.0488761625,,,,
34205,0.0,250.740158,1545.325562,1750.543213,-0.9877488632,-0.1485848378,0.0476941224,,,,
34206,0.0,250.312828,1545.2246705,1750.565796,-0.9875627394,-0.1509523592,0.0437243944,,,,
34207,0.0,249.045715,1544.887451,1750.67688,-0.9869470147,-0.1584131317,0.0289977566,,,,
34208,0.0,248.163246,1544.5649415,1750.593567,-0.9863632401,-0.1628702866,0.0222508577,,,,
34209,0.0,245.865692,1543.646606,1749.903076,-0.9847661858,-0.173688981,0.0082278256,,,,
34210,0.0,245.0293805,1543.5911255,1749.4245605,-0.9836506592,-0.1798823807,0.0037543838,,,,
34211,0.0,243.093475,1543.196533,1747.879395,-0.9802406432,-0.1977303954,-0.0055652678,,,,
34212,0.0,242.398155,1542.967224,1747.284668,-0.9785742454,-0.2055673727,-0.0080181071,,,,
34213,0.0,240.664749,1542.547485,1745.181274,-0.9749580288,-0.2220588984,-0.0121114686,,,,
34214,0.0,240.1600645,1542.613403,1744.248474,-0.973860833,-0.2267346332,-0.0127666903,,,,
34215,0.0,238.974899,1542.821899,1741.521851,-0.9719535154,-0.2347897276,-0.013421912,,,,
34216,0.0,238.425064,1542.946411,1739.834839,-0.9716970724,-0.23584879,-0.013421912,,,,
34217,0.0,237.751251,1543.03125,1738.333252,-0.9712100604,-0.2378463176,-0.013421912,,,,
34218,0.0,236.756943,1543.208862,1735.526123,-0.970841479,-0.2393056025,-0.0141298027,,,,
34219,0.0,236.568634,1543.369263,1733.946777,-0.9700513655,-0.2424737977,-0.0143807381,,,,
34220,0.0,236.377411,1543.453125,1733.265137,-0.9696248464,-0.2441738143,-0.0143807381,,,,
34221,0.0,236.250519,1543.283813,1733.276367,-0.9690830125,-0.2463154669,-0.0143807381,,,,
34222,0.0,236.170715,1543.011841,1733.32312,-0.968454412,-0.2487754935,-0.0143807381,,,,
34223,0.0,236.165817,1542.858398,1733.521484,-0.9672715885,-0.2533354861,-0.0143807381,,,,
34224,0.0,236.13472,1542.814331,1733.769531,-0.9662511805,-0.2572000206,-0.0143807381,,,,
34225,0.0,236.165817,1542.836914,1734.008911,-0.965670558,-0.2593714862,-0.0143807381,,,,
34226,0.0,236.076569,1542.828369,1734.05896,-0.9649835607,-0.2619632908,-0.0134893279,,,,
34227,0.0,235.954376,1542.845581,1734.158569,-0.9645352217,-0.2636884144,-0.0118417124,,,,
34228,0.0,235.775253,1542.874023,1734.333862,-0.9637330378,-0.2666759873,-0.010126681,,,,
34229,0.0,235.402817,1542.901733,1734.467163,-0.9621943692,-0.2722262946,-0.0086510354,,,,
34230,0.0,234.911224,1542.805054,1734.548584,-0.9608062957,-0.2771108262,-0.0078007747,,,,
34231,0.0,234.522537,1542.765015,1734.615234,-0.9592128704,-0.2825989143,-0.006965832,,,,
34232,0.0,233.257706,1541.840698,1734.240601,-0.9576613966,-0.2878187075,-0.0067112642,,,,
34233,0.0,232.669876,1541.861694,1734.303101,-0.9559888468,-0.2933458758,-0.0057898182,,,,
34234,0.0,232.263611,1541.907349,1734.31897,-0.9554535,-0.295085614,-0.0057523641,,,,
34235,0.0,231.930969,1542.028931,1734.410156,-0.9544601653,-0.2982829246,-0.0057523641,,,,
34236,0.0,231.56517,1542.187256,1734.475586,-0.9533627752,-0.3017850774,-0.005018551,,,,
34237,0.0,231.219116,1542.358154,1734.565063,-0.9522709126,-0.3052264208,-0.004115946,,,,
34238,0.0,230.686142,1542.609131,1734.672852,-0.9513418238,-0.3081136591,-0.00383502,,,,
34239,0.0,230.267014,1542.740967,1734.666992,-0.9510834328,-0.308919614,-0.0029959754,,,,
34240,0.0,229.836227,1542.926636,1734.70874,-0.951046655,-0.3090339584,-0.0028762114,,,,
34241,0.0,228.818314,1542.332031,1734.32959,-0.951046655,-0.3090339584,-0.0028762114,,,,
34242,0.0,228.302567,1542.553467,1734.31665,-0.9508650681,-0.3095971625,-0.0022845642,,,,
34243,0.0,227.572037,1542.880127,1734.247437,-0.9504667052,-0.3108263787,-6.74221e-05,,,,
34244,0.0,227.135315,1543.102783,1734.232056,-0.9501903034,-0.3116656805,0.001700264,,,,
34245,0.0,226.625549,1543.404663,1734.219971,-0.9501516635,-0.311767366,0.0035952658,,,,
34246,0.0,226.204605,1543.657349,1734.298828,-0.9499057402,-0.3124905181,0.0053629173,,,,
34247,0.0,225.70813,1543.922119,1734.31665,-0.949838645,-0.3126736545,0.006460204,,,,
34248,0.0,224.611176,1544.40686,1734.315796,-0.9498370755,-0.3126731378,0.0067111071,,,,
34249,0.0,224.271255,1544.724121,1734.446289,-0.9498370755,-0.3126731378,0.0067111071,,,,
34250,0.0,223.985214,1544.520996,1734.191406,-0.9498370755,-0.3126731378,0.0067111071,,,,
34251,0.0,223.358475,1544.505615,1733.873169,-0.9498370755,-0.3126731378,0.0067111071,,,,
34252,0.0,222.971649,1544.748657,1733.813477,-0.9498327721,-0.3126717212,0.0073552573,,,,
34253,0.0,222.488586,1545.068237,1733.80896,-0.9498305273,-0.3126709823,0.0076698266,,,,
34254,0.0,222.056305,1545.342163,1733.774658,-0.9498254301,-0.3126693043,0.0083401686,,,,
34255,0.0,221.606323,1545.648926,1733.844727,-0.9498231061,-0.3126685393,0.008628539,,,,
34256,0.0,221.003403,1546.015015,1733.86792,-0.9498231061,-0.3126685393,0.008628539,,,,
34257,0.0,220.567245,1546.257812,1733.853271,-0.9498231061,-0.3126685393,0.008628539,,,,
34258,0.0,220.13559,1546.50647,1733.872681,-0.9498231061,-0.3126685393,0.008628539,,,,
34259,0.0,219.655518,1546.786621,1733.987061,-0.9498231061,-0.3126685393,0.008628539,,,,
34260,0.0,219.225494,1546.45813,1733.623779,-0.9498231061,-0.3126685393,0.008628539,,,,
34261,0.0,218.541595,1546.677368,1733.657593,-0.9498231061,-0.3126685393,0.008628539,,,,
34262,0.0,218.024719,1546.9021,1733.62207,-0.9495898572,-0.3133762139,0.008628539,,,,
34263,0.0,217.764572,1547.10498,1733.603027,-0.949316423,-0.3141853217,0.0092689095,,,,
34264,0.0,217.518738,1547.27002,1733.596191,-0.9492135386,-0.3144864755,0.009587226,,,,
34265,0.0,216.9879,1547.338501,1733.580811,-0.9489207104,-0.3153402142,0.0104897426,,,,
34266,0.0,216.740936,1547.41626,1733.543823,-0.9489024316,-0.3153933397,0.0105459216,,,,
34267,0.0,216.354675,1547.427368,1733.578003,-0.9489024316,-0.3153933397,0.0105459216,,,,
34268,0.0,215.980316,1547.415039,1733.553955,-0.9489024316,-0.3153933397,0.0105459216,,,,
34269,0.0,215.389252,1547.322266,1733.679077,-0.9489024316,-0.3153933397,0.0105459216,,,,
34270,0.0,214.338287,1546.616211,1733.275757,-0.9489024316,-0.3153933397,0.0105459216,,,,
34271,0.0,214.058456,1546.619751,1733.160278,-0.9489024316,-0.3153933397,0.0105459216,,,,
34272,0.0,213.412125,1546.620728,1733.334351,-0.9489024316,-0.3153933397,0.0105459216,,,,
34273,0.0,212.784988,1546.551025,1733.367798,-0.948894066,-0.3153905592,0.0113510635,,,,
34274,0.0,212.245102,1546.478027,1733.405273,-0.9488924008,-0.3153900057,0.0115046076,,,,
34275,0.0,211.683029,1546.396118,1733.471313,-0.9488924008,-0.3153900057,0.0115046076,,,,
34276,0.0,211.134476,1546.2948,1733.527588,-0.9488924008,-0.3153900057,0.0115046076,,,,
34277,0.0,210.532608,1546.168579,1733.586426,-0.9488924008,-0.3153900057,0.0115046076,0.1495174674,311.7517900434,592.6803037319,7.0
34278,0.0,210.001373,1545.997314,1733.780762,-0.9488924008,-0.3153900057,0.0115046076,0.1467553947,308.5156802459,591.5804755271,7.0
34279,0.0,209.654144,1545.841431,1734.20105,-0.9488924008,-0.3153900057,0.0115046076,0.1438130588,305.201055884,590.7122994848,7.0
34280,0.0,208.732529,1544.867432,1734.154907,-0.9488924008,-0.3153900057,0.0115046076,0.1416586899,302.4671459746,589.5136389192,7.0
34281,0.0,208.593399,1544.866211,1734.558716,-0.9488924008,-0.3153900057,0.0115046076,0.1386187907,299.1227166804,588.8716964675,7.0
34282,0.0,208.60675,1544.960327,1734.919434,-0.9488924008,-0.3153900057,0.0115046076,0.1354009386,295.6492977925,588.4008396443,7.0
34283,0.0,208.896957,1545.198608,1735.328491,-0.9488924008,-0.3153900057,0.0115046076,0.1319344039,292.0080730507,588.1928862664,7.0
34284,0.0,209.342407,1545.508423,1735.67749,-0.9488924008,-0.3153900057,0.0115046076,0.1286846946,288.6576439352,588.2285908403,7.0
34285,0.0,209.73085,1545.805298,1735.856201,-0.9488924008,-0.3153900057,0.0115046076,0.1249331452,284.748357908,588.3205425209,7.0
34286,0.0,209.894211,1545.970459,1735.86731,-0.9488924008,-0.3153900057,0.0115046076,0.1218549523,281.4109570249,588.2403974761,7.0
34287,0.0,210.080536,1546.186401,1735.860962,-0.9488924008,-0.3153900057,0.0115046076,0.1186654434,277.8235971617,587.9954705026,7.0
34288,0.0,210.240067,1546.402832,1735.825562,-0.9488829084,-0.3153868507,0.0123434404,0.1156159832,274.2650490362,587.593282925,7.0
34289,0.0,210.389374,1546.624146,1735.773315,-0.9488814979,-0.3153863819,0.0124632655,0.1127354905,270.7976430096,587.0811876269,7.0
34290,0.0,210.595581,1546.846924,1735.786743,-0.9488814979,-0.3153863819,0.0124632655,0.1097816313,267.1766738675,586.5130900722,7.0
34291,0.0,210.697098,1547.052246,1735.690063,-0.9488814979,-0.3153863819,0.0124632655,0.1071396306,263.8171567754,585.8260422295,7.0
34292,0.0,210.84166,1547.237793,1735.401123,-0.9488814979,-0.3153863819,0.0124632655,0.1020676783,257.1658149921,584.2904101016,7.0
34293,0.0,210.803604,1547.22522,1735.234253,-0.9488814979,-0.3153863819,0.0124632655,0.0998115183,254.1116441226,583.4933281908,7.0
34294,0.0,210.7683255,1547.21344,1735.12323,-0.9488814979,-0.3153863819,0.0124632655,0.0981909458,251.8853214739,582.9034130587,7.0
34295,0.0,210.733047,1547.20166,1735.012207,-0.9488814979,-0.3153863819,0.0124632655,0.0965703733,249.6589988252,582.3134979267,7.0
34296,0.0,210.644531,1547.158813,1734.943237,-0.9491563796,-0.3145581569,0.0124632655,0.0938980177,246.0038077258,581.4877242818,7.0
34297,0.0,210.571777,1547.075195,1734.846802,-0.9507371255,-0.3097128863,0.0132983537,0.0895233167,240.1617986855,580.7175815684,7.0
34298,0.0,210.337646,1547.067505,1734.694092,-0.9565417291,-0.2911577133,0.0159720505,0.0793571611,226.3533911929,579.7898902491,7.0
34299,0.0,210.183365,1547.494263,1734.52771,-0.9850056818,-0.1701627747,0.0284330265,0.0348333027,151.3340683424,578.415181082,7.0
34300,0.0,210.125366,1547.718384,1734.410645,-0.9978994785,-0.0564107532,0.0318505539,0.0104169515,83.179804322,577.7853654474,7.0
34301,0.0,210.187531,1547.731812,1734.410034,-0.9938778112,0.1053592218,0.0332615499,0.0002900348,13.9033137869,577.3108710004,7.0
34302,0.0,210.299255,1547.73645,1734.410767,-0.956762025,0.2889305399,0.0335495255,0.0233036284,123.8200471915,576.9115174796,7.0
34303,0.0,210.424484,1547.721558,1734.45166,-0.8651824132,0.5003695702,0.0330103779,0.1008203086,252.2878381318,576.5530516801,7.0
34304,0.0,210.5617215,1547.757935,1734.592163,-0.7574146412,0.6299332624,0.0332631797,,,,
34305,0.0,210.86235,1547.918457,1734.924194,-0.5594211401,0.8281353703,0.0352107418,,,,
34306,0.0,212.049194,1548.480225,1736.026978,-0.1923183068,0.9803452607,0.0440095298,0.0452279089,60.7954987265,204.4655316967,6.0
34307,0.0,213.1418,1548.712769,1737.13916,0.00345241,0.9986557149,0.0517188942,0.0052185105,21.1531503782,207.326162578,6.0
34308,0.0,214.240158,1548.836426,1738.432861,0.1232259484,0.9903762126,0.0630105007,0.0002949728,5.1072908478,210.2890396723,6.0
34309,0.0,215.239487,1548.908203,1739.862793,0.1789719952,0.9813208094,0.0705584437,0.003683405,18.2909024105,213.3023723896,6.0
34310,0.0,216.120026,1549.009033,1741.586304,0.1877305308,0.9795228796,0.0727473446,0.0050558911,21.7394699921,216.4635268585,6.0
34311,0.0,216.939743,1549.07605,1743.443359,0.1879096747,0.9794846437,0.0727996353,0.005685803,23.3795521096,219.5550803105,6.0
34312,0.0,217.711868,1549.284058,1744.767578,0.1879096747,0.9794846437,0.0727996353,0.0062012195,24.7483910548,222.570578875,6.0
34313,0.0,218.175339,1549.639282,1745.913574,0.1879096747,0.9794846437,0.0727996353,0.006545452,25.7432585444,225.3671070555,6.0
34314,0.0,218.308395,1550.089722,1747.053833,0.1879096747,0.9794846437,0.0727996353,0.0066016428,26.1767479257,228.1879108226,6.0
34315,0.0,218.110596,1550.497192,1747.800171,0.1879096747,0.9794846437,0.0727996353,0.006512882,26.3066496931,230.8725083505,6.0
34316,0.0,218.076218,1550.693115,1748.206177,0.1879096747,0.9794846437,0.0727996353,0.0063909047,26.3958084277,233.8480721478,6.0
34317,0.0,219.413391,1550.662231,1749.107788,0.1879096747,0.9794846437,0.0727996353,0.0069896125,28.0313192455,237.4992311361,6.0
34318,0.0,220.264557,1550.021606,1748.380859,0.1879096747,0.9794846437,0.0727996353,0.0071673147,28.8662895203,241.5334626414,6.0
34319,0.0,221.423874,1549.645386,1747.930176,0.1879096747,0.9794846437,0.0727996353,0.0075674258,30.1424274512,245.4778563043,6.0
34320,0.0,222.799301,1549.378906,1747.789551,0.1682435133,0.9834107099,0.0678048371,0.0058289246,26.8911677403,249.4217019724,6.0
34321,0.0,224.391647,1549.089111,1747.87854,0.1398915232,0.9886997867,0.0538803621,0.0033849065,20.8463832904,253.5772035399,6.0
34322,0.0,226.201157,1548.626709,1748.060059,0.1300941698,0.991003094,0.0314384263,0.0026178691,18.6391210997,257.7631824844,6.0
34323,0.0,227.223999,1548.345459,1748.133545,0.1309484348,0.9910918005,0.0242806587,0.0028842941,19.7298952277,259.9581234876,6.0
34324,0.0,230.349106,1547.610596,1748.486084,0.1482965701,0.9888372803,0.0144554653,0.0054932353,27.8408349785,265.980867637,6.0
34325,0.0,232.582169,1547.166504,1748.655762,0.1788454945,0.9837847981,0.0134818411,0.0103810289,38.7697829924,269.7666223797,6.0
34326,0.0,234.955154,1546.737793,1748.862305,0.2098207898,0.9776354187,0.0142907058,0.0170079768,50.2296779587,273.510235446,6.0
34327,0.0,237.538773,1546.335693,1749.045532,0.2234103521,0.9745744885,0.0170991522,0.0216201443,57.394560186,277.5150863468,6.0
34328,0.0,239.936111,1545.999512,1749.191284,0.2223585853,0.9748122255,0.0172564355,0.0232968909,60.3563528423,281.2569631093,6.0
34329,0.0,242.454468,1545.71582,1749.307495,0.2108405604,0.9773531749,0.0180839588,0.0227606258,60.4869830618,285.1282172723,6.0
34330,0.0,245.060913,1545.482422,1749.353516,0.1906445142,0.9814584774,0.0198475758,0.0203685707,58.0401303506,289.038657448,6.0
34331,0.0,249.779572,1545.09375,1749.27356,0.150300741,0.9884684131,0.018435933,0.0154034693,51.7188541448,295.8036354737,6.0
34332,0.0,251.58931,1544.8814695,1749.2189945,0.1421222104,0.989667213,0.017022378,0.0148382432,51.1641787888,298.2106214328,6.0
34333,0.0,255.907242,1544.432251,1749.056274,0.1304714954,0.9913435943,0.0146651618,0.0147428146,51.9518136605,303.6701631476,6.0
34334,0.0,257.729378,1544.203064,1748.9372555,0.1300493098,0.9914071446,0.0140903511,0.0153476568,53.3919382671,305.9391815857,6.0
34335,0.0,262.07782,1543.675415,1748.693726,0.1289440425,0.9915610348,0.0134219294,0.0167830821,56.7621338081,311.1270309444,6.0
34336,0.0,263.9317325,1543.4663695,1748.603882,0.128384106,0.9916391697,0.0129912796,0.0173368813,58.0768640193,313.2584547784,6.0
34337,0.0,265.785645,1543.257324,1748.514038,0.1278241694,0.9917173046,0.0125606298,0.0178906804,59.3915942305,315.3898786125,6.0
34338,0.0,272.051392,1542.584717,1748.487427,0.1191262386,0.9928124613,0.0115046076,0.018313952,61.4938099582,322.7921316771,6.0
34339,0.0,274.532379,1542.286255,1748.625732,0.1146000405,0.9933450935,0.0115046076,0.0182632665,61.9761955703,325.771213362,6.0
34340,0.0,278.099213,1541.791626,1748.892212,0.1062031218,0.9942778992,0.0115046076,0.0179915305,62.3123123007,329.9795758176,6.0
34341,0.0,281.532379,1541.294556,1749.342773,0.0978581431,0.9951338743,0.0115046076,0.0179310088,62.9497795037,333.9123390723,6.0
34342,0.0,284.78064,1540.833618,1749.59082,0.0903219358,0.9958461688,0.0115046076,0.0180716179,63.9042100012,337.665720458,6.0
34343,0.0,288.542908,1540.220581,1749.9646,0.0836365323,0.9964299145,0.0115046076,0.0187472798,65.9217942789,342.0502807436,6.0
34344,0.0,292.464661,1539.654419,1750.071045,0.076689555,0.9969886439,0.0115046076,0.0195560286,68.1726534812,346.4085370928,6.0
34345,0.0,295.959259,1539.157959,1750.137085,0.0703900442,0.9974623619,0.0106807407,0.0203232263,70.2699314251,350.3289754661,6.0
34346,0.0,300.114319,1538.514282,1750.16626,0.0640006243,0.9978941345,0.0105459216,0.0221623423,74.1289657292,354.0664612725,6.0
34347,0.0,303.509186,1537.994629,1750.067383,0.0579793304,0.9982620802,0.0105459216,0.0231192395,76.5430151383,358.0375333188,6.0
34348,0.0,307.584412,1537.409058,1749.820557,0.0524858226,0.9985659828,0.0105459216,0.0248023314,80.3316068962,362.9400703276,6.0
34349,0.0,311.052856,1536.973145,1749.650391,0.047107893,0.9988341354,0.0105459216,0.0260823264,83.3039364284,367.1367364306,6.0
34350,0.0,314.835815,1536.606323,1749.397217,0.0364367257,0.9992803153,0.0105459216,0.0265210607,85.091781326,371.9426001672,6.0
34351,0.0,318.327942,1536.31665,1749.190674,0.0194781771,0.999754662,0.0105459216,0.0252252919,84.0058263978,376.3851929698,6.0
34352,0.0,321.945068,1536.048828,1749.011353,-0.0012976562,0.9999217682,0.0124408048,0.0233293197,81.8245534152,381.0355057506,6.0
34353,0.0,325.162872,1535.882324,1748.919189,-0.0239062164,0.9996125937,0.0142532548,0.0208986003,78.3390208539,385.199324052,6.0
34354,0.0,328.76651,1535.760986,1748.957397,-0.0570739306,0.9982370416,0.0162903397,0.0171174703,71.6243291497,388.7695866967,6.0
34355,0.0,331.651337,1535.93689,1748.939819,-0.078769797,0.9967298116,0.0180278033,0.0153691204,68.2723436816,390.9132872486,6.0
34356,0.0,335.134155,1536.261719,1748.970093,-0.1077155387,0.9939969216,0.0191698364,0.012990371,63.1899901497,393.3122961549,6.0
34357,0.0,337.769196,1536.867188,1748.773315,-0.124998814,0.991954512,0.0200385292,0.013629453,65.6445307677,398.95985835,6.0
34358,0.0,340.858002,1537.297485,1748.77832,-0.1407488268,0.9898213042,0.0210607097,0.0131590989,64.905581271,401.4092931129,6.0
34359,0.0,341.854919,1537.702515,1747.24353,-0.1529658093,0.9880063992,0.0210906703,0.0123217814,63.0563516689,402.9202084935,6.0
34360,0.0,344.670776,1537.641357,1747.365845,-0.1598371674,0.9869180632,0.0210906703,0.0131722552,65.6143396602,405.591258348,6.0
34361,0.0,346.66449,1537.56543,1747.420166,-0.1617439648,0.9866073553,0.0210906703,0.0144462354,69.050198023,407.7056771951,6.0
34362,0.0,348.585358,1537.559082,1747.461304,-0.1620395654,0.9865588492,0.0210906703,0.0162366393,73.5702489005,409.9295460523,6.0
34363,0.0,350.612701,1537.391968,1747.517822,-0.1620395654,0.9865588492,0.0210906703,0.0182788683,78.4627416459,412.2565428325,6.0
34364,0.0,351.819489,1537.404663,1747.666504,-0.1620395654,0.9865588492,0.0210906703,0.0198671593,82.0640993459,413.7501430606,6.0
34365,0.0,352.76825,1537.250122,1747.989502,-0.1620395654,0.9865588492,0.0210906703,0.0215727594,85.8264378268,415.4398914867,6.0
34366,0.0,353.283234,1536.92981,1748.478516,-0.1620395654,0.9865588492,0.0210906703,0.023170619,89.2697891765,417.1104756577,6.0
34367,0.0,353.231995,1536.499146,1749.005371,-0.1620395654,0.9865588492,0.0210906703,0.024533959,92.1584691773,418.6167970077,6.0
34368,0.0,352.780273,1536.407837,1749.287109,-0.1620395654,0.9865588492,0.0210906703,0.0258356087,94.7692152899,419.6297575213,6.0
34369,0.0,352.397766,1536.246948,1749.529785,-0.1620395654,0.9865588492,0.0210906703,0.0272310688,97.5101020234,420.7064371574,6.0
34370,0.0,352.330414,1535.432007,1749.993896,-0.1620395654,0.9865588492,0.0210906703,0.0285954191,100.2910105354,422.4019296873,6.0
34371,0.0,351.680359,1534.890137,1750.28772,-0.1620395654,0.9865588492,0.0210906703,0.0298984982,102.8260945344,423.6764773997,6.0
34372,0.0,350.223846,1534.735352,1750.238281,-0.1620395654,0.9865588492,0.0210906703,0.0308488853,104.5565288807,424.2207389531,6.0
34373,0.0,347.084076,1534.380493,1750.046997,-0.1620395654,0.9865588492,0.0210906703,0.0325669612,107.6044105808,425.1003613979,6.0
34374,0.0,345.228943,1533.993286,1749.863892,-0.1620395654,0.9865588492,0.0210906703,0.0334402673,109.1591043054,425.6685089624,6.0
34375,0.0,343.116241,1533.602295,1749.65332,-0.1620395654,0.9865588492,0.0210906703,0.0342700767,110.6077264835,426.1534441062,6.0
34376,0.0,341.27182,1533.242554,1749.512939,-0.1620395654,0.9865588492,0.0210906703,0.0349064421,111.7117771464,426.5348807224,6.0
34377,0.0,338.871582,1532.729248,1749.313843,-0.1620395654,0.9865588492,0.0210906703,0.0356002725,112.9190083561,426.9976276162,6.0
34378,0.0,336.721619,1532.331177,1749.119873,-0.1620395654,0.9865588492,0.0210906703,0.0360934176,113.7575003357,427.2731718592,6.0
34379,0.0,333.964752,1531.815796,1748.931641,-0.1620395654,0.9865588492,0.0210906703,0.036653456,114.701731657,427.5766973031,6.0
34380,0.0,331.735229,1531.353394,1748.878418,-0.1620395654,0.9865588492,0.0210906703,0.0370895733,115.4385964176,427.8335895137,6.0
34381,0.0,329.011017,1530.781982,1748.831177,-0.1620395654,0.9865588492,0.0210906703,0.0375715134,116.2487633552,428.1166092368,6.0
34382,0.0,326.353882,1530.643188,1748.779907,-0.1620395654,0.9865588492,0.0210906703,0.0381843588,117.1448567473,428.0074989024,6.0
34383,0.0,323.617065,1530.81897,1748.686768,-0.1620395654,0.9865588492,0.0210906703,0.0389001396,118.0974744748,427.5778272232,6.0
34384,0.0,321.147339,1531.119263,1748.648315,-0.1620395654,0.9865588492,0.0210906703,0.0396320199,119.0401767853,427.0725511651,6.0
34385,0.0,318.600647,1531.665405,1748.597534,-0.1620395654,0.9865588492,0.0210906703,0.0405259298,120.1434386681,426.3475811316,6.0
34386,0.0,316.127075,1532.257202,1748.581177,-0.1620395654,0.9865588492,0.0210906703,0.0413244405,121.1050483238,425.6743718782,6.0
34387,0.0,313.83136,1533.067139,1748.567017,-0.1620395654,0.9865588492,0.0210906703,0.04216854,122.1174847667,425.0068372858,6.0
34388,0.0,311.299286,1533.972534,1748.627441,-0.1620395654,0.9865588492,0.0210906703,0.0430310268,123.1556755425,424.3963167308,6.0
34389,0.0,308.674255,1535.002319,1748.713867,-0.1620395654,0.9865588492,0.0210906703,0.0438685378,124.153060534,423.8203747644,6.0
34390,0.0,305.791504,1536.147583,1748.869141,-0.1620395654,0.9865588492,0.0210906703,0.044683395,125.1178251578,423.2895635245,6.0
34391,0.0,303.407318,1537.150269,1748.944458,-0.1595893123,0.9869581729,0.0210906703,0.0460378811,126.8382105937,422.8967749992,6.0
34392,0.0,300.619263,1538.43811,1749.075562,-0.1448101559,0.9892148383,0.0220005086,0.051485019,133.8261755891,422.5214424574,6.0
34393,0.0,298.091492,1539.658936,1749.310669,-0.1036538807,0.9943052881,0.0247561529,0.0663235222,151.2156671184,422.2513937248,6.0
34394,0.0,295.73941,1540.960693,1749.330811,-0.0461027285,0.9985826335,0.0265944078,0.0894961049,174.4758294638,421.9482994472,6.0
34395,0.0,293.026703,1542.656982,1749.305664,0.0477048539,0.9984747531,0.0277923426,0.1337424985,210.6401335998,421.6194352695,6.0
34396,0.0,290.820557,1543.59375,1749.2146,0.1630057181,0.9862578011,0.0269199871,,,,
34397,0.0,288.37735,1544.607544,1748.976196,0.3237431641,0.945840565,0.0239997775,,,,
34398,0.0,286.721252,1544.647827,1748.820312,0.4764403879,0.878953776,0.0210906703,,,,
34399,0.0,284.882965,1544.009033,1748.800781,0.5846576738,0.8110470881,0.0194428771,,,,
34400,0.0,281.911255,1543.576904,1748.864624,0.710303399,0.703681883,0.0173461494,,,,
34401,0.0,279.085571,1543.676147,1748.978027,0.7935423637,0.6083538133,0.0140055301,,,,
34402,0.0,276.179535,1544.470215,1749.094116,0.8756779508,0.4827089997,0.0134219294,,,,
34403,0.0,273.868805,1545.924316,1749.155396,0.9292003991,0.3691499014,0.0177473563,,,,
34404,0.0,271.365417,1547.672485,1749.260254,0.9619963727,0.2720143859,0.0238988043,,,,
34405,0.0,269.349762,1549.222412,1749.325073,0.9807557302,0.1931892259,0.0282156108,,,,
34406,0.0,266.891541,1551.442261,1749.510132,0.9896205884,0.1399881754,0.0324715522,,,,
34407,0.0,264.664001,1553.707397,1749.702881,0.9905682662,0.1297055239,0.0441699788,,,,
34408,0.0,262.668823,1556.154663,1749.910889,0.988085957,0.1428032574,0.0573879007,,,,
34409,0.0,260.515503,1559.036377,1750.151245,0.9876391036,0.1450511554,0.0594067621,,,,
34410,0.0,258.844574,1561.52063,1750.281982,0.9876391036,0.1450511554,0.0594067621,,,,
34411,0.0,255.292831,1567.71521,1750.548218,0.9876391036,0.1450511554,0.0594067621,,,,
34412,0.0,254.5955425,1569.4542235,1750.538147,0.9876391036,0.1450511554,0.0594067621,,,,
34413,0.0,253.898254,1571.193237,1750.528076,0.9876391036,0.1450511554,0.0594067621,,,,
34414,0.0,251.64949,1577.297729,1750.359009,0.9876391036,0.1450511554,0.0594067621,,,,
34415,0.0,250.544724,1580.53125,1750.143555,0.9876391036,0.1450511554,0.0594067621,,,,
34416,0.0,249.450851,1583.849121,1749.897583,0.9876391036,0.1450511554,0.0594067621,,,,
34417,0.0,248.475876,1586.865479,1749.679688,0.9876391036,0.1450511554,0.0594067621,,,,
34418,0.0,248.064987,1589.893311,1749.331421,0.9876391036,0.1450511554,0.0594067621,,,,
34419,0.0,247.845734,1593.52356,1748.962402,0.9876391036,0.1450511554,0.0594067621,,,,
34420,0.0,247.844147,1596.703491,1748.698608,0.9871662503,0.1496681251,0.0556978143,,,,
34421,0.0,247.986847,1599.640869,1748.411987,0.988902719,0.1412662454,0.0459919585,,,,
34422,0.0,248.332535,1602.996338,1748.0625,0.9915115468,0.1253444351,0.0345488796,,,,
34423,0.0,248.744629,1605.765625,1747.847534,0.9925557899,0.1175382009,0.0319025906,,,,
34424,0.0,249.423157,1608.777466,1747.492432,0.9943348682,0.1020040976,0.0298886923,0.011218691,45.1667698932,302.3809481276,5.0
34425,0.0,250.170868,1611.545898,1747.238892,0.9965074663,0.078658001,0.0280319178,0.0093678855,41.2100998252,301.7778618305,5.0
34426,0.0,251.141296,1614.490601,1746.996704,0.9979932768,0.0568910273,0.0277998271,0.0079364224,37.845767967,300.9908816638,5.0
34427,0.0,252.255661,1617.398926,1746.817139,0.9986614684,0.0442063933,0.0268526767,0.0064609793,33.8370734266,298.1475533836,5.0
34428,0.0,253.288467,1619.898193,1746.722412,0.999068389,0.03379188,0.0268414408,0.0060023809,32.3567525384,295.7609498248,5.0
34429,0.0,254.638992,1622.699707,1746.752197,0.9992945508,0.0262666689,0.0268414408,0.0057294521,31.365528649,293.4296714399,5.0
34430,0.0,255.902496,1625.103149,1746.821655,0.99936465,0.0234485244,0.0268414408,0.0052616655,29.7284038066,290.1796856792,5.0
34431,0.0,257.475311,1627.927979,1747.052246,0.9994504439,0.0194511526,0.0268414408,0.0046953824,27.7121162087,286.3054418671,5.0
34432,0.0,259.055573,1630.633667,1747.224243,0.9995574221,0.0128256387,0.0268414408,0.0040620612,25.436102312,282.4904776318,5.0
34433,0.0,260.551117,1633.039185,1747.422241,0.999627208,0.0049982144,0.0268414408,0.0033954412,22.9732931531,279.0160050711,5.0
34434,0.0,262.359497,1635.828125,1747.63623,0.9996278967,-0.0083353137,0.025972884,0.0024786104,19.3496779808,274.9944243979,5.0
34435,0.0,264.246216,1638.649658,1747.795044,0.9992981436,-0.0270793097,0.0258830298,0.001503675,14.8475715237,270.8487064294,5.0
34436,0.0,266.177094,1641.335815,1747.833252,0.9984400174,-0.0494732296,0.0258830298,0.0008199893,10.7938216955,266.5908195466,5.0
34437,0.0,267.87677,1643.574341,1747.74939,0.9971417353,-0.0709818884,0.0258830298,0.0006540461,9.5042587536,262.8270746845,5.0
34438,0.0,269.928772,1646.16394,1747.568604,0.9949243334,-0.0972401132,0.0258830298,0.0011264952,12.2604877533,258.37495703,5.0
34439,0.0,272.066101,1648.833862,1747.446045,0.9926311784,-0.1185727278,0.0249770258,0.002101834,16.4344289403,253.6113805848,5.0
34440,0.0,274.061005,1651.189453,1747.223145,0.9909653985,-0.1317814203,0.0249246124,0.0029996896,19.2871695008,249.1961184084,5.0
34441,0.0,276.245697,1653.643677,1746.976074,0.9893304875,-0.1436951452,0.0240185693,0.0040631738,22.0086256053,244.3919102679,5.0
34442,0.0,278.339874,1655.89502,1746.659302,0.9880691339,-0.1521348418,0.0239661547,0.0049529364,23.8295894314,239.7223975363,5.0
34443,0.0,280.621094,1658.245728,1746.278809,0.9872736602,-0.1573475787,0.0230750791,0.0056360594,24.8699057515,234.5763102395,5.0
34444,0.0,282.704529,1660.316895,1746.076904,0.9865762679,-0.1616722441,0.0230076749,0.0060232895,25.2103591679,230.0393456702,5.0
34445,0.0,285.086914,1662.572876,1745.772095,0.986041181,-0.1649043244,0.0230076749,0.0063269437,25.2029387791,224.4022616198,5.0
34446,0.0,287.637726,1664.943115,1745.597412,0.9858310666,-0.1661558157,0.0230076749,0.0063697788,24.6154496403,218.4355366792,5.0
34447,0.0,289.798157,1666.891602,1745.434814,0.9857053718,-0.1670118474,0.0221802336,0.0064094265,24.1242034602,213.4152317342,5.0
34448,0.0,292.431244,1669.280273,1745.416748,0.9856863361,-0.1671414968,0.0220491915,0.0061011543,22.9262006566,207.8617241447,5.0
34449,0.0,294.791565,1671.427734,1745.44519,0.9852895633,-0.1695694472,0.021229201,0.0060777869,22.3365564114,202.9034253593,5.0
34450,0.0,297.496826,1673.83313,1745.554443,0.98467601,-0.173411286,0.0184846194,0.0062422963,22.0048343961,197.2466903889,5.0
34451,0.0,300.130341,1676.200195,1745.738159,0.9837040822,-0.1791260393,0.0154964723,0.0065001106,21.8162481136,191.6512183063,5.0
34452,0.0,302.622009,1678.350342,1745.964722,0.9829038291,-0.1836773358,0.012755358,0.0066330317,21.4313458504,186.3802027915,5.0
34453,0.0,305.499084,1680.769775,1746.328979,0.9821295613,-0.1878529691,0.0115233163,0.0064102953,20.3861817003,180.3345673125,5.0
34454,0.0,308.092529,1682.919189,1746.801758,0.9819555258,-0.1888145675,0.0106021006,0.0059372877,19.0365167466,174.9540624964,5.0
34455,0.0,313.245667,1687.3125,1747.92749,0.9817639671,-0.1898112126,0.0105459216,0.0048613019,16.1822529613,164.3145965019,5.0
34456,0.0,316.24295,1689.859375,1748.665894,0.9817639671,-0.1898112126,0.0105459216,0.0044227417,14.8720258093,158.3033366827,5.0
34457,0.0,319.153107,1691.943237,1749.125244,0.9814118738,-0.1916731683,0.0095984654,0.0045778441,14.5797832497,152.5468247987,5.0
34458,0.0,321.65033,1693.401489,1749.401611,0.9802983463,-0.1973278749,0.0087670954,0.0048938088,14.5910728766,147.6660711521,5.0
34459,0.0,325.072144,1695.389893,1749.329224,0.9755432357,-0.2197287785,0.0058872059,0.0054567531,14.7510009448,141.3945300672,5.0
34460,0.0,328.052673,1696.650757,1749.3573,0.9650405875,-0.2620842067,0.002921136,0.0058855086,14.6922029035,135.6187929467,5.0
34461,0.0,330.486023,1697.549683,1749.315063,0.945466647,-0.3257127864,-0.0020000413,0.0076959937,16.1983915497,130.8162624494,5.0
34462,0.0,333.558899,1698.381592,1749.244019,0.8998622082,-0.4360118588,-0.0119023234,0.0188219631,24.0741606392,124.6685597876,5.0
34463,0.0,336.512512,1698.855469,1749.280029,0.8243810763,-0.5654882957,-0.0248762643,0.0481918221,36.381302341,118.6241193247,5.0
34534,0.0,243.679932,1537.5,1750.701294,-0.9799927049,-0.1970823888,-0.0277998271,,,,
34535,0.0,243.580002,1537.735474,1750.701294,-0.9799927049,-0.1970823888,-0.0277998271,,,,
34536,0.0,243.480484,1537.988037,1750.701294,-0.9799927049,-0.1970823888,-0.0277998271,,,,
34537,0.0,243.380707,1538.262817,1750.701294,-0.9799927049,-0.1970823888,-0.0277998271,,,,
34538,0.0,240.310608,1537.445068,1750.701294,-0.9830103701,-0.1818111369,-0.0252056094,0.1434071905,303.9984915114,589.1523749208,6.0
34539,0.0,233.907654,1536.323486,1750.701294,-0.9908175107,-0.1338331434,-0.0192184872,,,,
34540,0.0,230.054153,1536.038208,1750.701294,-0.994283865,-0.1057021809,-0.0150547287,,,,
34541,0.0,226.34642,1535.506592,1750.701294,-0.9971880193,-0.0741337786,-0.0109652651,,,,
34542,0.0,224.4151535,1535.2752685,1750.701294,-0.9980795396,-0.0594933283,-0.0088382646,,,,
34543,0.0,219.413315,1534.688354,1750.701294,-0.9996429418,-0.0262450461,-0.0050186034,,,,
34544,0.0,215.782898,1534.161499,1750.701294,-0.9998057633,-0.0193185557,-0.0039024416,,,,
34545,0.0,212.244583,1533.638184,1750.701294,-0.9998124761,-0.0189817241,-0.0038349502,,,,
34546,0.0,208.943909,1533.194214,1750.701294,-0.9997411435,-0.0224262909,-0.00383502,,,,
34602,0.0,16.380947,1476.990112,1750.701294,-0.7409793888,-0.6711964906,0.0210906703,0.042590031,13.3875940191,46.3668569583,5.0
34603,0.0,16.196442,1476.822998,1750.701294,-0.7409793888,-0.6711964906,0.0210906703,0.0400244849,13.6963556669,48.9008971337,5.0
34604,0.0,15.949904,1476.599731,1750.701294,-0.7409793888,-0.6711964906,0.0210906703,0.0361077069,14.2466271359,53.4999370059,5.0
34605,0.0,15.77571,1476.441895,1750.701294,-0.7409793888,-0.6711964906,0.0210906703,0.0338101889,14.6432084837,56.7936429069,5.0
34606,0.0,15.588908,1476.272583,1750.701294,-0.7409793888,-0.6711964906,0.0210906703,0.0316866855,15.075738532,60.3660939105,5.0
34607,0.0,12.83182,1474.090942,1750.701294,-0.740350764,-0.6718898198,0.0210906703,0.0333779065,15.7584764607,61.506954511,5.0
34608,0.0,10.075536,1471.885254,1750.701294,-0.7397161023,-0.6725884861,0.0210906703,0.0353958458,16.3548313651,62.0200903131,5.0
34609,0.0,7.722922,1469.983032,1750.701294,-0.7391720568,-0.6731863442,0.0210906703,0.0368499071,16.803845109,62.4760722871,5.0
34610,0.0,4.673892,1467.493896,1750.701294,-0.7384631284,-0.6739639394,0.0210906703,0.0388346034,17.4014784839,63.055010263,5.0
34611,0.0,2.25234,1465.496826,1750.701294,-0.7378974853,-0.6745831934,0.0210906703,0.0407625242,17.9421891197,63.4894194439,5.0
34612,0.0,-0.491152,1463.220215,1750.701294,-0.737753382,-0.674740788,0.0210906703,0.0433908479,18.6377880284,63.9651259424,5.0
34613,0.0,-3.222093,1460.932373,1750.701294,-0.7372602819,-0.6752795424,0.0210906703,0.0457498004,19.2716122028,64.4515496025,5.0
34614,0.0,-6.110155,1458.496826,1750.701294,-0.7371061509,-0.6754477818,0.0210906703,0.0483976246,19.9672893909,64.9697835834,5.0
34615,0.0,-8.681541,1456.314941,1750.701294,-0.7371061509,-0.6754477818,0.0210906703,0.0505490923,20.5465738603,65.4525515369,5.0
34616,0.0,-12.06312,1453.419678,1750.701294,-0.7364659721,-0.6761457355,0.0210906703,0.0529760137,21.2288547341,66.0999721268,5.0
34617,0.0,-14.615393,1451.218506,1750.701294,-0.7358579483,-0.676807405,0.0210906703,0.0548415603,21.7481492368,66.5870710601,5.0
34618,0.0,-17.077259,1449.083984,1750.701294,-0.7352695253,-0.6774466095,0.0210906703,0.0568561337,22.2865034336,67.0503110186,5.0
34619,0.0,-22.329807,1444.469604,1750.701294,-0.7316641689,-0.681308577,0.0220491915,0.0615677575,23.4883336174,67.990811811,5.0
34620,0.0,-23.7896,1443.17218,1750.701294,-0.7303091742,-0.6827579416,0.0220491828,0.0632449672,23.8760134351,68.2233769977,5.0
34621,0.0,-25.249393,1441.874756,1750.701294,-0.7289541796,-0.6842073063,0.022049174,0.0649221769,24.2636932528,68.4559421844,5.0
34622,0.0,-30.404194,1437.225586,1750.701294,-0.7218947784,-0.6915939086,0.023786437,0.0704734668,25.4671772422,69.0625508522,5.0
34623,0.0,-31.898758,1435.8651125,1750.701294,-0.7200025449,-0.6935393665,0.0243274424,0.0713706054,25.6543791021,69.1485982474,5.0
34624,0.0,-35.69384,1432.376709,1750.701294,-0.713508422,-0.700174754,0.0257108057,0.072171635,25.8295191842,69.2466657666,5.0
34625,0.0,-37.22925,1430.951416,1750.701294,-0.7110084474,-0.7026833508,0.0262723808,0.0715989431,25.7527559188,69.3069706287,5.0
34626,0.0,-41.213654,1427.233398,1750.701294,-0.7046778642,-0.7089852043,0.0277324311,0.0695492004,25.450489563,69.4577484945,5.0
34635,0.0,-61.15229,1407.078613,1750.699951,-0.6379164247,-0.769048167,0.0403429284,,,,
34636,0.0,-64.393745,1403.672607,1750.700073,-0.6274066725,-0.7775461431,0.0422239575,,,,
34637,0.0,-67.455383,1400.455322,1750.700317,-0.6174637842,-0.7853686148,0.043984247,,,,
34638,0.0,-70.537003,1397.21228,1750.700684,-0.6068933636,-0.793460489,0.0458355501,,,,
34639,0.0,-73.33493,1394.257202,1750.701172,-0.5960909618,-0.8014983636,0.0477067965,,,,
34640,0.0,-75.844971,1391.360718,1750.701294,-0.5801511039,-0.8128879819,0.0513597645,,,,
34641,0.0,-77.849472,1388.907837,1750.701294,-0.5639704315,-0.8240103153,0.0542618906,,,,
34642,0.0,-80.047539,1386.227783,1750.701294,-0.5509285414,-0.832598281,0.0570775322,,,,
34643,0.0,-82.223427,1383.49292,1750.701294,-0.5359829271,-0.842099238,0.059926414,,,,
34644,0.0,-84.257515,1380.847412,1750.701294,-0.5201442049,-0.8517799118,0.0626177932,,,,
34645,0.0,-86.368439,1378.034912,1750.701294,-0.5043172783,-0.8609787247,0.0661794416,,,,
34646,0.0,-88.852768,1374.626343,1750.701294,-0.485518241,-0.8714358956,0.0697962573,,,,
34647,0.0,-90.784584,1371.846313,1750.701294,-0.4672118223,-0.8810961027,0.0733673696,,,,
34648,0.0,-92.633736,1369.144409,1750.701294,-0.4526613287,-0.8884294653,0.0760973494,,,,
34739,0.0,-186.485016,1061.098022,1750.701294,0.4703287192,-0.7882909141,0.3967219816,,,,
34740,0.0,-186.341721,1060.857788,1750.701294,0.4703287192,-0.7882909141,0.3967219816,,,,
34741,0.0,-186.157394,1060.54895,1750.701294,0.4703287192,-0.7882909141,0.3967219816,,,,
34742,0.0,-186.028488,1060.332886,1750.701294,0.4703287192,-0.7882909141,0.3967219816,,,,
34743,0.0,-185.899048,1060.115845,1750.701294,0.4703287192,-0.7882909141,0.3967219816,,,,
34744,0.0,-184.075806,1055.348877,1750.701172,0.5370142052,-0.7431778537,0.3991270741,,,,
34745,0.0,-182.8535235,1052.927002,1750.701172,0.5693501952,-0.7160637841,0.4016291361,,,,
34746,0.0,-181.631241,1050.505127,1750.701172,0.6016861852,-0.6889497146,0.4041311982,,,,
34747,0.0,-179.786621,1047.216431,1750.701172,0.6456127593,-0.6449054446,0.4090001619,,,,
34775,0.0,-106.846657,974.564026,1750.701294,0.2671507309,-0.8551853899,0.444171629,,,,
34776,0.0,-103.942856,972.064148,1750.701294,0.2372223704,-0.8638220773,0.4444513087,,,,
34777,0.0,-101.145096,969.650513,1750.701294,0.2070123226,-0.871414852,0.4447269433,,,,
34778,0.0,-97.604553,966.237732,1750.701294,0.1617599373,-0.8807355837,0.4451275709,,,,
34779,0.0,-96.13884,964.795654,1750.701294,0.1412776753,-0.8841633189,0.4453042151,,,,
34780,0.0,-84.585938,954.756104,1750.701294,0.1062844523,-0.8885200538,0.4463582968,,,,
34781,0.0,-93.685463,959.38092,1750.701294,-0.0042701657,-0.8932642484,0.4495116775,,,,
34782,0.0,-92.579414,955.853699,1750.701294,-0.1025606741,-0.8872299194,0.4497825899,,,,
34783,0.0,-91.768677,953.111084,1750.701294,-0.1573888472,-0.8791611756,0.4497825899,,,,
34784,0.0,-91.169563,950.601196,1750.701294,-0.2077676424,-0.8682509732,0.4505250873,,,,
34785,0.0,-90.724533,947.995178,1750.701294,-0.261579692,-0.853158664,0.4513273299,,,,
34786,0.0,-90.561226,945.563782,1750.701294,-0.3235153876,-0.8315591435,0.4514943907,,,,
34787,0.0,-90.606873,940.448792,1750.701294,-0.4420099356,-0.7754112689,0.4509596222,,,,
34788,0.0,-90.785702,938.654999,1750.701294,-0.4788008813,-0.7533858837,0.4486820116,,,,
34789,0.0,-91.145897,935.732422,1750.634033,-0.5383974411,-0.7159305508,0.4444903169,,,,
34790,0.0,-91.498493,933.8138735,1750.4228515,-0.5661842462,-0.6948038082,0.442107389,,,,
34791,0.0,-91.851089,931.895325,1750.21167,-0.5939710512,-0.6736770655,0.4397244612,,,,
34792,0.0,-92.456978,929.310974,1749.931152,-0.6211008838,-0.6499481283,0.4379510504,,,,
34793,0.0,-93.275879,926.637817,1749.649414,-0.6503221817,-0.6214278476,0.4369307614,,,,
34794,0.0,-94.214355,923.726074,1749.379883,-0.6676933775,-0.6033929976,0.4360073899,,,,
34795,0.0,-95.268402,921.100342,1749.136719,-0.6854401762,-0.5832025379,0.4359433044,,,,
34796,0.0,-96.477844,918.400696,1748.890991,-0.698829695,-0.5670894203,0.4359433986,,,,
34797,0.0,-97.6744,915.729431,1748.650757,-0.7100005659,-0.5530394735,0.435943273,,,,
34798,0.0,-99.955078,910.503418,1747.946167,-0.7381224546,-0.5149063414,0.4359434615,,,,
34799,0.0,-101.106674,907.925598,1747.49585,-0.7585588668,-0.4867826943,0.4331640037,,,,
34800,0.0,-102.218224,905.245056,1747.040527,-0.7754832819,-0.4624790673,0.4298125077,,,,
34801,0.0,-103.471672,902.235474,1746.522095,-0.795056034,-0.4317174877,0.4260351084,,,,
34802,0.0,-104.66153,899.19751,1746.012939,-0.8102607263,-0.4063135109,0.4223587176,,,,
34803,0.0,-105.854065,896.381042,1745.518799,-0.8298561935,-0.3714705565,0.4163512025,,,,
34804,0.0,-106.921204,893.742737,1745.071411,-0.8434763662,-0.346177157,0.4107420063,,,,
34805,0.0,-108.081299,891.156555,1744.605591,-0.8630016759,-0.3077806184,0.4006235118,,,,
34806,0.0,-109.275177,888.464111,1744.131226,-0.8791622527,-0.2725110138,0.3909110906,,,,
34807,0.0,-110.51545,885.781006,1743.653809,-0.8948314895,-0.2341482368,0.3800673737,,,,
34808,0.0,-111.707962,883.189697,1743.207642,-0.9058913421,-0.2038167731,0.3712406218,,,,
34809,0.0,-113.04953,880.264221,1742.724976,-0.9128329993,-0.1824061245,0.3653271426,,,,
34810,0.0,-114.395721,877.33844,1742.261353,-0.9156152304,-0.1734484843,0.3627180353,,,,
34811,0.0,-116.397583,873.177917,1741.603271,-0.9160875152,-0.1723660964,0.3620408725,,,,
34812,0.0,-117.73085,870.513916,1741.181885,-0.9135883352,-0.1821082483,0.36358347,,,,
34813,0.0,-119.1474,867.745056,1740.743774,-0.9089646254,-0.1984326239,0.3666166984,,,,
34814,0.0,-120.467888,864.970642,1740.329224,-0.9010314814,-0.2249151782,0.3708846616,,,,
34815,0.0,-122.303917,860.19342,1739.694336,-0.8808964595,-0.2823721641,0.3798517982,,,,
34816,0.0,-123.511185,857.046936,1739.264893,-0.8676007382,-0.3151155953,0.3846701452,,,,
36269,0.0,42.436043,-719.858093,1666.603149,-0.9418999792,-0.3104607696,0.1282128684,,,,
36270,0.0,42.323948,-720.000793,1663.943115,-0.9418999792,-0.3104607696,0.1282128684,,,,
36271,0.0,42.257858,-720.055054,1663.53894,-0.9418999792,-0.3104607696,0.1282128684,,,,
36272,0.0,41.879234,-722.123474,1660.784058,-0.9418999792,-0.3104607696,0.1282128684,,,,
36273,0.0,40.684509,-721.54718,1659.230957,-0.9418999792,-0.3104607696,0.1282128684,,,,
36274,0.0,39.929424,-721.732727,1657.276245,-0.9418999792,-0.3104607696,0.1282128684,,,,
36275,0.0,40.407589,-720.61084,1656.215332,-0.9418999792,-0.3104607696,0.1282128684,,,,
36276,0.0,40.129982,-720.711792,1656.021851,-0.9418999792,-0.3104607696,0.1282128684,,,,
36277,0.0,38.409561,-721.304565,1655.870728,-0.9418999792,-0.3104607696,0.1282128684,,,,
36278,0.0,37.449646,-721.613159,1655.845459,-0.9418112623,-0.3104315275,0.1289333664,,,,
36279,0.0,36.085136,-722.122559,1655.700317,-0.9411603415,-0.3119605088,0.1299917399,,,,
36280,0.0,35.165882,-722.485168,1655.619019,-0.940537825,-0.3132800032,0.131317323,,,,
36281,0.0,33.769943,-723.055786,1655.482666,-0.9393283869,-0.3159714471,0.1335074014,,,,
36282,0.0,32.6903,-723.592285,1655.339111,-0.9382457379,-0.3182139845,0.1357747966,,,,
36283,0.0,31.268944,-724.186462,1655.285767,-0.9358253972,-0.3237726523,0.1392914051,,,,
36284,0.0,30.326984,-724.548157,1655.251587,-0.9345088362,-0.3268402466,0.140956335,,,,
36285,0.0,29.063267,-724.987427,1655.223145,-0.9338018025,-0.3286158912,0.1415125076,,,,
36286,0.0,28.187801,-725.223328,1655.227905,-0.9337513874,-0.3287591313,0.141512473,,,,
36287,0.0,26.780453,-725.615784,1655.252441,-0.9337513874,-0.3287591313,0.141512473,,,,
36288,0.0,25.882957,-725.852295,1655.296875,-0.9339887627,-0.3280841526,0.141512473,,,,
36289,0.0,24.508888,-726.135376,1655.407104,-0.9340661485,-0.3278637679,0.141512473,,,,
36290,0.0,23.498081,-726.402222,1655.452881,-0.9340661485,-0.3278637679,0.141512473,,,,
36291,0.0,22.369797,-726.6297,1655.546265,-0.9343592378,-0.3270275598,0.1415125076,,,,
36292,0.0,20.004789,-727.903931,1658.776245,-0.9359515181,-0.3218318297,0.1428951686,,,,
36293,0.0,18.366501,-728.519409,1661.587891,-0.9403585487,-0.3070833799,0.1463748531,,,,
36294,0.0,16.858692,-729.00177,1664.016479,-0.9479806276,-0.2799730447,0.1514853918,,,,
36295,0.0,16.1415845,-729.163635,1665.0225215,-0.953545417,-0.2569411168,0.1554203328,,,,
36296,0.0,14.045086,-729.502747,1667.843994,-0.9710959638,-0.1681244608,0.1694307961,,,,
36297,0.0,12.703983,-729.62384,1669.457031,-0.9795336052,-0.0943886542,0.1777771024,,,,
36298,0.0,11.395653,-729.625916,1670.848877,-0.9824075419,0.0131762571,0.1862842126,,,,
36299,0.0,10.225124,-729.530212,1672.023804,-0.9723514622,0.1356090105,0.1901126775,,,,
36300,0.0,9.138305,-729.330444,1672.993286,-0.9441063323,0.2702803797,0.1887107568,,,,
36301,0.0,8.408792,-728.362366,1673.84021,-0.8991611593,0.398591366,0.1806491975,,,,
36302,0.0,7.990149,-727.26123,1674.062622,-0.8156958288,0.5546241529,0.1644152182,,,,
36303,0.0,7.359215,-726.320007,1674.103638,-0.738694819,0.65684246,0.1512876305,,,,
36304,0.0,6.657504,-725.26947,1674.145874,-0.6480641052,0.7487596681,0.1391828834,,,,
36305,0.0,5.795952,-724.040771,1674.092896,-0.5364425226,0.8339215549,0.1296312467,,,,
36306,0.0,5.071668,-723.095459,1673.982056,-0.4767139049,0.8698488543,0.1269126612,,,,
36307,0.0,4.177597,-722.022827,1673.858521,-0.4363277319,0.8912264131,0.123828878,,,,
36308,0.0,2.498866,-720.316101,1673.715942,-0.4165312316,0.900955031,0.1215802834,,,,
36377,0.0,-91.770363,-494.172394,1675.850952,-0.1361485884,0.9861356969,0.0948680616,,,,
36378,0.0,-91.569969,-494.13504,1675.84436,-0.1361485884,0.9861356969,0.0948680616,,,,
36379,0.0,-91.234108,-494.2855985,1675.9579465,-0.1361485884,0.9861356969,0.0948680616,,,,
36380,0.0,-90.275642,-494.89621,1676.300781,-0.1361485884,0.9861356969,0.0948680616,,,,
36381,0.0,-90.012146,-495.038727,1676.392822,-0.1361485884,0.9861356969,0.0948680616,,,,
36382,0.0,-91.115501,-491.805725,1675.951294,-0.1330191061,0.9865019163,0.0954980968,,,,
36383,0.0,-91.949875,-487.883484,1675.441528,-0.125456273,0.9874607793,0.0958224033,,,,
36384,0.0,-91.866974,-483.257446,1674.830566,-0.1089212327,0.9893300971,0.0967580695,,,,
36385,0.0,-91.777481,-480.20108,1674.644043,-0.0849715493,0.9915890744,0.0976265505,,,,
36386,0.0,-92.276115,-476.906982,1674.845581,-0.0469017889,0.9938790901,0.1000228798,,,,
36387,0.0,-92.77124,-473.328522,1675.169922,0.0158394347,0.9946489751,0.1020907861,,,,
36388,0.0,-93.309258,-469.013489,1675.571533,0.1126781212,0.9882343052,0.1034243638,,,,
36389,0.0,-93.580994,-465.442841,1675.907593,0.2040733884,0.9733728175,0.1044002412,,,,
36390,0.0,-93.674408,-463.874664,1676.026367,0.2381059489,0.9657040401,0.1035435373,,,,
36391,0.0,-93.804016,-459.787598,1676.455933,0.3252264618,0.9404712199,0.0986997114,,,,
36392,0.0,-93.170631,-456.939789,1676.51355,0.4034900018,0.9104516079,0.0909598161,,,,
36393,0.0,-92.423317,-454.159851,1676.55603,0.4891554385,0.8683680953,0.081632151,0.1467581128,674.8603172289,1294.0372521538,3.0
36394,0.0,-91.591606,-451.251984,1676.516357,0.5581507943,0.8263832663,0.074554598,0.1081489344,584.3577211963,1291.8860016893,3.0
36395,0.0,-90.506813,-447.86203,1676.479248,0.6252845607,0.7773028563,0.0694225311,0.074520829,488.3725021264,1289.2672526254,3.0
36396,0.0,-89.243904,-444.735596,1676.420044,0.6896309026,0.721197569,0.0654468083,0.046439814,387.4889619969,1286.4730777483,3.0
36397,0.0,-88.016869,-441.792908,1676.468872,0.7338218333,0.6764197707,0.0629429163,0.0301642537,312.9800252252,1283.9713164097,3.0
36398,0.0,-86.580513,-438.713196,1676.595703,0.773916991,0.6303489426,0.0609319421,0.0179280954,241.4984939086,1281.1136139691,3.0
36399,0.0,-85.037537,-435.947845,1676.752686,0.8121023268,0.5805862935,0.0583897821,0.008929127,170.4427093123,1278.2934672509,3.0
36400,0.0,-83.34584,-433.044586,1676.967163,0.8406189146,0.5387152562,0.0560866582,0.0044043674,119.5604534037,1275.2916285838,3.0
36401,0.0,-81.653244,-430.429352,1677.144287,0.8637782599,0.5009467424,0.0542169623,0.0024473472,88.9625504967,1272.3608906107,3.0
36402,0.0,-79.837868,-427.918243,1677.32312,0.8854047022,0.4617892862,0.0530015898,0.0024036292,87.9562956802,1269.3439587971,3.0
36403,0.0,-78.003075,-425.498993,1677.491211,0.9003126126,0.4320408074,0.05270617,0.003654886,108.1896207242,1266.5748773481,3.0
36404,0.0,-75.974411,-423.039124,1677.650024,0.9134959582,0.4035834742,0.0514345576,0.0057230926,134.9848266169,1263.504622255,3.0
36405,0.0,-73.829346,-420.686462,1677.813354,0.9254876699,0.3754434184,0.0501479057,0.0086455294,165.3788988939,1260.4047012121,3.0
36406,0.0,-71.532852,-418.322052,1677.861206,0.9343004277,0.3530817157,0.0491529528,0.0115497399,190.5027468845,1257.0651168378,3.0
36407,0.0,-69.291855,-416.147308,1677.879517,0.9400168415,0.337703632,0.0482140506,0.0138056097,207.6503231962,1253.9896183901,3.0
36408,0.0,-67.022041,-414.083496,1677.839844,0.9445659261,0.3248982293,0.0472900814,0.0158515993,221.8471068415,1250.921770485,3.0
36409,0.0,-64.574898,-411.981842,1677.741943,0.9479509386,0.315029703,0.0463174293,0.0175067074,232.4419624102,1247.6892521228,3.0
36410,0.0,-62.249687,-410.098785,1677.593872,0.9501477016,0.3084743233,0.0454195657,0.0186327101,239.1395855753,1244.6033474091,3.0
36411,0.0,-59.59808,-408.067932,1677.283203,0.9517631003,0.3036019444,0.0444168923,0.0194745376,243.7449568811,1241.1144903982,3.0
36412,0.0,-57.106934,-406.263336,1677.028564,0.9525313351,0.3012313651,0.0440876446,0.0198753533,245.5920205342,1237.971248214,3.0
36413,0.0,-53.479511,-403.813843,1676.652832,0.9533065553,0.2987689595,0.0440876446,0.0202903173,247.2425122095,1233.6102666426,3.0
36414,0.0,-50.757877,-402.095001,1676.517212,0.9535970093,0.2978405982,0.0440876621,0.02045876,247.5887703936,1230.2943003276,3.0
36415,0.0,-48.029636,-400.459015,1676.478638,0.9538698832,0.2969655293,0.0440876446,0.0206359222,247.9629126567,1226.9078531803,3.0
36416,0.0,-43.634518,-397.970154,1676.467651,0.9543381178,0.2955986716,0.0431298299,0.0209153153,248.371619324,1220.7804658854,3.0
36417,0.0,-40.18177,-396.147003,1676.645386,0.9546597006,0.2945584412,0.0431298125,0.0210844779,248.542121068,1216.7600656298,3.0
36418,0.0,-36.900951,-394.498413,1676.88147,0.9549548633,0.2936001137,0.0431298299,0.0213144504,249.1179050283,1213.0521798136,3.0
36419,0.0,-33.69445,-392.948456,1677.154541,0.9552380828,0.2926773358,0.0431298299,0.021547108,249.7027599715,1209.3889376268,3.0
36420,0.0,-30.513916,-391.461182,1677.470703,0.9553520148,0.2923052268,0.0431298299,0.0216701401,249.6558210509,1205.7616975877,3.0
36421,0.0,-28.290289,-390.460358,1677.6281125,0.955502152,0.2918796619,0.04267896,0.0217602741,249.629546816,1203.170613318,3.0
36422,0.0,-23.04476,-388.348267,1678.020874,0.9558998156,0.290649391,0.0421719581,0.0220643725,250.0705094807,1197.045371148,3.0
36423,0.0,-20.062157,-387.331665,1678.241455,0.9561378695,0.2898653144,0.0421719581,0.0222784377,250.5446573934,1193.6038363527,3.0
36424,0.0,-17.7556915,-386.562317,1678.340271,0.9561829002,0.2897166946,0.0421719581,0.0223332324,250.2866322904,1190.9316040171,3.0
36425,0.0,-12.315289,-384.704895,1678.537354,0.956227931,0.2895680748,0.0421719581,0.022391873,249.2721445128,1184.5636992532,3.0
36426,0.0,-9.39824,-383.782135,1678.544312,0.956227931,0.2895680748,0.0421719581,0.0223894963,248.5431739512,1181.1615435939,3.0
36427,0.0,-6.367656,-382.855988,1678.537109,0.956227931,0.2895680748,0.0421719581,0.0223852533,247.7834563766,1177.6614377787,3.0
36428,0.0,-1.818857,-381.455048,1678.409546,0.956227931,0.2895680748,0.0421719581,0.0223758846,246.633330543,1172.437730377,3.0
36429,0.0,1.014735,-380.537079,1678.4021,0.956227931,0.2895680748,0.0421719581,0.0223799643,245.9635936535,1169.1485845105,3.0
36430,0.0,3.859573,-379.625122,1678.221313,0.956227931,0.2895680748,0.0421719581,0.022382346,245.3324020801,1166.0869724742,3.0
36431,0.0,8.110231,-378.228119,1677.895874,0.956227931,0.2895680748,0.0421719581,0.0223705663,244.2031612182,1161.0216920752,3.0
36432,0.0,11.274055,-377.177673,1677.756958,0.956227931,0.2895680748,0.0421719581,0.0223644087,243.3697307645,1157.2167639942,3.0
36433,0.0,14.585573,-376.08078,1677.493896,0.956227931,0.2895680748,0.0421719581,0.0223575987,242.4911830354,1153.2128992432,3.0
36434,0.0,17.350624,-375.183228,1677.288086,0.956227931,0.2895680748,0.0421719581,0.0223032502,241.4277140783,1149.5376341297,3.0
36435,0.0,21.640804,-373.814148,1676.886108,0.956227931,0.2895680748,0.0421719581,0.0223325573,240.4250396206,1144.0205776906,3.0
36436,0.0,24.511467,-372.912811,1676.835693,0.956227931,0.2895680748,0.0421719581,0.022345612,239.6610084195,1140.0556655642,3.0
36437,0.0,27.551527,-371.972321,1676.69397,0.956227931,0.2895680748,0.0421719581,0.0223401752,238.7154003142,1135.6940610516,3.0
36438,0.0,30.570789,-371.009094,1676.68396,0.956227931,0.2895680748,0.0421719581,0.0223232935,237.6818394183,1131.1995304278,3.0
36439,0.0,33.851353,-369.925476,1676.77417,0.956227931,0.2895680748,0.0421719581,0.0221568952,235.7255603178,1126.046449934,3.0
36440,0.0,37.315262,-368.78598,1676.904419,0.956227931,0.2895680748,0.0421719581,0.0219114629,233.2948700688,1120.5897337939,3.0
36441,0.0,40.535942,-367.727753,1677.043701,0.956227931,0.2895680748,0.0421719581,0.0216457043,230.8561050772,1115.587061062,3.0
36442,0.0,43.584175,-366.729126,1677.290283,0.956227931,0.2895680748,0.0421719581,0.0213804108,228.5192129934,1111.0498494559,3.0
36443,0.0,47.872108,-365.327789,1677.836304,0.9567383075,0.2878772949,0.0421719581,0.0213263132,226.9506210789,1104.806944085,3.0
36444,0.0,50.856682,-364.389099,1678.089722,0.9576775799,0.2847370345,0.0421719581,0.0216845726,227.8847624732,1100.2517928801,3.0
36445,0.0,56.058914,-366.415192,1677.701294,0.9601345401,0.2765355969,0.0408623112,0.0238254797,237.7076984832,1095.4934175152,3.0
36446,0.0,60.321587,-365.294647,1677.701294,0.9664902889,0.253669769,0.0393467881,0.0285193556,258.2606281825,1089.1610209089,3.0
36447,0.0,63.166862,-364.663116,1677.701294,0.9727129525,0.2286595045,0.0392981311,0.0345493373,282.7811121536,1085.1742114589,3.0
36448,0.0,66.149178,-364.14859,1677.701294,0.981037195,0.1900438075,0.0380706355,0.0451856445,321.3568119534,1081.2708864963,3.0
36449,0.0,70.386246,-363.704834,1677.701294,0.9928858641,0.113049731,0.0373820701,0.0706066306,397.1441850174,1076.0069425579,3.0
36450,0.0,73.108635,-363.45343,1677.701294,0.9971580048,0.0654102009,0.0373820701,0.0890789128,442.6785847446,1072.9504898217,3.0
36451,0.0,77.123367,-363.250122,1677.701294,0.9991914892,-0.0126434185,0.0381642742,0.1233143031,513.8904533057,1068.2380697265,3.0
36452,0.0,80.969666,-362.654114,1677.701294,0.9964041235,-0.0746062248,0.0401588582,,,,
36453,0.0,84.543205,-362.144226,1677.701294,0.9930491949,-0.1095174996,0.0431186004,,,,
36454,0.0,90.639908,-361.492889,1677.701294,0.9928679214,-0.1086997198,0.0489659219,,,,
36455,0.0,92.3669625,-361.357971,1677.701294,0.9930902032,-0.1062443822,0.0497719967,,,,
36456,0.0,97.525993,-361.01944,1677.701294,0.993389991,-0.1029396651,0.0507912509,,,,
36457,0.0,99.608284,-360.861267,1677.701294,0.993389991,-0.1029396651,0.0507912509,,,,
36458,0.0,101.690575,-360.703094,1677.701294,0.993389991,-0.1029396651,0.0507912509,,,,
36459,0.0,108.269981,-360.336212,1677.701294,0.993389991,-0.1029396651,0.0507912509,,,,
36460,0.0,110.1519165,-360.267746,1677.701294,0.993389991,-0.1029396651,0.0507912509,,,,
36461,0.0,114.646454,-360.134399,1677.701294,0.993389991,-0.1029396651,0.0507912509,,,,
36462,0.0,119.044266,-360.070862,1677.701294,0.993389991,-0.1029396651,0.0507912509,,,,
36463,0.0,122.1819,-360.061462,1677.701294,0.993389991,-0.1029396651,0.0507912509,,,,
36464,0.0,125.791275,-360.080902,1677.701294,0.993389991,-0.1029396651,0.0507912509,,,,
36465,0.0,129.371307,-360.131012,1677.701294,0.993389991,-0.1029396651,0.0507912509,,,,
36466,0.0,132.503662,-360.198608,1677.701294,0.993389991,-0.1029396651,0.0507912509,,,,
36467,0.0,136.240753,-360.303406,1677.701294,0.993389991,-0.1029396651,0.0507912509,,,,
36468,0.0,139.38205,-360.411926,1677.701294,0.993389991,-0.1029396651,0.0507912509,,,,
36469,0.0,142.938583,-360.553802,1677.701294,0.993389991,-0.1029396651,0.0507912509,,,,
36470,0.0,146.196609,-360.700897,1677.701294,0.993389991,-0.1029396651,0.0507912509,,,,
36471,0.0,149.802338,-360.880676,1677.701294,0.993389991,-0.1029396651,0.0507912509,,,,
36472,0.0,153.534363,-361.136322,1677.701294,0.9930230971,-0.1085208343,0.0461341216,,,,
36473,0.0,156.613358,-361.445465,1677.701294,0.991621447,-0.1219179069,0.0426957827,,,,
36474,0.0,160.475967,-361.912048,1677.701294,0.9886843575,-0.144497999,0.0402935409,,,,
36475,0.0,163.580353,-362.481354,1677.701294,0.9829452138,-0.1798079448,0.0385721363,,,,
36476,0.0,167.084229,-363.277313,1677.701294,0.9723535366,-0.2303445995,0.0383401269,,,,
36477,0.0,170.652725,-364.12915,1677.701294,0.9594145148,-0.2787136755,0.0429240718,,,,
36478,0.0,174.060715,-365.014313,1677.701294,0.9447163206,-0.3242457994,0.048741514,,,,
36479,0.0,177.123825,-365.902802,1677.701294,0.9287784826,-0.3667951885,0.0532148469,,,,
36480,0.0,180.629425,-367.030945,1677.701294,0.9044990397,-0.4221932847,0.0602853018,,,,
36481,0.0,183.735077,-367.769958,1677.701294,0.8837225794,-0.4633891829,0.0656114919,,,,
36482,0.0,187.264053,-368.710632,1677.701294,0.8581150915,-0.5084284884,0.0716865529,,,,
36483,0.0,190.004684,-369.715271,1677.701294,0.840671877,-0.5362028221,0.0758770644,,,,
36484,0.0,193.389984,-370.919312,1677.701294,0.8273320502,-0.5560893923,0.0792859794,,,,
36485,0.0,196.798218,-372.16748,1677.701294,0.8183243654,-0.568962113,0.0814085183,,,,
36486,0.0,200.090927,-373.451416,1677.701294,0.8162688102,-0.57176072,0.0824312355,,,,
36487,0.0,202.967499,-374.652039,1677.701294,0.8162287623,-0.5718146622,0.0824536215,,,,
36488,0.0,206.412003,-376.17276,1677.701294,0.8162287623,-0.5718146622,0.0824536215,,,,
36489,0.0,209.36084,-377.547821,1677.701294,0.8162287623,-0.5718146622,0.0824536215,,,,
36490,0.0,212.710144,-379.181335,1677.701294,0.8162287623,-0.5718146622,0.0824536215,,,,
36491,0.0,215.441193,-380.572784,1677.701294,0.8162287623,-0.5718146622,0.0824536215,,,,
36492,0.0,218.552963,-382.107971,1677.701294,0.8162287623,-0.5718146622,0.0824536215,,,,
36493,0.0,221.773193,-383.708893,1677.701294,0.8162287623,-0.5718146622,0.0824536215,,,,
36494,0.0,224.898254,-385.313599,1677.701294,0.8162287623,-0.5718146622,0.0824536215,,,,
36495,0.0,228.086716,-386.99881,1677.701294,0.8162287623,-0.5718146622,0.0824536215,,,,
36496,0.0,231.207184,-388.692078,1677.701294,0.8162287623,-0.5718146622,0.0824536215,,,,
36497,0.0,236.899536,-391.88446,1677.701294,0.8162287623,-0.5718146622,0.0824536215,,,,
36498,0.0,240.122818,-393.743622,1677.701294,0.8162287623,-0.5718146622,0.0824536215,,,,
36499,0.0,243.201675,-395.551544,1677.701294,0.8162287623,-0.5718146622,0.0824536215,,,,
36500,0.0,245.721252,-397.053619,1677.701294,0.8162287623,-0.5718146622,0.0824536215,,,,
36501,0.0,248.936752,-398.994995,1677.701294,0.8162287623,-0.5718146622,0.0824536215,,,,
36502,0.0,251.908813,-400.813538,1677.701294,0.8162287623,-0.5718146622,0.0824536215,,,,
36503,0.0,254.858353,-402.639191,1677.701294,0.8162287623,-0.5718146622,0.0824536215,,,,
36504,0.0,257.637756,-404.377319,1677.701294,0.8162287623,-0.5718146622,0.0824536215,,,,
36505,0.0,260.614166,-406.255951,1677.701294,0.8162287623,-0.5718146622,0.0824536215,,,,
36506,0.0,263.627106,-408.174622,1677.701294,0.8162287623,-0.5718146622,0.0824536215,,,,
36507,0.0,266.597687,-410.081787,1677.701294,0.8162287623,-0.5718146622,0.0824536215,,,,
36508,0.0,269.616577,-412.034393,1677.701294,0.8162287623,-0.5718146622,0.0824536215,,,,
36509,0.0,272.131561,-413.671967,1677.701294,0.8162287623,-0.5718146622,0.0824536215,,,,
36510,0.0,275.271881,-415.728119,1677.701294,0.8162287623,-0.5718146622,0.0824536215,,,,
36511,0.0,278.090363,-417.58432,1677.701294,0.8162287623,-0.5718146622,0.0824536215,,,,
36512,0.0,280.713165,-419.320282,1677.701294,0.8162287623,-0.5718146622,0.0824536215,,,,
36513,0.0,283.868256,-421.417847,1677.701294,0.8162287623,-0.5718146622,0.0824536215,,,,
36514,0.0,286.702515,-423.311462,1677.701294,0.8162287623,-0.5718146622,0.0824536215,,,,
36515,0.0,289.393677,-424.998322,1677.701294,0.8162287623,-0.5718146622,0.0824536215,,,,
36516,0.0,292.371063,-425.303253,1677.701294,0.8147870658,-0.5738670907,0.0824536215,,,,
36517,0.0,295.336945,-425.298126,1677.701294,0.8126061421,-0.5769511748,0.0824536215,,,,
36518,0.0,298.30719,-425.372162,1677.701294,0.8045162071,-0.5881794564,0.0824536215,,,,
36519,0.0,301.231354,-425.529602,1677.701294,0.7899840526,-0.6075578959,0.0824536215,,,,
36520,0.0,303.702332,-425.701141,1677.701294,0.7741990715,-0.6274396372,0.0832784449,,,,
36521,0.0,306.597809,-425.997955,1677.701294,0.7469776229,-0.6593702722,0.0851779019,,,,
36522,0.0,309.318939,-426.371582,1677.701294,0.7109454036,-0.6978255972,0.0871554298,,,,
36523,0.0,311.942444,-426.924622,1677.701294,0.6750751624,-0.7324617475,0.0881663969,,,,
36524,0.0,314.35907,-427.639008,1677.701294,0.6397795157,-0.7634825243,0.0881850687,,,,
36525,0.0,316.842926,-428.670013,1677.701294,0.5920266338,-0.8010791836,0.0881850687,,,,
36526,0.0,319.047119,-429.63266,1677.701294,0.5618871104,-0.8225000115,0.0881850687,,,,
36527,0.0,321.257935,-430.765503,1677.701294,0.5308666969,-0.8428546397,0.0881850687,,,,
36528,0.0,323.767487,-432.152466,1677.701294,0.5050200325,-0.858590801,0.0881850513,,,,
36529,0.0,326.258972,-433.660889,1677.701294,0.4868719501,-0.8689145067,0.0891251044,,,,
36530,0.0,328.47879,-435.123566,1677.701294,0.4765070103,-0.8746399962,0.0891400372,,,,
36531,0.0,330.978546,-436.862366,1677.701294,0.472420311,-0.8768540965,0.0891400198,,,,
36532,0.0,333.193329,-438.53421,1677.701294,0.4715924455,-0.8772996194,0.0891400198,,,,
36533,0.0,335.273254,-440.226532,1677.701294,0.4715401083,-0.8773277495,0.0891400372,,,,
36534,0.0,337.674194,-442.328918,1677.701294,0.4715401083,-0.8773277495,0.0891400372,,,,
36535,0.0,341.940002,-446.463898,1677.701294,0.4715401083,-0.8773277495,0.0891400372,,,,
36536,0.0,343.0981445,-447.6864015,1677.701294,0.4715401083,-0.8773277495,0.0891400372,,,,
36537,0.0,346.174683,-451.04129,1677.701294,0.4715401083,-0.8773277495,0.0891400372,,,,
36538,0.0,348.206024,-453.406677,1677.701294,0.4708301398,-0.8777089702,0.0891400198,,,,
36539,0.0,350.32251,-456.00351,1677.701294,0.4684486805,-0.8789823039,0.0891400198,,,,
36540,0.0,352.406464,-458.653687,1677.701294,0.4665978258,-0.8799662072,0.0891400198,,,,
36541,0.0,354.456696,-461.369507,1677.701294,0.4640507981,-0.8814058677,0.0882074436,,,,
36542,0.0,356.268646,-463.8508,1677.701294,0.461718487,-0.8827185202,0.0873158226,,,,
36543,0.0,358.114227,-466.462952,1677.701294,0.4585624527,-0.8844526573,0.0863942938,,,,
36544,0.0,360.218811,-469.544098,1677.701294,0.45396706,-0.8869234378,0.0853271582,,,,
36545,0.0,361.835876,-472.03949,1677.701294,0.4473200993,-0.8905318164,0.0828119123,,,,
36546,0.0,363.75885,-475.064972,1677.701294,0.4400454043,-0.8943447218,0.080669454,,,,
36547,0.0,365.483368,-477.880737,1677.701294,0.43192792,-0.8985328235,0.0779553531,,,,
36548,0.0,367.409882,-481.094971,1677.701294,0.4233628594,-0.9028733545,0.0747234575,,,,
36549,0.0,368.930145,-483.713745,1677.701294,0.4157952762,-0.9065206225,0.0730386833,,,,
36550,0.0,370.830078,-487.028076,1677.701294,0.407938685,-0.9102503776,0.0709244625,,,,
36551,0.0,372.326294,-489.720459,1677.701294,0.4009962415,-0.9134607149,0.0692209256,,,,
36552,0.0,374.06076,-492.880005,1677.701294,0.3943969194,-0.9164133645,0.0681000389,,,,
36553,0.0,375.776855,-496.062347,1677.701294,0.3888218022,-0.9188663546,0.0670986483,,,,
36554,0.0,377.411957,-499.148468,1677.701294,0.3843512845,-0.9208152924,0.0661308361,,,,
36555,0.0,378.795563,-501.801178,1677.701294,0.3812835708,-0.922148897,0.0653012283,,,,
36556,0.0,380.428436,-504.975037,1677.701294,0.3783986763,-0.9233472681,0.0651480186,,,,
36557,0.0,382.163086,-508.395813,1677.701294,0.3763160354,-0.9241980184,0.0651480186,,,,
36558,0.0,383.499146,-511.06488,1677.701294,0.3755370181,-0.9245148369,0.0651480186,,,,
36559,0.0,385.083374,-514.280151,1677.701294,0.3746364591,-0.9249400192,0.0642921794,,,,
36560,0.0,386.772064,-517.776306,1677.701294,0.3736586728,-0.925342464,0.0641912813,,,,
36561,0.0,388.144348,-520.662964,1677.701294,0.3728508555,-0.9256682554,0.0641912813,,,,
36562,0.0,389.718262,-524.016663,1677.701294,0.3719368342,-0.9260994204,0.0632681198,,,,
36563,0.0,391.042389,-526.892761,1677.701294,0.3703659031,-0.9267310817,0.063234485,,,,
36564,0.0,392.560028,-530.211121,1677.701294,0.3693445959,-0.9271973276,0.0623673403,,,,
36565,0.0,394.069489,-533.549377,1677.701294,0.3684193912,-0.9275713702,0.062277648,,,,
36566,0.0,395.385712,-536.492859,1677.701294,0.3676216427,-0.9279431509,0.0614478354,,,,
36567,0.0,396.907654,-539.930115,1677.701294,0.3666723884,-0.9283270581,0.0613207363,,,,
36568,0.0,398.408783,-543.335205,1677.701294,0.3666166516,-0.9283490712,0.0613207363,,,,
36569,0.0,399.63858,-546.167236,1677.701294,0.3658563344,-0.9287038833,0.0604833836,,,,
36570,0.0,401.085358,-549.505554,1677.701294,0.3657478078,-0.9287544113,0.0603637682,,,,
36571,0.0,402.477753,-552.76062,1677.701294,0.3649495994,-0.9291250146,0.0594852676,,,,
36572,0.0,403.906281,-556.107422,1677.701294,0.3648781879,-0.9291580838,0.0594067621,,,,
36573,0.0,405.286713,-559.382446,1677.701294,0.3640185217,-0.9294952138,0.0594067621,,,,
36574,0.0,406.496826,-562.254883,1677.701294,0.3639872116,-0.9295074752,0.0594067621,,,,
36575,0.0,407.882355,-565.560547,1677.701294,0.3639872116,-0.9295074752,0.0594067621,,,,
36576,0.0,409.345825,-569.071777,1677.701294,0.3639872116,-0.9295074752,0.0594067621,,,,
36577,0.0,410.539825,-571.951416,1677.701294,0.3639872116,-0.9295074752,0.0594067621,,,,
36578,0.0,411.97052,-575.416809,1677.701294,0.3639872116,-0.9295074752,0.0594067621,,,,
36579,0.0,414.550781,-581.705872,1677.701294,0.3640045353,-0.9295517144,0.0586029748,,,,
36580,0.0,415.815216,-584.821899,1677.701294,0.3632973432,-0.9298379831,0.058449684,,,,
36581,0.0,417.27179,-588.408875,1677.701294,0.3631164346,-0.9299086457,0.058449684,,,,
36582,0.0,419.2404785,-588.2471925,1678.9624025,0.3631164346,-0.9299086457,0.058449684,,,,
36583,0.0,422.533997,-590.522217,1680.410522,0.3627156993,-0.9300650278,0.058449684,,,,
36584,0.0,424.426483,-594.684082,1680.343384,0.3622247233,-0.9302563541,0.058449684,,,,
36585,0.0,425.736053,-598.090698,1680.365479,0.3615400944,-0.9305695452,0.0576981939,,,,
36586,0.0,427.232758,-601.351746,1680.225464,0.3613528123,-0.9306550121,0.0574925521,,,,
36587,0.0,428.081589,-603.284546,1680.1242675,0.3613528123,-0.9306550121,0.0574925521,,,,
36588,0.0,430.24704,-608.40686,1679.912354,0.3613528123,-0.9306550121,0.0574925521,,,,
36589,0.0,431.558533,-611.577209,1679.560059,0.3613528123,-0.9306550121,0.0574925521,,,,
36590,0.0,432.877228,-614.766602,1679.216187,0.3613528123,-0.9306550121,0.0574925521,,,,
36591,0.0,434.102264,-617.85199,1678.872437,0.3613528123,-0.9306550121,0.0574925521,,,,
36592,0.0,435.340759,-620.969238,1678.690063,0.3613528123,-0.9306550121,0.0574925521,,,,
36593,0.0,436.584198,-624.300476,1678.691162,0.3613528123,-0.9306550121,0.0574925521,,,,
36594,0.0,437.836456,-627.5578,1678.689087,0.3613528123,-0.9306550121,0.0574925521,,,,
36595,0.0,439.251556,-631.607666,1678.82666,0.3613528123,-0.9306550121,0.0574925521,,,,
36596,0.0,440.333801,-634.758545,1678.965576,0.3613528123,-0.9306550121,0.0574925521,,,,
36597,0.0,441.430573,-638.134399,1679.250854,0.3613528123,-0.9306550121,0.0574925521,,,,
36598,0.0,442.460175,-641.268799,1679.496948,0.3613528123,-0.9306550121,0.0574925521,,,,
36599,0.0,443.42984,-644.473633,1679.783691,0.3613528123,-0.9306550121,0.0574925521,,,,
36600,0.0,444.457733,-647.61908,1679.965576,0.3606645411,-0.9309682962,0.0567372915,,,,
36601,0.0,445.648407,-651.694946,1680.207397,0.3595095622,-0.9314271979,0.0565353848,,,,
36602,0.0,446.608215,-654.982361,1680.371948,0.3578207595,-0.9321319471,0.0556267675,,,,
36603,0.0,447.727173,-658.306824,1680.424561,0.3568890224,-0.9324919813,0.0555781481,,,,
36604,0.0,448.69809,-661.567139,1680.517212,0.3544531191,-0.933471214,0.0547218335,,,,
36605,0.0,449.787781,-664.647949,1680.49231,0.3534526966,-0.9339019886,0.0538355548,,,,
36606,0.0,450.841492,-667.89325,1680.406372,0.3525920468,-0.934237161,0.0536635398,,,,
36607,0.0,452.11673,-671.391846,1680.283081,0.3509097029,-0.9349161751,0.0528594925,,,,
36608,0.0,453.214417,-674.452148,1680.089844,0.349292496,-0.9356108564,0.0512550258,,,,
36609,0.0,454.450806,-677.638,1679.891846,0.3469221538,-0.9365550994,0.0500955594,,,,
36610,0.0,455.91394,-681.228638,1679.415894,0.3447225933,-0.937422515,0.0490444894,,,,
36611,0.0,457.24939,-684.539673,1679.070923,0.3436580722,-0.9378220781,0.0488761625,,,,
36612,0.0,458.465302,-687.527649,1678.730225,0.343510346,-0.9378761981,0.0488761625,,,,
36613,0.0,459.990509,-691.411987,1678.245117,0.343510346,-0.9378761981,0.0488761625,,,,
36614,0.0,461.133759,-694.419556,1678.062256,0.343510346,-0.9378761981,0.0488761625,,,,
36615,0.0,462.373474,-697.650574,1677.623535,0.343510346,-0.9378761981,0.0488761625,,,,
36616,0.0,463.488922,-700.600403,1677.47998,0.343510346,-0.9378761981,0.0488761625,,,,
36617,0.0,464.96106,-704.374512,1677.292725,0.343510346,-0.9378761981,0.0488761625,,,,
36618,0.0,466.273499,-707.716736,1677.297485,0.343510346,-0.9378761981,0.0488761625,,,,
36619,0.0,467.566315,-710.961182,1677.355469,0.343510346,-0.9378761981,0.0488761625,,,,
36620,0.0,468.847443,-714.126465,1677.452759,0.343510346,-0.9378761981,0.0488761625,,,,
36621,0.0,471.151581,-719.776306,1677.92041,0.343510346,-0.9378761981,0.0488761625,,,,
36622,0.0,472.68222,-723.355103,1678.49292,0.343510346,-0.9378761981,0.0488761625,,,,
36623,0.0,473.997528,-726.526733,1678.894653,0.343510346,-0.9378761981,0.0488761625,,,,
36624,0.0,475.477356,-730.002686,1679.340576,0.343510346,-0.9378761981,0.0488761625,,,,
36625,0.0,476.845123,-733.231201,1679.59668,0.343510346,-0.9378761981,0.0488761625,,,,
36626,0.0,478.253265,-736.648315,1679.801636,0.343510346,-0.9378761981,0.0488761625,,,,
36627,0.0,479.566193,-739.62738,1679.965332,0.343510346,-0.9378761981,0.0488761625,,,,
36628,0.0,481.044434,-743.087585,1680.074951,0.343510346,-0.9378761981,0.0488761625,,,,
36629,0.0,482.427979,-746.401306,1680.00769,0.343510346,-0.9378761981,0.0488761625,,,,
36630,0.0,483.802216,-749.677551,1679.932373,0.343510346,-0.9378761981,0.0488761625,,,,
36631,0.0,485.006561,-752.593384,1679.75647,0.343510346,-0.9378761981,0.0488761625,,,,
36632,0.0,486.616241,-756.513,1679.486572,0.343510346,-0.9378761981,0.0488761625,,,,
36633,0.0,487.886383,-759.756653,1679.166504,0.3451887495,-0.9372597548,0.0488761625,,,,
36634,0.0,489.193298,-763.09729,1678.777466,0.34702744,-0.9365805233,0.0488761625,,,,
36635,0.0,490.208252,-765.757141,1678.539307,0.3498263134,-0.9355003149,0.0496055573,,,,
36636,0.0,491.482513,-769.038635,1687.557007,0.3554023958,-0.9333054112,0.0512849537,,,,
36637,0.0,492.852203,-772.542175,1690.75647,0.364157203,-0.9297665518,0.0540711622,,,,
36638,0.0,494.173523,-775.895935,1687.473755,0.3738596423,-0.9257815595,0.0561913871,,,,
36639,0.0,495.682861,-779.753296,1683.551636,0.3903932093,-0.9187317208,0.0593731193,,,,
36640,0.0,496.951141,-782.926453,1680.405884,0.4154839343,-0.9073485078,0.0639670668,,,,
36641,0.0,497.996277,-785.592896,1678.626221,0.4333358288,-0.8987284405,0.0671360535,,,,
36642,0.0,499.389404,-789.169189,1678.496216,0.4596192844,-0.8853791897,0.0696692455,,,,
36643,0.0,500.882446,-792.776184,1678.870239,0.4963107149,-0.8650938108,0.0727211992,,,,
36644,0.0,502.262512,-795.890137,1679.15918,0.5376795321,-0.8398439191,0.0745849344,,,,
36645,0.0,503.658569,-799.043579,1679.281616,0.5774839737,-0.8129762571,0.0747118835,,,,
36646,0.0,505.131409,-802.356689,1679.300049,0.6243424828,-0.7775696761,0.0747118661,,,,
36647,0.0,506.286591,-805.230103,1679.262451,0.6564106198,-0.7506155746,0.0755073329,,,,
36648,0.0,507.47583,-808.547791,1679.259277,0.7000609217,-0.709977511,0.0764633228,,,,
36649,0.0,508.698944,-811.99353,1679.001099,0.7370686545,-0.671161827,0.0791934372,,,,
36650,0.0,509.646576,-815.058716,1678.884155,0.7662448726,-0.6373171882,0.081826626,,,,
36651,0.0,510.798248,-818.970337,1678.529541,0.7978547355,-0.5968040588,0.0851629988,,,,
36652,0.0,511.833405,-822.135437,1678.072754,0.8240698535,-0.5596174518,0.0879612656,,,,
36653,0.0,512.876892,-825.114197,1677.722046,0.8460170977,-0.5253837171,0.0907029227,,,,
36654,0.0,513.987122,-828.510254,1677.053833,0.8661235406,-0.4911166459,0.0929217553,,,,
36655,0.0,514.962524,-831.664307,1676.649658,0.8816964263,-0.4621857905,0.0948457005,,,,
36656,0.0,515.728943,-833.996521,1676.374146,0.8930955237,-0.4395962127,0.0955800995,,,,
36657,0.0,516.746399,-837.219666,1676.006104,0.9062778639,-0.4115025461,0.0965716727,,,,
36658,0.0,517.785156,-840.374146,1675.806641,0.916379415,-0.3884366525,0.0967767264,,,,
36659,0.0,518.871155,-843.540649,1675.702148,0.9260977312,-0.3644528382,0.0975557331,,,,
36660,0.0,520.055969,-846.857849,1675.732178,0.9349062714,-0.3409293935,0.0985769357,,,,
36661,0.0,520.905518,-849.144348,1675.780884,0.9405853469,-0.3249007169,0.0986850006,,,,
36662,0.0,522.261719,-852.685425,1675.954224,0.9478282364,-0.3028819329,0.0994191579,,,,
36663,0.0,523.545044,-855.891418,1676.112427,0.9540224193,-0.2826893866,0.0996390195,,,,
36664,0.0,525.206909,-859.524841,1676.442261,0.959444539,-0.2637010473,0.0996390195,,,,
36665,0.0,528.297485,-864.832153,1677.197632,0.9655611227,-0.2403409745,0.0996390195,,,,
36666,0.0,530.352051,-867.552551,1677.643921,0.9679739763,-0.2304310102,0.0996390021,,,,
36667,0.0,531.610596,-868.9653015,1677.793213,0.9691439366,-0.225400585,0.0996390108,,,,
36668,0.0,534.486633,-871.998657,1678.101807,0.971238624,-0.2162581814,0.0996390195,,,,
36669,0.0,535.920532,-873.2331235,1678.2213135,0.9718931903,-0.2132753345,0.0996390108,,,,
36670,0.0,539.22644,-875.968628,1678.449097,0.9731758045,-0.2073666384,0.0996390021,,,,
36671,0.0,540.7516475,-877.0552675,1678.4673465,0.9734658722,-0.2059958779,0.0996390021,,,,
36672,0.0,544.397339,-879.475769,1678.481201,0.9745575887,-0.2011149385,0.0989458834,,,,
36673,0.0,547.506409,-881.299988,1678.351074,0.9753411571,-0.1974104807,0.0986850006,,,,
36674,0.0,549.888367,-882.637817,1678.257324,0.9759752217,-0.1942514795,0.0986850006,,,,
36675,0.0,553.436279,-884.505615,1677.997437,0.9772618088,-0.1876715773,0.0986850353,,,,
36676,0.0,555.72467,-885.655029,1677.973511,0.9781797605,-0.1832251582,0.0979433381,,,,
36677,0.0,559.069275,-887.244568,1677.567627,0.979228787,-0.1776503654,0.0977309084,,,,
36678,0.0,561.216858,-888.28894,1677.335449,0.9799965974,-0.1737058555,0.0971233488,,,,
36679,0.0,564.54248,-889.752014,1677.025391,0.9812073271,-0.1669324608,0.0967767264,,,,
36680,0.0,567.885803,-891.198425,1676.971558,0.9823159913,-0.1607229781,0.0960386251,,,,
36681,0.0,571.005188,-892.383972,1676.951172,0.9831798909,-0.1559231477,0.0951066465,,,,
36682,0.0,574.057861,-893.611023,1677.041016,0.9838988447,-0.1514698463,0.0948680616,,,,
36683,0.0,577.425049,-894.796753,1677.109375,0.984328209,-0.1486540767,0.0948680268,,,,
36684,0.0,580.862549,-896.080566,1677.47937,0.9845178052,-0.147393166,0.0948680442,,,,
36685,0.0,584.312683,-897.247375,1677.791626,0.9846668591,-0.1463940831,0.0948680616,,,,
36686,0.0,587.752441,-898.404236,1678.142822,0.9848149463,-0.1453945404,0.0948680616,,,,
36687,0.0,591.134583,-899.493713,1678.482544,0.9848269231,-0.1453133941,0.0948680616,,,,
36688,0.0,594.578125,-900.60083,1678.773682,0.9848269231,-0.1453133941,0.0948680616,,,,
36689,0.0,597.036865,-901.354614,1678.973511,0.9848269231,-0.1453133941,0.0948680616,,,,
36690,0.0,600.788147,-902.510559,1679.251709,0.9848269231,-0.1453133941,0.0948680616,,,,
36691,0.0,604.485413,-903.519592,1679.446167,0.9848269231,-0.1453133941,0.0948680616,,,,
36692,0.0,607.062927,-904.090515,1679.479614,0.9848269231,-0.1453133941,0.0948680616,,,,
36693,0.0,610.861084,-905.067017,1679.567627,0.9848986879,-0.1453239832,0.0941037435,,,,
36694,0.0,614.199768,-905.858459,1679.566772,0.9849164504,-0.1453266041,0.0939135979,,,,
36695,0.0,617.955933,-906.626953,1679.52356,0.9849164504,-0.1453266041,0.0939135979,,,,
36696,0.0,621.329956,-907.283081,1679.283203,0.9849164504,-0.1453266041,0.0939135979,,,,
36697,0.0,624.548584,-907.815063,1679.069336,0.9849164504,-0.1453266041,0.0939135979,,,,
36698,0.0,628.569153,-908.434509,1678.616211,0.9849164504,-0.1453266041,0.0939135979,,,,
36699,0.0,631.574829,-908.878479,1678.260986,0.9849164504,-0.1453266041,0.0939135979,,,,
36700,0.0,634.699219,-909.355225,1677.978394,0.9849164504,-0.1453266041,0.0939135979,,,,
36701,0.0,638.677002,-910.129333,1677.550293,0.9844725114,-0.1488646916,0.0930224591,,,,
36702,0.0,641.211792,-910.710327,1677.345825,0.9829055964,-0.16004165,0.0910124107,,,,
36703,0.0,645.561707,-911.765503,1677.077637,0.9769317339,-0.1936163609,0.0900949063,,,,
36704,0.0,648.929382,-912.619751,1677.05896,0.9672816582,-0.2371689175,0.090094941,,,,
36705,0.0,654.938049,-914.250671,1677.050537,0.9275044102,-0.3623603464,0.0918180183,,,,
36706,0.0,658.211548,-915.222229,1677.120605,0.8955550109,-0.4353348258,0.0920044125,,,,
36707,0.0,661.049255,-916.11731,1677.296997,0.8655964427,-0.4922174179,0.0920044125,,,,
36708,0.0,663.1345825,-916.824158,1677.4765015,0.8370096666,-0.5367189621,0.0924649694,,,,
36709,0.0,665.21991,-917.531006,1677.656006,0.8084228904,-0.5812205063,0.0929255263,,,,
36710,0.0,671.053406,-920.421265,1677.512207,0.7218175237,-0.6850831981,0.0981859159,,,,
36711,0.0,674.201111,-921.771973,1677.431152,0.6740513793,-0.7315571333,0.1023664924,,,,
36712,0.0,678.071777,-923.241516,1677.268188,0.6197222239,-0.7775094247,0.1068805858,,,,
36713,0.0,680.97998,-924.13324,1677.182617,0.5872371216,-0.8018676885,0.1102758959,,,,
36714,0.0,685.098877,-925.210388,1677.203857,0.5459490872,-0.8300378784,0.1139153836,,,,
36715,0.0,688.234253,-925.845947,1677.173096,0.5281775853,-0.8413423104,0.1147673961,,,,
36716,0.0,691.887024,-926.466919,1677.241699,0.5146332942,-0.8496780699,0.1148901654,,,,
36717,0.0,695.107239,-926.921692,1677.265503,0.5076758837,-0.8538532936,0.1148901654,,,,
36718,0.0,699.454895,-927.647949,1677.136597,0.5027526391,-0.8567613634,0.1148901654,,,,
36719,0.0,701.876831,-928.134338,1677.019653,0.5027526391,-0.8567613634,0.1148901654,,,,
36720,0.0,705.701721,-928.796021,1676.668945,0.5027526391,-0.8567613634,0.1148901654,,,,
36721,0.0,709.58783,-929.546692,1676.448364,0.5027526391,-0.8567613634,0.1148901654,,,,
36722,0.0,713.476746,-930.314026,1676.235229,0.5027526391,-0.8567613634,0.1148901654,,,,
36723,0.0,716.428162,-930.901978,1676.10144,0.5027526391,-0.8567613634,0.1148901654,,,,
36724,0.0,719.4245,-931.504822,1675.941162,0.5027888702,-0.8568226952,0.1142725736,,,,
36725,0.0,723.47644,-932.363403,1675.792847,0.5054882914,-0.855277604,0.1139377344,,,,
36726,0.0,727.395874,-933.327148,1675.780518,0.5117596162,-0.8516643957,0.1130037715,,,,
36727,0.0,729.928955,-933.894775,1675.742432,0.5225180222,-0.8453811297,0.1109308888,,,,
36728,0.0,733.427368,-934.693542,1675.767456,0.5436084767,-0.8324543614,0.1072826187,,,,
36749,0.0,808.699097,-934.596802,1677.75769,0.9491611703,0.2928234171,0.1155314637,,,,
36750,0.0,811.4627685,-934.3677675,1677.984497,0.9361773975,0.329162838,0.1171829641,,,,
36751,0.0,814.22644,-934.138733,1678.211304,0.9231936247,0.365502259,0.1188344645,,,,
36752,0.0,821.089661,-933.498047,1678.546265,0.8783495534,0.4618804273,0.1231605977,,,,
36753,0.0,824.925415,-932.564087,1678.999512,0.8730596928,0.4717256346,0.1234572736,,,,
36891,0.0,986.233093,-490.432739,1677.736694,0.1051299642,0.9913449623,0.0786311407,,,,
36892,0.0,986.269531,-490.088074,1677.736694,0.1051299642,0.9913449623,0.0786311407,,,,
36893,0.0,986.295288,-489.845337,1677.736694,0.1051299642,0.9913449623,0.0786311407,,,,
36894,0.0,986.323669,-489.578644,1677.736694,0.1051299642,0.9913449623,0.0786311407,,,,
36895,0.0,986.347839,-489.350433,1677.736694,0.1051299642,0.9913449623,0.0786311407,,,,
36896,0.0,986.623047,-486.099915,1677.736694,0.1183669476,0.9898517122,0.0786311233,,,,
36977,0.0,1131.161865,-212.102371,1675.701294,0.5452196323,0.8324643075,0.0986850006,,,,
36978,0.0,1131.299316,-212.261414,1675.701294,0.5452196323,0.8324643075,0.0986850006,,,,
36979,0.0,1131.306396,-212.381119,1675.701294,0.5452196323,0.8324643075,0.0986850006,,,,
36980,0.0,1131.266357,-212.442047,1675.701294,0.5452196323,0.8324643075,0.0986850006,,,,
36982,0.0,1132.901367,-209.943771,1675.742188,0.5452196323,0.8324643075,0.0986850006,,,,
36983,0.0,1134.548096,-207.427246,1675.811401,0.5452196323,0.8324643075,0.0986850006,,,,
36984,0.0,1136.38855,-204.614639,1675.898071,0.5452196323,0.8324643075,0.0986850006,,,,
36985,0.0,1138.391602,-201.55423,1675.990356,0.5452196323,0.8324643075,0.0986850006,,,,
37195,0.0,762.177124,343.657013,1676.701294,-0.0612291946,0.9966280878,0.0546208778,,,,
37196,0.0,762.158569,343.960663,1676.701294,-0.0612291946,0.9966280878,0.0546208778,,,,
37197,0.0,762.142578,344.219818,1676.701294,-0.0612291946,0.9966280878,0.0546208778,,,,
37198,0.0,762.131348,344.403412,1676.701294,-0.0612291946,0.9966280878,0.0546208778,,,,
37199,0.0,762.115112,344.666351,1676.701294,-0.0612291946,0.9966280878,0.0546208778,,,,
37200,0.0,761.198364,347.217651,1676.701294,-0.0590680191,0.9967585108,0.0546208778,,,,
37201,0.0,760.037231,350.57489,1676.701294,-0.0583624283,0.9968000736,0.0546208778,,,,
37211,0.0,750.277527,383.106934,1676.689331,-0.4353035312,0.897711867,0.0680017609,,,,
37212,0.0,748.831482,388.326141,1676.690918,-0.493838032,0.8667085697,0.0702869354,,,,
37213,0.0,747.427368,393.292786,1676.693604,-0.5486565339,0.832899374,0.0724888997,,,,
37214,0.0,746.106323,397.835541,1676.697144,-0.5998992937,0.7965892626,0.0746082044,,,,
37215,0.0,745.242249,400.710358,1676.700073,-0.6340427506,0.7695486257,0.0760572362,,,,
37216,0.0,743.356018,406.211823,1676.701172,-0.6860595425,0.7233466287,0.0780510015,,,,
37227,0.0,726.846252,440.464081,1676.680054,-0.2583243626,0.9657043253,0.0261472704,,,,
37228,0.0,725.071106,445.005981,1676.689209,-0.1602321273,0.9869076125,0.018412759,,,,
37229,0.0,723.950745,447.924805,1676.694824,-0.0933811215,0.9955414187,0.0133135193,,,,
37230,0.0,722.424683,452.004517,1676.700806,0.008698169,0.999945427,0.0057866068,,,,
37246,0.0,691.471863,493.500549,1676.703857,-0.6011426592,0.7991312043,-0.004101425,,,,
37247,0.0,688.774963,497.072571,1676.703369,-0.6706983399,0.741717895,-0.0042779809,,,,
37248,0.0,683.893494,503.35556,1676.702271,-0.7880390048,0.6156081768,-0.0045934286,,,,
37249,0.0,682.3616335,505.240921,1676.7017825,-0.8220358152,0.5662538824,-0.0046925448,,,,
37250,0.0,680.829773,507.126282,1676.701294,-0.8560326255,0.516899588,-0.004791661,,,,
37251,0.0,675.658447,509.385834,1676.701172,-0.9307527968,0.3656469152,-0.0012508771,,,,
37252,0.0,673.813812,510.061844,1676.701233,-0.9418154253,0.3344995066,-0.0011048106,,,,
37253,0.0,671.969177,510.737854,1676.701294,-0.9528780538,0.3033520981,-0.0009587441,,,,
37254,0.0,666.911133,512.216553,1676.701294,-0.9598826772,0.2804019366,0.0,,,,
37255,0.0,664.391479,512.760132,1676.701294,-0.9597008667,0.2810235691,0.0,,,,
37256,0.0,660.843689,513.319824,1676.701294,-0.9571536012,0.2895807031,0.0,,,,
37257,0.0,658.420898,513.599976,1676.701294,-0.9537427779,0.3006231917,-0.0006404136,,,,
37258,0.0,654.735107,513.922546,1676.701294,-0.944803079,0.327637334,-0.0009587441,,,,
37259,0.0,651.954224,514.111816,1676.701294,-0.9349032233,0.3549014566,-0.0009587441,,,,
37260,0.0,648.056152,514.264893,1676.701294,-0.919264458,0.3936393489,-0.0009587441,,,,
37261,0.0,645.495483,514.265991,1676.701294,-0.9094918235,0.4157213778,0.0005992239,,,,
37262,0.0,642.764587,514.239746,1676.701294,-0.8976715453,0.4406622465,0.0016066447,,,,
37263,0.0,638.656677,514.116333,1676.701294,-0.8791472888,0.4765416493,0.0028462442,,,,
37264,0.0,636.017029,513.920532,1676.701294,-0.8709530489,0.4913527885,0.0036364553,,,,
37265,0.0,632.333984,513.566223,1676.701294,-0.8617158825,0.5073690617,0.0047300166,,,,
37266,0.0,629.704895,513.233521,1676.701294,-0.8583035121,0.5131128676,0.0055014769,,,,
37267,0.0,625.533752,512.608826,1676.701294,-0.8567765221,0.5156557972,0.005752399,,,,
37268,0.0,622.778931,512.117493,1676.701294,-0.8567765221,0.5156557972,0.005752399,,,,
37269,0.0,620.0495,511.614319,1676.701294,-0.8567765221,0.5156557972,0.005752399,,,,
37270,0.0,616.021179,510.843689,1676.701294,-0.8572062641,0.5149309919,0.0065950278,,,,
37271,0.0,613.261597,510.285187,1676.701294,-0.8593177408,0.5113980655,0.0067111071,,,,
37272,0.0,610.329834,509.661591,1676.701294,-0.863423281,0.5044282232,0.0072391611,,,,
37273,0.0,606.61853,508.828308,1676.701294,-0.8704469174,0.4922025374,0.0076698266,,,,
37274,0.0,601.993408,507.71582,1676.701294,-0.8809451727,0.4731406271,0.0085761112,,,,
37275,0.0,598.570435,506.849792,1676.701294,-0.8888334059,0.4581492386,0.008628539,,,,
37276,0.0,595.315002,505.953674,1676.701294,-0.8981897424,0.4395065991,0.0094411834,,,,
37277,0.0,592.371094,505.133423,1676.701294,-0.9053852903,0.4244508777,0.0109054388,,,,
37278,0.0,588.39856,503.907806,1676.701294,-0.9178886604,0.3966475084,0.0122947669,,,,
37279,0.0,584.437866,502.574005,1676.701294,-0.9314754287,0.3634849734,0.0152381068,,,,
37280,0.0,581.617249,501.48877,1676.701172,-0.9435715972,0.3306598301,0.018349868,,,,
37281,0.0,577.682739,499.923981,1676.701294,-0.9577755424,0.2865397237,0.023685376,,,,
37282,0.0,574.989929,498.732727,1676.701172,-0.9678713527,0.2497712686,0.0289716749,,,,
37283,0.0,571.266907,496.919769,1676.701294,-0.9810759701,0.1899684971,0.0374421023,,,,
37284,0.0,567.848816,495.181091,1676.701172,-0.9894438521,0.1378574038,0.0446788502,,,,
37285,0.0,564.579956,493.316711,1676.701294,-0.9957198545,0.0772301662,0.0507688175,,,,
37286,0.0,562.200134,491.958435,1676.701172,-0.9976775364,0.0418727284,0.0537234403,,,,
37287,0.0,558.856995,489.983002,1676.701294,-0.998362601,-0.0036037603,0.0570887887,,,,
37288,0.0,553.111023,486.985199,1676.701294,-0.9959484042,-0.0671726233,0.0597880833,,,,
37289,0.0,551.4007265,486.1935425,1676.701294,-0.9944716582,-0.0843734154,0.0600759258,,,,
37290,0.0,549.69043,485.401886,1676.701294,-0.9929949123,-0.1015742075,0.0603637682,,,,
37291,0.0,546.067383,483.876007,1676.701294,-0.9892070199,-0.1335128732,0.0603637682,,,,
37292,0.0,539.779724,481.484497,1676.701294,-0.9823184161,-0.1760593938,0.0636680395,,,,
37293,0.0,536.051331,480.201935,1676.701294,-0.9796754183,-0.1892214814,0.0665680529,,,,
37294,0.0,534.1324465,479.5970155,1676.701294,-0.979191754,-0.190965842,0.0686155036,,,,
37295,0.0,529.442139,478.176117,1676.701294,-0.9788761126,-0.1907103858,0.0736960305,,,,
37296,0.0,527.240784,477.539795,1676.701294,-0.9789116989,-0.1903293306,0.074203957,,,,
37297,0.0,522.120117,476.08374,1676.701294,-0.9789472852,-0.1899482753,0.0747118835,,,,
37298,0.0,519.100769,475.253693,1676.701294,-0.9789472852,-0.1899482753,0.0747118835,,,,
37299,0.0,514.722534,474.081604,1676.701294,-0.9789472852,-0.1899482753,0.0747118835,,,,
37300,0.0,511.969269,473.36264,1676.701294,-0.9789472852,-0.1899482753,0.0747118835,,,,
37301,0.0,508.116669,472.376495,1676.701294,-0.9789472852,-0.1899482753,0.0747118835,,,,
37302,0.0,504.245422,471.407227,1676.701294,-0.9789472852,-0.1899482753,0.0747118835,,,,
37303,0.0,501.59433,470.755341,1676.701294,-0.9789472852,-0.1899482753,0.0747118835,,,,
37304,0.0,497.443573,469.751801,1676.701294,-0.9789472852,-0.1899482753,0.0747118835,,,,
37305,0.0,493.564972,468.831085,1676.720337,-0.9789472852,-0.1899482753,0.0747118835,,,,
37306,0.0,490.936493,468.21637,1676.733765,-0.9789472852,-0.1899482753,0.0747118835,,,,
37307,0.0,486.806091,467.262878,1676.754272,-0.9789472852,-0.1899482753,0.0747118835,,,,
37308,0.0,483.004974,466.398102,1676.772949,-0.9789472852,-0.1899482753,0.0747118835,,,,
37309,0.0,479.766846,465.670746,1676.789307,-0.9789472852,-0.1899482753,0.0747118835,,,,
37310,0.0,476.514771,464.947571,1676.79187,-0.9789472852,-0.1899482753,0.0747118835,,,,
37311,0.0,472.532043,464.071167,1676.79126,-0.9789472852,-0.1899482753,0.0747118835,,,,
37312,0.0,469.638,463.440552,1676.79126,-0.9789472852,-0.1899482753,0.0747118835,,,,
37313,0.0,465.971802,462.648224,1676.79126,-0.9789472852,-0.1899482753,0.0747118835,,,,
37314,0.0,462.264099,461.85379,1676.79126,-0.9789472852,-0.1899482753,0.0747118835,,,,
37315,0.0,459.107513,461.182526,1676.79126,-0.9789472852,-0.1899482753,0.0747118835,,,,
37316,0.0,451.748764,459.641495,1676.79126,-0.9789472852,-0.1899482753,0.0747118835,,,,
37317,0.0,444.390015,458.100464,1676.79126,-0.9789472852,-0.1899482753,0.0747118835,,,,
37318,0.0,444.175018,458.058746,1676.79126,-0.9789472852,-0.1899482753,0.0747118835,,,,
37319,0.0,444.053406,458.035126,1676.79126,-0.9789472852,-0.1899482753,0.0747118835,,,,
37320,0.0,443.978668,458.02063,1676.79126,-0.9789472852,-0.1899482753,0.0747118835,,,,
37321,0.0,443.897461,458.004913,1676.79126,-0.9789472852,-0.1899482753,0.0747118835,,,,
37322,0.0,443.861328,457.997833,1676.79126,-0.9789472852,-0.1899482753,0.0747118835,,,,
37323,0.0,443.861328,457.997833,1676.79126,-0.9789472852,-0.1899482753,0.0747118835,,,,
37324,0.0,443.861328,457.997833,1676.79126,-0.9789472852,-0.1899482753,0.0747118835,,,,
37325,0.0,443.861328,457.997833,1676.79126,-0.9789472852,-0.1899482753,0.0747118835,,,,
37326,0.0,443.861328,457.997833,1676.79126,-0.9789472852,-0.1899482753,0.0747118835,,,,
37327,0.0,443.861328,457.997833,1676.79126,-0.9789472852,-0.1899482753,0.0747118835,,,,
37328,0.0,443.861328,457.997833,1676.79126,-0.9789472852,-0.1899482753,0.0747118835,,,,
37329,0.0,443.861328,457.997833,1676.79126,-0.9789472852,-0.1899482753,0.0747118835,,,,
37330,0.0,443.861328,457.997833,1676.79126,-0.9789472852,-0.1899482753,0.0747118835,,,,
37331,0.0,443.861328,457.997833,1676.79126,-0.9789472852,-0.1899482753,0.0747118835,,,,
37332,0.0,443.861328,457.997833,1676.79126,-0.9789472852,-0.1899482753,0.0747118835,,,,
37333,0.0,443.861328,457.997833,1676.79126,-0.9789472852,-0.1899482753,0.0747118835,,,,
37334,0.0,443.861328,457.997833,1676.79126,-0.9789472852,-0.1899482753,0.0747118835,,,,
37335,0.0,443.861328,457.997833,1676.79126,-0.9789472852,-0.1899482753,0.0747118835,,,,
37336,0.0,443.861328,457.997833,1676.79126,-0.9789472852,-0.1899482753,0.0747118835,,,,
37337,0.0,443.861328,457.997833,1676.79126,-0.9789472852,-0.1899482753,0.0747118835,,,,
37338,0.0,443.861328,457.997833,1676.79126,-0.9789472852,-0.1899482753,0.0747118835,,,,
37339,0.0,443.861328,457.997833,1676.79126,-0.9789472852,-0.1899482753,0.0747118835,,,,
37340,0.0,443.861328,457.997833,1676.79126,-0.9789472852,-0.1899482753,0.0747118835,,,,
37341,0.0,443.861328,457.997833,1676.79126,-0.9789472852,-0.1899482753,0.0747118835,,,,
37342,0.0,443.861328,457.997833,1676.79126,-0.9789472852,-0.1899482753,0.0747118835,,,,
37343,0.0,443.861328,457.997833,1676.79126,-0.9789472852,-0.1899482753,0.0747118835,,,,
37344,0.0,443.861328,457.997833,1676.79126,-0.9789472852,-0.1899482753,0.0747118835,,,,
37345,0.0,443.861328,457.997833,1676.79126,-0.9789472852,-0.1899482753,0.0747118835,,,,
37346,0.0,443.861328,457.997833,1676.79126,-0.9789472852,-0.1899482753,0.0747118835,,,,
37347,0.0,443.861328,457.997833,1676.79126,-0.9789472852,-0.1899482753,0.0747118835,,,,
37348,0.0,443.861328,457.997833,1676.79126,-0.9789472852,-0.1899482753,0.0747118835,,,,
37349,0.0,443.861328,457.997833,1676.79126,-0.9789472852,-0.1899482753,0.0747118835,,,,
37350,0.0,443.861328,457.997833,1676.79126,-0.9789472852,-0.1899482753,0.0747118835,,,,
37351,0.0,443.861328,457.997833,1676.79126,-0.9789472852,-0.1899482753,0.0747118835,,,,
37352,0.0,443.861328,457.997833,1676.79126,-0.9789472852,-0.1899482753,0.0747118835,,,,
37353,0.0,443.861328,457.997833,1676.79126,-0.9789472852,-0.1899482753,0.0747118835,,,,
37354,0.0,443.861328,457.997833,1676.79126,-0.9789472852,-0.1899482753,0.0747118835,,,,
37355,0.0,443.861328,457.997833,1676.79126,-0.9789472852,-0.1899482753,0.0747118835,,,,
37356,0.0,443.861328,457.997833,1676.79126,-0.9789472852,-0.1899482753,0.0747118835,,,,
37357,0.0,443.861328,457.997833,1676.79126,-0.9789472852,-0.1899482753,0.0747118835,,,,
37358,0.0,443.861328,457.997833,1676.79126,-0.9789472852,-0.1899482753,0.0747118835,,,,
37359,0.0,443.861328,457.997833,1676.79126,-0.9789472852,-0.1899482753,0.0747118835,,,,
37360,0.0,443.861328,457.997833,1676.79126,-0.9789472852,-0.1899482753,0.0747118835,,,,
37361,0.0,443.861328,457.997833,1676.79126,-0.9789472852,-0.1899482753,0.0747118835,,,,
37362,0.0,443.861328,457.997833,1676.79126,-0.9789472852,-0.1899482753,0.0747118835,,,,
37363,0.0,443.861328,457.997833,1676.79126,-0.9789472852,-0.1899482753,0.0747118835,,,,
37364,0.0,443.861328,457.997833,1676.79126,-0.9789472852,-0.1899482753,0.0747118835,,,,
37365,0.0,443.861328,457.997833,1676.79126,-0.9789472852,-0.1899482753,0.0747118835,,,,
37366,0.0,443.861328,457.997833,1676.79126,-0.9789472852,-0.1899482753,0.0747118835,,,,
37367,0.0,443.861328,457.997833,1676.79126,-0.9789472852,-0.1899482753,0.0747118835,,,,
37368,0.0,443.861328,457.997833,1676.79126,-0.9789472852,-0.1899482753,0.0747118835,,,,
37369,0.0,443.861328,457.997833,1676.79126,-0.9789472852,-0.1899482753,0.0747118835,,,,
37370,0.0,443.861328,457.997833,1676.79126,-0.9789472852,-0.1899482753,0.0747118835,,,,
37371,0.0,443.861328,457.997833,1676.79126,-0.9789472852,-0.1899482753,0.0747118835,,,,
37372,0.0,443.861328,457.997833,1676.79126,-0.9789472852,-0.1899482753,0.0747118835,,,,
37373,0.0,443.861328,457.997833,1676.79126,-0.9789472852,-0.1899482753,0.0747118835,,,,
37374,0.0,443.861328,457.997833,1676.79126,-0.9789472852,-0.1899482753,0.0747118835,,,,
37375,0.0,443.861328,457.997833,1676.79126,-0.9789472852,-0.1899482753,0.0747118835,,,,
37376,0.0,443.861328,457.997833,1676.79126,-0.9789472852,-0.1899482753,0.0747118835,,,,
37377,0.0,443.861328,457.997833,1676.79126,-0.9789472852,-0.1899482753,0.0747118835,,,,
37378,0.0,443.861328,457.997833,1676.79126,-0.9789472852,-0.1899482753,0.0747118835,,,,
37379,0.0,443.861328,457.997833,1676.79126,-0.9789472852,-0.1899482753,0.0747118835,,,,
37380,0.0,443.861328,457.997833,1676.79126,-0.9789472852,-0.1899482753,0.0747118835,,,,
37381,0.0,443.861328,457.997833,1676.79126,-0.9789472852,-0.1899482753,0.0747118835,,,,
37382,0.0,443.861328,457.997833,1676.79126,-0.9789472852,-0.1899482753,0.0747118835,,,,
37383,0.0,443.861328,457.997833,1676.79126,-0.9789472852,-0.1899482753,0.0747118835,,,,
37384,0.0,443.861328,457.997833,1676.79126,-0.9789472852,-0.1899482753,0.0747118835,,,,
37385,0.0,443.861328,457.997833,1676.79126,-0.9789472852,-0.1899482753,0.0747118835,,,,
37386,0.0,443.861328,457.997833,1676.79126,-0.9789472852,-0.1899482753,0.0747118835,,,,
37387,0.0,443.861328,457.997833,1676.79126,-0.9789472852,-0.1899482753,0.0747118835,,,,
37388,0.0,443.861328,457.997833,1676.79126,-0.9789472852,-0.1899482753,0.0747118835,,,,
37389,0.0,443.861328,457.997833,1676.79126,-0.9789472852,-0.1899482753,0.0747118835,,,,
37390,0.0,443.861328,457.997833,1676.79126,-0.9789472852,-0.1899482753,0.0747118835,,,,
37391,0.0,443.861328,457.997833,1676.79126,-0.9789472852,-0.1899482753,0.0747118835,,,,
37392,0.0,443.861328,457.997833,1676.79126,-0.9789472852,-0.1899482753,0.0747118835,,,,
37393,0.0,443.861328,457.997833,1676.79126,-0.9789472852,-0.1899482753,0.0747118835,,,,
37394,0.0,443.861328,457.997833,1676.79126,-0.9789472852,-0.1899482753,0.0747118835,,,,
37395,0.0,443.861328,457.997833,1676.79126,-0.9789472852,-0.1899482753,0.0747118835,,,,
37396,0.0,443.861328,457.997833,1676.79126,-0.9789472852,-0.1899482753,0.0747118835,,,,
37397,0.0,443.861328,457.997833,1676.79126,-0.9789472852,-0.1899482753,0.0747118835,,,,
37398,0.0,443.861328,457.997833,1676.79126,-0.9789472852,-0.1899482753,0.0747118835,,,,
37399,0.0,443.861328,457.997833,1676.79126,-0.9789472852,-0.1899482753,0.0747118835,,,,
37400,0.0,443.861328,457.997833,1676.79126,-0.9789472852,-0.1899482753,0.0747118835,,,,
37401,0.0,443.861328,457.997833,1676.79126,-0.9789472852,-0.1899482753,0.0747118835,,,,
37402,0.0,443.861328,457.997833,1676.79126,-0.9789472852,-0.1899482753,0.0747118835,,,,
37403,0.0,443.861328,457.997833,1676.79126,-0.9789472852,-0.1899482753,0.0747118835,,,,
37404,0.0,443.861328,457.997833,1676.79126,-0.9789472852,-0.1899482753,0.0747118835,,,,
37405,0.0,443.861328,457.997833,1676.79126,-0.9789472852,-0.1899482753,0.0747118835,,,,
37406,0.0,443.861328,457.997833,1676.79126,-0.9789472852,-0.1899482753,0.0747118835,,,,
37407,0.0,443.861328,457.997833,1676.79126,-0.9789472852,-0.1899482753,0.0747118835,,,,
37408,0.0,443.861328,457.997833,1676.79126,-0.9789472852,-0.1899482753,0.0747118835,,,,
37409,0.0,443.861328,457.997833,1676.79126,-0.9789472852,-0.1899482753,0.0747118835,,,,
37410,0.0,443.861328,457.997833,1676.79126,-0.9789472852,-0.1899482753,0.0747118835,,,,
37411,0.0,443.861328,457.997833,1676.79126,-0.9789472852,-0.1899482753,0.0747118835,,,,
37412,0.0,443.861328,457.997833,1676.79126,-0.9789472852,-0.1899482753,0.0747118835,,,,
37413,0.0,443.861328,457.997833,1676.79126,-0.9789472852,-0.1899482753,0.0747118835,,,,
37414,0.0,443.861328,457.997833,1676.79126,-0.9789472852,-0.1899482753,0.0747118835,,,,
37415,0.0,443.861328,457.997833,1676.79126,-0.9789472852,-0.1899482753,0.0747118835,,,,
37416,0.0,443.861328,457.997833,1676.79126,-0.9789472852,-0.1899482753,0.0747118835,,,,
37417,0.0,443.861328,457.997833,1676.79126,-0.9789472852,-0.1899482753,0.0747118835,,,,
37418,0.0,443.861328,457.997833,1676.79126,-0.9789472852,-0.1899482753,0.0747118835,,,,
37419,0.0,443.861328,457.997833,1676.79126,-0.9789472852,-0.1899482753,0.0747118835,,,,
37420,0.0,443.861328,457.997833,1676.79126,-0.9789472852,-0.1899482753,0.0747118835,,,,
37421,0.0,443.861328,457.997833,1676.79126,-0.9789472852,-0.1899482753,0.0747118835,,,,
37422,0.0,443.861328,457.997833,1676.79126,-0.9789472852,-0.1899482753,0.0747118835,,,,
37423,0.0,443.861328,457.997833,1676.79126,-0.9789472852,-0.1899482753,0.0747118835,,,,
37424,0.0,443.861328,457.997833,1676.79126,-0.9789472852,-0.1899482753,0.0747118835,,,,
37425,0.0,443.861328,457.997833,1676.79126,-0.9789472852,-0.1899482753,0.0747118835,,,,
37426,0.0,443.861328,457.997833,1676.79126,-0.9789472852,-0.1899482753,0.0747118835,,,,
37427,0.0,443.861328,457.997833,1676.79126,-0.9789472852,-0.1899482753,0.0747118835,,,,
37428,0.0,443.861328,457.997833,1676.79126,-0.9789472852,-0.1899482753,0.0747118835,,,,
37429,0.0,443.861328,457.997833,1676.79126,-0.9789472852,-0.1899482753,0.0747118835,,,,
37430,0.0,443.861328,457.997833,1676.79126,-0.9789472852,-0.1899482753,0.0747118835,,,,
37431,0.0,443.861328,457.997833,1676.79126,-0.9789472852,-0.1899482753,0.0747118835,,,,
37432,0.0,443.861328,457.997833,1676.79126,-0.9789472852,-0.1899482753,0.0747118835,,,,
37433,0.0,443.861328,457.997833,1676.79126,-0.9789472852,-0.1899482753,0.0747118835,,,,
37434,0.0,443.861328,457.997833,1676.79126,-0.9789472852,-0.1899482753,0.0747118835,,,,
37435,0.0,443.861328,457.997833,1676.79126,-0.9789472852,-0.1899482753,0.0747118835,,,,
37436,0.0,443.861328,457.997833,1676.79126,-0.9789472852,-0.1899482753,0.0747118835,,,,
37437,0.0,443.861328,457.997833,1676.79126,-0.9789472852,-0.1899482753,0.0747118835,,,,
37438,0.0,443.861328,457.997833,1676.79126,-0.9789472852,-0.1899482753,0.0747118835,,,,
37439,0.0,443.861328,457.997833,1676.79126,-0.9789472852,-0.1899482753,0.0747118835,,,,
37440,0.0,443.861328,457.997833,1676.79126,-0.9789472852,-0.1899482753,0.0747118835,,,,
37441,0.0,443.861328,457.997833,1676.79126,-0.9789472852,-0.1899482753,0.0747118835,,,,
37442,0.0,443.861328,457.997833,1676.79126,-0.9789472852,-0.1899482753,0.0747118835,,,,
37443,0.0,443.861328,457.997833,1676.79126,-0.9789472852,-0.1899482753,0.0747118835,,,,
37444,0.0,443.861328,457.997833,1676.79126,-0.9789472852,-0.1899482753,0.0747118835,,,,
37445,0.0,443.861328,457.997833,1676.79126,-0.9789472852,-0.1899482753,0.0747118835,,,,
37446,0.0,443.861328,457.997833,1676.79126,-0.9789472852,-0.1899482753,0.0747118835,,,,
37447,0.0,443.861328,457.997833,1676.79126,-0.9789472852,-0.1899482753,0.0747118835,,,,
37448,0.0,443.861328,457.997833,1676.79126,-0.9789472852,-0.1899482753,0.0747118835,,,,
37449,0.0,443.861328,457.997833,1676.79126,-0.9789472852,-0.1899482753,0.0747118835,,,,
37450,0.0,443.861328,457.997833,1676.79126,-0.9789472852,-0.1899482753,0.0747118835,,,,
37451,0.0,443.861328,457.997833,1676.79126,-0.9789472852,-0.1899482753,0.0747118835,,,,
37452,0.0,443.861328,457.997833,1676.79126,-0.9789472852,-0.1899482753,0.0747118835,,,,
37453,0.0,443.861328,457.997833,1676.79126,-0.9789472852,-0.1899482753,0.0747118835,,,,
37454,0.0,443.861328,457.997833,1676.79126,-0.9789472852,-0.1899482753,0.0747118835,,,,
37455,0.0,443.861328,457.997833,1676.79126,-0.9789472852,-0.1899482753,0.0747118835,,,,
37456,0.0,443.861328,457.997833,1676.79126,-0.9789472852,-0.1899482753,0.0747118835,,,,
37457,0.0,443.861328,457.997833,1676.79126,-0.9789472852,-0.1899482753,0.0747118835,,,,
37458,0.0,443.861328,457.997833,1676.79126,-0.9789472852,-0.1899482753,0.0747118835,,,,
37459,0.0,443.861328,457.997833,1676.79126,-0.9789472852,-0.1899482753,0.0747118835,,,,
37460,0.0,443.861328,457.997833,1676.79126,-0.9789472852,-0.1899482753,0.0747118835,,,,
37461,0.0,443.861328,457.997833,1676.79126,-0.9789472852,-0.1899482753,0.0747118835,,,,
37462,0.0,443.861328,457.997833,1676.79126,-0.9789472852,-0.1899482753,0.0747118835,,,,
37463,0.0,443.861328,457.997833,1676.79126,-0.9789472852,-0.1899482753,0.0747118835,,,,
37464,0.0,443.861328,457.997833,1676.79126,-0.9789472852,-0.1899482753,0.0747118835,,,,
