timestamp,is_bot,loc_x,loc_y,loc_z,s_x,s_y,s_z,d_a,d_p,d_e,tar
1078,0.0,-2314.111572,-498.857239,-104.298721,0.085642836,0.9945187714,0.0599809794,,,,
1079,0.0,-2314.895874,-497.691971,-104.298725,0.0887319001,0.9943713542,0.057773909,,,,
1080,0.0,-2317.109375,-494.194061,-104.298721,0.0923562529,0.9943633014,0.0520763614,,,,
1081,0.0,-2317.955078,-492.631256,-104.298721,0.0923579547,0.9943816241,0.0517210522,,,,
1082,0.0,-2319.977051,-488.566376,-104.298721,0.0923596565,0.9943999468,0.0513657431,,,,
1083,0.0,-2321.193848,-485.65271,-104.298721,0.0923596565,0.9943999468,0.0513657431,,,,
1084,0.0,-2322.306396,-482.609619,-104.298721,0.0923596565,0.9943999468,0.0513657431,,,,
1085,0.0,-2323.110107,-480.09903,-104.298721,0.0923596565,0.9943999468,0.0513657431,,,,
1086,0.0,-2324.039062,-476.828552,-104.298721,0.0923596565,0.9943999468,0.0513657431,,,,
1087,0.0,-2324.788818,-473.780487,-104.298721,0.0923596565,0.9943999468,0.0513657431,,,,
1088,0.0,-2325.348389,-471.176086,-104.298721,0.0923596565,0.9943999468,0.0513657431,,,,
1089,0.0,-2325.934082,-468.090576,-104.298721,0.0923596565,0.9943999468,0.0513657431,,,,
1090,0.0,-2326.50415,-464.596771,-104.298721,0.0923596565,0.9943999468,0.0513657431,,,,
1091,0.0,-2326.927979,-461.526764,-104.298721,0.0923596565,0.9943999468,0.0513657431,,,,
1092,0.0,-2327.254395,-458.772247,-104.298721,0.0923596565,0.9943999468,0.0513657431,,,,
1093,0.0,-2327.581787,-455.546814,-104.298721,0.0923596565,0.9943999468,0.0513657431,,,,
1094,0.0,-2327.848877,-452.380188,-104.298721,0.0923596565,0.9943999468,0.0513657431,,,,
1095,0.0,-2328.101318,-448.679596,-104.298721,0.0923596565,0.9943999468,0.0513657431,,,,
1096,0.0,-2331.60083,-444.121674,-104.574638,0.0923596565,0.9943999468,0.0513657431,,,,
1097,0.0,-2331.858154,-441.340088,-104.479973,0.0923596565,0.9943999468,0.0513657431,,,,
1098,0.0,-2332.07666,-438.138763,-104.565643,0.0923596565,0.9943999468,0.0513657431,,,,
1105,0.0,-2332.271484,-415.128601,-104.541389,0.086688815,0.9945473627,0.0579706194,,,,
1106,0.0,-2332.214844,-411.789185,-104.458046,0.0849742871,0.994689707,0.0580668342,,,,
1107,0.0,-2332.041504,-408.800903,-104.288147,0.0846989099,0.9947131936,0.0580668342,,,,
1108,0.0,-2331.675537,-405.172089,-103.911804,0.0846989099,0.9947131936,0.0580668342,,,,
1109,0.0,-2331.390381,-402.15686,-103.628052,0.0846989099,0.9947131936,0.0580668342,,,,
1110,0.0,-2331.163086,-399.327484,-103.472771,0.0846989099,0.9947131936,0.0580668342,,,,
1111,0.0,-2330.737305,-396.361908,-103.09317,0.0846989099,0.9947131936,0.0580668342,,,,
1112,0.0,-2330.543945,-392.976654,-102.989403,0.0839478827,0.9947768563,0.0580668516,,,,
1113,0.0,-2330.142578,-389.095215,-102.762177,0.0828005723,0.994873011,0.0580668342,,,,
1114,0.0,-2329.567871,-386.238403,-102.396263,0.0811170853,0.995011689,0.0580668342,,,,
1115,0.0,-2329.201904,-382.871613,-102.265945,0.0783085597,0.9952366604,0.0580668516,,,,
1116,0.0,-2328.958496,-379.897186,-102.261818,0.0764741565,0.9953792966,0.0580668516,,,,
1117,0.0,-2328.616211,-376.78241,-102.264893,0.075378244,0.9954628889,0.0580668342,,,,
1118,0.0,-2328.357666,-372.911011,-102.258789,0.0733330966,0.9955619595,0.0589800108,,,,
1119,0.0,-2327.867188,-367.090637,-102.637947,0.070146963,0.9957889228,0.0590239339,,,,
1120,0.0,-2327.817261,-365.07164,-102.7122305,0.0637044212,0.9962009064,0.0590239339,,,,
1121,0.0,-2327.767334,-363.052643,-102.786514,0.0572618793,0.9966128899,0.0590239339,,,,
1122,0.0,-2327.784668,-359.833954,-103.266846,0.0267021443,0.9977892872,0.0608566664,,,,
1123,0.0,-2328.003174,-353.688629,-103.965767,-0.0836028797,0.9945750759,0.0618948867,,,,
1124,0.0,-2328.1052245,-351.818115,-104.1711695,-0.1204870948,0.989999221,0.063254797,,,,
1125,0.0,-2328.399414,-347.052612,-104.627731,-0.2147839279,0.9743522201,0.0671238811,,,,
1126,0.0,-2328.729492,-343.466797,-104.958099,-0.2655013515,0.9616104518,0.0693856716,,,,
1127,0.0,-2328.894531,-341.7368775,-105.077999,-0.2873395857,0.9549648913,0.0703983061,,,,
1128,0.0,-2329.390381,-337.142029,-105.245003,-0.3371702615,0.9386025538,0.0730852983,,,,
1129,0.0,-2329.873291,-334.001343,-105.279205,-0.3657768704,0.9277442781,0.074147391,,,,
1130,0.0,-2330.523438,-330.145386,-105.263016,-0.3916122021,0.9171232285,0.0743294486,,,,
1131,0.0,-2331.101807,-327.032471,-105.251961,-0.4034463185,0.9119792753,0.0743294661,,,,
1132,0.0,-2331.776611,-324.18399,-105.070885,-0.41646847,0.9061065868,0.0743294486,,,,
1133,0.0,-2332.403564,-321.251923,-104.671371,-0.4252259918,0.9020299269,0.0743294486,,,,
1134,0.0,-2332.897217,-318.198151,-104.235703,-0.4347014201,0.8974397312,0.075077321,,,,
1135,0.0,-2333.255127,-314.658478,-103.883804,-0.449582081,0.8898450703,0.0777926952,,,,
1136,0.0,-2333.498047,-311.306274,-103.603622,-0.4650754067,0.8815014532,0.0816091547,,,,
1137,0.0,-2333.62207,-307.881134,-103.524384,-0.4769674482,0.8747379412,0.0856480448,,,,
1138,0.0,-2333.71875,-304.844879,-103.464279,-0.4855728832,0.8698049653,0.0875116987,,,,
1139,0.0,-2333.68335,-302.081512,-103.502014,-0.4927340219,0.8656009436,0.089152623,,,,
1140,0.0,-2333.725586,-298.720978,-103.654633,-0.5001012605,0.8612357804,0.0903972327,,,,
1141,0.0,-2333.614746,-295.064484,-103.957062,-0.5061526901,0.8576748273,0.0905723185,,,,
1142,0.0,-2333.391602,-291.95575,-104.099739,-0.5094105227,0.855743872,0.0905723185,,,,
1143,0.0,-2333.283203,-289.688812,-104.474091,-0.5100809467,0.8552724254,0.0912496916,,,,
1144,0.0,-2333.013672,-286.401917,-104.851418,-0.5103061364,0.855108438,0.0915270804,,,,
1145,0.0,-2332.575439,-282.9711,-105.057503,-0.5103061364,0.855108438,0.0915270804,,,,
1146,0.0,-2332.282959,-280.343781,-105.557083,-0.5103061364,0.855108438,0.0915270804,,,,
1147,0.0,-2331.958008,-276.919891,-105.760208,-0.5016625174,0.8602967995,0.0906870188,,,,
1148,0.0,-2331.715088,-274.00415,-105.637466,-0.4789897212,0.8732897776,0.0890719446,,,,
1149,0.0,-2331.517822,-270.548462,-105.682892,-0.4182929515,0.9039745349,0.0886625457,,,,
1150,0.0,-2331.234375,-267.575958,-105.571381,-0.3161630397,0.9444072476,0.0901991301,,,,
1151,0.0,-2330.851807,-263.947083,-105.030701,-0.1542546659,0.983634655,0.0931040467,,,,
1152,0.0,-2330.814941,-261.251404,-104.667793,-0.0267066397,0.9951922876,0.0942287967,,,,
1153,0.0,-2330.213623,-257.596252,-104.173264,0.1596149484,0.9826563171,0.0943908406,,,,
1154,0.0,-2329.780273,-254.588333,-104.833717,0.3051862271,0.9475105241,0.095316177,,,,
1155,0.0,-2329.115479,-251.69133,-106.123817,0.4483313685,0.8887678373,0.0953452434,,,,
1156,0.0,-2328.992432,-249.09407,-107.089836,0.5587276076,0.8238523806,0.0953452434,,,,
1207,0.0,-2340.569824,-165.657623,-100.645782,0.9314013622,0.3574358628,0.068783039,,,,
1208,0.0,-2339.093262,-167.496796,-100.659554,0.9314013622,0.3574358628,0.068783039,,,,
2189,0.0,-197.866684,773.866455,-56.532673,-0.5341863936,-0.8453645487,-0.0019174699,0.0502501226,45.283919795,144.6725041521,4.0
2190,0.0,-197.83934,773.836914,-56.532673,-0.5341863936,-0.8453645487,-0.0019174699,0.0504621626,45.6839978665,145.6516264987,4.0
2191,0.0,-198.375122,772.778748,-57.159485,-0.5341863936,-0.8453645487,-0.0019174699,0.0511449583,47.8064645536,151.4242546286,4.0
2192,0.0,-199.043274,772.263306,-55.599968,-0.5341863936,-0.8453645487,-0.0019174699,0.0480700794,47.2089695818,154.1185772271,4.0
2193,0.0,-199.758865,771.755493,-54.106331,-0.5341863936,-0.8453645487,-0.0019174699,0.0452572476,46.592611007,156.6491973635,4.0
2194,0.0,-201.883759,770.297058,-50.208874,-0.5296226362,-0.8482327656,-0.0010191499,0.0403922878,44.1560097531,156.9480862662,4.0
2195,0.0,-204.174057,768.764038,-46.367424,-0.5239727193,-0.8517350443,-6.08596e-05,0.0364903909,42.0701074791,157.1693467015,4.0
2196,0.0,-206.293625,767.358826,-43.034485,-0.5186752883,-0.8549678243,0.0024422542,0.0337815238,40.5710682685,157.4203737515,4.0
2197,0.0,-208.544449,765.911438,-39.865417,-0.5145764983,-0.8574291354,0.0051288544,0.0309142639,38.8974644896,157.6556448267,4.0
2198,0.0,-211.243378,764.189819,-36.219883,-0.5099388926,-0.8601779948,0.0074928727,0.0288923445,37.721605275,158.0678702175,4.0
2199,0.0,-213.647171,762.700317,-33.260628,-0.508824694,-0.8608359916,0.0076698266,0.0274443011,36.7691197068,158.0310796666,4.0
2200,0.0,-216.00592,761.249207,-30.756823,-0.5087326365,-0.8608903986,0.0076698266,0.0267581873,36.4745316379,158.7344621424,4.0
2201,0.0,-218.635468,759.6651,-28.121706,-0.5087326365,-0.8608903986,0.0076698266,0.0261086534,36.1665029551,159.3135296185,4.0
2202,0.0,-221.194153,758.116516,-25.892078,-0.5087326365,-0.8608903986,0.0076698266,0.0257732268,36.0407376273,159.7757093429,4.0
2203,0.0,-223.846298,756.503296,-23.829926,-0.5087326365,-0.8608903986,0.0076698266,0.0257902789,36.176693459,160.3260923534,4.0
2204,0.0,-226.351181,754.999878,-22.118561,-0.5073496019,-0.8617061884,0.0076698266,0.0263502546,36.690614508,160.8894386013,4.0
2205,0.0,-228.88649,753.453308,-20.570858,-0.5064023254,-0.8622479488,0.0092281927,0.0267810687,37.1037998734,161.4049316956,4.0
2206,0.0,-231.573502,751.839539,-19.183304,-0.5062460533,-0.8623357923,0.009587226,0.0274266968,37.6924333509,162.0506760513,4.0
2207,0.0,-236.75708,748.670471,-16.990555,-0.5062460533,-0.8623357923,0.009587226,0.0287772494,38.9296666644,163.4512302151,4.0
2208,0.0,-237.372101,748.288757,-16.756645,-0.5062460533,-0.8623357923,0.009587226,0.0289456568,39.0865194399,163.6386905887,4.0
2209,0.0,-239.8240585,746.770538,-16.0790595,-0.5062460533,-0.8623357923,0.009587226,0.0296112277,39.6799983851,164.277110003,4.0
2210,0.0,-242.276016,745.252319,-15.401474,-0.5062460533,-0.8623357923,0.009587226,0.0302767986,40.2734773303,164.9155294172,4.0
2211,0.0,-246.895889,742.390259,-14.757229,-0.5062460533,-0.8623357923,0.009587226,0.0315780299,41.3841719194,165.9902778878,4.0
2212,0.0,-248.475952,741.411316,-14.711192,-0.5062460533,-0.8623357923,0.009587226,0.0320328926,41.7643848196,166.3427857911,4.0
2213,0.0,-252.464691,738.939392,-14.803591,-0.5062460533,-0.8623357923,0.009587226,0.0330903459,42.6652555559,167.2366623947,4.0
2214,0.0,-254.704773,737.55249,-15.076385,-0.5062460533,-0.8623357923,0.009587226,0.033842808,43.2594223969,167.702062236,4.0
2215,0.0,-257.46225,735.843262,-15.618587,-0.5062460533,-0.8623357923,0.009587226,0.0349226122,44.0416519197,168.1203982424,4.0
2216,0.0,-260.445801,733.992493,-16.455095,-0.5062460533,-0.8623357923,0.009587226,0.0361942853,44.9852719207,168.7334114994,4.0
2217,0.0,-261.10437,733.587646,-16.654421,-0.5062460533,-0.8623357923,0.009587226,0.0364690871,45.1872469476,168.8630250071,4.0
2218,0.0,-265.461456,730.890442,-18.43808,-0.5062460533,-0.8623357923,0.009587226,0.0382958947,46.4376800238,169.4250623239,4.0
2219,0.0,-268.069,729.273926,-19.769058,-0.5062460533,-0.8623357923,0.009587226,0.0397677772,47.4323547408,169.8850900616,4.0
2220,0.0,-270.521332,727.753906,-21.203945,-0.5062460533,-0.8623357923,0.009587226,0.0412857868,48.418830416,170.2662121649,4.0
2221,0.0,-273.178467,726.108337,-22.946621,-0.5062460533,-0.8623357923,0.009587226,0.0431788461,49.6141359329,170.6846040091,4.0
2222,0.0,-277.245728,722.549561,-24.45244,-0.5062460533,-0.8623357923,0.009587226,0.0460905601,50.6832330581,168.8908424587,4.0
2223,0.0,-280.387665,719.021301,-36.645073,-0.5062460533,-0.8623357923,0.009587226,0.0546242645,54.8359411132,168.2173366845,4.0
2224,0.0,-282.527252,716.920471,-39.657795,-0.5062460533,-0.8623357923,0.009587226,0.0598572153,57.5572817714,168.8982596956,4.0
2225,0.0,-284.9021,715.298218,-43.187649,-0.5062460533,-0.8623357923,0.009587226,0.0650261833,60.2955588815,169.9822786873,4.0
2226,0.0,-287.492279,713.822754,-46.541519,-0.5062460533,-0.8623357923,0.009587226,0.0703806453,63.19948495,171.4948542206,4.0
2227,0.0,-289.356934,713.199036,-47.601986,-0.5062460533,-0.8623357923,0.009587226,0.0733638698,65.2950283374,173.6757362873,4.0
2228,0.0,-290.613678,712.681702,-47.785141,-0.5062460533,-0.8623357923,0.009587226,0.0756015572,66.9723105905,175.5829792272,4.0
2229,0.0,-292.295685,712.179993,-48.610279,-0.5062460533,-0.8623357923,0.009587226,0.0789652313,69.3751672563,178.1223739306,4.0
2230,0.0,-293.195709,711.943481,-48.170261,-0.5062460533,-0.8623357923,0.009587226,0.0807287171,70.9817432291,180.328534347,4.0
2231,0.0,-293.916321,711.215942,-47.181503,-0.5062460533,-0.8623357923,0.009587226,0.0834472874,72.8952161946,182.2772770406,4.0
2232,0.0,-294.462006,710.408569,-45.62701,-0.5062460533,-0.8623357923,0.009587226,0.0859815294,74.7480456379,184.2570853188,4.0
2233,0.0,-295.333557,708.829834,-44.141453,-0.5062460533,-0.8623357923,0.009587226,0.0906314706,77.5106963767,186.3276236363,4.0
2234,0.0,-296.00119,707.528748,-42.8629,-0.5062460533,-0.8623357923,0.009587226,0.0947449764,79.9806011414,188.2478437453,4.0
2235,0.0,-296.498108,706.129395,-41.494064,-0.5062460533,-0.8623357923,0.009587226,0.0989938603,82.418536023,189.9892402926,4.0
2236,0.0,-296.873932,704.400024,-40.256985,-0.5062460533,-0.8623357923,0.009587226,0.1044834849,85.4438996191,191.9965611077,4.0
2237,0.0,-297.121094,702.404602,-38.615044,-0.5077093699,-0.8614750609,0.0095872434,0.1097974607,88.3786410956,193.9978872751,4.0
2238,0.0,-297.283997,700.52179,-37.306301,-0.5119540604,-0.8589403069,0.0111619516,0.113283656,90.5524613471,195.8679263481,4.0
2239,0.0,-297.350494,698.180603,-35.432426,-0.5182731637,-0.855114886,0.0130942552,0.1167845818,92.7827415489,197.84471131,4.0
2240,0.0,-297.328552,695.356812,-33.504589,-0.5295393011,-0.8481135978,0.0170720163,0.1189154737,94.6492218535,200.121480544,4.0
2241,0.0,-297.394745,693.545044,-32.232391,-0.5500460359,-0.8348274613,0.0226377615,0.1130529037,93.3094599565,202.0249244638,4.0
2242,0.0,-297.296112,690.613892,-30.069712,-0.586092243,-0.8097111478,0.0293894509,0.1016565735,89.8463202867,204.5244201832,4.0
2243,0.0,-297.23175,688.239319,-28.246983,-0.625325828,-0.7795169953,0.0363436772,0.0870790446,84.3278944196,206.6169358131,4.0
2244,0.0,-297.180969,685.950806,-26.662285,-0.6719722961,-0.7393132889,0.0432330221,0.0688739309,76.128892209,208.7453267836,4.0
2245,0.0,-297.06781,683.240967,-24.600498,-0.7146008015,-0.6978883538,0.0479326627,0.0542864702,68.6162540744,211.1260166586,4.0
2246,0.0,-297.055206,680.490173,-23.725281,-0.7543022504,-0.6544673267,0.0519676177,0.041587755,60.9997259392,213.7435840916,4.0
2247,0.0,-296.961121,677.794678,-23.066433,-0.7850945817,-0.6168735563,0.0556193613,0.0329876661,55.0644507955,216.1682840556,4.0
2248,0.0,-296.908051,674.414307,-22.481396,-0.8189923832,-0.5704572914,0.0618866296,0.0242382053,47.9701557439,219.206590579,4.0
2249,0.0,-297.032379,671.518127,-22.179955,-0.8433438773,-0.5329811879,0.0685722831,0.0186136206,42.5840958022,221.7417214269,4.0
2250,0.0,-297.016724,668.703491,-21.660542,-0.8605808932,-0.50404822,0.0730473692,0.0155558027,39.3704083016,224.0806008761,4.0
2251,0.0,-297.519836,663.001404,-20.903368,-0.8827618773,-0.4620217637,0.0852488002,0.0131808518,37.0308589378,228.8299564429,4.0
2252,0.0,-297.967896,659.616577,-20.493883,-0.8874439403,-0.4522574321,0.0889183218,0.0142344459,38.931826967,231.5637181346,4.0
2253,0.0,-298.375885,657.058289,-20.304224,-0.8914957061,-0.4435656795,0.0921134843,0.0148087398,40.051551295,233.592617906,4.0
2254,0.0,-299.033691,653.780029,-19.971853,-0.8980001378,-0.4291454775,0.0971077324,0.0150907984,40.8581058343,236.075978026,4.0
2255,0.0,-299.838318,650.419434,-19.6238,-0.9067350497,-0.4090618987,0.1024690816,0.0145434295,40.5402233907,238.5736782777,4.0
2256,0.0,-300.463348,647.976318,-19.385658,-0.9116787023,-0.396911044,0.1063182345,0.0146258731,40.9547740472,240.3380068984,4.0
2257,0.0,-301.444458,644.378296,-19.024328,-0.9188514435,-0.3789338308,0.1100962155,0.014577778,41.3323814661,242.9507942079,4.0
2258,0.0,-302.20752,641.657104,-18.847176,-0.9233156076,-0.3668853572,0.1135051691,0.0148643799,42.0763721218,244.9456879153,4.0
2259,0.0,-303.225525,638.348022,-18.502501,-0.9301206663,-0.3475588447,0.1186524149,0.0147857396,42.3794491071,247.3603506798,4.0
2260,0.0,-304.14798,635.550659,-18.218019,-0.9348620037,-0.3333227164,0.1221842903,0.0149224813,42.916604478,249.3538608553,4.0
2261,0.0,-305.049591,632.807617,-18.02684,-0.9385179617,-0.3215593172,0.1256329621,0.015423737,43.9756251674,251.3525641698,4.0
2262,0.0,-306.23526,629.430725,-17.735416,-0.9425547104,-0.3081503329,0.1289728277,0.0159358722,45.1234955361,253.768062474,4.0
2263,0.0,-307.387604,626.149902,-17.610811,-0.943657778,-0.3046748298,0.1291636408,0.0172492117,47.3597621893,256.0889392763,4.0
2264,0.0,-308.44104,623.332886,-17.53294,-0.9436697897,-0.304637624,0.1291636408,0.0188794562,49.8920146533,257.9769178438,4.0
2265,0.0,-309.760864,620.615112,-18.857134,-0.9436697897,-0.304637624,0.1291636408,0.0199099533,51.5661555234,259.7090974939,4.0
2266,0.0,-311.514648,617.627502,-19.15044,-0.9436697897,-0.304637624,0.1291636408,0.0217230052,54.2809700811,261.8448867726,4.0
2267,0.0,-312.892487,615.692749,-18.989765,-0.9436697897,-0.304637624,0.1291636408,0.0230771564,56.2730043735,263.4596410662,4.0
2268,0.0,-314.819702,613.162842,-18.91514,-0.9436697897,-0.304637624,0.1291636408,0.0247983221,58.760742067,265.5035918172,4.0
2269,0.0,-316.638428,610.949829,-18.820179,-0.9436697897,-0.304637624,0.1291636408,0.026398782,60.9847259249,267.1772214462,4.0
2270,0.0,-318.395752,609.078125,-18.914778,-0.9439222656,-0.3038544304,0.1291636235,0.027554461,62.6574499391,268.7659491156,4.0
2271,0.0,-320.533295,607.017395,-18.961182,-0.9465347318,-0.2952259899,0.1300523598,0.0273460346,62.819253655,270.4706458055,4.0
2272,0.0,-322.687592,605.153259,-18.914356,-0.9511027833,-0.2797047607,0.1310295481,0.025598955,61.1530993385,272.0130050984,4.0
2273,0.0,-324.588379,603.639954,-18.84634,-0.9563617462,-0.2611402415,0.1310648111,0.0230479612,58.3194745504,273.211690724,4.0
2274,0.0,-326.956665,601.921509,-18.702209,-0.9647623455,-0.2281570533,0.1310647765,0.0184904069,52.5703511882,274.6436454468,4.0
2275,0.0,-329.447144,600.237122,-18.480476,-0.9717056475,-0.197082459,0.1301792568,0.0149025665,47.4699461305,275.9925066994,4.0
2276,0.0,-331.486877,598.968445,-18.251797,-0.9775490698,-0.1674534689,0.1278950814,0.0118670214,42.552513371,277.0330856848,4.0
2277,0.0,-334.32547,597.292175,-17.990042,-0.9833895763,-0.1319443265,0.124642031,0.0092239931,37.7188419691,278.3477185755,4.0
2278,0.0,-337.102631,595.74408,-17.693825,-0.9865927573,-0.1099095452,0.120642543,0.0079849506,35.2478533069,279.4796875112,4.0
2279,0.0,-339.308075,594.630127,-17.432251,-0.9885696234,-0.0944192494,0.1175376748,0.0073568118,33.9323600622,280.2557120433,4.0
2280,0.0,-342.401581,593.093994,-17.000854,-0.9903564091,-0.0784939698,0.1141616382,0.0070250965,33.2801487843,281.2601449343,4.0
2281,0.0,-345.453278,591.706116,-16.634518,-0.9911712283,-0.0708825914,0.1120502321,0.0070527356,33.449485872,282.1387535672,4.0
2282,0.0,-347.830292,590.664917,-16.247843,-0.9916165783,-0.0669921287,0.1104926075,0.0071226524,33.6899913567,282.7741711483,4.0
2283,0.0,-350.975555,589.421692,-15.947178,-0.992156322,-0.0635960076,0.107616823,0.0070748405,33.6713787265,283.5679081093,4.0
2284,0.0,-353.617401,588.643494,-16.015539,-0.9926444131,-0.0625531237,0.1036541166,0.0066089556,32.6168963776,284.1711380458,4.0
2285,0.0,-357.127045,587.404358,-15.7048,-0.9934496065,-0.0614872657,0.0963181988,0.0060635636,31.3258800027,284.8942329179,4.0
2286,0.0,-359.887177,586.359253,-15.446486,-0.9942311159,-0.0606455345,0.0884681152,0.0053581231,29.5161252265,285.5094803132,4.0
2287,0.0,-363.268463,585.356079,-15.442475,-0.9946177741,-0.0586870525,0.0853891868,0.0050065934,28.6007467828,286.1774965846,4.0
2288,0.0,-366.119019,584.64978,-15.487923,-0.9946278094,-0.0586179999,0.085319698,0.0049526531,28.4945346885,286.6592832103,4.0
2289,0.0,-368.891022,583.869812,-15.604597,-0.9946278094,-0.0586179999,0.085319698,0.0048411304,28.2223663982,287.1648594251,4.0
2290,0.0,-372.625488,583.093628,-15.666011,-0.9946278094,-0.0586179999,0.085319698,0.004821562,28.2274452079,287.7973717226,4.0
2291,0.0,-375.415802,582.415039,-15.927502,-0.9946278094,-0.0586179999,0.085319698,0.0044528733,27.1695105028,288.22433957,4.0
2292,0.0,-378.639191,581.804077,-16.27376,-0.9946278094,-0.0586179999,0.085319698,0.0041752118,26.3626588172,288.7943878308,4.0
2293,0.0,-381.799011,581.262146,-16.569387,-0.9946278094,-0.0586179999,0.085319698,0.0039927659,25.8301828205,289.3406834938,4.0
2294,0.0,-385.20575,580.73584,-16.870501,-0.9946278094,-0.0586179999,0.085319698,0.0038046875,25.2626507922,289.87977128,4.0
2295,0.0,-390.520844,580.021301,-17.076939,-0.9946278094,-0.0586179999,0.085319698,0.0036701538,24.8741495299,290.5962195806,4.0
2296,0.0,-395.045563,579.513,-17.050508,-0.9946278094,-0.0586179999,0.085319698,0.0036628752,24.8955804625,291.1348882427,4.0
2297,0.0,-397.990265,579.269409,-16.911381,-0.9946278094,-0.0586179999,0.085319698,0.0036987437,25.0462660523,291.4760193038,4.0
2298,0.0,-401.739288,578.957642,-16.784409,-0.9946278094,-0.0586179999,0.085319698,0.0037738986,25.3408487438,291.9585373594,4.0
2299,0.0,-404.878601,578.751465,-16.597504,-0.9946278094,-0.0586179999,0.085319698,0.003837548,25.5872713586,292.3473226294,4.0
2300,0.0,-408.705719,578.575745,-16.255764,-0.9946278094,-0.0586179999,0.085319698,0.0040248934,26.2418892328,292.7792859519,4.0
2301,0.0,-412.052246,578.389709,-16.076143,-0.9946278094,-0.0586179999,0.085319698,0.0041823685,26.7859690535,293.1809768992,4.0
2302,0.0,-414.372833,578.398804,-15.77053,-0.9946278094,-0.0586179999,0.085319698,0.0043118685,27.2218541825,293.4530388786,4.0
2303,0.0,-418.583221,578.30719,-15.448336,-0.9946278094,-0.0586179999,0.085319698,0.004475856,27.7858644726,294.0067935912,4.0
2304,0.0,-421.509888,578.371826,-15.163741,-0.9946278094,-0.0586179999,0.085319698,0.0045386209,28.018385509,294.4146973935,4.0
2305,0.0,-425.443207,578.417908,-14.901753,-0.9947777058,-0.0531215755,0.0871516742,0.0046640905,28.4554397229,294.9672566872,4.0
2306,0.0,-428.536896,578.39856,-14.814377,-0.9952516401,-0.0376040417,0.089778109,0.0047826929,28.8564141596,295.400355036,4.0
2307,0.0,-432.111786,578.472046,-14.675103,-0.9953075576,-0.0302252625,0.0919200706,0.0050127905,29.5866542996,295.8598429971,4.0
2308,0.0,-435.166168,578.503235,-14.646315,-0.9952305271,-0.0299698536,0.0928332152,0.0050481872,29.7274606092,296.2264834152,4.0
2309,0.0,-438.221802,578.458496,-14.697816,-0.995077246,-0.0322319129,0.0937143437,0.0050162273,29.6739110018,296.6309778307,4.0
2310,0.0,-442.172546,578.426331,-14.82619,-0.9949080319,-0.0365820187,0.0939135979,0.0048656196,29.2775990627,297.1531291978,4.0
2311,0.0,-445.316742,578.322144,-14.943945,-0.9948031452,-0.0393310975,0.0939136153,0.00477732,29.0547663145,297.5976753662,4.0
2312,0.0,-448.312286,578.179626,-15.060741,-0.9947962181,-0.0395059556,0.0939135979,0.004689204,28.8329384905,298.080843299,4.0
2313,0.0,-451.408325,577.922058,-15.421195,-0.9947962181,-0.0395059556,0.0939135979,0.0045571291,28.4759701855,298.6160974373,4.0
2314,0.0,-455.129608,577.624084,-15.762128,-0.9947962181,-0.0395059556,0.0939135979,0.0044782973,28.2890332041,299.2494899675,4.0
2315,0.0,-458.156281,577.404785,-15.932602,-0.9947962181,-0.0395059556,0.0939135979,0.0044716006,28.3137282834,299.7344077864,4.0
2316,0.0,-461.68457,577.114136,-16.362066,-0.9947962181,-0.0395059556,0.0939135979,0.0044103986,28.1737614877,300.3103464396,4.0
2317,0.0,-464.548218,576.922668,-16.716827,-0.9947962181,-0.0395059556,0.0939135979,0.0043740446,28.1023353404,300.7885071844,4.0
2318,0.0,-468.072266,576.714783,-17.210384,-0.9947962181,-0.0395059556,0.0939135979,0.0043360521,28.0337626313,301.3633539272,4.0
2319,0.0,-470.973755,576.509338,-17.48139,-0.9947962181,-0.0395059556,0.0939135979,0.0043735076,28.1994113148,301.846029282,4.0
2320,0.0,-473.871613,576.272156,-17.750608,-0.9947962181,-0.0395059556,0.0939135979,0.0050769882,30.4394762957,302.4621461539,4.0
2321,0.0,-477.404327,576.034851,-17.958014,-0.9947962181,-0.0395059556,0.0939135979,0.0050660416,30.4646411298,303.0382366442,4.0
2322,0.0,-480.805634,575.868713,-17.982254,-0.9947962181,-0.0395059556,0.0939135979,0.0051119346,30.6535277228,303.5488209176,4.0
2323,0.0,-483.480743,575.737427,-17.998928,-0.9947962181,-0.0395059556,0.0939135979,0.0051495087,30.8058312646,303.9448975596,4.0
2324,0.0,-486.986145,575.464478,-17.915489,-0.9947962181,-0.0395059556,0.0939135979,0.005233776,31.1145845333,304.5162251704,4.0
2325,0.0,-490.552246,575.268188,-17.937254,-0.9947962181,-0.0395059556,0.0939135979,0.0052318395,31.1598021736,305.0150520171,4.0
2326,0.0,-493.143646,574.960999,-17.587561,-0.9947962181,-0.0395059556,0.0939135979,0.0053534637,31.5610212311,305.4222300055,4.0
2327,0.0,-496.873352,574.631714,-17.216549,-0.9947962181,-0.0395059556,0.0939135979,0.0054825293,31.9906216885,305.9238076572,4.0
2328,0.0,-499.98822,574.332947,-16.799927,-0.9947962181,-0.0395059556,0.0939135979,0.0056286782,32.4580013423,306.348355374,4.0
2329,0.0,-503.602509,573.983704,-16.279701,-0.9947962181,-0.0395059556,0.0939135979,0.005813541,33.0402922895,306.8602450377,4.0
2330,0.0,-506.394043,573.720764,-15.969142,-0.9947962181,-0.0395059556,0.0939135979,0.0059260407,33.4019929405,307.2694867411,4.0
2331,0.0,-510.215759,573.344727,-15.619032,-0.9947962181,-0.0395059556,0.0939135979,0.0060561427,33.8293150594,307.8496701685,4.0
2332,0.0,-513.160828,573.063904,-15.391923,-0.9947962181,-0.0395059556,0.0939135979,0.0061449631,34.1229877755,308.276643109,4.0
2333,0.0,-516.273987,572.764587,-15.234184,-0.9947962181,-0.0395059556,0.0939135979,0.0062116692,34.3569399605,308.7242825558,4.0
2334,0.0,-522.816345,572.188904,-15.129352,-0.9947962181,-0.0395059556,0.0939135979,0.0063147698,34.7501395033,309.7059124728,4.0
2335,0.0,-526.51825,576.022522,-17.211626,-0.9947962181,-0.0395059556,0.0939135979,0.0054897744,32.4334487337,309.9543587945,4.0
2336,0.0,-529.773987,575.882019,-17.25889,-0.9947962181,-0.0395059556,0.0939135979,0.0055036261,32.5230332233,310.4201873668,4.0
2337,0.0,-533.058716,575.741272,-17.306528,-0.9947962181,-0.0395059556,0.0939135979,0.0055183143,32.6155480403,310.889773271,4.0
2338,0.0,-536.382568,575.599548,-17.354715,-0.9947962181,-0.0395059556,0.0939135979,0.0055100701,32.6409702079,311.3641256016,4.0
2339,0.0,-539.509583,575.46698,-17.400026,-0.9947962181,-0.0395059556,0.0939135979,0.0054655047,32.5555057208,311.8089197556,4.0
2340,0.0,-542.69751,575.33252,-17.446184,-0.9947962181,-0.0395059556,0.0939135979,0.0054172607,32.458998664,312.2620619527,4.0
2341,0.0,-545.954285,575.195984,-17.493334,-0.9947962181,-0.0395059556,0.0939135979,0.0053694967,32.363869803,312.7248738062,4.0
2342,0.0,-549.140564,575.062866,-17.539438,-0.9947962181,-0.0395059556,0.0939135979,0.0053237691,32.2727809652,313.1775184415,4.0
2343,0.0,-552.923584,574.913696,-17.594179,-0.9948326904,-0.0385765601,0.0939136153,0.0052852596,32.2116606454,313.7180851169,4.0
2344,0.0,-556.023682,574.785828,-17.639002,-0.994833637,-0.0385521824,0.0939135979,0.0052719198,32.2163714278,314.1596281631,4.0
2345,0.0,-559.315369,574.666199,-17.686609,-0.9949005079,-0.0367860325,0.0939136153,0.0052475188,32.1903787944,314.6332240869,4.0
2346,0.0,-562.379395,574.549988,-17.73086,-0.9949356446,-0.0358231656,0.0939135979,0.0052295229,32.1800664816,315.07172954,4.0
2347,0.0,-565.958984,574.40741,-17.78248,-0.9949404063,-0.0356906711,0.0939135979,0.0052138129,32.1837764106,315.5811882141,4.0
2348,0.0,-569.318054,574.282043,-17.830896,-0.9949734433,-0.0347574438,0.0939136153,0.0051950371,32.1747436137,316.0607382347,4.0
2349,0.0,-572.646057,574.151489,-17.878809,-0.9950631083,-0.0347398839,0.0929653213,0.0050850877,31.8809688138,316.5338048354,4.0
2350,0.0,-575.761597,574.038086,-17.923632,-0.9950947419,-0.0338388832,0.092959048,0.0050672004,31.8697395345,316.9788892435,4.0
2351,0.0,-578.751038,573.923462,-17.966585,-0.995096543,-0.033785877,0.092959048,0.005055303,31.8746657485,317.3997733979,4.0
2352,0.0,-581.907776,573.809998,-18.011927,-0.9951227882,-0.0330038159,0.092959048,0.0044336043,29.9190727076,318.0801542549,4.0
2353,0.0,-584.780273,573.714661,-18.053165,-0.9952333003,-0.0315041542,0.0922939125,0.0042993741,29.5010951406,318.4841480422,4.0
2354,0.0,-588.878357,573.607605,-18.124063,-0.9954923067,-0.0263910149,0.0910965511,0.0041207719,28.9394279137,319.1049364879,4.0
2355,0.0,-591.74469,573.569275,-18.192179,-0.9956647778,-0.0190157137,0.0910497273,0.0041427602,29.0572462068,319.5544130004,4.0
2356,0.0,-595.432739,573.529724,-18.281656,-0.9958877493,-0.0091872457,0.0901287148,0.0041505277,29.1381410918,320.1446830092,4.0
2357,0.0,-597.827759,573.527832,-18.339203,-0.996053329,-0.0007647577,0.088753484,0.0042171073,29.4037114137,320.5074869279,4.0
2358,0.0,-601.371887,573.542908,-18.423748,-0.9960919957,0.0125526958,0.0874252014,0.0045393025,30.5549498648,321.044639053,4.0
2359,0.0,-605.030212,573.592773,-18.510012,-0.9958619678,0.0283412602,0.0863464766,0.0052423453,32.8875366707,321.6054970701,4.0
2360,0.0,-608.394897,573.668945,-18.588099,-0.9952933055,0.0441347876,0.0862748896,0.0062991803,36.0995922827,322.1293399525,4.0
2361,0.0,-611.274658,573.745605,-18.653864,-0.9946448169,0.0569062879,0.0862749244,0.0073935855,39.1560266118,322.5969841961,4.0
2362,0.0,-614.841248,573.864197,-18.733881,-0.9936106114,0.0727639558,0.086274907,0.0090103014,43.2861183253,323.1800003288,4.0
2363,0.0,-617.36377,573.929138,-18.789492,-0.9930764048,0.079723865,0.086274907,0.0098061922,45.2059815275,323.5921791817,4.0
2364,0.0,-621.411926,574.067505,-18.876345,-0.9920751231,0.0913432734,0.0862748896,0.0104392235,46.7275354825,324.2352085093,4.0
2365,0.0,-623.737122,574.14386,-18.924906,-0.9916868709,0.0954661901,0.0862748896,0.0109442084,47.8887804145,324.5772799912,4.0
2366,0.0,-627.525208,574.284668,-19.002443,-0.9911108155,0.1012718713,0.086274907,0.0118420994,49.8869360657,325.1225138189,4.0
2367,0.0,-631.120239,574.427551,-19.074198,-0.9907577194,0.1046698708,0.086274907,0.0123660346,51.0443731993,325.5850402431,4.0
2368,0.0,-633.646484,574.530457,-19.1168,-0.9906723441,0.1054748645,0.086274907,0.0125055584,51.3794712282,325.9005737604,4.0
2369,0.0,-637.028931,574.678284,-19.132853,-0.9906453465,0.1057281322,0.086274907,0.0125676613,51.5742235912,326.3317196087,4.0
2370,0.0,-640.27832,574.835449,-19.116861,-0.9906453465,0.1057281322,0.086274907,0.0125847486,51.6730337639,326.7362940077,4.0
2371,0.0,-643.487854,575.005798,-19.110331,-0.9906453465,0.1057281322,0.086274907,0.0125962096,51.7616697754,327.1487619502,4.0
2372,0.0,-646.847656,575.199097,-19.087564,-0.9906453465,0.1057281322,0.086274907,0.0125636986,51.7675803441,327.6064939756,4.0
2373,0.0,-653.08844,575.593811,-18.938936,-0.9906453465,0.1057281322,0.086274907,0.0125012263,51.7800422033,328.4979445987,4.0
2374,0.0,-656.839905,575.851257,-18.840921,-0.9906453465,0.1057281322,0.086274907,0.0116128637,49.9801201436,328.9100621806,4.0
2375,0.0,-660.266907,576.0979,-18.749971,-0.9906453465,0.1057281322,0.086274907,0.0115330498,49.8796005776,329.3758054598,4.0
2376,0.0,-663.491821,576.339294,-18.663218,-0.9906453465,0.1057281322,0.086274907,0.011398029,49.6468797918,329.7639285491,4.0
2377,0.0,-666.71936,576.589233,-18.57535,-0.9906453465,0.1057281322,0.086274907,0.0112197676,49.29850459,330.0261991337,4.0
2378,0.0,-670.174683,576.86499,-18.480265,-0.9906453465,0.1057281322,0.086274907,0.0109953097,48.8269420353,330.1702127135,4.0
2379,0.0,-671.8217775,577.000244,-18.4344655,-0.9906453465,0.1057281322,0.086274907,0.0108685823,48.5469679273,330.1805326883,4.0
2380,0.0,-676.856689,577.420532,-18.293596,-0.9906453465,0.1057281322,0.086274907,0.010421692,47.5343905922,330.1097067088,4.0
2381,0.0,-680.061279,577.696167,-18.202936,-0.9906453465,0.1057281322,0.086274907,0.0100781811,46.7248758162,329.943113972,4.0
2382,0.0,-683.274963,577.977783,-18.111353,-0.9906453465,0.1057281322,0.086274907,0.0097003128,45.8179888459,329.7493254948,4.0
2383,0.0,-686.512878,578.266541,-18.018442,-0.9906453465,0.1057281322,0.086274907,0.0093032984,44.8522842875,329.5820438459,4.0
2384,0.0,-689.571777,578.543457,-17.930147,-0.9906453465,0.1057281322,0.086274907,0.0089241192,43.904385718,329.3679358825,4.0
2385,0.0,-692.656616,578.826599,-17.840639,-0.9906453465,0.1057281322,0.086274907,0.0085475768,42.9369494916,329.0975987292,4.0
2386,0.0,-695.925354,579.130432,-17.745317,-0.9906453465,0.1057281322,0.086274907,0.0081458471,41.877968081,328.7673688601,4.0
2387,0.0,-699.152283,579.43396,-17.650774,-0.9906453465,0.1057281322,0.086274907,0.0077346495,40.7688768287,328.4239629243,4.0
2388,0.0,-702.66272,579.712952,-17.548344,-0.9912247785,0.0994679138,0.0870607405,0.0068067164,38.2067038964,328.0167620783,4.0
2389,0.0,-706.317932,579.640381,-17.441723,-0.993780068,0.0509797152,0.0990062879,0.0049099067,32.4284995501,327.6490983004,4.0
2390,0.0,-708.958069,578.65332,-17.357235,-0.9865034685,-0.1076967351,0.1233382339,0.0174175102,60.9374212083,327.9256598808,4.0
2391,0.0,-710.822266,577.645935,-17.288832,-0.9390614634,-0.3116759278,0.1449885648,0.0751219438,125.086116305,328.9456058741,4.0
2392,0.0,-713.923645,575.676086,-17.243103,-0.795597606,-0.5806968549,0.1726719782,,,,
2393,0.0,-717.034424,573.737976,-17.245533,-0.5855941842,-0.7857428204,0.1992176488,,,,
2394,0.0,-719.077454,572.655884,-17.265612,-0.4450150025,-0.8695219861,0.2142268968,,,,
2395,0.0,-721.799805,571.020569,-17.311718,-0.1914055138,-0.9508873189,0.2432637172,0.0715371215,708.2319258288,1906.795541763,1.0
2396,0.0,-723.365295,570.12616,-17.358885,-0.0542122963,-0.9631556479,0.2634240399,0.0538463948,617.6618945913,1908.0244531368,1.0
2397,0.0,-725.578369,568.945312,-17.448072,0.1027557028,-0.9514720951,0.2900726079,0.0591933578,647.4007454266,1910.0536756713,1.0
2398,0.0,-727.606567,567.856506,-17.558638,0.1895292617,-0.9325155865,0.3073976902,0.0745771005,724.4423984744,1911.7805830466,1.0
2399,0.0,-730.22937,566.359497,-17.734661,0.2342623996,-0.9199976976,0.3142059271,0.0849079384,771.7430257036,1913.8316717334,1.0
2400,0.0,-731.74353,565.299744,-17.861284,0.239799631,-0.9185624449,0.314227898,0.0859153692,776.4853118283,1914.7727871855,1.0
2401,0.0,-733.92627,563.373962,-18.086153,0.2415160074,-0.9181126545,0.314227898,0.0861261416,777.9060549024,1916.0330717734,1.0
2402,0.0,-735.08075,562.019348,-18.241938,0.2394154206,-0.9186626609,0.314227898,0.085615528,775.9910588068,1916.7517396911,1.0
2403,0.0,-736.169312,560.379272,-18.426455,0.2313906691,-0.9200113332,0.3162870613,0.0847496881,772.5118848789,1917.4468946127,1.0
2404,0.0,-737.105286,558.319885,-18.660309,0.2228615011,-0.9209877552,0.3195532914,0.084358433,771.0245927126,1917.9922699581,1.0
2405,0.0,-737.518738,556.736328,-18.840704,0.2159107035,-0.920126857,0.3267248616,0.085901227,777.8618151158,1918.3179772555,1.0
2406,0.0,-737.688965,555.022766,-19.040665,0.2135971195,-0.9180285262,0.3340657055,0.0884606048,788.8959425667,1918.4617458324,1.0
2407,0.0,-737.608521,553.353027,-19.236572,0.2123046374,-0.9163147052,0.339549852,0.0906432767,798.1255303069,1918.4914471742,1.0
2408,0.0,-737.289612,551.603271,-19.442858,0.2118275535,-0.9149547767,0.3434921312,0.0924236634,805.4937793059,1918.3579146054,1.0
2409,0.0,-736.774109,549.901367,-19.644014,0.2117174599,-0.9144792449,0.3448237633,0.0931039686,808.1191347733,1917.9080682119,1.0
2410,0.0,-735.915222,547.85907,-19.886591,0.2124023441,-0.9135972733,0.3467351531,0.0943060293,812.6451137459,1916.9227809203,1.0
2411,0.0,-735.191162,546.466675,-20.051813,0.2122594988,-0.912837383,0.3488177424,0.0953269511,816.4609747882,1916.0964285855,1.0
2412,0.0,-733.926636,544.371094,-20.25741,0.2119205063,-0.9113811796,0.3528087931,0.0972354338,823.694934365,1914.9683009398,1.0
2413,0.0,-732.691101,542.589233,-19.979776,0.2114016208,-0.9091490953,0.3588276428,0.1000941214,834.7233210987,1914.1334738643,1.0
2414,0.0,-731.362061,540.843079,-19.66539,0.2098958454,-0.9061393577,0.3672263586,0.1039038384,849.2316360833,1913.287301343,1.0
2415,0.0,-728.4552,537.453857,-19.059572,0.2080205064,-0.8985114245,0.3865290273,0.1132741661,883.6836210316,1911.5117442567,1.0
2416,0.0,-727.403656,536.323425,-18.8587695,0.2060813692,-0.8958193764,0.3936700552,0.11661882,895.4571327542,1910.9245125976,1.0
2417,0.0,-726.352112,535.192993,-18.657967,0.204142232,-0.8931273284,0.4008110832,0.1199634739,907.2306444768,1910.3372809384,1.0
2418,0.0,-724.654907,533.384827,-18.343225,0.1945288486,-0.8880555722,0.416552311,0.1264356296,929.3363575378,1909.4306117267,1.0
2419,0.0,-722.783813,531.45874,-18.00807,0.1835930307,-0.8827896021,0.4324073514,0.1331928309,951.5737659566,1908.324849661,1.0
2420,0.0,-719.433044,528.056885,-17.421156,0.1568724329,-0.8711397266,0.465302715,0.1477619304,997.2323789994,1906.1922080583,1.0
2421,0.0,-717.013062,525.69989,-17.011393,0.1400426558,-0.8634120749,0.4846727178,,,,
2422,0.0,-715.098938,523.956177,-16.688177,0.1264064155,-0.8559143423,0.5014300118,,,,
2423,0.0,-712.938843,522.020813,-16.323565,0.1097550113,-0.8472455852,0.5197391228,,,,
2424,0.0,-710.811279,520.098389,-15.962698,0.0911983858,-0.8361905718,0.5408032748,,,,
2425,0.0,-708.911377,518.347534,-15.635603,0.0719937649,-0.8233382055,0.5629663375,,,,
2426,0.0,-706.559326,516.170654,-15.22818,0.0485791838,-0.8042411899,0.5923142505,,,,
2427,0.0,-704.647156,514.476135,-14.905774,0.0374268847,-0.7942181684,0.6064789602,,,,
2428,0.0,-701.975708,512.091003,-14.760674,0.0224333127,-0.7793478123,0.6261898546,,,,
2429,0.0,-700.551819,511.501373,-14.824682,0.0136369701,-0.7705364849,0.6372499968,,,,
2430,0.0,-697.849182,511.342987,-14.993134,-0.0038812343,-0.7542119653,0.6566195607,,,,
2431,0.0,-695.860657,511.381683,-15.105357,-0.0161433655,-0.7425144573,0.6696354773,,,,
2432,0.0,-693.188965,511.424805,-15.255647,-0.0311412416,-0.7269883593,0.6859432546,,,,
2433,0.0,-691.712036,511.458435,-15.337358,-0.037244768,-0.7195786318,0.6934114363,,,,
2434,0.0,-689.699402,511.509888,-15.44874,-0.0453781842,-0.7091767752,0.7035688466,,,,
2435,0.0,-687.568359,511.576721,-15.565385,-0.051962479,-0.6998701542,0.7123774758,,,,
2436,0.0,-685.990601,511.633545,-15.651187,-0.0561375996,-0.6947368497,0.7170699266,,,,
2437,0.0,-684.542908,511.691071,-15.729676,-0.059629738,-0.6898479138,0.7214943868,,,,
2438,0.0,-683.186462,511.748535,-15.80371,-0.0636077869,-0.6847586759,0.7259887088,,,,
2439,0.0,-681.684265,511.817932,-15.886024,-0.06846332,-0.6784931727,0.7314094534,,,,
2440,0.0,-680.546814,511.87561,-15.948561,-0.0722857291,-0.6718830743,0.7371213658,,,,
2441,0.0,-679.573486,511.921295,-16.005222,-0.0795744651,-0.6608575507,0.7462809137,,,,
2442,0.0,-678.669373,511.975311,-16.055597,-0.0834912493,-0.6550107808,0.7509927352,,,,
2443,0.0,-677.700867,512.042297,-16.108627,-0.0866842833,-0.6510572845,0.7540624956,,,,
2444,0.0,-677.147339,512.069092,-16.137918,-0.0871077613,-0.6504393614,0.7545468012,,,,
2445,0.0,-676.332153,512.070801,-16.180964,-0.0872876375,-0.6501663244,0.7547612993,,,,
2446,0.0,-675.737061,512.073547,-16.212603,-0.0877689763,-0.6501015212,0.7547612993,,,,
2447,0.0,-675.198303,512.07782,-16.241381,-0.0884367981,-0.6500110637,0.7547612535,,,,
2448,0.0,-674.770081,512.082153,-16.264345,-0.0891126455,-0.6499187007,0.7547612993,,,,
2449,0.0,-674.470825,512.086121,-16.280527,-0.0897639129,-0.6498291238,0.7547612535,,,,
2450,0.0,-674.281677,512.086548,-16.290491,-0.0897803511,-0.6498267997,0.7547612993,,,,
2451,0.0,-674.214172,512.089233,-16.294359,-0.0902579749,-0.6497606853,0.7547612535,,,,
2452,0.0,-674.198242,512.090576,-16.29529,-0.0904033275,-0.6497404247,0.7547612993,,,,
2453,0.0,-674.200317,512.090576,-16.295176,-0.0904033275,-0.6497404247,0.7547612993,,,,
2454,0.0,-674.200317,512.090576,-16.295176,-0.0904033275,-0.6497404247,0.7547612993,,,,
2455,0.0,-674.200317,512.090576,-16.295176,-0.0904033275,-0.6497404247,0.7547612993,,,,
2456,0.0,-674.200378,512.090576,-16.295176,-0.0904033275,-0.6497404247,0.7547612993,,,,
2457,0.0,-674.200317,512.090576,-16.295176,-0.0904033275,-0.6497404247,0.7547612993,,,,
2458,0.0,-674.200317,512.090576,-16.295176,-0.0904033275,-0.6497404247,0.7547612993,,,,
2459,0.0,-674.200317,512.090576,-16.295176,-0.0904033275,-0.6497404247,0.7547612993,,,,
2460,0.0,-674.200317,512.090576,-16.295176,-0.0904033275,-0.6497404247,0.7547612993,,,,
2461,0.0,-674.200317,512.090576,-16.295176,-0.0904033275,-0.6497404247,0.7547612993,,,,
2462,0.0,-674.200378,512.090576,-16.295176,-0.0904033275,-0.6497404247,0.7547612993,,,,
2463,0.0,-674.2003475,512.090576,-16.295176,-0.0904033275,-0.6497404247,0.7547612993,,,,
2464,0.0,-674.200317,512.090576,-16.295176,-0.0904033275,-0.6497404247,0.7547612993,,,,
2465,0.0,-674.200317,512.090576,-16.295176,-0.0904033275,-0.6497404247,0.7547612993,,,,
2466,0.0,-674.196472,512.118469,-16.295176,-0.0904033275,-0.6497404247,0.7547612993,,,,
2467,0.0,-674.196472,512.118469,-16.295168,-0.0904033275,-0.6497404247,0.7547612993,,,,
2468,0.0,-674.194153,512.135315,-16.295176,-0.0904033275,-0.6497404247,0.7547612993,,,,
2469,0.0,-674.19635,512.162537,-13.164063,-0.0907161796,-0.6486122576,0.7556935318,,,,
2470,0.0,-674.232605,512.107117,-8.256008,-0.0921702101,-0.6432657744,0.760074862,,,,
2471,0.0,-674.25824,512.120789,-3.838026,-0.0931635727,-0.6355578201,0.7664116427,,,,
2472,0.0,-674.288086,512.136414,0.188185,-0.0939555339,-0.6245280529,0.7753302966,,,,
2473,0.0,-674.324097,512.156067,2.956249,-0.0950508778,-0.6128090486,0.7844937225,,,,
2474,0.0,-674.415344,512.189636,7.050442,-0.0982639678,-0.5895060962,0.8017647755,,,,
2475,0.0,-674.494934,512.225586,10.68651,-0.1007646841,-0.5693407571,0.8159029236,,,,
2476,0.0,-674.551758,512.265076,14.067444,-0.1024371471,-0.5546205834,0.8257739638,,,,
2477,0.0,-674.671021,512.302368,17.024719,-0.1037489843,-0.5415318437,0.8342538046,,,,
2478,0.0,-674.880249,512.336426,20.057486,-0.10520047,-0.5333320587,0.8393388924,,,,
2479,0.0,-675.070984,512.075073,21.953091,-0.1056412899,-0.529533444,0.8416853625,,,,
2480,0.0,-675.353577,511.612823,24.481398,-0.1060848549,-0.5254887405,0.8441608775,,,,
2481,0.0,-675.61969,511.190582,26.726673,-0.1063261199,-0.521493036,0.8466048486,,,,
2482,0.0,-675.874207,510.775299,28.73032,-0.1060234539,-0.5168666478,0.8494750706,,,,
2483,0.0,-676.148193,510.348358,30.612738,-0.1060054012,-0.5104984121,0.8533195334,,,,
2484,0.0,-676.476501,509.839905,32.142551,-0.1059760847,-0.5014560825,0.8586680772,,,,
2485,0.0,-676.733398,509.437958,31.979471,-0.1064832095,-0.4947343628,0.8624959341,,,,
2486,0.0,-676.955994,509.090179,31.659222,-0.1067465081,-0.4882568034,0.8661469142,,,,
2487,0.0,-677.225403,508.654846,31.078222,-0.1070709306,-0.4823174405,0.8694283768,,,,
2488,0.0,-677.451782,508.2742,30.400286,-0.1072632336,-0.4789137127,0.8712842559,,,,
2489,0.0,-677.713501,507.802155,29.359787,-0.1071500889,-0.477375094,0.8721421204,,,,
2490,0.0,-677.901062,507.468903,28.479694,-0.1074216073,-0.4771982934,0.8722054729,,,,
2491,0.0,-678.214783,506.899109,26.708939,-0.1075828962,-0.4771620821,0.8722054046,,,,
2492,0.0,-678.381836,506.592163,25.606506,-0.1075828962,-0.4771620821,0.8722054046,,,,
2493,0.0,-678.637268,506.122894,23.735661,-0.1075828962,-0.4771620821,0.8722054046,,,,
2494,0.0,-678.871704,505.692566,21.816162,-0.1074373563,-0.4765168405,0.8725760226,,,,
2495,0.0,-679.136353,505.088104,19.953461,-0.10778646,-0.4762586395,0.8726739296,,,,
2496,0.0,-679.414001,504.294312,19.67979,-0.1078555703,-0.4762429307,0.8726739637,,,,
2497,0.0,-679.724854,503.298065,19.701279,-0.1078555703,-0.4762429307,0.8726739637,,,,
2498,0.0,-680.065979,502.124237,19.701279,-0.1078555703,-0.4762429307,0.8726739637,,,,
2499,0.0,-680.433044,500.798279,19.701279,-0.1078555703,-0.4762429307,0.8726739637,,,,
2500,0.0,-680.827209,499.325562,19.701279,-0.1078555703,-0.4762429307,0.8726739637,,,,
2501,0.0,-681.221741,497.813232,19.701279,-0.1078555703,-0.4762429307,0.8726739637,,,,
2502,0.0,-681.591003,494.222351,19.701279,-0.1078555703,-0.4762429307,0.8726739637,,,,
2503,0.0,-681.531006,492.336121,19.701279,-0.1078555703,-0.4762429307,0.8726739637,,,,
2504,0.0,-681.343323,490.46109,19.701279,-0.1078555703,-0.4762429307,0.8726739637,,,,
2505,0.0,-681.1564945,489.3042145,19.701279,-0.1078555703,-0.4762429307,0.8726739637,,,,
2506,0.0,-680.48999,485.936432,19.701279,-0.1078555703,-0.4762429307,0.8726739637,,,,
2507,0.0,-679.936951,483.822754,19.701279,-0.1078555703,-0.4762429307,0.8726739637,,,,
2508,0.0,-679.243896,481.488617,19.701279,-0.1081001873,-0.4754128322,0.873096208,,,,
2509,0.0,-678.72229,479.148956,19.701284,-0.1113856874,-0.470656721,0.8752573791,,,,
2510,0.0,-678.454285,477.049652,19.70134,-0.1220365829,-0.4568499729,0.8811328928,,,,
2511,0.0,-678.355164,475.16272,19.70142,-0.1366788993,-0.4371591583,0.8889379893,,,,
2512,0.0,-678.316223,473.378265,19.701393,-0.1519058474,-0.4163684518,0.8964161566,,,,
2513,0.0,-678.426392,471.90451,19.701452,-0.1690973095,-0.3934419205,0.9036645147,,,,
2514,0.0,-678.425842,470.201019,19.5336,-0.1836405585,-0.3723185893,0.909755469,,,,
2515,0.0,-678.457153,468.744385,19.174896,-0.1967976045,-0.3528227986,0.9147605018,,,,
2516,0.0,-678.383423,467.348969,18.659399,-0.206052233,-0.3390984346,0.9179077998,,,,
2517,0.0,-678.399414,465.688995,17.769272,-0.2228929226,-0.3202306642,0.9207448435,,,,
2518,0.0,-678.175842,464.520081,17.067253,-0.231814128,-0.3120972005,0.9213346555,,,,
2519,0.0,-677.794128,462.781555,15.864868,-0.24840482,-0.3001838254,0.9209694438,,,,
2520,0.0,-677.435608,461.15274,14.536125,-0.2643176109,-0.2914802105,0.9193342632,,,,
2521,0.0,-677.083496,459.556091,13.04287,-0.2780820222,-0.2854077813,0.9171765301,,,,
2522,0.0,-676.648621,457.58844,10.949206,-0.2928328147,-0.2784634578,0.9147169209,,,,
2523,0.0,-676.395752,456.445892,9.591422,-0.2976611246,-0.2760835992,0.9138794785,,,,
2524,0.0,-675.958313,454.473633,7.030127,-0.3024845143,-0.2732124983,0.9131582828,,,,
2525,0.0,-675.631775,453.00528,4.933588,-0.3045724168,-0.2720735059,0.9128042782,,,,
2526,0.0,-675.227173,451.188538,2.123545,-0.3095729127,-0.2691018411,0.9120026375,,,,
2527,0.0,-674.889771,449.676422,-0.408525,-0.3157064428,-0.2644251093,0.9112676904,,,,
2528,0.0,-674.547058,448.141937,-3.150744,-0.3248667065,-0.2580250908,0.9098816822,,,,
2529,0.0,-674.138306,446.314941,-6.640596,-0.3390939898,-0.2485254338,0.9073314581,,,,
2530,0.0,-673.799011,444.800507,-9.72854,-0.3538342832,-0.239979685,0.9039972626,,,,
2531,0.0,-673.463379,443.306244,-12.940004,-0.3710076101,-0.2304502639,0.8995810298,,,,
2532,0.0,-673.08667,441.44751,-17.11799,-0.401872145,-0.2128906115,0.890604495,,,,
2533,0.0,-672.875183,439.82196,-20.99367,-0.4307390134,-0.1962382596,0.8808827662,,,,
2534,0.0,-672.936768,438.566223,-24.915705,-0.4594780706,-0.1814824822,0.8694504076,,,,
2535,0.0,-673.071716,437.31485,-29.039494,-0.4915202546,-0.1643449621,0.8552184357,,,,
2536,0.0,-673.219971,435.83725,-33.690548,-0.5212297167,-0.1475517937,0.8405641264,,,,
2537,0.0,-673.397644,434.337341,-38.414593,-0.546612686,-0.1312013087,0.8270434016,,,,
2538,0.0,-673.661072,432.816589,-43.499329,-0.5758996775,-0.1101980089,0.8100592325,,,,
2539,0.0,-673.906555,431.378784,-48.130981,-0.598699729,-0.0951509864,0.7953017819,,,,
2540,0.0,-674.203796,429.902313,-53.016727,-0.6270428111,-0.0776528546,0.7751047331,,,,
2541,0.0,-674.588135,427.92981,-59.30534,-0.661067628,-0.0621329209,0.7477493506,,,,
2542,0.0,-674.885193,426.298859,-64.39711,-0.6845580007,-0.0578317182,0.7266607434,,,,
2543,0.0,-675.538147,422.765442,-75.96579,-0.7247682554,-0.0582127262,0.6865291359,,,,
2544,0.0,-675.731476,421.7274935,-79.5327685,-0.7333338528,-0.0581513432,0.6772596138,,,,
2545,0.0,-675.924805,420.689545,-83.099747,-0.7418994501,-0.0580899601,0.6679900916,,,,
2546,0.0,-676.578979,417.251892,-95.490875,-0.7607395936,-0.0554231898,0.6466865861,,,,
2547,0.0,-676.909851,415.538422,-101.928757,-0.7717182774,-0.0547015535,0.6336076392,,,,
2548,0.0,-677.298889,413.548035,-109.621277,-0.7843902931,-0.0532644173,0.6179763506,,,,
2549,0.0,-677.69104,411.564728,-117.522224,-0.79494714,-0.0522226559,0.604426868,,,,
2550,0.0,-677.96521,410.18866,-123.153389,-0.8037053845,-0.0516194805,0.5927841801,,,,
2551,0.0,-678.33905,408.329468,-130.92395,-0.813657573,-0.0500436184,0.57918649,,,,
2552,0.0,-678.698853,406.575745,-138.444641,-0.8239856491,-0.047193281,0.5646418726,,,,
2553,0.0,-679.124084,404.557404,-147.321594,-0.8383564225,-0.0428349822,0.5434369082,,,,
2554,0.0,-679.551025,402.586761,-156.214752,-0.8515226542,-0.0381732668,0.5229263534,,,,
2555,0.0,-680.346802,400.802551,-163.868378,-0.8637737713,-0.0345944076,0.5026908582,,,,
2556,0.0,-682.003662,400.249847,-165.466492,-0.8749247091,-0.0306433256,0.4832884646,,,,
2557,0.0,-683.167236,400.063934,-166.228455,-0.8791825986,-0.0284633955,0.4756340962,0.1240032358,482.0160077917,999.3759870191,4.0
2558,0.0,-685.499634,399.687012,-167.777496,-0.8856981969,-0.0258437363,0.4635415896,0.1192157586,475.2461437141,1003.6499784528,4.0
2559,0.0,-686.73761,399.381653,-168.602936,-0.8875249552,-0.0258748073,0.4600325513,0.1182008447,474.322544641,1005.7194347096,4.0
2560,0.0,-689.028198,398.880829,-170.130676,-0.889569667,-0.0259344186,0.4560627298,0.1170584775,473.6381981985,1008.8506274911,4.0
2561,0.0,-691.043762,398.501953,-171.475555,-0.8897213863,-0.0259388418,0.4557664217,0.1168051525,474.2607578248,1011.2034948772,4.0
2562,0.0,-692.843079,398.20517,-172.676331,-0.8900789656,-0.0259492667,0.4550671055,0.1164074013,474.3000715648,1012.9066106174,4.0
2563,0.0,-695.19043,397.863159,-174.2435,-0.8901577552,-0.0259515637,0.4549128347,0.1160596066,474.754546214,1015.3014496292,4.0
2564,0.0,-697.250977,397.784424,-175.619507,-0.8901577552,-0.0259515637,0.4549128347,0.1156932258,474.9627830914,1017.2549477861,4.0
2565,0.0,-699.282288,397.900391,-176.976532,-0.8901577552,-0.0259515637,0.4549128347,0.115250673,474.9380222531,1019.0333697755,4.0
2566,0.0,-701.443237,398.205017,-178.420532,-0.8920476418,-0.0382852574,0.4503168261,0.1184599853,481.9243164532,1020.7896863689,4.0
2567,0.0,-703.862061,398.728943,-180.037384,-0.8951965581,-0.0690050294,0.4402969775,0.1282505372,501.0278948469,1022.6062691965,4.0
2568,0.0,-705.931519,399.308655,-181.421204,-0.8983725424,-0.1101695468,0.4251934219,0.142880658,527.4978323422,1024.0332352097,4.0
2569,0.0,-708.173828,400.034637,-182.921173,-0.9002603249,-0.1513830388,0.4081844228,,,,
2570,0.0,-710.386292,400.631714,-184.433334,-0.8993514895,-0.2014492464,0.3880529597,,,,
2571,0.0,-712.575012,401.038391,-185.9935,-0.8962657297,-0.2422631995,0.3715054293,,,,
2572,0.0,-714.714783,401.588654,-187.517899,-0.8923421099,-0.2725009277,0.3598177361,,,,
2573,0.0,-717.345215,402.294739,-189.431503,-0.8850005798,-0.3152607905,0.3426143717,,,,
2574,0.0,-719.171082,402.887207,-190.739655,-0.881631198,-0.335478639,0.3319345017,,,,
2575,0.0,-721.663269,403.718048,-192.539764,-0.8752144693,-0.3636644085,0.3189793577,,,,
2576,0.0,-723.733826,404.499725,-193.984894,-0.8723281153,-0.3727810645,0.3163509717,,,,
2577,0.0,-726.726562,405.694427,-196.02951,-0.8714646612,-0.375050953,0.3160476657,,,,
2578,0.0,-729.624207,406.867706,-198.000336,-0.8714646612,-0.375050953,0.3160476657,,,,
2579,0.0,-732.431824,408.008209,-199.910583,-0.8714646612,-0.375050953,0.3160476657,,,,
2580,0.0,-734.778381,408.963959,-201.50769,-0.8714646612,-0.375050953,0.3160476657,,,,
2581,0.0,-737.12384,409.89859,-203.085999,-0.8714646612,-0.375050953,0.3160476657,,,,
2582,0.0,-740.755615,411.320587,-205.507172,-0.8714646612,-0.375050953,0.3160476657,,,,
2583,0.0,-743.294067,412.316223,-207.199463,-0.8714646612,-0.375050953,0.3160476657,,,,
2584,0.0,-748.742798,414.457245,-210.832001,-0.8714646612,-0.375050953,0.3160476657,,,,
2585,0.0,-750.5725405,415.1775515,-212.0518035,-0.8714646612,-0.375050953,0.3160476657,,,,
2586,0.0,-752.402283,415.897858,-213.271606,-0.8714646612,-0.375050953,0.3160476657,,,,
2587,0.0,-758.004089,418.106689,-217.006104,-0.8714646612,-0.375050953,0.3160476657,,,,
2588,0.0,-759.6408995,418.7528835,-218.097321,-0.8717167108,-0.3751594272,0.3152215452,,,,
2589,0.0,-763.942139,420.431366,-220.965546,-0.8739754642,-0.378479766,0.3048277461,,,,
2590,0.0,-767.170715,421.664276,-223.119843,-0.8749408238,-0.3837644982,0.2953021585,,,,
2591,0.0,-769.869995,422.64624,-224.923355,-0.8743354638,-0.3931008654,0.2846211628,,,,
2592,0.0,-773.49408,423.90509,-227.369614,-0.8690537684,-0.4128467167,0.2725860161,,,,
2593,0.0,-775.857849,424.628723,-229.057877,-0.8562016473,-0.444783952,0.2628421106,,,,
2594,0.0,-779.180786,425.624817,-231.463745,-0.833825541,-0.4928324774,0.2486988468,,,,
2595,0.0,-780.016968,425.881653,-232.060898,-0.8287185907,-0.5027927238,0.2458149188,,,,
2596,0.0,-784.740356,427.293304,-235.386703,-0.8037732658,-0.5480037799,0.2316039603,,,,
2597,0.0,-787.868103,428.209686,-237.508926,-0.7948959339,-0.5630275473,0.2261425108,,,,
2605,0.0,-810.370178,433.281342,-252.556244,-0.7495469512,-0.632705515,0.194584427,,,,
2606,0.0,-814.049316,433.966095,-255.024139,-0.7431248379,-0.6413805272,0.1907786534,,,,
2607,0.0,-817.753723,434.657806,-257.509186,-0.736761722,-0.6497603155,0.1870660241,,,,
2608,0.0,-822.582825,435.557556,-260.75058,-0.7280340705,-0.6609231888,0.1820629856,,,,
2609,0.0,-825.942078,436.177155,-263.008728,-0.721111554,-0.6695188959,0.1781644598,,,,
2610,0.0,-829.753418,436.760437,-265.578522,-0.7129787786,-0.6792782632,0.1739031407,,,,
2611,0.0,-831.655518,436.890198,-266.876312,-0.7048949334,-0.688534937,0.1704194044,,,,
2612,0.0,-835.896973,437.32312,-269.740875,-0.6935186849,-0.7011892227,0.165425233,,,,
2613,0.0,-839.055481,437.595062,-271.88205,-0.6840869019,-0.7114557783,0.1607973451,,,,
2614,0.0,-841.891052,437.806,-273.800964,-0.6758687111,-0.7198435354,0.1581985144,,,,
2615,0.0,-845.499329,438.023254,-276.25882,-0.6632103539,-0.7322084352,0.1549930125,,,,
2616,0.0,-848.261169,438.14978,-278.143066,-0.6530944676,-0.7417707102,0.1524592726,,,,
2617,0.0,-849.280029,438.192261,-278.84021,-0.6490989265,-0.7454582287,0.1515341971,,,,
2618,0.0,-854.497314,438.318024,-282.404083,-0.6291720312,-0.7629746754,0.1483650899,,,,
2619,0.0,-857.122131,438.343903,-284.188507,-0.620295638,-0.7704646345,0.1470291417,,,,
2620,0.0,-861.437073,438.327057,-287.102448,-0.6083395217,-0.7802486797,0.145378899,,,,
2621,0.0,-862.514099,438.312927,-287.833435,-0.6048576539,-0.783055283,0.1448158911,,,,
2622,0.0,-867.802429,438.144714,-291.443695,-0.5849103651,-0.7986272708,0.1416839689,,,,
2623,0.0,-870.460266,438.013214,-293.262909,-0.5741536499,-0.8066710609,0.1401049103,,,,
2624,0.0,-873.700012,437.816315,-295.468658,-0.5626692853,-0.8149291844,0.138901763,,,,
2625,0.0,-877.612915,437.520813,-298.128754,-0.5493697127,-0.8241474242,0.1377459326,,,,
2626,0.0,-880.658325,437.251038,-300.179993,-0.5418887924,-0.8292331265,0.1368537853,,,,
2627,0.0,-886.560425,436.581451,-303.920471,-0.5140909794,-0.8470319391,0.1350827855,,,,
2628,0.0,-888.3758545,436.328781,-304.112564,-0.5023797937,-0.854077813,0.1340814428,,,,
2629,0.0,-891.472473,435.884796,-304.298737,-0.4821640093,-0.8660346498,0.1322945712,,,,
2630,0.0,-893.912506,435.4724885,-304.298737,-0.4648102068,-0.8754731327,0.130788988,,,,
2631,0.0,-897.457886,434.860352,-304.298706,-0.4397752285,-0.8888934911,0.1283203407,,,,
2632,0.0,-901.502747,434.059479,-304.298706,-0.4161121398,-0.9006567626,0.1251722135,,,,
2633,0.0,-903.602112,433.594406,-304.2987215,-0.4027803225,-0.9068171488,0.1234176002,,,,
2675,0.0,-995.31427,333.077728,-304.298737,0.0086011687,-0.9967908262,0.0795868628,0.0699927722,398.2938733528,1083.6712732132,5.0
2676,0.0,-995.312195,332.845947,-304.298737,0.0086011687,-0.9967908262,0.0795868628,0.0704552391,399.1540329344,1082.5711426344,5.0
2677,0.0,-995.310242,332.618225,-304.298737,0.0086011687,-0.9967908262,0.0795868628,0.0708973691,399.9753160584,1081.534715157,5.0
2678,0.0,-995.308533,332.414337,-304.298737,0.0086011687,-0.9967908262,0.0795868628,0.0712869502,400.6826713002,1080.5919637934,5.0
2679,0.0,-995.306763,332.21759,-304.298737,0.0086011687,-0.9967908262,0.0795868628,0.0717078031,401.4618804654,1079.6293537539,5.0
2680,0.0,-995.546692,329.239014,-304.298737,0.0086011687,-0.9967908262,0.0795868628,0.0725832962,402.5213459667,1076.1746647254,5.0
2681,0.0,-995.819153,325.559204,-304.298737,0.0086011687,-0.9967908262,0.0795868628,0.0739827221,403.6121910849,1069.2248232783,5.0
2682,0.0,-996.014832,322.621124,-304.298737,0.0086011687,-0.9967908262,0.0795868628,0.0749379786,404.2234812462,1064.2610985488,5.0
2683,0.0,-996.182617,319.897186,-304.298737,0.0086011687,-0.9967908262,0.0795868628,0.0756885391,404.8315372066,1060.7708894618,5.0
2684,0.0,-996.403381,315.936646,-304.298737,0.0086011687,-0.9967908262,0.0795868628,0.0768720773,405.8557557441,1055.5609467461,5.0
2685,0.0,-996.561523,312.774017,-304.298737,0.0086011687,-0.9967908262,0.0795868628,0.0779355653,406.991296169,1051.5581779011,5.0
2686,0.0,-996.726318,309.121124,-304.298737,0.0086011687,-0.9967908262,0.0795868628,0.0790186777,408.1948445892,1047.709942453,5.0
2687,0.0,-996.870361,305.556946,-304.298737,0.0086011687,-0.9967908262,0.0795868628,0.0806061008,411.2196890511,1045.4611254598,5.0
2688,0.0,-996.960632,303.08316,-304.298737,0.0086011687,-0.9967908262,0.0795868628,0.0816278293,413.2553223258,1044.3183256689,5.0
2689,0.0,-997.079224,299.519379,-304.298737,0.0086011687,-0.9967908262,0.0795868628,0.0830213623,415.9149052237,1042.5596687291,5.0
2690,0.0,-997.185974,295.917114,-304.298737,0.0086011687,-0.9967908262,0.0795868628,0.084417397,418.4520199673,1040.5890418554,5.0
2691,0.0,-997.26001,293.139618,-304.298737,0.0086011687,-0.9967908262,0.0795868628,0.085591711,420.5360280932,1038.8912091376,5.0
2692,0.0,-997.347534,289.465668,-304.298737,0.0086011687,-0.9967908262,0.0795868628,0.0871377154,423.1005605275,1036.3314157962,5.0
2693,0.0,-997.434875,285.645538,-304.298737,0.0077214197,-0.9967980292,0.0795868628,0.0890886768,426.5031613071,1033.6909960135,5.0
2694,0.0,-997.480774,283.243958,-304.298737,0.0076454974,-0.9967986144,0.0795868628,0.0901467342,428.240124945,1032.0776120695,5.0
2695,0.0,-997.545044,279.407562,-304.298737,0.0076454974,-0.9967986144,0.0795868628,0.0918741718,431.0433142003,1029.486579595,5.0
2696,0.0,-997.614075,275.683319,-304.298737,0.0059374945,-0.9970116676,0.0770225999,0.094348221,435.5004194153,1027.0697715685,5.0
2697,0.0,-997.70874,272.2612,-304.298737,0.0003460028,-0.9974592227,0.071238889,0.0985491637,443.6646620595,1024.9102026611,5.0
2698,0.0,-997.778381,268.898468,-304.298737,-0.0027765836,-0.9977366352,0.0671855437,0.1017788944,449.5490242284,1022.7624997277,5.0
2699,0.0,-997.824646,266.553436,-304.298737,-0.0048337945,-0.9979096468,0.0644435514,0.1040369283,453.5912086233,1021.3061121465,5.0
2700,0.0,-997.890564,262.806671,-304.298737,-0.0073273397,-0.9981196298,0.0608565096,0.1073845431,459.3758913118,1018.9810815654,5.0
2701,0.0,-997.946899,259.41568,-304.298737,-0.0093097705,-0.9982316416,0.0587104588,0.1103265081,464.3347414141,1016.9459165884,5.0
2702,0.0,-997.99292,256.238007,-304.298737,-0.0103690842,-0.9983286217,0.0568545974,0.112849349,468.3084594761,1014.7970317867,5.0
2703,0.0,-994.319092,252.796066,-302.589539,-0.0113992953,-0.9983843831,0.0556657849,0.1140440502,468.6543893245,1010.5332324231,5.0
2704,0.0,-994.537354,249.355942,-302.335327,-0.0114876801,-0.9984398283,0.0546437772,0.1165004077,472.3298199879,1008.3211511103,5.0
2705,0.0,-994.679565,246.964493,-302.170258,-0.0114874331,-0.9984410842,0.0546208778,0.1182573542,474.8583552922,1006.6300508792,5.0
2706,0.0,-995.069885,243.020813,-301.823883,-0.0114874331,-0.9984410842,0.0546208778,0.1212963684,479.3530340262,1004.158904792,5.0
2707,0.0,-995.295349,239.714127,-301.637787,-0.0114874331,-0.9984410842,0.0546208778,0.123802742,482.9130545562,1001.9927186083,5.0
2708,0.0,-995.535583,236.769363,-301.464752,-0.0114874331,-0.9984410842,0.0546208778,0.1260815923,486.2438132154,1000.3521444422,5.0
2709,0.0,-995.811829,233.57692,-301.308228,-0.0114874331,-0.9984410842,0.0546208778,0.1284435257,489.3991001687,998.1724732831,5.0
2710,0.0,-996.050171,230.140472,-301.22699,-0.0114882395,-0.998488448,0.0537479267,0.1310379504,492.9043201193,996.0103179823,5.0
2711,0.0,-996.210449,226.789642,-301.257263,-0.0114880303,-0.9984929893,0.0536635398,0.1335117895,496.0020925922,993.5988375903,5.0
2712,0.0,-996.451355,221.06723,-301.371429,-0.0114905357,-0.9986758994,0.0501439488,0.1380316852,501.6424511798,989.5067087304,5.0
2713,0.0,-996.557312,217.736923,-301.505524,-0.0114911909,-0.9987570906,0.048499758,0.1407285812,504.936213115,987.129128459,5.0
2714,0.0,-996.615845,214.327515,-301.541687,-0.0114920403,-0.9988187942,0.0472117513,0.1434841175,508.2094161887,984.6717028256,5.0
2715,0.0,-996.576355,210.839539,-302.098969,-0.0114927283,-0.9988664711,0.0461918827,0.1463961568,511.6919370663,982.2799402077,5.0
2716,0.0,-996.552673,207.344177,-302.423492,-0.0114924276,-0.9988751829,0.0460031865,0.1492907777,515.058836117,979.8763084068,5.0
2717,0.0,-996.518677,203.683517,-302.790802,-0.0114924276,-0.9988751829,0.0460031865,,,,
2718,0.0,-996.501404,200.592911,-303.121552,-0.0114924276,-0.9988751829,0.0460031865,,,,
2719,0.0,-996.521118,197.872925,-303.392853,-0.0114924276,-0.9988751829,0.0460031865,,,,
2720,0.0,-996.53949,194.550247,-303.804779,-0.0114924276,-0.9988751829,0.0460031865,,,,
2721,0.0,-996.483215,190.700058,-304.035431,-0.0114924276,-0.9988751829,0.0460031865,,,,
2722,0.0,-996.453064,187.375229,-304.195557,-0.0114924276,-0.9988751829,0.0460031865,0.007366145,186.9410781006,1543.0175252874,1.0
2723,0.0,-996.480286,184.446289,-304.220245,-0.0114924276,-0.9988751829,0.0460031865,0.0074230214,187.2714074593,1539.832793526,1.0
2724,0.0,-996.534607,180.971924,-304.199219,-0.0114924276,-0.9988751829,0.0460031865,0.0074972914,187.7758270371,1536.342443401,1.0
2725,0.0,-996.533142,177.925079,-304.135834,-0.0114924276,-0.9988751829,0.0460031865,0.0075420968,187.9774186736,1533.4338797884,1.0
2726,0.0,-996.489075,175.340256,-304.043854,-0.0114924276,-0.9988751829,0.0460031865,0.0075930187,188.3223462527,1531.107183137,1.0
2727,0.0,-996.430237,171.978729,-303.892303,-0.0114924276,-0.9988751829,0.0460031865,0.0077285896,189.516055737,1527.2904411306,1.0
2728,0.0,-996.331177,168.504532,-303.436676,-0.0114924276,-0.9988751829,0.0460031865,0.0078773422,190.5623584818,1521.2101894621,1.0
2729,0.0,-996.244934,164.973694,-303.050995,-0.0114924276,-0.9988751829,0.0460031865,0.0080396362,191.6180095381,1514.180953434,1.0
2730,0.0,-996.144531,161.483261,-302.611115,-0.0114924276,-0.9988751829,0.0460031865,0.0081637493,192.2789142928,1507.8565115402,1.0
2731,0.0,-996.048584,158.419662,-302.226776,-0.0114924276,-0.9988751829,0.0460031865,0.0082917531,193.1071679203,1502.6656255712,1.0
2732,0.0,-995.921265,155.222092,-301.91507,-0.0114924276,-0.9988751829,0.0460031865,0.0084392798,194.110202997,1497.2657649921,1.0
2733,0.0,-995.798035,152.132416,-301.657074,-0.0114924276,-0.9988751829,0.0460031865,0.008593054,195.1827698235,1492.064841352,1.0
2734,0.0,-995.672424,148.880112,-301.469879,-0.0114924276,-0.9988751829,0.0460031865,0.0087610074,196.3523962959,1486.6115003587,1.0
2735,0.0,-995.562439,145.680283,-301.347931,-0.0114924276,-0.9988751829,0.0460031865,0.0089490265,197.7289000825,1481.2933175089,1.0
2736,0.0,-995.431519,141.864807,-301.310608,-0.0114924276,-0.9988751829,0.0460031865,0.0091915662,199.5283083985,1475.0102012646,1.0
2737,0.0,-995.350647,138.617844,-301.362732,-0.0114924276,-0.9988751829,0.0460031865,0.0094556858,201.641729963,1469.7652399568,1.0
2738,0.0,-995.269043,136.115524,-301.412262,-0.0114924276,-0.9988751829,0.0460031865,0.0096342936,203.0133755565,1466.048282496,1.0
2739,0.0,-995.187256,132.710434,-301.579651,-0.0114924276,-0.9988751829,0.0460031865,0.0099665438,205.6633780998,1460.3417015586,1.0
2740,0.0,-995.186768,128.822922,-301.645538,-0.0114924276,-0.9988751829,0.0460031865,0.0102950573,208.1028278428,1454.016244915,1.0
2741,0.0,-995.084839,125.450005,-302.120544,-0.0114924276,-0.9988751829,0.0460031865,0.0106463624,210.8234701968,1448.6462208496,1.0
2742,0.0,-995.078247,122.351906,-302.437134,-0.0114924276,-0.9988751829,0.0460031865,0.0109499603,213.0636596687,1443.7109644137,1.0
2743,0.0,-994.894653,120.694046,-302.580078,-0.0114924276,-0.9988751829,0.0460031865,0.0111639678,214.6185408041,1440.3182361988,1.0
2744,0.0,-994.925293,117.144936,-302.886292,-0.0122232958,-0.9988665065,0.0460031865,0.0113597079,215.6085746264,1434.5124753792,1.0
2745,0.0,-994.9646,113.801918,-303.084808,-0.0124500705,-0.9988637057,0.0460031865,0.0115882799,216.9242399573,1429.0434693863,1.0
2746,0.0,-995.05365,110.493622,-303.139069,-0.0145577776,-0.9989605781,0.0431953059,0.0118532295,218.5388445317,1423.5937553999,1.0
2747,0.0,-995.15863,106.402924,-303.209747,-0.0190385303,-0.9990752283,0.0385515567,0.0120933835,219.6902078327,1416.8986829136,1.0
2748,0.0,-995.370605,102.931633,-302.973907,-0.0230586926,-0.9991696832,0.0335892965,0.0123904244,221.4409089977,1411.0721631846,1.0
2749,0.0,-995.705017,96.925133,-302.491669,-0.0284993886,-0.9992655496,0.0256153501,0.0130848052,225.8843562096,1400.9184599863,1.0
2750,0.0,-995.881348,93.865692,-302.215607,-0.0302904278,-0.9992820188,0.022758228,0.0134355833,228.025048568,1395.734995334,1.0
2751,0.0,-995.971252,90.553734,-302.165314,-0.0314820323,-0.9993062606,0.0198967145,0.0139095208,231.0720733076,1390.2466673533,1.0
2752,0.0,-996.2146,87.389687,-301.897705,-0.0324089023,-0.9993161388,0.0178021859,0.0142879666,233.2678752083,1384.8782266277,1.0
2753,0.0,-996.368042,85.343216,-301.725403,-0.0325463071,-0.9993384303,0.0161454481,0.0146369964,235.4824563366,1381.5176832545,1.0
2754,0.0,-996.521484,83.296745,-301.553101,-0.0326837119,-0.9993607218,0.0144887103,0.0149860263,237.6970374649,1378.1571398813,1.0
2755,0.0,-997.15509,76.692894,-301.051666,-0.0308456936,-0.9994938514,0.0077835837,0.0165668405,247.8697683363,1367.3979680782,1.0
2756,0.0,-997.386353,73.329903,-300.938568,-0.0298417496,-0.9995500625,0.0030236736,0.0176505473,254.6458683535,1361.3426117054,1.0
2757,0.0,-997.525757,70.779739,-300.903046,-0.0276901145,-0.9996156156,-0.0013706241,0.0187850749,261.7668996776,1356.8832085109,1.0
2758,0.0,-997.701904,67.254417,-300.905243,-0.0253851986,-0.9996364923,-0.0090815738,0.0205345412,272.335752171,1350.7911088409,1.0
2759,0.0,-997.896301,63.344002,-300.998596,-0.0221672741,-0.9996222469,-0.0162473231,0.0224555365,283.2043087728,1343.9249300691,1.0
2760,0.0,-997.980957,60.920692,-301.075256,-0.0207651332,-0.9996028764,-0.0190499018,0.023329747,287.6903929396,1339.6866557678,1.0
2761,0.0,-998.129456,57.192886,-301.243835,-0.0186235411,-0.9995726544,-0.0225315853,0.0245451181,293.5319614949,1333.0280128271,1.0
2762,0.0,-998.155334,54.390442,-301.540405,-0.0176646104,-0.9995488962,-0.0242892083,0.02525474,296.5643325171,1327.9812002868,1.0
2763,0.0,-998.20459,50.340794,-301.973846,-0.0173469013,-0.999538818,-0.0249246124,0.0257783424,297.9066705515,1320.5497812789,1.0
2764,0.0,-998.250916,47.078529,-302.242493,-0.0173469013,-0.999538818,-0.0249246124,0.026053917,298.0946727247,1314.4681256477,1.0
2765,0.0,-998.300964,43.501114,-302.613037,-0.0173469013,-0.999538818,-0.0249246124,0.0263538395,298.2586684167,1307.7853837057,1.0
2766,0.0,-998.391968,40.528759,-302.916718,-0.0173469013,-0.999538818,-0.0249246124,0.0265910968,298.3001438336,1302.1973162902,1.0
2767,0.0,-998.507751,36.899467,-303.35614,-0.0173469013,-0.999538818,-0.0249246124,0.0268898458,298.3752616954,1295.3674826534,1.0
2768,0.0,-998.618652,33.340446,-303.593628,-0.0173469013,-0.999538818,-0.0249246124,0.0271674025,298.3257397812,1288.6101570212,1.0
2769,0.0,-998.708069,30.474119,-303.77298,-0.0173469013,-0.999538818,-0.0249246124,0.027342779,298.1215395826,1283.6487895439,1.0
2770,0.0,-998.785339,27.541748,-303.894501,-0.0173469013,-0.999538818,-0.0249246124,0.0275695486,297.9495341105,1277.6945239151,1.0
2771,0.0,-998.855591,23.682819,-303.890533,-0.0173469013,-0.999538818,-0.0249246124,0.0278690313,297.7854779054,1270.2075841364,1.0
2772,0.0,-998.878845,20.328558,-303.856659,-0.0173469013,-0.999538818,-0.0249246124,0.0280881919,297.4569215354,1263.9166750025,1.0
2773,0.0,-998.895996,17.082138,-303.773254,-0.0173469013,-0.999538818,-0.0249246124,0.028327196,297.2202454789,1257.6481954703,1.0
2774,0.0,-998.959961,13.764332,-303.769104,-0.0173469013,-0.999538818,-0.0249246124,0.0285890911,297.0442648315,1251.2163748421,1.0
2775,0.0,-998.893677,9.959865,-303.226135,-0.0173469013,-0.999538818,-0.0249246124,0.0288839162,296.8245393774,1243.9864889696,1.0
2776,0.0,-998.88623,6.414314,-302.900299,-0.0173469013,-0.999538818,-0.0249246124,0.0291554161,296.5490981438,1237.1170616769,1.0
2777,0.0,-998.860596,3.18486,-302.51001,-0.0173469013,-0.999538818,-0.0249246124,0.0294425223,296.4956376248,1230.9381964211,1.0
2778,0.0,-998.803345,-0.263856,-302.054962,-0.0173469013,-0.999538818,-0.0249246124,0.0297529035,296.4229527324,1224.2970529017,1.0
2779,0.0,-998.751953,-2.80277,-301.854431,-0.0173469013,-0.999538818,-0.0249246124,0.0299997329,296.4492904072,1219.43478251,1.0
2780,0.0,-998.66156,-6.618038,-301.563507,-0.0173469013,-0.999538818,-0.0249246124,0.030341526,296.3076166582,1212.0726199911,1.0
2781,0.0,-998.544922,-10.106226,-301.362427,-0.0173469013,-0.999538818,-0.0249246124,0.0306957305,296.352783618,1205.3512226332,1.0
2782,0.0,-998.447021,-13.901908,-301.228973,-0.0173469013,-0.999538818,-0.0249246124,0.0310654962,296.2887088609,1198.0096581703,1.0
2783,0.0,-998.385803,-16.649574,-301.214264,-0.0173469013,-0.999538818,-0.0249246124,0.0313572819,296.3349276302,1192.697159787,1.0
2784,0.0,-998.260132,-20.225332,-301.2854,-0.0173469013,-0.999538818,-0.0249246124,0.0317141467,296.2579339034,1185.7670791167,1.0
2785,0.0,-998.168091,-23.844162,-301.415771,-0.0173469013,-0.999538818,-0.0249246124,0.0320788211,296.1523810513,1178.6970023898,1.0
2786,0.0,-998.108643,-27.320496,-301.571625,-0.0173469013,-0.999538818,-0.0249246124,0.0324150598,295.9616957247,1171.9129370046,1.0
2787,0.0,-998.030396,-30.789856,-301.800476,-0.0134852911,-0.999621419,-0.0239826084,0.0332139701,297.8177046741,1165.2297374994,1.0
2788,0.0,-998.004028,-33.414436,-302.081879,-0.0104946225,-0.9996749445,-0.0232350654,0.0338340063,299.190097484,1160.0064717123,1.0
2789,0.0,-997.966187,-39.931305,-302.735626,-0.0030814163,-0.9997371968,-0.0227165603,0.0356260344,303.5096869625,1147.2993046701,1.0
2790,0.0,-997.979492,-43.561882,-303.013336,-0.001177831,-0.9996994841,-0.0244857961,0.0366556238,306.0182509534,1140.719275143,1.0
2791,0.0,-997.990753,-45.2611525,-303.014084,0.0004385236,-0.9995852258,-0.0284722111,0.0379312626,310.1693889168,1137.1802082696,1.0
2792,0.0,-998.002014,-46.960423,-303.014832,0.0020548782,-0.9994709676,-0.0324586261,0.0392069014,314.3205268802,1133.6411413962,1.0
2793,0.0,-998.154968,-53.528954,-303.002533,0.0038321305,-0.999257399,-0.0383401269,0.0413607681,318.9973578466,1120.7675904743,1.0
2794,0.0,-998.294373,-57.184185,-302.896027,0.0038321305,-0.999257399,-0.0383401269,0.0417090425,318.2602963895,1113.5987727986,1.0
2795,0.0,-998.3286745,-59.0614775,-302.860199,0.0038321305,-0.999257399,-0.0383401269,0.0419114833,317.9598225478,1109.926670959,1.0
2796,0.0,-998.628845,-63.777107,-302.439636,0.0038321305,-0.999257399,-0.0383401269,0.0423478815,316.867569612,1100.510495414,1.0
2797,0.0,-998.877563,-67.516708,-302.104462,0.0038321305,-0.999257399,-0.0383401269,0.0427315937,316.1149096718,1093.0631215143,1.0
2798,0.0,-999.031677,-70.069725,-301.91922,0.0038321305,-0.999257399,-0.0383401269,0.0431114165,316.0822717946,1088.23062044,1.0
2799,0.0,-999.320007,-74.244751,-301.603485,0.0038321305,-0.999257399,-0.0383401269,0.0437524587,316.0768519305,1080.3875098228,1.0
2800,0.0,-999.60553,-78.048553,-301.394745,0.0038321305,-0.999257399,-0.0383401269,0.044330986,316.0280221185,1073.3076382094,1.0
2801,0.0,-999.766541,-80.649513,-301.281006,0.0038321305,-0.999257399,-0.0383401269,0.0447003722,315.847522,1068.3541605689,1.0
2802,0.0,-999.984619,-84.067429,-301.171265,0.0038321305,-0.999257399,-0.0383401269,0.0451899562,315.5870682273,1061.8079131366,1.0
2803,0.0,-1000.088623,-88.307564,-301.129089,0.0038321305,-0.999257399,-0.0383401269,0.0458219147,315.3161504264,1053.7255969883,1.0
2804,0.0,-1000.313416,-90.545715,-301.086151,0.0038321305,-0.999257399,-0.0383401269,0.0461170947,314.9520148719,1049.2141872184,1.0
2805,0.0,-1000.463318,-94.319244,-301.119385,0.0038321305,-0.999257399,-0.0383401269,0.0466575957,314.5341087685,1041.8792324315,1.0
2806,0.0,-1000.512207,-97.814575,-301.116119,0.0038321305,-0.999257399,-0.0383401269,0.0471646562,314.1518790473,1035.1386197992,1.0
2807,0.0,-1000.684448,-101.781616,-301.384033,0.0038321305,-0.999257399,-0.0383401269,0.0476901458,313.4728360935,1027.332943373,1.0
2808,0.0,-1000.694275,-104.274994,-301.506836,0.0038321305,-0.999257399,-0.0383401269,0.0480598558,313.195280574,1022.5645427333,1.0
2809,0.0,-1000.651306,-108.132881,-301.84433,0.0038321305,-0.999257399,-0.0383401269,0.0486650905,312.844807104,1015.2062339428,1.0
2810,0.0,-1000.607605,-110.85894,-302.132477,0.0038321305,-0.999257399,-0.0383401269,0.0491035696,312.619042953,1010.047480686,1.0
2811,0.0,-1000.545593,-114.481735,-302.509979,0.0038321305,-0.999257399,-0.0383401269,0.0497278603,312.4163626248,1003.1971201993,1.0
2812,0.0,-1001.165649,-119.462082,-302.85788,0.0030610881,-0.9992301793,-0.0391111058,0.050398682,311.9065905244,995.0434771449,1.0
2813,0.0,-1001.10376,-123.354454,-303.685211,-0.0008029431,-0.9993318495,-0.0365405242,0.0497320234,307.6462712376,987.8396319948,1.0
2814,0.0,-1001.030701,-125.754982,-304.014374,0.0095064007,-0.9993380267,-0.0351160465,,,,
2815,0.0,-1001.027161,-129.190399,-304.474884,0.047628753,-0.9983627249,-0.0316760392,,,,
2816,0.0,-1001.163635,-132.672272,-304.712433,0.1048646737,-0.9941068182,-0.0274778846,,,,
2817,0.0,-1001.265808,-135.509308,-304.868713,0.1571239133,-0.9872887378,-0.0239379234,,,,
2818,0.0,-1001.520569,-138.265366,-304.86969,0.1951725048,-0.9804990286,-0.0230075702,,,,
2819,0.0,-1002.057556,-141.974838,-304.779663,0.2339602042,-0.9719739063,-0.0230075702,,,,
2820,0.0,-1002.737122,-145.260941,-304.573883,0.2495176655,-0.9680968889,-0.0230075702,,,,
2821,0.0,-1003.585205,-148.557648,-304.281677,0.2559952482,-0.9663817051,-0.0239339277,,,,
2822,0.0,-1004.234985,-150.812637,-304.085541,0.2561823991,-0.9663313106,-0.0239661547,,,,
2823,0.0,-1005.332581,-154.346054,-303.7677,0.2561823991,-0.9663313106,-0.0239661547,,,,
2824,0.0,-1006.485535,-157.995377,-303.590759,0.2561823991,-0.9663313106,-0.0239661547,,,,
2825,0.0,-1007.552002,-161.17543,-303.585571,0.2561823991,-0.9663313106,-0.0239661547,,,,
2826,0.0,-1008.221558,-163.358383,-303.518158,0.2561823991,-0.9663313106,-0.0239661547,,,,
2827,0.0,-1009.110046,-167.163101,-303.275482,0.2561770423,-0.9663111044,-0.0248228214,,,,
2828,0.0,-1009.547607,-169.620789,-303.226013,0.2555138228,-0.9663555044,-0.0294911071,,,,
2829,0.0,-1010.029907,-172.981522,-303.232544,0.2516430404,-0.9669820715,-0.0402672776,,,,
2830,0.0,-1010.480286,-176.426849,-303.135559,0.2448745384,-0.9682006626,-0.0512243832,,,,
2831,0.0,-1010.917114,-182.219803,-303.41449,0.2150296951,-0.9731503483,-0.0821013384,,,,
2832,0.0,-1011.263489,-185.738297,-303.558685,0.1927478116,-0.9763193795,-0.0982280529,,,,
2833,0.0,-1011.417755,-187.495804,-303.544052,0.1836162214,-0.9774368132,-0.1038559198,,,,
2834,0.0,-1011.572021,-189.253311,-303.529419,0.1744846311,-0.9785542468,-0.1094837867,,,,
2835,0.0,-1011.941589,-195.952454,-303.978668,0.1354711489,-0.9828489454,-0.1251220142,,,,
2836,0.0,-1012.096436,-199.315765,-303.907074,0.1161306913,-0.9846541109,-0.1302687392,,,,
2837,0.0,-1012.1802675,-201.1898115,-303.8361665,0.1070590484,-0.9854684803,-0.1315508749,,,,
2838,0.0,-1012.437622,-205.685303,-303.584534,0.0903065839,-0.9868200075,-0.1342795356,,,,
2839,0.0,-1012.553284,-209.196884,-303.472351,0.0860211473,-0.9871228738,-0.1348658376,,,,
2840,0.0,-1012.81427,-213.149033,-302.954376,0.0854866897,-0.9871693214,-0.1348656992,0.118434329,381.9888893909,809.1932266235,1.0
2841,0.0,-1012.986572,-216.860519,-302.601166,0.0836635913,-0.9873254806,-0.1348658549,0.1189660096,379.1181344534,801.4285132808,1.0
2842,0.0,-1013.066162,-219.31929,-302.382385,0.0829377192,-0.9873867229,-0.1348658376,0.1194448099,377.4296434654,796.3597898806,1.0
2843,0.0,-1013.212891,-223.378586,-301.992889,0.0826470285,-0.9874111159,-0.1348656992,0.1204299371,374.9897276507,788.1754106691,1.0
2844,0.0,-1013.35907,-227.089005,-301.738007,0.0826470285,-0.9874111159,-0.1348656992,0.1212801671,372.8032879659,781.0050295322,1.0
2845,0.0,-1013.40155,-229.68512,-301.623718,0.0826470285,-0.9874111159,-0.1348656992,0.1219315984,371.3287508911,775.9696589757,1.0
2846,0.0,-1013.390259,-233.560883,-301.518921,0.0826470285,-0.9874111159,-0.1348656992,0.1229019184,369.1136738035,768.4884063927,1.0
2847,0.0,-1013.463623,-236.98111,-301.3974,0.0826470285,-0.9874111159,-0.1348656992,0.1237209267,367.1050481023,761.9387427464,1.0
2848,0.0,-1013.530945,-240.131165,-301.328979,0.0826470285,-0.9874111159,-0.1348656992,0.1244219879,365.153415138,755.8911008986,1.0
2849,0.0,-1013.333008,-243.52182,-301.301056,0.0826470285,-0.9874111159,-0.1348656992,0.1255203699,363.5522234619,749.4960306504,1.0
2850,0.0,-1013.323303,-246.720154,-301.333771,0.0826470285,-0.9874111159,-0.1348656992,0.126329331,361.668115738,743.381067585,1.0
2851,0.0,-1013.171509,-250.820938,-301.404968,0.0826470285,-0.9874111159,-0.1348656992,0.1274570943,359.3555189905,735.5740907833,1.0
2852,0.0,-1013.145691,-253.503998,-301.688599,0.0826470285,-0.9874111159,-0.1348656992,0.1282192659,357.8457794039,730.4521467795,1.0
2853,0.0,-1012.887878,-256.909668,-301.994537,0.0826470285,-0.9874111159,-0.1348656992,0.1294242442,356.287301105,724.1105483504,1.0
2854,0.0,-1012.626709,-260.43399,-302.263306,0.0826470285,-0.9874111159,-0.1348656992,0.1306710637,354.6146786044,717.503676742,1.0
2855,0.0,-1012.326172,-263.862457,-302.694458,0.0826470285,-0.9874111159,-0.1348656992,0.1321171887,353.2863259488,711.1682403613,1.0
2856,0.0,-1012.041931,-267.348389,-302.942261,0.0826470285,-0.9874111159,-0.1348656992,0.1336316477,351.9473165511,704.7325252168,1.0
2857,0.0,-1011.770935,-270.69751,-303.400421,0.0826470285,-0.9874111159,-0.1348656992,0.1352941051,350.8834991178,698.5835201062,1.0
2858,0.0,-1011.522339,-274.018036,-303.754272,0.0826470285,-0.9874111159,-0.1348656992,0.136901209,349.6785262284,692.3845673872,1.0
2859,0.0,-1011.201965,-277.448456,-303.987335,0.0826470285,-0.9874111159,-0.1348656992,0.1386514315,348.4611515791,685.9276879061,1.0
2860,0.0,-1010.908386,-280.452606,-304.160889,0.0826470285,-0.9874111159,-0.1348656992,0.1402253982,347.3998839868,680.2776016586,1.0
2861,0.0,-1010.680786,-283.067505,-304.243317,0.0826470285,-0.9874111159,-0.1348656992,,,,
2862,0.0,-1010.371155,-287.376251,-304.22345,0.0826470285,-0.9874111159,-0.1348656992,,,,
2863,0.0,-1010.119812,-290.383118,-304.165039,0.0826470285,-0.9874111159,-0.1348656992,,,,
2864,0.0,-1009.850464,-293.176666,-304.0914,0.0826470285,-0.9874111159,-0.1348656992,,,,
2865,0.0,-1009.450867,-296.917694,-303.948273,0.0826470285,-0.9874111159,-0.1348656992,,,,
2866,0.0,-1009.033813,-300.648163,-303.525055,0.0826470285,-0.9874111159,-0.1348656992,,,,
2867,0.0,-1008.664062,-303.661682,-303.133148,0.0826470285,-0.9874111159,-0.1348656992,,,,
2868,0.0,-1008.197937,-307.34964,-302.58371,0.0826470285,-0.9874111159,-0.1348656992,,,,
2869,0.0,-1007.894165,-310.233887,-302.361877,0.0826470285,-0.9874111159,-0.1348656992,,,,
2870,0.0,-1007.430969,-313.817169,-301.966553,0.0826470285,-0.9874111159,-0.1348656992,,,,
2871,0.0,-1007.03595,-316.483612,-301.671387,0.0826470285,-0.9874111159,-0.1348656992,,,,
2872,0.0,-1006.532898,-320.390167,-301.464813,0.0826470285,-0.9874111159,-0.1348656992,,,,
2873,0.0,-1006.137878,-323.500763,-301.340729,0.0826470285,-0.9874111159,-0.1348656992,,,,
2874,0.0,-1005.681335,-327.137177,-301.320374,0.0826470285,-0.9874111159,-0.1348656992,,,,
2875,0.0,-1004.925659,-333.23999,-301.468201,0.0826470285,-0.9874111159,-0.1348656992,,,,
2876,0.0,-1004.538269,-336.590302,-301.633575,0.0826470285,-0.9874111159,-0.1348656992,,,,
2877,0.0,-1004.3259885,-338.5354005,-301.7746275,0.0822123292,-0.9874472972,-0.134865777,,,,
2878,0.0,-1007.920776,-344.522308,-304.09256,0.0817003159,-0.9874898995,-0.1348656992,,,,
2879,0.0,-1007.599304,-348.468964,-302.387604,0.0817003159,-0.9874898995,-0.1348656992,,,,
2880,0.0,-1007.354492,-351.382874,-300.931335,0.0824976675,-0.9873127399,-0.1356749366,,,,
2881,0.0,-1007.02301,-355.035339,-299.109344,0.0861637032,-0.9866078286,-0.1384947971,,,,
2882,0.0,-1006.731873,-357.898804,-297.684723,0.0923448655,-0.9857049918,-0.140918753,,,,
2883,0.0,-1006.273132,-361.845734,-295.726654,0.1065939006,-0.9839167809,-0.1433370452,,,,
2884,0.0,-1005.914124,-364.625732,-294.344269,0.1196822223,-0.9820701173,-0.1456518121,,,,
2885,0.0,-1005.450928,-367.94986,-292.685547,0.1377815386,-0.979494057,-0.1469953739,,,,
2886,0.0,-1004.893311,-372.031586,-290.655487,0.1559147182,-0.9767401721,-0.1472047448,,,,
2887,0.0,-1004.64917,-374.801056,-289.273895,0.1699742045,-0.9745102986,-0.1464187414,,,,
2888,0.0,-1004.504883,-378.203278,-287.575317,0.1873740166,-0.9714622353,-0.1454376268,,,,
2889,0.0,-1004.491516,-381.303345,-286.016693,0.2073155011,-0.9676546856,-0.1437521908,,,,
2890,0.0,-1004.509277,-384.446259,-284.399414,0.241494619,-0.9602052727,-0.1403074597,,,,
2891,0.0,-1004.644043,-388.05368,-282.519867,0.2861176352,-0.9485097272,-0.135889647,,,,
2892,0.0,-1004.773804,-390.898499,-280.983673,0.3357910864,-0.9327278021,-0.1313894727,,,,
2893,0.0,-1004.999512,-393.513214,-279.578125,0.3759221515,-0.918185302,-0.124973146,,,,
2894,0.0,-1005.373108,-396.618011,-277.924652,0.4160179507,-0.9018725258,-0.1164259934,,,,
2895,0.0,-1005.851135,-400.059174,-276.080597,0.4608644817,-0.8814650258,-0.1030695771,,,,
2896,0.0,-1006.371033,-403.256958,-274.400513,0.4918917927,-0.8656609875,-0.0931317289,,,,
2897,0.0,-1006.868469,-405.927582,-273.068665,0.4997841768,-0.8613093296,-0.0914440557,,,,
2898,0.0,-1007.506592,-409.24527,-271.42984,0.5055015007,-0.8577645406,-0.0933178744,,,,
2899,0.0,-1008.244568,-412.985046,-269.596039,0.5087413198,-0.8557818153,-0.0939135458,,,,
2900,0.0,-1008.936951,-416.403778,-267.930603,0.5089622517,-0.8556504324,-0.0939135979,,,,
2901,0.0,-1009.59198,-419.591125,-266.378082,0.5089622517,-0.8556504324,-0.0939135979,,,,
2902,0.0,-1010.369202,-423.332428,-264.555237,0.5089622517,-0.8556504324,-0.0939135979,,,,
2903,0.0,-1010.955078,-426.121796,-263.195923,0.5089622517,-0.8556504324,-0.0939135979,,,,
2904,0.0,-1011.665466,-429.470551,-261.56311,0.5089622517,-0.8556504324,-0.0939135979,,,,
2905,0.0,-1012.400024,-432.906311,-259.887878,0.5089622517,-0.8556504324,-0.0939135979,,,,
2906,0.0,-1013.083496,-436.071899,-258.343262,0.5089622517,-0.8556504324,-0.0939135979,,,,
2907,0.0,-1013.945618,-440.033142,-256.40979,0.5089622517,-0.8556504324,-0.0939135979,,,,
2908,0.0,-1014.576599,-442.906311,-255.006668,0.5089622517,-0.8556504324,-0.0939135979,,,,
2909,0.0,-1015.439148,-446.814026,-253.09819,0.5089622517,-0.8556504324,-0.0939135979,,,,
2910,0.0,-1016.061401,-449.611786,-251.730865,0.5089622517,-0.8556504324,-0.0939135979,,,,
2911,0.0,-1016.888062,-453.308228,-249.923859,0.5089622517,-0.8556504324,-0.0939135979,,,,
2912,0.0,-1017.613647,-456.534851,-248.346008,0.5089622517,-0.8556504324,-0.0939135979,,,,
2913,0.0,-1018.428528,-460.139099,-246.582794,0.5089622517,-0.8556504324,-0.0939135979,,,,
2914,0.0,-1019.112122,-463.215851,-245.065186,0.512095318,-0.854063966,-0.0912859646,,,,
2915,0.0,-1019.846252,-466.511841,-243.4216,0.517871377,-0.8510603965,-0.0866339332,,,,
2916,0.0,-1021.047058,-472.650238,-240.268478,0.554338657,-0.8284374833,-0.079999935,,,,
2917,0.0,-1021.2458495,-474.208893,-239.354698,0.5877297727,-0.8041946966,-0.0783531299,,,,
2918,0.0,-1021.72168,-478.05191,-237.002747,0.6837235272,-0.7261233848,-0.0725738823,,,,
2919,0.0,-1022.158203,-481.02124,-235.207916,0.7434894617,-0.6654350625,-0.0664800568,,,,
2920,0.0,-1022.547729,-483.648621,-233.60202,0.7945046947,-0.6046947208,-0.0557367443,,,,
2921,0.0,-1022.922119,-486.641937,-231.922607,0.8260526596,-0.5616490566,-0.0467690146,,,,
2922,0.0,-1023.0957945,-488.0989835,-231.0617215,0.8463492751,-0.5296335203,-0.041420875,,,,
2923,0.0,-1023.519409,-492.402039,-228.577454,0.8958401236,-0.4436251258,-0.0258306176,0.1007429653,469.9021363453,1074.256976135,5.0
2924,0.0,-1023.676941,-494.984467,-227.120773,0.9185650226,-0.3949511639,-0.0158706423,0.0799699388,421.2673951005,1075.0791794064,5.0
2925,0.0,-1023.547546,-498.314423,-225.325653,0.9403023299,-0.3403132485,-0.0042919958,0.0600803104,367.2247550987,1075.6574525928,5.0
2926,0.0,-1023.193481,-501.730591,-224.346176,0.952990854,-0.3029798484,0.0034122691,0.048954343,332.5202645132,1075.9418196556,5.0
2927,0.0,-1022.759155,-504.739807,-224.289734,0.9628637407,-0.269839805,0.00893848,0.0403238194,302.4696854096,1075.9915653822,5.0
2928,0.0,-1022.215576,-508.138306,-224.298737,0.9683987955,-0.2491858953,0.0104958334,0.0362912035,287.2082646845,1075.8648152468,5.0
2929,0.0,-1021.679077,-510.849396,-224.298737,0.9721366119,-0.2341776916,0.0105459216,0.0337399293,276.9765184579,1075.3513582466,5.0
2930,0.0,-1020.960632,-514.104553,-224.298721,0.9758473422,-0.2183002812,0.0081824137,0.0315590658,267.7967929669,1074.4398519131,5.0
2931,0.0,-1020.11615,-517.38446,-224.298737,0.9785252757,-0.2060130254,0.0068496831,0.0302132936,261.7656945827,1073.0108005425,5.0
2932,0.0,-1019.180237,-520.591125,-224.298737,0.980725099,-0.1953042576,0.0058759836,0.0291560481,256.7784417161,1071.1939481524,5.0
2933,0.0,-1018.322205,-523.259521,-224.298752,0.9825673393,-0.1857952712,0.0064452294,0.0278016663,250.3977831481,1069.3497510005,5.0
2934,0.0,-1017.026306,-526.940247,-224.298752,0.9849914452,-0.1723962614,0.0084487766,0.0261368468,242.3449949925,1066.9619666878,5.0
2935,0.0,-1015.784729,-530.203613,-224.298752,0.987854172,-0.154730453,0.0142345294,0.0233396399,228.6013267043,1064.3038771475,5.0
2936,0.0,-1014.76709,-532.690613,-224.298782,0.9899949939,-0.1399234964,0.0182023948,0.0210663402,216.8129236054,1061.8789247933,5.0
2937,0.0,-1013.407715,-535.794922,-224.298782,0.9924625709,-0.1203386357,0.0231658817,0.0181495712,200.826933657,1058.8960672649,5.0
2938,0.0,-1011.797302,-539.168701,-224.298752,0.9940333537,-0.1052726224,0.0285546266,0.0162013131,189.2202111094,1055.4644641271,5.0
2939,0.0,-1010.533081,-541.686462,-224.298752,0.9950136652,-0.0947762434,0.0310687892,0.0150189068,181.8003973439,1052.9251012993,5.0
2940,0.0,-1008.856201,-544.822876,-224.298737,0.9954482519,-0.0899006473,0.0316330733,0.015051262,181.4524572143,1049.7883488524,5.0
2941,0.0,-1007.206482,-547.745422,-224.298737,0.9954864046,-0.0894771864,0.0316330733,0.015777658,185.1971534716,1046.689507744,5.0
2942,0.0,-1005.302307,-550.97937,-224.298737,0.9954864046,-0.0894771864,0.0316330733,0.0167141754,189.914847244,1043.0948151085,5.0
2943,0.0,-1003.61438,-553.741638,-224.298737,0.9954864046,-0.0894771864,0.0316330733,0.0175346252,193.8744864544,1039.847403985,5.0
2944,0.0,-1001.973999,-556.347168,-224.298737,0.9954864046,-0.0894771864,0.0316330733,0.0183207357,197.5219926733,1036.6384679268,5.0
2945,0.0,-999.953735,-559.464905,-224.298737,0.9954864046,-0.0894771864,0.0316330733,0.0192774699,201.7806980092,1032.6253498106,5.0
2946,0.0,-998.260864,-562.009644,-224.298737,0.9954864046,-0.0894771864,0.0316330733,0.0200719863,205.1759693739,1029.2162096654,5.0
2947,0.0,-996.028809,-565.28363,-224.298737,0.9954864046,-0.0894771864,0.0316330733,0.0211130117,209.4440701559,1024.6663607405,5.0
2948,0.0,-994.356262,-567.682922,-224.298737,0.9954864046,-0.0894771864,0.0316330733,0.0218898882,212.5036732715,1021.2202972601,5.0
2949,0.0,-991.991699,-571.008484,-224.298737,0.9955660405,-0.0885867242,0.0316330733,0.0227497023,215.5267358768,1016.2076685241,5.0
2950,0.0,-989.89447,-573.899719,-224.298737,0.9955717313,-0.0885227459,0.0316330733,0.023606449,218.5178850603,1011.6608471415,5.0
2951,0.0,-987.953003,-576.531616,-223.90152,0.9955717313,-0.0885227459,0.0316330733,0.024377189,221.0720503523,1007.3723140388,5.0
2952,0.0,-986.266052,-578.7901,-222.920929,0.9955717313,-0.0885227459,0.0316330733,0.0249949183,222.9715530132,1003.5510948205,5.0
2953,0.0,-983.73761,-582.130493,-221.25647,0.9955717313,-0.0885227459,0.0316330733,0.0258996825,225.6260280089,997.8318655155,5.0
2954,0.0,-981.658447,-584.840576,-219.92923,0.9955717313,-0.0885227459,0.0316330733,0.0267035091,227.9912842238,993.2027319405,5.0
2964,0.0,-959.929077,-611.629456,-206.755554,0.9955717313,-0.0885227459,0.0316330733,0.0372874374,255.3274116046,943.817058755,5.0
2965,0.0,-957.080994,-615.126709,-205.049316,0.9955717313,-0.0885227459,0.0316330733,0.0385290592,257.9561918692,938.3412642997,5.0
2966,0.0,-954.331116,-618.502441,-203.402466,0.9955717313,-0.0885227459,0.0316330733,0.039726306,260.3599450101,932.9894300072,5.0
2967,0.0,-951.673218,-621.761047,-201.812531,0.9955717313,-0.0885227459,0.0316330733,0.0408896453,262.5497094373,927.631356051,5.0
2968,0.0,-949.437622,-624.495239,-200.478546,0.9955717313,-0.0885227459,0.0316330733,0.0418726087,264.2499812482,922.8465320811,5.0
2969,0.0,-946.982544,-627.428162,-200.285706,0.9955717313,-0.0885227459,0.0316330733,0.0430397104,266.2790803116,917.5111938982,5.0
2970,0.0,-944.882385,-629.921997,-200.298737,0.9955717313,-0.0885227459,0.0316330733,0.0441479905,268.3003708973,913.0568258621,5.0
2971,0.0,-942.929138,-632.237427,-200.298737,0.9955717313,-0.0885227459,0.0316330733,0.045122254,269.9144302582,908.8054215428,5.0
2972,0.0,-940.733337,-634.837402,-200.298737,0.9955717313,-0.0885227459,0.0316330733,0.0462537669,271.7571704705,904.0103052942,5.0
2973,0.0,-938.138245,-637.905334,-200.298737,0.9955717313,-0.0885227459,0.0316330733,0.047669546,274.0631713375,898.3664129551,5.0
2974,0.0,-936.221558,-640.167908,-200.298737,0.9955717313,-0.0885227459,0.0316330733,0.0487691853,275.8462908034,894.2111388157,5.0
2975,0.0,-933.991821,-642.845093,-200.298737,0.9955717313,-0.0885227459,0.0316330733,0.0501242234,278.0323952861,889.3405624738,5.0
2976,0.0,-931.661926,-645.684082,-200.298737,0.9955717313,-0.0885227459,0.0316330733,0.0516270385,280.4368617414,884.2202261682,5.0
2977,0.0,-929.560974,-648.239929,-200.298737,0.9955717313,-0.0885227459,0.0316330733,0.0530417725,282.6727252917,879.6229963772,5.0
2978,0.0,-927.718933,-650.477783,-200.298737,0.9955717313,-0.0885227459,0.0316330733,0.0543283736,284.6810493526,875.6094360961,5.0
2979,0.0,-925.25061,-653.472656,-200.298737,0.9955717313,-0.0885227459,0.0316330733,0.0560389822,287.2255809194,870.2303413261,5.0
2980,0.0,-923.283569,-655.85614,-200.298737,0.9955717313,-0.0885227459,0.0316330733,0.0573776852,289.1025762652,865.9369335253,5.0
2981,0.0,-921.259033,-658.306946,-200.298737,0.9955717313,-0.0885227459,0.0316330733,0.0589727057,290.2853441777,857.9930339462,5.0
2982,0.0,-919.138,-660.871826,-200.298737,0.9955717313,-0.0885227459,0.0316330733,0.0603883129,292.0749509628,853.4153849059,5.0
2983,0.0,-916.749207,-663.757874,-200.298737,0.9955717313,-0.0885227459,0.0316330733,0.0619999254,294.0390634865,848.2669622445,5.0
2984,0.0,-915.253601,-665.393127,-200.298737,0.9955717313,-0.0885227459,0.0316330733,0.0629630244,295.1367068489,845.1065762694,5.0
2985,0.0,-912.111633,-668.464233,-200.298737,0.9954056584,-0.0903710342,0.0316330733,0.0654038776,298.269415378,838.5168958025,5.0
2986,0.0,-909.63208,-670.704346,-200.298737,0.99432698,-0.1018466512,0.0306776206,0.0710201356,308.5489095154,833.6224846285,5.0
2987,0.0,-907.380371,-672.567871,-198.681686,0.9906118637,-0.1339729858,0.0271914435,0.0847093956,333.901780106,828.9638725971,5.0
2988,0.0,-904.776917,-674.457581,-198.284119,0.9840960314,-0.1759947338,0.024100925,0.1042112492,366.1627360327,823.8001614614,5.0
2989,0.0,-902.571899,-676.033325,-198.271301,0.9718803172,-0.2347551525,0.018402917,0.1341304847,409.9687154328,819.4950515959,5.0
2990,0.0,-899.936646,-677.646606,-198.276749,0.9545475296,-0.2978099484,0.0121757269,,,,
2991,0.0,-897.301147,-679.284668,-198.276749,0.9241944867,-0.3818601291,0.0068842223,,,,
2992,0.0,-895.027344,-676.543457,-198.733612,0.9032294836,-0.4291357329,0.0043615116,,,,
2993,0.0,-891.827515,-677.546814,-198.675415,0.8709791221,-0.4913162377,0.0019296348,,,,
2994,0.0,-889.251953,-678.346497,-198.807297,0.8406415722,-0.5415918265,0.0002012539,,,,
2995,0.0,-886.221558,-679.055786,-198.621353,0.8130137798,-0.582243752,-0.0008983558,,,,
2996,0.0,-883.719177,-679.549255,-198.514526,0.7942380632,-0.6076042787,-0.001714471,,,,
2997,0.0,-880.476318,-680.038208,-198.34906,0.7817696201,-0.6235644182,-0.0019176619,,,,
2998,0.0,-877.51001,-680.357483,-198.093781,0.776044195,-0.6306726829,-0.0027155894,,,,
2999,0.0,-871.327942,-680.780334,-197.794754,0.7729424576,-0.6344696094,-0.0028761067,,,,
3000,0.0,-867.90741,-680.930908,-197.703415,0.771645826,-0.6360459474,-0.0028761067,,,,
3001,0.0,-864.566101,-681.006836,-197.594849,0.7682358416,-0.6401560928,-0.0037240528,,,,
3002,0.0,-861.096436,-681.054199,-197.644577,0.7643493849,-0.644777765,-0.0056259694,,,,
3003,0.0,-858.312561,-681.07666,-197.666794,0.7578343189,-0.6523887886,-0.0087185771,,,,
3004,0.0,-854.663818,-681.088623,-197.744064,0.7475558636,-0.664072023,-0.0129838027,,,,
3005,0.0,-851.017761,-681.081909,-199.931549,0.7315767682,-0.681516449,-0.018186864,,,,
3006,0.0,-848.263245,-681.147644,-201.914597,0.7153315247,-0.6984054099,-0.0230367793,,,,
3007,0.0,-844.684448,-681.216675,-204.506729,0.6910333928,-0.7221905828,-0.0302260167,,,,
3008,0.0,-841.849365,-681.263855,-205.444183,0.6737266715,-0.7381753118,-0.0344903064,,,,
3009,0.0,-838.263428,-681.341125,-205.907562,0.6524336243,-0.7568058354,-0.0396899657,,,,
3010,0.0,-834.658203,-681.528015,-206.070648,0.6318819776,-0.7738126747,-0.0440353356,,,,
3011,0.0,-831.887268,-681.535583,-206.483658,0.6168839314,-0.7855905476,-0.0479761063,,,,
3012,0.0,-828.427551,-681.728455,-206.770493,0.5995423933,-0.7987459176,-0.050535906,,,,
3013,0.0,-825.377991,-681.975769,-206.984222,0.5803439457,-0.812636752,-0.0531263967,,,,
3014,0.0,-822.507507,-682.281677,-207.098663,0.5661215918,-0.8224360605,-0.0557249468,,,,
3015,0.0,-818.661377,-682.78479,-207.204285,0.550048458,-0.833092888,-0.0583346714,,,,
3016,0.0,-816.318787,-683.092468,-207.235596,0.5415757951,-0.8384789944,-0.0604039247,,,,
3083,0.0,-675.42865,-811.261292,-201.699707,0.9871517623,0.1533046213,-0.0450454363,,,,
3084,0.0,-675.089417,-811.208618,-201.211014,0.9871517623,0.1533046213,-0.0450454363,,,,
3085,0.0,-674.916504,-811.181702,-200.922958,0.9871517623,0.1533046213,-0.0450454363,,,,
3086,0.0,-675.962524,-813.766357,-200.910889,0.9879300369,0.1482063673,-0.0450456978,,,,
3087,0.0,-677.246277,-816.537964,-200.906998,0.9920368427,0.1179414042,-0.0441896817,,,,
3088,0.0,-678.118652,-819.07019,-200.965805,0.9985418799,0.0372874749,-0.0390353466,,,,
3089,0.0,-678.974121,-822.289246,-201.044189,0.9910821499,-0.1300167285,-0.0291859979,,,,
3090,0.0,-679.986267,-826.216675,-201.106033,0.922410452,-0.3857782742,-0.0182778852,,,,
3091,0.0,-680.685364,-828.771362,-201.123962,0.8114788062,-0.5842294674,-0.013344531,,,,
3092,0.0,-682.234375,-832.614624,-201.165802,0.6152983751,-0.7881860405,-0.013064273,,,,
3093,0.0,-684.403259,-836.160278,-201.224579,0.3980779559,-0.9171532806,-0.0190735642,,,,
3094,0.0,-686.707092,-839.139648,-201.2966,0.2312374967,-0.9726363438,-0.0225335919,,,,
3095,0.0,-689.346008,-842.138245,-201.375702,0.0993854386,-0.9947651982,-0.0237641555,,,,
3096,0.0,-692.669678,-845.940247,-201.172714,0.0184644595,-0.9995599366,-0.0232163082,,,,
3097,0.0,-695.776062,-849.405029,-200.181976,-0.0021120557,-0.9997661605,-0.0215212325,,,,
3098,0.0,-698.013062,-852.417236,-198.526489,-0.0019927911,-0.999775581,-0.0210906703,,,,
3099,0.0,-699.995911,-855.083984,-197.123215,0.0009276636,-0.9997966936,-0.0201422681,,,,
3100,0.0,-701.927917,-857.578125,-195.787811,0.0056275325,-0.9997998541,-0.0191985069,,,,
3101,0.0,-703.679932,-859.772278,-194.577118,0.0081801766,-0.9997827032,-0.0191737103,,,,
3102,0.0,-705.956604,-862.539612,-192.97261,0.0086269528,-0.9997789502,-0.0191735881,,,,
3103,0.0,-707.87677,-864.943909,-191.779251,0.0094556757,-0.9997714534,-0.0191737103,,,,
3104,0.0,-709.889099,-867.339905,-190.343781,0.0119328869,-0.9997449553,-0.0191736928,,,,
3105,0.0,-711.822388,-870.249695,-188.701431,0.0173187436,-0.9996661593,-0.0191737103,,,,
3106,0.0,-713.82843,-873.523743,-186.967422,0.0247788157,-0.9995090694,-0.0191736928,,,,
3107,0.0,-715.451172,-876.079041,-185.583771,0.0300411475,-0.9993807651,-0.0183198184,,,,
3108,0.0,-716.602051,-878.998962,-184.19989,0.0314751928,-0.999338545,-0.0182149591,,,,
3109,0.0,-716.743713,-882.799805,-182.673157,0.0316278252,-0.9993337251,-0.0182150115,,,,
3110,0.0,-716.714233,-886.165527,-181.111679,0.0316278252,-0.9993337251,-0.0182150115,,,,
3111,0.0,-716.685181,-888.868958,-179.708862,0.0316278252,-0.9993337251,-0.0182150115,,,,
3112,0.0,-716.650513,-892.132629,-178.355438,0.0316278252,-0.9993337251,-0.0182150115,,,,
3113,0.0,-716.608948,-895.458191,-176.835663,0.0316278252,-0.9993337251,-0.0182150115,,,,
3114,0.0,-716.572998,-898.455505,-175.597549,0.0308549582,-0.9993578876,-0.0182149417,,,,
3115,0.0,-716.520813,-901.565369,-174.262909,0.03142299,-0.9992963374,-0.0204798847,,,,
3116,0.0,-716.535339,-904.926636,-172.767975,0.0348165338,-0.9990788492,-0.0250850976,,,,
3117,0.0,-716.600769,-908.117126,-171.319931,0.0401224095,-0.9987738503,-0.0289997978,,,,
3118,0.0,-716.663025,-911.550598,-169.868149,0.0520897625,-0.9980663891,-0.0339137079,,,,
3119,0.0,-716.735535,-914.828186,-168.32103,0.0544765704,-0.9978889227,-0.035355357,,,,
3120,0.0,-716.814026,-918.035156,-166.57933,0.0545865152,-0.9978789928,-0.0354658717,,,,
3121,0.0,-716.870056,-921.268677,-164.872955,0.0545865152,-0.9978789928,-0.0354658717,,,,
3122,0.0,-716.875854,-924.500305,-162.931335,0.0545865152,-0.9978789928,-0.0354658717,,,,
3123,0.0,-716.822693,-927.987793,-160.972061,0.0545865152,-0.9978789928,-0.0354658717,,,,
3124,0.0,-716.65863,-934.443848,-156.938705,0.0545865152,-0.9978789928,-0.0354658717,,,,
3125,0.0,-716.558838,-938.101501,-154.688278,0.0545865152,-0.9978789928,-0.0354658717,,,,
3126,0.0,-716.520111,-939.820129,-153.712906,0.0545865152,-0.9978789928,-0.0354658717,,,,
3127,0.0,-716.312927,-944.988525,-151.340393,0.0545865152,-0.9978789928,-0.0354658717,,,,
3128,0.0,-716.186646,-948.305969,-151.07576,0.0545865152,-0.9978789928,-0.0354658717,,,,
3129,0.0,-715.949646,-951.636658,-150.826736,0.0545865152,-0.9978789928,-0.0354658717,,,,
3130,0.0,-715.799011,-954.896729,-150.744278,0.0545865152,-0.9978789928,-0.0354658717,,,,
3131,0.0,-715.557556,-958.227661,-150.608292,0.0545865152,-0.9978789928,-0.0354658717,,,,
3132,0.0,-715.282837,-961.863159,-150.65976,0.0545865152,-0.9978789928,-0.0354658717,,,,
3133,0.0,-715.045288,-965.474731,-150.69809,0.0545865152,-0.9978789928,-0.0354658717,,,,
3134,0.0,-714.900635,-968.614868,-150.761368,0.0519304253,-0.9980518653,-0.0345789686,,,,
3135,0.0,-714.490417,-971.641785,-150.72467,0.0500620571,-0.9982328542,-0.0320149847,,,,
3136,0.0,-714.03949,-974.785278,-150.733749,0.041725577,-0.9988124448,-0.0251530567,,,,
3137,0.0,-713.512939,-977.671326,-150.855103,0.0293027935,-0.9993786857,-0.0195854259,,,,
3138,0.0,-712.934814,-981.470093,-151.231537,0.0114638015,-0.9998244209,-0.0148225734,,,,
3139,0.0,-712.273254,-984.572205,-151.538605,0.0072230358,-0.999891921,-0.0128052355,,,,
3140,0.0,-711.603516,-987.77771,-151.939102,0.0059881426,-0.9999043965,-0.0124635447,,,,
3141,0.0,-710.522522,-991.593506,-152.13736,0.0057519522,-0.9999057866,-0.0124632655,,,,
3142,0.0,-709.463135,-994.554138,-152.367462,0.0057519522,-0.9999057866,-0.0124632655,,,,
3143,0.0,-708.315674,-997.68042,-152.579758,0.0049060688,-0.9999102912,-0.0124635447,,,,
3144,0.0,-707.084351,-1000.820068,-152.777863,-0.0013373415,-0.9999214327,-0.0124635447,,,,
3145,0.0,-705.971985,-1003.720093,-152.920364,-0.0145971009,-0.9998049578,-0.0133030482,,,,
3146,0.0,-705.621155,-1004.39093,-152.920364,-0.0191067606,-0.9997273548,-0.013421912,,,,
3147,0.0,-703.543213,-1009.58783,-153.060059,-0.0624553373,-0.9979456884,-0.0142735335,,,,
3148,0.0,-702.198486,-1012.215271,-153.248245,-0.0842324863,-0.9963191898,-0.0159047243,,,,
3149,0.0,-700.914734,-1014.833801,-153.15184,-0.1020752881,-0.9946317649,-0.0169790386,,,,
3150,0.0,-699.07428,-1018.469666,-152.960632,-0.1157927608,-0.9931066224,-0.0182009115,,,,
3151,0.0,-697.799316,-1020.559998,-152.984528,-0.1194050513,-0.9926653802,-0.0189176297,,,,
3152,0.0,-696.210144,-1023.601929,-152.735214,-0.126024145,-0.9918418646,-0.0191736928,,,,
3153,0.0,-694.371094,-1026.834351,-152.547455,-0.1355076552,-0.9905725987,-0.020089849,,,,
3154,0.0,-693.103271,-1029.049316,-152.435028,-0.1442948744,-0.989315255,-0.0208402357,,,,
3155,0.0,-691.246033,-1032.083008,-152.312073,-0.1559274272,-0.9875079967,-0.0226846639,,,,
3156,0.0,-689.509399,-1035.005981,-152.395844,-0.1641401846,-0.9861492324,-0.0238262716,,,,
3157,0.0,-687.813354,-1037.649536,-152.503479,-0.1691738656,-0.98529479,-0.0239662245,,,,
3158,0.0,-686.157593,-1040.204712,-152.663269,-0.1700628115,-0.985141748,-0.0239661547,,,,
3159,0.0,-684.440857,-1042.797974,-152.250687,-0.1707425342,-0.9850241657,-0.0239662245,,,,
3160,0.0,-682.569702,-1045.681396,-151.129745,-0.171007215,-0.9849782515,-0.0239661547,,,,
3161,0.0,-680.829468,-1048.438965,-150.194458,-0.171007215,-0.9849782515,-0.0239661547,,,,
3162,0.0,-678.987549,-1051.080078,-149.369354,-0.1717556836,-0.9848480112,-0.0239662245,,,,
3163,0.0,-676.759033,-1054.297241,-147.874207,-0.1746783146,-0.9843338389,-0.0239662245,,,,
3164,0.0,-674.98938,-1056.856445,-147.227631,-0.1773152406,-0.9838622493,-0.0239662245,,,,
3165,0.0,-673.151978,-1059.519897,-146.310059,-0.1792449213,-0.9835125206,-0.0239662245,,,,
3166,0.0,-671.322266,-1062.179077,-145.208557,-0.1810723279,-0.9831777216,-0.0239662245,,,,
3167,0.0,-669.5578,-1064.745361,-144.254395,-0.1821100105,-0.9829860448,-0.0239662245,,,,
3168,0.0,-666.020386,-1069.855469,-141.486481,-0.1848028142,-0.9825062705,-0.0230075702,,,,
3169,0.0,-664.72345,-1071.747986,-140.5687255,-0.1859238916,-0.9823050633,-0.0225287037,,,,
3170,0.0,-662.998718,-1074.238892,-139.322754,-0.1884238096,-0.9818402586,-0.022049366,,,,
3171,0.0,-662.611572,-1074.876099,-139.033707,-0.1948412879,-0.9805869151,-0.022049366,,,,
3172,0.0,-662.3825375,-1075.2439575,-138.8115845,-0.1979480169,-0.9799697438,-0.0215784462,,,,
3173,0.0,-661.812195,-1076.199097,-138.086273,-0.2089603771,-0.9777452844,-0.0187007934,,,,
3174,0.0,-661.382568,-1077.00061,-136.87677,-0.2206227803,-0.9752223301,-0.0163400052,,,,
3175,0.0,-661.097473,-1077.55249,-136.46022,-0.2319433009,-0.9726548952,-0.0120316256,,,,
3176,0.0,-660.651733,-1078.36377,-135.898529,-0.2432656213,-0.9699306874,-0.0075032746,,,,
3177,0.0,-660.14563,-1079.300903,-135.057373,-0.2524207017,-0.9676096468,-0.0039192839,,,,
3178,0.0,-659.551086,-1080.140259,-134.528854,-0.2534260884,-0.9673500348,-0.0030212476,,,,
3179,0.0,-658.80426,-1081.133057,-133.974274,-0.2535664787,-0.9673136866,-0.0028762114,,,,
3180,0.0,-658.04834,-1082.325439,-133.216782,-0.2535664787,-0.9673136866,-0.0028762114,,,,
3181,0.0,-657.033386,-1083.290527,-131.985382,-0.2535664787,-0.9673136866,-0.0028762114,,,,
3182,0.0,-656.544983,-1084.018677,-131.281006,-0.2535664787,-0.9673136866,-0.0028762114,,,,
3183,0.0,-655.976379,-1085.111572,-130.387863,-0.2535664787,-0.9673136866,-0.0028762114,,,,
3184,0.0,-655.50769,-1086.384766,-129.433533,-0.2535664787,-0.9673136866,-0.0028762114,,,,
3185,0.0,-655.238953,-1087.673218,-128.659225,-0.2535664787,-0.9673136866,-0.0028762114,,,,
3186,0.0,-655.155212,-1088.864746,-128.053818,-0.2535664787,-0.9673136866,-0.0028762114,,,,
3187,0.0,-655.030334,-1090.226807,-127.404282,-0.2535664787,-0.9673136866,-0.0028762114,,,,
3188,0.0,-655.064026,-1091.538208,-126.774284,-0.2535664787,-0.9673136866,-0.0028762114,,,,
3189,0.0,-655.086548,-1092.52771,-126.363029,-0.2535664787,-0.9673136866,-0.0028762114,,,,
3190,0.0,-655.216309,-1093.892944,-125.80101,-0.2535664787,-0.9673136866,-0.0028762114,,,,
3191,0.0,-655.390137,-1095.234253,-125.198944,-0.2535664787,-0.9673136866,-0.0028762114,,,,
3192,0.0,-655.558899,-1096.345947,-124.748695,-0.2535664787,-0.9673136866,-0.0028762114,,,,
3193,0.0,-655.836121,-1098.043701,-124.03627,-0.2520237099,-0.9677167859,-0.0028761067,,,,
3194,0.0,-656.007446,-1099.242554,-123.608002,-0.2383719849,-0.9711738903,-0.0002677335,,,,
3195,0.0,-656.147949,-1100.955811,-122.916893,-0.169480734,-0.9854831675,0.0099602897,,,,
3196,0.0,-656.158203,-1102.166992,-122.483665,-0.0929057737,-0.9952839969,0.0278977196,,,,
3197,0.0,-656.336121,-1103.790283,-121.666473,-0.0457624884,-0.997814616,0.0476632652,,,,
3198,0.0,-656.662598,-1105.033569,-121.011475,-0.0823797491,-0.9946704114,0.0620028195,,,,
3199,0.0,-657.049805,-1106.190796,-120.327309,-0.1437970862,-0.9868905493,0.0732764738,,,,
3200,0.0,-657.7995,-1107.733154,-119.431061,-0.2598441921,-0.9619426381,0.0845420417,,,,
3201,0.0,-658.657471,-1109.014648,-118.54882,-0.3881053863,-0.9171181888,0.0909309463,,,,
3202,0.0,-659.485291,-1109.708984,-118.080276,-0.5352447398,-0.8383433217,0.1034095906,,,,
3203,0.0,-660.948303,-1110.807617,-117.459755,-0.7768159142,-0.6133797794,0.1425562407,,,,
3204,0.0,-663.945862,-1109.783081,-117.070374,-0.946973987,-0.2633979449,0.1840157347,0.0500065106,163.1292350697,522.3985267679,1.0
3205,0.0,-667.239807,-1106.87439,-116.451881,-0.9170763599,0.3553982845,0.1807291053,0.0154816933,210.6575741274,1201.8223990279,4.0
3206,0.0,-667.795532,-1106.2056275,-116.225349,-0.8418014149,0.490545698,0.1627270106,0.03120264,286.5388839934,1199.4980535425,4.0
3207,0.0,-668.726868,-1104.628052,-115.660027,-0.6176543874,0.7794822044,0.1044535819,0.1238919063,575.763555877,1194.2459459714,4.0
3208,0.0,-668.816315,-1104.715271,-115.1986165,-0.5298759017,0.8373242216,0.0806313674,0.129610435,460.1222974346,940.000353615,4.5
3209,0.0,-668.905762,-1104.80249,-114.737206,-0.442097416,0.8951662387,0.0568091528,0.1353289638,344.4810389922,685.7547612586,5.0
3210,0.0,-671.062927,-1106.286499,-113.786972,-0.3702345091,0.9278282001,0.0454008751,0.0981780777,297.3169493812,688.0618539,5.0
3211,0.0,-672.1268005,-1106.857971,-113.519634,-0.3892955496,0.9191338641,0.0556578378,0.1085716248,311.790316937,688.8810648256,5.0
3212,0.0,-674.493469,-1108.136475,-112.88456,-0.4129416046,0.9082140748,0.0680178329,0.1214865875,330.0877418266,690.9682307453,5.0
3213,0.0,-675.991211,-1108.944946,-112.503922,-0.4129416046,0.9082140748,0.0680178329,0.1215429879,330.8732867652,692.4622793437,5.0
3214,0.0,-677.587646,-1109.831543,-112.066513,-0.4129416046,0.9082140748,0.0680178329,0.1216599139,331.8496397876,694.1934068798,5.0
3215,0.0,-679.324524,-1110.779785,-111.536415,-0.4129416046,0.9082140748,0.0680178329,0.1220243881,333.1610831999,695.9627125333,5.0
3216,0.0,-680.949707,-1111.627441,-111.139771,-0.4129416046,0.9082140748,0.0680178329,0.1223240162,334.3905796326,697.7307165259,5.0
3217,0.0,-682.674438,-1112.484131,-110.764351,-0.4129416046,0.9082140748,0.0680178329,0.1227622782,335.809105289,699.5203636323,5.0
3218,0.0,-684.335266,-1113.307617,-110.385666,-0.4129416046,0.9082140748,0.0680178329,0.1232344774,337.2270302779,701.2150938696,5.0
3219,0.0,-686.144531,-1114.193848,-110.013657,-0.4129416046,0.9082140748,0.0680178329,0.1238335811,338.7444940663,702.7766922958,5.0
3220,0.0,-688.040039,-1115.207153,-109.52198,-0.4129416046,0.9082140748,0.0680178329,0.124540969,340.3466959617,704.2253071757,5.0
3221,0.0,-689.723633,-1116.136841,-109.044472,-0.4129416046,0.9082140748,0.0680178329,0.1253474727,342.0391062426,705.5983899227,5.0
3222,0.0,-691.373291,-1117.030151,-108.583153,-0.4129416046,0.9082140748,0.0680178329,0.125932649,343.3906512566,706.8490857185,5.0
3223,0.0,-693.39856,-1118.078613,-108.022255,-0.4129416046,0.9082140748,0.0680178329,0.1267867078,345.2412471392,708.4222596254,5.0
3224,0.0,-695.096985,-1119.070312,-107.468376,-0.4129416046,0.9082140748,0.0680178329,0.1273856995,346.6998251718,709.8541354575,5.0
3225,0.0,-696.756714,-1119.974243,-106.993408,-0.4275483903,0.9010504082,0.0728734233,0.1363063749,358.4609421762,711.2077790088,5.0
3226,0.0,-698.538635,-1120.919434,-106.533554,-0.4275951441,0.9015016248,0.0667623636,0.1364566019,359.3717386639,712.6509840373,5.0
3227,0.0,-700.65271,-1121.98584,-106.324509,-0.4236778271,0.9034671186,0.0651480186,0.1349098978,358.3480982281,714.3865818521,5.0
3228,0.0,-702.480835,-1122.921143,-106.293121,-0.4114964133,0.9085588179,0.0720525943,0.1294933898,352.3514393099,715.9334043635,5.0
3229,0.0,-704.348755,-1123.822021,-106.328743,-0.3958758779,0.9145859026,0.0825525052,0.1227634942,344.411411186,717.4364145305,5.0
3230,0.0,-706.342407,-1124.775024,-106.323883,-0.3824602411,0.9189266175,0.0964263225,0.1177593655,338.5231572205,719.0400512125,5.0
3231,0.0,-708.278015,-1125.804443,-106.202606,-0.3776448172,0.9196041664,0.1082246237,0.1172017534,338.5432481861,720.6845466504,5.0
3232,0.0,-710.184875,-1126.914795,-105.982162,-0.3754034254,0.9195572191,0.1161326349,0.1175112082,339.7483789684,722.3564383888,5.0
3233,0.0,-712.061584,-1127.970825,-105.813438,-0.3735242453,0.9198083646,0.1201341358,0.1174257844,340.4227376004,724.0370193313,5.0
3234,0.0,-714.21698,-1129.156616,-101.288368,-0.373285719,0.9198438952,0.1206025722,0.11846925,342.733754401,725.9361078859,5.0
3235,0.0,-715.857361,-1130.248291,-97.095123,-0.373285719,0.9198438952,0.1206025722,0.1193193451,344.6991270064,727.6578590654,5.0
3236,0.0,-717.412354,-1131.304932,-92.95681,-0.3725096336,0.9201584605,0.1206025722,0.1196964128,345.9883549449,729.3011980087,5.0
3237,0.0,-719.0271,-1132.571533,-88.384697,-0.3679516538,0.9218657618,0.1215528597,0.1184425366,345.1790672636,731.1927184526,5.0
3238,0.0,-720.177002,-1133.646606,-84.884476,-0.3647052481,0.9229290969,0.1232556862,0.1178492774,345.1583698136,732.8713558425,5.0
3239,0.0,-722.020508,-1134.774414,-81.10112,-0.3602563686,0.9243045613,0.1260016937,0.1172846441,345.2835237244,734.7895065276,5.0
3240,0.0,-724.138855,-1135.944214,-77.206375,-0.3553507132,0.9257795632,0.1290661493,0.1169848452,345.814176066,736.8024860039,5.0
3241,0.0,-725.90271,-1136.87561,-74.153618,-0.3495733176,0.9273763412,0.1333102298,0.1162609814,345.6530473782,738.6063396621,5.0
3242,0.0,-727.907288,-1138.032837,-70.659126,-0.34364738,0.9289887684,0.1374276041,0.1154034027,345.4564413062,740.755332295,5.0
3243,0.0,-729.659546,-1139.086304,-67.612434,-0.3367742287,0.9307218628,0.1426181369,0.1148092455,345.5570722811,742.7688870278,5.0
3244,0.0,-731.629272,-1140.149048,-64.511581,-0.3291853965,0.9329152868,0.1459658946,0.1138969608,345.1748442055,744.7325949529,5.0
3245,0.0,-733.57489,-1141.207031,-61.580521,-0.3241217772,0.9340846919,0.1497693622,0.114560007,347.0532189511,746.7465135447,5.0
3246,0.0,-735.557617,-1142.277344,-58.836727,-0.3130015913,0.9369057212,0.1556845318,0.1135074157,346.5375759115,748.8772958588,5.0
3247,0.0,-737.203064,-1143.150146,-56.762779,-0.300173578,0.9397123812,0.1638183861,0.1123793249,345.7251830874,750.6378218456,5.0
3248,0.0,-739.121033,-1144.180664,-54.455486,-0.2766248847,0.9444022909,0.1777160268,0.1078949127,339.9463469844,752.3800443321,5.0
3249,0.0,-741.121155,-1145.10791,-52.765823,-0.2550568155,0.9483114909,0.1888156165,0.1046097839,335.7271978517,753.9647744849,5.0
3250,0.0,-744.605896,-1147.056763,-49.122883,-0.1989578272,0.9567253814,0.2123495412,0.0947715528,321.6798853361,757.0270157007,5.0
3251,0.0,-745.662262,-1147.5437625,-48.38459,-0.1843451552,0.9582884826,0.2178392469,0.0927187773,318.6436396124,757.7883080056,5.0
3252,0.0,-748.480347,-1148.823486,-46.726089,-0.157433943,0.9606999672,0.2286266097,0.089760533,314.6444308189,759.8597335036,5.0
3253,0.0,-749.5540775,-1149.306091,-46.363117,-0.1520589855,0.9611391335,0.230342363,0.0892528995,314.1062831317,760.6186171417,5.0
3254,0.0,-752.443909,-1150.595337,-45.601227,-0.1352651886,0.9619765969,0.2372853886,0.0880858454,312.9697845665,762.6322265712,5.0
3255,0.0,-754.461304,-1151.507324,-45.350548,-0.1234111084,0.9623358643,0.2422382766,0.0872910911,312.1863272717,764.0195598046,5.0
3256,0.0,-756.202515,-1152.297485,-45.316307,-0.1165579751,0.9625479318,0.2447768729,0.0867982055,311.8126191462,765.1699821347,5.0
3257,0.0,-758.270325,-1153.235962,-45.467979,-0.1147413135,0.9624573029,0.2459885588,0.0869915542,312.6933374988,766.516731704,5.0
3258,0.0,-760.33075,-1154.16687,-45.832512,-0.1146807023,0.9624493403,0.2460479709,0.0870973964,313.4171576761,767.8453388567,5.0
3259,0.0,-762.420837,-1153.488281,-47.702175,-0.1146807023,0.9624493403,0.2460479709,0.0867204423,312.5886032962,767.402451633,5.0
3260,0.0,-764.820129,-1153.083374,-51.488998,-0.1138273739,0.962550635,0.2460479709,0.0853524384,310.1113038455,767.1233623586,5.0
3261,0.0,-767.142212,-1153.503418,-55.120556,-0.1128080278,0.9624327887,0.2469766712,0.0842613263,308.4381218452,767.6898016732,5.0
3262,0.0,-769.217834,-1153.957031,-58.327023,-0.1110646022,0.9624132052,0.247841636,0.0831466447,306.732932183,768.3225809821,5.0
3263,0.0,-771.260925,-1154.524414,-61.650314,-0.1093254301,0.9623898302,0.2487041718,0.0819563019,304.9115833564,769.0480895179,5.0
3264,0.0,-772.770447,-1155.891357,-63.346127,-0.1074011758,0.9625727287,0.248834743,0.0809334135,303.7054921342,770.6260663227,5.0
3265,0.0,-774.456055,-1157.552979,-62.621197,-0.1072167259,0.9625932912,0.248834743,0.0812018552,305.0756514891,772.8761870292,5.0
3266,0.0,-776.036499,-1158.607056,-62.26263,-0.1063856706,0.9624750114,0.2496476345,0.0815960529,306.3275712719,774.2504785013,5.0
3267,0.0,-777.969971,-1160.019043,-61.689758,-0.0955492799,0.9633484512,0.250659324,0.079834928,303.8645530405,776.0939345145,5.0
3268,0.0,-779.715393,-1161.411987,-61.107224,-0.0692632763,0.9655860347,0.2506914602,0.0745323376,294.6732215762,777.8577539792,5.0
3269,0.0,-781.327332,-1162.835327,-60.645855,-0.0164620358,0.9679270598,0.2506914602,0.0653892578,277.2716233992,779.5705490025,5.0
3270,0.0,-783.128174,-1164.445801,-60.165977,0.0316876569,0.9675482852,0.2506914602,0.0594433088,265.4342805679,781.5240652325,5.0
3271,0.0,-784.573792,-1165.797729,-59.853722,0.0887371389,0.9646492677,0.2481481625,0.0543554034,254.686869295,783.1653008693,5.0
3272,0.0,-786.259277,-1167.2677,-59.397346,0.1500347069,0.9582567597,0.2433794759,0.0518775529,249.5417126679,784.955949271,5.0
3273,0.0,-788.042664,-1168.715576,-58.941338,0.1825530287,0.9533087444,0.2405760367,0.0520492854,250.5269584197,786.7886707038,5.0
3274,0.0,-789.75415,-1170.093262,-58.583214,0.212144388,0.9486274185,0.2347355522,0.0520094906,250.9642908285,788.4555467047,5.0
3275,0.0,-791.89032,-1171.731689,-58.144821,0.2370793639,0.9444413002,0.2276488648,0.0515904839,250.6045238427,790.4310366763,5.0
3276,0.0,-793.635132,-1173.076294,-57.897503,0.2591987795,0.9403773422,0.2202417921,0.0517684377,251.6501946879,792.3999763723,5.0
3277,0.0,-795.943054,-1174.735474,-57.498104,0.2822363173,0.9358577257,0.2109809908,0.0519881219,252.9628777031,794.893468627,5.0
3278,0.0,-798.226624,-1176.304565,-57.184006,0.2973035364,0.9333428018,0.2012009482,0.0508522914,251.0284472732,797.3432104611,5.0
3279,0.0,-800.270508,-1177.735596,-56.974457,0.3028362649,0.9332204918,0.1933641909,0.0488932668,246.9712912785,799.6159177962,5.0
3280,0.0,-802.473999,-1179.165161,-56.817753,0.2997373706,0.9357290726,0.1859263602,0.0455814961,239.3693390567,801.9835309571,5.0
3281,0.0,-804.971863,-1180.676147,-56.715607,0.2840084495,0.9423670756,0.1768714094,0.039917333,225.0438797055,804.5429876444,5.0
3282,0.0,-807.057251,-1181.946655,-56.679359,0.2757196621,0.9456457186,0.1724321396,0.0369484906,217.2847183726,806.7983192936,5.0
3283,0.0,-808.385071,-1183.260376,-56.507431,0.2747362679,0.9460275679,0.1719064393,0.0360752388,215.3534493698,809.0675860474,5.0
3284,0.0,-808.492249,-1184.490479,-56.313461,0.2747362679,0.9460275679,0.1719064393,0.0357337111,214.8147397053,810.8207138825,5.0
3285,0.0,-808.667114,-1186.932495,-56.493858,0.2747362679,0.9460275679,0.1719064393,0.0352614601,214.2099120308,813.8362589894,5.0
3286,0.0,-808.752014,-1189.773071,-56.780716,0.2747362679,0.9460275679,0.1719064393,0.0348090837,213.7554823263,817.2757117634,5.0
3287,0.0,-808.583191,-1192.083252,-57.401402,0.2747362679,0.9460275679,0.1719064393,0.0345303102,213.7519716324,820.4964640786,5.0
3288,0.0,-807.559509,-1195.534668,-57.413391,0.2747362679,0.9460275679,0.1719064393,0.0347420554,215.5488953512,824.9132258801,5.0
3289,0.0,-807.2206725,-1196.628296,-57.3007165,0.2747362679,0.9460275679,0.1719064393,0.0347990219,216.0724527253,826.2509709046,5.0
3290,0.0,-806.881836,-1197.721924,-57.188042,0.2747362679,0.9460275679,0.1719064393,0.0348559883,216.5960100995,827.5887159291,5.0
3291,0.0,-804.580811,-1202.529785,-57.270691,0.2747362679,0.9460275679,0.1719064393,0.0351746516,219.0917638742,833.391704504,5.0
3292,0.0,-803.8503115,-1203.952942,-57.3840255,0.2747362679,0.9460275679,0.1719064393,0.0352199825,219.6797079996,835.0989556641,5.0
3293,0.0,-803.119812,-1205.376099,-57.49736,0.2747362679,0.9460275679,0.1719064393,0.0352653133,220.2676521251,836.8062068242,5.0
3294,0.0,-800.957947,-1210.536011,-58.600258,0.2769051397,0.9440667525,0.1790572825,0.0372084293,227.8517359016,843.1300742108,5.0
3295,0.0,-800.221558,-1213.144043,-59.76889,0.2785623612,0.9424292806,0.1850136805,0.0386465516,233.0610440179,846.5183598458,5.0
3296,0.0,-799.611938,-1215.31665,-60.95533,0.2809643498,0.9415305749,0.1859548617,0.0389440923,234.7269781367,849.3706054823,5.0
3297,0.0,-798.935242,-1217.821655,-62.490021,0.2752935592,0.9431844702,0.1860551302,0.0377331602,232.0283071881,852.7080230738,5.0
3298,0.0,-798.478455,-1219.772949,-64.013412,0.2657532258,0.9459168629,0.1860551302,0.0359689627,227.3621455396,855.4212381714,5.0
3299,0.0,-797.806152,-1222.31897,-66.101479,0.2581242912,0.9482003423,0.185170087,0.0342004451,222.7122091687,858.9315013777,5.0
3300,0.0,-797.179749,-1224.622192,-68.222336,0.2568906716,0.9485464379,0.1851130409,0.0334664976,221.1764831378,862.1506131607,5.0
3301,0.0,-796.61908,-1226.732788,-70.307098,0.2568325605,0.9485621673,0.1851130752,0.032947609,220.2102963628,865.0031842901,5.0
3302,0.0,-796.013794,-1229.110352,-72.854408,0.2568325605,0.9485621673,0.1851130752,0.0323306323,218.9758831492,868.1866925907,5.0
3303,0.0,-795.404968,-1229.377075,-75.641556,0.2568325605,0.9485621673,0.1851130752,0.0316565938,216.9756966066,869.2177060877,5.0
3304,0.0,-794.870789,-1229.48291,-78.228996,0.2568325605,0.9485621673,0.1851130752,0.0310269762,214.9555496265,869.6791392119,5.0
3305,0.0,-794.269897,-1229.587524,-81.358185,0.2568325605,0.9485621673,0.1851130752,0.030241941,212.3816811831,870.173353263,5.0
3306,0.0,-793.635376,-1229.640503,-84.84359,0.2568325605,0.9485621673,0.1851130752,0.0293580932,209.4336013016,870.7201232523,5.0
3307,0.0,-792.877563,-1228.565308,-89.431671,0.2568325605,0.9485621673,0.1851130752,0.0282534257,205.3693469692,870.1107181786,5.0
3308,0.0,-792.249573,-1228.012695,-94.092712,0.2568325605,0.9485621673,0.1851130752,0.027128821,201.2724784906,870.0006370122,5.0
3309,0.0,-791.648987,-1227.514771,-98.781982,0.2568325605,0.9485621673,0.1851130752,0.0259519049,196.9205033715,870.0164254113,5.0
3310,0.0,-791.156921,-1227.149414,-102.809143,0.2568325605,0.9485621673,0.1851130752,0.0249128016,193.0756067867,870.4082249579,5.0
3311,0.0,-790.59137,-1226.722778,-106.138763,0.2568325605,0.9485621673,0.1851130752,0.0240308843,189.710906895,870.5973634976,5.0
3312,0.0,-790.277466,-1226.654785,-106.059952,0.2568325605,0.9485621673,0.1851130752,0.0238537845,189.1377462047,871.1441532495,5.0
3313,0.0,-789.595398,-1226.811035,-105.649368,0.2568325605,0.9485621673,0.1851130752,0.023796422,189.1082943388,872.0450198667,5.0
3314,0.0,-788.69458,-1226.991211,-105.452957,0.2568325605,0.9485621673,0.1851130752,0.0237164047,188.9961888256,872.9793840762,5.0
3315,0.0,-787.314087,-1226.853149,-105.672333,0.2568325605,0.9485621673,0.1851130752,0.0235836212,188.5957365003,873.5492660202,5.0
3316,0.0,-785.84552,-1227.027832,-105.803314,0.2568325605,0.9485621673,0.1851130752,0.0235132463,188.4784304016,874.2958276724,5.0
3317,0.0,-784.255188,-1227.0271,-105.846077,0.2536445779,0.9495781932,0.1842978108,0.0229038094,186.1772439942,874.9008467474,5.0
3318,0.0,-782.546692,-1227.162476,-105.814285,0.2427259934,0.9530964641,0.1808071409,0.0209954132,178.4811074945,875.6017851073,5.0
3319,0.0,-780.664124,-1227.30188,-106.023445,0.2287017356,0.9572974273,0.1768534754,0.0188470187,169.3307342616,876.305333434,5.0
3320,0.0,-778.95697,-1227.265625,-106.153961,0.2200529669,0.9598107816,0.1741836828,0.0175748717,163.5795960306,876.3642488757,5.0
3321,0.0,-776.915894,-1227.150513,-106.24456,0.2171736997,0.960536759,0.1737950484,0.0172055859,161.9444411545,876.7837037921,5.0
3322,0.0,-774.375366,-1227.348389,-106.266174,0.2169643224,0.9605840744,0.1737950484,0.0172027312,162.0561957452,877.4609169201,5.0
3323,0.0,-772.238342,-1227.458496,-106.24086,0.2169643224,0.9605840744,0.1737950484,0.0172286776,162.261641022,877.9172406042,5.0
3324,0.0,-769.446838,-1227.514771,-106.144371,0.2169643224,0.9605840744,0.1737950484,0.0172635713,162.5066958089,878.3618121702,5.0
3325,0.0,-766.879578,-1227.657471,-105.957253,0.2169643224,0.9605840744,0.1737950484,0.0173283985,162.919476413,878.9585578857,5.0
3326,0.0,-764.147888,-1227.647339,-105.816902,0.2169643224,0.9605840744,0.1737950484,0.0173350841,163.0154026872,879.3079573927,5.0
3327,0.0,-761.205322,-1227.727661,-105.649933,0.2169643224,0.9605840744,0.1737950484,0.0173586644,163.2307003111,879.8762855894,5.0
3328,0.0,-758.772217,-1227.753784,-105.558105,0.2169643224,0.9605840744,0.1737950484,0.01736927,163.3518145283,880.2626255769,5.0
3329,0.0,-755.722778,-1227.760742,-105.415169,0.2230391321,0.9593517271,0.1729098297,0.0177502643,165.1955884052,880.6773939754,5.0
3330,0.0,-752.996643,-1227.765137,-105.358322,0.2461975536,0.9535349883,0.1736599859,0.0202278183,176.301274803,880.9947527317,5.0
3331,0.0,-746.801941,-1227.677002,-105.462212,0.357037505,0.917445529,0.1755503387,0.0402704968,247.5731550587,881.2760992823,5.0
3332,0.0,-743.611755,-1227.809937,-105.541504,0.4675239533,0.8663468336,0.1756830012,0.0754272455,335.8258999305,881.4199911932,5.0
3333,0.0,-739.854858,-1228.281494,-105.689026,0.6861829879,0.7034095632,0.1853857965,,,,
3334,0.0,-735.2853695,-1230.2423095,-104.9938735,0.7865218546,0.5575538141,0.1975532392,,,,
3335,0.0,-727.578064,-1235.117676,-104.298721,0.9640024386,0.1469740379,0.2215805283,,,,
3336,0.0,-725.235229,-1238.896118,-104.298721,0.9541755151,-0.2039615426,0.2189720887,,,,
3337,0.0,-724.000183,-1241.000732,-104.298721,0.8906668039,-0.4032147195,0.2100726883,,,,
3338,0.0,-722.649963,-1242.409546,-104.298721,0.8202675008,-0.5391835494,0.1908987353,,,,
3339,0.0,-720.755798,-1242.819702,-104.298721,0.7969078449,-0.5770744827,0.1786698858,,,,
3754,0.0,551.728333,831.633545,-72.298721,-0.8625153875,-0.5000337485,0.0776753289,,,,
3755,0.0,551.728333,831.633545,-72.298721,-0.8625153875,-0.5000337485,0.0776753289,,,,
3756,0.0,551.610962,831.897583,-72.298721,-0.8625153875,-0.5000337485,0.0776753289,,,,
3757,0.0,551.24585,832.719116,-72.298721,-0.8625153875,-0.5000337485,0.0776753289,,,,
3758,0.0,551.010193,833.249329,-72.298721,-0.8625153875,-0.5000337485,0.0776753289,,,,
3759,0.0,550.089294,834.793762,-72.298721,-0.8625153875,-0.5000337485,0.0776753289,,,,
3760,0.0,549.003906,836.251648,-72.298721,-0.8625153875,-0.5000337485,0.0776753289,,,,
3761,0.0,547.772156,837.640747,-72.298721,-0.8625153875,-0.5000337485,0.0776753289,,,,
3762,0.0,546.281677,839.090759,-72.298721,-0.8625153875,-0.5000337485,0.0776753289,,,,
3763,0.0,544.717957,840.257935,-72.298721,-0.8625153875,-0.5000337485,0.0776753289,,,,
3764,0.0,543.147095,841.142517,-72.298721,-0.8625153875,-0.5000337485,0.0776753289,,,,
3765,0.0,541.32135,841.899719,-72.298721,-0.8625153875,-0.5000337485,0.0776753289,,,,
3766,0.0,539.052124,842.640198,-72.298721,-0.8701857758,-0.4861065068,0.0804809277,,,,
3767,0.0,537.032288,843.021301,-72.298721,-0.8712788151,-0.4841344133,0.0805425118,,,,
3768,0.0,535.516541,842.773804,-72.298759,-0.8367726668,-0.5409177373,0.084967674,,,,
3769,0.0,534.260803,842.248596,-72.298897,-0.7678061811,-0.6338748816,0.0931466735,,,,
3770,0.0,533.2099,841.690186,-72.298759,-0.6555210617,-0.7484598666,0.1004985862,,,,
3771,0.0,531.89032,841.269165,-72.298851,-0.5889427436,-0.8012242522,0.1057645616,,,,
3772,0.0,530.526062,840.77832,-72.298904,-0.5220969368,-0.8457321665,0.1102356165,,,,
3773,0.0,528.739197,840.02002,-72.298782,-0.453376773,-0.883800097,0.1155287419,,,,
3774,0.0,527.155823,839.188477,-72.298759,-0.4074977907,-0.9056160838,0.1174949332,,,,
3775,0.0,525.674927,838.290283,-72.298798,-0.3503414889,-0.9289977942,0.1192641587,,,,
3776,0.0,523.972961,837.155457,-72.298752,-0.2582041385,-0.9584261532,0.1214492969,,,,
3777,0.0,522.490845,835.422424,-72.298782,-0.1619896084,-0.9790629042,0.1232687976,,,,
3804,0.0,462.967987,782.811157,-72.298676,0.2815640044,-0.951811345,0.1215601704,,,,
3805,0.0,460.23938,780.681458,-72.298683,0.2823054728,-0.9516214158,0.1213272477,,,,
3806,0.0,457.448395,778.496216,-72.298691,0.2830957385,-0.9514182477,0.1210789859,,,,
3807,0.0,455.120941,776.666138,-72.298706,0.2837872254,-0.9512398461,0.1208617636,,,,
3808,0.0,452.936188,774.940979,-72.298714,0.284471424,-0.9510627603,0.1206467358,,,,
3809,0.0,449.961273,773.166992,-72.298744,0.3415851572,-0.9318506133,0.1223683574,,,,
3810,0.0,448.078247,772.165039,-72.298775,0.4085964175,-0.9042310458,0.1241578969,,,,
3811,0.0,446.414032,770.39856,-72.298759,0.5157731647,-0.8473795843,0.1261977918,,,,
3812,0.0,445.261871,768.766418,-72.298729,0.5953046558,-0.7933631798,0.1272290519,,,,
3813,0.0,444.744598,767.508911,-72.298798,0.6855257655,-0.7165343407,0.128968847,,,,
3814,0.0,444.187378,766.497314,-72.29882,0.7456469688,-0.6532154547,0.1316061077,,,,
3815,0.0,443.521759,765.60553,-72.298729,0.7934789425,-0.5936865642,0.1338933576,,,,
3816,0.0,443.355194,764.858643,-72.298691,0.8121544083,-0.5682458693,0.1322945539,,,,
3817,0.0,443.532043,763.868164,-72.298714,0.8178827793,-0.5614572607,0.125831251,,,,
3818,0.0,444.010468,763.027405,-72.298744,0.8151238379,-0.5675703346,0.1159182652,,,,
3819,0.0,444.731812,762.322754,-72.298721,0.8151265303,-0.5684833506,0.1113347193,,,,
3820,0.0,445.527954,761.830322,-72.298721,0.8151500105,-0.5684995569,0.1110797646,,,,
3821,0.0,446.739655,761.319031,-72.298721,0.8151500105,-0.5684995569,0.1110797646,,,,
3822,0.0,448.036499,760.952026,-72.298721,0.8151500105,-0.5684995569,0.1110797646,,,,
3823,0.0,449.334442,760.695862,-72.298721,0.8151500105,-0.5684995569,0.1110797646,,,,
3824,0.0,450.954742,760.470947,-72.298721,0.8151500105,-0.5684995569,0.1110797646,,,,
3825,0.0,452.940002,760.29425,-72.298721,0.8151500105,-0.5684995569,0.1110797646,,,,
3826,0.0,454.807617,760.203857,-72.298721,0.8151500105,-0.5684995569,0.1110797646,,,,
4050,0.0,336.985413,287.058197,-198.455475,0.0057405353,-0.9979211019,-0.0641912813,,,,
4051,0.0,336.949371,286.974548,-198.455475,0.0057405353,-0.9979211019,-0.0641912813,0.0483441636,727.8669207936,2369.6179971789,4.0
4052,0.0,336.720337,286.906952,-198.455475,0.0057405353,-0.9979211019,-0.0641912813,0.0483153122,727.6139214218,2369.4839827344,4.0
4053,0.0,336.430359,286.829681,-198.455475,0.0057405353,-0.9979211019,-0.0641912813,0.0482935488,727.4084792047,2369.3354390279,4.0
4054,0.0,336.162842,286.766296,-198.455475,0.0057405353,-0.9979211019,-0.0641912813,0.0482657902,727.1628579646,2369.199543574,4.0
4055,0.0,336.001801,283.98761,-198.310333,0.0073525061,-0.9979105226,-0.064191351,0.0486355735,728.3025482347,2364.0987692344,4.0
4056,0.0,335.831573,280.755371,-198.279541,0.0076540084,-0.9979082601,-0.0641912813,0.0485839289,726.2779380698,2358.7482837865,4.0
4057,0.0,335.663239,277.405609,-198.284637,0.0076540084,-0.9979082601,-0.0641912813,0.0484537647,723.6082427641,2353.1538363906,4.0
4058,0.0,335.501251,274.125885,-194.616272,0.0076540084,-0.9979082601,-0.0641912813,0.0481657679,719.7592784042,2347.4511448392,4.0
4059,0.0,335.332336,270.743622,-190.034454,0.0076540084,-0.9979082601,-0.0641912813,0.0479063373,715.5853709621,2339.9934606693,4.0
4060,0.0,335.167908,267.483978,-185.918396,0.0068420976,-0.9980680423,-0.0617524789,0.0471504626,707.908620854,2332.9199155815,4.0
4061,0.0,334.982056,263.811646,-181.503326,0.0011622481,-0.9985436904,-0.0539365148,0.0445112505,685.9578966052,2325.0639436236,4.0
4062,0.0,334.808838,260.44046,-177.666779,-0.0066107585,-0.9989583035,-0.0451509212,0.0413142372,659.3607065539,2317.8792624279,4.0
4063,0.0,334.531494,257.104889,-174.088226,-0.0211193393,-0.9992747363,-0.0316855639,0.0361779278,616.0301649724,2311.1549649279,4.0
4064,0.0,334.233276,253.791534,-170.729462,-0.0326586376,-0.9992821668,-0.0191980357,0.0323826404,581.7658652919,2304.7391764223,4.0
4065,0.0,333.984131,251.268692,-168.31189,-0.0436248212,-0.9990078303,-0.0089571194,0.0291935449,551.6441130717,2299.8186048003,4.0
4066,0.0,333.701752,247.982529,-165.314331,-0.0535870211,-0.9985620371,0.0015130254,0.0264228324,523.7275244655,2293.4467348818,4.0
4067,0.0,333.40979,244.587891,-162.418243,-0.0639706171,-0.997877804,0.0121510672,0.0237666452,495.6175184412,2286.8811497595,4.0
4068,0.0,333.141815,241.275131,-159.78833,-0.0722761165,-0.9971896696,0.0197212038,0.0218078273,473.6423071374,2280.3948356428,4.0
4069,0.0,332.917572,238.032196,-157.403015,-0.0768251742,-0.9967712914,0.0233427754,0.0207249526,460.6370102391,2274.3588083853,4.0
4070,0.0,332.675232,234.142593,-154.784729,-0.0795019677,-0.9965238165,0.0248941833,0.0200034521,451.2885224469,2267.6164352452,4.0
4071,0.0,332.503387,231.198273,-152.994873,-0.0803873815,-0.9964309223,0.0257543372,0.0197229954,447.0655966858,2262.1523041379,4.0
4072,0.0,332.304626,227.957184,-151.200165,-0.0813296199,-0.9963295248,0.0267015156,0.0194179093,442.43903368,2256.0866570756,4.0
4073,0.0,332.065918,224.208725,-149.352753,-0.0824189774,-0.9962100239,0.0277974893,0.0190584319,437.0090039003,2249.1114163179,4.0
4074,0.0,331.867401,220.951309,-147.962158,-0.082421754,-0.996209729,0.0277998271,0.0189202735,434.2779720032,2243.123159562,4.0
4075,0.0,331.661713,217.721268,-146.773865,-0.0833535271,-0.9961056008,0.0287371131,0.0186055371,429.5558359089,2237.2424201862,4.0
4076,0.0,331.500031,215.045151,-145.939484,-0.0833745649,-0.9961032324,0.0287581705,0.0184765932,427.1503052021,2232.3905172222,4.0
4077,0.0,331.288239,211.540573,-145.033112,-0.0833745649,-0.9961032324,0.0287581705,0.0183143667,424.0959205641,2226.1312281416,4.0
4078,0.0,331.075348,208.037598,-144.348511,-0.0833745649,-0.9961032324,0.0287581705,0.0181409564,420.9211303148,2219.9043215181,4.0
4079,0.0,330.870026,204.679932,-143.903595,-0.0833745649,-0.9961032324,0.0287581705,0.0179691094,417.8244971207,2213.9887657491,4.0
4080,0.0,330.664368,201.339767,-143.665314,-0.0833745649,-0.9961032324,0.0287581705,0.0177930381,414.694788101,2208.1523001842,4.0
4081,0.0,330.295319,195.426422,-143.75531,-0.0833745649,-0.9961032324,0.0287581705,0.0174680054,409.0178177456,2197.9128408251,4.0
4082,0.0,330.083008,192.070419,-144.08667,-0.0833745649,-0.9961032324,0.0287581705,0.0172732822,405.6815759397,2192.1305845803,4.0
4083,0.0,329.973938,190.355095,-144.362488,-0.0833745649,-0.9961032324,0.0287581705,0.0171720208,403.958844626,2189.1933318154,4.0
4084,0.0,329.864868,188.639771,-144.638306,-0.0833745649,-0.9961032324,0.0287581705,0.0170707594,402.2361133122,2186.2560790505,4.0
4085,0.0,329.651184,185.290482,-145.385742,-0.0833745649,-0.9961032324,0.0287581705,0.0168702669,398.845819571,2180.562330256,4.0
4086,0.0,329.258392,179.234116,-147.267181,-0.0833745649,-0.9961032324,0.0287581705,0.0164799428,392.4237072663,2170.4964906526,4.0
4087,0.0,329.034821,175.83049,-148.620911,-0.0833745649,-0.9961032324,0.0287581705,0.0162418367,388.6278998454,2165.0704995116,4.0
4088,0.0,328.813324,172.47673,-150.164398,-0.0833745649,-0.9961032324,0.0287581705,0.0160250162,385.088367131,2159.698196231,4.0
4089,0.0,328.588013,169.08226,-151.938477,-0.0833745649,-0.9961032324,0.0287581705,0.0157717378,381.1398463068,2154.5112416573,4.0
4090,0.0,328.374786,165.897934,-153.799652,-0.0833745649,-0.9961032324,0.0287581705,0.0155551764,377.6443946532,2149.4436235458,4.0
4091,0.0,328.143524,162.436508,-156.033447,-0.0833745649,-0.9961032324,0.0287581705,0.0153228177,373.8704043932,2143.9113939036,4.0
4092,0.0,327.968933,159.822769,-157.874176,-0.0833745649,-0.9961032324,0.0287581705,0.0151519301,371.0693197851,2139.7224081471,4.0
4093,0.0,327.734894,156.295029,-160.556244,-0.0833745649,-0.9961032324,0.0287581705,0.0149216881,367.2896808903,2134.0811331487,4.0
4094,0.0,327.517487,153.02594,-163.249542,-0.0833745649,-0.9961032324,0.0287581705,0.0147141561,363.8487227371,2128.8332839361,4.0
4104,0.0,329.755981,126.051491,-171.992477,-0.0541957059,-0.9984280329,-0.014292957,0.019234782,406.3151531671,2081.6268679171,4.0
4105,0.0,330.435669,122.665131,-171.63385,-0.050108347,-0.9985416689,-0.0200920127,0.0202003888,415.1541199191,2075.9594702149,4.0
4106,0.0,331.078186,119.459,-171.313095,-0.0460309928,-0.9986048951,-0.02587298,0.021198266,424.0295893154,2070.3551636612,4.0
4107,0.0,331.649536,116.59877,-171.062561,-0.0420075963,-0.9986183055,-0.0315728023,0.0222419766,433.1148412966,2065.0463233467,4.0
4108,0.0,332.830627,113.51931,-169.684265,-0.0412879089,-0.9986155988,-0.0325913231,0.0224033484,433.4437562294,2059.2421835926,4.0
4109,0.0,334.017914,111.526932,-168.136841,-0.0412879089,-0.9986155988,-0.0325913231,0.0223286677,431.7212852403,2054.44726023,4.0
4110,0.0,335.563446,108.696785,-166.358643,-0.0412879089,-0.9986155988,-0.0325913231,0.0223013945,430.1524575093,2048.2187831251,4.0
4111,0.0,336.770111,106.616943,-166.253387,-0.0412879089,-0.9986155988,-0.0325913231,0.022329638,429.4612744978,2043.648565203,4.0
4112,0.0,338.594391,103.618317,-166.304871,-0.0412879089,-0.9986155988,-0.0325913231,0.0224032145,428.7414864417,2036.9082498074,4.0
4113,0.0,340.187469,101.12838,-166.304871,-0.0412879089,-0.9986155988,-0.0325913231,0.0224678536,428.1836341107,2031.3627994425,4.0
4114,0.0,341.724731,98.81633,-166.037415,-0.0412879089,-0.9986155988,-0.0325913231,0.0225245685,427.6322332245,2026.2202204445,4.0
4115,0.0,343.456543,96.294502,-165.349945,-0.0412879089,-0.9986155988,-0.0325913231,0.0225752733,426.959628468,2020.7859944518,4.0
4116,0.0,345.163055,93.885345,-164.659943,-0.0412879089,-0.9986155988,-0.0325913231,0.0226293539,426.380169594,2015.6581526981,4.0
4117,0.0,346.88855,91.513168,-163.981842,-0.0412879089,-0.9986155988,-0.0325913231,0.0226941316,425.8797540505,2010.4500281927,4.0
4118,0.0,348.984894,88.703407,-163.177856,-0.0412879089,-0.9986155988,-0.0325913231,0.0227825853,425.39847529,2004.3207044534,4.0
4119,0.0,350.670319,86.497963,-162.546509,-0.0412879089,-0.9986155988,-0.0325913231,0.0228524268,425.0933792783,1999.8555821271,4.0
4120,0.0,352.282501,84.18428,-161.89537,-0.0586984157,-0.9980809802,-0.0197193541,0.0188223425,385.1549806657,1994.5134596318,4.0
4121,0.0,354.017242,81.199364,-161.070541,-0.1165857796,-0.9931702736,-0.0045347164,0.0090382576,266.7262477368,1988.3459092484,4.0
4122,0.0,355.568176,78.692841,-160.366425,-0.1564676704,-0.9876655958,0.0058769959,0.004337846,184.5739042744,1983.7627115152,4.0
4123,0.0,357.027161,76.299965,-159.654083,-0.1958769377,-0.9804603208,0.0181599729,0.0013244669,101.8470171682,1979.505014393,4.0
4124,0.0,358.520935,73.554207,-158.807144,-0.2583156226,-0.9655408247,0.0316852499,0.0001045054,28.5443887424,1974.4569674058,4.0
4125,0.0,360.882202,68.790939,-157.281204,-0.3857038809,-0.9214317696,0.0468616074,0.0112339522,293.7179604567,1965.0444063027,4.0
4126,0.0,362.413116,66.007599,-156.402985,-0.4569524064,-0.8878397707,0.0541760073,0.0091083956,227.0802224881,1686.2989192046,5.0
4127,0.0,363.82608,63.619888,-155.689117,-0.4932456727,-0.8680232061,0.0569598096,0.0045461946,160.3703116318,1683.7558653904,5.0
4128,0.0,365.542389,60.53759,-154.775757,-0.5287921891,-0.846551379,0.0610703154,0.0017340583,98.914882552,1680.3631331826,5.0
4129,0.0,366.865295,57.996857,-154.030151,-0.5409437093,-0.8387609911,0.062128119,0.0011600593,80.7775908211,1677.4971462035,5.0
4130,0.0,368.425415,54.818268,-153.104401,-0.5435986458,-0.8370316642,0.062277648,0.001070523,77.4298284117,1673.8308023169,5.0
4131,0.0,369.668854,52.121006,-152.324951,-0.5435946805,-0.8369689526,0.0631489955,0.0011098558,78.6888894962,1670.6507990651,5.0
4132,0.0,370.865082,49.391182,-151.541046,-0.543591849,-0.8369643371,0.063234485,0.0011312856,79.3006310048,1667.624963309,5.0
4133,0.0,372.183685,46.222809,-150.636169,-0.543591849,-0.8369643371,0.063234485,0.0011358933,79.2659848105,1663.5140167484,5.0
4134,0.0,373.339935,43.297195,-149.805695,-0.543591849,-0.8369643371,0.063234485,0.0011466954,79.4677876318,1659.8797132979,5.0
4135,0.0,374.394501,40.503902,-149.016479,-0.543591849,-0.8369643371,0.063234485,0.0011571378,79.6598590965,1656.3711883354,5.0
4136,0.0,375.455566,37.599232,-148.513885,-0.543591849,-0.8369643371,0.063234485,0.001168634,79.8896743167,1652.9636873808,5.0
4137,0.0,376.655701,34.40313,-148.090729,-0.543591849,-0.8369643371,0.063234485,0.0011652381,79.5683340703,1648.7108017113,5.0
4138,0.0,377.645447,31.641953,-147.727936,-0.5449099351,-0.8361067889,0.063234485,0.0011187192,77.7982127221,1645.1881892908,5.0
4139,0.0,378.777039,28.356335,-147.294891,-0.5473491762,-0.8345120006,0.063234485,0.0010412475,74.8711073505,1641.1011391438,5.0
4140,0.0,379.887909,25.007563,-146.853302,-0.5499999491,-0.8328386117,0.0622888661,0.0008819064,68.7550277796,1637.4723710763,5.0
4141,0.0,380.736145,22.396725,-146.437256,-0.5507487533,-0.8324624188,0.0606805746,0.000756909,63.566096311,1634.0709461772,5.0
4142,0.0,381.793701,19.12981,-145.928558,-0.5488519967,-0.8339174168,0.0578206509,0.0006529556,58.8994581169,1630.1418364234,5.0
4143,0.0,382.716156,16.203909,-145.47702,-0.5473395835,-0.8350935012,0.0551200916,0.0006245941,57.4912121801,1626.8794255806,5.0
4144,0.0,383.801727,12.805107,-144.956909,-0.5413559346,-0.8392897572,0.0502638586,0.0007370477,62.3239139729,1623.5734974356,5.0
4145,0.0,384.883087,9.455329,-144.447815,-0.5323221794,-0.8454806566,0.0423740086,0.0010144523,72.9404228565,1619.748699739,5.0
4146,0.0,385.651428,6.85297,-144.010345,-0.5320916419,-0.8456358617,0.0421719581,0.0010299221,73.3559201045,1616.7014450358,5.0
4147,0.0,386.545319,3.780517,-142.616425,-0.5320916419,-0.8456358617,0.0421719581,0.0010493776,73.8998021886,1613.527376743,5.0
4148,0.0,387.507141,0.431186,-140.782928,-0.5320916419,-0.8456358617,0.0421719581,0.0010798382,74.8364514181,1610.7796123733,5.0
4149,0.0,388.432739,-2.831467,-139.031799,-0.5320916419,-0.8456358617,0.0421719581,0.0010928408,75.1652891477,1608.2092831075,5.0
4150,0.0,389.280548,-5.851688,-138.862915,-0.5320916419,-0.8456358617,0.0421719581,0.0011019776,75.3699382061,1605.8924515775,5.0
4151,0.0,390.140503,-8.946623,-138.886963,-0.5320916419,-0.8456358617,0.0421719581,0.0011115035,75.6073184738,1604.036062265,5.0
4152,0.0,391.068268,-12.316508,-138.897919,-0.5320916419,-0.8456358617,0.0421719581,0.0011212448,75.8654439666,1602.5092991651,5.0
4153,0.0,391.93222,-15.481464,-138.188812,-0.5320916419,-0.8456358617,0.0421719581,0.0011394944,76.4256221162,1601.3698306459,5.0
4154,0.0,392.640198,-18.093912,-137.461365,-0.5320916419,-0.8456358617,0.0421719581,0.0011624665,77.1559208,1600.6275400841,5.0
4155,0.0,392.851196,-21.21032,-136.580261,-0.5320916419,-0.8456358617,0.0421719581,0.0011610584,77.0589772311,1599.584954043,5.0
4156,0.0,392.875153,-24.873577,-135.549194,-0.5321125803,-0.8456691384,0.0412299688,0.0011539229,76.7401051659,1597.8805803358,5.0
4157,0.0,392.923004,-27.500307,-134.810516,-0.5306596727,-0.8462979712,0.0466910661,0.0013326251,82.4260063897,1597.129013264,5.0
4158,0.0,392.785187,-31.183149,-133.759644,-0.5484512129,-0.8340030861,0.0603334026,0.0009502297,69.5527288083,1595.8353272826,5.0
4159,0.0,392.57843,-34.202827,-132.888779,-0.5721906918,-0.8176133992,0.0640791832,0.0007697124,62.5823558275,1595.3510292077,5.0
4160,0.0,392.227844,-37.183113,-131.85051,-0.6094355815,-0.7900832366,0.0660056908,0.0021126297,103.5981620364,1594.6113874731,5.0
4161,0.0,391.860565,-40.34079,-130.453033,-0.648009767,-0.7584184307,0.0698915285,0.0060840118,175.5942816034,1594.2701583882,5.0
4162,0.0,391.563141,-42.735355,-129.364471,-0.6792612903,-0.7301850172,0.0737152639,0.0114206737,240.2108390034,1593.9521415133,5.0
4163,0.0,391.194458,-46.208725,-127.783234,-0.7181714457,-0.6914289291,0.0784589739,0.0210451364,325.2230494442,1593.6300132612,5.0
4164,0.0,390.867035,-48.959209,-126.507042,-0.7505222583,-0.6555144569,0.0837683514,0.0320605057,400.2681297537,1593.5289475848,5.0
4165,0.0,390.630829,-51.846405,-125.204437,-0.7721774212,-0.6293349585,0.0876329851,0.0411496713,452.259130302,1592.9550868378,5.0
4166,0.0,390.219635,-57.841534,-122.558998,-0.8005462242,-0.5916507965,0.0952632041,0.0558145613,524.8751369468,1593.3581284456,5.0
4167,0.0,390.146103,-59.7298645,-121.977791,-0.8015433937,-0.5901753213,0.0960080832,0.0563759891,527.3588235035,1593.1584303085,5.0
4168,0.0,389.962006,-64.224411,-120.517067,-0.8025526545,-0.5886794589,0.096776709,0.056908453,529.8071531909,1593.2458521071,5.0
4169,0.0,389.869507,-66.087303,-119.7789535,-0.8025526545,-0.5886794589,0.096776709,0.0568675507,529.6260684168,1593.257311532,5.0
4170,0.0,389.777008,-67.950195,-119.04084,-0.8025526545,-0.5886794589,0.096776709,0.0568266484,529.4449836427,1593.2687709568,5.0
4171,0.0,389.406219,-74.066444,-116.931618,-0.8025526545,-0.5886794589,0.096776709,0.0566846798,528.7746549088,1593.1847631059,5.0
4172,0.0,389.185638,-77.237907,-115.854652,-0.8025526545,-0.5886794589,0.096776709,0.0566179448,528.4634484459,1593.1578571868,5.0
4173,0.0,388.905212,-80.965469,-114.588936,-0.8025526545,-0.5886794589,0.096776709,0.056541389,528.1290092895,1593.1957472937,5.0
4174,0.0,388.647369,-84.15686,-113.505775,-0.8025526545,-0.5886794589,0.096776709,0.0564700988,527.7979841525,1593.1726425116,5.0
4175,0.0,388.355072,-87.588287,-112.341461,-0.8025526545,-0.5886794589,0.096776709,0.0563613466,527.1764357969,1592.7864249771,5.0
4176,0.0,388.095917,-90.486275,-111.358368,-0.8025526545,-0.5886794589,0.096776709,0.056325947,527.1579073545,1593.2163542099,5.0
4177,0.0,387.816925,-93.491203,-110.577271,-0.8025526545,-0.5886794589,0.096776709,0.0562579187,526.9053408142,1593.3876673401,5.0
4178,0.0,387.456543,-97.236343,-109.811066,-0.8025526545,-0.5886794589,0.096776709,0.0561759084,526.647154749,1593.7353657084,5.0
4179,0.0,387.190979,-99.900711,-109.279907,-0.8025526545,-0.5886794589,0.096776709,0.0561218487,526.4959379462,1594.0227721539,5.0
4180,0.0,386.803314,-103.627312,-108.536102,-0.8031046205,-0.5879262146,0.0967767264,0.0563553655,527.7014652329,1594.4548751382,5.0
4181,0.0,386.45343,-106.747894,-107.911354,-0.804582447,-0.5855985252,0.0985974303,0.0572950348,532.0571101106,1594.7636661657,5.0
4182,0.0,386.028076,-109.877861,-106.960434,-0.8106911699,-0.5764670784,0.1023011952,0.0611422586,549.1495686904,1594.9494948648,5.0
4183,0.0,385.557983,-112.905235,-105.301712,-0.8197583995,-0.5628127815,0.106009148,0.0670791699,574.3092501323,1594.9421610261,5.0
4184,0.0,385.028412,-116.183281,-103.450806,-0.8295868294,-0.5476153578,0.1091013858,0.0738581134,601.6324306699,1595.1002969094,5.0
4185,0.0,384.502655,-119.344223,-102.308411,-0.838196258,-0.53354376,0.1129517122,0.0803568999,626.4913674097,1595.1196243913,5.0
4186,0.0,383.99176,-122.120369,-102.2873,-0.8475133448,-0.5180469572,0.1155356244,0.0876539169,653.0809644575,1595.1374679207,5.0
4187,0.0,383.44873,-125.052109,-102.298714,-0.8558492254,-0.5037150474,0.1174446864,0.094545665,676.7521516599,1594.4450710605,5.0
4188,0.0,382.829529,-128.026657,-102.298714,-0.8666839468,-0.4843820006,0.1193021951,0.1042100026,708.9703875199,1595.0646078516,5.0
4189,0.0,382.051575,-131.625717,-102.298721,-0.8785813023,-0.4621152227,0.1206002332,0.1156637042,744.6582782703,1595.0682365174,5.0
4190,0.0,381.513641,-134.007629,-102.298721,-0.8856990185,-0.4481214475,0.1213442083,0.123062459,766.5217674771,1594.9122270668,5.0
4191,0.0,380.637115,-137.611801,-102.298721,-0.89738037,-0.4241851396,0.1215542629,0.1360678854,803.0276236367,1594.5480897456,5.0
4192,0.0,379.961578,-140.258682,-102.298721,-0.9050942637,-0.4074664832,0.1215542629,0.1455207552,828.612591896,1595.0638416778,5.0
4193,0.0,379.150879,-143.445724,-102.298721,-0.9114146184,-0.3928619674,0.1224045259,,,,
4194,0.0,378.333832,-146.679184,-102.298721,-0.9148335146,-0.3848012054,0.1225058073,,,,
4195,0.0,377.597076,-149.55484,-102.298721,-0.9162812468,-0.3813410487,0.1225058419,,,,
4196,0.0,376.818115,-152.561356,-102.298721,-0.9164831194,-0.380855635,0.1225058246,,,,
4197,0.0,375.89212,-156.005127,-102.298721,-0.9164831194,-0.380855635,0.1225058246,,,,
4198,0.0,375.000671,-159.194183,-102.918411,-0.9164831194,-0.380855635,0.1225058246,,,,
4199,0.0,374.125366,-162.176407,-103.633957,-0.9171453674,-0.3792580833,0.1225058419,,,,
4200,0.0,373.220978,-165.084167,-103.671555,-0.9190725236,-0.374563772,0.1225058246,,,,
4201,0.0,372.166534,-168.259079,-103.508453,-0.9229192513,-0.3649827099,0.1225058246,,,,
4202,0.0,371.166656,-171.107925,-103.355186,-0.9273255786,-0.3533523665,0.1233263004,,,,
4203,0.0,370.045258,-174.225189,-103.184418,-0.9318785204,-0.3411168784,0.1234572736,,,,
4204,0.0,369.018097,-176.982224,-103.029129,-0.9360309807,-0.3295516594,0.1234573083,,,,
4205,0.0,367.748016,-180.454498,-102.83197,-0.9386061556,-0.3221440524,0.1234572563,,,,
4206,0.0,366.891388,-182.828003,-102.695938,-0.9389458705,-0.3214346322,0.1227209415,,,,
4207,0.0,365.57312,-186.442947,-102.485809,-0.9389558557,-0.3221802342,0.120672274,,,,
4208,0.0,364.450104,-189.354263,-102.31546,-0.9384967641,-0.324815254,0.1171275996,,,,
4209,0.0,363.181244,-192.539703,-102.127487,-0.9376588297,-0.3286110749,0.1131842773,,,,
4210,0.0,360.921234,-198.042496,-101.793839,-0.9377005642,-0.3298464779,0.1091739568,,,,
4211,0.0,360.147476,-199.8870775,-101.6799775,-0.9377005642,-0.3298464779,0.1091739568,,,,
4212,0.0,358.309448,-204.237076,-101.409775,-0.9377005642,-0.3298464779,0.1091739568,,,,
4213,0.0,356.98056,-207.336853,-101.21489,-0.9377005642,-0.3298464779,0.1091739568,,,,
4214,0.0,355.51947,-210.711044,-101.000931,-0.9377005642,-0.3298464779,0.1091739568,,,,
4215,0.0,354.432281,-213.199631,-100.841934,-0.9377005642,-0.3298464779,0.1091739568,,,,
4216,0.0,352.898132,-216.685318,-100.617828,-0.9377005642,-0.3298464779,0.1091739568,,,,
4217,0.0,351.628052,-219.548523,-100.432526,-0.9377005642,-0.3298464779,0.1091739568,,,,
4218,0.0,350.336304,-222.442383,-100.251572,-0.9377005642,-0.3298464779,0.1091739568,,,,
4219,0.0,349.102112,-225.191757,-100.095337,-0.9377005642,-0.3298464779,0.1091739568,,,,
4220,0.0,347.463989,-228.820526,-99.893295,-0.9377005642,-0.3298464779,0.1091739568,,,,
4221,0.0,346.155151,-231.703247,-99.804916,-0.9377005642,-0.3298464779,0.1091739568,,,,
4222,0.0,344.82486,-234.628448,-99.746567,-0.9374036261,-0.330689403,0.1091739915,,,,
4223,0.0,343.384827,-237.775589,-99.684967,-0.9371863343,-0.3306756158,0.1110648997,,,,
4224,0.0,342.025543,-240.724014,-99.626694,-0.9368882006,-0.3295769821,0.1167026664,,,,
4225,0.0,340.6362,-243.673538,-99.567108,-0.9384141539,-0.3230780112,0.1224723414,,,,
4226,0.0,340.303375,-244.364227,-99.552818,-0.9394217553,-0.320037594,0.1227302084,,,,
4227,0.0,337.985962,-249.187271,-99.453339,-0.9441949884,-0.3053753705,0.1234573083,,,,
4228,0.0,336.720856,-251.834656,-99.399078,-0.9452106183,-0.3019017261,0.1242265461,,,,
4229,0.0,335.197998,-254.987579,-99.419357,-0.9469408939,-0.2963535751,0.1244086092,,,,
4230,0.0,333.922882,-257.582581,-99.511108,-0.9491225574,-0.289290285,0.1244086092,,,,
4231,0.0,332.445648,-260.508667,-99.629555,-0.9530739978,-0.2763450602,0.1236258971,,,,
4232,0.0,330.878052,-263.4841,-99.748001,-0.958333965,-0.2575933094,0.1234572736,,,,
4233,0.0,329.261566,-266.551178,-99.868073,-0.9626592476,-0.240926258,0.1234573256,,,,
4234,0.0,327.877045,-269.06366,-99.966431,-0.9669175679,-0.223223453,0.1234573083,,,,
4235,0.0,326.212402,-271.979889,-100.080048,-0.9720853508,-0.1995203449,0.1234572909,,,,
4236,0.0,324.749542,-274.631104,-100.17894,-0.9744369391,-0.1876990803,0.1234573083,,,,
4237,0.0,323.172089,-277.594574,-100.284912,-0.9749428713,-0.185053222,0.1234572909,,,,
4238,0.0,321.885956,-279.986969,-100.368988,-0.9750963928,-0.1842425513,0.1234573083,,,,
4239,0.0,320.169098,-283.028656,-100.473984,-0.9751288128,-0.1840708988,0.1234572909,,,,
4352,0.0,82.018379,-598.208069,-113.128372,-0.9908881279,0.0492506056,0.125359865,,,,
4353,0.0,82.034348,-598.198364,-113.192528,-0.9908881279,0.0492506056,0.125359865,,,,
4354,0.0,82.042107,-598.214111,-113.146454,-0.9908881279,0.0492506056,0.125359865,,,,
4355,0.0,82.04892,-598.223694,-113.048691,-0.9908881279,0.0492506056,0.125359865,,,,
4356,0.0,82.065102,-598.195312,-112.888214,-0.9908881279,0.0492506056,0.125359865,,,,
4357,0.0,79.645264,-600.532776,-113.573151,-0.9908881279,0.0492506056,0.125359865,,,,
4358,0.0,77.531525,-602.562134,-113.743248,-0.9908881279,0.0492506056,0.125359865,,,,
4359,0.0,74.999443,-604.897888,-114.296387,-0.9908881279,0.0492506056,0.125359865,,,,
4360,0.0,72.620033,-607.055481,-114.65403,-0.9908881279,0.0492506056,0.125359865,,,,
4361,0.0,69.676651,-609.704956,-114.390556,-0.9908881279,0.0492506056,0.125359865,,,,
4362,0.0,67.521004,-611.595276,-114.210602,-0.9908881279,0.0492506056,0.125359865,,,,
4363,0.0,65.143013,-613.671387,-114.057625,-0.9908881279,0.0492506056,0.125359865,,,,
4364,0.0,62.891998,-615.641602,-114.032829,-0.9908881279,0.0492506056,0.125359865,,,,
4365,0.0,60.19199,-617.995178,-114.854828,-0.9908881279,0.0492506056,0.125359865,,,,
4366,0.0,57.632412,-620.226318,-115.936989,-0.9908881279,0.0492506056,0.125359865,,,,
4367,0.0,55.215771,-622.318726,-116.968086,-0.9908881279,0.0492506056,0.125359865,,,,
4368,0.0,52.664379,-624.578369,-118.083008,-0.9908881279,0.0492506056,0.125359865,,,,
4369,0.0,50.607437,-626.408875,-118.988213,-0.9908881279,0.0492506056,0.125359865,,,,
4370,0.0,48.033909,-628.610352,-120.164726,-0.9908881279,0.0492506056,0.125359865,,,,
4371,0.0,45.493534,-630.675293,-120.8228,-0.9908881279,0.0492506056,0.125359865,,,,
4372,0.0,42.979202,-632.91095,-121.41523,-0.9908881279,0.0492506056,0.125359865,,,,
4373,0.0,40.470165,-634.989746,-121.917488,-0.9908881279,0.0492506056,0.125359865,,,,
4374,0.0,37.922096,-637.047729,-122.410034,-0.9906008962,0.0547244798,0.125359865,,,,
4375,0.0,33.48077,-640.547852,-123.202888,-0.9863527813,0.1116894584,0.1209696478,,,,
4376,0.0,32.1131265,-641.58429,-123.5314635,-0.9812733539,0.1477093472,0.1181237552,,,,
4377,0.0,30.745483,-642.620728,-123.860039,-0.9761939265,0.183729236,0.1152778627,,,,
4378,0.0,25.992859,-645.989075,-125.324265,-0.9457534188,0.3066886483,0.1072032825,,,,
4379,0.0,24.5744935,-646.944733,-125.826588,-0.9264442661,0.3574072386,0.1049319293,,,,
4380,0.0,20.943756,-649.264221,-126.990013,-0.8697148954,0.4831290145,0.1009076607,,,,
4381,0.0,18.511009,-650.649658,-127.365952,-0.8313619451,0.5466886747,0.099843924,,,,
4382,0.0,15.789636,-652.064026,-127.709953,-0.7967274702,0.5962001258,0.0988470958,,,,
4383,0.0,12.767961,-653.657898,-127.602028,-0.7737576201,0.6258869854,0.0977989107,,,,
4384,0.0,10.420822,-654.687805,-127.985321,-0.7653205179,0.6364162233,0.0962231554,,,,
4385,0.0,7.447867,-655.912231,-128.445602,-0.7629590338,0.6394279342,0.0950022619,,,,
4386,0.0,4.436929,-657.069092,-128.739578,-0.7623821932,0.6402649243,0.0939905219,,,,
4387,0.0,2.034208,-657.822937,-129.04451,-0.7630294767,0.6399354288,0.0909321977,,,,
4388,0.0,-0.953785,-658.681763,-129.468216,-0.7645855431,0.638859227,0.0852515999,,,,
4389,0.0,-3.864581,-659.591492,-130.597137,-0.768678597,0.6346618984,0.0796083492,,,,
4390,0.0,-6.70899,-660.279968,-132.208771,-0.7694637311,0.6338317681,0.0786311407,,,,
4391,0.0,-9.628118,-660.857788,-133.827545,-0.7694637311,0.6338317681,0.0786311407,,,,
4392,0.0,-12.560722,-661.574707,-135.143753,-0.7694637311,0.6338317681,0.0786311407,,,,
4393,0.0,-15.615151,-662.338379,-136.487152,-0.7694637311,0.6338317681,0.0786311407,,,,
4394,0.0,-18.698471,-663.094666,-137.729324,-0.7694637311,0.6338317681,0.0786311407,,,,
4395,0.0,-21.963919,-663.901978,-138.888092,-0.7694637311,0.6338317681,0.0786311407,,,,
4396,0.0,-24.601589,-664.541138,-139.729523,-0.7694637311,0.6338317681,0.0786311407,,,,
4397,0.0,-28.041544,-665.228149,-140.90213,-0.7694637311,0.6338317681,0.0786311407,,,,
4398,0.0,-30.677668,-666.02594,-141.704803,-0.7694637311,0.6338317681,0.0786311407,,,,
4399,0.0,-33.663063,-667.099487,-142.662827,-0.7694637311,0.6338317681,0.0786311407,,,,
4400,0.0,-36.809139,-668.475037,-143.273422,-0.7694637311,0.6338317681,0.0786311407,,,,
4401,0.0,-39.467709,-669.807068,-143.561432,-0.7694637311,0.6338317681,0.0786311407,,,,
4402,0.0,-42.449387,-671.887878,-143.987671,-0.7694637311,0.6338317681,0.0786311407,,,,
4403,0.0,-44.931286,-673.797729,-144.61322,-0.7680371228,0.6358716416,0.076067295,,,,
4404,0.0,-47.780743,-676.059448,-144.934967,-0.7642519663,0.6405738853,0.0747263641,,,,
4405,0.0,-49.84964,-677.768372,-145.043015,-0.7637443935,0.6412702121,0.0739392748,,,,
4406,0.0,-52.49802,-680.005981,-145.215744,-0.7620492375,0.6433047851,0.0737557672,,,,
4407,0.0,-55.346561,-682.484497,-145.471375,-0.7611831983,0.6443292794,0.073755802,,,,
4408,0.0,-57.362564,-684.252014,-145.577087,-0.7581365534,0.6477367852,0.0752729932,,,,
4409,0.0,-59.922279,-686.516296,-145.704819,-0.7552392958,0.6509745201,0.0764577019,,,,
4410,0.0,-62.24411,-688.630737,-146.060669,-0.7512468225,0.6555585376,0.076623857,,,,
4411,0.0,-64.64756,-690.809143,-147.087555,-0.7384590359,0.6699306209,0.076623857,,,,
4412,0.0,-67.141754,-692.97876,-148.271255,-0.7174398406,0.6923935708,0.0766238744,,,,
4413,0.0,-69.559662,-695.048828,-149.358643,-0.66595546,0.7420458947,0.076623857,,,,
4414,0.0,-71.442062,-696.627075,-150.204941,-0.6071740074,0.7910258941,0.0749517155,,,,
4415,0.0,-73.437538,-698.229065,-150.43895,-0.5189849888,0.8517916969,0.0714526867,,,,
4416,0.0,-75.187363,-700.255188,-150.309235,-0.4306709443,0.8998539273,0.0691769269,,,,
4417,0.0,-78.581505,-704.475281,-150.549072,-0.2001835097,0.9772150392,0.0705501915,,,,
4418,0.0,-79.787693,-705.3752135,-150.847992,-0.1512377101,0.9846554586,0.0716142411,,,,
4419,0.0,-82.897034,-707.426575,-151.969818,-0.0381794917,0.9965053499,0.0742927588,,,,
4420,0.0,-84.261307,-708.2439575,-152.599777,-0.0069182036,0.996706672,0.0745023212,,,,
4421,0.0,-88.398552,-710.549316,-154.41153,0.0361811881,0.9964808315,0.075610013,,,,
4422,0.0,-90.817482,-711.708008,-155.439178,0.0367016993,0.996457401,0.0756679138,,,,
4423,0.0,-94.31871,-713.199829,-156.581589,0.0367016993,0.996457401,0.0756679138,,,,
4424,0.0,-96.735367,-714.083069,-156.978592,0.0367016993,0.996457401,0.0756679138,,,,
4425,0.0,-99.776428,-715.104248,-157.569046,0.0367016993,0.996457401,0.0756679138,,,,
4426,0.0,-103.061005,-716.047119,-158.275253,0.0367016993,0.996457401,0.0756679138,,,,
4427,0.0,-105.549332,-716.674744,-158.84819,0.0367016993,0.996457401,0.0756679138,,,,
4428,0.0,-108.543968,-717.362671,-159.540878,0.0367016993,0.996457401,0.0756679138,,,,
4429,0.0,-111.729485,-717.981445,-160.06105,0.0367016993,0.996457401,0.0756679138,,,,
4430,0.0,-115.046837,-718.754028,-161.009399,0.0367016993,0.996457401,0.0756679138,,,,
4431,0.0,-118.301697,-719.269897,-161.969986,0.0357771188,0.9964910259,0.0756679138,,,,
4432,0.0,-121.320808,-719.692383,-162.12822,0.0295622849,0.9966272807,0.0765515168,,,,
4433,0.0,-123.774467,-719.517273,-162.297684,0.0142156546,0.996895646,0.0774402104,,,,
4434,0.0,-126.854317,-719.072205,-162.437759,-0.0281059751,0.9964601833,0.0792285125,,,,
4435,0.0,-130.231705,-718.46283,-162.552429,-0.1071761187,0.9910495488,0.0795868802,,,,
4436,0.0,-133.343704,-717.757324,-162.595596,-0.1956398782,0.9774410311,0.0795868628,,,,
4437,0.0,-137.235458,-717.062012,-163.404755,-0.3209618509,0.9438831307,0.077898176,,,,
4438,0.0,-141.376175,-716.483032,-164.263748,-0.4488368248,0.8903783148,0.0759734243,,,,
4439,0.0,-146.418228,-716.133667,-165.549286,-0.6070901615,0.7911977754,0.0738079669,,,,
4440,0.0,-150.874466,-715.780151,-166.902374,-0.7384609804,0.6705694012,0.0707958939,,,,
4441,0.0,-157.607132,-716.354858,-168.194153,-0.8927407089,0.4456938033,0.0661139957,,,,
4442,0.0,-161.286118,-717.23114,-167.807297,-0.9439763519,0.3238480945,0.06349062,,,,
4443,0.0,-165.426376,-718.415283,-167.572266,-0.980462001,0.18721233,0.0603805277,,,,
4444,0.0,-168.900848,-719.287231,-167.914154,-0.9921111785,0.1118833975,0.0565465719,,,,
4445,0.0,-171.825333,-720.187073,-168.231781,-0.9975139996,0.0489006028,0.0507400392,,,,
4446,0.0,-175.07782,-721.256897,-168.93721,-0.998837607,-0.0089891358,0.0473564167,,,,
4447,0.0,-178.426483,-722.268738,-170.078323,-0.9983210782,-0.0362461388,0.0451801082,,,,
4448,0.0,-181.039658,-723.013306,-171.049591,-0.9982722999,-0.0377269664,0.0450454363,,,,
4449,0.0,-184.442688,-724.115356,-172.245255,-0.9982722999,-0.0377269664,0.0450454363,,,,
4450,0.0,-187.662079,-725.308594,-173.113663,-0.9982722999,-0.0377269664,0.0450454363,,,,
4451,0.0,-190.659592,-726.62384,-173.73967,-0.9982722999,-0.0377269664,0.0450454363,,,,
4452,0.0,-193.060471,-727.844788,-174.695786,-0.9982722999,-0.0377269664,0.0450454363,,,,
4453,0.0,-196.306763,-729.320618,-176.027054,-0.9982722999,-0.0377269664,0.0450454363,,,,
4454,0.0,-199.338181,-730.443787,-177.037933,-0.9982722999,-0.0377269664,0.0450454363,,,,
4455,0.0,-202.387558,-731.569275,-177.180359,-0.9982722999,-0.0377269664,0.0450454363,,,,
4456,0.0,-205.222977,-732.388855,-177.013412,-0.9982722999,-0.0377269664,0.0450454363,,,,
4644,0.0,-821.494202,-654.653259,-206.453674,-0.7610398945,0.6417307301,0.0948680616,,,,
4645,0.0,-821.344177,-654.439514,-206.453674,-0.7610398945,0.6417307301,0.0948680616,,,,
4646,0.0,-821.150757,-654.179749,-206.453674,-0.7610398945,0.6417307301,0.0948680616,,,,
4647,0.0,-820.987976,-653.973938,-206.453674,-0.7610398945,0.6417307301,0.0948680616,,,,
4648,0.0,-823.804016,-654.226807,-206.371063,-0.7307256402,0.6742941426,0.1066182346,,,,
4649,0.0,-826.970764,-654.486938,-206.268555,-0.6925417992,0.711364175,0.1197784071,,,,
4650,0.0,-830.182068,-654.704468,-206.162781,-0.6534890363,0.7454365152,0.1314400289,,,,
4651,0.0,-833.488647,-654.8703,-206.053864,-0.6125683807,0.7773462568,0.1431529809,,,,
4652,0.0,-836.411133,-654.688416,-205.949768,-0.5710696086,0.8060805977,0.1552854537,,,,
4653,0.0,-839.274414,-654.428528,-205.846893,-0.5388427569,0.8261096241,0.1648980665,,,,
4654,0.0,-842.620178,-654.131287,-205.729523,-0.5092402074,0.8429210084,0.1736622719,,,,
4655,0.0,-845.543335,-653.877625,-205.629974,-0.4922293719,0.8518352774,0.179128182,,,,
4656,0.0,-848.462341,-653.583862,-205.531738,-0.4776007222,0.8591627369,0.183676187,,,,
4657,0.0,-851.571533,-653.251404,-204.66861,-0.4675452285,0.8640271185,0.1867045736,,,,
4658,0.0,-854.675415,-652.868347,-202.636139,-0.4588369243,0.8678883506,0.1903640929,,,,
4659,0.0,-857.904724,-652.445435,-200.387329,-0.4546964704,0.8695959452,0.1924941868,,,,
4660,0.0,-860.924805,-652.0047,-198.509827,-0.4521429607,0.8707099429,0.1934707689,,,,
4661,0.0,-864.059326,-651.491272,-198.250854,-0.4485972342,0.8717786174,0.1968821059,,,,
4662,0.0,-867.50592,-650.856201,-198.276733,-0.4428648607,0.8737582359,0.2010404448,,,,
4663,0.0,-870.404907,-650.239807,-198.276733,-0.4336207405,0.8769470056,0.2072124583,,,,
4664,0.0,-873.331299,-649.549561,-198.276733,-0.4211617974,0.8818880132,0.2118874055,,,,
4665,0.0,-876.201355,-648.811584,-198.276733,-0.4071933682,0.8877292535,0.2147797322,,,,
4666,0.0,-879.204773,-647.989258,-198.276733,-0.3928997002,0.8934591329,0.2176249147,,,,
4667,0.0,-882.399475,-647.113342,-198.276733,-0.3837405403,0.8969180442,0.2197298792,,,,
4668,0.0,-885.630798,-646.232178,-198.276733,-0.3815291544,0.8978316648,0.2198495075,,,,
6502,0.0,-2333.947754,-319.241547,-103.346901,0.5488056836,-0.8268258677,0.123171856,0.0495659449,311.8906616422,1003.10187308,4.0
6503,0.0,-2333.796875,-319.433807,-103.354294,0.5488056836,-0.8268258677,0.123171856,0.0497767652,312.7849440005,1003.8997403043,4.0
6504,0.0,-2333.585938,-319.574005,-103.372978,0.5488056836,-0.8268258677,0.123171856,0.0498954415,313.2346221691,1004.1772437411,4.0
6505,0.0,-2333.49585,-319.6507265,-103.381828,0.5488056836,-0.8268258677,0.123171856,0.0500526254,313.8945469961,1004.7524580539,4.0
6506,0.0,-2334.179688,-322.471741,-103.392281,0.5724600881,-0.8110046824,0.1206683584,0.0435537976,293.1988945922,1004.4200170294,4.0
6507,0.0,-2335.102539,-325.277466,-103.426384,0.594827293,-0.795138198,0.118049725,0.0375087483,272.2579260589,1003.4838366347,4.0
6508,0.0,-2335.6553955,-327.0197905,-103.4836195,0.6082474684,-0.7849148542,0.1168660331,0.0341063101,259.3727153864,1002.9439541847,4.0
6542,0.0,-2328.388184,-437.648468,-104.516792,0.8821554848,-0.4634374549,0.0838297448,0.0039669969,80.3547920704,903.0192174736,4.0
6543,0.0,-2328.008301,-441.794769,-104.441696,0.8879901468,-0.4523339546,0.0828703364,0.003837878,78.7549485442,899.7759157925,4.0
6544,0.0,-2327.349121,-452.405182,-104.4077,0.9032271861,-0.4215918073,0.08025583,0.0037885482,236.4136781838,2718.5224203763,1.0
6545,0.0,-2327.257812,-452.49649,-104.438461,0.9032271861,-0.4215918073,0.08025583,0.003618926,75.6730394176,890.2861252695,4.0
6546,0.0,-2326.7005615,-454.0908505,-104.463951,0.904819032,-0.4181472475,0.0802558387,0.0036158695,75.4457902256,887.9860575364,4.0
6547,0.0,-2325.109131,-458.84552,-104.731621,0.9092845439,-0.408363343,0.08025583,0.0035839341,74.5392123338,881.2096905878,4.0
6548,0.0,-2324.6151125,-460.6342165,-104.8035355,0.9111618959,-0.4041306217,0.0802558387,0.003602268,74.5038311104,878.5607525124,4.0
6549,0.0,-2323.45874,-464.875946,-104.933739,0.9151418686,-0.3952059039,0.0795465517,0.0035770856,73.6922524829,872.0289236567,4.0
6550,0.0,-2322.50293,-468.401794,-104.995644,0.9196747404,-0.3847557114,0.0784946776,0.0036795193,74.2656461547,866.5174095541,4.0
6551,0.0,-2321.800293,-471.291443,-105.003738,0.9229368275,-0.3768948956,0.0783444326,0.0038084668,75.1662682946,862.0784732624,4.0
6552,0.0,-2320.950439,-474.750153,-105.073402,0.9275629165,-0.3655457985,0.077480998,0.0040297352,76.8407384717,856.7936602532,4.0
6553,0.0,-2319.996094,-477.673615,-105.027451,0.9319495351,-0.3542330788,0.0773885645,0.0044145864,79.9804669241,852.1258969986,4.0
6554,0.0,-2319.310791,-480.29483,-105.079346,0.9348407007,-0.3466941395,0.0766553198,0.004562643,80.9282376555,848.1502364211,4.0
6555,0.0,-2318.345947,-483.518951,-105.227722,0.9377722931,-0.3387346632,0.0764326775,0.0047446898,82.0362969857,843.1462201659,4.0
6556,0.0,-2317.262207,-486.771179,-105.337158,0.9406313755,-0.3309171431,0.075541113,0.0048961992,82.8309868363,838.0704933536,4.0
6557,0.0,-2316.15332,-489.144897,-105.432838,0.9435031418,-0.3228239778,0.0747428983,0.005190453,84.8683691321,834.0508017332,4.0
6558,0.0,-2314.659424,-491.76416,-105.446671,0.9467270077,-0.3132964119,0.0745206761,0.0056297119,87.8336404299,828.9243531718,4.0
6559,0.0,-2313.165283,-494.176697,-105.351936,0.9505090809,-0.3018057115,0.0737956611,0.0063436501,92.6585856236,823.9311174845,4.0
6560,0.0,-2311.347656,-496.667786,-105.107071,0.9540925232,-0.2905340288,0.0727834816,0.0070536635,97.0164642895,818.2580218304,4.0
6561,0.0,-2309.193604,-499.275696,-104.96843,0.9578243153,-0.2782654393,0.0717002533,0.0078176954,101.3168993089,811.8540817857,4.0
6562,0.0,-2307.297363,-501.316803,-104.889793,0.9608327156,-0.2679298417,0.0708102567,0.008518672,105.0365668637,806.4295838539,4.0
6563,0.0,-2305.365479,-503.2052,-104.5625,0.9627457396,-0.2610033312,0.0706958412,0.0089633914,107.0232780335,801.1289883775,4.0
6564,0.0,-2302.765869,-505.492096,-104.196205,0.9652757659,-0.2517261769,0.0698328546,0.0094973261,109.1986139416,794.2094807515,4.0
6565,0.0,-2300.605957,-507.269897,-104.084602,0.9663451512,-0.2478388028,0.0689418351,0.0094343711,108.0866769109,788.7283241577,4.0
6566,0.0,-2297.888916,-509.223907,-103.716812,0.9665133552,-0.2472262682,0.068783039,0.0089721995,104.5554982745,782.2737408781,4.0
6585,0.0,-2241.241699,-532.559204,-102.606743,0.979110776,-0.1959254412,0.0543627612,0.0049891666,67.1975269379,673.5450607553,4.0
6586,0.0,-2237.494629,-534.041809,-102.393799,0.9798154521,-0.1926325622,0.0534263587,0.0047830202,65.2105310648,667.5311942082,4.0
6587,0.0,-2233.984131,-535.525574,-102.185371,0.9805026044,-0.1893638004,0.0524975607,0.0045757477,63.232509478,661.7466614596,4.0
6588,0.0,-2230.644531,-536.981506,-101.998222,0.9811914459,-0.1860267011,0.051550102,0.0043779539,61.3191876502,656.026910025,4.0
6589,0.0,-2227.093262,-538.487061,-101.668373,0.9812552278,-0.1857145475,0.0514614872,0.0040212276,58.2448241867,650.1297720164,4.0
6590,0.0,-2224.105469,-539.515869,-101.50309,0.9812552278,-0.1857145475,0.0514614872,0.0036940363,55.3778513632,644.8696989348,4.0
6591,0.0,-2222.484497,-539.9818725,-101.507519,0.9812552278,-0.1857145475,0.0514614872,0.0035459596,54.022907933,642.1524694911,4.0
6592,0.0,-2218.33374,-541.243896,-101.537598,0.9812552278,-0.1857145475,0.0514614872,0.0031728425,50.561497368,635.2218524292,4.0
6593,0.0,-2215.130859,-542.109497,-101.582314,0.9812552278,-0.1857145475,0.0514614872,0.0029232824,48.134018901,629.9692680144,4.0
6594,0.0,-2212.206787,-542.867554,-101.597656,0.9812552278,-0.1857145475,0.0514614872,0.002680127,45.7425320559,625.1996109462,4.0
6595,0.0,-2208.706055,-543.857666,-101.714844,0.9804913701,-0.1894951223,0.0522328612,0.0023368536,42.330745486,619.5538106341,4.0
6596,0.0,-2205.070312,-544.74823,-101.877068,0.979861349,-0.1921721745,0.0542364463,0.0021769732,40.4610628609,613.5249615239,4.0
6597,0.0,-2202.025879,-545.355042,-102.514404,0.9796960781,-0.1922388628,0.0569193663,0.0021467421,39.8456748307,608.4283763971,4.0
6598,0.0,-2198.999268,-545.912354,-102.975029,0.9833510658,-0.1722044111,0.0580200162,0.0026796014,44.1186066405,603.0631955873,4.0
6599,0.0,-2196.104492,-546.51178,-103.51284,0.9890550563,-0.1362304575,0.0566688453,0.0043713438,55.8284954803,597.7348463802,4.0
6600,0.0,-2192.668701,-547.372559,-103.803764,0.997041976,-0.0550200205,0.05366652,0.0086726974,180.8280614897,1375.9967426355,5.0
6601,0.0,-2189.782471,-548.22937,-104.44648,0.9986706818,0.0083476395,0.0508643903,0.0122590548,213.8405780916,1369.8775075499,5.0
6602,0.0,-2186.770996,-549.264648,-104.704269,0.996457621,0.0685363192,0.0487337913,0.0194702218,267.7286637546,1363.3856928658,5.0
6603,0.0,-2183.963379,-550.380249,-104.828094,0.9943586652,0.0947349387,0.0477088711,0.0237207277,293.8694776321,1357.270215982,5.0
6604,0.0,-2181.238525,-551.457458,-104.826515,0.9928636965,0.1093295253,0.04763124,0.0264504618,308.7531857798,1351.3591968061,5.0
6605,0.0,-2178.547607,-552.677063,-104.793533,0.9918480421,0.1181893595,0.0476312574,0.0281923321,317.2356550078,1345.5015918948,5.0
6606,0.0,-2175.898438,-554.019348,-104.814384,0.9915876268,0.1203546493,0.0476312574,0.0285747009,317.9732105803,1339.7060622576,5.0
6607,0.0,-2173.091064,-555.415039,-104.644844,0.9915625896,0.1205607494,0.0476312574,0.0285709502,316.488708285,1333.5377127555,5.0
6608,0.0,-2170.142578,-556.98175,-104.420471,0.9915625896,0.1205607494,0.0476312574,0.0285101292,314.6250891849,1327.0781048138,5.0
6609,0.0,-2167.421387,-558.516479,-104.14463,0.9915625896,0.1205607494,0.0476312574,0.028437554,312.82514949,1321.1443540673,5.0
6610,0.0,-2164.570801,-560.166443,-103.821075,0.9915625896,0.1205607494,0.0476312574,0.028239186,310.2873121658,1314.9547695014,5.0
6611,0.0,-2161.869385,-561.732483,-103.465363,0.9915625896,0.1205607494,0.0476312574,0.0279678567,307.4385482051,1309.0967158189,5.0
6612,0.0,-2159.045166,-563.410522,-103.448349,0.9915625896,0.1205607494,0.0476312574,0.0276104594,304.0415772623,1302.866192328,5.0
6613,0.0,-2156.104248,-565.248779,-103.532608,0.9915625896,0.1205607494,0.0476312574,0.0272806993,300.7304183947,1296.3341503522,5.0
6614,0.0,-2153.516113,-566.802551,-103.636497,0.9915625896,0.1205607494,0.0476312574,0.0270902085,298.4369385852,1290.9005570867,5.0
6615,0.0,-2150.978271,-568.362,-103.742203,0.9915625896,0.1205607494,0.0476312574,0.0269115424,296.3528534206,1286.075723519,5.0
6616,0.0,-2147.923584,-570.03772,-104.137329,0.9915625896,0.1205607494,0.0476312574,0.0267166573,293.7665614925,1279.4301341425,5.0
6617,0.0,-2145.944336,-571.232422,-104.408775,0.9915625896,0.1205607494,0.0476312574,0.0265652253,292.288770086,1276.5681066574,5.0
6618,0.0,-2142.668701,-573.28064,-104.754135,0.9915625896,0.1205607494,0.0476312574,0.0262917729,289.9198219788,1272.7013296535,5.0
6619,0.0,-2142.123535,-573.596191,-104.902824,0.9915625896,0.1205607494,0.0476312574,0.0262431234,289.4951111398,1271.9986319638,5.0
6620,0.0,-2138.039795,-576.273865,-105.777664,0.9915625896,0.1205607494,0.0476312574,0.0258467963,286.1444967736,1266.7520379502,5.0
6621,0.0,-2135.272705,-578.204041,-105.974686,0.9914536562,0.1214533283,0.0476312574,0.0257655001,284.9182802703,1263.2859258126,5.0
6622,0.0,-2132.570312,-580.105103,-106.133575,0.9910562592,0.1242928097,0.0485673621,0.0261891579,286.4449247127,1259.8754095419,5.0
6623,0.0,-2130.04248,-581.85083,-106.218292,0.9892260014,0.1374204516,0.0504731369,0.0288208973,299.55401513,1256.777372366,5.0
6624,0.0,-2128.095947,-583.157898,-106.272354,0.9864099143,0.1555961535,0.0527761125,0.0328378121,318.840746378,1254.4883327961,5.0
6625,0.0,-2125.563477,-584.792603,-106.267448,0.9788349703,0.1967105839,0.0564539384,0.0432342253,364.0105673099,1251.4996401069,5.0
6626,0.0,-2120.141357,-587.993896,-106.030319,0.9463569508,0.3167980245,0.0636202274,0.0835553236,498.3770169156,1245.4399717392,5.0
6627,0.0,-2118.7685545,-588.705902,-105.925972,0.9318853828,0.354707545,0.0642282115,0.1002950921,540.8058492649,1243.9244736873,5.0
6628,0.0,-2114.443604,-590.727661,-105.46949,0.8591611943,0.50722484,0.0675648127,,,,
6629,0.0,-2112.908936,-591.4541625,-105.2921295,0.8379764842,0.5400782814,0.0676956733,,,,
6630,0.0,-2111.374268,-592.180664,-105.114769,0.8167917742,0.5729317228,0.0678265339,,,,
6631,0.0,-2106.547363,-593.944763,-104.812401,0.6671528414,0.7419091926,0.0669166365,,,,
6632,0.0,-2104.020508,-594.861084,-104.68943,0.6118024603,0.7883285253,0.065083683,,,,
6633,0.0,-2101.474365,-595.664978,-104.570938,0.5597661805,0.8261660083,0.0641213681,,,,
6634,0.0,-2098.621338,-596.492126,-104.58432,0.5303682017,0.8454684099,0.0623918144,,,,
6635,0.0,-2095.513428,-597.308472,-104.58152,0.5096935362,0.8582319218,0.0604190987,,,,
6636,0.0,-2092.174805,-598.088196,-104.649216,0.5026323353,0.8624657615,0.0592751697,,,,
6637,0.0,-2089.690674,-598.55304,-104.697777,0.5023240006,0.8626494896,0.0592153404,,,,
6638,0.0,-2086.042969,-599.275452,-104.903549,0.5023240006,0.8626494896,0.0592153404,,,,
6639,0.0,-2083.019043,-600.085083,-104.992477,0.5023240006,0.8626494896,0.0592153404,,,,
6640,0.0,-2079.997803,-601.111633,-105.075043,0.5001564074,0.8639080458,0.0592153404,,,,
6641,0.0,-2077.081299,-602.157654,-105.149414,0.4948246812,0.8669163734,0.060037792,,,,
6642,0.0,-2074.257568,-603.203186,-105.220215,0.4884896591,0.8704924676,0.0601723923,,,,
6643,0.0,-2071.370605,-604.331909,-105.294327,0.4824947237,0.8738295754,0.0601723749,,,,
6644,0.0,-2068.575928,-605.282837,-105.266144,0.4795153371,0.8754680604,0.0601723923,,,,
6645,0.0,-2065.642578,-606.463013,-105.237617,0.4789607986,0.8757715676,0.0601723749,,,,
6646,0.0,-2062.490234,-607.61145,-105.143066,0.4789607986,0.8757715676,0.0601723749,,,,
6647,0.0,-2059.936523,-608.639526,-105.012848,0.4789607986,0.8757715676,0.0601723749,,,,
6648,0.0,-2056.437988,-610.070618,-104.919052,0.4789607986,0.8757715676,0.0601723749,,,,
6649,0.0,-2053.347168,-611.374817,-104.737976,0.4789607986,0.8757715676,0.0601723749,,,,
6650,0.0,-2050.4104,-612.502319,-104.324577,0.4789607986,0.8757715676,0.0601723749,,,,
6651,0.0,-2047.243042,-613.795044,-104.056587,0.4789607986,0.8757715676,0.0601723749,,,,
6652,0.0,-2044.221802,-615.059509,-103.805496,0.4789607986,0.8757715676,0.0601723749,,,,
6653,0.0,-2041.820801,-616.088318,-103.663483,0.4789607986,0.8757715676,0.0601723749,,,,
6654,0.0,-2038.369873,-617.633545,-103.412796,0.4789607986,0.8757715676,0.0601723749,,,,
6655,0.0,-2035.723755,-618.779297,-103.332428,0.4782596707,0.8761546511,0.0601723749,,,,
6656,0.0,-2032.783569,-620.047424,-103.275162,0.478120953,0.8762303576,0.0601723749,,,,
6657,0.0,-2029.650635,-621.500427,-103.236923,0.478120953,0.8762303576,0.0601723749,,,,
6658,0.0,-2026.679932,-622.919006,-103.215485,0.4844091597,0.8727697585,0.0601723749,,,,
6659,0.0,-2023.814819,-624.361633,-103.260269,0.5146476066,0.855097129,0.0628230927,,,,
6660,0.0,-2021.015259,-625.749207,-103.379646,0.5859331025,0.8076463334,0.0662555625,,,,
6661,0.0,-2017.699219,-627.48175,-103.531105,0.703737855,0.7068149379,0.07187263,,,,
6662,0.0,-2014.236938,-629.317688,-103.820335,0.8012697943,0.5936564389,0.074422774,,,,
6663,0.0,-2010.956665,-631.066162,-104.241936,0.8843202175,0.4608952394,0.0745206761,0.1384423935,581.7660251168,1145.9761134908,5.0
6664,0.0,-2007.389038,-632.812317,-104.884422,0.9413424627,0.3293205946,0.0736363632,0.0773094388,441.4015548737,1144.8877309016,5.0
6665,0.0,-2004.218262,-634.710022,-105.428497,0.9793849503,0.1881312685,0.0735645636,0.0353177127,301.516160772,1144.637960763,5.0
6666,0.0,-2000.7948,-637.258606,-105.726974,0.9969607566,0.0229782584,0.0744395697,0.0133339758,186.295326755,1144.6156956387,5.0
6667,0.0,-1997.99292,-639.379211,-105.895798,0.9941687378,-0.0771522588,0.0753395624,0.008387837,52.9990896283,410.0539821808,4.0
6668,0.0,-1992.433105,-643.354614,-105.8685,0.9812601854,-0.1748767035,0.0809109834,0.0030598122,31.604925066,404.3196543658,4.0
6669,0.0,-1989.566528,-644.929749,-105.407158,0.9807777295,-0.177079145,0.0819635394,0.0032642899,32.3934930136,401.2389871292,4.0
6670,0.0,-1987.6506955,-645.458069,-104.887867,0.9808296409,-0.176537144,0.0825061298,0.0034755176,33.2266251962,399.1264085526,4.0
6671,0.0,-1982.403931,-646.096985,-103.702782,0.9814215998,-0.1725046389,0.0839868618,0.0042785142,36.3719588104,393.6137274379,4.0
6672,0.0,-1979.296265,-646.519836,-102.897987,0.9832821788,-0.1615149347,0.0840778371,0.0053667176,40.3914241236,390.394115386,4.0
6673,0.0,-1977.4173585,-646.8502195,-102.5506325,0.9851148468,-0.1505000325,0.082283488,0.006474441,43.9507329082,388.4689100077,4.0
6674,0.0,-1972.744751,-647.356567,-102.035233,0.9914292,-0.1097105056,0.0709348036,0.0111521909,57.182483771,383.9566040709,4.0
6675,0.0,-1969.474976,-647.638062,-101.846275,0.9939333565,-0.0905378074,0.0624450825,0.0136449089,186.4964545733,1132.8093273498,5.0
6676,0.0,-1965.872192,-647.801636,-101.776611,0.99424968,-0.0879248304,0.0611293541,0.0132775867,183.7650413112,1131.4483353358,5.0
6677,0.0,-1962.63916,-648.193665,-101.657547,0.99424968,-0.0879248304,0.0611293541,0.0132850888,183.6070680319,1130.1585852422,5.0
6678,0.0,-1959.456177,-648.448486,-101.7062,0.99424968,-0.0879248304,0.0611293541,0.0132608777,183.2378759446,1128.9083689252,5.0
6679,0.0,-1956.397583,-648.711365,-101.763687,0.99424968,-0.0879248304,0.0611293541,0.0132359191,182.8704983114,1127.6996502569,5.0
6704,0.0,-1877.883911,-645.36261,-102.015671,0.9698760016,-0.2373846677,0.0546723055,0.0246129333,242.1580535771,1098.2244960976,5.0
6705,0.0,-1873.524658,-645.217712,-102.222733,0.9680041616,-0.2449799571,0.0543393386,0.0255453767,246.2234019954,1096.3509397706,5.0
6706,0.0,-1869.680176,-644.968689,-102.407631,0.9662294493,-0.2519544919,0.0540331871,0.0264134511,249.9685381973,1094.8249552544,5.0
6707,0.0,-1866.309937,-644.830872,-102.66774,0.9645313568,-0.2584383794,0.0537481707,0.0272481039,253.5535776781,1093.6172826877,5.0
6708,0.0,-1862.645142,-644.783325,-102.794968,0.9624962828,-0.2659842669,0.0534160585,0.0282969049,258.0577392213,1092.513121749,5.0
6709,0.0,-1857.783569,-644.413391,-103.75528,0.9622488071,-0.266886121,0.0533763218,0.0279795089,256.0405990772,1090.0165176895,5.0
6710,0.0,-1855.24292,-643.921936,-104.420494,0.9622488071,-0.266886121,0.0533763218,0.0274978494,253.8784453439,1090.1034715978,5.0
6711,0.0,-1852.064575,-642.776245,-104.66761,0.9622488071,-0.266886121,0.0533763218,0.0269998911,251.4622606554,1089.5025592121,5.0
6712,0.0,-1846.247681,-640.505432,-105.084534,0.9622488071,-0.266886121,0.0533763218,0.0260694947,246.9372250319,1088.5649011373,5.0
6713,0.0,-1843.140259,-639.186401,-105.468513,0.9622488071,-0.266886121,0.0533763218,0.0254958105,244.1230407983,1088.0411731592,5.0
6714,0.0,-1839.891235,-637.9729,-105.616776,0.9622488071,-0.266886121,0.0533763218,0.0249087802,241.230275616,1087.5819816623,5.0
6715,0.0,-1836.968018,-636.648621,-105.889938,0.9622488071,-0.266886121,0.0533763218,0.0243158113,238.31026217,1087.2754963139,5.0
6716,0.0,-1833.784424,-635.245789,-106.005943,0.9622488071,-0.266886121,0.0533763218,0.0236444405,234.9676116751,1086.9534402288,5.0
6717,0.0,-1830.745728,-633.793213,-106.07576,0.9622488071,-0.266886121,0.0533763218,0.0230124007,231.7718356405,1086.6200737902,5.0
6718,0.0,-1827.875122,-632.436829,-106.005867,0.9622488071,-0.266886121,0.0533763218,0.0225019876,229.1561607562,1086.3332419812,5.0
6719,0.0,-1824.688721,-631.070801,-105.955414,0.9562625492,-0.2867656644,0.0576835402,0.0259799982,245.8737897437,1085.7176605126,5.0
6720,0.0,-1822.134277,-630.020447,-105.853012,0.9422821911,-0.3291773607,0.0612089663,0.0348002373,283.7174408456,1084.9046728834,5.0
6721,0.0,-1819.403931,-628.982056,-105.885612,0.9274327901,-0.3691354341,0.0600620606,0.0314658663,465.1773118183,1869.0770417597,1.0
6722,0.0,-1816.005127,-627.697327,-105.601158,0.9097266631,-0.4108421725,0.0600508758,0.0221289207,390.0597393158,1864.4554903819,1.0
6723,0.0,-1813.3302,-626.720764,-105.036598,0.8952662612,-0.4410162343,0.0632692869,0.0165488862,337.104946759,1860.6727203862,1.0
6724,0.0,-1810.09375,-625.566711,-104.784859,0.8692211548,-0.4895483418,0.0692604147,0.0093825201,253.7134726729,1856.4782794671,1.0
6725,0.0,-1807.456421,-624.623413,-104.683716,0.8457791481,-0.5284311505,0.0736080959,0.0055435969,194.7971543836,1852.5695117233,1.0
6726,0.0,-1804.101807,-623.533447,-104.605476,0.8252507451,-0.5593473768,0.0780494703,0.003889229,162.8186816269,1847.9071943729,1.0
6727,0.0,-1800.811035,-622.542297,-104.729561,0.812611145,-0.5772597899,0.080213851,0.0034485569,152.9607812261,1843.4066265111,1.0
6728,0.0,-1797.639038,-621.657715,-104.946335,0.8078670002,-0.5836145458,0.0821277778,0.0034915943,153.5465743361,1839.0463338068,1.0
6729,0.0,-1794.755737,-620.887756,-105.172478,0.8062115678,-0.5857733268,0.0830211872,0.0035500594,154.4879813664,1835.0490363484,1.0
6730,0.0,-1791.497803,-620.042664,-105.405792,0.8049032229,-0.587427222,0.0840241668,0.0036332282,155.8940318153,1830.4715644799,1.0
6731,0.0,-1788.659058,-619.367859,-105.744011,0.8043411815,-0.5881889016,0.0840778197,0.0036479529,155.8614322238,1826.3982732151,1.0
6732,0.0,-1785.935303,-618.770325,-106.13604,0.8038308406,-0.5888861494,0.0840778371,0.0036574811,155.7265275924,1822.4432981049,1.0
6733,0.0,-1782.734619,-618.087097,-106.519623,0.8027146192,-0.5904067753,0.0840778197,0.0036530737,155.2560261976,1818.0308284267,1.0
6734,0.0,-1779.634399,-617.428162,-106.886681,0.8020412103,-0.5913212446,0.0840778371,0.0036724724,155.2447277598,1813.0997225037,1.0
6735,0.0,-1776.975098,-616.799255,-107.331551,0.8005148624,-0.5933859412,0.0840778197,0.0036468036,154.3624825266,1809.1179393279,1.0
6736,0.0,-1773.844727,-616.027344,-107.713181,0.7980866155,-0.5966478622,0.0840778371,0.0036004253,152.9903252985,1804.5267714021,1.0
6737,0.0,-1771.009277,-615.301392,-107.931641,0.795841907,-0.5996387049,0.0840778371,0.0035649304,151.8867295923,1800.3904695284,1.0
6738,0.0,-1767.957031,-614.612122,-108.087997,0.7905300514,-0.6066243962,0.0840778197,0.0034559814,149.17872869,1795.8983869807,1.0
6739,0.0,-1766.85498,-614.393921,-108.087997,0.7873960863,-0.610640302,0.0844146011,0.003436051,148.6178246263,1794.3182983913,1.0
6740,0.0,-1762.309814,-613.66571,-107.971863,0.7736409223,-0.6277779274,0.0858754753,0.0035616738,150.760787245,1787.8594711246,1.0
6741,0.0,-1759.292725,-613.211792,-107.718491,0.7606519098,-0.6434397226,0.0859883456,0.0039014001,157.3483798296,1783.0397927493,1.0
6742,0.0,-1756.539185,-612.815857,-107.582794,0.7508172685,-0.6548888713,0.0859883456,0.0043337832,165.4345465077,1778.8882387737,1.0
6743,0.0,-1753.071655,-612.426025,-107.201065,0.7313067845,-0.6766065262,0.0859883456,0.0057545762,190.0261643189,1773.8521935943,1.0
6744,0.0,-1750.297852,-612.109253,-106.948059,0.7184844391,-0.6902072965,0.085988363,0.0069931306,208.9326482964,1769.7670025812,1.0
6745,0.0,-1746.578003,-611.761414,-106.407661,0.6975476051,-0.7114693348,0.0850806922,0.0095295171,242.9871295025,1764.2899208117,1.0
6746,0.0,-1743.502441,-611.53717,-105.976814,0.6805067687,-0.7279896281,0.0833165,0.011993789,271.7850359741,1760.1045706133,1.0
6747,0.0,-1740.560303,-611.261292,-105.766609,0.6605293684,-0.7463544001,0.0815846972,0.0153947163,306.8536522223,1755.5305038993,1.0
6748,0.0,-1736.874512,-610.975952,-105.407486,0.6353544365,-0.7681227256,0.0794494706,0.0204259243,351.9299562886,1750.1670293656,1.0
6749,0.0,-1733.403687,-610.765564,-105.213844,0.6151973846,-0.7844693355,0.0783584045,0.0249315186,387.2469022789,1745.1087920706,1.0
6750,0.0,-1730.329224,-610.625488,-105.008041,0.5960028667,-0.7991512594,0.0783444152,0.0297122293,421.1464048006,1740.6066887239,1.0
6751,0.0,-1727.285522,-610.576172,-105.02253,0.57762351,-0.8126148265,0.0775127371,0.0308715095,74.0492348502,300.334079007,4.0
6752,0.0,-1726.285278,-610.560852,-105.051903,0.5721945547,-0.816458449,0.0773885819,0.0360230332,461.3772190132,1734.5938909051,1.0
6753,0.0,-1720.807007,-610.62146,-105.572128,0.5403900166,-0.8379189976,0.0766184276,0.0452685959,513.5787617468,1726.4937022131,1.0
6754,0.0,-1714.312012,-610.887756,-105.999496,0.5013726981,-0.8618488634,0.0764326775,0.0578478489,575.4040615112,1716.6734511741,1.0
6755,0.0,-1710.947021,-611.068176,-106.289581,0.4833770297,-0.872069202,0.0764326775,0.0639546993,602.2818337999,1711.6137860374,1.0
6756,0.0,-1707.869995,-611.349426,-106.462662,0.4639417715,-0.8824981267,0.0771692236,0.0710054285,631.7022945464,1706.8728691042,1.0
6757,0.0,-1704.828735,-611.750427,-106.335732,0.4455366442,-0.8917863905,0.078829769,0.0779584343,658.8349393508,1702.0161661213,1.0
6758,0.0,-1701.568237,-612.217041,-106.662971,0.4230166836,-0.9025142821,0.0807765806,0.086906668,691.905342119,1696.8836104255,1.0
6759,0.0,-1697.906738,-612.953369,-106.755981,0.3912437378,-0.9166138288,0.0821427196,0.1003305572,738.1911417301,1690.8816025122,1.0
6760,0.0,-1694.959351,-613.599121,-106.769241,0.3672783446,-0.9263945664,0.0830645827,0.110631183,770.9232829603,1686.2191313177,1.0
6761,0.0,-1691.87207,-614.410217,-106.793724,0.3456640201,-0.9345023454,0.0849808905,0.1201725149,799.2317711376,1681.5553500106,1.0
6762,0.0,-1689.828125,-615.057922,-106.661377,0.3366164065,-0.9377946266,0.0850331304,0.1239771022,809.4944364382,1678.510492113,1.0
6763,0.0,-1686.747559,-616.032288,-106.36338,0.3259759918,-0.9414833965,0.0857243655,0.1284862092,820.9978271148,1674.2381505403,1.0
6764,0.0,-1683.281494,-617.328674,-105.877151,0.3132554527,-0.9456860272,0.0868847477,0.1339602082,834.3086852777,1668.7005436745,1.0
6765,0.0,-1680.945557,-618.156555,-105.690895,0.3079005647,-0.947437634,0.0869434992,0.1360060097,838.4688668978,1665.2737569985,1.0
6766,0.0,-1677.493652,-619.47467,-105.303627,0.3044935691,-0.9484552402,0.087842608,0.1369000893,838.5356920401,1660.3575248508,1.0
6767,0.0,-1674.887207,-620.464355,-105.11351,0.3043855855,-0.9484847159,0.0878985728,0.136278605,834.8873386106,1656.6224394878,1.0
6768,0.0,-1671.63916,-621.804871,-104.863205,0.3043855855,-0.9484847159,0.0878985728,0.1354704037,830.3023520274,1652.0736898314,1.0
6769,0.0,-1669.352661,-622.724915,-104.819534,0.3043855855,-0.9484847159,0.0878985728,0.1349119676,827.1736049229,1649.0042004371,1.0
6770,0.0,-1665.840088,-624.190186,-104.713058,0.3043855855,-0.9484847159,0.0878985728,0.1340799073,822.4494550095,1644.2992016023,1.0
6771,0.0,-1663.976318,-625.079041,-104.664612,0.3049999631,-0.9482873317,0.0878985728,0.1333517311,819.0997713034,1641.7469940815,1.0
6772,0.0,-1660.65564,-626.930664,-104.75811,0.3106065877,-0.9463783983,0.0888339735,0.1298617798,806.7523082167,1637.0528051123,1.0
6773,0.0,-1658.229736,-628.542908,-104.83709,0.3256700504,-0.9411214076,0.0907166714,0.1219653016,781.7915835192,1633.5071419705,1.0
6774,0.0,-1656.44397,-629.741211,-105.051414,0.3388806918,-0.9362398319,0.0928162369,0.1153054347,760.2971377884,1630.9399751797,1.0
6775,0.0,-1653.684204,-632.016968,-105.281113,0.3548821224,-0.9299332093,0.0963478357,0.1075361631,733.8165368245,1626.6586667253,1.0
6776,0.0,-1651.580566,-633.828796,-105.545425,0.3628648711,-0.9266475674,0.0982515704,0.1037087062,719.9026580621,1623.355524661,1.0
6777,0.0,-1649.450195,-635.911682,-105.733276,0.3758287319,-0.9213548354,0.0992876207,0.0976763005,698.246996593,1619.840547851,1.0
6778,0.0,-1647.846313,-637.383789,-105.971588,0.4003267065,-0.9109706614,0.0993528164,0.0866979017,658.7062552489,1617.3191185526,1.0
6779,0.0,-1645.591553,-639.838135,-106.081253,0.4482892374,-0.8884314197,0.0986223711,0.0668711986,580.1420016962,1613.5571774948,1.0
6780,0.0,-1643.18811,-642.12146,-105.985634,0.5023238822,-0.8590625099,0.0983987876,0.0472561579,489.0511567483,1609.9131486616,1.0
6781,0.0,-1641.067383,-643.9823,-105.777855,0.5445598318,-0.8329299299,0.0983987876,0.0341018099,416.0680565549,1606.9233012794,1.0
6782,0.0,-1638.516113,-646.237,-105.382538,0.5838961386,-0.8059521982,0.0975005309,0.0236798414,346.8576022955,1603.3678551714,1.0
6783,0.0,-1637.050415,-647.58728,-104.91732,0.5988935673,-0.7949579195,0.0967905019,0.0202105526,320.3303654194,1601.3988518307,1.0
6784,0.0,-1634.726196,-650.395752,-104.189583,0.6146032827,-0.7830280843,0.095550113,0.0169175916,292.6825498263,1597.9279047264,1.0
6785,0.0,-1633.335083,-652.773499,-103.981094,0.6161212417,-0.7818359572,0.0955361273,0.0166871743,290.2448700332,1595.4292157917,1.0
6786,0.0,-1632.063721,-655.128784,-103.590446,0.6168662168,-0.7812483082,0.0955361273,0.0166345998,289.3271908623,1592.875034215,1.0
6787,0.0,-1630.624146,-658.240173,-103.32032,0.6207389829,-0.7782897558,0.0945947733,0.015938361,282.712146233,1589.8093887172,1.0
6788,0.0,-1629.669922,-660.61615,-103.313423,0.6284880475,-0.7721463509,0.0937698614,0.0145306142,269.6555512439,1587.580592498,1.0
6789,0.0,-1628.517334,-663.571106,-103.275566,0.6414131064,-0.7615690029,0.0927463252,0.0123506441,248.3034500102,1584.7766507382,1.0
6790,0.0,-1627.435791,-666.187988,-103.103912,0.6513556996,-0.7531947543,0.0918336251,0.0108332843,232.2660014958,1582.2313373331,1.0
6791,0.0,-1626.177856,-669.111877,-102.923615,0.6532670866,-0.7515516743,0.0917180158,0.0106445438,229.8273398645,1579.3630317987,1.0
6792,0.0,-1623.776367,-673.888428,-102.890869,0.653306568,-0.7515173543,0.0917180158,0.0107697898,230.4611645342,1574.532451031,1.0
6793,0.0,-1622.899292,-675.588898,-102.8726235,0.653306568,-0.7515173543,0.0917180158,0.0108163288,230.7026812526,1572.8137246428,1.0
6794,0.0,-1622.022217,-677.289368,-102.854378,0.653306568,-0.7515173543,0.0917180158,0.0108628678,230.9441979711,1571.0949982546,1.0
6795,0.0,-1620.475952,-679.710876,-103.055191,0.653306568,-0.7515173543,0.0917180158,0.0109021252,230.9641317538,1568.4146153424,1.0
6796,0.0,-1618.807007,-682.436768,-103.259529,0.653306568,-0.7515173543,0.0917180158,0.0109531029,231.0479708821,1565.3485823214,1.0
6797,0.0,-1615.755615,-687.378662,-103.771088,0.6546296853,-0.7503650982,0.0917180158,0.0108390647,229.0308544673,1559.7792120466,1.0
6798,0.0,-1614.194336,-689.894226,-103.970299,0.6547463789,-0.750263277,0.0917180158,0.0108672565,228.9112152815,1556.9520212746,1.0
6799,0.0,-1612.334106,-692.853821,-104.117126,0.6547463789,-0.750263277,0.0917180158,0.0109257668,229.0288874761,1553.5985432985,1.0
6800,0.0,-1610.564087,-695.707458,-104.06916,0.6547463789,-0.750263277,0.0917180158,0.0109958581,229.2799430749,1550.3639411583,1.0
6801,0.0,-1608.583984,-698.76947,-104.030685,0.6562210956,-0.7490884658,0.0907763413,0.0107647373,226.3536879746,1546.8306992702,1.0
6802,0.0,-1606.957397,-701.460693,-104.140198,0.6599280262,-0.7460556652,0.0888591286,0.0101164724,219.0401674602,1543.8154552736,1.0
6803,0.0,-1605.608765,-703.842468,-104.203728,0.6663145543,-0.7404592423,0.0880058249,0.009209641,208.6848556081,1541.1922569543,1.0
6804,0.0,-1604.386353,-706.189026,-104.088097,0.6743234629,-0.7333620504,0.0864174199,0.0081128882,195.6032571505,1538.7071688602,1.0
6805,0.0,-1604.051514,-706.868225,-104.088097,0.6765297936,-0.7313814965,0.0859566461,0.0078271565,192.0574177886,1538.0326977404,1.0
6806,0.0,-1601.717285,-712.472778,-103.51783,0.6917029911,-0.7172711429,0.0840778197,0.0062336672,170.8304639894,1532.3444030776,1.0
6807,0.0,-1600.80896,-714.73584,-103.658333,0.6929396887,-0.716076468,0.0840778197,0.0061656403,169.632325281,1529.9420584605,1.0
6808,0.0,-1599.59729,-718.5354,-103.510757,0.6932318817,-0.7157936004,0.0840778197,0.0062328448,170.135347881,1526.2095897293,1.0
6809,0.0,-1598.850342,-721.135132,-103.443825,0.6932318817,-0.7157936004,0.0840778197,0.0063076279,170.8379276685,1523.4288993159,1.0
6810,0.0,-1597.933472,-724.715515,-103.41407,0.6932318817,-0.7157936004,0.0840778197,0.0064284507,172.0460315904,1519.7620152401,1.0
6811,0.0,-1597.250244,-727.686584,-103.508652,0.6943729925,-0.7146866919,0.0840778197,0.0064164799,171.5808902217,1517.061821144,1.0
6812,0.0,-1596.547974,-730.999878,-103.654099,0.701793656,-0.7074999265,0.0832437291,0.005719725,161.7648828569,1514.619610342,1.0
6813,0.0,-1595.915527,-734.321533,-103.860878,0.7096178864,-0.6996664324,0.0831224316,0.0051175165,152.8006724336,1512.2966214001,1.0
6814,0.0,-1595.35083,-737.755066,-104.104927,0.7167583649,-0.6923497026,0.0831224142,0.0046660778,145.6900909539,1509.8932100716,1.0
6815,0.0,-1594.957397,-740.548401,-104.21328,0.7174631652,-0.6916193086,0.0831224316,0.0046420484,145.1249347273,1507.9147849376,1.0
6816,0.0,-1594.624878,-743.912292,-104.508759,0.7192628375,-0.6897475153,0.0831224142,0.0045541549,143.5230327519,1505.5588320682,1.0
6817,0.0,-1594.286621,-747.082153,-104.691818,0.7217834315,-0.687204104,0.0823358818,0.0043788038,140.5258770173,1503.2787141186,1.0
6818,0.0,-1594.080078,-750.141785,-104.987083,0.7239398758,-0.6850467544,0.0813756758,0.0041973207,137.375451554,1500.9431906292,1.0
6819,0.0,-1594.119141,-753.225769,-105.300568,0.7265791526,-0.6822663947,0.081211462,0.004069741,135.0562310084,1498.5062428552,1.0
6820,0.0,-1594.709229,-756.074951,-105.302536,0.7306205831,-0.6779367684,0.081211462,0.0039369283,132.656200288,1496.4481439498,1.0
6821,0.0,-1595.157837,-758.722473,-105.315239,0.7343964705,-0.6738445855,0.0812114446,0.0038344856,130.7158167553,1494.0884571601,1.0
6822,0.0,-1595.835693,-761.12915,-105.272552,0.7364803792,-0.6714524993,0.0821473812,0.0038802783,131.295631343,1491.851330939,1.0
6823,0.0,-1596.491455,-762.906128,-105.245163,0.7384778261,-0.6692526353,0.0821669672,0.0038537972,130.6973193768,1490.1365865029,1.0
6824,0.0,-1597.298584,-765.214722,-105.220764,0.7404173233,-0.667106271,0.0821669672,0.0038377822,130.2139575318,1487.7140453608,1.0
6825,0.0,-1598.191284,-767.495239,-105.219666,0.7438575297,-0.6632680922,0.0821669846,0.0038105938,129.5328157498,1485.1920202781,1.0
6826,0.0,-1599.05957,-769.500244,-105.077606,0.7516709579,-0.6544000005,0.0821669672,0.0038253875,129.5760648413,1482.81784171,1.0
6827,0.0,-1600.003784,-771.57312,-104.969482,0.7591563514,-0.6457013403,0.0821669846,0.0039639088,131.6702109657,1480.2719461977,1.0
6828,0.0,-1600.773682,-773.46283,-104.902435,0.7643105161,-0.6395920744,0.0821669846,0.004133475,134.2267995467,1477.800579816,1.0
6829,0.0,-1601.652588,-775.471313,-104.756897,0.7664459018,-0.6370861638,0.0817428873,0.0041904544,134.903743737,1475.1422246412,1.0
6830,0.0,-1602.713867,-777.700928,-104.625717,0.7675604733,-0.6358084325,0.0812315018,0.0041938036,134.7103042917,1472.4399437784,1.0
6831,0.0,-1603.384399,-779.671204,-104.597183,0.7692021681,-0.6340602532,0.0793449423,0.004111961,133.0893797115,1469.0981720837,1.0
6832,0.0,-1603.74646,-781.04126,-104.5327,0.7701169826,-0.6330745466,0.0783355065,0.0040744052,132.2809180771,1466.8743686935,1.0
6833,0.0,-1604.427979,-783.235413,-104.423401,0.7707963127,-0.6323051906,0.0778664901,0.00407936,132.0241557119,1463.1395467,1.0
6834,0.0,-1604.869751,-784.974609,-104.412552,0.7708453094,-0.6322454576,0.0778664901,0.0040930631,131.9440789153,1459.8073436087,1.0
6835,0.0,-1605.421021,-786.714539,-104.376472,0.7711376151,-0.631888905,0.0778664901,0.0041157184,132.018089534,1456.6088285335,1.0
6836,0.0,-1605.781006,-788.046448,-104.384247,0.7716811359,-0.6312250267,0.0778664901,0.004161984,132.4562407265,1453.3144061535,1.0
6837,0.0,-1606.147949,-789.39209,-104.371719,0.7785725052,-0.6229356446,0.0760002421,0.0044364463,136.4257084773,1449.925943604,1.0
6838,0.0,-1606.734375,-790.401367,-104.198448,0.7919190077,-0.6062853984,0.0726794395,0.0053542253,149.536765045,1446.9941372389,1.0
6839,0.0,-1607.058228,-791.466736,-104.18177,0.7986853422,-0.5974193182,0.0720547181,0.0061181467,159.4661162886,1443.8057421339,1.0
6840,0.0,-1607.487427,-793.455505,-104.193748,0.797021705,-0.5991430172,0.0760529203,0.0063142908,161.2872011194,1437.5046801059,1.0
6841,0.0,-1607.619751,-794.340515,-104.238899,0.7919261531,-0.6053554209,0.0799861389,0.0061137398,158.3691775807,1434.3891574891,1.0
6842,0.0,-1607.80127,-795.15918,-104.272118,0.7909187055,-0.6065720728,0.0807336466,0.0060928699,157.756311252,1431.2758004988,1.0
6843,0.0,-1607.964722,-795.648071,-104.311951,0.7923935605,-0.6046441298,0.0807336466,0.0062844272,159.8444131848,1428.0158001247,1.0
6844,0.0,-1608.053101,-796.138,-104.356209,0.7950190443,-0.6012451909,0.0803052896,0.006582773,163.1994909331,1424.6732094412,1.0
6845,0.0,-1608.103271,-796.253052,-104.356209,0.7957203057,-0.600336812,0.0801555186,0.0066648265,164.0983624031,1423.7038492701,1.0
6846,0.0,-1608.041504,-796.665161,-104.437508,0.7984812358,-0.5966578303,0.0801695058,0.00709008,168.61757101,1418.5133523721,1.0
6847,0.0,-1608.021118,-796.761963,-104.494225,0.80196944,-0.5915777111,0.0829507626,0.0078780431,177.3771547252,1415.8933623297,1.0
6848,0.0,-1607.883179,-796.862244,-104.635933,0.8080382667,-0.5827623074,0.0863843305,0.0092106796,191.1964802344,1411.9567801588,1.0
6849,0.0,-1607.801147,-796.880554,-104.691902,0.810352656,-0.5794769605,0.0868045224,0.0096622577,195.4890866224,1409.6776718696,1.0
6850,0.0,-1607.739014,-796.94397,-104.737495,0.8120575343,-0.5770644608,0.0869434818,0.0099829062,198.2434567599,1406.5072138646,1.0
6851,0.0,-1607.90686,-796.529541,-105.108849,0.812604716,-0.5764047877,0.0862038063,0.0099836113,197.8778005153,1403.8636069929,1.0
6852,0.0,-1608.056885,-796.506287,-105.359741,0.8132148518,-0.5756405966,0.0855541255,0.009977518,197.36350646,1400.6402470577,1.0
6853,0.0,-1608.100098,-796.455261,-105.454376,0.814193796,-0.5742615894,0.0855107565,0.0101156455,198.4031012919,1398.4203534637,1.0
6854,0.0,-1608.175781,-796.350647,-105.568329,0.815618931,-0.5722356795,0.0855107391,0.0103232132,199.9290652161,1395.0096781823,1.0
6855,0.0,-1608.540405,-796.785034,-104.12442,0.8173439052,-0.5697691236,0.0855107391,0.0106445486,202.5442709235,1391.8747125972,1.0
6856,0.0,-1608.709961,-796.724548,-104.04937,0.8176071231,-0.5693913442,0.0855107565,0.010676149,202.7415089877,1391.1777295547,1.0
6857,0.0,-1608.900269,-796.52948,-103.872871,0.8182040512,-0.5685332366,0.0855107565,0.0106930176,202.3245840477,1387.2272501234,1.0
6858,0.0,-1608.914062,-796.482788,-103.848015,0.8182040512,-0.5685332366,0.0855107565,0.0106025402,201.0393180863,1384.252319015,1.0
6859,0.0,-1609.268677,-796.315735,-103.365829,0.8170460101,-0.5701962214,0.0855107391,0.0103054239,197.8814547661,1381.907445818,1.0
6860,0.0,-1609.427368,-796.353638,-103.306786,0.8159431557,-0.5718211077,0.0851903009,0.0099601848,194.1864846516,1379.2862904832,1.0
6861,0.0,-1609.614624,-796.417419,-103.273293,0.8141982528,-0.5743947826,0.0845685452,0.0094337325,188.4960348087,1375.5365015091,1.0
8767,0.0,-2142.785156,-618.693604,-104.298721,0.6666486275,0.7420844272,0.0699307546,0.0287403841,348.2594654829,1463.136122833,4.0
8768,0.0,-2142.773926,-618.681213,-104.298721,0.6666486275,0.7420844272,0.0699307546,0.0290639413,350.8582671939,1465.9467419046,4.0
8769,0.0,-2142.77002,-618.676819,-104.298721,0.6666486275,0.7420844272,0.0699307546,0.0293552607,353.1886877125,1468.4516291136,4.0
8770,0.0,-2141.772705,-618.609741,-104.298721,0.6659722661,0.7426914772,0.0699307546,0.0298202258,356.4064899541,1470.4058162343,4.0
8771,0.0,-2140.819336,-618.530579,-104.298721,0.6653350353,0.7432623899,0.0699307546,0.0302334465,359.2112512563,1471.9692005605,4.0
8772,0.0,-2139.718506,-618.439514,-104.298721,0.6645984099,0.7439211269,0.0699307546,0.0307136157,362.445384838,1473.7460778979,4.0
8773,0.0,-2136.987793,-618.229553,-104.298721,0.6639373336,0.7445111864,0.0699307546,0.0310113124,364.2026164985,1473.8774616422,4.0
8774,0.0,-2133.434326,-617.969666,-104.298721,0.6637978815,0.744635523,0.0699307546,0.0311464631,364.952853233,1473.7563520568,4.0
8775,0.0,-2130.305908,-617.74646,-104.298721,0.6637978815,0.744635523,0.0699307546,0.031242951,365.4814253955,1473.6461806337,4.0
8776,0.0,-2126.870361,-617.505371,-104.298721,0.6638762121,0.7447233928,0.0682308082,0.0312324506,365.3771054975,1473.4692563947,4.0
8777,0.0,-2123.330811,-617.238281,-104.298721,0.661915177,0.746650918,0.0661868952,0.0318712053,368.9647633645,1473.1904357737,4.0
8778,0.0,-2120.291504,-616.949646,-104.298714,0.6536308442,0.75421024,0.062718684,0.034535152,383.7459470023,1472.9244631631,4.0
8779,0.0,-2116.973389,-616.570557,-104.298714,0.6329280534,0.7720489002,0.0578150055,0.0416835479,420.7878205152,1472.7851156888,4.0
8780,0.0,-2113.697998,-616.156982,-104.298714,0.6048288958,0.7945427727,0.0537009232,0.0523634539,470.2967409463,1472.6646744808,4.0
8781,0.0,-2111.022217,-615.788452,-104.298691,0.5756041614,0.8161787521,0.0503199174,0.0644766919,520.2006746406,1472.5509656544,4.0
8782,0.0,-2107.799805,-615.356445,-104.298714,0.5474517213,0.8354038493,0.0489593848,0.077162471,567.1377392246,1472.3606066921,4.0
8783,0.0,-2104.619385,-614.897888,-104.298714,0.5183613228,0.8538653379,0.0470693513,0.0911095279,613.9181481617,1472.1025620891,4.0
8784,0.0,-2101.838623,-614.4646,-104.298721,0.4915077518,0.8696061212,0.046960877,0.1047709031,655.8688296888,1471.8575843393,4.0
8785,0.0,-2098.557617,-613.910156,-104.298714,0.4555693883,0.8890071884,0.0460733266,0.1240242889,709.8226998058,1471.5767086516,4.0
8786,0.0,-2095.391846,-613.326965,-104.298714,0.4177511391,0.9074890106,0.0441325431,0.1454369397,764.1161917353,1471.300004467,4.0
8787,0.0,-2092.569824,-612.762207,-104.298721,0.3918295696,0.9189808856,0.0440876446,,,,
8788,0.0,-2089.189941,-612.028992,-104.298721,0.3761781638,0.925540712,0.0431784618,,,,
8789,0.0,-2086.326172,-611.350586,-104.298714,0.3657928897,0.9297334049,0.0423244334,,,,
8790,0.0,-2083.029053,-610.697876,-104.298721,0.3593825838,0.9322369251,0.0421719581,,,,
8791,0.0,-2079.573975,-610.177673,-104.298721,0.3569811232,0.9331591524,0.0421719581,,,,
8792,0.0,-2076.104492,-609.804688,-104.298721,0.3559679338,0.9335867083,0.0412636425,,,,
8793,0.0,-2069.729736,-609.469604,-104.298721,0.3551449343,0.9339022842,0.041214065,,,,
8794,0.0,-2068.0361325,-609.464813,-104.298721,0.3526676324,0.9348368475,0.041214065,,,,
8795,0.0,-2066.342529,-609.460022,-104.298721,0.3501903304,0.9357714108,0.041214065,,,,
8796,0.0,-2062.78833,-609.560608,-104.298721,0.3416465255,0.9389244126,0.041214065,,,,
8797,0.0,-2056.762939,-609.999573,-104.298721,0.3049852124,0.951422906,0.0421719581,,,,
8798,0.0,-2053.830322,-610.328979,-104.298714,0.275525084,0.9604033842,0.0413674706,,,,
8799,0.0,-2050.563721,-610.749939,-104.298706,0.2421366338,0.9694377671,0.0395002053,,,,
8800,0.0,-2047.131348,-611.172302,-104.298721,0.2226308079,0.97414727,0.0383747288,,,,
8801,0.0,-2044.24585,-611.544312,-104.298721,0.2075340437,0.9774761661,0.0383401269,,,,
8802,0.0,-2040.859009,-611.976929,-104.298721,0.1950257022,0.980048474,0.0383401095,,,,
8803,0.0,-2037.353882,-612.413757,-104.298721,0.1875418952,0.9814714431,0.0392663208,,,,
8804,0.0,-2034.288208,-612.785767,-104.298721,0.1856504825,0.9818296977,0.0392981311,,,,
8805,0.0,-2030.757446,-613.217102,-104.298721,0.1854407659,0.981869329,0.0392981311,,,,
8806,0.0,-2027.500977,-613.624207,-104.298721,0.1854407659,0.981869329,0.0392981311,,,,
8807,0.0,-2024.415283,-614.019043,-104.298721,0.1854407659,0.981869329,0.0392981311,,,,
8808,0.0,-2020.966187,-614.470764,-104.298721,0.1854407659,0.981869329,0.0392981311,,,,
8809,0.0,-2017.42981,-614.953125,-104.298721,0.1827620691,0.9823714581,0.0392981485,,,,
8810,0.0,-2013.968384,-615.441345,-104.298721,0.1778149962,0.9832789452,0.0392981311,,,,
8811,0.0,-2011.082031,-615.860901,-104.298721,0.1711500956,0.9844268337,0.0401429188,,,,
8812,0.0,-2007.755249,-616.342224,-104.298721,0.1643236737,0.985584687,0.0402561165,,,,
8813,0.0,-2004.358521,-616.859253,-104.298721,0.1501280757,0.9878090598,0.0411682192,,,,
8814,0.0,-2001.091309,-617.368347,-104.298721,0.1318336882,0.9904147008,0.041214065,,,,
8815,0.0,-1998.168701,-617.815186,-104.298729,0.1152678971,0.9924431207,0.0420709409,,,,
8816,0.0,-1994.969238,-618.306396,-104.298721,0.0934156066,0.994733658,0.0421719581,,,,
8817,0.0,-1991.962769,-618.754517,-104.298721,0.0716824879,0.9965355723,0.0421719581,,,,
8818,0.0,-1988.757568,-619.205505,-104.298721,0.0492990832,0.9978933442,0.0421719581,,,,
8819,0.0,-1985.491577,-619.671814,-104.298721,0.0191971009,0.9989259218,0.0421719581,,,,
8820,0.0,-1982.160156,-620.106628,-104.298721,-0.0104328973,0.9990160103,0.0431064468,,,,
8821,0.0,-1979.152588,-620.432007,-104.298721,-0.0313507345,0.9985774628,0.0431298299,,,,
8822,0.0,-1976.050781,-620.715515,-104.298721,-0.0501544624,0.9978097753,0.0431298299,,,,
8823,0.0,-1972.481323,-620.967041,-104.298721,-0.0664881198,0.9968546272,0.0431298299,,,,
8824,0.0,-1969.47168,-621.106934,-104.298721,-0.0744487556,0.9963286466,0.042268319,,,,
8825,0.0,-1965.914917,-621.220581,-104.298721,-0.0818416997,0.9957527113,0.0421719581,,,,
8826,0.0,-1962.998657,-621.260742,-104.298721,-0.084439829,0.9955357559,0.0421719581,,,,
8827,0.0,-1959.542236,-621.269531,-104.298721,-0.086558129,0.9953538146,0.0421719581,,,,
8828,0.0,-1955.95105,-621.237244,-104.298721,-0.087689698,0.9952547628,0.0421719581,,,,
8829,0.0,-1953.017334,-621.187012,-104.298721,-0.0893311744,0.9951087708,0.0421719755,,,,
8830,0.0,-1949.485474,-621.092407,-104.298721,-0.0896331639,0.9950816157,0.0421719581,,,,
8831,0.0,-1946.199463,-620.980835,-104.298721,-0.0904716151,0.9950057351,0.0421719581,,,,
8832,0.0,-1942.499878,-620.827209,-104.298721,-0.0905871339,0.9949952247,0.0421719581,,,,
8833,0.0,-1939.31311,-620.666687,-104.298721,-0.0888110798,0.9951553236,0.0421719581,,,,
8834,0.0,-1935.68457,-620.394043,-104.298729,-0.0665928173,0.9969650259,0.0403253498,,,,
8835,0.0,-1931.737915,-619.994812,-104.298721,0.0008357454,0.9992628181,0.0383812689,,,,
8836,0.0,-1922.265137,-620.13501,-104.298714,0.3214725404,0.9459150952,0.0435894311,,,,
8837,0.0,-1920.3181765,-620.3440555,-104.2987175,0.4265247072,0.8956771182,0.0475759368,,,,
8838,0.0,-1913.344116,-622.647461,-104.298721,0.7293716571,0.681269182,0.0623641526,0.0090517707,175.7229851016,1308.9764010894,4.0
8839,0.0,-1908.552246,-625.213013,-104.298721,0.8773904863,0.4744104303,0.0715589141,0.0028402321,102.3089423613,1358.4081501062,1.0
8840,0.0,-1904.942261,-627.32135,-104.298721,0.9471850155,0.3110912142,0.0778640018,0.0288690137,323.5710106336,1356.4253236386,1.0
8841,0.0,-1901.316895,-629.657715,-104.298721,0.9866984234,0.1402801505,0.0821443894,0.085669582,548.5371454682,1354.516401523,1.0
8842,0.0,-1897.977295,-631.902039,-104.298721,0.9966501615,-0.0064770202,0.081526093,,,,
8843,0.0,-1895.216797,-633.347046,-104.298721,0.9943584441,-0.0717254354,0.0781456748,,,,
8844,0.0,-1891.969238,-634.496521,-104.298721,0.9920750971,-0.0995108131,0.0767111451,,,,
8845,0.0,-1888.619263,-635.4776,-104.298721,0.9919060347,-0.1012482239,0.076623857,,,,
8846,0.0,-1885.748657,-636.278748,-104.298721,0.9919060347,-0.1012482239,0.076623857,,,,
8847,0.0,-1882.346558,-637.190063,-104.298721,0.9919060347,-0.1012482239,0.076623857,,,,
8848,0.0,-1879.352905,-637.959656,-104.298721,0.9919060347,-0.1012482239,0.076623857,,,,
8849,0.0,-1875.983887,-638.792725,-104.298721,0.9919060347,-0.1012482239,0.076623857,,,,
8850,0.0,-1872.925293,-639.521484,-104.298721,0.9919060347,-0.1012482239,0.076623857,,,,
8851,0.0,-1869.186035,-640.382324,-104.298721,0.9919060347,-0.1012482239,0.076623857,,,,
11649,0.0,-222.052856,726.117371,-57.409512,-0.6337242311,-0.7735553335,-0.0023968409,0.1088433571,614.3122116034,1354.017985292,5.0
11650,0.0,-222.12352,726.031128,-57.409512,-0.6337242311,-0.7735553335,-0.0023968409,0.1099809959,616.2624857375,1351.6797943457,5.0
11651,0.0,-222.184647,725.956482,-57.409512,-0.6337242311,-0.7735553335,-0.0023968409,0.1110363669,618.0461412834,1349.5111564053,5.0
11652,0.0,-222.231827,725.898926,-57.409512,-0.6337242311,-0.7735553335,-0.0023968409,0.1119181986,619.5381992418,1347.743762036,5.0
11653,0.0,-223.104355,723.307495,-55.867397,-0.6578099751,-0.7531691054,0.0047260199,0.1286585661,659.055047483,1343.1540327237,5.0
11654,0.0,-224.126617,720.713806,-54.36153,-0.6801349809,-0.7329911112,0.0118506828,0.1456001574,695.7291890352,1338.9291947991,5.0
11655,0.0,-225.585678,717.899963,-52.562397,-0.7006545538,-0.7132852886,0.0175297825,,,,
11656,0.0,-226.32605,715.397217,-51.104,-0.7145231057,-0.6992724585,0.0217889905,,,,
11657,0.0,-227.05127,712.517151,-49.458485,-0.7291986735,-0.6837854065,0.026585946,,,,
11658,0.0,-227.757492,709.465759,-47.728539,-0.7412248863,-0.6705906157,0.0298980606,,,,
11659,0.0,-228.492142,706.550171,-46.044785,-0.7584090284,-0.6507654258,0.0363332644,,,,
11660,0.0,-229.253799,703.675964,-44.359283,-0.7786020545,-0.6260927637,0.0422692781,,,,
11661,0.0,-230.053741,700.896118,-42.689346,-0.8022651668,-0.5949560157,0.0489687808,,,,
11662,0.0,-230.750275,698.361633,-41.171204,-0.8207217962,-0.5688976087,0.0526426062,,,,
11663,0.0,-231.528244,695.464478,-39.43623,-0.8391621242,-0.5410135088,0.0557791421,,,,
11664,0.0,-232.426285,692.57373,-37.630825,-0.8631984611,-0.5010771166,0.0617263315,,,,
11665,0.0,-233.159698,690.192017,-36.141735,-0.8799960107,-0.4703733939,0.0659991775,,,,
11666,0.0,-234.106827,687.315613,-34.300762,-0.9006502615,-0.4283507386,0.073107805,,,,
11667,0.0,-235.005829,684.926697,-32.694042,-0.9202707874,-0.3825641574,0.0821361271,,,,
11668,0.0,-235.926117,682.341187,-30.996655,-0.9347205729,-0.344025755,0.0891276077,,,,
11669,0.0,-237.816406,677.464661,-27.715151,-0.958318818,-0.2678005602,0.0995384499,,,,
11670,0.0,-238.2500685,676.0540165,-26.82852,-0.9615284942,-0.2552589294,0.1006823257,,,,
11671,0.0,-238.683731,674.643372,-25.941889,-0.9647381705,-0.2427172985,0.1018262015,,,,
11672,0.0,-239.89064,669.14679,-22.674692,-0.9720454106,-0.2110056648,0.1029773238,,,,
11673,0.0,-240.13105,667.4895935,-21.751501,-0.9725303434,-0.208508663,0.1034513116,,,,
11674,0.0,-240.654938,663.208984,-19.403467,-0.9730193104,-0.2059897682,0.1039309236,,,,
11675,0.0,-240.905029,660.22467,-17.798418,-0.9730193104,-0.2059897682,0.1039309236,,,,
11676,0.0,-241.096756,656.9151,-16.323992,-0.9730193104,-0.2059897682,0.1039309236,,,,
11677,0.0,-241.197418,653.854126,-16.298723,-0.9730193104,-0.2059897682,0.1039309236,,,,
11678,0.0,-241.229111,651.295959,-16.298723,-0.9735197847,-0.2036113657,0.103930941,,,,
11679,0.0,-241.214355,647.998901,-16.298723,-0.9740648636,-0.2005179387,0.1048341445,,,,
11680,0.0,-241.142288,644.848328,-16.298723,-0.9745620372,-0.1975545163,0.1058350069,,,,
11681,0.0,-241.04213,642.265015,-16.298723,-0.9748015074,-0.1959246956,0.1066561526,,,,
11682,0.0,-240.891525,639.315979,-16.298723,-0.9751557578,-0.1940796205,0.1067911464,,,,
11683,0.0,-240.682648,636.075256,-16.298723,-0.975213812,-0.1937877077,0.106791129,,,,
11684,0.0,-240.471649,633.331909,-16.298723,-0.975213812,-0.1937877077,0.106791129,,,,
11685,0.0,-240.192795,630.150574,-16.298723,-0.975213812,-0.1937877077,0.106791129,,,,
11686,0.0,-239.882736,627.003906,-16.298723,-0.975213812,-0.1937877077,0.106791129,,,,
11687,0.0,-239.557678,624.00647,-16.298723,-0.975213812,-0.1937877077,0.106791129,,,,
11688,0.0,-239.205582,621.000732,-16.298723,-0.975213812,-0.1937877077,0.106791129,,,,
11689,0.0,-238.847153,618.135925,-16.298723,-0.975213812,-0.1937877077,0.106791129,,,,
11690,0.0,-238.441635,615.068359,-16.298723,-0.975213812,-0.1937877077,0.106791129,,,,
11691,0.0,-238.091782,612.550232,-16.298723,-0.975213812,-0.1937877077,0.106791129,,,,
11692,0.0,-237.600677,609.153809,-16.298723,-0.975213812,-0.1937877077,0.106791129,,,,
11693,0.0,-237.15123,606.176575,-16.298723,-0.975213812,-0.1937877077,0.106791129,,,,
11694,0.0,-236.85376,603.605835,-16.298723,-0.975213812,-0.1937877077,0.106791129,,,,
11695,0.0,-236.661301,600.625305,-16.298723,-0.975213812,-0.1937877077,0.106791129,,,,
11696,0.0,-236.638046,597.40033,-16.298723,-0.975213812,-0.1937877077,0.106791129,,,,
11697,0.0,-236.766815,594.723572,-16.298723,-0.975213812,-0.1937877077,0.106791129,,,,
11698,0.0,-237.054535,591.640381,-16.298723,-0.975213812,-0.1937877077,0.106791129,,,,
11699,0.0,-237.397705,589.185242,-16.353899,-0.975213812,-0.1937877077,0.106791129,,,,
11700,0.0,-237.894928,586.328613,-16.370195,-0.975213812,-0.1937877077,0.106791129,,,,
11701,0.0,-238.491531,583.311096,-16.375376,-0.975213812,-0.1937877077,0.106791129,,,,
11702,0.0,-239.175293,580.373535,-16.382502,-0.975213812,-0.1937877077,0.106791129,,,,
11703,0.0,-239.946869,577.459717,-16.390482,-0.975213812,-0.1937877077,0.106791129,,,,
11704,0.0,-240.813858,574.514709,-16.399439,-0.975213812,-0.1937877077,0.106791129,,,,
11705,0.0,-241.743271,571.549377,-16.40913,-0.9741535028,-0.1980892187,0.1085615696,,,,
11706,0.0,-242.58728,568.73468,-16.418444,-0.9689527938,-0.217952664,0.1167352544,,,,
11707,0.0,-243.561859,565.553406,-16.429415,-0.9619118531,-0.2431732109,0.124869437,,,,
11708,0.0,-245.170258,559.048706,-16.45146,-0.9265408058,-0.3456228689,0.1485495464,,,,
11709,0.0,-245.6142125,557.161957,-16.4741945,-0.9117260988,-0.3790020179,0.1541054196,,,,
11710,0.0,-246.058167,555.275208,-16.496929,-0.8969113918,-0.4123811669,0.1596612928,,,,
11711,0.0,-246.645782,552.352295,-16.54137,-0.8657449208,-0.4709320321,0.1694365757,,,,
11712,0.0,-248.096542,545.943726,-16.71204,-0.8030496579,-0.5622156843,0.1975468837,,,,
11713,0.0,-249.050339,542.552673,-16.881222,-0.7843314511,-0.5831448305,0.2115804373,,,,
11714,0.0,-249.871155,539.828613,-17.019855,-0.7764689544,-0.5909921171,0.2186876319,,,,
11715,0.0,-250.903732,536.52948,-17.241825,-0.7737704213,-0.5930192261,0.222727485,,,,
11716,0.0,-251.882294,533.353027,-17.729233,-0.773668883,-0.5920519661,0.2256345027,,,,
11717,0.0,-252.871872,530.339905,-18.08296,-0.7789589505,-0.5813499537,0.235064214,,,,
11718,0.0,-253.977203,527.238464,-18.340462,-0.7908619916,-0.559314534,0.2484040303,,,,
11719,0.0,-255.177246,524.196777,-18.592184,-0.8087832891,-0.5242136138,0.2665889691,,,,
11720,0.0,-256.21283,521.691589,-18.807117,-0.8258355453,-0.487228421,0.2839086434,,,,
11721,0.0,-257.149323,518.759277,-19.055723,-0.8359395668,-0.4624781529,0.2954978828,,,,
11722,0.0,-258.075714,515.710754,-19.307394,-0.8430839145,-0.4426967707,0.3053343778,,,,
11723,0.0,-258.917236,512.769897,-19.49737,-0.8464851794,-0.4308004106,0.3128479619,,,,
11724,0.0,-259.716309,509.831635,-19.290163,-0.8481429149,-0.4255111985,0.3155848789,,,,
11725,0.0,-260.484741,507.028748,-19.092478,-0.8492998452,-0.4212478751,0.3181823388,,,,
11726,0.0,-261.321075,503.947388,-18.877497,-0.8494884544,-0.4200824192,0.3192179927,,,,
11727,0.0,-262.351776,501.055237,-18.68236,-0.8494901353,-0.4200702971,0.3192294716,,,,
11728,0.0,-263.461945,498.46167,-18.511202,-0.8494901353,-0.4200702971,0.3192294716,,,,
11729,0.0,-264.665833,496.021942,-18.353456,-0.8494901353,-0.4200702971,0.3192294716,,,,
11730,0.0,-266.142578,493.415131,-18.187136,-0.8500550726,-0.4177262024,0.3207977454,,,,
11731,0.0,-267.765198,490.863556,-17.987291,-0.8500054866,-0.4163815116,0.3226718295,,,,
11732,0.0,-269.604279,488.27536,-17.776278,-0.8504985789,-0.4145307657,0.3237536278,,,,
11733,0.0,-271.277222,486.143799,-17.609077,-0.8507561255,-0.4126911113,0.3254228964,,,,
11734,0.0,-273.294739,483.797089,-17.448542,-0.8527015109,-0.4085294769,0.3255822475,,,,
11735,0.0,-275.057526,481.913605,-17.321795,-0.8547652891,-0.4041936426,0.3255822475,,,,
11736,0.0,-277.215271,479.727661,-17.177187,-0.8569051195,-0.4016417518,0.3231060497,,,,
11737,0.0,-279.366302,477.588135,-17.042582,-0.8562650032,-0.4084644743,0.3161756119,,,,
11738,0.0,-281.703888,475.309875,-16.907425,-0.8526557188,-0.4224733499,0.307399567,,,,
11739,0.0,-283.606567,473.466064,-16.819529,-0.8457697841,-0.4383378667,0.3041930091,,,,
11740,0.0,-286.04068,471.409363,-16.641283,-0.8445473557,-0.441062409,0.3036506469,,,,
11741,0.0,-288.482941,469.445312,-16.329638,-0.8445473557,-0.441062409,0.3036506469,,,,
11742,0.0,-290.959686,467.524536,-16.303438,-0.8445473557,-0.441062409,0.3036506469,,,,
11743,0.0,-293.473328,465.638092,-16.304239,-0.8445473557,-0.441062409,0.3036506469,,,,
11744,0.0,-296.019958,463.783722,-16.304239,-0.8445473557,-0.441062409,0.3036506469,,,,
11745,0.0,-298.561249,461.983429,-16.304239,-0.8445473557,-0.441062409,0.3036506469,,,,
11746,0.0,-300.854401,460.398193,-16.304239,-0.8445473557,-0.441062409,0.3036506469,,,,
11747,0.0,-303.420654,458.710968,-16.304243,-0.8481241765,-0.4374807476,0.2988243243,,,,
11748,0.0,-306.293304,456.901062,-16.304239,-0.8535034005,-0.4304403105,0.2936887545,,,,
11749,0.0,-308.631622,455.499603,-16.304247,-0.8588472681,-0.4213992715,0.2912113049,,,,
11750,0.0,-311.281677,453.916595,-16.304245,-0.8636648406,-0.4139194471,0.2876694881,,,,
11751,0.0,-314.156128,452.315491,-16.304247,-0.8719671087,-0.3995566297,0.2828919598,,,,
11752,0.0,-317.139008,450.879517,-16.304241,-0.8865508329,-0.369786255,0.2780031408,,,,
11753,0.0,-319.611694,449.789642,-16.304255,-0.8992200703,-0.340420858,0.2748033927,,,,
11754,0.0,-322.848816,448.712646,-16.304264,-0.9225055077,-0.2775828914,0.2682001614,,,,
11755,0.0,-328.463318,446.867737,-16.304285,-0.9491525815,-0.1855993715,0.2542877314,,,,
11756,0.0,-331.298553,446.029755,-16.30427,-0.9591238101,-0.1411734722,0.2452581652,,,,
11757,0.0,-334.330902,445.059692,-16.304249,-0.9655830247,-0.1088328734,0.2362304553,,,,
11758,0.0,-337.236603,444.107971,-16.304245,-0.969497165,-0.088374025,0.2286160073,,,,
11759,0.0,-340.141266,443.125153,-16.304241,-0.9714796795,-0.0788520223,0.2236282425,,,,
11760,0.0,-343.201813,442.084747,-16.304239,-0.9719395584,-0.0770900156,0.2222400149,,,,
11761,0.0,-345.685089,441.284821,-16.304239,-0.9719557493,-0.0770384155,0.2221870923,,,,
11762,0.0,-348.775543,440.350281,-16.304239,-0.9719557493,-0.0770384155,0.2221870923,,,,
11763,0.0,-351.774292,439.504364,-16.304239,-0.9719557493,-0.0770384155,0.2221870923,,,,
11764,0.0,-354.990845,438.656036,-16.304239,-0.9719557493,-0.0770384155,0.2221870923,,,,
11765,0.0,-357.683563,437.990936,-16.304239,-0.9719557493,-0.0770384155,0.2221870923,,,,
11766,0.0,-360.950928,437.229492,-16.283838,-0.9719557493,-0.0770384155,0.2221870923,,,,
11767,0.0,-363.913544,436.581116,-16.282373,-0.9719557493,-0.0770384155,0.2221870923,,,,
11768,0.0,-366.943237,435.954559,-16.282473,-0.9719557493,-0.0770384155,0.2221870923,,,,
11769,0.0,-369.934143,435.369263,-16.297647,-0.9719557493,-0.0770384155,0.2221870923,,,,
11770,0.0,-372.623199,434.86911,-16.299105,-0.9719557493,-0.0770384155,0.2221870923,,,,
11771,0.0,-375.641113,434.333649,-16.298723,-0.9719557493,-0.0770384155,0.2221870923,,,,
11772,0.0,-378.817413,433.797363,-16.298723,-0.9719557493,-0.0770384155,0.2221870923,,,,
11773,0.0,-381.89917,433.293182,-16.298723,-0.9718879346,-0.0778892233,0.2221871093,,,,
11774,0.0,-385.020905,432.803192,-16.510508,-0.9718100874,-0.0788546139,0.2221870923,,,,
11775,0.0,-387.970001,432.36673,-18.423777,-0.9718062423,-0.0789019867,0.2221870923,,,,
11776,0.0,-391.058685,431.92688,-20.544214,-0.9718062423,-0.0789019867,0.2221870923,,,,
11777,0.0,-393.918304,431.536682,-22.471498,-0.9718062423,-0.0789019867,0.2221870923,,,,
11778,0.0,-397.074127,431.12149,-24.575373,-0.9718062423,-0.0789019867,0.2221870923,,,,
11779,0.0,-400.116577,430.73407,-26.603662,-0.9718062423,-0.0789019867,0.2221870923,,,,
11780,0.0,-403.278564,430.343323,-28.711666,-0.9718062423,-0.0789019867,0.2221870923,,,,
11781,0.0,-406.460052,429.961609,-30.832653,-0.9718062423,-0.0789019867,0.2221870923,,,,
11782,0.0,-409.50943,429.60553,-32.865566,-0.9718062423,-0.0789019867,0.2221870923,,,,
11830,0.0,-568.096008,424.416199,-139.541107,-0.915459849,-0.3640653589,0.1714341837,,,,
11831,0.0,-568.279907,424.343048,-139.541107,-0.915459849,-0.3640653589,0.1714341837,,,,
11832,0.0,-568.467773,424.268402,-139.541107,-0.915459849,-0.3640653589,0.1714341837,,,,
11833,0.0,-568.657959,424.19278,-139.541107,-0.915459849,-0.3640653589,0.1714341837,,,,
11834,0.0,-571.195251,424.994202,-141.238708,-0.9115941121,-0.3740121611,0.1706196885,,,,
11835,0.0,-574.332886,426.010925,-143.343231,-0.9071636274,-0.3854676415,0.168727148,,,,
11836,0.0,-579.939209,427.858459,-147.101486,-0.8994651974,-0.4049262791,0.1643078425,,,,
11837,0.0,-581.574951,428.4025115,-148.1976545,-0.89714989,-0.4102579366,0.1636345311,,,,
11838,0.0,-583.210693,428.946564,-149.293823,-0.8948345826,-0.415589594,0.1629612197,,,,
11839,0.0,-588.897278,430.834412,-153.100647,-0.8870300799,-0.4333858547,0.1592304565,,,,
11840,0.0,-591.911316,431.832916,-155.107025,-0.8836798087,-0.4405582888,0.1581720265,,,,
11841,0.0,-594.702576,432.753754,-156.955414,-0.8812264102,-0.445470695,0.1581008341,,,,
11842,0.0,-598.037903,433.841705,-159.17215,-0.8774600896,-0.4528442229,0.1581009203,,,,
11843,0.0,-600.735779,434.709686,-160.200409,-0.8741100718,-0.4598639157,0.1563865765,,,,
11844,0.0,-603.551453,435.604034,-160.317627,-0.8700475285,-0.4678356657,0.1553933333,,,,
11845,0.0,-606.594238,436.559753,-160.298737,-0.8664613301,-0.4750333929,0.1535839805,,,,
11846,0.0,-609.350403,437.411346,-160.298737,-0.8628139126,-0.4819407921,0.152594971,,,,
11847,0.0,-612.833923,438.471008,-160.298737,-0.8586390688,-0.4899717999,0.1505542584,,,,
11848,0.0,-615.667297,439.320251,-160.298737,-0.856181024,-0.4947968149,0.1487621127,,,,
11849,0.0,-618.497253,440.151459,-160.298737,-0.8532930142,-0.5002903973,0.1469712565,,,,
11850,0.0,-621.500854,441.021515,-160.298737,-0.8509050392,-0.5046506473,0.1459052376,,,,
11851,0.0,-624.525024,441.879517,-160.298737,-0.8481174913,-0.5095933294,0.1449529563,,,,
11852,0.0,-627.838013,442.798584,-160.298737,-0.8446307396,-0.515901582,0.1429841646,,,,
11853,0.0,-630.519409,443.515167,-160.298721,-0.8397185317,-0.5247663003,0.1396177552,,,,
11854,0.0,-633.422729,444.273102,-160.298721,-0.8340397207,-0.5342872303,0.1375314505,,,,
11855,0.0,-636.348572,445.007477,-160.298706,-0.8262128247,-0.5473666759,0.133274493,,,,
11856,0.0,-639.637268,445.799805,-160.298721,-0.8155802655,-0.5641093698,0.128877653,,,,
11857,0.0,-642.442444,446.447998,-160.298721,-0.8060205741,-0.5784807178,0.1252632953,,,,
11858,0.0,-645.689758,447.175568,-160.298737,-0.7976358322,-0.590849887,0.1211341828,,,,
11859,0.0,-648.275391,447.729889,-160.298721,-0.7919953425,-0.5988820324,0.1186747186,,,,
11860,0.0,-651.494934,448.394836,-160.298721,-0.7865037309,-0.6066597947,0.1156536846,,,,
11861,0.0,-654.511536,448.98819,-160.298721,-0.7820920994,-0.6128617251,0.112838176,,,,
11862,0.0,-657.480225,449.537109,-160.298721,-0.7751479207,-0.6221226685,0.1100412941,,,,
11863,0.0,-660.452271,450.059143,-160.298721,-0.7693668385,-0.6298731682,0.10646342,,,,
11864,0.0,-664.026672,450.663818,-160.298737,-0.7667117513,-0.6333635762,0.1048983829,,,,
11865,0.0,-666.918701,451.122375,-160.298737,-0.7639817861,-0.6369415083,0.1031375078,,,,
11866,0.0,-669.871521,451.553925,-160.298721,-0.7574390135,-0.6451309826,0.1004597234,,,,
11867,0.0,-672.8797,451.967651,-161.240555,-0.7515991338,-0.6527130404,0.0952072946,,,,
11868,0.0,-676.475098,452.451111,-163.475769,-0.7507649813,-0.653790725,0.0943908406,,,,
11869,0.0,-679.469849,452.832581,-165.427277,-0.7507649813,-0.653790725,0.0943908406,,,,
11870,0.0,-682.577698,453.209656,-167.453125,-0.7507649813,-0.653790725,0.0943908406,,,,
11871,0.0,-685.798889,453.581421,-169.553314,-0.7507649813,-0.653790725,0.0943908406,,,,
11872,0.0,-688.889526,453.746796,-171.568665,-0.7507649813,-0.653790725,0.0943908406,,,,
11873,0.0,-691.877563,453.722443,-173.517212,-0.7507649813,-0.653790725,0.0943908406,,,,
11874,0.0,-695.141235,453.505096,-175.645447,-0.7507649813,-0.653790725,0.0943908406,,,,
11875,0.0,-697.922485,453.156311,-177.459198,-0.7507649813,-0.653790725,0.0943908406,,,,
11876,0.0,-700.732605,452.668732,-179.292419,-0.7507649813,-0.653790725,0.0943908406,,,,
11877,0.0,-703.839417,451.979279,-181.319458,-0.7507649813,-0.653790725,0.0943908406,,,,
11878,0.0,-706.506714,451.275238,-183.076324,-0.7507649813,-0.653790725,0.0943908406,,,,
11879,0.0,-709.508606,450.375763,-185.077545,-0.7507649813,-0.653790725,0.0943908406,,,,
11880,0.0,-714.774109,448.473663,-188.587891,-0.7507649813,-0.653790725,0.0943908406,,,,
11881,0.0,-716.3115235,447.8565975,-189.607651,-0.7521637988,-0.6519753145,0.0957636261,,,,
11882,0.0,-720.405029,446.121857,-192.323761,-0.7559750893,-0.6474635293,0.0963983536,,,,
11883,0.0,-723.351196,444.738037,-194.281067,-0.758068793,-0.6450256559,0.0962995759,,,,
11884,0.0,-725.928467,443.459473,-195.991608,-0.7604850397,-0.6423090706,0.0954021076,,,,
11885,0.0,-728.586182,442.077545,-197.755524,-0.7629228419,-0.6394200668,0.0953452434,,,,
11886,0.0,-731.160278,440.663025,-199.467346,-0.7641261684,-0.637853261,0.0961998765,,,,
11887,0.0,-733.683167,439.232727,-201.14389,-0.7657317024,-0.6357874136,0.0971047099,,,,
11895,0.0,-752.448242,427.792999,-213.65329,-0.7660060677,-0.6354340239,0.0972538199,,,,
11896,0.0,-755.758606,425.794434,-215.860077,-0.7660060677,-0.6354340239,0.0972538199,,,,
11897,0.0,-759.293091,423.660461,-218.216431,-0.7660060677,-0.6354340239,0.0972538199,,,,
11898,0.0,-762.535522,421.702454,-220.378082,-0.7660060677,-0.6354340239,0.0972538199,,,,
11899,0.0,-765.369995,419.989777,-222.267731,-0.7660060677,-0.6354340239,0.0972538199,,,,
11900,0.0,-768.471436,418.664215,-224.335358,-0.7660060677,-0.6354340239,0.0972538199,,,,
11901,0.0,-771.170288,417.822174,-226.134583,-0.7660060677,-0.6354340239,0.0972538199,,,,
11902,0.0,-773.754822,417.047028,-227.857544,-0.7660060677,-0.6354340239,0.0972538199,,,,
11903,0.0,-776.834412,416.229309,-229.910675,-0.7660060677,-0.6354340239,0.0972538199,,,,
11904,0.0,-779.930664,415.512756,-231.974762,-0.7660060677,-0.6354340239,0.0972538199,,,,
11905,0.0,-783.08374,414.87027,-234.078796,-0.7654056473,-0.6361571291,0.0972538025,,,,
11906,0.0,-786.069092,414.334503,-236.072845,-0.764198016,-0.6376073167,0.0972538025,,,,
11926,0.0,-848.827515,409.499908,-278.544006,-0.6676172681,-0.7411464866,0.0706333405,,,,
11927,0.0,-853.022644,409.190643,-281.336395,-0.6620811216,-0.7462323513,0.0691799565,,,,
11928,0.0,-851.65271,406.254974,-283.052551,-0.6573473045,-0.7505184174,0.0679457609,,,,
11929,0.0,-854.817383,406.04776,-285.169891,-0.6526483271,-0.7547168248,0.0667283707,,,,
11930,0.0,-862.933289,408.421661,-287.921021,-0.6492442068,-0.7576599913,0.0665830121,,,,
11931,0.0,-865.839478,408.174866,-289.852478,-0.6452206157,-0.7611655445,0.0657067032,,,,
11932,0.0,-868.68103,407.930145,-291.73703,-0.6418496715,-0.7640171345,0.0656263475,,,,
11933,0.0,-871.851501,407.647491,-293.844604,-0.6375478598,-0.7676784719,0.0648266164,,,,
12033,0.0,-1011.16803,177.091217,-305.118652,0.0152679114,-0.9952352901,-0.0962995759,,,,
12034,0.0,-1011.16687,177.015732,-304.958588,0.0152679114,-0.9952352901,-0.0962995759,,,,
12035,0.0,-1011.166016,176.958755,-304.786682,0.0152679114,-0.9952352901,-0.0962995759,,,,
12036,0.0,-1011.168213,177.103867,-304.663361,0.0152679114,-0.9952352901,-0.0962995759,,,,
12037,0.0,-1011.171204,177.296951,-304.284302,0.0152679114,-0.9952352901,-0.0962995759,,,,
12038,0.0,-1011.195801,178.765457,-302.740875,0.0152679114,-0.9952352901,-0.0962995759,,,,
12039,0.0,-1011.130554,174.379868,-303.450958,0.0152679114,-0.9952352901,-0.0962995759,,,,
12040,0.0,-1011.075806,170.680634,-304.930908,0.015265242,-0.9950692161,-0.0980011606,,,,
12041,0.0,-1011.027283,167.398132,-305.188629,0.0152611851,-0.9947877835,-0.1008184604,,,,
12042,0.0,-1010.980774,164.265396,-305.101654,0.0152580679,-0.9945845892,-0.1028041165,,,,
12043,0.0,-1010.932739,161.022964,-305.058685,0.0152546506,-0.9943788113,-0.1047763104,,,,
12044,0.0,-1010.889221,158.099854,-305.029327,0.0152545973,-0.994367414,-0.1048844279,,,,
12045,0.0,-1010.846252,155.221283,-304.994232,0.0152545973,-0.994367414,-0.1048844279,,,,
12046,0.0,-1010.752869,148.978455,-304.945923,0.0152545973,-0.994367414,-0.1048844279,,,,
12047,0.0,-1010.7232055,147.0030825,-304.9128875,0.0152545973,-0.994367414,-0.1048844279,,,,
12048,0.0,-1010.693542,145.02771,-304.879852,0.0152545973,-0.994367414,-0.1048844279,,,,
12049,0.0,-1010.659241,142.739578,-304.802948,0.0152545973,-0.994367414,-0.1048844279,,,,
12050,0.0,-1010.562927,136.343567,-304.536346,0.0152526147,-0.9942121601,-0.1063463138,,,,
12051,0.0,-1010.517639,132.90976,-304.359955,0.0144444831,-0.9937384876,-0.1107933894,,,,
12052,0.0,-1010.381531,129.873291,-304.197693,0.0142829162,-0.9931251475,-0.1161827855,,,,
12053,0.0,-1010.1647645,128.041012,-304.0967105,0.0138143854,-0.9926747522,-0.1199636685,,,,
12054,0.0,-1009.910034,123.930641,-303.913208,0.0119383571,-0.9917834432,-0.1273698447,,,,
12055,0.0,-1009.509644,120.27607,-303.775818,0.0114048196,-0.9912847162,-0.1312423005,,,,
12056,0.0,-1009.379639,117.533882,-303.594849,0.0114032019,-0.9911441132,-0.1323000899,,,,
12057,0.0,-1009.09552,114.030273,-303.67981,0.0114031863,-0.991118696,-0.1324903687,,,,
12058,0.0,-1009.017517,112.491646,-303.517609,0.0114031863,-0.991118696,-0.1324903687,,,,
12059,0.0,-1008.84436,111.093292,-303.471771,0.0114031863,-0.991118696,-0.1324903687,,,,
12060,0.0,-1008.614685,109.186836,-303.60849,0.0110447307,-0.9911227669,-0.1324902822,,,,
12061,0.0,-1008.510681,107.696808,-303.605743,0.0102514246,-0.991131292,-0.1324902649,,,,
12062,0.0,-1008.384827,106.243813,-303.70813,0.0094647028,-0.9911391123,-0.1324902995,,,,
12063,0.0,-1008.248962,104.42025,-303.82431,0.0093126648,-0.9911405432,-0.1324903687,,,,
12064,0.0,-1008.159668,102.963409,-303.892334,0.0085250192,-0.9911476402,-0.1324902995,,,,
12065,0.0,-1008.084595,101.509735,-303.955963,0.0080498897,-0.9911516152,-0.1324902822,,,,
12066,0.0,-1008.029602,100.100983,-303.975677,0.0073276948,-0.9911572153,-0.1324902995,,,,
12067,0.0,-1007.979797,98.304573,-303.982513,0.0064169319,-0.9912109386,-0.132135151,,,,
12068,0.0,-1007.942261,96.812614,-304.005341,0.0051536887,-0.9912216254,-0.1321102905,,,,
12069,0.0,-1007.936707,95.367058,-304.005249,0.0047032113,-0.9912238652,-0.1321102905,,,,
12070,0.0,-1007.942322,94.034103,-304.005676,0.004288233,-0.9912257496,-0.1321102732,,,,
12071,0.0,-1007.971069,92.312637,-303.999146,0.0041814564,-0.9912262081,-0.1321102559,,,,
12072,0.0,-1010.055664,91.262146,-304.298737,0.0041814564,-0.9912262081,-0.1321102559,,,,
12073,0.0,-1010.043213,89.771408,-304.298737,0.0041814564,-0.9912262081,-0.1321102559,,,,
12074,0.0,-1010.028564,87.931824,-304.298737,0.0041814564,-0.9912262081,-0.1321102559,,,,
12075,0.0,-1010.017029,86.422333,-304.298737,0.0041818245,-0.9912806492,-0.1317011268,,,,
12076,0.0,-1010.003601,84.603027,-304.298737,0.0041820703,-0.9913389202,-0.1312617829,,,,
12077,0.0,-1009.999146,83.134811,-304.298737,0.0034251714,-0.9913872244,-0.1309184459,,,,
12078,0.0,-1009.993103,81.615921,-304.298737,0.0028589997,-0.9913948034,-0.1308746343,,,,
12079,0.0,-1009.982849,79.859894,-304.298737,0.0027564269,-0.9913950825,-0.1308747209,,,,
12080,0.0,-1009.972168,78.118027,-304.298737,0.0027564269,-0.9913950825,-0.1308747209,,,,
12081,0.0,-1009.96283,76.49707,-304.298737,0.0027564269,-0.9913950825,-0.1308747209,,,,
12082,0.0,-1009.951416,75.183273,-304.298737,0.0032861235,-0.9914134321,-0.1307234031,,,,
12083,0.0,-1009.936035,73.358582,-304.298737,0.0039495219,-0.9914508788,-0.1304206891,,,,
12084,0.0,-1009.928345,71.991837,-304.298737,0.0039923089,-0.9914535002,-0.1303994568,,,,
12085,0.0,-1009.918457,70.089592,-304.298737,0.0039923089,-0.9914535002,-0.1303994568,,,,
12086,0.0,-1009.910828,68.631981,-304.298737,0.0039923089,-0.9914535002,-0.1303994568,,,,
12087,0.0,-1009.895081,65.485214,-304.298737,0.0039923089,-0.9914535002,-0.1303994568,,,,
12088,0.0,-1009.890625,64.5771695,-304.298737,0.0039923089,-0.9914535002,-0.1303994568,,,,
12089,0.0,-1009.879089,62.200611,-304.298737,0.0039923089,-0.9914535002,-0.1303994568,,,,
12090,0.0,-1009.871887,60.674961,-304.298737,0.0039923089,-0.9914535002,-0.1303994568,,,,
12091,0.0,-1009.862854,58.906162,-304.298737,0.0040760089,-0.9914531506,-0.130399526,,,,
12092,0.0,-1009.855408,57.446918,-304.298737,0.0041624776,-0.9914527936,-0.1303995087,,,,
12093,0.0,-1009.8511965,56.557369,-304.298737,0.0041724448,-0.991452755,-0.1303994828,,,,
12094,0.0,-1009.840332,54.204517,-304.298737,0.0041824119,-0.9914527165,-0.1303994568,,,,
12095,0.0,-1009.833801,52.776314,-304.298737,0.0041824119,-0.9914527165,-0.1303994568,,,,
12096,0.0,-1009.8295895,51.8432485,-304.298737,0.0041824119,-0.9914527165,-0.1303994568,,,,
12097,0.0,-1009.818909,49.444092,-304.298737,0.0041824119,-0.9914527165,-0.1303994568,,,,
12098,0.0,-1009.770203,47.462708,-304.298737,0.0087400596,-0.991526449,-0.1296106179,,,,
12099,0.0,-1009.74408,45.765984,-304.298737,0.0106357006,-0.9915166618,-0.1295437815,,,,
12100,0.0,-1009.725708,43.460709,-304.298737,0.0110274208,-0.9915123667,-0.1295439027,,,,
12101,0.0,-1009.718201,41.349457,-304.298737,0.0101712098,-0.9915215354,-0.1295437815,,,,
12102,0.0,-1009.724609,39.239918,-304.298737,0.0076749408,-0.9917520408,-0.1279413335,,,,
12103,0.0,-1009.726074,37.061981,-304.298737,0.0057435931,-0.9922747097,-0.1239270413,,,,
12104,0.0,-1009.726685,34.493126,-304.298737,0.0037117862,-0.993579302,-0.113076935,,,,
12105,0.0,-1009.734192,32.197674,-304.298706,0.0012005628,-0.9950405031,-0.099463339,,,,
12106,0.0,-1009.770142,29.352308,-304.298737,-0.0047000125,-0.9970117389,-0.0771070836,,,,
12107,0.0,-1009.805969,27.037201,-304.298737,-0.0098382201,-0.9980191425,-0.0621369508,,,,
12108,0.0,-1009.871887,24.741846,-304.298645,-0.0180517134,-0.9988085821,-0.0453381951,,,,
12109,0.0,-1009.99762,21.698418,-304.298676,-0.0322801678,-0.9992068244,-0.0233176495,,,,
12110,0.0,-1010.096313,18.907541,-304.298706,-0.0420580207,-0.9990724587,-0.0092382454,,,,
12111,0.0,-1010.169373,16.380587,-304.298706,-0.0478287158,-0.9988516993,-0.002774302,,,,
12112,0.0,-1010.235352,13.41331,-304.298737,-0.0508545531,-0.9987059471,-0.0004956211,,,,
12113,0.0,-1010.291748,10.703891,-304.298737,-0.0519637462,-0.9986489304,-0.0002878397,,,,
12114,0.0,-1010.352356,7.849603,-304.298737,-0.0522274385,-0.9986351746,-0.0002876128,,,,
12115,0.0,-1010.425232,4.738344,-304.298737,-0.0522274385,-0.9986351746,-0.0002876128,,,,
12116,0.0,-1010.508728,1.551489,-304.298737,-0.0522274385,-0.9986351746,-0.0002876128,,,,
12117,0.0,-1010.597107,-1.532667,-304.298737,-0.0522274385,-0.9986351746,-0.0002876128,,,,
12118,0.0,-1010.668213,-3.867337,-304.298737,-0.0522274385,-0.9986351746,-0.0002876128,,,,
12119,0.0,-1010.798767,-7.879175,-304.298737,-0.0522274385,-0.9986351746,-0.0002876128,,,,
12120,0.0,-1010.908203,-11.048657,-304.298737,-0.0522274385,-0.9986351746,-0.0002876128,,,,
12121,0.0,-1011.00647,-13.772261,-304.298737,-0.052227548,-0.9986345959,-0.0011077602,,,,
12122,0.0,-1011.116699,-16.721468,-304.298737,-0.0522262869,-0.9986131553,-0.0066468804,,,,
12123,0.0,-1011.233154,-20.119352,-304.298737,-0.0505133363,-0.9985869947,-0.0165050562,,,,
12124,0.0,-1011.336853,-22.958658,-304.298737,-0.049526774,-0.9983724511,-0.0282762717,,,,
12125,0.0,-1011.460388,-26.072653,-304.298737,-0.0493312756,-0.9983024401,-0.0309622881,,,,
12126,0.0,-1011.591675,-29.280415,-304.298737,-0.0493312756,-0.9983024401,-0.0309622881,,,,
12127,0.0,-1011.723755,-32.4515,-304.298737,-0.0493312756,-0.9983024401,-0.0309622881,,,,
12128,0.0,-1011.85614,-35.579803,-304.298737,-0.0493312756,-0.9983024401,-0.0309622881,,,,
12129,0.0,-1012.010254,-39.171471,-304.298737,-0.0493312756,-0.9983024401,-0.0309622881,,,,
12130,0.0,-1012.272156,-45.162449,-304.298737,-0.0493312756,-0.9983024401,-0.0309622881,,,,
12131,0.0,-1012.4021,-48.08926,-304.298737,-0.0493312756,-0.9983024401,-0.0309622881,,,,
12132,0.0,-1012.554688,-51.494659,-304.298737,-0.0493312756,-0.9983024401,-0.0309622881,,,,
12133,0.0,-1012.629517,-53.150074,-304.298737,-0.0493312756,-0.9983024401,-0.0309622881,,,,
12134,0.0,-1012.840332,-57.793114,-304.298737,-0.0493312756,-0.9983024401,-0.0309622881,,,,
12135,0.0,-1012.976562,-60.762405,-304.298737,-0.0493312756,-0.9983024401,-0.0309622881,,,,
12136,0.0,-1013.108154,-63.612762,-304.298737,-0.0493312756,-0.9983024401,-0.0309622881,,,,
12137,0.0,-1013.278748,-67.289223,-304.298737,-0.0493312756,-0.9983024401,-0.0309622881,,,,
12138,0.0,-1013.422791,-70.374245,-304.298737,-0.0493312756,-0.9983024401,-0.0309622881,,,,
12139,0.0,-1013.564636,-73.398254,-304.298737,-0.0493312756,-0.9983024401,-0.0309622881,,,,
12140,0.0,-1013.7099,-76.480164,-304.298737,-0.0493312756,-0.9983024401,-0.0309622881,,,,
12141,0.0,-1013.855347,-79.555946,-304.298737,-0.0493312756,-0.9983024401,-0.0309622881,,,,
12142,0.0,-1013.996582,-82.53112,-304.298737,-0.0493312756,-0.9983024401,-0.0309622881,,,,
12143,0.0,-1014.144836,-85.64344,-304.298737,-0.0493312756,-0.9983024401,-0.0309622881,,,,
12144,0.0,-1014.373413,-89.059227,-304.298737,-0.0568462302,-0.9979314567,-0.0300218884,,,,
12145,0.0,-1014.557983,-91.675865,-304.298737,-0.0633209341,-0.9975885067,-0.0284188427,,,,
12146,0.0,-1014.777222,-94.715439,-304.298706,-0.0708441548,-0.9971935991,-0.0242080918,,,,
12147,0.0,-1015.001221,-98.137932,-304.298737,-0.0757891417,-0.9968517068,-0.0232955073,,,,
12148,0.0,-1015.187927,-101.457741,-304.298737,-0.0761252217,-0.9968261047,-0.0232952281,,,,
12213,0.0,-1012.478271,-313.552063,-304.291138,-0.4080075594,-0.9091341299,-0.0836956702,,,,
12214,0.0,-1012.512512,-313.524582,-304.2468415,-0.4080075594,-0.9091341299,-0.0836956702,,,,
12215,0.0,-1012.592163,-313.207977,-304.252869,-0.4080075594,-0.9091341299,-0.0836956702,,,,
12216,0.0,-1011.109619,-315.147644,-303.62677,-0.4217873279,-0.9026191222,-0.0858729887,,,,
12217,0.0,-1010.098083,-318.192963,-303.876648,-0.4403506411,-0.893383561,-0.089202723,,,,
12218,0.0,-1009.520142,-322.187469,-304.691559,-0.4612059091,-0.8824992173,-0.0921099389,,,,
12219,0.0,-1009.537537,-324.940735,-305.267242,-0.4742030949,-0.8753907815,-0.0939276552,,,,
12220,0.0,-1008.82666,-327.570984,-305.324371,-0.485917087,-0.8688371871,-0.0949027238,,,,
12221,0.0,-1007.888672,-331.183319,-305.380707,-0.4939380082,-0.8642747727,-0.095154408,,,,
12222,0.0,-1007.579041,-332.06488,-305.364136,-0.4951501749,-0.8635808839,-0.095154408,,,,
12223,0.0,-1006.215515,-337.385376,-305.36145,-0.502300879,-0.8594413683,-0.095154408,,,,
12224,0.0,-1005.218872,-340.271515,-305.179718,-0.5047743894,-0.8579909389,-0.0951544254,,,,
12225,0.0,-1004.434509,-342.994232,-305.075348,-0.5082152349,-0.8560359772,-0.0944440612,,,,
12226,0.0,-1003.283508,-346.514709,-303.519196,-0.5131082463,-0.8532342444,-0.0933340873,,,,
12227,0.0,-1002.374878,-349.756073,-302.028351,-0.5157879041,-0.8516267368,-0.0932455853,,,,
12228,0.0,-1001.522034,-352.746002,-300.665619,-0.5181422453,-0.8502879905,-0.0924064222,,,,
12229,0.0,-1000.728333,-355.687958,-299.384308,-0.5197903817,-0.8493770444,-0.0915237435,,,,
12230,0.0,-999.983521,-358.532318,-298.067749,-0.5213220252,-0.8484580157,-0.0913364198,,,,
12231,0.0,-998.964905,-362.079468,-296.242218,-0.5232775369,-0.8473472189,-0.0904616496,,,,
12232,0.0,-998.330688,-364.613037,-295.043762,-0.5253984876,-0.8462009643,-0.0888839533,,,,
12233,0.0,-997.640381,-367.122742,-293.886871,-0.5286728729,-0.8443962168,-0.0866026702,,,,
12234,0.0,-996.812256,-370.399841,-292.286499,-0.5319937283,-0.8426201617,-0.0835100955,,,,
12235,0.0,-995.847717,-373.799774,-290.558411,-0.5350610977,-0.8409287365,-0.080922691,,,,
12236,0.0,-995.32251,-375.937408,-289.519257,-0.5363181984,-0.8402587638,-0.0795487265,,,,
12237,0.0,-994.396912,-379.723511,-287.567963,-0.5377136928,-0.8395143122,-0.0779724575,,,,
12238,0.0,-993.756409,-382.516754,-286.167908,-0.5377227457,-0.8395094768,-0.077962087,,,,
12239,0.0,-993.073792,-385.559601,-284.475281,-0.5385537654,-0.8390634374,-0.0770220082,,,,
12240,0.0,-992.527588,-388.015808,-283.153656,-0.5385674867,-0.8390560789,-0.0770062251,,,,
12241,0.0,-991.844177,-391.125671,-281.324768,-0.5385674867,-0.8390560789,-0.0770062251,,,,
12242,0.0,-991.152161,-394.420319,-279.506531,-0.5385674867,-0.8390560789,-0.0770062251,,,,
12243,0.0,-990.667847,-396.811432,-278.200592,-0.5385674867,-0.8390560789,-0.0770062251,,,,
12244,0.0,-990.021606,-399.945557,-276.268646,-0.5385674867,-0.8390560789,-0.0770062251,,,,
12245,0.0,-989.393127,-403.172974,-274.430664,-0.5385674867,-0.8390560789,-0.0770062251,,,,
12246,0.0,-988.72229,-406.394745,-272.684723,-0.5385674867,-0.8390560789,-0.0770062251,,,,
12247,0.0,-988.206421,-408.934357,-271.316101,-0.5385674867,-0.8390560789,-0.0770062251,,,,
12248,0.0,-987.512024,-412.305786,-269.486053,-0.5341890315,-0.8419297827,-0.0761335644,,,,
12249,0.0,-986.999573,-414.964966,-268.120453,-0.5254828795,-0.8474658648,-0.0752950959,,,,
12250,0.0,-986.335693,-418.1315,-266.379272,-0.5145025239,-0.8542636803,-0.074301531,,,,
12251,0.0,-985.806824,-421.152924,-264.694641,-0.5042033588,-0.8603967214,-0.0741380792,,,,
12252,0.0,-985.187805,-424.531799,-263.244873,-0.4944819496,-0.8660942481,-0.0732690587,,,,
12253,0.0,-984.790283,-427.82547,-261.747742,-0.4879479519,-0.8697994907,-0.0731822528,,,,
12254,0.0,-984.588074,-433.369965,-259.14328,-0.4831056949,-0.8724329476,-0.073957011,,,,
12255,0.0,-984.699829,-436.393707,-257.681671,-0.4820991148,-0.8729742185,-0.0741380966,,,,
12256,0.0,-984.982971,-439.493591,-256.15213,-0.4797291101,-0.8741380975,-0.0757797292,,,,
12257,0.0,-985.2075805,-441.147476,-255.295105,-0.4778257076,-0.874998354,-0.0777949201,,,,
12258,0.0,-985.917053,-445.406677,-252.981979,-0.4719415942,-0.877527419,-0.0849515185,,,,
12259,0.0,-986.657532,-448.462952,-251.142532,-0.4669829252,-0.8791689815,-0.0948095438,,,,
12260,0.0,-987.31073,-450.877838,-249.680573,-0.4637026561,-0.8799911895,-0.1029337315,,,,
12261,0.0,-988.25061,-453.719574,-247.807144,-0.4610402376,-0.8798816045,-0.1151097795,,,,
12262,0.0,-989.240173,-456.53952,-245.992783,-0.4598613047,-0.8782846966,-0.1309334649,,,,
12263,0.0,-990.456421,-459.700195,-243.991302,-0.460444156,-0.8753694209,-0.1473755616,,,,
12264,0.0,-991.483765,-462.258911,-242.452057,-0.4607050385,-0.8721603897,-0.164581658,,,,
12265,0.0,-992.606323,-464.829193,-240.940506,-0.4616868859,-0.8686719896,-0.1795945262,,,,
12266,0.0,-993.881348,-467.777863,-239.186096,-0.462065558,-0.8648067379,-0.1964808547,,,,
12267,0.0,-995.139404,-470.746643,-237.470428,-0.4609769234,-0.8622285727,-0.2099098964,,,,
12268,0.0,-996.307251,-473.422546,-236.042023,-0.4603735567,-0.861100013,-0.2157845127,,,,
12269,0.0,-997.468872,-476.04776,-234.671387,-0.4602212889,-0.8608152054,-0.217240759,,,,
12270,0.0,-998.709961,-478.96701,-233.191116,-0.4602028807,-0.8607805213,-0.2174171171,,,,
12271,0.0,-1000.055298,-482.094788,-231.649002,-0.4602028807,-0.8607805213,-0.2174171171,,,,
12272,0.0,-1001.029175,-484.481659,-230.582031,-0.4602028807,-0.8607805213,-0.2174171171,,,,
12273,0.0,-1002.255249,-487.478424,-229.298676,-0.4595153606,-0.8611477274,-0.2174171682,,,,
12274,0.0,-1003.430542,-490.306366,-227.835648,-0.4546806624,-0.8639042556,-0.2166447146,,,,
12275,0.0,-1004.64801,-493.569214,-226.805405,-0.4445123416,-0.8698783386,-0.2138234183,,,,
12276,0.0,-1005.579651,-495.968903,-225.788132,-0.4324470472,-0.8766839507,-0.2107481954,,,,
12277,0.0,-1006.795532,-499.031464,-224.567688,-0.4076501138,-0.8907041012,-0.2011655757,,,,
12278,0.0,-1007.894043,-501.8284,-223.753021,-0.3791950698,-0.9056979314,-0.1895319397,,,,
12279,0.0,-1008.996155,-504.94635,-223.738968,-0.3240931127,-0.9305076386,-0.1706434552,,,,
12280,0.0,-1009.93042,-507.803162,-223.935699,-0.2485025407,-0.9574197507,-0.1469486582,,,,
12281,0.0,-1010.990173,-511.307281,-223.999268,-0.1222650051,-0.9859058269,-0.1141970621,,,,
12282,0.0,-1011.947327,-514.818481,-224.024704,0.0126468968,-0.9964792087,-0.0828808941,,,,
12283,0.0,-1011.759888,-518.283997,-223.865967,0.2137312557,-0.9757885441,-0.0464291671,0.0666571671,211.9820620691,590.5018325772,5.0
12284,0.0,-1010.525879,-521.003845,-224.02977,0.403369561,-0.9149124581,-0.0151060006,0.0154487598,102.9843886313,588.1572117224,5.0
12285,0.0,-1009.500427,-524.062195,-223.99971,0.5604840483,-0.8280512135,0.0137411556,0.0038066751,51.0635024603,585.7825017716,5.0
12286,0.0,-1008.533264,-526.519165,-223.966751,0.6801650353,-0.7320755711,0.0379589629,0.0202108705,116.7925035983,583.8657379701,5.0
12287,0.0,-1007.955933,-528.746887,-223.80835,0.7401843124,-0.6706685579,0.0482790756,0.0399395921,162.9059461903,582.2377983489,5.0
12288,0.0,-1007.069946,-531.295837,-223.578766,0.8074089724,-0.5873253921,0.0560324464,,,,
12289,0.0,-1006.354309,-533.757324,-223.324295,0.8395504271,-0.5404575561,0.0553236873,,,,
12290,0.0,-1005.667542,-536.395691,-222.951187,0.847301715,-0.5284210191,0.0533950399,,,,
12291,0.0,-1004.953613,-538.481384,-222.730026,0.847794071,-0.5276326198,0.0533763218,,,,
12292,0.0,-1003.977966,-540.809448,-222.367874,0.8459074562,-0.5309621528,0.0501972886,,,,
12293,0.0,-1002.824219,-543.15625,-222.053375,0.8429672018,-0.5359711557,0.046273285,,,,
12294,0.0,-1001.529541,-545.42688,-221.797302,0.8412496076,-0.5388494893,0.0440491278,,,,
12295,0.0,-999.085327,-549.76532,-222.025497,0.8410925961,-0.5391917728,0.0428424655,,,,
12296,0.0,-998.3111265,-551.265198,-222.1571805,0.8410925961,-0.5391917728,0.0428424655,,,,
12297,0.0,-997.536926,-552.765076,-222.288864,0.8410925961,-0.5391917728,0.0428424655,,,,
12298,0.0,-996.383362,-555.392151,-222.452988,0.8410925961,-0.5391917728,0.0428424655,,,,
12299,0.0,-995.163818,-557.636841,-222.957245,0.8410925961,-0.5391917728,0.0428424655,,,,
12300,0.0,-993.126587,-562.445801,-223.804749,0.8410925961,-0.5391917728,0.0428424655,,,,
12301,0.0,-992.737091,-563.4379885,-223.9475255,0.8410925961,-0.5391917728,0.0428424655,,,,
12302,0.0,-990.991821,-567.988525,-224.592606,0.8410925961,-0.5391917728,0.0428424655,0.106593653,246.71570665,549.1730437472,5.0
12303,0.0,-990.0896,-570.595886,-224.674103,0.8410925961,-0.5391917728,0.0428424655,0.1071607908,246.4318148269,547.1695976106,5.0
12304,0.0,-989.258606,-573.040527,-224.745529,0.8410925961,-0.5391917728,0.0428424655,0.107644034,246.0560299104,545.1771102063,5.0
12305,0.0,-988.344177,-575.885925,-224.74469,0.8410925961,-0.5391917728,0.0428424655,0.1081036998,245.5226936024,542.9035697715,5.0
12306,0.0,-987.587158,-578.313782,-224.09964,0.8410925961,-0.5391917728,0.0428424655,0.108355215,244.8504072488,540.8242139987,5.0
12307,0.0,-986.58844,-581.571899,-222.837448,0.8410925961,-0.5391917728,0.0428424655,0.1086692758,243.9055513743,538.0028297123,5.0
12333,0.0,-955.002014,-653.586243,-202.848114,0.9984194236,-0.0436439262,-0.0354099167,,,,
12334,0.0,-953.440125,-656.833923,-201.502945,0.999025963,-0.0212926049,-0.0386490654,,,,
12335,0.0,-952.239136,-659.283752,-200.606842,0.999143762,-0.0033050848,-0.0412409899,,,,
12336,0.0,-950.442688,-662.778137,-199.607346,0.9986490911,0.0253719491,-0.0453459712,,,,
12337,0.0,-948.334167,-665.269653,-199.109756,0.9986304314,0.0259520476,-0.0454285449,,,,
12338,0.0,-944.723694,-669.045532,-198.881378,0.9986304314,0.0259520476,-0.0454285449,,,,
12339,0.0,-943.426117,-670.404663,-198.9190065,0.998632382,0.0250127847,-0.0458979708,,,,
12340,0.0,-942.12854,-671.763794,-198.956635,0.9986343325,0.0240735218,-0.0463673967,,,,
12341,0.0,-938.358948,-675.547424,-199.329315,0.9987287113,0.0192485183,-0.0465881515,,,,
12342,0.0,-937.135254,-676.7474975,-199.4945985,0.9987668627,0.0206202983,-0.0451166116,,,,
12343,0.0,-933.969727,-679.874634,-199.945648,0.9988729811,0.0255615944,-0.0399921562,,,,
12344,0.0,-932.053833,-681.78479,-200.273865,0.9987518802,0.0314516202,-0.0388004812,,,,
12345,0.0,-929.682007,-684.145752,-200.555099,0.998524504,0.0399206962,-0.0368124031,,,,
12346,0.0,-927.498047,-686.314331,-200.823044,0.9983091136,0.0450687195,-0.0367113645,,,,
12347,0.0,-925.757324,-688.047668,-200.996628,0.9982998568,0.0459065813,-0.0359163158,,,,
12348,0.0,-923.577759,-690.219666,-201.026642,0.998298204,0.0460694822,-0.0357533021,,,,
12349,0.0,-921.670959,-692.089661,-199.965759,0.9981940534,0.0482733299,-0.0357535637,,,,
12350,0.0,-919.096069,-694.411316,-198.834229,0.9981493155,0.0498093814,-0.0348850891,,,,
12351,0.0,-916.853516,-696.226868,-198.47551,0.998147966,0.0498992384,-0.034795172,,,,
12352,0.0,-914.110901,-698.195801,-198.096008,0.998147966,0.0498992384,-0.034795172,,,,
12353,0.0,-911.950562,-699.540527,-197.930817,0.998147966,0.0498992384,-0.034795172,,,,
12354,0.0,-909.146362,-701.21283,-197.557297,0.998147966,0.0498992384,-0.034795172,,,,
12355,0.0,-906.747925,-702.585876,-197.1586,0.998147966,0.0498992384,-0.034795172,,,,
12356,0.0,-903.562744,-704.217407,-196.816467,0.998147966,0.0498992384,-0.034795172,,,,
12357,0.0,-901.089111,-705.244629,-196.69371,0.998147966,0.0498992384,-0.034795172,,,,
12358,0.0,-898.283752,-706.497131,-196.427872,0.9981026954,0.0507966592,-0.0347952417,,,,
12359,0.0,-895.737793,-707.369263,-196.34491,0.9980947864,0.0509518725,-0.034795172,,,,
12360,0.0,-892.859924,-708.448364,-196.106094,0.9980575017,0.0516770203,-0.0347952417,,,,
12361,0.0,-889.893127,-709.300842,-196.099869,0.9979660949,0.0534131492,-0.0347952417,,,,
12362,0.0,-886.944214,-710.048645,-196.129288,0.9978610136,0.0553415639,-0.0347952417,,,,
12363,0.0,-883.392212,-710.78595,-196.279526,0.9976516011,0.0595490892,-0.0338406381,,,,
12364,0.0,-881.209534,-711.164307,-196.361069,0.9973481161,0.0644344654,-0.0338368877,,,,
12365,0.0,-877.612183,-711.653503,-196.612473,0.9964272781,0.0777622795,-0.0329500747,,,,
12366,0.0,-874.87207,-711.922913,-196.827682,0.9949362849,0.0952481165,-0.0320871519,,,,
12367,0.0,-871.579895,-712.166992,-198.11618,0.9916457972,0.125194379,-0.0310641314,,,,
12368,0.0,-868.728577,-712.199219,-200.168198,0.9813920487,0.1900784637,-0.0271997133,,,,
12369,0.0,-865.220276,-712.145081,-202.457901,0.9532973403,0.3012908353,-0.0211663309,,,,
12370,0.0,-862.333496,-712.019287,-202.890228,0.8888603157,0.4578706805,-0.016786277,,,,
12371,0.0,-859.204651,-710.286682,-204.020233,0.7471267577,0.6645170032,-0.0147905501,,,,
12372,0.0,-857.658447,-708.661438,-205.370697,0.5714973049,0.8204728353,-0.0146682333,,,,
12373,0.0,-856.311218,-708.101868,-205.925751,0.2973211872,0.9546648386,-0.0146682507,,,,
12374,0.0,-855.057434,-708.156738,-205.87851,-0.0276145168,0.9994975765,-0.0155574118,,,,
12375,0.0,-852.796692,-708.581055,-205.784058,-0.2799040538,0.9599665898,-0.0108566597,,,,
12376,0.0,-851.705566,-708.732544,-205.599396,-0.5038158492,0.8636932198,-0.0142692753,,,,
12377,0.0,-850.628845,-708.973083,-205.69783,-0.6593979646,0.7515059514,-0.0208117581,,,,
12378,0.0,-848.670898,-709.304443,-205.659851,-0.778708152,0.6265780509,-0.0318364588,,,,
12379,0.0,-846.666321,-709.188416,-205.541748,-0.8142573758,0.579180898,-0.0391715875,,,,
12380,0.0,-841.5849,-708.34314,-205.333786,-0.8443979429,0.5329062317,-0.0548002032,,,,
12381,0.0,-839.9493715,-707.9945375,-205.235031,-0.8442833987,0.5329277825,-0.0563135634,,,,
12382,0.0,-838.313843,-707.645935,-205.136276,-0.8441688545,0.5329493334,-0.0578269236,,,,
12383,0.0,-835.570435,-707.139282,-205.136841,-0.8416608965,0.5366995744,-0.0596699439,,,,
12384,0.0,-830.247742,-706.18573,-205.032394,-0.8390520956,0.5406490678,-0.0607467399,,,,
12385,0.0,-828.7256775,-705.97937,-204.9491805,-0.8389569015,0.5407967555,-0.0607466528,,,,
12386,0.0,-824.853882,-705.594238,-204.744766,-0.8383611982,0.5416246357,-0.0615894096,,,,
12387,0.0,-822.431091,-705.566711,-204.683228,-0.8382933935,0.5417165893,-0.0617035113,,,,
12388,0.0,-820.8982235,-705.6083065,-204.686821,-0.8382933935,0.5417165893,-0.0617035113,,,,
12389,0.0,-816.836182,-705.844116,-204.816833,-0.8382933935,0.5417165893,-0.0617035113,,,,
12390,0.0,-814.165344,-706.237427,-204.869797,-0.8382933935,0.5417165893,-0.0617035113,,,,
12391,0.0,-811.629028,-706.966003,-205.026596,-0.8382933935,0.5417165893,-0.0617035113,,,,
12392,0.0,-809.130249,-707.77179,-204.989182,-0.8373374783,0.5430970062,-0.0625426996,,,,
12393,0.0,-807.006958,-708.719604,-205.11676,-0.8364728457,0.5444142209,-0.0626604698,,,,
12394,0.0,-803.5047,-710.083313,-205.056305,-0.8356553472,0.5456682199,-0.0626604698,,,,
12395,0.0,-800.881836,-711.215515,-205.029495,-0.8351234882,0.5463830239,-0.063516538,,,,
12396,0.0,-798.011414,-712.349487,-204.887695,-0.8336050236,0.5485851321,-0.0644749368,,,,
12397,0.0,-795.093018,-713.565674,-204.726639,-0.832050961,0.5509277678,-0.0645739346,,,,
12398,0.0,-792.335815,-714.725342,-204.537125,-0.8296377387,0.5544631977,-0.0653588927,,,,
12399,0.0,-789.566772,-715.542053,-204.335281,-0.8219619174,0.5655952232,-0.0669376554,,,,
12400,0.0,-785.945862,-716.57312,-204.209824,-0.7912105695,0.6077113318,-0.068357676,,,,
12401,0.0,-782.949524,-717.236023,-203.840103,-0.7468900942,0.6619256276,-0.063321803,,,,
12402,0.0,-779.716919,-717.162964,-203.559799,-0.6402687577,0.7662446887,-0.0540832222,,,,
12403,0.0,-775.383301,-716.588013,-203.43158,-0.4289951604,0.9025774922,-0.0362908111,,,,
12404,0.0,-770.302185,-715.963623,-203.276138,-0.1428244107,0.9896310923,-0.015214757,,,,
12405,0.0,-765.408691,-716.457153,-202.583862,0.1887458025,0.9820096774,0.0056582225,,,,
12406,0.0,-760.747803,-717.225891,-202.348663,0.5290899603,0.8481858047,0.0253900491,,,,
12407,0.0,-756.219421,-718.184082,-202.279694,0.7960706135,0.6040120378,0.037960986,,,,
12408,0.0,-752.30542,-719.37146,-202.27388,0.9197590507,0.3898193963,0.0456522383,,,,
12409,0.0,-747.622009,-721.678223,-202.464096,0.9950444937,0.082694237,0.0552097695,,,,
12410,0.0,-744.604004,-723.736206,-202.583313,0.9926259525,-0.1061636087,0.0585064669,,,,
12411,0.0,-741.374939,-726.180969,-202.672211,0.9629457078,-0.2629400178,0.0599842547,,,,
12412,0.0,-738.746399,-728.18866,-202.381134,0.9280286957,-0.3676323337,0.0600766774,,,,
12413,0.0,-735.751099,-730.277344,-202.274551,0.8974882002,-0.4374167121,0.0564052342,,,,
12414,0.0,-733.728638,-731.616699,-202.357285,0.8805406823,-0.4708684059,0.0541391826,,,,
12415,0.0,-730.802795,-733.578003,-202.435623,0.85438797,-0.5170578309,0.0516952243,,,,
12416,0.0,-728.312988,-735.372925,-201.875488,0.8239394978,-0.5643362644,0.0514614872,,,,
12417,0.0,-725.932495,-736.991882,-201.284882,0.8052397945,-0.5907119338,0.0514614872,,,,
12418,0.0,-722.963623,-738.819336,-200.476059,0.8094020074,-0.5852351196,0.0486646188,,,,
12419,0.0,-720.470215,-740.401367,-199.6241,0.8096121118,-0.5849507242,0.048588874,,,,
12420,0.0,-718.100159,-741.91864,-199.059738,0.8096121118,-0.5849507242,0.048588874,,,,
12421,0.0,-715.764221,-743.401978,-198.884186,0.8096121118,-0.5849507242,0.048588874,,,,
12422,0.0,-710.717712,-746.672546,-198.545273,0.8096121118,-0.5849507242,0.048588874,,,,
12423,0.0,-708.027649,-748.446289,-198.06398,0.8096121118,-0.5849507242,0.048588874,,,,
12424,0.0,-705.524231,-750.163879,-198.001968,0.8096121118,-0.5849507242,0.048588874,,,,
12425,0.0,-703.8827515,-751.243713,-197.6483765,0.8096121118,-0.5849507242,0.048588874,,,,
12426,0.0,-699.736755,-753.99707,-196.954254,0.8096121118,-0.5849507242,0.048588874,,,,
12427,0.0,-697.380615,-755.580078,-196.832596,0.8096121118,-0.5849507242,0.048588874,,,,
12428,0.0,-694.492493,-757.466492,-196.598877,0.8096121118,-0.5849507242,0.048588874,,,,
12429,0.0,-692.038147,-759.060974,-196.496872,0.8096121118,-0.5849507242,0.048588874,,,,
12430,0.0,-689.614075,-760.701538,-196.421295,0.8096121118,-0.5849507242,0.048588874,,,,
12431,0.0,-687.162109,-762.378235,-196.49437,0.7752141689,-0.6292152329,0.0559569748,,,,
12432,0.0,-684.928955,-764.848572,-196.648773,0.6788159608,-0.7326878372,0.0487588419,,,,
12433,0.0,-682.559021,-768.021545,-196.418457,0.5404433117,-0.8401885121,0.0447693073,,,,
12434,0.0,-680.965393,-770.496826,-196.247574,0.4214497725,-0.9057465432,0.0447581135,0.1162428811,267.9042214651,572.5111128157,5.0
12435,0.0,-679.363159,-773.430908,-196.425262,0.2851340368,-0.9574055758,0.0455317963,0.0611194974,197.1941006348,572.8336333994,5.0
12436,0.0,-677.934326,-777.293823,-197.189529,0.1075954485,-0.9931431315,0.0457158588,0.0187795616,110.4703407619,572.7123774687,5.0
12437,0.0,-676.904663,-779.919922,-197.476456,0.0010786163,-0.998919287,0.0464660584,0.0079807203,72.2533586879,573.0469762281,5.0
12438,0.0,-675.684875,-783.002197,-197.891815,-0.0994622737,-0.9939460916,0.0466735796,0.0074530466,69.9093288306,573.6723677281,5.0
12439,0.0,-674.539368,-785.209717,-198.097137,-0.1398908555,-0.9890662898,0.0466735796,0.0096860916,79.7562866266,574.4203948766,5.0
12440,0.0,-673.089417,-787.66864,-198.532242,-0.1568648662,-0.9865165942,0.0466735796,0.010768456,84.2283254081,575.4913210956,5.0
12441,0.0,-671.987671,-789.78479,-199.655075,-0.1580231135,-0.9863317254,0.0466735796,0.010736761,84.2294881058,576.3434874704,5.0
12442,0.0,-670.671448,-792.627197,-199.979019,-0.1580231135,-0.9863317254,0.0466735796,0.0103700859,82.9131911393,577.2265545617,5.0
12443,0.0,-669.746338,-794.966736,-199.708511,-0.1580231135,-0.9863317254,0.0466735796,0.0100474642,81.6976783609,577.7768321078,5.0
12444,0.0,-668.790283,-797.93811,-199.457092,-0.1580231135,-0.9863317254,0.0466735796,0.0097142185,80.4070700231,578.2725581328,5.0
12445,0.0,-668.151367,-800.35614,-199.392593,-0.1580231135,-0.9863317254,0.0466735796,0.0094897613,79.5244392956,578.6164332811,5.0
12446,0.0,-667.523254,-803.105896,-199.245178,-0.1580231135,-0.9863317254,0.0466735796,0.009254633,78.577976713,578.9131089372,5.0
12447,0.0,-666.967834,-806.0802,-199.0728,-0.15883554,-0.9862766379,0.0450518002,0.0092862033,78.7526471942,579.2174730224,5.0
12448,0.0,-666.536682,-808.825806,-198.903931,-0.1589878689,-0.9862996818,0.043997673,0.0092625321,78.6656412045,579.312938035,5.0
12449,0.0,-666.361938,-811.671448,-198.78476,-0.1590089409,-0.9864312809,0.0408593292,0.0094727048,79.588541056,579.6014621102,5.0
12450,0.0,-666.283936,-815.195679,-198.663055,-0.1617603511,-0.9862309641,0.0343813055,0.0103538474,83.1556876211,579.3662000665,5.0
12451,0.0,-666.32196,-818.047485,-198.531479,-0.1619090284,-0.9863554544,0.0298057738,0.0108875414,85.2035129368,578.9791464071,5.0
12452,0.0,-666.354065,-820.903625,-198.43367,-0.1587368525,-0.9869758232,0.0261024133,0.011100458,85.9230239067,578.2726863258,5.0
12453,0.0,-666.460632,-824.294067,-198.337433,-0.1545708448,-0.9877190812,0.0227787303,0.0112712267,86.4023863065,577.1017172548,5.0
12454,0.0,-666.621582,-827.192932,-198.260223,-0.1543681702,-0.9877543265,0.022624291,0.0112675024,86.1799166732,575.7103739385,5.0
12455,0.0,-666.782227,-830.049255,-198.333038,-0.1543681702,-0.9877543265,0.022624291,0.0112231249,85.8057590339,574.3366199942,5.0
12456,0.0,-667.061279,-833.202148,-198.444458,-0.1543681702,-0.9877543265,0.022624291,0.0112046716,85.4826342311,572.642115473,5.0
12457,0.0,-667.250366,-836.062134,-198.509308,-0.1543681702,-0.9877543265,0.022624291,0.0111108847,84.8920075551,571.0671747656,5.0
12458,0.0,-667.540894,-839.413025,-198.614944,-0.1543681702,-0.9877543265,0.022624291,0.0109670156,84.0897809633,569.3482612746,5.0
12459,0.0,-667.789978,-842.881714,-198.564697,-0.1543681702,-0.9877543265,0.022624291,0.0108266404,83.3165981418,567.7385126246,5.0
12460,0.0,-667.999939,-845.528381,-199.011612,-0.1543681702,-0.9877543265,0.022624291,0.0107307133,82.7960382252,566.6938138796,5.0
12461,0.0,-668.278809,-848.94574,-198.309326,-0.1543681702,-0.9877543265,0.022624291,0.0104192803,81.4147868584,565.4622898997,5.0
12462,0.0,-668.535278,-851.829712,-197.055939,-0.1543681702,-0.9877543265,0.022624291,0.010049571,79.8210950182,564.4465082669,5.0
12463,0.0,-669.124146,-857.840637,-194.528336,-0.1543681702,-0.9877543265,0.022624291,0.0092939852,76.5915921434,563.0883527402,5.0
12464,0.0,-669.313965,-859.505554,-193.825142,-0.1543681702,-0.9877543265,0.022624291,0.0090981204,75.7826972721,563.1121299555,5.0
12465,0.0,-669.845703,-863.968079,-191.7901,-0.1543681702,-0.9877543265,0.022624291,0.0085481482,73.5011576581,563.3434547117,5.0
12466,0.0,-670.261169,-867.194031,-190.281204,-0.1585128694,-0.9871165374,0.0217855879,0.008480602,73.2118019569,563.3463514476,5.0
12467,0.0,-670.605469,-869.967407,-188.860596,-0.1613403189,-0.9865501538,0.0262315758,0.0077454955,69.9609386153,563.1947716508,5.0
12468,0.0,-670.818573,-871.72525,-187.955681,-0.1616168119,-0.9864057176,0.0295417034,0.0072328876,67.5574550089,563.068026866,5.0
12469,0.0,-671.424255,-876.410339,-185.558182,-0.1661176441,-0.9854229314,0.036695702,0.0061437398,62.2484072099,562.4253853927,5.0
12470,0.0,-671.780212,-879.266968,-183.884583,-0.1862831414,-0.981567479,0.0427068555,0.0060038679,61.4764799563,561.8640844937,5.0
12471,0.0,-672.329956,-882.791077,-181.853012,-0.2617326595,-0.9638761606,0.0493838235,0.0117628907,85.8072803083,561.0906319061,5.0
12472,0.0,-672.774902,-885.410583,-180.316925,-0.3967196047,-0.9164290146,0.0526442445,0.0393177682,155.6011882174,560.421609909,5.0
12473,0.0,-673.536499,-888.461792,-178.668777,-0.5915412899,-0.8045059793,0.0533763218,0.1230419552,268.9799978088,559.7138987467,5.0
12474,0.0,-678.395508,-891.189697,-178.647919,-0.818279472,-0.5724145052,0.0525389376,,,,
12475,0.0,-681.698242,-891.299988,-178.719193,-0.9563366384,-0.2871281835,0.0545677595,,,,
12476,0.0,-681.396301,-890.666565,-177.053146,-0.9932615627,0.0977951331,0.0621898713,,,,
12477,0.0,-678.449341,-892.909241,-174.018997,-0.9066050783,0.4152322901,0.0751623395,,,,
12478,0.0,-678.442444,-894.620544,-171.730164,-0.6317511973,0.7693347033,0.0949449264,,,,
12479,0.0,-679.290222,-895.526672,-169.876099,-0.3740855623,0.9211469866,0.1074626498,,,,
12480,0.0,-679.107544,-896.358093,-168.618103,-0.1738451561,0.9771436916,0.1223440544,,,,
12481,0.0,-679.478149,-898.450012,-166.97052,-0.0465174085,0.9894188764,0.1374278634,,,,
12482,0.0,-680.4021,-900.817688,-165.617996,-0.0245653424,0.9898180612,0.1402025308,,,,
12483,0.0,-681.190552,-902.615295,-164.528931,-0.0239189702,0.9898231213,0.1402785491,,,,
12484,0.0,-682.262939,-905.010742,-163.267227,-0.0239189702,0.9898231213,0.1402785491,,,,
12485,0.0,-682.926025,-906.485657,-162.502167,-0.0239189702,0.9898231213,0.1402785491,,,,
12486,0.0,-683.721069,-908.416565,-161.403778,-0.0239189702,0.9898231213,0.1402785491,,,,
12487,0.0,-684.33844,-910.170471,-160.469177,-0.0239189702,0.9898231213,0.1402785491,,,,
12488,0.0,-684.965027,-912.361633,-159.468445,-0.0239189702,0.9898231213,0.1402785491,,,,
12489,0.0,-685.577026,-915.005127,-158.281815,-0.0239189702,0.9898231213,0.1402785491,,,,
12490,0.0,-686.114807,-917.709961,-157.298355,-0.0239189702,0.9898231213,0.1402785491,,,,
12491,0.0,-686.512939,-920.130371,-156.805771,-0.0239189702,0.9898231213,0.1402785491,,,,
12492,0.0,-686.969055,-923.038147,-155.803772,-0.0239189702,0.9898231213,0.1402785491,,,,
12493,0.0,-687.315491,-925.494568,-154.783676,-0.0239189702,0.9898231213,0.1402785491,,,,
12494,0.0,-687.659485,-928.235657,-153.730499,-0.0239189702,0.9898231213,0.1402785491,,,,
12495,0.0,-687.974365,-931.050171,-152.998962,-0.0239189702,0.9898231213,0.1402785491,,,,
12496,0.0,-688.014587,-933.403687,-153.08786,0.0115132574,0.9893484866,0.145110361,,,,
12497,0.0,-687.825745,-936.313965,-153.183746,0.0977552955,0.9836509527,0.151243861,0.0696494857,439.5057510521,1198.6365528834,1.0
12498,0.0,-687.533081,-938.721497,-153.107468,0.1964814716,0.9648718244,0.1744058309,0.1111483209,549.3940582202,1199.0397383566,1.0
12499,0.0,-687.3349,-941.341003,-153.002609,0.2908833706,0.9374758985,0.1911172533,,,,
12500,0.0,-687.401855,-944.741699,-152.878448,0.3762757484,0.9040683313,0.2026746495,,,,
12501,0.0,-687.611328,-947.449707,-152.311874,0.4211489613,0.8823139508,0.2101324455,,,,
12502,0.0,-688.024353,-949.937988,-152.121063,0.4373021511,0.8734943558,0.2139496179,,,,
12503,0.0,-688.728149,-953.186584,-152.035294,0.4422394306,0.8705592616,0.2157564783,,,,
12504,0.0,-689.421448,-955.9729,-151.465317,0.4423563323,0.8704826424,0.2158259589,,,,
12505,0.0,-690.460266,-961.600769,-151.310242,0.4410816774,0.8713164244,0.2150689248,,,,
12506,0.0,-690.841339,-963.292755,-151.3389895,0.4405826785,0.8716986094,0.2145408206,,,,
12507,0.0,-691.968933,-967.738525,-151.439331,0.4393128925,0.872483911,0.2139532835,,,,
12508,0.0,-692.686584,-970.476013,-151.669708,0.4392000819,0.8725407042,0.2139532835,,,,
12509,0.0,-693.2419125,-972.170044,-151.7048415,0.4392000819,0.8725407042,0.2139532835,,,,
12510,0.0,-694.68573,-976.719116,-152.183685,0.4392000819,0.8725407042,0.2139532835,,,,
12511,0.0,-695.803406,-979.7547,-152.639404,0.4392000819,0.8725407042,0.2139532835,,,,
12512,0.0,-697.090759,-982.802551,-152.882446,0.4392000819,0.8725407042,0.2139532835,,,,
12513,0.0,-698.249329,-985.422974,-153.060272,0.4392000819,0.8725407042,0.2139532835,,,,
12514,0.0,-699.393799,-988.027893,-153.140152,0.4392000819,0.8725407042,0.2139532835,,,,
12515,0.0,-700.889954,-991.173157,-153.210495,0.4392000819,0.8725407042,0.2139532835,,,,
12516,0.0,-702.343994,-994.212708,-153.15303,0.4392000819,0.8725407042,0.2139532835,,,,
12517,0.0,-703.635254,-996.744324,-153.038452,0.4392000819,0.8725407042,0.2139532835,,,,
12518,0.0,-705.052979,-999.649353,-152.903458,0.4392000819,0.8725407042,0.2139532835,,,,
12519,0.0,-706.557922,-1002.585876,-152.543945,0.4392000819,0.8725407042,0.2139532835,,,,
12520,0.0,-707.342712,-1005.536072,-152.287186,0.4392000819,0.8725407042,0.2139532835,,,,
12521,0.0,-707.885132,-1008.224304,-151.81485,0.4392000819,0.8725407042,0.2139532835,,,,
12522,0.0,-708.228882,-1011.115845,-151.510193,0.4392000819,0.8725407042,0.2139532835,,,,
12523,0.0,-708.415344,-1013.64563,-151.264267,0.4392000819,0.8725407042,0.2139532835,,,,
12524,0.0,-708.518982,-1016.09613,-151.153656,0.4392000819,0.8725407042,0.2139532835,,,,
12525,0.0,-708.550659,-1019.343323,-151.121841,0.4392000819,0.8725407042,0.2139532835,,,,
12526,0.0,-708.475342,-1022.360291,-151.173676,0.4392000819,0.8725407042,0.2139532835,,,,
12527,0.0,-708.351501,-1024.886353,-151.112,0.4392000819,0.8725407042,0.2139532835,,,,
12528,0.0,-708.068909,-1027.86853,-149.893753,0.4392000819,0.8725407042,0.2139532835,,,,
12529,0.0,-707.702209,-1030.799438,-148.543625,0.4392000819,0.8725407042,0.2139532835,,,,
12530,0.0,-707.325928,-1033.104492,-147.608688,0.4392000819,0.8725407042,0.2139532835,,,,
12531,0.0,-706.931091,-1035.666992,-146.51799,0.4392000819,0.8725407042,0.2139532835,,,,
12532,0.0,-706.347961,-1038.78125,-145.253677,0.4392000819,0.8725407042,0.2139532835,,,,
12533,0.0,-705.809998,-1041.329224,-144.260941,0.4392000819,0.8725407042,0.2139532835,,,,
12534,0.0,-705.105774,-1044.599243,-142.930725,0.4392000819,0.8725407042,0.2139532835,,,,
12535,0.0,-704.566284,-1047.131958,-141.78743,0.4392000819,0.8725407042,0.2139532835,,,,
12536,0.0,-703.789246,-1050.360107,-140.415009,0.4392000819,0.8725407042,0.2139532835,,,,
12537,0.0,-703.167053,-1052.799316,-139.309082,0.4392000819,0.8725407042,0.2139532835,,,,
12538,0.0,-702.423096,-1055.935425,-137.777634,0.4392000819,0.8725407042,0.2139532835,,,,
12539,0.0,-701.752136,-1058.926758,-136.271194,0.4392000819,0.8725407042,0.2139532835,,,,
12540,0.0,-701.236328,-1062.498535,-134.255493,0.4392000819,0.8725407042,0.2139532835,,,,
12541,0.0,-701.000244,-1065.116943,-132.827393,0.4392000819,0.8725407042,0.2139532835,,,,
12542,0.0,-700.83905,-1069.203247,-130.343765,0.4392000819,0.8725407042,0.2139532835,,,,
12543,0.0,-700.795715,-1071.972046,-128.775024,0.4392000819,0.8725407042,0.2139532835,,,,
12544,0.0,-700.967285,-1078.496094,-124.774628,0.4392000819,0.8725407042,0.2139532835,,,,
12545,0.0,-701.119354,-1080.3563235,-123.743351,0.4392000819,0.8725407042,0.2139532835,,,,
12546,0.0,-701.271423,-1082.216553,-122.712074,0.4392000819,0.8725407042,0.2139532835,,,,
12547,0.0,-702.073303,-1088.442749,-119.506409,0.4392000819,0.8725407042,0.2139532835,,,,
12548,0.0,-702.397339,-1090.430237,-118.629139,0.4392000819,0.8725407042,0.2139532835,,,,
12549,0.0,-703.292969,-1095.455688,-116.508629,0.4392000819,0.8725407042,0.2139532835,,,,
12550,0.0,-703.71991,-1097.2671505,-115.7379035,0.4341507612,0.8751522718,0.2135160666,,,,
12551,0.0,-704.146851,-1099.078613,-114.967178,0.4291014404,0.8777638393,0.2130788497,,,,
12552,0.0,-705.856262,-1105.093628,-112.580536,0.3642925668,0.9073929892,0.2095921966,,,,
12553,0.0,-706.891785,-1108.448486,-111.434746,0.288962831,0.9347500805,0.2067432446,,,,
12554,0.0,-707.948242,-1111.467285,-110.205849,0.137927403,0.9694339811,0.2029132519,,,,
12555,0.0,-709.048767,-1114.004395,-108.900871,-0.0596570082,0.9783358389,0.198242346,,,,
12556,0.0,-711.318604,-1117.213257,-107.599777,-0.3257732469,0.925192127,0.1946569283,,,,
12557,0.0,-712.376465,-1120.067627,-105.95092,-0.5807375737,0.7916498129,0.1898274063,,,,
12558,0.0,-714.448181,-1123.328613,-104.832726,-0.8507869339,0.4940311178,0.1791503497,,,,
12559,0.0,-716.225647,-1127.717163,-104.764519,-0.972451877,0.1597946096,0.1697145533,,,,
12560,0.0,-715.685547,-1133.509644,-104.725914,-0.9464370792,-0.2836065002,0.1543509253,,,,
12561,0.0,-714.292725,-1136.978271,-104.576248,-0.829569544,-0.5400099383,0.1421395024,,,,
12562,0.0,-714.272034,-1141.726074,-104.764336,-0.6545813371,-0.7455365856,0.125293546,,,,
12563,0.0,-713.640442,-1144.787109,-104.816345,-0.5611419445,-0.8198530562,0.1138450016,,,,
12564,0.0,-712.577454,-1148.203735,-104.689392,-0.4861756818,-0.8684814987,0.0968147349,0.142011532,296.801314502,577.8066112647,5.0
12565,0.0,-711.370422,-1150.760254,-104.359665,-0.4852868404,-0.8704948421,0.0820695589,0.1387975285,293.9263496937,578.2968734816,5.0
12566,0.0,-710.322021,-1152.552856,-104.013519,-0.5239894011,-0.8494259152,0.0625357668,,,,
12567,0.0,-708.902161,-1155.159058,-103.700401,-0.5357872252,-0.8424074948,0.0572857927,,,,
12573,0.0,-701.961853,-1169.295776,-103.478745,-0.5360609092,-0.8422388274,0.0572054127,,,,
12574,0.0,-700.718933,-1172.643433,-103.633492,-0.5360609092,-0.8422388274,0.0572054127,,,,
12575,0.0,-699.189819,-1176.562744,-103.89225,-0.5360609092,-0.8422388274,0.0572054127,,,,
12576,0.0,-697.913269,-1179.961548,-104.186745,-0.5360609092,-0.8422388274,0.0572054127,,,,
12577,0.0,-696.619873,-1183.167358,-104.496368,-0.5360609092,-0.8422388274,0.0572054127,,,,
12578,0.0,-695.839355,-1186.418091,-104.817192,-0.5360609092,-0.8422388274,0.0572054127,0.1487506098,311.4194731098,593.4497126874,5.0
12579,0.0,-694.822021,-1189.499023,-105.123032,-0.5360609092,-0.8422388274,0.0572054127,0.1464657368,309.838372075,594.6574614107,5.0
12580,0.0,-693.846985,-1192.460327,-105.451416,-0.5405875573,-0.839571808,0.0537054196,0.1466968372,310.4657914602,595.4292235431,5.0
12581,0.0,-693.081665,-1194.917236,-105.713829,-0.5479707159,-0.8351591393,0.0473001755,0.1488642257,313.331471956,596.8836882919,5.0
12582,0.0,-692.135193,-1198.007568,-106.045723,-0.5581471991,-0.828707076,0.0414280863,,,,
12583,0.0,-691.283081,-1200.970581,-106.208939,-0.5656419568,-0.8239419782,0.0341876181,,,,
12584,0.0,-690.280823,-1204.459595,-106.410957,-0.5691784303,-0.8218073196,0.0258581497,,,,
12585,0.0,-689.283569,-1208.082275,-106.613029,-0.5664474738,-0.8237596249,0.0236080447,,,,
12611,0.0,-664.52533,-1288.215576,-107.292381,-0.3133622339,-0.9495933837,0.008747339,,,,
12612,0.0,-663.488708,-1291.491699,-106.882782,-0.3047245601,-0.9524069311,0.0079987587,,,,
12613,0.0,-662.49353,-1294.753418,-106.743202,-0.2958612971,-0.9552035215,0.0072336285,,,,
12614,0.0,-661.411499,-1298.30188,-106.163132,-0.2855947785,-0.9583294246,0.0063511057,,,,
12615,0.0,-660.865967,-1301.3396,-105.862137,-0.3308589455,-0.9436031175,0.012062952,,,,
12616,0.0,-660.579224,-1303.999756,-105.474648,-0.4071396197,-0.9130631717,0.0235154109,,,,
12617,0.0,-660.242126,-1306.454102,-105.262527,-0.5255942403,-0.849771049,0.0404951711,,,,
12618,0.0,-659.292786,-1309.546875,-105.106812,-0.631966652,-0.7729493699,0.0562798572,,,,
12619,0.0,-658.290955,-1312.786377,-104.877663,-0.7241495062,-0.6859507796,0.0712672482,,,,
12620,0.0,-657.464417,-1315.970825,-104.934898,-0.7972290396,-0.5977540721,0.0843559585,,,,
12621,0.0,-656.89386,-1318.544067,-104.958405,-0.8295388789,-0.5505898847,0.0933596663,,,,
12622,0.0,-656.161987,-1321.660889,-105.07061,-0.8436230878,-0.5278214238,0.0985120823,,,,
12623,0.0,-655.683838,-1324.769043,-105.076622,-0.8453443212,-0.5249199399,0.0992574194,,,,
12624,0.0,-655.017151,-1328.080688,-105.456543,-0.8453443212,-0.5249199399,0.0992574194,,,,
12625,0.0,-654.645508,-1330.725952,-105.634865,-0.8410620887,-0.531754192,0.0992574541,,,,
12626,0.0,-654.268555,-1334.148315,-105.73806,-0.8326833189,-0.544929684,0.0984384574,,,,
12627,0.0,-654.022095,-1337.431519,-105.829315,-0.8232698617,-0.559512462,0.0957733766,,,,
12628,0.0,-653.742981,-1340.966797,-105.871841,-0.8076081421,-0.5826867996,0.0908029867,,,,
12651,0.0,-610.480713,-1356.880005,-105.140358,0.9527534951,-0.2945877951,0.0740189744,,,,
12652,0.0,-608.225342,-1357.136719,-104.887848,0.9730797096,-0.2182205147,0.0741328924,,,,
12653,0.0,-606.025024,-1357.432739,-104.457359,0.9869883514,-0.1426284819,0.0742368537,,,,
12654,0.0,-604.454041,-1357.60083,-104.094254,0.9934938166,-0.0863031732,0.0743088063,,,,
12655,0.0,-601.940796,-1357.410034,-104.456596,0.9972271368,-0.0011631176,0.0744089023,,,,
12656,0.0,-598.805176,-1356.129883,-105.491417,0.9968771357,0.0210559426,0.0761092877,,,,
12657,0.0,-596.856934,-1354.470093,-106.137093,0.9968375516,0.0220804213,0.0763370866,,,,
12658,0.0,-595.268005,-1353.0354,-106.257881,0.996978637,0.0143613794,0.0763370692,,,,
12659,0.0,-593.716064,-1351.598022,-105.948753,0.9971836456,-0.0040674044,0.0748881378,,,,
12660,0.0,-592.265747,-1350.11084,-105.5,0.9965504418,-0.0367168651,0.074425054,,,,
12661,0.0,-589.858032,-1348.497437,-105.458122,0.9946862101,-0.0703227366,0.0751934577,,,,
12662,0.0,-587.356628,-1346.932861,-105.182251,0.9903758964,-0.1149857014,0.0770316312,,,,
12663,0.0,-585.000854,-1345.752808,-105.278168,0.9840800478,-0.1589102701,0.0795863409,,,,
12664,0.0,-582.189026,-1344.762817,-105.357048,0.9727561604,-0.2166532274,0.0825035243,,,,
12665,0.0,-579.423767,-1343.664307,-105.38414,0.9600801599,-0.2671191208,0.0830268747,,,,
12666,0.0,-576.659729,-1342.72522,-105.314278,0.9459581275,-0.3136785427,0.0822738893,,,,
12667,0.0,-573.691162,-1341.22583,-104.585869,0.9278026529,-0.3647120512,0.0785325214,,,,
12668,0.0,-571.219421,-1340.493042,-104.31012,0.9156206717,-0.3945217337,0.0774040513,,,,
12669,0.0,-568.351135,-1339.804321,-104.201164,0.9028881597,-0.4230353654,0.0763809579,,,,
12670,0.0,-565.567627,-1339.19458,-104.139969,0.8882676249,-0.4532541336,0.0744400222,,,,
12671,0.0,-563.638733,-1338.787354,-104.233261,0.8793096253,-0.4705031115,0.0737658799,,,,
12672,0.0,-560.299744,-1337.96582,-104.278435,0.8613544861,-0.5029123338,0.0717470122,,,,
12673,0.0,-555.35907,-1337.181519,-104.30867,0.8185547705,-0.5704434858,0.0675449265,,,,
12674,0.0,-553.8309935,-1337.145691,-102.6493455,0.7946089067,-0.6021751205,0.0663327921,,,,
12675,0.0,-552.302917,-1337.109863,-100.990021,0.7706630429,-0.6339067552,0.0651206577,,,,
12676,0.0,-549.48291,-1337.196777,-100.407532,0.7219145992,-0.6891824619,0.0621839661,,,,
12677,0.0,-544.600159,-1338.157715,-96.696487,0.6141868508,-0.7871326229,0.056539776,,,,
12678,0.0,-542.603271,-1339.0,-96.150764,0.5646654306,-0.8235148966,0.0545542534,,,,
12679,0.0,-540.701172,-1339.987793,-96.08493,0.5141047562,-0.8560536644,0.0535576636,,,,
12680,0.0,-538.513794,-1341.313599,-95.32753,0.4624629273,-0.8850797512,0.0525535433,,,,
12681,0.0,-536.213257,-1342.977417,-94.074615,0.4123708268,-0.9096622637,0.0496474284,,,,
12682,0.0,-534.230591,-1344.488647,-92.679596,0.3783938111,-0.9245494835,0.0450152901,,,,
12683,0.0,-532.176147,-1346.082153,-91.193672,0.3603081185,-0.9319280392,0.0410875835,,,,
12684,0.0,-530.58313,-1347.391235,-89.668556,0.350741614,-0.9357596852,0.0365257686,,,,
12685,0.0,-528.338196,-1349.408813,-87.603676,0.3431085374,-0.9387349097,0.0324545965,,,,
12686,0.0,-529.716553,-1355.616089,-88.608307,0.3375088505,-0.9409267115,0.0272891805,,,,
12687,0.0,-527.406189,-1358.280273,-86.506821,0.3240034376,-0.9458671578,0.0188968814,,,,
12688,0.0,-525.911987,-1360.186157,-85.002563,0.3157665027,-0.9487983519,0.0085558836,,,,
12689,0.0,-524.203918,-1362.525024,-83.153717,0.3200315431,-0.9474064237,-0.0009379747,,,,
12690,0.0,-522.680115,-1364.770874,-81.376099,0.3228358009,-0.9464499655,-0.003083573,,,,
12691,0.0,-521.256836,-1367.004639,-79.606354,0.3229505388,-0.9464105556,-0.0031638229,,,,
12692,0.0,-519.975403,-1369.125854,-77.924103,0.3229505388,-0.9464105556,-0.0031638229,,,,
12693,0.0,-518.318604,-1372.018188,-75.627502,0.3229505388,-0.9464105556,-0.0031638229,,,,
12694,0.0,-517.074585,-1374.314453,-73.802887,0.3229505388,-0.9464105556,-0.0031638229,,,,
12695,0.0,-515.662231,-1377.037354,-71.636917,0.3229505388,-0.9464105556,-0.0031638229,,,,
12696,0.0,-514.341431,-1379.69751,-69.522949,0.3229505388,-0.9464105556,-0.0031638229,,,,
12697,0.0,-513.337158,-1382.033081,-67.662064,0.3229505388,-0.9464105556,-0.0031638229,,,,
12698,0.0,-512.343201,-1384.858032,-65.409851,0.3229505388,-0.9464105556,-0.0031638229,,,,
12699,0.0,-511.563049,-1387.759766,-63.0947,0.3229505388,-0.9464105556,-0.0031638229,,,,
12700,0.0,-511.108673,-1390.098267,-61.227383,0.3229505388,-0.9464105556,-0.0031638229,,,,
12701,0.0,-510.574615,-1393.067505,-58.821301,0.3229505388,-0.9464105556,-0.0031638229,,,,
12702,0.0,-510.40448,-1395.478638,-56.89703,0.3109580988,-0.9504153966,-0.003954068,,,,
12703,0.0,-510.249786,-1397.931763,-54.911686,0.308396574,-0.9512576607,0.0006450911,,,,
12704,0.0,-510.110504,-1400.919922,-52.463158,0.3158431039,-0.9487262125,0.0127164229,,,,
12705,0.0,-510.107086,-1404.056641,-49.882076,0.3253384416,-0.9452361664,0.0261436065,,,,
12706,0.0,-510.183777,-1406.050415,-48.237061,0.331870256,-0.9427872476,0.0318486873,,,,
12707,0.0,-510.377533,-1409.305176,-45.529644,0.3474092638,-0.9368496887,0.0402425663,,,,
12708,0.0,-510.580994,-1412.106079,-43.158417,0.3689190148,-0.9282606886,0.0472319222,,,,
12709,0.0,-510.846039,-1414.549316,-41.088223,0.3858865419,-0.9210980894,0.0516709444,,,,
12710,0.0,-511.227051,-1417.313477,-38.747231,0.4030604756,-0.9134761489,0.0557097686,,,,
12711,0.0,-511.694275,-1419.99707,-36.496208,0.4140249584,-0.9083752808,0.0586317581,,,,
12712,0.0,-512.30603,-1423.191772,-33.807663,0.4275946765,-0.9017149101,0.0638201666,,,,
12713,0.0,-513.297974,-1428.324707,-29.530924,0.4542501857,-0.8880574135,0.0707869976,,,,
12714,0.0,-513.795349,-1431.054565,-27.313057,0.469136536,-0.8799893558,0.0743615783,,,,
12715,0.0,-514.37262,-1434.298096,-24.638447,0.4926410931,-0.8664461285,0.0810916751,,,,
12716,0.0,-514.679413,-1435.962891,-23.2679865,0.5035623671,-0.8596725626,0.0849020224,,,,
12717,0.0,-515.520325,-1440.381714,-19.662981,0.5270865998,-0.8446925332,0.0931356041,,,,
12718,0.0,-516.052063,-1443.247925,-17.307487,0.5443227645,-0.83306068,0.098603405,,,,
12719,0.0,-516.649536,-1446.317505,-14.835441,0.5548249662,-0.8257112633,0.1018340146,,,,
12720,0.0,-517.164551,-1449.104248,-12.563433,0.5681011556,-0.8163982807,0.1037059512,,,,
12721,0.0,-517.655701,-1451.828125,-10.341619,0.580934351,-0.8070919122,0.105441572,,,,
12722,0.0,-518.263855,-1455.461914,-7.330876,0.6036758659,-0.7897822394,0.1087173551,,,,
12723,0.0,-518.770996,-1458.438721,-4.927021,0.613419438,-0.7819727283,0.1106130429,,,,
12724,0.0,-519.239136,-1461.388428,-2.52408,0.6254247182,-0.7718602433,0.1143489688,,,,
12725,0.0,-519.714172,-1464.504883,0.000545,0.6359982377,-0.7627153112,0.1173524423,,,,
12726,0.0,-520.128967,-1467.418457,2.365955,0.6461693213,-0.7535451123,0.1209750879,,,,
12727,0.0,-520.525879,-1470.409546,4.795469,0.6566179489,-0.7441267091,0.1229971952,,,,
12728,0.0,-520.838379,-1473.059326,6.978034,0.6692257397,-0.7325244755,0.1246787953,,,,
12729,0.0,-520.920471,-1473.772217,7.566778,0.6726962656,-0.7292660006,0.1251032954,,,,
12730,0.0,-521.485779,-1479.412109,12.2149,0.698367084,-0.7042464359,0.127751217,,,,
12731,0.0,-521.745422,-1482.564819,14.820662,0.7127924621,-0.6892695566,0.1297473865,,,,
12732,0.0,-522.132629,-1485.407349,17.138922,0.7222219804,-0.6792018467,0.130691478,,,,
12733,0.0,-522.522766,-1488.289307,19.516888,0.7348796132,-0.6654687303,0.1307796739,,,,
12734,0.0,-522.842407,-1490.670532,21.468063,0.7440040511,-0.6552515955,0.1307796566,,,,
12735,0.0,-523.108887,-1492.734009,23.187765,0.7548300723,-0.642594431,0.1315445142,,,,
12736,0.0,-523.392029,-1494.971436,23.708279,0.767212584,-0.6277197029,0.1317301237,,,,
12737,0.0,-523.603394,-1496.642944,23.710106,0.7742629031,-0.6190025294,0.1317301237,,,,
12738,0.0,-523.845886,-1498.591553,23.701275,0.7814036797,-0.6098042882,0.1324651634,,,,
12739,0.0,-524.040405,-1500.237061,23.701273,0.7908955561,-0.5972297111,0.1334199817,,,,
12740,0.0,-524.206909,-1501.722168,23.701252,0.8042420646,-0.5783622654,0.1367179264,,,,
12741,0.0,-524.384766,-1503.302124,23.701279,0.8139819892,-0.5639455995,0.1392791513,,,,
12742,0.0,-524.521851,-1504.54895,23.701277,0.818963609,-0.5559890928,0.1420377973,,,,
12743,0.0,-524.650574,-1505.738281,23.701279,0.8196912052,-0.554880244,0.1421768014,,,,
12744,0.0,-524.772888,-1506.898071,23.701279,0.8197395665,-0.5548087962,0.1421768014,,,,
12745,0.0,-524.884705,-1508.001709,23.701279,0.8197395665,-0.5548087962,0.1421768014,,,,
12746,0.0,-524.94928,-1508.675171,23.701279,0.8197395665,-0.5548087962,0.1421768014,,,,
12747,0.0,-525.036133,-1509.626953,23.701279,0.8197395665,-0.5548087962,0.1421768014,,,,
12748,0.0,-525.098572,-1510.501465,23.701279,0.823071706,-0.5491161021,0.1449981835,,,,
12749,0.0,-525.122375,-1511.036133,23.701275,0.8276208651,-0.5412518143,0.1486276458,,,,
12750,0.0,-525.119141,-1511.414429,23.701265,0.8355574667,-0.5273935184,0.1539473825,,,,
12751,0.0,-525.098389,-1511.665161,23.701256,0.8449528704,-0.5108320476,0.1584464135,,,,
12752,0.0,-525.063904,-1511.835938,23.701252,0.8548881603,-0.4921951663,0.1640431392,,,,
12753,0.0,-524.973206,-1511.953125,23.701262,0.8687798306,-0.465165528,0.1698312032,,,,
12754,0.0,-524.8432925,-1511.906128,23.701262,0.8749301674,-0.4528581072,0.1709566356,,,,
12755,0.0,-524.430176,-1511.829346,23.701231,0.8948042668,-0.4109942872,0.1743818223,,,,
12756,0.0,-524.08905,-1511.948853,23.701248,0.912055947,-0.3700406641,0.1767027348,,,,
12757,0.0,-523.712769,-1512.246948,23.701265,0.9272000008,-0.3296029415,0.1779383587,,,,
12758,0.0,-523.344849,-1512.576538,23.701231,0.942437168,-0.2820959137,0.1795385189,,,,
12759,0.0,-523.0722965,-1512.8894045,23.701255,0.9509310888,-0.2491632466,0.1802512843,,,,
12760,0.0,-522.799744,-1513.202271,23.701279,0.9594250097,-0.2162305795,0.1809640497,,,,
12761,0.0,-521.696777,-1514.77771,23.701269,0.968488767,-0.1704126816,0.1816288139,,,,
12762,0.0,-520.72406,-1516.194824,23.701279,0.9697436469,-0.162808101,0.1819087178,,,,
12763,0.0,-519.793701,-1517.540039,23.701281,0.9702027497,-0.1608952635,0.1811610846,,,,
12764,0.0,-518.630798,-1518.93042,23.701283,0.971590524,-0.1543655285,0.1793965924,,,,
12765,0.0,-517.440735,-1520.066162,23.70129,0.9737387122,-0.1424100041,0.1776297022,,,,
12766,0.0,-516.053772,-1521.146973,23.701302,0.9769322561,-0.1213097521,0.1757478623,,,,
12767,0.0,-514.53656,-1522.148193,23.701288,0.979525586,-0.1002312288,0.1745947512,,,,
12768,0.0,-513.140991,-1523.050537,23.701284,0.9808909312,-0.0875817346,0.1737308864,,,,
12769,0.0,-511.265045,-1524.29895,23.701279,0.9818282339,-0.0791562859,0.17247493,,,,
12770,0.0,-511.0414885,-1524.4458615,23.7012835,0.9819976638,-0.0777244674,0.1721549134,,,,
12771,0.0,-508.842621,-1525.890381,23.701281,0.9836603948,-0.0651999953,0.1678129565,,,,
12772,0.0,-508.497375,-1526.114258,23.701292,0.9839727619,-0.0626697254,0.1669434314,,,,
12773,0.0,-506.952362,-1527.087769,23.7013,0.9858362526,-0.0441650033,0.1617910246,,,,
12774,0.0,-506.047791,-1527.651367,23.701283,0.9865387145,-0.0321118456,0.1603439868,,,,
12775,0.0,-505.183441,-1528.204468,23.701281,0.9868498359,-0.0269115369,0.1593837209,,,,
12776,0.0,-504.548309,-1528.616821,23.701279,0.9868897869,-0.0263097278,0.1592367629,,,,
12777,0.0,-503.762268,-1529.124878,23.701279,0.9868897869,-0.0263097278,0.1592367629,,,,
12778,0.0,-503.087555,-1529.554932,23.701279,0.9868897869,-0.0263097278,0.1592367629,,,,
12779,0.0,-502.645203,-1529.833008,23.701279,0.9868897869,-0.0263097278,0.1592367629,,,,
12780,0.0,-502.000763,-1530.228394,23.701279,0.9869475426,-0.0263114571,0.1588781148,,,,
12781,0.0,-501.646912,-1530.436768,23.701279,0.9869507602,-0.0263113533,0.1588581433,,,,
12782,0.0,-501.394928,-1530.575195,23.701279,0.9869660818,-0.0257303141,0.1588581261,,,,
12783,0.0,-501.166809,-1530.687134,23.701279,0.9869299032,-0.0251580974,0.1591742328,,,,
12784,0.0,-501.032349,-1530.739868,23.701281,0.9865459704,-0.0258028421,0.1614350075,,,,
12785,0.0,-500.936523,-1530.780762,23.7013,0.9840085468,-0.0306836934,0.175458516,,,,
12786,0.0,-500.650665,-1530.914307,23.701391,0.977621861,-0.0477272107,0.2048843826,,,,
12787,0.0,-500.345367,-1531.119385,23.701321,0.9688336563,-0.0720081352,0.2370151365,,,,
12788,0.0,-500.118256,-1531.270142,23.701353,0.9620820237,-0.0881203781,0.2581336448,,,,
12789,0.0,-499.912201,-1531.390259,23.701326,0.9559587581,-0.0996809736,0.27605535,,,,
12790,0.0,-499.71463,-1531.483521,23.701284,0.9527893451,-0.1077503313,0.2838702695,,,,
12791,0.0,-499.540741,-1531.57373,23.701279,0.9517076685,-0.1156066595,0.2844074786,,,,
12792,0.0,-499.49881,-1531.600952,23.701273,0.9515333893,-0.1180560047,0.2839841346,,,,
12793,0.0,-499.223999,-1531.847168,23.701269,0.950375496,-0.1408544957,0.2773921911,,,,
12794,0.0,-499.085205,-1532.069458,23.701275,0.9474947808,-0.1616325371,0.2759140504,,,,
12795,0.0,-499.074738,-1532.289673,23.701288,0.9422083373,-0.1833977839,0.2803724343,,,,
12796,0.0,-499.093018,-1532.544678,23.701279,0.9337412495,-0.2081522954,0.2912042254,,,,
12797,0.0,-499.111755,-1532.704956,23.701281,0.926882562,-0.2232404801,0.3017489094,,,,
12798,0.0,-499.117157,-1532.743896,23.701279,0.924776753,-0.2267508888,0.3055683091,,,,
12799,0.0,-499.113037,-1532.714111,23.701279,0.9254844417,-0.2238449389,0.3055683091,,,,
12800,0.0,-499.104431,-1532.647827,23.701279,0.9272677634,-0.2174149824,0.3048035766,,,,
12801,0.0,-499.09964,-1532.6073,23.701279,0.9283255757,-0.2134523176,0.3043841876,,,,
12802,0.0,-499.098907,-1532.600098,23.701279,0.9284908251,-0.2127364445,0.304381328,,,,
12803,0.0,-499.095825,-1532.572021,23.701279,0.9285163534,-0.2098006864,0.3063348714,,,,
12804,0.0,-499.092407,-1532.538696,23.701279,0.9282285511,-0.206324699,0.309551087,,,,
12805,0.0,-499.088928,-1532.501465,23.701279,0.928180448,-0.2024721346,0.3122276264,,,,
12806,0.0,-499.083313,-1532.43396,23.701277,0.9284812106,-0.1955662772,0.3157158102,,,,
12807,0.0,-499.191681,-1532.300781,23.701275,0.9299164694,-0.1844853895,0.318151695,,,,
12808,0.0,-499.329437,-1532.108643,23.701277,0.9327190918,-0.1676692016,0.3192524622,,,,
12809,0.0,-499.466797,-1531.964844,23.701281,0.9351821646,-0.1552676552,0.3183178823,,,,
12810,0.0,-499.575623,-1531.822266,23.701284,0.9387121587,-0.142113807,0.3140432278,,,,
13006,0.0,-1659.018799,-574.077271,-103.014519,1.0,0.0,0.0,,,,
13007,0.0,-1659.7075195,-574.4734195,-102.777298,1.0,0.0,0.0,,,,
13008,0.0,-1654.952271,-576.017212,-103.701569,0.9982774719,0.0412466848,-0.0417228965,,,,
13009,0.0,-1655.102905,-575.802124,-103.642258,0.9920134801,0.0885139896,-0.0898583826,,,,
13010,0.0,-1655.502075,-576.142212,-103.630081,0.979902291,0.1397034014,-0.1423884117,,,,
13011,0.0,-1655.680786,-576.191528,-103.722931,0.9778391363,0.1465820821,-0.1494801552,,,,
13012,0.0,-1655.516113,-576.680969,-103.965805,0.9998204588,0.0133357485,-0.0134613528,,,,
13013,0.0,-1655.504639,-576.907288,-104.137161,1.0,0.0,0.0,,,,
13014,0.0,-1655.587158,-576.972412,-104.296425,1.0,0.0,0.0,,,,
13015,0.0,-1655.633179,-577.019348,-104.426483,1.0,0.0,0.0,,,,
13016,0.0,-1654.967285,-576.516113,-103.789886,0.9999977865,0.0009409401,0.0018819002,,,,
13017,0.0,-1654.887695,-576.454895,-103.815964,0.9999478869,0.0024135645,0.0099195907,,,,
13018,0.0,-1654.870483,-576.371094,-103.808868,0.9998026101,0.0154728107,0.0124632655,,,,
13019,0.0,-1654.86377,-576.193115,-103.753052,0.9992552576,0.0365184495,0.0124632655,,,,
13020,0.0,-1654.891968,-576.095459,-103.702446,0.9988803299,0.0462290732,0.0100478485,,,,
13021,0.0,-1654.997314,-575.952271,-103.584595,0.9987263041,0.0497009306,0.0086940736,,,,
13022,0.0,-1655.046265,-575.905212,-103.532967,0.998720348,0.0498318658,0.008628539,,,,
13023,0.0,-1655.139648,-575.804871,-103.426521,0.998720348,0.0498318658,0.008628539,,,,
13024,0.0,-1655.30603,-575.632507,-103.231056,0.998720348,0.0498318658,0.008628539,,,,
13025,0.0,-1655.396973,-575.534363,-103.120026,0.998720348,0.0498318658,0.008628539,,,,
13026,0.0,-1655.517578,-575.418945,-102.970123,0.998720348,0.0498318658,0.008628539,,,,
13027,0.0,-1655.665527,-575.291931,-102.782051,0.998720348,0.0498318658,0.008628539,,,,
13028,0.0,-1655.802246,-575.182373,-102.609993,0.998720348,0.0498318658,0.008628539,,,,
13029,0.0,-1655.947632,-575.103149,-102.436554,0.998720348,0.0498318658,0.008628539,,,,
13030,0.0,-1656.108887,-575.022156,-102.242531,0.998720348,0.0498318658,0.008628539,,,,
13031,0.0,-1656.211792,-574.992737,-102.118179,0.998720348,0.0498318658,0.008628539,,,,
13032,0.0,-1656.359863,-574.958618,-101.94371,0.998720348,0.0498318658,0.008628539,,,,
13033,0.0,-1656.451294,-574.963501,-101.82975,0.998720348,0.0498318658,0.008628539,,,,
13034,0.0,-1656.593262,-574.942383,-101.671928,0.998720348,0.0498318658,0.008628539,,,,
13035,0.0,-1656.639526,-574.973267,-101.617043,0.998720348,0.0498318658,0.008628539,,,,
13036,0.0,-1656.709351,-574.981506,-101.543015,0.998720348,0.0498318658,0.008628539,,,,
13037,0.0,-1656.727905,-575.005737,-101.532394,0.998720348,0.0498318658,0.008628539,,,,
13038,0.0,-1656.740601,-575.023376,-101.524788,0.998720348,0.0498318658,0.008628539,,,,
13039,0.0,-1656.741943,-575.056946,-101.574074,0.998720348,0.0498318658,0.008628539,,,,
13048,0.0,-1656.439819,-575.647339,-103.626312,0.998720348,0.0498318658,0.008628539,,,,
13049,0.0,-1656.375977,-575.717407,-103.776146,0.998720348,0.0498318658,0.008628539,,,,
13050,0.0,-1656.299194,-575.786072,-103.899353,0.998720348,0.0498318658,0.008628539,,,,
13051,0.0,-1656.186157,-575.852234,-103.939964,0.998720348,0.0498318658,0.008628539,,,,
13052,0.0,-1656.042847,-575.931824,-103.991447,0.998720348,0.0498318658,0.008628539,,,,
13053,0.0,-1655.861694,-575.997437,-104.024796,0.998720348,0.0498318658,0.008628539,,,,
13054,0.0,-1655.677612,-576.041138,-104.039986,0.998720348,0.0498318658,0.008628539,,,,
13055,0.0,-1655.661011,-576.038574,-104.03743,0.998720348,0.0498318658,0.008628539,,,,
13056,0.0,-1655.471924,-576.072754,-104.052193,0.998720348,0.0498318658,0.008628539,,,,
13057,0.0,-1655.329834,-576.058105,-104.025078,0.998720348,0.0498318658,0.008628539,,,,
13058,0.0,-1655.185669,-576.042419,-103.997437,0.998720348,0.0498318658,0.008628539,,,,
13132,0.0,-1631.819214,-695.945984,-104.287224,0.3016071965,-0.9401368519,0.1586688334,,,,
13133,0.0,-1631.75415,-696.106201,-104.289337,0.3016071965,-0.9401368519,0.1586688334,,,,
13134,0.0,-1631.724304,-696.197052,-104.289425,0.3016071965,-0.9401368519,0.1586688334,,,,
13135,0.0,-1631.647705,-696.453552,-104.290047,0.3016071965,-0.9401368519,0.1586688334,,,,
13136,0.0,-1631.658691,-696.573059,-104.289642,0.3016071965,-0.9401368519,0.1586688334,,,,
13137,0.0,-1629.868896,-698.137695,-104.290672,0.2909156358,-0.9433655278,0.1594665286,,,,
13138,0.0,-1627.430298,-700.346924,-104.306297,0.2862643829,-0.9447622194,0.1596153246,,,,
13139,0.0,-1625.297119,-702.373413,-104.333229,0.2862007166,-0.9447815051,0.1596153419,,,,
13140,0.0,-1623.057129,-704.577515,-104.365501,0.2862007166,-0.9447815051,0.1596153419,,,,
13141,0.0,-1621.170166,-706.299255,-104.409676,0.2862007166,-0.9447815051,0.1596153419,,,,
13142,0.0,-1620.952759,-706.5960385,-104.414795,0.2862007166,-0.9447815051,0.1596153419,,,,
13143,0.0,-1616.785767,-711.214417,-104.613503,0.2862007166,-0.9447815051,0.1596153419,,,,
13144,0.0,-1614.999268,-713.758179,-104.681313,0.2862007166,-0.9447815051,0.1596153419,,,,
13145,0.0,-1613.05249,-716.779114,-104.788651,0.2862007166,-0.9447815051,0.1596153419,,,,
13146,0.0,-1611.648071,-719.299683,-104.860924,0.2862007166,-0.9447815051,0.1596153419,,,,
13147,0.0,-1609.837036,-722.850403,-104.947716,0.2862007166,-0.9447815051,0.1596153419,,,,
13148,0.0,-1608.354004,-727.637146,-105.136581,0.2862007166,-0.9447815051,0.1596153419,,,,
13149,0.0,-1606.929932,-731.319885,-105.255844,0.2862007166,-0.9447815051,0.1596153419,,,,
13150,0.0,-1605.69165,-733.842468,-105.295166,0.2862007166,-0.9447815051,0.1596153419,,,,
13151,0.0,-1604.153076,-737.083862,-105.389778,0.2862007166,-0.9447815051,0.1596153419,,,,
13152,0.0,-1602.995483,-739.630676,-105.282509,0.2862007166,-0.9447815051,0.1596153419,,,,
13153,0.0,-1601.631104,-742.676514,-105.346184,0.2862007166,-0.9447815051,0.1596153419,,,,
13154,0.0,-1600.241577,-745.892456,-105.329948,0.2862007166,-0.9447815051,0.1596153419,,,,
13155,0.0,-1599.212158,-748.325867,-105.333717,0.2862007166,-0.9447815051,0.1596153419,,,,
13156,0.0,-1597.648682,-751.779846,-105.385788,0.2862007166,-0.9447815051,0.1596153419,,,,
13157,0.0,-1596.146484,-754.641113,-105.209518,0.2862007166,-0.9447815051,0.1596153419,,,,
13158,0.0,-1594.771851,-756.977661,-105.116676,0.2862007166,-0.9447815051,0.1596153419,,,,
13159,0.0,-1592.842773,-759.951172,-105.056213,0.2862007166,-0.9447815051,0.1596153419,,,,
13160,0.0,-1591.262573,-762.2052,-104.964325,0.2862007166,-0.9447815051,0.1596153419,,,,
13161,0.0,-1589.276978,-764.830078,-104.762619,0.2862007166,-0.9447815051,0.1596153419,,,,
13162,0.0,-1587.071777,-767.554626,-104.625069,0.2862007166,-0.9447815051,0.1596153419,,,,
13163,0.0,-1584.857056,-770.115173,-104.323524,0.2893301911,-0.9438278356,0.1596153419,,,,
13164,0.0,-1582.087769,-772.744141,-103.977013,0.3287357002,-0.930683013,0.1605053543,,,,
13165,0.0,-1578.640259,-774.828979,-103.842583,0.4541036696,-0.8749035739,0.1683258554,,,,
13166,0.0,-1575.285767,-776.999084,-103.581657,0.5908936277,-0.7878456413,0.1736201781,,,,
13167,0.0,-1572.525757,-778.485596,-103.702866,0.758334211,-0.6274157693,0.1768577871,,,,
13168,0.0,-1569.357056,-779.941467,-103.812103,0.9123020711,-0.3644262587,0.186811223,,,,
13169,0.0,-1563.67627,-778.983521,-103.256126,0.9756830248,0.0574617498,0.2115201704,,,,
13170,0.0,-1562.258667,-778.9865725,-102.9794235,0.9698174181,0.1077172991,0.2128132081,,,,
13171,0.0,-1560.841064,-778.989624,-102.702721,0.9639518114,0.1579728484,0.2141062458,,,,
13172,0.0,-1555.714478,-780.501099,-102.649841,0.9696828312,0.1414037837,0.1992992144,,,,
13173,0.0,-1554.0263065,-780.9938965,-102.645832,0.973638336,0.1223076376,0.1913797421,,,,
13174,0.0,-1550.436035,-781.929016,-102.624763,0.980182959,0.0899566305,0.1764912787,,,,
13175,0.0,-1546.782471,-782.41864,-102.627968,0.9812591199,0.0932268311,0.1686395493,,,,
13176,0.0,-1543.641846,-782.330078,-102.818855,0.9771567174,0.1319595399,0.1665876033,,,,
13177,0.0,-1540.680054,-781.815979,-102.967934,0.9620145165,0.2153363551,0.1678044224,,,,
13178,0.0,-1536.602417,-779.808044,-103.149422,0.8993067701,0.3986346739,0.1798269449,,,,
13179,0.0,-1533.756226,-779.540771,-103.163589,0.8172322452,0.5438442634,0.1906957646,,,,
13180,0.0,-1530.682983,-778.330322,-103.303009,0.6398620814,0.7396414155,0.2085835403,,,,
13181,0.0,-1529.039551,-776.065979,-103.770378,0.3512953718,0.907395191,0.2307065864,,,,
13182,0.0,-1528.842163,-773.835938,-104.491417,0.0576093125,0.9677199153,0.245355523,,,,
13183,0.0,-1529.676025,-772.150818,-105.044411,-0.1672993432,0.9530757175,0.2523045907,,,,
13184,0.0,-1531.15332,-770.460938,-105.643921,-0.3690373092,0.8928446478,0.2581470499,,,,
13185,0.0,-1533.095581,-768.582214,-106.265076,-0.5261675778,0.8094028043,0.2607964347,,,,
13186,0.0,-1534.766602,-766.841309,-106.779655,-0.5747989308,0.7755928894,0.2608866784,,,,
13187,0.0,-1535.872192,-765.47937,-106.922379,-0.5749212138,0.7755022495,0.2608866784,,,,
13188,0.0,-1535.946777,-764.583435,-106.823189,-0.5749212138,0.7755022495,0.2608866784,,,,
13189,0.0,-1536.569336,-763.606384,-106.724503,-0.5749212138,0.7755022495,0.2608866784,,,,
13190,0.0,-1536.818848,-763.226807,-106.709152,-0.5749212138,0.7755022495,0.2608866784,,,,
13191,0.0,-1537.327759,-763.044495,-106.824203,-0.5749212138,0.7755022495,0.2608866784,,,,
13192,0.0,-1538.246704,-762.547607,-106.69062,-0.5749212138,0.7755022495,0.2608866784,,,,
13193,0.0,-1539.421753,-762.185547,-106.54763,-0.5749212138,0.7755022495,0.2608866784,,,,
13194,0.0,-1540.662354,-761.916443,-106.512726,-0.5749212138,0.7755022495,0.2608866784,,,,
13195,0.0,-1542.410034,-761.236145,-106.435837,-0.5749212138,0.7755022495,0.2608866784,,,,
13196,0.0,-1543.622925,-761.113708,-106.253502,-0.5749212138,0.7755022495,0.2608866784,,,,
13197,0.0,-1545.454956,-760.641296,-106.11042,-0.5749212138,0.7755022495,0.2608866784,,,,
13198,0.0,-1547.673096,-759.980957,-105.935165,-0.5749212138,0.7755022495,0.2608866784,,,,
13199,0.0,-1549.508789,-759.578125,-105.7547,-0.5660607777,0.7845550913,0.2530780604,,,,
13200,0.0,-1551.814087,-758.883545,-105.634583,-0.5540295868,0.7964472764,0.2423281924,,,,
13201,0.0,-1553.81665,-758.511536,-105.486694,-0.5569791887,0.7955490433,0.2384866937,,,,
13202,0.0,-1556.531372,-757.844971,-105.333672,-0.5630421715,0.7924542362,0.2345203543,,,,
13203,0.0,-1558.947998,-757.316589,-105.141052,-0.5654508336,0.7915601796,0.2317279372,,,,
13204,0.0,-1561.864868,-756.542175,-105.062927,-0.5635174246,0.7938433531,0.2286063053,,,,
13205,0.0,-1564.606689,-755.866882,-105.036682,-0.5560591618,0.8003952623,0.2239768574,,,,
13206,0.0,-1567.642456,-754.958496,-105.012184,-0.5484056282,0.8070302719,0.2189826641,,,,
13207,0.0,-1570.419556,-754.23114,-105.048599,-0.5415717129,0.8135786414,0.211636183,,,,
13208,0.0,-1573.274536,-753.204773,-105.186134,-0.5388944431,0.8165677129,0.2069056537,,,,
13209,0.0,-1576.041748,-751.922607,-105.437508,-0.5374354964,0.8192749191,0.1998791988,,,,
13210,0.0,-1578.418457,-750.76062,-105.607941,-0.5364127115,0.8208012492,0.1963331666,,,,
13211,0.0,-1581.115601,-749.241089,-105.946266,-0.5358631738,0.8220237386,0.1926853192,,,,
13212,0.0,-1584.194702,-747.359985,-106.307587,-0.5359392856,0.8225896038,0.1900405901,,,,
13213,0.0,-1584.832275,-746.954224,-106.41111,-0.5358781142,0.8227064786,0.1897068706,,,,
13214,0.0,-1589.512085,-743.802185,-107.264442,-0.5338942645,0.8246128023,0.1870043867,,,,
13215,0.0,-1590.214478,-743.299072,-107.26445,-0.5332871615,0.825191933,0.1861802274,,,,
13216,0.0,-1594.075317,-740.210754,-107.299973,-0.5298848782,0.8286257583,0.1805584909,,,,
13217,0.0,-1598.353882,-736.445251,-107.066872,-0.5271795891,0.8313652822,0.1758222067,,,,
13218,0.0,-1600.273071,-734.693787,-106.80188,-0.5271416417,0.8315649371,0.1749898424,,,,
13219,0.0,-1602.770752,-732.27124,-106.537453,-0.5271652645,0.8316026834,0.1747391223,,,,
13220,0.0,-1604.845825,-730.171326,-106.093781,-0.5271652645,0.8316026834,0.1747391223,,,,
13221,0.0,-1606.831299,-728.071716,-105.821388,-0.5271652645,0.8316026834,0.1747391223,,,,
13222,0.0,-1608.929199,-725.86969,-105.73275,-0.5271652645,0.8316026834,0.1747391223,,,,
13223,0.0,-1609.210205,-725.51709,-105.4132765,-0.5271652645,0.8316026834,0.1747391223,,,,
13224,0.0,-1612.806641,-721.378052,-104.501808,-0.5271652645,0.8316026834,0.1747391223,,,,
13225,0.0,-1613.798096,-720.211609,-104.48378,-0.5271652645,0.8316026834,0.1747391223,,,,
13226,0.0,-1617.579346,-715.644714,-104.132004,-0.5279686928,0.8312722535,0.1738835814,,,,
13227,0.0,-1619.660889,-713.263123,-103.905815,-0.5390324109,0.8250336293,0.1695982622,,,,
13228,0.0,-1621.87854,-710.937988,-103.972115,-0.5645697824,0.8095267283,0.1610199894,,,,
13229,0.0,-1624.179932,-708.654419,-104.080566,-0.5981304274,0.7871756376,0.1503146945,,,,
13230,0.0,-1626.569092,-706.360413,-104.282097,-0.6356947919,0.7594376129,0.1383713977,,,,
13231,0.0,-1629.264526,-703.716797,-104.47258,-0.6724613602,0.7292852601,0.1262486768,,,,
13232,0.0,-1631.343628,-701.528625,-104.692284,-0.6911934458,0.7130570074,0.1174790394,,,,
13233,0.0,-1633.340942,-699.309204,-104.902283,-0.7013120737,0.7041627524,0.1109783462,,,,
13234,0.0,-1635.554199,-696.767273,-104.850815,-0.7060387646,0.7001435208,0.1063405522,,,,
13235,0.0,-1636.121216,-696.107483,-105.141037,-0.7068266043,0.6995011416,0.1053295036,,,,
13236,0.0,-1640.360962,-691.218506,-105.276245,-0.7082846262,0.6983051841,0.1034541356,,,,
13237,0.0,-1641.001831,-690.488037,-105.221138,-0.7082846262,0.6983051841,0.1034541356,,,,
13238,0.0,-1644.39856,-686.854736,-105.104462,-0.7082846262,0.6983051841,0.1034541356,,,,
13239,0.0,-1645.17627,-686.044739,-105.104477,-0.7082846262,0.6983051841,0.1034541356,,,,
13240,0.0,-1648.922485,-682.229309,-104.914719,-0.7082846262,0.6983051841,0.1034541356,,,,
13241,0.0,-1651.395752,-679.748291,-105.112755,-0.7082846262,0.6983051841,0.1034541356,,,,
13242,0.0,-1653.814575,-677.780212,-105.545753,-0.7082846262,0.6983051841,0.1034541356,,,,
13243,0.0,-1656.611938,-675.632263,-105.609245,-0.7088608872,0.6977202024,0.1034541529,,,,
13244,0.0,-1656.885925,-675.4311215,-105.8243905,-0.7091901531,0.6974046207,0.1033242316,,,,
13245,0.0,-1660.397217,-674.088135,-105.615623,-0.7285676952,0.6784454887,0.0943442224,,,,
13246,0.0,-1661.15979,-673.838318,-105.834152,-0.7535442953,0.6518094366,0.0855304239,,,,
13247,0.0,-1661.441528,-673.823181,-105.898735,-0.7608463054,0.643635898,0.0827389296,,,,
13248,0.0,-1663.179932,-673.818604,-106.360397,-0.8169070544,0.5733253942,0.0629353392,,,,
13249,0.0,-1664.540283,-673.654053,-107.572113,-0.8357803838,0.5462093978,0.0559146123,,,,
13250,0.0,-1665.568115,-673.704346,-107.868378,-0.844866292,0.5326070421,0.0503059375,,,,
13251,0.0,-1666.109131,-673.935913,-107.687782,-0.84775569,0.5283343377,0.0466167089,,,,
13252,0.0,-1666.956055,-674.115173,-107.490005,-0.8502352232,0.5246949828,0.042370277,,,,
13253,0.0,-1667.493286,-674.13269,-107.305573,-0.8513372387,0.5231083131,0.0397818893,,,,
13254,0.0,-1668.724487,-673.670227,-106.167091,-0.8527756165,0.5209379179,0.0373822619,,,,
13255,0.0,-1669.40271,-673.993286,-106.482445,-0.8572999571,0.5136075066,0.0352719823,,,,
13256,0.0,-1669.526062,-674.2240295,-106.5026325,-0.8576424021,0.5130382556,0.0352252016,,,,
13257,0.0,-1669.649414,-674.454773,-106.52282,-0.8579848471,0.5124690047,0.0351784209,,,,
13258,0.0,-1669.382568,-675.151855,-106.406311,-0.8565837789,0.5148585585,0.0344222964,,,,
13259,0.0,-1669.257263,-675.3505855,-106.349289,-0.8563168479,0.5153056771,0.0343691912,,,,
13260,0.0,-1669.131958,-675.549316,-106.292267,-0.8560499168,0.5157527957,0.0343160861,,,,
13261,0.0,-1668.422729,-674.433838,-105.008545,-0.859799016,0.5095327517,0.0334966717,,,,
13262,0.0,-1667.628418,-675.51886,-104.681183,-0.896969473,0.4410966256,0.0296568932,,,,
13263,0.0,-1667.356934,-675.773499,-104.573448,-0.9044149977,0.4254761947,0.0316783768,,,,
13264,0.0,-1666.799316,-676.006042,-104.425545,-0.9020432713,0.4296414493,0.0415471024,,,,
13265,0.0,-1666.313965,-676.091248,-104.249763,-0.8901119908,0.4517720321,0.0600222866,,,,
13266,0.0,-1666.144043,-676.081055,-104.204369,-0.8819412753,0.4662738183,0.069052974,,,,
13267,0.0,-1667.729248,-676.735229,-103.897903,-0.8814154375,0.4670487517,0.0705144665,,,,
13268,0.0,-1667.683228,-676.986511,-103.791092,-0.8816036679,0.4666803917,0.070600175,,,,
13269,0.0,-1667.773193,-677.308228,-103.709015,-0.8836727801,0.462316237,0.0733901543,,,,
13270,0.0,-1667.907227,-677.582153,-103.683022,-0.8855919068,0.4570979915,0.0823917513,,,,
13271,0.0,-1670.083008,-677.278442,-103.929153,-0.8843895297,0.4577992428,0.0909670987,,,,
13272,0.0,-1669.969238,-677.296692,-103.894226,-0.8825129431,0.4609717934,0.0931445709,,,,
13273,0.0,-1669.834717,-677.256348,-103.876686,-0.8782991621,0.469196677,0.0918970081,,,,
14966,0.0,-566.256836,-1762.808838,-116.298744,-0.5573868756,0.827302581,0.0699307546,0.0238408652,257.2078583121,1184.9834083568,5.0
14967,0.0,-566.24765,-1762.82251,-116.298744,-0.5573868756,0.827302581,0.0699307546,0.0238211209,256.8558470916,1183.8456979999,5.0
14968,0.0,-565.641724,-1761.939819,-116.298744,-0.5499034702,0.8322955383,0.0699307546,0.0258399835,266.6016558957,1180.390079695,5.0
14969,0.0,-565.042969,-1761.09314,-116.298744,-0.5425800148,0.8370881791,0.0699307371,0.0278789166,276.2768261727,1178.2561732969,5.0
14970,0.0,-564.370056,-1760.25,-116.298744,-0.5347559104,0.8421079553,0.0699307371,0.0301393351,286.5516368619,1176.0297437646,5.0
14971,0.0,-562.63092,-1757.86438,-116.298729,-0.4994058803,0.8634213885,0.0713951857,0.041418773,334.2770317405,1173.6460157054,5.0
14972,0.0,-560.403992,-1754.851074,-116.298714,-0.4327037634,0.8985543966,0.0732628794,0.0662195988,418.9758776148,1170.8254920195,5.0
14973,0.0,-556.799072,-1750.771606,-116.298744,-0.2709842866,0.9595323325,0.0765847199,0.10040805,505.6632285518,1157.8357274498,4.0
14974,0.0,-554.650818,-1748.192993,-116.298744,-0.0460734999,0.9959949872,0.0766238744,0.0315104845,287.7586125423,1155.4049867017,4.0
14979,0.0,-541.897888,-1744.155029,-117.827156,0.9826924964,0.1820525049,0.0342394938,,,,
14980,0.0,-538.610413,-1744.015991,-117.768173,0.9985846861,0.0453436489,0.027795291,,,,
14981,0.0,-534.906921,-1743.931274,-117.578667,0.9956082701,-0.0911549953,0.0213293078,,,,
14982,0.0,-530.99469,-1744.03894,-117.41925,0.9722600442,-0.23344928,0.0145547292,,,,
14983,0.0,-528.544495,-1744.276123,-117.442444,0.9445477049,-0.3282212491,0.0100222109,,,,
14984,0.0,-526.890747,-1744.256104,-117.453583,0.9260745284,-0.3772626957,0.0076698266,,,,
14985,0.0,-522.297424,-1744.117554,-117.522461,0.9260745284,-0.3772626957,0.0076698266,,,,
14986,0.0,-520.001892,-1744.126953,-117.608353,0.9260745284,-0.3772626957,0.0076698266,,,,
14987,0.0,-517.078613,-1744.122192,-117.371414,0.9260745284,-0.3772626957,0.0076698266,,,,
14988,0.0,-514.561707,-1744.23584,-117.127106,0.9260745284,-0.3772626957,0.0076698266,,,,
14989,0.0,-511.801086,-1744.469849,-116.759636,0.9260745284,-0.3772626957,0.0076698266,,,,
14990,0.0,-509.025513,-1744.797119,-116.385658,0.9260745284,-0.3772626957,0.0076698266,,,,
15002,0.0,-476.312469,-1747.546631,-112.460243,0.9262789707,-0.3766039486,0.0132941478,,,,
15003,0.0,-472.272736,-1747.660034,-112.268829,0.9263034155,-0.3765172252,0.01402717,,,,
15004,0.0,-465.249786,-1747.887695,-111.873276,0.9263463438,-0.3763599161,0.0153513829,,,,
15005,0.0,-461.698853,-1748.024902,-111.687912,0.9263695661,-0.3762718352,0.0160913983,,,,
15006,0.0,-459.4088745,-1747.899902,-111.480198,0.926372821,-0.376259379,0.0161946122,,,,
15007,0.0,-457.118896,-1747.774902,-111.272484,0.9263760758,-0.3762469229,0.0162978262,,,,
15008,0.0,-453.467163,-1747.343018,-111.295372,0.9263760758,-0.3762469229,0.0162978262,,,,
15009,0.0,-450.133881,-1746.679932,-111.09301,0.9294556796,-0.3685316564,0.0172208535,,,,
15010,0.0,-446.857391,-1745.950439,-110.831604,0.93597286,-0.3513991331,0.0217590129,,,,
15011,0.0,-443.635376,-1745.295776,-110.543312,0.9488607609,-0.3144297868,0.0282341214,,,,
15012,0.0,-439.433441,-1747.960327,-109.136032,0.9774302468,-0.2069301477,0.0425444084,,,,
15013,0.0,-435.894165,-1745.725342,-108.75325,0.9934936428,-0.1021086033,0.0504402096,,,,
15014,0.0,-435.008972,-1745.091187,-108.651459,0.9961904274,-0.0696894589,0.052421482,,,,
15015,0.0,-430.522491,-1741.839966,-108.128433,0.9947951019,0.0811351531,0.0616424539,,,,
15016,0.0,-427.462921,-1739.749756,-107.764748,0.9865959308,0.1486754444,0.0672612938,,,,
15017,0.0,-424.561798,-1737.662109,-107.411827,0.9763226468,0.2047474646,0.0698037613,,,,
15018,0.0,-422.338959,-1736.055542,-107.142738,0.9696500241,0.2340614886,0.0706685951,,,,
15019,0.0,-419.276184,-1733.745972,-106.765694,0.9619793242,0.2637627695,0.070887102,,,,
15020,0.0,-417.30426,-1732.213501,-106.525719,0.9585490891,0.2759685899,0.070887102,,,,
15021,0.0,-414.176178,-1729.732422,-106.147224,0.9564975792,0.2829971769,0.0708870846,,,,
15022,0.0,-411.505219,-1727.506348,-105.82148,0.9564275895,0.2832336222,0.070887102,,,,
15023,0.0,-409.806396,-1726.010376,-105.610939,0.9564275895,0.2832336222,0.070887102,,,,
15024,0.0,-406.687408,-1723.106323,-105.21743,0.9564275895,0.2832336222,0.070887102,,,,
15025,0.0,-404.216492,-1720.663086,-104.899437,0.9564275895,0.2832336222,0.070887102,,,,
15026,0.0,-401.912354,-1718.270264,-104.597878,0.9564275895,0.2832336222,0.070887102,,,,
15027,0.0,-399.727722,-1715.903564,-104.330917,0.9564275895,0.2832336222,0.070887102,,,,
15028,0.0,-397.673248,-1713.593018,-104.289444,0.9564275895,0.2832336222,0.070887102,,,,
15029,0.0,-395.167206,-1710.656616,-104.298721,0.9561747572,0.2840859947,0.070887102,,,,
15030,0.0,-393.293182,-1708.390747,-104.298721,0.9561556064,0.2841504446,0.070887102,,,,
15031,0.0,-390.897217,-1705.40686,-104.298721,0.9561556064,0.2841504446,0.070887102,,,,
15032,0.0,-389.025848,-1703.006348,-104.298721,0.9561556064,0.2841504446,0.070887102,,,,
15033,0.0,-386.646362,-1699.873047,-104.298721,0.9561556064,0.2841504446,0.070887102,,,,
15034,0.0,-384.709991,-1697.255615,-104.298721,0.9561556064,0.2841504446,0.070887102,,,,
15035,0.0,-382.965393,-1694.848511,-104.298721,0.9561556064,0.2841504446,0.070887102,,,,
15036,0.0,-380.63974,-1691.533325,-104.298721,0.9553859298,0.2867276476,0.070887102,,,,
15037,0.0,-378.662537,-1688.465576,-104.298721,0.9510132663,0.3004599096,0.0727846827,,,,
15056,0.0,-341.097565,-1651.146606,-104.298721,0.6526552823,-0.7509576988,0.1005167499,,,,
15057,0.0,-339.397614,-1649.165771,-104.298721,0.6082441947,-0.7872239256,0.1015750486,,,,
15058,0.0,-337.320374,-1646.658081,-104.298721,0.5475096919,-0.8304484388,0.1029005727,,,,
15059,0.0,-335.410889,-1644.242798,-104.298721,0.4832356566,-0.8692707765,0.1041710966,,,,
15060,0.0,-333.73233,-1641.990723,-104.298721,0.416710415,-0.902912764,0.1053611439,,,,
15061,0.0,-330.685974,-1640.773926,-104.298721,0.416710415,-0.902912764,0.1053611439,,,,
15062,0.0,-328.703522,-1641.201416,-104.298721,0.416710415,-0.902912764,0.1053611439,,,,
15063,0.0,-325.880981,-1640.958252,-104.298721,0.416710415,-0.902912764,0.1053611439,,,,
15064,0.0,-322.780823,-1640.831665,-104.298721,0.416710415,-0.902912764,0.1053611439,,,,
15065,0.0,-320.413818,-1640.829468,-104.298721,0.416710415,-0.902912764,0.1053611439,,,,
15066,0.0,-317.516113,-1640.917725,-104.298721,0.416710415,-0.902912764,0.1053611439,,,,
15067,0.0,-314.392578,-1641.116333,-104.298721,0.416710415,-0.902912764,0.1053611439,,,,
15068,0.0,-311.430664,-1641.393799,-104.298721,0.416710415,-0.902912764,0.1053611439,,,,
15069,0.0,-308.365753,-1641.761353,-104.298721,0.416710415,-0.902912764,0.1053611439,,,,
15070,0.0,-305.565186,-1642.163696,-104.298721,0.416710415,-0.902912764,0.1053611439,,,,
15071,0.0,-302.32074,-1642.696899,-104.298721,0.416710415,-0.902912764,0.1053611439,,,,
15072,0.0,-299.526245,-1643.21167,-104.298721,0.4174695274,-0.9025620348,0.1053611266,,,,
15073,0.0,-296.251129,-1643.867188,-104.298721,0.4225586179,-0.9001906728,0.1053611266,,,,
15074,0.0,-293.459106,-1644.40271,-104.298721,0.4315383274,-0.8959205908,0.1053611266,,,,
15075,0.0,-289.64621,-1645.004761,-104.298721,0.4531987547,-0.884935088,0.1072416839,,,,
15076,0.0,-286.423981,-1645.383057,-104.298729,0.488652167,-0.8654302224,0.1106778654,,,,
15077,0.0,-282.706512,-1645.635498,-104.298759,0.5446496924,-0.8303229695,0.1179850792,,,,
15078,0.0,-279.345367,-1645.780762,-104.298775,0.5955899686,-0.7938686995,0.1226583765,,,,
15079,0.0,-275.218048,-1646.086304,-104.298721,0.6420887797,-0.756153115,0.1263109883,,,,
15080,0.0,-271.973541,-1646.525391,-104.298729,0.6602011948,-0.7402393944,0.127200713,,,,
15081,0.0,-269.294128,-1646.940308,-104.298714,0.6680882992,-0.7332365983,0.1265784947,,,,
15082,0.0,-265.602234,-1647.549438,-104.298721,0.6724376014,-0.7294288436,0.1255437546,,,,
15083,0.0,-261.758148,-1648.171021,-104.298721,0.6728589772,-0.7290718079,0.125359865,,,,
15084,0.0,-258.275543,-1648.661743,-104.298721,0.6728589772,-0.7290718079,0.125359865,,,,
15085,0.0,-255.211853,-1649.066284,-104.298721,0.6728589772,-0.7290718079,0.125359865,,,,
15086,0.0,-252.340637,-1649.425659,-104.298721,0.6728589772,-0.7290718079,0.125359865,,,,
15087,0.0,-248.672241,-1649.859253,-104.298721,0.6728589772,-0.7290718079,0.125359865,,,,
15088,0.0,-245.033401,-1650.263672,-104.298721,0.6728589772,-0.7290718079,0.125359865,,,,
15089,0.0,-239.041611,-1650.87854,-104.298721,0.6728589772,-0.7290718079,0.125359865,,,,
15090,0.0,-235.651718,-1651.202148,-104.298721,0.6728589772,-0.7290718079,0.125359865,,,,
15091,0.0,-233.609001,-1651.3849485,-104.298721,0.673205554,-0.7287516474,0.125359865,,,,
15092,0.0,-229.10611,-1651.720825,-104.298721,0.6818957782,-0.7207425549,0.1246928914,,,,
15093,0.0,-224.854691,-1651.70874,-104.298721,0.7161958696,-0.6867211765,0.1244086092,,,,
15094,0.0,-221.251022,-1650.985596,-104.298607,0.7914347521,-0.5991345017,0.1211151602,,,,
15095,0.0,-217.456879,-1649.714478,-104.298668,0.8834107839,-0.454021784,0.1159724389,,,,
15096,0.0,-214.914856,-1648.397095,-104.298317,0.9503998601,-0.2905894687,0.1108957466,,,,
15097,0.0,-210.716187,-1647.302612,-104.298653,0.9922962876,-0.06180779,0.1073679409,,,,
15098,0.0,-207.030716,-1646.659058,-104.298721,0.9921316016,0.0645640411,0.1072677476,,,,
15099,0.0,-203.384888,-1645.82959,-104.298775,0.972274285,0.2068626408,0.1090438559,,,,
15100,0.0,-200.147842,-1645.267578,-104.298698,0.9540763835,0.2792795541,0.1083567489,,,,
15101,0.0,-197.040833,-1644.691162,-104.298531,0.9346638781,0.3397947437,0.1046086381,,,,
15102,0.0,-193.543137,-1644.060913,-104.298576,0.9173393807,0.3858016821,0.098211622,,,,
15103,0.0,-190.180664,-1643.475098,-104.298683,0.9083079989,0.407645697,0.0938166559,,,,
15104,0.0,-186.2854,-1642.790405,-104.298721,0.9051473703,0.4148094182,0.092959048,,,,
15105,0.0,-182.78981,-1642.118042,-104.298721,0.906157548,0.4125980088,0.0929590306,,,,
15106,0.0,-179.326645,-1641.371582,-104.298721,0.9062224181,0.412455506,0.092959048,,,,
15107,0.0,-177.003464,-1640.831421,-104.298721,0.9062748569,0.4124793347,0.0923400357,,,,
15108,0.0,-173.211456,-1639.888794,-104.298721,0.906364793,0.4125203443,0.0912678889,,,,
15109,0.0,-169.861603,-1639.004883,-104.298721,0.9064446623,0.4125566194,0.0903056474,,,,
15110,0.0,-166.674957,-1638.099487,-104.298721,0.9056438585,0.4145097187,0.0893918041,,,,
15111,0.0,-163.053299,-1637.011719,-104.298714,0.9046707508,0.41751153,0.0851760238,,,,
15129,0.0,-105.956871,-1616.082153,-104.29734,0.9299770671,0.3482264766,0.1178175523,,,,
15130,0.0,-102.221306,-1614.656738,-104.297615,0.9315346661,0.3432227519,0.120171995,,,,
15131,0.0,-98.50415,-1613.242188,-104.297935,0.933109145,0.33804789,0.122600765,,,,
15132,0.0,-94.29142,-1611.643555,-104.29834,0.9349584463,0.3318090386,0.1255207773,,,,
15133,0.0,-87.303505,-1609.001831,-104.298714,0.937300969,0.3227386056,0.1315548778,,,,
15134,0.0,-84.823143,-1608.069702,-104.298721,0.9376629306,0.3214968258,0.1320152247,,,,
15135,0.0,-81.92778,-1607.43335,-104.298721,0.9377014446,0.3213844757,0.1320152247,,,,
15136,0.0,-80.0123595,-1607.339539,-104.298721,0.9377014446,0.3213844757,0.1320152247,,,,
15137,0.0,-74.941795,-1607.159302,-104.298721,0.9377014446,0.3213844757,0.1320152247,,,,
15138,0.0,-72.093117,-1607.080811,-104.298721,0.9377014446,0.3213844757,0.1320152247,,,,
15139,0.0,-69.094383,-1606.792358,-104.298721,0.9377014446,0.3213844757,0.1320152247,,,,
15140,0.0,-65.686569,-1606.17981,-104.298721,0.9378841722,0.3204682076,0.1329413684,,,,
15141,0.0,-63.089634,-1605.504395,-104.298721,0.9388636117,0.3172239402,0.1338061673,,,,
15142,0.0,-60.447453,-1604.712769,-104.298714,0.9426823721,0.3045813151,0.1363090895,,,,
15143,0.0,-57.337353,-1603.626831,-104.298721,0.9497607749,0.280595425,0.1386386595,,,,
15144,0.0,-54.59837,-1602.674805,-104.298721,0.9610286764,0.2386103745,0.1396029097,,,,
15145,0.0,-52.72031,-1601.884888,-104.298721,0.9670607503,0.2128413031,0.1396140568,,,,
15146,0.0,-49.510391,-1600.424316,-104.298729,0.976720631,0.1636197915,0.1387276927,,,,
15147,0.0,-47.102238,-1599.290283,-104.298721,0.9832455304,0.118323094,0.1386646039,,,,
15148,0.0,-44.332779,-1597.835938,-104.298721,0.9880135992,0.0696814535,0.1377447744,,,,
15149,0.0,-42.040257,-1596.432861,-104.298721,0.9892966029,0.0401921149,0.140274108,,,,
15150,0.0,-39.452248,-1594.703735,-104.298714,0.989179537,0.0142972465,0.1460117539,,,,
15151,0.0,-37.092251,-1592.937622,-104.298721,0.9885786303,0.0035766736,0.1506635293,,,,
15152,0.0,-35.218376,-1591.476074,-104.298698,0.9878383486,-0.0035633746,0.155443557,,,,
15153,0.0,-32.556694,-1589.359131,-104.298714,0.9869775565,-0.0108371104,0.1604925546,,,,
15154,0.0,-29.807878,-1587.099854,-104.298721,0.9861666827,-0.015786341,0.1650032282,,,,
15155,0.0,-27.232235,-1584.914917,-104.298721,0.9856078161,-0.0179336214,0.168094075,,,,
15156,0.0,-24.908413,-1582.925415,-104.298721,0.9852444832,-0.0206179569,0.1699064688,,,,
15157,0.0,-22.443068,-1580.782104,-104.298721,0.9847136699,-0.0225696135,0.1727124803,,,,
15158,0.0,-20.12602,-1578.746582,-104.298721,0.9841969704,-0.0243467386,0.1753954385,,,,
15159,0.0,-17.840342,-1576.739868,-104.298714,0.9834938511,-0.0276536507,0.178815884,,,,
15160,0.0,-15.395861,-1574.554321,-104.298721,0.9830508135,-0.0290619152,0.1810152015,,,,
15161,0.0,-13.045562,-1572.426025,-104.298721,0.9829855901,-0.0292238022,0.1813430424,,,,
15162,0.0,-10.163193,-1569.796021,-104.298721,0.9829855901,-0.0292238022,0.1813430424,,,,
15163,0.0,-7.920715,-1567.746826,-104.298721,0.9831138468,-0.0300622631,0.1805087938,,,,
15164,0.0,-5.7383,-1565.751953,-104.464539,0.983218919,-0.031648812,0.179663324,,,,
15165,0.0,-2.819957,-1563.053955,-104.767754,0.9835799838,-0.0320734865,0.1775998507,,,,
15166,0.0,-0.547033,-1560.939331,-105.002281,0.9835853148,-0.0320733854,0.1775703425,,,,
15167,0.0,1.638504,-1558.907715,-105.227699,0.9835595389,-0.0328543274,0.1775703425,,,,
15168,0.0,4.592392,-1556.490112,-105.524895,0.9835541131,-0.0330163601,0.1775703425,,,,
15169,0.0,6.868509,-1554.869995,-105.752495,0.9835541131,-0.0330163601,0.1775703425,,,,
15170,0.0,11.78004,-1551.853516,-106.243675,0.9835541131,-0.0330163601,0.1775703425,,,,
15171,0.0,15.02667,-1550.173096,-106.568306,0.9835541131,-0.0330163601,0.1775703425,,,,
15172,0.0,16.7577495,-1549.382996,-106.741417,0.9835541131,-0.0330163601,0.1775703425,,,,
15173,0.0,20.673979,-1547.702881,-107.133034,0.9835541131,-0.0330163601,0.1775703425,,,,
15174,0.0,22.575735,-1547.0043945,-107.3232195,0.9835541131,-0.0330163601,0.1775703425,,,,
15175,0.0,26.988838,-1545.488647,-107.764534,0.9835541131,-0.0330163601,0.1775703425,,,,
15176,0.0,30.175413,-1544.546021,-108.083183,0.9835541131,-0.0330163601,0.1775703425,,,,
15177,0.0,33.634838,-1543.633301,-108.429115,0.9835541131,-0.0330163601,0.1775703425,,,,
15178,0.0,36.844162,-1542.879761,-108.750061,0.9835541131,-0.0330163601,0.1775703425,,,,
15179,0.0,40.198151,-1542.174561,-109.08548,0.9835541131,-0.0330163601,0.1775703425,,,,
15180,0.0,44.148666,-1537.974121,-109.471046,0.9835541131,-0.0330163601,0.1775703425,,,,
15181,0.0,47.612617,-1537.324829,-109.819977,0.9835541131,-0.0330163601,0.1775703425,,,,
15182,0.0,50.391312,-1536.955933,-110.063576,0.983342644,-0.035238134,0.178312979,,,,
15183,0.0,53.920856,-1536.620972,-110.412575,0.9823331207,-0.0446610543,0.1817334042,,,,
15208,0.0,135.772476,-1537.89209,-112.704063,0.9806902751,-0.0602500335,0.1860551474,,,,
15209,0.0,139.219757,-1537.625,-112.468689,0.9806902751,-0.0602500335,0.1860551474,,,,
15210,0.0,143.495667,-1537.525513,-112.076271,0.9806902751,-0.0602500335,0.1860551474,,,,
15211,0.0,146.817123,-1537.488403,-111.91967,0.9806902751,-0.0602500335,0.1860551474,,,,
15212,0.0,150.667053,-1537.345093,-111.383202,0.9806902751,-0.0602500335,0.1860551474,,,,
15213,0.0,155.470551,-1537.106567,-110.750412,0.9806902751,-0.0602500335,0.1860551474,,,,
15214,0.0,157.201706,-1536.999512,-110.284187,0.9806902751,-0.0602500335,0.1860551474,,,,
15215,0.0,163.23053,-1537.016479,-109.910759,0.9806902751,-0.0602500335,0.1860551474,,,,
15216,0.0,165.186806,-1537.0794675,-109.878048,0.9806902751,-0.0602500335,0.1860551474,,,,
15217,0.0,170.266052,-1537.028564,-109.720688,0.9806902751,-0.0602500335,0.1860551474,,,,
15218,0.0,172.16613,-1537.0639645,-109.756935,0.9806902751,-0.0602500335,0.1860551474,,,,
15458,0.0,678.119934,-1330.307129,-200.298737,0.3871022404,0.9212786963,0.0373820701,0.1176585869,304.1539525807,646.2974643636,4.0
15459,0.0,678.213623,-1330.083984,-200.298737,0.3871022404,0.9212786963,0.0373820701,0.1188154436,304.0798348458,643.1843541977,4.0
15460,0.0,678.330017,-1329.807007,-200.298737,0.3871022404,0.9212786963,0.0373820701,0.1202639312,303.9598720524,639.2932480711,4.0
15461,0.0,678.424744,-1329.581665,-200.298737,0.3871022404,0.9212786963,0.0373820701,0.1214499435,303.8440255168,636.1223529177,4.0
15462,0.0,679.454773,-1326.732056,-200.298737,0.3871022404,0.9212786963,0.0373820701,0.1251634711,303.6216622854,626.775844942,4.0
15463,0.0,680.0809325,-1324.8336795,-200.298729,0.3911981852,0.9194596418,0.0391745851,0.124630178,301.277048154,623.1707934153,4.0
15464,0.0,681.589844,-1320.054321,-200.298538,0.4295942281,0.901875485,0.0454907538,0.1089407344,278.8496375076,614.3591983928,4.0
15465,0.0,682.70282,-1316.140869,-200.298798,0.480929106,0.875585345,0.045359658,0.0871083151,247.9382656226,607.3912938794,4.0
15466,0.0,683.181824,-1314.2858275,-200.298798,0.5037057191,0.8623538843,0.0439369672,0.0782006628,233.853642699,604.1189219247,4.0
15467,0.0,683.660828,-1312.430786,-200.298798,0.5264823322,0.8491224236,0.0425142764,0.0692930105,219.7690197754,600.8465499701,4.0
15468,0.0,685.251892,-1305.684204,-200.298737,0.6064761401,0.7940819458,0.0402561165,0.0418565162,168.6415649291,589.0617572763,4.0
15469,0.0,686.236084,-1301.778076,-200.298721,0.6618830983,0.7484778529,0.0411298894,0.0256424472,130.9976272031,582.1981103236,4.0
15470,0.0,686.941406,-1298.932983,-200.29863,0.6987552402,0.7140470098,0.0433356908,0.0167728148,105.2680735604,577.174940039,4.0
15471,0.0,687.753906,-1295.253418,-200.298691,0.7349234074,0.6765574304,0.0464502803,0.0099626307,80.3606692126,570.7237069188,4.0
15472,0.0,688.483276,-1291.654053,-200.298706,0.7626729069,0.6448850591,0.0495307747,0.0060823697,62.1578879886,564.4249919152,4.0
15473,0.0,689.094055,-1288.232422,-200.298721,0.7807940149,0.6225813572,0.0524705628,0.0043296182,51.914379577,558.4939343937,4.0
15474,0.0,689.525269,-1285.190918,-200.298737,0.7874797153,0.6140147859,0.0534933707,0.0040650593,49.8459344737,553.3795563232,4.0
15475,0.0,689.948669,-1281.647339,-200.298737,0.7886219847,0.6125321133,0.0536635398,0.0045316254,52.0677308609,547.5442560521,4.0
15476,0.0,690.189941,-1277.952393,-200.298737,0.7891928673,0.6117964063,0.0536635398,0.0051702338,55.0076826693,541.6457462552,4.0
15477,0.0,690.201965,-1275.251587,-200.298737,0.7892088838,0.611775745,0.0536635398,0.0057658455,57.6284747451,537.4246084316,4.0
15478,0.0,690.055237,-1271.696655,-200.298737,0.7897217775,0.6111135236,0.0536635398,0.0065682207,60.8741438281,531.995930355,4.0
15505,0.0,691.520752,-1209.118774,-195.262527,0.8980405329,0.4337685853,0.0732667436,,,,
15506,0.0,691.579834,-1204.276978,-194.784775,0.9044254816,0.4200239545,0.0747958948,,,,
15507,0.0,691.60498,-1201.788574,-194.539337,0.907838454,0.412442568,0.0756337859,,,,
15508,0.0,691.6163025,-1200.534973,-194.41584,0.9096297963,0.4083689342,0.0760818186,,,,
15509,0.0,693.150574,-1197.229248,-194.203308,0.9117930019,0.403438107,0.076623857,,,,
15510,0.0,695.304199,-1199.075684,-194.532654,0.9117930019,0.403438107,0.076623857,,,,
15511,0.0,697.566711,-1199.103394,-194.695679,0.9117930019,0.403438107,0.076623857,,,,
15512,0.0,699.788696,-1199.130005,-194.855713,0.9117930019,0.403438107,0.076623857,,,,
15513,0.0,701.627686,-1199.151489,-194.988068,0.9117930019,0.403438107,0.076623857,,,,
15514,0.0,704.095154,-1199.17981,-195.165588,0.9117930019,0.403438107,0.076623857,,,,
15515,0.0,706.737976,-1199.209473,-195.355621,0.9117930019,0.403438107,0.076623857,,,,
15516,0.0,708.934509,-1199.234253,-195.51355,0.9117930019,0.403438107,0.076623857,0.0054982597,36.3019125025,346.6567580623,4.0
15517,0.0,711.656128,-1199.161377,-195.699402,0.9117930019,0.403438107,0.076623857,0.00550921,35.5717917448,339.3478181317,4.0
15518,0.0,714.315491,-1198.971191,-195.869659,0.9117930019,0.403438107,0.076623857,0.0055311139,34.9138710458,332.4130539383,4.0
15519,0.0,716.596558,-1198.726929,-196.007996,0.9117930019,0.403438107,0.076623857,0.0055569663,34.3866834287,326.6334004392,4.0
15520,0.0,719.464661,-1198.332153,-196.173584,0.9117930019,0.403438107,0.076623857,0.0055952888,33.7611018953,319.5940719402,4.0
15521,0.0,722.545654,-1197.794189,-196.333679,0.9117930019,0.403438107,0.076623857,0.005642823,33.1422587264,312.4153897928,4.0
15522,0.0,725.108765,-1197.275146,-196.477783,0.9117930019,0.403438107,0.076623857,0.0055863219,32.2386361695,305.426039668,4.0
15523,0.0,727.811951,-1196.673706,-196.630188,0.9117930019,0.403438107,0.076623857,0.005415248,31.2002717105,300.2084776453,4.0
15524,0.0,730.849182,-1195.937622,-196.8013,0.9117930019,0.403438107,0.076623857,0.0052921938,30.1250314133,293.2040715571,4.0
15525,0.0,733.911194,-1195.052368,-196.974213,0.9081468916,0.4117477897,0.0757164513,0.0056236203,30.3016334807,286.1241294169,4.0
15526,0.0,736.429504,-1194.116577,-197.121597,0.8973469802,0.4356015566,0.0708497066,0.0070865458,33.2910473764,280.1340764812,4.0
15527,0.0,739.442261,-1192.827393,-197.303513,0.8770839122,0.4759771122,0.0645724368,0.011507546,41.2671760565,272.8044297013,4.0
15528,0.0,741.996826,-1191.661743,-197.459244,0.8574032721,0.5111306694,0.0600422171,0.0173324962,49.4108003165,266.5424508694,4.0
15529,0.0,744.993774,-1190.233765,-197.642426,0.832957929,0.5505244557,0.0557127659,0.0261988574,58.9351223563,259.1679634416,4.0
15530,0.0,747.566223,-1189.07959,-197.79213,0.8216042406,0.5675799385,0.0530988246,0.0307806056,62.2949865395,253.0273480417,4.0
15531,0.0,750.397583,-1187.80127,-197.953629,0.8134952482,0.5793214429,0.051109168,0.0342597517,63.9265330671,246.3349200907,4.0
15532,0.0,753.418884,-1186.439941,-198.121643,0.8107903302,0.5831288788,0.0507912509,0.0355402352,63.2263706883,239.2855843042,4.0
15533,0.0,756.71637,-1184.830811,-198.307343,0.8045777669,0.5917499872,0.0498655161,0.0385384611,63.6451023765,231.4876930008,4.0
15534,0.0,759.038513,-1183.487915,-198.446228,0.7885786679,0.6130957613,0.0475107568,0.0463873415,67.9533864712,225.7314818636,4.0
15535,0.0,761.479004,-1181.805054,-198.659821,0.7335574599,0.6783672077,0.0413688831,0.075892065,83.7129262343,219.0683427864,4.0
15536,0.0,763.473938,-1180.26062,-198.914444,0.6195350438,0.7844271758,0.0291605095,0.1471591926,111.0969178767,212.7596459227,4.0
15537,0.0,765.216003,-1179.081543,-199.171402,0.434177232,0.9006828718,0.0161398772,0.1462432067,1047.4078857367,2011.64624445,5.0
15538,0.0,767.601379,-1176.81311,-199.424423,0.2261469775,0.974083677,0.0043052078,0.0536885896,650.0453400267,2010.9278424787,5.0
15539,0.0,769.831787,-1174.850708,-199.675385,0.0115469762,0.9998905664,-0.0092478443,0.0082104696,257.0161935603,2009.8089068337,5.0
15540,0.0,771.834412,-1173.630493,-199.736038,-0.0989583584,0.9949315079,-0.017847627,0.0030232306,156.1248369474,2009.3234474377,5.0
15541,0.0,774.427856,-1172.165527,-199.620346,-0.2358181809,0.9712939116,-0.0312717596,0.0137581664,332.0330557063,2008.5607938808,5.0
15542,0.0,777.246155,-1170.788452,-199.44841,-0.3440568605,0.9378753615,-0.0448852202,0.036467495,537.1816386878,2007.47038034,5.0
15543,0.0,780.021118,-1169.583008,-199.290253,-0.4083660905,0.9110190687,-0.0572834404,0.056849568,666.9096451316,2006.5509989802,5.0
15544,0.0,783.067383,-1168.330078,-199.119629,-0.4466062998,0.8921797839,-0.0675133037,0.0716520447,745.51244327,2005.6165367409,5.0
15545,0.0,786.266968,-1167.035889,-198.94281,-0.4566717875,0.886576322,-0.0737109473,0.0759340469,766.2764703219,2004.736232786,5.0
15546,0.0,788.975342,-1165.850098,-198.789124,-0.4567363716,0.886539323,-0.0737557846,0.0754542275,763.6231720706,2003.8868139603,5.0
15547,0.0,792.320496,-1164.354248,-198.594482,-0.4567363716,0.886539323,-0.0737557846,0.0748215761,760.1379956437,2002.8273920409,5.0
15548,0.0,794.809875,-1163.21875,-198.445984,-0.4567363716,0.886539323,-0.0737557846,0.0743523898,757.5312259788,2002.0027331655,5.0
15549,0.0,798.485962,-1161.512451,-198.222046,-0.4567363716,0.886539323,-0.0737557846,0.0736595777,753.6704499803,2000.7846937939,5.0
15550,0.0,801.175598,-1160.368408,-198.073547,-0.4574463839,0.8861036042,-0.0745869185,0.0735595469,752.882087166,1999.9983947248,5.0
15551,0.0,807.188171,-1158.327637,-197.819244,-0.4610554855,0.8839988142,-0.0772912406,0.0742814342,755.9599073396,1998.7672013967,5.0
15552,0.0,809.0425415,-1157.871033,-197.764389,-0.4646583593,0.8818670952,-0.079867839,0.0757826732,763.1484101144,1998.5747616118,5.0
15553,0.0,813.6521,-1156.929688,-197.649704,-0.4797276397,0.8726115966,-0.0917081963,0.083017944,797.1816953282,1998.3074499118,5.0
15554,0.0,816.951843,-1156.535522,-197.863297,-0.5007054603,0.8586066837,-0.1099481907,0.0948363798,849.4938469649,1998.5113262208,5.0
15555,0.0,820.243225,-1156.401611,-198.124252,-0.5357141985,0.831696784,-0.1459135255,0.1187232488,944.766055955,1999.0794321624,5.0
15556,0.0,822.818237,-1156.421997,-198.182709,-0.5669591679,0.8037086776,-0.1805814595,0.144078713,1034.0979527364,1999.7789449885,5.0
15557,0.0,826.018005,-1156.383423,-198.21521,-0.6068186395,0.7630323951,-0.2226043636,,,,
15558,0.0,829.210571,-1156.222778,-198.243179,-0.6499295923,0.712032693,-0.2657084289,,,,
15559,0.0,832.398132,-1156.095947,-198.269318,-0.6852743344,0.6666693048,-0.2931742224,,,,
15560,0.0,835.012329,-1156.009521,-198.291321,-0.7201840746,0.6209173362,-0.3095101941,,,,
15561,0.0,837.880859,-1155.924194,-198.319336,-0.7589405896,0.567260039,-0.3197268047,,,,
15562,0.0,841.247498,-1155.750488,-198.356293,-0.7847334497,0.5274738985,-0.3255221949,,,,
15563,0.0,844.528198,-1155.518433,-198.397476,-0.7984752623,0.5006753046,-0.3343074854,,,,
15564,0.0,847.38446,-1155.235107,-198.437668,-0.7993629075,0.4883247275,-0.3500827082,,,,
15565,0.0,850.921509,-1154.790771,-198.55954,-0.7911495889,0.4779719148,-0.3816086695,,,,
15566,0.0,854.185913,-1154.284668,-198.883011,-0.7765954317,0.4724667479,-0.4167429754,,,,
15567,0.0,857.702759,-1153.653809,-199.268417,-0.7566211441,0.4706724703,-0.4538632724,,,,
15568,0.0,860.602661,-1153.137939,-199.587265,-0.7484425339,0.4701149024,-0.4677881485,,,,
15594,0.0,946.035645,-1136.51416,-200.29985,-0.7877768274,0.3830631825,-0.4823590658,,,,
15595,0.0,949.85675,-1135.783813,-200.299515,-0.7904266944,0.379065579,-0.481180764,,,,
15596,0.0,953.680115,-1135.053589,-200.299149,-0.7931943388,0.3748358517,-0.4799383556,,,,
15597,0.0,957.355469,-1134.352295,-200.298737,-0.7960107705,0.3704728173,-0.4786614095,,,,
15598,0.0,962.053772,-1133.518921,-200.298996,-0.8153695419,0.3537277343,-0.458311248,,,,
15599,0.0,963.538513,-1133.160278,-200.298874,-0.8432112464,0.3419449312,-0.4148113523,,,,
15600,0.0,966.906616,-1132.2146,-200.298737,-0.8629258594,0.348454362,-0.3659761177,,,,
15601,0.0,969.53009,-1131.17041,-200.298111,-0.8682061804,0.3824695325,-0.3161251097,,,,
15602,0.0,972.819031,-1129.406738,-200.298325,-0.852191682,0.4484921639,-0.2694886194,,,,
15603,0.0,976.117798,-1127.266479,-200.298538,-0.802611822,0.5417725841,-0.2495931295,,,,
15604,0.0,979.162964,-1125.334473,-200.298813,-0.7474838297,0.6144969071,-0.2523122581,,,,
15605,0.0,982.943604,-1122.966553,-200.298889,-0.6604083864,0.6982536723,-0.2762292025,,,,
15606,0.0,986.697937,-1120.915527,-200.298737,-0.5812192842,0.7523685106,-0.3100415582,,,,
15607,0.0,989.298401,-1119.574097,-200.298737,-0.5402856961,0.769539034,-0.3404424205,,,,
15608,0.0,992.783875,-1117.736694,-200.298737,-0.5223914754,0.7655378939,-0.3755780604,,,,
15609,0.0,995.597168,-1116.213745,-200.298737,-0.5358082079,0.7477493397,-0.3921485551,,,,
15610,0.0,997.974304,-1114.98291,-200.298706,-0.5805073594,0.7084202832,-0.4014373026,,,,
15611,0.0,1000.952332,-1113.640625,-200.298752,-0.6540028586,0.6440532708,-0.3968320113,,,,
15612,0.0,1003.07666,-1112.769531,-200.299286,-0.7141842043,0.5949563214,-0.3687382513,,,,
15613,0.0,1005.777832,-1111.261108,-200.299042,-0.756669301,0.5659764733,-0.3272952806,,,,
15614,0.0,1008.66687,-1109.16687,-200.298737,-0.7793146241,0.562067394,-0.2770360287,,,,
15615,0.0,1010.935486,-1107.322266,-200.298599,-0.7808035903,0.5774039278,-0.2386429498,,,,
15616,0.0,1014.069397,-1104.589355,-200.298508,-0.754780061,0.6289299461,-0.1864247368,,,,
15617,0.0,1017.309875,-1101.626343,-200.298721,-0.6958274642,0.7014935249,-0.1540486112,,,,
15667,0.0,1164.476807,-1012.201782,-199.924438,0.0260195874,0.990261683,-0.1367654203,0.0796716329,722.0100029782,1845.8806046384,5.0
15668,0.0,1164.473633,-1012.328796,-199.924438,0.0260195874,0.990261683,-0.1367654203,0.0796912782,721.3214297979,1843.9023223471,5.0
15669,0.0,1164.46936,-1012.488098,-199.924438,0.0260195874,0.990261683,-0.1367654203,0.0797479362,720.6226833359,1841.4887999186,5.0
15670,0.0,1164.462158,-1012.76532,-199.924438,0.0260195874,0.990261683,-0.1367654203,0.0799158193,719.7725631955,1837.4637286388,5.0
15671,0.0,1164.708496,-1011.46286,-199.906784,0.0260209572,0.9903164502,-0.1363674334,0.0800372041,719.3408728744,1835.0289933156,5.0
15672,0.0,1165.468262,-1007.329163,-199.853241,0.0274215722,0.9903545936,-0.1358154492,0.0810257034,720.7780805014,1827.9132759225,5.0
15673,0.0,1165.7993165,-1005.368317,-199.8305665,0.02903682,0.9903693431,-0.1353610414,0.0818161982,722.8757368736,1824.7688619345,5.0
15674,0.0,1166.130371,-1003.407471,-199.807892,0.0306520679,0.9903840926,-0.1349066336,0.082606693,724.9733932458,1821.6244479465,5.0
15675,0.0,1167.042236,-997.190491,-199.743988,0.0327683016,0.9903219081,-0.1348656992,0.0844441454,728.6980818992,1811.821646774,5.0
15676,0.0,1167.451904,-994.09906,-199.71524,0.0335266606,0.9902965055,-0.1348658376,0.0851910562,729.8674155233,1807.1085897404,5.0
15677,0.0,1167.842773,-990.916138,-199.687408,0.0337177345,0.9902900371,-0.1348656992,0.0857891142,730.0101955719,1801.432290088,5.0
15678,0.0,1168.303345,-986.882874,-199.65448,0.0337177345,0.9902900371,-0.1348656992,0.0864245392,729.8202617473,1794.6285960225,5.0
15679,0.0,1168.644409,-983.686035,-199.630157,0.0337177345,0.9902900371,-0.1348656992,0.0869502636,729.8154680764,1789.4290427508,5.0
15680,0.0,1168.979858,-980.356628,-199.606171,0.0337177345,0.9902900371,-0.1348656992,0.0874650404,729.5692907715,1783.7936081354,5.0
15681,0.0,1169.077759,-979.364136,-199.599182,0.0337177345,0.9902900371,-0.1348656992,0.087617948,729.4871428695,1782.1069890683,5.0
15682,0.0,1169.609619,-973.55542,-199.564148,0.0337177345,0.9902900371,-0.1348656992,0.0885312701,729.0963835157,1772.364317373,5.0
15683,0.0,1169.896484,-970.19519,-199.734589,0.0337177345,0.9902900371,-0.1348656992,0.0890640743,728.7890950819,1766.5564660185,5.0
15684,0.0,1170.112549,-967.540039,-199.877167,0.0337177345,0.9902900371,-0.1348656992,0.0894939781,728.5844897615,1762.0117880166,5.0
15685,0.0,1170.389404,-963.981506,-200.06781,0.0337177345,0.9902900371,-0.1348656992,0.090056086,728.1495109007,1755.7137930127,5.0
15686,0.0,1170.633789,-960.690186,-200.244141,0.0337177345,0.9902900371,-0.1348656992,0.090601964,727.8307803847,1749.9005852006,5.0
15687,0.0,1170.905029,-956.854858,-200.298218,0.0337177345,0.9902900371,-0.1348656992,0.0912662739,727.5796241215,1743.2219846884,5.0
15688,0.0,1171.144165,-953.306763,-200.298737,0.0337177345,0.9902900371,-0.1348656992,0.0919170879,727.5009420781,1737.1479601069,5.0
15689,0.0,1171.302734,-950.85791,-200.298737,0.0337177345,0.9902900371,-0.1348656992,0.0923901327,727.5453372628,1733.0156565777,5.0
15690,0.0,1171.552856,-946.856812,-200.298737,0.0337177345,0.9902900371,-0.1348656992,0.0931978355,727.7526745621,1726.3469391472,5.0
15691,0.0,1171.736694,-943.664856,-200.298737,0.0328889456,0.9903178899,-0.1348658376,0.0935623741,726.8878592611,1721.0975967985,5.0
15692,0.0,1171.914307,-940.438416,-200.298737,0.031897415,0.9903503222,-0.1348658376,0.0938965887,725.8993453655,1715.845847861,5.0
15693,0.0,1172.120239,-936.556946,-200.298737,0.0307837306,0.9903855652,-0.1348658376,0.0943374062,724.8267197825,1709.5004692321,5.0
15694,0.0,1172.241089,-934.296021,-200.298737,0.0307743625,0.9903858752,-0.1348656992,0.094826667,725.0201444304,1705.7586544022,5.0
15695,0.0,1172.462891,-930.017334,-200.298737,0.0307743625,0.9903858752,-0.1348656992,0.095746627,725.296374898,1698.6010899671,5.0
15696,0.0,1172.619141,-926.891479,-200.298737,0.0307743625,0.9903858752,-0.1348656992,0.0963908704,725.28889159,1693.1841156709,5.0
15697,0.0,1172.776611,-923.640869,-200.298737,0.0307743625,0.9903858752,-0.1348656992,0.0970874917,725.3811814521,1687.6222151218,5.0
15698,0.0,1172.934326,-920.291748,-200.298737,0.0307743625,0.9903858752,-0.1348656992,0.0978352919,725.5844565422,1681.9618394896,5.0
15699,0.0,1173.081909,-917.073547,-200.298737,0.0307743625,0.9903858752,-0.1348656992,0.0985871689,725.9350755858,1676.6768699229,5.0
15700,0.0,1173.224976,-913.868286,-200.298737,0.0307743625,0.9903858752,-0.1348656992,0.0993662215,726.4573120821,1671.6351321601,5.0
15701,0.0,1173.400024,-909.850037,-200.298737,0.0307743625,0.9903858752,-0.1348656992,0.1003772347,727.3122297141,1665.5957116152,5.0
15702,0.0,1173.533081,-906.703491,-200.298737,0.0307743625,0.9903858752,-0.1348656992,0.1011982514,728.1494691208,1661.0940461661,5.0
15703,0.0,1173.667969,-903.458435,-200.225739,0.0307743625,0.9903858752,-0.1348656992,0.1020586275,729.1017487621,1656.6161147151,5.0
15704,0.0,1173.797852,-900.272278,-199.884155,0.0307743625,0.9903858752,-0.1348656992,0.1028995261,730.0733038835,1652.3978248629,5.0
15705,0.0,1173.95459,-896.345215,-199.381683,0.0307743625,0.9903858752,-0.1348656992,0.1039546473,731.3792787679,1647.3896630223,5.0
15706,0.0,1174.050537,-893.886597,-199.073669,0.0307743625,0.9903858752,-0.1348656992,0.1046323526,732.282411122,1644.3674677582,5.0
15707,0.0,1174.205688,-889.874084,-198.571014,0.0307743625,0.9903858752,-0.1348656992,0.1057569082,733.8387942672,1639.5642418674,5.0
15708,0.0,1174.333008,-886.510559,-198.149597,0.0307743625,0.9903858752,-0.1348656992,0.1067320513,735.294462626,1635.715713929,5.0
15709,0.0,1174.457275,-883.186279,-197.733093,0.0307743625,0.9903858752,-0.1348656992,0.1076252924,736.5778031239,1632.1418007177,5.0
15710,0.0,1174.573975,-880.019287,-197.336334,0.0307743625,0.9903858752,-0.1348656992,0.1086783582,738.3856779271,1628.6547632876,5.0
15711,0.0,1174.691895,-876.780212,-196.930542,0.0307743625,0.9903858752,-0.1348656992,0.1097030244,740.0971741904,1625.2284862204,5.0
15712,0.0,1174.803467,-873.678711,-196.541962,0.0307743625,0.9903858752,-0.1348656992,0.1106601361,741.6934045108,1622.0856154718,5.0
15713,0.0,1174.946777,-869.652649,-196.037567,0.0307743625,0.9903858752,-0.1348656992,0.1119547121,743.9738967233,1618.1929534217,5.0
15714,0.0,1175.167847,-863.338074,-195.246429,0.0307783641,0.990514657,-0.1339156696,0.1137694259,747.1645136081,1612.8948813461,5.0
15715,0.0,1175.2370605,-861.3347475,-194.9936065,0.0307783641,0.990514657,-0.1339156696,0.1143978298,748.4043403165,1611.4070054555,5.0
15751,0.0,1175.225464,-739.293457,-178.615189,-0.0367206442,0.9982582606,-0.0461740121,0.1028817514,687.5077471448,1556.1849870608,5.0
15752,0.0,1175.203369,-735.414185,-178.105286,-0.0391319832,0.9983068063,-0.0430372913,0.1020386459,683.5741051877,1553.3151449742,5.0
15753,0.0,1175.152466,-725.075073,-176.718842,-0.0456886319,0.9983595377,-0.0345077144,0.0996370461,671.9385544521,1544.1904455594,5.0
15754,0.0,1175.147339,-724.962769,-176.718842,-0.0456886319,0.9983595377,-0.0345077144,0.0997040842,672.3888336116,1544.7329152441,5.0
15755,0.0,1175.063232,-722.223755,-176.405884,-0.0434384569,0.9985563666,-0.0315956198,0.1012800517,679.0957406709,1548.5976387064,5.0
15756,0.0,1175.012451,-720.5197145,-176.1295015,-0.0419668072,0.998643865,-0.0307628203,0.1019113993,681.1672983392,1548.7679063096,5.0
15757,0.0,1174.96167,-718.815674,-175.853119,-0.0404951576,0.9987313633,-0.0299300207,0.1025427468,683.2388560075,1548.9381739129,5.0
15758,0.0,1174.930176,-717.814087,-175.666168,-0.0397826574,0.9987685372,-0.0296437043,0.1029524269,684.1697641981,1548.1265967608,5.0
15759,0.0,1174.60498,-708.958374,-173.408752,-0.0388988454,0.9988292384,-0.0287581705,0.1042690353,684.9165943202,1540.5353165542,5.0
15760,0.0,1174.469849,-705.378418,-172.503174,-0.0388988454,0.9988292384,-0.0287581705,0.1046579795,684.7070372489,1537.3573295174,5.0
15761,0.0,1174.339111,-701.923096,-171.629028,-0.0388988454,0.9988292384,-0.0287581705,0.1050057547,684.4786202463,1534.4381565223,5.0
15762,0.0,1174.217773,-698.730042,-170.821228,-0.0388988454,0.9988292384,-0.0287581705,0.1053274903,684.2621188494,1531.738233663,5.0
15763,0.0,1174.068115,-694.796143,-169.825958,-0.0388988454,0.9988292384,-0.0287581705,0.1057386508,682.590852658,1525.188889172,5.0
15764,0.0,1173.932739,-691.249146,-168.928528,-0.0388988454,0.9988292384,-0.0287581705,0.1063308485,683.0859545751,1522.2769224983,5.0
15765,0.0,1173.80603,-687.924927,-168.087524,-0.0388988454,0.9988292384,-0.0287581705,0.1067092341,682.9479729233,1519.4204261229,5.0
15766,0.0,1173.724243,-685.794006,-167.54837,-0.0388988454,0.9988292384,-0.0287581705,0.1069821075,682.9542495233,1517.6047519833,5.0
15767,0.0,1173.57666,-681.945435,-166.574585,-0.0388988454,0.9988292384,-0.0287581705,0.1072562643,681.9899720637,1513.6335548759,5.0
15768,0.0,1173.500183,-679.95224,-166.070282,-0.0388988454,0.9988292384,-0.0287581705,0.1074776637,681.8751785855,1511.9102252893,5.0
15769,0.0,1173.313477,-675.093933,-164.841034,-0.0388988454,0.9988292384,-0.0287581705,0.1080200855,681.6168529583,1507.7516094986,5.0
15770,0.0,1173.19873,-672.11084,-164.086182,-0.0388988454,0.9988292384,-0.0287581705,0.1083756972,681.5633140825,1505.2991322735,5.0
15771,0.0,1173.045532,-668.131042,-163.079193,-0.0388988454,0.9988292384,-0.0287581705,0.108756615,681.2088576943,1502.030441124,5.0
15772,0.0,1172.913086,-664.702026,-162.211517,-0.0388988454,0.9988292384,-0.0287581705,0.1091858498,681.2547868635,1499.3463463598,5.0
15773,0.0,1172.786133,-661.417297,-161.400543,-0.0388988454,0.9988292384,-0.0287581705,0.1096203044,681.3116238602,1496.6690390678,5.0
15774,0.0,1172.67395,-658.512878,-160.6875,-0.0388988454,0.9988292384,-0.0287581705,0.1100550675,681.5243569078,1494.3481296478,5.0
15775,0.0,1172.52356,-654.618347,-159.731506,-0.0388988454,0.9988292384,-0.0287581705,0.1105470751,681.555074068,1491.2803288319,5.0
15776,0.0,1172.405273,-651.563049,-158.981445,-0.0388988454,0.9988292384,-0.0287581705,0.1109963569,681.7330628245,1488.8248084515,5.0
15777,0.0,1172.278809,-648.304504,-158.181488,-0.0388988454,0.9988292384,-0.0287581705,0.1114700227,681.926064678,1486.2651829692,5.0
15778,0.0,1172.130859,-644.482239,-157.243073,-0.0388988454,0.9988292384,-0.0287581705,0.1120827843,682.3306500125,1483.3169215788,5.0
15779,0.0,1172.01001,-641.36792,-156.478516,-0.0388988454,0.9988292384,-0.0287581705,0.1125587669,682.466596703,1480.6588852853,5.0
15780,0.0,1171.860352,-637.512756,-155.532074,-0.0388988454,0.9988292384,-0.0287581705,0.1131419301,682.606254257,1477.3685675153,5.0
15781,0.0,1171.743286,-634.496826,-154.791595,-0.0388988454,0.9988292384,-0.0287581705,0.1136327692,682.7756937909,1474.7321061501,5.0
15782,0.0,1171.630493,-631.592285,-154.078522,-0.0388988454,0.9988292384,-0.0287581705,0.1140949081,682.9410023912,1472.2790751558,5.0
15783,0.0,1171.477051,-627.645447,-153.109558,-0.0388988454,0.9988292384,-0.0287581705,0.1147581475,683.2062562451,1468.8469095873,5.0
15784,0.0,1171.368286,-624.845825,-152.422241,-0.0388988454,0.9988292384,-0.0287581705,0.1155255991,684.120143666,1466.2166348279,5.0
15785,0.0,1171.222778,-621.108765,-151.534851,-0.0388988454,0.9988292384,-0.0287581705,0.116308648,684.7369598745,1462.8941208236,5.0
15786,0.0,1171.079956,-617.430725,-150.677612,-0.0388988454,0.9988292384,-0.0287581705,0.1172472852,685.8061137644,1459.6653990257,5.0
15787,0.0,1170.947754,-614.034607,-149.886566,-0.0388988454,0.9988292384,-0.0287581705,0.1179489644,686.4482719714,1456.9513560864,5.0
15788,0.0,1170.837158,-611.19574,-149.225281,-0.0388988454,0.9988292384,-0.0287581705,0.1185170683,686.9744624283,1454.7889761788,5.0
15789,0.0,1170.707886,-607.871704,-148.450989,-0.0388988454,0.9988292384,-0.0287581705,0.1192206651,687.7405542806,1452.3789371335,5.0
15790,0.0,1170.560303,-604.269897,-147.612549,-0.0397612168,0.99879528,-0.0287582054,0.1196109822,687.6477331806,1449.9620456602,5.0
15791,0.0,1170.422974,-600.775085,-146.798523,-0.0398564317,0.998791486,-0.0287581705,0.1204353479,688.7038573524,1447.527740052,5.0
15792,0.0,1170.30835,-598.013367,-146.155518,-0.0405876494,0.9987620379,-0.0287582054,0.1208491754,688.8559055175,1445.5253785603,5.0
15793,0.0,1170.161743,-594.50293,-145.338409,-0.0415883994,0.9987208672,-0.0287582054,0.1214026083,689.1242928574,1443.0012045786,5.0
15794,0.0,1169.974854,-590.94281,-144.511993,-0.0468245892,0.9984890703,-0.0287582054,0.1200641897,684.2725388571,1440.2930130662,5.0
15795,0.0,1169.708252,-587.282959,-143.666931,-0.0602758315,0.9977674026,-0.0287582054,0.1149918808,669.0590387015,1437.0578155272,5.0
15796,0.0,1169.070435,-581.020447,-142.205704,-0.1007741022,0.9944120762,-0.031451597,0.0990057454,621.1494640412,1431.7774354214,5.0
15797,0.0,1168.839478,-579.176422,-141.770317,-0.1160244056,0.9926266407,-0.0315423788,0.0931374089,602.3471131047,1430.0348029362,5.0
15798,0.0,1168.608521,-577.332397,-141.33493,-0.1312747089,0.9908412052,-0.0316331605,0.0872690723,583.5447621682,1428.292170451,5.0
15799,0.0,1167.805298,-571.253845,-139.871719,-0.1771267972,0.9838087592,-0.0273207418,0.0705496584,525.4243425557,1424.1178472579,5.0
15800,0.0,1166.3200075,-569.4512025,-138.1534955,-0.1881728576,0.9817105015,-0.0266187138,0.0665553657,509.9729802182,1422.2728450124,5.0
15801,0.0,1164.834717,-567.64856,-136.435272,-0.199218918,0.9796122438,-0.0259166859,0.0625610729,494.5216178807,1420.4278427669,5.0
15802,0.0,1166.598389,-560.86554,-137.354736,-0.2230549179,0.9744871754,-0.0249248567,0.0561152005,468.0997995801,1417.3037423003,5.0
15803,0.0,1166.46106,-557.320007,-136.507507,-0.2380650523,0.9709732817,-0.0231498814,0.0517109065,449.1754644979,1415.13623126,5.0
15804,0.0,1166.471069,-554.544861,-135.848251,-0.2505854726,0.9678712387,-0.0207890912,0.0480961229,433.0980852302,1413.520190032,5.0
15805,0.0,1166.604858,-551.215759,-135.062057,-0.2657094702,0.9639014973,-0.0170991522,0.0438512115,413.4319274292,1411.6020205435,5.0
15806,0.0,1166.877441,-547.929565,-134.29451,-0.2776994587,0.9605544507,-0.0147701669,0.0407841242,398.5279374849,1409.8472311038,5.0
15807,0.0,1167.265381,-544.631104,-133.529388,-0.2888779443,0.9572459661,-0.0151556495,0.0381951415,385.4522512856,1408.1166115445,5.0
15808,0.0,1167.780151,-541.177734,-132.733673,-0.299740154,0.9538975588,-0.0153390798,0.0358024394,372.9281300905,1406.2944102538,5.0
15809,0.0,1168.420654,-537.858398,-131.984375,-0.3010564098,0.9534829558,-0.0153392019,0.0360355423,373.6728607163,1404.6211840493,5.0
15810,0.0,1169.153564,-534.526062,-131.237,-0.3010564098,0.9534829558,-0.0153392019,0.0367776839,377.1059943217,1403.4162701158,5.0
15811,0.0,1169.994019,-531.065674,-130.463989,-0.3010564098,0.9534829558,-0.0153392019,0.037419766,379.7946727855,1401.472643613,5.0
15812,0.0,1170.821533,-527.933167,-129.766724,-0.3010564098,0.9534829558,-0.0153392019,0.0380430453,382.2985978456,1399.3305986536,5.0
15813,0.0,1171.814697,-524.543396,-128.880646,-0.3010564098,0.9534829558,-0.0153392019,0.0387285241,384.9504003094,1396.7556791622,5.0
15814,0.0,1172.67627,-521.804688,-128.102997,-0.3010564098,0.9534829558,-0.0153392019,0.0393772492,387.6253641351,1395.058698758,5.0
15815,0.0,1173.884155,-518.147644,-127.053413,-0.3010564098,0.9534829558,-0.0153392019,0.0402953213,391.2401539413,1392.2614396104,5.0
15816,0.0,1174.806885,-515.481567,-126.287636,-0.3010564098,0.9534829558,-0.0153392019,0.040938601,393.6719442979,1390.0932771366,5.0
15817,0.0,1176.015503,-512.116089,-125.318916,-0.3010564098,0.9534829558,-0.0153392019,0.0417549936,396.9513407057,1388.1920359491,5.0
15818,0.0,1177.230103,-508.857574,-124.378853,-0.3010564098,0.9534829558,-0.0153392019,0.0425963918,400.2520115469,1386.1394523577,5.0
15819,0.0,1178.389526,-505.844849,-123.507973,-0.3010564098,0.9534829558,-0.0153392019,0.0434519926,403.5764799454,1384.126377509,5.0
15820,0.0,1179.703247,-502.526123,-122.546852,-0.3010564098,0.9534829558,-0.0153392019,0.0445800166,407.931896403,1381.6483631772,5.0
15821,0.0,1180.948853,-499.555481,-121.684669,-0.29712586,0.9547151072,-0.0153390798,0.0467919723,417.0253770407,1379.4391825175,5.0
15822,0.0,1182.393311,-496.122009,-120.686806,-0.2956049215,0.9552150908,-0.0134855758,0.0484446887,423.2415395446,1376.4954132841,5.0
15823,0.0,1183.542969,-493.276215,-119.87236,-0.302074032,0.9532224748,-0.0108716512,0.0473508145,417.7555217642,1373.8722762867,5.0
15824,0.0,1184.802002,-490.037903,-119.047226,-0.3174637364,0.9482300919,-0.0087446513,0.0436687721,400.6216974403,1370.6538261765,5.0
15825,0.0,1185.781494,-487.269196,-118.321701,-0.3518964011,0.9360065884,-0.0077839153,0.0345015262,356.1876878935,1367.8025037548,5.0
15826,0.0,1186.832886,-484.314667,-117.540939,-0.3897388205,0.9209002218,-0.0068142014,0.0254883201,306.1902706215,1364.8688647299,5.0
15827,0.0,1187.85791,-481.352844,-116.738548,-0.4359695808,0.8999479054,-0.00492872,0.0159808896,242.5134283623,1361.9538447512,5.0
15828,0.0,1188.90686,-478.3703,-115.937485,-0.4751777354,0.8798813123,-0.0038724745,0.0095840747,187.707410133,1359.0467723345,5.0
15829,0.0,1189.938721,-475.381012,-115.132362,-0.5130779534,0.8583398387,-0.0019326368,0.0048257807,133.0960218754,1356.4096496421,5.0
15830,0.0,1190.937744,-472.421753,-114.342537,-0.5450224676,0.8384214393,-3.7525e-06,0.002037953,86.3875501948,1353.8185492512,5.0
15831,0.0,1191.850098,-469.623383,-113.605148,-0.5696284307,0.8219018513,0.000893207,0.0006898602,50.1865309813,1351.3459268758,5.0
15832,0.0,1192.844116,-466.466003,-112.800171,-0.5847212355,0.8112337256,0.0009587441,0.0002502452,30.1608172804,1348.2560153111,5.0
15833,0.0,1193.685669,-463.646759,-112.08609,-0.5958818039,0.8030715762,0.0009587441,6.74026e-05,15.620924604,1345.4286886815,5.0
15834,0.0,1194.613037,-460.406677,-111.284241,-0.6004320538,0.7996757625,0.0001535541,4.32256e-05,12.4793394438,1342.1808113245,5.0
15835,0.0,1195.648926,-456.591309,-110.349854,-0.6016891063,0.7987303796,0.0,6.79278e-05,15.5972088328,1338.1832684051,5.0
15836,0.0,1197.206299,-450.422577,-108.761993,-0.6016891063,0.7987303796,0.0,0.0001743919,24.8708009422,1331.7741572504,5.0
15837,0.0,1197.629822,-448.6326445,-107.981945,-0.6016891063,0.7987303796,0.0,0.0002233784,27.9356930111,1330.0564367153,5.0
15838,0.0,1198.053345,-446.842712,-107.201897,-0.6016891063,0.7987303796,0.0,0.000272365,31.00058508,1328.3387161802,5.0
15839,0.0,1199.4729,-440.457001,-104.260025,-0.6016891063,0.7987303796,0.0,0.0005102184,42.2298725543,1322.1542515916,5.0
15840,0.0,1200.180054,-437.092865,-102.710739,-0.6016891063,0.7987303796,0.0,0.0006769996,48.5268635083,1319.0052679082,5.0
15841,0.0,1200.879517,-433.619629,-101.104523,-0.6030642631,0.7976926066,0.0,0.000822814,53.3698765046,1315.8903682985,5.0
15842,0.0,1201.525024,-430.236145,-100.345413,-0.6074316039,0.7943719825,0.0,0.0008396535,53.7827575688,1312.7112345089,5.0
15843,0.0,1202.136719,-426.878662,-100.296204,-0.6128422762,0.7902052547,0.0,0.0008226653,53.1113494456,1309.6344649741,5.0
15844,0.0,1202.668213,-423.853241,-100.298721,-0.6170332404,0.7869366683,0.0008126776,0.0008743124,54.6366286305,1306.8643540667,5.0
15845,0.0,1203.235107,-420.560303,-100.298721,-0.6189761258,0.7854092159,0.0009587441,0.0010166641,58.7802205598,1303.8807902462,5.0
15846,0.0,1203.845581,-416.925476,-100.298721,-0.619229184,0.7852097162,0.0009587441,0.0012626339,65.3385174861,1300.6267460471,5.0
15847,0.0,1204.403931,-413.496948,-100.298721,-0.619229184,0.7852097162,0.0009587441,0.0015374081,71.9251435344,1297.5919415421,5.0
15848,0.0,1204.897461,-410.368774,-100.298721,-0.619229184,0.7852097162,0.0009587441,0.0018191559,78.067596463,1294.8469975622,5.0
15849,0.0,1205.475952,-406.60022,-100.298721,-0.619229184,0.7852097162,0.0009587441,0.002199945,85.6273875263,1291.6081405744,5.0
15850,0.0,1205.978149,-403.545044,-100.298721,-0.619229184,0.7852097162,0.0009587441,0.0025496193,91.989664147,1289.0310115469,5.0
15851,0.0,1206.546509,-399.95636,-100.298721,-0.6207015842,0.784046901,2.05949e-05,0.0030593562,100.4963754103,1285.7389510002,5.0
15852,0.0,1206.999023,-397.012451,-100.298721,-0.6220364014,0.7829878825,-0.0008314049,0.0034199201,106.0149747326,1282.9681187713,5.0
15853,0.0,1207.535767,-393.488434,-100.298721,-0.6229333902,0.7822742947,-0.0009587441,0.0039785093,114.0674818947,1280.0267836342,5.0
15854,0.0,1208.012329,-390.335724,-101.1465,-0.622986104,0.7822323152,-0.0009587441,0.004427003,120.0570311581,1277.317557384,5.0
15855,0.0,1208.534058,-386.769043,-103.22464,-0.6237005947,0.7816627463,-0.0009587441,0.0046539884,122.696518152,1273.2406040189,5.0
15856,0.0,1208.974731,-383.72998,-104.185455,-0.6237357783,0.7816346715,-0.0009587441,0.0048854091,125.3575113785,1269.7434233329,5.0
15857,0.0,1209.44519,-380.430267,-104.315308,-0.6237357783,0.7816346715,-0.0009587441,0.0052121364,129.1028063011,1266.1333181078,5.0
15858,0.0,1209.930786,-376.966949,-104.298721,-0.6237357783,0.7816346715,-0.0009587441,0.0055562811,132.886688216,1262.3462106663,5.0
15859,0.0,1210.431396,-373.333557,-104.298721,-0.6237357783,0.7816346715,-0.0009587441,0.0057933305,135.2284706898,1258.1108374946,5.0
15860,0.0,1210.884399,-369.991669,-104.298721,-0.6237357783,0.7816346715,-0.0009587441,0.0060372514,137.5880036799,1254.0141012661,5.0
15861,0.0,1211.282593,-367.013092,-104.177902,-0.6237357783,0.7816346715,-0.0009587441,0.006290135,140.0219688691,1250.3604196243,5.0
15862,0.0,1211.722656,-363.682556,-103.946793,-0.6237357783,0.7816346715,-0.0009587441,0.0065992455,142.9199618755,1246.0872170933,5.0
15863,0.0,1212.127686,-360.579163,-103.719986,-0.6237357783,0.7816346715,-0.0009587441,0.0069037897,145.7146011508,1242.2104037092,5.0
15864,0.0,1212.576172,-357.104309,-103.467239,-0.6237357783,0.7816346715,-0.0009587441,0.0072678061,148.9614340723,1237.7921119271,5.0
15865,0.0,1213.03064,-353.54425,-103.208359,-0.6237357783,0.7816346715,-0.0009587441,0.0076511095,152.2705652929,1233.3065946852,5.0
15866,0.0,1213.421509,-350.452148,-102.983459,-0.6237357783,0.7816346715,-0.0009587441,0.0080045199,155.2545838024,1229.5115520857,5.0
15867,0.0,1213.853027,-347.064575,-102.737244,-0.6230781724,0.7821589812,-0.0009587441,0.0084968432,159.3962211196,1225.3459496547,5.0
15868,0.0,1214.292725,-343.535034,-102.480606,-0.6229863892,0.7822326733,-6.18021e-05,0.0090046768,163.4704203296,1220.8716099397,5.0
15869,0.0,1214.818237,-339.989075,-102.224869,-0.6147699835,0.788678454,0.0066455715,0.0112368214,181.8260373129,1216.3058624423,5.0
15870,0.0,1215.374146,-336.624756,-101.985756,-0.5996733079,0.8000834814,0.0160731619,0.0151340673,210.0613104742,1212.000086437,5.0
15871,0.0,1215.963013,-333.452942,-101.804489,-0.5758817244,0.8170484297,0.028144325,0.0216406634,249.9518132397,1208.0041282466,5.0
15872,0.0,1216.653076,-329.955292,-101.752029,-0.5473182465,0.8360153589,0.0390007282,0.0303571195,294.3057874627,1203.5794861391,5.0
15873,0.0,1217.45752,-326.302032,-101.71962,-0.5109435095,0.8582655158,0.0481355845,0.0426308148,346.3852753883,1199.1160941237,5.0
15874,0.0,1218.409668,-322.623657,-101.682137,-0.4627728316,0.8847583288,0.0551725112,0.0606253264,409.6077843912,1194.5664050801,5.0
15875,0.0,1219.542358,-318.874481,-101.639656,-0.4043850436,0.9124731522,0.0621730092,0.0857783,482.2756296266,1190.174063141,5.0
15876,0.0,1220.575073,-315.801331,-101.599922,-0.3549489449,0.9325268114,0.0663701175,0.1097394852,540.4375354913,1186.5969132755,5.0
15877,0.0,1221.539917,-312.011932,-101.558464,-0.3175479833,0.9456658681,0.0698523023,0.1304680073,583.7016692514,1181.8775140162,5.0
15878,0.0,1222.180786,-308.939545,-101.533447,-0.2893067738,0.9544252626,0.0733076312,0.1473479724,615.4652880824,1177.9708779522,5.0
15879,0.0,1223.019775,-302.432648,-101.510269,-0.2551074693,0.9638843149,0.0764670294,,,,
15880,0.0,1223.196289,-299.072449,-101.494049,-0.2501265258,0.9651764116,0.076623857,,,,
15881,0.0,1223.247925,-295.500427,-101.490692,-0.2495842632,0.9653167771,0.076623857,,,,
15882,0.0,1223.217407,-292.515686,-101.49263,-0.2495842632,0.9653167771,0.076623857,,,,
15883,0.0,1223.111206,-288.966858,-101.500687,-0.2495842632,0.9653167771,0.076623857,,,,
15884,0.0,1222.988892,-285.875,-101.512039,-0.24643797,0.9661247909,0.076623857,,,,
15885,0.0,1222.850098,-282.306122,-101.528915,-0.2364748426,0.9686116009,0.076623857,,,,
15886,0.0,1222.689819,-279.00885,-101.547775,-0.2254978058,0.9712257843,0.076623857,,,,
15887,0.0,1222.506958,-275.684692,-101.569382,-0.212631274,0.9741235681,0.076623857,,,,
15888,0.0,1222.308228,-272.161011,-101.594452,-0.1959709707,0.9775312493,0.0776404234,,,,
15889,0.0,1222.070068,-268.806824,-101.620117,-0.182593677,0.9800409246,0.0786087479,,,,
15890,0.0,1221.857422,-265.814056,-101.643967,-0.1690734501,0.9823944237,0.0794692697,,,,
15891,0.0,1221.575806,-262.450775,-101.671677,-0.1571063331,0.9843002714,0.0804398888,,,,
15892,0.0,1221.265747,-259.016296,-101.849319,-0.1462083425,0.9859695845,0.0805425292,,,,
15893,0.0,1220.950806,-256.013855,-102.06636,-0.1407005391,0.9867044787,0.0813488173,,,,
15894,0.0,1220.55127,-252.65799,-102.315628,-0.1389913833,0.9869343704,0.0814981215,,,,
15895,0.0,1220.124146,-249.238724,-102.568924,-0.1388657412,0.9869520566,0.0814981215,,,,
15896,0.0,1219.739746,-246.198776,-102.794281,-0.1388657412,0.9869520566,0.0814981215,,,,
15897,0.0,1219.299805,-242.752121,-103.049881,-0.1388657412,0.9869520566,0.0814981215,,,,
15898,0.0,1218.847168,-239.237503,-103.310638,-0.1388657412,0.9869520566,0.0814981215,,,,
15899,0.0,1218.421997,-235.961502,-103.553864,-0.1388657412,0.9869520566,0.0814981215,,,,
15900,0.0,1218.004395,-232.764221,-103.791382,-0.1388657412,0.9869520566,0.0814981215,,,,
15901,0.0,1217.562866,-229.403732,-104.041168,-0.1388657412,0.9869520566,0.0814981215,,,,
15902,0.0,1217.184937,-226.54718,-104.253586,-0.1388657412,0.9869520566,0.0814981215,,,,
15903,0.0,1216.734009,-223.151779,-104.299316,-0.1388657412,0.9869520566,0.0814981215,,,,
15904,0.0,1216.285278,-219.791,-103.737762,-0.1388657412,0.9869520566,0.0814981215,,,,
15905,0.0,1215.881226,-216.774155,-102.554153,-0.1388657412,0.9869520566,0.0814981215,,,,
15906,0.0,1215.447144,-213.550156,-101.224503,-0.1388657412,0.9869520566,0.0814981215,,,,
15907,0.0,1214.970581,-210.026016,-100.355652,-0.1388657412,0.9869520566,0.0814981215,,,,
15908,0.0,1214.490601,-206.489105,-100.298447,-0.1388657412,0.9869520566,0.0814981215,,,,
15909,0.0,1214.033936,-203.134415,-100.298721,-0.1388657412,0.9869520566,0.0814981215,,,,
15910,0.0,1213.640869,-200.254486,-100.298721,-0.1388657412,0.9869520566,0.0814981215,,,,
15911,0.0,1213.144653,-196.627075,-100.298721,-0.1388657412,0.9869520566,0.0814981215,,,,
15912,0.0,1212.668579,-193.155838,-100.298721,-0.1388657412,0.9869520566,0.0814981215,,,,
15913,0.0,1212.270264,-190.25676,-100.298721,-0.1388657412,0.9869520566,0.0814981215,,,,
15914,0.0,1211.787598,-186.753311,-100.298721,-0.1388657412,0.9869520566,0.0814981215,,,,
15915,0.0,1211.328857,-183.42543,-100.298721,-0.1388657412,0.9869520566,0.0814981215,,,,
15916,0.0,1210.896851,-180.299149,-100.298721,-0.1388657412,0.9869520566,0.0814981215,,,,
15917,0.0,1210.416504,-176.828491,-100.298721,-0.1388657412,0.9869520566,0.0814981215,,,,
15918,0.0,1209.923828,-173.273422,-100.298721,-0.1388657412,0.9869520566,0.0814981215,,,,
15919,0.0,1209.50647,-170.264374,-100.298721,-0.1388657412,0.9869520566,0.0814981215,,,,
15920,0.0,1209.016235,-166.735474,-100.298721,-0.1388657412,0.9869520566,0.0814981215,,,,
15921,0.0,1208.576294,-163.570587,-100.298721,-0.1388657412,0.9869520566,0.0814981215,,,,
15922,0.0,1207.6427,-156.863998,-96.307877,-0.1388657412,0.9869520566,0.0814981215,,,,
15923,0.0,1207.175049,-153.504211,-91.868347,-0.1388657412,0.9869520566,0.0814981215,,,,
15924,0.0,1206.699341,-150.085892,-87.604355,-0.1388657412,0.9869520566,0.0814981215,,,,
15925,0.0,1206.223267,-146.667633,-83.546097,-0.1388657412,0.9869520566,0.0814981215,,,,
15926,0.0,1205.806641,-143.671753,-80.165314,-0.1388657412,0.9869520566,0.0814981215,,,,
15927,0.0,1205.30249,-140.052017,-76.28183,-0.1388657412,0.9869520566,0.0814981215,,,,
15928,0.0,1204.876465,-136.991165,-73.185562,-0.1388657412,0.9869520566,0.0814981215,,,,
15929,0.0,1204.393433,-133.520889,-69.869049,-0.1388657412,0.9869520566,0.0814981215,,,,
15930,0.0,1203.893311,-129.927124,-66.654678,-0.1388657412,0.9869520566,0.0814981215,,,,
15931,0.0,1203.469971,-126.885796,-64.122864,-0.1388657412,0.9869520566,0.0814981215,,,,
15932,0.0,1202.966309,-123.266006,-61.309345,-0.1388657412,0.9869520566,0.0814981215,,,,
15933,0.0,1202.531128,-120.140175,-59.075466,-0.1388657412,0.9869520566,0.0814981215,,,,
15934,0.0,1202.036255,-116.585419,-56.734051,-0.1388657412,0.9869520566,0.0814981215,,,,
15935,0.0,1201.615723,-113.563568,-54.929996,-0.1388657412,0.9869520566,0.0814981215,,,,
15936,0.0,1201.128052,-110.060806,-53.029629,-0.1388657412,0.9869520566,0.0814981215,,,,
16511,0.0,-1028.093994,165.5,-109.023712,1.0,0.0,0.0,,,,
16512,0.0,-1028.084961,165.5,-109.023712,1.0,0.0,0.0,,,,
16513,0.0,-1028.217041,166.898193,-109.023712,0.8402426633,0.5402711919,0.0458181849,,,,
16514,0.0,-1031.391479,168.532043,-109.16758,0.4203192064,0.9014984212,0.1031133424,,,,
16515,0.0,-1035.19458,165.751419,-109.087158,-0.23002345,0.9596144423,0.1619547302,,,,
16516,0.0,-1035.288452,165.195953,-109.023712,-0.337017367,0.9261931981,0.1690723342,,,,
16517,0.0,-1028.730469,167.848663,-109.023712,0.9086506633,0.4162825963,0.0326001846,,,,
16518,0.0,-1028.088135,165.5,-109.023712,1.0,0.0,0.0,,,,
16519,0.0,-1028.089844,165.5,-109.023712,1.0,0.0,0.0,,,,
16520,0.0,-1028.084717,165.5,-109.023712,1.0,0.0,0.0,,,,
16521,0.0,-1028.086914,165.5,-109.023712,1.0,0.0,0.0,,,,
16522,0.0,-1028.080566,165.5,-109.023712,1.0,0.0,0.0,,,,
16523,0.0,-1028.082153,165.5,-109.023712,1.0,0.0,0.0,,,,
16524,0.0,-1028.095215,165.5,-109.023712,1.0,0.0,0.0,,,,
16525,0.0,-1028.093628,165.5,-109.023743,1.0,0.0,0.0,,,,
16526,0.0,-1028.085693,165.5,-109.023712,1.0,0.0,0.0,,,,
16527,0.0,-1028.093628,165.5,-109.023712,1.0,0.0,0.0,,,,
16528,0.0,-1028.088623,165.5,-109.023712,1.0,0.0,0.0,,,,
16529,0.0,-1028.082397,165.5,-109.023712,1.0,0.0,0.0,,,,
16530,0.0,-1028.07959,165.5,-109.023712,1.0,0.0,0.0,,,,
16531,0.0,-1028.081787,165.5,-109.023712,1.0,0.0,0.0,,,,
16532,0.0,-1028.077393,165.5,-109.023712,1.0,0.0,0.0,,,,
16533,0.0,-1028.082886,165.5,-109.023712,1.0,0.0,0.0,,,,
16534,0.0,-1028.080078,165.5,-109.023712,1.0,0.0,0.0,,,,
16535,0.0,-1028.081177,165.5,-109.023712,1.0,0.0,0.0,,,,
16536,0.0,-1028.07605,165.5,-109.023712,1.0,0.0,0.0,,,,
16537,0.0,-1028.079468,165.5,-109.023712,1.0,0.0,0.0,,,,
16538,0.0,-1028.085083,165.5,-109.023712,1.0,0.0,0.0,,,,
16539,0.0,-1028.084106,165.5,-109.023712,1.0,0.0,0.0,,,,
16540,0.0,-1028.082153,165.5,-109.023712,1.0,0.0,0.0,,,,
16541,0.0,-1028.078125,165.5,-109.023712,1.0,0.0,0.0,,,,
16542,0.0,-1028.079468,165.5,-109.023712,1.0,0.0,0.0,,,,
16543,0.0,-1028.087891,165.5,-109.023712,1.0,0.0,0.0,,,,
16544,0.0,-1028.09314,165.5,-109.023712,1.0,0.0,0.0,,,,
16545,0.0,-1028.082031,165.5,-109.023712,1.0,0.0,0.0,,,,
16546,0.0,-1028.091309,165.5,-109.023712,1.0,0.0,0.0,,,,
16547,0.0,-1028.087158,165.5,-109.023712,1.0,0.0,0.0,,,,
16548,0.0,-1028.080078,165.5,-109.023712,1.0,0.0,0.0,,,,
16549,0.0,-1028.086914,165.5,-109.023712,1.0,0.0,0.0,,,,
16550,0.0,-1028.081787,165.5,-109.023712,1.0,0.0,0.0,,,,
16551,0.0,-1028.092896,165.529663,-109.023712,0.9999950282,0.0031533509,0.0,,,,
16552,0.0,-1028.086548,165.505936,-109.023705,0.9999946634,0.0006291705,-0.0032058327,,,,
16553,0.0,-1028.041992,165.370789,-109.023705,0.9998754234,-0.013687383,-0.0078608645,,,,
16554,0.0,-1027.961426,165.101471,-109.023712,0.9989997998,-0.0420156794,-0.0152997621,,,,
16555,0.0,-1027.890381,164.826904,-109.023705,0.9971632404,-0.0706240558,-0.0260329554,,,,
16556,0.0,-1027.836792,164.575653,-109.023705,0.9946043191,-0.0965915221,-0.0378460863,,,,
16557,0.0,-1027.829468,164.564789,-109.023712,0.9944811433,-0.0976590515,-0.0383401269,,,,
16558,0.0,-1027.831543,164.564987,-109.023712,0.9944811433,-0.0976590515,-0.0383401269,,,,
16559,0.0,-1027.83313,164.56514,-109.023712,0.9944811433,-0.0976590515,-0.0383401269,,,,
16560,0.0,-1027.833984,164.565231,-109.023712,0.9944811433,-0.0976590515,-0.0383401269,,,,
16561,0.0,-1027.836182,164.56546,-109.023712,0.9944811433,-0.0976590515,-0.0383401269,,,,
16562,0.0,-1027.832153,164.565033,-109.023712,0.9944811433,-0.0976590515,-0.0383401269,,,,
16563,0.0,-1027.833618,164.565201,-109.023743,0.9944811433,-0.0976590515,-0.0383401269,,,,
16564,0.0,-1027.831543,164.564987,-109.023712,0.9944811433,-0.0976590515,-0.0383401269,,,,
16565,0.0,-1027.836914,164.565521,-109.023712,0.9944811433,-0.0976590515,-0.0383401269,,,,
16566,0.0,-1027.813354,164.47438,-109.023705,0.9933985142,-0.1069596359,-0.0414611667,,,,
16567,0.0,-1027.796631,164.400177,-109.023705,0.9921451337,-0.1144878361,-0.0504040575,,,,
16568,0.0,-1027.843994,164.616379,-109.02372,0.9941939611,-0.0923067991,-0.0552975823,,,,
16569,0.0,-1027.862305,165.105682,-109.023697,0.9979204552,-0.0410913313,-0.0496615307,,,,
16570,0.0,-1027.912598,166.049301,-109.023697,0.9976933254,0.0566655183,-0.0373770994,,,,
16571,0.0,-1028.022095,166.460129,-109.023712,0.980592579,0.1945283453,-0.0244318815,,,,
16572,0.0,-1028.137329,166.725388,-109.023712,0.9171169394,0.3985210432,-0.0088032747,,,,
16573,0.0,-1028.263062,166.993195,-109.023712,0.7442785435,0.6678578138,0.0039230363,,,,
16574,0.0,-1030.459473,168.475708,-109.023811,0.5108117044,0.8596422293,0.009308073,,,,
16575,0.0,-1032.406616,168.684448,-109.023628,0.3004113832,0.9537688548,0.0088302041,,,,
16576,0.0,-1034.765625,167.359802,-109.022156,-0.0554892671,0.998457906,0.0016586554,,,,
16577,0.0,-1035.416748,165.605667,-109.022469,-0.333591227,0.9426663922,-0.0098471456,,,,
16578,0.0,-1035.228638,164.567673,-109.022934,-0.4987248218,0.8665157975,-0.0205894334,,,,
16579,0.0,-1034.838501,164.357513,-109.030525,-0.6181447365,0.7853854858,-0.0326607328,,,,
16580,0.0,-1034.801758,164.982407,-109.045204,-0.673041938,0.738567692,-0.0391447823,,,,
16581,0.0,-1034.60083,165.654602,-109.066261,-0.7032187775,0.7096545519,-0.0432870418,,,,
16582,0.0,-1034.154541,166.55191,-109.099915,-0.7222316571,0.6901850131,-0.0450120122,,,,
16583,0.0,-1033.633667,167.447311,-109.135986,-0.7328075076,0.6789433275,-0.0450456978,,,,
16584,0.0,-1032.982422,168.475052,-109.179169,-0.7400627125,0.6710880442,-0.0441363617,,,,
16585,0.0,-1032.326172,169.463058,-109.221771,-0.7439997949,0.6667237637,-0.0440877318,,,,
16586,0.0,-1031.406738,170.798752,-109.280861,-0.7519201948,0.6578846367,-0.0424714673,,,,
16587,0.0,-1030.348633,172.284546,-109.34787,-0.7577539295,0.6511762384,-0.0421721325,,,,
16588,0.0,-1029.1875,173.650864,-109.414154,-0.7593267442,0.6493948237,-0.041343179,,,,
16589,0.0,-1027.084961,176.948074,-109.575378,-0.7628178166,0.6452367705,-0.0421721325,,,,
16590,0.0,-1026.186646,178.756836,-109.666008,-0.7687660859,0.6380851842,-0.0429651364,,,,
16591,0.0,-1025.498779,180.722229,-109.765038,-0.7762155828,0.6289329691,-0.0439623643,,,,
16592,0.0,-1025.140869,182.643082,-109.861168,-0.7817959628,0.6217921106,-0.0465794343,,,,
16593,0.0,-1025.056885,184.761993,-109.966026,-0.7850519205,0.6171339423,-0.053283951,,,,
16594,0.0,-1025.244995,186.732788,-110.062225,-0.785049947,0.6167870962,-0.0571861758,,,,
16595,0.0,-1025.682007,188.495682,-110.147949,-0.7850361103,0.6167762252,-0.0574925521,,,,
16596,0.0,-1026.357788,190.108566,-110.226196,-0.7850361103,0.6167762252,-0.0574925521,,,,
16597,0.0,-1027.328979,191.674728,-110.30191,-0.7850361103,0.6167762252,-0.0574925521,,,,
16598,0.0,-1028.490967,193.032715,-110.36731,-0.7850361103,0.6167762252,-0.0574925521,,,,
16599,0.0,-1029.794922,194.201126,-110.42334,-0.7850361103,0.6167762252,-0.0574925521,,,,
16600,0.0,-1031.389771,195.329071,-110.477142,-0.7850361103,0.6167762252,-0.0574925521,,,,
16601,0.0,-1033.011597,196.248001,-110.520691,-0.7850361103,0.6167762252,-0.0574925521,,,,
16602,0.0,-1035.15332,197.23378,-110.567139,-0.7850361103,0.6167762252,-0.0574925521,,,,
16603,0.0,-1036.975464,197.907578,-110.598572,-0.7850361103,0.6167762252,-0.0574925521,,,,
16604,0.0,-1039.002686,198.538498,-110.627777,-0.7850361103,0.6167762252,-0.0574925521,,,,
16605,0.0,-1041.160034,199.098572,-110.653381,-0.7850361103,0.6167762252,-0.0574925521,,,,
16606,0.0,-1043.388062,199.581985,-110.67514,-0.7850361103,0.6167762252,-0.0574925521,,,,
16607,0.0,-1046.31189,200.100693,-110.697968,-0.7850361103,0.6167762252,-0.0574925521,,,,
16608,0.0,-1048.334839,200.39119,-110.710449,-0.7850361103,0.6167762252,-0.0574925521,,,,
16609,0.0,-1051.258057,200.73851,-110.724854,-0.7850361103,0.6167762252,-0.0574925521,,,,
16610,0.0,-1054.304321,201.034912,-110.736053,-0.7838706104,0.6182567804,-0.0574927786,,,,
16611,0.0,-1056.915894,201.193314,-110.742836,-0.7867000033,0.6148948703,-0.0548397975,,,,
16612,0.0,-1059.702515,201.337204,-110.747711,-0.787608322,0.6140476278,-0.0511726672,,,,
16613,0.0,-1062.674438,201.298157,-110.750351,-0.8015329299,0.5960871645,-0.0471704854,,,,
16614,0.0,-1065.371582,201.019913,-110.75058,-0.8309945477,0.5549084393,-0.0390472233,,,,
16615,0.0,-1068.216797,200.884674,-110.750702,-0.8611899792,0.5072725592,-0.0320370169,,,,
16616,0.0,-1071.823853,200.689911,-110.75061,-0.8947532452,0.4459780891,-0.0228073288,,,,
16617,0.0,-1075.452148,200.347794,-110.722878,-0.9249020613,0.3799672665,-0.0134556112,,,,
16618,0.0,-1078.535278,199.926727,-110.705544,-0.946879916,0.3215394211,-0.0055520558,,,,
16619,0.0,-1081.713135,199.610748,-110.703552,-0.9582043351,0.286067848,-0.0031045867,,,,
16620,0.0,-1084.847412,199.421188,-110.685677,-0.9632423066,0.2686261486,-0.0020618083,,,,
16621,0.0,-1088.112305,199.343689,-110.681641,-0.9643434466,0.2646470092,-0.0019176619,,,,
16622,0.0,-1091.547485,199.366821,-110.681976,-0.9644107925,0.2644014874,-0.0019174699,,,,
16623,0.0,-1094.71814,199.466675,-110.68219,-0.9644107925,0.2644014874,-0.0019174699,,,,
16624,0.0,-1097.755615,199.623886,-110.688232,-0.9644107925,0.2644014874,-0.0019174699,,,,
16625,0.0,-1101.355225,199.878998,-110.699493,-0.9644107925,0.2644014874,-0.0019174699,,,,
16626,0.0,-1104.678955,200.176407,-110.628143,-0.9644107925,0.2644014874,-0.0019174699,,,,
16627,0.0,-1107.898438,200.51564,-110.477539,-0.9644107925,0.2644014874,-0.0019174699,,,,
16628,0.0,-1111.099609,200.897125,-110.320953,-0.9644107925,0.2644014874,-0.0019174699,,,,
16629,0.0,-1114.901978,201.401001,-110.138367,-0.9644107925,0.2644014874,-0.0019174699,,,,
16630,0.0,-1121.123169,202.336411,-109.844269,-0.9644107925,0.2644014874,-0.0019174699,,,,
16631,0.0,-1123.0130615,202.6487125,-109.7560885,-0.9644107925,0.2644014874,-0.0019174699,,,,
16632,0.0,-1128.072754,203.514908,-109.521271,-0.9644107925,0.2644014874,-0.0019174699,,,,
16633,0.0,-1129.9609375,203.8603515,-109.4345705,-0.9644107925,0.2644014874,-0.0019174699,,,,
16634,0.0,-1135.026245,204.812424,-109.203064,-0.9644107925,0.2644014874,-0.0019174699,,,,
16635,0.0,-1138.174316,205.433365,-109.060455,-0.9644107925,0.2644014874,-0.0019174699,,,,
16636,0.0,-1142.030151,206.218521,-108.886749,-0.9644107925,0.2644014874,-0.0019174699,,,,
16637,0.0,-1145.601074,206.968002,-108.705872,-0.9644107925,0.2644014874,-0.0019174699,,,,
16638,0.0,-1148.57666,207.608307,-108.543304,-0.9644107925,0.2644014874,-0.0019174699,,,,
16639,0.0,-1152.005981,208.361176,-108.354622,-0.9644107925,0.2644014874,-0.0019174699,,,,
16640,0.0,-1155.159302,209.067047,-108.18119,-0.9644107925,0.2644014874,-0.0019174699,,,,
16641,0.0,-1159.197754,209.958633,-107.957878,-0.9656331879,0.2599016527,-0.0019176619,,,,
16642,0.0,-1162.576416,210.644363,-107.773781,-0.9694920598,0.2451059741,-0.0028648668,,,,
16643,0.0,-1165.105469,211.162064,-107.646065,-0.972112599,0.234487062,-0.0035934158,,,,
16644,0.0,-1168.806763,211.93306,-107.461464,-0.9751858738,0.2213544763,-0.00383502,,,,
16645,0.0,-1172.038208,212.610199,-107.299965,-0.9774209833,0.2112664527,-0.00383502,,,,
16646,0.0,-1175.427856,213.323441,-107.130913,-0.9793125022,0.2023173635,-0.00383502,,,,
16647,0.0,-1178.801147,214.026764,-106.96273,-0.9810346008,0.1937947487,-0.00383502,,,,
16648,0.0,-1182.279053,214.766525,-106.79023,-0.981937106,0.1891687405,-0.00383502,,,,
16649,0.0,-1185.835327,215.539093,-106.614662,-0.982029082,0.188690687,-0.0038349502,,,,
16650,0.0,-1189.075684,216.238571,-106.45475,-0.982029082,0.188690687,-0.0038349502,,,,
16651,0.0,-1192.336426,216.936447,-106.293785,-0.982029082,0.188690687,-0.0038349502,,,,
16652,0.0,-1195.617676,217.633102,-106.131767,-0.982029082,0.188690687,-0.0038349502,,,,
16653,0.0,-1199.270508,218.402496,-105.951378,-0.982029082,0.188690687,-0.0038349502,,,,
16654,0.0,-1202.710815,219.12175,-105.781395,-0.982029082,0.188690687,-0.0038349502,,,,
16655,0.0,-1206.303467,219.867798,-105.603813,-0.982029082,0.188690687,-0.0038349502,,,,
16656,0.0,-1209.5177,220.531082,-105.444893,-0.982029082,0.188690687,-0.0038349502,,,,
16657,0.0,-1212.677734,221.179703,-105.292686,-0.982029082,0.188690687,-0.0038349502,,,,
16658,0.0,-1216.626343,221.986038,-105.11129,-0.982029082,0.188690687,-0.0038349502,,,,
16659,0.0,-1219.852905,222.641327,-104.964043,-0.982029082,0.188690687,-0.0038349502,,,,
16660,0.0,-1223.00293,223.322357,-104.821022,-0.9809119881,0.194429096,-0.0029997103,,,,
16661,0.0,-1226.461548,224.238678,-104.66626,-0.9751589333,0.2214969261,-0.0020412135,,,,
16662,0.0,-1229.829224,225.426407,-104.524437,-0.9604927387,0.2782984394,-0.0019176619,,,,
16663,0.0,-1233.598389,227.016983,-104.453964,-0.9336206975,0.3582578901,-0.0019176619,,,,
16664,0.0,-1236.451904,228.460495,-104.409874,-0.9015143964,0.4327340187,-0.0036141676,,,,
16665,0.0,-1239.74585,230.10408,-104.358658,-0.8639815508,0.503479334,-0.0066663404,,,,
16666,0.0,-1242.111206,231.330048,-104.322227,-0.8356675916,0.5491846942,-0.007473151,,,,
16667,0.0,-1245.274536,233.205078,-104.312897,-0.7858560185,0.6183723952,-0.00677488,,,,
16668,0.0,-1248.045288,234.908295,-104.31308,-0.741589951,0.6708501428,-0.0021048481,,,,
16669,0.0,-1251.062622,236.2995,-104.31308,-0.7146341831,0.6994977982,0.000902562,,,,
16670,0.0,-1256.272583,238.984924,-104.31308,-0.7106063943,0.7035868552,-0.0020222593,,,,
16671,0.0,-1257.980774,239.900871,-104.31308,-0.7103585109,0.7038355504,-0.002449183,,,,
16672,0.0,-1259.688965,240.816818,-104.31308,-0.7101106275,0.7040842455,-0.0028761067,,,,
16673,0.0,-1262.589233,242.425018,-104.31308,-0.7100804335,0.7041146961,-0.0028762114,,,,
16674,0.0,-1268.085938,245.715912,-104.31308,-0.7100804335,0.7041146961,-0.0028762114,,,,
16675,0.0,-1270.638306,247.461929,-104.209976,-0.7100804335,0.7041146961,-0.0028762114,,,,
16676,0.0,-1273.112915,249.417419,-104.054611,-0.7100804335,0.7041146961,-0.0028762114,,,,
16677,0.0,-1275.766113,251.862915,-103.877151,-0.7100804335,0.7041146961,-0.0028762114,,,,
16678,0.0,-1277.602905,253.834335,-103.737228,-0.7100804335,0.7041146961,-0.0028762114,,,,
16679,0.0,-1279.566772,256.210846,-103.568604,-0.7100804335,0.7041146961,-0.0028762114,,,,
16680,0.0,-1281.418701,258.763641,-103.387527,-0.7100804335,0.7041146961,-0.0028762114,,,,
16681,0.0,-1282.864258,261.007263,-103.227936,-0.7106539295,0.7035387223,-0.0020636758,,,,
16682,0.0,-1284.39856,263.788727,-103.040054,-0.7064662171,0.7077459886,-0.001048646,,,,
16683,0.0,-1285.616577,266.332062,-103.086304,-0.700869607,0.7132872366,-0.0017640906,,,,
16684,0.0,-1286.969116,269.400208,-103.176056,-0.6979208076,0.716169345,-0.0028311821,,,,
16685,0.0,-1288.030884,272.053711,-103.241302,-0.6978242029,0.7162632961,-0.0028762114,,,,
16686,0.0,-1289.043457,274.850983,-103.303467,-0.698432832,0.7156698311,-0.0028761067,,,,
16687,0.0,-1289.570984,276.4140625,-103.3351745,-0.7008240124,0.7133221341,-0.0024053055,,,,
16688,0.0,-1290.290283,278.54718,-103.378159,-0.7047992772,0.709405052,-0.0015655946,,,,
16689,0.0,-1291.715088,283.36969,-103.462418,-0.7177136978,0.6963363998,0.0016328595,,,,
16690,0.0,-1292.499512,286.480896,-103.510315,-0.7229796682,0.6908637184,0.0027788398,,,,
16691,0.0,-1293.162598,289.49939,-103.574234,-0.724623534,0.6891348449,0.0037282066,,,,
16692,0.0,-1293.842163,292.699829,-103.655792,-0.7259716915,0.6877138913,0.0038349502,,,,
16693,0.0,-1294.484741,295.422607,-103.724976,-0.7348588385,0.6782092455,0.0038349502,,,,
16694,0.0,-1295.227051,298.531982,-103.803101,-0.7504737652,0.660889114,0.0038349502,,,,
16695,0.0,-1296.033447,301.608551,-103.883247,-0.7797632197,0.626057324,0.0046420181,,,,
16696,0.0,-1296.803223,304.59317,-103.961739,-0.8096229877,0.5869147566,0.0064564865,,,,
16697,0.0,-1297.608276,307.442078,-104.044548,-0.8540759849,0.5200789664,0.0084900347,,,,
16698,0.0,-1298.25708,309.822327,-104.11898,-0.8930090028,0.4499221392,0.0102464393,,,,
16699,0.0,-1298.912354,312.481628,-104.211502,-0.9392947281,0.3428572496,0.0132030322,,,,
16700,0.0,-1302.175903,311.419464,-105.560005,-0.9778763741,0.2085738145,0.0159612309,,,,
16701,0.0,-1302.537598,315.103516,-105.57209,-0.9973167002,0.0699521754,0.0215891799,,,,
16702,0.0,-1303.099609,318.786499,-105.582756,-0.9988139929,-0.0412907855,0.0258007475,,,,
16703,0.0,-1304.004883,321.926239,-105.578491,-0.9943671527,-0.1023081187,0.0276950256,,,,
16704,0.0,-1305.11792,324.673645,-105.552895,-0.9904554543,-0.1350006023,0.0277998271,,,,
16705,0.0,-1306.563477,327.519409,-105.518929,-0.9882508424,-0.1504398625,0.0269837034,,,,
16706,0.0,-1308.285889,330.243805,-105.297523,-0.9878707991,-0.1530822085,0.0260215622,,,,
16707,0.0,-1310.198608,332.888824,-105.101402,-0.9878531456,-0.1532195531,0.0258830298,,,,
16708,0.0,-1312.130737,335.27121,-104.890327,-0.9878531456,-0.1532195531,0.0258830298,,,,
16709,0.0,-1314.508789,337.950073,-104.654266,-0.9878531456,-0.1532195531,0.0258830298,,,,
16710,0.0,-1317.615234,339.849548,-104.187813,-0.9878531456,-0.1532195531,0.0258830298,,,,
16711,0.0,-1320.330078,341.663513,-103.911407,-0.9878531456,-0.1532195531,0.0258830298,,,,
16712,0.0,-1322.683472,344.599487,-103.868332,-0.9871800526,-0.1576424161,0.0249882447,,,,
16713,0.0,-1324.655884,347.402954,-104.112953,-0.9852218781,-0.1697010859,0.0232248231,,,,
16714,0.0,-1328.78772,352.317596,-104.555504,-0.980331795,-0.1967594485,0.0153392019,,,,
16715,0.0,-1330.1416015,353.820877,-104.7010575,-0.980331795,-0.1967594485,0.0153392019,,,,
16716,0.0,-1331.495483,355.324158,-104.846611,-0.980331795,-0.1967594485,0.0153392019,,,,
16717,0.0,-1333.793823,361.168091,-104.298721,-0.980331795,-0.1967594485,0.0153392019,,,,
16718,0.0,-1336.236816,363.317108,-104.298721,-0.980331795,-0.1967594485,0.0153392019,,,,
16719,0.0,-1338.884277,365.587494,-104.298721,-0.980331795,-0.1967594485,0.0153392019,,,,
16720,0.0,-1341.580811,367.84259,-104.298721,-0.980331795,-0.1967594485,0.0153392019,,,,
16721,0.0,-1344.220581,369.999542,-104.298721,-0.980331795,-0.1967594485,0.0153392019,,,,
16722,0.0,-1346.991333,372.217804,-104.298721,-0.980331795,-0.1967594485,0.0153392019,,,,
16723,0.0,-1349.899902,374.500275,-104.298721,-0.980331795,-0.1967594485,0.0153392019,,,,
16724,0.0,-1352.110962,376.206177,-104.298721,-0.980331795,-0.1967594485,0.0153392019,,,,
16725,0.0,-1355.054077,378.443939,-104.298721,-0.980331795,-0.1967594485,0.0153392019,,,,
16726,0.0,-1357.593872,380.347961,-104.298721,-0.980331795,-0.1967594485,0.0153392019,,,,
16727,0.0,-1360.5979,382.624451,-104.298676,-0.9850791981,-0.1711052744,0.0184921231,,,,
16728,0.0,-1363.946899,385.184082,-104.298721,-0.9896027959,-0.142277581,0.0210569755,,,,
16729,0.0,-1366.592041,387.167755,-104.298721,-0.9903705499,-0.1365381332,0.0228803867,,,,
16730,0.0,-1369.371216,389.232971,-104.298721,-0.9903987065,-0.1361566175,0.023911873,,,,
16731,0.0,-1372.179688,391.325562,-104.298721,-0.9907469825,-0.1334209072,0.0248853023,,,,
16732,0.0,-1374.952881,393.366821,-104.298721,-0.9902341383,-0.1369955332,0.0258568237,,,,
16733,0.0,-1377.193726,395.017883,-104.298721,-0.9899706115,-0.1385917563,0.0273955011,,,,
16734,0.0,-1380.047363,397.125458,-104.298721,-0.9899034114,-0.138990668,0.0277998271,,,,
16735,0.0,-1382.918579,399.245911,-104.298721,-0.9899034114,-0.138990668,0.0277998271,,,,
16736,0.0,-1385.510742,401.158203,-104.298721,-0.9899034114,-0.138990668,0.0277998271,,,,
16737,0.0,-1388.361206,403.259399,-104.298721,-0.9899034114,-0.138990668,0.0277998271,,,,
16738,0.0,-1390.974487,405.184875,-104.298721,-0.9899034114,-0.138990668,0.0277998271,,,,
16739,0.0,-1394.218994,407.565186,-104.298721,-0.9896414218,-0.1408439769,0.0277998271,,,,
16740,0.0,-1396.802124,409.43277,-104.298721,-0.9887177989,-0.1470179402,0.028685176,,,,
16741,0.0,-1399.331543,411.247284,-104.298721,-0.9875036576,-0.154795928,0.0295761199,,,,
16742,0.0,-1401.903809,413.10849,-104.298721,-0.9864252239,-0.1613564261,0.030485759,,,,
16743,0.0,-1404.695312,415.162598,-104.298721,-0.9856260748,-0.1658281031,0.0322843766,,,,
16744,0.0,-1407.406372,417.152863,-104.298721,-0.9849692275,-0.1696273168,0.0325913231,,,,
16745,0.0,-1410.147339,419.068756,-104.298729,-0.9828079015,-0.1815828492,0.0334110414,,,,
16746,0.0,-1413.053833,421.031647,-104.298721,-0.9786132138,-0.2028047873,0.0344441001,,,,
16747,0.0,-1415.475586,422.48111,-104.298729,-0.9650929607,-0.25950846,0.0353685783,,,,
16748,0.0,-1417.956665,423.971222,-104.298729,-0.9476523114,-0.3172315798,0.0363210901,,,,
16749,0.0,-1420.473267,425.437439,-104.298721,-0.915262839,-0.4012072133,0.0364239964,,,,
16750,0.0,-1422.422852,426.594299,-104.298698,-0.8779747594,-0.4773797831,0.0356211253,,,,
16751,0.0,-1424.772217,428.047638,-104.298721,-0.8217156302,-0.5687931038,0.0354658717,,,,
16752,0.0,-1427.312866,429.54364,-104.298729,-0.7722659932,-0.6342571005,0.0363753514,,,,
16753,0.0,-1430.035156,430.985321,-104.298721,-0.7309063018,-0.6814537825,0.0373727217,,,,
16754,0.0,-1435.534302,433.262115,-104.298714,-0.6991890344,-0.7140493615,0.035611846,,,,
16755,0.0,-1438.715454,434.324463,-104.298721,-0.6959181568,-0.7172447915,0.0354658717,,,,
16756,0.0,-1442.210571,435.355927,-104.298721,-0.6956015768,-0.7175518227,0.0354658717,,,,
16757,0.0,-1443.9042965,435.801758,-104.298721,-0.6956015768,-0.7175518227,0.0354658717,,,,
16758,0.0,-1448.96521,437.040344,-104.298721,-0.6956015768,-0.7175518227,0.0354658717,,,,
16759,0.0,-1452.261719,437.737518,-104.298721,-0.6942512137,-0.7188584173,0.0354658717,,,,
16760,0.0,-1455.356323,438.332367,-104.298721,-0.6897608298,-0.723124478,0.0363453865,,,,
16761,0.0,-1458.560669,438.885193,-104.298721,-0.6838048609,-0.7287552442,0.0364239789,,,,
16762,0.0,-1462.065552,439.424255,-104.298721,-0.674374215,-0.7374452481,0.037335293,,,,
16763,0.0,-1465.114502,439.833313,-104.298721,-0.6632381256,-0.7474742602,0.0373820701,,,,
16764,0.0,-1468.404541,440.218964,-104.298729,-0.6475129928,-0.7610943138,0.0382409428,,,,
17226,0.0,-1616.5802,-716.490173,-105.888199,0.4042429586,-0.9042246339,0.1377150754,,,,
17227,0.0,-1616.567261,-716.518982,-105.752274,0.4042429586,-0.9042246339,0.1377150754,,,,
17228,0.0,-1616.580811,-716.488647,-105.571014,0.4042429586,-0.9042246339,0.1377150754,,,,
17229,0.0,-1616.620483,-716.399658,-105.330902,0.4042429586,-0.9042246339,0.1377150754,,,,
17230,0.0,-1616.710205,-716.198975,-104.987648,0.4042429586,-0.9042246339,0.1377150754,,,,
17231,0.0,-1616.556519,-717.237671,-103.694046,0.4042429586,-0.9042246339,0.1377150754,,,,
17232,0.0,-1616.326538,-720.043945,-104.326706,0.4042429586,-0.9042246339,0.1377150754,,,,
17233,0.0,-1615.612671,-723.258484,-105.217293,0.4042429586,-0.9042246339,0.1377150754,,,,
17279,0.0,-1502.304688,-848.910522,-102.844513,0.8117163733,-0.5649489008,0.1481528559,,,,
17280,0.0,-1501.973389,-849.141052,-102.483368,0.8117163733,-0.5649489008,0.1481528559,,,,
17281,0.0,-1502.022827,-849.10675,-102.79261,0.8117163733,-0.5649489008,0.1481528559,,,,
17282,0.0,-1501.855347,-849.223267,-102.545883,0.8117163733,-0.5649489008,0.1481528559,,,,
17283,0.0,-1501.648682,-849.018188,-102.150902,0.8117163733,-0.5649489008,0.1481528559,,,,
17284,0.0,-1499.273315,-851.122314,-102.506111,0.8097096563,-0.5678212735,0.1481528732,,,,
17285,0.0,-1497.033081,-852.78186,-103.083847,0.80759082,-0.5712132919,0.1466712056,,,,
17286,0.0,-1494.093994,-855.02478,-103.731354,0.8014024577,-0.5806661709,0.1434604429,,,,
17287,0.0,-1491.577026,-856.963318,-104.231316,0.794900603,-0.5899981504,0.1415458016,,,,
17288,0.0,-1489.148315,-858.869202,-104.206017,0.78754838,-0.600144007,0.1399811417,,,,
17289,0.0,-1486.050659,-861.309143,-104.129944,0.7788632987,-0.6118333567,0.137956173,,,,
17290,0.0,-1483.118286,-863.633118,-103.992226,0.7707242128,-0.6223047198,0.1368247914,,,,
17291,0.0,-1480.834961,-865.41394,-103.942947,0.7665087687,-0.6275026152,0.136765403,,,,
17292,0.0,-1478.010986,-867.590271,-103.82357,0.763444726,-0.631226877,0.1367654203,,,,
17293,0.0,-1475.243286,-869.693298,-104.148811,0.7630284595,-0.6317299975,0.1367654203,,,,
17294,0.0,-1472.436768,-871.831238,-104.684364,0.7630284595,-0.6317299975,0.1367654203,,,,
17295,0.0,-1469.933472,-873.973694,-105.162193,0.7630284595,-0.6317299975,0.1367654203,,,,
17296,0.0,-1465.763428,-878.274841,-105.170464,0.7630284595,-0.6317299975,0.1367654203,,,,
17297,0.0,-1464.763367,-879.3857725,-105.022221,0.7634572926,-0.6311314573,0.1371326692,,,,
17298,0.0,-1463.763306,-880.496704,-104.873978,0.7638861256,-0.6305329171,0.1374999182,,,,
17299,0.0,-1461.656006,-883.051025,-104.795288,0.7665702219,-0.6270449692,0.1385088499,,,,
17300,0.0,-1459.348389,-885.626648,-104.30883,0.7727530727,-0.6191670664,0.1395880814,,,,
17301,0.0,-1456.041138,-890.168213,-104.073708,0.7857277314,-0.6018227744,0.1429730056,,,,
17302,0.0,-1454.291504,-892.759399,-103.974525,0.7963599836,-0.587213831,0.1448816523,,,,
17303,0.0,-1452.761353,-895.624695,-103.906532,0.805099664,-0.5748691521,0.1460821307,,,,
17304,0.0,-1451.171021,-898.471924,-103.8125,0.8166559837,-0.5578505135,0.1479047289,,,,
17305,0.0,-1449.530396,-901.325073,-103.906784,0.8282642603,-0.5401557168,0.1490305897,,,,
17306,0.0,-1448.299438,-903.719482,-103.990898,0.8363985987,-0.5274526475,0.1491009345,,,,
17307,0.0,-1446.666748,-906.915771,-104.20137,0.8462328744,-0.5112612105,0.1500063232,,,,
17335,0.0,-1396.863281,-958.332336,-104.336731,0.9702155184,-0.1895095452,0.1508906233,,,,
17336,0.0,-1394.570435,-960.30957,-104.611549,0.972253869,-0.1787317983,0.1509216967,,,,
17337,0.0,-1392.244141,-962.538818,-104.864754,0.9745985669,-0.1654350594,0.1509598438,,,,
17338,0.0,-1389.905151,-963.868652,-105.756203,0.9763042023,-0.1550233475,0.1509896229,,,,
17339,0.0,-1386.386353,-965.105103,-106.370461,0.9809166443,-0.1247590442,0.149123163,,,,
17340,0.0,-1380.337524,-966.117493,-109.684105,0.9886575205,-0.0405058344,0.144622213,,,,
17341,0.0,-1377.720215,-966.342285,-111.02887,0.9897330388,0.0148780766,0.1421518721,,,,
17342,0.0,-1375.034302,-966.633362,-112.682945,0.9863962691,0.0863224137,0.1398958226,,,,
17343,0.0,-1373.567688,-966.3663635,-113.6845475,0.982207941,0.1210096703,0.1392950521,,,,
17344,0.0,-1372.101074,-966.099365,-114.68615,0.9780196129,0.1556969269,0.1386942816,,,,
17345,0.0,-1367.927124,-966.575256,-119.256638,0.9618272884,0.2368827077,0.1370213491,,,,
17346,0.0,-1366.8358155,-966.6880795,-119.6905025,0.9573049126,0.2544612744,0.1359639222,,,,
17347,0.0,-1364.192993,-967.228516,-121.557236,0.9472034271,0.2908898604,0.1348656992,,,,
17348,0.0,-1362.986206,-967.43988,-123.351891,0.9411540959,0.3099035434,0.1348657165,,,,
17349,0.0,-1361.888794,-967.381775,-123.359909,0.933011987,0.3336163595,0.1348656992,,,,
17350,0.0,-1360.86438,-967.239502,-123.402809,0.9244763818,0.3563144224,0.1355855887,,,,
17351,0.0,-1359.657837,-966.863464,-123.486328,0.9072067924,0.3975809616,0.1374962359,,,,
17352,0.0,-1358.478271,-966.259766,-123.584084,0.8826180959,0.4489041666,0.1395361821,,,,
17353,0.0,-1357.53833,-965.861145,-123.669693,0.8675405874,0.4771450207,0.1403779125,,,,
17354,0.0,-1356.350952,-965.325562,-123.735313,0.8480861477,0.510873606,0.1405633122,,,,
17355,0.0,-1355.359253,-964.948853,-123.772758,0.8369514542,0.528917965,0.1405633295,,,,
17356,0.0,-1354.253784,-964.631714,-123.733116,0.8297318455,0.5403953144,0.1397067242,,,,
17357,0.0,-1353.293335,-964.401001,-123.688438,0.8279725929,0.5433146537,0.1388184877,,,,
17358,0.0,-1352.086426,-964.079773,-123.661766,0.8277371249,0.5437125849,0.1386646212,,,,
17359,0.0,-1351.168213,-963.802368,-123.635254,0.8277371249,0.5437125849,0.1386646212,,,,
17360,0.0,-1349.930908,-963.389465,-123.599258,0.8277371249,0.5437125849,0.1386646212,,,,
17361,0.0,-1348.866455,-962.997009,-123.577522,0.8277371249,0.5437125849,0.1386646212,,,,
17362,0.0,-1347.856689,-962.605774,-123.558853,0.8281828394,0.5430334355,0.1386646039,,,,
17363,0.0,-1346.668213,-962.169495,-123.536194,0.8313031752,0.5384749562,0.1377670226,,,,
17364,0.0,-1345.668945,-961.866821,-123.513657,0.8380721181,0.5281010754,0.1369101129,,,,
17365,0.0,-1343.535522,-961.653137,-123.897331,0.858169985,0.495057836,0.1358750012,,,,
17366,0.0,-1342.590942,-961.946106,-123.718002,0.8859154176,0.4437420683,0.1350809006,,,,
17367,0.0,-1341.481812,-962.275269,-123.55912,0.9323838515,0.3365236298,0.1319552954,,,,
17368,0.0,-1340.298462,-962.886475,-123.583046,0.9717155883,0.1979286546,0.1288140641,,,,
17369,0.0,-1339.041016,-963.605896,-123.501564,0.9899946769,0.0607405624,0.1273621758,,,,
17370,0.0,-1337.915039,-964.489075,-123.468895,0.9888871738,-0.0782695463,0.1263963434,,,,
17371,0.0,-1336.797729,-965.354675,-123.544449,0.9622545785,-0.2405786076,0.1272323064,,,,
17372,0.0,-1335.97229,-966.204224,-123.600906,0.9289310141,-0.3465534277,0.1303376111,,,,
17373,0.0,-1335.187378,-967.670837,-123.558105,0.8833893818,-0.4494556682,0.1327132339,,,,
17374,0.0,-1334.55481,-968.702393,-123.597092,0.8371404678,-0.5294233305,0.1375019062,,,,
17375,0.0,-1333.900513,-969.54248,-123.472633,0.8101025371,-0.5693340105,0.1399737971,,,,
17376,0.0,-1332.934326,-970.2948,-123.412148,0.7870897046,-0.6004175565,0.1413808852,,,,
17377,0.0,-1331.863037,-971.08429,-123.375,0.7713006077,-0.620539755,0.1415124903,,,,
17378,0.0,-1330.981567,-971.70752,-123.358826,0.765426385,-0.6279486812,0.1407227876,,,,
17379,0.0,-1329.890625,-972.281433,-123.48877,0.7627146377,-0.6312751595,0.1405633468,,,,
17380,0.0,-1329.047241,-972.795044,-123.551933,0.7602601768,-0.6345778592,0.1389798695,,,,
17381,0.0,-1328.279785,-973.491211,-123.748764,0.7566577304,-0.6390916908,0.137952491,,,,
17382,0.0,-1326.410522,-974.90094,-123.905586,0.7394177938,-0.6597637055,0.1340640858,,,,
17383,0.0,-1325.981018,-975.237671,-123.9262235,0.7326671299,-0.6672798612,0.1335444852,,,,
17384,0.0,-1325.145874,-975.872253,-123.977806,0.714333472,-0.6872024465,0.1322137976,,,,
17385,0.0,-1324.397217,-976.231934,-124.017143,0.7022026306,-0.6996309422,0.1320151901,,,,
17386,0.0,-1323.669312,-976.469421,-124.016235,0.6978195498,-0.7040027422,0.1320152074,,,,
17387,0.0,-1322.746948,-976.646423,-123.690651,0.6961382899,-0.7056652619,0.1320152247,,,,
17388,0.0,-1321.868286,-976.614197,-123.248451,0.6960629232,-0.7057396031,0.1320152247,,,,
17389,0.0,-1321.310425,-976.548767,-122.924561,0.6960629232,-0.7057396031,0.1320152247,,,,
17390,0.0,-1320.572632,-976.493347,-122.782471,0.6970744098,-0.7047405567,0.1320152074,,,,
17391,0.0,-1319.829956,-976.315613,-122.466179,0.7007498249,-0.7009346016,0.132817044,,,,
17392,0.0,-1319.151489,-976.062256,-122.27372,0.709464282,-0.6919114423,0.1338618267,,,,
17393,0.0,-1318.786865,-975.726624,-122.200974,0.7283272663,-0.671848678,0.1347543952,,,,
17394,0.0,-1318.16687,-975.251892,-121.99308,0.7708494921,-0.6223742483,0.1357989531,,,,
17395,0.0,-1317.637207,-974.724365,-121.784904,0.8236672066,-0.550569205,0.1358156222,,,,
17396,0.0,-1316.111572,-973.707397,-121.758827,0.8867745003,-0.4426302863,0.133076727,,,,
17397,0.0,-1315.064087,-972.478394,-121.735764,0.9408528937,-0.3131815174,0.1292794243,,,,
17398,0.0,-1313.833008,-970.906372,-121.739586,0.9814223788,-0.1458352066,0.1246683877,,,,
17399,0.0,-1312.930176,-969.375122,-121.774437,0.9917120142,0.0487087911,0.1188895899,,,,
17400,0.0,-1312.182007,-967.938477,-121.805824,0.9678464087,0.2254159726,0.1116287085,,,,
17401,0.0,-1311.650024,-966.561646,-121.729187,0.9161102466,0.387567018,0.102634413,,,,
17402,0.0,-1310.491089,-964.996765,-121.692345,0.8424270085,0.531673256,0.087408719,,,,
17403,0.0,-1309.671631,-964.010498,-121.750923,0.8040035921,0.5897823464,0.0757298344,,,,
17404,0.0,-1308.380005,-962.468628,-121.693489,0.7508742888,0.6582386703,0.0539412204,0.1092867964,563.3794828235,1239.3796205418,4.0
17405,0.0,-1307.534912,-961.598267,-121.67366,0.7333519572,0.6783966768,0.04441684,0.0963415099,529.9036581977,1237.35886274,4.0
17406,0.0,-1306.562134,-960.76947,-121.662827,0.7295857099,0.6825878829,0.0421719581,0.0927572621,519.4598976692,1235.0230981382,4.0
17407,0.0,-1305.821655,-960.162354,-121.690498,0.7295857099,0.6825878829,0.0421719581,0.091847429,516.285665616,1233.2468558648,4.0
17408,0.0,-1304.524536,-959.141479,-121.701111,0.7295857099,0.6825878829,0.0421719581,0.0908813849,512.6147602905,1230.6574436091,4.0
17409,0.0,-1303.123169,-958.094788,-121.839172,0.7295857099,0.6825878829,0.0421719581,0.0900607834,509.3607064891,1228.1398006466,4.0
17410,0.0,-1301.937988,-957.312012,-121.988182,0.7295857099,0.6825878829,0.0421719581,0.0892843833,506.3620756704,1225.9574389663,4.0
17411,0.0,-1300.412109,-956.362549,-122.294205,0.7295857099,0.6825878829,0.0421719581,0.0883148472,502.6364495336,1223.2886167537,4.0
17412,0.0,-1299.018066,-955.588318,-122.61216,0.7295857099,0.6825878829,0.0421719581,0.0874063755,499.1151607434,1220.7250429227,4.0
17413,0.0,-1297.727539,-954.921692,-122.989738,0.7295857099,0.6825878829,0.0421719581,0.0866854512,496.1244504956,1218.2161058675,4.0
17414,0.0,-1296.638794,-954.467407,-123.163818,0.7295857099,0.6825878829,0.0421719581,0.0860359808,493.4002456341,1215.884773379,4.0
17415,0.0,-1295.211548,-953.892273,-123.42041,0.7290201205,0.6833015173,0.0403571587,0.0848541735,488.8815648541,1212.7356175756,4.0
17416,0.0,-1294.155396,-953.589661,-123.514442,0.7331432349,0.6789262687,0.0394983393,0.0867431811,493.0998286621,1210.4045410713,4.0
17417,0.0,-1292.743408,-952.985474,-123.413872,0.7255758163,0.6868707508,0.0418127548,0.0817895863,478.1387175778,1207.1376192834,4.0
17418,0.0,-1291.436523,-952.269653,-123.259537,0.7035312302,0.7093561912,0.0430999079,0.0692618116,440.206587152,1203.7822083643,4.0
17419,0.0,-1290.560303,-951.981995,-123.193443,0.689735317,0.7228735554,0.0414610098,0.0618984605,416.1193005415,1201.4056575604,4.0
17420,0.0,-1289.825928,-951.823853,-123.145432,0.6735161807,0.7381046641,0.0397172411,0.0539557963,388.5066996103,1198.955623111,4.0
17421,0.0,-1288.933228,-951.642334,-123.083969,0.647823999,0.7608232045,0.0383681886,0.0428385787,346.229465358,1195.7301362801,4.0
17422,0.0,-1288.377808,-951.420715,-122.976227,0.6104599842,0.791118602,0.0383401269,0.0296621588,288.4683426511,1193.2362332277,4.0
17423,0.0,-1287.684448,-951.309875,-122.936295,0.5754022943,0.81697138,0.0383401095,0.0197407792,235.3326274391,1190.2521546539,4.0
17424,0.0,-1286.937378,-951.366699,-122.793777,0.5535804235,0.8318252688,0.0401924984,0.0146741556,202.6677517198,1187.3867323238,4.0
17425,0.0,-1286.074097,-951.621033,-122.600906,0.5474992651,0.8357925535,0.0411747761,0.0132765219,192.399376639,1184.6574534888,4.0
17426,0.0,-1285.188477,-951.97168,-122.549652,0.5472682566,0.8359418976,0.041214065,0.0130395951,190.2764315334,1182.1112188331,4.0
17427,0.0,-1283.35144,-952.79541,-122.363647,0.5472682566,0.8359418976,0.041214065,0.0126931629,186.9227360077,1176.9140248326,4.0
17428,0.0,-1282.267212,-953.30658,-122.305695,0.5472682566,0.8359418976,0.041214065,0.012510172,185.0717915929,1173.697368009,4.0
17429,0.0,-1281.443481,-954.118835,-122.352364,0.5472682566,0.8359418976,0.041214065,0.0244946406,247.5052780128,1125.1484411103,5.0
17430,0.0,-1280.783447,-954.827698,-122.3965,0.5472871428,0.8359706186,0.0403721214,0.0240577792,245.4086179296,1125.5762517404,5.0
17431,0.0,-1279.909668,-955.658325,-122.4991,0.547289648,0.8359745727,0.0402561165,0.0236249238,243.3434668755,1126.1592248177,5.0
17432,0.0,-1279.156982,-956.398743,-122.621048,0.5449851813,0.8376096662,0.0374325969,0.0113886333,174.9903349578,1162.7953815404,4.0
17433,0.0,-1278.601074,-957.125305,-122.790909,0.5360130279,0.8435865724,0.0324303667,0.0096270216,160.6300802519,1160.4158994079,4.0
17434,0.0,-1277.826782,-957.783081,-122.895088,0.5212918354,0.8529142538,0.0281442378,0.0072946338,139.6864123075,1158.5929241299,4.0
17435,0.0,-1277.205444,-958.388428,-123.027145,0.5046463046,0.8629951327,0.0239062372,0.0050277129,115.7666197083,1155.9250683781,4.0
17436,0.0,-1276.313232,-959.067017,-123.095123,0.4920204701,0.8703235655,0.0212778847,0.0035652482,97.1742931727,1151.8049693894,4.0
17437,0.0,-1275.541626,-959.711731,-123.21357,0.4862914003,0.8735955382,0.0187485896,0.0029678821,88.4242856698,1148.5653563835,4.0
17438,0.0,-1274.496338,-960.31488,-123.310684,0.4829595712,0.8754706355,0.01735566,0.0026493991,83.2930426327,1145.00632306,4.0
17439,0.0,-1273.57312,-960.781738,-123.385368,0.48133828,0.8763800614,0.0164756863,0.0024999249,80.7029486518,1142.0431736677,4.0
17440,0.0,-1272.472778,-961.293091,-123.431343,0.4795398358,0.8773841627,0.0154459336,0.0023369866,77.7813672726,1138.3776234411,4.0
17441,0.0,-1271.592285,-961.717346,-123.453209,0.4754448417,0.8796364641,0.0138525668,0.0020182338,72.0978173117,1135.3783831622,4.0
17442,0.0,-1270.448853,-962.220398,-123.433121,0.4663903263,0.884502649,0.0116244339,0.0014160485,60.1876458597,1131.3763441241,4.0
17443,0.0,-1269.599976,-962.713501,-123.421631,0.4593471137,0.8881823423,0.0115046076,0.0010081982,50.6600727379,1128.4630428704,4.0
17444,0.0,-1268.478027,-962.855408,-123.315056,0.4517303457,0.8920904082,0.0106957148,0.0006665463,41.0566139835,1124.6705860478,4.0
17445,0.0,-1267.489868,-963.230835,-123.288696,0.447797918,0.8940725967,0.0105459216,0.0005099999,35.8098248294,1121.3922054041,4.0
17446,0.0,-1266.29541,-963.774353,-123.237694,0.4471012593,0.8944211802,0.0105459216,0.0004708313,34.2889677695,1117.5266113886,4.0
17447,0.0,-1265.121216,-963.774536,-122.892471,0.4471012593,0.8944211802,0.0105459216,0.0004536782,33.5505166174,1113.9341295785,4.0
17448,0.0,-1264.111206,-964.123474,-122.809471,0.4471012593,0.8944211802,0.0105459216,0.0004320704,32.6474828997,1110.719438938,4.0
17449,0.0,-1262.932739,-964.354553,-122.608109,0.4471012593,0.8944211802,0.0105459216,0.0004045813,31.4875020886,1107.042339565,4.0
17450,0.0,-1261.837524,-964.715942,-122.533066,0.4463995036,0.8947716282,0.0105459216,0.0003647698,29.8044229162,1103.5599165791,4.0
17451,0.0,-1260.864868,-965.304382,-122.568649,0.4351991686,0.9002501531,0.0123022538,9.8319e-05,15.4246493351,1099.9989327853,4.0
17452,0.0,-1260.507812,-965.145386,-122.454575,0.4301560424,0.9026660406,0.0126411354,3.75697e-05,9.5245830709,1098.7933358806,4.0
17453,0.0,-1259.113892,-965.574707,-122.427475,0.3991943471,0.9167458457,0.0148636365,1.45162e-05,6.0561387544,1123.9726534693,5.0
17454,0.0,-1258.000732,-965.988342,-122.493645,0.3821350449,0.9239468921,0.0171740507,0.00015856,19.9891743647,1122.5360618974,5.0
17455,0.0,-1257.18811,-966.230103,-122.560455,0.3802964126,0.9247036574,0.0172564355,0.0002161,23.3185195491,1121.7138123897,5.0
17456,0.0,-1256.432983,-966.503601,-122.633896,0.3797906524,0.9249114962,0.0172564355,0.0002367861,24.3964127086,1121.1368505314,5.0
17457,0.0,-1255.011963,-967.028748,-122.747429,0.3791187071,0.9251871277,0.0172564355,0.0002987514,27.3671945245,1119.6769741018,5.0
17458,0.0,-1253.818481,-967.53241,-122.808449,0.3789093693,0.9252886094,0.0163914331,0.0003459219,29.4182781816,1118.5381671681,5.0
17459,0.0,-1252.717651,-968.0401,-122.842903,0.37890982,0.9252900784,0.0162978262,0.0003857049,31.0344836777,1117.4904758833,5.0
17460,0.0,-1251.786377,-968.463806,-122.868942,0.37890982,0.9252900784,0.0162978262,0.0004198691,32.3530214684,1116.5765180298,5.0
17461,0.0,-1250.85376,-968.882263,-122.939987,0.37890982,0.9252900784,0.0162978262,0.0004534801,33.5931680649,1115.5937977089,5.0
17462,0.0,-1249.742676,-969.374146,-122.966301,0.3773431617,0.9259300833,0.0162978262,0.0005474167,36.8632826785,1114.2417597746,5.0
17463,0.0,-1247.877441,-970.17511,-122.967308,0.3709073698,0.9285139482,0.0170167846,0.0008770127,46.5251016998,1111.1293678984,5.0
17464,0.0,-1247.2839965,-970.4255675,-122.9439585,0.3683708018,0.9295251224,0.0166863264,0.0010210072,50.0124059257,1109.8963290884,5.0
17465,0.0,-1245.957886,-970.970642,-122.84597,0.3598877791,0.9328759376,0.0149422723,0.001524852,61.1003179231,1106.8282705937,5.0
17466,0.0,-1245.376465,-971.206848,-122.824669,0.3554710449,0.9345666764,0.0142335921,0.0018331849,66.6511729384,1105.3342068654,5.0
17467,0.0,-1243.890015,-971.804199,-122.771423,0.3436615064,0.9390283602,0.0110683205,0.0027285552,81.301495803,1101.3202408849,5.0
17468,0.0,-1243.350159,-972.0164185,-122.7215805,0.3391881018,0.9406574035,0.0094814257,0.0031341937,86.8315223239,1099.997991625,5.0
17469,0.0,-1242.013672,-972.540405,-122.472069,0.3262343371,0.9452631796,0.0069770018,0.0043727824,102.4421088416,1096.6293563774,5.0
17470,0.0,-1240.831055,-972.984741,-122.432724,0.3112111749,0.9503230435,0.0058066952,0.0060300441,119.8991851808,1093.4443419455,5.0
17471,0.0,-1239.957031,-973.380493,-122.397163,0.297702305,0.9546414235,0.005752399,0.0076813102,135.0049009004,1091.3209161938,5.0
17472,0.0,-1239.083252,-973.841858,-122.39624,0.2867139901,0.957998955,0.005752399,0.0092053626,147.3567536955,1088.5198785287,5.0
17473,0.0,-1238.254883,-974.534058,-122.461174,0.2783373113,0.9604613981,0.0064995255,0.0104065284,156.3001893226,1086.2365014068,5.0
17474,0.0,-1237.2146,-975.177551,-122.552094,0.2724987545,0.9621327298,0.0067111071,0.0112791373,162.2543087985,1083.3564737965,5.0
17475,0.0,-1236.066772,-975.552429,-122.555122,0.2710121696,0.9625525258,0.0067111071,0.0114761895,163.184780704,1080.2279229888,5.0
17476,0.0,-1235.195312,-976.160645,-122.837685,0.2709544958,0.9625687624,0.0067111071,0.0113578361,162.3403171484,1080.1902915997,5.0
17477,0.0,-1234.071167,-976.7948,-123.18676,0.2709544958,0.9625687624,0.0067111071,0.0111891684,161.1490471031,1080.2694602529,5.0
17478,0.0,-1233.083862,-977.000732,-123.299583,0.2709544958,0.9625687624,0.0067111071,0.0111581501,160.83797896,1079.6733514896,5.0
17479,0.0,-1231.900635,-977.150146,-123.409752,0.2709544958,0.9625687624,0.0067111071,0.0110278633,159.7946114731,1078.9519211632,5.0
17480,0.0,-1230.875732,-977.200317,-123.44133,0.2702008659,0.9627805841,0.0067111071,0.011033721,159.7145333052,1078.1265164273,5.0
17481,0.0,-1229.663208,-977.207825,-123.527969,0.2665085175,0.9638024026,0.0076248856,0.0114693465,162.6397593222,1076.9393408697,5.0
17482,0.0,-1228.632446,-977.12561,-123.621017,0.2629335437,0.9647834603,0.0076698266,0.0119316451,165.7613316272,1076.2605135652,5.0
17483,0.0,-1227.726685,-977.032532,-123.681808,0.2612224554,0.9652420607,0.0084019685,0.0121650415,166.9919558791,1073.8622896832,5.0
17484,0.0,-1226.47937,-976.844421,-123.715324,0.2581856961,0.9660567761,0.008628539,0.012666298,169.6625773434,1069.3646175342,5.0
17485,0.0,-1225.275635,-975.831604,-121.714676,0.2564129114,0.9665211175,0.0094524228,0.0131650947,171.478193448,1060.2688818438,5.0
17486,0.0,-1224.313599,-975.54718,-120.304558,0.2553604321,0.9667983941,0.009587226,0.019816183,192.4290332059,971.421793631,4.0
17487,0.0,-1223.482178,-975.271301,-117.493523,0.2552247472,0.9668342224,0.009587226,0.0199519584,192.4473950072,968.2364043167,4.0
17488,0.0,-1222.442139,-974.995483,-115.920471,0.2552247472,0.9668342224,0.009587226,0.0137061742,171.8856759127,1041.7411434784,5.0
17489,0.0,-1221.329468,-974.661865,-112.870857,0.2552247472,0.9668342224,0.009587226,0.0136398177,171.0618121277,1039.2494054544,5.0
17490,0.0,-1220.165527,-974.304199,-111.099548,0.2552247472,0.9668342224,0.009587226,0.0136591095,170.438414346,1034.7356219931,5.0
17491,0.0,-1219.1427,-973.959717,-109.75647,0.2552247472,0.9668342224,0.009587226,0.0137024981,169.8996005795,1029.8413718846,5.0
17492,0.0,-1217.954102,-973.549866,-108.223877,0.2552247472,0.9668342224,0.009587226,0.0137203516,169.1920194775,1024.8895310358,5.0
17493,0.0,-1216.790894,-973.118164,-106.721497,0.2524482758,0.9675628936,0.009587226,0.0143709226,171.8706117469,1017.4433441826,5.0
17494,0.0,-1215.799438,-972.643005,-105.326233,0.246002713,0.9692010832,0.0114858814,0.0157639135,178.7239379685,1010.5412176408,5.0
17495,0.0,-1214.971436,-972.224976,-105.056541,0.2405844705,0.9705503581,0.0122928821,0.0168966402,184.3877808471,1007.3010442933,5.0
17496,0.0,-1213.920044,-971.694763,-105.019447,0.2354222065,0.9718023653,0.0132871148,0.0177929992,188.694007632,1004.7523387046,5.0
17497,0.0,-1212.927246,-971.194824,-105.112366,0.2286587014,0.973402987,0.0142064498,0.0189617998,194.4855032559,1003.4622313215,5.0
17498,0.0,-1211.715332,-970.5047,-105.167473,0.2188821108,0.9756183632,0.0161068599,0.0207634834,203.1545885091,1002.1383468954,5.0
17499,0.0,-1210.755859,-969.656006,-105.326767,0.2081823927,0.9779253137,0.017949154,0.0228913316,212.5983058429,999.3301740934,5.0
17500,0.0,-1209.556396,-968.832336,-105.45887,0.1918151646,0.98123285,0.0197240132,0.0264182819,227.8200357935,997.727801142,5.0
17501,0.0,-1207.984009,-967.846985,-105.633133,0.1736847369,0.9845788747,0.0209296818,0.0305222241,244.2175004228,996.0775484625,5.0
17502,0.0,-1206.425659,-966.687988,-105.854156,0.1473294128,0.9888248763,0.0227905257,0.0372337473,268.6751131798,993.8590024041,5.0
17503,0.0,-1205.03064,-965.463867,-106.251221,0.1235980309,0.9920459395,0.0238407363,0.0438594794,290.4325114142,991.5473754018,5.0
17504,0.0,-1203.104614,-964.10376,-106.295654,0.0992897117,0.9947699114,0.0239661547,0.0521549671,308.8252546107,968.9196624625,5.0
17505,0.0,-1201.227173,-962.751282,-106.392258,0.071296524,0.9971200647,0.0258530899,0.0612970795,332.0683153097,963.278606061,5.0
17506,0.0,-1199.548096,-961.539246,-106.469612,0.0627386274,0.9976943086,0.0258830298,0.0640815131,337.9094857607,959.3795814076,5.0
17507,0.0,-1197.489136,-959.943909,-106.612274,0.055942705,0.9980984333,0.0258830298,0.0662410742,341.2444274865,953.4561387849,5.0
17508,0.0,-1193.87439,-956.991028,-106.707214,0.0528252724,0.9982429703,0.0268414408,0.0668115413,339.4157976456,944.4287728574,5.0
17509,0.0,-1191.758789,-955.216797,-106.646736,0.0510587627,0.9983348836,0.0268414408,0.067119082,338.1942457884,938.9460964671,5.0
17510,0.0,-1189.633179,-953.49115,-106.517151,0.0458860076,0.9985642019,0.0276407143,0.0687356288,340.0818531982,933.4082590628,5.0
17511,0.0,-1187.69397,-951.963867,-106.570213,0.0403873291,0.9987759056,0.0285579064,0.070566174,342.4012585616,927.944757973,5.0
17512,0.0,-1185.43457,-950.144104,-106.467148,0.0296985617,0.9990939534,0.0304838924,0.0744820327,349.040945795,921.6729228264,5.0
17513,0.0,-1183.224731,-948.338745,-106.055031,0.0182328878,0.999303173,0.0325688552,0.0788329861,356.5207940888,916.111459857,5.0
17514,0.0,-1181.378784,-946.747131,-105.967361,0.0109009443,0.9993828706,0.0333923245,0.0817155796,360.5187836177,910.5817976727,5.0
17515,0.0,-1178.995117,-944.703369,-105.799683,0.0016877096,0.9994061684,0.034416017,0.0854038397,365.3883420446,903.6024433904,5.0
17516,0.0,-1176.7146,-942.734192,-105.635147,-0.0025511717,0.9993713459,0.0353610606,0.0870165838,365.7978442846,896.5706641708,5.0
17517,0.0,-1174.479614,-940.670715,-105.36866,-0.0063685612,0.9993200834,0.0363154564,0.0887625389,366.4053462744,889.5894407175,5.0
17518,0.0,-1172.410645,-938.573547,-105.13237,-0.0076091171,0.9993074577,0.0364239789,0.0893453309,364.8647677286,883.0898597767,5.0
17519,0.0,-1170.251099,-936.153809,-104.878525,-0.0103094398,0.9993138534,0.0355743976,0.0903089767,363.5575105527,875.4394371064,5.0
17520,0.0,-1168.287842,-933.688477,-104.657539,-0.0115343604,0.999396328,0.032770996,0.0906656349,361.2457147677,868.2411312391,5.0
17521,0.0,-1166.763916,-931.573914,-104.490974,-0.010042207,0.9995374061,0.0287076292,0.089919377,357.4265286671,862.4507201157,5.0
17522,0.0,-1165.024292,-928.69989,-104.413536,-0.0051786204,0.9997555021,0.0214969257,0.0879802712,350.4535395402,854.4597662483,5.0
17523,0.0,-1163.940308,-926.372864,-104.366318,-0.0033423771,0.9998715048,0.0156780866,0.0875569709,347.3590542445,848.865740285,5.0
17524,0.0,-1162.697388,-923.397766,-104.455353,-0.0029717746,0.9998921779,0.014380581,0.0880748826,345.4844476739,841.9126329467,5.0
17525,0.0,-1161.553833,-920.296448,-104.270477,-0.0029717746,0.9998921779,0.014380581,0.0888552266,344.0944726204,835.0056485463,5.0
17526,0.0,-1160.869019,-917.853394,-104.656685,-0.0029717746,0.9998921779,0.014380581,0.0896527662,343.2854081848,829.5018127969,5.0
17527,0.0,-1160.015625,-914.816406,-104.917511,-0.0029717746,0.9998921779,0.014380581,0.0906259168,342.3160054938,822.9159640968,5.0
17528,0.0,-1159.300415,-912.036316,-105.103012,-0.0029717746,0.9998921779,0.014380581,0.0914283227,341.2134073319,816.8296126527,5.0
17529,0.0,-1158.549316,-908.943848,-105.258453,-0.0029717746,0.9998921779,0.014380581,0.09236549,340.0678217169,810.145613874,5.0
17530,0.0,-1157.92688,-906.022949,-105.325714,-0.0029717746,0.9998921779,0.014380581,0.093324968,339.1562913233,804.0121522544,5.0
17531,0.0,-1157.327637,-902.977966,-105.386292,-0.0029717746,0.9998921779,0.014380581,0.0944123077,338.3269814813,797.641713592,5.0
17532,0.0,-1156.833618,-899.896667,-105.329292,-0.0029717746,0.9998921779,0.014380581,0.0955975202,337.7022249007,791.4641344125,5.0
17533,0.0,-1156.403809,-897.0896,-105.233673,-0.0029717746,0.9998921779,0.014380581,0.096744776,337.2024287802,785.8296608567,5.0
17534,0.0,-1155.969727,-893.765381,-105.090233,-0.0029717746,0.9998921779,0.014380581,0.0981964285,336.8008080958,779.3677830486,5.0
17535,0.0,-1155.692871,-890.788269,-104.99884,-0.0029717746,0.9998921779,0.014380581,0.0996372958,336.7973052572,773.9972054127,5.0
17536,0.0,-1155.459595,-887.209351,-104.574905,-0.0029717746,0.9998921779,0.014380581,0.1014707288,336.9688674946,767.7339389879,5.0
17537,0.0,-1155.331543,-884.089966,-104.082062,-0.0029717746,0.9998921779,0.014380581,0.1031395464,337.2437225348,762.4538729951,5.0
17538,0.0,-1155.196045,-880.834534,-103.717064,-0.0029717746,0.9998921779,0.014380581,0.1048857949,337.4956820423,756.9935696032,5.0
17539,0.0,-1155.131592,-877.380249,-103.209724,-0.0029717746,0.9998921779,0.014380581,0.1067453426,337.5265637491,750.8081414567,5.0
17540,0.0,-1155.128784,-874.287964,-102.84053,-0.0029717746,0.9998921779,0.014380581,0.1086188951,337.978392804,745.6700897684,5.0
17541,0.0,-1155.127441,-870.601868,-102.523643,-0.0072310442,0.9998578316,0.0152324875,0.112862606,341.5829492324,740.1493922495,5.0
17542,0.0,-1155.12915,-867.035217,-102.377419,-0.0123406606,0.9996873223,0.0217477756,0.1180703921,346.1940514781,734.4249308419,5.0
17543,0.0,-1155.091553,-864.05603,-102.308105,-0.0101182709,0.9996489528,0.0244865638,0.11931884,345.750239905,729.8781992323,5.0
17544,0.0,-1155.131958,-860.7052,-102.250099,-0.008044027,0.9996569698,0.0249246124,0.1209614262,345.5797580044,724.864780693,5.0
17545,0.0,-1155.121826,-857.607422,-102.288742,-0.007008944,0.999664763,0.0249246124,0.1227153382,345.8193982474,720.5014522205,5.0
17546,0.0,-1155.088257,-853.900146,-102.445602,-0.0068048786,0.9996661729,0.0249246124,0.1259327877,347.1855339481,714.6602574673,5.0
17547,0.0,-1155.028931,-850.388916,-102.628876,-0.0040756193,0.9996810256,0.0249246124,0.1275740296,346.6881014276,709.3416679549,5.0
17548,0.0,-1154.648315,-844.456055,-103.028618,0.0351738203,0.998970148,0.0286608736,0.1139482072,324.6854126256,700.3775579096,5.0
17549,0.0,-1154.4390255,-842.2611695,-103.245148,0.0640730087,0.9970389959,0.0310378414,0.1028456142,307.5019186328,697.11702017,5.0
17550,0.0,-1154.227783,-837.035095,-103.998405,0.1277319734,0.9912133682,0.0343598855,0.0797588718,269.9398236344,689.7624928096,5.0
17551,0.0,-1154.243408,-833.276733,-104.492722,0.1755352862,0.9838681725,0.0345077144,0.0646795907,242.0708380139,684.1989507577,5.0
17552,0.0,-1154.473877,-830.200317,-104.66893,0.215624701,0.975838209,0.0352955819,0.0531013127,218.5998367071,679.8694530035,5.0
17553,0.0,-1154.877197,-826.710327,-104.8507,0.2579586132,0.9654740656,0.0362930088,0.0420930601,193.8201504133,675.1459295601,5.0
17554,0.0,-1155.435791,-823.055054,-105.109589,0.2937176113,0.9551622496,0.0373502575,0.034230701,173.8673879584,670.2610134712,5.0
17555,0.0,-1155.962646,-820.267517,-105.184471,0.3158871404,0.9479961734,0.0389688304,0.0300741249,162.2408168359,666.5591318799,5.0
17556,0.0,-1156.59375,-816.874756,-105.22863,0.3425694629,0.9385979006,0.0409895611,0.0254364746,148.3742223933,662.0555652794,5.0
17557,0.0,-1157.360962,-813.341553,-105.211205,0.3722377444,0.9271352903,0.0431186179,0.0205725615,132.7103813436,657.6440869522,5.0
17558,0.0,-1157.941284,-810.626831,-105.199753,0.3977781262,0.9163896607,0.0447498838,0.0167169726,119.0842447283,654.0081243224,5.0
17559,0.0,-1158.62085,-807.793945,-105.159576,0.4164777165,0.9079941407,0.0457487936,0.0144820291,110.2950676061,650.4358523802,5.0
17560,0.0,-1159.525146,-804.07074,-105.160217,0.4401045249,0.896678033,0.0477128111,0.0119653077,99.6119489807,645.8587118838,5.0
17561,0.0,-1160.085815,-801.155273,-104.819176,0.4619014322,0.8855494592,0.049489618,0.0097009988,89.2266467735,642.1362464042,5.0
17562,0.0,-1160.905396,-797.554443,-104.616165,0.4838357298,0.8736862147,0.0507482491,0.0077221164,79.1333318165,637.9935991086,5.0
17563,0.0,-1161.683594,-794.33374,-104.469185,0.5123234515,0.8571177992,0.053607456,0.0053454306,65.4621129302,633.9643326603,5.0
17564,0.0,-1162.277222,-791.619995,-104.24408,0.5315153936,0.8451886066,0.0561035264,0.0041428314,57.3455592328,630.647143109,5.0
17565,0.0,-1163.00061,-788.591614,-104.172531,0.5579839326,0.8277626943,0.0588460107,0.0027064967,46.1056041545,627.0887620503,5.0
17566,0.0,-1163.788574,-785.064148,-104.065956,0.5864639992,0.8076626612,0.0611637425,0.0017533495,36.8713621094,622.9172861078,5.0
17567,0.0,-1164.344604,-782.285522,-104.24073,0.6071388624,0.7921693275,0.0620496437,0.0014149111,32.9704143157,620.0097315102,5.0
17568,0.0,-1165.060181,-778.485474,-104.475945,0.6356126603,0.7693472528,0.064041788,0.0015535578,34.2910837285,615.4194876747,5.0
17569,0.0,-1165.563965,-775.452271,-104.679375,0.6642712054,0.7446589898,0.0650134952,0.0024728403,43.0030146805,611.8634679782,5.0
17570,0.0,-1165.946533,-772.309204,-105.136337,0.6912745636,0.7195034793,0.0667399513,0.0042152428,55.7713873267,608.0556065552,5.0
17571,0.0,-1166.318848,-768.813599,-105.554298,0.7175657593,0.6930759559,0.0688846896,0.0067417794,70.023100193,604.049160926,5.0
17572,0.0,-1166.64502,-765.948425,-105.632645,0.7388852118,0.6701198882,0.070625628,0.0082444877,81.0995436445,632.8759032348,4.0
17573,0.0,-1166.596191,-763.1922,-106.09655,0.7699239409,0.6338284973,0.0740173035,0.0049762833,62.8544036629,630.8253378506,4.0
17574,0.0,-1166.624268,-759.602722,-106.719391,0.7996299419,0.5954511708,0.0776521688,0.0033065793,51.0522534459,628.3038979113,4.0
17575,0.0,-1166.827759,-756.769836,-107.184471,0.8210222414,0.5652116476,0.0803633778,0.0029609076,48.176065082,626.5065453832,4.0
17576,0.0,-1167.172729,-754.272278,-107.650467,0.8382400987,0.5389656468,0.0828828595,0.0032659218,50.481404822,625.1272455881,4.0
17577,0.0,-1167.848022,-751.350281,-107.896744,0.8631501225,0.497689629,0.0853047429,0.0047702601,60.8548791049,623.7749360385,4.0
17578,0.0,-1168.640259,-748.828796,-107.780373,0.8787426936,0.4690837931,0.0881570958,0.0065025593,70.9173571045,622.8773514465,4.0
17579,0.0,-1169.398071,-746.612122,-107.392776,0.8918842918,0.4432337978,0.0899233589,0.0084336243,80.635633162,622.1892217014,4.0
17580,0.0,-1170.295044,-743.96521,-107.172691,0.9019267091,0.4222119476,0.0909136001,0.0650365565,204.9233365818,577.6652820191,5.0
17581,0.0,-1171.358154,-741.049011,-106.760117,0.9095968905,0.4052027325,0.091892559,0.0683868432,209.0884076142,575.2857273426,5.0
17582,0.0,-1172.405029,-738.056702,-106.541862,0.9153632563,0.3917782569,0.0928434507,0.0114360901,93.4911733081,619.9576860909,4.0
17583,0.0,-1173.344604,-735.335083,-106.110382,0.9215360118,0.3766379144,0.0944206567,0.012387531,97.1679580489,619.2483276327,4.0
17584,0.0,-1173.130371,-731.126648,-106.138885,0.9327861253,0.3469417106,0.0976805708,0.0151367167,106.9085591605,616.781495248,4.0
17585,0.0,-1172.755859,-728.089172,-106.290794,0.9408420179,0.32392657,0.0994377925,0.0175993555,114.9097278287,615.1948615876,4.0
17586,0.0,-1172.618042,-725.050049,-105.761703,0.9457662732,0.3089430202,0.1004010295,0.0185361352,117.6470341235,613.8726861668,4.0
17587,0.0,-1172.497559,-721.333679,-105.484612,0.950969082,0.2921611919,0.1014871566,0.0195696845,120.4241529726,611.7048245345,4.0
17588,0.0,-1172.4375,-718.141541,-105.227737,0.9524118783,0.2870957309,0.1024092539,0.0189510964,118.0454020382,609.2342447569,4.0
17589,0.0,-1172.510254,-712.348328,-104.807709,0.9536485616,0.2829276842,0.102500471,0.0159352227,107.1624837139,602.678610186,4.0
17590,0.0,-1172.4955445,-710.4543765,-104.8331185,0.9543605296,0.2805053563,0.1025004884,0.0152341462,104.4642631821,600.8848626,4.0
17591,0.0,-1172.616699,-705.489441,-105.030022,0.9578608411,0.2683211731,0.102500523,0.0143538201,100.8479757715,597.3550006226,4.0
17592,0.0,-1172.72229,-703.927246,-105.131279,0.9593044848,0.2629029564,0.10288514,0.0142563846,100.42861003,596.8876341644,4.0
17593,0.0,-1172.827881,-702.365051,-105.232536,0.9607481284,0.2574847396,0.103269757,0.0141589491,100.0092442885,596.4202677063,4.0
17594,0.0,-1173.161865,-698.680115,-105.556374,0.9638778062,0.2458083906,0.1025563744,0.0134388094,97.3334709691,595.7044448164,4.0
17595,0.0,-1173.881348,-692.333862,-105.96196,0.9660671203,0.2370821988,0.1025004883,0.0107896945,87.1393042364,594.7975403277,4.0
17596,0.0,-1174.248047,-689.132263,-106.089218,0.9663143103,0.2360726659,0.1025004883,0.0091568531,80.2632338585,594.4632446187,4.0
17597,0.0,-1174.647705,-685.9953,-106.185883,0.9673272783,0.2318870125,0.1025004883,0.0080572646,75.2753462848,594.1834149891,4.0
17598,0.0,-1174.997925,-683.077515,-106.223473,0.9689513111,0.2253533248,0.101731193,0.0074112049,72.1783104076,593.9548861685,4.0
17599,0.0,-1175.328735,-680.26886,-106.197266,0.9711851618,0.2162779985,0.1001159773,0.0071039318,70.6533177564,593.8008871821,4.0
17600,0.0,-1175.868164,-676.620239,-106.179344,0.9733615412,0.2069124403,0.0987651367,0.0065265466,67.7095492073,593.6124112587,4.0
17601,0.0,-1176.173828,-673.821594,-105.850021,0.975374487,0.1976796514,0.0978129106,0.0063351439,66.7522102243,593.9656507726,4.0
17602,0.0,-1176.610962,-670.834595,-105.682404,0.9764676104,0.1926823991,0.0968736234,0.005644672,63.0370665703,594.1216405004,4.0
17603,0.0,-1177.588867,-668.151733,-105.176811,0.9773402929,0.1887129532,0.0958820793,0.0048831316,58.7264360039,594.9771120813,4.0
17604,0.0,-1178.647705,-665.542419,-104.954811,0.9796834032,0.1766431118,0.0949612584,0.0049766325,59.3735976275,595.8700893859,4.0
17605,0.0,-1180.212891,-663.086487,-104.613098,0.9831204951,0.1574782569,0.0931380196,0.0057944122,64.2148571742,597.3733777111,4.0
17606,0.0,-1181.807007,-660.587769,-104.443222,0.9877529995,0.1265700337,0.0912361695,0.0081387553,76.1453238897,598.0461530205,4.0
17607,0.0,-1183.326782,-658.055847,-104.409027,0.9901988885,0.1072828037,0.089423494,0.0093471455,81.7764507337,599.5024878133,4.0
17608,0.0,-1184.943848,-656.048279,-104.397957,0.9915735743,0.094584611,0.0885189136,0.0099525385,84.603707371,601.1609255083,4.0
17609,0.0,-1187.011963,-652.997131,-104.438965,0.9922329346,0.0877337071,0.088185034,0.0091603508,81.4807672445,603.3661148191,4.0
17610,0.0,-1188.953979,-649.979736,-104.386147,0.9923446478,0.0864609376,0.0881850687,0.0076592755,74.8056612797,605.5622792968,4.0
17611,0.0,-1190.377319,-647.916321,-104.426147,0.9925203728,0.0821166708,0.090333615,0.0070560579,72.0001989983,607.1627050677,4.0
17612,0.0,-1192.380127,-645.116089,-104.546219,0.9924624348,0.0659444226,0.1032939915,0.0075546219,74.7775765985,609.4973291677,4.0
17613,0.0,-1194.088379,-642.579285,-104.455421,0.9899517775,0.0202210338,0.1399520915,0.0134075951,99.7881799974,611.4335607526,4.0
17614,0.0,-1195.859009,-640.520142,-104.81662,0.9831185898,-0.0260607491,0.1811040467,0.0224813703,129.2153935232,612.8336071813,4.0
17615,0.0,-1197.560547,-638.572266,-104.898148,0.9753828122,-0.0567496184,0.2130911786,0.0304509955,150.610524264,614.9944223117,4.0
17616,0.0,-1199.527588,-636.492004,-105.018219,0.9668444437,-0.0771745516,0.2434253688,0.0373294348,167.168095597,617.5953014978,4.0
17617,0.0,-1201.773193,-634.45874,-105.067062,0.9655389361,-0.0793248478,0.2478752336,0.0367174642,166.6211609815,620.5866297069,4.0
17618,0.0,-1203.783447,-632.80719,-105.089867,0.9661498131,-0.079375035,0.2454671921,0.034995685,163.4215824246,623.1899021749,4.0
17619,0.0,-1205.765503,-631.260437,-105.138016,0.9691238351,-0.0796193688,0.2333661252,0.0319517302,156.9318956506,625.815272674,4.0
17620,0.0,-1206.456665,-630.875305,-105.138016,0.9699441307,-0.0798404737,0.2298562205,,,,
17621,0.0,-1210.696777,-627.798645,-105.188599,0.9712240731,-0.0842615019,0.2227639988,,,,
17622,0.0,-1213.696655,-626.177673,-105.191643,0.9708650432,-0.0862674536,0.2235598226,,,,
17623,0.0,-1216.306152,-624.629395,-105.168472,0.9663135405,-0.0995894287,0.2373185352,,,,
17624,0.0,-1218.501099,-622.858093,-104.995316,0.961980096,-0.1161149694,0.2472076229,,,,
17625,0.0,-1220.47583,-620.610474,-104.863174,0.9570515035,-0.1410747616,0.2532791567,,,,
17626,0.0,-1221.86377,-618.706787,-104.811523,0.9560705863,-0.1484958306,0.2527410182,,,,
17627,0.0,-1223.786377,-616.216553,-104.667496,0.9574084066,-0.1504720303,0.2464291198,,,,
17628,0.0,-1225.468872,-613.948914,-104.521324,0.9600630072,-0.1490146151,0.2367987893,,,,
17629,0.0,-1226.547363,-612.516479,-104.373512,0.9622703793,-0.1466003933,0.2292248715,,,,
17630,0.0,-1227.602905,-609.213562,-104.302238,0.9636456053,-0.144832282,0.2245234007,,,,
17631,0.0,-1226.737976,-608.444824,-104.5707245,0.9637048409,-0.1444370669,0.2245233922,,,,
17632,0.0,-1225.17395,-607.014404,-104.99588,0.963784017,-0.1439083427,0.2245234007,,,,
17633,0.0,-1222.789429,-605.490906,-105.587929,0.963784017,-0.1439083427,0.2245234007,,,,
17634,0.0,-1221.981079,-604.788452,-106.212624,0.963784017,-0.1439083427,0.2245234007,,,,
17635,0.0,-1221.1950075,-603.7798155,-105.7692225,0.963784017,-0.1439083427,0.2245234007,,,,
17636,0.0,-1220.408936,-602.771179,-105.325821,0.963784017,-0.1439083427,0.2245234007,,,,
17637,0.0,-1218.264038,-600.185181,-104.352173,0.9624120651,-0.1476646497,0.2279433442,,,,
17638,0.0,-1217.444763,-599.596863,-104.265953,0.9610300852,-0.1491973342,0.2326687398,,,,
17639,0.0,-1215.472778,-598.530212,-104.224358,0.9581565471,-0.1525532882,0.2422055441,,,,
17640,0.0,-1213.778198,-598.032532,-104.388809,0.9551639062,-0.1572383896,0.2508744727,,,,
17641,0.0,-1211.311157,-597.604614,-104.549194,0.951352758,-0.163839652,0.260930064,,,,
17642,0.0,-1210.744629,-597.599731,-104.580948,0.9508084399,-0.1647658758,0.2623271178,,,,
17643,0.0,-1207.523071,-597.334412,-104.492027,0.949298151,-0.1678787546,0.2658001962,,,,
17644,0.0,-1205.230103,-597.241577,-104.436478,0.9488525839,-0.1693837967,0.2664355521,,,,
17645,0.0,-1202.625488,-597.445557,-104.300911,0.9483094452,-0.1702946082,0.2677852546,,,,
17646,0.0,-1199.474487,-597.665039,-104.092529,0.9477222082,-0.1713564488,0.2691831784,,,,
17647,0.0,-1197.385498,-597.868896,-103.920746,0.9468412784,-0.172711616,0.2714079792,,,,
17648,0.0,-1194.230713,-598.328613,-103.622726,0.9451876928,-0.1737108617,0.2764864587,,,,
17649,0.0,-1193.406128,-598.401367,-103.622726,0.944937325,-0.1736848811,0.2773571954,,,,
17650,0.0,-1189.01062,-599.365967,-103.144653,0.9435370091,-0.1742387535,0.2817423808,,,,
17651,0.0,-1186.628418,-599.687561,-103.089592,0.9434089577,-0.1743391351,0.2821088522,,,,
17652,0.0,-1182.93457,-600.489075,-102.824547,0.9431476998,-0.1742911618,0.2830106133,,,,
17653,0.0,-1181.853394,-600.635559,-102.824547,0.9431425572,-0.1742899051,0.2830285248,,,,
17654,0.0,-1178.066895,-601.731812,-102.637115,0.9431425572,-0.1742899051,0.2830285248,,,,
17655,0.0,-1173.811523,-602.473999,-102.766815,0.9423428572,-0.174142378,0.285769788,,,,
17656,0.0,-1171.254517,-602.908813,-102.787682,0.9405513139,-0.1738113227,0.2918096128,,,,
17657,0.0,-1167.880615,-603.562744,-102.855339,0.9377062351,-0.1742121116,0.3005946721,,,,
17658,0.0,-1165.313965,-604.015381,-102.956528,0.9330661459,-0.1767800207,0.3132672847,,,,
17659,0.0,-1162.305908,-604.581299,-103.093552,0.9294372626,-0.179881429,0.3221630743,,,,
17660,0.0,-1158.21814,-605.182617,-103.426254,0.9253437453,-0.1846670909,0.3311148119,,,,
17661,0.0,-1155.74585,-605.517151,-103.553009,0.9238886711,-0.1865993276,0.3340814487,,,,
17662,0.0,-1151.810303,-606.001343,-103.953461,0.9227491734,-0.1888849311,0.3359411344,,,,
17663,0.0,-1148.892456,-606.394165,-104.128487,0.9225597845,-0.1897266531,0.3359869658,,,,
17664,0.0,-1145.55542,-606.888367,-104.463348,0.9222090122,-0.1914244178,0.3359869494,,,,
17665,0.0,-1142.606445,-607.358032,-104.697067,0.9211225858,-0.1928688439,0.3381342796,,,,
17666,0.0,-1139.527588,-607.870911,-104.90963,0.919968787,-0.1950435442,0.3400227151,,,,
17667,0.0,-1136.032837,-608.507202,-105.04641,0.9179600153,-0.1998018461,0.3426786142,,,,
17668,0.0,-1132.22998,-609.171997,-105.142204,0.9173635832,-0.2016360132,0.3432010698,,,,
17669,0.0,-1129.797241,-609.600098,-105.140396,0.9173579064,-0.2016618389,0.3432010698,,,,
17670,0.0,-1126.56311,-610.131836,-105.146309,0.9176525688,-0.2017265639,0.3423742928,,,,
17671,0.0,-1124.688232,-610.449219,-105.139473,0.9176788475,-0.2017323911,0.3423004166,,,,
17672,0.0,-1123.230957,-610.645691,-105.132965,0.9176237018,-0.2019831407,0.3423003838,,,,
17673,0.0,-1121.177979,-610.948547,-105.052155,0.9161559629,-0.2097614391,0.3415529099,,,,
17674,0.0,-1119.744751,-611.267944,-105.035789,0.9131748377,-0.2218949682,0.3418688914,,,,
17675,0.0,-1118.088501,-611.60376,-105.020515,0.9101381259,-0.232880292,0.3426592498,,,,
17676,0.0,-1115.787598,-611.860962,-104.899544,0.909383918,-0.2351504145,0.3431110203,,,,
17677,0.0,-1114.667236,-612.044006,-104.855865,0.9085138172,-0.23906848,0.3427081934,,,,
17678,0.0,-1113.671021,-612.263672,-104.840759,0.9062727142,-0.2479263061,0.3423482355,,,,
17679,0.0,-1112.598633,-612.423035,-104.829987,0.9041547058,-0.2570219149,0.3412389241,,,,
17680,0.0,-1112.1098635,-612.45163,-104.821316,0.9039578666,-0.2577848453,0.3411840049,,,,
17681,0.0,-1110.853516,-612.53064,-104.833305,0.9038847293,-0.2589379192,0.3405048461,,,,
17682,0.0,-1110.009155,-612.613342,-104.981178,0.9041631896,-0.2594568822,0.3393686091,,,,
17683,0.0,-1109.392944,-612.713379,-105.203934,0.9046703512,-0.2600935071,0.3375247003,,,,
17684,0.0,-1109.369507,-612.881592,-105.392906,0.9046608905,-0.2612506617,0.3366552612,,,,
17685,0.0,-1109.485962,-613.29126,-105.572502,0.9046707946,-0.2638528286,0.3345929442,,,,
17686,0.0,-1109.572388,-613.507019,-105.679825,0.9046406862,-0.2677785938,0.3315416318,,,,
17687,0.0,-1109.644897,-613.598572,-105.714035,0.9044155049,-0.2706094768,0.3298531576,,,,
17688,0.0,-1109.641846,-613.66272,-105.74369,0.9040144886,-0.2728284536,0.3291237447,,,,
17689,0.0,-1109.648682,-613.726257,-105.764084,0.9040203092,-0.2732853925,0.3287284212,,,,
17690,0.0,-1109.524536,-613.405945,-105.547043,0.904241354,-0.2726324173,0.3286626519,,,,
17691,0.0,-1109.47522,-613.242676,-105.468231,0.9045227306,-0.2718792386,0.3285122668,,,,
17692,0.0,-1109.547729,-613.433594,-105.433014,0.9043680005,-0.2724306373,0.3284814569,,,,
17693,0.0,-1109.445312,-613.13855,-105.41227,0.9042291473,-0.2728911534,0.3284814569,,,,
17694,0.0,-1110.267456,-613.540283,-105.191391,0.9042072896,-0.2729634895,0.3284815228,,,,
17695,0.0,-1110.615967,-613.359253,-105.034424,0.9042586051,-0.2729791013,0.3283272535,,,,
17696,0.0,-1110.912964,-612.908203,-105.046677,0.9044516444,-0.2724654246,0.3282222043,,,,
17697,0.0,-1111.262085,-612.444763,-104.936752,0.904869525,-0.271606803,0.3277817677,,,,
17698,0.0,-1111.686523,-612.166748,-104.719513,0.9055606436,-0.2706337462,0.3266761336,,,,
17699,0.0,-1112.126465,-612.023071,-104.583595,0.9062336443,-0.2699487806,0.3253739967,,,,
17700,0.0,-1112.789307,-612.027771,-104.344696,0.9078769512,-0.2687164342,0.321793287,,,,
17701,0.0,-1113.643066,-612.075928,-104.320129,0.9091534287,-0.2679295625,0.3188319189,,,,
17702,0.0,-1114.288452,-612.077942,-104.325638,0.9099226168,-0.2674395375,0.3170440431,,,,
17703,0.0,-1114.987183,-611.858887,-104.312943,0.9104559268,-0.2667751558,0.3160712286,,,,
17704,0.0,-1116.115356,-611.824341,-104.370773,0.9105885739,-0.2666229614,0.3158174243,,,,
17705,0.0,-1116.838135,-611.734985,-104.648743,0.9106464962,-0.266475562,0.315774815,,,,
17706,0.0,-1117.595703,-611.458618,-104.675156,0.9106532689,-0.2664524554,0.3157747819,,,,
17707,0.0,-1118.646973,-611.057983,-104.686378,0.9106086128,-0.266605068,0.3157747488,,,,
17708,0.0,-1119.774292,-610.750793,-104.708374,0.910602162,-0.2666270609,0.3157747819,,,,
17709,0.0,-1120.775269,-610.356812,-104.688263,0.9107578906,-0.266275466,0.3156223074,,,,
17710,0.0,-1122.620239,-609.999084,-104.797791,0.913468575,-0.2595268422,0.3134022666,,,,
17711,0.0,-1122.999512,-609.867432,-104.797791,0.9150757585,-0.2554333666,0.3120739519,,,,
17712,0.0,-1125.139648,-608.934265,-104.875626,0.9232483872,-0.2341166172,0.3046339197,,,,
17713,0.0,-1126.913818,-608.465942,-104.933899,0.9302487298,-0.2182792554,0.2949431595,,,,
17714,0.0,-1128.764771,-607.941833,-104.94767,0.9353565497,-0.2071241094,0.2867189011,,,,
17715,0.0,-1130.438477,-607.283508,-105.121834,0.9429942855,-0.1912133164,0.2723953839,,,,
17716,0.0,-1132.3573,-606.545105,-104.989189,0.9499618671,-0.1745821278,0.2590241914,0.1409972603,233.7191415587,456.5085655064,5.0
17717,0.0,-1134.407593,-605.654724,-104.73008,0.9588599886,-0.1492881253,0.2414551261,0.1236170626,221.849932705,460.6375672108,5.0
17718,0.0,-1136.477539,-604.832275,-104.46376,0.9681873828,-0.1172223909,0.2210703573,0.1046213914,206.7151100637,464.2094634087,5.0
17719,0.0,-1140.730225,-603.378479,-103.816544,0.9802767495,-0.0584091837,0.1888011165,0.0765124087,181.0779478596,472.0140569834,5.0
17720,0.0,-1143.253296,-602.584778,-103.626335,0.9847889424,-0.0222878336,0.1723194458,0.0616774086,164.6566320898,476.2150759893,5.0
17721,0.0,-1145.925293,-601.904663,-103.636307,0.9864590922,-0.0048533794,0.1639356706,0.0550917551,157.1887047209,480.2069844864,5.0
17722,0.0,-1148.669678,-601.268982,-103.797195,0.9876852453,0.0089414193,0.1561982943,0.0497536195,150.8158535665,484.1611256575,5.0
17723,0.0,-1151.402954,-600.724854,-103.981827,0.988159112,0.0128867226,0.1528904895,0.0479052493,149.2620684044,488.0984813572,5.0
17724,0.0,-1154.198486,-600.24707,-104.179008,0.9883323629,0.0132665222,0.1517337795,0.0470361471,149.1494897971,492.106157743,5.0
17725,0.0,-1156.989136,-599.8396,-104.37487,0.9883582038,0.0132668691,0.1515653365,0.0463823059,149.5350368769,496.7604410383,5.0
17726,0.0,-1160.037842,-599.497864,-104.537758,0.9883582038,0.0132668691,0.1515653365,0.0457334233,149.9887829109,501.7068416199,5.0
17727,0.0,-1163.202881,-599.114014,-104.568077,0.9883582038,0.0132668691,0.1515653365,0.0448870039,150.1166843025,506.7371250396,5.0
17728,0.0,-1167.146729,-599.030334,-104.63739,0.9883582038,0.0132668691,0.1515653365,0.0442532556,151.0137561463,513.319294318,5.0
17729,0.0,-1169.845947,-598.871033,-104.544991,0.9883582038,0.0132668691,0.1515653365,0.0437491588,151.4920445253,517.8365524672,5.0
17730,0.0,-1173.793823,-598.813293,-104.193977,0.9883582038,0.0132668691,0.1515653365,0.043233419,152.4405295747,524.1084318248,5.0
17731,0.0,-1176.78125,-598.685486,-103.966064,0.9883582038,0.0132668691,0.1515653365,0.0427263247,153.0835880907,529.3648337948,5.0
17732,0.0,-1180.306274,-598.591614,-103.60421,0.9883582038,0.0132668691,0.1515653365,0.0422786012,153.9835044353,535.2275379336,5.0
17733,0.0,-1183.940918,-598.440125,-103.362389,0.9883582038,0.0132668691,0.1515653365,0.0417712613,154.7669344038,541.1375559193,5.0
17734,0.0,-1186.68689,-598.331299,-103.381241,0.9883582038,0.0132668691,0.1515653365,0.0413472121,155.1899523779,545.3329713797,5.0
17735,0.0,-1190.744141,-598.201721,-103.515038,0.9883582038,0.0132668691,0.1515653365,0.0407161471,155.8417546367,551.762031679,5.0
17736,0.0,-1194.467407,-598.28125,-103.64933,0.9883582038,0.0132668691,0.1515653365,0.0402055255,156.5740067095,557.791034255,5.0
17737,0.0,-1197.765747,-598.561646,-103.835556,0.9883582038,0.0132668691,0.1515653365,0.0398570563,157.3902932412,563.0947301287,5.0
17738,0.0,-1201.006104,-599.033691,-104.081604,0.9883582038,0.0132668691,0.1515653365,0.0395661306,158.4718729667,569.0026669937,5.0
17739,0.0,-1203.876953,-599.813416,-104.341423,0.9883582038,0.0132668691,0.1515653365,0.0394021683,159.6632734204,574.4479830099,5.0
17740,0.0,-1206.394409,-600.787415,-104.601631,0.9883582038,0.0132668691,0.1515653365,0.0394001151,161.0360021984,579.4016785067,5.0
17741,0.0,-1208.762085,-601.938293,-104.897583,0.9883582038,0.0132668691,0.1515653365,0.0394115803,162.4586888768,584.4371345824,5.0
17742,0.0,-1210.955566,-603.212402,-105.192451,0.9883582038,0.0132668691,0.1515653365,0.0395464065,163.9600951851,588.8522857861,5.0
17743,0.0,-1212.960571,-604.563416,-105.558411,0.9883582038,0.0132668691,0.1515653365,0.0396973874,165.6696468709,593.8823582841,5.0
17744,0.0,-1215.342529,-606.470215,-105.733208,0.9883582038,0.0132668691,0.1515653365,0.0400747474,168.0604179703,599.6671905212,5.0
17745,0.0,-1215.115479,-608.346497,-106.921638,0.9885247542,0.0194385574,0.1498030466,0.0386451397,165.9438648125,602.7478523167,5.0
17746,0.0,-1216.851685,-610.225525,-106.92881,0.989193256,0.0394640107,0.1412065655,0.0333283831,155.5959947809,607.750557764,5.0
17747,0.0,-1218.290283,-612.213684,-106.820229,0.9893218854,0.0603305901,0.1326741383,0.0283129036,144.6820628653,612.3553130192,5.0
17748,0.0,-1219.308472,-614.125183,-106.547859,0.989162509,0.0746463341,0.1264336016,0.0252527937,137.6417539513,616.3674964227,5.0
17749,0.0,-1220.148438,-616.17627,-106.271339,0.9874789375,0.1046506503,0.1180406261,0.0194721524,121.8701569788,620.5830560335,5.0
17750,0.0,-1220.908325,-618.401978,-105.887672,0.9843463455,0.1375782829,0.1101566529,0.0142459251,105.0842028763,624.7832445723,5.0
17751,0.0,-1221.325684,-620.621765,-105.531273,0.9794546954,0.1719418809,0.1053778405,0.0101468075,89.318027216,628.5848261061,5.0
17752,0.0,-1221.39856,-623.14209,-105.118492,0.9746428642,0.199526768,0.1012934163,0.0076993675,78.3157147559,632.3302456807,5.0
17753,0.0,-1221.010254,-625.338501,-104.878944,0.970486929,0.2197856836,0.099244012,0.006454016,72.0882658391,635.5305481523,5.0
17754,0.0,-1220.314697,-627.193115,-104.725128,0.9679145575,0.2312743315,0.0982526994,0.0059946737,69.7872364883,638.3076812681,5.0
17755,0.0,-1219.370483,-628.846924,-104.646172,0.9675861244,0.2326634674,0.0982079571,0.0061196184,70.7861434422,640.8206989525,5.0
17756,0.0,-1218.217529,-630.577209,-104.578644,0.9675713129,0.2327250558,0.0982079571,0.0063066985,72.118461384,643.1558777442,5.0
17757,0.0,-1216.916382,-632.304749,-104.553261,0.9675713129,0.2327250558,0.0982079571,0.0065024863,73.5004211648,645.5683895071,5.0
17758,0.0,-1215.473267,-634.053467,-104.570465,0.9675713129,0.2327250558,0.0982079571,0.006676976,74.7841928296,648.2328883137,5.0
17759,0.0,-1213.947876,-635.755127,-104.665642,0.967333525,0.2337114569,0.0982079745,0.0067726834,75.5947404729,650.6280425679,5.0
17760,0.0,-1212.318726,-637.451477,-104.766937,0.9668885965,0.2355454077,0.0982079571,0.00683631,76.1991334797,652.781255784,5.0
17761,0.0,-1210.692139,-639.019653,-104.932144,0.9666640949,0.2364650603,0.0982079571,0.0069348392,77.077854364,655.6177005194,5.0
17762,0.0,-1207.109985,-642.228455,-105.415703,0.9649388106,0.2434097142,0.0982079571,0.0066016661,75.8629743664,661.3114504904,5.0
17763,0.0,-1206.066345,-643.102631,-105.578667,0.9641470814,0.2463250258,0.0986663628,0.0064999525,75.4112887286,662.5103356738,5.0
17764,0.0,-1203.523071,-645.24231,-105.988129,0.9621989087,0.2533866909,0.0998421005,0.0062715883,74.393799804,665.2960932293,5.0
17765,0.0,-1201.168945,-647.194824,-106.33902,0.9601644801,0.2605645742,0.1009468864,0.0060747954,73.4667618033,667.5297696264,5.0
17766,0.0,-1198.906006,-649.030334,-106.653893,0.9589568736,0.2649275406,0.101069841,0.0059792396,73.0982033309,669.4511393853,5.0
17767,0.0,-1196.782104,-650.73407,-106.802063,0.9581854063,0.2677043412,0.101069841,0.0059779955,73.2815131092,671.1995622911,5.0
17768,0.0,-1195.031494,-652.120361,-106.836754,0.957955459,0.2685260178,0.1010698584,0.0060784498,74.0469586874,672.599861052,5.0
17769,0.0,-1192.439941,-654.456238,-106.700691,0.9578935837,0.2687466576,0.1010698584,0.0063306812,75.8060719503,674.7644734751,5.0
17770,0.0,-1190.827637,-656.086243,-106.583916,0.9577056451,0.2694156288,0.1010698584,0.0065047781,77.007711793,676.2548239409,5.0
17771,0.0,-1188.530518,-658.615112,-106.419014,0.9571847475,0.2712604769,0.101069841,0.006718807,78.5382199542,678.6575518643,5.0
17772,0.0,-1186.434814,-661.117676,-106.199722,0.9562864784,0.2740766067,0.1019714904,0.0069537544,80.1744696875,681.0323400328,5.0
17773,0.0,-1185.102783,-662.831421,-106.069824,0.9553733928,0.2772234764,0.1020236467,0.0069805943,80.5157697754,682.6199660216,5.0
17774,0.0,-1183.149536,-665.525085,-105.83638,0.9533314081,0.2841661581,0.1020236293,0.0068934426,80.3174778307,685.2147779336,5.0
17775,0.0,-1180.989746,-668.755432,-105.691292,0.950194323,0.2941595924,0.1029605882,0.0067614214,79.9194388675,688.4204795034,5.0
17776,0.0,-1179.783813,-670.718567,-105.358322,0.948690513,0.298737696,0.1036441003,0.0067999065,80.3728919759,690.3712170225,5.0
17777,0.0,-1178.077148,-673.662354,-105.094368,0.9474062415,0.3026875832,0.103930941,0.006912902,81.3256847788,692.8422921585,5.0
17778,0.0,-1176.480347,-676.519287,-105.006157,0.9471883643,0.303368696,0.1039309236,0.007120169,82.9327893196,696.2104933374,5.0
17779,0.0,-1174.947998,-679.635071,-104.695366,0.9471883643,0.303368696,0.1039309236,0.0074310347,85.1248646393,699.560223557,5.0
17780,0.0,-1173.497437,-683.113586,-104.250755,0.9471883643,0.303368696,0.1039309236,0.0077766737,87.4534086182,702.6042838554,5.0
17781,0.0,-1172.131714,-686.229675,-104.081337,0.9471883643,0.303368696,0.1039309236,0.0080186095,89.2765638178,706.3912248461,5.0
17782,0.0,-1171.143555,-688.674988,-104.05246,0.9471883643,0.303368696,0.1039309236,0.0082721763,91.0256703806,709.1514565826,5.0
17783,0.0,-1169.696899,-692.345337,-104.021927,0.9471883643,0.303368696,0.1039309236,0.0086175611,93.3516376085,712.6108289248,5.0
17784,0.0,-1168.595093,-695.394104,-104.060608,0.9471883643,0.303368696,0.1039309236,0.0088780841,95.0842554729,715.154796214,5.0
17785,0.0,-1167.337036,-699.012329,-104.117577,0.9471883643,0.303368696,0.1039309236,0.009105424,96.8437079661,719.2786866115,5.0
17786,0.0,-1166.181763,-702.213806,-104.261803,0.9471883643,0.303368696,0.1039309236,0.0093713845,98.6989808419,722.6294702754,5.0
17787,0.0,-1164.861206,-705.251221,-104.221497,0.9471883643,0.303368696,0.1039309236,0.0097111777,100.8202207988,725.1930628064,5.0
17788,0.0,-1163.513306,-707.99762,-105.152931,0.9471883643,0.303368696,0.1039309236,0.0097788049,101.5220369207,727.7240997474,5.0
17789,0.0,-1161.755493,-711.077515,-106.273849,0.9471883643,0.303368696,0.1039309236,0.0097687803,101.9490417476,731.1579539752,5.0
17790,0.0,-1160.59314,-713.795288,-106.306717,0.9471883643,0.303368696,0.1039309236,0.0099636033,103.3403484191,733.8903851893,5.0
17791,0.0,-1159.450439,-716.286743,-106.372009,0.9471883643,0.303368696,0.1039309236,0.0100421399,104.1512324042,736.7655992065,5.0
17792,0.0,-1158.451294,-718.305664,-106.412689,0.9471883643,0.303368696,0.1039309236,0.0100228434,104.4759342674,739.7700512489,5.0
17793,0.0,-1157.855957,-719.357483,-106.407028,0.9471883643,0.303368696,0.1039309236,0.0099885587,104.5734455235,741.7238036445,5.0
17794,0.0,-1156.85437,-720.334106,-106.481392,0.9471883643,0.303368696,0.1039309236,0.0098929658,104.4112024091,744.1245382933,5.0
17795,0.0,-1156.1521,-720.99054,-106.392677,0.9471883643,0.303368696,0.1039309236,0.0097747149,104.1279823702,746.5592558303,5.0
17796,0.0,-1156.039185,-721.183533,-106.392677,0.9471883643,0.303368696,0.1039309236,0.0097129845,103.9148658602,747.3834538941,5.0
17797,0.0,-1153.806152,-720.563538,-105.769897,0.9471311269,0.3033503456,0.104504527,0.0089750718,100.3942241999,751.0198443916,5.0
17798,0.0,-1153.863464,-720.4366455,-105.5515285,0.9471120806,0.3033442545,0.1046944774,0.0088386238,99.8319434605,752.5647600053,5.0
17799,0.0,-1153.920776,-720.309753,-105.33316,0.9470930342,0.3033381634,0.1048844279,0.0087021757,99.269662721,754.109675619,5.0
17800,0.0,-1153.377563,-719.970276,-105.346443,0.9474919265,0.3010303925,0.1078876827,0.0088814302,100.8487362852,758.3687810411,5.0
17801,0.0,-1154.710083,-719.801086,-105.040321,0.9488127091,0.2950624312,0.112661461,0.0097145629,106.0629246105,762.7711921649,5.0
17802,0.0,-1156.393188,-719.597961,-104.899086,0.9527798829,0.2789611894,0.1199631177,0.0118027636,117.5304429953,767.2356707375,5.0
17803,0.0,-1156.651855,-718.928314,-104.8403585,0.9556585654,0.2663607492,0.1248122038,0.013599294,126.0858189001,768.749775229,5.0
17804,0.0,-1156.910522,-718.258667,-104.781631,0.9585372478,0.253760309,0.1296612899,0.0153958243,134.6411948049,770.2638797204,5.0
17805,0.0,-1157.207397,-716.759949,-104.702042,0.9655391093,0.2157047503,0.1456217327,0.0223040913,162.352783775,773.014632953,5.0
17806,0.0,-1158.140991,-713.917053,-104.580147,0.9754229387,0.1288840863,0.1787148088,0.0430366572,225.920395754,778.4752857946,5.0
17807,0.0,-1158.39917,-711.693787,-104.545906,0.9777648615,0.0704829057,0.1975045208,0.0604122224,267.5096324752,781.4879738701,5.0
17808,0.0,-1158.543701,-710.262756,-104.559616,0.9779485352,0.0408211034,0.2048177241,0.0698338511,287.5621288709,783.2517006961,5.0
17809,0.0,-1158.756348,-708.006592,-104.569153,0.9763368685,-0.0106338018,0.2159936144,0.0878592627,322.0465952432,785.714934065,5.0
17810,0.0,-1159.077148,-705.88739,-104.563583,0.9738755414,-0.043482427,0.22288048,0.0998979008,343.6975024987,788.8777849652,5.0
17811,0.0,-1159.198608,-703.445801,-104.497353,0.9703261409,-0.0741631128,0.2301456344,0.1119208746,364.0309041377,791.9041362169,5.0
17812,0.0,-1159.355957,-700.610046,-104.555595,0.9674240717,-0.0935991852,0.2352229963,0.119085352,376.115603494,794.7080901882,5.0
17813,0.0,-1159.453369,-698.541321,-104.622452,0.964876075,-0.1072619887,0.2398103951,0.1243130303,384.5891935862,796.4500974503,5.0
17814,0.0,-1159.471436,-695.841003,-104.818672,0.9611195403,-0.1276312246,0.2448662896,0.1319914579,395.9909681001,797.4857630759,5.0
17815,0.0,-1159.460449,-692.94519,-105.048058,0.9567178399,-0.1489803124,0.2499916825,0.1403504723,407.3652587914,797.3729472365,5.0
17816,0.0,-1159.450562,-690.847778,-105.194695,0.9531051389,-0.167205689,0.2522555289,0.148090703,418.1842891913,798.5350058893,5.0
17817,0.0,-1159.323242,-687.65686,-105.509415,0.9485128608,-0.1884135641,0.2546049525,,,,
17818,0.0,-1159.155884,-684.694458,-105.757698,0.9454265313,-0.2019784406,0.2556821923,,,,
17819,0.0,-1158.962036,-681.538147,-105.931793,0.9424992293,-0.2140151047,0.2566958079,,,,
17820,0.0,-1158.907227,-680.666077,-105.931793,0.9417313378,-0.2173414032,0.2567193056,,,,
17821,0.0,-1158.527954,-676.145508,-106.141449,0.9369774034,-0.2361770477,0.2574757224,,,,
17822,0.0,-1158.180664,-672.787109,-106.244827,0.9316805203,-0.2551923358,0.2585503429,,,,
17823,0.0,-1157.883789,-670.353271,-106.320808,0.9289234044,-0.2650316456,0.2585721089,,,,
17824,0.0,-1157.455933,-667.283447,-106.287216,0.9251836536,-0.2785890862,0.257727236,,,,
17825,0.0,-1157.009033,-664.241699,-106.237335,0.9216275621,-0.2902089953,0.2576458341,,,,
17826,0.0,-1156.648926,-661.999756,-106.117538,0.9196348918,-0.2964629948,0.2576458004,,,,
17827,0.0,-1156.114624,-658.945862,-105.91552,0.9171043704,-0.3048368736,0.2568930793,,,,
17828,0.0,-1155.49292,-655.4729,-105.796257,0.9139646367,-0.3157050893,0.2549488956,,,,
17829,0.0,-1155.148926,-653.147278,-105.413681,0.9120336404,-0.322456568,0.253409551,,,,
17830,0.0,-1154.51416,-649.667358,-105.201141,0.9105788485,-0.3275195382,0.2521450234,,,,
17831,0.0,-1153.986816,-646.960632,-105.120918,0.9101159548,-0.3299848132,0.2505972303,,,,
17832,0.0,-1153.440674,-644.113953,-105.050552,0.9092132493,-0.3337202497,0.2489217993,,,,
17833,0.0,-1152.601562,-640.300659,-104.95462,0.9077169285,-0.3400112901,0.2458501583,,,,
17834,0.0,-1151.998901,-636.94165,-104.927086,0.9058973604,-0.347536279,0.2420093123,,,,
17835,0.0,-1151.27771,-633.639648,-104.990479,0.9044581388,-0.3532666752,0.2390776682,,,,
17836,0.0,-1151.139282,-631.075684,-105.032799,0.9042741272,-0.3546396396,0.2377373108,,,,
17837,0.0,-1151.067993,-627.239014,-105.17498,0.9036603841,-0.3565521047,0.2372098372,,,,
17838,0.0,-1150.887451,-623.552368,-105.395668,0.9035186967,-0.3569109605,0.2372098881,,,,
17839,0.0,-1150.663818,-621.165894,-105.4403,0.9031692948,-0.3582480057,0.2365239763,,,,
17840,0.0,-1150.393799,-615.095947,-105.581207,0.8997360362,-0.3684540521,0.2339159609,,,,
17841,0.0,-1150.40918,-613.328369,-105.60503,0.8985897366,-0.3719144554,0.2328124072,,,,
17842,0.0,-1150.480103,-609.177185,-105.563957,0.8968649901,-0.377645126,0.2302549639,,,,
17843,0.0,-1150.5210575,-608.662445,-105.5569,0.896767047,-0.3780526102,0.229967017,,,,
17844,0.0,-1150.562012,-608.147705,-105.549843,0.8966691038,-0.3784600944,0.22967907,,,,
17845,0.0,-1150.878296,-602.758118,-105.420036,0.8956695889,-0.3822344802,0.2273164968,,,,
17846,0.0,-1151.582764,-596.422241,-105.163788,0.8909510123,-0.3975854397,0.2193903185,,,,
17847,0.0,-1151.851074,-592.747253,-104.840408,0.8875626145,-0.407238102,0.2153827608,,,,
17848,0.0,-1151.843506,-589.396423,-104.524467,0.8846866889,-0.4146015379,0.2131549372,,,,
17849,0.0,-1151.885132,-586.058777,-104.215141,0.8826955344,-0.4193818527,0.2120553115,,,,
17850,0.0,-1152.008545,-582.743408,-103.884567,0.8812269876,-0.4229170298,0.2111401959,,,,
17851,0.0,-1152.42627,-579.175842,-103.758919,0.8775525737,-0.4305801978,0.2109553831,,,,
17852,0.0,-1152.6427,-575.7005,-103.35096,0.8709511212,-0.4437814693,0.2109553319,,,,
17853,0.0,-1153.042603,-572.218079,-103.293129,0.8626699663,-0.4588888368,0.212653626,,,,
17854,0.0,-1153.461182,-568.734985,-103.31514,0.853624419,-0.4738308593,0.2163554206,0.1468485955,685.2764116957,1313.637183076,1.0
17855,0.0,-1153.841553,-565.322632,-103.471634,0.8457635616,-0.4860130863,0.2201710197,0.1422190205,675.8877427462,1314.9174017624,1.0
17856,0.0,-1154.258057,-561.93689,-103.620117,0.839987,-0.4937832525,0.224944303,0.1401572456,672.0076526433,1316.2195226117,1.0
17857,0.0,-1154.661377,-559.359985,-103.793213,0.8365954623,-0.4978562814,0.2285763669,0.1395704302,671.2290193867,1317.2475480328,1.0
17858,0.0,-1155.185791,-555.328186,-104.193657,0.8331198591,-0.5018839935,0.2324301131,0.1396493933,672.2019681011,1318.8118868263,1.0
17859,0.0,-1155.432251,-554.224121,-104.193657,0.8328077096,-0.5022145832,0.2328343428,0.1398827227,673.0514368183,1319.4594683068,1.0
17860,0.0,-1155.199707,-550.647095,-104.740616,0.8323396932,-0.5026892557,0.2334826491,0.1413941891,676.9150111521,1320.4583857152,1.0
17861,0.0,-1156.213379,-546.808289,-105.067986,0.8323396932,-0.5026892557,0.2334826491,0.1431222198,681.3438915495,1321.6643487421,1.0
17862,0.0,-1156.930908,-542.906555,-105.333855,0.8323396932,-0.5026892557,0.2334826491,0.1445933704,685.2999729343,1323.0826428125,1.0
17863,0.0,-1157.449829,-540.730713,-105.471214,0.8312817722,-0.5044367827,0.2334826491,0.1445995709,685.6464594168,1323.7254210807,1.0
17864,0.0,-1158.543701,-537.887817,-105.832382,0.8276972813,-0.5107192647,0.2325576126,0.1420720324,680.3672378063,1324.2642647694,1.0
17865,0.0,-1159.297852,-535.794983,-105.898979,0.8187847332,-0.5256987493,0.230721446,0.134529252,663.6808222181,1324.8194119524,1.0
17866,0.0,-1160.045898,-534.046326,-105.989304,0.8047080574,-0.5470186359,0.2306849677,0.124211859,639.3679963325,1324.5777942406,1.0
17867,0.0,-1160.831299,-532.479553,-106.036316,0.7804245962,-0.5807796469,0.2315868117,0.1079055593,598.4084833054,1324.3550341909,1.0
17868,0.0,-1161.554932,-531.161438,-106.071785,0.7612935377,-0.6053028003,0.232466491,0.0968615027,568.447334052,1323.9739361133,1.0
17869,0.0,-1162.275635,-529.793945,-106.034676,0.7439620507,-0.6264509835,0.2325502795,0.0878397991,542.3922152265,1323.4442256926,1.0
17870,0.0,-1162.817993,-528.483948,-105.884308,0.7367204897,-0.6349513995,0.2325502964,0.0847445417,532.9321040057,1322.8258135556,1.0
17871,0.0,-1163.468018,-527.302551,-105.735825,0.7355494249,-0.6363076325,0.2325502964,0.0848424655,532.8753044794,1321.9550912361,1.0
17872,0.0,-1164.03772,-526.303101,-105.628082,0.7347817747,-0.6368642259,0.233451711,0.0853249998,533.9072746045,1320.9310744531,1.0
17873,0.0,-1164.591064,-525.415649,-105.515076,0.7347559312,-0.6368827005,0.2334826491,0.0858432228,534.9652617129,1319.7261496036,1.0
17874,0.0,-1165.117798,-524.584229,-105.425377,0.7340245238,-0.6374049035,0.2343565391,0.0862236048,535.5357984522,1318.3472642347,1.0
17875,0.0,-1165.62207,-523.885986,-105.340233,0.7299327646,-0.640532203,0.2385721192,0.0859062537,533.9843022688,1316.8445111102,1.0
17876,0.0,-1166.111084,-523.270264,-105.251434,0.726416739,-0.6434546821,0.2414224378,0.0854264422,531.8946633525,1315.2049812238,1.0
17877,0.0,-1166.251343,-522.710999,-105.257492,0.722789723,-0.6462324812,0.2448644451,0.0851411759,530.2520759114,1313.2402200692,1.0
17878,0.0,-1166.250122,-522.042603,-105.273972,0.7136301998,-0.6539809468,0.2510793881,0.0832534983,523.5679032107,1310.6581404812,1.0
17879,0.0,-1166.130981,-521.470459,-105.22657,0.7015593578,-0.6642357779,0.2580800239,0.0804717869,514.2694671805,1308.4937965498,1.0
17880,0.0,-1165.888306,-520.84259,-105.11969,0.687393527,-0.6761605673,0.2651358638,0.0772184214,503.3299928173,1306.2532213902,1.0
17881,0.0,-1163.26001,-520.965881,-105.632729,0.6641668613,-0.6956893889,0.2736761856,0.0719288995,483.9125113729,1299.4321878148,1.0
17882,0.0,-1162.399475,-520.8022155,-105.7263835,0.6619408218,-0.6975192476,0.2743946571,0.0715970267,482.1240393125,1297.5144972699,1.0
17883,0.0,-1160.282715,-520.463928,-105.813469,0.6588822666,-0.7000981381,0.2752031175,0.0713299424,479.3599036661,1292.3995512628,1.0
17884,0.0,-1158.911011,-520.323792,-106.046288,0.6586310944,-0.7000673941,0.2758817233,0.0717577417,479.5209019196,1289.1170816326,1.0
17885,0.0,-1156.882324,-520.121399,-106.367409,0.6568377927,-0.7006446424,0.27867759,0.0724909639,480.2059940205,1284.6577109584,1.0
17886,0.0,-1155.194092,-520.112915,-106.692123,0.6531027817,-0.7017147704,0.2846983272,0.073595383,482.2461045765,1280.7656991786,1.0
17887,0.0,-1153.435425,-520.103455,-107.033928,0.6473055177,-0.7039589674,0.2922966626,0.0746136278,483.9902058964,1276.9342864853,1.0
17888,0.0,-1152.2194825,-520.036774,-107.141365,0.6435216053,-0.7052247613,0.2974813908,0.0754723318,485.7503265038,1274.5858745941,1.0
17889,0.0,-1148.983154,-519.987793,-107.358101,0.6343643214,-0.708315409,0.3096307303,0.0775475125,489.6610716323,1268.1885719618,1.0
17890,0.0,-1146.550415,-519.979919,-107.563057,0.6300005869,-0.7095823982,0.3155821297,0.0788082373,491.665898209,1263.5688820672,1.0
17891,0.0,-1144.166504,-519.957031,-107.756866,0.6266080477,-0.7097858552,0.3218173307,0.0805325833,495.0940149584,1259.2486357709,1.0
17892,0.0,-1142.403931,-519.942871,-107.832237,0.6244610421,-0.7102189604,0.3250191304,0.0813974909,496.4025513165,1256.1340612293,1.0
17893,0.0,-1139.197388,-519.951538,-107.868652,0.6180245344,-0.7117196473,0.3339173828,0.0834997261,500.4345719531,1250.9799137768,1.0
17894,0.0,-1137.077881,-519.984924,-107.891914,0.6138693395,-0.7125473723,0.3397656196,0.084965345,502.9754269502,1246.9169729267,1.0
17895,0.0,-1133.885864,-520.035034,-107.868835,0.6073047454,-0.7141308919,0.3481350534,0.0870041877,506.4619033374,1241.4227352579,1.0
17896,0.0,-1131.03186,-520.077881,-107.817696,0.6022311037,-0.7152732641,0.3545445746,0.088697355,509.4197269234,1237.244960751,1.0
17897,0.0,-1128.054565,-520.162842,-107.686333,0.5956431775,-0.717138217,0.3618314286,0.0904332628,511.9287158268,1231.9071350478,1.0
17898,0.0,-1124.894409,-520.422729,-107.720467,0.5882123505,-0.7188057306,0.3705732754,0.0926566548,515.6519352226,1226.6026661474,1.0
17899,0.0,-1122.149414,-520.744568,-107.411743,0.580248308,-0.7206074296,0.3795218485,0.0950620557,520.2130045727,1222.4671217319,1.0
17900,0.0,-1119.20166,-521.256287,-106.954453,0.5721568223,-0.7219034495,0.3892197069,0.0980373266,525.4785298854,1216.9094162695,1.0
17901,0.0,-1120.549927,-521.6698,-104.298714,0.5673851381,-0.7225330497,0.3949937938,0.1002517749,529.8311823931,1214.069239269,1.0
17902,0.0,-1117.942505,-522.626526,-104.298714,0.5625475808,-0.7233600899,0.4003628349,0.1019794558,531.8525004452,1208.8833772413,1.0
17903,0.0,-1117.255615,-523.982422,-104.298721,0.5584893467,-0.723935971,0.4049769864,0.1032769902,532.6003110776,1203.3658230732,1.0
17904,0.0,-1117.259644,-525.085449,-104.298721,0.5572226186,-0.7236151076,0.4072887544,0.1040633401,532.7981017718,1199.504485049,1.0
17905,0.0,-1117.279175,-526.677307,-104.298721,0.555150794,-0.7239968699,0.409433912,0.1045092151,531.5297641768,1194.2340706792,1.0
17906,0.0,-1117.286499,-527.93335,-104.298721,0.5541714844,-0.7239228338,0.4108889104,0.1049215299,530.789729178,1190.355285357,1.0
17907,0.0,-1117.295288,-529.689819,-104.298721,0.5531083443,-0.7241063455,0.4119965531,0.1050826824,528.8481956732,1185.1418091932,1.0
17908,0.0,-1117.295776,-531.078735,-104.298721,0.5530336438,-0.7241235855,0.4120665259,0.1049800997,526.8398852335,1181.1859391276,1.0
17909,0.0,-1117.295898,-533.204529,-104.298721,0.5528117961,-0.723833315,0.4128734069,0.1051388655,524.6103680548,1175.3481609938,1.0
17910,0.0,-1117.302246,-534.85144,-104.298721,0.5520473357,-0.7239806373,0.4136372516,0.1052166187,523.0672295944,1171.4818334256,1.0
17911,0.0,-1117.311157,-536.816101,-104.298721,0.5510511103,-0.7242374716,0.4145150883,0.1052693472,520.7281711424,1165.967292636,1.0
17912,0.0,-1117.312744,-539.062927,-104.298721,0.5504141949,-0.7237095004,0.4162796814,0.1058417117,519.5109024306,1160.2674380755,1.0
17913,0.0,-1117.320801,-541.266968,-104.298721,0.5492360139,-0.7235489824,0.418110836,0.1063367081,518.2401973138,1154.8833225815,1.0
17914,0.0,-1117.336426,-543.382935,-104.298721,0.5474278489,-0.723932675,0.4198145213,0.1066356893,516.6445043089,1149.8029815867,1.0
17915,0.0,-1117.337646,-545.207397,-104.298721,0.547134802,-0.7237083832,0.4205825537,0.1068149507,515.1095081397,1145.4786819255,1.0
17916,0.0,-1117.345093,-547.783691,-104.298721,0.5460038374,-0.7235241463,0.4223655044,0.1072720528,513.439630564,1139.4676347882,1.0
17917,0.0,-1117.353516,-550.175476,-104.298721,0.5450113342,-0.7237011811,0.4233429414,0.1073587294,511.1585540086,1133.9732204928,1.0
17918,0.0,-1117.418213,-552.627136,-104.298721,0.5390391373,-0.7271421687,0.4250894905,0.1068068271,507.4056570444,1128.3876731083,1.0
17919,0.0,-1117.618652,-554.909302,-104.298729,0.5163810722,-0.7442300999,0.4236415309,0.1018055096,493.9044024955,1123.5357659061,1.0
17920,0.0,-1118.230835,-557.856506,-104.298843,0.4484797497,-0.7951935096,0.4080847907,0.0876050226,457.4674843995,1117.6528520639,1.0
17921,0.0,-1119.058838,-560.545715,-104.298737,0.3649153778,-0.8460329341,0.3886708652,0.0811383822,438.8281302517,1112.1399954948,1.0
17922,0.0,-1120.317627,-564.354187,-104.298721,0.1813536199,-0.9234689916,0.3381063236,0.0984007439,477.1906881967,1103.1466997906,1.0
17923,0.0,-1120.381897,-565.204071,-104.298721,0.1367120276,-0.9352565846,0.3228634024,0.1090267427,499.0404451193,1100.6536159782,1.0
17924,0.0,-1120.446167,-566.053955,-104.298721,0.0920704353,-0.9470441777,0.3076204811,0.1196527414,520.890202042,1098.1605321657,1.0
17925,0.0,-1120.672729,-568.744995,-104.298721,-0.0036790425,-0.9677731021,0.2517969172,0.1471810914,568.9575775982,1089.5254752181,1.0
17926,0.0,-1120.798096,-570.083435,-104.298721,-0.0196511857,-0.9739088206,0.2260872397,0.1499003359,571.268912438,1084.7801409643,1.0
17927,0.0,-1120.899048,-571.090149,-104.298721,-0.0178270692,-0.9774250052,0.2105292254,0.1464137654,563.3759345683,1081.4362890389,1.0
17928,0.0,-1121.011475,-572.134277,-104.298721,-0.0149739026,-0.9790283063,0.2031732209,0.1442665988,557.1311402986,1076.7546220741,1.0
17929,0.0,-1121.127197,-573.095032,-104.298721,-0.0137692821,-0.9791827356,0.2025131532,0.1441360344,554.6911778178,1072.4866732321,1.0
17930,0.0,-1121.52124,-573.936401,-104.298721,-0.0137070917,-0.9791836081,0.2025131532,0.1447699953,553.7538844252,1068.5100853939,1.0
17931,0.0,-1122.076416,-574.548462,-104.298721,-0.0137070917,-0.9791836081,0.2025131532,0.1454033419,553.2398517385,1065.372606227,1.0
17932,0.0,-1122.940674,-575.186584,-104.298721,-0.0145322934,-0.9791717088,0.2025131532,0.146628289,553.5525423216,1061.8635208896,1.0
17933,0.0,-1124.072632,-575.771484,-104.298721,-0.0146458719,-0.9791700165,0.2025131532,0.1476264283,553.4725492386,1058.399781592,1.0
17934,0.0,-1125.242188,-576.225586,-104.298721,-0.0154633716,-0.979157451,0.2025131361,0.1489222324,554.1974543127,1055.5344817794,1.0
17935,0.0,-1126.696777,-576.674194,-104.298721,-0.0155846216,-0.9791555251,0.2025131532,,,,
17936,0.0,-1128.466187,-577.109985,-104.298721,-0.0173927474,-0.9791250834,0.202513119,,,,
17937,0.0,-1130.127808,-577.44043,-104.298721,-0.0241295579,-0.979325238,0.2008478096,,,,
17938,0.0,-1132.014526,-577.751709,-104.298721,-0.0347082639,-0.9797088247,0.1973979616,,,,
17939,0.0,-1134.10144,-578.033752,-104.298721,-0.0411868233,-0.97988982,0.1952423783,,,,
17940,0.0,-1136.453247,-578.289856,-104.298721,-0.0482212989,-0.9804853339,0.1905865062,,,,
17941,0.0,-1138.582153,-578.476318,-104.298721,-0.0487021961,-0.9817476438,0.1838468385,,,,
17942,0.0,-1141.319946,-578.679565,-104.298721,-0.0115620731,-0.9863645722,0.1641683561,0.1475542593,545.0343003931,1042.4979536545,1.0
17943,0.0,-1143.550293,-578.82196,-104.298721,-0.0003325106,-0.9870197315,0.1605986895,0.1418906433,535.5687488772,1043.0442024182,1.0
17944,0.0,-1146.145264,-578.968201,-104.298721,0.0013249164,-0.9871017682,0.1600885497,0.1419192997,536.0436988281,1043.8718337661,1.0
17945,0.0,-1149.018066,-579.108215,-104.298721,0.0013249164,-0.9871017682,0.1600885497,0.1428245498,538.3383056028,1045.2673482492,1.0
17946,0.0,-1151.543823,-579.215759,-104.298721,0.0013249164,-0.9871017682,0.1600885497,0.1437348368,540.669635235,1046.7210364231,1.0
17947,0.0,-1154.469849,-579.325439,-104.298721,0.0013249164,-0.9871017682,0.1600885497,0.1447655543,543.3999103067,1048.5461355915,1.0
17948,0.0,-1157.564087,-579.425354,-104.298721,0.0013249164,-0.9871017682,0.1600885497,0.1457366776,546.142303197,1050.5958507057,1.0
17949,0.0,-1160.464844,-579.695618,-104.298721,0.0013249164,-0.9871017682,0.1600885497,0.1467843999,548.9105377187,1052.4431449732,1.0
17950,0.0,-1163.326416,-580.15918,-104.298721,0.0013249164,-0.9871017682,0.1600885497,0.1478993165,551.7800782093,1054.2670587017,1.0
17951,0.0,-1166.196777,-580.802917,-104.298721,0.0013249164,-0.9871017682,0.1600885497,0.1490796838,554.7898800677,1056.1495974711,1.0
17952,0.0,-1168.740234,-581.663269,-104.298721,0.0013249164,-0.9871017682,0.1600885497,,,,
17953,0.0,-1170.595581,-582.522156,-104.298721,0.0013249164,-0.9871017682,0.1600885497,,,,
17954,0.0,-1172.412354,-583.629639,-104.298721,0.0013249164,-0.9871017682,0.1600885497,,,,
17955,0.0,-1173.981323,-584.951721,-104.298721,0.0013249164,-0.9871017682,0.1600885497,,,,
17956,0.0,-1174.943848,-586.147339,-104.298721,0.0046976467,-0.9873634316,0.1584026075,,,,
17957,0.0,-1175.744019,-587.562317,-104.298721,0.0076957137,-0.989364215,0.1452557261,0.1489521898,558.5129100679,1063.6554067081,1.0
17958,0.0,-1175.725098,-589.050781,-104.298721,0.0708730621,-0.9877255545,0.1391949645,0.118014161,501.3476553589,1063.8092225031,1.0
17959,0.0,-1175.058838,-590.062073,-104.298721,0.1717181669,-0.9752707923,0.139139329,0.0765039439,407.9581823482,1063.4769608691,1.0
17960,0.0,-1173.887939,-590.891541,-104.298836,0.3257573615,-0.9345018004,0.1434870256,0.0316277518,265.195816939,1062.8669224446,1.0
17961,0.0,-1172.771606,-591.416809,-104.298805,0.4726503668,-0.8686471761,0.14850493,0.0120714409,164.5577442923,1062.2784783357,1.0
17962,0.0,-1171.886719,-591.490417,-104.29921,0.6093984088,-0.7775094014,0.1552826778,0.0195020939,208.6565028917,1061.7056022595,1.0
17963,0.0,-1171.410156,-591.040466,-104.299744,0.7783243977,-0.6056919424,0.1653735254,0.0795409059,414.9879593546,1061.7877218057,1.0
17964,0.0,-1170.354614,-591.914429,-104.298897,0.8615614382,-0.4776303166,0.1719917699,0.1468951554,553.6766834945,1061.2128561826,1.0
17965,0.0,-1168.414307,-593.153748,-104.29879,0.9269812466,-0.3302271823,0.177920703,0.138755615,518.7798167646,1020.8362601076,5.0
17966,0.0,-1166.656372,-594.163391,-104.298759,0.9626831409,-0.2013816428,0.1807943696,0.0826486676,406.95801355,1022.3058042169,5.0
17967,0.0,-1163.121216,-595.95105,-104.298767,0.9825913929,-0.0223971902,0.1844248371,0.0340442372,265.017168214,1024.390010871,5.0
17968,0.0,-1161.073486,-596.902832,-104.298729,0.982282877,0.0263549745,0.1855418146,0.0264058025,234.1641703962,1025.7507165277,5.0
17969,0.0,-1159.310059,-597.646301,-104.298721,0.9819132144,0.0374828758,0.1855841412,0.0249463415,227.895347787,1026.6976752328,5.0
17970,0.0,-1156.793091,-598.55835,-104.298721,0.9818318554,0.0395568025,0.1855841241,0.0245925127,226.5532178906,1027.8753119236,5.0
17971,0.0,-1154.689453,-599.211182,-104.298721,0.9818318554,0.0395568025,0.1855841241,0.024509055,226.3873993275,1028.8485398406,5.0
17972,0.0,-1152.204956,-599.882935,-104.298721,0.9818318554,0.0395568025,0.1855841241,0.0244128519,226.178039644,1029.8953110515,5.0
17973,0.0,-1149.423706,-600.754333,-104.298721,0.9818318554,0.0395568025,0.1855841241,0.0243822325,226.2799418624,1030.9980946078,5.0
17974,0.0,-1147.284302,-601.542542,-104.298721,0.9818318554,0.0395568025,0.1855841241,0.0243968477,226.5089205836,1031.7360323463,5.0
17975,0.0,-1144.63562,-602.626465,-104.298721,0.9817969645,0.0404135288,0.1855841241,0.0243575667,226.5228671101,1032.6209386006,5.0
17976,0.0,-1141.930054,-603.851196,-104.298721,0.9817549032,0.0414228107,0.1855841069,0.0243533939,226.6047599876,1033.0816573428,5.0
17977,0.0,-1139.346924,-605.120911,-104.298721,0.9817542015,0.0414393629,0.1855841241,0.0245489875,227.7556189975,1034.2348690039,5.0
17978,0.0,-1137.054199,-606.325012,-104.298721,0.9817183802,0.0422794861,0.1855841241,0.0245799949,228.0719013437,1035.0257758064,5.0
17979,0.0,-1134.488159,-607.742249,-104.298721,0.9817140205,0.0423805949,0.1855841241,0.0247867673,229.1935829111,1035.8229192561,5.0
17980,0.0,-1131.992065,-609.383362,-104.298721,0.9817140205,0.0423805949,0.1855841241,0.0249954044,230.3937555609,1036.9470128326,5.0
17981,0.0,-1129.754761,-611.136353,-104.298721,0.9817140205,0.0423805949,0.1855841241,0.0252883919,232.0085067753,1038.2249539035,5.0
17982,0.0,-1127.604858,-613.103394,-104.298721,0.9817140205,0.0423805949,0.1855841241,0.0256212133,233.8519392439,1039.7427288267,5.0
17983,0.0,-1125.835693,-614.973328,-104.298721,0.9817140205,0.0423805949,0.1855841241,0.0260079787,235.9161190176,1041.1939080257,5.0
17984,0.0,-1123.953491,-617.222961,-104.298721,0.9817140205,0.0423805949,0.1855841241,0.0264016834,238.1150956047,1043.1379287456,5.0
17985,0.0,-1122.334473,-619.417603,-104.298721,0.9817140205,0.0423805949,0.1855841241,0.0267747638,240.2265960641,1045.1290821796,5.0
17986,0.0,-1120.629639,-622.008423,-104.298721,0.9817140205,0.0423805949,0.1855841241,0.0271929376,242.6367901607,1047.577789507,5.0
17987,0.0,-1119.37915,-624.140015,-104.298721,0.9817140205,0.0423805949,0.1855841241,0.0275348521,244.6167407634,1049.6394183713,5.0
17988,0.0,-1117.962524,-626.789185,-104.298721,0.9816772356,0.0432243501,0.1855841069,0.0278343295,246.5347911283,1052.2432214049,5.0
17989,0.0,-1116.622681,-629.603882,-104.298721,0.9811128686,0.0478814718,0.1874163914,0.0279138576,247.5518117444,1055.0990665531,5.0
17990,0.0,-1115.848511,-631.929504,-104.298721,0.9808687194,0.0495708746,0.1882532434,0.0281689459,249.2719587104,1057.6775284048,5.0
17991,0.0,-1115.581787,-634.805542,-104.298721,0.9808229436,0.0498816068,0.1884096033,0.0282310859,250.4406319295,1061.4828735288,5.0
17992,0.0,-1115.463745,-637.750183,-104.298721,0.9808229436,0.0498816068,0.1884096033,0.0285581213,252.8124496225,1065.4710419129,5.0
17993,0.0,-1115.321411,-640.790833,-104.298721,0.9808229436,0.0498816068,0.1884096033,0.0289777707,255.6002840616,1069.5056556435,5.0
17994,0.0,-1115.212891,-643.398376,-104.298721,0.9808229436,0.0498816068,0.1884096033,0.0293345601,257.8553465615,1072.4570306814,5.0
17995,0.0,-1115.086792,-646.418762,-104.298721,0.9806679333,0.0498737235,0.1892168501,0.0299440258,261.5369771939,1076.8091145671,5.0
17996,0.0,-1114.959595,-649.677429,-104.298721,0.9802577883,0.0507307085,0.19110485,0.0307117541,265.8231131582,1080.9006656156,5.0
17997,0.0,-1114.851562,-652.914429,-104.298721,0.9794831713,0.054477977,0.1940228523,0.0311636406,268.7398374054,1084.9335665682,5.0
17998,0.0,-1114.774658,-655.613281,-104.298729,0.9785468974,0.0593345975,0.1972951473,0.0314164345,270.6423051416,1088.2791509437,5.0
17999,0.0,-1114.706055,-658.846558,-104.298729,0.9769750714,0.0685099155,0.2020546987,0.0313832845,271.4955988649,1092.2775625633,5.0
18000,0.0,-1114.67627,-662.005249,-104.298744,0.9746553061,0.083159089,0.2076814876,0.0308073572,269.9958233217,1096.1897122316,5.0
18001,0.0,-1114.72168,-665.221985,-104.298737,0.9709953633,0.1093317501,0.2126371858,0.0288770574,262.4989246972,1100.2571617758,5.0
18002,0.0,-1114.807007,-667.985474,-104.298759,0.9667532895,0.138077046,0.2152273369,0.0268958819,254.2881062747,1103.8451439786,5.0
18003,0.0,-1114.930664,-671.147888,-104.298721,0.9609404583,0.1734743941,0.2156387491,0.0247274437,244.8688631393,1107.976219259,5.0
18004,0.0,-1114.902344,-674.28418,-104.298721,0.9529490367,0.213044762,0.2156387321,0.0234500514,239.397846882,1111.9735149029,5.0
18005,0.0,-1114.793335,-675.511536,-104.298668,0.9391177865,0.2709620123,0.2112755806,0.0234885373,240.3432915672,1115.4608946403,5.0
18006,0.0,-1114.719604,-675.329285,-104.298698,0.925675044,0.31763023,0.2055158145,0.0256876608,251.9210729755,1118.6501581824,5.0
18007,0.0,-1114.983887,-674.997925,-104.298561,0.8960021823,0.40377948,0.1847761373,0.0342887695,292.0494723628,1124.9173530277,5.0
18008,0.0,-1115.077271,-674.913818,-104.298668,0.8864157967,0.430092739,0.1711352424,0.0373184654,305.3276429429,1128.1823960722,5.0
18009,0.0,-1115.0885625,-674.8793945,-104.2986795,0.8833504976,0.4384464308,0.1653605092,0.0382672638,309.5119630136,1129.7213023089,5.0
18010,0.0,-1115.028809,-674.766724,-104.298698,0.8773493884,0.4555901141,0.1506509166,0.039898058,317.1357060832,1134.0440734957,5.0
18011,0.0,-1114.862793,-674.643494,-104.298698,0.8749203868,0.4629541328,0.142083735,0.0404187734,319.8293444394,1136.4363271958,5.0
18012,0.0,-1114.648193,-674.516357,-104.298721,0.8741301863,0.465548423,0.1384235649,0.0404441366,320.9055820935,1139.9102599861,5.0
18013,0.0,-1114.419312,-674.393616,-104.298721,0.8741997724,0.4657620219,0.1372606895,0.0402156518,320.9128355673,1143.1030660513,5.0
18014,0.0,-1114.202393,-674.278015,-104.298721,0.8742022854,0.4657633217,0.1372402722,0.040133278,321.3334278296,1145.7512003615,5.0
18015,0.0,-1114.018066,-674.179871,-104.298721,0.8742022854,0.4657633217,0.1372402722,0.040067953,321.9369914689,1148.8194934749,5.0
18016,0.0,-1113.804443,-674.06604,-104.298721,0.8742022854,0.4657633217,0.1372402722,0.0400091546,322.6075460872,1152.0406745424,5.0
18017,0.0,-1113.59375,-673.953735,-104.298721,0.8742022854,0.4657633217,0.1372402722,0.0401283366,323.9352793815,1155.0980570785,5.0
18018,0.0,-1113.374756,-673.837097,-104.298721,0.8742022854,0.4657633217,0.1372402722,0.0401130109,324.7608202295,1158.2584677175,5.0
18019,0.0,-1113.427124,-673.539124,-104.298721,0.8742022854,0.4657633217,0.1372402722,0.0401390313,325.7412807281,1161.386367961,5.0
18020,0.0,-1113.553711,-673.133057,-104.298721,0.8742022854,0.4657633217,0.1372402722,0.04015829,326.5712852567,1164.0721299489,5.0
18021,0.0,-1113.776001,-672.525574,-104.298721,0.8742022854,0.4657633217,0.1372402722,0.0402353247,327.7420898729,1167.1495335601,5.0
18022,0.0,-1114.12439,-671.665283,-104.298721,0.8742022854,0.4657633217,0.1372402722,0.0404117623,329.4564282658,1170.7432936638,5.0
18023,0.0,-1114.510864,-670.772278,-104.298721,0.8742022854,0.4657633217,0.1372402722,0.0405315278,330.7013862065,1173.4656685959,5.0
18024,0.0,-1115.037598,-669.598816,-104.298721,0.8742022854,0.4657633217,0.1372402722,0.040670162,332.2541876308,1177.0061614804,5.0
18025,0.0,-1115.564453,-668.457581,-104.298721,0.8742022854,0.4657633217,0.1372402722,0.0408459084,333.7965466354,1179.9762393962,5.0
18026,0.0,-1116.247314,-667.005615,-104.298721,0.8742022854,0.4657633217,0.1372402722,0.0411108682,335.7088563902,1182.9858392205,5.0
18027,0.0,-1117.039062,-665.350159,-104.298721,0.8742022854,0.4657633217,0.1372402722,0.0413924556,337.9941159069,1187.0659076948,5.0
18028,0.0,-1117.873291,-663.623291,-104.298721,0.8742022854,0.4657633217,0.1372402722,0.0417002669,340.2317695495,1190.5999619286,5.0
18029,0.0,-1118.716919,-661.892273,-104.298721,0.8742022854,0.4657633217,0.1372402722,0.0420845457,342.7126464236,1193.9106930941,5.0
18030,0.0,-1119.702271,-659.889282,-104.298721,0.8742022854,0.4657633217,0.1372402722,0.0426091707,345.8805794196,1197.6663907141,5.0
18031,0.0,-1120.57666,-658.121155,-104.298721,0.8742022854,0.4657633217,0.1372402722,0.0430810686,348.671217674,1200.8435986259,5.0
18032,0.0,-1121.628784,-655.993835,-104.298721,0.8742022854,0.4657633217,0.1372402722,0.043620788,351.9016936832,1204.6144927765,5.0
18033,0.0,-1122.761597,-653.709412,-104.298721,0.8742022854,0.4657633217,0.1372402722,0.0442434575,355.5067839309,1208.5537420816,5.0
18034,0.0,-1123.939453,-651.340271,-104.298721,0.8742022854,0.4657633217,0.1372402722,0.0448479652,359.0457996598,1212.5180483346,5.0
18035,0.0,-1125.112183,-648.965332,-104.298721,0.8750399162,0.4641877447,0.1372402377,0.0447597599,359.8682308892,1216.4648693878,5.0
18036,0.0,-1126.149658,-646.702942,-104.298714,0.8829580728,0.4486794,0.1381008242,0.0408672239,345.2735164186,1220.2358044381,5.0
18539,0.0,-1154.165283,-661.082153,-105.726044,0.8122144473,0.5274065757,0.2492990084,,,,
18540,0.0,-1154.116333,-661.050354,-105.727837,0.8122144473,0.5274065757,0.2492990084,,,,
18541,0.0,-1154.069336,-661.019775,-105.692139,0.8122144473,0.5274065757,0.2492990084,,,,
18542,0.0,-1154.041382,-660.950317,-105.67894,0.8122144473,0.5274065757,0.2492990084,,,,
18543,0.0,-1154.02771,-660.840759,-105.636261,0.8122144473,0.5274065757,0.2492990084,,,,
18544,0.0,-1153.220459,-660.552734,-104.919868,0.7785170127,0.572959775,0.2561803215,,,,
18545,0.0,-1152.085938,-659.635376,-105.409462,0.7266964564,0.6343275105,0.2637060289,,,,
18546,0.0,-1150.981079,-658.603516,-106.109001,0.6730128977,0.6888133331,0.2694250021,,,,
18547,0.0,-1150.51709,-658.053528,-106.352875,0.6176009855,0.7369729456,0.2746632488,,,,
18548,0.0,-1149.880615,-657.656067,-106.148064,0.5631090591,0.7779987325,0.2786147156,,,,
18549,0.0,-1149.239624,-657.552917,-106.017845,0.5426077953,0.7918982058,0.2801321334,,,,
18550,0.0,-1148.254883,-657.470825,-105.833656,0.5083044632,0.8132227223,0.2833643886,,,,
18551,0.0,-1147.357056,-657.355652,-105.791862,0.4854038881,0.8267557315,0.2843554568,,,,
18552,0.0,-1145.498413,-657.303589,-105.714104,0.4480375267,0.8464036711,0.2878596885,,,,
18553,0.0,-1144.672485,-657.411133,-105.657524,0.432433815,0.8536978849,0.2901739426,,,,
18554,0.0,-1143.67688,-657.564148,-105.600548,0.4107453572,0.863091768,0.2938721688,,,,
18555,0.0,-1142.526978,-657.831787,-105.526237,0.3938788139,0.8694793753,0.2981024923,,,,
18556,0.0,-1141.506226,-658.116821,-105.500084,0.3844945026,0.8721977766,0.3023822349,,,,
18557,0.0,-1140.372803,-658.464905,-105.419762,0.381672438,0.872659861,0.3046160159,,,,
18558,0.0,-1139.570679,-658.716248,-105.374725,0.3805777159,0.8720910025,0.3076002039,,,,
18559,0.0,-1138.650879,-659.016663,-105.289665,0.3822785614,0.8708329421,0.3090519186,,,,
18560,0.0,-1137.956299,-659.221497,-105.243156,0.3850474927,0.869234898,0.3101114647,,,,
18561,0.0,-1137.769043,-659.419312,-104.967064,0.3865324874,0.8685692338,0.3101292024,,,,
18562,0.0,-1138.265015,-660.033752,-104.648323,0.3867599712,0.8684679629,0.3101292024,,,,
18563,0.0,-1138.611816,-659.88501,-104.573242,0.3860686503,0.8687755151,0.3101291693,,,,
18564,0.0,-1139.271118,-659.668152,-104.71624,0.3843126929,0.8695536851,0.3101292356,,,,
18565,0.0,-1140.059082,-659.549438,-104.944359,0.3740798467,0.8740046602,0.3101292024,,,,
18566,0.0,-1141.22937,-658.899719,-105.709442,0.3445672689,0.8846500434,0.3141141479,,,,
18567,0.0,-1142.900391,-658.339172,-106.662415,0.2710587224,0.9041669769,0.330165484,,,,
18568,0.0,-1146.247437,-657.60437,-106.79792,0.0728815899,0.9356721422,0.3452620977,,,,
18569,0.0,-1149.932739,-656.734985,-106.337128,-0.1850767951,0.9246703347,0.3327632072,,,,
18570,0.0,-1154.561157,-656.717102,-105.645065,-0.5115545404,0.8013204008,0.310157327,,,,
18571,0.0,-1157.821899,-657.348511,-105.359581,-0.6780887234,0.6725805266,0.2963631529,,,,
18572,0.0,-1159.952148,-657.975586,-105.428421,-0.7368616075,0.6136145636,0.28374661,,,,
18573,0.0,-1161.401123,-658.053284,-105.603462,-0.69734234,0.6717101102,0.2500383745,,,,
18574,0.0,-1158.278687,-657.735352,-105.267509,-0.5789000839,0.78549192,0.218808447,,,,
18575,0.0,-1159.62561,-657.844482,-105.290665,-0.5358738276,0.8146662398,0.2217163924,,,,
18576,0.0,-1162.089478,-658.275146,-105.278053,-0.5270074035,0.8140592763,0.2440710783,,,,
18577,0.0,-1164.744385,-659.013367,-105.392036,-0.5679818344,0.7716787965,0.2861965599,,,,
18578,0.0,-1167.879761,-660.022888,-105.325905,-0.6202523678,0.7133890367,0.3261335349,,,,
18579,0.0,-1170.342041,-660.652771,-105.430275,-0.6316978707,0.7001543612,0.3327787112,,,,
18580,0.0,-1172.098145,-661.414795,-105.442162,-0.6222036985,0.7140004062,0.3210389035,,,,
18581,0.0,-1172.963257,-661.818481,-105.427521,-0.58470362,0.7607059156,0.2818655473,,,,
18582,0.0,-1174.064453,-662.466675,-105.47628,-0.5267819881,0.8179546359,0.2311946163,,,,
18583,0.0,-1175.396729,-663.428467,-105.399712,-0.4904957594,0.8517266909,0.1843245886,,,,
19572,0.0,-1558.421875,-2123.729004,-192.721008,-0.5784659685,0.815697503,-0.0038349502,,,,
19573,0.0,-1558.509033,-2123.606445,-192.721008,-0.5784659685,0.815697503,-0.0038349502,,,,
19574,0.0,-1558.603394,-2123.473145,-192.721008,-0.5784659685,0.815697503,-0.0038349502,,,,
19575,0.0,-1558.642456,-2122.539795,-192.7771,-0.5947644665,0.8038908645,-0.00383502,,,,
19576,0.0,-1558.676514,-2121.625732,-192.831848,-0.6104477226,0.7920472654,-0.00383502,,,,
19577,0.0,-1558.754639,-2120.675049,-192.884979,-0.6254346166,0.7802671549,-0.00383502,,,,
19578,0.0,-1563.627197,-2119.127197,-194.323105,-0.6445276701,0.7645613265,-0.0054827498,,,,
19579,0.0,-1563.932007,-2115.69458,-194.90799,-0.658877797,0.7522141058,-0.0073476304,,,,
19580,0.0,-1563.778076,-2111.992676,-195.197708,-0.6632748376,0.7483365994,-0.0076696695,,,,
19581,0.0,-1563.536499,-2109.562988,-195.454132,-0.6633294428,0.7482881958,-0.0076698266,,,,
19582,0.0,-1563.245728,-2105.466553,-195.876663,-0.6633294428,0.7482881958,-0.0076698266,,,,
19583,0.0,-1562.94397,-2102.697021,-196.089691,-0.6633294428,0.7482881958,-0.0076698266,,,,
19584,0.0,-1562.650146,-2099.253662,-196.366196,-0.6633294428,0.7482881958,-0.0076698266,,,,
19585,0.0,-1562.314331,-2095.934814,-196.587799,-0.6633294428,0.7482881958,-0.0076698266,,,,
19586,0.0,-1562.000854,-2093.02002,-196.776154,-0.6646540276,0.7471119058,-0.0076696695,,,,
19587,0.0,-1561.649048,-2089.815186,-197.022995,-0.6654511094,0.7464020346,-0.0076696695,,,,
19588,0.0,-1561.333984,-2086.837646,-197.229691,-0.6661384011,0.7457887145,-0.0076696695,,,,
19589,0.0,-1561.030273,-2083.952148,-197.704605,-0.6661942131,0.7457388579,-0.0076698266,,,,
19590,0.0,-1560.721313,-2080.807373,-198.205017,-0.6661942131,0.7457388579,-0.0076698266,,,,
19591,0.0,-1560.166138,-2074.890137,-199.100311,-0.6661942131,0.7457388579,-0.0076698266,,,,
19592,0.0,-1560.050354,-2073.2335205,-199.300537,-0.6661942131,0.7457388579,-0.0076698266,,,,
19593,0.0,-1559.721436,-2068.599365,-199.969467,-0.6661942131,0.7457388579,-0.0076698266,,,,
19594,0.0,-1559.554199,-2065.123535,-200.369217,-0.6661942131,0.7457388579,-0.0076698266,,,,
19595,0.0,-1559.4520265,-2063.38916,-200.6272355,-0.6661942131,0.7457388579,-0.0076698266,,,,
19596,0.0,-1559.231934,-2058.491455,-201.051971,-0.6661942131,0.7457388579,-0.0076698266,,,,
19597,0.0,-1559.1427005,-2056.7163085,-201.1503295,-0.6661942131,0.7457388579,-0.0076698266,,,,
19598,0.0,-1558.900635,-2051.888916,-201.458359,-0.6661942131,0.7457388579,-0.0076698266,,,,
19599,0.0,-1558.72229,-2048.300781,-201.661804,-0.6661942131,0.7457388579,-0.0076698266,,,,
19600,0.0,-1558.566162,-2045.271729,-201.861206,-0.6661942131,0.7457388579,-0.0076698266,,,,
19601,0.0,-1559.045654,-2040.100098,-202.774567,-0.6661942131,0.7457388579,-0.0076698266,,,,
19602,0.0,-1558.704956,-2036.339355,-203.214706,-0.6661942131,0.7457388579,-0.0076698266,,,,
19603,0.0,-1558.366943,-2032.939819,-203.423691,-0.6661942131,0.7457388579,-0.0076698266,,,,
19604,0.0,-1557.992432,-2029.534058,-203.564545,-0.6661942131,0.7457388579,-0.0076698266,,,,
19605,0.0,-1557.591064,-2026.170044,-203.721329,-0.6661942131,0.7457388579,-0.0076698266,,,,
19606,0.0,-1557.175781,-2022.79126,-203.894073,-0.6661942131,0.7457388579,-0.0076698266,,,,
19607,0.0,-1556.731445,-2019.254272,-204.088364,-0.6661942131,0.7457388579,-0.0076698266,,,,
19608,0.0,-1556.332275,-2015.85022,-204.272491,-0.6661942131,0.7457388579,-0.0076698266,,,,
19609,0.0,-1556.020874,-2012.673828,-204.456451,-0.6661942131,0.7457388579,-0.0076698266,,,,
19610,0.0,-1555.751465,-2009.566162,-204.576233,-0.6661942131,0.7457388579,-0.0076698266,,,,
19611,0.0,-1555.509766,-2006.640381,-204.702148,-0.6661942131,0.7457388579,-0.0076698266,,,,
19612,0.0,-1555.265991,-2002.899536,-204.717087,-0.6661942131,0.7457388579,-0.0076698266,,,,
19613,0.0,-1555.134888,-1999.927368,-204.553085,-0.6661942131,0.7457388579,-0.0076698266,,,,
19614,0.0,-1555.016235,-1996.894043,-204.309311,-0.6661942131,0.7457388579,-0.0076698266,,,,
19615,0.0,-1554.881104,-1993.200073,-203.855301,-0.6661942131,0.7457388579,-0.0076698266,,,,
19616,0.0,-1554.737793,-1989.98938,-203.542969,-0.6661942131,0.7457388579,-0.0076698266,,,,
19617,0.0,-1554.576416,-1986.652344,-203.215179,-0.6661942131,0.7457388579,-0.0076698266,,,,
19618,0.0,-1554.406982,-1983.244507,-202.902603,-0.6661942131,0.7457388579,-0.0076698266,,,,
19619,0.0,-1554.200073,-1979.611694,-202.818451,-0.6661942131,0.7457388579,-0.0076698266,,,,
19620,0.0,-1554.023926,-1975.681641,-202.466339,-0.6661942131,0.7457388579,-0.0076698266,,,,
19621,0.0,-1553.913574,-1972.470825,-202.445007,-0.6655461242,0.7463173137,-0.0076696695,,,,
19622,0.0,-1553.771484,-1969.352417,-202.420685,-0.6584643925,0.7525553072,-0.0092278611,,,,
19623,0.0,-1553.511108,-1965.547607,-202.453217,-0.625212592,0.7803277908,-0.014062492,,,,
19624,0.0,-1553.41626,-1962.000977,-202.342789,-0.5783622649,0.8155584195,-0.0190146002,,,,
19625,0.0,-1553.463135,-1959.091431,-202.319168,-0.5362813468,0.8437214391,-0.0231613975,,,,
19626,0.0,-1553.642334,-1955.559326,-202.321823,-0.4782011621,0.8778229531,-0.0273954663,,,,
19627,0.0,-1553.875366,-1952.526855,-202.411621,-0.4213766845,0.9063573598,-0.0309519956,,,,
19628,0.0,-1554.184448,-1948.893677,-202.547211,-0.3627364121,0.9312927827,-0.0334073085,,,,
19629,0.0,-1554.382568,-1945.701904,-202.644485,-0.3309603443,0.9430480799,-0.033549508,,,,
19630,0.0,-1554.675903,-1942.614014,-202.757202,-0.307080146,0.9510921167,-0.033549508,,,,
19631,0.0,-1555.147705,-1939.279053,-202.842972,-0.2943603913,0.9551054343,-0.033549508,,,,
19632,0.0,-1555.778076,-1935.714722,-202.794342,-0.2910277623,0.9561563745,-0.0326776534,,,,
19633,0.0,-1556.490601,-1932.066406,-202.720932,-0.2899596747,0.9564837555,-0.0325916022,,,,
19634,0.0,-1557.70813,-1925.791748,-202.364868,-0.2899470735,0.956487585,-0.0325913231,,,,
19635,0.0,-1558.0214845,-1923.878296,-202.1763075,-0.2899470735,0.956487585,-0.0325913231,,,,
19636,0.0,-1558.898315,-1918.779785,-201.800964,-0.2899470735,0.956487585,-0.0325913231,,,,
19637,0.0,-1559.1935425,-1916.8096925,-201.5875775,-0.2899470735,0.956487585,-0.0325913231,,,,
19638,0.0,-1560.028198,-1911.657104,-201.182327,-0.2899470735,0.956487585,-0.0325913231,,,,
19639,0.0,-1560.49231,-1908.503418,-200.941574,-0.2899470735,0.956487585,-0.0325913231,,,,
19640,0.0,-1561.002319,-1905.005005,-200.747101,-0.2899470735,0.956487585,-0.0325913231,,,,
19641,0.0,-1561.711426,-1901.002075,-200.612061,-0.2899470735,0.956487585,-0.0325913231,,,,
19642,0.0,-1562.078613,-1897.633545,-200.442078,-0.2899470735,0.956487585,-0.0325913231,,,,
19643,0.0,-1562.647583,-1894.067261,-200.428726,-0.2899470735,0.956487585,-0.0325913231,,,,
19644,0.0,-1563.249146,-1890.572021,-200.484848,-0.2899470735,0.956487585,-0.0325913231,,,,
19645,0.0,-1563.893188,-1887.165039,-200.569611,-0.2899470735,0.956487585,-0.0325913231,,,,
19646,0.0,-1564.48291,-1884.140015,-200.702133,-0.2899470735,0.956487585,-0.0325913231,,,,
19647,0.0,-1565.208862,-1880.543579,-200.909836,-0.2899470735,0.956487585,-0.0325913231,,,,
19648,0.0,-1565.925781,-1877.565918,-201.196915,-0.2899470735,0.956487585,-0.0325913231,,,,
19649,0.0,-1566.777466,-1874.094482,-201.469284,-0.2899470735,0.956487585,-0.0325913231,,,,
19650,0.0,-1567.645752,-1870.828735,-201.874252,-0.2899470735,0.956487585,-0.0325913231,,,,
19651,0.0,-1568.43689,-1867.902832,-202.191742,-0.2899470735,0.956487585,-0.0325913231,,,,
19652,0.0,-1569.319092,-1864.621826,-202.575394,-0.2891139876,0.9567397188,-0.0325916022,,,,
19653,0.0,-1570.318726,-1861.150757,-203.092773,-0.2872020794,0.9573153891,-0.0325915847,,,,
19654,0.0,-1571.10083,-1858.162476,-203.442719,-0.2794737398,0.9596000293,-0.0325916022,,,,
19655,0.0,-1571.890625,-1855.002197,-203.848495,-0.2660286148,0.9633836054,-0.0334784258,,,,
19656,0.0,-1572.74585,-1851.601685,-204.123917,-0.2495598478,0.9677780287,-0.033549508,,,,
19657,0.0,-1573.457886,-1848.845459,-204.304291,-0.2369076214,0.9709527328,-0.033549508,,,,
19658,0.0,-1574.27356,-1845.546265,-204.487411,-0.2193466472,0.9750699866,-0.033549508,,,,
19659,0.0,-1575.098389,-1842.015747,-204.684555,-0.2026746578,0.978671249,-0.033549508,,,,
19660,0.0,-1576.001343,-1838.616821,-204.618118,-0.186544683,0.9818734703,-0.033549508,,,,
19661,0.0,-1576.777588,-1835.494751,-204.403946,-0.1766364487,0.9837042216,-0.033549508,,,,
19662,0.0,-1577.534302,-1832.36377,-204.026123,-0.1718655128,0.9845489709,-0.033549508,,,,
19663,0.0,-1578.375,-1829.233154,-203.48085,-0.1681788086,0.9851854236,-0.033549508,,,,
19664,0.0,-1579.387817,-1825.690796,-202.777069,-0.1667674823,0.9854253079,-0.033549508,,,,
19665,0.0,-1580.289917,-1822.377441,-202.352859,-0.164920044,0.9857361765,-0.033549508,,,,
19666,0.0,-1581.138184,-1819.232544,-202.065536,-0.1631144308,0.9860365678,-0.033549508,,,,
19667,0.0,-1581.901001,-1816.264526,-201.949631,-0.1621695029,0.9862184619,-0.0327749557,,,,
19668,0.0,-1582.871582,-1812.651367,-201.751373,-0.1602642626,0.9865359363,-0.0325916022,,,,
19669,0.0,-1583.637817,-1809.482056,-201.776154,-0.1584389357,0.9868307307,-0.0325916022,,,,
19670,0.0,-1584.45752,-1806.31897,-201.814392,-0.158206089,0.9868680961,-0.0325913231,,,,
19671,0.0,-1585.259521,-1803.065552,-201.918274,-0.1574170528,0.9869942548,-0.0325916022,,,,
19672,0.0,-1586.165161,-1799.340942,-202.144928,-0.1554262869,0.9873097066,-0.0325916022,,,,
19673,0.0,-1586.652222,-1796.793091,-202.261093,-0.1511470019,0.987950163,-0.0333025424,,,,
19674,0.0,-1587.386108,-1792.811401,-202.690826,-0.1423889615,0.9892103783,-0.0344704389,,,,
19675,0.0,-1587.887085,-1789.436157,-203.064087,-0.1244647934,0.9915568944,-0.0363791188,,,,
19676,0.0,-1588.699219,-1783.008423,-203.705078,-0.0847591012,0.9956348955,-0.0390774816,0.1370979883,943.1546298306,1866.2608859661,1.0
19677,0.0,-1588.990601,-1779.562378,-203.911224,-0.0508524767,0.9978648142,-0.0409858293,0.1218388383,890.0274538927,1860.5618029124,1.0
19678,0.0,-1589.204712,-1776.053467,-204.060638,-0.0067166328,0.9990547997,-0.0429464088,0.1030637865,820.089053647,1854.733875874,1.0
19679,0.0,-1589.349609,-1772.569946,-204.14415,0.0431920265,0.9981354002,-0.0431297078,0.08346361,739.4840661105,1848.9352537895,1.0
19680,0.0,-1589.386353,-1769.140381,-204.414124,0.1004524844,0.9940066029,-0.0431297078,0.0633723472,645.7683262679,1843.3329186218,1.0
19681,0.0,-1589.62439,-1765.576416,-204.64299,0.1595655274,0.9863235124,-0.0412888759,0.0454393192,547.6235838355,1837.5605403682,1.0
19682,0.0,-1589.935425,-1762.169678,-204.761215,0.2132186479,0.9762853529,-0.0374795656,0.0316254506,457.1091258001,1832.093609444,1.0
19683,0.0,-1590.214844,-1758.892822,-204.91333,0.2571754307,0.9657759273,-0.0337291577,0.0222226608,382.9943732509,1826.8616799666,1.0
19684,0.0,-1590.672974,-1756.110229,-204.958786,0.2800853752,0.9594412258,-0.0320111993,0.0181490246,345.7095458878,1822.8428535226,1.0
19685,0.0,-1591.212402,-1752.559204,-204.998154,0.3036617434,0.9522821841,-0.0307926532,0.0146081255,309.4369096725,1816.9867037311,1.0
19686,0.0,-1591.871582,-1749.345337,-204.997635,0.309387223,0.9504674842,-0.0298514287,0.0140391003,302.5661927166,1812.0301348508,1.0
19687,0.0,-1592.645264,-1745.81189,-204.990356,0.3099011175,0.9503042811,-0.0297165049,0.014372026,305.214192854,1806.7446880926,1.0
19688,0.0,-1593.338135,-1742.875366,-204.985809,0.3099011175,0.9503042811,-0.0297165049,0.0147402827,308.3200175586,1802.3542289787,1.0
19689,0.0,-1594.226685,-1739.585327,-205.063644,0.3099011175,0.9503042811,-0.0297165049,0.0151800341,312.0042517209,1797.4779779363,1.0
19690,0.0,-1595.291626,-1736.166138,-205.278275,0.3099011175,0.9503042811,-0.0297165049,0.0156858551,316.2495418551,1792.547162177,1.0
19691,0.0,-1596.092651,-1733.365234,-205.350571,0.3099011175,0.9503042811,-0.0297165049,0.0160670848,319.3488755324,1788.6829077244,1.0
19692,0.0,-1597.333984,-1729.87207,-205.747696,0.3099011175,0.9503042811,-0.0297165049,0.0166732968,324.2698713505,1783.1945527964,1.0
19693,0.0,-1598.356201,-1727.109009,-206.037674,0.3099011175,0.9503042811,-0.0297165049,0.0171190858,327.7581217569,1778.9545869084,1.0
19694,0.0,-1599.487427,-1723.957275,-206.22525,0.3099011175,0.9503042811,-0.0297165049,0.0176106719,331.4751893186,1774.0611661521,1.0
19695,0.0,-1600.540894,-1721.084351,-206.334778,0.3099011175,0.9503042811,-0.0297165049,0.0180567023,334.7431161505,1769.4847433301,1.0
19696,0.0,-1601.65564,-1717.972778,-206.607544,0.3099011175,0.9503042811,-0.0297165049,0.0185454836,338.2377151729,1764.4562613193,1.0
19697,0.0,-1602.744507,-1714.998779,-206.853256,0.3099011175,0.9503042811,-0.0297165049,0.0190120159,341.4829411247,1759.6002216993,1.0
19698,0.0,-1603.850464,-1712.053589,-207.095413,0.3099011175,0.9503042811,-0.0297165049,0.0194750805,344.624092203,1754.7524154947,1.0
19699,0.0,-1604.871338,-1709.349243,-207.237564,0.3099011175,0.9503042811,-0.0297165049,0.0198968199,347.4036965953,1750.2443748529,1.0
19700,0.0,-1606.110718,-1706.186523,-207.292007,0.3099011175,0.9503042811,-0.0297165049,0.0203607083,350.3954748282,1745.2956848548,1.0
19701,0.0,-1607.333984,-1703.464844,-207.475662,0.3122626879,0.9495045367,-0.03054748,0.0204514229,350.2095550862,1740.5365368332,1.0
19702,0.0,-1608.688354,-1700.401123,-207.559647,0.3190650044,0.9472083844,-0.0315245854,0.0197492673,343.2042992849,1735.4700949007,1.0
19703,0.0,-1610.116699,-1697.117065,-207.662094,0.3306113845,0.943101769,-0.0354283184,0.0185195007,331.4242766985,1730.1142356895,1.0
19704,0.0,-1611.394287,-1694.201538,-207.538666,0.340398911,0.9395401107,-0.037322404,0.0174036289,320.6108160324,1726.0012627342,1.0
19705,0.0,-1612.596558,-1691.365234,-207.40419,0.3557637556,0.9337167323,-0.0400651223,0.0155932508,302.7667177042,1721.1727128693,1.0
19706,0.0,-1613.735352,-1688.682861,-207.212021,0.3695941978,0.9282125217,-0.0426807168,0.014139344,287.7139997355,1717.0066519371,1.0
19707,0.0,-1615.175537,-1685.275146,-206.90654,0.3860856813,0.9214088586,-0.0440858487,0.0124396587,269.1526655684,1711.7261749057,1.0
19708,0.0,-1616.196777,-1682.89563,-206.506027,0.3944891925,0.9178055299,-0.0448473672,0.011707325,260.5766801495,1707.9161773902,1.0
19709,0.0,-1617.58374,-1679.672852,-205.987793,0.4027193056,0.9142144429,-0.0450456804,0.0110502802,252.4286901723,1702.7079598498,1.0
19710,0.0,-1618.995605,-1676.432617,-205.327667,0.4053027322,0.9130720574,-0.0450456804,0.0109950562,251.0809274861,1697.8411948291,1.0
19711,0.0,-1620.300903,-1673.414673,-204.758301,0.4054427944,0.9130098845,-0.0450454363,0.0112246236,252.8833476699,1692.5498589536,1.0
19712,0.0,-1621.620117,-1670.317261,-204.185059,0.4054427944,0.9130098845,-0.0450454363,0.0114747919,254.8994287745,1687.4499561347,1.0
19713,0.0,-1622.899536,-1667.283325,-203.903,0.4054427944,0.9130098845,-0.0450454363,0.0117443825,257.111167401,1682.5568110103,1.0
19714,0.0,-1624.187988,-1664.223267,-203.17894,0.4054427944,0.9130098845,-0.0450454363,0.0119981538,259.0905400102,1677.5904745049,1.0
19715,0.0,-1626.679199,-1658.209229,-202.761383,0.4100969145,0.9109757366,-0.0440877318,0.0119093523,256.6666920306,1668.0434150143,1.0
19716,0.0,-1627.859741,-1655.301636,-202.687164,0.4135466382,0.9094148943,-0.0440877318,0.0117866291,254.6296689735,1663.3463955506,1.0
19717,0.0,-1629.108276,-1652.21521,-202.506531,0.4163442753,0.9081374986,-0.0440877318,0.0117293767,253.3539600085,1659.0232889488,1.0
19718,0.0,-1630.413208,-1648.982422,-202.989212,0.4176193921,0.9075518251,-0.0440877318,0.011954533,254.9282789478,1653.6307924348,1.0
19719,0.0,-1631.80481,-1645.795532,-203.321625,0.4177654943,0.9074845846,-0.0440876446,0.01228542,257.6517104259,1648.7735596506,1.0
19720,0.0,-1632.607361,-1643.9071655,-203.4582825,0.4177654943,0.9074845846,-0.0440876446,0.0124817947,259.2327779204,1645.944854395,1.0
19721,0.0,-1634.563232,-1639.339478,-203.919724,0.4177654943,0.9074845846,-0.0440876446,0.0129651692,263.0824277468,1639.0794515911,1.0
19722,0.0,-1636.077148,-1635.734985,-204.214966,0.4177654943,0.9074845846,-0.0440876446,0.0133446922,265.9648506041,1633.4607475734,1.0
19723,0.0,-1637.315308,-1632.589966,-204.284058,0.4177654943,0.9074845846,-0.0440876446,0.0136596675,268.2306675243,1628.4016599389,1.0
19724,0.0,-1638.550171,-1629.419556,-204.342636,0.4177654943,0.9074845846,-0.0440876446,0.0139126622,270.2094658486,1625.5347832121,1.0
19725,0.0,-1639.485229,-1626.965576,-204.338303,0.4177654943,0.9074845846,-0.0440876446,0.0140985794,271.6488711757,1623.459221651,1.0
19726,0.0,-1640.728638,-1623.682983,-204.280762,0.4177654943,0.9074845846,-0.0440876446,0.014351318,273.5347246991,1620.3743751343,1.0
19727,0.0,-1642.400391,-1622.545654,-200.429749,0.4177654943,0.9074845846,-0.0440876446,0.0142786067,272.6291033306,1619.0868374291,1.0
19728,0.0,-1643.435669,-1619.857666,-200.412079,0.4177654943,0.9074845846,-0.0440876446,0.0144871219,274.178505882,1616.6127307313,1.0
19729,0.0,-1644.797485,-1616.29248,-200.407227,0.4194266874,0.9067179969,-0.0440877318,0.0145248926,273.9716272005,1613.3065632464,1.0
19730,0.0,-1645.962524,-1613.234009,-200.386444,0.4203146287,0.9063067278,-0.0440877318,0.0146331341,274.493697675,1610.435431232,1.0
19731,0.0,-1647.191772,-1609.996338,-200.384796,0.4212290823,0.9059265872,-0.0431633962,0.014655896,274.1832345893,1607.3735322554,1.0
19732,0.0,-1648.292236,-1607.068481,-200.364868,0.4236257589,0.9048507231,-0.042265651,0.0144384162,271.7066539449,1604.7183343424,1.0
19733,0.0,-1649.432983,-1603.938843,-200.362335,0.4326516253,0.9006549566,-0.0404131206,0.0132089899,259.4479248217,1601.5455837955,1.0
19734,0.0,-1650.573486,-1600.744995,-200.341217,0.4450412039,0.8946857676,-0.0384148941,0.0115996496,242.7683185577,1598.5184770201,1.0
19735,0.0,-1651.360596,-1597.988892,-200.339935,0.4752833684,0.8791691153,-0.0341670352,0.0080747364,202.3954256173,1595.8791311278,1.0
19736,0.0,-1652.207764,-1594.916504,-200.321243,0.5093104144,0.8600842425,-0.0292915975,0.0053510615,164.5331861904,1592.5765020646,1.0
19737,0.0,-1652.92688,-1592.064575,-200.301819,0.544529236,0.8383770972,-0.0247336625,0.0040678769,143.2350539256,1589.6171090768,1.0
19738,0.0,-1653.630127,-1588.951172,-200.298492,0.5869448672,0.8094073172,-0.0188551755,0.0047126365,153.8347379294,1586.4256322561,1.0
19739,0.0,-1653.889648,-1584.120239,-202.310181,0.6223647279,0.7826247121,-0.0126769642,0.007259782,190.1942493056,1581.2853566019,1.0
19740,0.0,-1654.601685,-1581.295654,-202.557175,0.6449190217,0.7642074842,-0.0081471766,0.0098021887,220.4368888531,1578.2457211952,1.0
19741,0.0,-1655.36145,-1578.050903,-202.873154,0.6606683957,0.7506620605,-0.004872556,0.0120125804,243.3520719095,1574.7444236125,1.0
19742,0.0,-1655.895142,-1575.581177,-203.045181,0.6667335341,0.7452918657,-0.0025356116,0.0128201138,250.9293020417,1572.1241786966,1.0
19743,0.0,-1656.587769,-1572.226929,-203.321381,0.6713921723,0.7411022141,-0.000243456,0.0133523886,255.5057262941,1568.7752741409,1.0
19744,0.0,-1657.362427,-1568.583984,-203.641937,0.6725471071,0.7400537034,0.0009512392,0.0132581716,254.0633970987,1565.4152682329,1.0
19745,0.0,-1657.964478,-1565.540161,-203.819382,0.6725525659,0.7400487328,0.0009587441,0.0130550829,251.6465990937,1562.457937336,1.0
19746,0.0,-1658.520264,-1562.518677,-203.932968,0.6725525659,0.7400487328,0.0009587441,0.0128574128,249.3059094709,1559.7006891004,1.0
19747,0.0,-1659.089111,-1559.192627,-203.82135,0.6725525659,0.7400487328,0.0009587441,0.0126449305,246.8232195569,1557.0051756081,1.0
19748,0.0,-1659.69104,-1555.475464,-203.630112,0.6725525659,0.7400487328,0.0009587441,0.0124108125,244.0562699766,1553.9124643987,1.0
19749,0.0,-1660.05896,-1552.937866,-203.472717,0.6725525659,0.7400487328,0.0009587441,0.012285576,242.5697683381,1552.2508923787,1.0
19750,0.0,-1660.605347,-1549.079102,-203.170547,0.6725525659,0.7400487328,0.0009587441,0.0121495171,240.8696606509,1549.9251843809,1.0
19751,0.0,-1661.060425,-1545.690796,-202.61705,0.6725525659,0.7400487328,0.0009587441,0.0119945512,238.9237551061,1547.2430700634,1.0
19752,0.0,-1661.462769,-1542.517456,-202.224411,0.6725525659,0.7400487328,0.0009587441,0.011918729,237.7686215064,1544.6230102137,1.0
19753,0.0,-1661.83728,-1539.421631,-201.678452,0.6725525659,0.7400487328,0.0009587441,0.0116762673,235.0364182673,1542.551236769,1.0
19754,0.0,-1662.233276,-1535.968262,-201.095016,0.6725525659,0.7400487328,0.0009587441,0.0114299674,232.2767921103,1540.681540292,1.0
19755,0.0,-1662.580322,-1532.886475,-200.665634,0.6725525659,0.7400487328,0.0009587441,0.0112542829,230.2621077213,1539.1251404957,1.0
19756,0.0,-1663.013916,-1528.902222,-200.186722,0.6718427911,0.7406931516,0.0009587441,0.010869679,225.9253016004,1536.4728538653,1.0
19757,0.0,-1664.031494,-1522.153931,-199.932663,0.6543258122,0.7562121477,0.0009587441,0.0076645337,189.3233357936,1532.0750674296,1.0
19758,0.0,-1664.629761,-1518.435547,-200.026398,0.6349194041,0.7725769507,-0.0014851001,0.0053311598,157.7647899457,1529.9027785865,1.0
19759,0.0,-1664.9292605,-1516.361267,-200.0228275,0.6153226011,0.7878727762,-0.0035251228,0.0041608684,137.9105985799,1528.773113327,1.0
19760,0.0,-1665.901367,-1510.885132,-200.000443,0.5593501162,0.8288905995,-0.0082353826,0.0031685915,121.3790144875,1525.9481618238,1.0
19761,0.0,-1666.203613,-1508.8860475,-200.0339055,0.5332005356,0.8453367117,-0.0116955074,0.0052336788,152.5830168005,1524.9460950565,1.0
19762,0.0,-1666.828247,-1503.565552,-200.154327,0.4646873533,0.8852750807,-0.0188067861,0.0133437513,247.8160462072,1522.0505971949,1.0
19763,0.0,-1666.920532,-1499.788208,-200.221512,0.4077761625,0.9127422811,-0.0249024013,0.0251082652,338.4099909942,1519.7185922885,1.0
19764,0.0,-1666.95752,-1496.681763,-200.275055,0.3796207914,0.9246797074,-0.0292488204,0.0326894857,384.8951503783,1517.7559297336,1.0
19765,0.0,-1666.714111,-1493.722046,-200.249298,0.36299399,0.9312144982,-0.0327859977,0.0378897462,413.2775721247,1515.72106313,1.0
19766,0.0,-1666.32251,-1490.404785,-200.042175,0.3512719526,0.9356128175,-0.0351663333,0.0419736194,433.8496271708,1513.3582522253,1.0
19767,0.0,-1665.724976,-1486.755005,-199.763428,0.3443333656,0.9381406927,-0.036422165,0.0447642285,446.9162200094,1510.6400615785,1.0
19768,0.0,-1665.266357,-1484.490356,-199.468475,0.3436604279,0.9383873402,-0.0364240312,0.0453183639,449.0701294209,1508.8255875602,1.0
19769,0.0,-1664.501587,-1481.053223,-199.203857,0.3434132715,0.9384469048,-0.037211984,0.0461298252,452.1845143436,1506.1801824681,1.0
19770,0.0,-1663.489624,-1477.520264,-198.687302,0.34341109,0.9384409433,-0.0373820701,0.0465344331,453.1554937614,1502.9936839266,1.0
19771,0.0,-1662.692627,-1474.588013,-198.393112,0.34341109,0.9384409433,-0.0373820701,0.0468313881,453.8074103205,1500.4903253378,1.0
19772,0.0,-1661.731567,-1471.346802,-198.051514,0.34341109,0.9384409433,-0.0373820701,0.047142907,454.4724949795,1497.8357536697,1.0
19773,0.0,-1660.990356,-1468.528687,-197.88002,0.3426555558,0.9386851475,-0.0381754361,0.0477558768,456.6264665353,1495.4799899753,1.0
19774,0.0,-1660.08374,-1465.464966,-197.624512,0.3402886383,0.9394744237,-0.0398929785,0.0489984896,461.485857903,1492.5821634315,1.0
19775,0.0,-1659.203979,-1462.40564,-197.470215,0.3376063165,0.9402925895,-0.0432645482,0.0505625879,467.6862329829,1489.6536013487,1.0
19776,0.0,-1658.199097,-1458.654663,-197.401596,0.3247772947,0.9446300605,-0.0468375657,0.0555434515,488.3645443783,1486.0334084656,1.0
19777,0.0,-1657.405029,-1455.579102,-197.578644,0.3201104237,0.9462156095,-0.0469610165,0.0572747527,494.8443588311,1483.4787173446,1.0
19778,0.0,-1656.515991,-1452.124023,-197.895187,0.3196939632,0.9463564053,-0.046960877,0.0575248454,494.6639205147,1479.8059490697,1.0
19779,0.0,-1655.75708,-1449.186279,-198.208435,0.3196939632,0.9463564053,-0.046960877,0.0577644804,494.8468643761,1477.3705617275,1.0
19780,0.0,-1654.875854,-1445.740845,-198.632751,0.3196939632,0.9463564053,-0.046960877,0.0580221927,494.8402480472,1474.1640500774,1.0
19781,0.0,-1654.092041,-1442.820068,-198.958893,0.3196939632,0.9463564053,-0.046960877,0.0582294753,494.8136406053,1471.5372926349,1.0
19782,0.0,-1653.206299,-1439.694092,-199.363647,0.3196939632,0.9463564053,-0.046960877,0.0584245992,494.7532921903,1468.9725874237,1.0
19783,0.0,-1652.247681,-1436.340332,-199.432632,0.3196939632,0.9463564053,-0.046960877,0.0585545235,494.4011693719,1466.3466947375,1.0
19784,0.0,-1651.312622,-1433.105103,-199.915436,0.3196939632,0.9463564053,-0.046960877,0.05869125,494.1201993889,1463.8568946021,1.0
19785,0.0,-1650.483276,-1430.147339,-200.37384,0.3196939632,0.9463564053,-0.046960877,0.058807526,493.8250456815,1461.5792159742,1.0
19786,0.0,-1649.583862,-1426.834229,-200.422928,0.3196939632,0.9463564053,-0.046960877,0.0588988274,493.3172426274,1458.9784764865,1.0
19787,0.0,-1648.570801,-1423.471313,-200.454269,0.3196939632,0.9463564053,-0.046960877,0.058969129,492.6762282015,1456.2402481648,1.0
19788,0.0,-1647.732788,-1420.567627,-200.364334,0.3196939632,0.9463564053,-0.046960877,0.0590181601,492.0754161286,1453.8784503105,1.0
19789,0.0,-1646.808594,-1417.421753,-200.309464,0.3196939632,0.9463564053,-0.046960877,0.0590665431,491.3973837375,1451.298476946,1.0
19790,0.0,-1645.928589,-1414.366333,-200.133926,0.3196939632,0.9463564053,-0.046960877,0.059101678,490.6874848152,1448.7841408688,1.0
19791,0.0,-1644.912964,-1410.664062,-199.637711,0.3196939632,0.9463564053,-0.046960877,0.0591196484,489.7194837171,1445.7129784812,1.0
19792,0.0,-1644.070312,-1407.733276,-199.356018,0.3196939632,0.9463564053,-0.046960877,0.0591356124,488.9779443825,1443.3349407873,1.0
19793,0.0,-1643.207275,-1404.566406,-198.907364,0.3196939632,0.9463564053,-0.046960877,0.0591944366,488.4351765695,1441.0381343134,1.0
19794,0.0,-1642.299927,-1401.237549,-198.542465,0.3196939632,0.9463564053,-0.046960877,0.0593359041,488.3399356759,1439.0910561723,1.0
19795,0.0,-1641.406128,-1397.958252,-198.308121,0.3196939632,0.9463564053,-0.046960877,0.0594718159,488.04169531,1436.6181531458,1.0
19796,0.0,-1639.703125,-1392.026855,-198.08139,0.322010792,0.9457096029,-0.0440726319,0.0586403062,483.0284922021,1431.5998033046,1.0
19797,0.0,-1639.159851,-1390.043884,-198.0277935,0.323142794,0.9454062367,-0.0422007696,0.0581513942,480.5342024925,1430.0086191816,1.0
19798,0.0,-1638.616577,-1388.060913,-197.974197,0.3242747961,0.9451028705,-0.0403289074,0.0576624821,478.0399127829,1428.4174350587,1.0
19799,0.0,-1637.769165,-1385.057739,-198.066452,0.3218735167,0.9459264769,-0.0402559247,0.0585430883,480.8311322185,1426.2343322281,1.0
19800,0.0,-1636.94873,-1381.682129,-198.181091,0.3131508015,0.9488872815,-0.0393637221,0.0615293338,491.7291476892,1423.8204592764,1.0
19801,0.0,-1636.180786,-1378.517456,-198.443558,0.2970913435,0.9540400311,-0.0392982531,0.0675286522,513.579585122,1421.6974337916,1.0
19802,0.0,-1634.377563,-1372.017456,-199.052719,0.2862145125,0.957359337,-0.0392982531,0.0723981581,529.6887067042,1417.9087699206,1.0
19803,0.0,-1633.398804,-1368.846069,-199.372757,0.2860241919,0.9574162201,-0.0392981311,0.0728408392,530.4518290149,1415.792765682,1.0
19804,0.0,-1632.429077,-1365.750366,-199.691467,0.2860241919,0.9574162201,-0.0392981311,0.0732115849,531.0889453909,1414.0356021827,1.0
19805,0.0,-1631.373535,-1362.459717,-200.004272,0.2860241919,0.9574162201,-0.0392981311,0.0735894582,531.616373051,1411.9396115792,1.0
19806,0.0,-1630.337158,-1359.2229,-200.147598,0.2860241919,0.9574162201,-0.0392981311,0.0739324549,531.9387312782,1409.6402541433,1.0
19807,0.0,-1629.210815,-1355.833374,-200.154144,0.2860241919,0.9574162201,-0.0392981311,0.0742695322,532.2928824961,1407.4972795967,1.0
19808,0.0,-1628.184814,-1352.716919,-200.133209,0.2860241919,0.9574162201,-0.0392981311,0.0745655962,532.5119371158,1405.3863676964,1.0
19809,0.0,-1626.935791,-1349.205811,-200.025421,0.2860135149,0.9573804807,-0.0402353639,0.0749863217,533.0166918138,1402.9198955316,1.0
19810,0.0,-1626.029175,-1346.667969,-199.940079,0.2860132756,0.9573796798,-0.0402561165,0.0751894737,533.0294736903,1401.130893731,1.0
19811,0.0,-1624.837158,-1343.44873,-199.683472,0.2860132756,0.9573796798,-0.0402561165,0.0754074918,532.8933781583,1398.8259503542,1.0
19812,0.0,-1624.561157,-1342.796631,-199.582428,0.2860132756,0.9573796798,-0.0402561165,,,,
19813,0.0,-1622.053345,-1336.683594,-198.672714,0.2860132756,0.9573796798,-0.0402561165,,,,
19814,0.0,-1618.132324,-1334.054077,-200.853973,0.2860132756,0.9573796798,-0.0402561165,,,,
19815,0.0,-1617.13623,-1330.811523,-200.687317,0.2860132756,0.9573796798,-0.0402561165,,,,
19816,0.0,-1616.240234,-1327.888062,-200.537018,0.2860032868,0.9573467312,-0.0411017784,,,,
19817,0.0,-1615.157593,-1324.349365,-200.355133,0.2859908332,0.9573045577,-0.0421571709,,,,
19818,0.0,-1614.146973,-1321.09668,-200.187439,0.2877895936,0.9566337003,-0.0450456804,,,,
19819,0.0,-1613.287842,-1318.35498,-200.045837,0.2901147092,0.9558118883,-0.0475088391,,,,
19820,0.0,-1612.206421,-1315.054443,-199.873947,0.2978498959,0.9532300913,-0.0513598342,,,,
19821,0.0,-1611.032349,-1311.690186,-199.69693,0.3127564482,0.9481576788,-0.0563952145,,,,
19822,0.0,-1609.896606,-1308.602905,-199.534332,0.3313522568,0.941700022,-0.0583673754,,,,
19823,0.0,-1608.571411,-1305.372559,-199.363647,0.3625192671,0.9299578537,-0.0613039256,,,,
19824,0.0,-1607.333374,-1302.69165,-199.220734,0.3985828872,0.9148520736,-0.0646325423,,,,
19825,0.0,-1606.095825,-1299.963013,-199.074768,0.4291953456,0.9008063599,-0.0658730384,,,,
19826,0.0,-1604.501343,-1296.359497,-198.880447,0.4714861771,0.8792554347,-0.0679018802,,,,
19827,0.0,-1603.47522,-1293.504517,-198.7267,0.4969100742,0.865066718,-0.0688473063,,,,
19828,0.0,-1602.558594,-1290.446411,-198.562469,0.5193814604,0.8517543286,-0.0689743603,,,,
19829,0.0,-1601.624146,-1286.944702,-198.399719,0.5472357467,0.8340533855,-0.0699141449,,,,
19830,0.0,-1601.108643,-1284.250366,-198.326233,0.5589858946,0.8262901286,-0.0691331543,,,,
19831,0.0,-1600.682495,-1281.193604,-198.247711,0.5649743331,0.8222831603,-0.0682232163,,,,
19832,0.0,-1600.309326,-1277.347778,-198.147766,0.5675589861,0.8205946349,-0.0670912996,,,,
19833,0.0,-1600.119263,-1274.335693,-198.069763,0.5676092574,0.8205623155,-0.0670612953,,,,
19834,0.0,-1599.974487,-1270.869629,-197.97995,0.5676092574,0.8205623155,-0.0670612953,,,,
19835,0.0,-1599.90979,-1268.199219,-197.910645,0.5682022435,0.8201517996,-0.0670614346,,,,
19836,0.0,-1599.837158,-1264.777954,-197.821381,0.573367302,0.8164863234,-0.0678234518,,,,
19837,0.0,-1599.622925,-1261.060181,-197.722198,0.5973543798,0.7986858859,-0.0725851274,,,,
19838,0.0,-1599.392822,-1257.914185,-197.636963,0.6255465392,0.7763343087,-0.0774375133,,,,
19839,0.0,-1599.263184,-1255.750488,-197.578247,0.6432118363,0.7614860388,-0.08010959,,,,
19840,0.0,-1599.056641,-1251.546631,-197.464172,0.6743888818,0.7335512099,-0.0842748984,,,,
19841,0.0,-1599.017578,-1250.824341,-197.444489,0.6800786873,0.7282025524,-0.0849353978,,,,
19842,0.0,-1598.535645,-1242.671631,-197.219879,0.7442610848,0.66145928,-0.0924503031,,,,
19843,0.0,-1598.4497685,-1240.8599245,-197.1705625,0.7542287854,0.6497174744,-0.0936350056,,,,
19844,0.0,-1598.280762,-1236.246338,-197.046814,0.7722060042,0.6280046028,-0.0964785251,,,,
19845,0.0,-1598.22583,-1234.4188845,-196.998657,0.7759025027,0.6230103528,-0.0989381131,,,,
19846,0.0,-1598.170898,-1232.591431,-196.9505,0.7795990013,0.6180161028,-0.1013977011,,,,
19847,0.0,-1597.860352,-1226.52356,-196.789413,0.7945027867,0.5953711399,-0.119576451,,,,
19848,0.0,-1597.641357,-1223.544434,-196.709579,0.8034777067,0.5808521972,-0.1305155157,,,,
19849,0.0,-1597.306763,-1219.811523,-196.567291,0.8156099764,0.5599405146,-0.1457634607,,,,
19850,0.0,-1597.062256,-1216.895142,-195.421967,0.8207974844,0.5506251231,-0.151998235,,,,
19851,0.0,-1596.765747,-1213.789429,-194.113434,0.8264263712,0.5402867571,-0.1584603203,,,,
19852,0.0,-1596.462891,-1210.715698,-192.848694,0.8304056552,0.533366621,-0.1610791589,,,,
19853,0.0,-1596.252197,-1207.581299,-191.883575,0.8359104285,0.5239054171,-0.1636363943,,,,
19854,0.0,-1596.209717,-1203.885498,-191.016327,0.8433225854,0.5116615056,-0.1643457349,,,,
19855,0.0,-1596.301392,-1201.058228,-190.351471,0.8505350716,0.499325105,-0.165119749,0.1431741986,471.5427091054,914.5407736725,5.0
19856,0.0,-1596.627686,-1197.310181,-189.485992,0.855445248,0.4911251439,-0.1643457349,0.1381970279,464.3532989027,915.4451415652,5.0
19857,0.0,-1597.041626,-1194.312134,-188.802765,0.8567664658,0.4888166406,-0.1643457177,0.1368371847,462.648005417,916.2694885767,5.0
19858,0.0,-1597.579956,-1191.231323,-188.105011,0.8568542894,0.4886626711,-0.1643457349,0.1365465549,462.5748270863,917.0274754081,5.0
19859,0.0,-1598.202637,-1188.210083,-187.421051,0.8568542894,0.4886626711,-0.1643457349,0.1366269249,463.3581710322,918.3299981465,5.0
19860,0.0,-1598.974365,-1184.939453,-186.680237,0.8568542894,0.4886626711,-0.1643457349,0.136161968,463.3016805956,919.6697059129,5.0
19861,0.0,-1599.650635,-1182.36084,-186.096069,0.8568542894,0.4886626711,-0.1643457349,0.1359529553,463.4998350463,920.7184017453,5.0
19862,0.0,-1600.834595,-1178.270996,-185.169312,0.8568542894,0.4886626711,-0.1643457349,0.1356245292,463.8377865131,922.4234041704,5.0
19863,0.0,-1601.754272,-1175.377563,-184.513397,0.8569764342,0.4887323301,-0.1634995438,0.1345419031,463.6594246465,925.5024221583,5.0
19864,0.0,-1602.692871,-1172.581909,-183.876923,0.8578344764,0.4875071488,-0.1626554366,0.1334518142,462.4971457357,926.6745008567,5.0
19865,0.0,-1604.008179,-1168.872559,-183.030579,0.8595592981,0.4848359118,-0.1615300335,0.1310727822,459.39668176,928.1868268204,5.0
19866,0.0,-1605.085205,-1165.968384,-182.362,0.8629351175,0.4796803655,-0.1589016359,0.1271237887,453.4930244647,929.3999840021,5.0
19867,0.0,-1606.117432,-1163.253784,-181.730576,0.8679858859,0.4713278255,-0.1563668211,0.1220068115,445.4130490991,930.5160986867,5.0
19868,0.0,-1607.353638,-1160.05188,-180.973602,0.8774011886,0.4549107501,-0.1523921381,0.1122175109,428.9602571247,931.988952952,5.0
19869,0.0,-1608.650635,-1156.800415,-180.206818,0.8861915275,0.4392751041,-0.1473158496,0.1032159025,413.037087362,933.4838148761,5.0
19870,0.0,-1609.911255,-1153.737915,-179.491333,0.8920587714,0.4279201684,-0.1453116576,0.097203719,402.0868827849,934.9369367945,5.0
19871,0.0,-1610.989868,-1151.182739,-178.90152,0.8950249273,0.4222294196,-0.1437104615,0.093929908,396.1238232239,936.1804766393,5.0
19872,0.0,-1612.432617,-1147.841675,-178.1409,0.8960673202,0.4204159209,-0.1425265276,0.0922552021,393.4464555601,937.8428373577,5.0
19873,0.0,-1613.6073,-1145.164429,-177.533997,0.896103346,0.4203611699,-0.1424615038,0.0917005827,392.886783248,939.2000625894,5.0
19874,0.0,-1615.1073,-1141.78418,-176.7677,0.896103346,0.4203611699,-0.1424615038,0.0910533119,392.2896544916,940.9403257556,5.0
19875,0.0,-1616.600342,-1138.458008,-176.013458,0.896103346,0.4203611699,-0.1424615038,0.0904231771,391.7174495731,942.6803831107,5.0
19876,0.0,-1617.751221,-1135.9198,-175.437714,0.8962045035,0.4204086228,-0.1416830186,0.0900339442,391.4445398289,943.9614900517,5.0
19877,0.0,-1618.975952,-1133.233765,-174.827332,0.8967657164,0.4199364576,-0.1395156677,0.0886859825,389.2558514572,945.4566841014,5.0
19878,0.0,-1620.557861,-1129.78479,-174.04187,0.8979654983,0.4184315082,-0.1362829291,0.0867192253,385.8816913254,947.3427258296,5.0
19879,0.0,-1621.784302,-1127.131226,-173.438141,0.898605936,0.417642897,-0.1344685181,0.0856055966,384.0912034709,948.7844843007,5.0
19880,0.0,-1623.30481,-1123.796753,-172.682434,0.8992044955,0.4167751472,-0.1331531148,0.0844280283,382.2859627576,950.595580634,5.0
19881,0.0,-1624.624634,-1120.7948,-172.008209,0.8993960232,0.4166573367,-0.1322250253,0.0837131764,381.3701034271,952.1809255206,5.0
19882,0.0,-1625.631836,-1118.511353,-171.494232,0.8997685985,0.4161439617,-0.1313037408,0.0823263822,378.8988761211,953.600466636,5.0
19883,0.0,-1626.263794,-1117.083862,-171.171295,0.9003448742,0.4150378069,-0.1308538359,,,,
19884,0.0,-1626.878784,-1115.702026,-170.856506,0.9014184282,0.4130352492,-0.1297948388,,,,
19885,0.0,-1627.569336,-1114.159546,-170.502533,0.9033294718,0.4096963369,-0.1270620984,,,,
19886,0.0,-1628.122803,-1112.938965,-170.208862,0.9058938079,0.4051976304,-0.1231717867,,,,
19887,0.0,-1629.022949,-1110.936768,-169.695343,0.90896601,0.4002369083,-0.1165813447,,,,
19888,0.0,-1629.419189,-1110.031738,-169.470306,0.9087817991,0.4008211947,-0.11600867,,,,
19889,0.0,-1629.776855,-1109.205078,-169.267761,0.9080984175,0.4024744309,-0.1156356203,,,,
19890,0.0,-1630.098389,-1108.461182,-169.085663,0.9074567399,0.4040415608,-0.1152071277,,,,
19891,0.0,-1630.44873,-1107.654785,-168.887512,0.9068637982,0.4055043749,-0.1147355809,,,,
19892,0.0,-1630.696655,-1107.088867,-168.746338,0.9068202064,0.4056119996,-0.1146996911,,,,
19893,0.0,-1630.91272,-1106.597656,-168.623535,0.9068202064,0.4056119996,-0.1146996911,0.0633499298,336.3826992283,960.3620811119,5.0
19894,0.0,-1631.046997,-1106.292236,-168.547211,0.9068202064,0.4056119996,-0.1146996911,0.0622581792,333.8511597503,961.1844260266,5.0
19895,0.0,-1631.191895,-1105.962036,-168.46524,0.9067092575,0.4058599062,-0.1146998645,0.0609288926,330.7020302038,962.1180246203,5.0
19896,0.0,-1631.293457,-1105.729736,-168.40744,0.9066645941,0.4059597205,-0.1146996911,0.0581405344,323.9034720267,963.9781623467,5.0
19897,0.0,-1631.35498,-1105.590454,-168.372589,0.9066645941,0.4059597205,-0.1146996911,0.0585160391,324.9946321888,964.2104269713,5.0
19898,0.0,-1631.355347,-1105.589233,-168.372314,0.9066645941,0.4059597205,-0.1146996911,0.0574548376,322.4241854414,965.1142950343,5.0
19899,0.0,-1631.355347,-1105.589355,-168.372345,0.9066645941,0.4059597205,-0.1146996911,0.0564225647,319.8706315719,965.9330637779,5.0
19900,0.0,-1631.355347,-1105.589355,-168.372345,0.9066645941,0.4059597205,-0.1146996911,0.0553828153,317.2382712567,966.6761431188,5.0
19901,0.0,-1631.355347,-1105.589355,-168.372345,0.9066645941,0.4059597205,-0.1146996911,0.0543529366,314.5633437844,967.3075431103,5.0
19902,0.0,-1631.355347,-1105.589355,-168.372345,0.9066645941,0.4059597205,-0.1146996911,0.0534032634,312.0411787506,967.8098010711,5.0
19903,0.0,-1631.355347,-1105.589355,-168.372345,0.9066645941,0.4059597205,-0.1146996911,0.0524257595,309.4112439157,968.3151247297,5.0
19904,0.0,-1631.355225,-1105.589355,-168.372345,0.9066645941,0.4059597205,-0.1146996911,0.0514295607,306.6085971399,968.5451391441,5.0
19905,0.0,-1631.354248,-1105.588989,-168.372345,0.9066645941,0.4059597205,-0.1146996911,0.0503852394,303.5783994118,968.6007509057,5.0
19906,0.0,-1631.346558,-1105.585449,-168.372345,0.9066645941,0.4059597205,-0.1146996911,0.0493763442,300.7174676361,968.9747190951,5.0
19907,0.0,-1631.241821,-1105.538696,-168.359589,0.9066645941,0.4059597205,-0.1146996911,0.0485388252,298.2413006952,969.0433307557,5.0
19908,0.0,-1631.057495,-1105.454712,-168.338928,0.9066434634,0.4061092307,-0.1143368836,0.0478105805,295.9936477976,968.8563834904,5.0
19909,0.0,-1630.794678,-1105.331177,-168.309387,0.906533222,0.4067217924,-0.1130261073,0.0467351434,292.6433707572,968.5818635297,5.0
19910,0.0,-1630.471191,-1105.178467,-168.273041,0.9063451938,0.4075146571,-0.1116700223,0.04582305,289.6882355712,968.0703505179,5.0
19911,0.0,-1630.087158,-1105.002319,-168.229797,0.9063273377,0.4078894866,-0.1104396834,0.0448432291,286.4890767385,967.5397926047,5.0
19912,0.0,-1629.83606,-1104.80481,-168.18045,0.9063624957,0.4079126523,-0.1100649558,0.044117142,284.1152730294,967.2070987097,5.0
19913,0.0,-1629.50769,-1104.447876,-168.091187,0.9063754899,0.4079184623,-0.1099363424,0.043214097,281.0906835824,966.634018206,5.0
19914,0.0,-1629.20813,-1104.031982,-167.987244,0.9063754899,0.4079184623,-0.1099363424,0.0424354307,278.4621938351,966.1485029435,5.0
19915,0.0,-1628.882202,-1103.498657,-167.853912,0.9063754899,0.4079184623,-0.1099363424,0.0415955578,275.5783779039,965.5404455008,5.0
19916,0.0,-1628.548218,-1102.884766,-167.700409,0.9063754899,0.4079184623,-0.1099363424,0.0407747672,272.7375517139,964.9548862797,5.0
19917,0.0,-1628.297729,-1102.38623,-167.575806,0.9063754899,0.4079184623,-0.1099363424,0.040202066,270.7423932219,964.5537410422,5.0
19918,0.0,-1627.964233,-1101.689331,-167.40155,0.9063754899,0.4079184623,-0.1099363424,0.0394637852,268.1516335692,964.036867903,5.0
19919,0.0,-1627.651245,-1101.006104,-167.230743,0.9063754899,0.4079184623,-0.1099363424,0.0388301994,265.9104484355,963.591573329,5.0
19920,0.0,-1627.291748,-1100.195923,-167.028076,0.9064062013,0.4078501601,-0.1099365505,0.0381541026,263.5106808338,963.1527212067,5.0
19921,0.0,-1626.924805,-1099.346436,-166.815643,0.9064145933,0.4078315654,-0.1099363424,0.037527045,261.2618494962,962.7243857717,5.0
19922,0.0,-1626.482544,-1098.299316,-166.553864,0.9064145933,0.4078315654,-0.1099363424,0.0366701548,258.1698295903,962.1714855139,5.0
19923,0.0,-1626.062378,-1097.287476,-166.300934,0.9064430296,0.4078443219,-0.1096541982,0.0358007204,255.0197332014,961.6900666253,5.0
19924,0.0,-1625.749634,-1096.527466,-166.110291,0.9066204902,0.4076187679,-0.1090239737,0.0350846111,252.4139541282,961.3534739421,5.0
19925,0.0,-1624.815552,-1094.236816,-165.533905,0.9077396212,0.406313357,-0.1044903631,0.0326434894,243.3883890819,960.4174337779,5.0
19926,0.0,-1624.5716555,-1093.630676,-165.3816985,0.9080384852,0.4061333158,-0.102557205,0.0320203183,241.0223608692,960.1839382008,5.0
19927,0.0,-1623.826172,-1091.765869,-164.914764,0.908689189,0.4060298834,-0.0970757006,0.030351204,234.5870844102,959.4486548881,5.0
19928,0.0,-1623.327881,-1090.50647,-164.600189,0.9089577055,0.4063234654,-0.0932584097,0.0293778516,230.747654222,959.0154376895,5.0
19929,0.0,-1622.777954,-1089.11145,-164.251709,0.9092117326,0.4065636229,-0.0896663022,0.0284241492,226.9103148959,958.5256876529,5.0
19930,0.0,-1622.4716795,-1088.3347165,-164.0572355,0.9093886329,0.4064931035,-0.0881668098,0.0279639706,225.0186666017,958.2432976873,5.0
19931,0.0,-1622.165405,-1087.557983,-163.862762,0.9095655332,0.4064225841,-0.0866673175,0.0275037919,223.1270183076,957.9609077218,5.0
19932,0.0,-1621.22229,-1085.165894,-163.261414,0.9104785293,0.4052219063,-0.0826078345,0.0256683194,215.4997002518,957.2775977569,5.0
19933,0.0,-1620.609985,-1083.606445,-162.869934,0.9108709461,0.4045884982,-0.081377311,0.0248607937,212.0174519433,956.7869896761,5.0
19934,0.0,-1619.931152,-1081.863159,-162.434998,0.9107269844,0.4049648815,-0.0811159944,0.0242486506,209.3133263775,956.2841289504,5.0
19935,0.0,-1619.216187,-1080.014404,-161.974823,0.9103465838,0.405819293,-0.0811159596,0.0238317116,207.4214656117,955.7936010881,5.0
19936,0.0,-1618.515991,-1078.211182,-161.524139,0.910343182,0.4058269377,-0.08111589,0.0233238255,205.1264414159,955.3312640183,5.0
19937,0.0,-1617.996704,-1076.871094,-161.189117,0.910343182,0.4058269377,-0.08111589,0.0229883336,203.5883452762,954.9806050704,5.0
19938,0.0,-1616.984741,-1074.255859,-160.535278,0.910343182,0.4058269377,-0.08111589,0.0223551635,200.6441667447,954.2528431335,5.0
19939,0.0,-1616.408691,-1072.772461,-160.162994,0.9106600441,0.4052467851,-0.0804569898,0.0218735172,198.410867653,953.8478755478,5.0
19940,0.0,-1615.492676,-1070.66748,-159.608063,0.9173787391,0.3918962172,-0.069524125,0.018019371,180.1302713433,953.1630261088,5.0
19941,0.0,-1614.157837,-1067.99939,-158.866394,0.9337630687,0.3559286523,-0.0374342887,0.0104062041,137.0224720521,952.2772743367,5.0
19942,0.0,-1613.309326,-1066.424805,-158.416397,0.9441364873,0.3289488732,-0.0199732844,0.0066050937,109.1995669044,951.6664362488,5.0
19943,0.0,-1611.980469,-1064.113403,-157.736664,0.9596743514,0.2810960781,0.0031834054,0.002751744,70.4908390008,950.8513752918,5.0
19944,0.0,-1610.693359,-1061.813477,-157.073593,0.9703933303,0.24126307,0.0113541002,0.0015160344,52.2905048608,949.9876731389,5.0
19945,0.0,-1609.470459,-1059.591187,-156.447296,0.9775802596,0.2102326806,0.0117922009,0.0015726272,53.2174138693,949.2851465665,5.0
19946,0.0,-1608.389404,-1057.393433,-155.87648,0.9794433807,0.2015312929,0.0087064301,0.0017152429,55.5377241857,948.6293940253,5.0
19947,0.0,-1607.138916,-1054.52417,-155.189102,0.9763353639,0.2162618815,-0.0002361954,0.001178296,45.9969041022,947.794890043,5.0
19948,0.0,-1606.211792,-1052.405273,-154.684647,0.9734443368,0.2288993488,-0.0033483381,0.0009221445,40.6113462919,945.8734625833,5.0
19949,0.0,-1604.812744,-1049.47937,-153.962463,0.9720372483,0.2347853022,-0.0044101884,0.0010354296,42.9877615926,944.8916179541,5.0
19950,0.0,-1603.329224,-1046.537354,-153.223511,0.9720372483,0.2347853022,-0.0044101884,0.0010957175,44.1662921023,943.7254151454,5.0
19951,0.0,-1601.687378,-1043.335327,-152.419098,0.9720372483,0.2347853022,-0.0044101884,0.0011583194,45.3847465558,943.2060066112,5.0
19952,0.0,-1600.42688,-1040.913086,-151.810638,0.9720372483,0.2347853022,-0.0044101884,0.0011917462,45.9810755103,942.1101174873,5.0
19953,0.0,-1599.059082,-1038.312134,-151.157135,0.9720372483,0.2347853022,-0.0044101884,0.0012316514,46.6847955079,940.9148474607,5.0
19954,0.0,-1597.369995,-1035.132446,-150.358154,0.9720372483,0.2347853022,-0.0044101884,0.0012863879,47.6306857168,939.3459579243,5.0
19955,0.0,-1596.072021,-1032.711426,-149.749603,0.9720372483,0.2347853022,-0.0044101884,0.0013359021,48.4674344255,937.9783478205,5.0
19956,0.0,-1594.623291,-1030.029785,-149.075531,0.9720372483,0.2347853022,-0.0044101884,0.0013849198,49.2746173623,936.5832139792,5.0
19957,0.0,-1592.834106,-1026.75061,-148.251495,0.9720372483,0.2347853022,-0.0044101884,0.0014542507,50.3908476768,934.7058754838,5.0
19958,0.0,-1591.33374,-1024.112061,-147.591827,0.9720372483,0.2347853022,-0.0044101884,0.0015157541,51.3542749267,933.0649134565,5.0
19959,0.0,-1589.682739,-1021.225586,-146.870239,0.9720372483,0.2347853022,-0.0044101884,0.0015882116,52.4619572802,931.2103947698,5.0
19960,0.0,-1589.296021,-1020.550903,-146.701538,0.9720372483,0.2347853022,-0.0044101884,0.0016078005,52.7595599864,930.7750303123,5.0
19961,0.0,-1586.409546,-1015.551392,-145.45166,0.9720372483,0.2347853022,-0.0044101884,0.0018945678,57.0712440901,927.5836103667,5.0
19962,0.0,-1584.451782,-1012.182251,-144.609406,0.9720372483,0.2347853022,-0.0044101884,0.0021178846,60.1955300837,925.397181324,5.0
19963,0.0,-1582.933716,-1009.58136,-143.959167,0.9720372483,0.2347853022,-0.0044101884,0.0022968592,62.5679566027,923.6752465255,5.0
19964,0.0,-1581.421753,-1006.999512,-143.313751,0.9720372483,0.2347853022,-0.0044101884,0.0024891156,65.0064488833,921.9117153695,5.0
19965,0.0,-1579.577759,-1003.867615,-142.52887,0.9722051682,0.2339744391,-0.0085482568,0.0024355154,64.1573689274,919.8154514369,5.0
19966,0.0,-1577.859619,-1000.968262,-141.799866,0.9726225011,0.2321362171,-0.0108741469,0.0024543617,64.2655185516,917.8260422289,5.0
19967,0.0,-1574.431519,-995.176697,-140.355042,0.9722415294,0.2334543644,-0.015667424,0.0026651525,66.6699774744,913.7846080013,5.0
19968,0.0,-1573.5355835,-993.652771,-139.9793245,0.9716647874,0.2357608138,-0.016665282,0.0027085782,66.8355229699,908.7599055899,5.0
19969,0.0,-1571.114258,-989.565674,-138.963806,0.9709847523,0.2384756702,-0.01783159,0.0029011524,68.5774261693,900.9405457961,5.0
19970,0.0,-1569.454102,-986.781799,-138.246979,0.9709847523,0.2384756702,-0.01783159,0.003068818,70.3545530657,898.7214200286,5.0
19971,0.0,-1568.4314575,-985.0693055,-137.7659305,0.9709847523,0.2384756702,-0.01783159,0.0031821645,71.51782465,897.3557416207,5.0
19972,0.0,-1565.839722,-980.732544,-136.534912,0.9709847523,0.2384756702,-0.01783159,0.0034765806,74.465723413,893.8055736835,5.0
19973,0.0,-1564.269531,-978.108948,-135.785278,0.9709847523,0.2384756702,-0.01783159,0.0036653018,76.2701811394,891.6270398247,5.0
19974,0.0,-1562.276978,-974.782349,-134.834869,0.9709847523,0.2384756702,-0.01783159,0.0039158795,78.585859231,888.8742579918,5.0
19975,0.0,-1560.572876,-971.940735,-134.02298,0.9709847523,0.2384756702,-0.01783159,0.0041400481,80.5862888503,886.5299860518,5.0
19976,0.0,-1558.925293,-969.19519,-133.238525,0.9709847523,0.2384756702,-0.01783159,0.004365651,82.5374109133,884.2719508476,5.0
19977,0.0,-1557.297119,-966.484009,-132.463898,0.9709847523,0.2384756702,-0.01783159,0.0045972491,84.4806262419,882.0492213577,5.0
19978,0.0,-1555.46521,-963.435852,-131.593018,0.9709847523,0.2384756702,-0.01783159,0.0048682536,86.6836651164,879.5588012469,5.0
19979,0.0,-1553.598755,-960.332153,-130.706238,0.9709847523,0.2384756702,-0.01783159,0.0051563715,88.9496240877,877.0363381024,5.0
19980,0.0,-1552.167847,-957.953979,-130.026764,0.9709847523,0.2384756702,-0.01783159,0.0053879297,90.7220180192,875.1298967927,5.0
19981,0.0,-1550.440186,-955.094971,-129.206085,0.9713347011,0.2370462648,-0.0178316249,0.0055856085,92.1343947899,872.9288370729,5.0
19982,0.0,-1548.528809,-951.946655,-128.299011,0.9720300234,0.2341787067,-0.0178316249,0.0057252184,93.0265519234,870.5994680318,5.0
19983,0.0,-1546.9646,-949.382263,-127.557716,0.9728357388,0.2308647958,-0.0170900952,0.0058538789,93.8993676294,869.085116778,5.0
19984,0.0,-1545.029175,-946.248535,-126.640564,0.9748099953,0.2225207476,-0.0151654223,0.0057943528,93.2335893841,867.3311918628,5.0
19985,0.0,-1543.123901,-943.20874,-125.740822,0.9775167824,0.2105093942,-0.0121134232,0.0053504727,89.361060471,865.0056407098,5.0
19986,0.0,-1541.354248,-940.460754,-124.914925,0.9808836881,0.1944581283,-0.0072956734,0.0050906973,86.8544802248,861.8704880668,5.0
19987,0.0,-1539.812988,-938.222229,-124.220703,0.9850946342,0.172011153,-0.000851389,0.0050108259,85.9028405415,859.1769099424,5.0
19988,0.0,-1538.115234,-935.899536,-123.478706,0.9901527075,0.1397427517,0.0083414077,0.0056690337,91.0909731765,856.6870580259,5.0
19989,0.0,-1535.96814,-933.005005,-122.552689,0.994859361,0.0996844588,0.0178286409,0.0076058399,105.0783582456,853.5953871907,5.0
19990,0.0,-1533.912476,-930.471375,-121.701042,0.9983873713,0.0488538122,0.028913004,0.0121491796,132.2112911798,850.7523870009,5.0
19991,0.0,-1532.330933,-928.558594,-121.057747,0.9992889891,0.0112666425,0.0359802582,0.0168936797,155.3166396076,848.5605916486,5.0
19992,0.0,-1530.270386,-926.130005,-120.237549,0.9983367716,-0.0369766155,0.0442314415,0.0247562819,187.0095897779,845.6892761086,5.0
19993,0.0,-1528.350586,-923.955139,-119.496048,0.9953292638,-0.0820611934,0.0508489641,0.0338997598,217.6424360305,843.0288544972,5.0
19994,0.0,-1526.048218,-921.49823,-118.63559,0.9883352952,-0.1406128971,0.0584923714,0.0487711223,259.0893418308,839.8738623046,5.0
19995,0.0,-1524.201416,-919.543335,-117.973907,0.9819399589,-0.1784380411,0.0628791116,0.0588366854,281.5835236763,833.2054505814,5.0
19996,0.0,-1521.816528,-917.07666,-117.157051,0.9732744872,-0.2195453888,0.0673542482,0.0722914547,309.7715735484,829.8075724544,5.0
19997,0.0,-1519.690063,-915.039001,-116.462593,0.9618241763,-0.2642613091,0.0711351835,0.0895378739,341.626984794,825.9990784107,5.0
19998,0.0,-1517.342041,-912.697571,-115.758614,0.9517761458,-0.297704859,0.0741214223,0.103493486,364.1430226545,821.9365925668,5.0
19999,0.0,-1515.583618,-911.039795,-115.259773,0.9447719501,-0.318898853,0.0755611269,0.1127681804,377.8598170398,819.0771272694,5.0
20000,0.0,-1513.10498,-908.817566,-114.590218,0.9325038644,-0.3525746285,0.0782794621,0.1284716055,399.578239932,814.8919799945,5.0
20001,0.0,-1510.416992,-906.557251,-113.908211,0.9198228167,-0.3839708221,0.0805753913,0.144570941,419.7175524868,810.3907042838,5.0
20002,0.0,-1507.806519,-904.688538,-113.34095,0.9113834353,-0.4033696098,0.0816896067,,,,
20003,0.0,-1504.983032,-903.026489,-112.831238,0.8997860942,-0.4284152792,0.0827365293,,,,
20004,0.0,-1503.019409,-902.086182,-112.538879,0.8943807266,-0.4394527265,0.0834530833,,,,
20005,0.0,-1499.695923,-900.790283,-112.129669,0.8820215976,-0.4635429942,0.084651012,,,,
20006,0.0,-1497.720947,-900.214417,-111.942291,0.8763950749,-0.4740947964,0.0846510294,,,,
20007,0.0,-1494.938599,-899.591003,-111.732727,0.8672403694,-0.4906407523,0.084651012,,,,
20008,0.0,-1488.327271,-894.508728,-112.363342,0.8531948096,-0.5146773941,0.0846510294,,,,
20009,0.0,-1485.754395,-894.433838,-111.761887,0.844604563,-0.5286561626,0.084651012,,,,
20010,0.0,-1485.360413,-894.4579775,-111.764084,0.8434259552,-0.530529001,0.084656603,,,,
20011,0.0,-1481.247925,-895.161255,-110.620811,0.8308257587,-0.5499091963,0.0856062759,,,,
20012,0.0,-1479.015259,-895.890015,-104.544617,0.8253272704,-0.5581276397,0.0856062759,,,,
20013,0.0,-1477.05603,-896.438843,-103.186752,0.8224527494,-0.5623549035,0.0856062933,,,,
20014,0.0,-1474.687012,-897.531494,-103.796104,0.8202977883,-0.5654936816,0.0856062759,,,,
20015,0.0,-1474.400696,-897.711914,-103.804985,0.8202262394,-0.5655974414,0.0856062759,,,,
20016,0.0,-1470.823364,-900.374268,-103.793823,0.8201546905,-0.5657012013,0.0856062759,,,,
20017,0.0,-1468.451538,-902.31134,-103.732979,0.8201546905,-0.5657012013,0.0856062759,,,,
20018,0.0,-1466.522705,-903.958496,-103.708855,0.8201546905,-0.5657012013,0.0856062759,,,,
20019,0.0,-1463.914429,-906.241089,-103.735397,0.8201546905,-0.5657012013,0.0856062759,,,,
20020,0.0,-1461.723999,-908.091736,-103.78801,0.8201546905,-0.5657012013,0.0856062759,,,,
20021,0.0,-1459.506348,-909.982849,-103.918625,0.8201546905,-0.5657012013,0.0856062759,,,,
20022,0.0,-1457.17041,-911.939758,-104.066811,0.8201546905,-0.5657012013,0.0856062759,,,,
20023,0.0,-1454.898438,-913.745117,-104.279747,0.8201546905,-0.5657012013,0.0856062759,,,,
20024,0.0,-1452.54187,-915.599243,-104.514465,0.8201546905,-0.5657012013,0.0856062759,,,,
20025,0.0,-1450.224976,-917.355652,-104.76123,0.8228780715,-0.5617323606,0.0856062759,,,,
20026,0.0,-1447.869873,-919.126038,-105.023895,0.825586022,-0.5578611269,0.0848450552,,,,
20027,0.0,-1445.517578,-920.881104,-105.285286,0.8285070792,-0.553543337,0.084651012,,,,
20028,0.0,-1442.618286,-923.009338,-105.54245,0.8344124529,-0.5444682008,0.085499923,,,,
20029,0.0,-1440.057861,-924.838318,-105.619087,0.8431374129,-0.5305638344,0.0873001746,,,,
20030,0.0,-1438.78479,-929.366028,-104.298729,0.85179264,-0.5162513438,0.0890721532,,,,
20031,0.0,-1435.77124,-931.282043,-104.298729,0.8679026265,-0.4879154087,0.0931857553,,,,
20032,0.0,-1433.333618,-933.096436,-104.298721,0.8801885985,-0.4647926631,0.0961031294,,,,
20033,0.0,-1431.239624,-934.767212,-104.298729,0.8938298687,-0.4374043738,0.098719702,,,,
20034,0.0,-1429.050049,-936.59314,-104.298744,0.9081258964,-0.4060312749,0.1022054795,,,,
20035,0.0,-1426.947144,-938.559692,-104.298737,0.918047046,-0.3822900372,0.1050901932,,,,
20036,0.0,-1424.505493,-940.939087,-104.298752,0.9312465546,-0.3473882844,0.1100056107,,,,
20037,0.0,-1422.709961,-942.654053,-104.298744,0.9374160337,-0.3295428046,0.1124843089,,,,
20038,0.0,-1419.70874,-945.33606,-104.298729,0.9441108233,-0.3081464749,0.1170491493,,,,
20039,0.0,-1417.402832,-947.327942,-104.298721,0.9447941509,-0.3059965628,0.1171755776,,,,
20040,0.0,-1414.695679,-949.529297,-104.298721,0.9448514695,-0.3058195227,0.1171755949,,,,
20041,0.0,-1412.456177,-951.232483,-104.298721,0.9448514695,-0.3058195227,0.1171755949,,,,
20042,0.0,-1409.557007,-953.315491,-104.298721,0.9448514695,-0.3058195227,0.1171755949,,,,
20043,0.0,-1407.001099,-955.045898,-104.298721,0.9448514695,-0.3058195227,0.1171755949,,,,
20044,0.0,-1403.837402,-957.100281,-104.298721,0.9448514695,-0.3058195227,0.1171755949,,,,
20045,0.0,-1401.578979,-958.483215,-104.298721,0.9450865459,-0.3050922888,0.1171755776,,,,
20046,0.0,-1398.329224,-960.390137,-104.298721,0.9454219558,-0.3040513271,0.1171755776,,,,
20047,0.0,-1395.787476,-961.820129,-104.298721,0.9454361376,-0.3040072197,0.1171755949,,,,
20048,0.0,-1392.682251,-963.501282,-104.298721,0.9454361376,-0.3040072197,0.1171755949,,,,
20049,0.0,-1389.66394,-965.044006,-104.298721,0.9461382758,-0.3014734157,0.1180514408,,,,
20050,0.0,-1384.025024,-967.654114,-104.298714,0.9511513967,-0.2855328146,0.1173969005,,,,
20051,0.0,-1380.739136,-969.090942,-104.298721,0.9540282599,-0.2761965956,0.1163852224,,,,
20052,0.0,-1377.50708,-970.430786,-104.298721,0.9573231476,-0.265339146,0.114575428,,,,
20053,0.0,-1375.754883,-971.1433715,-104.298721,0.9585788644,-0.260988243,0.1139773348,,,,
20054,0.0,-1371.376465,-972.885437,-104.298721,0.9615479516,-0.2505007531,0.1125829006,,,,
20055,0.0,-1368.027344,-974.196533,-104.298721,0.9625422693,-0.2467297341,0.1124136031,,,,
20056,0.0,-1364.65271,-975.487305,-104.298721,0.9630740893,-0.2446456298,0.1124135858,,,,
20057,0.0,-1361.434448,-976.696472,-104.298721,0.9630905669,-0.2445807468,0.1124136031,,,,
20058,0.0,-1358.303101,-977.83905,-104.298721,0.9630905669,-0.2445807468,0.1124136031,,,,
20059,0.0,-1355.459351,-978.84967,-104.298721,0.9630905669,-0.2445807468,0.1124136031,,,,
20060,0.0,-1352.728882,-979.976379,-104.298721,0.9644961548,-0.2393966908,0.1115185721,,,,
20061,0.0,-1352.537964,-981.020996,-104.298721,0.9665775375,-0.230877308,0.1114609017,,,,
20062,0.0,-1352.484131,-981.7771,-104.298714,0.9693248469,-0.2194460129,0.1106923146,,,,
20063,0.0,-1352.416748,-982.712036,-104.298721,0.9731756174,-0.202703363,0.1088143576,,,,
20064,0.0,-1352.358765,-983.557617,-104.298721,0.9775176127,-0.1818378168,0.1067442051,,,,
20065,0.0,-1352.313232,-984.239685,-104.298721,0.9812903235,-0.1620194821,0.1040143669,,,,
20066,0.0,-1352.27002,-984.869751,-104.298714,0.9842288172,-0.1450557519,0.1012544525,0.1458598909,386.2785928015,742.7820911087,5.0
20067,0.0,-1352.240112,-985.391296,-104.298698,0.9874695765,-0.1232159485,0.0985985071,0.135781982,375.1102130972,745.5717882989,5.0
20068,0.0,-1352.199097,-985.986816,-104.298714,0.9902059648,-0.101172638,0.0962093791,0.1261326323,364.1562640853,749.0393459031,5.0
20069,0.0,-1352.14209,-986.472961,-104.298721,0.9908791979,-0.0952886002,0.0952811513,0.1239183865,362.5180028914,751.8580261712,5.0
20070,0.0,-1352.080933,-986.896667,-104.298721,0.9912374423,-0.092367758,0.0944273809,0.1229742793,362.5619893251,754.640338511,5.0
20071,0.0,-1352.001099,-987.341003,-104.298721,0.9913219715,-0.0916903532,0.0941999357,0.123089985,364.3058789626,757.9369758159,5.0
20072,0.0,-1351.92334,-987.688721,-104.298721,0.9913219715,-0.0916903532,0.0941999357,0.1233635122,366.3318546567,761.3620821456,5.0
20073,0.0,-1351.92334,-987.877258,-104.298721,0.9913219715,-0.0916903532,0.0941999357,0.1235178841,367.8588243926,764.0891663411,5.0
20074,0.0,-1351.923706,-987.998047,-104.298721,0.9913219715,-0.0916903532,0.0941999357,0.1236242011,369.1991229461,766.5650246838,5.0
20075,0.0,-1351.923584,-988.038818,-104.298721,0.9913219715,-0.0916903532,0.0941999357,0.1237211924,370.9230619978,769.8623854792,5.0
20076,0.0,-1351.923462,-988.048706,-104.298721,0.9913219715,-0.0916903532,0.0941999357,0.1238382805,372.5888206137,772.978168199,5.0
20077,0.0,-1351.92334,-988.060425,-104.298721,0.9913219715,-0.0916903532,0.0941999357,0.1240108138,374.5380791,776.5171191607,5.0
20078,0.0,-1351.92334,-988.070984,-104.298721,0.9913219715,-0.0916903532,0.0941999357,0.1243367064,376.4643346877,779.5549243095,5.0
20079,0.0,-1351.92334,-988.081055,-105.428955,0.9913219715,-0.0916903532,0.0941999357,0.124307484,377.7767970674,782.3585248831,5.0
20080,0.0,-1351.834595,-988.09082,-106.733582,0.9913219715,-0.0916903532,0.0941999357,0.1242587354,378.968750254,784.9707398906,5.0
20081,0.0,-1351.69873,-988.103088,-108.238708,0.9913219715,-0.0916903532,0.0941999357,0.1242108967,380.427647559,788.1342822186,5.0
20082,0.0,-1351.573364,-988.135925,-109.614746,0.9910146961,-0.0941330711,0.0950201922,0.1255521718,383.6606511727,790.8579164806,5.0
20083,0.0,-1351.462158,-988.208618,-110.927612,0.9902215485,-0.101303179,0.0959111614,0.1288623529,389.7095536984,793.6429373986,5.0
20084,0.0,-1351.317383,-988.331482,-112.537109,0.988850759,-0.1137422072,0.0961087234,0.1343732606,399.0929615064,797.0861481331,5.0
20085,0.0,-1351.184448,-988.427307,-113.899414,0.9878194752,-0.1230499772,0.0952438321,0.1383405768,405.9416262049,799.9054940105,5.0
20086,0.0,-1351.032471,-988.587036,-115.223267,0.9856855548,-0.1391748261,0.0951543733,0.1458180397,417.354230333,802.6440976218,5.0
20087,0.0,-1350.834351,-988.846191,-116.772339,0.98164725,-0.1652704503,0.0951543733,,,,
20088,0.0,-1350.641235,-989.156128,-117.96875,0.9748948578,-0.2013098559,0.0951543906,,,,
20089,0.0,-1350.485962,-989.428955,-117.96875,0.9666632257,-0.2373853686,0.0959708022,,,,
20090,0.0,-1350.323853,-989.606628,-117.96875,0.9589222466,-0.266588973,0.0969455747,,,,
20091,0.0,-1349.986572,-989.683105,-117.96875,0.9490062109,-0.2990405321,0.099809678,,,,
20092,0.0,-1349.783203,-989.565308,-117.96875,0.9484153136,-0.3008709823,0.0999251969,,,,
20093,0.0,-1349.6724245,-989.4931335,-117.96875,0.948402927,-0.300910022,0.0999251969,,,,
20094,0.0,-1349.561646,-989.420959,-117.96875,0.9483905405,-0.3009490617,0.0999251969,,,,
20095,0.0,-1349.135254,-989.157349,-117.96875,0.9478910825,-0.3025185074,0.0999252143,,,,
20096,0.0,-1349.116638,-989.1467895,-117.96875,0.9478378102,-0.3026853259,0.0999252143,,,,
20097,0.0,-1348.639038,-988.918091,-117.96875,0.9450335421,-0.3113303057,0.0999251969,,,,
20098,0.0,-1348.358521,-988.821167,-117.96875,0.9421611121,-0.3199177814,0.0999252316,,,,
20099,0.0,-1348.114624,-988.777405,-117.96875,0.9380035391,-0.3313835478,0.1016577831,,,,
20100,0.0,-1347.862671,-988.797607,-117.96875,0.9308127038,-0.3500362799,0.1051775315,,,,
20101,0.0,-1347.608032,-989.027649,-117.96875,0.913256103,-0.391936608,0.1111259897,,,,
20102,0.0,-1347.438232,-989.344604,-117.96875,0.8910414163,-0.4389454734,0.1156376486,,,,
20103,0.0,-1347.307495,-989.758484,-117.96875,0.8599062386,-0.4966193932,0.118027281,,,,
20104,0.0,-1347.192993,-990.05426,-117.96875,0.8334304851,-0.5398513476,0.1181276806,,,,
20105,0.0,-1346.950073,-990.17511,-117.96875,0.7986980841,-0.5900230721,0.1181276633,,,,
20106,0.0,-1346.627075,-990.133179,-117.96875,0.7646192873,-0.6335638884,0.1181276633,,,,
20107,0.0,-1346.227905,-990.101135,-117.96875,0.7268694055,-0.6765402563,0.1181276806,,,,
20108,0.0,-1345.813843,-990.089355,-117.96875,0.6945969912,-0.7097900035,0.1171886121,,,,
20109,0.0,-1345.458496,-990.095703,-117.96875,0.6786613196,-0.7251774863,0.1163461499,,,,
20110,0.0,-1345.024658,-990.116211,-117.96875,0.667460499,-0.7357934247,0.114474969,,,,
20111,0.0,-1344.594971,-990.067932,-117.96875,0.6652597255,-0.7378080575,0.1143187125,,,,
20112,0.0,-1344.240601,-989.97052,-117.96875,0.6652486253,-0.737818066,0.1143187125,,,,
20113,0.0,-1343.849976,-989.81665,-117.96875,0.6638882021,-0.7390424122,0.1143187125,,,,
20114,0.0,-1343.507935,-989.644836,-117.96875,0.6588535386,-0.7439245187,0.1117511751,,,,
20115,0.0,-1343.14209,-989.433167,-117.96875,0.6480403112,-0.7537852834,0.1088646021,,,,
20116,0.0,-1342.765625,-989.192871,-117.96875,0.6327936078,-0.767292739,0.1040869951,,,,
20117,0.0,-1342.438232,-988.971191,-117.96875,0.6196768014,-0.7782862427,0.1013468611,,,,
20118,0.0,-1342.065918,-988.710876,-117.96875,0.6041954197,-0.7908290274,0.0976593274,,,,
20119,0.0,-1341.666382,-988.425964,-117.96875,0.5902182725,-0.8017941254,0.0936406498,,,,
20120,0.0,-1341.271973,-988.143005,-117.96875,0.5777765163,-0.8111460466,0.0906442953,,,,
20121,0.0,-1340.841919,-987.834778,-117.96875,0.5668054999,-0.8191846924,0.0875669176,,,,
20122,0.0,-1340.480957,-987.577148,-117.96875,0.5619636017,-0.8226925615,0.0858711803,,,,
20123,0.0,-1340.040649,-987.263916,-117.96875,0.5583400038,-0.8251836194,0.0856062759,,,,
20124,0.0,-1339.582642,-986.939636,-117.96875,0.557284214,-0.8258970095,0.0856062759,,,,
20125,0.0,-1339.187012,-986.660706,-117.96875,0.556577463,-0.8263734586,0.0856062759,,,,
20126,0.0,-1338.719116,-986.331482,-117.96875,0.5537204492,-0.8284646484,0.0839046513,,,,
20127,0.0,-1338.221924,-985.98407,-117.96875,0.5465484129,-0.833326103,0.0827794563,,,,
20128,0.0,-1337.79126,-985.685913,-117.96875,0.5393573223,-0.8381631132,0.0810942322,,,,
20129,0.0,-1337.311646,-985.356628,-117.96875,0.5342000546,-0.8415620239,0.0800228821,,,,
20130,0.0,-1336.781494,-984.996033,-117.96875,0.5305630147,-0.8439552204,0.0790093252,,,,
20131,0.0,-1336.231445,-984.624756,-117.96875,0.530257124,-0.8441560009,0.0789178598,,,,
20132,0.0,-1335.711182,-984.275635,-117.96875,0.530257124,-0.8441560009,0.0789178598,,,,
20133,0.0,-1335.168457,-983.913086,-117.96875,0.530257124,-0.8441560009,0.0789178598,,,,
20134,0.0,-1334.144653,-983.2323,-117.96875,0.530257124,-0.8441560009,0.0789178598,,,,
20135,0.0,-1333.562378,-982.846252,-117.96875,0.530257124,-0.8441560009,0.0789178598,,,,
20136,0.0,-1332.945312,-982.438232,-117.96875,0.5294999132,-0.8446311684,0.0789178772,,,,
20137,0.0,-1332.332275,-982.033386,-117.96875,0.5286580978,-0.8451583207,0.0789178598,,,,
20138,0.0,-1331.81189,-981.690063,-117.96875,0.5286374908,-0.8451712103,0.0789178598,,,,
20139,0.0,-1331.159058,-981.259766,-117.96875,0.5286374908,-0.8451712103,0.0789178598,,,,
20140,0.0,-1330.489624,-980.819214,-117.96875,0.5270350236,-0.8461714085,0.0789178772,,,,
20141,0.0,-1329.856201,-980.40332,-117.96875,0.5254503819,-0.8472438046,0.0779732753,,,,
20142,0.0,-1329.296509,-980.036011,-117.96875,0.5247353994,-0.8476878413,0.0779620696,,,,
20143,0.0,-1328.630737,-979.599854,-117.96875,0.5239080377,-0.8481994347,0.077962087,,,,
20144,0.0,-1327.927002,-979.139587,-117.96875,0.5215267012,-0.8496657066,0.077962087,,,,
20145,0.0,-1327.22168,-978.680908,-117.96875,0.5110410679,-0.8560977317,0.0770305176,,,,
20146,0.0,-1326.523926,-978.230835,-117.96875,0.5002786826,-0.8625996526,0.0751204308,,,,
20147,0.0,-1325.914062,-977.842102,-117.96875,0.4902474939,-0.8684124206,0.0742782778,,,,
20148,0.0,-1325.180176,-977.379517,-117.96875,0.4797382216,-0.8743448588,0.0732960211,,,,
20149,0.0,-1324.38501,-976.884338,-117.96875,0.4769110249,-0.8758996818,0.0731821135,,,,
20150,0.0,-1323.719849,-976.474731,-117.96875,0.4768649488,-0.8759247693,0.0731820961,,,,
20151,0.0,-1322.917725,-975.984924,-117.96875,0.4768649488,-0.8759247693,0.0731820961,,,,
20152,0.0,-1322.174927,-975.534302,-117.96875,0.4768649488,-0.8759247693,0.0731820961,,,,
20153,0.0,-1321.333252,-975.027527,-117.96875,0.4760360925,-0.8763755014,0.0731820961,,,,
20154,0.0,-1320.662842,-974.626343,-117.96875,0.476725503,-0.876000671,0.0731820961,,,,
20155,0.0,-1319.833618,-974.28949,-117.96875,0.4804610123,-0.8739574326,0.0731821135,,,,
20156,0.0,-1318.946167,-974.216125,-117.96875,0.4894851826,-0.8687071365,0.0758430415,,,,
20157,0.0,-1318.100464,-974.180542,-117.96875,0.5142297838,-0.8540283497,0.0787610777,,,,
20158,0.0,-1316.397827,-973.499878,-117.96875,0.6038143532,-0.7932087969,0.0789178772,,,,
20159,0.0,-1315.01123,-972.713623,-117.96875,0.6810367157,-0.7282471317,0.0764532991,,,,
20160,0.0,-1313.34668,-971.000793,-117.96875,0.8141261165,-0.5767893429,0.0671767845,,,,
20161,0.0,-1312.387451,-969.304321,-117.96875,0.9116258278,-0.4071456288,0.0563097422,,,,
20162,0.0,-1311.940674,-967.958313,-117.96875,0.967936189,-0.2464939611,0.0483762465,0.1402968135,512.9877278602,1004.2948934629,5.0
20163,0.0,-1311.633789,-967.116455,-117.96875,0.9933601155,-0.1058735952,0.0450162491,0.0775567206,388.6990061192,1006.6463982525,5.0
20164,0.0,-1310.1875,-966.452393,-117.96875,0.9984742305,0.0376928014,0.0403542289,0.0339414986,260.5015045398,1008.4317505373,5.0
20165,0.0,-1308.847534,-965.91333,-117.96875,0.990290782,0.1339974455,0.036997997,0.0159051077,179.5229152304,1010.5792233611,5.0
20166,0.0,-1307.750732,-965.486389,-117.96875,0.9790912084,0.2005037817,0.0343313139,0.0089778541,135.397427179,1012.7123241682,5.0
20167,0.0,-1306.635498,-965.243347,-117.96875,0.9707567648,0.23790808,0.0321099516,0.0070396221,120.2180017041,1014.9519883317,5.0
20168,0.0,-1305.599976,-965.207886,-117.96875,0.9688262943,0.2457855574,0.0310655968,0.0067133911,117.63459292,1016.902244423,5.0
20169,0.0,-1304.624634,-965.249268,-117.96875,0.9688136362,0.2458363926,0.0310581129,0.0066501017,117.3011020967,1018.8169912745,5.0
20170,0.0,-1303.561401,-965.332581,-117.96875,0.9671518972,0.2522946718,0.0310581129,0.0064773143,115.9846606408,1020.6867534336,5.0
20171,0.0,-1301.803345,-965.519043,-117.96875,0.9579727675,0.2850668836,0.0320163802,0.006667966,118.1827492332,1025.1031678203,5.0
20172,0.0,-1301.2037965,-965.559601,-117.96875,0.9527330872,0.3016176935,0.0320163715,0.0073642617,124.1818016573,1026.236149491,5.0
20173,0.0,-1300.604248,-965.600159,-117.96875,0.9474934068,0.3181685034,0.0320163628,0.0080605574,130.1808540814,1027.3691311618,5.0
20174,0.0,-1299.625488,-965.631348,-117.96875,0.9345088008,0.3544971829,0.0320163802,0.0110294279,152.305671167,1028.3131821151,5.0
20175,0.0,-1298.515137,-965.679565,-117.96875,0.9183942314,0.3944417418,0.0311086507,0.0161077686,184.2840956459,1030.8871497696,5.0
20176,0.0,-1296.4729,-965.674072,-117.96875,0.8752661705,0.4828023244,0.0284788752,0.0347890819,270.7454289282,1035.4641450164,5.0
20177,0.0,-1295.40979,-965.65033,-117.96875,0.8479512132,0.5294512002,0.0256937071,0.0490643123,320.9783994489,1037.4602662758,5.0
20178,0.0,-1294.377441,-965.68634,-117.96875,0.8129794383,0.581851881,0.0226455611,0.0694011189,380.6899400116,1040.021073264,5.0
20179,0.0,-1293.338379,-965.834656,-117.96875,0.7792594663,0.6263680673,0.0204384069,0.0905959087,433.556447986,1042.4192732922,5.0
20180,0.0,-1292.404419,-966.054749,-117.96875,0.7512317796,0.659805141,0.0175496238,0.1091118524,474.5253864537,1044.6975284731,5.0
20181,0.0,-1291.608276,-966.245361,-117.96875,0.7224080558,0.6912650807,0.0167089523,0.1289581347,513.9335401018,1046.2629280962,5.0
20182,0.0,-1290.632202,-966.526184,-117.96875,0.6873810733,0.7261278923,0.0156698497,,,,
20183,0.0,-1289.738647,-966.832886,-117.96875,0.6574440952,0.7533931385,0.012885671,,,,
20184,0.0,-1288.906372,-967.087158,-117.96875,0.6191590502,0.7852001497,0.0101388104,,,,
20185,0.0,-1288.012207,-967.436829,-117.96875,0.5878842188,0.8089127303,0.0072346408,,,,
20186,0.0,-1287.060303,-967.835754,-117.96875,0.5575827761,0.8301108558,0.0041731225,,,,
20187,0.0,-1286.145874,-968.266357,-117.96875,0.5348584742,0.8449415968,0.000332555,,,,
20188,0.0,-1285.339355,-968.651917,-117.96875,0.5162109311,0.8564564369,-0.0029404392,,,,
20189,0.0,-1284.369751,-969.114807,-117.96875,0.4937450549,0.8695635395,-0.0086643867,,,,
20190,0.0,-1283.508179,-969.559326,-117.96875,0.4747262709,0.8800214108,-0.0140457909,,,,
20191,0.0,-1282.456299,-970.115051,-117.96875,0.4539393444,0.89083617,-0.0187080178,,,,
20192,0.0,-1281.614014,-970.556946,-117.96875,0.438381864,0.8985357137,-0.0213286797,,,,
20193,0.0,-1280.692017,-970.994812,-117.96875,0.4104799864,0.9115468266,-0.0242603316,,,,
20194,0.0,-1279.793335,-971.382935,-117.96875,0.3742134617,0.9269438438,-0.0271918273,,,,
20195,0.0,-1278.858032,-971.760254,-117.96875,0.3332178698,0.9423642154,-0.030257837,,,,
20196,0.0,-1278.041504,-972.068726,-117.96875,0.2906723047,0.9563140468,-0.0311938337,,,,
20197,0.0,-1277.186523,-972.355286,-117.96875,0.2391972268,0.9704679927,-0.0312499885,,,,
20198,0.0,-1276.418579,-972.606995,-117.96875,0.1971934735,0.9799415894,-0.0287960982,,,,
20199,0.0,-1275.479614,-972.917358,-117.96875,0.1561592846,0.9873242315,-0.0283749828,,,,
20200,0.0,-1274.38855,-973.317444,-117.96875,0.1441303335,0.9890964649,-0.0302428514,,,,
20201,0.0,-1273.444458,-973.598938,-117.96875,0.1439135883,0.9891265363,-0.0302914889,,,,
20202,0.0,-1272.313843,-973.911316,-117.96875,0.1439135883,0.9891265363,-0.0302914889,,,,
20203,0.0,-1271.115967,-974.217651,-117.96875,0.1439135883,0.9891265363,-0.0302914889,,,,
20204,0.0,-1270.012817,-974.479248,-117.96875,0.1439135883,0.9891265363,-0.0302914889,,,,
20205,0.0,-1269.026489,-974.698486,-117.96875,0.1439135883,0.9891265363,-0.0302914889,,,,
20206,0.0,-1267.893555,-974.936707,-117.96875,0.1439135883,0.9891265363,-0.0302914889,,,,
20207,0.0,-1266.717529,-975.169373,-117.96875,0.1439135883,0.9891265363,-0.0302914889,,,,
20208,0.0,-1265.730835,-975.353699,-117.96875,0.1439135883,0.9891265363,-0.0302914889,,,,
20209,0.0,-1264.571167,-975.559875,-117.96875,0.1439135883,0.9891265363,-0.0302914889,,,,
20210,0.0,-1262.680908,-970.520264,-122.880081,0.1439135883,0.9891265363,-0.0302914889,,,,
20211,0.0,-1261.635742,-971.092346,-122.926628,0.1439135883,0.9891265363,-0.0302914889,,,,
20212,0.0,-1260.566528,-971.546936,-123.002289,0.1439135883,0.9891265363,-0.0302914889,,,,
20213,0.0,-1258.934814,-971.951111,-123.12838,0.1853862322,0.9821987419,-0.0302915238,,,,
20214,0.0,-1257.711792,-972.221619,-123.191498,0.206510411,0.9779243392,-0.0318972875,,,,
20215,0.0,-1256.50415,-972.665588,-123.33345,0.2100028239,0.9771701271,-0.0322080232,,,,
20216,0.0,-1254.412476,-973.305969,-123.482246,0.2099962393,0.977139488,-0.0331662551,,,,
20217,0.0,-1253.32019,-973.584778,-123.543358,0.2099962393,0.977139488,-0.0331662551,,,,
20218,0.0,-1252.662109,-973.7076415,-123.5429305,0.2099962393,0.977139488,-0.0331662551,,,,
20219,0.0,-1252.004028,-973.830505,-123.542503,0.2099962393,0.977139488,-0.0331662551,,,,
20220,0.0,-1249.793213,-974.236267,-123.629036,0.2099962393,0.977139488,-0.0331662551,,,,
20221,0.0,-1248.657349,-974.396667,-123.560883,0.2099962393,0.977139488,-0.0331662551,,,,
20222,0.0,-1247.554199,-974.508972,-123.448074,0.2099962393,0.977139488,-0.0331662551,,,,
20223,0.0,-1246.407959,-974.611633,-123.340851,0.2099962393,0.977139488,-0.0331662551,,,,
20224,0.0,-1245.284302,-974.702637,-123.219185,0.2099962393,0.977139488,-0.0331662551,,,,
20225,0.0,-1244.155518,-974.748291,-123.050415,0.2099962393,0.977139488,-0.0331662551,,,,
20226,0.0,-1243.040283,-974.873474,-122.946198,0.2099962393,0.977139488,-0.0331662551,,,,
20227,0.0,-1241.937378,-975.09613,-122.847763,0.2091653966,0.9773176707,-0.0331663598,,,,
20228,0.0,-1240.87793,-975.306335,-122.743866,0.207401167,0.9776935862,-0.0331663598,,,,
20229,0.0,-1239.759766,-975.534729,-122.728935,0.2063243902,0.9779213867,-0.0331663598,,,,
20230,0.0,-1238.754028,-975.738708,-122.708778,0.2054490975,0.9781056497,-0.0331663424,,,,
20231,0.0,-1237.646484,-975.969666,-122.747925,0.2053097441,0.9781349132,-0.0331662551,,,,
20232,0.0,-1236.446167,-976.21637,-122.797646,0.2044146407,0.9783531524,-0.0322453713,,,,
20233,0.0,-1235.485596,-976.407227,-122.863037,0.2003366727,0.9791975625,-0.032207936,,,,
20234,0.0,-1234.489136,-976.597229,-123.005386,0.1927822319,0.9807128326,-0.032207936,,,,
20235,0.0,-1233.507935,-976.773499,-123.111977,0.1815909253,0.9828215613,-0.0329623203,,,,
20236,0.0,-1232.319458,-976.983582,-123.292656,0.1679537701,0.9851728096,-0.0350152285,,,,
20237,0.0,-1231.481934,-977.130859,-123.411888,0.1593631831,0.9865693557,-0.0358368847,,,,
20238,0.0,-1230.405151,-977.282898,-123.481926,0.1525289811,0.9876071107,-0.0369743814,,,,
20239,0.0,-1229.532959,-977.401184,-123.574203,0.1469528214,0.9884164705,-0.0379176632,,,,
20240,0.0,-1228.699707,-977.5177,-123.65126,0.1425118303,0.9890320644,-0.0388066201,,,,
20241,0.0,-1227.848877,-977.633301,-123.710388,0.1379170356,0.9896789889,-0.0389151674,,,,
20242,0.0,-1227.057129,-977.732788,-123.727516,0.1295131939,0.99078291,-0.0396932966,,,,
20243,0.0,-1226.078369,-977.863281,-123.695763,0.1194259013,0.9920421411,-0.0398728535,,,,
20244,0.0,-1225.199829,-977.990112,-123.66127,0.1138570371,0.9926966962,-0.0398728535,,,,
20245,0.0,-1224.330933,-978.113953,-123.59626,0.1109341836,0.9930275732,-0.0398728709,,,,
20246,0.0,-1223.368774,-978.254333,-123.454285,0.1097645358,0.9931575408,-0.0398728709,,,,
20247,0.0,-1222.315308,-978.410461,-123.241829,0.109658469,0.9931692555,-0.0398729232,,,,
20248,0.0,-1221.410522,-978.541382,-123.103134,0.1089112603,0.9932211427,-0.0406214116,,,,
20249,0.0,-1220.216309,-978.717529,-122.841415,0.1087020319,0.9932354741,-0.0408308866,,,,
20250,0.0,-1218.94458,-978.902771,-122.54454,0.1078445558,0.9933289387,-0.0408310087,,,,
20251,0.0,-1217.559204,-979.279236,-122.402962,0.105885434,0.9935008102,-0.0417661953,,,,
20252,0.0,-1216.342773,-979.670471,-122.310814,0.1042445562,0.9936393739,-0.0425895191,,,,
20253,0.0,-1214.84668,-980.111755,-122.196457,0.1031276141,0.993749171,-0.0427466998,,,,
20254,0.0,-1213.427734,-980.52179,-122.124428,0.0997854802,0.9940563858,-0.0435288385,,,,
20255,0.0,-1211.90564,-980.978394,-122.096756,0.094174762,0.9944851071,-0.0461571877,,,,
20256,0.0,-1210.556641,-981.445374,-122.127617,0.0870197998,0.9950743242,-0.0474830897,,,,
20257,0.0,-1209.437378,-981.799927,-122.157867,0.0838607916,0.9952980105,-0.0484689368,,,,
20258,0.0,-1208.437012,-982.152771,-122.281807,0.0829440756,0.9953322011,-0.0493364956,,,,
20259,0.0,-1207.319092,-982.57959,-122.441162,0.0828263665,0.995293693,-0.0503016669,,,,
20260,0.0,-1205.133301,-983.107178,-122.670578,0.0818679545,0.9953222886,-0.0512950284,,,,
20261,0.0,-1204.036133,-983.344849,-122.766998,0.0778283306,0.99559554,-0.0522711363,,,,
20262,0.0,-1202.963379,-983.462769,-122.76506,0.0731473722,0.9958152171,-0.0547860873,,,,
20263,0.0,-1201.837402,-983.693359,-122.86644,0.0698804372,0.9959766279,-0.0561006337,,,,
20264,0.0,-1200.787842,-983.975525,-122.976997,0.0671435783,0.9960690234,-0.0577775088,,,,
20265,0.0,-1199.478638,-984.183655,-123.008888,0.0637513927,0.9961014846,-0.0609720623,,,,
20266,0.0,-1198.420532,-984.282837,-122.981247,0.0601058982,0.9960406708,-0.0655001008,,,,
20267,0.0,-1197.266479,-984.424316,-122.996597,0.0570626004,0.9960742876,-0.0676747605,,,,
20268,0.0,-1196.312988,-984.492676,-122.927864,0.0537987396,0.9960872995,-0.0701126764,,,,
20269,0.0,-1195.174683,-984.543701,-122.82653,0.0523416624,0.9960156262,-0.0722026498,,,,
20270,0.0,-1193.915527,-984.514099,-122.648483,0.0512791181,0.9959821473,-0.0734167162,,,,
20271,0.0,-1192.710083,-984.477295,-122.491135,0.0512269274,0.9959809812,-0.0734689521,,,,
20272,0.0,-1191.674683,-984.402893,-122.342346,0.0512269274,0.9959809812,-0.0734689521,,,,
20273,0.0,-1190.506714,-984.271057,-122.174583,0.0512269274,0.9959809812,-0.0734689521,,,,
20274,0.0,-1189.4646,-984.200989,-122.053123,0.0496275339,0.996002665,-0.0742684265,,,,
20275,0.0,-1188.570679,-984.165466,-121.984924,0.0477302025,0.9959643993,-0.0760048887,,,,
20276,0.0,-1187.270996,-984.452087,-117.96875,0.0451029617,0.9959432082,-0.0778642976,,,,
20277,0.0,-1186.087158,-984.524109,-117.96875,0.0437130803,0.9959110485,-0.0790591551,,,,
20278,0.0,-1184.865479,-984.594971,-117.96875,0.0417814547,0.9959110519,-0.0800967335,,,,
20279,0.0,-1183.764038,-984.660645,-117.96875,0.0416514281,0.9958417512,-0.0810207695,,,,
20280,0.0,-1182.621582,-984.727844,-117.96875,0.0416511048,0.9958340212,-0.08111589,,,,
20281,0.0,-1181.536743,-984.789978,-117.96875,0.0416511048,0.9958340212,-0.08111589,,,,
20282,0.0,-1180.285156,-984.859985,-117.96875,0.0416511048,0.9958340212,-0.08111589,,,,
20283,0.0,-1179.171265,-984.920715,-117.96875,0.0416511048,0.9958340212,-0.08111589,,,,
20284,0.0,-1178.138306,-984.968994,-117.96875,0.0392121387,0.9959330331,-0.081115977,,,,
20285,0.0,-1177.007324,-985.011658,-117.96875,0.0337260733,0.996064836,-0.0819597126,,,,
20286,0.0,-1175.859131,-985.050659,-117.96875,0.0277047036,0.9962412789,-0.0820716984,,,,
20287,0.0,-1174.72168,-985.092468,-117.96875,0.023559001,0.9962719033,-0.0829895666,,,,
20288,0.0,-1173.826416,-985.061218,-117.96875,0.019646574,0.9963536271,-0.0830268747,,,,
20289,0.0,-1172.63623,-984.946045,-117.96875,0.0160775601,0.9964176083,-0.0830268747,,,,
20290,0.0,-1171.598267,-984.771667,-117.96875,0.0132719647,0.9963893776,-0.0838573978,,,,
20291,0.0,-1170.534302,-984.515869,-117.96875,0.0085772219,0.9964303188,-0.0839824443,,,,
20292,0.0,-1169.526123,-984.189514,-117.96875,7.65637e-05,0.9965421724,-0.0830884633,,,,
20293,0.0,-1168.564819,-983.815552,-117.96875,-0.0105364508,0.9965673483,-0.0821127491,,,,
20294,0.0,-1167.63623,-983.399292,-117.96875,-0.0181698937,0.9965343249,-0.0811738526,,,,
20295,0.0,-1166.691772,-982.93042,-117.96875,-0.0230753641,0.9965094551,-0.0802273859,,,,
20296,0.0,-1166.048828,-982.423218,-117.96875,-0.0260759979,0.9964408615,-0.0801601636,,,,
20297,0.0,-1165.938232,-982.311279,-117.96875,-0.0264192459,0.9964318185,-0.080160181,,,,
20298,0.0,-1165.971436,-981.374756,-117.96875,-0.027232719,0.9964099109,-0.080160268,,,,
20299,0.0,-1165.955444,-981.009888,-117.96875,-0.027232719,0.9964099109,-0.080160268,,,,
20300,0.0,-1165.938477,-980.43689,-117.96875,-0.0281431595,0.9963846185,-0.080160181,,,,
20301,0.0,-1165.941528,-980.012329,-117.96875,-0.0306844853,0.9963095943,-0.080160181,,,,
20302,0.0,-1165.931274,-979.166626,-117.96875,-0.0337316106,0.9962874992,-0.079204781,,,,
20303,0.0,-1165.915283,-978.757263,-117.96875,-0.0339217189,0.9962810597,-0.0792045897,,,,
20304,0.0,-1165.9089965,-978.5196225,-117.96875,-0.0343940384,0.9963020024,-0.0787332478,,,,
20305,0.0,-1165.895386,-977.951904,-117.96875,-0.0356893226,0.9962948316,-0.0782488385,,,,
20306,0.0,-1165.8908695,-977.7398985,-117.96875,-0.0362378098,0.9962748813,-0.0782488385,,,,
20307,0.0,-1165.871948,-977.197754,-117.96875,-0.0367898789,0.9962548001,-0.0782488211,,,,
20308,0.0,-1165.865234,-976.873474,-117.96875,-0.0376423432,0.9962229536,-0.0782488385,,,,
20309,0.0,-1165.853271,-976.576843,-117.96875,-0.0377472957,0.9962792538,-0.0774776744,,,,
20310,0.0,-1165.840332,-976.27655,-117.96875,-0.0377478384,0.9962935791,-0.0772929807,,,,
20311,0.0,-1165.833618,-975.987183,-117.96875,-0.0384623616,0.9962662626,-0.0772928241,,,,
20312,0.0,-1165.828857,-975.661499,-117.96875,-0.0395610242,0.9962232404,-0.0772928241,,,,
20313,0.0,-1165.825806,-975.417236,-117.96875,-0.0404284479,0.9961884159,-0.0772928241,,,,
20314,0.0,-1165.82251,-975.130493,-117.96875,-0.0415094808,0.9962129212,-0.0763988127,,,,
20315,0.0,-1165.820557,-974.91333,-117.96875,-0.0423773561,0.9961811032,-0.0763372084,,,,
20316,0.0,-1165.811157,-974.671814,-117.96875,-0.0425264464,0.996174759,-0.0763370866,,,,
20317,0.0,-1165.803223,-974.483215,-117.96875,-0.0425264464,0.996174759,-0.0763370866,,,,
20318,0.0,-1165.793457,-974.259705,-117.96875,-0.0425264464,0.996174759,-0.0763370866,,,,
20319,0.0,-1165.793701,-974.100769,-117.96875,-0.0433397041,0.9961396994,-0.0763372084,,,,
20320,0.0,-1165.800781,-973.933838,-117.96875,-0.0450557855,0.9960635556,-0.0763372084,,,,
20321,0.0,-1165.82666,-973.758545,-117.96875,-0.0488486888,0.9959506505,-0.0754725608,,,,
20322,0.0,-1165.852539,-973.619568,-117.96875,-0.0524853048,0.9958919881,-0.0737864535,,,,
20323,0.0,-1165.878052,-973.492371,-117.96875,-0.0560635576,0.9957741893,-0.0727367959,,,,
20324,0.0,-1165.894897,-973.358154,-117.96875,-0.0586559093,0.9956412009,-0.0725126434,,,,
20325,0.0,-1165.899048,-973.263123,-117.96875,-0.0596366855,0.9955829347,-0.0725126608,,,,
20326,0.0,-1165.896362,-973.158752,-117.96875,-0.0598230785,0.9955717444,-0.0725127652,,,,
20327,0.0,-1165.893066,-973.08374,-117.96875,-0.0598230785,0.9955717444,-0.0725127652,,,,
20328,0.0,-1165.888794,-972.986328,-117.96875,-0.0598230785,0.9955717444,-0.0725127652,,,,
20329,0.0,-1165.885132,-972.903687,-117.96875,-0.0598230785,0.9955717444,-0.0725127652,,,,
20330,0.0,-1165.888794,-972.805054,-117.96875,-0.0607141659,0.995517807,-0.0725126608,,,,
20331,0.0,-1165.891846,-972.735718,-117.96875,-0.061444962,0.9954729683,-0.0725126608,,,,
20332,0.0,-1165.937378,-972.608826,-117.96875,-0.0672605236,0.9951637318,-0.0715902842,,,,
20333,0.0,-1166.075928,-972.548401,-117.96875,-0.0842196212,0.9940996753,-0.0683585466,,,,
20334,0.0,-1166.442871,-972.576233,-117.96875,-0.1302612561,0.9896269364,-0.0605849148,,,,
20335,0.0,-1166.982788,-972.803162,-117.96875,-0.2032290489,0.9776796748,-0.0532954712,,,,
20336,0.0,-1167.901611,-973.622131,-117.96875,-0.3572532067,0.9328890334,-0.0456968023,,,,
20337,0.0,-1168.460693,-974.862305,-117.96875,-0.5279207879,0.8482836637,-0.0414061314,,,,
20338,0.0,-1168.365356,-976.252136,-117.96875,-0.6932499333,0.719719074,-0.0375364408,,,,
20339,0.0,-1167.605225,-977.352966,-117.96875,-0.8294388969,0.5577345733,-0.0310364638,,,,
20340,0.0,-1167.455688,-977.447815,-117.96875,-0.902242529,0.4304779774,-0.0254387455,,,,
20341,0.0,-1168.013184,-977.15918,-117.96875,-0.9550928253,0.2956226871,-0.020122672,,,,
20342,0.0,-1168.86731,-976.820312,-117.96875,-0.9928184334,0.1187640673,-0.0143754852,,,,
20343,0.0,-1169.187988,-976.6604,-117.96875,-0.9968569292,0.078118039,-0.013184638,,,,
20344,0.0,-1169.424438,-976.485962,-117.96875,-0.9974387004,0.0703280509,-0.0130385665,,,,
20345,0.0,-1169.543518,-976.393524,-117.96875,-0.9974528761,0.0701264305,-0.0130385142,,,,
20346,0.0,-1169.862793,-976.14386,-117.96875,-0.9974670518,0.0699248101,-0.0130384618,,,,
20347,0.0,-1170.160034,-975.910461,-117.96875,-0.9974030061,0.0708324732,-0.0130385665,,,,
20348,0.0,-1170.401855,-975.715332,-117.96875,-0.9973995546,0.0708810763,-0.0130384618,,,,
20349,0.0,-1170.681763,-975.486389,-117.96875,-0.9973995546,0.0708810763,-0.0130384618,,,,
20350,0.0,-1170.899658,-975.305664,-117.96875,-0.9973995546,0.0708810763,-0.0130384618,,,,
20351,0.0,-1171.211548,-975.044189,-117.96875,-0.9973995546,0.0708810763,-0.0130384618,,,,
20352,0.0,-1171.506592,-974.794922,-117.96875,-0.9974103879,0.0708818461,-0.0121771056,,,,
20353,0.0,-1171.843994,-974.608032,-117.96875,-0.9974217605,0.0708826543,-0.0112018299,,,,
20354,0.0,-1172.229126,-974.468811,-117.96875,-0.997422659,0.0708827182,-0.0111211309,,,,
20355,0.0,-1172.534302,-974.390442,-117.96875,-0.997422659,0.0708827182,-0.0111211309,,,,
20356,0.0,-1172.993896,-974.300476,-117.96875,-0.997422659,0.0708827182,-0.0111211309,,,,
20357,0.0,-1173.420654,-974.236145,-117.96875,-0.997422659,0.0708827182,-0.0111211309,,,,
20358,0.0,-1173.795288,-974.189148,-117.96875,-0.997422659,0.0708827182,-0.0111211309,,,,
20359,0.0,-1174.256592,-974.138428,-117.96875,-0.997422659,0.0708827182,-0.0111211309,,,,
20360,0.0,-1174.652588,-974.099609,-117.96875,-0.997422659,0.0708827182,-0.0111211309,,,,
20361,0.0,-1175.208374,-974.049438,-117.96875,-0.997422659,0.0708827182,-0.0111211309,,,,
20362,0.0,-1175.651733,-974.012024,-117.96875,-0.997422659,0.0708827182,-0.0111211309,,,,
20363,0.0,-1176.176514,-973.969604,-117.96875,-0.997422659,0.0708827182,-0.0111211309,,,,
20364,0.0,-1176.587524,-973.937439,-117.96875,-0.997422659,0.0708827182,-0.0111211309,,,,
20365,0.0,-1177.189453,-973.891296,-117.96875,-0.997422659,0.0708827182,-0.0111211309,,,,
20366,0.0,-1177.680908,-973.854248,-117.96875,-0.997422659,0.0708827182,-0.0111211309,,,,
20367,0.0,-1178.266968,-973.811035,-117.96875,-0.997422659,0.0708827182,-0.0111211309,,,,
20368,0.0,-1178.830933,-973.769653,-117.96875,-0.997422659,0.0708827182,-0.0111211309,,,,
20369,0.0,-1179.431152,-973.726013,-117.96875,-0.997422659,0.0708827182,-0.0111211309,,,,
20370,0.0,-1180.00293,-973.68457,-117.96875,-0.997422659,0.0708827182,-0.0111211309,,,,
20371,0.0,-1180.500732,-973.648804,-117.96875,-0.997422659,0.0708827182,-0.0111211309,,,,
20372,0.0,-1181.108765,-973.605042,-117.96875,-0.997422659,0.0708827182,-0.0111211309,,,,
20373,0.0,-1181.758057,-973.558411,-117.96875,-0.997422659,0.0708827182,-0.0111211309,,,,
20374,0.0,-1182.465698,-973.507812,-117.96875,-0.997422659,0.0708827182,-0.0111211309,,,,
20375,0.0,-1183.099976,-973.462585,-117.96875,-0.997422659,0.0708827182,-0.0111211309,,,,
20376,0.0,-1183.745239,-973.416382,-117.96875,-0.997422659,0.0708827182,-0.0111211309,,,,
20377,0.0,-1184.372925,-973.371887,-117.96875,-0.997422659,0.0708827182,-0.0111211309,,,,
20378,0.0,-1184.97583,-973.328674,-117.96875,-0.997422659,0.0708827182,-0.0111211309,,,,
20379,0.0,-1185.679443,-973.278687,-117.96875,-0.997422659,0.0708827182,-0.0111211309,,,,
20380,0.0,-1186.407349,-973.22699,-117.96875,-0.997422659,0.0708827182,-0.0111211309,,,,
20381,0.0,-1187.186157,-973.171509,-116.650391,-0.997422659,0.0708827182,-0.0111211309,,,,
20382,0.0,-1188.521973,-973.076599,-114.090576,-0.997422659,0.0708827182,-0.0111211309,,,,
20383,0.0,-1188.9555055,-973.0457765,-113.278961,-0.997422659,0.0708827182,-0.0111211309,,,,
20384,0.0,-1189.389038,-973.014954,-112.467346,-0.997422659,0.0708827182,-0.0111211309,,,,
20385,0.0,-1190.908325,-972.907043,-109.696045,-0.997422659,0.0708827182,-0.0111211309,,,,
20386,0.0,-1191.688599,-972.851746,-108.303528,-0.997422659,0.0708827182,-0.0111211309,,,,
20387,0.0,-1192.454468,-972.797302,-106.957703,-0.997422659,0.0708827182,-0.0111211309,,,,
20388,0.0,-1193.287476,-972.741699,-105.507507,-0.9975235787,0.0700619858,-0.0061666979,,,,
20389,0.0,-1194.165894,-972.680054,-104.298721,-0.9975514156,0.0699307242,-0.0009311505,,,,
20390,0.0,-1195.019775,-972.619568,-104.298721,-0.9975358393,0.0699296323,0.0056653259,,,,
20391,0.0,-1195.875366,-972.572205,-104.298729,-0.9975619331,0.0671386627,0.0190417875,,,,
20392,0.0,-1196.695435,-972.51593,-104.298721,-0.9974066074,0.0670382918,0.0261902083,,,,
20393,0.0,-1197.86731,-972.431824,-104.298714,-0.9971226491,0.0677488055,0.0340076746,,,,
20394,0.0,-1199.473389,-972.320374,-104.298721,-0.9968018973,0.0679576878,0.0420443831,,,,
20395,0.0,-1201.026733,-972.20929,-104.298721,-0.9964442554,0.0688032912,0.0486307821,,,,
20396,0.0,-1202.8573,-972.082825,-104.298721,-0.996071178,0.0688673497,0.0556731213,,,,
20397,0.0,-1204.726807,-971.949158,-104.298721,-0.9956209153,0.0697375743,0.0622548285,,,,
20398,0.0,-1206.828369,-971.803406,-104.298721,-0.9950986011,0.0697587761,0.0700891376,,,,
20399,0.0,-1208.804688,-971.666504,-104.298721,-0.9945197015,0.0697181939,0.0779097994,,,,
20400,0.0,-1211.025879,-971.512268,-104.298721,-0.9939700321,0.0696796607,0.0846659331,,,,
20401,0.0,-1213.583496,-971.334534,-104.298721,-0.9931712889,0.069623667,0.0936126908,,,,
20402,0.0,-1216.015381,-971.165344,-104.298721,-0.9923402887,0.0695654119,0.1020852824,,,,
20403,0.0,-1218.535767,-970.985291,-104.298714,-0.9912950596,0.0703352898,0.111297133,,,,
20404,0.0,-1221.100952,-970.80542,-104.298721,-0.9903171637,0.0703777599,0.1196615486,,,,
20405,0.0,-1223.766235,-970.618896,-104.298721,-0.9893804023,0.0703111882,0.1272114634,,,,
20406,0.0,-1226.640991,-970.421997,-104.298721,-0.9887333975,0.0694631204,0.1325939051,,,,
20407,0.0,-1229.560181,-970.218567,-104.298721,-0.98831302,0.0692830908,0.1357837537,,,,
20408,0.0,-1232.548828,-970.009399,-104.298721,-0.9882566319,0.0692791378,0.1361955599,,,,
20409,0.0,-1235.4552,-969.805908,-104.298721,-0.9882566319,0.0692791378,0.1361955599,,,,
20410,0.0,-1238.391113,-969.600525,-104.298721,-0.988151777,0.0692717872,0.1369579685,,,,
20411,0.0,-1242.035522,-969.351257,-104.298721,-0.9880615437,0.0683323372,0.1380763471,,,,
20412,0.0,-1245.209961,-969.135986,-104.298721,-0.9879934247,0.0673664321,0.1390350914,,,,
20413,0.0,-1247.910156,-968.948242,-104.298721,-0.9879927487,0.0673571177,0.1390444073,,,,
20414,0.0,-1251.175659,-968.726807,-104.298721,-0.9879336837,0.0665408682,0.139854744,,,,
20415,0.0,-1254.384399,-968.505859,-104.298721,-0.9879234121,0.0664009016,0.1399937571,,,,
20416,0.0,-1257.556519,-968.292175,-104.298721,-0.9879744497,0.0656371072,0.1399937744,,,,
20417,0.0,-1261.049683,-968.053711,-104.298721,-0.9879866196,0.0654537053,0.1399937571,,,,
20418,0.0,-1264.498657,-967.82373,-104.298721,-0.988042385,0.0646064506,0.1399937571,,,,
20419,0.0,-1267.903564,-967.592834,-104.298721,-0.9880489177,0.0645064661,0.1399937571,,,,
20420,0.0,-1271.358521,-967.358521,-104.298721,-0.9880489177,0.0645064661,0.1399937571,,,,
20421,0.0,-1274.840942,-967.123352,-104.298721,-0.9880489177,0.0645064661,0.1399937571,,,,
20422,0.0,-1278.396851,-966.88385,-104.298721,-0.9880489177,0.0645064661,0.1399937571,,,,
20423,0.0,-1281.165527,-966.697876,-104.298721,-0.9880489177,0.0645064661,0.1399937571,,,,
20424,0.0,-1284.944824,-966.444519,-104.298721,-0.9880489177,0.0645064661,0.1399937571,,,,
20425,0.0,-1288.232544,-966.223999,-104.298721,-0.9880489177,0.0645064661,0.1399937571,,,,
20426,0.0,-1291.045654,-966.035645,-104.298721,-0.9880489177,0.0645064661,0.1399937571,,,,
20427,0.0,-1296.309937,-965.683289,-104.298721,-0.9880489177,0.0645064661,0.1399937571,,,,
20428,0.0,-1298.593018,-965.530518,-104.298721,-0.9880489177,0.0645064661,0.1399937571,,,,
20429,0.0,-1301.160889,-965.358826,-104.298721,-0.9880489177,0.0645064661,0.1399937571,,,,
20430,0.0,-1302.885376,-965.243591,-104.298721,-0.9880489177,0.0645064661,0.1399937571,,,,
20431,0.0,-1304.875,-965.110657,-104.298721,-0.9880489177,0.0645064661,0.1399937571,,,,
20432,0.0,-1306.780029,-964.983276,-104.298721,-0.9880489177,0.0645064661,0.1399937571,,,,
20433,0.0,-1308.359131,-964.877625,-104.298721,-0.9880489177,0.0645064661,0.1399937571,,,,
20434,0.0,-1309.668823,-964.790161,-105.492126,-0.9880489177,0.0645064661,0.1399937571,,,,
20435,0.0,-1310.828003,-964.712769,-106.818726,-0.9880489177,0.0645064661,0.1399937571,,,,
20436,0.0,-1311.980347,-964.635925,-108.153564,-0.9880489177,0.0645064661,0.1399937571,,,,
20437,0.0,-1313.184937,-964.555603,-109.548828,-0.9880489177,0.0645064661,0.1399937571,,,,
20438,0.0,-1314.592163,-964.462158,-111.183044,-0.9880489177,0.0645064661,0.1399937571,,,,
20439,0.0,-1315.777344,-964.383545,-112.605774,-0.9880489177,0.0645064661,0.1399937571,,,,
20440,0.0,-1316.916992,-964.307983,-114.012024,-0.9880489177,0.0645064661,0.1399937571,,,,
20441,0.0,-1317.831787,-964.247437,-115.140869,-0.9880489177,0.0645064661,0.1399937571,,,,
20442,0.0,-1319.064941,-964.165894,-116.662476,-0.9880489177,0.0645064661,0.1399937571,,,,
20443,0.0,-1320.304688,-964.084106,-117.96875,-0.9880489177,0.0645064661,0.1399937571,,,,
20444,0.0,-1321.415527,-964.010742,-117.96875,-0.9880489177,0.0645064661,0.1399937571,,,,
20445,0.0,-1322.417236,-963.944824,-117.96875,-0.9880489177,0.0645064661,0.1399937571,,,,
20446,0.0,-1323.632812,-963.864868,-117.96875,-0.9880489177,0.0645064661,0.1399937571,,,,
20447,0.0,-1324.841553,-963.7854,-117.96875,-0.9880489177,0.0645064661,0.1399937571,,,,
20448,0.0,-1326.036865,-963.706665,-117.96875,-0.9880489177,0.0645064661,0.1399937571,,,,
20449,0.0,-1327.136597,-963.634521,-117.96875,-0.9880489177,0.0645064661,0.1399937571,,,,
20450,0.0,-1328.235718,-963.577332,-117.96875,-0.988403057,0.0627937899,0.138261842,,,,
20451,0.0,-1329.332642,-963.563171,-117.96875,-0.9897070942,0.0562059841,0.1316083396,,,,
20452,0.0,-1330.45813,-963.561768,-117.96875,-0.9914645525,0.0481069918,0.1211765591,,,,
20453,0.0,-1331.622681,-963.530762,-117.96875,-0.9927568689,0.0434321084,0.1120154065,,,,
20454,0.0,-1332.820312,-963.479187,-117.96875,-0.9933859601,0.0411342292,0.1072021892,,,,
20455,0.0,-1333.974609,-963.414368,-117.96875,-0.9934508246,0.0408835429,0.1066958058,,,,
20456,0.0,-1335.019287,-963.355347,-117.96875,-0.9934508246,0.0408835429,0.1066958058,,,,
20457,0.0,-1336.226562,-963.288696,-117.96875,-0.9934508246,0.0408835429,0.1066958058,,,,
20458,0.0,-1337.338257,-963.22876,-117.96875,-0.9934508246,0.0408835429,0.1066958058,,,,
20459,0.0,-1338.472168,-963.168884,-117.96875,-0.9934508246,0.0408835429,0.1066958058,,,,
20460,0.0,-1339.795288,-963.100525,-117.96875,-0.9934508246,0.0408835429,0.1066958058,,,,
20461,0.0,-1340.755615,-963.051697,-117.96875,-0.9934508246,0.0408835429,0.1066958058,,,,
20462,0.0,-1341.945557,-962.992371,-117.96875,-0.9934508246,0.0408835429,0.1066958058,,,,
20463,0.0,-1343.057251,-962.937683,-117.96875,-0.9934508246,0.0408835429,0.1066958058,,,,
20464,0.0,-1344.204956,-962.882019,-117.96875,-0.9934508246,0.0408835429,0.1066958058,,,,
20465,0.0,-1345.334595,-962.828003,-117.96875,-0.9934508246,0.0408835429,0.1066958058,,,,
20466,0.0,-1346.490967,-962.773438,-117.96875,-0.9934508246,0.0408835429,0.1066958058,,,,
20467,0.0,-1347.591797,-962.722046,-117.96875,-0.9934508246,0.0408835429,0.1066958058,,,,
20468,0.0,-1349.956299,-962.613403,-117.96875,-0.9934508246,0.0408835429,0.1066958058,,,,
20469,0.0,-1351.004517,-962.501282,-117.96875,-0.9934508246,0.0408835429,0.1066958058,,,,
20470,0.0,-1352.278198,-962.342102,-117.96875,-0.9940171765,0.0335554988,0.1039417208,,,,
20471,0.0,-1353.127197,-962.675537,-117.96875,-0.9945549423,-0.0363422758,0.0976714169,,,,
20472,0.0,-1353.519409,-963.442261,-117.96875,-0.9785960331,-0.1823440219,0.0953963395,,,,
20473,0.0,-1353.733643,-963.880493,-117.96875,-0.9415115346,-0.3235140504,0.0943116607,,,,
20474,0.0,-1353.916016,-963.954956,-117.96875,-0.8919697325,-0.44234709,0.0933758444,,,,
20475,0.0,-1354.525024,-964.07428,-117.96875,-0.8532873334,-0.5127565586,0.0947704507,,,,
20476,0.0,-1355.737183,-964.350464,-117.96875,-0.8248352599,-0.5568756881,0.0976537865,,,,
20477,0.0,-1356.845459,-964.520325,-117.96875,-0.8081186395,-0.5802532729,0.1012442774,,,,
20478,0.0,-1357.927124,-964.63269,-117.96875,-0.7978633741,-0.5939035044,0.1034053375,,,,
20479,0.0,-1359.165405,-964.695068,-117.96875,-0.7952565593,-0.5973149747,0.1038355714,,,,
20480,0.0,-1360.407471,-964.742615,-117.96875,-0.7951580729,-0.5974460756,0.1038355714,,,,
20481,0.0,-1361.626953,-964.78894,-117.96875,-0.7951580729,-0.5974460756,0.1038355714,,,,
20482,0.0,-1362.825195,-964.834534,-117.96875,-0.7951580729,-0.5974460756,0.1038355714,,,,
20483,0.0,-1364.111694,-964.882812,-117.96875,-0.7951580729,-0.5974460756,0.1038355714,,,,
20484,0.0,-1365.372803,-964.914673,-117.96875,-0.7951580729,-0.5974460756,0.1038355714,,,,
20485,0.0,-1366.439941,-964.924377,-117.96875,-0.7985685651,-0.5928797694,0.1038355714,,,,
20486,0.0,-1367.759521,-964.905518,-117.96875,-0.8120323716,-0.5743009677,0.1038355714,,,,
20487,0.0,-1369.433228,-964.78717,-117.96875,-0.8438645493,-0.5262600988,0.1046084645,,,,
20488,0.0,-1371.671387,-964.265503,-117.96875,-0.906180972,-0.4094914752,0.1056067129,,,,
20489,0.0,-1374.037842,-963.014587,-117.96875,-0.9681261501,-0.2266590081,0.1065713445,,,,
20490,0.0,-1375.774414,-961.253784,-117.96875,-0.9936964735,-0.0317016124,0.1075282583,,,,
20491,0.0,-1376.978882,-959.879761,-117.96875,-0.9687858584,0.2245637117,0.1050004763,,,,
20492,0.0,-1377.494263,-958.450989,-117.96875,-0.9011484906,0.4215733087,0.1010313973,,,,
20493,0.0,-1377.696533,-956.986938,-117.96875,-0.8261382435,0.5548521168,0.0981566666,,,,
20494,0.0,-1377.603149,-955.697815,-117.96875,-0.7329967366,0.6734846352,0.0955731675,,,,
20495,0.0,-1377.538696,-954.643066,-117.96875,-0.6253176789,0.7748403013,0.0927378447,,,,
20496,0.0,-1377.981567,-954.03479,-117.96875,-0.5586480871,0.8245350759,0.089745325,,,,
20497,0.0,-1378.667725,-953.690918,-117.96875,-0.5263487323,0.845796552,0.0870930803,,,,
20498,0.0,-1379.693115,-953.446167,-117.96875,-0.5196623022,0.8499754144,0.0865614612,,,,
20499,0.0,-1380.885254,-953.18927,-117.96875,-0.5195271656,0.8500580219,0.0865614438,,,,
20500,0.0,-1381.74707,-952.99823,-117.96875,-0.5201731064,0.8496629054,0.0865614612,,,,
20501,0.0,-1382.966187,-952.720825,-117.96875,-0.5211227098,0.8490808194,0.0865614438,,,,
20502,0.0,-1383.87854,-952.508728,-117.96875,-0.5218692307,0.8487028779,0.0857667252,,,,
20503,0.0,-1385.061279,-952.228821,-117.96875,-0.522095172,0.8487640517,0.0837628555,,,,
20504,0.0,-1386.137573,-951.968567,-117.96875,-0.52051443,0.8498343752,0.0827421474,,,,
20505,0.0,-1387.124878,-951.72583,-117.96875,-0.5205504888,0.8499001083,0.0818351668,,,,
20506,0.0,-1388.166504,-951.466431,-117.96875,-0.5205526493,0.8499036357,0.0817847741,,,,
20507,0.0,-1389.132812,-951.22345,-117.96875,-0.5205526493,0.8499036357,0.0817847741,,,,
20508,0.0,-1390.261963,-950.93634,-117.96875,-0.5205526493,0.8499036357,0.0817847741,,,,
20509,0.0,-1391.242554,-950.684387,-117.96875,-0.5205526493,0.8499036357,0.0817847741,,,,
20510,0.0,-1393.230591,-950.168884,-117.96875,-0.5205526493,0.8499036357,0.0817847741,,,,
20511,0.0,-1393.8184815,-950.0143125,-117.96875,-0.5205526493,0.8499036357,0.0817847741,,,,
20512,0.0,-1395.42041,-949.592041,-117.96875,-0.5205526493,0.8499036357,0.0817847741,,,,
20513,0.0,-1396.454468,-949.318115,-117.96875,-0.5205526493,0.8499036357,0.0817847741,,,,
20514,0.0,-1397.333374,-949.083557,-117.96875,-0.5205526493,0.8499036357,0.0817847741,,,,
20515,0.0,-1398.421631,-948.792542,-117.96875,-0.5212476963,0.8494775377,0.0817847915,,,,
20516,0.0,-1399.473633,-948.510559,-117.96875,-0.5213672502,0.8494041683,0.0817847741,,,,
20517,0.0,-1400.526489,-948.227417,-117.96875,-0.5213672502,0.8494041683,0.0817847741,,,,
20518,0.0,-1401.478027,-947.970947,-117.96875,-0.5220334978,0.8489948616,0.0817847915,,,,
20519,0.0,-1402.589355,-947.671692,-117.96875,-0.5229108307,0.8484547801,0.0817847741,,,,
20520,0.0,-1402.885132,-947.609924,-116.331787,-0.5231283027,0.8483207099,0.0817847915,,,,
20521,0.0,-1404.773071,-947.223938,-113.955994,-0.5251950544,0.8470427413,0.0817847741,,,,
20522,0.0,-1405.00415,-947.178894,-113.670349,-0.5257090603,0.8467238243,0.0817847741,,,,
20523,0.0,-1407.137329,-946.840637,-111.170959,-0.5390030029,0.8382458069,0.082581657,,,,
20524,0.0,-1408.443359,-946.754211,-109.797668,-0.5595197264,0.8246767389,0.0827402689,,,,
20525,0.0,-1409.838501,-946.720459,-108.402405,-0.5918692176,0.8015353137,0.0850409907,,,,
20526,0.0,-1411.39624,-946.84613,-106.946716,-0.6459501471,0.7581021604,0.0896075997,,,,
20527,0.0,-1413.162354,-947.34021,-105.367432,-0.7336153093,0.6732790894,0.0922162985,,,,
20528,0.0,-1414.60083,-948.487915,-104.298798,-0.8495411758,0.5187278672,0.095922836,,,,
20529,0.0,-1415.496704,-949.414062,-104.298721,-0.9288524887,0.3575118519,0.0970480809,,,,
20530,0.0,-1415.417969,-950.341064,-104.298965,-0.986533015,0.1297253216,0.0996190307,,,,
20531,0.0,-1414.827759,-950.206665,-104.299095,-0.9854770423,-0.1339598246,0.1043540343,,,,
20532,0.0,-1416.707275,-949.604065,-104.298729,-0.934937569,-0.3374780575,0.1095458937,,,,
20533,0.0,-1417.016235,-949.50354,-104.299187,-0.9230903265,-0.3683908359,0.1104193879,,,,
20534,0.0,-1419.890747,-948.295166,-104.298912,-0.7850358632,-0.6076036464,0.1205674179,,,,
20535,0.0,-1421.180542,-947.264221,-104.298813,-0.7406073333,-0.6605040309,0.1234309648,,,,
20536,0.0,-1422.646118,-945.875061,-104.298729,-0.7152832396,-0.6876219744,0.1246832285,,,,
20537,0.0,-1424.208618,-944.336792,-104.298721,-0.7123143992,-0.6906778319,0.1247891391,,,,
20538,0.0,-1425.92627,-942.690308,-104.298721,-0.7141767572,-0.6887519398,0.1247891218,,,,
20539,0.0,-1427.403564,-941.288147,-104.298721,-0.7169580479,-0.6858562675,0.1247891738,,,,
20540,0.0,-1429.369385,-939.408691,-104.298721,-0.7199691019,-0.6826947803,0.1247891391,,,,
20541,0.0,-1431.173462,-937.651001,-104.298721,-0.7207558635,-0.6818641006,0.1247891565,,,,
20542,0.0,-1433.043701,-935.821594,-104.298721,-0.7208121651,-0.6818045859,0.1247891391,,,,
20543,0.0,-1434.986816,-933.915039,-104.298721,-0.7208121651,-0.6818045859,0.1247891391,,,,
20544,0.0,-1436.901489,-932.035645,-104.298721,-0.7208121651,-0.6818045859,0.1247891391,,,,
20545,0.0,-1438.94812,-930.023071,-104.298721,-0.7208121651,-0.6818045859,0.1247891391,,,,
20546,0.0,-1441.118042,-927.888916,-104.298721,-0.7208121651,-0.6818045859,0.1247891391,,,,
20547,0.0,-1443.226562,-925.814331,-104.298721,-0.7208121651,-0.6818045859,0.1247891391,,,,
20548,0.0,-1445.021362,-924.047546,-104.298721,-0.7208121651,-0.6818045859,0.1247891391,,,,
20549,0.0,-1447.555786,-921.549377,-104.298721,-0.7208121651,-0.6818045859,0.1247891391,,,,
20550,0.0,-1449.809937,-919.325562,-104.298721,-0.7208121651,-0.6818045859,0.1247891391,,,,
20551,0.0,-1452.005737,-917.160034,-104.298721,-0.7208121651,-0.6818045859,0.1247891391,,,,
20552,0.0,-1456.197754,-913.02832,-104.298721,-0.7208121651,-0.6818045859,0.1247891391,,,,
20553,0.0,-1457.449158,-911.794403,-104.298721,-0.7208121651,-0.6818045859,0.1247891391,,,,
20554,0.0,-1461.081299,-908.212708,-104.298721,-0.7208121651,-0.6818045859,0.1247891391,,,,
20555,0.0,-1463.217041,-906.108337,-104.298721,-0.7208121651,-0.6818045859,0.1247891391,,,,
20556,0.0,-1465.848389,-903.514771,-104.298721,-0.7208121651,-0.6818045859,0.1247891391,,,,
20557,0.0,-1468.073364,-901.321777,-104.298721,-0.7208121651,-0.6818045859,0.1247891391,,,,
20558,0.0,-1470.426392,-899.002625,-104.298721,-0.7208121651,-0.6818045859,0.1247891391,,,,
20559,0.0,-1472.70813,-896.754028,-104.298721,-0.7208121651,-0.6818045859,0.1247891391,,,,
20560,0.0,-1475.151123,-894.355103,-104.298721,-0.7213889473,-0.6811942845,0.1247891565,,,,
20561,0.0,-1477.755249,-891.971985,-104.298683,-0.7360792191,-0.6643090474,0.1299264125,,,,
20562,0.0,-1480.340698,-889.912781,-104.298416,-0.7792957575,-0.6118122043,0.1355874217,,,,
20563,0.0,-1484.364502,-886.690186,-104.298599,-0.8713758017,-0.4697501959,0.1415590534,,,,
20564,0.0,-1487.33374,-883.9328,-104.298378,-0.9312648831,-0.3337298345,0.1461852083,,,,
20565,0.0,-1490.900879,-879.410645,-104.298645,-0.9823752704,-0.1103347793,0.1508809614,,,,
20566,0.0,-1493.573242,-875.014038,-104.298721,-0.9793468477,0.1319141043,0.1532266978,,,,
20567,0.0,-1495.390625,-871.803894,-104.298721,-0.9289910934,0.3368732386,0.1532709022,,,,
20568,0.0,-1496.015259,-867.519714,-105.784111,-0.8231869834,0.5473354666,0.1509538915,,,,
20569,0.0,-1496.8396,-863.396912,-105.61721,-0.688608849,0.7105523323,0.144683227,,,,
20570,0.0,-1497.682617,-860.118958,-104.890968,-0.5727021632,0.8078786067,0.139084108,,,,
20571,0.0,-1498.869141,-856.994141,-104.146805,-0.4753364668,0.8702667196,0.1291939627,,,,
20572,0.0,-1500.805054,-854.023193,-103.342239,-0.44004731,0.8903309462,0.116915231,,,,
20573,0.0,-1502.49353,-851.710266,-102.693298,-0.4407325208,0.8901820472,0.1154589451,,,,
20574,0.0,-1504.401001,-849.004089,-102.331543,-0.4412469865,0.8899514965,0.1152711187,,,,
20575,0.0,-1506.596436,-845.771484,-102.298615,-0.4412469865,0.8899514965,0.1152711187,,,,
20576,0.0,-1508.177246,-843.359375,-102.298721,-0.4412469865,0.8899514965,0.1152711187,,,,
20577,0.0,-1510.055054,-840.414001,-102.298721,-0.4412469865,0.8899514965,0.1152711187,,,,
20578,0.0,-1511.846313,-837.521484,-102.298721,-0.4412469865,0.8899514965,0.1152711187,,,,
20579,0.0,-1513.396729,-834.953308,-102.298721,-0.4412469865,0.8899514965,0.1152711187,,,,
20580,0.0,-1515.198242,-831.901123,-102.298721,-0.4412469865,0.8899514965,0.1152711187,,,,
20581,0.0,-1516.64624,-829.393433,-102.298721,-0.4412469865,0.8899514965,0.1152711187,,,,
20582,0.0,-1518.514893,-826.090149,-102.298721,-0.4412469865,0.8899514965,0.1152711187,,,,
20583,0.0,-1520.268799,-823.32019,-102.298721,-0.4412469865,0.8899514965,0.1152711187,,,,
20584,0.0,-1520.683105,-822.688232,-102.298721,-0.4412469865,0.8899514965,0.1152711187,,,,
20585,0.0,-1524.006104,-818.32373,-102.298721,-0.4412469865,0.8899514965,0.1152711187,,,,
20586,0.0,-1526.334229,-815.635315,-102.298721,-0.4376324542,0.8911149686,0.1199664445,,,,
20587,0.0,-1528.137695,-813.729248,-102.298721,-0.4230020227,0.8986543076,0.1161452723,,,,
20588,0.0,-1530.385132,-811.502625,-102.298721,-0.4106478045,0.9048701917,0.1121530951,,,,
20589,0.0,-1532.9646,-809.119995,-102.67926,-0.3965615891,0.9114313992,0.1096891544,,,,
20590,0.0,-1535.035645,-807.316589,-103.509293,-0.3768467668,0.920042518,0.1072766494,,,,
20591,0.0,-1537.762085,-805.05127,-104.252853,-0.3476641794,0.9316278301,0.1058262945,,,,
20592,0.0,-1542.556396,-801.270508,-104.298798,-0.2835952892,0.9533906458,0.1030533278,,,,
20593,0.0,-1545.35083,-799.143494,-104.298798,-0.2599666577,0.9602229916,0.101927147,,,,
20594,0.0,-1548.018555,-797.145081,-104.298798,-0.2320984936,0.9673470693,0.1018328861,,,,
20595,0.0,-1550.703979,-795.155457,-104.298798,-0.2141599693,0.9712706472,0.1037730095,,,,
20596,0.0,-1553.200073,-793.316711,-104.298813,-0.1988805256,0.9744131581,0.1047164451,,,,
20597,0.0,-1555.775391,-791.427246,-104.298813,-0.1908327934,0.975825889,0.1065207925,,,,
20598,0.0,-1558.376831,-789.523499,-104.298813,-0.1884531375,0.976269133,0.1066958058,,,,
20599,0.0,-1560.868652,-787.706543,-104.298813,-0.1874546387,0.9763721034,0.1075094139,,,,
20600,0.0,-1563.473267,-785.582825,-104.298813,-0.1864663535,0.9765459466,0.1076490281,,,,
20601,0.0,-1565.856323,-783.369812,-104.298813,-0.1863785764,0.9765627031,0.1076490281,,,,
20602,0.0,-1568.072144,-781.056458,-104.298813,-0.1863785764,0.9765627031,0.1076490281,,,,
20603,0.0,-1570.133667,-778.658386,-104.298813,-0.1863785764,0.9765627031,0.1076490281,,,,
20604,0.0,-1571.654175,-776.709961,-104.298813,-0.1863785764,0.9765627031,0.1076490281,,,,
20605,0.0,-1573.789307,-773.841248,-104.298813,-0.1863785764,0.9765627031,0.1076490281,,,,
20606,0.0,-1575.496094,-771.437195,-104.298813,-0.1863785764,0.9765627031,0.1076490281,,,,
20607,0.0,-1577.440308,-768.474426,-104.298813,-0.1863785764,0.9765627031,0.1076490281,,,,
20608,0.0,-1578.863403,-766.12207,-104.298813,-0.1863785764,0.9765627031,0.1076490281,,,,
20609,0.0,-1580.456299,-763.315063,-104.298813,-0.1863785764,0.9765627031,0.1076490281,,,,
20610,0.0,-1582.021362,-760.358582,-104.298813,-0.1863785764,0.9765627031,0.1076490281,,,,
20611,0.0,-1583.254395,-757.87561,-104.298813,-0.1863785764,0.9765627031,0.1076490281,,,,
20612,0.0,-1584.75,-754.686523,-104.298813,-0.1863785764,0.9765627031,0.1076490281,,,,
20613,0.0,-1586.091797,-751.645325,-104.298813,-0.1863785764,0.9765627031,0.1076490281,,,,
20614,0.0,-1587.421021,-748.45813,-104.298813,-0.1863785764,0.9765627031,0.1076490281,,,,
20615,0.0,-1588.572144,-745.545898,-104.298813,-0.1863785764,0.9765627031,0.1076490281,,,,
20616,0.0,-1589.748413,-742.479553,-104.298813,-0.1881739386,0.9762183442,0.1076490281,,,,
20617,0.0,-1590.808105,-739.919678,-104.298805,-0.201087738,0.9738919744,0.1053477276,,,,
20618,0.0,-1592.447754,-736.524536,-104.298805,-0.2453750044,0.9642438207,0.1001247295,,,,
20619,0.0,-1593.74231,-734.031799,-104.298775,-0.2894288288,0.9522982067,0.096742331,,,,
20620,0.0,-1595.292236,-730.901733,-104.29879,-0.3386662779,0.9362418491,0.093575383,,,,
20621,0.0,-1596.874878,-727.942627,-104.29879,-0.3967592251,0.9134378883,0.0906274874,,,,
20622,0.0,-1598.471558,-724.968628,-104.298805,-0.4532550284,0.8868801755,0.0894619112,,,,
20623,0.0,-1600.002197,-722.01947,-104.298813,-0.4986263364,0.862191787,0.0894265013,,,,
20624,0.0,-1601.242432,-719.694275,-104.298813,-0.5335420202,0.8410325877,0.0894265013,,,,
20625,0.0,-1602.696411,-716.799866,-104.298813,-0.5598057416,0.8237842148,0.0894265013,,,,
20626,0.0,-1604.271973,-713.564331,-104.298813,-0.5738876699,0.8140367579,0.0894265013,,,,
20627,0.0,-1605.845581,-710.26123,-104.298813,-0.5752954105,0.8130424906,0.0894265013,,,,
20628,0.0,-1607.377808,-707.146545,-104.298813,-0.5752954105,0.8130424906,0.0894265013,,,,
20629,0.0,-1608.813232,-704.323547,-104.298813,-0.5752954105,0.8130424906,0.0894265013,,,,
20630,0.0,-1610.422241,-701.24884,-104.298813,-0.5752954105,0.8130424906,0.0894265013,,,,
20631,0.0,-1611.968384,-698.371887,-104.298813,-0.5752954105,0.8130424906,0.0894265013,,,,
20632,0.0,-1615.38501,-692.312622,-104.298813,-0.5792727878,0.810213514,0.0894265013,,,,
20633,0.0,-1616.3336185,-690.860382,-104.298813,-0.5809415316,0.8090152144,0.0894265013,,,,
20634,0.0,-1617.282227,-689.408142,-104.298813,-0.5826102755,0.8078169147,0.0894265013,,,,
20635,0.0,-1621.177612,-684.471008,-104.298813,-0.5838377008,0.8069302572,0.0894265013,,,,
20636,0.0,-1622.425232,-683.148895,-104.298813,-0.5838377008,0.8069302572,0.0894265013,,,,
20637,0.0,-1625.86438,-679.75708,-104.298813,-0.5838377008,0.8069302572,0.0894265013,,,,
20638,0.0,-1628.489746,-677.515259,-104.298813,-0.5838377008,0.8069302572,0.0894265013,,,,
20639,0.0,-1630.738159,-675.773376,-104.298813,-0.5838377008,0.8069302572,0.0894265013,,,,
20640,0.0,-1633.704834,-673.667786,-104.298813,-0.5838377008,0.8069302572,0.0894265013,,,,
20641,0.0,-1635.908813,-672.235168,-104.298813,-0.5838377008,0.8069302572,0.0894265013,,,,
20642,0.0,-1637.5182495,-671.2652585,-104.298813,-0.5838377008,0.8069302572,0.0894265013,,,,
20643,0.0,-1641.178223,-669.174622,-104.298813,-0.5838377008,0.8069302572,0.0894265013,,,,
20644,0.0,-1644.768799,-667.353333,-104.298813,-0.5838377008,0.8069302572,0.0894265013,,,,
20645,0.0,-1647.47522,-666.085205,-104.298813,-0.5838377008,0.8069302572,0.0894265013,,,,
20646,0.0,-1650.052856,-664.947754,-104.298813,-0.5838377008,0.8069302572,0.0894265013,,,,
20647,0.0,-1653.222046,-663.630493,-104.298813,-0.5838377008,0.8069302572,0.0894265013,,,,
20653,0.0,-1670.016235,-657.875244,-104.298813,-0.5838377008,0.8069302572,0.0894265013,,,,
20654,0.0,-1673.362671,-656.926575,-104.298813,-0.5838377008,0.8069302572,0.0894265013,,,,
20655,0.0,-1676.952637,-655.912415,-104.298813,-0.5838377008,0.8069302572,0.0894265013,,,,
20656,0.0,-1681.362183,-654.667114,-104.298813,-0.5838377008,0.8069302572,0.0894265013,,,,
20657,0.0,-1684.622192,-653.74408,-104.298813,-0.5838377008,0.8069302572,0.0894265013,,,,
20658,0.0,-1688.428711,-652.762512,-104.298813,-0.5838377008,0.8069302572,0.0894265013,,,,
20659,0.0,-1691.202515,-652.096619,-104.298813,-0.5838377008,0.8069302572,0.0894265013,,,,
20660,0.0,-1695.049683,-651.180542,-104.298813,-0.5823286254,0.8080199706,0.0894265013,,,,
20661,0.0,-1698.318604,-650.418213,-104.298813,-0.5800083269,0.8096871238,0.0894265187,,,,
20662,0.0,-1701.417969,-649.707153,-104.298813,-0.5770538809,0.811795366,0.0894265187,,,,
20663,0.0,-1704.811523,-648.942871,-104.298813,-0.573796282,0.8141011758,0.0894265187,,,,
20664,0.0,-1707.832031,-648.269653,-104.298813,-0.5702146966,0.8167087148,0.0885554911,,,,
20665,0.0,-1711.006226,-647.570801,-104.298813,-0.5663815741,0.8193806746,0.0884715921,,,,
20666,0.0,-1714.236206,-646.859253,-104.298813,-0.5610427055,0.8230454824,0.0884715574,,,,
20667,0.0,-1717.435913,-646.146362,-104.298813,-0.5533317881,0.8282491852,0.0884715748,,,,
20668,0.0,-1720.649902,-645.42334,-104.298813,-0.5439019402,0.8345622923,0.0876154077,,,,
20669,0.0,-1723.804321,-644.684082,-104.298813,-0.5306511194,0.8430600471,0.0875165495,,,,
20670,0.0,-1727.090576,-643.886902,-104.298813,-0.5146886179,0.8529908396,0.0866155545,,,,
20671,0.0,-1730.094604,-643.092957,-104.29882,-0.4941929484,0.8651189721,0.0856883528,,,,
20672,0.0,-1733.329346,-642.193726,-104.298813,-0.4688289988,0.8791307874,0.0856062411,,,,
20673,0.0,-1736.244019,-641.414978,-104.298813,-0.4519049308,0.8879490408,0.0856062759,,,,
20674,0.0,-1739.21582,-640.645081,-104.298813,-0.4400283785,0.8938940623,0.0856062585,,,,
20675,0.0,-1742.854614,-639.737122,-104.298813,-0.4331391124,0.8972525162,0.0856062585,,,,
20676,0.0,-1745.550903,-639.079285,-104.298813,-0.43238619,0.8975387217,0.0864084825,,,,
20677,0.0,-1749.112671,-638.186829,-104.298813,-0.4314240802,0.8979868465,0.0865614612,,,,
20678,0.0,-1752.267212,-637.339722,-104.298813,-0.4305799394,0.8983919129,0.0865614612,,,,
20679,0.0,-1755.486328,-636.431213,-104.298813,-0.429719732,0.8988036874,0.0865614438,,,,
20680,0.0,-1758.920288,-635.44104,-104.298813,-0.4288006994,0.8992425016,0.0865614438,,,,
20681,0.0,-1762.003662,-634.534302,-104.298813,-0.427973593,0.8996364361,0.0865614612,,,,
20682,0.0,-1768.383667,-632.611145,-104.298813,-0.4262582007,0.9004504777,0.0865614438,,,,
20683,0.0,-1771.324951,-631.707275,-104.298813,-0.4262092767,0.9004736359,0.0865614438,,,,
20684,0.0,-1774.825073,-630.615356,-104.298813,-0.4253863235,0.900862695,0.0865614264,,,,
20685,0.0,-1777.928833,-629.636719,-104.298813,-0.4253457727,0.9008818402,0.0865614438,,,,
20686,0.0,-1781.010864,-628.654785,-104.298813,-0.4253457727,0.9008818402,0.0865614438,,,,
20687,0.0,-1784.552368,-627.515198,-104.298813,-0.4253457727,0.9008818402,0.0865614438,,,,
20688,0.0,-1787.553833,-626.539734,-104.298813,-0.4253457727,0.9008818402,0.0865614438,,,,
20689,0.0,-1790.56958,-625.54834,-104.298813,-0.4245104278,0.9012757681,0.0865614612,,,,
20690,0.0,-1793.651611,-624.527405,-104.298813,-0.4236629478,0.9016744552,0.0865614438,,,,
20691,0.0,-1796.794312,-623.481384,-104.298813,-0.4235311129,0.9017363877,0.0865614438,,,,
20692,0.0,-1800.446289,-622.258179,-104.298813,-0.4235311129,0.9017363877,0.0865614438,,,,
20693,0.0,-1803.685669,-621.165955,-104.298813,-0.4235311129,0.9017363877,0.0865614438,,,,
20694,0.0,-1806.158813,-620.327454,-104.298813,-0.4235311129,0.9017363877,0.0865614438,,,,
20695,0.0,-1809.717651,-619.115295,-104.298813,-0.4235311129,0.9017363877,0.0865614438,,,,
20696,0.0,-1812.672363,-618.103943,-104.298813,-0.4235311129,0.9017363877,0.0865614438,,,,
20697,0.0,-1816.290039,-616.860291,-104.298813,-0.4235311129,0.9017363877,0.0865614438,,,,
20698,0.0,-1818.906006,-615.950867,-104.298813,-0.4221627502,0.9023778193,0.0865614438,,,,
20699,0.0,-1822.083252,-614.825134,-104.298813,-0.4168973397,0.904822484,0.0865614264,,,,
20700,0.0,-1825.03772,-613.703125,-104.29882,-0.4014232646,0.9119341577,0.0850614762,,,,
20701,0.0,-1828.61084,-612.24939,-104.298813,-0.3730744673,0.92410336,0.0827551925,,,,
20702,0.0,-1831.335083,-611.005188,-104.29882,-0.338136383,0.9376890335,0.0800191417,,,,
20703,0.0,-1833.862549,-609.759644,-104.298836,-0.2971410493,0.9517588517,0.0765655603,,,,
20704,0.0,-1836.482544,-608.36084,-104.298843,-0.2438219237,0.9670848227,0.0727860926,,,,
20705,0.0,-1839.333008,-606.910828,-104.29882,-0.2003407831,0.9773088943,0.0687815067,,,,
20706,0.0,-1841.820557,-605.579224,-104.298836,-0.1596555454,0.9850685674,0.0644206829,,,,
20707,0.0,-1844.377075,-604.241089,-104.298828,-0.1297312911,0.9896898537,0.0606941979,,,,
20708,0.0,-1847.726318,-602.660767,-104.29882,-0.0943950112,0.9940550664,0.054259625,,,,
20709,0.0,-1850.746582,-601.491943,-104.298813,-0.075371118,0.9959358007,0.0493059372,,,,
20710,0.0,-1853.145142,-600.658936,-104.29882,-0.0590635803,0.9972548182,0.0446578226,,,,
20711,0.0,-1856.122925,-599.73999,-104.298813,-0.0438136566,0.9982179801,0.0405120695,,,,
20712,0.0,-1859.764893,-598.726196,-104.298813,-0.0218937846,0.9991808433,0.0340338743,,,,
20713,0.0,-1862.260132,-598.126465,-104.29882,-0.0133667962,0.9994314492,0.030953304,,,,
20714,0.0,-1866.101074,-597.294495,-104.298813,-0.00348944,0.9996218687,0.0272753278,,,,
20715,0.0,-1869.099243,-596.721619,-104.298813,0.0009883749,0.9996768582,0.0254008317,,,,
20716,0.0,-1872.562378,-596.121521,-104.298813,0.0051443275,0.9997139084,0.0233588804,,,,
20717,0.0,-1878.396606,-595.232361,-104.298813,0.0153692474,0.9996533189,0.0213782183,,,,
20718,0.0,-1880.2478635,-594.9830935,-104.298813,0.0191013946,0.999590947,0.0209513783,,,,
20719,0.0,-1882.099121,-594.733826,-104.298813,0.0228335418,0.9995285752,0.0205245383,,,,
20720,0.0,-1885.636475,-594.300842,-104.298813,0.0291591223,0.9993847683,0.0194892418,,,,
20721,0.0,-1888.977539,-593.927063,-104.298813,0.0340532583,0.9992484899,0.0185156984,,,,
20722,0.0,-1895.2323,-593.296082,-104.298813,0.0431464309,0.9989292436,0.0166958642,,,,
20723,0.0,-1898.64856,-592.984314,-104.298813,0.0472144264,0.998747076,0.0165854176,,,,
20724,0.0,-1902.0448,-592.687988,-104.298813,0.0529823387,0.998472409,0.015675469,,,,
20725,0.0,-1904.758911,-592.458191,-104.298813,0.0592267264,0.9981336246,0.0148816114,,,,
20726,0.0,-1908.213501,-592.171204,-104.298813,0.0689286429,0.9975252146,0.0138668073,0.1469201756,737.8104680259,1414.024809829,5.0
20727,0.0,-1911.688232,-591.884949,-104.298813,0.0808934124,0.9966284687,0.0137095332,0.1418787664,726.9777172964,1415.8765027251,5.0
20728,0.0,-1914.878784,-591.620239,-104.298813,0.0939285156,0.9954959873,0.0128519715,0.1362347039,714.2258229824,1417.4118577408,5.0
20729,0.0,-1917.892212,-591.369934,-104.298813,0.105660273,0.9943205328,0.0127508729,0.13121396,702.5734272584,1418.8023787314,5.0
20730,0.0,-1921.366699,-591.081482,-104.298813,0.1163348677,0.9931388136,0.0118951855,0.1266580964,691.5909625481,1419.7906355321,5.0
20731,0.0,-1924.47644,-590.817261,-104.298813,0.1254057062,0.9920354595,0.0117922009,0.1230961973,683.1346788941,1421.2255522118,5.0
20732,0.0,-1927.979736,-590.509094,-104.298813,0.1365108864,0.9905785099,0.0109084231,0.1188978603,673.0447780726,1423.1502414569,5.0
20733,0.0,-1930.667725,-590.266113,-104.298813,0.1436841005,0.989564305,0.0108335354,0.116212421,666.4556556005,1424.3903373736,5.0
20734,0.0,-1934.155029,-589.938171,-104.298813,0.1535709055,0.9880864749,0.0100546026,0.1125381977,657.2168247645,1426.0002752246,5.0
20735,0.0,-1937.484253,-589.61853,-104.298813,0.158453766,0.9873170167,0.0098748426,0.1110938306,653.8938201108,1427.4373932314,5.0
20736,0.0,-1941.272583,-589.244995,-104.298813,0.1609495952,0.9869132258,0.0098748426,0.1109796248,654.4593964531,1429.3637383451,5.0
20737,0.0,-1944.724854,-588.892151,-104.298813,0.1629100962,0.9865814798,0.0108297832,0.11097664,655.2624675132,1431.1357901342,5.0
20738,0.0,-1947.441284,-588.604248,-104.298813,0.1652268954,0.9861871934,0.0116143291,0.1104734615,654.5772223296,1432.700491008,5.0
20739,0.0,-1951.334229,-588.171631,-104.298813,0.1723538111,0.9849645211,0.0117922009,0.1082456867,649.2210859788,1434.679690475,5.0
20740,0.0,-1954.087524,-587.84668,-104.298813,0.1804063521,0.9835114442,0.0126010833,0.1053114452,641.4700061313,1436.0503007214,5.0
20741,0.0,-1957.31311,-587.456909,-104.298813,0.1881502853,0.9820574756,0.0127508729,0.102672112,634.5485511501,1437.6971564976,5.0
20742,0.0,-1960.817871,-587.012817,-104.298813,0.1979532353,0.9801285282,0.0127508729,0.0992832687,625.2336589022,1439.2810837983,5.0
20743,0.0,-1964.130737,-586.57843,-104.298813,0.20574089,0.97851154,0.0136327634,0.0966939362,618.1509625665,1440.9224713901,5.0
20744,0.0,-1967.359863,-586.137695,-104.298813,0.2131490742,0.9769108919,0.0145801734,0.0942821948,611.4372538576,1442.4732175464,5.0
20745,0.0,-1970.56311,-585.674805,-104.298813,0.2239182816,0.9744841916,0.0155294376,0.090464196,600.152013956,1443.9727617323,5.0
20746,0.0,-1973.741821,-585.169922,-104.298813,0.2454444127,0.9692549366,0.0173755014,0.0822470119,574.0498901324,1445.4172713308,5.0
20747,0.0,-1977.093872,-584.607361,-104.298813,0.2694054716,0.9628307095,0.0194349374,0.0734288589,544.2551819584,1447.0270775612,5.0
20748,0.0,-1979.692993,-584.147766,-104.298813,0.2870379941,0.9577214907,0.0194611473,0.067302739,522.3249350795,1448.2464543226,5.0
20749,0.0,-1983.058716,-583.530151,-104.298813,0.3046045642,0.9522800655,0.0194611473,0.0616000561,500.9930624836,1449.8379522347,5.0
20750,0.0,-1986.085938,-582.941528,-104.298813,0.3194972865,0.9473873272,0.0194611473,0.0569742739,482.8631050072,1451.2604089059,5.0
20751,0.0,-1989.266479,-582.292542,-104.298813,0.3318508646,0.9431310977,0.0194611473,0.0533730242,468.2421321655,1452.6741694372,5.0
20752,0.0,-1992.685425,-581.552856,-104.298813,0.34528708,0.938276732,0.020337321,0.0495727662,452.2263073252,1454.351455035,5.0
20753,0.0,-1995.785889,-580.850159,-104.298813,0.3534870177,0.9352165333,0.0204197009,0.0474996548,443.3176061808,1455.7077465795,5.0
20754,0.0,-1999.068359,-580.07373,-104.298813,0.3592686909,0.9329914964,0.0212808685,0.0462582124,438.0812959599,1457.2253088534,5.0
20755,0.0,-2002.31897,-579.275574,-104.298813,0.3622272793,0.9318446061,0.0213782183,0.0460464622,437.6585918523,1459.08370776,5.0
20756,0.0,-2005.798218,-578.393372,-104.298813,0.3624941688,0.9317408162,0.0213782357,0.046629642,440.8050990191,1460.5730146049,5.0
20757,0.0,-2011.854248,-576.635376,-104.298813,0.3640081969,0.9311503662,0.0213782183,0.0473986102,445.1512496325,1463.2481913483,5.0
20758,0.0,-2013.5393675,-576.128662,-104.298813,0.3653481493,0.9306141812,0.0218106778,0.0472958094,444.899876582,1463.973523161,5.0
20759,0.0,-2015.224487,-575.621948,-104.298813,0.3666881016,0.9300779962,0.0222431372,0.0471930086,444.6485035315,1464.6988549738,5.0
20760,0.0,-2018.678589,-574.568481,-104.298813,0.3731451008,0.9275040723,0.0223367334,0.0458563778,438.9408803866,1466.3171610803,5.0
20838,0.0,-2283.358643,-505.021423,-104.298813,0.1525686283,0.9824125917,0.1076490281,,,,
20839,0.0,-2283.321289,-504.78006,-104.298813,0.1525686283,0.9824125917,0.1076490281,,,,
20840,0.0,-2283.297363,-504.626526,-104.298813,0.1525686283,0.9824125917,0.1076490281,,,,
20841,0.0,-2283.260498,-504.390076,-104.298813,0.1525686283,0.9824125917,0.1076490281,,,,
20842,0.0,-2287.668457,-501.706329,-104.298866,0.1778396513,0.9791409227,0.0982655176,,,,
20843,0.0,-2289.2144775,-500.6268615,-104.298851,0.188193875,0.9776244322,0.0932687388,,,,
20844,0.0,-2290.760498,-499.547394,-104.298836,0.1985480986,0.9761079416,0.0882719601,,,,
20845,0.0,-2293.286865,-497.753967,-104.298813,0.1991715017,0.9762739382,0.0849700564,,,,
20846,0.0,-2296.057617,-495.838715,-104.298782,0.1779659865,0.9809612147,0.0777380404,,,,
20847,0.0,-2301.087646,-491.702026,-104.298813,0.175725933,0.9814226601,0.0770062251,,,,
20848,0.0,-2303.410889,-489.631165,-104.298813,0.175725933,0.9814226601,0.0770062251,,,,
20849,0.0,-2305.816406,-487.395172,-104.298813,0.175725933,0.9814226601,0.0770062251,,,,
20850,0.0,-2308.231689,-485.056885,-104.298813,0.175725933,0.9814226601,0.0770062251,,,,
20851,0.0,-2310.031982,-483.2565,-104.298813,0.175725933,0.9814226601,0.0770062251,,,,
20852,0.0,-2312.393799,-480.824036,-104.298813,0.175725933,0.9814226601,0.0770062251,,,,
20853,0.0,-2314.894775,-478.163757,-104.298813,0.175725933,0.9814226601,0.0770062251,,,,
20854,0.0,-2317.061523,-475.794281,-104.298813,0.175725933,0.9814226601,0.0770062251,,,,
20855,0.0,-2319.89502,-472.661438,-104.298813,0.175725933,0.9814226601,0.0770062251,,,,
20856,0.0,-2322.076904,-470.211731,-104.298813,0.175725933,0.9814226601,0.0770062251,,,,
20857,0.0,-2324.251953,-467.720642,-104.298813,0.175725933,0.9814226601,0.0770062251,,,,
20858,0.0,-2326.442383,-465.164795,-104.298813,0.175725933,0.9814226601,0.0770062251,,,,
20859,0.0,-2328.623047,-462.575226,-104.298813,0.175725933,0.9814226601,0.0770062251,,,,
20860,0.0,-2330.825195,-459.918182,-104.298813,0.175725933,0.9814226601,0.0770062251,,,,
20861,0.0,-2332.527832,-457.835175,-104.298813,0.175725933,0.9814226601,0.0770062251,,,,
20862,0.0,-2334.454346,-455.371338,-104.298813,0.1870745154,0.9793792126,0.0762855407,,,,
20863,0.0,-2335.181885,-454.414948,-104.298813,0.1933535915,0.9781772547,0.0760502925,,,,
20864,0.0,-2338.505127,-449.833221,-104.298805,0.2303118033,0.9700065391,0.0777417989,,,,
20865,0.0,-2339.991455,-447.802917,-104.298813,0.2414016877,0.9672374874,0.0785930537,,,,
20866,0.0,-2342.09668,-444.93222,-104.298813,0.2520836149,0.9644821525,0.0789178598,,,,
20917,0.0,-2330.12207,-272.608917,-104.298813,0.890622131,0.4547415383,-0.0015339867,0.0087723986,196.3719746975,1485.7983723723,5.0
20918,0.0,-2329.971436,-272.828949,-104.298813,0.890622131,0.4547415383,-0.0015339867,0.0087921525,196.6722513397,1486.4050953025,5.0
20919,0.0,-2329.814697,-273.07309,-104.298813,0.890622131,0.4547415383,-0.0015339867,0.0088249043,197.1580209155,1487.3210436709,5.0
20920,0.0,-2329.696533,-273.267029,-104.298813,0.890622131,0.4547415383,-0.0015339867,0.0088519273,197.5117222037,1487.7233477191,5.0
20921,0.0,-2329.52832,-273.562347,-104.298813,0.890622131,0.4547415383,-0.0015339867,0.0088959995,198.0726884675,1488.2649332928,5.0
20922,0.0,-2329.618164,-271.003021,-104.298813,0.8920266538,0.4519768982,-0.0023091907,0.0091460256,200.6564960766,1487.0217322809,5.0
20923,0.0,-2329.853027,-267.508728,-104.298813,0.8927521011,0.4505413103,-0.002492729,0.0091139941,200.0867502201,1485.390909781,5.0
20924,0.0,-2330.210205,-264.126892,-104.298813,0.8927900547,0.450466097,-0.0024927116,0.0088866954,197.3793407051,1483.8279913334,5.0
21030,0.0,-2330.45752,94.265495,-105.548355,0.9547323928,0.2966262437,0.0223367334,0.0009316212,64.7463660834,1500.3130612078,5.0
21031,0.0,-2330.342285,94.116524,-105.665977,0.9547323928,0.2966262437,0.0223367334,0.0009094138,64.0828915077,1502.9519286913,5.0
21032,0.0,-2330.693115,93.782333,-104.963051,0.9547323928,0.2966262437,0.0223367334,0.0008727519,62.8980662358,1505.8152130295,5.0
21127,0.0,-2352.310547,415.094604,-104.298721,0.7724666723,0.6325848566,0.0559610525,,,,
21128,0.0,-2352.136963,415.236816,-104.298721,0.7724666723,0.6325848566,0.0559610525,,,,
21129,0.0,-2351.981445,415.364044,-104.298721,0.7724666723,0.6325848566,0.0559610525,,,,
21130,0.0,-2351.779297,415.529633,-104.298721,0.7724666723,0.6325848566,0.0559610525,,,,
21217,0.0,-2186.509521,641.093628,-72.059875,0.8464852674,0.5312676456,0.0348909847,,,,
21218,0.0,-2186.74292,640.947388,-72.059875,0.8464852674,0.5312676456,0.0348909847,,,,
21219,0.0,-2186.878418,640.862122,-72.059875,0.8464852674,0.5312676456,0.0348909847,,,,
21220,0.0,-2186.955078,640.8140565,-72.059875,0.8464852674,0.5312676456,0.0348909847,,,,
21221,0.0,-2187.031738,640.765991,-72.059875,0.8464852674,0.5312676456,0.0348909847,,,,
21222,0.0,-2186.279541,643.433411,-71.116852,0.8775529769,0.4781426961,0.0357817676,,,,
21223,0.0,-2184.833252,649.106384,-69.14502,0.9191854541,0.3920100565,0.037765283,,,,
21224,0.0,-2184.035156,651.917786,-68.152634,0.9371732749,0.3465395167,0.0402071648,,,,
21225,0.0,-2183.176514,655.164307,-67.056229,0.9485889216,0.3137738317,0.0415336052,,,,
21226,0.0,-2182.365967,657.861511,-66.173721,0.9586235663,0.2814992776,0.0424147952,,,,
21227,0.0,-2181.385498,661.0896,-65.204742,0.9662516042,0.2539100551,0.0434456127,,,,
21228,0.0,-2180.486572,663.846741,-64.566437,0.9716117351,0.2323914342,0.0443267128,,,,
21229,0.0,-2179.474365,666.799866,-64.31572,0.9759596994,0.2133659198,0.0444707697,,,,
21230,0.0,-2178.442627,669.657654,-64.292038,0.9790805854,0.1985536651,0.0444707697,,,,
21231,0.0,-2177.355713,672.972473,-64.298721,0.982382869,0.1813055089,0.0453013367,,,,
21232,0.0,-2176.508301,676.097412,-64.298721,0.9844975382,0.1691862975,0.0462665552,,,,
21233,0.0,-2175.762207,678.954346,-64.298721,0.9860470448,0.1596324153,0.0472092931,,,,
21234,0.0,-2175.075195,681.570862,-64.298721,0.9875504941,0.1494877208,0.0489636906,,,,
21235,0.0,-2174.454346,683.960327,-64.298721,0.988763652,0.1408608616,0.0500465597,,,,
21236,0.0,-2173.834717,686.371643,-64.298721,0.9898597578,0.1325487902,0.0510732612,,,,
21237,0.0,-2173.318604,688.437378,-64.298721,0.990402854,0.1283876265,0.0511742534,,,,
21238,0.0,-2172.747314,690.739746,-59.784237,0.990842977,0.1241456339,0.0530853696,,,,
21239,0.0,-2172.329346,692.429932,-56.244946,0.991185151,0.1210377723,0.0538688597,,,,
21240,0.0,-2171.735352,694.818909,-51.427525,0.9916577216,0.115690137,0.0568397338,,,,
21241,0.0,-2171.234619,696.819397,-47.584396,0.9921255891,0.110136754,0.0596381657,,,,
21242,0.0,-2170.748779,698.699585,-44.071339,0.9928146137,0.1005613255,0.0648580185,,,,
21243,0.0,-2170.227295,700.745911,-40.46056,0.9932904401,0.0915458047,0.070664469,,,,
21244,0.0,-2169.717285,702.783997,-37.094978,0.9937334538,0.084665397,0.0729766631,,,,
21245,0.0,-2169.197754,704.868164,-33.856846,0.9939459719,0.0778372473,0.07754204,,,,
21246,0.0,-2168.741943,706.750671,-31.152523,0.9940768273,0.0749039479,0.0787442702,,,,
21247,0.0,-2168.208008,708.981628,-28.165537,0.9941599011,0.072688299,0.0797652947,,,,
21248,0.0,-2167.709473,711.091736,-25.558352,0.9940908681,0.071611015,0.0815794613,,,,
21249,0.0,-2167.220215,713.174011,-23.180758,0.9941417531,0.0706641539,0.0817847915,,,,
21250,0.0,-2166.672119,715.514404,-20.729799,0.9941380646,0.0695956635,0.0827402689,0.0889132242,567.9533712934,1377.8098927442,5.0
21251,0.0,-2166.232666,717.399902,-18.945246,0.994197645,0.0687393149,0.0827402515,0.0894806166,569.8005650415,1378.1061391973,5.0
21252,0.0,-2165.696777,719.690735,-16.967051,0.9940932587,0.0667310823,0.0855894605,0.0906202273,573.383275436,1378.4349909111,5.0
21253,0.0,-2165.224854,721.727722,-15.418718,0.9940744202,0.0657949484,0.0865278679,0.0921789485,577.1238886547,1376.208887318,5.0
21254,0.0,-2164.790771,723.617249,-14.149981,0.9941279376,0.0649366093,0.0865614264,0.0933823879,579.8139143936,1374.1190027643,5.0
21255,0.0,-2164.30835,725.704346,-12.922899,0.9940978738,0.0631533027,0.0882104165,0.094982942,583.4620314938,1371.6406796355,5.0
21256,0.0,-2163.804443,727.892395,-11.842981,0.9941995268,0.0611562296,0.0884715574,0.0961454297,585.7495809135,1369.0861554656,5.0
21257,0.0,-2162.889404,731.846008,-10.435622,0.9943285119,0.0553837039,0.0907934792,0.0979314897,588.963132621,1364.6266606422,5.0
21258,0.0,-2162.393066,733.880249,-9.976141,0.9945881696,0.0465434317,0.0928874689,0.0972895139,586.0972491099,1362.2295923639,5.0
21259,0.0,-2162.0949705,735.06781,-9.8263815,0.9947165454,0.0394563649,0.0944952992,0.0964081981,582.9171379339,1360.7108019641,5.0
21260,0.0,-2161.796875,736.255371,-9.676622,0.9948449211,0.0323692981,0.0961031294,0.0955268823,579.7370267579,1359.1920115642,5.0
21261,0.0,-2161.299072,738.203796,-9.645578,0.9950199191,0.0183114693,0.0979798485,0.0928863433,570.8420383626,1356.2874001548,5.0
21262,0.0,-2160.351807,742.170776,-10.13875,0.9949945514,0.0040069497,0.0998488212,0.0910615553,563.0948028211,1350.5728807092,5.0
21263,0.0,-2159.875977,744.303223,-10.684702,0.994988349,0.0036249579,0.0999251969,0.0917869398,563.9724597797,1347.5783325269,5.0
21264,0.0,-2159.447021,746.237,-11.355478,0.994988349,0.0036249579,0.0999251969,0.0924897251,564.8917319717,1344.8846320898,5.0
21265,0.0,-2158.991455,748.302734,-12.249781,0.994988349,0.0036249579,0.0999251969,0.0932203854,565.7926841163,1341.9972641413,5.0
21266,0.0,-2158.491211,750.578674,-13.448946,0.994988349,0.0036249579,0.0999251969,0.0939909881,566.651365943,1338.7835197729,5.0
21267,0.0,-2158.02832,752.500122,-14.642412,0.994988349,0.0036249579,0.0999251969,0.0946216382,567.2825353088,1336.021870214,5.0
21268,0.0,-2157.463135,754.69397,-16.199244,0.994988349,0.0036249579,0.0999251969,0.095323011,567.920802657,1332.8406614629,5.0
21269,0.0,-2156.873291,756.982727,-18.045176,0.994988349,0.0036249579,0.0999251969,0.0960305091,568.5021613363,1329.5280730079,5.0
21270,0.0,-2156.381592,758.891907,-19.767611,0.9951483442,0.0036255408,0.0983190134,0.0961031549,567.5166900267,1326.7469826257,5.0
21271,0.0,-2155.87085,760.873474,-21.714127,0.9953917992,0.0043682958,0.0957918789,0.0961252266,566.3357076097,1323.841730256,5.0
21272,0.0,-2155.292969,763.114441,-24.126505,0.9958990526,0.0045831046,0.0903552555,0.0951884691,562.3112393092,1320.5613654221,5.0
21273,0.0,-2154.747559,765.235291,-26.622723,0.9966785914,0.0037785084,0.0813480692,0.0929053457,554.5778342608,1317.5164036727,5.0
21274,0.0,-2154.166748,767.501587,-29.536528,0.9974799767,0.0001517047,0.0709483829,0.0894689083,543.328677112,1314.1638124067,5.0
21275,0.0,-2153.662354,769.471008,-32.26762,0.9981802627,-0.0034678396,0.0602008071,0.0859794891,531.9557311486,1311.3081740391,5.0
21276,0.0,-2153.088135,771.716736,-35.600246,0.9987328121,-0.0085453893,0.0495958303,0.0821984912,519.4797623885,1308.3829688805,5.0
21367,0.0,-2144.352539,705.530884,-65.267899,0.5562369824,-0.8193088991,0.1390444073,0.0275908302,431.5406071752,1849.8681622878,4.0
21368,0.0,-2144.298584,705.451111,-65.267899,0.5562369824,-0.8193088991,0.1390444073,0.0274373112,430.5850283936,1850.8564793534,4.0
21369,0.0,-2144.460938,705.237488,-65.267899,0.5562369824,-0.8193088991,0.1390444073,0.0272949331,429.6590254755,1851.6199081765,4.0
21370,0.0,-2144.612061,705.063599,-65.267899,0.5562369824,-0.8193088991,0.1390444073,0.0271971373,429.0143580699,1852.1168622869,4.0
21371,0.0,-2144.170898,702.337036,-65.593567,0.5562369824,-0.8193088991,0.1390444073,0.0270075624,427.0782010856,1850.128956581,4.0
21372,0.0,-2144.607422,697.90094,-66.099579,0.5562369824,-0.8193088991,0.1390444073,0.0266671374,423.6865401952,1846.9549123508,4.0
21373,0.0,-2144.401855,694.662109,-66.769455,0.5562369824,-0.8193088991,0.1390444073,0.0264152437,421.1433850027,1844.4835294184,4.0
21374,0.0,-2144.285645,693.658142,-66.987671,0.5562369824,-0.8193088991,0.1390444073,0.026333506,420.3200640429,1843.6942246983,4.0
21375,0.0,-2143.01709,688.398376,-68.22348,0.5569041272,-0.8187036283,0.1399362789,0.0262356381,418.5503296075,1839.306987152,4.0
21376,0.0,-2142.076416,685.505615,-68.93721,0.5576502934,-0.8181857358,0.1399937571,0.0261935194,417.6388028887,1836.7566856712,4.0
21377,0.0,-2141.030518,682.516052,-69.685822,0.5591219181,-0.8171807809,0.1399937571,0.0262666301,417.5968828997,1834.048547373,4.0
21378,0.0,-2139.895996,679.476746,-70.457596,0.5613312358,-0.8155185662,0.1408428626,0.0266349549,419.8242334247,1831.2085396293,4.0
21379,0.0,-2138.707764,676.470764,-71.230865,0.5642892235,-0.8133100421,0.1417901539,0.0271883584,423.4392012081,1828.3391453624,4.0
21380,0.0,-2137.327148,673.158508,-72.093704,0.5699497399,-0.8091695206,0.1428355033,0.0282891318,431.0368607513,1825.0845404437,4.0
21381,0.0,-2136.158936,670.491455,-72.796951,0.5774896811,-0.8038047638,0.1428410656,0.0296884179,440.7680560269,1822.4227552759,4.0
21382,0.0,-2134.802246,667.514709,-73.589935,0.5838712459,-0.7991813331,0.1428410484,0.0308972266,448.7707944354,1819.4102818984,4.0
21383,0.0,-2132.078125,661.877136,-75.115234,0.5978780145,-0.789189384,0.1404350243,0.0333910913,464.7235305996,1813.5116733796,4.0
21384,0.0,-2131.2264405,660.2077635,-75.556442,0.6034062472,-0.7851302898,0.1393669633,0.0345095303,471.7736072613,1811.7342536227,4.0
21385,0.0,-2130.374756,658.538391,-75.99765,0.60893448,-0.7810711956,0.1382989024,0.0356279694,478.8236839231,1809.9568338659,4.0
21386,0.0,-2128.651123,655.290161,-76.855713,0.6221336916,-0.7711369844,0.13526796,0.0385358151,496.6458350775,1806.4432880606,4.0
21387,0.0,-2125.643066,649.923096,-78.509964,0.6539626942,-0.7455407191,0.1284594519,0.0470997544,546.0943887011,1800.6046308467,4.0
21388,0.0,-2123.68335,646.940796,-79.463097,0.6860818822,-0.7171610915,0.1223585703,0.0582164711,604.2814687208,1797.2807855996,4.0
21389,0.0,-2121.848633,644.410828,-80.321716,0.7266853155,-0.6769985608,0.1166250443,0.0762081727,687.0966832881,1794.4775944656,4.0
21390,0.0,-2120.066162,641.954102,-81.190811,0.7762857205,-0.6205736366,0.1107648034,0.0688072969,446.6923174956,1225.4015597743,5.0
21391,0.0,-2118.652344,639.586731,-81.979614,0.8093190469,-0.5775201596,0.1071127703,0.0570974467,407.4497176982,1223.3202581571,5.0
21392,0.0,-2117.219238,637.325562,-82.785912,0.8531882823,-0.5117397007,0.1009565929,0.045023129,362.3426982401,1221.3239265555,5.0
21393,0.0,-2115.910645,635.082703,-83.556526,0.8881117599,-0.4495831274,0.0955641854,0.0394224483,339.0287801513,1219.4745978481,5.0
21394,0.0,-2114.456543,632.286987,-84.465775,0.9172516234,-0.3881482435,0.0893890401,0.0383619999,333.9203045517,1217.2583859784,5.0
21395,0.0,-2113.157227,629.580505,-85.290184,0.9330306626,-0.3497159725,0.0845725799,0.0395146919,338.2172666811,1215.1633979924,5.0
21396,0.0,-2111.750732,626.649963,-86.189171,0.948967534,-0.3058353766,0.0769762424,0.0423200862,349.1296838214,1212.9493356003,5.0
21397,0.0,-2110.406738,623.830078,-87.193794,0.9583081853,-0.2769640435,0.0702590966,0.0449136506,358.8556801426,1211.0098487116,5.0
21398,0.0,-2108.809082,620.510254,-87.962418,0.9639711185,-0.257799365,0.0655680571,0.0470095546,366.286410099,1208.8646513826,5.0
21399,0.0,-2107.32373,617.477966,-88.843719,0.9660741714,-0.2503050034,0.0636246863,0.0477702038,368.5774114206,1206.9372750266,5.0
21400,0.0,-2105.852783,614.543152,-89.709869,0.9675747327,-0.2449171895,0.0617633141,0.0482037611,369.6482085243,1205.1216942761,5.0
21401,0.0,-2104.349365,611.600525,-90.580521,0.9685551223,-0.2412555495,0.0608007799,0.0485406519,370.3598945192,1203.3484288685,5.0
21402,0.0,-2102.921631,608.863525,-91.397781,0.9696391156,-0.237083599,0.0599278949,0.0490463288,371.7379916786,1201.7391718704,5.0
21403,0.0,-2101.288086,605.795593,-92.324409,0.9712983834,-0.2306615276,0.0580922555,0.0497893905,373.8778561949,1199.8323889704,5.0
21404,0.0,-2099.720215,602.918213,-93.20446,0.9732635461,-0.2227039917,0.0562227882,0.0510094936,377.8489131747,1198.3613941437,5.0
21405,0.0,-2098.111572,600.020935,-94.095772,0.9750682702,-0.2151502661,0.0543344415,0.052185109,381.5608253152,1196.7863888363,5.0
21406,0.0,-2096.412109,597.338501,-94.966934,0.977140174,-0.2064079537,0.050919907,0.0533559378,385.134710261,1195.0277981399,5.0
21407,0.0,-2094.328369,594.496338,-95.943146,0.9788034081,-0.198767157,0.0493508421,0.0549222128,390.0665585728,1193.4279874104,5.0
21464,0.0,-1904.113892,547.476074,-102.048721,0.9817405746,0.1897090532,-0.0139971184,,,,
21465,0.0,-1903.896484,547.518188,-102.048721,0.9817405746,0.1897090532,-0.0139971184,,,,
21466,0.0,-1903.672852,547.561279,-102.048721,0.9817405746,0.1897090532,-0.0139971184,,,,
21467,0.0,-1903.463257,547.601807,-102.048721,0.9817405746,0.1897090532,-0.0139971184,,,,
21468,0.0,-1897.85376,545.434082,-102.048721,0.9798096883,0.1993128881,-0.0157272814,,,,
21469,0.0,-1896.0422365,544.67572,-102.048721,0.9796405348,0.2001334816,-0.0158209154,,,,
21470,0.0,-1891.248169,542.606689,-102.048721,0.9794649862,0.2009852568,-0.0159143747,,,,
21471,0.0,-1888.343872,541.286438,-102.048721,0.9794649862,0.2009852568,-0.0159143747,,,,
21472,0.0,-1885.457886,539.938232,-102.048721,0.9793115251,0.2017316632,-0.0159145493,,,,
21473,0.0,-1881.820435,538.19281,-102.048721,0.9788897241,0.2037685825,-0.0159145493,,,,
21474,0.0,-1878.878418,536.754211,-102.048721,0.9777483953,0.2091764867,-0.0159145493,,,,
21475,0.0,-1875.893799,535.270752,-102.048721,0.9759388841,0.2174626901,-0.0159145493,,,,
21476,0.0,-1873.043823,533.836792,-102.048721,0.973912713,0.2263642079,-0.0159145493,,,,
21477,0.0,-1870.02002,532.300415,-102.048721,0.9714429433,0.2367389596,-0.0159145493,,,,
21478,0.0,-1867.039307,530.762451,-102.048721,0.9697709207,0.2436075583,-0.0141321935,,,,
21479,0.0,-1864.158936,529.267517,-102.048721,0.9679511651,0.2507481104,-0.0139973976,,,,
21480,0.0,-1861.101929,527.673401,-102.048721,0.965929062,0.2583784817,-0.0148864803,,,,
21481,0.0,-1858.362061,526.248047,-102.048706,0.9633423644,0.2675973832,-0.019055957,,,,
21482,0.0,-1855.112915,524.545227,-102.048714,0.9612998035,0.2742649096,-0.0261045419,,,,
21483,0.0,-1852.039551,522.926697,-102.048721,0.9603068318,0.2772046158,-0.0311189606,,,,
21484,0.0,-1849.150024,521.415466,-102.048714,0.9583610641,0.2833100943,-0.0357695582,,,,
21485,0.0,-1846.327515,519.927856,-102.048721,0.9582439618,0.2836715958,-0.036040747,,,,
21486,0.0,-1843.165161,518.262146,-102.640457,0.9582439618,0.2836715958,-0.036040747,,,,
21567,0.0,-1570.2677,440.084686,-105.475761,0.978176542,0.2075715383,-0.0092037591,,,,
21568,0.0,-1570.402222,440.056122,-105.475761,0.978176542,0.2075715383,-0.0092037591,,,,
21569,0.0,-1570.555786,440.023529,-105.475761,0.978176542,0.2075715383,-0.0092037591,,,,
21570,0.0,-1570.663086,440.000793,-105.475761,0.978176542,0.2075715383,-0.0092037591,,,,
21571,0.0,-1570.663086,440.000793,-105.475761,0.978176542,0.2075715383,-0.0092037591,,,,
21572,0.0,-1567.61853,440.597809,-105.456177,0.9808185705,0.1948384725,-0.0057359757,,,,
21573,0.0,-1564.408325,441.312073,-105.436226,0.9814202273,0.1918174539,-0.0045168269,,,,
21574,0.0,-1561.542358,441.963348,-105.360497,0.981461613,0.1916080701,-0.0044101884,,,,
21575,0.0,-1557.797607,442.806702,-105.241814,0.981461613,0.1916080701,-0.0044101884,,,,
21576,0.0,-1555.044067,443.420166,-105.157097,0.981461613,0.1916080701,-0.0044101884,,,,
21577,0.0,-1551.596924,444.180634,-105.051033,0.981461613,0.1916080701,-0.0044101884,,,,
21578,0.0,-1548.045776,444.95639,-104.94178,0.981461613,0.1916080701,-0.0044101884,,,,
21579,0.0,-1544.935547,445.62973,-104.846077,0.981461613,0.1916080701,-0.0044101884,,,,
21580,0.0,-1541.214966,446.428772,-104.73159,0.981461613,0.1916080701,-0.0044101884,,,,
21581,0.0,-1538.834106,446.936188,-104.658348,0.981461613,0.1916080701,-0.0044101884,,,,
21582,0.0,-1534.841553,447.781891,-104.535484,0.981461613,0.1916080701,-0.0044101884,,,,
21583,0.0,-1531.855713,448.409851,-104.443604,0.981461613,0.1916080701,-0.0044101884,,,,
21584,0.0,-1527.951172,449.226532,-104.323471,0.981461613,0.1916080701,-0.0044101884,,,,
21585,0.0,-1524.674805,449.90741,-104.29895,0.981461613,0.1916080701,-0.0044101884,,,,
21586,0.0,-1521.730957,454.032593,-104.316467,0.981461613,0.1916080701,-0.0044101884,,,,
21587,0.0,-1518.375366,454.577332,-104.177948,0.9829378317,0.1839023465,-0.003625739,,,,
21588,0.0,-1515.2052,455.216064,-104.17363,0.9870090215,0.1606646807,0.0002278702,,,,
21589,0.0,-1511.573608,455.657227,-104.037895,0.9922270135,0.1243190791,0.0055063812,,,,
21590,0.0,-1508.015625,456.160187,-103.959358,0.9978493042,0.064346473,0.0125019041,,,,
21591,0.0,-1505.035034,456.467499,-103.838287,0.999806504,-6.55593e-05,0.0196710527,,,,
21592,0.0,-1501.760498,456.50824,-103.825432,0.9953707417,-0.0917142498,0.0287329609,,,,
21593,0.0,-1499.201538,456.207642,-103.809357,0.9854073759,-0.1664458819,0.0356099972,,,,
21594,0.0,-1496.359497,455.384216,-103.818665,0.9683488116,-0.2457787078,0.0435132849,,,,
21595,0.0,-1491.582642,453.199036,-103.926132,0.9276741456,-0.3690480964,0.0567818825,,,,
21596,0.0,-1489.992371,452.520523,-103.852821,0.919297982,-0.3885132259,0.0591118714,,,,
21597,0.0,-1488.4021,451.84201,-103.77951,0.9109218185,-0.4079783554,0.0614418602,,,,
21598,0.0,-1485.422974,450.689545,-103.696091,0.9027395292,-0.4253219723,0.0645179219,,,,
21599,0.0,-1479.38501,448.516571,-103.749718,0.9021843896,-0.426489774,0.0645739869,,,,
21600,0.0,-1477.053711,447.661438,-103.663414,0.9021843896,-0.426489774,0.0645739869,,,,
21601,0.0,-1473.783325,446.422546,-103.755371,0.9021843896,-0.426489774,0.0645739869,,,,
21602,0.0,-1470.636719,445.210632,-103.675392,0.9021843896,-0.426489774,0.0645739869,,,,
21603,0.0,-1467.647461,443.639526,-104.063919,0.9021843896,-0.426489774,0.0645739869,,,,
21604,0.0,-1465.209106,442.443085,-104.280418,0.9021843896,-0.426489774,0.0645739869,,,,
21605,0.0,-1462.142578,440.908752,-104.55603,0.9021843896,-0.426489774,0.0645739869,,,,
21606,0.0,-1458.932129,439.28949,-104.864189,0.9021843896,-0.426489774,0.0645739869,,,,
21607,0.0,-1456.35437,438.1073,-105.125259,0.9021843896,-0.426489774,0.0645739869,,,,
21608,0.0,-1452.909302,436.521088,-105.126778,0.9021843896,-0.426489774,0.0645739869,,,,
21618,0.0,-1425.351196,423.909119,-103.113403,0.9029064379,-0.4249590204,0.064573952,,,,
21619,0.0,-1421.140869,422.07959,-102.793991,0.9030355103,-0.4246846735,0.064573952,,,,
21620,0.0,-1417.051758,420.294708,-102.533813,0.9031626241,-0.424414275,0.0645739695,,,,
21621,0.0,-1413.431274,418.724274,-102.391197,0.9032820035,-0.4241601403,0.0645739695,,,,
21622,0.0,-1410.287354,417.381165,-102.25943,0.903396553,-0.4239161099,0.0645739869,,,,
21623,0.0,-1407.059692,415.926666,-102.434975,0.9088987527,-0.4117036164,0.066356534,,,,
21624,0.0,-1404.37207,414.658966,-102.67292,0.9276084354,-0.3671306537,0.0689758925,,,,
21625,0.0,-1401.28418,413.349274,-103.071365,0.9639165504,-0.2565407306,0.0710755747,,,,
21626,0.0,-1398.564575,412.28479,-103.446136,0.9918685975,-0.1065169134,0.0696479171,,,,
21632,0.0,-1389.196655,410.733276,-105.018234,0.1358409012,0.9896853709,-0.0454985299,,,,
21633,0.0,-1386.983154,409.868774,-105.032303,-0.0408383576,0.9971974873,-0.0626849261,,,,
21634,0.0,-1383.342773,408.654907,-105.758408,-0.3535321251,0.9307357217,-0.0935203335,,,,
21635,0.0,-1381.635498,407.31955,-106.018387,-0.5261955821,0.8431123535,-0.1108141177,,,,
21636,0.0,-1378.379883,406.034119,-105.554657,-0.5458916249,0.8302545824,-0.1126040062,,,,
21637,0.0,-1372.197876,402.889496,-104.298721,-0.5463205989,0.8299723572,-0.1126041276,,,,
21638,0.0,-1369.229004,402.7211,-104.298721,-0.5455804718,0.8304590818,-0.1126040062,,,,
21639,0.0,-1366.536865,402.530884,-104.298721,-0.5455246312,0.8304957479,-0.1126041276,,,,
21640,0.0,-1363.071777,402.250916,-104.298721,-0.5455246312,0.8304957479,-0.1126041276,,,,
21641,0.0,-1360.202881,401.989075,-104.298721,-0.5455246312,0.8304957479,-0.1126041276,,,,
21642,0.0,-1357.283691,401.699341,-104.298721,-0.5455246312,0.8304957479,-0.1126041276,,,,
21643,0.0,-1354.38916,401.392151,-104.298721,-0.5455246312,0.8304957479,-0.1126041276,,,,
21644,0.0,-1350.803833,400.98645,-104.298721,-0.5455246312,0.8304957479,-0.1126041276,,,,
21645,0.0,-1347.626587,400.604614,-104.298721,-0.5455246312,0.8304957479,-0.1126041276,,,,
21646,0.0,-1344.806885,400.249634,-104.298721,-0.5455246312,0.8304957479,-0.1126041276,,,,
21647,0.0,-1341.339478,399.796204,-104.298721,-0.5455246312,0.8304957479,-0.1126041276,,,,
21648,0.0,-1338.424194,399.40094,-104.298721,-0.5455246312,0.8304957479,-0.1126041276,,,,
21649,0.0,-1335.134155,398.941467,-104.298721,-0.5455246312,0.8304957479,-0.1126041276,,,,
21650,0.0,-1331.57373,398.428894,-104.298721,-0.5455246312,0.8304957479,-0.1126041276,,,,
21651,0.0,-1328.383789,397.965057,-104.298721,-0.5447920012,0.8309765443,-0.1126039888,,,,
21652,0.0,-1325.24353,397.610291,-104.298714,-0.5321966989,0.8392100906,-0.1117725255,,,,
21653,0.0,-1321.509277,397.38501,-104.298714,-0.4930553337,0.8630416025,-0.1097981338,,,,
21654,0.0,-1318.266724,397.322876,-104.298653,-0.4372165712,0.8931413101,-0.1055474777,,,,
21655,0.0,-1314.683594,397.306976,-104.298592,-0.3545050944,0.9296594536,-0.1002967515,,,,
21656,0.0,-1310.302246,397.047974,-104.298592,-0.234605986,0.967745477,-0.0918080772,,,,
21657,0.0,-1305.712402,396.566589,-104.298615,-0.0681773791,0.9944220165,-0.0804779354,,,,
21659,0.0,-1296.237061,393.035736,-104.298721,0.4180780992,0.9070507988,-0.0496945813,,,,
21660,0.0,-1291.984131,390.524017,-104.298721,0.6071181024,0.7934773095,-0.0424425383,,,,
21661,0.0,-1287.787476,387.390564,-104.253403,0.763306202,0.6447174249,-0.041268438,,,,
21662,0.0,-1283.631226,383.906342,-104.163071,0.8689163623,0.4931944579,-0.0417562207,,,,
21663,0.0,-1280.514648,380.819702,-104.000641,0.9298786828,0.3654850838,-0.0417886206,,,,
21664,0.0,-1278.081055,378.090424,-103.855682,0.9640023196,0.263161858,-0.0380179473,,,,
21665,0.0,-1275.102417,374.646881,-103.668579,0.9857212356,0.1654538561,-0.0312836569,,,,
21666,0.0,-1273.302246,372.572998,-103.551956,0.9906533645,0.1337801795,-0.0266228292,,,,
21667,0.0,-1271.128296,370.277863,-103.410202,0.9929302202,0.1165452495,-0.0225118332,,,,
21668,0.0,-1268.801025,367.928192,-103.258209,0.9932656087,0.1138157476,-0.0216657819,,,,
21669,0.0,-1266.310059,365.45166,-103.095367,0.9932656087,0.1138157476,-0.0216657819,,,,
21670,0.0,-1263.958862,363.147552,-102.941574,0.9932656087,0.1138157476,-0.0216657819,,,,
21671,0.0,-1261.673584,360.934601,-102.791946,0.9932656087,0.1138157476,-0.0216657819,,,,
21672,0.0,-1259.043945,358.41568,-102.619629,0.9932656087,0.1138157476,-0.0216657819,,,,
21673,0.0,-1256.923706,356.405487,-102.480606,0.9932656087,0.1138157476,-0.0216657819,,,,
21674,0.0,-1254.558105,354.180878,-102.325378,0.9932656087,0.1138157476,-0.0216657819,,,,
21675,0.0,-1251.570557,351.39566,-102.129181,0.9932656087,0.1138157476,-0.0216657819,,,,
21676,0.0,-1249.523926,349.502625,-101.994705,0.9932809843,0.1138175095,-0.0209394535,,,,
21677,0.0,-1244.153687,344.58075,-101.641373,0.9927846107,0.118109785,-0.020707375,,,,
21678,0.0,-1241.848755,342.487427,-101.489578,0.9924742864,0.1208160934,-0.0199565151,,,,
21679,0.0,-1240.4814455,341.1865085,-101.399429,0.9923935677,0.1215616016,-0.0194146314,,,,
21680,0.0,-1238.88855,337.857086,-101.292267,0.9923329303,0.1223925933,-0.0171874528,,,,
21681,0.0,-1238.985352,335.444885,-101.295807,0.9928227163,0.1188534624,-0.0133006922,,,,
21682,0.0,-1238.999512,334.297699,-101.295807,0.9935203756,0.1129458059,-0.0109321013,,,,
21683,0.0,-1239.036377,331.342896,-101.295807,0.9952393788,0.0973059769,-0.0054887013,,,,
21684,0.0,-1239.069092,328.398041,-101.295807,0.9970956003,0.0761428092,-0.0016236965,,,,
21685,0.0,-1239.089111,326.079163,-101.295807,0.9987989693,0.048922391,0.0026867566,,,,
21686,0.0,-1239.118042,323.964233,-101.295807,0.9999413224,0.0046082168,0.0098038809,,,,
21687,0.0,-1238.984009,321.094818,-101.295807,0.9962372053,-0.0835908526,0.0228910478,,,,
21688,0.0,-1238.835449,319.015656,-101.260422,0.9905840704,-0.1334960473,0.0303645322,,,,
21689,0.0,-1238.713257,316.208679,-101.216339,0.9778092673,-0.2054945787,0.0407555511,,,,
21690,0.0,-1238.744751,313.474854,-101.181366,0.9660399207,-0.253755205,0.0487356915,,,,
21691,0.0,-1238.686035,310.273651,-101.137878,0.9569039223,-0.2849838346,0.0558488813,,,,
21692,0.0,-1238.579468,307.558044,-101.137146,0.9559013916,-0.2881224425,0.0569033178,,,,
21693,0.0,-1238.362671,304.915863,-101.112366,0.9563080971,-0.2864015772,0.0587278472,,,,
21694,0.0,-1238.053833,302.347015,-101.090256,0.9592753409,-0.2759193599,0.060492373,,,,
21695,0.0,-1237.652466,299.75,-101.0634,0.9640584642,-0.258293205,0.0622567098,,,,
21696,0.0,-1237.029419,296.500824,-101.022446,0.9709630628,-0.2306336883,0.0635518096,,,,
21697,0.0,-1236.39563,293.759796,-100.981491,0.9779458405,-0.1989341175,0.063617214,,,,
21698,0.0,-1235.646606,291.307068,-100.935959,0.9839831016,-0.1674042252,0.0612623951,,,,
21699,0.0,-1234.720825,288.864838,-100.880524,0.9892861708,-0.1338130886,0.0583689087,,,,
21700,0.0,-1233.737671,286.363403,-100.81987,0.9923599667,-0.1101782545,0.0555198047,,,,
21701,0.0,-1232.630981,283.672913,-100.801598,0.9941401525,-0.0949107272,0.0517427383,,,,
21702,0.0,-1231.571899,281.235138,-100.940239,0.9950654174,-0.0871077115,0.0475085427,,,,
21703,0.0,-1230.219604,278.337708,-101.157585,0.9962212702,-0.0771794815,0.0398309988,,,,
21704,0.0,-1228.870728,275.628052,-101.352638,0.9971242592,-0.0682918133,0.0328548313,,,,
21705,0.0,-1227.346313,272.692749,-101.559586,0.9974307156,-0.0653900112,0.0292594274,,,,
21706,0.0,-1226.097534,270.401489,-101.72068,0.9976456028,-0.0637792174,0.0252083836,,,,
21707,0.0,-1224.217163,267.467224,-101.928894,0.9980260362,-0.0586735803,0.0223929015,,,,
21708,0.0,-1222.911865,265.806793,-102.06871,0.9986203421,-0.0475234957,0.0223367334,,,,
21709,0.0,-1220.748291,263.338867,-102.314728,0.9988160737,-0.0432148268,0.0223367334,,,,
21710,0.0,-1218.476562,261.122498,-102.549942,0.9988160737,-0.0432148268,0.0223367334,,,,
21711,0.0,-1216.892212,259.796295,-102.693039,0.9988160737,-0.0432148268,0.0223367334,,,,
21712,0.0,-1213.90625,257.575867,-102.937988,0.9988160737,-0.0432148268,0.0223367334,,,,
21713,0.0,-1211.437988,255.975006,-103.119675,0.9988160737,-0.0432148268,0.0223367334,,,,
21714,0.0,-1208.942505,254.529724,-103.288025,0.9988160737,-0.0432148268,0.0223367334,,,,
21715,0.0,-1206.660889,253.336731,-103.430496,0.9988160737,-0.0432148268,0.0223367334,,,,
21716,0.0,-1204.12146,252.124802,-103.578796,0.9988160737,-0.0432148268,0.0223367334,,,,
21781,0.0,-976.08075,231.212311,-108.162392,0.6098402271,-0.7909318404,0.0502167419,0.0688705019,401.8703329943,1101.9544014109,1.0
21782,0.0,-976.263855,230.990173,-108.162392,0.6098402271,-0.7909318404,0.0502167419,0.0693681402,403.9737980174,1103.883997003,1.0
21783,0.0,-976.47345,230.750763,-108.162392,0.6098402271,-0.7909318404,0.0502167419,0.0698450673,405.9924465137,1105.7424892806,1.0
21784,0.0,-976.668396,230.540985,-108.162392,0.6098402271,-0.7909318404,0.0502167419,0.0702470172,407.6732108939,1107.2542846472,1.0
21785,0.0,-974.412842,230.433212,-108.1679,0.6098402271,-0.7909318404,0.0502167419,0.0711768728,410.2920363875,1107.3309373121,1.0
21786,0.0,-970.430359,230.21875,-108.179787,0.6071352439,-0.7930101351,0.0502167419,0.0717041587,411.9270626854,1107.7998972328,1.0
21787,0.0,-967.384521,230.024521,-108.191399,0.604297893,-0.7951247731,0.0509965842,0.0718843256,412.4908027124,1107.9766948942,1.0
21788,0.0,-964.0755,229.787659,-108.206276,0.5974420626,-0.800227073,0.0519578048,0.070326221,408.1405682337,1107.9219749652,1.0
21789,0.0,-960.208862,229.473816,-108.226845,0.5822068538,-0.8113060586,0.0530816225,0.0655522469,394.4734912409,1107.7596206351,1.0
21790,0.0,-957.260193,229.194305,-108.245781,0.5518396989,-0.8320919327,0.0556413707,0.0552866436,363.1359465142,1107.4683680203,1.0
21791,0.0,-954.197021,228.489639,-108.272057,0.5031265758,-0.862281149,0.0577483233,0.0408079239,312.925295161,1106.700005938,1.0
21792,0.0,-951.506775,227.812149,-108.298332,0.4650111689,-0.8834110307,0.0578754147,0.0315987512,275.8735444147,1106.1608377284,1.0
21793,0.0,-948.986877,227.077454,-108.319374,0.4205779851,-0.9055012565,0.0564059661,0.022709483,234.2164361033,1105.2957580522,1.0
21794,0.0,-945.557434,226.15416,-108.348869,0.3767079099,-0.9246950854,0.0550467945,0.0162151835,197.9258475547,1103.5558022833,1.0
21795,0.0,-943.136902,225.400818,-108.374413,0.3393076772,-0.9391564297,0.0534368854,0.0122239489,171.7724648906,1101.9555021249,1.0
21796,0.0,-939.902283,224.441269,-108.411674,0.3050778228,-0.9508958827,0.0521971482,0.0100349653,155.4685185836,1100.1750714786,1.0
21797,0.0,-937.123108,223.5186,-108.448738,0.2723100933,-0.9607488127,0.0529993589,0.0092617083,149.1430003621,1098.3739929988,1.0
21798,0.0,-934.31842,222.658951,-108.487518,0.2598638845,-0.9640957515,0.0546822042,0.0094381712,150.3051634426,1096.584591987,1.0
21799,0.0,-930.894775,221.631973,-108.536896,0.2792280037,-0.9582738161,0.0611801875,0.0106635921,159.3634399245,1094.1649962232,1.0
21800,0.0,-927.901855,220.667603,-108.583405,0.2850616922,-0.9565210444,0.0617035113,0.0110048111,161.5483877859,1091.929162281,1.0
21819,0.0,-873.009766,193.102905,-109.428101,0.0328128423,-0.9970545523,0.0693219812,0.0163703266,287.9231847587,1597.7825256374,4.0
21820,0.0,-869.305786,191.207077,-109.480438,0.0160171213,-0.9974310607,0.0698192743,0.0138376131,264.5297531427,1595.6460394402,4.0
21821,0.0,-866.288696,189.671494,-109.522888,0.0018333091,-0.9975285506,0.0702383785,0.0118838763,245.0062148551,1593.9590689713,4.0
21822,0.0,-862.862976,187.93692,-109.570984,-0.0150913464,-0.9973807984,0.0707375023,0.0097855743,222.1928017321,1592.160665919,4.0
21823,0.0,-859.688171,186.326538,-109.615875,-0.0321064097,-0.9969424774,0.0712381578,0.0079276133,199.9012658549,1590.7127310764,4.0
21824,0.0,-855.614563,183.870148,-109.692535,-0.040939732,-0.9965053167,0.0728085999,0.0072735204,191.2877717668,1588.8797579547,4.0
21825,0.0,-854.748108,182.767105,-109.73526,-0.0428231308,-0.9963987958,0.0731820961,0.0070154619,187.7578504859,1587.8811909785,4.0
21826,0.0,-851.887939,180.564972,-109.80954,-0.0428231308,-0.9963987958,0.0731820961,0.0070207992,187.6150061148,1586.0720510742,4.0
21827,0.0,-849.211609,178.427002,-109.881683,-0.0428231308,-0.9963987958,0.0731820961,0.007015286,187.3156338534,1584.16112161,4.0
21828,0.0,-847.075195,176.666321,-109.930817,-0.0428231308,-0.9963987958,0.0731820961,0.007005205,187.0014481033,1582.6375448537,4.0
21829,0.0,-844.654602,174.623566,-109.940826,-0.0428231308,-0.9963987958,0.0731820961,0.0069932131,186.6392979654,1580.9215653418,4.0
21830,0.0,-841.840332,172.18573,-109.911316,-0.0428231308,-0.9963987958,0.0731820961,0.0069755353,186.1764713296,1578.9912004034,4.0
21831,0.0,-839.42572,170.040421,-109.910553,-0.0428231308,-0.9963987958,0.0731820961,0.0258066406,219.7362468034,973.5115806395,5.0
21832,0.0,-837.299316,168.112991,-109.884064,-0.0428231308,-0.9963987958,0.0731820961,0.0262330203,221.1890274284,972.0564621327,5.0
21833,0.0,-834.721313,165.734619,-109.863403,-0.0428231308,-0.9963987958,0.0731820961,0.0267604336,222.9587996692,970.2600204711,5.0
21834,0.0,-832.308044,163.467361,-109.846008,-0.0428231308,-0.9963987958,0.0731820961,0.02726704,224.6329293579,968.5460470483,5.0
21835,0.0,-830.003723,161.268555,-109.828735,-0.0428231308,-0.9963987958,0.0731820961,0.0277622865,226.2463609879,966.8839640074,5.0
21836,0.0,-828.009338,159.340408,-109.813354,-0.0428231308,-0.9963987958,0.0731820961,0.0282007984,227.6570285239,965.4260595979,5.0
21837,0.0,-825.345215,156.733688,-109.792297,-0.0428231308,-0.9963987958,0.0731820961,0.0287991739,229.5557487913,963.457855005,5.0
21838,0.0,-822.983459,154.399475,-109.773163,-0.0428231308,-0.9963987958,0.0731820961,0.0293422836,231.2563573796,961.7033443566,5.0
21839,0.0,-820.623047,152.1595,-109.754608,-0.0428231308,-0.9963987958,0.0731820961,0.0298892878,232.9679603738,960.0483328722,5.0
21840,0.0,-818.292603,149.927551,-109.786163,-0.0428231308,-0.9963987958,0.0731820961,0.0304326144,234.6384579446,958.3941239584,5.0
21841,0.0,-815.920471,147.637634,-109.82251,-0.0428231308,-0.9963987958,0.0731820961,0.0309968151,236.3517236297,956.702763083,5.0
21842,0.0,-811.292419,143.121246,-109.89325,-0.0428231308,-0.9963987958,0.0731820961,0.007085569,186.5777973109,1570.1034554009,4.0
21843,0.0,-810.075531,141.922264,-109.91185,-0.0428231308,-0.9963987958,0.0731820961,0.007082532,186.5679858889,1570.3563645318,4.0
21844,0.0,-806.755493,138.639603,-109.935669,-0.0428231308,-0.9963987958,0.0731820961,0.0070864478,186.6929673348,1570.975567244,4.0
21845,0.0,-804.115723,136.010651,-109.738007,-0.0428231308,-0.9963987958,0.0731820961,0.0071007585,186.9188175765,1571.2959216284,4.0
21846,0.0,-802.961609,134.7178575,-109.62175,-0.0428231308,-0.9963987958,0.0731820961,0.0071090782,187.0234409482,1571.2587629188,4.0
21847,0.0,-797.479736,129.938416,-110.126419,-0.0428231308,-0.9963987958,0.0731820961,0.0071939815,188.0726317116,1570.7549233157,4.0
21848,0.0,-795.293884,127.382782,-109.997902,-0.0428231308,-0.9963987958,0.0731820961,0.0072116218,188.2289958711,1570.1439230529,4.0
21849,0.0,-793.280396,124.652191,-109.821281,-0.0428231308,-0.9963987958,0.0731820961,0.0071635604,187.5811994489,1569.9615514947,4.0
21850,0.0,-791.574097,121.833618,-109.555817,-0.0428231308,-0.9963987958,0.0731820961,0.007089538,186.5694446811,1569.5951906671,4.0
21851,0.0,-790.439636,119.524925,-109.321213,-0.0428231308,-0.9963987958,0.0731820961,0.0070170491,185.5611323548,1569.1265272161,4.0
21852,0.0,-789.132874,116.606987,-108.973747,-0.0428231308,-0.9963987958,0.0731820961,0.0069180153,184.1776105528,1568.496282039,4.0
21853,0.0,-787.981567,113.626579,-108.552238,-0.0428231308,-0.9963987958,0.0731820961,0.0068337285,182.9904325831,1567.9339293141,4.0
21854,0.0,-787.222778,110.546608,-107.899124,-0.0428231308,-0.9963987958,0.0731820961,0.0067059597,181.2390360162,1567.6012148574,4.0
21855,0.0,-786.632751,108.034271,-107.512932,-0.0428231308,-0.9963987958,0.0731820961,0.0066105835,179.8757553635,1566.9554886308,4.0
21856,0.0,-786.013062,104.797691,-106.950203,-0.0428231308,-0.9963987958,0.0731820961,0.0064875079,178.0698059496,1565.8200725791,4.0
21857,0.0,-785.592163,102.164253,-106.611557,-0.0428231308,-0.9963987958,0.0731820961,0.006383455,176.5246727578,1564.7923016954,4.0
21858,0.0,-785.156433,98.614876,-106.151863,-0.0428231308,-0.9963987958,0.0731820961,0.006244495,174.4166903672,1563.1599959946,4.0
21859,0.0,-784.846252,95.079483,-105.734596,-0.0428231308,-0.9963987958,0.0731820961,0.0061014906,172.2081236982,1561.2920113555,4.0
21860,0.0,-784.517151,91.957817,-105.594505,-0.0428231308,-0.9963987958,0.0731820961,0.0059701465,170.1498131062,1559.4560960683,4.0
21861,0.0,-784.177246,89.001991,-104.477524,-0.0428231308,-0.9963987958,0.0731820961,0.0059004589,168.8814445678,1556.917585728,4.0
21862,0.0,-783.908813,86.250099,-102.931252,-0.0428231308,-0.9963987958,0.0731820961,0.0058618082,168.0772251399,1554.5884726953,4.0
21863,0.0,-783.450562,82.315247,-101.13208,-0.0428231308,-0.9963987958,0.0731820961,0.0057984564,166.7982605214,1551.139271887,4.0
21864,0.0,-783.186584,79.737915,-101.028458,-0.0428231308,-0.9963987958,0.0731820961,0.0447932057,266.5456168534,900.6771068453,5.0
21865,0.0,-782.713806,75.945984,-101.276413,-0.0428231308,-0.9963987958,0.0731820961,0.0452186495,266.7346396924,897.1633663294,5.0
21866,0.0,-782.33728,72.477814,-101.545532,-0.0428231308,-0.9963987958,0.0731820961,0.0455898762,266.8372129206,893.93169896,5.0
21867,0.0,-782.064026,69.797928,-101.782654,-0.0428231308,-0.9963987958,0.0731820961,0.045868469,266.8825950994,891.4279221283,5.0
21868,0.0,-781.723999,66.370926,-102.131706,-0.0428231308,-0.9963987958,0.0731820961,0.0462177656,266.908844648,888.2197265509,5.0
21869,0.0,-781.451843,63.167366,-102.078537,-0.0372198576,-0.9966238323,0.0731820961,0.0479898882,270.9454503998,885.2500546675,5.0
21870,0.0,-781.194458,59.965775,-102.363602,-0.0233398924,-0.9971073202,0.0723342343,0.0517251193,280.0682487873,882.2425705862,5.0
21871,0.0,-781.164734,56.772064,-102.932678,0.0029919108,-0.9975057025,0.0705224925,0.058911425,297.2928530471,879.1480724348,5.0
21872,0.0,-781.267273,53.919254,-103.54055,0.0370604382,-0.9969470061,0.0687254749,0.0691807453,320.284417611,876.3394876457,5.0
21873,0.0,-781.453979,50.720428,-103.676361,0.1048904014,-0.9923001319,0.0658669256,0.0930817837,367.8947749841,873.2231435824,5.0
21874,0.0,-781.755859,47.356979,-103.622681,0.1833903894,-0.9809783071,0.0636358861,0.1265792166,423.6273447231,869.9316202826,5.0
21875,0.0,-782.223267,44.593491,-103.435234,0.2198512003,-0.9735686694,0.0618829192,,,,
21876,0.0,-782.846802,41.568329,-104.467896,0.2422333197,-0.9683636105,0.0599577909,,,,
21877,0.0,-783.716492,38.293137,-104.855759,0.2665566001,-0.9620768961,0.0579277565,,,,
21878,0.0,-784.679749,35.210762,-104.516129,0.2680901652,-0.9617088594,0.0569537806,,,,
21879,0.0,-785.635193,32.361401,-104.18779,0.2681249002,-0.9617012793,0.0569182511,,,,
21880,0.0,-786.705627,29.262434,-103.868111,0.2681249002,-0.9617012793,0.0569182511,,,,
21881,0.0,-787.814087,25.905607,-103.767906,0.2681249002,-0.9617012793,0.0569182511,,,,
21882,0.0,-788.826782,22.971664,-103.726929,0.2681249002,-0.9617012793,0.0569182511,,,,
21883,0.0,-789.823975,20.105129,-103.748718,0.2681249002,-0.9617012793,0.0569182511,,,,
21884,0.0,-790.912048,17.088444,-103.830238,0.2681249002,-0.9617012793,0.0569182511,,,,
21885,0.0,-792.1203,13.85323,-104.014595,0.2681249002,-0.9617012793,0.0569182511,,,,
21886,0.0,-793.184082,10.97644,-104.32563,0.2681249002,-0.9617012793,0.0569182511,,,,
21887,0.0,-794.381775,7.991426,-104.565422,0.2681249002,-0.9617012793,0.0569182511,,,,
21888,0.0,-795.577271,5.099742,-104.872971,0.2681249002,-0.9617012793,0.0569182511,,,,
21889,0.0,-797.926147,-0.182456,-105.48735,0.2681249002,-0.9617012793,0.0569182511,,,,
21890,0.0,-799.211121,-2.966912,-105.707664,0.2681249002,-0.9617012793,0.0569182511,,,,
21891,0.0,-800.608582,-5.824493,-105.756721,0.2681249002,-0.9617012793,0.0569182511,,,,
21892,0.0,-802.071411,-8.681601,-105.719582,0.2656822281,-0.9623789609,0.0569182685,,,,
21893,0.0,-803.492126,-11.471666,-105.754074,0.2645704308,-0.9626373379,0.0577221174,,,,
21894,0.0,-805.017639,-14.488901,-105.696045,0.2619742156,-0.9631847526,0.0603708762,,,,
21895,0.0,-806.593445,-17.706575,-105.628006,0.2615606747,-0.9630966998,0.0634882685,0.0624820061,247.6103069238,711.6531301043,1.0
21896,0.0,-807.866577,-20.424404,-105.518318,0.2607432075,-0.9632005835,0.0652504082,0.0622172386,246.1103770017,708.7972365283,1.0
21897,0.0,-809.319153,-23.513153,-105.439316,0.2654178749,-0.9617883699,0.067204786,0.0635173823,247.4503529535,705.5616713539,1.0
21898,0.0,-810.733398,-26.661947,-105.372864,0.2830749726,-0.9565978268,0.0692037405,0.0686730628,255.709700535,702.1438498263,1.0
21899,0.0,-812.247498,-29.917675,-105.387215,0.3033459491,-0.9502841154,0.0702946307,0.0743320843,264.8675320615,700.0835487994,1.0
21900,0.0,-813.720642,-33.066345,-105.419868,0.3420828154,-0.9369643086,0.0712546963,0.0900051026,288.8463095061,696.6540303217,1.0
21901,0.0,-814.880005,-35.479603,-105.44426,0.365975965,-0.9279472299,0.0705374475,0.1007148211,303.656271956,694.2893018413,1.0
21902,0.0,-816.395081,-38.841591,-105.420258,0.4140250763,-0.9076673675,0.0687254401,0.1229684963,332.3233092821,691.7164307764,1.0
21903,0.0,-817.873352,-42.117306,-105.479897,0.4566147484,-0.887157572,0.0667413967,0.1451665297,357.9362029794,689.7948017789,1.0
21904,0.0,-819.170715,-45.068985,-105.685516,0.5040500379,-0.8612281381,0.06495886,,,,
21905,0.0,-820.331665,-48.077835,-105.708229,0.5417575417,-0.8382279699,0.062230511,,,,
21906,0.0,-821.979919,-51.494301,-106.185318,0.5695629697,-0.8196894711,0.0608867349,,,,
21907,0.0,-823.250854,-54.565014,-106.45105,0.5952054408,-0.8012741965,0.0607465657,,,,
21908,0.0,-824.631897,-57.963516,-106.726181,0.6085972428,-0.7911505867,0.0607465657,,,,
21909,0.0,-825.828674,-61.089821,-106.968254,0.6150069357,-0.7861783028,0.0607465657,,,,
21910,0.0,-827.075928,-64.510315,-107.236862,0.6170907505,-0.7845437276,0.0607465657,,,,
21911,0.0,-828.013916,-67.392944,-107.414978,0.6170755361,-0.7844880641,0.0616137978,,,,
21912,0.0,-828.939453,-70.392998,-107.55806,0.617072274,-0.7844835788,0.0617035113,,,,
21913,0.0,-829.831787,-73.493729,-107.625206,0.6157551427,-0.7855178425,0.0617035113,,,,
21914,0.0,-830.758972,-76.645348,-107.679214,0.5916937006,-0.8037980103,0.0617035113,,,,
21915,0.0,-831.636047,-79.752167,-107.635872,0.5321454908,-0.8442749143,0.0634117159,,,,
21916,0.0,-832.908081,-82.983162,-107.548195,0.3706206983,-0.9261741461,0.0695826783,0.1182726218,315.0536493362,667.8271186112,1.0
21917,0.0,-834.325928,-86.5653,-107.380707,0.1971180063,-0.9775102604,0.074954535,0.0580768237,222.9120250721,663.7675954255,1.0
21918,0.0,-836.50415,-89.871666,-107.229851,-0.0394436129,-0.9960429072,0.0796412486,0.0251400072,147.3869092117,661.4668082595,1.0
21919,0.0,-839.172974,-93.510757,-106.771011,-0.2364579093,-0.9680649874,0.0832936808,,,,
21920,0.0,-843.192078,-97.086189,-105.829391,-0.5025141156,-0.8599870572,0.0888922108,,,,
21921,0.0,-846.94574,-99.755074,-104.76017,-0.6975319062,-0.7108315254,0.0903757835,,,,
21922,0.0,-849.71521,-101.547325,-104.48378,-0.823127845,-0.5609018983,0.0885980315,,,,
21923,0.0,-851.928711,-103.687698,-105.022926,-0.8995900872,-0.4284027536,0.084904391,,,,
21924,0.0,-853.667969,-106.308174,-105.586967,-0.9344569407,-0.3465460302,0.0818295483,,,,
21925,0.0,-855.321594,-111.865608,-105.685921,-0.9490437573,-0.3051031271,0.0789178598,,,,
21926,0.0,-855.6446225,-113.6805305,-105.6157455,-0.9492387841,-0.304495147,0.0789178598,,,,
21927,0.0,-855.967651,-115.495453,-105.54557,-0.9494338109,-0.3038871668,0.0789178598,,,,
21928,0.0,-856.502502,-121.783775,-105.273041,-0.9440722409,-0.3199184601,0.0798735426,,,,
21929,0.0,-856.290894,-124.657784,-105.011688,-0.9396027369,-0.3330042434,0.0790877411,,,,
21930,0.0,-856.009949,-128.256912,-104.931244,-0.9362053434,-0.3424785011,0.0789178772,,,,
21931,0.0,-855.677979,-131.317322,-105.068352,-0.9352465984,-0.3452904842,0.0780274418,,,,
21932,0.0,-855.354919,-134.221893,-105.22699,-0.9345007407,-0.3469510175,0.0795823915,,,,
21933,0.0,-855.101624,-137.561661,-105.479362,-0.9335105842,-0.3495399846,0.0798735774,,,,
21934,0.0,-855.116455,-140.712021,-105.543694,-0.9327673951,-0.3513402259,0.0806537798,,,,
21935,0.0,-855.270935,-144.689865,-105.844879,-0.9312907708,-0.3551959177,0.0808292042,,,,
21936,0.0,-854.678467,-148.498825,-106.884903,-0.9296042659,-0.3593845089,0.0817232137,,,,
21937,0.0,-854.970459,-151.917023,-107.030754,-0.916871228,-0.3903367595,0.0835725164,,,,
21938,0.0,-855.493225,-154.893326,-107.142647,-0.8981725456,-0.431602961,0.0836956528,,,,
21939,0.0,-855.983032,-158.182281,-106.956421,-0.8385985074,-0.538542818,0.0820010769,,,,
21940,0.0,-856.134399,-161.621506,-106.41835,-0.7021273561,-0.7080736106,0.0751594156,,,,
21941,0.0,-856.561157,-164.292435,-105.79612,-0.51120606,-0.856893313,0.0663491849,0.0950586924,254.1841200401,597.3263828186,1.0
21942,0.0,-855.741394,-167.285797,-104.380745,-0.2481997646,-0.9667505418,0.0615651433,0.028511218,141.2701180958,595.8614206408,1.0
21943,0.0,-853.897461,-170.600739,-102.97998,0.0799952125,-0.994885361,0.0616756392,0.056895051,197.6376602011,594.4075666778,1.0
21944,0.0,-853.449585,-173.29306,-102.976387,0.260923744,-0.9630224576,0.0671308119,0.1216090198,283.3487469831,592.8507934312,1.0
21945,0.0,-852.451172,-175.524689,-103.508263,0.4483035731,-0.8910630063,0.0709268998,,,,
21946,0.0,-852.303894,-177.783737,-103.905014,0.5600560291,-0.8255332187,0.069513661,,,,
21947,0.0,-852.201416,-179.658096,-104.307335,0.6440392932,-0.7623231302,0.0638500902,,,,
21948,0.0,-852.475891,-181.927414,-104.41214,0.7203673915,-0.6914936112,0.0539203766,,,,
21949,0.0,-853.406921,-185.023743,-104.641937,0.7624202035,-0.6452567726,0.0485708835,,,,
21950,0.0,-854.308838,-187.774109,-104.764122,0.7786537393,-0.6257196633,0.0466182083,,,,
21951,0.0,-855.467346,-191.081146,-104.897278,0.780554669,-0.6233640377,0.0463862608,,,,
21952,0.0,-856.435669,-194.247498,-105.108284,0.780554669,-0.6233640377,0.0463862608,,,,
21953,0.0,-857.204956,-197.22023,-105.316132,0.780554669,-0.6233640377,0.0463862608,,,,
22018,0.0,-861.113098,-192.486008,-104.171356,-0.8882215061,0.4568489617,-0.0484931161,,,,
22019,0.0,-861.31366,-192.533417,-104.151299,-0.8882215061,0.4568489617,-0.0484931161,,,,
22020,0.0,-861.515625,-192.565887,-104.125511,-0.8882215061,0.4568489617,-0.0484931161,,,,
22021,0.0,-861.72522,-192.596909,-104.101112,-0.8882215061,0.4568489617,-0.0484931161,,,,
22022,0.0,-861.9422,-192.620834,-104.075417,-0.8882215061,0.4568489617,-0.0484931161,,,,
22023,0.0,-864.556702,-191.657639,-104.719109,-0.8885548817,0.4561138242,-0.0492991038,,,,
22024,0.0,-865.65564,-187.966278,-105.520531,-0.8894680006,0.454314119,-0.0494505531,,,,
22025,0.0,-866.418457,-184.741592,-106.207565,-0.8928004712,0.4477297861,-0.0494505531,,,,
22026,0.0,-867.260559,-182.016418,-106.577118,-0.8968545409,0.4395526992,-0.0494505531,,,,
22027,0.0,-868.55011,-178.06102,-106.593307,-0.903510574,0.4257032834,-0.0494505531,,,,
22028,0.0,-869.678955,-174.772339,-106.647598,-0.9093984384,0.4127467789,-0.0513281285,,,,
22029,0.0,-870.901306,-171.313492,-106.711998,-0.9165424398,0.3962340687,-0.0543002661,,,,
22030,0.0,-871.938965,-168.404007,-106.722824,-0.9240614699,0.3777200969,-0.0586338489,,,,
22031,0.0,-873.140015,-165.057877,-106.784843,-0.9324052569,0.3559182439,-0.0627904499,,,,
22032,0.0,-874.265686,-162.144608,-106.797852,-0.9423141787,0.3278941074,-0.0673011364,,,,
22033,0.0,-875.242554,-159.681519,-106.76664,-0.9509310725,0.3012577451,-0.0705256437,,,,
22034,0.0,-876.579285,-156.322037,-106.654755,-0.9619862274,0.2626295105,-0.0748881727,,,,
22035,0.0,-877.994202,-153.101685,-106.517799,-0.9706622928,0.2267475794,-0.080001553,,,,
22036,0.0,-879.107727,-150.76355,-106.374992,-0.9777608014,0.1921885585,-0.0839486349,,,,
22037,0.0,-880.665527,-147.756348,-106.026382,-0.988474903,0.1201113258,-0.0921446449,,,,
22038,0.0,-881.945618,-145.094315,-105.748146,-0.9944216215,0.0362615619,-0.0990491683,,,,
22039,0.0,-883.31073,-142.27182,-105.482094,-0.9928091668,-0.0553514477,-0.1061422422,,,,
22040,0.0,-885.166687,-138.669403,-105.394623,-0.9899246287,-0.0907034186,-0.1087295694,,,,
22041,0.0,-886.705505,-135.948486,-105.377808,-0.9898306708,-0.0916481269,-0.1087927572,,,,
22042,0.0,-888.575745,-132.683578,-105.391869,-0.9898306708,-0.0916481269,-0.1087927572,,,,
22043,0.0,-890.235657,-129.982285,-105.397079,-0.9898306708,-0.0916481269,-0.1087927572,,,,
22044,0.0,-892.210815,-126.757507,-105.479919,-0.9898306708,-0.0916481269,-0.1087927572,,,,
22045,0.0,-893.99353,-124.182365,-105.493713,-0.9898306708,-0.0916481269,-0.1087927572,,,,
22046,0.0,-896.289734,-120.791664,-105.631378,-0.9898306708,-0.0916481269,-0.1087927572,,,,
22047,0.0,-898.115723,-118.396378,-105.642586,-0.9898306708,-0.0916481269,-0.1087927572,,,,
22048,0.0,-900.419373,-115.366249,-105.739899,-0.9898306708,-0.0916481269,-0.1087927572,,,,
22049,0.0,-902.394348,-112.907303,-105.791214,-0.9898306708,-0.0916481269,-0.1087927572,,,,
22050,0.0,-904.458862,-110.536583,-105.860619,-0.9898306708,-0.0916481269,-0.1087927572,,,,
22051,0.0,-906.510132,-108.294586,-105.929855,-0.9892701746,-0.0956707111,-0.1104157451,,,,
22052,0.0,-910.777405,-104.169838,-105.877396,-0.9791833296,-0.1633208408,-0.1205251424,,,,
22053,0.0,-912.197327,-102.98452,-105.759312,-0.9692838481,-0.2058686927,-0.1271035345,,,,
22054,0.0,-913.617249,-101.799202,-105.641228,-0.9593843666,-0.2484165446,-0.1336819266,,,,
22055,0.0,-915.932007,-99.984306,-105.529526,-0.9295449483,-0.3383457637,-0.1465207607,,,,
22056,0.0,-916.702026,-99.463501,-105.32457,-0.9223824841,-0.3562532193,-0.149312413,,,,
22057,0.0,-923.361328,-94.775932,-105.286362,-0.8799257904,-0.4437022047,-0.1698792419,,,,
22058,0.0,-926.769104,-92.543762,-105.278419,-0.8730670034,-0.4543424632,-0.1769941629,,,,
22059,0.0,-928.86969,-91.221786,-105.285187,-0.8677652181,-0.4621426739,-0.1827776664,,,,
22060,0.0,-932.131226,-89.343895,-105.395607,-0.8580963745,-0.4774099153,-0.1890777218,,,,
22061,0.0,-934.770691,-88.004982,-105.668419,-0.8475724134,-0.4947576811,-0.1919266554,,,,
22062,0.0,-937.426575,-86.717293,-105.896805,-0.8369743528,-0.512354164,-0.1922684151,,,,
22063,0.0,-940.287354,-85.394409,-106.182472,-0.8274140234,-0.5276541577,-0.1922683638,,,,
22064,0.0,-942.883057,-84.231323,-106.379128,-0.8181759386,-0.542124364,-0.191544531,,,,
22065,0.0,-946.153381,-82.732498,-106.673828,-0.81199993,-0.5517118814,-0.1904471414,,,,
22066,0.0,-948.617737,-81.653709,-106.874626,-0.8113125708,-0.5527430786,-0.1903864529,,,,
22067,0.0,-951.376282,-80.511902,-107.039986,-0.8100000131,-0.5546647255,-0.1903865043,,,,
22068,0.0,-954.860046,-79.158264,-107.149757,-0.804990059,-0.5609694245,-0.1931432364,,,,
22069,0.0,-957.436523,-78.243309,-107.110825,-0.7943162109,-0.5743202337,-0.1980354166,,,,
22070,0.0,-960.25708,-77.342651,-107.029671,-0.77765426,-0.594304873,-0.2050745471,,,,
22071,0.0,-963.666687,-76.32251,-106.87619,-0.7608681331,-0.6136764617,-0.2109049178,,,,
22072,0.0,-966.602905,-75.498131,-106.643097,-0.7529443278,-0.6215706996,-0.2161589802,,,,
22073,0.0,-969.459106,-74.729935,-106.4142,-0.7498828893,-0.6234906324,-0.2212127565,,,,
22074,0.0,-973.178101,-73.796738,-106.068581,-0.7464200878,-0.6236720659,-0.2321426432,,,,
22075,0.0,-975.514771,-73.292015,-106.138351,-0.7440902071,-0.6226651086,-0.242111392,,,,
22076,0.0,-979.432312,-72.420509,-105.775368,-0.7360435963,-0.6234007247,-0.2638396498,,,,
22077,0.0,-981.007996,-72.566727,-106.081039,-0.7284838331,-0.6276389582,-0.2745553553,,,,
22078,0.0,-982.8797,-72.237297,-105.873627,-0.7170819893,-0.6359971924,-0.2851332878,,,,
22079,0.0,-984.060242,-72.110138,-106.054337,-0.7101458511,-0.6416544667,-0.2897799431,,,,
22080,0.0,-985.97937,-72.163071,-105.78244,-0.7069464636,-0.6435820022,-0.2933068429,,,,
22081,0.0,-986.950073,-71.941864,-105.715591,-0.7060866492,-0.6428013274,-0.2970658132,,,,
22082,0.0,-988.324341,-71.668755,-105.536598,-0.7048699355,-0.6416933282,-0.3023045592,,,,
22083,0.0,-989.310303,-71.412224,-105.408798,-0.7017711006,-0.642404881,-0.3079501442,,,,
22084,0.0,-990.31427,-71.193199,-105.238029,-0.6909347556,-0.6509046717,-0.314535009,,,,
22085,0.0,-991.179321,-70.943459,-105.188614,-0.6671038692,-0.672620229,-0.3202412453,,,,
22086,0.0,-992.133301,-70.479362,-104.957497,-0.6403295495,-0.6967733605,-0.3232413218,,,,
22087,0.0,-993.012573,-69.961311,-104.771873,-0.6299886845,-0.7059369013,-0.3236778473,,,,
22088,0.0,-993.763428,-69.233406,-104.602364,-0.6307694527,-0.7052393708,-0.3236778143,,,,
22089,0.0,-994.267151,-68.719116,-104.470406,-0.6355329407,-0.7016267522,-0.3222076688,,,,
22090,0.0,-994.594482,-68.406563,-104.417587,-0.6368203157,-0.700659965,-0.3217693257,,,,
22091,0.0,-994.971008,-68.154144,-104.430466,-0.6368071624,-0.7007122254,-0.321681543,,,,
22092,0.0,-995.3349,-67.723091,-104.424896,-0.618565663,-0.7191033069,-0.3166495768,,,,
22093,0.0,-995.321899,-67.546875,-104.375992,-0.5858031581,-0.7502136035,-0.3066173658,,,,
22094,0.0,-995.2552795,-67.5939715,-104.371277,-0.5703273813,-0.7641032566,-0.3006744943,,,,
22095,0.0,-995.18866,-67.641068,-104.366562,-0.5548516045,-0.7779929097,-0.2947316228,,,,
22096,0.0,-994.956055,-67.197548,-104.284348,-0.5439196996,-0.7865940557,-0.292268972,0.1488330968,355.1947195815,676.6965357513,5.0
22097,0.0,-994.820496,-66.982231,-104.239628,-0.5493329579,-0.7811800597,-0.2965037398,,,,
22098,0.0,-994.500305,-66.533875,-104.135414,-0.5608253177,-0.769106119,-0.3065138508,,,,
22099,0.0,-994.339264,-66.3461115,-104.091137,-0.5621952469,-0.7671755682,-0.3088158816,,,,
22100,0.0,-994.147339,-66.19101,-104.04686,-0.5635334073,-0.7653487136,-0.3109203201,,,,
22101,0.0,-994.636047,-67.149925,-104.049965,-0.5622821086,-0.7710933639,-0.298753836,,,,
22102,0.0,-994.568542,-66.704895,-103.990715,-0.561427343,-0.7745629947,-0.2912928179,,,,
22103,0.0,-994.420349,-66.371788,-103.928474,-0.5611914504,-0.7757869553,-0.2884766125,,,,
22104,0.0,-994.256531,-66.130547,-103.858673,-0.5609398649,-0.7760132532,-0.2883572415,,,,
22105,0.0,-994.148804,-66.022148,-103.821693,-0.5607888118,-0.7758575893,-0.2890690397,,,,
22106,0.0,-994.014099,-65.901932,-103.77224,-0.5607005137,-0.7757350002,-0.2895688923,,,,
22107,0.0,-994.041199,-66.566185,-103.889275,-0.5606875938,-0.7757168972,-0.2896423959,,,,
22108,0.0,-993.580627,-65.751915,-103.592331,-0.5606875938,-0.7757168972,-0.2896423959,,,,
22109,0.0,-993.809082,-67.278862,-103.940353,-0.5606875938,-0.7757168972,-0.2896423959,,,,
22110,0.0,-993.82074,-67.691185,-104.027573,-0.5606875938,-0.7757168972,-0.2896423959,,,,
22111,0.0,-993.657715,-67.165298,-103.828606,-0.5614525211,-0.7751634338,-0.2896423959,,,,
22112,0.0,-993.674316,-67.1698,-103.812355,-0.5629509494,-0.7741968632,-0.2893189341,,,,
22113,0.0,-993.853149,-68.236778,-104.198151,-0.5633690666,-0.7739432639,-0.2891835388,,,,
22114,0.0,-997.840027,-66.44622,-104.298721,-0.558550171,-0.777733823,-0.2883605505,,,,
22115,0.0,-997.995361,-66.340744,-104.298737,-0.5510020777,-0.7836106919,-0.286968629,,,,
22116,0.0,-998.153503,-66.150513,-104.298721,-0.518278576,-0.8071468423,-0.282668167,0.1436688094,350.3557833027,678.4226101052,5.0
22117,0.0,-998.154358,-66.034302,-104.298744,-0.4869937359,-0.8266984474,-0.2817920833,0.1258825638,329.6431287019,678.6765400664,5.0
22118,0.0,-998.203247,-65.792961,-104.298737,-0.4361942138,-0.854931933,-0.2807596799,0.100336943,296.507749163,679.1525365665,5.0
22119,0.0,-998.442322,-65.508659,-104.298737,-0.399734112,-0.8733353523,-0.2783846298,0.0840073024,272.8415631795,680.0722980501,5.0
22120,0.0,-998.829956,-65.238937,-104.298752,-0.3795001627,-0.8834746543,-0.2746855688,0.075188629,258.9407761084,680.6600706886,5.0
22121,0.0,-999.4552,-64.939301,-104.298729,-0.3714765741,-0.8876267779,-0.2722569707,0.0716402654,253.2207873979,681.2817173375,5.0
22122,0.0,-1000.196045,-64.629654,-104.298721,-0.3690705596,-0.8889410185,-0.2712393549,0.0703955527,250.679210315,680.1607406623,5.0
22123,0.0,-1001.014099,-64.306381,-104.298721,-0.3688590097,-0.8890575529,-0.2711451616,0.0685461264,247.4753877572,680.1401052811,5.0
22124,0.0,-1001.93866,-63.945335,-104.298721,-0.3685497631,-0.8890200975,-0.2716879428,0.068280908,247.3810577662,681.1532171942,5.0
22125,0.0,-1002.561096,-63.702751,-104.298721,-0.3680877384,-0.8890394807,-0.2722502866,0.0684349506,247.7342160881,681.3846494875,5.0
22126,0.0,-1003.599487,-63.299625,-104.298721,-0.3673468014,-0.8892604304,-0.272529291,0.06868654,248.3039801901,681.7442405163,5.0
22127,0.0,-1004.65802,-62.887535,-104.298721,-0.3657399819,-0.8899000058,-0.2726027245,0.069002442,249.1400126821,682.527869678,5.0
22128,0.0,-1005.749634,-62.452255,-104.298721,-0.3614762835,-0.8918248975,-0.2719986189,0.0681277745,247.8030310962,683.0544322449,5.0
22129,0.0,-1006.912292,-62.077698,-104.298721,-0.3547136624,-0.8948801215,-0.2708648847,0.0664194665,244.9550449797,683.5299745637,5.0
22130,0.0,-1007.997742,-62.087654,-104.298721,-0.3431778482,-0.8996751052,-0.2698400816,0.0629337482,238.6615042175,683.5469300368,5.0
22131,0.0,-1008.855164,-62.120827,-104.298729,-0.3341898079,-0.9032079329,-0.2693187746,0.0602097856,233.5606138736,683.4215761478,5.0
22132,0.0,-1010.072876,-62.160812,-104.298721,-0.3203053379,-0.9082852303,-0.2691141597,0.0561482685,225.745486803,683.3124358155,5.0
22133,0.0,-1012.711853,-62.257088,-104.298721,-0.3102096616,-0.9116461735,-0.2695760009,0.0548382819,223.0091344952,682.8147204281,5.0
22134,0.0,-1013.4757385,-62.2874645,-104.298721,-0.3102096616,-0.9116461735,-0.2695760009,0.0557562846,224.6940813598,682.4748802844,5.0
22135,0.0,-1014.239624,-62.317841,-104.298721,-0.3102096616,-0.9116461735,-0.2695760009,0.0566742873,226.3790282243,682.1350401408,5.0
22136,0.0,-1015.683655,-62.376186,-104.298721,-0.3102096616,-0.9116461735,-0.2695760009,0.0582231741,229.3217071682,682.0207227293,5.0
22137,0.0,-1016.741516,-62.420105,-104.298721,-0.3102096616,-0.9116461735,-0.2695760009,0.0596371394,232.1445357159,682.4307488082,5.0
22138,0.0,-1018.192749,-62.480766,-104.298721,-0.3102096616,-0.9116461735,-0.2695760009,0.0614321465,235.39866552,682.127640566,5.0
22139,0.0,-1016.866333,-66.860321,-105.846886,-0.3102096616,-0.9116461735,-0.2695760009,0.062986168,236.5431922309,677.2070942668,5.0
22140,0.0,-1017.5917665,-66.764843,-105.813248,-0.3102096616,-0.9116461735,-0.2695760009,0.0639475567,238.2359423524,677.0961733603,5.0
22141,0.0,-1019.125916,-66.577988,-105.757782,-0.3102096616,-0.9116461735,-0.2695760009,0.065959082,241.7485303983,676.8519936404,5.0
22142,0.0,-1019.764252,-66.4779705,-105.7224195,-0.3102096616,-0.9116461735,-0.2695760009,0.0666822082,243.0016721734,676.7989286238,5.0
22143,0.0,-1021.429993,-66.252182,-105.636681,-0.3102096616,-0.9116461735,-0.2695760009,0.0687616099,246.6141940445,676.748197963,5.0
22144,0.0,-1021.712006,-66.1929815,-105.6380885,-0.3102096616,-0.9116461735,-0.2695760009,0.0692944994,247.607697753,676.9548407493,5.0
22145,0.0,-1021.994019,-66.133781,-105.639496,-0.3102096616,-0.9116461735,-0.2695760009,0.0698273888,248.6012014616,677.1614835356,5.0
22146,0.0,-1024.976318,-65.983162,-105.624374,-0.3102096616,-0.9116461735,-0.2695760009,0.0730967973,253.9855738787,676.7525890997,5.0
22147,0.0,-1025.889648,-65.985504,-105.686844,-0.3102096616,-0.9116461735,-0.2695760009,0.0740892169,255.5677671628,676.5665061825,5.0
22148,0.0,-1027.289917,-65.857246,-105.600494,-0.3102096616,-0.9116461735,-0.2695760009,0.0753595575,257.6363918289,676.4928871962,5.0
22149,0.0,-1028.262207,-65.843781,-105.614265,-0.3102096616,-0.9116461735,-0.2695760009,0.0762079889,259.0892690683,676.6593961384,5.0
22150,0.0,-1029.820923,-65.743599,-105.493324,-0.3102096616,-0.9116461735,-0.2695760009,0.0773661589,260.9610022285,676.6308623238,5.0
22151,0.0,-1031.378662,-65.740318,-105.492355,-0.3102096616,-0.9116461735,-0.2695760009,0.0785198617,262.8007138657,676.5794891191,5.0
22152,0.0,-1032.47937,-65.727768,-105.484955,-0.3325937599,-0.895065381,-0.2970510976,0.0945847314,287.2013552427,676.5207895482,5.0
22153,0.0,-1033.493652,-65.688736,-105.468224,-0.291852848,-0.9019164613,-0.3183843777,0.086440613,275.1299417082,676.4846780465,5.0
22154,0.0,-1034.809082,-65.624237,-105.443733,-0.1497233694,-0.9317280676,-0.3308560423,0.053745698,218.7851006692,676.4661918375,5.0
22155,0.0,-1035.716797,-65.620201,-105.425934,0.0089251772,-0.9465332047,-0.3224829199,0.0238944168,151.947025213,699.2603640845,1.0
22156,0.0,-1036.157104,-65.17054,-104.937248,0.2723704117,-0.9192868593,-0.2841232641,0.0261146762,159.2082887815,701.2330760373,1.0
22157,0.0,-1036.33374,-65.096085,-105.079529,0.56450106,-0.7982074786,-0.2102459854,0.1247379596,339.8982233733,702.7787080862,1.0
22158,0.0,-1035.419189,-62.78368,-105.465431,0.7655043031,-0.6293939092,-0.1336655121,,,,
22159,0.0,-1035.88208,-61.80032,-105.412178,0.8535977141,-0.5158376878,-0.0726802751,,,,
22160,0.0,-1037.635498,-60.879543,-105.2388,0.9202679413,-0.3912735331,0.0034552214,,,,
22161,0.0,-1039.719238,-60.346478,-105.070717,0.9484712346,-0.3112627354,0.0593112693,,,,
22162,0.0,-1042.534058,-59.954247,-104.853043,0.9640732796,-0.2498879813,0.0901038755,,,,
22163,0.0,-1045.141479,-59.772446,-104.699356,0.9724168908,-0.2100251694,0.1014633864,,,,
22164,0.0,-1047.043091,-59.653385,-104.603683,0.9779570635,-0.180601005,0.1048010444,,,,
22165,0.0,-1050.463013,-59.735588,-104.583694,0.9809441025,-0.1628705979,0.1059331678,,,,
22166,0.0,-1053.356201,-59.910919,-104.66378,0.9809932041,-0.1625745906,0.1059331678,,,,
22167,0.0,-1056.121582,-60.18644,-104.715042,0.9809932041,-0.1625745906,0.1059331678,,,,
22168,0.0,-1059.115967,-60.612133,-104.810661,0.9809932041,-0.1625745906,0.1059331678,,,,
22169,0.0,-1061.276245,-61.118076,-104.831856,0.9809932041,-0.1625745906,0.1059331678,,,,
22170,0.0,-1064.450806,-62.190269,-104.906837,0.9809932041,-0.1625745906,0.1059331678,,,,
22171,0.0,-1066.174438,-62.936211,-104.89418,0.9809932041,-0.1625745906,0.1059331678,,,,
22172,0.0,-1069.275146,-64.664093,-104.931587,0.9809932041,-0.1625745906,0.1059331678,,,,
22173,0.0,-1071.191284,-65.953674,-104.927696,0.9809932041,-0.1625745906,0.1059331678,,,,
22174,0.0,-1073.939697,-68.119186,-104.959351,0.9809932041,-0.1625745906,0.1059331678,,,,
22175,0.0,-1077.30188,-71.49865,-104.928635,0.9848566692,-0.1366716667,0.10666863,,,,
22176,0.0,-1078.142517,-72.6146855,-104.839825,0.9874800666,-0.1143546619,0.1063064786,,,,
22177,0.0,-1078.983154,-73.730721,-104.751015,0.9901034639,-0.0920376571,0.1059443271,,,,
22178,0.0,-1079.801758,-75.300461,-104.676231,0.9940617674,-0.0314809455,0.1041640665,,,,
22179,0.0,-1080.35437,-76.845352,-104.549461,0.9936398665,0.0389595898,0.1056502061,,,,
22180,0.0,-1080.732666,-80.494827,-104.307602,0.9893365603,0.1009575076,0.1049797696,,,,
22181,0.0,-1080.474365,-83.045486,-104.275589,0.9890490894,0.1037359476,0.1049797696,,,,
22182,0.0,-1080.024414,-84.995453,-104.324799,0.9890490894,0.1037359476,0.1049797696,,,,
22183,0.0,-1079.477417,-86.956963,-104.457664,0.9890490894,0.1037359476,0.1049797696,,,,
22184,0.0,-1078.757202,-89.030952,-104.66185,0.9879761932,0.1159626865,0.1022531031,,,,
22185,0.0,-1077.611816,-91.255402,-104.734917,0.9799726816,0.1740389521,0.0967676933,,,,
22186,0.0,-1076.878174,-92.845329,-104.957588,0.9644513814,0.2466151527,0.0949447179,,,,
22187,0.0,-1075.703613,-94.731026,-105.136261,0.9451651419,0.3123988249,0.095235649,,,,
22188,0.0,-1074.239014,-96.707626,-105.326729,0.9193740196,0.3811936583,0.0971741061,,,,
22189,0.0,-1072.798828,-98.362488,-105.490181,0.8959645074,0.4333251987,0.0973492359,,,,
22190,0.0,-1071.030396,-100.171593,-105.686859,0.8790339457,0.467084924,0.0955562458,,,,
22191,0.0,-1069.196655,-101.845604,-105.824272,0.8684916741,0.4874271388,0.0902053008,,,,
22192,0.0,-1067.218872,-103.648224,-105.81485,0.8630996329,0.4980089298,0.0839412261,,,,
22193,0.0,-1064.734009,-105.692558,-105.815262,0.8605232271,0.5038082554,0.0753459844,,,,
22194,0.0,-1062.346436,-107.268784,-105.614517,0.8557733689,0.5131354214,0.0659088792,,,,
22195,0.0,-1059.911865,-108.442337,-105.33783,0.8556773796,0.5133194298,0.0657220289,,,,
22196,0.0,-1057.407837,-109.36293,-105.098434,0.8556773796,0.5133194298,0.0657220289,,,,
22197,0.0,-1054.730225,-110.086929,-104.833687,0.8556773796,0.5133194298,0.0657220289,,,,
22198,0.0,-1052.186279,-110.542587,-104.598831,0.8556773796,0.5133194298,0.0657220289,,,,
22199,0.0,-1049.408936,-110.810493,-104.325172,0.8556773796,0.5133194298,0.0657220289,,,,
22200,0.0,-1046.458984,-110.880272,-103.911232,0.8556773796,0.5133194298,0.0657220289,,,,
22201,0.0,-1043.908447,-110.745087,-103.58548,0.8556773796,0.5133194298,0.0657220289,,,,
22202,0.0,-1041.03064,-110.382828,-103.106926,0.8556773796,0.5133194298,0.0657220289,,,,
22203,0.0,-1038.804443,-110.046898,-102.757393,0.8720513731,0.4851559309,0.0644214666,,,,
22204,0.0,-1035.668945,-109.346359,-102.304382,0.8838576539,0.4630698344,0.0660452582,,,,
22205,0.0,-1032.890869,-108.601265,-102.063454,0.8830803012,0.4642589242,0.0680649173,,,,
22206,0.0,-1028.455688,-110.341324,-104.298737,0.8776565178,0.4737757138,0.0724955841,,,,
22207,0.0,-1025.840942,-109.55204,-104.298805,0.867461045,0.4914537503,0.0773598529,,,,
22208,0.0,-1022.464539,-108.400398,-104.298805,0.8508227649,0.5184688553,0.0853854133,,,,
22209,0.0,-1019.476868,-107.462036,-104.298859,0.8329333283,0.5452490357,0.0944751803,,,,
22210,0.0,-1016.830505,-106.771935,-104.298828,0.819301121,0.5644443258,0.1007386534,,,,
22211,0.0,-1012.799438,-105.9011,-104.298752,0.7996805999,0.5905733813,0.1083236787,,,,
22212,0.0,-1010.256287,-105.467331,-104.298729,0.7940037084,0.5978617693,0.1100882185,,,,
22213,0.0,-1006.550354,-104.932022,-104.298721,0.7874737125,0.6063257917,0.1106986286,,,,
22214,0.0,-1003.013916,-104.503578,-104.298721,0.7809940769,0.6146495438,0.1106986459,,,,
22215,0.0,-999.699768,-104.146828,-104.298698,0.7701617952,0.628424659,0.1092394489,,,,
22216,0.0,-995.852783,-103.792007,-104.298721,0.7558560891,0.6456358976,0.1087927399,,,,
22217,0.0,-988.953247,-103.262863,-104.298721,0.7226133457,0.6827888119,0.1078396538,,,,
22218,0.0,-987.0295105,-103.137581,-104.298721,0.7141357797,0.6915433366,0.1078396538,,,,
22219,0.0,-981.794189,-102.810341,-104.298714,0.6931185841,0.7128399599,0.106985139,,,,
22220,0.0,-979.8988645,-102.695423,-104.298714,0.6834728016,0.7221116319,0.1060178274,,,,
22221,0.0,-974.917969,-102.392868,-104.298683,0.6476812579,0.754980082,0.1025381103,,,,
22222,0.0,-971.339844,-102.187889,-104.298698,0.6024129937,0.7918485533,0.1003715783,,,,
22223,0.0,-968.100281,-101.829788,-104.298798,0.5511773496,0.8280486695,0.1026592914,,,,
22224,0.0,-963.979492,-101.283127,-104.298721,0.5142263117,0.8513242232,0.1040113812,,,,
22225,0.0,-960.462463,-100.868507,-104.298714,0.5024244363,0.8586598838,0.101355265,,,,
22226,0.0,-957.104797,-100.437798,-104.298668,0.4900740665,0.866608146,0.0939027726,,,,
22227,0.0,-952.910583,-99.816246,-104.298721,0.4879547857,0.8679456123,0.0925772179,,,,
22228,0.0,-949.164978,-99.206528,-104.298721,0.4879547857,0.8679456123,0.0925772179,,,,
22229,0.0,-945.698059,-98.602829,-104.298721,0.4879547857,0.8679456123,0.0925772179,,,,
22230,0.0,-941.700989,-97.86647,-104.298721,0.4879547857,0.8679456123,0.0925772179,,,,
22231,0.0,-938.224304,-97.191216,-104.298721,0.4879547857,0.8679456123,0.0925772179,,,,
22232,0.0,-934.255493,-96.386169,-104.298721,0.4879547857,0.8679456123,0.0925772179,,,,
22233,0.0,-930.336548,-95.556358,-104.298721,0.4879547857,0.8679456123,0.0925772179,,,,
22234,0.0,-926.818115,-94.784767,-104.298721,0.4879547857,0.8679456123,0.0925772179,,,,
22235,0.0,-923.2099,-93.970734,-104.298721,0.4879547857,0.8679456123,0.0925772179,,,,
22236,0.0,-919.307739,-93.065926,-104.298721,0.4879547857,0.8679456123,0.0925772179,,,,
22237,0.0,-915.692627,-92.212303,-104.298737,0.5002046909,0.8612057934,0.0901102027,,,,
22238,0.0,-911.322205,-91.18322,-104.298721,0.5178878569,0.8513117049,0.0840270712,,,,
22239,0.0,-908.02002,-90.385712,-104.298714,0.5130826123,0.8546293283,0.0797179033,,,,
22240,0.0,-904.223206,-89.449394,-104.298721,0.5008527834,0.8619834272,0.07830109,,,,
22241,0.0,-900.995789,-88.629364,-104.298729,0.4807064227,0.8733088542,0.0790757882,,,,
22242,0.0,-897.437561,-87.698814,-104.298759,0.44581338,0.8912178745,0.0835531588,,,,
22243,0.0,-893.774353,-86.71479,-104.298721,0.4053603952,0.9098396921,0.08873942,,,,
22244,0.0,-890.565552,-85.810822,-104.298737,0.3781866109,0.9212041347,0.091421166,,,,
22245,0.0,-886.93158,-84.747177,-104.298721,0.3422034745,0.9348631581,0.094486283,,,,
22246,0.0,-883.948547,-83.835876,-104.298729,0.3057725201,0.9473190827,0.0953400312,,,,
22247,0.0,-880.444641,-82.687035,-104.298729,0.2761651602,0.9562714959,0.0963204572,0.1377952904,107.9166234041,213.0381836716,4.0
22248,0.0,-876.808411,-81.425774,-104.298721,0.2426508207,0.9653126867,0.0963950008,0.1228176704,101.3436339733,211.0633450012,4.0
22249,0.0,-873.723877,-80.262054,-104.298721,0.2242535748,0.9697516888,0.0963950008,0.1140346364,96.8892900546,208.9250556004,4.0
22250,0.0,-869.987488,-78.776634,-104.298721,0.2007708895,0.9748841232,0.0963950008,0.1043742911,91.8404960343,206.471995985,4.0
22251,0.0,-866.886902,-77.469292,-104.298721,0.1799634764,0.9789387882,0.0963950008,0.0970979721,87.93211836,204.5663712725,4.0
22252,0.0,-863.422974,-75.876999,-104.298721,0.1602997205,0.9823502448,0.0963950008,0.0890447492,83.246376628,201.8068592122,4.0
22253,0.0,-860.369446,-74.406944,-104.298729,0.1455233827,0.9845668174,0.0972169074,0.0840110521,80.025657123,199.4640060997,4.0
22254,0.0,-856.787109,-72.607109,-104.298721,0.1344814748,0.9860344821,0.0982381442,0.081021293,77.558319371,196.6951841942,4.0
22255,0.0,-853.276001,-70.769707,-104.298721,0.1206270814,0.9877235492,0.0992537028,0.0769154469,74.5510637,193.8419949819,4.0
22256,0.0,-850.427063,-69.172966,-104.451309,0.0978315051,0.990155894,0.1001014596,0.0694073297,70.0508480851,191.3662747835,4.0
22257,0.0,-847.167236,-67.070534,-104.694389,0.0452873142,0.9937511245,0.102018438,0.0530237698,60.4606534976,188.1729579704,4.0
22258,0.0,-844.469666,-65.171265,-104.904739,-0.0108190189,0.9946288712,0.1029386098,0.0380388803,50.6222340075,185.3029128153,4.0
22259,0.0,-841.513,-62.941753,-105.138367,-0.0788368415,0.9910950932,0.1073092202,0.0240928446,39.6976585703,181.9439357869,4.0
22260,0.0,-838.449219,-60.547424,-105.300331,-0.1393459034,0.983733012,0.1133670163,0.0157039153,31.4818929084,178.3419980568,4.0
22261,0.0,-835.813782,-58.370911,-105.371086,-0.1875154139,0.9751591758,0.1179090807,0.0115669283,26.5511402765,175.0727958368,4.0
22262,0.0,-830.447083,-53.646526,-105.499062,-0.263071572,0.9572565215,0.1202218787,0.0091136552,22.6248735459,167.9641631098,4.0
22263,0.0,-827.699951,-51.05167,-105.559258,-0.2912542251,0.9490614735,0.1202218614,0.0095583992,22.6234974758,164.0183513335,4.0
22264,0.0,-826.345947,-49.6645375,-105.587616,-0.3079219209,0.943622487,0.1202218701,0.0103174879,23.1717302903,161.9138538653,4.0
22265,0.0,-822.653625,-45.756245,-105.661346,-0.3474965419,0.9298278209,0.1211048173,0.012795715,24.8712087669,155.9708205668,4.0
22266,0.0,-820.087891,-42.886154,-105.707222,-0.363869918,0.9232890607,0.1230284245,0.0144235775,25.6512335146,151.5753063167,4.0
22267,0.0,-817.963196,-40.357037,-105.727028,-0.3695678527,0.9210166799,0.1230767145,0.0147324231,25.2565301626,147.6818310869,4.0
22268,0.0,-815.389954,-37.105499,-105.58596,-0.3720867753,0.9198794163,0.1239890768,0.0148806571,24.519941782,142.6642209844,4.0
22269,0.0,-813.188965,-34.15757,-105.441277,-0.3721570953,0.9198457064,0.1240281129,0.0146928502,23.5834738747,138.0832176337,4.0
22270,0.0,-810.914856,-30.974438,-105.288918,-0.3730007377,0.9195039275,0.1240281302,0.0145890719,22.6493576537,133.0812446621,4.0
22271,0.0,-808.86084,-27.986139,-105.147469,-0.3787083546,0.9171679287,0.1240281129,0.0149740136,22.1240316555,128.3252327735,4.0
22272,0.0,-806.781677,-24.844034,-105.000732,-0.3880676199,0.9130058165,0.1257930896,0.0160433316,21.9886788571,123.2496698991,4.0
22273,0.0,-804.987122,-22.043224,-104.870003,-0.4039431518,0.9058528534,0.1275168148,0.0172529805,21.9407144249,118.6274092799,4.0
22274,0.0,-802.948853,-18.717768,-104.718468,-0.4215707793,0.8973728972,0.1303839003,0.0185681009,21.6940806114,113.1013868742,4.0
22275,0.0,-801.155823,-15.682343,-104.58107,-0.4438929364,0.886131067,0.1331570241,0.0209157996,21.9707069287,107.9877913448,4.0
22276,0.0,-799.256348,-12.300997,-104.432358,-0.4657132538,0.8743930745,0.1361907358,0.0233196919,21.9599690536,102.2826807405,4.0
22277,0.0,-797.669312,-9.279762,-104.317314,-0.4755367718,0.8688049383,0.1379954995,0.0234813786,20.9461592371,97.2281787105,4.0
22278,0.0,-795.914734,-5.735308,-104.297348,-0.4777912571,0.8675210775,0.1382848319,0.0219916879,19.0486676696,91.3316423103,4.0
22279,0.0,-794.212585,-2.126655,-104.298721,-0.4778238674,0.8673613545,0.1391712343,0.020537451,17.2004718336,85.3087239744,4.0
22280,0.0,-792.799988,0.960557,-104.298813,-0.4841893652,0.8607927505,0.1568327114,0.0227595691,16.9883910696,80.0830289504,4.0
22281,0.0,-791.27124,4.346019,-104.299271,-0.5071694163,0.8379759125,0.2014337438,0.0333880144,19.0131867402,74.1993800744,4.0
22282,0.0,-789.917969,7.53702,-104.299927,-0.5413333372,0.7993245646,0.2608418264,0.0538394259,22.1895320867,68.5501799037,4.0
22283,0.0,-788.562439,11.271126,-104.298927,-0.5586671923,0.7683206919,0.3123688247,0.070721138,22.9389954104,62.1015258812,4.0
22284,0.0,-787.139526,15.597711,-104.298775,-0.5021961839,0.8132841634,0.2938840969,0.0445785329,16.3096712436,55.2410763325,4.0
22285,0.0,-785.442017,20.091312,-104.300804,-0.3782871677,0.8974507541,0.2268941664,0.0192093318,9.5128421786,48.7679917166,4.0
22286,0.0,-782.477905,25.240559,-104.298782,-0.1649558955,0.9788048173,0.1213700215,0.0787484563,16.3724125385,42.0919978779,4.0
22287,0.0,-780.383362,28.689526,-104.298943,-0.0899081711,0.9929067698,0.0777988897,,,,
22288,0.0,-778.893005,31.774546,-104.298714,-0.0923047061,0.9934821835,0.0668804324,,,,
22289,0.0,-777.666199,35.106483,-104.298752,-0.1598951683,0.9844990546,0.0720773658,,,,
22290,0.0,-776.965149,37.692986,-104.29995,-0.2758508218,0.9546498415,0.1120268012,,,,
22291,0.0,-775.799194,40.300869,-104.300156,-0.3910771239,0.9036314077,0.1746681487,,,,
22292,0.0,-774.056885,43.158108,-104.427933,-0.4490543871,0.8664977998,0.2180177067,,,,
22293,0.0,-772.200745,45.954716,-104.56591,-0.4579156908,0.8588439162,0.2295655633,,,,
22294,0.0,-769.970154,49.082897,-104.723488,-0.4587542926,0.8580710284,0.2307782687,,,,
22295,0.0,-767.576965,52.183125,-104.759865,-0.4587542926,0.8580710284,0.2307782687,,,,
22296,0.0,-765.47467,54.713413,-104.456757,-0.4605027305,0.8578219875,0.2282075218,,,,
22297,0.0,-762.890381,57.574478,-103.090248,-0.4840033085,0.8482490315,0.2149752963,,,,
22298,0.0,-760.590881,59.806644,-102.319405,-0.5355368623,0.8181576747,0.2093281836,,,,
22299,0.0,-758.131104,62.053352,-102.298531,-0.5868997683,0.7824193239,0.2082514431,,,,
22300,0.0,-753.375916,66.106148,-102.298805,-0.6815030774,0.7008528628,0.2106153371,,,,
22301,0.0,-752.026886,67.405575,-102.298786,-0.7037662514,0.6770990848,0.2125704106,,,,
22302,0.0,-750.677856,68.705002,-102.298767,-0.7260294254,0.6533453069,0.2145254841,,,,
22303,0.0,-750.250671,73.688316,-102.298782,-0.8232723936,0.5235956855,0.2192490001,,,,
22304,0.0,-750.805542,76.263237,-102.298813,-0.8760022841,0.4281796562,0.2219959017,,,,
22305,0.0,-751.176025,79.021591,-102.298683,-0.9082380347,0.3561769821,0.2196397727,,,,
22306,0.0,-751.401001,81.713951,-102.298698,-0.9170270804,0.3346279154,0.2169919172,,,,
22307,0.0,-751.772095,84.957794,-102.298721,-0.9201659678,0.3273152157,0.2148472508,,,,
22308,0.0,-752.209473,87.722282,-102.298721,-0.9205014351,0.3264042661,0.2147960963,,,,
22309,0.0,-752.830383,91.004173,-102.298721,-0.9205412413,0.3262919972,0.2147960792,,,,
22310,0.0,-753.572205,94.380981,-102.298721,-0.9205412413,0.3262919972,0.2147960792,,,,
22311,0.0,-754.308105,97.362068,-102.788101,-0.9205412413,0.3262919972,0.2147960792,,,,
22312,0.0,-755.184326,100.643974,-104.340332,-0.9214267724,0.3237828595,0.2147960963,,,,
22313,0.0,-756.158569,103.398163,-105.70887,-0.9219971155,0.3221551511,0.2147961304,,,,
22314,0.0,-757.519409,106.480408,-106.225975,-0.9226419836,0.320303617,0.2147960963,,,,
22315,0.0,-759.151733,109.501007,-106.423576,-0.9230053828,0.3192549374,0.2147960622,,,,
22316,0.0,-760.69458,111.912041,-106.61132,-0.9240732379,0.3161507595,0.2147960622,,,,
22317,0.0,-762.479248,114.338387,-106.828743,-0.927979359,0.3044945632,0.2147961133,,,,
22318,0.0,-764.559753,116.771255,-107.058914,-0.9372370986,0.2753474993,0.2139401215,,,,
22319,0.0,-766.831726,119.119362,-107.272408,-0.9437122846,0.2523315209,0.2138595975,,,,
22320,0.0,-768.87793,121.021614,-107.43692,-0.94612667,0.2416740883,0.2154946851,,,,
22321,0.0,-771.523254,123.291115,-107.62368,-0.9466739335,0.2393073412,0.2157323806,,,,
22322,0.0,-773.95636,125.193146,-107.776146,-0.9468882048,0.2384581351,0.2157323465,,,,
22323,0.0,-776.737793,127.195168,-107.933815,-0.9475114022,0.2367442738,0.2148820409,,,,
22324,0.0,-779.644592,129.053802,-108.085129,-0.9521690762,0.2199916915,0.2120794803,,,,
22325,0.0,-782.169189,130.444977,-108.206917,-0.9604394389,0.1844437167,0.2086542583,,,,
22326,0.0,-784.851807,131.649216,-108.333206,-0.9749706133,0.0946439894,0.2011835441,,,,
22327,0.0,-787.692017,132.610764,-108.428047,-0.9807249039,0.0086116887,0.1952037441,,,,
22328,0.0,-791.277222,133.212891,-108.518303,-0.9711337251,-0.1534044886,0.1826645855,,,,
22329,0.0,-794.949646,133.436707,-108.588203,-0.9271618963,-0.3355255952,0.166713506,,,,
22330,0.0,-798.338867,133.757675,-108.642166,-0.8758783868,-0.456388448,0.1566736607,,,,
22331,0.0,-801.678345,133.995804,-108.691277,-0.8055990669,-0.5742004068,0.1459590226,,,,
22332,0.0,-804.849304,134.633759,-108.732674,-0.7780425644,-0.6141398248,0.1322196796,,,,
22333,0.0,-808.173523,135.431381,-108.770226,-0.7728332774,-0.6217386939,0.1271602212,,,,
22334,0.0,-811.412415,136.153152,-108.801514,-0.7725816636,-0.6221082155,0.1268816031,,,,
22335,0.0,-815.337219,136.978424,-108.834412,-0.7725816636,-0.6221082155,0.1268816031,,,,
22336,0.0,-818.427734,137.592041,-108.856476,-0.7725816636,-0.6221082155,0.1268816031,,,,
22337,0.0,-822.092957,138.49501,-108.90033,-0.7725816636,-0.6221082155,0.1268816031,,,,
22338,0.0,-825.860352,139.650833,-108.968323,-0.7725816636,-0.6221082155,0.1268816031,,,,
24620,0.0,70.847946,-810.511475,-104.298721,-0.3596071712,0.9282686752,0.0948680616,0.0938778928,665.3367834838,1572.8398671984,4.0
24621,0.0,70.802933,-810.395325,-104.298721,-0.3596071712,0.9282686752,0.0948680616,0.0939271014,664.312157501,1570.0265158987,4.0
24622,0.0,69.715065,-810.53418,-104.298698,-0.3861346658,0.9175797306,0.0945910029,0.0836988773,627.3180461183,1566.3762433763,4.0
24623,0.0,68.557671,-810.691345,-104.298691,-0.4143282841,0.9052297897,0.0942926346,0.0735882806,588.4100631768,1562.7921025387,4.0
24624,0.0,67.133286,-810.907715,-104.298721,-0.4490686257,0.888547439,0.0939192104,0.0622141333,541.2728030132,1558.9018992433,4.0
24625,0.0,63.697975,-811.679871,-104.298683,-0.5503068238,0.8298590385,0.0921757881,0.0365179505,416.381410643,1554.9794955153,4.0
24626,0.0,60.343269,-812.878296,-104.298569,-0.6595111132,0.7464441347,0.0886918561,0.0238333083,336.7725553033,1551.7892518078,4.0
24627,0.0,57.283852,-814.013245,-104.298592,-0.7320732866,0.675908891,0.0849463014,0.0267384475,355.8337478093,1549.125896961,4.0
24628,0.0,54.454235,-815.108704,-104.298599,-0.7809339522,0.6193073175,0.081244131,0.0166075994,181.0702546883,997.6756218869,1.0
24629,0.0,51.746223,-815.996643,-104.298683,-0.7992313301,0.5959898864,0.0776230401,0.011846008,152.8457296589,995.9609005916,1.0
24630,0.0,48.371346,-817.076294,-104.298721,-0.8023787613,0.5921089201,0.0748020734,0.0106829506,144.8797747729,993.8255304538,1.0
24631,0.0,45.754395,-818.062256,-104.298721,-0.8024863544,0.5921883176,0.072997586,0.0102816557,141.9132390122,992.1916811633,1.0
24632,0.0,43.412777,-819.06189,-104.298721,-0.8021128661,0.5928063209,0.072080621,0.0100564742,140.1650487047,990.823927049,1.0
24633,0.0,40.399559,-820.519714,-104.298721,-0.8019856144,0.5930072512,0.0718434016,0.0097533915,137.8144097165,989.1527299983,1.0
24634,0.0,37.520519,-822.121643,-104.298721,-0.8047087732,0.58930664,0.0718434016,0.0089473192,131.6293780661,986.1999763143,1.0
24635,0.0,35.324718,-823.603027,-104.298714,-0.8162118697,0.5733655164,0.0710645373,0.0068627833,115.2193146515,985.1594927043,1.0
24636,0.0,30.418579,-827.066223,-104.298721,-0.8281684372,0.555886068,0.0716080931,0.0051140171,99.3008062234,983.1338488331,1.0
24637,0.0,28.988078,-828.1311035,-104.298721,-0.8282926034,0.5556858022,0.0717257474,0.0050231046,98.357752658,982.5829617461,1.0
24638,0.0,25.298433,-830.982971,-104.298721,-0.8285562216,0.5555790444,0.0694731105,0.0046153781,94.0647893951,980.1896991833,1.0
24639,0.0,22.890133,-833.000244,-104.298714,-0.8297220222,0.5544661273,0.0642548021,0.0039837246,87.3142606276,979.1708749694,1.0
24640,0.0,20.351183,-835.250366,-104.298721,-0.8321438238,0.5515922481,0.0572944004,0.0031819255,77.9702589264,978.1708611815,1.0
24641,0.0,17.830597,-837.718384,-104.298698,-0.8420632579,0.5375398815,0.0445010735,0.0018043773,58.6834490189,977.311363508,1.0
24642,0.0,15.890003,-839.676392,-104.298691,-0.8479229758,0.5286502502,0.0394403349,0.0013927467,51.5294830769,976.6882997187,1.0
24643,0.0,13.571804,-842.045044,-104.298714,-0.851774451,0.522671941,0.0359767524,0.0012376951,48.5426627657,975.969348459,1.0
24644,0.0,11.351431,-844.299255,-104.298721,-0.8523239577,0.5218103516,0.0354658717,0.0012520288,48.7882282878,975.2789810602,1.0
24645,0.0,9.359262,-846.327271,-104.298721,-0.8519290488,0.5224548476,0.0354658717,0.0217580181,243.5361081727,1173.8537376016,5.0
24646,0.0,6.986449,-848.772583,-104.298721,-0.8513276912,0.5234341736,0.0354658717,0.0219437277,243.9984256536,1171.1499402859,5.0
24647,0.0,5.323713,-850.50769,-104.298721,-0.8509056076,0.5241763475,0.0346237444,0.0219141363,243.5108877412,1169.589970121,5.0
24648,0.0,3.517628,-852.387878,-104.298721,-0.8495009059,0.5265137509,0.0336374927,0.0218828908,242.9493999533,1167.7166826292,5.0
24649,0.0,1.808514,-854.184814,-104.298721,-0.8488798275,0.5275201113,0.0335495255,0.0219537914,242.9231874655,1165.724671941,5.0
24650,0.0,0.469292,-855.599976,-104.298721,-0.8488590283,0.5275535796,0.0335495255,0.0220167184,242.9578951702,1164.2424077604,5.0
24651,0.0,-1.084771,-857.237061,-104.298721,-0.8488590283,0.5275535796,0.0335495255,0.0221028242,242.9326437403,1161.8769525472,5.0
24652,0.0,-2.164307,-858.365601,-104.298721,-0.8488590283,0.5275535796,0.0335495255,0.0222003589,243.1091625879,1160.1928460319,5.0
24653,0.0,-3.373725,-859.621155,-104.298721,-0.8488590283,0.5275535796,0.0335495255,0.0222855099,243.1270564801,1158.0843866875,5.0
24654,0.0,-4.513086,-860.789856,-104.298721,-0.8488590283,0.5275535796,0.0335495255,0.0223750573,243.1142285224,1155.7298596998,5.0
24655,0.0,-5.294097,-861.579651,-105.343811,-0.8488590283,0.5275535796,0.0335495255,0.0222792882,242.1648875642,1153.6605358101,5.0
24656,0.0,-6.256987,-862.544495,-106.959389,-0.8488590283,0.5275535796,0.0335495255,0.0221118318,240.6561062644,1150.7570884377,5.0
24657,0.0,-6.990746,-863.203613,-116.579369,-0.8488590283,0.5275535796,0.0335495255,0.0205503256,231.3525590859,1147.0773972951,5.0
24658,0.0,-7.985951,-864.014709,-115.020218,-0.8488590283,0.5275535796,0.0335495255,0.020929059,232.922439588,1144.4736487475,5.0
24659,0.0,-8.838992,-864.690796,-113.731796,-0.8519012557,0.5226267118,0.0335495255,0.0210328442,233.0827254836,1142.4620737223,5.0
24660,0.0,-9.872882,-865.390869,-112.198814,-0.8565908448,0.514844469,0.0344571823,0.0212471914,233.6787731709,1139.653231546,5.0
24661,0.0,-10.674273,-865.875244,-111.025299,-0.8628364668,0.504200053,0.0359935839,0.021428667,234.1624466495,1137.2182307387,5.0
24662,0.0,-11.819527,-866.365479,-109.359764,-0.8668269669,0.4972768878,0.0364239789,0.0217467946,235.2387949135,1134.1496958239,5.0
24663,0.0,-12.808725,-866.646545,-107.929214,-0.8682835364,0.4946608517,0.0373408916,0.0222534554,237.5619549374,1132.3817089003,5.0
24664,0.0,-13.668416,-866.796082,-106.693481,-0.8683431874,0.4945530202,0.0373820701,0.0226282121,239.0825845351,1130.2607722231,5.0
24665,0.0,-14.786208,-866.905212,-105.073593,-0.8683431874,0.4945530202,0.0373820701,0.023137009,241.1159508852,1127.4156233951,5.0
24666,0.0,-15.516602,-866.929871,-104.01812,-0.8686827904,0.4939562638,0.0373820701,0.0233630897,241.8595970736,1125.472106622,5.0
24667,0.0,-16.757448,-866.890442,-103.992249,-0.8688169381,0.493720274,0.0373820701,0.0234241264,241.5509115093,1122.5875826887,5.0
24668,0.0,-17.668699,-866.799316,-103.993576,-0.8688169381,0.493720274,0.0373820701,0.0232763357,240.2660802555,1120.1138736541,5.0
24669,0.0,-18.576607,-866.666077,-103.999451,-0.8688169381,0.493720274,0.0373820701,0.0231390685,239.0691934927,1117.7961809107,5.0
24670,0.0,-19.588747,-866.430969,-104.011688,-0.8687917919,0.4937059842,0.0381473917,0.0231450834,238.57868526,1115.3594920054,5.0
24671,0.0,-20.696037,-866.108704,-104.029404,-0.8691170392,0.4931182497,0.0383401095,0.0229878994,237.2635027627,1112.9525009924,5.0
24672,0.0,-22.093918,-865.628906,-104.05603,-0.8692583051,0.4928691852,0.0383401269,0.0228812773,236.1066970021,1110.0736628193,5.0
24673,0.0,-23.576513,-865.062805,-104.087738,-0.8692583051,0.4928691852,0.0383401269,0.0226811515,234.4414729204,1107.0405727504,5.0
24674,0.0,-25.436657,-864.29657,-104.130981,-0.8692583051,0.4928691852,0.0383401269,0.0224787934,232.6615413818,1103.5131890288,5.0
24675,0.0,-27.144268,-863.554077,-104.173172,-0.8692583051,0.4928691852,0.0383401269,0.0222915084,231.0860400453,1100.5831072515,5.0
24676,0.0,-29.359802,-862.549805,-104.230499,-0.8692583051,0.4928691852,0.0383401269,0.0221354638,229.4562092774,1096.6226956521,5.0
24678,0.0,-35.359001,-859.669006,-104.299011,-0.8692583051,0.4928691852,0.0383401269,0.0218623358,226.0495505777,1086.9939116935,5.0
24703,0.0,-100.759178,-823.387817,-104.298721,-0.8578843317,0.5123472943,0.0391755463,0.0286154781,231.7897164093,975.9060029806,5.0
24704,0.0,-104.03093,-821.553711,-104.298714,-0.8573198788,0.5132881419,0.0392161813,0.0299993945,236.4866742576,972.7858603797,5.0
24705,0.0,-106.794533,-820.003052,-104.298721,-0.8568272845,0.5141073018,0.0392515842,0.0306421518,237.8703252989,968.3186971611,5.0
24706,0.0,-109.464355,-818.505371,-104.298721,-0.8563245463,0.5149415035,0.0392876497,0.0312937396,239.3022731134,964.112315903,5.0
24707,0.0,-112.961945,-816.4729,-104.298721,-0.8561782479,0.5151839135,0.0392981311,0.0320497904,240.9645525411,959.4746605178,5.0
24708,0.0,-115.408882,-815.030823,-104.298721,-0.8561782479,0.5151839135,0.0392981311,0.0325039508,241.8181610443,956.2333886113,5.0
24709,0.0,-118.484306,-813.217468,-104.298721,-0.8561782479,0.5151839135,0.0392981311,0.0330031446,242.3636174621,951.2352428437,5.0
24710,0.0,-120.910271,-811.784302,-104.298721,-0.8561782479,0.5151839135,0.0392981311,0.0334297017,242.9192583863,947.4165310095,5.0
24711,0.0,-123.661476,-810.134155,-104.298721,-0.8550156228,0.5171111503,0.0392981311,0.0342961197,244.9765872386,943.5024658908,5.0
24712,0.0,-126.681488,-808.219849,-104.298721,-0.84866417,0.5275913348,0.0376365519,0.0369927414,253.0899997392,939.1950050336,5.0
24713,0.0,-129.415222,-806.505859,-104.298721,-0.8443379844,0.5345608694,0.0365792969,0.0391999175,259.1332594605,934.6820943436,5.0
24714,0.0,-132.655731,-804.489868,-104.298721,-0.8406712844,0.5403819349,0.0354845873,0.0018286593,48.9002210207,808.9618753118,1.0
24715,0.0,-135.006882,-803.058777,-104.298721,-0.8401960314,0.5411217985,0.0354658717,0.0017278535,47.3790789132,806.317042918,1.0
24716,0.0,-137.949539,-801.268188,-104.298721,-0.8400926948,0.5412822149,0.0354658717,0.0016385351,45.9503302171,803.0151588463,1.0
24717,0.0,-140.687759,-799.596069,-104.298721,-0.8400926948,0.5412822149,0.0354658717,0.0015639132,44.7211647825,799.9477963631,1.0
24718,0.0,-143.925903,-797.609436,-104.298721,-0.8400926948,0.5412822149,0.0354658717,0.0014828729,43.305435483,795.4932587914,1.0
24719,0.0,-149.509201,-794.163086,-104.298721,-0.8400926948,0.5412822149,0.0354658717,0.0013421254,40.7949428573,787.663191151,1.0
24720,0.0,-151.1232375,-793.161621,-104.298721,-0.8400926948,0.5412822149,0.0354658717,0.0013000935,40.0297201745,785.3396823093,1.0
24721,0.0,-155.499954,-790.440063,-104.298721,-0.8400926948,0.5412822149,0.0354658717,0.001201632,38.1844923338,779.1423190314,1.0
24722,0.0,-155.756149,-790.280548,-104.298721,-0.8400926948,0.5412822149,0.0354658717,0.0012007369,38.1527193296,778.7838373119,1.0
24723,0.0,-156.012344,-790.121033,-104.298721,-0.8400926948,0.5412822149,0.0354658717,0.0011998419,38.1209463253,778.4253555924,1.0
24724,0.0,-163.592804,-785.376038,-104.298721,-0.8400926948,0.5412822149,0.0354658717,0.0011477837,36.7658064429,767.5801502889,1.0
24725,0.0,-166.742462,-783.39624,-104.298721,-0.8400926948,0.5412822149,0.0354658717,0.0011125861,35.9753313622,762.8581935993,1.0
24726,0.0,-169.675171,-781.552002,-104.482803,-0.8400926948,0.5412822149,0.0354658717,0.0010650346,34.9906978107,758.3530037743,1.0
24727,0.0,-172.574646,-779.729004,-104.870689,-0.8400926948,0.5412822149,0.0354658717,0.0010039641,33.7690546468,753.7960413297,1.0
24728,0.0,-175.329636,-777.996582,-105.43087,-0.8400926948,0.5412822149,0.0354658717,0.0009398254,32.4883278222,749.5331448013,1.0
24729,0.0,-178.317978,-776.117676,-106.239601,-0.8400926948,0.5412822149,0.0354658717,0.0008484122,30.6619613219,744.5152848602,1.0
24730,0.0,-180.873001,-774.511047,-107.11161,-0.8400926948,0.5412822149,0.0354658717,0.0007665741,28.9802840573,740.276244584,1.0
24731,0.0,-183.805786,-772.666992,-108.298271,-0.8400926948,0.5412822149,0.0354658717,0.0006686562,26.8879959963,735.3847561499,1.0
24732,0.0,-186.416367,-771.025391,-109.533264,-0.8400926948,0.5412822149,0.0354658717,0.0005775007,24.8385524205,730.9669695093,1.0
24733,0.0,-189.410263,-769.142944,-111.147644,-0.8400926948,0.5412822149,0.0354658717,0.0004771353,22.4263048835,726.0620788489,1.0
24734,0.0,-192.398514,-767.263916,-112.973724,-0.8400926948,0.5412822149,0.0354658717,0.0003673791,19.5339559907,720.7055693655,1.0
24735,0.0,-194.881393,-765.70282,-114.661293,-0.8400926948,0.5412822149,0.0354658717,0.000283467,17.0554118139,716.3524761557,1.0
24736,0.0,-198.147415,-763.649109,-117.096718,-0.8400926948,0.5412822149,0.0354658717,0.0001849338,13.6675876649,710.7040244867,1.0
24737,0.0,-200.735779,-762.029785,-119.21418,-0.8405414385,0.5405851109,0.0354658717,0.0001227419,11.0639877777,706.1770561135,1.0
24738,0.0,-203.979645,-760.029236,-122.062233,-0.8426696118,0.5372616656,0.0354658717,7.67964e-05,8.6815404498,700.518562039,1.0
24739,0.0,-206.904648,-758.341553,-124.779823,-0.8507119316,0.5243693204,0.0364146302,0.000212271,14.33366339,695.6965824826,1.0
24740,0.0,-209.912201,-756.882874,-127.730507,-0.8730027832,0.4862806401,0.0373802039,0.0018568656,42.1080773151,691.2925463719,1.0
24741,0.0,-212.418945,-755.698608,-130.368927,-0.8923912065,0.4497115913,0.0373820701,0.0049100749,68.0309608709,687.3553376645,1.0
24742,0.0,-215.732864,-754.42572,-134.123108,-0.9304657681,0.364466782,0.0373820701,0.0177710687,128.2176306121,683.1468486626,1.0
24743,0.0,-218.257065,-753.693542,-137.421371,-0.9675046888,0.2503322172,0.0356154217,0.0085612321,100.8802751465,772.5998947765,5.0
24744,0.0,-220.986435,-752.47052,-141.233749,-0.9857990007,0.1645257609,0.0336393243,0.0080581198,97.2556661714,767.6437538174,5.0
24745,0.0,-223.513321,-751.284119,-145.215042,-0.9975222586,0.0623342982,0.0326156226,0.0167120483,138.9452743746,763.1959416838,5.0
24746,0.0,-226.248734,-749.973083,-149.21521,-0.9992565686,-0.0205940697,0.0325913231,0.0302628143,185.1276609757,758.2501687871,5.0
24747,0.0,-229.180969,-748.483154,-153.409744,-0.9970576527,-0.0701912347,0.03080954,0.0403444711,211.8398948883,753.4004415885,5.0
24748,0.0,-231.860413,-746.906677,-157.52562,-0.9961628912,-0.0825578531,0.0290464308,0.0416245302,213.8276895518,748.9301085132,5.0
24749,0.0,-234.664886,-745.22644,-161.970963,-0.9959446893,-0.0864526423,0.0249021395,0.0404502682,209.576192908,744.3944032531,5.0
24865,0.0,-621.494934,-779.69696,-198.480103,-0.1353096383,-0.9898641925,-0.0431298299,,,,
24866,0.0,-621.533569,-779.979431,-198.480103,-0.1353096383,-0.9898641925,-0.0431298299,,,,
24867,0.0,-621.571411,-780.256104,-198.480103,-0.1353096383,-0.9898641925,-0.0431298299,,,,
24868,0.0,-621.60498,-780.501892,-198.480103,-0.1353096383,-0.9898641925,-0.0431298299,,,,
24869,0.0,-624.338928,-782.490173,-199.427383,-0.1240291716,-0.9911825958,-0.0466243103,,,,
24879,0.0,-646.665894,-805.031372,-200.298523,-0.0660580693,-0.9961278414,-0.0580142663,,,,
24880,0.0,-649.545532,-808.62146,-200.298584,-0.0606792992,-0.9964198121,-0.0588691833,,,,
24881,0.0,-651.1026,-810.560608,-200.29863,-0.0576599406,-0.9965706362,-0.0593489543,,,,
24882,0.0,-653.461853,-813.489563,-200.298706,-0.0526999586,-0.9967980114,-0.0601368347,,,,
24883,0.0,-655.62439,-817.111816,-200.298737,-0.0504894021,-0.9968510959,-0.0611450153,,,,
24884,0.0,-656.425842,-819.522888,-200.298737,-0.0487540764,-0.9968784275,-0.0621002477,,,,
24885,0.0,-656.587616,-819.911865,-200.298737,-0.0485765304,-0.9968815456,-0.0621889478,,,,
24886,0.0,-656.74939,-820.300842,-200.298737,-0.0483989843,-0.9968846638,-0.062277648,,,,
24887,0.0,-659.456299,-827.84491,-200.298737,-0.0478687971,-0.9969102523,-0.0622778222,,,,
24888,0.0,-661.364929,-834.335876,-200.298737,-0.0447172944,-0.9970565864,-0.0622778222,,,,
24889,0.0,-662.462463,-841.621521,-201.467621,-0.0406061505,-0.9973256557,-0.0607674012,,,,
24890,0.0,-663.12207,-844.398193,-201.099625,-0.038526675,-0.9974326703,-0.060363594,,,,
24891,0.0,-664.020508,-848.606262,-200.765869,-0.0370008235,-0.9975438669,-0.0594741347,,,,
24892,0.0,-664.504456,-850.9646,-199.498779,-0.0362982927,-0.9975736856,-0.0594068667,,,,
24893,0.0,-665.144714,-854.408203,-197.725555,-0.0346355326,-0.9976328002,-0.0594068667,,,,
24894,0.0,-665.705139,-857.626526,-196.056259,-0.0327575554,-0.9977349779,-0.0587525009,,,,
24895,0.0,-666.36322,-861.736389,-193.983612,-0.0294262953,-0.9979615524,-0.0566289066,,,,
24896,0.0,-666.746704,-864.268005,-192.647858,-0.0285955178,-0.9981447075,-0.0537535037,,,,
24897,0.0,-667.310913,-868.251526,-190.811768,-0.0274370161,-0.998461753,-0.0481802654,,,,
24898,0.0,-667.631042,-870.696045,-189.588486,-0.0267274775,-0.9985866796,-0.0459378407,,,,
24899,0.0,-668.082397,-874.258728,-187.810089,-0.0264334867,-0.9987360451,-0.0427502396,,,,
24900,0.0,-668.491577,-877.791321,-185.94455,-0.0255788917,-0.9988883303,-0.0395957571,,,,
24901,0.0,-668.864929,-881.193909,-184.135223,-0.0254818963,-0.9989731503,-0.0374608863,,,,
24902,0.0,-669.110962,-883.63678,-182.71228,-0.0247934616,-0.999068785,-0.0353107219,,,,
24903,0.0,-669.453186,-887.177856,-180.485794,-0.0245284205,-0.9991827635,-0.0321272737,,,,
24904,0.0,-669.766418,-890.733704,-178.343918,-0.0245311246,-0.9992765668,-0.0290614343,,,,
24905,0.0,-669.979065,-893.294067,-176.78241,-0.0245325136,-0.9993381252,-0.026860144,,,,
24906,0.0,-670.017761,-897.268616,-174.276596,-0.0245344695,-0.9994234877,-0.023468108,,,,
24907,0.0,-670.005188,-900.085815,-172.657196,-0.0245355159,-0.9994767781,-0.0210755417,,,,
24908,0.0,-669.915771,-903.762878,-170.486435,-0.0245369433,-0.9995242591,-0.0186867285,,,,
24909,0.0,-669.967285,-907.725891,-168.3974,-0.0245382667,-0.9995781693,-0.0155356677,,,,
24910,0.0,-669.731873,-910.532288,-166.711868,-0.0252537473,-0.9995843119,-0.0139086912,,,,
24911,0.0,-669.619568,-914.529663,-164.71933,-0.0254977896,-0.9995962203,-0.0125402983,,,,
24912,0.0,-669.44989,-917.318481,-163.296677,-0.0254976921,-0.9995971862,-0.0124632655,,,,
24913,0.0,-669.385132,-920.806946,-161.588928,-0.0254976921,-0.9995971862,-0.0124632655,,,,
24914,0.0,-669.174622,-924.674438,-159.781845,-0.0254976921,-0.9995971862,-0.0124632655,,,,
24915,0.0,-669.135071,-927.350586,-158.602432,-0.0254976921,-0.9995971862,-0.0124632655,,,,
24916,0.0,-669.068054,-931.243164,-156.96347,-0.0254976921,-0.9995971862,-0.0124632655,,,,
24917,0.0,-669.037292,-934.269043,-155.650116,-0.0254976921,-0.9995971862,-0.0124632655,,,,
24918,0.0,-669.009521,-937.683655,-154.20459,-0.0254980579,-0.9996067366,-0.01167138,,,,
24919,0.0,-669.023193,-940.964722,-152.442032,-0.0262843269,-0.9995970466,-0.010718141,,,,
24920,0.0,-669.011902,-944.806396,-151.20372,-0.0264566045,-0.9995943335,-0.0105459216,,,,
24921,0.0,-669.076965,-947.714783,-151.130661,-0.0264566045,-0.9995943335,-0.0105459216,,,,
24922,0.0,-669.192871,-951.512573,-151.051819,-0.0264566045,-0.9995943335,-0.0105459216,,,,
24923,0.0,-669.293335,-954.026794,-150.917374,-0.0264566045,-0.9995943335,-0.0105459216,,,,
24924,0.0,-669.495117,-957.048096,-150.568359,-0.0264566045,-0.9995943335,-0.0105459216,,,,
24925,0.0,-669.664917,-960.869507,-150.364868,-0.0264566045,-0.9995943335,-0.0105459216,,,,
25385,0.0,-503.384216,-1487.543701,18.425194,-0.0823663462,-0.9662233278,0.2441889962,,,,
25386,0.0,-503.38562,-1487.560059,18.425194,-0.0823663462,-0.9662233278,0.2441889962,,,,
25387,0.0,-503.38562,-1487.560059,18.425194,-0.0823663462,-0.9662233278,0.2441889962,,,,
25388,0.0,-503.39505,-1487.670776,18.425194,-0.0823663462,-0.9662233278,0.2441889962,,,,
25389,0.0,-503.43631,-1488.1317745,18.815245,-0.0819437409,-0.9662591648,0.2441890046,,,,
25390,0.0,-503.544128,-1489.413818,19.897331,-0.0799704264,-0.9664245695,0.24418903,,,,
25391,0.0,-503.600555,-1490.422485,20.70676,-0.0752164443,-0.9665851927,0.2450623424,,,,
25392,0.0,-503.562103,-1491.168335,21.290377,-0.0625624055,-0.9672641355,0.2459390932,,,,
25393,0.0,-503.295898,-1492.105957,22.084829,-0.0230232876,-0.9687597822,0.2469299752,,,,
25394,0.0,-502.851288,-1493.131836,23.032921,0.0373599924,-0.9675887486,0.2497523665,,,,
25395,0.0,-502.32016,-1494.008179,23.616737,0.1082476996,-0.9618180748,0.2513730823,,,,
25396,0.0,-501.63031,-1494.867798,23.722969,0.2056341989,-0.944936759,0.2545763102,,,,
25397,0.0,-500.909576,-1496.071289,23.701233,0.3137400709,-0.913277963,0.2597893957,,,,
25398,0.0,-500.580688,-1497.180298,23.701086,0.3701995712,-0.8905223218,0.2644281979,,,,
25399,0.0,-500.363129,-1498.650513,23.701128,0.4273911662,-0.8630569967,0.269201433,,,,
25400,0.0,-500.300659,-1500.454834,23.701208,0.4777285084,-0.8348953075,0.2733592834,,,,
25426,0.0,-473.208191,-1556.803711,23.69659,0.8873300694,-0.3484122964,0.3020831335,,,,
25427,0.0,-470.393005,-1561.740112,23.698498,0.8994206357,-0.314569822,0.3034606189,,,,
25428,0.0,-467.778381,-1566.342163,23.700823,0.9104922387,-0.2793980751,0.3048616062,,,,
25429,0.0,-463.738342,-1571.143188,23.701279,0.9136296762,-0.2686774946,0.3051118135,,,,
25430,0.0,-462.403564,-1568.482178,23.701279,0.9157790656,-0.2612575056,0.3051118135,,,,
25431,0.0,-459.404266,-1569.00293,23.701279,0.9170497295,-0.2567617478,0.3051117803,,,,
25432,0.0,-456.526306,-1569.314697,23.701279,0.9173835777,-0.2555662775,0.3051118634,,,,
25433,0.0,-454.542328,-1569.429321,23.701279,0.9175547435,-0.2549510809,0.3051118468,,,,
25434,0.0,-451.162048,-1569.451294,23.701279,0.9176492062,-0.2546108705,0.3051118468,,,,
25435,0.0,-448.141479,-1569.313843,23.701279,0.9176492062,-0.2546108705,0.3051118468,,,,
25436,0.0,-444.977753,-1569.025391,23.701279,0.9176492062,-0.2546108705,0.3051118468,,,,
25437,0.0,-442.220062,-1568.663208,23.701279,0.9176492062,-0.2546108705,0.3051118468,,,,
25438,0.0,-439.083313,-1568.143188,23.701279,0.9176492062,-0.2546108705,0.3051118468,,,,
25439,0.0,-436.844666,-1567.707031,23.701279,0.9176492062,-0.2546108705,0.3051118468,,,,
25440,0.0,-432.851318,-1566.80835,23.701279,0.9176492062,-0.2546108705,0.3051118468,,,,
25441,0.0,-430.586639,-1566.232544,23.701279,0.9176492062,-0.2546108705,0.3051118468,,,,
25442,0.0,-426.804138,-1565.185059,23.701279,0.9176492062,-0.2546108705,0.3051118468,,,,
25443,0.0,-424.466003,-1564.482178,23.701279,0.9176492062,-0.2546108705,0.3051118468,,,,
25444,0.0,-420.771698,-1563.303223,23.701279,0.9176492062,-0.2546108705,0.3051118468,,,,
25445,0.0,-418.58548,-1562.565186,23.701279,0.9176492062,-0.2546108705,0.3051118468,,,,
25446,0.0,-414.704346,-1561.191406,23.701279,0.9176492062,-0.2546108705,0.3051118468,,,,
25447,0.0,-411.319061,-1559.933594,23.701279,0.9176492062,-0.2546108705,0.3051118468,,,,
25448,0.0,-408.768005,-1558.947388,23.701279,0.9176492062,-0.2546108705,0.3051118468,,,,
25449,0.0,-405.536682,-1557.663086,23.701279,0.9171624541,-0.2544756094,0.3066841976,,,,
25450,0.0,-402.913239,-1556.609253,23.701286,0.9155701527,-0.2560232019,0.3101345121,,,,
25451,0.0,-399.425995,-1555.198364,23.701292,0.9123015425,-0.2605602466,0.3159339383,,,,
25452,0.0,-396.225555,-1553.953613,23.701311,0.9068760636,-0.2724928205,0.3214396802,,,,
25453,0.0,-392.852325,-1552.747314,23.701313,0.8973196598,-0.2971474233,0.3263753007,,,,
25454,0.0,-389.620605,-1551.830322,23.701328,0.8790902564,-0.3438483402,0.3301039837,,,,
25455,0.0,-386.352631,-1551.148682,23.701292,0.8484833736,-0.4126312931,0.3313780027,,,,
25456,0.0,-384.074066,-1550.823364,23.701309,0.8123365933,-0.4794097003,0.3320776994,,,,
25457,0.0,-380.764709,-1550.548218,23.701279,0.7267518142,-0.6011325144,0.3323725329,,,,
25458,0.0,-378.590027,-1550.613281,23.701279,0.605833413,-0.7236329982,0.3306375049,,,,
25459,0.0,-375.623169,-1549.741821,23.701279,0.5066910925,-0.7965849154,0.3297220182,,,,
25460,0.0,-373.209198,-1549.240845,23.701279,0.4268127621,-0.8421140903,0.3296584975,,,,
25461,0.0,-371.057831,-1548.914429,23.701279,0.3484210734,-0.8774554542,0.3296584316,,,,
25462,0.0,-368.547119,-1548.462769,23.556492,0.3124923104,-0.8903605683,0.3310688966,,,,
25463,0.0,-364.875671,-1547.779297,23.118404,0.3002644298,-0.89407742,0.3323655205,,,,
25464,0.0,-361.881348,-1547.219604,22.547901,0.3002236327,-0.8940885134,0.3323725329,,,,
25465,0.0,-358.971619,-1546.67395,21.813446,0.3002236327,-0.8940885134,0.3323725329,,,,
25466,0.0,-355.953583,-1546.106079,20.868645,0.3033158371,-0.8930442331,0.3323725329,,,,
25467,0.0,-353.049103,-1545.557983,19.779709,0.3051045607,-0.8924346948,0.3323725658,,,,
25468,0.0,-347.224213,-1544.453979,17.069809,0.3053618193,-0.8923467144,0.3323725329,,,,
25469,0.0,-345.464386,-1544.118591,16.0811805,0.3054081718,-0.8924819653,0.3319662705,,,,
25470,0.0,-340.903198,-1543.247803,13.330883,0.3054648511,-0.8926478003,0.3314681424,,,,
25471,0.0,-338.083832,-1542.707153,11.39577,0.3054648511,-0.8926478003,0.3314681424,,,,
25472,0.0,-336.2641145,-1542.3570555,10.025756,0.3054648511,-0.8926478003,0.3314681424,,,,
25473,0.0,-334.444397,-1542.006958,8.655742,0.3054648511,-0.8926478003,0.3314681424,,,,
25474,0.0,-328.402802,-1540.807373,3.68453,0.3054648511,-0.8926478003,0.3314681424,,,,
25475,0.0,-326.5655825,-1540.4398805,2.011408,0.3054648511,-0.8926478003,0.3314681424,,,,
25476,0.0,-322.32486,-1539.590332,-2.002352,0.3054648511,-0.8926478003,0.3314681424,,,,
25477,0.0,-318.788574,-1538.879028,-5.638987,0.3054648511,-0.8926478003,0.3314681424,,,,
25478,0.0,-316.555267,-1538.432129,-8.068262,0.3040703348,-0.8931237888,0.3314681424,,,,
25479,0.0,-312.87149,-1538.069458,-12.441737,0.2901580778,-0.8979876579,0.330796699,,,,
25480,0.0,-309.753021,-1538.152588,-16.66136,0.2541125319,-0.909751,0.3282985517,,,,
25481,0.0,-306.967102,-1538.266235,-20.94906,0.1862267908,-0.9276068869,0.3238287292,,,,
25482,0.0,-303.706299,-1538.455322,-25.477251,0.0807030421,-0.9457457851,0.314725164,,,,
25483,0.0,-301.547424,-1538.836426,-29.905865,-0.0202326146,-0.9519072364,0.305717606,,,,
25484,0.0,-299.602966,-1539.424927,-34.460682,-0.1283614444,-0.9470759303,0.2942286897,,,,
25620,0.0,-293.995819,-1517.399536,-101.030991,0.1117514105,-0.9869610608,0.1158425081,0.0860857121,265.6990917701,654.5808405533,4.0
25621,0.0,-293.974792,-1517.585083,-101.030991,0.1117514105,-0.9869610608,0.1158425081,0.0861352273,265.7040506365,654.4133477591,4.0
25622,0.0,-293.938293,-1517.907471,-101.030991,0.1117514105,-0.9869610608,0.1158425081,0.0863455683,265.2735593414,652.5926541472,4.0
25623,0.0,-293.914795,-1518.11499,-101.030991,0.1117514105,-0.9869610608,0.1158425081,0.0855777861,263.2230648082,650.3161739593,4.0
25624,0.0,-296.57663,-1518.505249,-101.056183,0.1117514105,-0.9869610608,0.1158425081,0.08738388,265.2868868031,648.9126124586,4.0
25625,0.0,-299.296356,-1518.886353,-101.081909,0.1117514105,-0.9869610608,0.1158425081,0.089424789,268.1805295685,648.8080246439,4.0
25626,0.0,-301.862244,-1519.243896,-101.106201,0.1117514105,-0.9869610608,0.1158425081,0.0918434679,270.4976096951,646.1484334558,4.0
25627,0.0,-305.009888,-1519.681396,-101.135956,0.1117514105,-0.9869610608,0.1158425081,0.0952557798,274.1143646309,643.5285133793,4.0
25628,0.0,-307.568268,-1520.036133,-101.160156,0.1117514105,-0.9869610608,0.1158425081,0.0979093092,276.9494439153,641.7603688848,4.0
25629,0.0,-310.53952,-1520.632935,-101.203476,0.1117514105,-0.9869610608,0.1158425081,0.1011396965,280.2919218627,639.5923352726,4.0
25630,0.0,-313.257446,-1521.36377,-101.259491,0.1142240128,-0.9867745673,0.1150166431,0.1063050791,286.9996003496,639.6601231715,4.0
25631,0.0,-316.074188,-1522.223999,-101.33577,0.1355913307,-0.9843855322,0.1122502337,0.1007303708,278.6988144921,637.1792042739,4.0
25632,0.0,-318.296783,-1522.867432,-101.414818,0.1917811546,-0.975384082,0.1088387859,0.0808165632,250.096635834,635.0375670566,4.0
25633,0.0,-320.954681,-1523.473999,-101.530777,0.3101054782,-0.9449475445,0.1044448683,0.0439247736,185.3903608172,632.4695295936,4.0
25634,0.0,-322.777527,-1524.596069,-101.640518,0.4468153806,-0.8889232936,0.1008533279,0.0152923036,109.7046502745,629.7095861282,4.0
25635,0.0,-325.432648,-1527.859863,-101.907837,0.7430725196,-0.66203618,0.097730891,0.0302839016,152.0875032454,622.7099424863,4.0
25636,0.0,-326.008133,-1528.7428585,-101.9900475,0.7995666158,-0.5846185926,0.098632899,0.0583087168,201.8051385394,620.7579143579,4.0
25637,0.0,-327.452576,-1531.154175,-102.220009,0.9176697567,-0.3842285771,0.1012453366,0.1451240287,319.3137134416,615.4467317408,4.0
25638,0.0,-328.333221,-1533.001221,-104.058884,0.9616356558,-0.2541582528,0.1032494459,,,,
25639,0.0,-328.995483,-1534.8302,-104.317749,0.9839959949,-0.1450831869,0.1034541009,,,,
25640,0.0,-329.499969,-1536.751953,-104.298615,0.9930741442,-0.0630308394,0.0991506806,,,,
25641,0.0,-329.873932,-1538.904175,-104.298645,0.9960536406,-0.0133415114,0.0877447949,,,,
25642,0.0,-330.047668,-1540.843262,-104.298714,0.9965678435,-0.0073858209,0.0824498818,,,,
25643,0.0,-329.993408,-1543.401733,-104.298721,0.9966516871,-0.0065932327,0.0814981215,,,,
25644,0.0,-329.739655,-1545.483643,-104.298721,0.9966516871,-0.0065932327,0.0814981215,,,,
25645,0.0,-329.256836,-1547.906006,-104.298721,0.9966516871,-0.0065932327,0.0814981215,,,,
25646,0.0,-328.635956,-1550.159302,-104.298721,0.9966516871,-0.0065932327,0.0814981215,,,,
25647,0.0,-327.820343,-1552.547363,-104.298721,0.9966516871,-0.0065932327,0.0814981215,,,,
25710,0.0,-326.399353,-1738.922119,-104.298721,-0.3259256355,-0.9432782622,0.063234485,,,,
25711,0.0,-326.434174,-1739.022949,-104.298721,-0.3259256355,-0.9432782622,0.063234485,,,,
25712,0.0,-326.464661,-1739.111206,-104.298721,-0.3259256355,-0.9432782622,0.063234485,,,,
25713,0.0,-326.48642,-1739.174194,-104.298721,-0.3259256355,-0.9432782622,0.063234485,,,,
25714,0.0,-326.734924,-1739.181396,-104.298721,-0.3259256355,-0.9432782622,0.063234485,,,,
25715,0.0,-329.386353,-1740.681152,-104.298721,-0.3259256355,-0.9432782622,0.063234485,,,,
25716,0.0,-331.840637,-1742.055054,-104.298721,-0.3259256355,-0.9432782622,0.063234485,,,,
25717,0.0,-334.921814,-1743.66272,-104.298721,-0.3259256355,-0.9432782622,0.063234485,,,,
25718,0.0,-338.083527,-1745.19165,-104.298721,-0.3259256355,-0.9432782622,0.063234485,,,,
25719,0.0,-341.109131,-1746.814209,-104.298721,-0.3259256355,-0.9432782622,0.063234485,,,,
25720,0.0,-346.925537,-1749.879272,-104.298721,-0.3251834674,-0.9435343727,0.063234485,,,,
25721,0.0,-350.365601,-1751.449463,-104.298721,-0.3545990677,-0.9328777525,0.063234485,,,,
25722,0.0,-353.436096,-1752.879761,-104.298721,-0.3905088805,-0.9186745847,0.0594964005,,,,
25723,0.0,-356.783936,-1754.546021,-104.298721,-0.4346319069,-0.8987587667,0.0576869553,,,,
25724,0.0,-360.25061,-1756.026367,-104.298721,-0.510734677,-0.8577159518,0.0589358611,,,,
25800,0.0,-573.569336,-1760.767456,-116.298744,-0.6194975405,0.77877087,0.0986850006,,,,
25801,0.0,-575.176575,-1758.747192,-116.298744,-0.6194975405,0.77877087,0.0986850006,,,,
25802,0.0,-575.27124,-1758.628052,-116.298744,-0.6194975405,0.77877087,0.0986850006,,,,
25803,0.0,-575.129639,-1758.419678,-116.298744,-0.6194975405,0.77877087,0.0986850006,,,,
25804,0.0,-574.770142,-1757.952148,-116.298744,-0.6194975405,0.77877087,0.0986850006,,,,
25805,0.0,-576.68634,-1755.566772,-116.298744,-0.6194975405,0.77877087,0.0986850006,,,,
25806,0.0,-578.705811,-1753.045654,-116.298744,-0.6194975405,0.77877087,0.0986850006,,,,
25807,0.0,-580.809814,-1750.406982,-116.298744,-0.6194975405,0.77877087,0.0986850006,,,,
25808,0.0,-582.911377,-1747.758423,-116.298744,-0.6194975405,0.77877087,0.0986850006,,,,
25809,0.0,-585.251831,-1744.79541,-116.298744,-0.6194975405,0.77877087,0.0986850006,,,,
25810,0.0,-587.129333,-1742.407959,-116.298744,-0.6194975405,0.77877087,0.0986850006,,,,
25811,0.0,-589.212585,-1739.746216,-116.298744,-0.6194975405,0.77877087,0.0986850006,,,,
25812,0.0,-591.204285,-1737.189209,-116.282448,-0.6194975405,0.77877087,0.0986850006,,,,
25813,0.0,-593.409973,-1734.348389,-116.043373,-0.6194975405,0.77877087,0.0986850006,,,,
25814,0.0,-595.524658,-1731.612793,-115.775246,-0.6194975405,0.77877087,0.0986850006,,,,
25815,0.0,-597.646973,-1728.858643,-115.507027,-0.6194975405,0.77877087,0.0986850006,,,,
25816,0.0,-599.682983,-1726.205322,-115.248695,-0.6194975405,0.77877087,0.0986850006,,,,
25817,0.0,-601.583313,-1723.722534,-115.006966,-0.6194975405,0.77877087,0.0986850006,,,,
25818,0.0,-603.56366,-1721.127441,-114.754372,-0.6194975405,0.77877087,0.0986850006,,,,
25819,0.0,-605.596069,-1718.457031,-114.494484,-0.6194975405,0.77877087,0.0986850006,,,,
25820,0.0,-607.673584,-1715.723267,-114.22834,-0.620803277,0.7777303894,0.098685018,,,,
25821,0.0,-609.809753,-1712.902466,-113.953957,-0.6230578858,0.7759253431,0.098685018,,,,
25822,0.0,-611.642334,-1710.480225,-113.71833,-0.6263597154,0.7732624225,0.098685018,,,,
25823,0.0,-613.721558,-1707.735229,-113.45118,-0.6295296924,0.7706838762,0.0986850006,,,,
25824,0.0,-615.795715,-1704.995605,-113.1847,-0.6338289558,0.7671519572,0.0986850006,,,,
25825,0.0,-617.895203,-1702.227539,-112.915405,-0.6376584165,0.7638596891,0.0995495819,,,,
25826,0.0,-620.074585,-1699.357178,-112.636292,-0.6415705702,0.7605650963,0.0996390368,,,,
25827,0.0,-621.992126,-1696.841919,-112.391571,-0.6449964596,0.7576619539,0.0996390021,,,,
25828,0.0,-624.085205,-1694.099854,-112.124908,-0.6459749371,0.7568278865,0.0996390021,,,,
25829,0.0,-626.144714,-1691.408325,-111.863129,-0.6460130304,0.7567953689,0.0996390195,,,,
25830,0.0,-627.91095,-1689.104736,-111.639038,-0.6460130304,0.7567953689,0.0996390195,,,,
27257,0.0,-1196.660767,-278.411774,3.919882,-0.0141197389,-0.9439946661,0.3296584646,,,,
27258,0.0,-1196.620605,-278.41156,4.187115,-0.0141197389,-0.9439946661,0.3296584646,,,,
27259,0.0,-1196.045898,-274.245056,4.184449,-0.0117231275,-0.9435250962,0.3310935836,,,,
27260,0.0,-1196.011353,-273.737152,4.178375,-0.0081537085,-0.9428100562,0.3332307232,,,,
27261,0.0,-1196.736328,-278.186707,4.217545,-0.0002800134,-0.9404763875,0.3398589208,,,,
27262,0.0,-1197.0388185,-280.594559,4.2447695,0.0031175053,-0.9390594622,0.3436994428,,,,
27263,0.0,-1197.411255,-285.932526,4.245652,0.0085829361,-0.9368458473,0.3496372285,,,,
27264,0.0,-1197.3222045,-288.430283,4.2460625,0.0102888429,-0.9358452326,0.3522458293,,,,
27265,0.0,-1197.233154,-290.92804,4.246473,0.0119947497,-0.9348446178,0.35485443,,,,
27266,0.0,-1196.188843,-298.397095,4.226517,0.0170668915,-0.9301551024,0.3667699644,,,,
27267,0.0,-1195.397461,-301.764252,4.236678,0.020132816,-0.9273163916,0.3737365108,,,,
27268,0.0,-1194.308105,-305.725098,4.261261,0.0215814095,-0.9247569677,0.379945777,,,,
27269,0.0,-1193.107666,-309.557129,4.260298,0.0232102759,-0.9227688005,0.3846544214,,,,
27270,0.0,-1191.840454,-313.16568,4.252693,0.0233862791,-0.9203032483,0.3905060987,,,,
27271,0.0,-1190.511353,-316.529755,4.222303,0.0219351951,-0.9175696675,0.3969694604,,,,
27272,0.0,-1188.770142,-321.4758,4.176993,0.0181773323,-0.913817469,0.4057181509,,,,
27273,0.0,-1187.317261,-324.323517,4.12175,0.014129192,-0.9106115404,0.4130217771,,,,
27274,0.0,-1185.338745,-327.74649,3.999172,0.0083204398,-0.9062307008,0.4227016527,,,,
27275,0.0,-1183.756592,-330.615265,4.039931,0.0050369315,-0.9035750394,0.4284002538,,,,
27276,0.0,-1182.445923,-333.376434,4.078154,0.0013503119,-0.900748797,0.4343383259,,,,
27277,0.0,-1180.861572,-337.150146,4.227533,-0.0044656069,-0.895627218,0.4447830312,,,,
27333,0.0,-1167.834473,-428.883911,2.788791,-0.0394821043,-0.7822512702,0.6217106351,,,,
27334,0.0,-1168.185791,-428.879578,1.501997,-0.0394821043,-0.7822512702,0.6217106351,,,,
27335,0.0,-1168.309204,-428.875397,1.090556,-0.0394821043,-0.7822512702,0.6217106351,,,,
27336,0.0,-1168.684204,-428.854156,-0.572628,-0.0394821043,-0.7822512702,0.6217106351,,,,
27337,0.0,-1169.042358,-428.821838,-2.058306,-0.0394821043,-0.7822512702,0.6217106351,,,,
27338,0.0,-1169.161865,-428.866058,-3.42665,-0.0398689669,-0.7822316484,0.6217106351,,,,
27339,0.0,-1169.124268,-429.411377,-6.981797,-0.0435529142,-0.781071159,0.6229213339,,,,
27340,0.0,-1169.492188,-429.694305,-8.465672,-0.0472511623,-0.7772885945,0.6273673314,,,,
27341,0.0,-1169.905518,-429.897675,-9.839203,-0.0508189737,-0.7714346451,0.6342759811,,,,
27342,0.0,-1169.762695,-430.287201,-11.230365,-0.0526268472,-0.7651814869,0.641660118,,,,
27343,0.0,-1169.600342,-430.685059,-11.942298,-0.0531154383,-0.7623446488,0.6449878965,,,,
27344,0.0,-1169.232788,-431.659363,-12.172211,-0.0531901718,-0.7618912578,0.6455172476,,,,
27345,0.0,-1168.7677,-432.307953,-12.33356,-0.0497088433,-0.7652425291,0.6418199923,,,,
27346,0.0,-1168.280884,-432.963837,-12.484901,-0.0414684664,-0.7701356278,0.6365308171,,,,
27347,0.0,-1167.859253,-433.610291,-12.637339,-0.0317158659,-0.7744833736,0.6317987083,,,,
27348,0.0,-1167.492798,-434.237213,-12.765674,-0.0199044713,-0.7785629971,0.6272507247,,,,
27349,0.0,-1167.318909,-434.5557405,-12.818018,-0.01157838,-0.7811203972,0.6242048741,,,,
27350,0.0,-1166.850098,-435.380402,-12.941973,0.0108414405,-0.7906610222,0.6121581585,,,,
27351,0.0,-1166.533569,-436.030853,-12.882269,0.0317332263,-0.8067962524,0.5899769568,,,,
27352,0.0,-1166.280151,-436.637543,-12.856668,0.0513614687,-0.8260791862,0.5612086757,,,,
27353,0.0,-1166.069336,-437.283722,-12.824261,0.0670264167,-0.8422219683,0.5349482364,,,,
27354,0.0,-1165.937866,-437.926422,-12.78779,0.0786468528,-0.8549180938,0.512766736,,,,
27355,0.0,-1165.786255,-438.655487,-12.732988,0.0868705215,-0.8646036682,0.4948878756,,,,
27356,0.0,-1165.727661,-439.210327,-12.80554,0.0878970245,-0.8666461765,0.4911196573,,,,
27357,0.0,-1165.619507,-439.898926,-12.76318,0.0888381457,-0.8673671475,0.4896754184,,,,
27358,0.0,-1165.509521,-440.58844,-12.815222,0.0889616442,-0.8674208664,0.4895578274,,,,
27359,0.0,-1165.453613,-441.341522,-12.824102,0.0889616442,-0.8674208664,0.4895578274,,,,
27360,0.0,-1165.359619,-442.063416,-12.831045,0.0889616442,-0.8674208664,0.4895578274,,,,
27361,0.0,-1165.273682,-442.667938,-12.775129,0.0889616442,-0.8674208664,0.4895578274,,,,
27362,0.0,-1165.14978,-443.414001,-12.827385,0.0889616442,-0.8674208664,0.4895578274,,,,
27363,0.0,-1165.11377,-444.18576,-12.806065,0.0889616442,-0.8674208664,0.4895578274,,,,
27364,0.0,-1165.016479,-445.000092,-12.797949,0.0889616442,-0.8674208664,0.4895578274,,,,
27365,0.0,-1164.942261,-445.76413,-12.826187,0.0889616442,-0.8674208664,0.4895578274,,,,
27366,0.0,-1164.938843,-446.409698,-12.886144,0.0889616442,-0.8674208664,0.4895578274,,,,
27367,0.0,-1164.851196,-447.218353,-12.810121,0.0889616442,-0.8674208664,0.4895578274,,,,
27368,0.0,-1164.803833,-448.090851,-12.869678,0.0889616442,-0.8674208664,0.4895578274,,,,
27369,0.0,-1164.807007,-448.944122,-12.920411,0.0889616442,-0.8674208664,0.4895578274,,,,
27370,0.0,-1164.733276,-449.784515,-13.008654,0.0889616442,-0.8674208664,0.4895578274,,,,
27371,0.0,-1164.6698,-450.545624,-13.108257,0.0889616442,-0.8674208664,0.4895578274,,,,
27372,0.0,-1164.642334,-451.276825,-13.220993,0.0889616442,-0.8674208664,0.4895578274,,,,
27373,0.0,-1164.543579,-452.168579,-13.259208,0.086230461,-0.8676966125,0.4895578579,,,,
27374,0.0,-1164.640137,-453.095093,-13.354993,0.0703539849,-0.8691279656,0.4895578579,,,,
27375,0.0,-1164.817749,-453.900391,-13.624546,0.0405898614,-0.8705957769,0.4903217886,,,,
27376,0.0,-1165.021973,-454.71344,-13.764486,-0.0033815758,-0.8701994911,0.4926879445,,,,
27377,0.0,-1165.411743,-455.350891,-13.999957,-0.0649325513,-0.8649981933,0.4975559158,,,,
27378,0.0,-1165.929932,-456.231079,-14.22573,-0.1509907007,-0.8500491927,0.5045970455,,,,
27379,0.0,-1166.353882,-457.002533,-14.278303,-0.2434220711,-0.8235397914,0.5123747724,,,,
27380,0.0,-1167.249023,-457.976044,-14.576832,-0.3728218319,-0.7675743258,0.521376578,,,,
27381,0.0,-1167.859985,-458.801605,-14.880445,-0.4515917973,-0.720138882,0.5267493135,,,,
27382,0.0,-1169.404175,-459.100403,-15.020842,-0.5400967899,-0.6485310993,0.5363794094,,,,
27383,0.0,-1170.2229,-459.446655,-15.034636,-0.5781833427,-0.6117309469,0.5398974633,,,,
27384,0.0,-1171.28833,-459.93338,-15.080453,-0.6199362646,-0.5642030967,0.5453016537,,,,
27385,0.0,-1172.035522,-461.549713,-14.765983,-0.6295074162,-0.5518141131,0.547011515,,,,
27386,0.0,-1172.1088255,-462.151169,-14.054079,-0.6290316174,-0.5523559601,0.547011515,,,,
27387,0.0,-1172.558105,-463.520081,-11.579893,-0.6253451666,-0.5571591655,0.5463671723,,,,
27388,0.0,-1173.150391,-464.182648,-9.784344,-0.615912095,-0.5688640665,0.5450192336,,,,
27389,0.0,-1173.743652,-464.903534,-7.987476,-0.6004377332,-0.5887730815,0.5411291778,,,,
27390,0.0,-1174.260864,-465.758514,-7.294275,-0.5763950991,-0.6178193759,0.5348531654,,,,
27391,0.0,-1174.4435425,-466.342529,-7.33161,-0.5511672294,-0.6446023725,0.528496246,,,,
27392,0.0,-1174.626221,-466.926544,-7.368945,-0.5259393596,-0.671385369,0.5221393265,,,,
27393,0.0,-1174.252441,-469.120819,-7.732197,-0.3685450688,-0.7898029029,0.4902916548,,,,
27394,0.0,-1173.746094,-470.477417,-8.783607,-0.2204464592,-0.8564376225,0.466816835,,,,
27395,0.0,-1173.302734,-471.545898,-9.895077,-0.1079106018,-0.8858839904,0.4511816236,,,,
27396,0.0,-1173.142212,-472.49939,-11.236408,0.0003379139,-0.9008487027,0.4341330449,,,,
27397,0.0,-1172.800781,-473.357849,-12.641407,0.0802089436,-0.9041981334,0.4195143155,,,,
27398,0.0,-1173.052856,-474.363007,-14.747513,0.1556865545,-0.9022721039,0.4020780364,,,,
27399,0.0,-1173.456177,-475.170166,-16.710938,0.1757579231,-0.9021141887,0.3940801225,,,,
27400,0.0,-1173.844849,-475.823395,-18.681923,0.1782732956,-0.9023260856,0.3924618037,,,,
27401,0.0,-1174.331909,-476.509583,-21.120491,0.1788481458,-0.9041149729,0.3880585736,,,,
27402,0.0,-1174.79248,-477.037109,-23.346489,0.1770798637,-0.9067577548,0.3826657757,,,,
27403,0.0,-1175.317505,-477.743561,-26.11042,0.1689691518,-0.9116170001,0.3747050451,,,,
27404,0.0,-1175.898804,-478.416046,-29.089516,0.1633424103,-0.9150187713,0.3688629898,,,,
27405,0.0,-1176.372314,-479.040222,-31.803055,0.1628080095,-0.9153453385,0.3682885599,,,,
27406,0.0,-1176.947754,-479.881805,-35.512535,0.1628080095,-0.9153453385,0.3682885599,,,,
27407,0.0,-1177.386108,-480.571198,-38.660599,0.1628080095,-0.9153453385,0.3682885599,,,,
27408,0.0,-1177.931885,-481.416473,-42.787109,0.1628080095,-0.9153453385,0.3682885599,,,,
27409,0.0,-1178.402222,-482.1315,-46.524254,0.1628080095,-0.9153453385,0.3682885599,,,,
27410,0.0,-1178.897217,-482.928558,-50.788589,0.1628080095,-0.9153453385,0.3682885599,,,,
27411,0.0,-1179.325073,-483.569305,-54.512085,0.1628080095,-0.9153453385,0.3682885599,,,,
27412,0.0,-1179.856201,-484.395966,-59.443466,0.1628080095,-0.9153453385,0.3682885599,,,,
27413,0.0,-1180.353516,-485.166992,-64.268814,0.1628080095,-0.9153453385,0.3682885599,,,,
27414,0.0,-1180.757935,-485.815002,-68.418137,0.1628080095,-0.9153453385,0.3682885599,,,,
27415,0.0,-1181.27417,-486.503174,-73.435379,0.1628080095,-0.9153453385,0.3682885599,,,,
27416,0.0,-1181.778442,-487.296356,-78.968872,0.170877066,-0.9171696276,0.3600012534,,,,
27417,0.0,-1182.197632,-488.137512,-84.590118,0.2042932334,-0.916365361,0.3442946412,,,,
27418,0.0,-1182.455444,-489.205231,-90.907547,0.2859609096,-0.9042685051,0.3170565074,,,,
27419,0.0,-1181.717529,-490.831696,-96.088516,0.3834771267,-0.8745664338,0.296780805,,,,
27420,0.0,-1180.837769,-491.233856,-101.344818,0.4829107797,-0.8303318664,0.2781117949,,,,
27421,0.0,-1179.603516,-491.666443,-108.592117,0.5852228671,-0.768297075,0.2592948136,,,,
27422,0.0,-1178.66687,-491.923492,-115.118698,0.6634291964,-0.7069438534,0.2451368791,,,,
27423,0.0,-1177.804688,-492.314453,-122.013779,0.7217755096,-0.6506707849,0.2359399148,,,,
27424,0.0,-1177.501709,-492.718811,-124.058731,0.7347656708,-0.6365235984,0.2344293448,,,,
27425,0.0,-1177.390625,-493.638275,-123.896759,0.7423815413,-0.6278037973,0.2339487959,,,,
27426,0.0,-1177.376953,-494.415253,-123.862465,0.7425509336,-0.6276034542,0.233948745,,,,
27427,0.0,-1177.343628,-495.168274,-123.389252,0.7425509336,-0.6276034542,0.233948745,,,,
27428,0.0,-1177.298584,-496.131714,-122.707466,0.7425509336,-0.6276034542,0.233948745,,,,
27429,0.0,-1177.242188,-496.887329,-121.245842,0.7425509336,-0.6276034542,0.233948745,,,,
27430,0.0,-1177.176514,-497.859528,-119.659775,0.7425509336,-0.6276034542,0.233948745,,,,
27431,0.0,-1177.224243,-498.747528,-118.019485,0.7425509336,-0.6276034542,0.233948745,,,,
27432,0.0,-1176.855957,-500.346893,-115.936806,0.7633757248,-0.6048402978,0.2267723902,,,,
27433,0.0,-1176.039185,-500.964203,-115.699234,0.8131773813,-0.5408219695,0.2150677657,,,,
27434,0.0,-1175.328735,-501.691101,-115.288246,0.8490125064,-0.4847817017,0.2101534337,,,,
27435,0.0,-1174.614258,-502.319214,-114.49527,0.886994741,-0.4122430204,0.2080769609,,,,
27436,0.0,-1173.991577,-503.205872,-113.778244,0.9225014276,-0.3248424267,0.2084910403,,,,
27437,0.0,-1173.699707,-504.472626,-112.995644,0.9432025496,-0.2556535994,0.2121560452,,,,
27438,0.0,-1173.638062,-505.757233,-112.605148,0.9528566745,-0.2130168491,0.2160740146,,,,
27439,0.0,-1173.648804,-507.624847,-111.946663,0.9610301397,-0.1646336118,0.2220739616,,,,
27440,0.0,-1173.699097,-509.858154,-111.203613,0.9644805795,-0.1347226047,0.227215826,,,,
27441,0.0,-1173.618774,-511.822906,-110.430077,0.9667133517,-0.1090448548,0.2314616929,,,,
27442,0.0,-1173.516968,-514.355896,-109.707497,0.9692104702,-0.0709493162,0.2357907101,,,,
27443,0.0,-1173.452393,-516.658813,-109.391411,0.9704692483,-0.0466300054,0.2366750529,,,,
27444,0.0,-1173.38562,-519.022949,-108.635971,0.9712715283,-0.0142897248,0.2375445686,,,,
27445,0.0,-1173.321899,-521.572449,-108.329659,0.9712576033,0.0129990926,0.2376756018,,,,
27446,0.0,-1173.286865,-524.932739,-107.806725,0.9709722052,0.0268941093,0.2376755848,,,,
27447,0.0,-1173.278809,-527.884094,-107.510155,0.970919071,0.0287486003,0.2376755679,,,,
27448,0.0,-1173.258423,-530.827698,-107.41851,0.9709156226,0.0288649665,0.2376755509,,,,
27449,0.0,-1173.233154,-533.876038,-107.169548,0.9709156226,0.0288649665,0.2376755509,,,,
27450,0.0,-1173.235229,-537.651794,-107.005112,0.9709156226,0.0288649665,0.2376755509,,,,
27451,0.0,-1173.210938,-540.556152,-106.984879,0.9709156226,0.0288649665,0.2376755509,,,,
27452,0.0,-1173.231934,-544.367126,-106.890053,0.9709156226,0.0288649665,0.2376755509,,,,
27453,0.0,-1173.244263,-547.430908,-106.753098,0.970865598,0.0305011991,0.2376755509,,,,
27454,0.0,-1173.17627,-550.694519,-106.641441,0.9705930211,0.0330379425,0.2384484889,,,,
27455,0.0,-1173.094849,-554.667236,-106.430183,0.9705053472,0.0344414857,0.2386066956,,,,
27456,0.0,-1173.076538,-557.194702,-106.227386,0.9705053472,0.0344414857,0.2386066956,,,,
27457,0.0,-1173.024658,-560.875305,-105.946434,0.9704785002,0.035190192,0.2386066448,,,,
27458,0.0,-1172.994507,-564.217712,-105.80938,0.9704718812,0.0353719192,0.2386066956,,,,
27459,0.0,-1172.999756,-568.261292,-105.704231,0.9704718812,0.0353719192,0.2386066956,,,,
27460,0.0,-1173.170898,-571.768921,-105.395706,0.9704718812,0.0353719192,0.2386066956,,,,
27461,0.0,-1173.365967,-576.227722,-105.341263,0.9704718812,0.0353719192,0.2386066956,,,,
27462,0.0,-1173.402832,-579.470337,-105.32972,0.9704718812,0.0353719192,0.2386066956,,,,
27463,0.0,-1173.776123,-583.056396,-105.380669,0.9704718812,0.0353719192,0.2386066956,,,,
27464,0.0,-1174.112061,-587.208008,-105.449806,0.9704718812,0.0353719192,0.2386066956,,,,
27465,0.0,-1174.315918,-591.097595,-105.511826,0.9704718812,0.0353719192,0.2386066956,,,,
27466,0.0,-1174.51062,-595.003479,-105.593109,0.9707580598,0.0263751839,0.2386066618,,,,
27467,0.0,-1174.652588,-597.695129,-105.629875,0.9713915675,0.0087390975,0.2373226721,,,,
27468,0.0,-1175.12439,-605.367981,-105.716972,0.9676464478,-0.0988622645,0.2321348849,,,,
27469,0.0,-1175.3616335,-607.5954895,-105.6775395,0.9574752364,-0.1625098181,0.2295001622,,,,
27470,0.0,-1176.226562,-613.519531,-105.625778,0.9050339658,-0.362364641,0.2227226698,,,,
27471,0.0,-1176.916138,-617.899963,-105.586159,0.7932350723,-0.5695661133,0.2153428955,,,,
27472,0.0,-1177.1026,-620.183441,-105.500519,0.7170104531,-0.6549768506,0.2091846672,,,,
27473,0.0,-1177.807861,-626.272278,-105.346031,0.5052021289,-0.8429402853,0.184993201,,,,
27474,0.0,-1178.07605,-630.565125,-105.076248,0.40086219,-0.9005397006,0.168338208,,,,
27475,0.0,-1178.894775,-635.392212,-104.873344,0.2792306021,-0.9487636995,0.1479111674,,,,
27476,0.0,-1179.366699,-638.619141,-104.896851,0.2435388967,-0.9598510956,0.1391929596,,,,
27477,0.0,-1179.724243,-643.159668,-104.982704,0.2255489698,-0.9649523692,0.1341439052,,,,
27478,0.0,-1179.860229,-647.223267,-105.042984,0.2248150276,-0.9651553226,0.1339156696,,,,
27479,0.0,-1179.899902,-650.391602,-105.014587,0.2248150276,-0.9651553226,0.1339156696,,,,
27480,0.0,-1179.877441,-654.47583,-105.062569,0.2265026332,-0.9647606701,0.1339156696,,,,
27481,0.0,-1179.793823,-658.368713,-105.202576,0.2266652706,-0.9647224723,0.1339156696,,,,
27482,0.0,-1179.672363,-661.347961,-105.267494,0.2266652706,-0.9647224723,0.1339156696,,,,
27483,0.0,-1179.455688,-665.663696,-105.531494,0.2266652706,-0.9647224723,0.1339156696,,,,
27484,0.0,-1179.359131,-668.525208,-105.340729,0.2258286444,-0.9649186605,0.1339156523,,,,
27485,0.0,-1179.156738,-671.578003,-105.336685,0.2201915724,-0.966517563,0.1317553488,,,,
27486,0.0,-1178.82959,-675.909424,-105.299057,0.2111586718,-0.969002012,0.1282463098,,,,
27487,0.0,-1178.47998,-679.190369,-105.255302,0.2080436853,-0.9698864499,0.1266416173,,,,
27488,0.0,-1178.359253,-680.625122,-105.120674,0.2030403073,-0.9711055682,0.125413751,,,,
27489,0.0,-1178.378418,-681.423462,-105.05127,0.1831977093,-0.9753338811,0.1231357775,,,,
27490,0.0,-1178.346924,-682.470642,-104.88607,0.1337756795,-0.9836257448,0.1207661444,,,,
27491,0.0,-1178.277344,-683.569458,-104.701416,0.0640732862,-0.9908488059,0.1187992334,,,,
27492,0.0,-1178.024536,-685.114807,-104.48661,0.0227434052,-0.9931504888,0.1146073479,,,,
27493,0.0,-1177.491821,-686.835144,-104.549667,0.0140631375,-0.9934840214,0.1131005192,,,,
27494,0.0,-1176.923828,-688.241943,-104.450783,0.0137169946,-0.9935019843,0.1129851814,,,,
27495,0.0,-1176.218872,-689.988831,-105.646034,0.0145052972,-0.9935799791,0.1121981352,,,,
27496,0.0,-1175.592529,-690.867493,-105.814392,0.0117835864,-0.9936346696,0.1120325418,,,,
27497,0.0,-1174.939575,-691.862732,-106.068466,-0.0107793407,-0.994402405,0.1051078623,,,,
27498,0.0,-1174.774536,-692.304688,-106.269081,-0.0568337902,-0.9942388071,0.0908796723,,,,
27499,0.0,-1174.376343,-692.943359,-106.428101,-0.089964889,-0.9924398176,0.0834836939,,,,
27500,0.0,-1173.869629,-693.738525,-106.454857,-0.0911915005,-0.9923341365,0.0834090631,,,,
28015,0.0,-1094.110474,595.07489,-15.331852,0.9402611448,0.332368867,0.0737557846,,,,
28016,0.0,-1094.427612,596.01178,-27.4776,0.9402611448,0.332368867,0.0737557846,,,,
28017,0.0,-1094.286499,596.714386,-26.693451,0.9402611448,0.332368867,0.0737557846,,,,
28018,0.0,-1094.786743,599.466248,-24.689819,0.9402611448,0.332368867,0.0737557846,,,,
28019,0.0,-1095.051025,600.127625,-24.151489,0.9402611448,0.332368867,0.0737557846,,,,
28020,0.0,-1098.102417,607.458069,-21.53949,0.9402611448,0.332368867,0.0737557846,,,,
28021,0.0,-1099.333252,610.052734,-20.218384,0.9402611448,0.332368867,0.0737557846,,,,
28022,0.0,-1100.536377,612.813049,-18.878052,0.9402611448,0.332368867,0.0737557846,,,,
28023,0.0,-1101.77356,615.467712,-17.506884,0.9402611448,0.332368867,0.0737557846,,,,
28024,0.0,-1102.962158,618.351624,-17.46277,0.9402611448,0.332368867,0.0737557846,,,,
28025,0.0,-1104.077515,621.104614,-17.333738,0.9402611448,0.332368867,0.0737557846,,,,
28026,0.0,-1105.357422,624.742859,-17.15943,0.9402611448,0.332368867,0.0737557846,,,,
28027,0.0,-1106.665771,627.734314,-17.132586,0.9402611448,0.332368867,0.0737557846,,,,
28028,0.0,-1107.500977,629.863586,-17.072359,0.9402611448,0.332368867,0.0737557846,,,,
28029,0.0,-1108.86438,633.972961,-16.756279,0.9409232811,0.3296031633,0.0776217351,,,,
28030,0.0,-1110.054443,637.008972,-16.637957,0.9434346305,0.3225758183,0.0766546759,,,,
28031,0.0,-1111.277588,640.273682,-16.533207,0.9343255844,0.3482874337,0.0757071058,,,,
28032,0.0,-1112.45874,643.643066,-16.509981,0.8956816937,0.438365864,0.0747641143,,,,
28033,0.0,-1113.700073,647.061707,-16.526653,0.8224888376,0.5638530363,0.0747118835,,,,
28034,0.0,-1114.841309,650.799316,-16.690994,0.6844736058,0.7249070095,0.0774965195,,,,
28035,0.0,-1117.504028,655.353821,-16.907026,0.464545411,0.8817959439,0.0814461444,,,,
28036,0.0,-1121.007202,660.16095,-17.153122,0.1708292846,0.9818462769,0.0824332706,,,,
28037,0.0,-1124.835815,663.769714,-17.352978,-0.0906944813,0.9923851443,0.0833440846,,,,
28038,0.0,-1128.877319,667.005066,-17.906107,-0.3130642815,0.9460621987,0.0834090631,,,,
28039,0.0,-1133.158081,669.390198,-18.320391,-0.511933047,0.8549663657,0.0834090457,,,,
28040,0.0,-1137.063965,671.131165,-18.542915,-0.651429255,0.7541932571,0.082658676,,,,
28041,0.0,-1140.227417,672.694153,-18.696318,-0.7197847948,0.6896191828,0.0795941699,,,,
28042,0.0,-1143.08252,674.322266,-18.992737,-0.7504130051,0.6572376666,0.0701353794,,,,
28043,0.0,-1146.424194,676.417908,-19.410669,-0.7565654402,0.6504702279,0.0670612953,,,,
28044,0.0,-1148.969849,677.860901,-19.690529,-0.7565654402,0.6504702279,0.0670612953,,,,
28045,0.0,-1151.421265,679.28302,-19.676014,-0.7565654402,0.6504702279,0.0670612953,,,,
28046,0.0,-1154.263672,680.992126,-19.595362,-0.7565654402,0.6504702279,0.0670612953,,,,
28047,0.0,-1156.761597,682.549255,-19.439041,-0.7565654402,0.6504702279,0.0670612953,,,,
28048,0.0,-1159.40271,684.244141,-19.18092,-0.7565654402,0.6504702279,0.0670612953,,,,
28049,0.0,-1161.413208,685.569397,-18.974962,-0.7565654402,0.6504702279,0.0670612953,,,,
28050,0.0,-1164.077759,687.362183,-18.607988,-0.7565654402,0.6504702279,0.0670612953,,,,
28051,0.0,-1166.625,689.341125,-18.207222,-0.7447996047,0.6641538395,0.0646005127,,,,
28180,0.0,-1475.750732,730.362122,15.701279,-0.890746452,-0.4414283552,0.1082209106,,,,
28181,0.0,-1476.241943,730.118774,15.701279,-0.890746452,-0.4414283552,0.1082209106,,,,
28182,0.0,-1476.2753295,730.102264,15.701279,-0.890746452,-0.4414283552,0.1082209106,,,,
28183,0.0,-1476.70874,729.887451,15.701279,-0.890746452,-0.4414283552,0.1082209106,,,,
28184,0.0,-1479.334717,730.716797,15.701091,-0.8606747693,-0.4957709028,0.1159747965,,,,
28185,0.0,-1482.182983,730.991333,15.700749,-0.8318072004,-0.5414160717,0.122333228,,,,
28186,0.0,-1486.480347,731.263,15.700939,-0.7901804323,-0.5985247416,0.1318446741,,,,
28187,0.0,-1490.161255,731.606384,15.701037,-0.7559402618,-0.6395343338,0.139821874,,,,
28188,0.0,-1493.667236,732.055176,15.701066,-0.7211170961,-0.6769004276,0.1476344972,,,,
28189,0.0,-1497.116699,732.467834,15.701219,-0.6972129569,-0.7005199304,0.1522035472,,,,
28190,0.0,-1500.368774,732.825745,15.701235,-0.6798765654,-0.7167232544,0.1551632442,,,,
28191,0.0,-1503.812012,733.167419,15.701268,-0.6659850664,-0.7293484245,0.1565719226,,,,
28192,0.0,-1507.842896,733.504944,15.701275,-0.6521138474,-0.7413437132,0.158609675,,,,
28193,0.0,-1511.205933,733.72229,15.701277,-0.6407222041,-0.7510070389,0.1595728192,,,,
28194,0.0,-1514.471191,733.881165,15.701275,-0.6301328852,-0.7597230958,0.160478549,,,,
28195,0.0,-1517.983521,733.999756,15.701274,-0.6193145762,-0.7681758682,0.162343128,,,,
28196,0.0,-1521.243774,734.040833,15.701273,-0.6066474392,-0.7780175547,0.1633020795,,,,
28197,0.0,-1524.541748,734.025696,15.701271,-0.5928391412,-0.7884001042,0.1642164071,,,,
28198,0.0,-1527.677979,733.953003,15.701267,-0.5782605482,-0.7989751183,0.1650863371,,,,
28199,0.0,-1530.916748,733.824768,15.701265,-0.5627115812,-0.809817527,0.1659856903,,,,
28200,0.0,-1535.116211,733.556885,15.701277,-0.5384145027,-0.8259353488,0.1671544881,,,,
28201,0.0,-1537.542603,733.368408,15.701251,-0.5267827224,-0.8331357108,0.1684780423,,,,
28202,0.0,-1541.045898,733.023315,15.701265,-0.5094556896,-0.84358756,0.169749607,,,,
28203,0.0,-1545.295776,732.511902,15.701276,-0.4869629709,-0.8563486417,0.1718547899,,,,
28204,0.0,-1548.39502,732.062927,15.701264,-0.4686293239,-0.8661710641,0.1735921784,,,,
28205,0.0,-1551.381226,731.587585,15.701256,-0.4526508636,-0.8742926235,0.1752700891,,,,
28206,0.0,-1555.040894,731.072327,15.701235,-0.4230896376,-0.8882293927,0.1790075544,,,,
28207,0.0,-1558.535278,730.748535,15.701258,-0.3960451763,-0.8998136207,0.1829854268,,,,
28208,0.0,-1561.792725,730.489502,15.701216,-0.3548714004,-0.9155325743,0.1893842513,,,,
28209,0.0,-1564.817383,730.393433,15.701222,-0.3291683923,-0.9241619284,0.1938373017,,,,
28210,0.0,-1567.943115,730.349365,15.701178,-0.2989262955,-0.9332778841,0.1990865662,,,,
28211,0.0,-1571.096558,730.355896,15.70118,-0.2659406302,-0.9421988929,0.2038058573,,,,
28212,0.0,-1574.159302,730.418701,15.701199,-0.2366034874,-0.9491828282,0.2075349328,,,,
28213,0.0,-1578.334961,730.587708,15.701276,-0.2033626711,-0.9560112356,0.2113909683,,,,
28214,0.0,-1580.862793,730.711975,15.701264,-0.1841526846,-0.9597319392,0.2121376759,,,,
28215,0.0,-1584.638916,730.927246,15.701268,-0.1559982856,-0.9642782068,0.2140842701,,,,
28216,0.0,-1587.999878,731.1297,15.701276,-0.1310760617,-0.9677497322,0.2151267576,,,,
28217,0.0,-1590.405762,731.273987,15.701248,-0.1138092094,-0.9696332884,0.2164688197,,,,
28218,0.0,-1594.560181,731.544556,15.701277,-0.0877021475,-0.9720115335,0.2179493339,,,,
28219,0.0,-1596.802246,731.681702,15.701266,-0.0747800061,-0.9729466796,0.2185925648,,,,
28220,0.0,-1601.016846,732.019226,15.701279,-0.0532926162,-0.974287676,0.2189141872,,,,
28221,0.0,-1604.216064,732.24469,15.701274,-0.0287420876,-0.9751230529,0.2197929117,,,,
28222,0.0,-1610.384888,732.636597,15.701268,0.0166197268,-0.9752127871,0.2206440678,,,,
28223,0.0,-1613.483276,732.802673,15.701279,0.0340430642,-0.9747282602,0.2207847107,,,,
28224,0.0,-1616.645508,732.940002,15.701289,0.0532969475,-0.974028954,0.2200614283,,,,
28225,0.0,-1618.645691,733.006073,15.701284,0.0635958712,-0.9734852765,0.2194887018,,,,
28226,0.0,-1622.961792,733.106201,15.701287,0.0831174986,-0.9723454424,0.2182563218,,,,
28227,0.0,-1627.205322,733.170044,15.701279,0.1028184902,-0.9707316796,0.2170446137,,,,
28228,0.0,-1630.378296,733.15094,15.70128,0.1135983548,-0.9697306143,0.2161433538,,,,
28229,0.0,-1633.616089,733.077087,15.701279,0.1201334237,-0.9689508892,0.2161067673,,,,
28230,0.0,-1636.901245,732.971069,15.701279,0.1274458267,-0.9680162211,0.2161068184,,,,
28231,0.0,-1640.094238,732.834351,15.701281,0.1346313339,-0.9672298051,0.2152693849,,,,
28232,0.0,-1643.432861,732.667053,15.701282,0.1439259483,-0.9661011328,0.2143220071,,,,
28233,0.0,-1646.915405,732.495239,15.701282,0.160135351,-0.9639689814,0.2124158003,,,,
28234,0.0,-1649.328613,732.390869,15.701307,0.1778474884,-0.961166917,0.2110176024,,,,
28235,0.0,-1652.72168,732.14801,15.701303,0.2016391786,-0.9568911715,0.2090476679,0.1498747133,681.3018979545,1293.8229388794,1.0
28236,0.0,-1656.363281,731.792175,15.701279,0.2215206494,-0.9525805449,0.2086118584,0.1427702153,668.3207920075,1297.8764298396,1.0
28237,0.0,-1659.809204,731.409424,15.701279,0.2380614703,-0.9485820096,0.2086118584,0.1374446589,658.4869833276,1301.4535361653,1.0
28238,0.0,-1662.859619,731.027527,15.701279,0.2484577563,-0.9459121676,0.2086118754,0.1342438177,652.9154895672,1304.6150371379,1.0
28239,0.0,-1666.136963,730.538696,15.701279,0.2537109107,-0.9445167369,0.2086118584,0.1324914751,650.4544550454,1307.650332165,1.0
28240,0.0,-1669.291504,730.00946,15.701279,0.2557655182,-0.9439624459,0.2086118413,0.1312737791,649.3624925022,1311.0684496564,1.0
28241,0.0,-1672.550659,729.414734,15.701279,0.2560518289,-0.94388482,0.2086118584,0.1308472558,649.9495538428,1314.2407958209,1.0
28242,0.0,-1675.8573,728.775085,15.701279,0.2560518289,-0.94388482,0.2086118584,0.1304353272,650.5582297759,1317.4019826194,1.0
28243,0.0,-1679.044189,728.129517,15.701279,0.2560518289,-0.94388482,0.2086118584,0.129834658,650.7439746585,1320.6107683545,1.0
28244,0.0,-1682.098389,727.484985,15.701279,0.2560518289,-0.94388482,0.2086118584,0.1296507,651.5483570241,1323.1158141918,1.0
28245,0.0,-1685.525757,726.73468,15.701279,0.2560518289,-0.94388482,0.2086118584,0.1290094437,651.801903227,1326.6888380888,1.0
28246,0.0,-1688.994385,725.941956,15.701279,0.2545211503,-0.9442987221,0.2086118584,0.1289165749,653.1253338446,1329.828311802,1.0
28247,0.0,-1692.265381,725.124817,15.701292,0.2443100416,-0.9464734464,0.210951698,0.1324223922,662.7148598749,1332.6210378426,1.0
28248,0.0,-1695.907837,724.062927,15.701367,0.2041570631,-0.9543511219,0.2180225442,0.146849107,696.960272729,1336.0323596008,1.0
28249,0.0,-1699.752563,722.922241,15.701326,0.1449437465,-0.9635002752,0.2250744988,,,,
28250,0.0,-1703.70813,721.803955,15.701338,0.060644746,-0.9704474423,0.233567927,,,,
28251,0.0,-1707.841064,720.917786,15.701282,-0.021184096,-0.9702019704,0.2413697802,,,,
28252,0.0,-1710.737549,720.500488,15.701489,-0.0867160883,-0.9650845559,0.2471682018,,,,
28253,0.0,-1715.060059,720.094543,15.701407,-0.1803099852,-0.9497752291,0.2557641949,,,,
28254,0.0,-1719.452515,719.964233,15.701349,-0.2716891767,-0.9249336449,0.2658622648,,,,
28255,0.0,-1723.564575,720.049561,15.701289,-0.3389931092,-0.8995267802,0.2755635019,,,,
28256,0.0,-1727.51062,720.195679,15.701279,-0.384148401,-0.8777144223,0.2864391715,,,,
28257,0.0,-1731.088745,720.408508,15.701279,-0.4052530826,-0.865210315,0.2952643729,,,,
28258,0.0,-1734.427734,720.72345,15.701279,-0.4092478465,-0.8622650087,0.2983542442,,,,
28259,0.0,-1737.737549,721.137268,15.701279,-0.4095345836,-0.8620360245,0.2986223658,,,,
28260,0.0,-1742.969604,721.849792,15.701279,-0.4041095091,-0.8645924978,0.2986223658,,,,
28261,0.0,-1745.045654,721.9872435,15.7012785,-0.3962055189,-0.8680775412,0.2989779662,,,,
28262,0.0,-1747.121704,722.124695,15.701278,-0.3883015287,-0.8715625845,0.2993335667,,,,
28263,0.0,-1752.906494,722.107117,15.701276,-0.3660323847,-0.8803681098,0.3016161213,,,,
28264,0.0,-1756.099365,721.675781,15.701275,-0.3490017346,-0.8865370248,0.3037266746,,,,
28265,0.0,-1758.991089,720.986145,15.701275,-0.3290541664,-0.893450213,0.3057287564,,,,
28266,0.0,-1760.3565675,720.5313415,15.7012765,-0.3208273982,-0.8962030654,0.3062911555,,,,
28267,0.0,-1763.52124,719.287231,15.701279,-0.2954992695,-0.9046931307,0.3069373241,,,,
28268,0.0,-1764.883667,718.536163,15.7012805,-0.2783855784,-0.910069795,0.3065166784,,,,
28269,0.0,-1768.006226,716.551819,15.701285,-0.2379991181,-0.9220280972,0.3053205002,,,,
28270,0.0,-1769.121094,715.544159,15.7012825,-0.2118482989,-0.928490384,0.3038058334,,,,
28271,0.0,-1771.595459,713.022095,15.701303,-0.1401692079,-0.9433558534,0.3007196818,,,,
28272,0.0,-1772.767212,711.555603,15.701329,-0.0948996858,-0.9494422396,0.2992548801,,,,
28273,0.0,-1774.136719,709.502197,15.701279,-0.0191752912,-0.9541786892,0.2986223991,,,,
28274,0.0,-1775.134277,707.634705,15.701279,0.076518885,-0.9512988715,0.2986223658,,,,
28275,0.0,-1775.430908,707.089844,15.701245,0.1039681161,-0.948636242,0.2987974417,,,,
28276,0.0,-1777.055786,703.604797,15.701181,0.2164929863,-0.927899999,0.3035331592,,,,
28277,0.0,-1777.770508,700.736389,15.701229,0.2858084455,-0.9072701747,0.308503424,0.1450562827,743.0133695983,1432.3956326354,1.0
28278,0.0,-1778.255005,698.66803,15.7012,0.3145742703,-0.8966826684,0.3114534005,0.1392402208,729.2829579839,1432.7438676728,1.0
28279,0.0,-1778.816284,695.679565,15.701251,0.3486906296,-0.8827860201,0.3148073817,0.133251249,715.3099663382,1434.2197450109,1.0
28280,0.0,-1779.112305,693.342041,15.701249,0.3708919541,-0.8730781007,0.3165024305,0.1299932331,707.5664118671,1435.1101866531,1.0
28281,0.0,-1779.353516,690.014099,15.701277,0.4005676548,-0.8590365483,0.318750314,0.1266281366,699.4137235429,1436.0086137618,1.0
28282,0.0,-1779.395508,687.85907,15.701258,0.4145986076,-0.8518211566,0.3201698169,0.1256271103,697.106820896,1436.5794512387,1.0
28283,0.0,-1779.380859,684.961365,15.701275,0.4251883596,-0.8461467293,0.3213262693,0.1251083009,696.1059552437,1437.2893018487,1.0
28284,0.0,-1779.243164,681.885925,15.701279,0.426714079,-0.8453122816,0.3214999867,0.1251943335,696.592979918,1437.8336006826,1.0
28285,0.0,-1778.956787,678.603455,15.701279,0.426714079,-0.8453122816,0.3214999867,0.125316537,697.1492154695,1438.3268121576,1.0
28286,0.0,-1778.671387,676.332458,15.701279,0.426714079,-0.8453122816,0.3214999867,0.1253443856,697.3446935527,1438.5809637569,1.0
28287,0.0,-1778.144775,672.948486,15.701279,0.426714079,-0.8453122816,0.3214999867,0.1253605457,697.4723793472,1438.7578302676,1.0
28288,0.0,-1777.716553,670.632935,15.701279,0.426714079,-0.8453122816,0.3214999867,0.1253574687,697.553687921,1438.9420338947,1.0
28289,0.0,-1777.040039,669.074036,19.258488,0.426714079,-0.8453122816,0.3214999867,0.1263495219,701.3324221829,1441.4275749816,1.0
28290,0.0,-1776.352295,668.947571,23.930592,0.426714079,-0.8453122816,0.3214999867,0.127552935,706.145518632,1444.9213384867,1.0
28291,0.0,-1775.577271,668.855591,28.211411,0.426714079,-0.8453122816,0.3214999867,0.1286755877,710.7581657062,1448.4357522271,1.0
28292,0.0,-1774.776245,668.763123,32.079967,0.426714079,-0.8453122816,0.3214999867,0.1296156529,714.7896054901,1451.7240536062,1.0
28293,0.0,-1773.8573,668.685242,36.001064,0.428906782,-0.8442018432,0.3214999536,0.1304602868,718.6695072867,1455.2000682222,1.0
28294,0.0,-1773.136719,668.645569,38.775539,0.4324213685,-0.8424069792,0.3214999867,0.130733868,720.6281138595,1457.7450562167,1.0
28295,0.0,-1772.162842,668.551575,42.248096,0.4362281886,-0.8404419952,0.3214999536,0.131191069,723.4708081185,1461.1218194865,1.0
28296,0.0,-1771.085571,668.391907,45.863319,0.4372162877,-0.8399283757,0.3214999867,0.1320041124,727.3399679833,1464.7238885749,1.0
28297,0.0,-1770.007202,668.229248,49.264664,0.4372162877,-0.8399283757,0.3214999867,0.1326962763,731.1808146213,1468.8854800606,1.0
28298,0.0,-1769.780029,668.095337,50.806461,0.4348924391,-0.8413952715,0.3208154664,0.1328722938,732.8678609552,1471.3684813666,1.0
28299,0.0,-1770.143311,667.860535,51.572639,0.4286631483,-0.845107513,0.3194388779,0.1327669158,734.2676737518,1474.7221677537,1.0
28300,0.0,-1771.073975,667.364807,51.764778,0.4160467819,-0.852505801,0.3164473645,0.1324503383,735.2190217973,1478.27121085,1.0
28301,0.0,-1771.777344,666.79364,51.791477,0.4026185121,-0.8596877628,0.3143807949,0.1328029058,737.8890368569,1481.8088613363,1.0
28302,0.0,-1772.306519,666.247864,51.657703,0.3889829684,-0.8664810443,0.3128943114,0.1337341515,741.5389772767,1484.3149646932,1.0
28303,0.0,-1772.9104,665.347351,51.276058,0.3746726871,-0.8729388517,0.3124070081,0.1353334826,747.0092190646,1487.0403275124,1.0
28304,0.0,-1773.752197,663.886902,50.120548,0.3693273272,-0.8752138067,0.3124069749,0.135423513,749.4647467822,1491.4684467104,1.0
28305,0.0,-1774.262207,662.997314,49.053066,0.3693273272,-0.8752138067,0.3124069749,0.1348457551,749.3449225717,1494.1897491094,1.0
28306,0.0,-1774.723755,662.195862,47.868504,0.3693273272,-0.8752138067,0.3124069749,0.1343517152,749.0499595508,1496.1470849435,1.0
28307,0.0,-1774.953308,661.799164,47.1762165,0.3693273272,-0.8752138067,0.3124069749,0.1339833006,748.7621755046,1497.4825284303,1.0
28308,0.0,-1775.182861,661.402466,46.483929,0.3693273272,-0.8752138067,0.3124069749,0.1336148861,748.4743914583,1498.8179719171,1.0
28309,0.0,-1776.169189,659.935059,43.108177,0.3668577494,-0.8762518442,0.3124069417,0.1320038136,746.4273834883,1503.1638817071,1.0
28310,0.0,-1776.404907,659.57901,42.1336705,0.3668331245,-0.8762621471,0.3124069583,0.1314777072,745.5477369997,1504.1868884006,1.0
28311,0.0,-1777.009155,658.605591,40.109844,0.3668084996,-0.87627245,0.3124069749,0.1303014308,743.6746577378,1506.6854424151,1.0
28312,0.0,-1777.608765,657.531921,39.624489,0.3662044783,-0.8765250611,0.3124069417,0.1298217412,743.5173026767,1508.9535212141,1.0
28313,0.0,-1778.279297,656.233765,39.701275,0.3667281784,-0.876563868,0.3116828973,0.1290293175,742.5387045382,1511.2677157435,1.0
28314,0.0,-1778.95166,654.775146,39.701279,0.3720152337,-0.8746751084,0.3107219346,0.1272710134,738.9331635971,1513.5714975864,1.0
28315,0.0,-1779.602905,653.238708,39.701279,0.3808355108,-0.8711955833,0.3098105379,0.1250252848,733.8735970442,1515.7397116863,1.0
28316,0.0,-1780.297607,651.476868,39.701279,0.3970598891,-0.8645729786,0.3079886512,0.121532414,725.0029632309,1517.3713045927,1.0
28317,0.0,-1780.790771,650.174377,39.701294,0.4101520915,-0.8591446821,0.3060158116,0.1186318718,717.6572593586,1519.0759904296,1.0
28318,0.0,-1781.453979,648.196228,39.701332,0.4458716143,-0.8428301731,0.3013897856,0.1125331216,701.0810333086,1521.207175718,1.0
28319,0.0,-1781.966919,646.352295,39.701347,0.5074543775,-0.8097417388,0.2946326038,0.106590933,684.2539561984,1523.1229395951,1.0
28320,0.0,-1782.325806,645.047913,39.701473,0.5568614198,-0.7782535504,0.2902184875,0.106096695,683.3847124468,1524.528089188,1.0
28321,0.0,-1782.87207,643.175598,39.701393,0.6322080121,-0.7202773682,0.2855057657,0.1115647707,700.0673890357,1525.1946113391,1.0
28322,0.0,-1783.441284,641.404297,39.701328,0.702799197,-0.6525673302,0.283247539,0.1300031043,752.8237527717,1526.848719062,1.0
28323,0.0,-1784.11377,639.444153,39.701283,0.7708931777,-0.5715281148,0.2812104596,,,,
28324,0.0,-1784.531372,637.842896,39.701427,0.8001762167,-0.5312100706,0.2784490675,,,,
28325,0.0,-1785.026611,635.318481,39.701435,0.8306574798,-0.4861753639,0.2713699815,,,,
28326,0.0,-1785.095825,632.472717,39.701302,0.8474298842,-0.4642457256,0.257562609,,,,
28327,0.0,-1784.912842,630.537781,39.701317,0.8523507255,-0.4638486021,0.241542367,,,,
28328,0.0,-1784.377441,627.640808,39.701279,0.8561219708,-0.464067971,0.2273677406,,,,
28329,0.0,-1783.608398,625.015442,39.701275,0.8563679337,-0.464091424,0.2263915023,,,,
28330,0.0,-1782.865234,622.55127,39.5075,0.8563679337,-0.464091424,0.2263915023,,,,
28331,0.0,-1782.199585,620.346985,39.155991,0.8563679337,-0.464091424,0.2263915023,,,,
28332,0.0,-1781.577881,618.289673,38.686302,0.8563679337,-0.464091424,0.2263915023,,,,
28333,0.0,-1780.716675,615.440125,37.81028,0.8563679337,-0.464091424,0.2263915023,,,,
28334,0.0,-1779.949585,612.907593,36.806152,0.8563679337,-0.464091424,0.2263915023,,,,
28335,0.0,-1779.410645,611.128784,35.966957,0.8563679337,-0.464091424,0.2263915023,,,,
28336,0.0,-1778.634888,608.571594,34.583477,0.8563679337,-0.464091424,0.2263915023,,,,
28337,0.0,-1777.881226,606.089844,33.03495,0.8563679337,-0.464091424,0.2263915023,,,,
28338,0.0,-1777.106567,603.541077,31.233246,0.8563679337,-0.464091424,0.2263915023,,,,
28339,0.0,-1776.2854,600.840149,29.093456,0.8563679337,-0.464091424,0.2263915023,,,,
28340,0.0,-1775.523804,598.338196,26.894863,0.8563679337,-0.464091424,0.2263915023,,,,
28341,0.0,-1774.928345,596.378723,25.080799,0.8523930459,-0.4706841248,0.2277774132,,,,
28342,0.0,-1774.159302,593.838623,22.541302,0.8484107985,-0.477220518,0.2290408132,,,,
28343,0.0,-1773.360229,591.202393,19.641033,0.8470510369,-0.4791384034,0.2300672319,,,,
28344,0.0,-1772.5979,588.732727,16.540003,0.855149399,-0.4653316135,0.2284425418,,,,
28345,0.0,-1771.689331,585.800598,12.291266,0.8771239332,-0.4244468687,0.2247186274,,,,
28346,0.0,-1771.129883,583.9707945,9.5215915,0.8842692768,-0.4100422944,0.2228703643,,,,
28347,0.0,-1769.910645,580.007935,3.491965,0.8925750261,-0.3935443596,0.2200742144,,,,
28348,0.0,-1769.134521,577.502563,-0.498995,0.8927120793,-0.3933590346,0.2198495245,,,,
28349,0.0,-1768.701538,576.102539,-2.8490505,0.892894007,-0.3934393284,0.2189633814,,,,
28350,0.0,-1768.268555,574.702515,-5.199106,0.8930759347,-0.3935196221,0.2180772382,,,,
28351,0.0,-1766.912231,570.311584,-13.108347,0.8939513603,-0.3939052526,0.2137512977,,,,
28352,0.0,-1766.118164,567.735657,-18.045015,0.8941952794,-0.3940128434,0.2125292487,,,,
28353,0.0,-1765.380371,565.339905,-22.834909,0.8943791539,-0.3940938835,0.211603261,,,,
28354,0.0,-1764.550903,562.64209,-28.455584,0.894414772,-0.3941092984,0.2114239259,,,,
28355,0.0,-1763.98291,560.79187,-32.455357,0.8945416344,-0.3941654779,0.2107814989,,,,
28356,0.0,-1763.181885,558.176025,-38.305645,0.8947408894,-0.3942532764,0.2097691467,,,,
28357,0.0,-1762.397949,555.608704,-44.27021,0.8947841122,-0.3942720421,0.2095493958,,,,
28358,0.0,-1761.583618,552.933777,-50.717632,0.8949549325,-0.3943475911,0.2086759361,,,,
28359,0.0,-1761.01062,551.049744,-55.423885,0.8953671667,-0.3937984389,0.2079433249,,,,
28360,0.0,-1760.781982,550.29718,-57.327694,0.8955754949,-0.3934917857,0.2076264618,,,,
28361,0.0,-1759.476562,546.001282,-68.693024,0.8977000987,-0.3895917046,0.205798048,,,,
28362,0.0,-1758.72168,543.497681,-75.546387,0.897767956,-0.389435301,0.205798065,,,,
28363,0.0,-1757.956665,540.95575,-82.716599,0.8979319548,-0.3895065897,0.2049458982,,,,
28364,0.0,-1757.730103,540.203064,-84.871231,0.8981104144,-0.3893580892,0.2044454987,,,,
28365,0.0,-1756.627075,536.543579,-95.787605,0.9005915541,-0.3865628654,0.1987561415,,,,
28366,0.0,-1755.806152,533.817993,-101.599831,0.9029797622,-0.3838235968,0.193150189,,,,
28367,0.0,-1755.191406,532.210815,-102.31562,0.9043081495,-0.3826080906,0.1893087946,,,,
28368,0.0,-1754.222534,530.282227,-102.243835,0.9058112326,-0.3818549347,0.1835560397,,,,
28369,0.0,-1753.004517,528.345093,-102.661705,0.9075621858,-0.3805993789,0.1774119267,,,,
28370,0.0,-1751.704224,526.610413,-103.124794,0.9092235444,-0.379239822,0.1717256643,,,,
28371,0.0,-1750.223022,524.906982,-103.654457,0.9116619187,-0.3763303492,0.1650697257,,,,
28372,0.0,-1749.690186,524.328369,-103.845238,0.9125309624,-0.3752418211,0.1627292792,,,,
28373,0.0,-1746.772339,521.593628,-104.29863,0.9168199421,-0.3688467576,0.1529485636,,,,
28374,0.0,-1745.425781,520.486267,-104.299438,0.9194279273,-0.3646086067,0.1473528093,,,,
28375,0.0,-1743.646118,519.102966,-104.298714,0.9219583041,-0.3602665987,0.1421297414,,,,
28376,0.0,-1741.459351,517.518982,-104.315529,0.9244470294,-0.3564329097,0.1354742439,,,,
28377,0.0,-1738.979858,515.847107,-104.350311,0.9268132584,-0.3525216597,0.1294050362,,,,
28378,0.0,-1736.729858,514.436096,-104.380447,0.9291066279,-0.3482177687,0.1245201171,,,,
28379,0.0,-1736.063721,514.02948,-104.38913,0.9297402691,-0.3469368573,0.123360646,,,,
28380,0.0,-1732.545898,511.999878,-104.432373,0.9324671588,-0.3410585923,0.1190967442,,,,
28381,0.0,-1730.49353,510.854492,-104.456345,0.9330637689,-0.3397762146,0.118085254,,,,
28382,0.0,-1727.591064,509.283508,-104.489151,0.933217276,-0.3394719335,0.1177468559,,,,
28383,0.0,-1725.175293,508.023041,-104.515884,0.9335598242,-0.3387910813,0.1169899905,,,,
28384,0.0,-1722.5271,506.696503,-104.544182,0.9343578159,-0.3371948943,0.1152175127,,,,
28385,0.0,-1721.733154,506.30426,-104.552559,0.934633379,-0.33667348,0.114505086,,,,
28386,0.0,-1717.325073,504.246674,-104.597031,0.9373732038,-0.3303178721,0.1105512555,,,,
28387,0.0,-1714.04541,502.836395,-104.628548,0.9417334504,-0.3196577418,0.1046758636,,,,
28388,0.0,-1711.837769,501.845306,-104.649559,0.9419181004,-0.3192010759,0.1044076877,,,,
28389,0.0,-1706.426025,499.478851,-104.699577,0.9419181004,-0.3192010759,0.1044076877,,,,
28390,0.0,-1703.271362,498.142822,-104.727791,0.9419181004,-0.3192010759,0.1044076877,,,,
28391,0.0,-1700.120117,496.834442,-104.755409,0.9419181004,-0.3192010759,0.1044076877,,,,
28392,0.0,-1698.5634765,496.1995545,-104.768829,0.9419181004,-0.3192010759,0.1044076877,,,,
28393,0.0,-1694.380737,494.509308,-104.804543,0.9419181004,-0.3192010759,0.1044076877,,,,
28394,0.0,-1691.584351,493.399506,-104.827995,0.9419181004,-0.3192010759,0.1044076877,,,,
28395,0.0,-1688.139282,492.050934,-104.856483,0.9419181004,-0.3192010759,0.1044076877,,,,
28396,0.0,-1684.658447,490.706116,-104.884895,0.9419181004,-0.3192010759,0.1044076877,,,,
28397,0.0,-1681.205322,489.387634,-104.912743,0.9419181004,-0.3192010759,0.1044076877,,,,
28398,0.0,-1678.231323,488.263947,-104.936485,0.9419181004,-0.3192010759,0.1044076877,,,,
28399,0.0,-1675.153076,487.110504,-104.960884,0.9419181004,-0.3192010759,0.1044076877,,,,
28400,0.0,-1672.121338,485.983032,-104.984688,0.9419181004,-0.3192010759,0.1044076877,,,,
28401,0.0,-1668.692871,484.717316,-105.011421,0.9419181004,-0.3192010759,0.1044076877,,,,
28402,0.0,-1667.658203,484.336884,-105.019447,0.9419181004,-0.3192010759,0.1044076877,,,,
28403,0.0,-1662.486816,482.449707,-105.059303,0.9419181004,-0.3192010759,0.1044076877,,,,
28404,0.0,-1660.019531,481.555328,-105.078239,0.9419181004,-0.3192010759,0.1044076877,,,,
28405,0.0,-1656.613037,480.28418,-105.06881,0.940445002,-0.3235154292,0.1044076877,,,,
28406,0.0,-1653.310303,479.055481,-105.041832,0.9389230459,-0.3276472794,0.1052177464,,,,
28407,0.0,-1650.105103,477.875916,-105.016701,0.9377293259,-0.3304705768,0.107018266,,,,
28408,0.0,-1647.477783,476.917297,-104.996101,0.9369955581,-0.33202954,0.1086080505,,,,
28409,0.0,-1644.046387,475.652527,-104.969177,0.9354669391,-0.3353823331,0.1114463843,,,,
28410,0.0,-1640.682495,474.422333,-104.942863,0.9344889957,-0.3376301023,0.1128549108,,,,
28411,0.0,-1637.535278,473.28894,-104.939064,0.9343865613,-0.3378699497,0.1129851814,,,,
28412,0.0,-1634.182495,472.132751,-104.949944,0.9361716938,-0.3328917311,0.1129851987,,,,
28413,0.0,-1631.674316,471.243744,-104.961998,0.9364979771,-0.3317446605,0.113653065,,,,
28414,0.0,-1627.991577,469.926788,-104.980827,0.9365622464,-0.3314654662,0.1139377171,,,,
28415,0.0,-1624.501221,468.67749,-104.998436,0.9365622464,-0.3314654662,0.1139377171,,,,
28416,0.0,-1622.147461,467.835632,-105.010292,0.9365622464,-0.3314654662,0.1139377171,,,,
28417,0.0,-1618.85437,466.658752,-105.026878,0.9365622464,-0.3314654662,0.1139377171,,,,
28418,0.0,-1615.708984,465.535614,-105.042717,0.9365622464,-0.3314654662,0.1139377171,,,,
28419,0.0,-1612.396851,464.353668,-105.059349,0.9365622464,-0.3314654662,0.1139377171,,,,
28420,0.0,-1609.26355,463.236298,-105.075081,0.9365622464,-0.3314654662,0.1139377171,,,,
28421,0.0,-1606.290771,462.176788,-105.090004,0.9365622464,-0.3314654662,0.1139377171,,,,
28422,0.0,-1602.505737,460.812134,-105.109062,0.9363480576,-0.3332571697,0.1104172716,,,,
28423,0.0,-1599.159058,459.564728,-105.12606,0.9350479965,-0.3390747609,0.1035062838,,,,
28424,0.0,-1596.133789,458.440887,-105.141441,0.9339075978,-0.3435656774,0.0988899594,,,,
28425,0.0,-1593.005371,457.275208,-105.157387,0.9326857653,-0.3481913066,0.0941279827,,,,
28426,0.0,-1590.812988,456.41983,-105.168762,0.9305547074,-0.3550488566,0.0894888031,,,,
28427,0.0,-1587.068604,454.85849,-105.188469,0.9231901229,-0.3758160608,0.0805126418,,,,
28428,0.0,-1583.864014,453.456329,-105.205635,0.9144727532,-0.3979524907,0.0733034711,,,,
28429,0.0,-1578.96106,451.437195,-105.232033,0.9057700093,-0.4188199123,0.0645799609,,,,
28430,0.0,-1576.493652,450.488892,-105.245323,0.9041295176,-0.422761682,0.061825364,,,,
28431,0.0,-1574.156738,449.611511,-105.257729,0.9035233872,-0.4241288202,0.0613207363,,,,
28432,0.0,-1572.126831,448.850342,-105.268364,0.903168843,-0.4249846534,0.0606142348,,,,
28433,0.0,-1570.2146,448.120392,-105.27845,0.9022161859,-0.4271373314,0.0596628356,,,,
28434,0.0,-1568.423096,447.430328,-105.287888,0.9010896372,-0.4298366292,0.0572532783,,,,
28435,0.0,-1566.52063,446.70285,-105.297905,0.9001363416,-0.4321536922,0.0547517385,,,,
28436,0.0,-1565.40564,446.288086,-105.303749,0.9000861879,-0.4322746974,0.0546208778,,,,
28437,0.0,-1563.967285,445.754425,-105.311272,0.9000861879,-0.4322746974,0.0546208778,,,,
28438,0.0,-1562.491333,445.199371,-105.313286,0.8997159685,-0.4330447271,0.0546208778,,,,
28439,0.0,-1561.584717,444.827545,-105.28492,0.8980234378,-0.4367896774,0.0526182751,,,,
28440,0.0,-1560.480957,444.377838,-105.243668,0.8960910957,-0.4410112314,0.0502975357,,,,
28441,0.0,-1559.296875,443.922333,-105.207283,0.8953625828,-0.4427519635,0.0479222725,,,,
28442,0.0,-1558.626709,443.673798,-105.186653,0.8953619009,-0.4427537462,0.0479185418,,,,
28443,0.0,-1557.78064,443.3526,-105.160469,0.8950250476,-0.4435242465,0.0470787308,,,,
28444,0.0,-1557.114868,442.962402,-105.13726,0.8879028599,-0.4582650999,0.0402692133,,,,
28445,0.0,-1556.752563,442.611755,-105.12368,0.8770287773,-0.4794609456,0.0306223022,,,,
28446,0.0,-1556.355225,442.202911,-105.119324,0.8632063256,-0.5046403782,0.0145920578,,,,
28447,0.0,-1555.992554,442.007477,-105.095436,0.8593170855,-0.5113671505,0.0088195231,,,,
28448,0.0,-1555.776978,441.944031,-105.092995,0.8596304486,-0.5108434595,0.008628539,,,,
28449,0.0,-1555.604858,441.9534,-105.09359,0.8628659437,-0.50532561,0.0104111023,,,,
28450,0.0,-1555.508057,441.946289,-105.082207,0.864459352,-0.5025268971,0.0132946016,,,,
28451,0.0,-1555.472046,441.948547,-105.075844,0.8653407633,-0.5008779554,0.017511058,,,,
28452,0.0,-1555.478516,441.953491,-105.076317,0.8654080756,-0.5007133959,0.0188403254,,,,
28453,0.0,-1555.481323,441.939819,-105.076317,0.8646194359,-0.5020613553,0.0191735881,,,,
28454,0.0,-1555.481934,441.936737,-105.076317,0.864440834,-0.5023688067,0.0191735881,,,,
28455,0.0,-1555.481934,441.936737,-105.076317,0.864440834,-0.5023688067,0.0191735881,,,,
28456,0.0,-1555.476929,441.933868,-105.076317,0.864440834,-0.5023688067,0.0191735881,,,,
28457,0.0,-1555.443481,441.914429,-105.076317,0.864440834,-0.5023688067,0.0191735881,,,,
28458,0.0,-1555.419434,441.900452,-105.076317,0.864440834,-0.5023688067,0.0191735881,,,,
28459,0.0,-1555.419556,441.900452,-105.076317,0.8644279787,-0.5023616386,0.0199262048,,,,
28460,0.0,-1555.271851,441.829956,-105.076317,0.8651617607,-0.5010250927,0.0216560452,,,,
28461,0.0,-1554.76355,441.740326,-105.056396,0.8683843347,-0.4952298423,0.0256134832,,,,
28462,0.0,-1554.07605,441.755646,-105.035698,0.8708929972,-0.4906874989,0.0277698714,,,,
28463,0.0,-1553.419312,441.819733,-105.015831,0.8716777399,-0.4892903917,0.0277998271,,,,
28464,0.0,-1552.385742,441.962189,-104.984093,0.8718683061,-0.4889507403,0.0277998271,,,,
28465,0.0,-1551.275391,442.154083,-104.949944,0.8718683061,-0.4889507403,0.0277998271,,,,
28466,0.0,-1549.912109,442.420898,-104.907997,0.8718471609,-0.488939062,0.0286552211,,,,
28467,0.0,-1548.424194,442.752075,-104.86293,0.8733946046,-0.4859528685,0.0321196855,,,,
28468,0.0,-1546.796753,443.127777,-104.813286,0.8743105989,-0.48403847,0.0358850422,,,,
28469,0.0,-1545.008789,443.55249,-104.758492,0.8747118693,-0.4830137464,0.039709777,,,,
28470,0.0,-1543.234741,443.979553,-104.703773,0.874283729,-0.4834826722,0.0432720112,,,,
28471,0.0,-1540.812866,444.572327,-104.628822,0.8732046567,-0.4852690525,0.0450285935,,,,
28472,0.0,-1533.596558,447.286255,-106.829002,0.8731875785,-0.485298219,0.0450454363,,,,
28473,0.0,-1532.294617,447.5897525,-106.7059095,0.8731875785,-0.485298219,0.0450454363,,,,
28474,0.0,-1528.862427,448.487762,-106.277405,0.8731875785,-0.485298219,0.0450454363,,,,
28475,0.0,-1526.120483,449.205444,-106.131256,0.8727873856,-0.4860175802,0.0450454363,,,,
28476,0.0,-1523.266846,449.925507,-106.106133,0.8722792085,-0.4869290412,0.0450454363,,,,
28477,0.0,-1520.719849,450.672943,-106.046425,0.8722554286,-0.4869716378,0.0450454363,,,,
28478,0.0,-1518.063843,451.408295,-106.018555,0.8722554286,-0.4869716378,0.0450454363,,,,
28479,0.0,-1515.036621,452.233673,-105.978516,0.8722554286,-0.4869716378,0.0450454363,,,,
28480,0.0,-1512.491821,452.88562,-105.921158,0.8722554286,-0.4869716378,0.0450454363,,,,
28481,0.0,-1510.005249,453.479919,-105.816566,0.8722554286,-0.4869716378,0.0450454363,,,,
28482,0.0,-1506.999512,454.210388,-105.665596,0.8722554286,-0.4869716378,0.0450454363,,,,
28483,0.0,-1504.209961,454.912628,-105.479614,0.8722554286,-0.4869716378,0.0450454363,,,,
28484,0.0,-1503.959961,454.288635,-104.298721,0.8722554286,-0.4869716378,0.0450454363,,,,
28485,0.0,-1501.126221,454.708252,-104.298721,0.8722554286,-0.4869716378,0.0450454363,,,,
28486,0.0,-1498.178467,454.976288,-104.298721,0.8722554286,-0.4869716378,0.0450454363,,,,
28487,0.0,-1494.734741,455.096191,-104.298721,0.8722554286,-0.4869716378,0.0450454363,,,,
28488,0.0,-1491.957642,455.042236,-104.298721,0.8722554286,-0.4869716378,0.0450454363,,,,
28489,0.0,-1488.985107,454.854309,-104.298721,0.8718392929,-0.4877162659,0.0450454363,,,,
28490,0.0,-1486.054321,454.508484,-104.298721,0.8685273311,-0.4936658614,0.0442073795,,,,
28491,0.0,-1482.724243,453.961304,-104.298721,0.8632868322,-0.5027843707,0.0440876621,,,,
28492,0.0,-1480.374146,453.492432,-104.298721,0.8602263294,-0.5080028955,0.0440876446,,,,
28493,0.0,-1477.298218,452.8172,-104.298721,0.8582056331,-0.5114091995,0.0440876621,,,,
28494,0.0,-1473.841431,451.963806,-104.298721,0.8574587219,-0.5126605292,0.0440876621,,,,
28495,0.0,-1470.741455,451.109833,-104.298721,0.857435789,-0.5126988856,0.0440876446,,,,
28496,0.0,-1467.805908,450.222748,-104.298721,0.857435789,-0.5126988856,0.0440876446,,,,
28497,0.0,-1465.272583,449.401337,-104.298721,0.857435789,-0.5126988856,0.0440876446,,,,
28498,0.0,-1461.563599,448.118866,-104.298721,0.857435789,-0.5126988856,0.0440876446,,,,
28499,0.0,-1458.803223,447.099976,-104.298721,0.857435789,-0.5126988856,0.0440876446,,,,
28500,0.0,-1455.994751,446.016541,-104.298721,0.857435789,-0.5126988856,0.0440876446,,,,
28501,0.0,-1452.947266,444.783813,-104.298721,0.857026526,-0.5133827163,0.0440876446,,,,
28559,0.0,-1297.825073,310.136414,-104.298721,0.8909923648,-0.4512750893,0.0498337209,,,,
28560,0.0,-1297.667358,310.056488,-104.298721,0.8909923648,-0.4512750893,0.0498337209,,,,
28561,0.0,-1297.577759,310.011169,-104.298721,0.8909923648,-0.4512750893,0.0498337209,,,,
28562,0.0,-1297.577759,310.011169,-104.298721,0.8909923648,-0.4512750893,0.0498337209,,,,
28563,0.0,-1297.577759,310.011169,-104.298721,0.8909923648,-0.4512750893,0.0498337209,,,,
28564,0.0,-1294.993896,308.438751,-104.298721,0.8909923648,-0.4512750893,0.0498337209,,,,
28565,0.0,-1292.136475,306.722626,-104.298721,0.8909923648,-0.4512750893,0.0498337209,,,,
28566,0.0,-1289.410034,305.106934,-104.298721,0.8909923648,-0.4512750893,0.0498337209,,,,
28567,0.0,-1286.482666,303.393127,-104.138153,0.8909923648,-0.4512750893,0.0498337209,,,,
28568,0.0,-1283.495605,301.664734,-103.913788,0.8909923648,-0.4512750893,0.0498337209,,,,
28569,0.0,-1280.671143,300.047882,-103.701401,0.8909923648,-0.4512750893,0.0498337209,,,,
28570,0.0,-1277.560425,298.284454,-103.468048,0.8909923648,-0.4512750893,0.0498337209,,,,
28571,0.0,-1274.482666,296.55603,-103.237335,0.8909923648,-0.4512750893,0.0498337209,,,,
28572,0.0,-1271.644653,294.976135,-103.024811,0.8909923648,-0.4512750893,0.0498337209,,,,
28573,0.0,-1268.95752,293.490509,-102.823654,0.8909923648,-0.4512750893,0.0498337209,,,,
28574,0.0,-1265.984131,291.857666,-102.601181,0.8909923648,-0.4512750893,0.0498337209,,,,
28575,0.0,-1262.925049,290.145752,-102.374603,0.8887668512,-0.4549468564,0.0558286845,,,,
28576,0.0,-1259.971436,288.458038,-102.192444,0.8846539477,-0.4622525486,0.0609095563,,,,
28577,0.0,-1256.840942,286.958588,-102.007019,0.8833765156,-0.4645117336,0.0622477388,,,,
28578,0.0,-1253.816284,285.751129,-101.828201,0.8829133305,-0.4653875241,0.0622776306,,,,
28579,0.0,-1250.725098,284.723999,-101.645782,0.8829011698,-0.4654105918,0.062277648,,,,
28580,0.0,-1247.731201,283.865631,-101.467346,0.8807303452,-0.4695056505,0.0622776306,,,,
28581,0.0,-1244.628174,283.155579,-101.283478,0.8796787032,-0.4712234876,0.0641389423,,,,
28582,0.0,-1241.712891,282.617737,-101.110428,0.8783646835,-0.4735424079,0.065062052,,,,
28583,0.0,-1238.338257,282.109436,-100.908951,0.8752436429,-0.4787423093,0.0689519165,,,,
28584,0.0,-1235.245728,281.773926,-100.724609,0.8728557668,-0.4828080906,0.0708460158,,,,
28585,0.0,-1232.484619,281.547333,-100.719116,0.8694010697,-0.4885090499,0.0741666238,,,,
28586,0.0,-1229.388916,281.381439,-100.729324,0.8659075575,-0.494212436,0.0771891829,,,,
28587,0.0,-1225.727905,281.27594,-100.733078,0.8609387813,-0.502447325,0.0795682122,,,,
28588,0.0,-1222.770142,281.282196,-100.733109,0.8581865687,-0.5069933303,0.0804585381,,,,
28589,0.0,-1219.465332,281.354156,-100.733093,0.855112846,-0.512005671,0.0814384035,,,,
28590,0.0,-1216.301514,281.462677,-100.71286,0.8503014166,-0.5198088121,0.0823790016,,,,
28591,0.0,-1212.853516,281.639709,-100.710999,0.8454375591,-0.5276710443,0.0824536389,,,,
28592,0.0,-1209.835693,281.779724,-100.680161,0.836716796,-0.5412572819,0.0833400147,,,,
28593,0.0,-1206.890869,281.967224,-100.659966,0.8293657915,-0.5523231152,0.084211403,,,,
28594,0.0,-1203.419434,282.205261,-100.636368,0.8197501954,-0.5664735329,0.0843644106,,,,
28595,0.0,-1200.188721,282.440338,-100.644096,0.8098612007,-0.5803964346,0.0852338798,,,,
28596,0.0,-1193.602661,283.062683,-100.770782,0.7962661923,-0.5987713153,0.0862152131,,,,
28597,0.0,-1190.434204,283.336426,-100.893555,0.7866979758,-0.6111553629,0.0871516916,,,,
28598,0.0,-1187.458496,283.593384,-100.834778,0.7774166082,-0.6229079716,0.0872300192,,,,
28599,0.0,-1183.95459,283.893158,-100.726723,0.7661501582,-0.6364693573,0.0889982713,,,,
28600,0.0,-1180.694092,284.157349,-100.630722,0.7549580206,-0.6496864174,0.0891400372,,,,
28601,0.0,-1177.435547,284.39389,-100.537323,0.7421463843,-0.6641611605,0.0900483042,,,,
28602,0.0,-1174.468628,284.668121,-100.45607,0.7365450592,-0.6703613083,0.0900949063,,,,
28603,0.0,-1170.787964,285.019501,-100.358978,0.7319182286,-0.675409958,0.0900949236,,,,
28604,0.0,-1167.508911,285.341736,-100.276154,0.7299535422,-0.6775328287,0.0900949063,,,,
28605,0.0,-1164.414673,285.630371,-100.200989,0.728725542,-0.6788534372,0.0900949236,,,,
28606,0.0,-1161.244385,285.869904,-100.127106,0.7263261407,-0.6814200165,0.090094941,,,,
28607,0.0,-1158.015747,286.09375,-100.054276,0.722638214,-0.6853297888,0.0900949063,,,,
28608,0.0,-1154.524048,286.316315,-99.978531,0.7178427772,-0.69035111,0.0900949063,,,,
28609,0.0,-1151.388184,286.487579,-99.913254,0.7110925854,-0.6974100392,0.0892556563,,,,
28610,0.0,-1147.905029,286.65152,-99.844345,0.701954603,-0.7067351519,0.0882335562,,,,
28611,0.0,-1144.811035,286.773376,-96.674606,0.692893705,-0.7156267932,0.0881850687,,,,
28612,0.0,-1141.72937,286.727509,-96.238533,0.6794438522,-0.7285077387,0.0873643312,,,,
28613,0.0,-1138.375,286.618652,-96.298721,0.6646650714,-0.7420318481,0.0872300366,,,,
28614,0.0,-1135.419189,286.473938,-96.298721,0.6484341633,-0.7562566097,0.0872300192,,,,
28615,0.0,-1132.005615,286.332764,-96.298721,0.6341901165,-0.7682407304,0.0872300192,,,,
28616,0.0,-1128.607544,286.182404,-96.298721,0.6216290746,-0.7784396042,0.0872300192,,,,
28617,0.0,-1125.647339,286.047241,-96.298729,0.6126327101,-0.785628634,0.0864222885,,,,
28618,0.0,-1122.019653,285.808624,-96.298721,0.597140919,-0.7975831081,0.0853458172,,,,
28619,0.0,-1118.902466,285.564941,-96.298729,0.5830355718,-0.8081425513,0.0835172959,,,,
28620,0.0,-1115.862427,285.282928,-96.298729,0.5675974499,-0.8193273098,0.0808448782,,,,
28621,0.0,-1112.335205,284.930389,-96.298721,0.5510062857,-0.8308771739,0.0776865175,,,,
28622,0.0,-1109.129761,284.628357,-96.298721,0.5424132928,-0.8367789639,0.0747581794,,,,
28623,0.0,-1106.128296,284.338806,-96.298721,0.5374228271,-0.840513355,0.0686586126,,,,
28624,0.0,-1102.877563,284.006348,-96.298721,0.5335178147,-0.8435760073,0.0611413221,,,,
28625,0.0,-1099.848267,283.697998,-96.298721,0.5331323549,-0.843875647,0.0603637682,,,,
28626,0.0,-1096.10083,283.289154,-96.298721,0.5331323549,-0.843875647,0.0603637682,,,,
28627,0.0,-1092.862061,282.864685,-96.298721,0.5331323549,-0.843875647,0.0603637682,,,,
28628,0.0,-1089.744507,282.417328,-96.298721,0.5331323549,-0.843875647,0.0603637682,,,,
28629,0.0,-1086.325073,281.904205,-96.298721,0.5331323549,-0.843875647,0.0603637682,,,,
28630,0.0,-1083.271729,281.427094,-96.298721,0.5331323549,-0.843875647,0.0603637682,,,,
28631,0.0,-1079.651001,280.841064,-96.298721,0.5331323549,-0.843875647,0.0603637682,,,,
28632,0.0,-1076.674316,280.343292,-96.298721,0.5331323549,-0.843875647,0.0603637682,,,,
28633,0.0,-1073.227661,279.751251,-96.298721,0.5331323549,-0.843875647,0.0603637682,,,,
28634,0.0,-1069.964478,279.176117,-96.298721,0.5331323549,-0.843875647,0.0603637682,,,,
28635,0.0,-1066.187134,278.49469,-96.298721,0.5331323549,-0.843875647,0.0603637682,,,,
28636,0.0,-1063.251221,277.953308,-96.298721,0.5331323549,-0.843875647,0.0603637682,,,,
28637,0.0,-1056.801147,276.71579,-96.298714,0.5288920121,-0.8461474098,0.0656338362,,,,
28638,0.0,-1055.0033565,276.347107,-96.298714,0.5245404347,-0.8486727802,0.0676926304,,,,
28639,0.0,-1050.154663,275.345917,-96.298714,0.514573336,-0.8543755862,0.0725026864,,,,
28640,0.0,-1047.121948,274.714752,-101.607727,0.5113098749,-0.8564406086,0.0712158396,,,,
28641,0.0,-1043.727539,273.994171,-103.214188,0.5078506247,-0.8585919736,0.0700540208,,,,
28642,0.0,-1040.20105,273.219757,-103.397415,0.5018913585,-0.8621732484,0.0690098105,,,,
28643,0.0,-1037.445068,272.593933,-103.616776,0.4956269911,-0.8659771126,0.0666147588,,,,
28644,0.0,-1033.708496,271.719177,-103.919647,0.4852611126,-0.8720089989,0.0642024806,,,,
28645,0.0,-1030.630737,270.897064,-104.180771,0.4662110745,-0.8825430224,0.0613599845,,,,
28646,0.0,-1027.822266,270.137909,-104.423294,0.4500908864,-0.8909905238,0.0596161092,,,,
28647,0.0,-1025.031616,269.296967,-104.674622,0.4265377795,-0.9026172304,0.057858949,,,,
28648,0.0,-1021.783691,268.280334,-104.97625,0.3982746871,-0.9154626579,0.0574925695,,,,
28649,0.0,-1018.708862,267.339539,-105.266251,0.3787758731,-0.9237533855,0.0566438052,,,,
28650,0.0,-1015.529297,266.316132,-105.552284,0.3575138913,-0.9321950267,0.0565353848,,,,
28651,0.0,-1012.70874,265.377594,-105.576302,0.3399111705,-0.9387567025,0.0565353848,,,,
28652,0.0,-1009.382874,264.251556,-105.576668,0.3226905282,-0.9448685018,0.0556267675,,,,
28653,0.0,-1006.754944,263.272247,-105.584488,0.3030817582,-0.9514787573,0.053194194,,,,
28654,0.0,-1003.43396,262.011963,-105.598808,0.2819550573,-0.9581234682,0.0500076527,,,,
28655,0.0,-1000.283386,261.010284,-105.599632,0.2655966695,-0.9629817479,0.0460929756,,,,
28656,0.0,-997.397766,260.277679,-105.59964,0.2552012136,-0.9659903251,0.0416537195,,,,
28657,0.0,-994.487549,259.671234,-105.568451,0.2464469508,-0.968410889,0.0380032971,,,,
28658,0.0,-991.112488,259.088409,-105.595062,0.2339197125,-0.9717539531,0.0312381609,,,,
28659,0.0,-988.238342,258.691162,-105.628746,0.2219894479,-0.9747052715,0.0258905147,,,,
28660,0.0,-985.174255,258.320007,-105.658432,0.2012806424,-0.9793856641,0.0170242186,,,,
28661,0.0,-981.749451,257.983856,-105.683891,0.1734460183,-0.9848230165,0.00633285,,,,
28662,0.0,-978.863525,257.795654,-105.699524,0.1556505132,-0.9878118311,-0.0008390844,,,,
28663,0.0,-975.391296,257.619141,-105.713486,0.1298093982,-0.9914853632,-0.010309931,,,,
28664,0.0,-972.279236,257.520477,-105.721954,0.1090651849,-0.9938895394,-0.0169814293,,,,
28665,0.0,-969.260742,257.477081,-105.72731,0.0944883045,-0.9952924258,-0.0215626396,,,,
28666,0.0,-966.304016,257.475494,-105.73037,0.0860361805,-0.9960127394,-0.0235881011,,,,
28667,0.0,-962.478821,257.496429,-105.732002,0.0720656747,-0.9970888742,-0.0249061351,0.0734239263,763.1850194953,2029.1677599795,1.0
28668,0.0,-959.392578,257.506805,-105.732018,0.0487917055,-0.9984979324,-0.0249248567,0.0654363479,722.3117828844,2030.1291231092,1.0
28669,0.0,-956.431885,257.512299,-105.732018,0.0176253266,-0.9995339411,-0.0249248567,0.0554210662,665.8867016318,2028.3837143706,1.0
28670,0.0,-953.506653,257.533691,-105.732018,-0.0072397643,-0.9996835384,-0.0240916774,0.0479832551,620.7788443313,2028.3845101021,1.0
28671,0.0,-950.143433,257.55542,-105.732109,-0.0371231116,-0.9990232703,-0.0239662245,0.0398233782,566.633340569,2028.0818247444,1.0
28672,0.0,-946.965881,257.573639,-105.734016,-0.0566733742,-0.9980827209,-0.0248799284,0.0347143951,530.9598242065,2032.7970566241,1.0
28673,0.0,-943.672424,257.583649,-105.737389,-0.0667612998,-0.997434176,-0.0258455701,0.032700826,514.9660766826,2030.3179527926,1.0
28674,0.0,-940.866882,257.583252,-105.741295,-0.0694368512,-0.9972505173,-0.0258829949,0.0325284807,513.0903310325,2028.1856878721,1.0
28675,0.0,-937.425903,257.569855,-105.747261,-0.0715937614,-0.9970979911,-0.0258829949,0.0326059066,513.0137160354,2025.5135608582,1.0
28676,0.0,-933.798645,257.542267,-105.754906,-0.0727886448,-0.9970114762,-0.0258829949,0.0329658232,515.0616798571,2022.6527284774,1.0
28677,0.0,-930.461365,257.502136,-105.763161,-0.07549204,-0.9968104245,-0.0258829949,0.0328884879,513.7919159062,2019.9974602271,1.0
28678,0.0,-924.080139,257.208557,-105.796852,-0.088208595,-0.9957901362,-0.0249248567,0.0309091423,496.9920989484,2014.5271735218,1.0
28679,0.0,-920.922668,256.763489,-105.838737,-0.0959052763,-0.9950990552,-0.0240841921,0.0296482058,486.1367138273,2011.3485,1.0
28680,0.0,-918.134705,256.20871,-105.889458,-0.0998195755,-0.9947345994,-0.0232191523,0.0292250326,482.1249465096,2008.9243503681,1.0
28681,0.0,-916.291626,255.7315905,-105.932396,-0.1016652054,-0.9945483932,-0.0231133612,0.0291647166,481.0636506622,2006.5418019284,1.0
28682,0.0,-911.845947,254.418594,-106.049843,-0.1043526492,-0.9942741957,-0.0230075702,0.0295240424,482.3682349271,1999.8859076011,1.0
28683,0.0,-910.259338,253.831848,-106.101837,-0.1044140102,-0.9942677506,-0.0230076226,0.0298300528,484.4057275321,1998.1963265668,1.0
28684,0.0,-905.68573,251.974976,-106.26577,-0.1044753711,-0.9942613056,-0.0230076749,0.0307710459,490.6284128409,1993.1200572682,1.0
28685,0.0,-903.066711,250.727783,-106.375282,-0.1044753711,-0.9942613056,-0.0230076749,0.0313073533,494.1618481691,1990.4765965574,1.0
28686,0.0,-902.50177,250.454117,-106.39933,-0.1044753711,-0.9942613056,-0.0230076749,0.031428621,494.9161233035,1989.7263733566,1.0
28687,0.0,-897.530457,247.725418,-106.637978,-0.1044776284,-0.9942814518,-0.0221092685,0.0325403951,501.7825806868,1983.1303355079,1.0
28696,0.0,-877.600037,231.671173,-107.81974,-0.1370900465,-0.9905130864,-0.0094944659,0.0293708709,468.46467915,1947.2243444305,1.0
28697,0.0,-874.609192,229.031662,-108.000023,-0.1408695054,-0.9899927256,-0.0083776918,0.0291038868,465.2823571498,1942.715576976,1.0
28698,0.0,-871.406738,226.143616,-108.193542,-0.1449662606,-0.9894106445,-0.0071665747,0.0288234215,461.9172251275,1937.8877891622,1.0
28699,0.0,-868.751099,223.7509,-108.354111,-0.1485440999,-0.9888869194,-0.0061082828,0.0285514298,458.8014722628,1933.8293452581,1.0
28700,0.0,-865.972656,221.251007,-108.522369,-0.1526966631,-0.9882610594,-0.0048792929,0.0281832114,454.8846262895,1929.6242137105,1.0
28701,0.0,-863.135376,218.70903,-108.690155,-0.1529849237,-0.9882168962,-0.0047936681,0.0285787049,457.5428512763,1927.6171440612,1.0
28702,0.0,-862.419739,217.773636,-108.643707,-0.1529849237,-0.9882168962,-0.0047936681,0.0289391555,458.9167423682,1921.502526518,1.0
28703,0.0,-860.732117,216.114365,-108.699036,-0.1529849237,-0.9882168962,-0.0047936681,0.0293509733,461.1415862567,1917.4250383881,1.0
28704,0.0,-859.573975,214.975784,-108.737,-0.1529849237,-0.9882168962,-0.0047936681,0.0296465661,462.6718278472,1914.3167097214,1.0
28705,0.0,-858.048706,213.476242,-108.786987,-0.1529849237,-0.9882168962,-0.0047936681,0.0300600542,464.7574463338,1909.8751739619,1.0
28706,0.0,-856.983582,212.399597,-108.822845,-0.1529849237,-0.9882168962,-0.0047936681,0.0303603214,466.2972940021,1906.8490743744,1.0
28707,0.0,-855.590759,210.955673,-108.871002,-0.1529849237,-0.9882168962,-0.0047936681,0.0307633063,468.2558599653,1902.4697350709,1.0
28708,0.0,-854.550964,209.849365,-108.907867,-0.1529849237,-0.9882168962,-0.0047936681,0.0310474121,469.6751852995,1899.6224038407,1.0
28709,0.0,-853.228699,208.414047,-108.955688,-0.1529849237,-0.9882168962,-0.0047936681,0.0314577163,471.5308168547,1894.8468388364,1.0
28710,0.0,-852.029968,207.079758,-109.000305,-0.1539286098,-0.9880703423,-0.0047939299,0.0315816715,471.4373782002,1890.8094186814,1.0
28711,0.0,-851.112732,206.041077,-109.035004,-0.1546837786,-0.9879524011,-0.0047939299,0.0316551129,471.3083093569,1888.1329233926,1.0
28712,0.0,-849.776794,204.50061,-109.0867,-0.1568094746,-0.9876122829,-0.0057242822,0.0315212933,469.0505351157,1883.0084174635,1.0
28713,0.0,-848.620483,203.307465,-109.127258,-0.1622689725,-0.9867297963,-0.0057523641,0.0305378417,460.852345968,1879.181864597,1.0
28714,0.0,-847.43512,202.198456,-109.165894,-0.1740886883,-0.9847180241,-0.0048519614,0.0280738212,441.2810510303,1875.5091510844,1.0
28715,0.0,-846.19104,201.114105,-109.204651,-0.1911683122,-0.9815496395,-0.003870607,0.0245715391,412.4680293163,1872.1621378733,1.0
28716,0.0,-845.055725,200.190887,-109.246849,-0.2101187765,-0.9776735356,-0.0021348502,0.0209476066,380.4311003248,1868.444331395,1.0
28717,0.0,-843.871887,199.263214,-109.290733,-0.2359785631,-0.9717580931,0.0005711066,0.0164159555,336.528204275,1864.9323486288,1.0
28718,0.0,-842.701111,198.408813,-109.332245,-0.2624679528,-0.9649391318,0.0017452062,0.0122902712,291.05129849,1862.1399866301,1.0
28719,0.0,-841.202209,197.449554,-109.380089,-0.2850144197,-0.9585159128,0.0037450664,0.0094107139,254.2802888641,1857.8497103471,1.0
28720,0.0,-839.728027,196.615799,-109.422577,-0.2967300797,-0.9549494259,0.0047805608,0.0081790351,236.6977867559,1854.4623162982,1.0
28721,0.0,-838.250488,195.862411,-109.461456,-0.2995008228,-0.9540789594,0.0057093249,0.0080907351,235.0427723736,1851.4761978188,1.0
28722,0.0,-835.855103,194.722229,-109.521393,-0.3005132434,-0.9537602951,0.005752399,0.0082473546,236.6784738151,1846.6463225283,1.0
28723,0.0,-834.6844485,194.196968,-109.5496215,-0.3014266136,-0.953471546,0.005752399,0.0082680669,236.6986440864,1844.5027627734,1.0
28724,0.0,-832.190491,193.089554,-109.609619,-0.3061860214,-0.9519492443,0.0065388469,0.0080322573,232.6393031715,1839.175323062,1.0
28725,0.0,-830.599915,192.397263,-109.647675,-0.3132312412,-0.9496531738,0.0067111071,0.0073960117,222.8509119402,1835.7144381768,1.0
28726,0.0,-829.145203,191.780365,-109.681885,-0.3193327566,-0.9476132257,0.0074676011,0.0069019717,215.0304297662,1833.3652907322,1.0
28727,0.0,-827.430542,191.049362,-109.722771,-0.3315066592,-0.9434057135,0.0094336963,0.0059329188,198.9526299861,1829.1343284315,1.0
28728,0.0,-825.909973,190.41452,-109.758476,-0.3415361502,-0.9398001816,0.0113435765,0.0052503513,186.8615130643,1825.9188904341,1.0
28729,0.0,-824.389099,189.795364,-109.793419,-0.3487981867,-0.9371046175,0.0132197161,0.0048539283,179.4218752769,1823.2296018823,1.0
28730,0.0,-822.882019,189.188507,-109.827789,-0.355732677,-0.9344791423,0.0142476354,0.0044785608,172.0276294118,1819.7040795779,1.0
28731,0.0,-821.352051,188.575943,-109.862518,-0.3627447797,-0.9317647574,0.0151875505,0.0041206535,164.7308997304,1816.4559933095,1.0
28732,0.0,-819.745483,187.939835,-109.89856,-0.3684789583,-0.9294955372,0.0161648845,0.0038893275,159.7688314329,1813.2700695889,1.0
28733,0.0,-817.996399,187.249817,-109.937653,-0.3743863207,-0.9271127933,0.0172264726,0.0036834782,155.1887275298,1809.7409706388,1.0
28734,0.0,-816.450073,186.508743,-109.976685,-0.3799048112,-0.924864612,0.017256418,0.0034402831,149.6990943613,1806.262774051,1.0
28735,0.0,-815.18042,185.801468,-110.011902,-0.3822113897,-0.9239137779,0.0172564355,0.0033845591,148.2478008229,1803.3913977976,1.0
28736,0.0,-813.870728,184.974152,-110.051086,-0.3832886084,-0.9234674104,0.0172564355,0.0033979537,148.2836736467,1800.2750017216,1.0
28737,0.0,-812.178711,183.718628,-110.106812,-0.3835119058,-0.9233746983,0.0172564355,0.0034841473,149.8256299307,1796.3934991615,1.0
28738,0.0,-811.015625,182.749069,-110.148651,-0.3835119058,-0.9233746983,0.0172564355,0.0035642998,151.2402808088,1792.8860912356,1.0
28739,0.0,-809.724121,181.577957,-110.198334,-0.3835119058,-0.9233746983,0.0172564355,0.0036602438,152.9403888453,1789.16318884,1.0
28740,0.0,-808.442627,180.311935,-110.251129,-0.3835119058,-0.9233746983,0.0172564355,0.0037590044,154.6642613265,1785.4474289218,1.0
28741,0.0,-807.200623,178.983643,-110.265564,-0.3835119058,-0.9233746983,0.0172564355,0.0038743331,156.6793867703,1781.6379035397,1.0
28742,0.0,-806.056152,177.668488,-110.265991,-0.3835119058,-0.9233746983,0.0172564355,0.0039795651,158.45550864,1777.8988337198,1.0
28784,0.0,-774.983765,103.818192,-106.737816,-0.6060650365,-0.7941923262,0.0440876446,0.0125740225,252.9585897761,1600.1726160698,1.0
28785,0.0,-774.925293,103.894821,-106.737816,-0.6060650365,-0.7941923262,0.0440876446,0.0124893992,251.6890114947,1597.4922322258,1.0
28786,0.0,-774.861023,103.978928,-106.737816,-0.6060650365,-0.7941923262,0.0440876446,0.0124161714,250.5163352558,1594.7017584545,1.0
28787,0.0,-774.781128,104.083725,-106.737816,-0.6060650365,-0.7941923262,0.0440876446,0.0123273311,249.1245591601,1591.5107638403,1.0
28788,0.0,-774.708679,104.178665,-106.737816,-0.6060650365,-0.7941923262,0.0440876446,0.0122277024,247.7085663897,1588.8587075474,1.0
28789,0.0,-774.41156,102.724892,-106.635963,-0.6142181356,-0.7878551545,0.044948163,0.0134232261,258.7961255877,1584.8079501905,1.0
28790,0.0,-774.158081,101.178917,-106.526077,-0.6274409971,-0.7773116239,0.0458741162,0.0156141278,278.28759828,1580.9637948796,1.0
28791,0.0,-773.912537,99.384171,-106.397041,-0.6455485229,-0.7622147185,0.0479147936,0.0192184225,307.5904179331,1576.5060426696,1.0
28792,0.0,-773.714661,97.814743,-106.284111,-0.6605260961,-0.7491491732,0.049807556,0.0225752422,332.3602334144,1573.0512143363,1.0
28793,0.0,-773.510193,96.296394,-106.176262,-0.671293016,-0.7394545018,0.0507220506,0.0251292096,349.5549509578,1569.1219585331,1.0
28794,0.0,-773.289612,94.700813,-105.975105,-0.6797587828,-0.7316749593,0.0507912509,0.0271206811,362.0906810585,1565.3692250701,1.0
28795,0.0,-773.067383,93.087463,-105.201775,-0.6860999143,-0.7257321532,0.0507912335,0.0286256021,371.0059077103,1561.7767524596,1.0
28796,0.0,-772.857544,91.324799,-104.268539,-0.6940838922,-0.7181001319,0.0507912509,0.0307029078,383.1429380468,1558.1721974911,1.0
28797,0.0,-772.728455,89.801003,-103.455002,-0.70425452,-0.7081283923,0.0507912509,0.033566515,399.358161873,1554.4251257018,1.0
28798,0.0,-772.623108,88.164391,-102.574158,-0.7164185274,-0.6958194755,0.0507912509,0.0372896374,419.4898523799,1550.598186516,1.0
28799,0.0,-772.5401,86.7369,-102.316032,-0.7259057828,-0.6859715991,0.0500375825,0.0402783743,434.7673236676,1547.4753384463,1.0
28800,0.0,-772.439819,85.050941,-102.293274,-0.734551174,-0.6767778766,0.0490538331,0.0429636295,447.6038749341,1543.6324786186,1.0
28801,0.0,-772.217224,81.711311,-102.298721,-0.7424915294,-0.6681801162,0.0473461831,0.0449576025,455.4781514841,1536.3419460482,1.0
28802,0.0,-772.182892,80.786457,-102.298721,-0.7457421878,-0.6646066057,0.0462837282,0.045850419,459.1567013929,1534.0450665834,1.0
28803,0.0,-772.14856,79.861603,-102.298721,-0.7489928461,-0.6610330952,0.0452212733,0.0467432356,462.8352513017,1531.7481871186,1.0
28804,0.0,-772.131714,78.16568,-102.298721,-0.7574378259,-0.6515904888,0.0414460477,0.0492430093,473.4643786258,1527.6133028173,1.0
28805,0.0,-772.129944,76.451736,-102.298721,-0.7653341891,-0.6425418252,0.0374644094,0.0516647787,483.3402533934,1523.4346807738,1.0
28806,0.0,-772.140381,74.835014,-102.298721,-0.7720028153,-0.6346746743,0.0346368439,0.0538261117,491.7899625989,1519.4707201392,1.0
28807,0.0,-772.169189,71.702835,-102.298721,-0.7806751609,-0.624127261,0.0318033841,0.0563821888,500.4926121555,1511.8937450149,1.0
28808,0.0,-772.205872,70.002029,-102.298721,-0.7849186463,-0.618831148,0.0308338932,0.0577423028,504.9522764655,1507.8212475732,1.0
28809,0.0,-772.252991,68.144836,-102.298721,-0.7883634173,-0.6144446095,0.0306748119,0.0588094788,507.961740473,1503.3955361842,1.0
28810,0.0,-772.259277,67.82827,-102.298721,-0.7887028432,-0.6140088615,0.0306747945,0.0588918663,508.100189954,1502.7849392545,1.0
28811,0.0,-772.334717,64.614883,-102.298721,-0.7897176178,-0.6126550918,0.0316199724,0.0581387431,502.3687594494,1495.1360277555,1.0
28812,0.0,-772.38739,63.224213,-102.298721,-0.7906548529,-0.6114443983,0.0316330733,0.0580590288,500.9030155009,1491.7661582561,1.0
28813,0.0,-772.495544,61.244263,-102.298721,-0.7936909068,-0.6074492761,0.0325595052,0.0589480709,503.0272415228,1487.0929993092,1.0
28814,0.0,-772.60437,59.823055,-102.298721,-0.7975536143,-0.602324194,0.0333736076,0.060592827,508.5907798464,1483.6223805989,1.0
28815,0.0,-772.741211,58.185295,-102.298721,-0.8020803595,-0.5962295774,0.0343130859,0.0624897053,514.8430926396,1479.6147187327,1.0
28816,0.0,-772.876038,56.366615,-102.298721,-0.8044991422,-0.5929505442,0.0345077144,0.063109412,515.77854524,1475.2433358602,1.0
28817,0.0,-773.003357,54.553635,-102.298721,-0.8052493643,-0.5919313127,0.0345077144,0.0627519645,512.8783717948,1470.984537191,1.0
28818,0.0,-773.128845,52.801193,-102.298721,-0.8052901911,-0.5918757689,0.0345077144,0.0621191635,509.0500219082,1467.1824615393,1.0
28819,0.0,-773.262085,51.149063,-102.298721,-0.8058075284,-0.5911712483,0.0345077144,0.0616677152,505.776337682,1462.9027742094,1.0
28820,0.0,-773.396851,49.568436,-102.298721,-0.8063308552,-0.5904572547,0.0345077144,0.0613121961,503.0605895064,1459.1264172225,1.0
28821,0.0,-773.556458,47.791988,-102.916519,-0.8069414995,-0.5896709201,0.0336693095,0.0608128533,499.5878714726,1454.8034895137,1.0
28822,0.0,-773.716003,46.164833,-103.733261,-0.8079741878,-0.5883067889,0.0327541451,0.0605982071,497.3392206217,1450.7377949034,1.0
28823,0.0,-773.895813,44.413059,-104.591087,-0.8091380463,-0.5867140937,0.0325913231,0.0604939851,495.4692553409,1446.4887091485,1.0
28824,0.0,-774.063477,42.838459,-104.719078,-0.8102171977,-0.5853048078,0.0310865655,0.0603302008,493.4912990961,1442.6075890072,1.0
28825,0.0,-774.252808,41.067112,-104.665886,-0.8109688751,-0.5843654332,0.0290950874,0.0598865285,490.251625253,1438.2716069995,1.0
28826,0.0,-774.470032,39.151196,-104.641624,-0.8121605461,-0.5827690908,0.0278466187,0.059698265,487.8965949475,1433.5481893349,1.0
28827,0.0,-774.665833,37.486282,-104.620827,-0.8132948399,-0.5812699641,0.0260140773,0.0595353213,485.8373716216,1429.3898589966,1.0
28828,0.0,-774.882568,35.754742,-104.599312,-0.8150044617,-0.5789552799,0.0240522618,0.0596967852,485.0029173599,1425.0630431621,1.0
28829,0.0,-775.082886,34.291821,-104.581261,-0.8174251285,-0.575659254,0.0207986186,0.0602832677,485.9870943395,1421.2065086337,1.0
28830,0.0,-775.359497,32.380295,-104.557838,-0.8211971823,-0.5704816969,0.013631629,0.0612692893,488.0971850349,1416.2050430905,1.0
28831,0.0,-775.601196,30.806334,-104.538742,-0.824847018,-0.5653288943,0.0055351787,0.0623856175,490.9568031179,1412.1062286613,1.0
28832,0.0,-775.863403,29.230492,-104.51976,-0.8293810141,-0.5586664443,-0.0043517204,0.0641964145,496.4666641866,1408.3288022955,1.0
28833,0.0,-776.144226,27.595636,-104.500366,-0.8340303781,-0.5514974644,-0.0156165015,0.0660594207,501.7258934205,1403.7105742791,1.0
28834,0.0,-776.429138,25.865763,-104.480385,-0.8373764867,-0.5460550465,-0.0249901117,0.0675035853,505.3475699493,1399.1601047891,1.0
28835,0.0,-776.695007,24.284264,-104.446159,-0.8400991723,-0.5413155211,-0.0347978058,0.0687412811,508.3213188231,1395.1126763323,1.0
28836,0.0,-776.751709,23.952904,-104.438019,-0.8407020604,-0.5402394124,-0.0368974649,0.069060178,509.1618689374,1394.3045858879,1.0
28837,0.0,-777.381714,20.797398,-104.339653,-0.850520833,-0.5221683642,-0.062884912,0.0756380392,529.046784636,1386.693776506,1.0
28838,0.0,-777.690979,19.345959,-104.303635,-0.8552119513,-0.5129553584,-0.0740899361,0.079314004,539.8452173183,1383.1399826385,1.0
28839,0.0,-778.065979,17.784559,-104.298027,-0.8617635162,-0.4990374877,-0.0912426872,0.0852462556,557.0221033847,1378.7270911507,1.0
28840,0.0,-778.418884,16.080391,-104.298721,-0.8648382878,-0.4921924129,-0.0990018418,0.0880238681,563.8716380428,1374.481164761,1.0
28841,0.0,-778.794189,14.235945,-104.298721,-0.8669306808,-0.4871654546,-0.1053613522,0.0900534357,568.0295587807,1369.6518360158,1.0
28842,0.0,-779.117371,12.66909,-104.298721,-0.8685162364,-0.4839391554,-0.1071561524,0.0912503265,569.9031296226,1365.5554518389,1.0
28843,0.0,-779.478638,11.003186,-104.298721,-0.8707164396,-0.4797415354,-0.1081708881,0.0929291421,572.9923250578,1361.0980948764,1.0
28844,0.0,-779.88678,9.425047,-104.298729,-0.8760831722,-0.4692365625,-0.1108842811,0.0977813953,585.1008578073,1356.6643322677,1.0
28845,0.0,-780.707275,6.234485,-104.206085,-0.8843805569,-0.452908296,-0.1128942246,0.1053969634,602.1537431601,1347.5169187186,1.0
28846,0.0,-781.090759,4.609011,-104.125824,-0.8853821427,-0.4507128621,-0.1138260838,0.1063256253,602.5913290201,1342.9234398342,1.0
28847,0.0,-781.453857,3.045961,-104.052322,-0.8854721449,-0.4505077993,-0.1139377171,0.1062611543,600.432499372,1338.4953986378,1.0
28848,0.0,-781.6863095,2.0817505,-104.0083385,-0.8856820336,-0.4500947915,-0.1139376998,0.1063884993,599.5621209073,1335.8016818251,1.0
28849,0.0,-782.375305,-0.514032,-103.890717,-0.8890668247,-0.4428875214,-0.1158051147,0.1098595961,605.2247361336,1328.1607382531,1.0
28850,0.0,-782.819763,-2.015264,-103.824814,-0.8928993561,-0.4348654671,-0.116716603,0.1139244749,613.6307577552,1323.7898980173,1.0
28851,0.0,-783.297668,-3.569724,-103.758911,-0.8972888456,-0.4257131843,-0.1167947443,0.1185183509,622.8581231565,1319.0046890262,1.0
28852,0.0,-783.772888,-5.098158,-103.697113,-0.9011199719,-0.4173143401,-0.1176075584,0.122860059,631.444870364,1314.866784134,1.0
28853,0.0,-784.333374,-6.812989,-103.630692,-0.9061341082,-0.4062715926,-0.1177470638,0.1287467171,642.6281220753,1309.2583646963,1.0
28854,0.0,-784.841736,-8.323943,-103.575394,-0.9105702083,-0.3962291316,-0.1177470638,0.1341702377,652.7893119528,1304.6948028573,1.0
28855,0.0,-785.423889,-9.903684,-103.520042,-0.9167457044,-0.3811731953,-0.1195169808,0.1425626265,668.8697076227,1299.815147719,1.0
28856,0.0,-785.982178,-11.351302,-103.472824,-0.922664137,-0.366018615,-0.121331215,,,,
28857,0.0,-786.541626,-12.822416,-103.490227,-0.927038009,-0.3544440677,-0.1223516761,,,,
28858,0.0,-787.215759,-14.634784,-103.633408,-0.9307304058,-0.3445768368,-0.1225059805,,,,
28859,0.0,-787.684326,-15.883597,-103.74511,-0.9326395552,-0.3388284436,-0.1240110714,,,,
28860,0.0,-788.394531,-17.656977,-103.91037,-0.9366268725,-0.3271527558,-0.1253043337,,,,
28861,0.0,-789.080444,-19.017193,-104.05394,-0.944618964,-0.3025604658,-0.1270912168,,,,
28862,0.0,-789.768372,-20.388897,-104.202255,-0.9512726157,-0.2800993519,-0.128937053,,,,
28863,0.0,-790.532227,-21.904032,-104.294952,-0.9572929456,-0.2572943576,-0.1318705043,,,,
28864,0.0,-791.19812,-23.277721,-104.299576,-0.9606559567,-0.2429749336,-0.1345485579,,,,
28865,0.0,-791.90979,-24.760878,-104.298721,-0.96333018,-0.2314699467,-0.1357078776,,,,
28866,0.0,-792.565308,-26.16396,-104.298721,-0.9645719969,-0.2257128322,-0.1365817711,,,,
28867,0.0,-793.280396,-27.793627,-104.298721,-0.9674869272,-0.2122065813,-0.1376132715,,,,
28924,0.0,-830.231628,-107.725006,-107.573494,-0.9842651929,-0.0050014062,-0.1766267702,,,,
28925,0.0,-830.376587,-107.353668,-107.578018,-0.9842651929,-0.0050014062,-0.1766267702,,,,
28926,0.0,-830.328888,-107.164425,-107.4413795,-0.9842651929,-0.0050014062,-0.1766267702,,,,
28927,0.0,-830.281189,-106.975182,-107.304741,-0.9842651929,-0.0050014062,-0.1766267702,,,,
28928,0.0,-830.66864,-105.301086,-105.537529,-0.9842082515,-0.0117098174,-0.1766267187,,,,
28929,0.0,-834.192993,-105.197632,-106.396027,-0.9839947806,-0.0236066508,-0.1766267187,,,,
28930,0.0,-839.691711,-105.003006,-107.740456,-0.9823557067,-0.0614837348,-0.1766267702,,,,
28931,0.0,-841.362732,-104.118431,-107.591492,-0.980277983,-0.0901425617,-0.1758675483,,,,
28932,0.0,-842.5131225,-103.4328765,-107.4855805,-0.9788527396,-0.1044343523,-0.1753116785,,,,
28933,0.0,-845.398315,-101.562515,-106.913261,-0.9753499757,-0.1347539756,-0.1747392082,,,,
28934,0.0,-846.808472,-100.453362,-106.428886,-0.9739535582,-0.1445015144,-0.1747391739,,,,
28935,0.0,-848.854858,-99.416855,-105.981583,-0.9727811107,-0.1512214413,-0.1755818508,,,,
28936,0.0,-851.033508,-98.36705,-105.535324,-0.9719343749,-0.1554210004,-0.176600916,,,,
28937,0.0,-853.026306,-97.643723,-105.225899,-0.9709825098,-0.1603335024,-0.1774433251,,,,
28938,0.0,-855.553528,-96.946304,-104.902496,-0.9695281651,-0.167869779,-0.178423301,,,,
28939,0.0,-858.171021,-96.436691,-104.595741,-0.9670206308,-0.1807929122,-0.1794018464,,,,
28940,0.0,-860.747864,-95.662727,-104.309898,-0.9621687701,-0.2035339436,-0.1811220352,,,,
28941,0.0,-863.90448,-95.226616,-104.040733,-0.9564231634,-0.2273490121,-0.1832134254,,,,
28942,0.0,-866.308838,-94.965134,-103.964798,-0.9507715488,-0.2487669913,-0.1847929813,,,,
28943,0.0,-869.229187,-94.839043,-103.909798,-0.9427589666,-0.2757831836,-0.1874811097,,,,
28944,0.0,-872.338806,-94.885567,-103.847755,-0.9342940832,-0.3013282519,-0.1905146997,,,,
28945,0.0,-875.628845,-94.871559,-104.148689,-0.9216378776,-0.336863731,-0.1926303437,,,,
28946,0.0,-878.407043,-94.793747,-104.339363,-0.9105566957,-0.364823325,-0.1943976476,,,,
28947,0.0,-881.011719,-94.60849,-104.511353,-0.9021217151,-0.3847515666,-0.1953014158,,,,
28948,0.0,-883.911438,-94.300018,-104.615623,-0.8948961048,-0.400803965,-0.196257849,,,,
28949,0.0,-886.719299,-93.909744,-104.588753,-0.8904048931,-0.4106136796,-0.1964065491,,,,
28950,0.0,-889.970032,-93.391014,-104.673126,-0.8860596333,-0.4199080697,-0.1964065662,,,,
28951,0.0,-892.735413,-92.882858,-104.606781,-0.8806500576,-0.4311379712,-0.196406532,,,,
28952,0.0,-895.562927,-92.415771,-104.4851,-0.8733412937,-0.4457571748,-0.196406532,,,,
28953,0.0,-898.059143,-91.953117,-104.249222,-0.8673027215,-0.4573952885,-0.1964065662,,,,
28954,0.0,-901.389587,-91.299164,-103.907791,-0.857993193,-0.4746284459,-0.1964065149,,,,
28955,0.0,-904.336731,-90.683189,-103.928192,-0.8524396127,-0.4845319125,-0.1964065491,,,,
28956,0.0,-905.8056945,-90.388866,-103.7462615,-0.8498714804,-0.4888576293,-0.1967517694,,,,
28957,0.0,-908.109009,-89.959015,-103.509125,-0.8457403027,-0.4957596192,-0.1973467515,,,,
28958,0.0,-914.253052,-89.178688,-103.432281,-0.8337785896,-0.5152769938,-0.198249548,,,,
28959,0.0,-917.557983,-88.706589,-103.446236,-0.8229228909,-0.5324288451,-0.1982862592,,,,
28960,0.0,-920.158081,-88.480606,-103.340927,-0.8111076466,-0.5502608096,-0.198286225,0.1499556166,513.9533387604,975.7785104748,1.0
28961,0.0,-922.970093,-88.242271,-103.29705,-0.7967773192,-0.5708138662,-0.1982862421,0.139130248,495.9849239772,974.7645082919,1.0
28962,0.0,-925.645935,-88.022415,-103.379829,-0.7832797973,-0.5889469498,-0.1990332872,0.129943131,480.0502553078,973.8288458597,1.0
28963,0.0,-928.558411,-87.843712,-103.520584,-0.770870255,-0.6047320623,-0.2001454042,0.1225083011,466.5509416088,972.8083707851,1.0
28964,0.0,-930.762207,-87.914513,-103.561539,-0.7625342348,-0.6149247265,-0.201020202,0.1178821178,457.7892519514,971.892468859,1.0
28965,0.0,-933.051453,-87.994728,-103.577156,-0.7494664198,-0.6302104505,-0.2028173406,0.1105903489,443.8385192334,970.9644105327,1.0
28966,0.0,-935.285767,-88.175125,-103.579788,-0.7368713033,-0.6445688085,-0.2038424232,0.1038337579,430.4014718497,969.9877653862,1.0
28967,0.0,-937.515381,-88.480812,-103.588554,-0.7262562552,-0.6562057994,-0.2048067395,0.0986131839,419.5491081478,968.9024912516,1.0
28968,0.0,-939.694397,-88.798721,-103.703377,-0.7163069898,-0.6670357582,-0.2048599367,0.0938617273,409.393117883,967.8745397998,1.0
28969,0.0,-940.739502,-88.759377,-103.190559,-0.7112803738,-0.6723932207,-0.2048599196,0.0915035998,404.3615914373,967.620664462,1.0
28970,0.0,-942.621277,-89.257324,-103.063873,-0.7086195947,-0.6751967841,-0.2048598854,0.0908048904,402.4478034258,966.5621522574,1.0
28971,0.0,-945.059326,-89.820137,-102.909477,-0.708433666,-0.6753919042,-0.2048597488,0.0918308247,404.1076586543,965.3713392738,1.0
28972,0.0,-945.296692,-89.759323,-103.083015,-0.7117134204,-0.6716829129,-0.2056843983,0.0942505378,409.2035826309,965.5274067989,1.0
28973,0.0,-946.062439,-89.239769,-102.79155,-0.7293127584,-0.6495277529,-0.214980461,0.1077810518,436.1963182451,965.8842696308,1.0
28974,0.0,-946.383118,-89.089058,-102.631828,-0.7611368319,-0.603728387,-0.2370290234,0.1368343309,487.7883434653,966.0689966858,1.0
28975,0.0,-946.610291,-88.938103,-102.484451,-0.7903161362,-0.5518816782,-0.2661334591,,,,
28976,0.0,-946.98175,-88.902161,-102.455406,-0.8042026139,-0.5163762573,-0.294302084,,,,
28977,0.0,-948.024658,-89.231949,-102.623688,-0.8043062454,-0.5118095665,-0.3018980478,,,,
28978,0.0,-948.053345,-89.264519,-102.546021,-0.7995105306,-0.5190187282,-0.3023284161,,,,
28979,0.0,-948.415833,-89.305412,-102.586349,-0.7946217434,-0.5284102353,-0.2989296039,,,,
28980,0.0,-948.7276,-89.082176,-102.65126,-0.7986831294,-0.5205635749,-0.3018589461,,,,
28981,0.0,-948.927246,-88.887146,-102.657555,-0.8210300464,-0.4696513338,-0.3245570638,,,,
28982,0.0,-948.811157,-89.070847,-102.449928,-0.8419352279,-0.4084845078,-0.3525414572,,,,
28983,0.0,-949.091064,-89.081627,-102.652199,-0.8462505384,-0.3937996014,-0.3588619513,,,,
28984,0.0,-949.315735,-88.980751,-102.887222,-0.8466355852,-0.3960052485,-0.3555109407,,,,
28985,0.0,-949.398926,-88.712906,-102.945633,-0.8473277828,-0.4193237437,-0.3258883651,,,,
28986,0.0,-949.47583,-88.455986,-103.108101,-0.8488731557,-0.4371372011,-0.2971959505,,,,
28987,0.0,-949.67572,-88.223419,-103.214981,-0.8502444698,-0.4436262457,-0.2833374236,,,,
28988,0.0,-950.188293,-88.143929,-103.124428,-0.8521391587,-0.438744406,-0.285240601,,,,
28989,0.0,-949.927368,-88.091667,-103.060379,-0.8543575263,-0.426824115,-0.296469884,,,,
28990,0.0,-949.827881,-88.087448,-103.038887,-0.8549573089,-0.4230784548,-0.300087689,,,,
28991,0.0,-949.742371,-88.004143,-103.077545,-0.8550161804,-0.4227008991,-0.3004517951,,,,
28992,0.0,-949.785706,-87.924339,-103.114349,-0.8554681639,-0.4248956851,-0.2960369526,,,,
28993,0.0,-949.842834,-87.889458,-103.140663,-0.8551631345,-0.4310402685,-0.2879241224,,,,
28994,0.0,-949.860168,-87.878365,-103.143494,-0.8545067671,-0.4388558987,-0.2778914989,,,,
29437,0.0,311.620972,-253.035797,-97.200912,-0.9652765976,-0.2586781472,0.0364239789,,,,
29438,0.0,311.62085,-253.028625,-97.200912,-0.9652765976,-0.2586781472,0.0364239789,,,,
29439,0.0,311.621979,-253.030121,-97.198189,-0.9652765976,-0.2586781472,0.0364239789,,,,
29440,0.0,316.161285,-249.705856,-97.220383,-0.9653694269,-0.2584385155,0.0356567423,,,,
29441,0.0,315.015991,-250.604813,-97.300896,-0.9655018872,-0.2580931882,0.0345544788,,,,
29442,0.0,314.001038,-251.357361,-97.405869,-0.9656078582,-0.2578143131,0.0336636927,,,,
29443,0.0,311.453491,-253.393188,-97.680931,-0.9658837909,-0.2570019678,0.0319138073,,,,
29444,0.0,308.431702,-255.853027,-98.066673,-0.9662053456,-0.2560358248,0.0298812082,,,,
29445,0.0,305.770782,-258.145935,-98.386696,-0.9664802606,-0.2551965557,0.0281180333,,,,
29446,0.0,302.348877,-261.18335,-98.837799,-0.9670890311,-0.2532139222,0.0249302132,,,,
29447,0.0,299.685028,-263.639618,-99.223114,-0.9673489878,-0.2523844949,0.0231948813,,,,
29448,0.0,296.689667,-266.459656,-99.680687,-0.9678550765,-0.2506087758,0.0212554099,,,,
29449,0.0,293.879456,-269.221954,-100.128624,-0.9681268075,-0.2496405785,0.02025009,,,,
29450,0.0,290.739716,-272.393402,-100.614822,-0.9681585569,-0.2495269645,0.0201321298,,,,
29451,0.0,288.542175,-274.66571,-100.954102,-0.9681585569,-0.2495269645,0.0201321298,,,,
29452,0.0,285.121918,-278.29892,-101.536697,-0.9681585569,-0.2495269645,0.0201321298,,,,
29453,0.0,282.901794,-280.679016,-101.87487,-0.9683680335,-0.2487747444,0.0193514391,,,,
29454,0.0,279.092194,-284.177216,-102.83165,-0.9690507112,-0.2462377557,0.0175410032,,,,
29455,0.0,276.932953,-286.920105,-102.994621,-0.9696245027,-0.2441080962,0.0154777646,,,,
29674,0.0,-1033.140137,159.5,-107.768402,1.0,0.0,0.0,,,,
29675,0.0,-1033.750488,159.5,-107.655693,1.0,0.0,0.0,,,,
29676,0.0,-1035.622314,159.276184,-107.35141,0.6736924532,-0.7390117951,0.0002127905,0.0129562423,60.5300622076,377.2488058386,5.0
29677,0.0,-1038.510254,158.597168,-107.7649,-0.1941967643,-0.9809623835,0.0006472902,,,,
29678,0.0,-1040.641479,161.617935,-107.757599,-0.8996781401,-0.4365528068,0.0009439437,,,,
29679,0.0,-1041.112061,161.708649,-107.800835,-0.9447830219,-0.3276909698,0.0019156722,,,,
29680,0.0,-1036.3942875,160.5904315,-107.671307,0.0276025854,-0.1662274652,0.0014372082,,,,
29681,0.0,-1031.676514,159.472214,-107.541779,0.9999881927,-0.0047639607,0.0009587441,,,,
29682,0.0,-1031.694458,159.472137,-107.582352,0.9999880507,-0.0047936659,0.0009587441,,,,
29683,0.0,-1030.592163,159.466843,-107.618805,0.9999880507,-0.0047936659,0.0009587441,,,,
29684,0.0,-1030.64624,159.467102,-107.619026,0.9999880507,-0.0047936659,0.0009587441,,,,
29685,0.0,-1030.795654,159.467819,-107.607254,0.9999880507,-0.0047936659,0.0009587441,,,,
29686,0.0,-1030.966187,159.468628,-107.613953,0.9999880507,-0.0047936659,0.0009587441,,,,
29687,0.0,-1031.013428,159.468857,-107.596687,0.9999880507,-0.0047936659,0.0009587441,,,,
29688,0.0,-1031.548706,159.47142,-107.566467,0.9999880507,-0.0047936659,0.0009587441,,,,
29689,0.0,-1031.871948,159.472977,-107.544098,0.9999880507,-0.0047936659,0.0009587441,,,,
29690,0.0,-1032.186157,159.474472,-107.535126,0.9999880507,-0.0047936659,0.0009587441,,,,
29691,0.0,-1032.522339,159.476105,-107.523849,0.9999880507,-0.0047936659,0.0009587441,,,,
29692,0.0,-1032.842407,159.477631,-107.511627,0.9999880507,-0.0047936659,0.0009587441,,,,
29693,0.0,-1033.106323,159.478897,-107.508415,0.9999880507,-0.0047936659,0.0009587441,,,,
29694,0.0,-1033.305908,159.479858,-107.505508,0.9999880507,-0.0047936659,0.0009587441,,,,
29695,0.0,-1033.528809,159.480927,-107.504532,0.9999880507,-0.0047936659,0.0009587441,,,,
29696,0.0,-1033.646973,159.481491,-107.509354,0.9999880507,-0.0047936659,0.0009587441,,,,
29697,0.0,-1033.756958,159.48201,-107.504631,0.9999880507,-0.0047936659,0.0009587441,,,,
29698,0.0,-1033.814209,159.4823,-107.490181,0.9999880507,-0.0047936659,0.0009587441,,,,
29699,0.0,-1033.833252,159.539078,-107.471771,0.9999880507,-0.0047936659,0.0009587441,,,,
29700,0.0,-1033.814209,159.618271,-107.453156,0.9999880507,-0.0047936659,0.0009587441,,,,
29701,0.0,-1033.797607,159.698853,-107.403511,0.9999880507,-0.0047936659,0.0009587441,,,,
29702,0.0,-1033.775269,159.722763,-107.351021,0.9999880507,-0.0047936659,0.0009587441,,,,
29703,0.0,-1033.752319,159.734314,-107.283737,0.9999880507,-0.0047936659,0.0009587441,,,,
29704,0.0,-1033.731323,159.705002,-107.207222,0.9999834871,-0.0056662483,0.0009587441,,,,
29705,0.0,-1033.693115,159.653198,-107.126961,0.9999772578,-0.0066756747,0.0009587441,,,,
29706,0.0,-1033.653931,159.595276,-107.046112,0.9999770207,-0.006711104,0.0009587441,,,,
29707,0.0,-1033.599243,159.514267,-106.961815,0.9999770207,-0.006711104,0.0009587441,,,,
29708,0.0,-1033.555664,159.47345,-106.88858,0.9999770207,-0.006711104,0.0009587441,,,,
29709,0.0,-1033.466064,159.472839,-106.810036,0.9999770207,-0.006711104,0.0009587441,,,,
29710,0.0,-1033.383667,159.47229,-106.749298,0.9999770207,-0.006711104,0.0009587441,,,,
29711,0.0,-1033.304321,159.464813,-106.72065,0.9999646038,-0.0083589438,0.0009587441,,,,
29712,0.0,-1033.218872,159.425568,-106.696861,0.9998502501,-0.0172788342,0.0009587441,,,,
29713,0.0,-1033.307129,159.268585,-106.698082,0.9985368267,-0.0540674252,0.0009587441,,,,
29714,0.0,-1033.249756,158.742874,-106.655968,0.9861375296,-0.1658725446,0.0043671141,,,,
29715,0.0,-1033.601318,158.132248,-106.697342,0.9423634307,-0.3343422485,0.0129005924,,,,
29716,0.0,-1033.885254,157.768677,-106.769531,0.8564651916,-0.5157379604,0.0219483882,0.127246272,215.097326672,440.6280535021,5.0
29717,0.0,-1034.227295,157.47731,-106.85321,0.7341638162,-0.6784988728,0.0253529204,0.0466543026,133.7340993661,443.0030857285,5.0
29718,0.0,-1034.269897,157.335251,-107.182838,0.5477866838,-0.8362430022,0.0250477593,0.0020129709,28.2661918532,445.7098357612,5.0
29719,0.0,-1034.09021,157.080368,-107.74781,0.3613185678,-0.9321991259,0.0212998185,0.0104607658,64.7091063557,448.5464334693,5.0
29720,0.0,-1033.731567,156.69548,-108.335266,0.2396346021,-0.9706687447,0.0194279574,0.0363845168,120.4850588106,450.7613428865,5.0
29721,0.0,-1032.879639,156.368103,-109.198822,0.1699728709,-0.9853103152,0.0165168355,0.0567719788,150.5623197911,453.3017539469,5.0
29722,0.0,-1031.697632,156.332581,-109.800789,0.1871536841,-0.9822384096,0.0134612481,0.0498233604,142.089881502,455.8371003517,5.0
29723,0.0,-1030.632446,156.496948,-109.89875,0.2157029515,-0.9763984436,0.0108773232,0.0400971653,128.4115183344,458.0679173211,5.0
29724,0.0,-1027.80127,156.988632,-109.868591,0.2193696557,-0.9755848183,0.0105459216,0.0363885848,123.7531032255,462.9624217015,5.0
29725,0.0,-1028.697876,156.068962,-109.507553,0.2193696557,-0.9755848183,0.0105459216,0.036793589,124.7272070475,464.0804947699,5.0
29726,0.0,-1027.963257,155.568375,-109.165985,0.2193696557,-0.9755848183,0.0105459216,0.0361168154,124.379087916,467.0192876904,5.0
29727,0.0,-1025.973633,156.073471,-109.189545,0.2193696557,-0.9755848183,0.0105459216,0.0345099549,122.2544135549,469.4149606074,5.0
29728,0.0,-1023.666626,156.653534,-109.216705,0.2193696557,-0.9755848183,0.0105459216,0.0332648768,120.1657102403,469.8017836159,5.0
29729,0.0,-1021.630005,157.162109,-109.240509,0.2193696557,-0.9755848183,0.0105459216,0.0320957411,118.073162442,469.8135179082,5.0
29730,0.0,-1019.208496,157.765366,-109.268738,0.2193696557,-0.9755848183,0.0105459216,0.0306795968,115.5093890356,469.9311922268,5.0
29731,0.0,-1018.837524,157.857651,-109.273041,0.2193696557,-0.9755848183,0.0105459216,0.0304510685,115.1122289172,470.0421538705,5.0
29732,0.0,-1014.396179,158.957458,-109.324463,0.2193696557,-0.9755848183,0.0105459216,0.0280698633,110.654886384,470.3321709675,5.0
29733,0.0,-1012.185303,159.502335,-109.349976,0.2193696557,-0.9755848183,0.0105459216,0.027001497,108.5902009161,470.4715191251,5.0
29734,0.0,-1009.231934,160.231445,-109.383881,0.2202589104,-0.9753844349,0.0105459216,0.0252817872,105.0993459127,470.3742743488,5.0
29735,0.0,-1006.859924,160.786972,-109.412292,0.2063416638,-0.9784231709,0.0105459216,0.0273182566,109.2121130658,470.4525291342,5.0
29736,0.0,-1004.303955,161.360474,-109.443474,0.1800467189,-0.9835817814,0.012249828,0.0323699864,118.7493843193,470.531159757,5.0
29737,0.0,-1002.008972,161.830994,-109.475082,0.1040829487,-0.9944073137,0.0179118449,0.0529928091,150.9669399739,469.9910671672,5.0
29738,0.0,-1000.052795,162.266327,-109.500061,0.0378029657,-0.9990883849,0.0198326736,0.0747881842,178.1722632827,469.5527011112,5.0
29739,0.0,-997.612915,162.789169,-109.525574,-0.0834809978,-0.9962320079,0.023509775,0.1250045427,227.1420574042,469.1746595334,5.0
29740,0.0,-994.420959,163.241135,-109.546387,-0.2676476743,-0.9629688936,0.0324904965,,,,
29741,0.0,-992.105713,163.516098,-109.55542,-0.4204067691,-0.9063849163,0.0415274844,,,,
29742,0.0,-991.57489,164.912552,-109.556976,-0.6466972305,-0.7607119863,0.0556773385,,,,
29743,0.0,-990.124939,166.095795,-109.556854,-0.7795185684,-0.623239017,0.0626412741,,,,
29744,0.0,-988.565674,167.317902,-109.521362,-0.8853581284,-0.4597880936,0.068817828,,,,
29745,0.0,-987.12439,167.996964,-109.488525,-0.9382879484,-0.3380066165,0.0732615391,,,,
29746,0.0,-980.947998,167.967743,-109.564621,-0.9742876291,-0.2095019746,0.0829007746,,,,
29747,0.0,-979.102356,167.371216,-109.45607,-0.9872735915,-0.1317227755,0.0891064863,,,,
29748,0.0,-977.358948,166.506592,-109.302879,-0.9912404208,-0.0957850459,0.0909266358,,,,
29749,0.0,-976.578552,165.485504,-109.265671,-0.991462972,-0.0933334103,0.0910497099,,,,
29750,0.0,-977.372742,164.427414,-109.464111,-0.991462972,-0.0933334103,0.0910497099,,,,
29751,0.0,-978.258606,163.527664,-109.662949,-0.991462972,-0.0933334103,0.0910497099,,,,
29752,0.0,-979.524963,162.533142,-110.117043,-0.991462972,-0.0933334103,0.0910497099,,,,
29753,0.0,-980.126282,161.190857,-109.922501,-0.991462972,-0.0933334103,0.0910497099,,,,
29754,0.0,-980.207214,159.825729,-109.21022,-0.991462972,-0.0933334103,0.0910497099,,,,
29755,0.0,-980.604126,158.532959,-108.649307,-0.991462972,-0.0933334103,0.0910497099,,,,
29756,0.0,-981.445984,157.86142,-108.567558,-0.991462972,-0.0933334103,0.0910497099,,,,
29757,0.0,-982.886169,157.159531,-108.785721,-0.991462972,-0.0933334103,0.0910497099,,,,
29758,0.0,-984.627625,156.449799,-109.008415,-0.991462972,-0.0933334103,0.0910497099,,,,
29759,0.0,-986.359924,155.864807,-109.30954,-0.991462972,-0.0933334103,0.0910497099,,,,
29760,0.0,-988.535706,155.199768,-109.61982,-0.991462972,-0.0933334103,0.0910497099,,,,
29761,0.0,-990.472778,154.664139,-109.822327,-0.991462972,-0.0933334103,0.0910497099,,,,
29762,0.0,-994.588562,153.617447,-109.892143,-0.9915359774,-0.0933402829,0.0902440976,,,,
29763,0.0,-995.730011,153.4768145,-109.8201675,-0.9919609972,-0.0788473129,0.0976304099,,,,
29764,0.0,-998.991638,153.1642,-109.565636,-0.9939305698,-0.0312837999,0.1054672762,,,,
29765,0.0,-1001.34314,152.895599,-109.363159,-0.9941104371,-0.0089982152,0.1079975512,,,,
29766,0.0,-1003.695435,152.649734,-109.187004,-0.9937898629,0.0099987559,0.1108229814,,,,
29767,0.0,-1006.266235,152.460281,-108.989021,-0.9929086994,0.0344028325,0.1137926178,,,,
29768,0.0,-1007.6033935,152.3933485,-108.9269715,-0.9922512438,0.0469874732,0.1143265332,,,,
29769,0.0,-1014.210205,155.398773,-108.634155,-0.9904233198,0.0765630301,0.1148901654,,,,
29770,0.0,-1017.123291,155.276764,-108.62912,-0.9892736106,0.0902107379,0.1148901481,,,,
29771,0.0,-1020.094421,155.205658,-108.612427,-0.9889774007,0.0934020703,0.1148901827,,,,
29772,0.0,-1023.285828,155.178543,-108.610535,-0.9889609455,0.0935761626,0.1148901654,,,,
29773,0.0,-1026.045044,155.19252,-108.610535,-0.9889609455,0.0935761626,0.1148901654,,,,
29774,0.0,-1029.332764,155.245941,-108.610535,-0.9889609455,0.0935761626,0.1148901654,,,,
29775,0.0,-1032.160278,155.325165,-108.610535,-0.9889609455,0.0935761626,0.1148901654,,,,
29776,0.0,-1035.369751,155.443298,-108.610535,-0.9889609455,0.0935761626,0.1148901654,,,,
29777,0.0,-1038.0979,155.566803,-108.610535,-0.9889609455,0.0935761626,0.1148901654,,,,
29778,0.0,-1041.697266,155.757629,-108.610535,-0.9889609455,0.0935761626,0.1148901654,,,,
29779,0.0,-1044.674194,155.938705,-108.610535,-0.9889609455,0.0935761626,0.1148901654,,,,
29780,0.0,-1047.805176,156.146606,-108.610535,-0.9889609455,0.0935761626,0.1148901654,,,,
29781,0.0,-1051.387939,156.407028,-108.615417,-0.9889609455,0.0935761626,0.1148901654,,,,
29782,0.0,-1054.300293,156.635651,-108.62146,-0.9889609455,0.0935761626,0.1148901654,,,,
29783,0.0,-1057.689209,156.915894,-108.629303,-0.9889609455,0.0935761626,0.1148901654,,,,
29784,0.0,-1061.334595,157.233994,-108.638489,-0.9889609455,0.0935761626,0.1148901654,,,,
29785,0.0,-1064.622559,157.537811,-108.647461,-0.9889609455,0.0935761626,0.1148901654,,,,
29786,0.0,-1067.086304,157.774185,-108.654602,-0.9889609455,0.0935761626,0.1148901654,,,,
29787,0.0,-1070.839233,158.145874,-108.665985,-0.9889609455,0.0935761626,0.1148901654,,,,
29788,0.0,-1074.122681,158.481644,-108.676453,-0.9889609455,0.0935761626,0.1148901654,,,,
29789,0.0,-1077.519287,158.840576,-108.687744,-0.9889609455,0.0935761626,0.1148901654,,,,
29790,0.0,-1081.171509,159.236786,-108.700317,-0.9889609455,0.0935761626,0.1148901654,,,,
29791,0.0,-1084.097534,159.561325,-108.710754,-0.9889609455,0.0935761626,0.1148901654,,,,
29792,0.0,-1087.312256,159.923126,-108.722504,-0.9889609455,0.0935761626,0.1148901654,,,,
29793,0.0,-1090.421875,160.278275,-108.734131,-0.9889609455,0.0935761626,0.1148901654,,,,
29794,0.0,-1094.270508,160.724487,-108.748901,-0.9889609455,0.0935761626,0.1148901654,,,,
29795,0.0,-1097.021362,161.04866,-108.759674,-0.9889609455,0.0935761626,0.1148901654,,,,
29796,0.0,-1100.929443,161.44133,-108.775269,-0.9889609455,0.0935761626,0.1148901654,,,,
29797,0.0,-1104.235718,161.705322,-108.788666,-0.9889609455,0.0935761626,0.1148901654,,,,
29798,0.0,-1107.500122,161.98819,-108.802124,-0.9887882604,0.0953835725,0.1148901654,,,,
29799,0.0,-1110.285889,162.334106,-108.813965,-0.9876094878,0.1069006901,0.1148901307,,,,
29800,0.0,-1113.607056,162.9039,-108.828827,-0.984409381,0.1351537245,0.112568385,,,,
29801,0.0,-1117.32312,163.572922,-108.751007,-0.978747438,0.1751891026,0.1065937657,,,,
29802,0.0,-1120.50415,164.040298,-108.591675,-0.9701186248,0.2209925334,0.1001606415,,,,
29803,0.0,-1123.609131,164.538589,-108.433098,-0.9599050007,0.2635628324,0.0954831034,,,,
29804,0.0,-1129.934937,165.834991,-108.115547,-0.9251919404,0.3688034387,0.0894645013,,,,
29805,0.0,-1133.047852,166.808594,-107.957237,-0.909752031,0.4056447198,0.0883380061,,,,
29806,0.0,-1134.7609865,167.2653885,-107.8747865,-0.9061535452,0.413637216,0.0878231849,,,,
29807,0.0,-1139.647339,168.573303,-107.644218,-0.9017606158,0.4233423149,0.0872300192,,,,
29808,0.0,-1142.623779,169.431946,-107.5075,-0.9017242008,0.4234198736,0.0872300192,,,,
29809,0.0,-1145.956665,170.453903,-107.356743,-0.9017242008,0.4234198736,0.0872300192,,,,
29810,0.0,-1149.321289,171.546066,-107.206932,-0.9017242008,0.4234198736,0.0872300192,,,,
29811,0.0,-1152.359497,172.453583,-107.077751,-0.9017242008,0.4234198736,0.0872300192,,,,
29812,0.0,-1155.341919,173.196762,-106.97155,-0.9017242008,0.4234198736,0.0872300192,,,,
29813,0.0,-1158.365601,173.811386,-106.866325,-0.9017242008,0.4234198736,0.0872300192,,,,
29814,0.0,-1161.928101,174.372925,-106.741859,-0.9017242008,0.4234198736,0.0872300192,,,,
29815,0.0,-1164.922119,174.714142,-106.637199,-0.9017242008,0.4234198736,0.0872300192,,,,
29816,0.0,-1168.511597,174.990128,-106.511665,-0.9017242008,0.4234198736,0.0872300192,,,,
29817,0.0,-1171.714844,175.041397,-106.400795,-0.9017242008,0.4234198736,0.0872300192,,,,
29818,0.0,-1174.587891,174.955734,-106.301994,-0.9017242008,0.4234198736,0.0872300192,,,,
29819,0.0,-1177.895752,174.772278,-106.188225,-0.9017242008,0.4234198736,0.0872300192,,,,
29820,0.0,-1180.925171,174.52562,-106.083992,-0.9017242008,0.4234198736,0.0872300192,,,,
29821,0.0,-1184.650146,174.132462,-105.955711,-0.9017242008,0.4234198736,0.0872300192,,,,
29822,0.0,-1187.453003,173.770554,-105.859169,-0.9017242008,0.4234198736,0.0872300192,,,,
29823,0.0,-1191.276733,173.203751,-105.727379,-0.9017242008,0.4234198736,0.0872300192,,,,
29824,0.0,-1194.508667,172.656631,-105.615913,-0.9017242008,0.4234198736,0.0872300192,,,,
29825,0.0,-1197.702271,172.062103,-105.50573,-0.9017242008,0.4234198736,0.0872300192,,,,
29826,0.0,-1200.917725,171.413773,-105.394722,-0.9017242008,0.4234198736,0.0872300192,,,,
29827,0.0,-1204.186279,170.707626,-105.281837,-0.9017242008,0.4234198736,0.0872300192,,,,
29828,0.0,-1206.846436,170.098541,-105.189919,-0.9017242008,0.4234198736,0.0872300192,,,,
29829,0.0,-1210.354492,169.255692,-105.135216,-0.9017242008,0.4234198736,0.0872300192,,,,
29830,0.0,-1213.722656,168.388718,-105.112297,-0.9024760287,0.4218150558,0.0872300192,,,,
29831,0.0,-1216.89563,167.404434,-105.092857,-0.9094014912,0.4066692164,0.0872300192,,,,
29832,0.0,-1219.859253,166.422729,-105.069771,-0.9241868111,0.3718462881,0.0872300192,,,,
29833,0.0,-1223.274292,165.371964,-105.03775,-0.9433698819,0.3202931179,0.0864036138,,,,
29834,0.0,-1226.382812,164.314896,-105.004646,-0.9657891871,0.2450960487,0.08473,,,,
29835,0.0,-1229.495972,163.275925,-104.967537,-0.9836152562,0.159716529,0.0836161361,,,,
29836,0.0,-1233.294434,162.264313,-104.918953,-0.9939804516,0.0710337252,0.0834090631,,,,
29837,0.0,-1236.486816,161.555344,-104.871086,-0.996502528,0.0050635885,0.0834090631,,,,
29838,0.0,-1239.521851,161.114182,-104.764885,-0.9961019504,-0.0287025354,0.0834090457,,,,
29839,0.0,-1242.83252,160.752472,-104.650818,-0.9954635587,-0.0488279853,0.0816586262,,,,
29840,0.0,-1246.318237,160.502594,-104.534416,-0.9953967684,-0.0504314352,0.0814981215,,,,
29841,0.0,-1249.872437,160.263428,-104.415695,-0.9953967684,-0.0504314352,0.0814981215,,,,
29842,0.0,-1252.770752,160.072266,-104.321899,-0.9953967684,-0.0504314352,0.0814981215,,,,
29843,0.0,-1256.512817,159.829742,-104.29715,-0.9953967684,-0.0504314352,0.0814981215,,,,
29844,0.0,-1260.13916,159.599091,-104.298721,-0.9953967684,-0.0504314352,0.0814981215,,,,
29845,0.0,-1263.230591,159.405716,-104.298721,-0.9953967684,-0.0504314352,0.0814981215,,,,
29846,0.0,-1267.286987,159.155792,-104.298721,-0.9953967684,-0.0504314352,0.0814981215,,,,
29847,0.0,-1273.634888,158.773285,-104.298721,-0.9953967684,-0.0504314352,0.0814981215,,,,
29848,0.0,-1278.081299,156.534668,-103.258232,-0.9953967684,-0.0504314352,0.0814981215,,,,
29849,0.0,-1280.1015625,156.478485,-103.064182,-0.9953967684,-0.0504314352,0.0814981215,,,,
29850,0.0,-1282.121826,156.422302,-102.870132,-0.9953967684,-0.0504314352,0.0814981215,,,,
29851,0.0,-1288.546265,156.229828,-102.378563,-0.9953967684,-0.0504314352,0.0814981215,,,,
29852,0.0,-1291.541504,156.160904,-102.178696,-0.9953967684,-0.0504314352,0.0814981215,,,,
29853,0.0,-1295.341309,156.088272,-101.959167,-0.9953967684,-0.0504314352,0.0814981215,,,,
29854,0.0,-1298.302002,155.935486,-101.856239,-0.9953967684,-0.0504314352,0.0814981215,,,,
29855,0.0,-1301.793945,155.760422,-101.606926,-0.9953967684,-0.0504314352,0.0814981215,,,,
29856,0.0,-1304.748535,155.592346,-101.345024,-0.9953967684,-0.0504314352,0.0814981215,,,,
29857,0.0,-1308.32019,155.35054,-101.076912,-0.9953967684,-0.0504314352,0.0814981215,,,,
29858,0.0,-1311.521606,155.099579,-100.901009,-0.9953967684,-0.0504314352,0.0814981215,,,,
29859,0.0,-1315.332397,154.709671,-100.865112,-0.9953967684,-0.0504314352,0.0814981215,,,,
29860,0.0,-1317.433838,154.502594,-100.797745,-0.9953967684,-0.0504314352,0.0814981215,,,,
29861,0.0,-1321.733276,154.038376,-100.823318,-0.9953967684,-0.0504314352,0.0814981215,,,,
29862,0.0,-1325.206909,153.755142,-100.920479,-0.9953967684,-0.0504314352,0.0814981215,,,,
29863,0.0,-1328.445435,153.574356,-100.88987,-0.9953967684,-0.0504314352,0.0814981215,,,,
29864,0.0,-1331.815796,153.376083,-101.101639,-0.9953967684,-0.0504314352,0.0814981215,,,,
29865,0.0,-1334.050537,153.282898,-101.177391,-0.9953967684,-0.0504314352,0.0814981215,,,,
29866,0.0,-1338.098389,153.374176,-101.28334,-0.9953967684,-0.0504314352,0.0814981215,,,,
29867,0.0,-1340.958252,153.61203,-101.15226,-0.9953555618,-0.0512383402,0.0814980867,,,,
29868,0.0,-1344.059937,153.872559,-100.997314,-0.9950732696,-0.0564557094,0.0814981041,,,,
29869,0.0,-1346.759155,154.255829,-100.792625,-0.9943710677,-0.0659155092,0.0829537542,,,,
29870,0.0,-1350.191772,154.823166,-100.706429,-0.9925738483,-0.0868695953,0.0851517997,,,,
29871,0.0,-1353.120239,155.451248,-100.461044,-0.9905958731,-0.1062799921,0.086164839,,,,
29872,0.0,-1355.821045,156.199997,-100.329918,-0.9873445871,-0.1320991675,0.0877523578,,,,
29873,0.0,-1359.150024,157.156845,-100.090202,-0.9809930383,-0.1724228328,0.0890113788,,,,
29874,0.0,-1362.021851,158.062988,-99.882149,-0.9758231805,-0.1992166417,0.0898991101,,,,
29875,0.0,-1365.256958,159.082428,-100.000404,-0.9685020887,-0.2321349075,0.0900948889,,,,
29876,0.0,-1367.981567,160.02597,-100.094246,-0.9618526541,-0.2583067549,0.0900949063,,,,
29877,0.0,-1371.44519,161.131638,-100.316689,-0.9544071838,-0.2845871258,0.0900949236,,,,
29878,0.0,-1374.495483,162.304138,-100.473976,-0.9510516201,-0.2958809899,0.0891922406,,,,
29879,0.0,-1377.305176,163.349136,-100.800575,-0.9488577344,-0.3031136884,0.0882671618,,,,
29880,0.0,-1380.089233,164.374786,-101.428337,-0.9481479379,-0.3053504192,0.0881850861,,,,
29881,0.0,-1383.049927,165.591568,-101.970581,-0.9480804997,-0.3055597483,0.0881850687,,,,
29882,0.0,-1385.753174,166.706604,-102.554863,-0.9480804997,-0.3055597483,0.0881850687,,,,
29883,0.0,-1388.528076,167.929047,-103.224365,-0.9480804997,-0.3055597483,0.0881850687,,,,
29884,0.0,-1391.309082,169.173019,-103.859352,-0.9480804997,-0.3055597483,0.0881850687,,,,
29885,0.0,-1394.266479,170.51297,-104.470078,-0.9480804997,-0.3055597483,0.0881850687,,,,
29886,0.0,-1396.806885,171.700531,-104.973778,-0.9480804997,-0.3055597483,0.0881850687,,,,
29887,0.0,-1402.495605,174.432449,-105.561356,-0.9480804997,-0.3055597483,0.0881850687,,,,
29888,0.0,-1405.571289,175.873199,-105.537529,-0.9480804997,-0.3055597483,0.0881850687,,,,
29889,0.0,-1407.1847535,176.6177825,-105.4241445,-0.9480804997,-0.3055597483,0.0881850687,,,,
29890,0.0,-1408.798218,177.362366,-105.31076,-0.9480804997,-0.3055597483,0.0881850687,,,,
29891,0.0,-1414.856323,180.13652,-104.85025,-0.9480804997,-0.3055597483,0.0881850687,,,,
29892,0.0,-1418.108765,181.634155,-104.609634,-0.9480804997,-0.3055597483,0.0881850687,,,,
29893,0.0,-1420.95459,182.906265,-104.390617,-0.9480804997,-0.3055597483,0.0881850687,,,,
29894,0.0,-1424.406982,184.451767,-104.216606,-0.9480804997,-0.3055597483,0.0881850687,,,,
29895,0.0,-1427.731812,186.000473,-104.121078,-0.9480804997,-0.3055597483,0.0881850687,,,,
29896,0.0,-1431.089111,187.664261,-104.0215,-0.9480804997,-0.3055597483,0.0881850687,,,,
29897,0.0,-1433.624512,188.957642,-104.010994,-0.9480804997,-0.3055597483,0.0881850687,,,,
29898,0.0,-1437.468506,191.074112,-104.172539,-0.9480804997,-0.3055597483,0.0881850687,,,,
29899,0.0,-1440.131958,192.595352,-104.237991,-0.9521461931,-0.2926448661,0.0881850861,,,,
29900,0.0,-1443.287598,194.666306,-104.480606,-0.9683413107,-0.2335347932,0.0881850687,,,,
29901,0.0,-1446.620239,197.016159,-104.761795,-0.9909513745,-0.1011867773,0.0881850861,,,,
29902,0.0,-1449.230957,199.199142,-105.071777,-0.9964563103,0.0142562518,0.082895,,,,
29903,0.0,-1452.648193,201.987854,-105.147545,-0.9854757341,0.154783523,0.069854409,,,,
29904,0.0,-1455.455688,204.02562,-105.112129,-0.9759199648,0.2100827671,0.0586979838,,,,
29905,0.0,-1458.904785,206.088364,-105.245453,-0.9734302746,0.2225741569,0.0537981892,,,,
29906,0.0,-1461.655273,207.485794,-105.321442,-0.973449334,0.2227165561,0.0528557453,,,,
29907,0.0,-1464.980835,209.110321,-105.42543,-0.9741560371,0.2192031948,0.0544974751,,,,
29908,0.0,-1469.572998,215.239792,-104.298721,-0.9750530952,0.2149359824,0.0554435294,,,,
29909,0.0,-1472.720093,216.654449,-104.298721,-0.9755549756,0.2126112819,0.0555781656,,,,
29910,0.0,-1476.053223,217.996109,-104.298721,-0.9755995177,0.2124068044,0.0555781481,,,,
29911,0.0,-1479.253418,219.190201,-104.298721,-0.9753954292,0.2133420401,0.0555781481,,,,
29912,0.0,-1481.943237,220.149307,-104.298721,-0.9754399323,0.213351774,0.0547536206,,,,
29913,0.0,-1485.362793,221.331009,-104.298721,-0.9755896489,0.2133845205,0.0518833623,,,,
29914,0.0,-1488.578003,222.403885,-104.298721,-0.9756894264,0.2134063442,0.0498786072,,,,
29915,0.0,-1491.678345,223.406693,-104.298721,-0.9756916153,0.213406823,0.0498337209,,,,
29916,0.0,-1494.871704,224.410889,-104.298721,-0.9756916153,0.213406823,0.0498337209,,,,
29917,0.0,-1497.951904,225.354187,-104.298721,-0.9756916153,0.213406823,0.0498337209,,,,
29918,0.0,-1500.894409,226.234116,-104.298721,-0.9756916153,0.213406823,0.0498337209,,,,
29919,0.0,-1504.23645,227.211792,-104.298721,-0.9756916153,0.213406823,0.0498337209,,,,
29920,0.0,-1507.304321,228.081024,-104.298721,-0.9758751094,0.2125661568,0.0498337209,,,,
29921,0.0,-1510.463867,228.924545,-104.298721,-0.976837322,0.2083024264,0.048979031,,,,
29922,0.0,-1513.712646,229.727264,-104.298721,-0.978774452,0.1992397831,0.048000844,,,,
29923,0.0,-1516.755859,230.463745,-104.298721,-0.9804449136,0.1910780883,0.0470843445,,,,
29924,0.0,-1520.179443,231.314224,-104.298721,-0.9813462884,0.1864246136,0.0469608944,,,,
29925,0.0,-1523.533569,232.166672,-104.298721,-0.9814277336,0.186234562,0.0460031691,,,,
29926,0.0,-1526.12439,232.805206,-104.298721,-0.9815725072,0.1854699974,0.0460031865,,,,
29927,0.0,-1529.336914,233.745224,-104.298721,-0.9820910646,0.1829067586,0.0451913541,,,,
29928,0.0,-1532.482666,234.859131,-104.298721,-0.9829904918,0.1782616596,0.0441868048,,,,
29929,0.0,-1535.082275,235.895157,-104.298721,-0.9846095487,0.1695040819,0.0425723258,,,,
29930,0.0,-1538.529419,237.395462,-104.298721,-0.9869854895,0.1556638876,0.0403534093,,,,
29931,0.0,-1541.503174,238.861633,-104.298721,-0.9888008283,0.1439675868,0.0393224596,,,,
29932,0.0,-1544.11792,240.329605,-104.298721,-0.9896095702,0.1385487317,0.0384336774,,,,
29933,0.0,-1549.590576,243.838425,-104.298721,-0.9902218139,0.134375436,0.0374700079,,,,
29934,0.0,-1551.994873,245.524399,-104.298721,-0.9906152533,0.1319003792,0.0358288962,,,,
29935,0.0,-1555.039429,247.754593,-104.298721,-0.9913919529,0.1267815851,0.0326867766,,,,
29936,0.0,-1557.399536,249.52507,-104.3442,-0.9924884751,0.1183648298,0.0309256188,,,,
29937,0.0,-1560.15979,251.634048,-104.452103,-0.9940280667,0.1047246797,0.0306748119,,,,
29938,0.0,-1562.409912,253.629608,-104.549675,-0.9951539771,0.0936928913,0.029836286,,,,
29939,0.0,-1564.427734,255.548218,-104.638756,-0.9952923469,0.0922500604,0.0297165049,,,,
29940,0.0,-1566.459351,257.49292,-104.728661,-0.9952923469,0.0922500604,0.0297165049,,,,
29941,0.0,-1568.202393,259.161438,-104.805794,-0.9952923469,0.0922500604,0.0297165049,,,,
29942,0.0,-1570.209106,261.082489,-104.8946,-0.9952923469,0.0922500604,0.0297165049,,,,
29943,0.0,-1570.3762815,261.2392425,-104.9019545,-0.9953236814,0.0919710502,0.0295293302,,,,
29944,0.0,-1573.024902,263.50177,-105.016502,-0.9974563165,0.0659847604,0.0269612317,,,,
29945,0.0,-1574.424683,264.497681,-105.079865,-0.9992475997,0.0211633628,0.0325014862,,,,
29946,0.0,-1574.736328,264.565063,-105.095024,-0.9990363521,-0.0105397978,0.0426061021,,,,
29947,0.0,-1575.081787,264.737152,-105.108521,-0.9980326509,-0.025484644,0.0572831616,,,,
29948,0.0,-1575.370239,264.949188,-105.117439,-0.9976934754,-0.0228926339,0.0639034927,,,,
29949,0.0,-1575.606323,265.17984,-105.122894,-0.9979490114,-0.0089840652,0.0633802586,,,,
29950,0.0,-1575.735718,265.414062,-105.126122,-0.9984920406,0.0106284678,0.0538579672,,,,
29951,0.0,-1575.698608,265.507874,-105.126396,-0.9987886109,0.0210506415,0.0444767502,,,,
29952,0.0,-1575.745605,265.51947,-105.126335,-0.9988978308,0.022413496,0.0412402575,,,,
29953,0.0,-1575.745605,265.51947,-105.126335,-0.9988989113,0.0224135203,0.041214065,,,,
29954,0.0,-1575.745605,265.51947,-105.126335,-0.9988650176,0.0224127598,0.0420279043,,,,
29955,0.0,-1575.747681,265.526123,-105.126335,-0.9988085364,0.0231824975,0.042942747,,,,
29956,0.0,-1575.763184,265.579102,-105.126328,-0.9985242543,0.0293482784,0.0456945532,,,,
29957,0.0,-1575.803223,265.728577,-105.126335,-0.9978133329,0.0465520282,0.0469197326,,,,
29958,0.0,-1575.80896,265.75238,-105.126335,-0.9976965513,0.0492653945,0.0466316675,,,,
29959,0.0,-1575.841309,265.896729,-105.126335,-0.9969043132,0.0656034618,0.0433356211,,,,
29960,0.0,-1575.851318,265.946533,-105.126335,-0.9965708853,0.0711876419,0.0421757072,,,,
29961,0.0,-1575.851318,265.946686,-105.126335,-0.996569716,0.0712062294,0.0421719581,,,,
29962,0.0,-1575.836304,265.872894,-105.126343,-0.9969220389,0.0629109026,0.0467831886,,,,
29963,0.0,-1575.790039,265.676971,-105.126335,-0.9974088954,0.0406106033,0.0593824404,,,,
29964,0.0,-1575.744873,265.517059,-105.126343,-0.997522149,0.022098773,0.066792264,,,,
29965,0.0,-1575.726929,265.459412,-105.126343,-0.9974549347,0.015348473,0.0696281383,,,,
29966,0.0,-1575.725098,265.453308,-105.126335,-0.9974445281,0.0146322536,0.0699307546,,,,
29967,0.0,-1575.725098,265.453308,-105.126335,-0.9975703975,0.0146341001,0.0681112701,,,,
29968,0.0,-1575.717896,265.431183,-105.126335,-0.9978424266,0.0120309732,0.0645426016,,,,
29969,0.0,-1575.707397,265.400055,-105.126335,-0.9980641621,0.00835351,0.0616291101,,,,
29970,0.0,-1575.706299,265.396576,-105.126335,-0.9980865115,0.007942473,0.0613207363,,,,
29971,0.0,-1575.731079,265.47226,-105.126328,-0.9978680805,0.0168609479,0.0630476197,,,,
29972,0.0,-1575.753784,265.5493165,-105.1263315,-0.9976601179,0.025826293,0.0626635745,,,,
29973,0.0,-1575.79248,265.686768,-105.126335,-0.9972806313,0.0417352882,0.0607413219,,,,
29974,0.0,-1575.797485,265.7062535,-105.126335,-0.9972214722,0.0439637293,0.0600927276,,,,
29975,0.0,-1575.804199,265.733002,-105.126335,-0.9970828583,0.0470193154,0.0601245175,,,,
29976,0.0,-1575.806396,265.741913,-105.126335,-0.9969725466,0.0480338648,0.0611431861,,,,
29977,0.0,-1575.808838,265.751801,-105.126335,-0.9968484972,0.0491524476,0.0622664473,,,,
29978,0.0,-1575.809326,265.75351,-105.126335,-0.9968261536,0.0493514742,0.0624664036,,,,
29979,0.0,-1575.8120115,265.76503,-105.126335,-0.9966461052,0.0506511816,0.0642351068,,,,
29980,0.0,-1575.814697,265.77655,-105.126335,-0.9964660567,0.0519508889,0.06600381,,,,
29981,0.0,-1575.277832,263.560944,-104.320343,-0.9964055566,0.0529729946,0.0661046787,,,,
29982,0.0,-1575.255371,263.55188,-104.312103,-0.9964504203,0.0521222292,0.0661047135,,,,
29983,0.0,-1575.221191,263.597778,-104.391464,-0.9966229969,0.0487111235,0.0661046787,,,,
29984,0.0,-1575.206299,263.639099,-104.441689,-0.9970239738,0.0396656921,0.0661046787,,,,
29985,0.0,-1575.188721,263.728821,-104.514069,-0.9972828051,0.0308879165,0.0668800667,,,,
29986,0.0,-1575.184082,263.818939,-104.574966,-0.9973167262,0.0192709842,0.0706256106,,,,
29987,0.0,-1575.995605,263.355804,-104.722618,-0.9969984111,0.0121931435,0.0764558398,,,,
29988,0.0,-1575.732544,263.375641,-104.689056,-0.9963416403,-0.0059445296,0.0852525564,,,,
29989,0.0,-1577.344604,262.170959,-105.017792,-0.9947571958,-0.0405628775,0.0938763781,,,,
29990,0.0,-1576.96106,262.171539,-104.948318,-0.9888816344,-0.1083020215,0.1019008603,,,,
29991,0.0,-1576.627197,262.220337,-104.70742,-0.9732855256,-0.2020021244,0.1091349042,,,,
29992,0.0,-1578.054321,261.1604,-104.920944,-0.966502843,-0.231905052,0.1099650004,,,,
29993,0.0,-1578.646118,261.088623,-105.017967,-0.9646512623,-0.2400919344,0.1086453183,,,,
29994,0.0,-1579.231079,261.111328,-105.054405,-0.964927893,-0.2399362048,0.1065118725,,,,
29995,0.0,-1579.421997,261.0466,-105.059685,-0.9651789388,-0.2394209025,0.105390927,,,,
29996,0.0,-1581.621948,260.757965,-105.918015,-0.9677621734,-0.2338961812,0.0934288616,,,,
29997,0.0,-1582.925415,260.437897,-106.091026,-0.9680126582,-0.2337149709,0.0912622924,,,,
29998,0.0,-1584.495483,259.714844,-106.424591,-0.9680315738,-0.2337195378,0.0910497099,,,,
29999,0.0,-1585.982422,258.912628,-106.684708,-0.9678387247,-0.2345168508,0.0910497099,,,,
30000,0.0,-1587.531616,257.89151,-107.180092,-0.9678070517,-0.234647525,0.0910497099,,,,
30001,0.0,-1588.950439,256.752716,-107.355293,-0.9678070517,-0.234647525,0.0910497099,,,,
30002,0.0,-1590.766235,255.063248,-107.580482,-0.9678070517,-0.234647525,0.0910497099,,,,
30003,0.0,-1592.328613,253.478409,-107.765152,-0.9678070517,-0.234647525,0.0910497099,,,,
30004,0.0,-1593.659424,252.059036,-107.881653,-0.9678070517,-0.234647525,0.0910497099,,,,
30005,0.0,-1594.988037,250.60318,-107.934845,-0.9678070517,-0.234647525,0.0910497099,,,,
30006,0.0,-1596.335693,249.01268,-107.985275,-0.9678070517,-0.234647525,0.0910497099,,,,
30007,0.0,-1597.635132,247.453476,-107.989265,-0.9678070517,-0.234647525,0.0910497099,,,,
30008,0.0,-1599.065552,245.741852,-107.931358,-0.9678070517,-0.234647525,0.0910497099,,,,
30009,0.0,-1600.252808,244.291016,-107.868385,-0.9678070517,-0.234647525,0.0910497099,,,,
30010,0.0,-1601.762695,243.003006,-107.46064,-0.9678070517,-0.234647525,0.0910497099,,,,
30011,0.0,-1603.133789,242.199661,-107.262398,-0.9678070517,-0.234647525,0.0910497099,,,,
30012,0.0,-1604.354126,241.85701,-106.787109,-0.9678070517,-0.234647525,0.0910497099,,,,
30013,0.0,-1607.92749,241.184113,-106.486816,-0.9678070517,-0.234647525,0.0910497099,,,,
30014,0.0,-1608.9852905,240.96917,-106.488342,-0.9678070517,-0.234647525,0.0910497099,,,,
30015,0.0,-1612.126953,240.342026,-106.703827,-0.9678070517,-0.234647525,0.0910497099,,,,
30016,0.0,-1613.3825075,240.2475815,-106.802185,-0.9678070517,-0.234647525,0.0910497099,,,,
30017,0.0,-1614.638062,240.153137,-106.900543,-0.9678070517,-0.234647525,0.0910497099,,,,
30018,0.0,-1616.748657,240.247192,-107.023872,-0.9678070517,-0.234647525,0.0910497099,,,,
30019,0.0,-1619.032593,240.514069,-107.079857,-0.9678070517,-0.234647525,0.0910497099,,,,
30020,0.0,-1623.492432,241.034683,-107.037651,-0.9678070517,-0.234647525,0.0910497099,,,,
30021,0.0,-1625.692017,241.101273,-107.031021,-0.9678070517,-0.234647525,0.0910497099,,,,
30022,0.0,-1627.785767,241.195358,-106.931473,-0.9678070517,-0.234647525,0.0910497099,,,,
30023,0.0,-1630.36145,241.166977,-106.784203,-0.9679970152,-0.2338626215,0.0910497273,,,,
30024,0.0,-1632.835938,240.898575,-106.571152,-0.9682443514,-0.2328364731,0.0910497273,,,,
30025,0.0,-1634.928833,240.333328,-106.597473,-0.9688055962,-0.2304900516,0.0910497273,,,,
30026,0.0,-1637.965698,239.254715,-106.855225,-0.9693592117,-0.2281505335,0.0910497273,,,,
30027,0.0,-1640.287231,238.229645,-107.045914,-0.9695663671,-0.2272685788,0.0910497273,,,,
30028,0.0,-1642.393921,237.153214,-107.216125,-0.9698338018,-0.2264480853,0.0902422378,,,,
30029,0.0,-1644.648315,235.982529,-107.531609,-0.9701602941,-0.2247951825,0.0908632471,,,,
30030,0.0,-1646.806274,234.657196,-107.729851,-0.9707409323,-0.2221981004,0.0910496926,,,,
30031,0.0,-1648.923706,233.290665,-108.00679,-0.971136707,-0.2201484747,0.0918049315,,,,
30032,0.0,-1651.285522,231.572556,-108.233116,-0.9714068899,-0.2188694642,0.0920044125,,,,
30033,0.0,-1653.278442,230.027283,-108.410553,-0.9714171477,-0.2188239245,0.0920044299,,,,
30034,0.0,-1654.976562,228.641739,-108.521736,-0.9714171477,-0.2188239245,0.0920044299,,,,
30035,0.0,-1657.206055,226.718002,-108.570755,-0.9714171477,-0.2188239245,0.0920044299,,,,
30036,0.0,-1658.939941,225.05481,-108.551903,-0.9714171477,-0.2188239245,0.0920044299,,,,
30037,0.0,-1660.678955,223.37294,-108.496544,-0.9714171477,-0.2188239245,0.0920044299,,,,
30038,0.0,-1662.295654,221.548111,-108.359764,-0.9714171477,-0.2188239245,0.0920044299,,,,
30039,0.0,-1664.539917,219.020325,-108.156769,-0.9724369266,-0.2142465994,0.0920044473,,,,
30040,0.0,-1666.24231,217.026855,-107.987617,-0.9730158332,-0.2116019291,0.0920044125,,,,
30041,0.0,-1667.835327,215.064133,-107.816429,-0.9737385978,-0.2082506452,0.0920044125,,,,
30042,0.0,-1669.820557,212.425842,-107.507652,-0.974450909,-0.2048917053,0.0920044299,,,,
30043,0.0,-1671.520996,210.133331,-107.257965,-0.9748404766,-0.203030113,0.0920044473,,,,
30044,0.0,-1673.088867,208.042221,-107.114174,-0.975189558,-0.201346735,0.0920044473,,,,
30045,0.0,-1675.010986,205.03511,-106.632248,-0.9754530246,-0.2000664511,0.0920044125,,,,
30046,0.0,-1676.128906,203.248962,-106.280228,-0.9754533967,-0.2000646291,0.0920044299,,,,
30047,0.0,-1678.473511,200.516785,-106.069115,-0.9754533967,-0.2000646291,0.0920044299,,,,
30048,0.0,-1680.300171,198.357544,-105.996422,-0.9754533967,-0.2000646291,0.0920044299,,,,
30049,0.0,-1682.376221,196.339355,-105.995926,-0.9754533967,-0.2000646291,0.0920044299,,,,
30050,0.0,-1684.739502,194.572586,-106.178596,-0.9761192396,-0.19679029,0.0920044125,,,,
30051,0.0,-1687.448608,192.435776,-106.358238,-0.9773138327,-0.1907691285,0.0920044125,,,,
30052,0.0,-1689.77124,190.420975,-106.504356,-0.9782833431,-0.1861877549,0.0910813951,,,,
30053,0.0,-1691.698608,188.646759,-106.612534,-0.9787447671,-0.1837624227,0.0910497273,,,,
30054,0.0,-1693.953125,186.389053,-106.73098,-0.9789899537,-0.1824516858,0.0910497273,,,,
30055,0.0,-1696.407349,183.915817,-106.661606,-0.9790220101,-0.1822796041,0.0910497099,,,,
30056,0.0,-1698.378662,181.833252,-106.62249,-0.9790220101,-0.1822796041,0.0910497099,,,,
30057,0.0,-1700.685913,179.317154,-106.532272,-0.9790220101,-0.1822796041,0.0910497099,,,,
30058,0.0,-1702.678955,177.002213,-106.703957,-0.9790220101,-0.1822796041,0.0910497099,,,,
30059,0.0,-1705.645264,172.525497,-106.651482,-0.9790220101,-0.1822796041,0.0910497099,,,,
30060,0.0,-1706.853394,170.149063,-106.304184,-0.9790220101,-0.1822796041,0.0910497099,,,,
30061,0.0,-1708.062744,167.14978,-106.092926,-0.9788574379,-0.1831613128,0.0910497099,,,,
30062,0.0,-1708.719116,165.007812,-105.316689,-0.9782348314,-0.1864579442,0.0910497099,,,,
30063,0.0,-1709.392212,162.47789,-105.017868,-0.9764665906,-0.1958559933,0.0902963307,,,,
30064,0.0,-1709.829956,159.763321,-104.50753,-0.9733805496,-0.2110704657,0.0893284066,,,,
30065,0.0,-1710.332642,156.389282,-104.280502,-0.9701588748,-0.2258500419,0.0882242377,,,,
30066,0.0,-1710.484497,154.176651,-104.091957,-0.9688065949,-0.2318649592,0.0874781257,,,,
30067,0.0,-1710.715698,151.121002,-104.035637,-0.9679958163,-0.2353189757,0.0872300366,,,,
30068,0.0,-1710.830566,148.137238,-104.037354,-0.9679137856,-0.2356561633,0.0872300192,,,,
30069,0.0,-1710.894897,145.130936,-104.153938,-0.9679137856,-0.2356561633,0.0872300192,,,,
30070,0.0,-1710.866943,142.068893,-104.315468,-0.9679137856,-0.2356561633,0.0872300192,,,,
30071,0.0,-1710.757202,139.876297,-104.456367,-0.9679137856,-0.2356561633,0.0872300192,,,,
30072,0.0,-1710.49585,136.515854,-104.713226,-0.9681238934,-0.234791505,0.0872300192,,,,
30073,0.0,-1710.283203,133.561203,-104.771683,-0.9683432592,-0.2338851344,0.0872300192,,,,
30074,0.0,-1709.94751,130.984055,-104.90451,-0.9685435309,-0.2330543918,0.0872300366,,,,
30075,0.0,-1709.574707,128.084824,-105.002129,-0.9691057955,-0.2307051816,0.0872300192,,,,
30076,0.0,-1709.145386,124.606483,-105.028885,-0.9700437047,-0.2267292034,0.0872300366,,,,
30077,0.0,-1708.831177,121.69976,-105.031036,-0.9708191632,-0.2233854876,0.0872300192,,,,
30078,0.0,-1708.244263,118.110847,-104.877731,-0.9715801643,-0.2200520578,0.0872300192,,,,
30079,0.0,-1707.871094,115.330559,-104.706436,-0.9717890545,-0.2191277192,0.0872300192,,,,
30080,0.0,-1707.386108,111.597305,-104.527321,-0.9720236177,-0.2180848699,0.0872300192,,,,
30081,0.0,-1706.980103,108.058731,-104.227104,-0.9720456816,-0.2179865056,0.0872300192,,,,
30082,0.0,-1706.584351,105.003815,-104.110687,-0.9720456816,-0.2179865056,0.0872300192,,,,
30083,0.0,-1706.098999,101.191917,-103.903648,-0.9720456816,-0.2179865056,0.0872300192,,,,
30084,0.0,-1705.63623,97.574173,-103.809021,-0.9720456816,-0.2179865056,0.0872300192,,,,
30085,0.0,-1705.129517,93.841225,-103.836006,-0.9720456816,-0.2179865056,0.0872300192,,,,
30086,0.0,-1704.529907,90.442146,-103.845413,-0.9720456816,-0.2179865056,0.0872300192,,,,
30087,0.0,-1703.8479,86.997513,-103.875847,-0.9720456816,-0.2179865056,0.0872300192,,,,
30088,0.0,-1703.247681,84.013741,-103.910263,-0.9720456816,-0.2179865056,0.0872300192,,,,
30089,0.0,-1702.737061,80.543503,-104.12516,-0.9720456816,-0.2179865056,0.0872300192,,,,
30090,0.0,-1702.099121,77.544807,-104.119888,-0.9720456816,-0.2179865056,0.0872300192,,,,
30091,0.0,-1701.529663,75.007736,-104.243874,-0.9720456816,-0.2179865056,0.0872300192,,,,
30092,0.0,-1701.233398,72.78405,-104.401413,-0.9720456816,-0.2179865056,0.0872300192,,,,
30093,0.0,-1700.876099,70.256264,-104.624664,-0.9724286566,-0.2162716613,0.0872300192,,,,
30094,0.0,-1700.648315,68.099365,-104.775406,-0.9734109162,-0.2125565241,0.0853868393,,,,
30095,0.0,-1700.438965,66.353134,-104.918648,-0.9748593242,-0.2065379853,0.0836143447,,,,
30096,0.0,-1700.246948,64.745209,-105.062515,-0.9762784402,-0.2004584689,0.0818340362,,,,
30097,0.0,-1699.942993,62.710201,-105.180801,-0.9775044264,-0.1949083796,0.0805966498,,,,
30098,0.0,-1699.929321,58.822136,-105.458733,-0.9778974324,-0.1937363036,0.0786311407,,,,
30099,0.0,-1700.206909,57.550831,-105.51046,-0.9778974324,-0.1937363036,0.0786311407,,,,
30100,0.0,-1700.980469,54.137291,-105.667648,-0.9778974324,-0.1937363036,0.0786311407,,,,
30101,0.0,-1701.624512,51.875393,-105.894569,-0.9778974324,-0.1937363036,0.0786311407,,,,
30102,0.0,-1702.47937,49.256439,-106.12088,-0.9778974324,-0.1937363036,0.0786311407,,,,
30103,0.0,-1703.290405,47.156704,-106.356392,-0.9778974324,-0.1937363036,0.0786311407,,,,
30104,0.0,-1704.075928,45.019783,-106.481041,-0.9780412172,-0.1930091222,0.0786311407,,,,
30105,0.0,-1705.170898,42.449028,-106.667503,-0.9785514204,-0.1911402919,0.0768277719,,,,
30106,0.0,-1706.218018,40.425735,-106.819199,-0.9788033467,-0.1902287173,0.0758751849,,,,
30107,0.0,-1707.396118,37.99894,-106.796059,-0.9787117585,-0.1907817163,0.0756678963,,,,
30108,0.0,-1708.559326,35.613335,-106.705452,-0.9783607342,-0.1931425544,0.0742039579,,,,
30109,0.0,-1710.008789,32.932682,-106.403069,-0.9781003682,-0.1946272113,0.073755802,,,,
30110,0.0,-1711.364868,30.544046,-106.205475,-0.9780766248,-0.1947465028,0.0737557846,,,,
30111,0.0,-1712.652222,28.102365,-106.05175,-0.9780766248,-0.1947465028,0.0737557846,,,,
30112,0.0,-1714.258545,25.288492,-105.831963,-0.9779041041,-0.1956109527,0.073755802,,,,
30113,0.0,-1715.604858,22.978256,-105.714249,-0.9778894632,-0.1956841385,0.0737557846,,,,
30114,0.0,-1717.22168,20.19792,-105.614876,-0.9778894632,-0.1956841385,0.0737557846,,,,
30115,0.0,-1718.962891,17.301258,-105.581543,-0.9778894632,-0.1956841385,0.0737557846,,,,
30116,0.0,-1720.639038,14.486952,-105.692589,-0.9778894632,-0.1956841385,0.0737557846,,,,
30117,0.0,-1721.939697,12.215839,-105.804626,-0.9778894632,-0.1956841385,0.0737557846,,,,
30118,0.0,-1723.619507,9.425174,-106.042854,-0.9777220287,-0.1965190038,0.0737557846,,,,
30638,0.0,-1560.559204,-1038.775757,-149.168549,0.803210483,-0.5876236802,0.0977309084,,,,
30639,0.0,-1560.506836,-1038.814209,-149.078995,0.803210483,-0.5876236802,0.0977309084,,,,
30640,0.0,-1560.434937,-1038.866821,-149.07402,0.803210483,-0.5876236802,0.0977309084,,,,
30641,0.0,-1559.39856,-1041.573242,-150.331116,0.7707094138,-0.6293923033,0.0993595896,,,,
30642,0.0,-1558.99939,-1044.062866,-151.620438,0.7329711151,-0.6726978462,0.1011481694,,,,
30643,0.0,-1558.9243165,-1045.4766235,-152.2822495,0.7013455625,-0.7039135061,0.1031578691,,,,
30644,0.0,-1558.303467,-1049.391602,-153.309631,0.6238628737,-0.7740639601,0.1077965699,,,,
30645,0.0,-1557.798462,-1051.927856,-153.784821,0.5741246547,-0.811273458,0.1105271788,,,,
30646,0.0,-1557.218506,-1054.990723,-154.336777,0.510340899,-0.8525197227,0.1129703023,,,,
30647,0.0,-1556.849487,-1057.054565,-154.72377,0.4650195898,-0.8780610058,0.1129851814,,,,
30648,0.0,-1556.283691,-1059.731079,-155.251205,0.4149905433,-0.9027830292,0.1129851814,,,,
30649,0.0,-1555.803955,-1061.759766,-155.696655,0.3822622485,-0.9171204513,0.1129851814,,,,
30650,0.0,-1555.063232,-1064.347412,-156.276505,0.3540915877,-0.9284707063,0.1120771837,,,,
30651,0.0,-1554.239136,-1066.632812,-156.803604,0.3469844085,-0.931155481,0.1120325418,,,,
30652,0.0,-1553.40686,-1068.77356,-157.317474,0.3468502476,-0.9312054656,0.1120325245,,,,
30653,0.0,-1552.464355,-1070.964966,-157.82547,0.3468502476,-0.9312054656,0.1120325245,,,,
30654,0.0,-1551.579224,-1072.811523,-158.243927,0.3468502476,-0.9312054656,0.1120325245,,,,
30655,0.0,-1550.433594,-1075.183228,-158.74614,0.3468502476,-0.9312054656,0.1120325245,,,,
30656,0.0,-1549.505493,-1077.049316,-159.087128,0.3468502476,-0.9312054656,0.1120325245,,,,
30657,0.0,-1548.631104,-1078.938232,-159.491898,0.3468502476,-0.9312054656,0.1120325245,,,,
30658,0.0,-1547.35498,-1081.340576,-159.878464,0.3468502476,-0.9312054656,0.1120325245,,,,
30659,0.0,-1546.400513,-1083.227661,-160.205963,0.3468502476,-0.9312054656,0.1120325245,,,,
30660,0.0,-1545.442261,-1085.217773,-160.616959,0.3468502476,-0.9312054656,0.1120325245,,,,
30661,0.0,-1544.094727,-1087.63855,-160.984818,0.3441804094,-0.9321955564,0.1120325418,,,,
30662,0.0,-1543.16626,-1089.481323,-161.279984,0.3377014655,-0.9346654833,0.1111672365,,,,
30663,0.0,-1542.291016,-1091.317871,-161.645096,0.3285523812,-0.9380199852,0.1103260629,,,,
30664,0.0,-1541.050659,-1093.738647,-162.097992,0.3102837741,-0.9443523532,0.1091907159,,,,
30665,0.0,-1540.167114,-1095.560425,-162.450974,0.2938775461,-0.9497814711,0.1074762539,,,,
30666,0.0,-1539.391113,-1097.532227,-162.899933,0.2747173293,-0.955610156,0.1064876463,,,,
30667,0.0,-1538.589844,-1099.88269,-163.497772,0.2469261222,-0.963371822,0.1046050798,,,,
30668,0.0,-1538.002197,-1101.803467,-163.972626,0.2233258988,-0.9692153647,0.1036683164,,,,
30669,0.0,-1537.243286,-1104.327515,-164.709503,0.1914996341,-0.9762099466,0.101695773,,,,
30670,0.0,-1536.703369,-1106.401245,-165.261703,0.1676692341,-0.9806832232,0.1007345207,,,,
30671,0.0,-1536.145996,-1108.53772,-165.976791,0.1462501006,-0.9841989996,0.0998160166,,,,
30672,0.0,-1535.583984,-1110.786865,-166.736008,0.1287941522,-0.9866529966,0.0996390021,,,,
30673,0.0,-1535.080811,-1112.953369,-167.415375,0.1169905178,-0.9881221,0.0996390195,,,,
30674,0.0,-1534.562134,-1115.303833,-168.187271,0.1090767417,-0.9890269613,0.0996390195,,,,
30675,0.0,-1534.1073,-1117.439697,-168.903595,0.1073850849,-0.9892907655,0.0988545639,,,,
30676,0.0,-1533.717651,-1119.537476,-169.423248,0.1072184114,-0.9893257719,0.0986850006,,,,
30677,0.0,-1533.314087,-1121.754028,-169.948074,0.1072184114,-0.9893257719,0.0986850006,,,,
30678,0.0,-1532.782227,-1124.72168,-170.596924,0.1063104334,-0.9894237527,0.0986850006,,,,
30679,0.0,-1532.482788,-1127.046265,-171.069107,0.1036402737,-0.9897070093,0.0986850006,,,,
30680,0.0,-1532.218018,-1129.169312,-171.530045,0.0971464991,-0.9903655007,0.098685018,,,,
30681,0.0,-1531.922363,-1131.917114,-172.031616,0.0844745202,-0.99162016,0.0977420771,,,,
30682,0.0,-1531.607544,-1136.223999,-172.733963,0.0583015331,-0.9937529937,0.0951625912,,,,
30683,0.0,-1531.547241,-1137.5476685,-172.959091,0.047617192,-0.9944119235,0.0935974921,,,,
30684,0.0,-1531.486938,-1138.871338,-173.184219,0.036932851,-0.9950708533,0.0920323931,,,,
30685,0.0,-1531.359009,-1143.180298,-173.822449,0.0075034349,-0.9961235892,0.0876441296,,,,
30686,0.0,-1531.316895,-1145.578125,-174.275208,-0.0066740414,-0.9963123965,0.0855398489,,,,
30687,0.0,-1531.350098,-1147.781738,-174.627823,-0.0137273246,-0.9963261737,0.0845323376,,,,
30688,0.0,-1531.338501,-1150.312012,-175.021805,-0.0166311061,-0.9963689431,0.0835005123,,,,
30689,0.0,-1531.282837,-1152.711182,-175.466202,-0.0168141944,-0.9963735299,0.0834090631,,,,
30690,0.0,-1531.242798,-1155.050537,-175.883362,-0.0168141944,-0.9963735299,0.0834090631,,,,
30691,0.0,-1531.196655,-1157.479126,-176.280334,-0.0168141944,-0.9963735299,0.0834090631,,,,
30692,0.0,-1533.052002,-1160.781128,-178.917999,-0.0168141944,-0.9963735299,0.0834090631,,,,
30693,0.0,-1532.920654,-1163.171631,-179.45462,-0.0168141944,-0.9963735299,0.0834090631,,,,
30694,0.0,-1532.805176,-1165.530762,-179.984253,-0.0168141944,-0.9963735299,0.0834090631,,,,
30695,0.0,-1532.778564,-1166.102173,-180.112579,-0.0168141944,-0.9963735299,0.0834090631,,,,
30696,0.0,-1532.629639,-1169.788818,-180.940155,-0.0168141944,-0.9963735299,0.0834090631,,,,
30697,0.0,-1532.539307,-1172.414917,-181.529663,-0.0168141944,-0.9963735299,0.0834090631,,,,
30698,0.0,-1532.472412,-1174.652344,-182.031982,-0.0168141944,-0.9963735299,0.0834090631,,,,
30699,0.0,-1532.411865,-1176.963379,-182.550751,-0.0168141944,-0.9963735299,0.0834090631,,,,
30700,0.0,-1532.364258,-1179.045532,-183.018188,-0.0168141944,-0.9963735299,0.0834090631,,,,
30701,0.0,-1532.308838,-1181.860474,-183.650085,-0.0168156282,-0.9964502471,0.082487209,,,,
30702,0.0,-1532.265381,-1184.092651,-184.150452,-0.0159403255,-0.9964674136,0.0824536215,,,,
30703,0.0,-1532.22168,-1186.608398,-184.714569,-0.0149174081,-0.9965609384,0.0815093066,,,,
30704,0.0,-1532.188599,-1188.854492,-185.218079,-0.0140036129,-0.9966485734,0.0805947884,,,,
30705,0.0,-1532.163086,-1191.017212,-185.703033,-0.0131675044,-0.9967899568,0.078970874,,,,
30706,0.0,-1532.143188,-1193.131958,-186.177216,-0.0123810887,-0.9968754412,0.078013226,,,,
30707,0.0,-1532.126709,-1196.470947,-186.926605,-0.012043314,-0.9969059644,0.0776753289,,,,
30708,0.0,-1532.12146,-1199.18689,-187.536316,-0.012043314,-0.9969059644,0.0776753289,,,,
30709,0.0,-1532.111816,-1202.456665,-188.269714,-0.011096822,-0.9969169493,0.0776753289,,,,
30710,0.0,-1532.11438,-1205.434326,-188.938171,-0.0110875307,-0.9969170527,0.0776753289,,,,
30711,0.0,-1532.112671,-1208.000122,-189.513519,-0.0103018014,-0.9969254817,0.0776753289,,,,
30712,0.0,-1532.120605,-1211.65332,-190.333618,-0.0101317373,-0.9969272246,0.0776753289,,,,
30713,0.0,-1532.123169,-1214.506592,-190.97348,-0.0092936964,-0.9969353893,0.0776753289,,,,
30714,0.0,-1532.136475,-1218.173584,-191.796631,-0.0091759519,-0.99693648,0.0776753289,,,,
30715,0.0,-1532.148438,-1220.849365,-192.544708,-0.0091759519,-0.99693648,0.0776753289,,,,
30716,0.0,-1532.168091,-1224.873535,-194.083038,-0.0091759519,-0.99693648,0.0776753289,,,,
30717,0.0,-1532.184082,-1227.871338,-195.282166,-0.0091759519,-0.99693648,0.0776753289,,,,
30718,0.0,-1532.20459,-1231.492676,-196.23288,-0.0091759519,-0.99693648,0.0776753289,,,,
30719,0.0,-1532.222412,-1234.484741,-196.332672,-0.0091759519,-0.99693648,0.0776753289,,,,
30720,0.0,-1532.246216,-1238.29541,-196.298737,-0.0091759519,-0.99693648,0.0776753289,,,,
30721,0.0,-1532.27124,-1242.117554,-196.298737,-0.0091759519,-0.99693648,0.0776753289,,,,
30722,0.0,-1532.295898,-1245.728149,-196.298737,-0.0091759519,-0.99693648,0.0776753289,,,,
30723,0.0,-1532.322632,-1249.552734,-196.298737,-0.0091759519,-0.99693648,0.0776753289,,,,
30724,0.0,-1532.348999,-1253.191406,-196.298737,-0.0091759519,-0.99693648,0.0776753289,,,,
30725,0.0,-1532.401123,-1260.197021,-196.298737,-0.0091759519,-0.99693648,0.0776753289,,,,
30726,0.0,-1532.430542,-1263.994751,-196.298737,-0.0091759519,-0.99693648,0.0776753289,,,,
30727,0.0,-1532.460693,-1267.852905,-196.298737,-0.0091759519,-0.99693648,0.0776753289,,,,
30728,0.0,-1532.490967,-1271.668579,-196.298737,-0.0091759519,-0.99693648,0.0776753289,,,,
30729,0.0,-1532.523071,-1275.645508,-196.298737,-0.0091759519,-0.99693648,0.0776753289,,,,
30730,0.0,-1532.553589,-1279.380859,-196.298737,-0.0091759519,-0.99693648,0.0776753289,,,,
30731,0.0,-1532.579346,-1282.515625,-196.298737,-0.0091759519,-0.99693648,0.0776753289,,,,
30732,0.0,-1532.610107,-1286.206787,-196.298737,-0.0091759519,-0.99693648,0.0776753289,,,,
30733,0.0,-1532.645508,-1290.425537,-196.298737,-0.0091759519,-0.99693648,0.0776753289,,,,
30734,0.0,-1532.677002,-1294.146118,-196.298737,-0.0091759519,-0.99693648,0.0776753289,,,,
30735,0.0,-1532.710449,-1298.086304,-196.298737,-0.0091759519,-0.99693648,0.0776753289,,,,
30736,0.0,-1532.743164,-1301.894775,-196.298737,-0.0091759519,-0.99693648,0.0776753289,,,,
30737,0.0,-1532.769287,-1304.912231,-196.298737,-0.0091759519,-0.99693648,0.0776753289,,,,
30738,0.0,-1532.7771,-1305.805908,-196.298737,-0.0091759519,-0.99693648,0.0776753289,,,,
30739,0.0,-1532.83667,-1312.631836,-196.298737,-0.0091759519,-0.99693648,0.0776753289,,,,
30740,0.0,-1532.874146,-1316.923462,-196.298737,-0.0091759519,-0.99693648,0.0776753289,,,,
30741,0.0,-1532.90625,-1320.541504,-196.298737,-0.0091759519,-0.99693648,0.0776753289,,,,
30742,0.0,-1532.933594,-1323.661621,-196.298737,-0.0091759519,-0.99693648,0.0776753289,,,,
30743,0.0,-1532.973511,-1328.12915,-196.298737,-0.0091759519,-0.99693648,0.0776753289,,,,
30744,0.0,-1533.007202,-1331.908325,-196.298737,-0.0091759519,-0.99693648,0.0776753289,,,,
30745,0.0,-1533.039551,-1335.526489,-196.298737,-0.0091759519,-0.99693648,0.0776753289,,,,
30746,0.0,-1533.068726,-1338.792969,-196.298737,-0.0091759519,-0.99693648,0.0776753289,,,,
30747,0.0,-1533.104492,-1342.762573,-196.298737,-0.0091759519,-0.99693648,0.0776753289,,,,
30748,0.0,-1533.139648,-1346.673706,-196.298737,-0.0091759519,-0.99693648,0.0776753289,,,,
30749,0.0,-1533.174316,-1350.511353,-196.298737,-0.0091759519,-0.99693648,0.0776753289,,,,
30750,0.0,-1533.209595,-1354.407593,-196.298737,-0.0091759519,-0.99693648,0.0776753289,,,,
30751,0.0,-1533.239502,-1357.732788,-196.298737,-0.0091759519,-0.99693648,0.0776753289,,,,
30752,0.0,-1533.274048,-1361.526611,-196.298737,-0.0091759519,-0.99693648,0.0776753289,,,,
30753,0.0,-1533.309448,-1365.452393,-196.298737,-0.0091759519,-0.99693648,0.0776753289,,,,
30754,0.0,-1533.34436,-1369.260742,-196.298737,-0.0091759519,-0.99693648,0.0776753289,,,,
30755,0.0,-1533.380371,-1373.20105,-196.298737,-0.0091759519,-0.99693648,0.0776753289,,,,
30756,0.0,-1533.409668,-1376.423584,-196.298737,-0.0091759519,-0.99693648,0.0776753289,,,,
30757,0.0,-1533.444702,-1380.246826,-196.298737,-0.0091759519,-0.99693648,0.0776753289,,,,
30758,0.0,-1533.481689,-1384.289551,-196.298737,-0.0091759519,-0.99693648,0.0776753289,,,,
30759,0.0,-1533.515869,-1388.02478,-196.298737,-0.0091759519,-0.99693648,0.0776753289,,,,
30760,0.0,-1533.551758,-1391.950439,-196.298737,-0.0091759519,-0.99693648,0.0776753289,,,,
30761,0.0,-1533.584595,-1395.524536,-196.298737,-0.0091759519,-0.99693648,0.0776753289,,,,
30762,0.0,-1533.619385,-1399.333008,-196.298737,-0.0091759519,-0.99693648,0.0776753289,,,,
30763,0.0,-1533.654297,-1403.126709,-196.298737,-0.0091759519,-0.99693648,0.0776753289,,,,
30764,0.0,-1533.719482,-1410.216553,-196.298737,-0.0091759519,-0.99693648,0.0776753289,,,,
30765,0.0,-1533.738281,-1412.267212,-196.298737,-0.0091759519,-0.99693648,0.0776753289,,,,
30766,0.0,-1533.787842,-1417.657593,-196.298737,-0.0091759519,-0.99693648,0.0776753289,,,,
30767,0.0,-1533.80719,-1419.7595825,-196.298737,-0.0091759519,-0.99693648,0.0776753289,,,,
30768,0.0,-1533.826538,-1421.861572,-196.298737,-0.0091759519,-0.99693648,0.0776753289,,,,
30769,0.0,-1533.893311,-1429.097778,-196.298737,-0.0091759519,-0.99693648,0.0776753289,,,,
30770,0.0,-1533.929932,-1433.081909,-196.298737,-0.0091759519,-0.99693648,0.0776753289,,,,
30771,0.0,-1533.964722,-1436.846558,-196.298737,-0.0091759519,-0.99693648,0.0776753289,,,,
30772,0.0,-1533.993652,-1439.981079,-196.298737,-0.0091759519,-0.99693648,0.0776753289,,,,
30773,0.0,-1534.030884,-1444.038452,-196.298737,-0.0091759519,-0.99693648,0.0776753289,,,,
30774,0.0,-1534.068237,-1448.096069,-196.298737,-0.0091759519,-0.99693648,0.0776753289,,,,
30775,0.0,-1534.098267,-1451.362427,-196.298737,-0.0091759519,-0.99693648,0.0776753289,,,,
30776,0.0,-1534.138184,-1455.683594,-196.298737,-0.0091759519,-0.99693648,0.0776753289,,,,
30777,0.0,-1534.166992,-1458.818359,-196.298737,-0.0091759519,-0.99693648,0.0776753289,,,,
30778,0.0,-1534.205566,-1462.993042,-196.298737,-0.0091759519,-0.99693648,0.0776753289,,,,
30779,0.0,-1534.235596,-1466.230225,-196.298737,-0.0091759519,-0.99693648,0.0776753289,,,,
30780,0.0,-1534.272583,-1470.229126,-196.298737,-0.0091759519,-0.99693648,0.0776753289,,,,
30781,0.0,-1534.30896,-1474.184082,-196.298737,-0.0091759519,-0.99693648,0.0776753289,,,,
30782,0.0,-1534.344971,-1478.065674,-196.298737,-0.0091759519,-0.99693648,0.0776753289,,,,
30783,0.0,-1534.375854,-1481.405396,-196.298737,-0.0091759519,-0.99693648,0.0776753289,,,,
30784,0.0,-1534.415283,-1485.682617,-196.298737,-0.0091759519,-0.99693648,0.0776753289,,,,
30785,0.0,-1534.446777,-1489.081055,-196.298737,-0.0091759519,-0.99693648,0.0776753289,,,,
30786,0.0,-1534.484009,-1493.123901,-196.298737,-0.0091759519,-0.99693648,0.0776753289,,,,
30787,0.0,-1534.517334,-1496.712646,-196.298737,-0.0091759519,-0.99693648,0.0776753289,,,,
30788,0.0,-1534.553711,-1500.652954,-196.298737,-0.0091759519,-0.99693648,0.0776753289,,,,
30789,0.0,-1534.581299,-1503.641113,-196.298737,-0.0091759519,-0.99693648,0.0776753289,,,,
30790,0.0,-1534.623657,-1508.211304,-196.298737,-0.0091759519,-0.99693648,0.0776753289,,,,
30791,0.0,-1534.653564,-1511.448608,-196.298737,-0.0091759519,-0.99693648,0.0776753289,,,,
30792,0.0,-1534.689819,-1515.374268,-196.298737,-0.0091759519,-0.99693648,0.0776753289,,,,
30793,0.0,-1534.719116,-1518.538086,-196.298737,-0.0091759519,-0.99693648,0.0776753289,,,,
30794,0.0,-1534.757324,-1522.654175,-196.298737,-0.0091759519,-0.99693648,0.0776753289,,,,
30795,0.0,-1534.794922,-1526.726318,-196.298737,-0.0091759519,-0.99693648,0.0776753289,,,,
30796,0.0,-1534.825928,-1530.109863,-196.298737,-0.0091759519,-0.99693648,0.0776753289,,,,
30797,0.0,-1534.862305,-1534.020996,-196.298737,-0.0091759519,-0.99693648,0.0776753289,,,,
30798,0.0,-1534.901123,-1538.224976,-196.298737,-0.0091759519,-0.99693648,0.0776753289,,,,
30799,0.0,-1534.926392,-1540.964111,-196.298737,-0.0091759519,-0.99693648,0.0776753289,,,,
30800,0.0,-1534.966431,-1545.299927,-196.298737,-0.0091759519,-0.99693648,0.0776753289,,,,
30801,0.0,-1534.998779,-1548.786133,-196.298737,-0.0091759519,-0.99693648,0.0776753289,,,,
30802,0.0,-1535.036377,-1552.84375,-196.298737,-0.0091759519,-0.99693648,0.0776753289,,,,
30803,0.0,-1535.067261,-1556.197998,-196.298737,-0.0091759519,-0.99693648,0.0776753289,,,,
30804,0.0,-1535.106567,-1560.460449,-196.298737,-0.0091759519,-0.99693648,0.0776753289,,,,
30805,0.0,-1535.13855,-1563.91748,-196.318024,-0.0091759519,-0.99693648,0.0776753289,,,,
30806,0.0,-1535.167603,-1567.875732,-197.585205,-0.0083096113,-0.9969440775,0.0776753289,,,,
30807,0.0,-1535.195068,-1571.877075,-198.458191,-0.0072904743,-0.9969520511,0.0776753289,,,,
30808,0.0,-1535.241577,-1578.943237,-198.481903,-0.0054910151,-0.9969635861,0.0776753289,,,,
30809,0.0,-1535.263184,-1582.505859,-198.483673,-0.0045839411,-0.9970337301,0.0768292162,,,,
30810,0.0,-1535.264282,-1586.471191,-198.485535,-0.0011114647,-0.9971222445,0.0758023358,,,,
30811,0.0,-1535.257935,-1589.923828,-198.486969,0.0023989974,-0.9971863057,0.074924739,,,,
30812,0.0,-1535.232178,-1593.983765,-198.488403,0.008159127,-0.997292998,0.0730760205,,,,
30813,0.0,-1535.152832,-1598.234619,-198.489319,0.0193038659,-0.9973611237,0.0699867816,,,,
30814,0.0,-1534.878418,-1601.332275,-198.489319,0.0515902539,-0.996431257,0.0668071532,,,,
30815,0.0,-1534.308228,-1605.147339,-198.530655,0.1175387676,-0.9911894109,0.0610589049,,,,
30816,0.0,-1533.504639,-1608.882446,-198.58606,0.2123291995,-0.9757149508,0.053820497,,,,
30817,0.0,-1532.79187,-1611.514893,-198.622528,0.3001338574,-0.9527137705,0.0474988322,,,,
30818,0.0,-1531.881226,-1614.819214,-198.663254,0.4191328609,-0.907044295,0.0399786407,,,,
30819,0.0,-1531.19104,-1617.423828,-198.687424,0.5114586766,-0.8586347606,0.0340054419,,,,
30820,0.0,-1530.169067,-1620.809204,-198.705246,0.6139255184,-0.7888787743,0.0276719612,,,,
30821,0.0,-1528.831299,-1624.818481,-198.851089,0.7069685944,-0.7068970569,0.0221801115,,,,
30822,0.0,-1527.983887,-1627.942261,-198.990601,0.7525569888,-0.6582343689,0.0196340066,,,,
33671,0.0,-1572.584351,-1621.400757,-195.122498,-0.0111148703,0.9993752493,0.0335495255,0.0038529006,84.1511332439,959.5548249025,1.0
33672,0.0,-1572.584351,-1621.400757,-195.122498,-0.0111148703,0.9993752493,0.0335495255,0.0040411854,86.2991462293,960.8958661282,1.0
33673,0.0,-1572.707886,-1621.489014,-195.567627,-0.0111148703,0.9993752493,0.0335495255,0.0042319189,88.4157427302,962.0682739775,1.0
33674,0.0,-1572.729126,-1619.875,-195.849014,-0.0111148703,0.9993752493,0.0335495255,0.0044622713,90.732636775,961.5139158356,1.0
33675,0.0,-1572.781372,-1618.748047,-194.480194,-0.0111148703,0.9993752493,0.0335495255,0.0046482109,92.5942966872,961.4608136686,1.0
33676,0.0,-1572.906982,-1617.760376,-192.86702,-0.0111148703,0.9993752493,0.0335495255,0.004801039,94.0862519884,961.3143930302,1.0
33677,0.0,-1572.832275,-1614.934204,-189.162903,-0.0111148703,0.9993752493,0.0335495255,0.0048505328,94.3380633747,958.9688879536,1.0
33678,0.0,-1572.864502,-1611.969727,-185.114487,-0.0111148703,0.9993752493,0.0335495255,0.0049097012,94.6614722554,956.4547865223,1.0
33679,0.0,-1572.797607,-1609.022461,-181.462631,-0.0111148703,0.9993752493,0.0335495255,0.0050142022,95.416310748,954.0075148765,1.0
33680,0.0,-1572.778442,-1605.115601,-176.6091,-0.0111148703,0.9993752493,0.0335495255,0.0051580497,96.429715001,950.6351704703,1.0
33681,0.0,-1572.724731,-1601.957886,-172.960678,-0.0111148703,0.9993752493,0.0335495255,0.0053916989,98.3177907488,948.0701721543,1.0
33682,0.0,-1572.545166,-1596.261353,-167.000336,-0.0111148703,0.9993752493,0.0335495255,0.0058308146,101.738354072,943.4938865448,1.0
33683,0.0,-1572.4542845,-1594.291077,-165.1830905,-0.0111148703,0.9993752493,0.0335495255,0.0060149783,103.1422234946,941.9344966896,1.0
33684,0.0,-1572.363403,-1592.320801,-163.365845,-0.0111148703,0.9993752493,0.0335495255,0.006199142,104.5460929173,940.3751068344,1.0
33685,0.0,-1572.189087,-1589.261597,-160.897446,-0.0111148703,0.9993752493,0.0335495255,0.0065178187,106.919608283,937.9939609,1.0
33686,0.0,-1571.990479,-1586.027588,-158.39798,-0.0111148703,0.9993752493,0.0335495255,0.0068332665,109.1654382132,935.4038835963,1.0
33687,0.0,-1571.770264,-1582.640259,-156.120209,-0.0111148703,0.9993752493,0.0335495255,0.0073027541,112.5401071353,932.9176868205,1.0
33688,0.0,-1571.319824,-1576.306641,-152.499741,-0.0111148703,0.9993752493,0.0335495255,0.0081594229,118.3320607505,928.2082400505,1.0
33689,0.0,-1571.027832,-1572.467407,-150.701736,-0.0111148703,0.9993752493,0.0335495255,0.0086724536,121.5970582963,925.2960875213,1.0
33690,0.0,-1570.810791,-1569.574707,-149.53804,-0.0111148703,0.9993752493,0.0335495255,0.0091802432,124.8245805008,923.3302215978,1.0
33691,0.0,-1570.546509,-1565.904663,-148.251572,-0.0111148703,0.9993752493,0.0335495255,0.0097681065,128.3902043872,920.8202390991,1.0
33692,0.0,-1570.338623,-1562.693115,-147.286453,-0.0111148703,0.9993752493,0.0335495255,0.010232847,131.0620681527,918.4967983408,1.0
33693,0.0,-1570.14856,-1559.739258,-146.542511,-0.0111148703,0.9993752493,0.0335495255,0.0108045189,134.3849063755,916.6616113151,1.0
33694,0.0,-1569.921265,-1556.091431,-145.819366,-0.0111148703,0.9993752493,0.0335495255,0.0114716703,138.088673521,914.2791949923,1.0
33695,0.0,-1569.73291,-1553.048462,-145.394348,-0.0111148703,0.9993752493,0.0335495255,0.0120423195,141.1631388835,912.3525006605,1.0
33696,0.0,-1569.496338,-1549.242676,-145.082291,-0.0111148703,0.9993752493,0.0335495255,0.0127802111,145.0207345803,909.9931745858,1.0
33697,0.0,-1569.263672,-1545.503174,-145.014969,-0.0111148703,0.9993752493,0.0335495255,0.0135292079,148.8162115128,907.7640226147,1.0
33698,0.0,-1569.078247,-1542.536865,-145.145477,-0.0111148703,0.9993752493,0.0335495255,0.0141401163,151.8279757335,906.0475907977,1.0
33699,0.0,-1568.856812,-1538.979858,-145.491577,-0.0111148703,0.9993752493,0.0335495255,0.0148918846,155.4401819924,904.0581837792,1.0
33700,0.0,-1568.676147,-1536.05603,-145.951904,-0.0111148703,0.9993752493,0.0335495255,0.0155265486,158.4132335806,902.4670387931,1.0
33701,0.0,-1568.429932,-1532.118042,-146.789001,-0.0111148703,0.9993752493,0.0335495255,0.0164036616,162.4180782364,900.4037967253,1.0
33702,0.0,-1568.238403,-1529.059326,-147.637039,-0.0111148703,0.9993752493,0.0335495255,0.0171161291,165.5938355756,898.8614381443,1.0
33703,0.0,-1568.056519,-1526.133911,-148.598557,-0.0111148703,0.9993752493,0.0335495255,0.0178035561,168.5820174981,897.3968122143,1.0
33704,0.0,-1567.816406,-1522.287842,-150.081635,-0.0111148703,0.9993752493,0.0335495255,0.0187441457,172.5810987281,895.5505849939,1.0
33705,0.0,-1567.63269,-1519.287109,-151.427643,-0.0111148703,0.9993752493,0.0335495255,0.0195000217,175.7202385599,894.163249606,1.0
33706,0.0,-1567.412964,-1515.866943,-153.131775,-0.0111148703,0.9993752493,0.0335495255,0.0203870331,179.3234062541,892.6265923694,1.0
33707,0.0,-1567.230225,-1512.90271,-154.779907,-0.0111148703,0.9993752493,0.0335495255,0.0210788028,181.9950267146,891.0914979015,1.0
33708,0.0,-1566.980713,-1508.814697,-157.310715,-0.0111148703,0.9993752493,0.0335495255,0.0222960862,186.8164299752,889.6519082795,1.0
33709,0.0,-1566.791992,-1505.782471,-159.368149,-0.0111148703,0.9993752493,0.0335495255,0.0231766437,190.1789569345,888.4914585233,1.0
33710,0.0,-1566.559692,-1501.951172,-162.18692,-0.0111148703,0.9993752493,0.0335495255,0.0242783921,194.2622543503,886.9835983109,1.0
33711,0.0,-1566.387939,-1499.117065,-164.445496,-0.0111148703,0.9993752493,0.0335495255,0.025036499,196.9443475036,885.6807063712,1.0
33712,0.0,-1566.153442,-1495.2323,-167.753433,-0.0111148703,0.9993752493,0.0335495255,0.0263496934,201.7271658614,884.5889314365,1.0
33713,0.0,-1565.957397,-1491.993286,-170.726486,-0.0111148703,0.9993752493,0.0335495255,0.027410815,205.4447004093,883.5184943246,1.0
33714,0.0,-1565.755249,-1488.618408,-174.005005,-0.0111148703,0.9993752493,0.0335495255,0.0285424415,209.3264726115,882.4393769909,1.0
33715,0.0,-1565.556396,-1485.3125,-177.415375,-0.0111148703,0.9993752493,0.0335495255,0.0296507071,213.0774234377,881.5527366362,1.0
33716,0.0,-1564.66394,-1479.790771,-182.441406,-0.0111148703,0.9993752493,0.0335495255,0.0310771771,217.3406367343,878.6295535471,1.0
33717,0.0,-1564.011108,-1475.677856,-194.131012,-0.0111148703,0.9993752493,0.0335495255,0.033006426,223.8180406728,878.4041288765,1.0
33718,0.0,-1564.193726,-1472.676758,-198.791214,-0.0111148703,0.9993752493,0.0335495255,0.0341235223,227.5057284059,878.3898251597,1.0
33719,0.0,-1563.944824,-1468.704102,-204.724991,-0.0111148703,0.9993752493,0.0335495255,0.0355336041,231.9492822827,877.912233993,1.0
33720,0.0,-1563.671753,-1465.542114,-209.508438,-0.0111148703,0.9993752493,0.0335495255,0.0368261092,236.1479751077,878.2677245225,1.0
33721,0.0,-1562.946289,-1461.081055,-212.915955,-0.0111148703,0.9993752493,0.0335495255,0.0385368728,241.8379060654,879.6219637696,1.0
33722,0.0,-1562.67511,-1459.7901615,-213.7251435,-0.0111148703,0.9993752493,0.0335495255,0.0390272849,243.4875361605,880.1649244112,1.0
33723,0.0,-1562.403931,-1458.499268,-214.534332,-0.0111148703,0.9993752493,0.0335495255,0.039517697,245.1371662556,880.7078850528,1.0
33724,0.0,-1562.241089,-1456.234619,-214.816284,-0.0111148703,0.9993752493,0.0335495255,0.040059393,246.7883474847,880.746674975,1.0
33725,0.0,-1562.236816,-1453.002808,-214.358414,-0.0111148703,0.9993752493,0.0335495255,0.0407596237,249.0993422466,881.482381827,1.0
33726,0.0,-1562.265381,-1450.366455,-213.992798,-0.0111148703,0.9993752493,0.0335495255,0.041249421,250.6125224051,881.6663596441,1.0
33727,0.0,-1562.221802,-1446.907104,-213.963791,-0.0111148703,0.9993752493,0.0335495255,0.0419395595,252.7954327991,882.1536685105,1.0
33728,0.0,-1562.509521,-1441.583618,-213.034973,-0.0111148703,0.9993752493,0.0335495255,0.0427240402,255.1635033096,882.381446712,1.0
33729,0.0,-1562.463135,-1438.816528,-212.673889,-0.0111148703,0.9993752493,0.0335495255,0.0431930235,256.6219863115,882.6998751265,1.0
33730,0.0,-1562.640381,-1435.470703,-212.239059,-0.0111148703,0.9993752493,0.0335495255,0.0436243282,257.7721879888,882.3594783331,1.0
33731,0.0,-1562.920532,-1432.574707,-211.795731,-0.0111148703,0.9993752493,0.0335495255,0.0439956741,258.9829543153,882.8385462134,1.0
33732,0.0,-1563.132568,-1428.956421,-211.193558,-0.0111148703,0.9993752493,0.0335495255,0.0444527402,260.3467326865,883.0162685557,1.0
33733,0.0,-1563.263916,-1426.000977,-210.738785,-0.0111148703,0.9993752493,0.0335495255,0.0448043409,261.2651249936,882.7267410938,1.0
33734,0.0,-1560.892578,-1423.832153,-199.641968,-0.0111148703,0.9993752493,0.0335495255,0.0449525682,261.8267582128,883.198098041,1.0
33735,0.0,-1560.875,-1419.962524,-199.63623,-0.0111148703,0.9993752493,0.0335495255,0.0455424518,263.6104065892,883.5705381703,1.0
33736,0.0,-1560.865845,-1417.016357,-199.636292,-0.0111148703,0.9993752493,0.0335495255,0.0459574282,264.7049973463,883.3183875198,1.0
33737,0.0,-1560.859497,-1413.65332,-199.636292,-0.0111148703,0.9993752493,0.0335495255,0.0464618818,266.3253525131,884.0018375075,1.0
33738,0.0,-1560.857422,-1410.329346,-199.636292,-0.0111148703,0.9993752493,0.0335495255,0.0469350754,267.7207820036,884.2498297968,1.0
33739,0.0,-1560.858521,-1406.983398,-199.636292,-0.0111148703,0.9993752493,0.0335495255,0.0473858609,268.8847982991,883.962104335,1.0
33740,0.0,-1560.863281,-1403.499634,-199.636292,-0.0111148703,0.9993752493,0.0335495255,0.0478773162,270.4335136108,884.5900662047,1.0
33741,0.0,-1560.869751,-1400.493286,-199.636292,-0.0111148703,0.9993752493,0.0335495255,0.0482853489,271.617561164,884.7936502588,1.0
33742,0.0,-1560.879761,-1396.964966,-199.636292,-0.0111148703,0.9993752493,0.0335495255,0.0487446197,272.7657640514,884.4422065267,1.0
33743,0.0,-1560.892456,-1393.447876,-199.638336,-0.0111148703,0.9993752493,0.0335495255,0.0492196346,274.2466716406,885.0503639139,1.0
33744,0.0,-1560.906494,-1390.088379,-199.644196,-0.0111148703,0.9993752493,0.0335495255,0.0496597629,275.4900742998,885.2143487001,1.0
33745,0.0,-1560.920654,-1387.149048,-199.650238,-0.0111148703,0.9993752493,0.0335495255,0.0500411003,276.5597236693,885.3454885411,1.0
33746,0.0,-1560.939331,-1383.579712,-199.658295,-0.0111148703,0.9993752493,0.0335495255,0.050501237,277.8487938476,885.5152116418,1.0
33747,0.0,-1560.959473,-1380.115234,-199.66687,-0.0111148703,0.9993752493,0.0335495255,0.0509444012,279.086078408,885.6820200517,1.0
33748,0.0,-1560.978516,-1377.018433,-199.675171,-0.0111148703,0.9993752493,0.0335495255,0.0513381266,280.1820218752,885.8333210216,1.0
33749,0.0,-1561.002319,-1373.409912,-199.685333,-0.0111148703,0.9993752493,0.0335495255,0.0517945393,281.4483696235,886.0115262301,1.0
33750,0.0,-1561.027344,-1369.866943,-199.695923,-0.0111148703,0.9993752493,0.0335495255,0.0522274181,282.5075815599,885.7511093815,1.0
33751,0.0,-1561.051025,-1366.625854,-199.706116,-0.0111148703,0.9993752493,0.0335495255,0.0526275664,283.7444491474,886.3315758453,1.0
33752,0.0,-1561.075195,-1363.476562,-199.716431,-0.0111148703,0.9993752493,0.0335495255,0.0529903406,284.7521987158,886.5121201623,1.0
33753,0.0,-1561.102173,-1360.051514,-199.728088,-0.0111148703,0.9993752493,0.0335495255,0.0533664293,285.6149655021,886.1449820559,1.0
33754,0.0,-1561.130859,-1356.561279,-199.740356,-0.0111148703,0.9993752493,0.0335495255,0.0537467628,286.7937131765,886.7348907148,1.0
33755,0.0,-1561.156738,-1353.477539,-199.751373,-0.0111148703,0.9993752493,0.0335495255,0.0540839395,287.7058554236,886.8547373277,1.0
33756,0.0,-1561.188232,-1349.82959,-199.764954,-0.0111148703,0.9993752493,0.0335495255,0.0544740197,288.7610888349,887.0037207524,1.0
33757,0.0,-1561.21521,-1346.785278,-199.776489,-0.0111148703,0.9993752493,0.0335495255,0.0547795914,289.6095549536,887.1949956677,1.0
33758,0.0,-1561.248047,-1343.150513,-199.790558,-0.0111148703,0.9993752493,0.0335495255,0.0551699187,290.6382213164,887.2800634632,1.0
33759,0.0,-1561.276733,-1340.040527,-199.802795,-0.0111148703,0.9993752493,0.0335495255,0.055500706,291.5329048554,887.4306645574,1.0
33760,0.0,-1561.312744,-1336.182617,-199.818329,-0.0111148703,0.9993752493,0.0335495255,0.0559167788,292.6597496552,887.6351630834,1.0
33761,0.0,-1561.342285,-1333.085693,-199.830902,-0.0111148703,0.9993752493,0.0335495255,0.0562460074,293.5502273251,887.8015972283,1.0
33762,0.0,-1561.376221,-1329.55603,-199.845581,-0.0111148703,0.9993752493,0.0335495255,0.0566243491,294.4282774132,887.5636919692,1.0
33763,0.0,-1561.406006,-1326.524902,-199.858246,-0.0111148703,0.9993752493,0.0335495255,0.0569285154,295.3876925555,888.1433693507,1.0
33764,0.0,-1561.440063,-1323.073608,-199.872894,-0.0111148703,0.9993752493,0.0335495255,0.0572797968,296.3466835898,888.3706638967,1.0
33765,0.0,-1561.47583,-1319.478149,-199.888214,-0.0111148703,0.9993752493,0.0335495255,0.0576538147,297.196218727,888.1083168087,1.0
33766,0.0,-1561.509521,-1316.158447,-199.902618,-0.0111148703,0.9993752493,0.0335495255,0.0579723872,298.1952532897,888.7148430473,1.0
33767,0.0,-1561.576172,-1309.610474,-199.833893,-0.0111148703,0.9993752493,0.0335495255,0.0586064923,299.8892373712,889.0603227803,1.0
33768,0.0,-1561.595093,-1307.786499,-199.744263,-0.0111148703,0.9993752493,0.0335495255,0.0587754054,300.3375969783,889.1487215524,1.0
33769,0.0,-1561.644043,-1303.0625,-199.507233,-0.0111148703,0.9993752493,0.0335495255,0.0592269206,301.3738584335,888.9116996168,1.0
33770,0.0,-1561.683472,-1299.296631,-199.315857,-0.0111148703,0.9993752493,0.0335495255,0.0595532247,302.3976892653,889.5594125296,1.0
33771,0.0,-1561.71521,-1296.29187,-199.163086,-0.0111148703,0.9993752493,0.0335495255,0.0598251612,303.1158341373,889.7054498463,1.0
33772,0.0,-1561.753296,-1292.68335,-199.016022,-0.0111148703,0.9993752493,0.0335495255,0.0601519027,303.9779766678,889.8843597004,1.0
33773,0.0,-1561.790039,-1289.219238,-198.88858,-0.0111148703,0.9993752493,0.0335495255,0.0604652719,304.804026429,890.0592426528,1.0
33774,0.0,-1561.821411,-1286.266724,-198.738373,-0.0111148703,0.9993752493,0.0335495255,0.0607475147,305.3816421126,889.7366700911,1.0
33775,0.0,-1561.858398,-1282.828857,-198.630371,-0.0111148703,0.9993752493,0.0335495255,0.0610377818,306.3037943077,890.3655175808,1.0
33776,0.0,-1561.896606,-1279.272949,-198.539612,-0.0111148703,0.9993752493,0.0335495255,0.0613575554,307.1504455152,890.5704216963,1.0
33777,0.0,-1561.929077,-1276.255005,-198.462402,-0.0111148703,0.9993752493,0.0335495255,0.0616289484,307.8575486227,890.7154198736,1.0
33778,0.0,-1561.970093,-1272.462891,-198.365417,-0.0111148703,0.9993752493,0.0335495255,0.0619685858,308.7456473749,890.9116642468,1.0
33779,0.0,-1562.007324,-1269.038086,-198.277802,-0.0111148703,0.9993752493,0.0335495255,0.0622743594,309.5436016726,891.088941854,1.0
33780,0.0,-1562.040283,-1265.980835,-198.199585,-0.0111148703,0.9993752493,0.0335495255,0.0625683552,310.1475529214,890.7950500775,1.0
33781,0.0,-1562.07959,-1262.385498,-198.077698,-0.0111148703,0.9993752493,0.0335495255,0.062864245,311.0782045303,891.4309387699,1.0
33782,0.0,-1562.112671,-1259.341309,-197.96521,-0.0111148703,0.9993752493,0.0335495255,0.0631297185,311.7834060687,891.6323213213,1.0
33783,0.0,-1562.150146,-1255.929688,-197.838745,-0.0111148703,0.9993752493,0.0335495255,0.0634314312,312.5483325249,891.7610339155,1.0
33784,0.0,-1562.187988,-1252.465454,-197.710327,-0.0111148703,0.9993752493,0.0335495255,0.0637353721,313.3339465354,891.9383352887,1.0
33785,0.0,-1562.226562,-1248.948975,-197.580078,-0.0111148703,0.9993752493,0.0335495255,0.0640436434,314.129385442,892.1189571258,1.0
33786,0.0,-1562.259766,-1245.930908,-197.468231,-0.0111148703,0.9993752493,0.0335495255,0.0643079864,314.8102928914,892.2742061477,1.0
33787,0.0,-1562.29895,-1242.375122,-197.336426,-0.0111148703,0.9993752493,0.0335495255,0.0646193108,315.6109552321,892.4578358872,1.0
33788,0.0,-1562.336182,-1238.976562,-197.21051,-0.0111148703,0.9993752493,0.0335495255,0.064916921,316.3749134399,892.6336920441,1.0
33789,0.0,-1562.369751,-1235.932251,-197.097687,-0.0111148703,0.9993752493,0.0335495255,0.0652087235,316.9511810269,892.3237758817,1.0
33790,0.0,-1562.412476,-1232.061523,-196.954285,-0.0111148703,0.9993752493,0.0335495255,0.065522266,317.9248522843,892.9932088474,1.0
33791,0.0,-1562.446289,-1228.991089,-196.840515,-0.0111148703,0.9993752493,0.0335495255,0.0657913148,318.6120069222,893.1536776709,1.0
33792,0.0,-1562.483398,-1225.631836,-196.716034,-0.0111148703,0.9993752493,0.0335495255,0.066085425,319.3619079067,893.3294003013,1.0
33793,0.0,-1562.522339,-1222.128418,-196.586212,-0.0111148703,0.9993752493,0.0335495255,0.0663925565,320.143691412,893.5134570363,1.0
33794,0.0,-1562.557251,-1219.005371,-196.47052,-0.0111148703,0.9993752493,0.0335495255,0.0666662784,320.8392638085,893.6778464172,1.0
33795,0.0,-1562.597412,-1215.37085,-196.335785,-0.0111148703,0.9993752493,0.0335495255,0.0669850499,321.6494978405,893.8740483268,1.0
33796,0.0,-1562.631836,-1212.260864,-195.722351,-0.0111148703,0.9993752493,0.0335495255,0.0672239216,322.2421757244,893.9838808483,1.0
33797,0.0,-1562.671021,-1208.731323,-194.377991,-0.0111148703,0.9993752493,0.0335495255,0.0675853648,323.000697007,893.7724614493,1.0
33798,0.0,-1562.705078,-1205.647583,-193.142456,-0.0111148703,0.9993752493,0.0335495255,0.0679453978,324.1026126095,894.5256763742,1.0
33799,0.0,-1562.745483,-1202.012939,-191.972687,-0.0111148703,0.9993752493,0.0335495255,0.0682595161,324.8980349331,894.7281291121,1.0
33800,0.0,-1562.779053,-1198.981934,-191.270508,-0.0111148703,0.9993752493,0.0335495255,0.0684442039,325.3366930919,894.769312243,1.0
33801,0.0,-1562.818726,-1195.425903,-190.478149,-0.0111148703,0.9993752493,0.0335495255,0.0687093804,325.9985996499,894.9193590697,1.0
33802,0.0,-1562.85437,-1192.224243,-189.759399,-0.0111148703,0.9993752493,0.0335495255,0.068892426,326.2294747454,894.4050116126,1.0
33803,0.0,-1562.893555,-1188.681396,-188.96405,-0.0111148703,0.9993752493,0.0335495255,0.0689398637,326.441659838,894.689762511,1.0
33804,0.0,-1562.933105,-1185.125488,-188.165771,-0.0111148703,0.9993752493,0.0335495255,0.0692020237,327.083548889,894.8101181255,1.0
33805,0.0,-1562.967896,-1182.015625,-187.467651,-0.0111148703,0.9993752493,0.0335495255,0.069691167,328.3772848412,895.3046503115,1.0
33806,0.0,-1563.004639,-1178.695801,-186.722412,-0.0111148703,0.9993752493,0.0335495255,0.0702316445,329.8052798087,895.8568008343,1.0
33807,0.0,-1563.042847,-1175.258057,-185.950653,-0.0111148703,0.9993752493,0.0335495255,0.0707887758,331.2704816667,896.4181644806,1.0
33808,0.0,-1563.010254,-1171.765747,-185.161194,-0.0028957511,0.9994328612,0.0335495255,0.0743933321,339.5151735788,897.032942172,1.0
33809,0.0,-1562.599609,-1165.301392,-183.705948,0.0498502031,0.9984065519,0.0264445542,0.0971388422,385.9612242318,897.7257103266,1.0
33810,0.0,-1562.269775,-1161.780762,-182.913498,0.0862588842,0.9959813809,0.0240934397,0.1141111204,417.0037270633,898.9134983364,1.0
33811,0.0,-1561.861572,-1158.733032,-182.227188,0.1272156722,0.9916232697,0.022348686,0.1345131939,450.6459453465,899.61551064,1.0
33812,0.0,-1561.265503,-1155.37207,-181.464478,0.1822053165,0.9830313039,0.0212291835,,,,
33813,0.0,-1560.42627,-1151.946655,-180.672989,0.2538533113,0.9670490928,0.0193532539,,,,
33814,0.0,-1559.552856,-1148.533325,-179.86792,0.3186044855,0.9476938089,0.0191735881,,,,
33815,0.0,-1558.579224,-1145.845337,-179.205566,0.3886765089,0.9211747635,0.0191735881,,,,
33816,0.0,-1557.874023,-1142.680298,-178.458649,0.4629399553,0.8861640381,0.0199973826,,,,
33817,0.0,-1556.976929,-1139.397583,-177.659241,0.5228903991,0.8520696443,0.0237266066,,,,
33818,0.0,-1555.896606,-1136.803467,-176.97403,0.5741984258,0.8181424366,0.0306450855,,,,
33819,0.0,-1554.971802,-1133.829956,-176.228058,0.6109016773,0.7906907146,0.0400915776,,,,
33820,0.0,-1554.281494,-1130.447144,-175.433777,0.6260556639,0.7783239263,0.0476043226,,,,
33821,0.0,-1553.807739,-1127.622314,-174.777802,0.6283662643,0.7762371248,0.0511054205,,,,
33822,0.0,-1553.323608,-1124.348022,-174.017181,0.6297846964,0.7746438844,0.0574289877,,,,
33823,0.0,-1552.885498,-1120.916138,-173.219696,0.6324346076,0.7719198395,0.0645463289,,,,
33824,0.0,-1552.521851,-1117.593628,-172.447479,0.6385806977,0.7661489994,0.0723215268,,,,
33825,0.0,-1552.203125,-1114.205933,-171.659698,0.6439268091,0.7614334285,0.0746819825,,,,
33826,0.0,-1551.977905,-1111.386108,-171.003723,0.6415038973,0.7634729099,0.0747118835,,,,
33827,0.0,-1551.73291,-1107.78186,-170.147491,0.6410806331,0.7638283553,0.0747118835,,,,
33828,0.0,-1551.639648,-1104.763428,-169.383087,0.6410806331,0.7638283553,0.0747118835,,,,
33829,0.0,-1551.598145,-1101.464111,-168.549164,0.6410806331,0.7638283553,0.0747118835,,,,
33830,0.0,-1551.587891,-1098.062012,-167.689697,0.6410806331,0.7638283553,0.0747118835,,,,
33831,0.0,-1551.606201,-1094.933472,-166.899078,0.6410806331,0.7638283553,0.0747118835,,,,
33832,0.0,-1551.652466,-1091.559814,-166.046112,0.6410806331,0.7638283553,0.0747118835,,,,
33833,0.0,-1551.723511,-1088.213867,-165.199768,0.6410806331,0.7638283553,0.0747118835,,,,
33834,0.0,-1551.825439,-1084.597168,-164.284607,0.6410806331,0.7638283553,0.0747118835,,,,
33835,0.0,-1551.944458,-1081.190552,-163.422028,0.6410806331,0.7638283553,0.0747118835,,,,
33836,0.0,-1552.063232,-1078.250854,-162.677673,0.6410806331,0.7638283553,0.0747118835,,,,
33837,0.0,-1552.231201,-1074.549561,-161.73996,0.6410806331,0.7638283553,0.0747118835,,,,
33838,0.0,-1552.384277,-1071.522949,-160.972839,0.6410806331,0.7638283553,0.0747118835,,,,
33839,0.0,-1552.583496,-1067.890991,-160.051788,0.6410806331,0.7638283553,0.0747118835,,,,
33840,0.0,-1552.760376,-1064.906738,-159.294739,0.6410806331,0.7638283553,0.0747118835,,,,
33841,0.0,-1553.002197,-1061.408569,-158.410065,0.6389402093,0.7655302448,0.0756231003,,,,
33842,0.0,-1553.259644,-1058.299438,-157.627106,0.6341805438,0.7692963376,0.0774479364,,,,
33843,0.0,-1553.812134,-1054.575806,-156.71347,0.607375865,0.7907982071,0.0757149547,,,,
33844,0.0,-1554.56189,-1051.436401,-155.967422,0.5574817135,0.8265724492,0.0774088192,,,,
33845,0.0,-1555.534058,-1047.843262,-155.117767,0.4869362345,0.8698244783,0.0793629669,,,,
33846,0.0,-1556.70459,-1044.052124,-154.191833,0.4034778213,0.9114382854,0.0805350834,,,,
33847,0.0,-1557.664185,-1040.994141,-153.425323,0.341223877,0.9365250487,0.0805425292,,,,
33848,0.0,-1558.647461,-1037.450806,-152.536011,0.2922106709,0.9528760706,0.0814869189,,,,
33849,0.0,-1559.439575,-1034.34082,-151.764221,0.2679231046,0.9599871192,0.0814981041,,,,
33850,0.0,-1560.990845,-1027.805908,-150.173157,0.2595778051,0.9623576591,0.0805425292,,,,
33851,0.0,-1561.121338,-1027.268677,-150.042969,0.2595778051,0.9623576591,0.0805425292,,,,
33852,0.0,-1561.699768,-1024.0134585,-149.2530975,0.2595778051,0.9623576591,0.0805425292,,,,
33853,0.0,-1562.638062,-1017.88446,-147.765564,0.2595778051,0.9623576591,0.0805425292,,,,
33854,0.0,-1562.977783,-1014.313416,-146.898041,0.2595778051,0.9623576591,0.0805425292,,,,
33855,0.0,-1563.205078,-1010.719421,-146.024445,0.2595778051,0.9623576591,0.0805425292,,,,
33856,0.0,-1563.330688,-1007.036133,-145.128662,0.2595778051,0.9623576591,0.0805425292,,,,
33857,0.0,-1563.353271,-1004.119934,-144.41925,0.2595778051,0.9623576591,0.0805425292,,,,
33858,0.0,-1563.306152,-1000.487488,-143.535431,0.2595778051,0.9623576591,0.0805425292,,,,
33859,0.0,-1563.176025,-996.807434,-142.639771,0.2595778051,0.9623576591,0.0805425292,,,,
33860,0.0,-1563.041504,-994.318481,-142.033844,0.2595778051,0.9623576591,0.0805425292,,,,
33861,0.0,-1562.740234,-990.044678,-140.992737,0.2595778051,0.9623576591,0.0805425292,,,,
33862,0.0,-1562.466675,-986.95929,-140.240845,0.2595778051,0.9623576591,0.0805425292,,,,
33863,0.0,-1562.110718,-983.490784,-139.395264,0.2595778051,0.9623576591,0.0805425292,,,,
33864,0.0,-1561.67627,-979.774841,-138.489014,0.259596553,0.9624271648,0.0796466072,,,,
33865,0.0,-1561.307983,-976.933228,-137.723267,0.2595977957,0.962431772,0.0795868628,,,,
33866,0.0,-1560.795654,-973.284302,-136.70636,0.2595977957,0.962431772,0.0795868628,,,,
33867,0.0,-1560.224487,-969.523132,-135.656494,0.2595977957,0.962431772,0.0795868628,,,,
33868,0.0,-1559.749634,-966.591736,-134.838257,0.2595977957,0.962431772,0.0795868628,,,,
33869,0.0,-1559.174927,-963.204407,-133.88797,0.2595977957,0.962431772,0.0795868628,,,,
33870,0.0,-1558.538208,-959.598999,-132.857849,0.2595977957,0.962431772,0.0795868628,,,,
33871,0.0,-1557.908447,-956.192261,-131.884521,0.2595977957,0.962431772,0.0795868628,,,,
33872,0.0,-1557.348511,-953.237183,-131.04129,0.2588336414,0.9626375628,0.0795868628,,,,
33873,0.0,-1556.629272,-949.59314,-130.000397,0.2586749506,0.9626802175,0.0795868628,,,,
33874,0.0,-1555.930908,-946.129883,-129.012177,0.2577468338,0.96285091,0.0805276029,,,,
33875,0.0,-1555.241821,-942.798462,-128.061737,0.2568123846,0.96309932,0.0805425292,,,,
33876,0.0,-1555.082275,-942.025635,-127.841621,0.2563786686,0.9631964252,0.080762768,,,,
33877,0.0,-1554.000854,-936.935242,-126.390419,0.2542235602,0.9637055762,0.0814981215,,,,
33878,0.0,-1553.169922,-933.167236,-125.314125,0.2539994465,0.9636894577,0.0823827065,,,,
33879,0.0,-1552.528564,-930.31134,-124.498329,0.2539978173,0.9636838222,0.0824536215,,,,
33880,0.0,-1551.765747,-926.959045,-123.540474,0.2539978173,0.9636838222,0.0824536215,,,,
33881,0.0,-1550.999512,-923.634277,-122.590584,0.2539978173,0.9636838222,0.0824536215,,,,
33882,0.0,-1550.181274,-920.222717,-121.612068,0.2564439743,0.9630357669,0.0824536215,,,,
33883,0.0,-1549.458008,-917.364441,-120.787483,0.2616969388,0.9615586024,0.0831851329,,,,
33884,0.0,-1548.477417,-913.847656,-119.763153,0.2766422968,0.9571275386,0.0858831438,,,,
33885,0.0,-1547.325684,-910.296631,-118.725922,0.3063291607,0.9477491581,0.0890728833,,,,
33886,0.0,-1546.206421,-907.622253,-117.938263,0.3507852386,0.9318973407,0.0922879342,,,,
33887,0.0,-1544.681763,-904.174194,-116.907562,0.4086680506,0.9075631112,0.0965381973,,,,
33888,0.0,-1543.098389,-901.457703,-116.055595,0.4808371545,0.8707932003,0.1025418604,,,,
33889,0.0,-1541.537354,-898.774597,-115.195442,0.541762483,0.8335568525,0.1080573259,,,,
33890,0.0,-1544.190186,-891.689087,-112.271454,0.6856376323,0.7171582712,0.1248401025,,,,
33891,0.0,-1542.132812,-888.939514,-111.856865,0.7384640058,0.6606496436,0.1349554018,,,,
33892,0.0,-1540.786926,-887.234253,-111.4951895,0.7657354404,0.6257066284,0.1418726767,,,,
33893,0.0,-1537.821777,-883.363892,-110.568481,0.814523547,0.5582347324,0.1578777216,,,,
33894,0.0,-1535.792969,-880.601685,-109.771172,0.8338342772,0.5257979778,0.1680978429,,,,
33895,0.0,-1533.624634,-878.077515,-108.927826,0.8517122177,0.4924566312,0.1790887057,,,,
33896,0.0,-1531.404297,-875.639587,-107.946014,0.8640978282,0.4677202354,0.1859374213,,,,
33897,0.0,-1529.064697,-873.373779,-106.924751,0.879895266,0.4341290861,0.1931741634,,,,
33898,0.0,-1526.25,-871.000305,-106.203903,0.8972703083,0.3946534915,0.1978752523,,,,
33899,0.0,-1523.868896,-868.728088,-105.567062,0.91082296,0.3606937679,0.200752438,,,,
33900,0.0,-1521.395142,-866.612976,-105.063652,0.923412156,0.3249805899,0.2041999176,,,,
33901,0.0,-1519.079712,-864.502258,-104.437088,0.9370024179,0.2802573861,0.208524019,,,,
33902,0.0,-1516.07312,-862.161255,-103.898315,0.9548808031,0.2041230903,0.2157230073,,,,
33903,0.0,-1513.597168,-860.290955,-103.564117,0.9647177001,0.1429058434,0.2211281959,,,,
33904,0.0,-1511.290039,-858.516235,-103.124741,0.9719338605,0.0661816989,0.2257533024,,,,
33905,0.0,-1508.9198,-856.88623,-103.284462,0.9734922904,-0.0043639576,0.2286781941,,,,
33906,0.0,-1506.343628,-855.098389,-103.191345,0.9681154954,-0.0966207556,0.2311207847,,,,
33907,0.0,-1504.149902,-853.755615,-103.188164,0.9561936756,-0.1747522106,0.2348516973,,,,
33908,0.0,-1502.068237,-852.705688,-103.032738,0.9404662974,-0.2414389305,0.2392287323,,,,
33909,0.0,-1499.852783,-851.816711,-103.104553,0.9182628337,-0.313329724,0.2421112396,,,,
33910,0.0,-1497.519897,-851.040283,-103.158195,0.8917559619,-0.3804491003,0.2450097682,,,,
33911,0.0,-1495.229126,-850.377014,-103.192162,0.866709852,-0.4339183586,0.246026199,,,,
33912,0.0,-1493.680664,-849.99884,-103.258682,0.849744551,-0.4662559052,0.2460480216,,,,
33913,0.0,-1491.168091,-849.499084,-103.33168,0.8242374305,-0.5096422929,0.2467739681,,,,
33914,0.0,-1488.783325,-849.253296,-103.546906,0.7996505441,-0.5466317011,0.2485010878,,,,
33915,0.0,-1486.407837,-849.347961,-103.779831,0.7668795131,-0.5905762175,0.251228071,,,,
33916,0.0,-1484.059937,-849.464661,-103.947037,0.7411523646,-0.6217374848,0.2532502171,,,,
33917,0.0,-1481.704468,-849.850769,-104.107071,0.7104035034,-0.6562355965,0.2543259803,,,,
33918,0.0,-1479.316895,-850.320312,-104.233635,0.6835628315,-0.6841209258,0.2544020719,,,,
33919,0.0,-1477.587646,-850.661316,-104.20015,0.670466841,-0.6972019768,0.253739273,,,,
33920,0.0,-1475.243774,-851.219727,-104.11438,0.6529566394,-0.7141986267,0.2521268504,,,,
33921,0.0,-1472.640991,-852.263794,-104.038773,0.6231295716,-0.741350895,0.2492155442,,,,
33922,0.0,-1470.390747,-853.276123,-103.925232,0.5945241594,-0.7648699534,0.2480221327,,,,
33923,0.0,-1468.166016,-854.551331,-103.877594,0.5639731757,-0.7882088119,0.246294795,,,,
33924,0.0,-1466.038086,-855.690552,-103.438339,0.54081199,-0.8048106575,0.2445448774,,,,
33925,0.0,-1463.727173,-857.071472,-103.131638,0.5231541239,-0.816729057,0.2434407735,,,,
33926,0.0,-1461.082642,-858.446533,-102.415131,0.5178392764,-0.8201630611,0.2432591971,,,,
33927,0.0,-1458.523682,-860.140076,-102.009079,0.5175906851,-0.8203199755,0.2432591633,,,,
33928,0.0,-1456.114258,-861.705994,-101.369881,0.5175906851,-0.8203199755,0.2432591633,,,,
33929,0.0,-1453.958862,-863.39386,-101.146484,0.5175906851,-0.8203199755,0.2432591633,,,,
33930,0.0,-1451.897461,-865.089294,-100.907265,0.5169668724,-0.8207132411,0.2432591802,,,,
33971,0.0,-1399.69458,-967.285645,-104.298721,0.9826904262,-0.0273291864,0.1832283871,,,,
33972,0.0,-1399.448364,-967.292419,-104.298721,0.9826904262,-0.0273291864,0.1832283871,,,,
33973,0.0,-1399.16394,-967.300354,-104.298721,0.9826904262,-0.0273291864,0.1832283871,,,,
33974,0.0,-1398.844727,-967.309204,-104.298721,0.9826904262,-0.0273291864,0.1832283871,,,,
33975,0.0,-1397.112061,-968.079834,-104.298721,0.9828619854,-0.0202404502,0.1832283871,,,,
33976,0.0,-1394.645508,-969.054077,-104.298721,0.9829519874,-0.0152560993,0.1832283871,,,,
33977,0.0,-1392.262207,-969.777649,-104.298721,0.9829547123,-0.015079515,0.1832283871,,,,
33978,0.0,-1388.771362,-970.983826,-104.298721,0.9829687177,-0.0141371231,0.1832283871,,,,
33979,0.0,-1387.903015,-971.267212,-104.298721,0.982974823,-0.0136990408,0.1832283871,,,,
33980,0.0,-1385.849243,-971.900879,-105.26416,0.9831578543,-0.0095881547,0.1825067144,,,,
33981,0.0,-1384.658569,-972.270264,-106.725342,0.9833808045,-0.003174677,0.1815271737,,,,
33982,0.0,-1383.38147,-972.590149,-108.373291,0.9836613517,0.0137713016,0.1795012434,,,,
33983,0.0,-1382.232422,-972.809875,-109.768555,0.9836216126,0.0305996781,0.1776293415,,,,
33984,0.0,-1381.218506,-972.974976,-111.004517,0.983484523,0.0455355323,0.175170512,,,,
33985,0.0,-1380.184448,-973.134216,-112.262451,0.9831980047,0.0572339019,0.1733377169,,,,
33986,0.0,-1379.019165,-973.301514,-113.685181,0.9830523649,0.066817286,0.1707146688,,,,
33987,0.0,-1377.608276,-973.478638,-115.399048,0.9828722544,0.0753521373,0.1681790324,,,,
33988,0.0,-1376.727539,-973.57312,-116.453735,0.9827100411,0.0790150125,0.167444328,,,,
33989,0.0,-1375.330688,-973.689575,-117.96875,0.9824242993,0.0864289991,0.1654464391,,,,
33990,0.0,-1374.249756,-973.735901,-117.96875,0.9815373549,0.0976463844,0.16446764,,,,
33991,0.0,-1373.19104,-973.747803,-117.96875,0.980361555,0.1112425424,0.1628383194,,,,
33992,0.0,-1371.830811,-973.720581,-117.96875,0.978215466,0.1303616667,0.1615559902,,,,
33993,0.0,-1367.711426,-973.24054,-123.453957,0.9765286752,0.143426979,0.1606874239,,,,
33994,0.0,-1366.609497,-973.179749,-123.410728,0.9753901127,0.1518911886,0.1598223856,,,,
33995,0.0,-1365.311401,-973.132446,-123.316231,0.9748659961,0.1562708303,0.1587945754,,,,
33996,0.0,-1364.192139,-973.100159,-123.226334,0.9748242013,0.1566587944,0.1586688334,,,,
33997,0.0,-1362.842651,-973.04541,-123.084785,0.9748242013,0.1566587944,0.1586688334,,,,
33998,0.0,-1361.768066,-972.992004,-122.995293,0.9748242013,0.1566587944,0.1586688334,,,,
33999,0.0,-1360.387329,-972.90564,-122.873611,0.9748242013,0.1566587944,0.1586688334,,,,
34000,0.0,-1359.115967,-972.8172,-122.756737,0.9748242013,0.1566587944,0.1586688334,,,,
34001,0.0,-1358.153198,-972.741882,-122.675781,0.9748242013,0.1566587944,0.1586688334,,,,
34002,0.0,-1356.833008,-972.630127,-122.552704,0.9748242013,0.1566587944,0.1586688334,,,,
34003,0.0,-1355.622681,-972.521179,-122.437073,0.9748242013,0.1566587944,0.1586688334,,,,
34004,0.0,-1354.639526,-972.427307,-122.405663,0.9748242013,0.1566587944,0.1586688334,,,,
34005,0.0,-1353.5,-972.315979,-122.366035,0.9748242013,0.1566587944,0.1586688334,,,,
34006,0.0,-1352.509399,-972.212463,-122.350014,0.9748242013,0.1566587944,0.1586688334,,,,
34007,0.0,-1351.347168,-972.087769,-122.382599,0.9748242013,0.1566587944,0.1586688334,,,,
34008,0.0,-1350.419067,-971.989685,-122.428513,0.9749447661,0.1559066993,0.1586688506,,,,
34009,0.0,-1349.324585,-971.926392,-122.503937,0.9761393716,0.1482434768,0.1586688334,,,,
34010,0.0,-1348.284912,-971.94696,-122.569534,0.9789544223,0.1302506765,0.1571082437,,,,
34011,0.0,-1347.262207,-972.115479,-122.749359,0.9831799204,0.0936949337,0.1567753281,,,,
34012,0.0,-1346.433594,-972.395447,-122.954094,0.9865023236,0.0447065227,0.1575261642,,,,
34013,0.0,-1345.392212,-972.7453,-123.19532,0.9872087846,-0.0166087271,0.158565336,,,,
34014,0.0,-1344.440063,-973.101196,-123.328079,0.9844744491,-0.0734861546,0.1594046555,,,,
34015,0.0,-1343.493652,-973.523865,-123.627419,0.9772937593,-0.1384951327,0.16036211,,,,
34016,0.0,-1342.43811,-974.060303,-123.773994,0.9637742225,-0.212364213,0.161371277,,,,
34017,0.0,-1341.508179,-974.39032,-123.973183,0.9530540635,-0.2561311082,0.1615079178,,,,
34018,0.0,-1339.368042,-974.638367,-124.245621,0.9314138545,-0.3253415403,0.16315978,,,,
34019,0.0,-1338.6763915,-974.705109,-124.298069,0.9269847981,-0.3372405202,0.1637268818,,,,
34020,0.0,-1337.984741,-974.771851,-124.350517,0.9225557417,-0.3491395,0.1642939835,,,,
34021,0.0,-1335.87207,-975.026978,-124.339157,0.9139342875,-0.3710991748,0.1643457349,,,,
34022,0.0,-1334.822998,-975.153748,-124.310104,0.9132331615,-0.3728212412,0.1643457177,,,,
34023,0.0,-1333.56958,-975.35614,-124.179848,0.9131521647,-0.3730195753,0.1643457349,,,,
34024,0.0,-1332.564087,-975.562317,-124.052223,0.9131521647,-0.3730195753,0.1643457349,,,,
34025,0.0,-1331.221802,-975.856506,-123.853775,0.9131521647,-0.3730195753,0.1643457349,,,,
34026,0.0,-1330.561523,-976.112915,-123.647491,0.9131521647,-0.3730195753,0.1643457349,,,,
34027,0.0,-1329.780029,-976.413757,-123.260178,0.9131521647,-0.3730195753,0.1643457349,,,,
34028,0.0,-1329.037109,-976.638062,-123.129059,0.9131521647,-0.3730195753,0.1643457349,,,,
34029,0.0,-1328.378784,-976.695129,-122.743736,0.9131521647,-0.3730195753,0.1643457349,,,,
34030,0.0,-1327.469849,-976.616516,-122.638115,0.9131521647,-0.3730195753,0.1643457349,,,,
34031,0.0,-1326.400513,-976.445679,-122.508049,0.9131521647,-0.3730195753,0.1643457349,,,,
34032,0.0,-1325.64978,-976.270264,-122.389122,0.9131521647,-0.3730195753,0.1643457349,,,,
34033,0.0,-1324.456909,-976.043091,-122.260872,0.9131521647,-0.3730195753,0.1643457349,,,,
34034,0.0,-1323.461914,-975.842712,-122.189362,0.9131521647,-0.3730195753,0.1643457349,,,,
34035,0.0,-1322.395874,-975.621582,-121.975731,0.9131521647,-0.3730195753,0.1643457349,,,,
34036,0.0,-1321.342651,-975.403748,-121.817207,0.9131521647,-0.3730195753,0.1643457349,,,,
34037,0.0,-1320.297852,-975.207153,-121.729683,0.9122610617,-0.375193604,0.1643457177,,,,
34038,0.0,-1318.94873,-975.047363,-121.609436,0.9072156645,-0.3872340604,0.1643457349,,,,
34039,0.0,-1317.914185,-974.975952,-121.554977,0.8992705167,-0.4047136642,0.1658896855,,,,
34040,0.0,-1316.495728,-974.92041,-121.63868,0.887576568,-0.4289124164,0.1680534884,,,,
34048,0.0,-1308.423584,-975.279968,-122.525116,0.7709496125,-0.6138001062,0.1699591851,,,,
34049,0.0,-1306.886475,-975.041931,-122.535904,0.7622383861,-0.6246630832,0.169672258,,,,
34050,0.0,-1305.456299,-974.728882,-122.553062,0.7539984952,-0.6346558638,0.1694054419,,,,
34051,0.0,-1303.667236,-974.255432,-122.506851,0.7445599738,-0.6457816581,0.1691049836,,,,
34052,0.0,-1302.295288,-974.01825,-122.524284,0.7435234383,-0.6469833402,0.1690723342,,,,
34053,0.0,-1301.238159,-973.823608,-122.462471,0.7435234383,-0.6469833402,0.1690723342,,,,
34054,0.0,-1300.036987,-973.645447,-122.305298,0.7435234383,-0.6469833402,0.1690723342,,,,
34055,0.0,-1298.683105,-973.498169,-122.227386,0.7435234383,-0.6469833402,0.1690723342,,,,
34056,0.0,-1297.763306,-973.306213,-121.99678,0.7435234383,-0.6469833402,0.1690723342,,,,
34057,0.0,-1295.589355,-972.9328,-121.577866,0.7435234383,-0.6469833402,0.1690723342,,,,
34058,0.0,-1295.00238,-972.8494565,-121.4357265,0.7438225226,-0.6466393066,0.1690723342,,,,
34059,0.0,-1294.415405,-972.766113,-121.293587,0.7441216069,-0.6462952731,0.1690723342,,,,
34060,0.0,-1293.351562,-972.622131,-121.192894,0.7488612921,-0.6405522604,0.1699987263,,,,
34061,0.0,-1291.640625,-972.220337,-120.921173,0.7798910476,-0.6018456129,0.1719064049,,,,
34062,0.0,-1289.881348,-971.740051,-118.911354,0.816322685,-0.5516565372,0.171150048,,,,
34063,0.0,-1288.324219,-971.268738,-119.053032,0.8805335253,-0.4442733249,0.1651724055,,,,
34064,0.0,-1285.66687,-970.057617,-117.343636,0.9514022703,-0.2665448249,0.1542322156,,,,
34065,0.0,-1283.667969,-968.260376,-115.617508,0.9882169209,-0.0523750859,0.1438199141,,,,
34066,0.0,-1282.355835,-966.576843,-114.36673,0.9811870823,0.1372100729,0.1358134953,,,,
34067,0.0,-1280.554688,-964.294983,-112.415161,0.9194897211,0.3724442522,0.1257932108,,,,
34068,0.0,-1279.505737,-962.318848,-110.942993,0.8214480898,0.5585820566,0.1149309436,,,,
34069,0.0,-1279.005859,-960.812988,-109.586182,0.707959865,0.6987039627,0.1029835041,,,,
34070,0.0,-1278.218506,-959.715454,-108.179932,0.6213785125,0.7779318496,0.0933315676,,,,
34071,0.0,-1277.509033,-959.002441,-106.740723,0.5466729368,0.833166681,0.0835582548,,,,
34072,0.0,-1276.494507,-958.968628,-105.356445,0.5331364469,0.8422662461,0.0797063338,,,,
34073,0.0,-1275.427734,-958.883545,-104.657715,0.5327352579,0.8425313503,0.0795868628,,,,
34074,0.0,-1275.367188,-959.253662,-104.774277,0.5327352579,0.8425313503,0.0795868628,0.0811028918,561.4138351296,1423.1120527413,5.0
34075,0.0,-1273.108276,-958.818787,-104.62648,0.5327352579,0.8425313503,0.0795868628,0.0790426905,555.3250357115,1425.1400306139,5.0
34076,0.0,-1271.702637,-958.782104,-104.45826,0.5327352579,0.8425313503,0.0795868628,0.0793857245,556.3523768531,1424.8156123516,5.0
34077,0.0,-1270.089844,-958.48114,-104.374016,0.5327352579,0.8425313503,0.0795868628,0.0797589412,557.354724452,1424.17750236,5.0
34078,0.0,-1268.453247,-958.287598,-104.383636,0.5327352579,0.8425313503,0.0795868628,0.080128769,558.3753398437,1423.6261077427,5.0
34079,0.0,-1266.737671,-958.066711,-104.541992,0.5327352579,0.8425313503,0.0795868628,0.0804953333,559.3562507264,1423.0119856583,5.0
34080,0.0,-1264.437744,-957.578918,-104.749519,0.5327352579,0.8425313503,0.0795868628,0.080983291,560.5818341832,1422.0076452352,5.0
34081,0.0,-1262.875977,-957.369751,-104.956177,0.5327352579,0.8425313503,0.0795868628,0.0813171939,561.4592077559,1421.4298288174,5.0
34082,0.0,-1260.181396,-956.771667,-105.19062,0.5327352579,0.8425313503,0.0795868628,0.0818929452,562.8861845871,1420.2373282684,5.0
34083,0.0,-1257.728271,-956.256775,-105.418877,0.5327352579,0.8425313503,0.0795868628,0.0824203038,564.1980615528,1419.1809498231,5.0
34084,0.0,-1254.925903,-955.577881,-105.539246,0.5320617971,0.8432270928,0.0766701636,0.0821069069,562.6660102159,1417.9099085432,5.0
34085,0.0,-1253.11731,-955.110779,-105.549706,0.5258219876,0.8473778745,0.0739051774,0.0794448863,553.5247897311,1417.0680764751,5.0
34086,0.0,-1250.634644,-954.332214,-105.504662,0.4970470657,0.8647857633,0.0713428201,0.068850597,516.2545501675,1415.8006268434,5.0
34087,0.0,-1247.958618,-953.110657,-105.442657,0.444061286,0.8931878823,0.070887102,0.0528948044,453.807287985,1414.0678572941,5.0
34088,0.0,-1245.961182,-952.16864,-105.369789,0.3958344238,0.915466708,0.0723589356,0.0418759968,404.5464294686,1412.751242179,5.0
34089,0.0,-1243.299683,-950.960999,-105.399826,0.3422956277,0.9365657678,0.0753542685,0.0332363168,360.7595591655,1411.0269632743,5.0
34090,0.0,-1240.984375,-950.090149,-105.420601,0.3101856816,0.9474607172,0.0781219065,0.0298637807,341.9395453384,1409.7068449318,5.0
34091,0.0,-1237.997192,-949.031921,-105.407089,0.2838958879,0.9554695381,0.080505196,0.0280060815,330.9063839323,1408.0762903728,5.0
34092,0.0,-1235.378662,-948.193787,-105.253021,0.2774706186,0.9572765804,0.0814346635,0.0278710515,329.8098432701,1406.7576394977,5.0
34093,0.0,-1232.843628,-947.34259,-105.115707,0.2770425033,0.9573951679,0.0814981215,0.0280307282,330.4312319865,1405.4449131901,5.0
34094,0.0,-1229.674316,-946.26886,-104.847923,0.2770425033,0.9573951679,0.0814981215,0.0282744724,331.4593583648,1403.8147487038,5.0
34095,0.0,-1227.114746,-945.373352,-104.549721,0.2770425033,0.9573951679,0.0814981215,0.0284880792,332.3762444684,1402.4864965264,5.0
34096,0.0,-1224.233521,-944.279724,-104.350273,0.2770425033,0.9573951679,0.0814981215,0.0287124234,333.2840619773,1400.8919136145,5.0
34097,0.0,-1221.398682,-943.178589,-104.080574,0.2747934177,0.9580431258,0.0814981389,0.028750471,333.1263271892,1399.3155920716,5.0
34098,0.0,-1218.33252,-941.837463,-103.959549,0.2703207396,0.9594547149,0.0798332499,0.0282195112,329.6391602223,1397.4451569986,5.0
34099,0.0,-1213.264771,-939.111084,-103.494102,0.2590413403,0.9627203315,0.0778918945,0.0272923376,323.4346456818,1393.9102305964,5.0
34100,0.0,-1211.9067385,-938.1528625,-103.381374,0.251609358,0.9646675084,0.0777836204,0.0268649343,320.6506494333,1392.7465647796,5.0
34101,0.0,-1208.505859,-935.67511,-102.992531,0.2414102073,0.9673094929,0.0776753289,0.0264308915,317.4163100778,1389.783538769,5.0
34102,0.0,-1207.227722,-934.5782165,-102.9137725,0.2412253663,0.9673555859,0.0776753289,0.0265068116,317.5874533191,1388.569970082,5.0
34103,0.0,-1205.337402,-932.898743,-102.835014,0.2410405253,0.9674016789,0.0776753289,0.0266198727,317.8330344676,1386.7260433569,5.0
34104,0.0,-1201.779541,-928.503784,-102.911758,0.2410405253,0.9674016789,0.0776753289,0.0268413262,318.0840774466,1382.161970416,5.0
34105,0.0,-1199.606689,-925.609985,-103.043343,0.2410405253,0.9674016789,0.0776753289,0.0269648637,318.1989806998,1379.5335262501,5.0
34106,0.0,-1199.016235,-924.909424,-102.887894,0.2410405253,0.9674016789,0.0776753289,0.027027962,318.5107875726,1379.2945855144,5.0
34107,0.0,-1198.5896,-924.328369,-102.797508,0.2410405253,0.9674016789,0.0776753289,0.0270742208,318.7303937836,1379.0821023475,5.0
34108,0.0,-1198.182983,-923.691711,-102.797127,0.2410405253,0.9674016789,0.0776753289,0.0271075976,318.8444493592,1378.7376819289,5.0
34109,0.0,-1197.864868,-923.22644,-102.874237,0.2410405253,0.9674016789,0.0776753289,0.0271222847,318.8518464705,1378.4014373946,5.0
34110,0.0,-1197.370361,-922.01947,-104.165482,0.2410405253,0.9674016789,0.0776753289,0.0269642823,317.6455595588,1377.1488445755,5.0
34111,0.0,-1196.975952,-921.104492,-104.444763,0.2410405253,0.9674016789,0.0776753289,0.0269585152,317.4245683555,1376.3359209522,5.0
34112,0.0,-1196.596924,-920.184204,-104.778526,0.2410405253,0.9674016789,0.0776753289,0.0269434065,317.1279601901,1375.4300578607,5.0
34113,0.0,-1196.388794,-919.766968,-104.914528,0.2410405253,0.9674016789,0.0776753289,0.0269434493,317.0119407995,1374.9257897758,5.0
34114,0.0,-1196.213623,-919.36377,-105.066132,0.2410405253,0.9674016789,0.0776753289,0.0269390063,316.872903074,1374.4345430342,5.0
34115,0.0,-1195.87793,-918.292664,-103.679977,0.2410405253,0.9674016789,0.0776753289,0.0271876525,318.1160157298,1373.588957159,5.0
34116,0.0,-1195.819702,-917.764954,-103.674934,0.2410405253,0.9674016789,0.0776753289,0.0271958854,318.0501787889,1373.0996627647,5.0
34117,0.0,-1195.858276,-916.772217,-103.618904,0.2410405253,0.9674016789,0.0776753289,0.027210955,317.8921485046,1372.0425676247,5.0
34118,0.0,-1195.758911,-916.009216,-103.627731,0.2410405253,0.9674016789,0.0776753289,0.0272208385,317.7315787306,1371.1039918404,5.0
34119,0.0,-1195.608887,-915.644165,-103.619041,0.2410405253,0.9674016789,0.0776753289,0.0272208301,317.6615346635,1370.8019390458,5.0
34120,0.0,-1195.49353,-915.079407,-103.653839,0.240972418,0.96712891,0.0812032339,0.0280021448,322.0256014508,1370.3816431532,5.0
34121,0.0,-1195.392822,-914.311707,-103.671997,0.2424387463,0.9662237412,0.0873792662,0.0295035515,330.3097062681,1369.9236360668,5.0
36573,0.0,-1385.153198,450.990417,-102.571983,1.0,0.0,0.0,0.0938512461,165.6364632415,391.6133895941,1.0
36574,0.0,-1385.165649,450.981628,-102.569496,1.0,0.0,0.0,0.097344637,167.5522041278,389.3265895523,1.0
36575,0.0,-1384.881958,450.529388,-102.628601,1.0,0.0,0.0,0.1005331621,169.4356360518,387.7343058159,1.0
36576,0.0,-1380.474121,448.030792,-103.031235,1.0,0.0,0.0,0.1077374801,173.1805809781,383.552741915,1.0
36577,0.0,-1380.420166,447.947296,-103.00988,1.0,0.0,0.0,0.1106389215,174.8493147916,382.4304685958,1.0
36578,0.0,-1386.189819,445.785553,-103.856087,0.2215672969,-0.9574533767,0.1849079889,,,,
36579,0.0,-1387.245728,444.918762,-104.016045,-0.0883951371,-0.9723568432,0.2161214224,,,,
36580,0.0,-1380.40625,445.027283,-103.13134,0.9673925987,-0.2517869032,0.0274757212,,,,
36581,0.0,-1379.89502,446.84079,-103.035065,0.9997809968,-0.0208435146,0.0018725278,0.1345361919,189.587185121,378.4390984812,1.0
36582,0.0,-1380.009033,446.815033,-103.067055,0.9996943437,-0.0245653336,0.0027863273,0.1395142498,192.5066034017,377.8532597899,1.0
36583,0.0,-1380.18457,446.810425,-103.115349,0.9996638416,-0.0257668626,0.0028762114,0.1431870383,194.6013142241,377.4069002318,1.0
36584,0.0,-1379.178955,446.783569,-103.047379,0.9996608433,-0.0258829227,0.0028762114,0.1485871034,197.1034996499,375.7959841722,1.0
36585,0.0,-1379.37439,446.788605,-103.045464,0.9996608433,-0.0258829227,0.0028762114,,,,
36586,0.0,-1379.586548,446.794098,-103.0541,0.9996608433,-0.0258829227,0.0028762114,,,,
36587,0.0,-1379.952148,446.803589,-102.996727,0.9996608433,-0.0258829227,0.0028762114,,,,
36588,0.0,-1380.245361,446.811157,-102.959854,0.9996608433,-0.0258829227,0.0028762114,,,,
36589,0.0,-1380.652954,446.821686,-102.888428,0.9996608433,-0.0258829227,0.0028762114,,,,
36590,0.0,-1381.011597,446.831024,-102.820419,0.9996608433,-0.0258829227,0.0028762114,,,,
36591,0.0,-1381.332886,446.839325,-102.741592,0.9996608433,-0.0258829227,0.0028762114,,,,
36592,0.0,-1381.569824,446.845459,-102.653152,0.9996608433,-0.0258829227,0.0028762114,,,,
36593,0.0,-1381.811768,446.851746,-102.548485,0.9996608433,-0.0258829227,0.0028762114,,,,
36594,0.0,-1381.994995,446.856445,-102.427338,0.9996608433,-0.0258829227,0.0028762114,,,,
36595,0.0,-1382.236572,446.862732,-102.275986,0.9996608433,-0.0258829227,0.0028762114,,,,
36596,0.0,-1382.376465,446.866364,-102.162651,0.9996608433,-0.0258829227,0.0028762114,,,,
36597,0.0,-1382.604492,446.872253,-101.990715,0.9996608433,-0.0258829227,0.0028762114,,,,
36598,0.0,-1382.738525,446.875702,-101.876709,0.9996608433,-0.0258829227,0.0028762114,,,,
36599,0.0,-1382.874756,446.879242,-101.747986,0.9996608433,-0.0258829227,0.0028762114,,,,
36600,0.0,-1383.058472,446.884033,-101.566711,0.9996608433,-0.0258829227,0.0028762114,,,,
36601,0.0,-1383.098389,446.88504,-101.517921,0.9996608433,-0.0258829227,0.0028762114,,,,
36602,0.0,-1383.156982,446.882904,-101.451439,0.9996391754,-0.0267066741,0.0028762114,,,,
36603,0.0,-1383.212891,446.883759,-101.44754,0.9996355688,-0.0268413298,0.0028762114,,,,
36604,0.0,-1383.300903,446.872711,-101.576698,0.9995461848,-0.0299858617,0.0028762114,,,,
36605,0.0,-1383.366211,446.85434,-101.810898,0.999391091,-0.0347731898,0.0028762114,,,,
36606,0.0,-1383.399902,446.839783,-102.041718,0.9992542807,-0.0385046748,0.0028762114,,,,
36607,0.0,-1383.4197385,446.8288575,-102.193726,0.9991389058,-0.0412961121,0.0028762114,,,,
36608,0.0,-1383.471558,446.804443,-102.575294,0.9988603546,-0.0476415727,0.0028762114,,,,
36609,0.0,-1383.452759,446.787323,-102.837128,0.9986664539,-0.0514903906,0.0037488014,,,,
36610,0.0,-1383.427856,446.756836,-103.187386,0.9982805525,-0.0583591954,0.0054902546,,,,
36611,0.0,-1383.442871,446.657623,-103.327789,0.9965832296,-0.081630454,0.0125831428,,,,
36612,0.0,-1383.425293,446.300629,-103.523064,0.9866417904,-0.159865833,0.0313192093,,,,
36613,0.0,-1383.428833,445.744965,-103.610794,0.96162501,-0.269198272,0.053005947,,,,
36614,0.0,-1383.664917,444.81546,-103.699181,0.8976919077,-0.4336737586,0.0779506899,,,,
36615,0.0,-1383.976807,444.012573,-103.744087,0.8260427732,-0.5559379368,0.0926625452,,,,
36616,0.0,-1384.631592,443.052521,-103.795456,0.7082389076,-0.6976759038,0.1079165554,,,,
36617,0.0,-1384.890503,442.803314,-103.809654,0.558611051,-0.8201211397,0.1239153338,,,,
36618,0.0,-1385.314087,442.489258,-103.856094,0.3559079727,-0.9235341272,0.1428783781,,,,
36619,0.0,-1385.764893,442.310577,-103.923737,0.128799713,-0.9786078497,0.1604285214,,,,
36620,0.0,-1385.996948,442.228302,-103.886772,-0.0062667191,-0.9862866213,0.1649224937,,,,
36621,0.0,-1386.262695,442.243286,-103.832642,-0.1287132512,-0.9779609484,0.1643936812,,,,
36622,0.0,-1386.395508,442.204681,-103.800575,-0.1558996335,-0.9746262099,0.1606208431,,,,
36623,0.0,-1386.458984,442.162781,-103.756744,-0.1451927866,-0.9777311618,0.1515283143,,,,
36624,0.0,-1386.445068,442.147522,-103.734467,-0.1422591142,-0.9784776268,0.1494786883,,,,
36625,0.0,-1386.628662,442.045166,-103.65638,-0.1228133814,-0.9825603255,0.1396140395,,,,
36626,0.0,-1386.801514,441.975647,-103.65493,-0.1228133814,-0.9825603255,0.1396140395,,,,
36627,0.0,-1386.971191,441.904999,-103.65583,-0.1228133814,-0.9825603255,0.1396140395,,,,
36628,0.0,-1387.139526,441.859314,-103.674164,-0.1228133814,-0.9825603255,0.1396140395,,,,
36629,0.0,-1387.375,441.816559,-103.70961,-0.1228133814,-0.9825603255,0.1396140395,,,,
36630,0.0,-1387.613403,441.789124,-103.760735,-0.1228133814,-0.9825603255,0.1396140395,,,,
36631,0.0,-1387.808228,441.782349,-103.788475,-0.1228133814,-0.9825603255,0.1396140395,,,,
36632,0.0,-1387.966797,441.801971,-103.866707,-0.1228133814,-0.9825603255,0.1396140395,,,,
36633,0.0,-1388.115967,441.903229,-103.9132,-0.1228133814,-0.9825603255,0.1396140395,,,,
36634,0.0,-1388.235474,441.975311,-103.951057,-0.1228133814,-0.9825603255,0.1396140395,,,,
36635,0.0,-1388.356323,442.044434,-104.000931,-0.1228133814,-0.9825603255,0.1396140395,,,,
36636,0.0,-1388.536987,442.176849,-104.015228,-0.126632566,-0.9823382982,0.1377521732,,,,
36637,0.0,-1388.666382,442.303711,-104.015396,-0.1377471517,-0.9813934222,0.1337634971,,,,
36638,0.0,-1388.842285,442.404877,-104.03064,-0.1407844816,-0.9809572494,0.1338006151,,,,
36639,0.0,-1389.011841,442.473267,-104.071472,-0.1565492723,-0.9769293204,0.1452633069,,,,
36640,0.0,-1389.229736,442.717987,-104.081833,-0.2146467205,-0.9635185392,0.1598712295,,,,
36641,0.0,-1389.676514,443.28067,-104.091583,-0.3126464247,-0.9337239934,0.1743895559,,,,
36642,0.0,-1390.154175,444.325623,-104.050659,-0.4576430036,-0.8702606081,0.1822343414,,,,
36643,0.0,-1390.379883,445.149963,-103.984993,-0.5501704972,-0.814544586,0.1839280878,,,,
36644,0.0,-1390.756592,446.616089,-103.801895,-0.7081834516,-0.6837000468,0.1761546053,,,,
36645,0.0,-1390.918701,446.877045,-103.72374,-0.7400181413,-0.6508457467,0.1696259548,,,,
36646,0.0,-1391.099609,446.793427,-103.699913,-0.7439404189,-0.6465038229,0.1690723515,,,,
36647,0.0,-1391.218994,446.652924,-103.709564,-0.7413240293,-0.6497026326,0.1683008404,,,,
36648,0.0,-1391.455811,446.300995,-103.698128,-0.7231983497,-0.6698636824,0.1681273148,,,,
36649,0.0,-1391.729004,445.559296,-103.677681,-0.6673878396,-0.7258939004,0.1663475787,,,,
36650,0.0,-1391.837158,444.609985,-103.662987,-0.5729129384,-0.8029581825,0.164404751,,,,
36651,0.0,-1391.695312,443.486511,-103.617447,-0.4219952475,-0.8920016415,0.1620280304,,,,
36652,0.0,-1391.001465,442.486481,-103.434212,-0.1692386438,-0.9722517458,0.1615079694,,,,
36653,0.0,-1390.510376,441.881653,-103.353439,-0.045080256,-0.986083579,0.160021704,,,,
36654,0.0,-1390.15332,441.549896,-103.296448,0.04061807,-0.9866767808,0.157540797,,,,
36655,0.0,-1389.666504,441.408447,-103.248413,0.0970749084,-0.9833950321,0.1533319048,,,,
36656,0.0,-1389.578613,441.400116,-103.227341,0.1073302829,-0.9827658209,0.1505043241,,,,
36657,0.0,-1389.565308,441.433594,-103.199684,0.1094123532,-0.9834317397,0.1445370205,,,,
36658,0.0,-1389.568237,441.460999,-103.184799,0.1094925833,-0.9838881696,0.141334511,,,,
36659,0.0,-1389.571411,441.489136,-103.174629,0.1095175787,-0.9841115257,0.1397512255,,,,
36660,0.0,-1389.582031,441.51535,-103.169464,0.1085986772,-0.9842328241,0.1396140222,,,,
36661,0.0,-1389.584717,441.538452,-103.165131,0.1085765343,-0.9842352646,0.1396140395,,,,
36662,0.0,-1389.581909,441.565369,-103.160896,0.1092732183,-0.9841581599,0.1396140395,,,,
36663,0.0,-1389.551514,441.598694,-103.156631,0.1133583895,-0.9835856839,0.1403890239,,,,
36664,0.0,-1389.489746,441.632782,-103.151421,0.1213264554,-0.9826097122,0.1405633122,,,,
36665,0.0,-1389.322632,441.677063,-103.146591,0.1422987371,-0.9796690799,0.1414198124,,,,
36666,0.0,-1389.154785,441.737335,-103.141678,0.1639252593,-0.9762698036,0.141512473,,,,
36667,0.0,-1389.103271,441.793671,-103.142769,0.1714011103,-0.9749850637,0.1415124903,,,,
36668,0.0,-1389.109131,441.873108,-103.144485,0.1724433681,-0.9749380446,0.1405670447,,,,
36669,0.0,-1389.100098,441.943481,-103.140923,0.1751601826,-0.9745852851,0.1396511101,,,,
36670,0.0,-1388.954102,441.954468,-103.140938,0.1937099191,-0.9710738345,0.1396140222,,,,
36671,0.0,-1388.559937,441.81076,-103.147881,0.2383929719,-0.9611927584,0.1388426166,,,,
36672,0.0,-1387.970337,441.634491,-103.170914,0.3020403766,-0.9428906257,0.1404595277,,,,
36673,0.0,-1387.341675,441.38974,-103.20903,0.361718259,-0.9210662852,0.1442109547,0.1353752976,835.1475177001,1662.25545051,4.0
36674,0.0,-1387.059814,441.263062,-103.233612,0.3855586343,-0.9109905355,0.1464267179,0.124403812,803.4499026995,1663.3065116148,4.0
36675,0.0,-1386.751465,441.06311,-103.275757,0.4074649036,-0.9011238417,0.1481491621,0.1150568464,775.4029558337,1665.0301055942,4.0
36676,0.0,-1386.733032,441.073273,-103.285248,0.4097822203,-0.9003313312,0.1465674794,0.1143558002,773.8806491605,1666.5372062302,4.0
36677,0.0,-1386.705566,441.121979,-103.280693,0.4149969543,-0.8988804789,0.1406819558,0.1117681257,766.2366028275,1667.9239621562,4.0
36678,0.0,-1386.685059,441.200897,-103.25631,0.4210903788,-0.8974123033,0.1316588424,0.108656132,757.0679113617,1670.0230696953,4.0
36679,0.0,-1386.734619,441.378204,-103.269325,0.4247289231,-0.8963870796,0.1268682208,0.1070932869,752.668245489,1671.6981582952,4.0
36680,0.0,-1386.787231,441.526825,-103.282829,0.4267174729,-0.8959495001,0.1232342957,0.1063946276,751.031270323,1673.2214827522,4.0
36681,0.0,-1386.844116,441.691803,-103.29464,0.4291782943,-0.8952615497,0.1196359033,0.1055173073,748.8707069762,1674.9416108674,4.0
36682,0.0,-1386.913086,441.941772,-103.312973,0.4349551992,-0.8932902534,0.1133423923,0.1029277078,740.976477214,1676.8581659233,4.0
36683,0.0,-1386.918091,442.120453,-103.325516,0.4441834416,-0.8893830431,0.1081613278,0.0987069527,727.1024972069,1678.4068139588,4.0
36684,0.0,-1386.879272,442.365295,-103.373688,0.4625690056,-0.8808342367,0.1008015995,0.0903397382,697.8747604014,1680.1962941534,4.0
36685,0.0,-1386.896973,442.620392,-103.454437,0.4761866671,-0.8743228789,0.0938390192,0.0848301289,678.4002429216,1683.0897720903,4.0
36686,0.0,-1386.9467165,442.7240295,-103.5093,0.4770068034,-0.8739698376,0.0929496878,0.0847988001,678.679559976,1684.0801878495,4.0
36687,0.0,-1386.99646,442.827667,-103.564163,0.4778269397,-0.8736167962,0.0920603563,0.0847674713,678.9588770305,1685.0706036088,4.0
36688,0.0,-1387.035889,442.900391,-103.76194,0.4778788672,-0.8735942841,0.0920044299,0.0861579978,685.438147542,1687.9805232706,4.0
36689,0.0,-1387.034302,442.908478,-103.88118,0.4785821827,-0.8732091841,0.0920044299,0.0865566443,687.549289367,1689.4518818295,4.0
36690,0.0,-1386.966553,442.914062,-103.972099,0.4869738937,-0.8685572012,0.0920044299,0.083536322,676.5293746427,1690.8251030571,4.0
36691,0.0,-1386.766968,442.924591,-104.046967,0.5107217363,-0.8547106182,0.0929143002,0.074148809,639.5205847447,1692.353464582,4.0
36692,0.0,-1386.637939,442.973785,-103.749496,0.5286163086,-0.8436643437,0.0937831196,0.0675064737,611.736519963,1693.6851237674,4.0
36693,0.0,-1386.542969,443.038971,-103.732887,0.5436745527,-0.8339460825,0.0946145461,0.0622064378,588.4865696194,1694.9821740883,4.0
36694,0.0,-1386.515625,443.059296,-103.715508,0.5481346809,-0.8309924323,0.0948680616,0.0613118401,585.0049125253,1696.8105626745,4.0
36695,0.0,-1386.238403,442.639252,-103.17173,0.5481346809,-0.8309924323,0.0948680616,0.0620201827,588.5989493462,1697.7679741796,4.0
36696,0.0,-1386.244751,442.667419,-103.218422,0.5495543292,-0.8303947189,0.091840351,0.0617807016,587.9933411723,1699.2001321746,4.0
36697,0.0,-1386.240356,442.721344,-103.257347,0.5540073608,-0.8281914491,0.0847040011,0.0600947192,580.770039422,1700.966601373,4.0
36698,0.0,-1386.079102,442.734985,-103.007935,0.5715290121,-0.8170319466,0.0762455673,0.0532062538,547.8408619523,1702.2098912196,4.0
36699,0.0,-1385.703003,442.77417,-103.001221,0.610338737,-0.7889637394,0.0708720254,0.0394064715,473.4441729928,1703.3002834761,4.0
36700,0.0,-1385.331299,442.741455,-103.027161,0.6407046843,-0.7645256697,0.0706965898,0.0301838562,415.5703085353,1704.2931669814,4.0
36701,0.0,-1385.022217,442.601135,-103.118668,0.655857896,-0.7511030744,0.0754625189,0.0265635757,390.5110915718,1705.6052975361,4.0
36702,0.0,-1384.960938,442.537384,-103.174133,0.6561383432,-0.7505498484,0.0784691004,0.0270343062,394.2050110357,1706.886954656,4.0
36703,0.0,-1384.969727,442.537811,-103.235626,0.655471823,-0.7511150597,0.0786311407,0.0275878878,398.4327278026,1708.035718706,4.0
36704,0.0,-1384.995117,442.566101,-103.281967,0.6554900228,-0.751260886,0.0770708192,0.0278255778,400.3918703973,1709.1905958508,4.0
36705,0.0,-1385.057739,442.647217,-103.335579,0.6562118871,-0.7507644912,0.0757537985,0.0280097774,402.0188548611,1710.5635560288,4.0
36706,0.0,-1385.155273,442.76355,-102.968529,0.6565654473,-0.7504824053,0.0754849172,0.0280283081,402.2407711933,1710.9499645506,4.0
36707,0.0,-1385.269165,442.931793,-103.037895,0.6593747203,-0.748092984,0.0747118835,0.0278420285,401.3063755532,1712.5954002929,4.0
36708,0.0,-1385.411621,443.172241,-103.117317,0.6652586448,-0.742682985,0.0765043745,0.0268263495,394.2781367909,1713.7175834937,4.0
36709,0.0,-1385.471191,443.284607,-103.192436,0.6685578424,-0.739133201,0.0819299853,0.0267453549,393.8560588206,1714.4379901113,4.0
36710,0.0,-1385.515137,443.339447,-103.225815,0.668933486,-0.7385914128,0.0837300195,0.0269136237,395.1317233359,1714.6787357089,4.0
36711,0.0,-1385.704346,443.563416,-103.409241,0.6698129994,-0.7370455487,0.0900799922,0.0279960219,403.1649024883,1715.8553062279,4.0
36712,0.0,-1385.86438,443.762238,-103.1716,0.6717778585,-0.7352533011,0.0900949063,0.0278797725,402.5066582283,1716.5709631262,4.0
36713,0.0,-1385.871216,443.79361,-103.262169,0.6739098031,-0.7334059806,0.0892258086,0.0276436701,400.9193020252,1716.9847034503,4.0
36714,0.0,-1385.56897,443.474976,-102.972168,0.6748084959,-0.7326966504,0.0882559484,0.0277994794,401.9727027096,1716.7327653036,4.0
36715,0.0,-1385.51001,443.41156,-103.033623,0.674864807,-0.732653319,0.0881850687,0.0282287265,405.0364464777,1716.8019334885,4.0
36716,0.0,-1385.39978,443.291992,-103.089554,0.674864807,-0.732653319,0.0881850687,0.0286756637,408.1651414051,1716.7226261502,4.0
36717,0.0,-1385.252808,443.132416,-102.878914,0.674864807,-0.732653319,0.0881850687,0.02914501,411.391138218,1716.5066570895,4.0
36718,0.0,-1385.079224,442.952362,-102.914314,0.6754819212,-0.7320843993,0.0881850687,0.0295124198,413.8712055275,1716.2318256705,4.0
36719,0.0,-1384.883057,442.749664,-102.9524,0.676120193,-0.7313955576,0.0890057464,0.029864799,416.1608219128,1715.6685067215,4.0
36720,0.0,-1388.572021,446.749054,-104.298721,0.6787270609,-0.7288529289,0.0900165813,0.0288468587,410.1919295742,1720.1949348207,4.0
36721,0.0,-1388.387207,446.556702,-104.298721,0.6801996689,-0.7273581668,0.0909863046,0.028679386,374.5272904147,1575.1427283841,5.0
36722,0.0,-1388.194092,446.356567,-104.298721,0.6815557172,-0.7258386913,0.0929515929,0.0281060403,369.9518166937,1571.4608061629,5.0
36723,0.0,-1388.043701,446.217377,-104.298729,0.6857568451,-0.7215339592,0.095531645,0.0268363534,360.9720023824,1568.6650299077,5.0
36724,0.0,-1387.904053,446.106628,-104.298775,0.6923355224,-0.7142349353,0.1026644129,0.0253837818,350.614470228,1566.0669458526,5.0
36725,0.0,-1387.706421,445.941864,-104.298721,0.6987550063,-0.7066966,0.1110016064,0.0240978861,340.9518497359,1562.5030173593,5.0
36726,0.0,-1387.404419,445.708038,-104.298767,0.7091394779,-0.6942703767,0.1229221093,0.0221683427,326.0537242775,1557.1408210435,5.0
36727,0.0,-1387.302063,445.623642,-104.298744,0.7112922693,-0.6916733028,0.125041901,0.0217493649,322.6112386135,1555.3617252427,5.0
36728,0.0,-1387.02356,445.369965,-104.298721,0.7135540673,-0.6889448323,0.1272619782,0.021146664,317.1747951038,1550.4970068533,5.0
36729,0.0,-1386.852051,445.204315,-104.298721,0.7135540673,-0.6889448323,0.1272619782,0.0210192335,315.8499901596,1548.64417524,5.0
36730,0.0,-1386.643433,444.997955,-104.298721,0.7130366951,-0.6896381198,0.1264038574,0.0208137427,313.5542532503,1544.8782979787,5.0
36731,0.0,-1386.461548,444.821503,-104.298721,0.7132097622,-0.6899349183,0.1237806272,0.0202840624,308.8736250943,1541.3523054454,5.0
36732,0.0,-1386.303223,444.668274,-104.298721,0.7133030307,-0.6900250708,0.1227362536,0.0199804577,305.9852572793,1538.3779557045,5.0
36733,0.0,-1386.12146,444.492554,-104.298721,0.7133234934,-0.6900448657,0.1225058246,0.0278332145,396.9012655025,1694.0607481395,4.0
36734,0.0,-1385.922363,444.299896,-104.298721,0.7133234934,-0.6900448657,0.1225058246,0.0281780151,398.5890885663,1690.9717603947,4.0
36735,0.0,-1385.741211,444.124695,-104.298721,0.7133234934,-0.6900448657,0.1225058246,0.0284765404,399.966771523,1688.0267512451,4.0
36736,0.0,-1385.569946,443.959076,-104.298721,0.7133234934,-0.6900448657,0.1225058246,0.0287437519,401.1226697015,1685.1320456594,4.0
36737,0.0,-1385.398193,443.792908,-104.298721,0.7133234934,-0.6900448657,0.1225058246,0.0290059268,402.2053588666,1682.138768162,4.0
36738,0.0,-1385.231567,443.631531,-104.298721,0.7133234934,-0.6900448657,0.1225058246,0.0293548804,404.7939673562,1683.0214951721,4.0
36739,0.0,-1385.081787,443.494263,-104.298721,0.7139099252,-0.6894381347,0.1225058246,0.029411248,404.4584073117,1680.0381381158,4.0
36740,0.0,-1384.910767,443.370331,-104.298721,0.7170755641,-0.686144995,0.1225058419,0.0286913955,398.7159062743,1676.5264783608,4.0
36741,0.0,-1384.738281,443.285675,-104.298721,0.7226307278,-0.6794356758,0.127169154,0.0277115431,391.1187528166,1672.9889331479,4.0
36742,0.0,-1384.599121,443.255463,-104.298767,0.7292547793,-0.6708179332,0.1348731529,0.0268027975,384.0943844608,1670.1775796357,4.0
36743,0.0,-1384.402222,443.194305,-104.298721,0.7368478189,-0.6605245605,0.1440923202,0.0259413905,377.0372773283,1666.125241993,4.0
36744,0.0,-1384.244263,443.064972,-104.298721,0.7375802958,-0.6594447753,0.1452855655,0.0259063252,375.9679699071,1662.5092211522,4.0
36745,0.0,-1384.106201,442.933441,-104.298721,0.7370221093,-0.6600636762,0.1453077895,0.0260348142,376.1223637882,1659.1367045263,4.0
36746,0.0,-1383.956543,442.789429,-104.298721,0.7363690213,-0.6607921843,0.1453077895,0.0261968352,376.410045086,1655.3310842071,4.0
36747,0.0,-1383.926636,442.759186,-104.298721,0.7361588778,-0.6610564162,0.1451706625,0.0262369304,376.5169910536,1654.55252447,4.0
36748,0.0,-1383.694458,442.506378,-104.298721,0.7334626311,-0.6642236095,0.1443591543,0.0269749444,380.1979592098,1648.0227465729,4.0
36749,0.0,-1383.669189,442.529297,-104.298721,0.7362311959,-0.6609522587,0.1452781402,0.0264001184,375.2973944424,1644.1561341433,4.0
36750,0.0,-1383.63855,442.633881,-104.298729,0.7443195979,-0.6514279462,0.1470712993,0.024582202,361.5531505459,1640.7117104951,4.0
36751,0.0,-1383.608154,442.750763,-104.298737,0.7530218191,-0.6405648361,0.1504487644,0.0229234753,348.5866264332,1637.4149532309,4.0
36752,0.0,-1383.582642,442.861786,-104.298721,0.7612077323,-0.6302473614,0.1528105096,0.0212726225,335.124965705,1633.4403672682,4.0
36753,0.0,-1383.577026,442.888824,-104.298721,0.7631168923,-0.6276718446,0.1538852303,0.0208441161,331.0169109767,1629.740428029,4.0
36754,0.0,-1383.576782,442.889984,-104.298721,0.7631957151,-0.6275640271,0.1539340519,0.0206537116,328.7729215633,1626.0582374768,4.0
36755,0.0,-1383.575073,442.897949,-104.298721,0.7637969939,-0.6268320826,0.1539340519,0.0202597675,324.8569387744,1622.0745665725,4.0
36756,0.0,-1383.573486,442.905884,-104.298721,0.7646292644,-0.6262988582,0.1519599561,0.0197899557,320.3677428176,1618.3436212219,4.0
36757,0.0,-1383.572021,442.912689,-104.298721,0.7651399192,-0.6256786752,0.151944396,0.0196475514,318.5938145572,1615.1463437649,4.0
36758,0.0,-1383.571777,442.914032,-104.298721,0.7652359639,-0.6255612042,0.151944396,0.0195810321,317.3409893893,1611.4982665892,4.0
36759,0.0,-1383.571777,442.914032,-104.298721,0.7652359639,-0.6255612042,0.151944396,0.0195245374,316.1302544026,1607.6479517243,4.0
36760,0.0,-1382.339355,443.52124,-103.714973,0.7652359639,-0.6255612042,0.151944396,0.0194278075,314.4669311125,1603.1263318413,4.0
36761,0.0,-1382.012817,443.778625,-103.441292,0.7652359639,-0.6255612042,0.151944396,0.0193452132,312.9067784221,1598.5411363766,4.0
36762,0.0,-1381.999146,443.778381,-103.444084,0.7652359639,-0.6255612042,0.151944396,0.0192799702,311.7208526743,1595.1485372867,4.0
36763,0.0,-1381.965576,443.767212,-103.482033,0.7652359639,-0.6255612042,0.151944396,0.0192053538,310.4326777372,1591.6095945454,4.0
36764,0.0,-1381.969604,443.751831,-103.541687,0.7652359639,-0.6255612042,0.151944396,0.0190797254,308.5363200836,1587.03584779,4.0
36765,0.0,-1381.994385,443.718658,-103.602554,0.7652359639,-0.6255612042,0.151944396,0.0189673988,306.9290577366,1583.3914937223,4.0
36766,0.0,-1381.88269,443.918762,-103.375519,0.7652359639,-0.6255612042,0.151944396,0.0188533269,305.2756338697,1579.5734600907,4.0
36767,0.0,-1381.96875,443.936035,-103.425804,0.7646803589,-0.6262402531,0.1519443788,0.018837226,304.4330018238,1575.8801185734,4.0
36768,0.0,-1382.068848,443.954315,-103.49482,0.763536993,-0.6276337792,0.151944396,0.0188803314,304.0904538913,1572.3261086448,4.0
36769,0.0,-1382.18457,443.955505,-103.577499,0.7619555569,-0.6293762858,0.1526735738,0.0191726535,305.8389315874,1569.3808350332,4.0
36770,0.0,-1382.543457,443.869843,-103.810936,0.7541604277,-0.6377835136,0.1564424464,0.0209660549,318.2525100898,1562.3806664883,4.0
36771,0.0,-1382.61615,443.843277,-103.851536,0.7519577512,-0.6398858967,0.1584059735,0.0216159885,322.682395379,1560.5942131446,4.0
36772,0.0,-1382.935547,443.693298,-103.981339,0.7439952095,-0.6479425138,0.1632226305,0.0237667933,337.1166563797,1555.5207918076,4.0
36773,0.0,-1383.083008,443.630524,-104.04142,0.7395776226,-0.6527218257,0.1642533361,0.0247527005,343.2203012837,1552.2116429339,4.0
36774,0.0,-1383.305664,443.542389,-104.132751,0.7386509477,-0.6537470894,0.1643457349,0.0248379719,343.1487975298,1549.2555186973,4.0
36775,0.0,-1383.472534,443.500122,-104.184326,0.7385115573,-0.653904549,0.1643457349,0.0246860308,341.2979816221,1545.5747688353,4.0
36776,0.0,-1383.417358,443.49823,-104.184975,0.738606553,-0.6539890066,0.1635809864,0.0243861648,338.508493079,1542.221622859,4.0
36777,0.0,-1383.606812,443.438873,-104.244453,0.73766831,-0.6550923033,0.1633999343,0.024556123,338.9669134474,1539.0228254091,4.0
36778,0.0,-1383.775391,443.436859,-104.277626,0.7341707631,-0.6594306226,0.1616927473,0.024968629,340.9262252575,1535.2392425516,4.0
36779,0.0,-1383.941406,443.450439,-104.276688,0.7317533636,-0.6621572251,0.1615079694,0.0253234868,342.6381156628,1532.2369855558,4.0
36780,0.0,-1384.093628,443.476166,-104.242805,0.728780382,-0.6654279347,0.1615079522,0.0257818584,344.8142874825,1528.3772837558,4.0
36781,0.0,-1384.151978,443.474182,-104.214485,0.7281818086,-0.666082904,0.1615079522,0.0257324129,343.8168030064,1525.400322755,4.0
36782,0.0,-1384.180176,443.474701,-104.18335,0.7281019838,-0.6661701604,0.1615079522,0.0255613417,342.0351833474,1522.4994219278,4.0
36783,0.0,-1383.961182,443.681244,-103.553963,0.7281019838,-0.6661701604,0.1615079522,0.0147634141,238.1883842137,1391.3008225371,5.0
36784,0.0,-1384.096436,443.44043,-103.526863,0.7281019838,-0.6661701604,0.1615079522,0.0147666322,238.165362239,1391.0158804202,5.0
36785,0.0,-1384.107056,443.430573,-103.529854,0.7281019838,-0.6661701604,0.1615079522,0.0147625621,238.1170791207,1390.9241541845,5.0
36786,0.0,-1384.141724,443.288666,-103.58342,0.7281019838,-0.6661701604,0.1615079522,0.0146606625,236.9739806848,1389.0135810852,5.0
36787,0.0,-1384.151245,443.233948,-103.610657,0.7281019838,-0.6661701604,0.1615079522,0.014554391,235.7733910563,1386.9754489649,5.0
36788,0.0,-1384.178833,443.101654,-103.667801,0.7281019838,-0.6661701604,0.1615079522,0.0144538359,234.5210560127,1384.3639651562,5.0
36789,0.0,-1383.970825,443.331787,-103.32476,0.7281019838,-0.6661701604,0.1615079522,0.0143922288,233.5341645572,1381.464297525,5.0
36790,0.0,-1383.993286,443.28653,-103.319214,0.7292684577,-0.6648929974,0.1615079522,0.0142453165,231.9637524073,1379.1810324973,5.0
36791,0.0,-1384.012939,443.245483,-103.33831,0.7299578409,-0.6641360794,0.1615079522,0.014110862,230.3248599573,1375.898964042,5.0
36792,0.0,-1384.028564,443.210907,-103.386696,0.7311728303,-0.6627982191,0.161507935,0.0139564386,228.5728097242,1372.9125584632,5.0
36793,0.0,-1384.044922,443.187225,-103.43309,0.7312870167,-0.6626722271,0.1615079522,0.0138797797,227.4483302537,1369.8994770368,5.0
36794,0.0,-1384.071289,443.135101,-103.511673,0.7312870167,-0.6626722271,0.1615079522,0.0138117889,226.3970630134,1366.896470575,5.0
36795,0.0,-1384.071289,443.135101,-103.511673,0.7305121613,-0.6635263054,0.1615079694,0.0138412357,226.4937027896,1366.0346603224,5.0
36796,0.0,-1384.061401,443.305664,-103.276413,0.7210985694,-0.6741641373,0.1597484557,0.014147823,228.1708108763,1361.2623026474,5.0
36797,0.0,-1384.133057,443.316772,-103.2584,0.7168442887,-0.6788821398,0.1589128881,0.0143113786,229.0045722606,1358.4630936944,5.0
36798,0.0,-1384.186646,443.292603,-103.299316,0.7127140399,-0.683435574,0.1579699766,0.0144704081,229.7249768287,1355.2819201986,5.0
36799,0.0,-1384.261719,443.245392,-103.406464,0.7086938208,-0.6876603686,0.1577221791,0.0147444938,231.2916330391,1351.8757720859,5.0
36800,0.0,-1384.278931,443.227692,-103.438133,0.7078639257,-0.6885146203,0.1577221619,0.0147778582,231.2279406032,1349.9883134546,5.0
36801,0.0,-1384.315674,443.165497,-103.524605,0.7077634333,-0.6886179218,0.1577221619,0.0147231784,230.3360595282,1347.2574988074,5.0
36802,0.0,-1384.341187,443.113098,-103.586571,0.7077634333,-0.6886179218,0.1577221619,0.0146894881,229.6753347109,1344.921096861,5.0
36803,0.0,-1384.32666,443.068726,-103.638496,0.7083073826,-0.6880584109,0.1577221446,0.0145963151,228.6348748378,1343.0632001342,5.0
36804,0.0,-1384.30603,443.006012,-103.703575,0.711636317,-0.6848204178,0.1568271265,0.0140817446,224.1739933202,1340.529306782,5.0
36805,0.0,-1384.248291,442.973785,-103.747147,0.7145709968,-0.6819460667,0.1560059378,0.0136705018,220.6367605063,1338.9365555273,5.0
36806,0.0,-1384.22644,442.955444,-103.774124,0.71645154,-0.6802018681,0.1549922883,0.013320679,217.3499907476,1336.0802969996,5.0
36807,0.0,-1384.165039,442.951111,-103.825294,0.717619602,-0.6789947685,0.1548812809,0.0131830963,215.9679743798,1334.448200268,5.0
36808,0.0,-1384.113403,442.96994,-103.866501,0.7179196606,-0.6786774966,0.1548812981,0.0131315114,215.1917728516,1332.2439127857,5.0
36809,0.0,-1384.065063,443.011017,-103.899269,0.7185445413,-0.6780158702,0.1548813154,0.0130547678,214.1128742545,1329.4293360494,5.0
36810,0.0,-1384.013184,443.055573,-103.932259,0.7191055907,-0.6774207985,0.1548812809,0.0129933379,213.2840085403,1327.3891606127,5.0
36811,0.0,-1383.926147,443.09552,-103.970367,0.7192196845,-0.6772996596,0.1548812981,0.0129502528,212.3621703753,1323.8343979792,5.0
36812,0.0,-1383.836792,443.049957,-104.024261,0.7192196845,-0.6772996596,0.1548812981,0.0128793132,210.8453458956,1317.9700613721,5.0
36813,0.0,-1383.72168,443.010315,-104.038948,0.7151887578,-0.681876303,0.1534592719,0.0128794743,210.4959700985,1315.7779769284,5.0
36814,0.0,-1383.92334,442.943054,-104.020653,0.691170665,-0.7077848391,0.146026482,0.0138838753,217.9046611278,1312.2266377767,5.0
36815,0.0,-1384.266479,442.845215,-104.071503,0.6460841465,-0.750161397,0.1408302315,0.019837684,259.4451301751,1309.0301314196,5.0
36816,0.0,-1384.347534,442.6922,-104.1688425,0.6132937624,-0.7759385254,0.1415976952,0.0274487721,301.1046327418,1307.4736345881,5.0
36817,0.0,-1384.777954,442.355682,-104.332047,0.4929998025,-0.8575175048,0.1470201473,0.0639065511,458.5102169684,1303.5064050558,5.0
36818,0.0,-1384.860962,442.005676,-104.684196,0.3251559433,-0.9322528903,0.1586762777,0.1403588132,664.2672508338,1300.1947854335,5.0
36819,0.0,-1385.043335,440.837189,-105.408936,0.0849390055,-0.9805426208,0.176978909,,,,
36820,0.0,-1387.265747,440.449219,-106.050026,-0.1463005033,-0.9706924436,0.1906629034,,,,
36821,0.0,-1390.207397,439.952179,-105.961967,-0.4356494284,-0.8786423938,0.1954408335,,,,
36822,0.0,-1392.574219,439.269348,-106.139717,-0.6016899742,-0.7766602206,0.1864619978,,,,
36823,0.0,-1394.7854,438.743713,-105.985275,-0.7000243054,-0.6924358328,0.174638453,,,,
36824,0.0,-1396.705933,438.328461,-105.93943,-0.7446839768,-0.6479259368,0.160117941,,,,
36825,0.0,-1398.214966,437.908081,-105.994553,-0.7453803855,-0.6489568124,0.152522577,,,,
36826,0.0,-1399.986694,437.527039,-106.169548,-0.7451268378,-0.6493834738,0.151944396,,,,
36827,0.0,-1401.517456,437.245758,-106.255455,-0.7451268378,-0.6493834738,0.151944396,,,,
36828,0.0,-1403.623047,436.970734,-106.388893,-0.7451268378,-0.6493834738,0.151944396,,,,
36829,0.0,-1405.799683,436.716949,-106.417946,-0.7451268378,-0.6493834738,0.151944396,,,,
36830,0.0,-1408.130127,436.473663,-106.321983,-0.7451268378,-0.6493834738,0.151944396,,,,
36831,0.0,-1409.787476,436.370148,-106.204361,-0.7451268378,-0.6493834738,0.151944396,,,,
36832,0.0,-1412.621704,436.201477,-106.054779,-0.7451268378,-0.6493834738,0.151944396,,,,
36833,0.0,-1415.259155,436.119385,-105.829041,-0.7451268378,-0.6493834738,0.151944396,,,,
36834,0.0,-1417.971313,436.068024,-105.495628,-0.7451268378,-0.6493834738,0.151944396,,,,
36835,0.0,-1420.377441,436.000031,-105.361847,-0.7451268378,-0.6493834738,0.151944396,,,,
36836,0.0,-1423.006958,435.981232,-105.17382,-0.7502108785,-0.6435033321,0.151944396,,,,
36837,0.0,-1426.15332,435.974396,-105.022591,-0.7586369475,-0.6349541536,0.1459561736,,,,
36838,0.0,-1428.763672,435.983215,-105.121635,-0.7599095067,-0.6335796698,0.145307755,,,,
36839,0.0,-1431.877197,435.975555,-105.178024,-0.760450006,-0.6327474273,0.1461043521,,,,
36840,0.0,-1435.270996,435.964844,-105.209442,-0.7626886591,-0.6298057912,0.1471416822,,,,
36841,0.0,-1438.265503,435.942444,-105.145073,-0.7667859509,-0.6244098408,0.1488343244,,,,
36842,0.0,-1441.608154,435.958496,-104.998169,-0.7751953549,-0.6138738167,0.149100969,,,,
36843,0.0,-1445.139648,436.059631,-104.781998,-0.7900088829,-0.5946888817,0.149100969,,,,
36844,0.0,-1448.135986,436.203033,-104.625343,-0.8024124863,-0.5778435068,0.1491009172,,,,
36845,0.0,-1451.556885,436.43396,-104.52977,-0.8128679132,-0.5630405462,0.149100969,,,,
36846,0.0,-1455.162231,436.721436,-104.496658,-0.8254404046,-0.544889633,0.1474565232,,,,
36847,0.0,-1459.068604,437.161713,-104.587234,-0.8472309651,-0.5112182336,0.1444147131,,,,
36848,0.0,-1462.276489,437.665558,-104.77066,-0.8680634215,-0.4760244869,0.1409488705,,,,
36849,0.0,-1465.726929,438.277191,-104.974838,-0.8833272412,-0.448009301,0.137915377,,,,
36850,0.0,-1471.720703,438.764343,-105.254158,-0.8855658341,-0.4436301516,0.1377150754,,,,
36851,0.0,-1473.505676,438.7936705,-105.3285715,-0.8847253822,-0.445299968,0.1377150754,,,,
36852,0.0,-1475.290649,438.822998,-105.402985,-0.8838849302,-0.4469697844,0.1377150754,,,,
36853,0.0,-1477.958618,438.78476,-105.423141,-0.8817307981,-0.4506846659,0.1394063544,,,,
36854,0.0,-1481.104858,438.571198,-105.416397,-0.8810759402,-0.4518994495,0.1396140222,,,,
36855,0.0,-1487.28418,437.854065,-105.270515,-0.8810353788,-0.4519785186,0.1396140395,,,,
36856,0.0,-1490.39856,437.335205,-105.141052,-0.8810353788,-0.4519785186,0.1396140395,,,,
36857,0.0,-1493.780151,436.606262,-104.912498,-0.8810353788,-0.4519785186,0.1396140395,,,,
36858,0.0,-1496.822754,435.864227,-104.691017,-0.8810353788,-0.4519785186,0.1396140395,,,,
36859,0.0,-1500.401489,434.898834,-104.46109,-0.8810353788,-0.4519785186,0.1396140395,,,,
36860,0.0,-1503.673096,433.944763,-104.287315,-0.8810353788,-0.4519785186,0.1396140395,,,,
36861,0.0,-1507.570435,432.729797,-104.103508,-0.8810353788,-0.4519785186,0.1396140395,,,,
36862,0.0,-1510.778809,431.675293,-103.887535,-0.8810353788,-0.4519785186,0.1396140395,,,,
36863,0.0,-1514.270142,430.495331,-103.855988,-0.8810353788,-0.4519785186,0.1396140395,,,,
36864,0.0,-1517.81604,429.247833,-103.861275,-0.8810353788,-0.4519785186,0.1396140395,,,,
36865,0.0,-1521.319702,428.074524,-103.941628,-0.8810353788,-0.4519785186,0.1396140395,,,,
36866,0.0,-1524.800659,427.132141,-104.028084,-0.8810353788,-0.4519785186,0.1396140395,,,,
36867,0.0,-1527.716797,426.271881,-104.159401,-0.8811360399,-0.4520301586,0.1388092752,,,,
36868,0.0,-1531.092407,425.226959,-104.315872,-0.8811540706,-0.4520394084,0.1386646212,,,,
36869,0.0,-1534.5896,423.989655,-104.23127,-0.8811540706,-0.4520394084,0.1386646212,,,,
36870,0.0,-1537.569214,422.996796,-104.644287,-0.8811540706,-0.4520394084,0.1386646212,,,,
36871,0.0,-1540.81604,421.80188,-104.838661,-0.8811540706,-0.4520394084,0.1386646212,,,,
36872,0.0,-1544.107178,420.560791,-105.103615,-0.8811540706,-0.4520394084,0.1386646212,,,,
36873,0.0,-1546.939453,419.470184,-105.319725,-0.8811540706,-0.4520394084,0.1386646212,,,,
36874,0.0,-1550.098022,418.164062,-105.488739,-0.8789411623,-0.4565822384,0.1378226861,,,,
36875,0.0,-1553.121826,416.764496,-105.520844,-0.8725153789,-0.4690209713,0.1368803931,,,,
36876,0.0,-1556.31897,415.207977,-105.522156,-0.8570356162,-0.4972616604,0.1349844205,,,,
36877,0.0,-1559.458862,413.554016,-105.463112,-0.8275041306,-0.5461750531,0.1301142771,,,,
36878,0.0,-1562.137817,412.11972,-105.388054,-0.7953490411,-0.5925795107,0.1275516614,,,,
36879,0.0,-1565.267456,410.223969,-105.051109,-0.7576021104,-0.6401901489,0.1272619955,,,,
36880,0.0,-1567.925415,408.476471,-104.823448,-0.7377908463,-0.6630951569,0.126370408,,,,
36881,0.0,-1570.475342,406.759674,-104.549835,-0.7304305937,-0.6712053915,0.1263110056,,,,
36882,0.0,-1573.213989,404.857697,-104.298775,-0.7288802921,-0.6728885896,0.1263109883,,,,
36883,0.0,-1576.036499,402.825287,-104.238251,-0.7287896091,-0.6729868051,0.1263109883,,,,
36884,0.0,-1578.930176,400.672119,-104.177055,-0.7287896091,-0.6729868051,0.1263109883,,,,
36885,0.0,-1581.469116,398.696106,-104.042809,-0.7306922355,-0.6709205551,0.1263109883,,,,
36886,0.0,-1583.672729,396.83252,-103.76017,-0.7507802998,-0.6485295224,0.12545278,,,,
36887,0.0,-1586.298584,394.658813,-103.833382,-0.7985878629,-0.5888723793,0.1244457556,,,,
36888,0.0,-1588.644775,392.89682,-104.087921,-0.866331924,-0.4849458395,0.1195680988,,,,
36889,0.0,-1591.270142,390.894775,-104.346848,-0.9253060713,-0.3625002899,0.1113652287,,,,
36890,0.0,-1594.172607,389.07901,-104.632843,-0.9730009604,-0.2073825002,0.1012997019,,,,
36891,0.0,-1597.617554,388.270508,-105.242691,-0.9945671115,-0.0462118486,0.093277681,,,,
36892,0.0,-1600.907837,387.799133,-105.828659,-0.9861834575,0.1432054007,0.0832730531,,,,
36893,0.0,-1603.65564,385.463867,-106.464294,-0.9030190144,0.4250703208,0.062224449,,,,
36894,0.0,-1604.780273,383.275055,-106.796524,-0.8554085634,0.5155030254,0.0503271339,,,,
36895,0.0,-1605.970703,381.242798,-106.996803,-0.8223776599,0.5674578622,0.0410677384,0.1345305445,195.7748064122,390.7979545813,1.0
36896,0.0,-1607.388794,378.775818,-107.195091,-0.7788056313,0.626547842,0.0299931732,0.1175133826,183.9026301396,391.001414076,1.0
36897,0.0,-1608.564819,376.584045,-107.28019,-0.7319000202,0.6811152486,0.0201091659,0.1037830876,173.5628274823,391.2455536986,1.0
36898,0.0,-1610.049927,374.127258,-107.280777,-0.6837805491,0.7296092703,0.0106992227,0.0932976295,164.9431971803,391.0728358281,1.0
36899,0.0,-1611.701294,371.606659,-107.307449,-0.6444104298,0.7646714023,0.0035839212,0.086972153,159.4825453961,390.987075884,1.0
36900,0.0,-1613.490967,369.181885,-107.178558,-0.6117915402,0.7910103616,-0.0037039467,0.0829607469,155.774405497,390.6108234146,1.0
36901,0.0,-1615.062988,367.186523,-107.114571,-0.590597824,0.8069104708,-0.0094711319,0.080834079,153.7215230254,390.2843797296,1.0
36902,0.0,-1617.032349,364.882874,-106.994499,-0.5724096403,0.8198055193,-0.0163130085,0.0791056915,151.9378714277,389.7718203758,1.0
36903,0.0,-1619.093018,362.523376,-106.837288,-0.5516305571,0.8337583387,-0.0234683,0.0771197842,149.8665572757,389.1756976065,1.0
36904,0.0,-1621.150879,360.215027,-106.714073,-0.527258794,0.8491235033,-0.0314235635,0.0750821624,148.145563607,389.685428096,1.0
36905,0.0,-1623.041626,358.27301,-106.669487,-0.5181989725,0.8545157008,-0.0356755101,0.0732625369,146.2364260691,389.2273212002,1.0
36906,0.0,-1625.439697,355.828644,-106.565956,-0.5126495906,0.8576621048,-0.0400763183,0.0714101887,143.8419172043,387.601490615,1.0
36907,0.0,-1627.57373,353.748932,-106.561378,-0.511730125,0.8582026208,-0.0402559421,0.0678648533,139.8838102126,386.3013675211,1.0
36908,0.0,-1629.959351,351.48114,-106.576988,-0.5116303613,0.8582620919,-0.0402561165,0.0644011426,136.0175376825,385.248045184,1.0
36909,0.0,-1632.45105,349.244202,-106.679008,-0.5116303613,0.8582620919,-0.0402561165,0.0605672825,131.7535816535,384.4200465244,1.0
36910,0.0,-1634.7146,347.275787,-106.777954,-0.5116303613,0.8582620919,-0.0402561165,0.0561941664,126.6798211774,383.2969686215,1.0
36911,0.0,-1637.347656,344.984619,-107.023979,-0.5116303613,0.8582620919,-0.0402561165,0.0547540279,125.0854248715,383.2758091807,1.0
36912,0.0,-1639.562134,343.121399,-107.197159,-0.5116303613,0.8582620919,-0.0402561165,0.0551151271,125.6652101062,383.8245116391,1.0
36913,0.0,-1642.226074,340.851196,-107.521141,-0.5108812552,0.8587082172,-0.0402559421,0.0562307677,127.2456704351,384.8873665125,1.0
36914,0.0,-1644.870361,338.641754,-107.841484,-0.5034264898,0.8630093701,-0.0421496901,0.0571327414,128.5582611315,385.8654492663,1.0
36915,0.0,-1647.105225,336.831238,-108.072563,-0.4921885975,0.8693385328,-0.0447314193,0.0575397397,129.229325713,386.5458905457,1.0
36916,0.0,-1649.440063,335.009583,-108.282219,-0.4812154641,0.8753623491,-0.0466093865,0.057758114,129.564149628,386.8358267841,1.0
36917,0.0,-1652.242065,332.852478,-108.528671,-0.470521007,0.8810909881,-0.0478398654,0.057952334,129.8918775378,387.1832723701,1.0
36918,0.0,-1654.940063,330.867584,-108.622467,-0.4641116143,0.8844299184,-0.0488275434,0.0584317283,130.5240115236,387.5160670785,1.0
36919,0.0,-1657.575195,329.703613,-108.767517,-0.4615712654,0.8857556582,-0.0488761799,0.0591164001,131.1354816578,387.138604731,1.0
36920,0.0,-1660.569092,328.734772,-108.97274,-0.4589321983,0.8871258966,-0.0488761799,0.0600142441,131.8796724865,386.5017095739,1.0
36921,0.0,-1663.389404,328.095062,-109.044426,-0.4557864226,0.888746227,-0.0488761799,0.0608814204,132.5512644621,385.7796396462,1.0
36922,0.0,-1666.608521,327.427185,-108.962067,-0.450425977,0.8914749342,-0.0488761799,0.0617613021,133.2092547027,385.0104757608,1.0
36923,0.0,-1669.424438,326.972229,-108.866501,-0.4449088498,0.8941955754,-0.0497030008,0.0629223445,134.2117571646,384.4276338415,1.0
36924,0.0,-1672.675781,326.564667,-108.695427,-0.4393155299,0.8968501299,-0.0515917598,0.0657874846,137.0412137496,384.1735504454,1.0
36925,0.0,-1676.047974,326.262787,-108.429947,-0.4372084458,0.8978701657,-0.0517488214,0.0696178927,140.7593423878,383.9681054156,1.0
36926,0.0,-1679.298462,326.084747,-108.152557,-0.4354372796,0.8986752449,-0.0526989543,0.0747307412,145.6357964997,383.948303008,1.0
36927,0.0,-1682.166382,325.962341,-107.890259,-0.4369576768,0.8979365349,-0.0527064314,0.0794751077,150.0341063868,384.0293905865,1.0
36928,0.0,-1685.797729,325.883759,-107.474464,-0.4628244642,0.8847115722,-0.0554882804,0.0900979042,159.2479042535,383.8935616956,1.0
36929,0.0,-1688.828003,325.852814,-107.205635,-0.4781092444,0.876434262,-0.0572235518,0.099329151,166.8191294261,383.9317529683,1.0
36930,0.0,-1692.172485,325.842743,-106.750885,-0.4804635528,0.8751282083,-0.0574925521,0.1054985455,171.6156269754,383.871724496,1.0
36931,0.0,-1695.664551,325.913452,-106.455956,-0.4804635528,0.8751282083,-0.0574925521,0.1111402906,175.832144988,383.7626095696,1.0
36932,0.0,-1699.014893,326.089325,-106.321915,-0.4804635528,0.8751282083,-0.0574925521,0.1165600233,179.767978799,383.673346855,1.0
36933,0.0,-1705.248047,326.595123,-106.510506,-0.4804635528,0.8751282083,-0.0574925521,0.1269941375,186.7005193802,382.8107467669,1.0
36934,0.0,-1707.0213015,326.742172,-106.571442,-0.4804635528,0.8751282083,-0.0574925521,0.1298732822,188.5034775484,382.5232418205,1.0
36935,0.0,-1708.794556,326.889221,-106.632378,-0.4804635528,0.8751282083,-0.0574925521,0.132752427,190.3064357165,382.235736874,1.0
36936,0.0,-1715.013428,327.592468,-106.853279,-0.4804635528,0.8751282083,-0.0574925521,0.1424746916,195.8038123271,380.6141331198,1.0
36937,0.0,-1718.376465,328.0159,-107.028595,-0.4804635528,0.8751282083,-0.0574925521,0.147579341,198.5239682711,379.691046737,1.0
36938,0.0,-1720.204346,328.2978515,-107.1129075,-0.4804635528,0.8751282083,-0.0574925521,,,,
36939,0.0,-1725.294312,329.095428,-107.294685,-0.5321521831,0.845131024,-0.0506715535,,,,
36940,0.0,-1729.731567,328.969177,-107.279167,-0.6637847824,0.7466111537,-0.0442893645,,,,
36941,0.0,-1733.911865,328.014343,-107.134438,-0.78660956,0.6164625641,-0.034918579,,,,
36942,0.0,-1738.324951,327.333069,-107.239525,-0.8850374375,0.4650393104,-0.0211464909,,,,
36943,0.0,-1742.675659,325.980682,-106.004913,-0.9605986168,0.2779256827,0.0027590304,,,,
36944,0.0,-1745.784058,325.031189,-105.030106,-0.986330998,0.1634349089,0.0209807738,,,,
36945,0.0,-1749.133423,324.025391,-104.329735,-0.9975911887,0.0585846995,0.0371436842,,,,
36946,0.0,-1752.62793,323.059509,-104.026123,-0.9988869198,-0.0156224879,0.0445068448,,,,
36947,0.0,-1755.976562,322.276855,-103.668625,-0.9983350857,-0.0360272854,0.0450454363,,,,
36948,0.0,-1758.86792,321.577179,-103.513062,-0.9983677336,-0.03619699,0.0441774415,,,,
36949,0.0,-1762.162354,320.688995,-103.268265,-0.9987266914,-0.028901141,0.0413487593,,,,
36950,0.0,-1765.381226,319.653381,-103.048347,-0.9989045875,-0.0238299218,0.0402710793,,,,
36951,0.0,-1768.050781,318.664337,-102.000107,-0.9989795294,-0.020477912,0.0402561165,,,,
36952,0.0,-1771.421997,317.298401,-101.907829,-0.9989883086,-0.0181128494,0.0411616798,,,,
36953,0.0,-1774.219971,316.059143,-102.057861,-0.9989880446,-0.0180079874,0.041214065,,,,
36954,0.0,-1777.621704,314.409241,-102.284386,-0.9989880446,-0.0180079874,0.041214065,,,,
36955,0.0,-1780.58606,312.854218,-102.479301,-0.9989880446,-0.0180079874,0.041214065,,,,
36956,0.0,-1783.271851,311.350098,-102.740471,-0.9989880446,-0.0180079874,0.041214065,,,,
36957,0.0,-1786.244019,309.741333,-102.951988,-0.9989880446,-0.0180079874,0.041214065,,,,
36958,0.0,-1788.852295,308.418976,-103.234428,-0.9989880446,-0.0180079874,0.041214065,,,,
36959,0.0,-1791.775391,307.078522,-103.467659,-0.9989880446,-0.0180079874,0.041214065,,,,
36960,0.0,-1794.739868,305.818176,-103.620445,-0.9989880446,-0.0180079874,0.041214065,,,,
36961,0.0,-1797.647095,304.710052,-103.693977,-0.9989715962,-0.0188984352,0.041214065,,,,
36962,0.0,-1800.384155,303.708344,-103.684044,-0.9988114522,-0.0231538208,0.0428903656,,,,
36963,0.0,-1803.234863,302.732483,-103.614891,-0.9986581001,-0.0286673207,0.0431298473,,,,
36964,0.0,-1806.362793,301.750946,-103.268173,-0.9983596544,-0.0355676044,0.0448658665,,,,
36965,0.0,-1809.594238,300.850525,-103.744247,-0.9981461822,-0.0398873894,0.0459695024,,,,
36966,0.0,-1812.343628,300.163239,-104.398148,-0.9980728703,-0.0416443552,0.0460031865,,,,
36967,0.0,-1815.638794,299.369446,-104.110947,-0.9978690695,-0.046271249,0.0460031691,,,,
36968,0.0,-1819.046021,298.471741,-103.504509,-0.9973796945,-0.0550566063,0.0469309602,,,,
36969,0.0,-1821.856323,297.576904,-103.14933,-0.9964690923,-0.0690495147,0.047765181,,,,
36970,0.0,-1825.216309,296.425476,-102.221222,-0.9950020095,-0.0876060183,0.0479185418,,,,
36971,0.0,-1828.696045,295.270264,-100.910263,-0.9931508254,-0.1061458656,0.048831274,,,,
36972,0.0,-1831.75061,294.241333,-99.920853,-0.9913636285,-0.1213473597,0.049729009,,,,
36973,0.0,-1835.012817,293.318634,-98.902351,-0.98913175,-0.1380094288,0.0507127077,,,,
36974,0.0,-1838.243286,292.456543,-98.032043,-0.9872679382,-0.1504451936,0.0516552225,,,,
36975,0.0,-1841.570801,291.512054,-97.217979,-0.985712458,-0.1602904195,0.0517487342,,,,
36976,0.0,-1847.396484,290.004364,-96.003571,-0.9845095917,-0.1682955106,0.0491679271,,,,
36977,0.0,-1850.181274,289.274872,-95.581131,-0.9842339128,-0.1718928997,0.0416705647,,,,
36978,0.0,-1851.6989745,288.899872,-95.2975845,-0.9836749641,-0.1758759748,0.0376699371,,,,
36979,0.0,-1853.216675,288.524872,-95.014038,-0.9831160154,-0.17985905,0.0336693095,,,,
36980,0.0,-1856.534668,287.733246,-94.816368,-0.9823258422,-0.1846308633,0.0307796043,,,,
36981,0.0,-1859.80835,287.011932,-94.873032,-0.9822902407,-0.1848376044,0.0306747945,,,,
36982,0.0,-1862.943726,286.325775,-94.910614,-0.9822902407,-0.1848376044,0.0306747945,,,,
36983,0.0,-1868.684937,285.204315,-94.835632,-0.9822902407,-0.1848376044,0.0306747945,,,,
36984,0.0,-1872.551636,284.550964,-94.505058,-0.9822902407,-0.1848376044,0.0306747945,,,,
36985,0.0,-1874.963501,284.128845,-94.294594,-0.9822902407,-0.1848376044,0.0306747945,,,,
36986,0.0,-1878.702637,283.59021,-93.835678,-0.9822902407,-0.1848376044,0.0306747945,,,,
36987,0.0,-1882.113403,283.151215,-93.545151,-0.9822902407,-0.1848376044,0.0306747945,,,,
36988,0.0,-1885.436523,282.777039,-93.241447,-0.9822902407,-0.1848376044,0.0306747945,,,,
36989,0.0,-1888.497314,282.453735,-93.020363,-0.9822902407,-0.1848376044,0.0306747945,,,,
36990,0.0,-1891.714233,282.111938,-92.807755,-0.9821650628,-0.1856328988,0.0298699908,,,,
36991,0.0,-1895.529297,281.7117,-92.721176,-0.9838509035,-0.1766596854,0.0287881079,,,,
36992,0.0,-1898.834473,281.256653,-92.663315,-0.9835273353,-0.1781531373,0.0305849696,,,,
36993,0.0,-1902.127319,280.688263,-92.700508,-0.9775477508,-0.2081970056,0.0324715522,,,,
36994,0.0,-1905.561157,280.074402,-92.751221,-0.9560133965,-0.2908330575,0.0381381482,,,,
36995,0.0,-1908.699097,279.451172,-92.855545,-0.9313536994,-0.3615047967,0.0435266415,,,,
36996,0.0,-1911.884888,278.717804,-93.152687,-0.9026132603,-0.4275562932,0.0498489561,,,,
37091,0.0,-2097.796387,36.746849,-96.600418,0.4554019829,-0.8843656937,0.1025005057,,,,
37092,0.0,-2097.652588,36.46793,-96.600418,0.4554019829,-0.8843656937,0.1025005057,,,,
37093,0.0,-2097.533203,36.236088,-96.600418,0.4554019829,-0.8843656937,0.1025005057,,,,
37094,0.0,-2097.391846,35.961628,-96.600418,0.4554019829,-0.8843656937,0.1025005057,,,,
37095,0.0,-2097.286865,35.757187,-96.600418,0.4554019829,-0.8843656937,0.1025005057,,,,
37096,0.0,-2097.089844,33.210796,-97.236847,0.464933626,-0.8793920456,0.1025005057,,,,
37097,0.0,-2096.705078,30.700224,-97.865173,0.4734954525,-0.874811812,0.1025004883,,,,
37098,0.0,-2094.953613,25.110815,-99.174011,0.4839715859,-0.8690599233,0.1025005057,,,,
37099,0.0,-2094.322998,23.7362735,-99.5084535,0.4844352614,-0.8688013824,0.1025005057,,,,
37100,0.0,-2092.500977,20.249498,-100.354095,0.4848989368,-0.8685428414,0.1025005057,,,,
37101,0.0,-2091.6494145,18.972266,-100.662544,0.4848989368,-0.8685428414,0.1025005057,,,,
37102,0.0,-2089.246338,15.701055,-101.451385,0.4848989368,-0.8685428414,0.1025005057,,,,
37103,0.0,-2087.606201,13.821754,-101.903214,0.4848989368,-0.8685428414,0.1025005057,,,,
37104,0.0,-2086.4541015,12.6455855,-102.185463,0.4848989368,-0.8685428414,0.1025005057,,,,
37105,0.0,-2083.411865,9.74001,-102.881516,0.4848989368,-0.8685428414,0.1025005057,,,,
37106,0.0,-2081.308105,7.967568,-103.304901,0.4848989368,-0.8685428414,0.1025005057,,,,
37107,0.0,-2079.261963,6.369271,-103.685822,0.4848989368,-0.8685428414,0.1025005057,,,,
37108,0.0,-2076.853516,4.618723,-104.10202,0.4848989368,-0.8685428414,0.1025005057,,,,
37109,0.0,-2074.391846,2.948693,-104.28978,0.4848989368,-0.8685428414,0.1025005057,,,,
37110,0.0,-2071.979492,1.407913,-104.30481,0.4848989368,-0.8685428414,0.1025005057,,,,
37111,0.0,-2068.55542,-0.644726,-104.298721,0.4848989377,-0.868542843,0.1025004883,,,,
37112,0.0,-2066.635498,-1.736523,-104.298721,0.484306793,-0.8688731669,0.1025004883,,,,
37113,0.0,-2063.114014,-3.685702,-104.298721,0.4799899705,-0.8713757028,0.1015579287,,,,
37114,0.0,-2061.099854,-4.757298,-104.298729,0.4770671009,-0.8731356445,0.1002054271,,,,
37115,0.0,-2058.059326,-6.295808,-104.298721,0.4759551854,-0.8740541283,0.0974476387,,,,
37116,0.0,-2055.053467,-7.726803,-104.187325,0.4787261544,-0.872781535,0.095255768,,,,
37117,0.0,-2052.232178,-9.022759,-103.807594,0.4813699322,-0.8715231705,0.0934363511,,,,
37118,0.0,-2049.205566,-10.348423,-103.313805,0.4865409039,-0.8689277112,0.0907886646,,,,
37119,0.0,-2045.47937,-11.90626,-102.747467,0.4945817252,-0.8646419677,0.0882223601,,,,
37120,0.0,-2042.550049,-13.143463,-102.098267,0.4947125373,-0.8645709335,0.0881850687,,,,
37121,0.0,-2037.287842,-18.224735,-103.014786,0.4947125373,-0.8645709335,0.0881850687,,,,
37122,0.0,-2034.161743,-19.402943,-103.047218,0.4947125373,-0.8645709335,0.0881850687,,,,
37123,0.0,-2030.942749,-20.590155,-103.085983,0.4947125373,-0.8645709335,0.0881850687,,,,
37124,0.0,-2028.718262,-21.378641,-103.067795,0.4947125373,-0.8645709335,0.0881850687,,,,
37125,0.0,-2024.59436,-22.756727,-102.887047,0.4947125373,-0.8645709335,0.0881850687,,,,
37126,0.0,-2021.456543,-23.81835,-102.83989,0.4947125373,-0.8645709335,0.0881850687,,,,
37127,0.0,-2018.290894,-25.249466,-102.801208,0.4947125373,-0.8645709335,0.0881850687,,,,
37128,0.0,-2015.293335,-26.808397,-102.717232,0.4947125373,-0.8645709335,0.0881850687,,,,
37172,0.0,-1939.240967,-165.906921,-102.178474,0.1830259228,-0.97420403,0.1320152247,,,,
37173,0.0,-1939.598755,-166.04866,-102.205711,0.1830259228,-0.97420403,0.1320152247,,,,
37174,0.0,-1939.883057,-166.083755,-102.255623,0.1830259228,-0.97420403,0.1320152247,,,,
37175,0.0,-1940.213623,-165.91597,-102.274551,0.1830259228,-0.97420403,0.1320152247,,,,
37176,0.0,-1940.483276,-165.674622,-102.326019,0.1830259228,-0.97420403,0.1320152247,,,,
37177,0.0,-1940.5802,-167.947235,-102.234512,0.1776632894,-0.9747134922,0.1355336257,,,,
37178,0.0,-1939.563843,-171.303864,-98.548439,0.1715104871,-0.9751991064,0.1398958745,,,,
37179,0.0,-1938.624512,-174.739471,-94.264778,0.1648410464,-0.9753002287,0.1470268456,,,,
37180,0.0,-1937.899902,-177.700912,-90.580803,0.1594858046,-0.9752364005,0.1532261114,,,,
37181,0.0,-1937.390015,-181.055359,-85.733315,0.1523976639,-0.9746088909,0.1640501809,,,,
37182,0.0,-1936.750977,-183.868774,-81.844109,0.1483188851,-0.9737402063,0.172718033,,,,
37183,0.0,-1935.904907,-187.044159,-78.210205,0.1424213037,-0.9722116174,0.185797587,,,,
37184,0.0,-1934.258789,-192.663086,-71.85498,0.1318342208,-0.9689331673,0.2092564349,,,,
37185,0.0,-1933.7403565,-194.43882,-69.8972815,0.1287423804,-0.9678959036,0.2157546232,,,,
37186,0.0,-1932.463989,-198.924576,-65.159645,0.1189579074,-0.9653803047,0.2321419471,,,,
37187,0.0,-1932.007568,-200.6901935,-63.497219,0.1151119202,-0.9646276163,0.2370720226,,,,
37188,0.0,-1930.849609,-205.401505,-59.375683,0.1033327184,-0.9623642216,0.2513512566,,,,
37189,0.0,-1930.43103,-207.0990985,-57.948473,0.0987412894,-0.9617303445,0.2555114709,,,,
37190,0.0,-1929.314209,-211.528824,-54.348194,0.0859999312,-0.9596790645,0.2676193284,,,,
37191,0.0,-1928.424072,-215.181442,-51.72839,0.077005152,-0.9576889181,0.277312356,,,,
37192,0.0,-1927.727539,-218.180588,-49.930847,0.0725758963,-0.9567603719,0.2816777061,,,,
37193,0.0,-1927.059082,-221.113083,-48.268597,0.0675492303,-0.9556626201,0.2866113363,,,,
37194,0.0,-1926.224121,-224.955322,-46.367447,0.0609320741,-0.9544108909,0.2922107692,,,,
37195,0.0,-1925.58606,-227.983093,-45.31216,0.0558092754,-0.953683335,0.2955899547,,,,
37196,0.0,-1925.003296,-230.969208,-44.508385,0.0484922011,-0.9532829459,0.2981612507,,,,
37197,0.0,-1924.321289,-234.473389,-43.820297,0.0396801662,-0.952770564,0.3010875899,,,,
37198,0.0,-1923.643311,-237.903885,-43.360176,0.0336503869,-0.9526408412,0.3022301757,,,,
37199,0.0,-1922.967407,-241.198456,-43.122223,0.0307490106,-0.9527230645,0.3022801032,,,,
37200,0.0,-1922.38269,-244.160904,-43.081078,0.0274057377,-0.9528250966,0.3022801032,,,,
37201,0.0,-1921.770386,-247.190002,-43.201019,0.0225820773,-0.9529516142,0.3022801199,,,,
37202,0.0,-1920.984497,-250.982986,-43.580536,0.0119601902,-0.9531441093,0.3022801032,,,,
37203,0.0,-1920.470825,-254.014877,-44.091125,-0.0015757805,-0.9529616468,0.3030868137,,,,
37204,0.0,-1919.9021,-256.91864,-44.730919,-0.0124710935,-0.9525996208,0.3039711078,,,,
37205,0.0,-1919.15271,-260.876099,-45.846642,-0.0296455383,-0.9518572763,0.3051046831,,,,
37206,0.0,-1918.706787,-263.270325,-46.676941,-0.0411372209,-0.9509989296,0.3064453704,,,,
37207,0.0,-1918.051147,-266.699005,-48.036697,-0.0546192019,-0.9499294485,0.3076536783,,,,
37208,0.0,-1917.326172,-270.582794,-49.838188,-0.0723657198,-0.9483871608,0.3087474629,,,,
37209,0.0,-1917.381226,-275.144928,-52.072437,-0.0820970605,-0.9475897546,0.3087616066,,,,
37210,0.0,-1917.179321,-280.204865,-58.716671,-0.0920076796,-0.9466788239,0.3087617062,,,,
37211,0.0,-1916.463013,-284.055176,-62.368267,-0.0960666375,-0.9462755465,0.3087617062,,,,
37212,0.0,-1915.87146,-287.730835,-66.609062,-0.0962222475,-0.9462597468,0.308761673,,,,
37213,0.0,-1915.336426,-291.004028,-69.48204,-0.0962222475,-0.9462597468,0.308761673,,,,
37214,0.0,-1914.645142,-294.287079,-69.730644,-0.0962222475,-0.9462597468,0.308761673,,,,
37215,0.0,-1914.092041,-297.384094,-69.02401,-0.0962222475,-0.9462597468,0.308761673,,,,
37216,0.0,-1913.816528,-299.954529,-68.434258,-0.0962222475,-0.9462597468,0.308761673,,,,
37217,0.0,-1913.564331,-302.655731,-67.925545,-0.0962222475,-0.9462597468,0.308761673,,,,
37218,0.0,-1913.232544,-305.515198,-66.942108,-0.0962222475,-0.9462597468,0.308761673,,,,
37219,0.0,-1912.996216,-307.944092,-65.930389,-0.0962222475,-0.9462597468,0.308761673,,,,
37220,0.0,-1912.777222,-309.931671,-64.848068,-0.0962222475,-0.9462597468,0.308761673,,,,
37221,0.0,-1912.447998,-312.708282,-64.839409,-0.0962222475,-0.9462597468,0.308761673,,,,
37222,0.0,-1912.064575,-315.219177,-64.833328,-0.0962222475,-0.9462597468,0.308761673,,,,
37223,0.0,-1911.629761,-318.522949,-65.422913,-0.0962222475,-0.9462597468,0.308761673,,,,
37224,0.0,-1911.319214,-321.264801,-66.2286,-0.097908477,-0.9463584209,0.3079280261,,,,
37225,0.0,-1910.987183,-323.763489,-67.087769,-0.1018034941,-0.9464540707,0.3063670031,,,,
37226,0.0,-1910.605103,-326.928467,-68.443146,-0.1077448549,-0.9464498783,0.3043413776,,,,
37227,0.0,-1910.31311,-329.60556,-69.790352,-0.1104879361,-0.9466887599,0.3026099931,,,,
37228,0.0,-1909.540771,-335.28537,-73.167053,-0.1119026016,-0.9468591072,0.3015553663,,,,
37229,0.0,-1909.320007,-336.967621,-74.3385885,-0.111906047,-0.9468888276,0.3014607353,,,,
37230,0.0,-1908.772705,-341.492645,-77.701363,-0.1186681807,-0.9468837179,0.298879721,,,,
37231,0.0,-1908.525269,-344.261169,-80.053909,-0.1455641569,-0.9449471631,0.2930630224,,,,
37232,0.0,-1908.343628,-346.996826,-82.580009,-0.1978714079,-0.9375111358,0.28621631,,,,
37233,0.0,-1908.210327,-349.975372,-85.657249,-0.2648102782,-0.9235407851,0.2773949076,,,,
37234,0.0,-1908.530273,-353.676147,-89.298256,-0.3216115914,-0.9067918871,0.2725700969,,,,
37235,0.0,-1908.632935,-358.383209,-94.51767,-0.3716325475,-0.888415984,0.2694555419,,,,
37236,0.0,-1908.563599,-361.877258,-98.438766,-0.4141154459,-0.8697843188,0.2682976636,,,,
37237,0.0,-1908.486572,-365.224152,-101.914154,-0.4318308553,-0.8608707359,0.2691164962,,,,
37238,0.0,-1908.379272,-368.172241,-104.668472,-0.4375535778,-0.8577144396,0.2699496373,,,,
37239,0.0,-1908.11145,-371.161591,-104.912712,-0.4452469871,-0.8526604542,0.273359233,,,,
37240,0.0,-1907.809448,-373.460602,-104.249283,-0.470283888,-0.8380011442,0.2767438294,,,,
37241,0.0,-1908.048828,-375.976715,-103.587265,-0.5662647873,-0.7769894183,0.2750120623,,,,
37242,0.0,-1909.634766,-378.472443,-103.838211,-0.6809562431,-0.6834976989,0.2629248764,,,,
37243,0.0,-1911.341919,-380.064575,-104.030663,-0.7696287311,-0.5918432484,0.2395687492,,,,
37244,0.0,-1913.160522,-382.147522,-104.192078,-0.842811244,-0.4977437692,0.20474459,,,,
37245,0.0,-1914.503052,-384.295593,-104.315643,-0.8803571448,-0.4412801088,0.1739056157,,,,
37246,0.0,-1915.392578,-386.185303,-104.323647,-0.8953357646,-0.4177013739,0.1545944078,,,,
37247,0.0,-1916.434326,-388.2435,-104.341576,-0.8986770055,-0.4125602181,0.1489083819,,,,
37248,0.0,-1917.884521,-390.916351,-104.412041,-0.8981095668,-0.4137300054,0.1490861787,,,,
37249,0.0,-1919.170288,-392.922485,-104.457741,-0.8933521587,-0.4220121155,0.1543622202,,,,
37250,0.0,-1920.670044,-394.884705,-104.434883,-0.8861383058,-0.4342438467,0.1618369074,,,,
37251,0.0,-1922.787842,-397.2771,-104.413643,-0.87914735,-0.4463120958,0.1670492447,,,,
37252,0.0,-1924.825195,-399.300232,-104.335953,-0.8768207462,-0.4508164808,0.1671821753,,,,
37253,0.0,-1926.606689,-400.956818,-104.265671,-0.8758593097,-0.4529631377,0.1664177439,,,,
37254,0.0,-1929.163574,-403.089996,-104.090469,-0.8742414142,-0.4567967588,0.1644343966,,,,
37255,0.0,-1931.150269,-404.655243,-103.960243,-0.8741723852,-0.4569607428,0.1643457349,,,,
37256,0.0,-1933.713257,-406.496094,-103.721535,-0.8741723852,-0.4569607428,0.1643457349,,,,
37257,0.0,-1936.132324,-408.248779,-103.727631,-0.8737783731,-0.457713697,0.1643457522,,,,
37258,0.0,-1938.701294,-409.509033,-103.4403,-0.8715736449,-0.4615870112,0.1652174705,,,,
37259,0.0,-1941.314819,-410.783173,-103.423943,-0.8663950076,-0.4705682861,0.1671082852,,,,
37260,0.0,-1943.545898,-411.73349,-103.432213,-0.8595864416,-0.4823281168,0.168732739,,,,
37261,0.0,-1946.438232,-412.780212,-103.446655,-0.8492061845,-0.5002633152,0.1690723859,,,,
37262,0.0,-1948.823364,-413.511993,-103.524651,-0.8440386137,-0.5091806738,0.1683266468,,,,
37263,0.0,-1952.152954,-414.056152,-103.556427,-0.8414130094,-0.5141260535,0.1664288099,,,,
37264,0.0,-1954.64856,-414.467743,-103.730644,-0.8403265861,-0.5164189155,0.1648112022,,,,
37265,0.0,-1957.800903,-414.848785,-103.883171,-0.8385441875,-0.520655901,0.1605025808,,,,
37266,0.0,-1963.608276,-415.381622,-104.288078,-0.8329851969,-0.5330027365,0.1484713597,,,,
37267,0.0,-1965.1571045,-415.483795,-104.453907,-0.8318978115,-0.5351923838,0.1466487112,,,,
37268,0.0,-1969.449463,-415.713226,-104.826988,-0.830224524,-0.5386054215,0.1436364846,,,,
37269,0.0,-1972.54834,-415.68866,-105.161469,-0.8303082004,-0.5389293201,0.1419277289,,,,
37270,0.0,-1975.964233,-415.605713,-105.384636,-0.8303580672,-0.5389616872,0.141512473,,,,
37271,0.0,-1977.65686,-415.4976655,-105.563141,-0.830470669,-0.5390347738,0.1405669547,,,,
37272,0.0,-1979.349487,-415.389618,-105.741646,-0.8305832707,-0.5391078603,0.1396214364,,,,
37273,0.0,-1985.127197,-414.996765,-106.008842,-0.8285512836,-0.5450822619,0.1280160078,,,,
37274,0.0,-1986.7600095,-414.8831785,-106.0374905,-0.8254280232,-0.5506977108,0.1238631325,,,,
37275,0.0,-1990.928711,-414.620636,-105.956367,-0.8203056985,-0.5599502582,0.1164228039,,,,
37276,0.0,-1994.172852,-414.401703,-105.785728,-0.8191348324,-0.5621378698,0.1141014537,,,,
37277,0.0,-1997.035767,-414.686218,-105.720573,-0.8187788687,-0.5629857531,0.1124642436,,,,
37278,0.0,-2000.09375,-414.30899,-105.530563,-0.8187695124,-0.5632410918,0.1112472838,,,,
37279,0.0,-2003.712769,-414.793945,-105.495499,-0.8185995608,-0.5642223056,0.1074613831,,,,
37280,0.0,-2006.377808,-413.858673,-105.305847,-0.8172131066,-0.5671098443,0.1027091176,,,,
37281,0.0,-2007.798462,-412.423187,-105.093842,-0.8147002259,-0.5716865647,0.0971494397,,,,
37282,0.0,-2007.973145,-411.022919,-105.029968,-0.8133714791,-0.5741750326,0.0935407338,,,,
37283,0.0,-2008.17395,-409.131287,-104.943214,-0.8127022725,-0.575364254,0.0920379892,,,,
37284,0.0,-2008.481812,-406.895355,-104.774902,-0.8126853418,-0.575393535,0.0920044299,,,,
37285,0.0,-2008.755859,-405.052002,-104.649834,-0.8126853418,-0.575393535,0.0920044299,,,,
37286,0.0,-2008.830322,-404.080231,-104.94664,-0.8126853418,-0.575393535,0.0920044299,,,,
37287,0.0,-2008.871948,-402.610352,-104.849411,-0.8099285577,-0.5792675716,0.0920044125,,,,
37288,0.0,-2009.083008,-401.669159,-104.500862,-0.8073826107,-0.5828108627,0.0920044473,,,,
37289,0.0,-2009.242798,-401.238129,-104.239311,-0.8036052026,-0.5880083871,0.0920044299,,,,
37290,0.0,-2009.128906,-400.964203,-104.114456,-0.7968339326,-0.5966208445,0.0953899981,,,,
37291,0.0,-2009.123047,-401.119324,-104.112808,-0.7887906306,-0.6063537736,0.1007196219,,,,
37292,0.0,-2009.082886,-401.480347,-104.104439,-0.7810509024,-0.6153926563,0.1060724587,,,,
37293,0.0,-2009.0802,-401.827423,-104.093613,-0.7786395541,-0.6183992844,0.1063144859,,,,
37294,0.0,-2009.085449,-402.284912,-104.093018,-0.7778861785,-0.6193466878,0.1063145033,,,,
37295,0.0,-2009.147949,-402.91452,-104.141876,-0.7777400228,-0.6195302148,0.1063144859,,,,
37296,0.0,-2009.234863,-403.53479,-104.215118,-0.7777400228,-0.6195302148,0.1063144859,,,,
37297,0.0,-2009.372437,-404.42215,-104.332458,-0.7777400228,-0.6195302148,0.1063144859,,,,
37298,0.0,-2009.55481,-405.352936,-104.528603,-0.7777400228,-0.6195302148,0.1063144859,,,,
37299,0.0,-2009.694214,-406.334686,-104.623489,-0.7782896236,-0.6188396305,0.1063145033,,,,
37300,0.0,-2009.817017,-407.34256,-104.698181,-0.7803872452,-0.616192322,0.1063144859,,,,
37301,0.0,-2009.900757,-408.326477,-104.699371,-0.7824351432,-0.6134635711,0.1070406167,,,,
37302,0.0,-2010.021851,-409.804993,-104.765259,-0.785119207,-0.609984801,0.1072677649,,,,
37303,0.0,-2010.110474,-411.22406,-104.884354,-0.7868247615,-0.6077832025,0.1072677649,,,,
37304,0.0,-2010.203735,-412.692627,-105.001091,-0.7880705827,-0.6061669599,0.1072677649,,,,
37305,0.0,-2010.261597,-414.09021,-105.05246,-0.789865558,-0.6036587253,0.1082060236,,,,
37306,0.0,-2010.258911,-414.940277,-105.002525,-0.790420175,-0.6029296686,0.1082208932,,,,
37307,0.0,-2010.244019,-416.301788,-104.893486,-0.7916243089,-0.6013478096,0.1082209106,,,,
37308,0.0,-2010.201111,-416.5937805,-104.8450735,-0.7916243089,-0.6013478096,0.1082209106,,,,
37309,0.0,-2010.158203,-416.885773,-104.796661,-0.7916243089,-0.6013478096,0.1082209106,,,,
37310,0.0,-2010.099731,-417.206299,-104.674736,-0.7916243089,-0.6013478096,0.1082209106,,,,
37311,0.0,-2010.022095,-417.422272,-104.524483,-0.7933374023,-0.5990859742,0.1082208932,,,,
37312,0.0,-2010.084595,-417.550812,-104.442245,-0.8025343587,-0.5867084807,0.1082208932,,,,
37313,0.0,-2010.197021,-417.482422,-104.529312,-0.8088853351,-0.5782144549,0.1066422002,,,,
37314,0.0,-2010.223145,-417.22406,-104.436157,-0.8127591805,-0.5728173777,0.1063144686,,,,
37315,0.0,-2010.2348635,-417.085922,-104.3867795,-0.8137190241,-0.5714506036,0.1063144773,,,,
37316,0.0,-2010.246582,-416.947784,-104.337402,-0.8146788677,-0.5700838295,0.1063144859,,,,
37317,0.0,-2010.343994,-416.985535,-104.358704,-0.8148132077,-0.5698918026,0.1063144859,,,,
37318,0.0,-2010.368286,-416.994278,-104.364151,-0.8148132077,-0.5698918026,0.1063144859,,,,
37319,0.0,-2010.464966,-416.980591,-104.381332,-0.8148132077,-0.5698918026,0.1063144859,,,,
37320,0.0,-2010.500366,-416.969208,-104.388031,-0.8148132077,-0.5698918026,0.1063144859,,,,
37321,0.0,-2010.52124,-416.929291,-104.386375,-0.8148132077,-0.5698918026,0.1063144859,,,,
37322,0.0,-2010.529541,-416.908386,-104.385895,-0.8148132077,-0.5698918026,0.1063144859,,,,
37323,0.0,-2010.465088,-416.899292,-104.338051,-0.8148132077,-0.5698918026,0.1063144859,,,,
37324,0.0,-2010.413208,-416.897827,-104.300491,-0.8148132077,-0.5698918026,0.1063144859,,,,
37325,0.0,-2010.332031,-416.926544,-104.251404,-0.8148132077,-0.5698918026,0.1063144859,,,,
37326,0.0,-2010.291138,-416.944794,-104.228058,-0.8143349925,-0.5705749295,0.1063144859,,,,
37327,0.0,-2010.218018,-417.025696,-104.195312,-0.8138196915,-0.5713096707,0.1063144859,,,,
37328,0.0,-2010.182007,-417.082245,-104.181519,-0.813307841,-0.5720380982,0.1063144859,,,,
37329,0.0,-2010.147461,-417.172058,-104.167702,-0.8131707081,-0.5722330204,0.1063144859,,,,
37330,0.0,-2010.13916,-417.25412,-104.160629,-0.8131707081,-0.5722330204,0.1063144859,,,,
37331,0.0,-2010.150635,-417.335266,-104.14637,-0.8131707081,-0.5722330204,0.1063144859,,,,
37332,0.0,-2010.161499,-417.409607,-104.135017,-0.8126389506,-0.5729879284,0.1063144859,,,,
37333,0.0,-2010.178833,-417.460083,-104.127899,-0.8126217093,-0.57301238,0.1063144859,,,,
37334,0.0,-2010.230103,-417.555511,-104.11216,-0.8126217093,-0.57301238,0.1063144859,,,,
37335,0.0,-2010.275024,-417.621735,-104.093826,-0.8126217093,-0.57301238,0.1063144859,,,,
37336,0.0,-2010.323975,-417.674438,-104.070061,-0.8121300323,-0.5737090178,0.1063145033,,,,
37337,0.0,-2010.376709,-417.722839,-104.041862,-0.8120719636,-0.5737912129,0.1063144859,,,,
37338,0.0,-2010.398438,-417.748505,-104.011391,-0.8116849784,-0.5744840901,0.1055250019,,,,
37339,0.0,-2010.418213,-417.772583,-103.99044,-0.8111778719,-0.5752299417,0.1053611613,,,,
37340,0.0,-2010.428955,-417.792877,-103.951988,-0.8110530012,-0.5754059946,0.1053611439,,,,
37341,0.0,-2010.422607,-417.713745,-103.928757,-0.8110530012,-0.5754059946,0.1053611439,,,,
37342,0.0,-2010.445557,-417.695251,-103.940895,-0.8110530012,-0.5754059946,0.1053611439,,,,
37343,0.0,-2009.811035,-417.17807,-103.535904,-0.8110530012,-0.5754059946,0.1053611439,,,,
37344,0.0,-2009.621094,-417.18634,-103.510475,-0.8110530012,-0.5754059946,0.1053611439,,,,
37345,0.0,-2009.508301,-417.214233,-103.505455,-0.8105031133,-0.5761802952,0.1053611439,,,,
37346,0.0,-2009.406372,-417.181976,-103.535629,-0.8095331062,-0.5775423551,0.1053611787,,,,
37347,0.0,-2009.395996,-417.128693,-103.575279,-0.8085108587,-0.5789725529,0.1053611613,,,,
37348,0.0,-2009.144287,-417.368439,-103.252884,-0.8078468584,-0.5798986864,0.1053611266,,,,
37349,0.0,-2007.982178,-416.876709,-102.428421,-0.8072558694,-0.5807210954,0.1053611439,,,,
37350,0.0,-2007.299072,-416.599731,-102.162422,-0.8071036798,-0.5807861278,0.1061655495,,,,
37351,0.0,-2005.844238,-416.021484,-101.745956,-0.8070907633,-0.5807768331,0.1063144859,,,,
37352,0.0,-2005.075317,-415.668976,-101.583603,-0.8070907633,-0.5807768331,0.1063144859,,,,
37353,0.0,-2004.6604,-415.471985,-101.503273,-0.8070907633,-0.5807768331,0.1063144859,,,,
37354,0.0,-2003.990356,-415.144775,-101.394905,-0.8070907633,-0.5807768331,0.1063144859,,,,
37548,0.0,-1100.574707,559.5,-16.298723,1.0,0.0,0.0,,,,
37549,0.0,-1100.562744,559.5,-16.298723,1.0,0.0,0.0,,,,
37550,0.0,-1097.420044,556.813599,-16.274914,0.7997473479,-0.6003182075,0.0047147975,,,,
37551,0.0,-1100.777466,552.365112,-16.297153,0.2210908011,-0.9751845577,0.0115730723,,,,
37552,0.0,-1101.881836,552.581848,-16.298891,-0.4698884375,-0.882560658,0.0170745815,0.0267017804,104.1691335285,453.8084512707,1.0
37553,0.0,-1102.212036,552.690063,-16.298723,-0.5008937658,-0.8653367268,0.0172564355,0.0299875292,110.5469162331,454.8223552836,1.0
37554,0.0,-1099.301758,558.99884,-16.278704,0.9299457423,-0.3676887168,0.0024338941,,,,
37555,0.0,-1100.550781,559.5,-16.298723,1.0,0.0,0.0,,,,
37556,0.0,-1100.56604,559.5,-16.298723,1.0,0.0,0.0,,,,
37557,0.0,-1100.55957,559.5,-16.298723,1.0,0.0,0.0,,,,
37558,0.0,-1100.560669,559.5,-16.298723,1.0,0.0,0.0,,,,
37559,0.0,-1100.557495,559.5,-16.298723,1.0,0.0,0.0,,,,
37560,0.0,-1100.56604,559.5,-16.298723,1.0,0.0,0.0,,,,
37561,0.0,-1100.558472,559.5,-16.298723,1.0,0.0,0.0,,,,
37562,0.0,-1100.560059,559.5,-16.298723,1.0,0.0,0.0,,,,
37563,0.0,-1100.561646,559.5,-16.298723,1.0,0.0,0.0,,,,
37564,0.0,-1100.561646,559.5,-16.298723,1.0,0.0,0.0,,,,
37565,0.0,-1100.561646,559.5,-16.298723,1.0,0.0,0.0,,,,
37566,0.0,-1100.553955,559.5,-16.298723,1.0,0.0,0.0,,,,
37567,0.0,-1100.561646,559.5,-16.298723,1.0,0.0,0.0,,,,
37568,0.0,-1100.561646,559.5,-16.298723,1.0,0.0,0.0,,,,
37569,0.0,-1100.563965,559.5,-16.298723,1.0,0.0,0.0,,,,
37570,0.0,-1100.55188,559.5,-16.298723,1.0,0.0,0.0,,,,
37571,0.0,-1100.540283,559.496399,-16.298723,0.9999783513,0.0065800358,0.0,,,,
37572,0.0,-1100.522705,559.49408,-16.298723,0.9999397144,0.0109803263,0.0,,,,
37573,0.0,-1100.513428,559.493408,-16.298723,0.9999223305,0.0124632655,0.0,,,,
37574,0.0,-1100.52417,559.493225,-16.298723,0.9999223305,0.0124632655,0.0,,,,
37575,0.0,-1100.513428,559.493408,-16.298723,0.9999223305,0.0124632655,0.0,,,,
37576,0.0,-1100.518799,559.493286,-16.298723,0.9999223305,0.0124632655,0.0,,,,
37577,0.0,-1100.517822,559.493347,-16.298723,0.9999223305,0.0124632655,0.0,,,,
37578,0.0,-1100.525513,559.493225,-16.298723,0.9999223305,0.0124632655,0.0,,,,
37579,0.0,-1100.536377,559.493103,-16.298723,0.9999223305,0.0124632655,0.0,,,,
37580,0.0,-1100.523315,559.493286,-16.298723,0.9999223305,0.0124632655,0.0,,,,
37581,0.0,-1100.537231,559.493103,-16.298723,0.9999223305,0.0124632655,0.0,,,,
37582,0.0,-1100.516724,559.493347,-16.298723,0.9999223305,0.0124632655,0.0,,,,
37583,0.0,-1100.519897,559.493286,-16.298723,0.9999223305,0.0124632655,0.0,,,,
37584,0.0,-1100.526367,559.493225,-16.298723,0.9999223305,0.0124632655,0.0,,,,
37585,0.0,-1100.528564,559.492676,-16.298723,0.9999124673,0.0132309375,0.0,,,,
37586,0.0,-1100.456055,559.483582,-16.298677,0.9994660703,0.0325987093,-0.0022132677,,,,
37587,0.0,-1100.171509,559.45343,-16.298697,0.9918791346,0.1270967481,-0.0047115687,,,,
37588,0.0,-1099.845947,559.451355,-16.29879,0.9722263997,0.2340080557,-0.0040071954,,,,
37589,0.0,-1099.277832,559.533569,-16.299017,0.9108064065,0.4128334608,0.000472862,,,,
37590,0.0,-1098.536621,559.844421,-16.299059,0.7964428864,0.6046294388,0.0100980416,,,,
37591,0.0,-1097.792358,560.422668,-16.29907,0.5735975184,0.8187076899,0.0265255614,,,,
37592,0.0,-1097.340576,561.04303,-16.299335,0.3473480437,0.9366398676,0.0453331563,,,,
37593,0.0,-1097.062134,561.748413,-16.298872,0.1036415878,0.9927914277,0.0601963645,,,,
37594,0.0,-1096.732422,562.652832,-16.299063,-0.0965363621,0.9930993155,0.0665918935,,,,
37595,0.0,-1096.423462,563.495361,-16.29851,-0.2706359985,0.9605790646,0.0635925851,,,,
37596,0.0,-1095.955933,564.106689,-16.298611,-0.3458495692,0.9364965066,0.0579859351,,,,
37597,0.0,-1095.244019,564.583313,-16.298723,-0.3513389137,0.9344814467,0.0574925521,,,,
37598,0.0,-1094.480347,565.05011,-16.298723,-0.3513389137,0.9344814467,0.0574925521,,,,
37599,0.0,-1093.230103,565.748047,-16.298723,-0.3513389137,0.9344814467,0.0574925521,,,,
37600,0.0,-1092.018677,566.402344,-16.298723,-0.3513389137,0.9344814467,0.0574925521,,,,
37601,0.0,-1090.720215,567.061401,-16.298723,-0.3513389137,0.9344814467,0.0574925521,,,,
37602,0.0,-1089.080688,567.866577,-16.298723,-0.3513389137,0.9344814467,0.0574925521,,,,
37603,0.0,-1085.819946,569.205566,-16.298723,-0.3513389137,0.9344814467,0.0574925521,,,,
37604,0.0,-1083.606934,570.110657,-16.298723,-0.3513389137,0.9344814467,0.0574925521,,,,
37605,0.0,-1081.450439,570.990845,-16.298723,-0.3513389137,0.9344814467,0.0574925521,,,,
37606,0.0,-1079.232056,571.895935,-16.298723,-0.3513389137,0.9344814467,0.0574925521,,,,
37607,0.0,-1077.046997,572.788452,-16.298723,-0.3513389137,0.9344814467,0.0574925521,,,,
37608,0.0,-1074.961914,573.628784,-16.298723,-0.3527243524,0.9339593876,0.0574925521,,,,
37609,0.0,-1072.387939,574.708069,-16.298717,-0.3492611957,0.9351093397,0.0598927374,,,,
37610,0.0,-1069.829346,575.630859,-16.298723,-0.3662389794,0.9285608367,0.0603637508,,,,
37611,0.0,-1067.19873,576.987732,-16.298721,-0.4350080394,0.8984639732,0.0594179648,,,,
37612,0.0,-1065.076416,578.281799,-16.29875,-0.5333803569,0.8436547873,0.0612535281,,,,
37613,0.0,-1063.352173,579.376404,-16.298935,-0.6108945987,0.7891588682,0.0635300719,,,,
37614,0.0,-1061.06189,580.880859,-16.298916,-0.7024866708,0.7084948529,0.0674353086,,,,
37615,0.0,-1058.824585,582.433105,-16.298805,-0.7781463231,0.6240978995,0.0706407222,,,,
37616,0.0,-1057.041748,583.677307,-16.298805,-0.8106682959,0.581028454,0.0722692865,,,,
37617,0.0,-1054.099121,585.777283,-16.298723,-0.8285842545,0.5551111117,0.0727996353,,,,
37618,0.0,-1051.755127,587.565918,-16.298723,-0.8313450489,0.5510914502,0.0718583553,,,,
37619,0.0,-1049.587769,589.344849,-16.298721,-0.8334347233,0.5481562999,0.0700801886,,,,
37620,0.0,-1047.460693,591.422241,-16.298723,-0.8341040424,0.5471564113,0.0699307371,,,,
37621,0.0,-1045.671387,593.517151,-16.298723,-0.8346651443,0.5464117566,0.0690527999,,,,
37622,0.0,-1044.091553,595.737854,-16.298721,-0.838055656,0.5413165177,0.0681112701,,,,
37623,0.0,-1042.762573,598.188599,-16.298723,-0.8450902621,0.5302791915,0.0680178504,,,,
37624,0.0,-1042.101196,599.961304,-16.298723,-0.8520051751,0.5190960951,0.0680178329,,,,
37625,0.0,-1041.511108,602.261841,-16.298723,-0.8587530446,0.5078550805,0.0680178329,,,,
37626,0.0,-1041.23877,604.46637,-16.298725,-0.8625059343,0.5013371407,0.0688809461,,,,
37627,0.0,-1041.244019,606.575439,-16.298723,-0.8632579862,0.5000281884,0.0689743429,,,,
37628,0.0,-1041.51062,608.709045,-16.298723,-0.8633085915,0.4999408147,0.0689743255,,,,
37629,0.0,-1041.982666,610.68988,-16.298723,-0.8633085915,0.4999408147,0.0689743255,,,,
37630,0.0,-1042.771851,612.981018,-16.298723,-0.8633085915,0.4999408147,0.0689743255,,,,
37631,0.0,-1043.685547,615.00116,-16.298723,-0.8633085915,0.4999408147,0.0689743255,,,,
37632,0.0,-1044.599854,616.691162,-16.298723,-0.863686469,0.4992877183,0.0689743255,,,,
37633,0.0,-1045.862793,618.727905,-16.298723,-0.8637875014,0.499112908,0.0689743255,,,,
